W0727 14:29:15.637000 988139 torch/distributed/run.py:766] 
W0727 14:29:15.637000 988139 torch/distributed/run.py:766] *****************************************
W0727 14:29:15.637000 988139 torch/distributed/run.py:766] Setting OMP_NUM_THREADS environment variable for each process to be 1 in default, to avoid your system being overloaded, please further tune the variable for optimal performance in your application as needed. 
W0727 14:29:15.637000 988139 torch/distributed/run.py:766] *****************************************
Overriding config with config/train_owt.py:
eval_interval = 500
eval_iters = 200
log_interval = 10
always_save_checkpoint = False

wandb_log = True
wandb_project = 'mhc-lite'
out_prefix_dataset = "owt"

dataset = 'openwebtext'
gradient_accumulation_steps = 8  
batch_size = 16
block_size = 1024

dtype = 'bfloat16'

Overriding config with config/large_model.py:
wandb_group = "large"
out_prefix_model = "large"

n_layer = 24
n_head = 16
n_embd = 1024
dropout = 0.0

learning_rate = 3e-4
min_lr = 3e-5
max_iters = 10000
lr_decay_iters = 10000
warmup_iters = 200
weight_decay = 0.1
beta1 = 0.9
beta2 = 0.95
grad_clip = 1.0


Overriding config with config/with_mhc_group_lora_midnorm.py:
hyper_conn_type = "mhc_group_lora_midnorm"
hyper_conn_n = 4

wandb_notes = "mhc-group-lora-midnorm (RMSNorm on LoRA rank dim, between A and B)"
out_prefix_method = "mhc-group-lora-midnorm"

Overriding: batch_size = 8
Overriding: gradient_accumulation_steps = 8
Overriding: max_iters = 20000
Overriding: lr_decay_iters = 20000
Overriding: compile = True
Overriding: out_prefix_method = mhc-group-lora-midnorm-bs8
Overriding: wandb_run_name = L-group_lora_midnorm-inbeta-owt-bs8ga8-20kstep
Overriding config with config/train_owt.py:
eval_interval = 500
eval_iters = 200
log_interval = 10
always_save_checkpoint = False

wandb_log = True
wandb_project = 'mhc-lite'
out_prefix_dataset = "owt"

dataset = 'openwebtext'
gradient_accumulation_steps = 8  
batch_size = 16
block_size = 1024

dtype = 'bfloat16'

Overriding config with config/large_model.py:
wandb_group = "large"
out_prefix_model = "large"

n_layer = 24
n_head = 16
n_embd = 1024
dropout = 0.0

learning_rate = 3e-4
min_lr = 3e-5
max_iters = 10000
lr_decay_iters = 10000
warmup_iters = 200
weight_decay = 0.1
beta1 = 0.9
beta2 = 0.95
grad_clip = 1.0


Overriding config with config/with_mhc_group_lora_midnorm.py:
hyper_conn_type = "mhc_group_lora_midnorm"
hyper_conn_n = 4

wandb_notes = "mhc-group-lora-midnorm (RMSNorm on LoRA rank dim, between A and B)"
out_prefix_method = "mhc-group-lora-midnorm"

Overriding: batch_size = 8
Overriding: gradient_accumulation_steps = 8
Overriding: max_iters = 20000
Overriding: lr_decay_iters = 20000
Overriding: compile = True
Overriding: out_prefix_method = mhc-group-lora-midnorm-bs8
Overriding: wandb_run_name = L-group_lora_midnorm-inbeta-owt-bs8ga8-20kstep
tokens per iteration will be: 65,536
Initializing a new model from scratch
defaulting to vocab_size of GPT-2 to 50304 (50257 rounded up for efficiency)
HYPER_CONN: USING mhc_group_lora_midnorm with 4 streams
wandb: [wandb.login()] Loaded credentials for https://api.wandb.ai from /root/.netrc.
wandb: Currently logged in as: guotzzz (guotzzz-peking-university) to https://api.wandb.ai. Use `wandb login --relogin` to force relogin
wandb: setting up run qbkcug04
wandb: Tracking run with wandb version 0.28.0
wandb: Run data is saved locally in /home/work/data/guotianzizhe/project/mhc-lite/wandb/run-20260727_142919-qbkcug04
wandb: Run `wandb offline` to turn off syncing.
wandb: Syncing run L-group_lora_midnorm-inbeta-owt-bs8ga8-20kstep-4607
wandb: ⭐️ View project at https://wandb.ai/guotzzz-peking-university/mhc-lite
wandb: 🚀 View run at https://wandb.ai/guotzzz-peking-university/mhc-lite/runs/qbkcug04
tokens per iteration will be: 65,536
====================================================================================================
n_layer = 24
n_head = 16
n_embd = 1024
block_size = 1024
bias = False
vocab_size = None
dropout = 0.0
hyper_conn_n = 4
hyper_conn_type = mhc_group_lora_midnorm
====================================================================================================
Initializing a new model from scratch
defaulting to vocab_size of GPT-2 to 50304 (50257 rounded up for efficiency)
HYPER_CONN: USING mhc_group_lora_midnorm with 4 streams
number of parameters: 362.40M
num decayed parameter tensors: 386, with 361,629,376 parameters
num non-decayed parameter tensors: 337, with 1,819,984 parameters
using fused AdamW: True
compiling the model... (takes a ~minute)
number of parameters: 362.40M
num decayed parameter tensors: 386, with 361,629,376 parameters
num non-decayed parameter tensors: 337, with 1,819,984 parameters
using fused AdamW: True
compiling the model... (takes a ~minute)
[step 0]train loss: 13.4360, val loss: 13.4343, (avg train loss: 0.0000 ± 0.0000), (avg grad norm: 0.0000 ± 0.0000)
[iter 0]loss: 13.4433, tokens/sec: 294.05 ± 0.00, tokens seen: 0, grad norm: 112.3669
[iter 10]loss: 10.7680, tokens/sec: 24597.34 ± 7685.49, tokens seen: 655360, grad norm: 118.3069
[iter 20]loss: 9.5334, tokens/sec: 25756.44 ± 5693.65, tokens seen: 1310720, grad norm: 13.9884
[iter 30]loss: 8.5071, tokens/sec: 26164.31 ± 4723.32, tokens seen: 1966080, grad norm: 20.7692
[iter 40]loss: 7.8397, tokens/sec: 26373.29 ± 4123.56, tokens seen: 2621440, grad norm: 9.3239
[iter 50]loss: 7.5099, tokens/sec: 26500.61 ± 3706.23, tokens seen: 3276800, grad norm: 5.9690
[iter 60]loss: 6.9731, tokens/sec: 26585.28 ± 3394.25, tokens seen: 3932160, grad norm: 9.9640
[iter 70]loss: 7.3522, tokens/sec: 26646.99 ± 3149.84, tokens seen: 4587520, grad norm: 5.8796
[iter 80]loss: 6.9086, tokens/sec: 26693.07 ± 2951.56, tokens seen: 5242880, grad norm: 6.4764
[iter 90]loss: 6.8243, tokens/sec: 26729.00 ± 2786.55, tokens seen: 5898240, grad norm: 5.1276
[iter 100]loss: 7.0464, tokens/sec: 26758.31 ± 2646.48, tokens seen: 6553600, grad norm: 6.5934
[iter 110]loss: 6.7337, tokens/sec: 26781.93 ± 2525.58, tokens seen: 7208960, grad norm: 4.5333
[iter 120]loss: 6.7596, tokens/sec: 26801.26 ± 2419.82, tokens seen: 7864320, grad norm: 4.7955
[iter 130]loss: 6.6482, tokens/sec: 26817.91 ± 2326.35, tokens seen: 8519680, grad norm: 7.8913
[iter 140]loss: 6.7915, tokens/sec: 26831.74 ± 2242.90, tokens seen: 9175040, grad norm: 5.2358
[iter 150]loss: 6.8832, tokens/sec: 26844.18 ± 2167.86, tokens seen: 9830400, grad norm: 4.7261
[iter 160]loss: 6.8468, tokens/sec: 26854.55 ± 2099.85, tokens seen: 10485760, grad norm: 5.1191
[iter 170]loss: 6.7297, tokens/sec: 26863.91 ± 2037.87, tokens seen: 11141120, grad norm: 5.5836
[iter 180]loss: 6.4125, tokens/sec: 26872.45 ± 1981.09, tokens seen: 11796480, grad norm: 5.2709
[iter 190]loss: 6.4996, tokens/sec: 26879.92 ± 1928.80, tokens seen: 12451840, grad norm: 3.7504
[iter 200]loss: 6.2720, tokens/sec: 26886.53 ± 1880.43, tokens seen: 13107200, grad norm: 3.8706
[iter 210]loss: 6.4754, tokens/sec: 26892.59 ± 1835.53, tokens seen: 13762560, grad norm: 5.6330
[iter 220]loss: 6.3538, tokens/sec: 26898.39 ± 1793.72, tokens seen: 14417920, grad norm: 3.2094
[iter 230]loss: 6.3513, tokens/sec: 26902.83 ± 1754.59, tokens seen: 15073280, grad norm: 2.4055
[iter 240]loss: 6.5299, tokens/sec: 26907.16 ± 1717.94, tokens seen: 15728640, grad norm: 3.2152
[iter 250]loss: 6.4243, tokens/sec: 26911.36 ± 1683.49, tokens seen: 16384000, grad norm: 2.4981
[iter 260]loss: 6.2071, tokens/sec: 26915.01 ± 1651.03, tokens seen: 17039360, grad norm: 1.8796
[iter 270]loss: 6.0522, tokens/sec: 26918.78 ± 1620.40, tokens seen: 17694720, grad norm: 2.9651
[iter 280]loss: 6.0637, tokens/sec: 26921.93 ± 1591.39, tokens seen: 18350080, grad norm: 4.4321
[iter 290]loss: 6.2967, tokens/sec: 26924.91 ± 1563.89, tokens seen: 19005440, grad norm: 2.4006
[iter 300]loss: 5.8320, tokens/sec: 26927.95 ± 1537.78, tokens seen: 19660800, grad norm: 3.6426
[iter 310]loss: 6.0689, tokens/sec: 26930.43 ± 1512.92, tokens seen: 20316160, grad norm: 1.5601
[iter 320]loss: 6.3292, tokens/sec: 26933.20 ± 1489.25, tokens seen: 20971520, grad norm: 2.6358
[iter 330]loss: 6.1502, tokens/sec: 26935.55 ± 1466.64, tokens seen: 21626880, grad norm: 1.9166
[iter 340]loss: 5.7525, tokens/sec: 26937.90 ± 1445.04, tokens seen: 22282240, grad norm: 1.4195
[iter 350]loss: 5.9294, tokens/sec: 26940.22 ± 1424.37, tokens seen: 22937600, grad norm: 1.6931
[iter 360]loss: 5.6935, tokens/sec: 26942.37 ± 1404.56, tokens seen: 23592960, grad norm: 1.9568
[iter 370]loss: 5.8122, tokens/sec: 26944.40 ± 1385.56, tokens seen: 24248320, grad norm: 2.0136
[iter 380]loss: 5.9690, tokens/sec: 26946.05 ± 1367.29, tokens seen: 24903680, grad norm: 1.5937
[iter 390]loss: 5.8743, tokens/sec: 26947.69 ± 1349.73, tokens seen: 25559040, grad norm: 2.0397
[iter 400]loss: 5.9398, tokens/sec: 26949.30 ± 1332.84, tokens seen: 26214400, grad norm: 1.5016
[iter 410]loss: 5.9760, tokens/sec: 26950.44 ± 1316.55, tokens seen: 26869760, grad norm: 1.5699
[iter 420]loss: 6.0603, tokens/sec: 26951.71 ± 1300.84, tokens seen: 27525120, grad norm: 1.4764
[iter 430]loss: 5.6864, tokens/sec: 26952.89 ± 1285.69, tokens seen: 28180480, grad norm: 1.8943
[iter 440]loss: 6.1158, tokens/sec: 26954.45 ± 1271.07, tokens seen: 28835840, grad norm: 1.2981
[iter 450]loss: 5.7020, tokens/sec: 26955.73 ± 1256.93, tokens seen: 29491200, grad norm: 1.3947
[iter 460]loss: 5.8123, tokens/sec: 26956.94 ± 1243.25, tokens seen: 30146560, grad norm: 1.2397
[iter 470]loss: 5.4957, tokens/sec: 26940.48 ± 1286.93, tokens seen: 30801920, grad norm: 1.3204
[iter 480]loss: 5.5404, tokens/sec: 26942.01 ± 1273.52, tokens seen: 31457280, grad norm: 2.0239
[iter 490]loss: 5.6459, tokens/sec: 26943.39 ± 1260.53, tokens seen: 32112640, grad norm: 1.4869
[step 500]train loss: 5.5854, val loss: 5.5810, (avg train loss: 1.4565 ± 0.0486), (avg grad norm: 1.7393 ± 0.3973)
saving checkpoint to ./out-owt-large-mhc-group-lora-midnorm-bs8-bs8-20000step
[iter 500]loss: 5.6883, tokens/sec: 26944.82 ± 1247.93, tokens seen: 32768000, grad norm: 1.6916
[iter 510]loss: 5.5215, tokens/sec: 26946.13 ± 1235.69, tokens seen: 33423360, grad norm: 1.3420
[iter 520]loss: 5.4586, tokens/sec: 26947.24 ± 1223.80, tokens seen: 34078720, grad norm: 1.5033
[iter 530]loss: 5.4826, tokens/sec: 26948.20 ± 1212.25, tokens seen: 34734080, grad norm: 1.5430
[iter 540]loss: 5.4979, tokens/sec: 26949.49 ± 1201.03, tokens seen: 35389440, grad norm: 0.9840
[iter 550]loss: 6.0516, tokens/sec: 26950.69 ± 1190.12, tokens seen: 36044800, grad norm: 1.3551
[iter 560]loss: 5.1560, tokens/sec: 26951.87 ± 1179.50, tokens seen: 36700160, grad norm: 1.2324
[iter 570]loss: 5.5664, tokens/sec: 26952.83 ± 1169.15, tokens seen: 37355520, grad norm: 1.3321
[iter 580]loss: 5.2278, tokens/sec: 26953.68 ± 1159.06, tokens seen: 38010880, grad norm: 1.4825
[iter 590]loss: 5.5178, tokens/sec: 26954.47 ± 1149.23, tokens seen: 38666240, grad norm: 1.1673
[iter 600]loss: 5.2276, tokens/sec: 26955.38 ± 1139.66, tokens seen: 39321600, grad norm: 0.9245
[iter 610]loss: 5.2532, tokens/sec: 26955.76 ± 1130.30, tokens seen: 39976960, grad norm: 1.0465
[iter 620]loss: 5.2069, tokens/sec: 26956.56 ± 1121.18, tokens seen: 40632320, grad norm: 1.0294
[iter 630]loss: 5.1424, tokens/sec: 26957.48 ± 1112.28, tokens seen: 41287680, grad norm: 1.1237
[iter 640]loss: 5.2252, tokens/sec: 26958.28 ± 1103.59, tokens seen: 41943040, grad norm: 1.1194
[iter 650]loss: 5.4083, tokens/sec: 26959.02 ± 1095.10, tokens seen: 42598400, grad norm: 1.0099
[iter 660]loss: 5.3511, tokens/sec: 26959.82 ± 1086.81, tokens seen: 43253760, grad norm: 0.9203
[iter 670]loss: 4.9580, tokens/sec: 26960.51 ± 1078.69, tokens seen: 43909120, grad norm: 1.1336
[iter 680]loss: 5.3592, tokens/sec: 26961.27 ± 1070.76, tokens seen: 44564480, grad norm: 0.9942
[iter 690]loss: 5.1580, tokens/sec: 26961.96 ± 1063.00, tokens seen: 45219840, grad norm: 1.0104
[iter 700]loss: 5.1237, tokens/sec: 26962.65 ± 1055.41, tokens seen: 45875200, grad norm: 0.8912
[iter 710]loss: 5.0403, tokens/sec: 26963.32 ± 1047.98, tokens seen: 46530560, grad norm: 0.9540
[iter 720]loss: 5.2718, tokens/sec: 26963.89 ± 1040.70, tokens seen: 47185920, grad norm: 0.9675
[iter 730]loss: 5.1363, tokens/sec: 26964.64 ± 1033.57, tokens seen: 47841280, grad norm: 0.8865
[iter 740]loss: 5.1093, tokens/sec: 26965.33 ± 1026.59, tokens seen: 48496640, grad norm: 1.0494
[iter 750]loss: 5.0670, tokens/sec: 26965.99 ± 1019.75, tokens seen: 49152000, grad norm: 0.9454
[iter 760]loss: 5.0056, tokens/sec: 26966.59 ± 1013.04, tokens seen: 49807360, grad norm: 0.9065
[iter 770]loss: 5.1257, tokens/sec: 26967.22 ± 1006.47, tokens seen: 50462720, grad norm: 0.9918
[iter 780]loss: 4.9758, tokens/sec: 26967.77 ± 1000.02, tokens seen: 51118080, grad norm: 1.1799
[iter 790]loss: 4.8606, tokens/sec: 26968.30 ± 993.69, tokens seen: 51773440, grad norm: 0.8672
[iter 800]loss: 4.9550, tokens/sec: 26968.91 ± 987.48, tokens seen: 52428800, grad norm: 0.7402
[iter 810]loss: 5.0155, tokens/sec: 26969.41 ± 981.38, tokens seen: 53084160, grad norm: 0.7695
[iter 820]loss: 4.8930, tokens/sec: 26970.00 ± 975.40, tokens seen: 53739520, grad norm: 0.8690
[iter 830]loss: 4.9594, tokens/sec: 26970.45 ± 969.53, tokens seen: 54394880, grad norm: 0.7236
[iter 840]loss: 4.7486, tokens/sec: 26970.65 ± 963.75, tokens seen: 55050240, grad norm: 0.8676
[iter 850]loss: 5.2170, tokens/sec: 26971.15 ± 958.08, tokens seen: 55705600, grad norm: 0.7259
[iter 860]loss: 4.9387, tokens/sec: 26971.64 ± 952.51, tokens seen: 56360960, grad norm: 0.8748
[iter 870]loss: 4.9373, tokens/sec: 26972.08 ± 947.04, tokens seen: 57016320, grad norm: 0.9069
[iter 880]loss: 4.9082, tokens/sec: 26972.56 ± 941.66, tokens seen: 57671680, grad norm: 0.7049
[iter 890]loss: 5.0989, tokens/sec: 26973.08 ± 936.37, tokens seen: 58327040, grad norm: 0.9163
[iter 900]loss: 5.1369, tokens/sec: 26973.47 ± 931.17, tokens seen: 58982400, grad norm: 0.8979
[iter 910]loss: 4.9491, tokens/sec: 26973.85 ± 926.05, tokens seen: 59637760, grad norm: 0.9692
[iter 920]loss: 4.9511, tokens/sec: 26974.26 ± 921.02, tokens seen: 60293120, grad norm: 0.8290
[iter 930]loss: 4.9292, tokens/sec: 26974.65 ± 916.07, tokens seen: 60948480, grad norm: 0.8549
[iter 940]loss: 4.8274, tokens/sec: 26974.95 ± 911.20, tokens seen: 61603840, grad norm: 0.8178
[iter 950]loss: 4.9190, tokens/sec: 26975.30 ± 906.40, tokens seen: 62259200, grad norm: 1.1470
[iter 960]loss: 4.8217, tokens/sec: 26975.62 ± 901.68, tokens seen: 62914560, grad norm: 0.9953
[iter 970]loss: 4.8123, tokens/sec: 26975.90 ± 897.03, tokens seen: 63569920, grad norm: 0.8292
[iter 980]loss: 4.8054, tokens/sec: 26976.29 ± 892.45, tokens seen: 64225280, grad norm: 0.8858
[iter 990]loss: 4.6201, tokens/sec: 26976.55 ± 887.94, tokens seen: 64880640, grad norm: 0.8627
[step 1000]train loss: 4.7491, val loss: 4.7596, (avg train loss: 1.2240 ± 0.0432), (avg grad norm: 0.8473 ± 0.0832)
saving checkpoint to ./out-owt-large-mhc-group-lora-midnorm-bs8-bs8-20000step
[iter 1000]loss: 4.9988, tokens/sec: 26967.14 ± 935.51, tokens seen: 65536000, grad norm: 0.9959
[iter 1010]loss: 4.7541, tokens/sec: 26967.55 ± 930.88, tokens seen: 66191360, grad norm: 0.8439
[iter 1020]loss: 4.3694, tokens/sec: 26967.89 ± 926.32, tokens seen: 66846720, grad norm: 0.8399
[iter 1030]loss: 4.6972, tokens/sec: 26968.31 ± 921.83, tokens seen: 67502080, grad norm: 0.8924
[iter 1040]loss: 4.5521, tokens/sec: 26968.73 ± 917.40, tokens seen: 68157440, grad norm: 0.7817
[iter 1050]loss: 4.7002, tokens/sec: 26969.09 ± 913.04, tokens seen: 68812800, grad norm: 0.7856
[iter 1060]loss: 4.5031, tokens/sec: 26969.54 ± 908.73, tokens seen: 69468160, grad norm: 0.7625
[iter 1070]loss: 4.3676, tokens/sec: 26969.89 ± 904.49, tokens seen: 70123520, grad norm: 0.9614
[iter 1080]loss: 4.5501, tokens/sec: 26970.30 ± 900.31, tokens seen: 70778880, grad norm: 0.9008
[iter 1090]loss: 4.5841, tokens/sec: 26970.66 ± 896.18, tokens seen: 71434240, grad norm: 0.9583
[iter 1100]loss: 4.4621, tokens/sec: 26971.03 ± 892.11, tokens seen: 72089600, grad norm: 0.8353
[iter 1110]loss: 4.5255, tokens/sec: 26971.41 ± 888.09, tokens seen: 72744960, grad norm: 0.9503
[iter 1120]loss: 4.4741, tokens/sec: 26971.81 ± 884.14, tokens seen: 73400320, grad norm: 0.8334
[iter 1130]loss: 4.4666, tokens/sec: 26972.20 ± 880.23, tokens seen: 74055680, grad norm: 0.7953
[iter 1140]loss: 4.7220, tokens/sec: 26972.50 ± 876.37, tokens seen: 74711040, grad norm: 0.7278
[iter 1150]loss: 4.6250, tokens/sec: 26972.90 ± 872.56, tokens seen: 75366400, grad norm: 0.7803
[iter 1160]loss: 4.8246, tokens/sec: 26973.18 ± 868.80, tokens seen: 76021760, grad norm: 0.7167
[iter 1170]loss: 4.2894, tokens/sec: 26973.51 ± 865.09, tokens seen: 76677120, grad norm: 0.8258
[iter 1180]loss: 4.2871, tokens/sec: 26973.82 ± 861.43, tokens seen: 77332480, grad norm: 0.9094
[iter 1190]loss: 4.5285, tokens/sec: 26974.11 ± 857.81, tokens seen: 77987840, grad norm: 0.7155
[iter 1200]loss: 4.4956, tokens/sec: 26974.43 ± 854.24, tokens seen: 78643200, grad norm: 1.4031
[iter 1210]loss: 4.6433, tokens/sec: 26974.74 ± 850.71, tokens seen: 79298560, grad norm: 0.7840
[iter 1220]loss: 4.6246, tokens/sec: 26975.03 ± 847.23, tokens seen: 79953920, grad norm: 1.0197
[iter 1230]loss: 4.4269, tokens/sec: 26975.35 ± 843.79, tokens seen: 80609280, grad norm: 0.8582
[iter 1240]loss: 4.5776, tokens/sec: 26975.63 ± 840.39, tokens seen: 81264640, grad norm: 0.8283
[iter 1250]loss: 4.4056, tokens/sec: 26975.96 ± 837.03, tokens seen: 81920000, grad norm: 0.8901
[iter 1260]loss: 4.5227, tokens/sec: 26976.22 ± 833.71, tokens seen: 82575360, grad norm: 0.7904
[iter 1270]loss: 4.5212, tokens/sec: 26976.54 ± 830.43, tokens seen: 83230720, grad norm: 0.8459
[iter 1280]loss: 4.6020, tokens/sec: 26976.84 ± 827.19, tokens seen: 83886080, grad norm: 0.8575
[iter 1290]loss: 4.5572, tokens/sec: 26977.12 ± 823.99, tokens seen: 84541440, grad norm: 0.6911
[iter 1300]loss: 4.2804, tokens/sec: 26977.40 ± 820.82, tokens seen: 85196800, grad norm: 0.8068
[iter 1310]loss: 4.5152, tokens/sec: 26971.68 ± 845.75, tokens seen: 85852160, grad norm: 0.7964
[iter 1320]loss: 4.3274, tokens/sec: 26971.97 ± 842.55, tokens seen: 86507520, grad norm: 0.7784
[iter 1330]loss: 4.2679, tokens/sec: 26972.31 ± 839.39, tokens seen: 87162880, grad norm: 0.6709
[iter 1340]loss: 4.5024, tokens/sec: 26972.65 ± 836.27, tokens seen: 87818240, grad norm: 0.7482
[iter 1350]loss: 4.1746, tokens/sec: 26972.96 ± 833.17, tokens seen: 88473600, grad norm: 0.7326
[iter 1360]loss: 4.5605, tokens/sec: 26973.27 ± 830.12, tokens seen: 89128960, grad norm: 0.7869
[iter 1370]loss: 4.3321, tokens/sec: 26973.59 ± 827.09, tokens seen: 89784320, grad norm: 0.8217
[iter 1380]loss: 4.3187, tokens/sec: 26973.88 ± 824.10, tokens seen: 90439680, grad norm: 0.7181
[iter 1390]loss: 4.4115, tokens/sec: 26974.19 ± 821.14, tokens seen: 91095040, grad norm: 0.7216
[iter 1400]loss: 4.4467, tokens/sec: 26974.48 ± 818.21, tokens seen: 91750400, grad norm: 0.6686
[iter 1410]loss: 4.3129, tokens/sec: 26974.70 ± 815.31, tokens seen: 92405760, grad norm: 0.6755
[iter 1420]loss: 4.2027, tokens/sec: 26974.99 ± 812.45, tokens seen: 93061120, grad norm: 0.7054
[iter 1430]loss: 4.4427, tokens/sec: 26975.25 ± 809.61, tokens seen: 93716480, grad norm: 0.8727
[iter 1440]loss: 4.2757, tokens/sec: 26975.48 ± 806.80, tokens seen: 94371840, grad norm: 0.6728
[iter 1450]loss: 4.2751, tokens/sec: 26975.76 ± 804.02, tokens seen: 95027200, grad norm: 0.7553
[iter 1460]loss: 4.1414, tokens/sec: 26975.99 ± 801.27, tokens seen: 95682560, grad norm: 0.6592
[iter 1470]loss: 4.3522, tokens/sec: 26976.21 ± 798.55, tokens seen: 96337920, grad norm: 0.6340
[iter 1480]loss: 3.6020, tokens/sec: 26976.41 ± 795.85, tokens seen: 96993280, grad norm: 0.7004
[iter 1490]loss: 4.2443, tokens/sec: 26976.68 ± 793.19, tokens seen: 97648640, grad norm: 0.7195
[step 1500]train loss: 4.2672, val loss: 4.2896, (avg train loss: 1.0848 ± 0.0364), (avg grad norm: 0.7457 ± 0.0813)
saving checkpoint to ./out-owt-large-mhc-group-lora-midnorm-bs8-bs8-20000step
[iter 1500]loss: 4.2508, tokens/sec: 26976.89 ± 790.54, tokens seen: 98304000, grad norm: 0.6195
[iter 1510]loss: 4.1172, tokens/sec: 26977.08 ± 787.93, tokens seen: 98959360, grad norm: 0.9715
[iter 1520]loss: 4.2889, tokens/sec: 26977.29 ± 785.34, tokens seen: 99614720, grad norm: 0.8408
[iter 1530]loss: 3.9734, tokens/sec: 26977.50 ± 782.78, tokens seen: 100270080, grad norm: 0.6438
[iter 1540]loss: 4.1410, tokens/sec: 26977.69 ± 780.24, tokens seen: 100925440, grad norm: 0.7577
[iter 1550]loss: 4.0950, tokens/sec: 26977.92 ± 777.72, tokens seen: 101580800, grad norm: 0.7642
[iter 1560]loss: 4.4309, tokens/sec: 26978.14 ± 775.23, tokens seen: 102236160, grad norm: 0.7936
[iter 1570]loss: 4.3014, tokens/sec: 26978.36 ± 772.77, tokens seen: 102891520, grad norm: 0.6665
[iter 1580]loss: 3.8522, tokens/sec: 26978.57 ± 770.32, tokens seen: 103546880, grad norm: 0.6123
[iter 1590]loss: 4.1691, tokens/sec: 26978.81 ± 767.91, tokens seen: 104202240, grad norm: 0.6716
[iter 1600]loss: 4.3270, tokens/sec: 26979.02 ± 765.51, tokens seen: 104857600, grad norm: 0.7524
[iter 1610]loss: 4.2565, tokens/sec: 26979.28 ± 763.14, tokens seen: 105512960, grad norm: 0.6758
[iter 1620]loss: 4.2238, tokens/sec: 26979.48 ± 760.78, tokens seen: 106168320, grad norm: 0.6340
[iter 1630]loss: 4.1856, tokens/sec: 26979.69 ± 758.45, tokens seen: 106823680, grad norm: 0.6933
[iter 1640]loss: 4.2732, tokens/sec: 26979.89 ± 756.14, tokens seen: 107479040, grad norm: 0.6754
[iter 1650]loss: 4.2690, tokens/sec: 26980.10 ± 753.85, tokens seen: 108134400, grad norm: 0.8767
[iter 1660]loss: 4.2104, tokens/sec: 26980.30 ± 751.59, tokens seen: 108789760, grad norm: 0.7894
[iter 1670]loss: 4.0436, tokens/sec: 26980.51 ± 749.34, tokens seen: 109445120, grad norm: 0.6624
[iter 1680]loss: 4.4002, tokens/sec: 26980.70 ± 747.11, tokens seen: 110100480, grad norm: 0.6483
[iter 1690]loss: 4.1556, tokens/sec: 26980.89 ± 744.90, tokens seen: 110755840, grad norm: 0.6497
[iter 1700]loss: 4.0581, tokens/sec: 26981.05 ± 742.71, tokens seen: 111411200, grad norm: 0.7341
[iter 1710]loss: 4.1314, tokens/sec: 26981.22 ± 740.54, tokens seen: 112066560, grad norm: 0.6027
[iter 1720]loss: 4.0698, tokens/sec: 26981.36 ± 738.39, tokens seen: 112721920, grad norm: 0.5718
[iter 1730]loss: 4.0736, tokens/sec: 26981.52 ± 736.26, tokens seen: 113377280, grad norm: 0.6340
[iter 1740]loss: 4.1621, tokens/sec: 26981.71 ± 734.15, tokens seen: 114032640, grad norm: 0.6151
[iter 1750]loss: 4.1990, tokens/sec: 26981.88 ± 732.05, tokens seen: 114688000, grad norm: 0.6544
[iter 1760]loss: 4.0639, tokens/sec: 26982.01 ± 729.97, tokens seen: 115343360, grad norm: 0.5715
[iter 1770]loss: 4.0504, tokens/sec: 26982.18 ± 727.91, tokens seen: 115998720, grad norm: 0.5861
[iter 1780]loss: 4.3153, tokens/sec: 26982.32 ± 725.87, tokens seen: 116654080, grad norm: 0.5712
[iter 1790]loss: 3.9626, tokens/sec: 26982.48 ± 723.84, tokens seen: 117309440, grad norm: 0.7049
[iter 1800]loss: 4.0390, tokens/sec: 26982.62 ± 721.83, tokens seen: 117964800, grad norm: 0.5471
[iter 1810]loss: 4.0096, tokens/sec: 26982.80 ± 719.84, tokens seen: 118620160, grad norm: 0.8029
[iter 1820]loss: 4.2741, tokens/sec: 26982.98 ± 717.87, tokens seen: 119275520, grad norm: 0.6673
[iter 1830]loss: 4.2004, tokens/sec: 26983.14 ± 715.91, tokens seen: 119930880, grad norm: 0.6469
[iter 1840]loss: 4.2057, tokens/sec: 26983.31 ± 713.97, tokens seen: 120586240, grad norm: 0.6360
[iter 1850]loss: 4.1349, tokens/sec: 26983.48 ± 712.04, tokens seen: 121241600, grad norm: 0.5826
[iter 1860]loss: 4.4459, tokens/sec: 26983.66 ± 710.13, tokens seen: 121896960, grad norm: 0.6086
[iter 1870]loss: 4.2380, tokens/sec: 26983.81 ± 708.23, tokens seen: 122552320, grad norm: 0.6922
[iter 1880]loss: 4.1433, tokens/sec: 26983.96 ± 706.35, tokens seen: 123207680, grad norm: 0.6106
[iter 1890]loss: 3.9062, tokens/sec: 26984.14 ± 704.48, tokens seen: 123863040, grad norm: 0.7201
[iter 1900]loss: 4.1282, tokens/sec: 26984.31 ± 702.63, tokens seen: 124518400, grad norm: 0.5853
[iter 1910]loss: 4.0196, tokens/sec: 26984.46 ± 700.79, tokens seen: 125173760, grad norm: 0.6558
[iter 1920]loss: 4.1835, tokens/sec: 26984.60 ± 698.97, tokens seen: 125829120, grad norm: 0.6387
[iter 1930]loss: 3.9280, tokens/sec: 26984.76 ± 697.16, tokens seen: 126484480, grad norm: 0.7262
[iter 1940]loss: 3.6671, tokens/sec: 26984.94 ± 695.37, tokens seen: 127139840, grad norm: 0.5866
[iter 1950]loss: 4.2413, tokens/sec: 26985.08 ± 693.59, tokens seen: 127795200, grad norm: 0.5900
[iter 1960]loss: 4.0766, tokens/sec: 26985.21 ± 691.82, tokens seen: 128450560, grad norm: 0.6874
[iter 1970]loss: 4.0602, tokens/sec: 26985.34 ± 690.07, tokens seen: 129105920, grad norm: 0.5693
[iter 1980]loss: 3.9791, tokens/sec: 26985.50 ± 688.33, tokens seen: 129761280, grad norm: 0.5522
[iter 1990]loss: 4.0510, tokens/sec: 26985.63 ± 686.60, tokens seen: 130416640, grad norm: 0.6429
[step 2000]train loss: 4.0499, val loss: 4.0745, (avg train loss: 1.0215 ± 0.0364), (avg grad norm: 0.6564 ± 0.0851)
saving checkpoint to ./out-owt-large-mhc-group-lora-midnorm-bs8-bs8-20000step
[iter 2000]loss: 4.1863, tokens/sec: 26985.76 ± 684.88, tokens seen: 131072000, grad norm: 0.6538
[iter 2010]loss: 4.0073, tokens/sec: 26985.87 ± 683.18, tokens seen: 131727360, grad norm: 0.7040
[iter 2020]loss: 4.0842, tokens/sec: 26986.02 ± 681.49, tokens seen: 132382720, grad norm: 0.5948
[iter 2030]loss: 4.3029, tokens/sec: 26986.17 ± 679.82, tokens seen: 133038080, grad norm: 0.6215
[iter 2040]loss: 3.8581, tokens/sec: 26986.35 ± 678.15, tokens seen: 133693440, grad norm: 0.5789
[iter 2050]loss: 3.9675, tokens/sec: 26986.51 ± 676.50, tokens seen: 134348800, grad norm: 0.6931
[iter 2060]loss: 3.9303, tokens/sec: 26986.67 ± 674.86, tokens seen: 135004160, grad norm: 0.7026
[iter 2070]loss: 4.0051, tokens/sec: 26982.13 ± 705.74, tokens seen: 135659520, grad norm: 0.6864
[iter 2080]loss: 3.9917, tokens/sec: 26982.20 ± 704.05, tokens seen: 136314880, grad norm: 0.7584
[iter 2090]loss: 4.4033, tokens/sec: 26982.39 ± 702.37, tokens seen: 136970240, grad norm: 0.5669
[iter 2100]loss: 3.9925, tokens/sec: 26982.59 ± 700.70, tokens seen: 137625600, grad norm: 0.5773
[iter 2110]loss: 4.1762, tokens/sec: 26982.64 ± 699.04, tokens seen: 138280960, grad norm: 0.5884
[iter 2120]loss: 3.8834, tokens/sec: 26982.79 ± 697.39, tokens seen: 138936320, grad norm: 0.6629
[iter 2130]loss: 4.2983, tokens/sec: 26982.94 ± 695.76, tokens seen: 139591680, grad norm: 0.6182
[iter 2140]loss: 3.8544, tokens/sec: 26983.05 ± 694.14, tokens seen: 140247040, grad norm: 0.7489
[iter 2150]loss: 4.1014, tokens/sec: 26983.17 ± 692.52, tokens seen: 140902400, grad norm: 0.7844
[iter 2160]loss: 3.8952, tokens/sec: 26979.59 ± 712.26, tokens seen: 141557760, grad norm: 0.5685
[iter 2170]loss: 3.9305, tokens/sec: 26979.74 ± 710.62, tokens seen: 142213120, grad norm: 0.6301
[iter 2180]loss: 4.0096, tokens/sec: 26979.91 ± 708.99, tokens seen: 142868480, grad norm: 0.5836
[iter 2190]loss: 4.0762, tokens/sec: 26980.06 ± 707.38, tokens seen: 143523840, grad norm: 0.8190
[iter 2200]loss: 3.8450, tokens/sec: 26980.21 ± 705.77, tokens seen: 144179200, grad norm: 0.5595
[iter 2210]loss: 4.1250, tokens/sec: 26980.32 ± 704.18, tokens seen: 144834560, grad norm: 0.5991
[iter 2220]loss: 3.9871, tokens/sec: 26980.41 ± 702.59, tokens seen: 145489920, grad norm: 0.6387
[iter 2230]loss: 3.9116, tokens/sec: 26980.57 ± 701.02, tokens seen: 146145280, grad norm: 0.6444
[iter 2240]loss: 4.0268, tokens/sec: 26980.72 ± 699.46, tokens seen: 146800640, grad norm: 0.5660
[iter 2250]loss: 3.8981, tokens/sec: 26980.89 ± 697.91, tokens seen: 147456000, grad norm: 0.5992
[iter 2260]loss: 3.8752, tokens/sec: 26981.06 ± 696.37, tokens seen: 148111360, grad norm: 0.7430
[iter 2270]loss: 3.6025, tokens/sec: 26981.23 ± 694.84, tokens seen: 148766720, grad norm: 0.5850
[iter 2280]loss: 3.8847, tokens/sec: 26981.40 ± 693.32, tokens seen: 149422080, grad norm: 0.6398
[iter 2290]loss: 3.9861, tokens/sec: 26981.54 ± 691.81, tokens seen: 150077440, grad norm: 0.5319
[iter 2300]loss: 3.8891, tokens/sec: 26981.69 ± 690.31, tokens seen: 150732800, grad norm: 0.6140
[iter 2310]loss: 3.9040, tokens/sec: 26981.84 ± 688.81, tokens seen: 151388160, grad norm: 0.5635
[iter 2320]loss: 4.1156, tokens/sec: 26981.99 ± 687.33, tokens seen: 152043520, grad norm: 0.5654
[iter 2330]loss: 4.0267, tokens/sec: 26982.14 ± 685.86, tokens seen: 152698880, grad norm: 0.7180
[iter 2340]loss: 4.0239, tokens/sec: 26982.29 ± 684.40, tokens seen: 153354240, grad norm: 0.6237
[iter 2350]loss: 4.1291, tokens/sec: 26982.45 ± 682.95, tokens seen: 154009600, grad norm: 0.5972
[iter 2360]loss: 3.9164, tokens/sec: 26982.56 ± 681.50, tokens seen: 154664960, grad norm: 0.6091
[iter 2370]loss: 4.0010, tokens/sec: 26982.67 ± 680.06, tokens seen: 155320320, grad norm: 0.6326
[iter 2380]loss: 4.0149, tokens/sec: 26982.75 ± 678.64, tokens seen: 155975680, grad norm: 0.5089
[iter 2390]loss: 3.9759, tokens/sec: 26982.90 ± 677.22, tokens seen: 156631040, grad norm: 0.5171
[iter 2400]loss: 3.9161, tokens/sec: 26983.02 ± 675.81, tokens seen: 157286400, grad norm: 0.5656
[iter 2410]loss: 4.0309, tokens/sec: 26983.16 ± 674.41, tokens seen: 157941760, grad norm: 0.5452
[iter 2420]loss: 4.0973, tokens/sec: 26983.31 ± 673.02, tokens seen: 158597120, grad norm: 0.6058
[iter 2430]loss: 3.9259, tokens/sec: 26983.45 ± 671.64, tokens seen: 159252480, grad norm: 0.5847
[iter 2440]loss: 4.1994, tokens/sec: 26983.54 ± 670.27, tokens seen: 159907840, grad norm: 0.5562
[iter 2450]loss: 4.0392, tokens/sec: 26983.67 ± 668.90, tokens seen: 160563200, grad norm: 0.6433
[iter 2460]loss: 4.0590, tokens/sec: 26983.81 ± 667.54, tokens seen: 161218560, grad norm: 0.5936
[iter 2470]loss: 3.8170, tokens/sec: 26983.91 ± 666.19, tokens seen: 161873920, grad norm: 0.6551
[iter 2480]loss: 3.9285, tokens/sec: 26984.03 ± 664.85, tokens seen: 162529280, grad norm: 0.5920
[iter 2490]loss: 3.8710, tokens/sec: 26984.12 ± 663.52, tokens seen: 163184640, grad norm: 0.6613
[step 2500]train loss: 3.9225, val loss: 3.9333, (avg train loss: 0.9841 ± 0.0359), (avg grad norm: 0.6130 ± 0.0743)
saving checkpoint to ./out-owt-large-mhc-group-lora-midnorm-bs8-bs8-20000step
[iter 2500]loss: 3.8373, tokens/sec: 26984.24 ± 662.19, tokens seen: 163840000, grad norm: 0.6813
[iter 2510]loss: 4.1436, tokens/sec: 26984.35 ± 660.88, tokens seen: 164495360, grad norm: 0.5571
[iter 2520]loss: 3.8586, tokens/sec: 26984.46 ± 659.57, tokens seen: 165150720, grad norm: 0.6453
[iter 2530]loss: 3.9315, tokens/sec: 26984.57 ± 658.27, tokens seen: 165806080, grad norm: 0.6174
[iter 2540]loss: 4.0724, tokens/sec: 26984.70 ± 656.98, tokens seen: 166461440, grad norm: 0.5615
[iter 2550]loss: 3.9347, tokens/sec: 26984.81 ± 655.69, tokens seen: 167116800, grad norm: 0.5530
[iter 2560]loss: 3.9840, tokens/sec: 26984.95 ± 654.41, tokens seen: 167772160, grad norm: 0.5128
[iter 2570]loss: 4.2478, tokens/sec: 26985.08 ± 653.14, tokens seen: 168427520, grad norm: 0.5616
[iter 2580]loss: 3.9749, tokens/sec: 26985.19 ± 651.88, tokens seen: 169082880, grad norm: 0.5950
[iter 2590]loss: 3.9816, tokens/sec: 26985.31 ± 650.62, tokens seen: 169738240, grad norm: 0.6840
[iter 2600]loss: 3.8414, tokens/sec: 26985.42 ± 649.37, tokens seen: 170393600, grad norm: 0.5615
[iter 2610]loss: 4.0059, tokens/sec: 26985.55 ± 648.13, tokens seen: 171048960, grad norm: 0.5837
[iter 2620]loss: 3.7836, tokens/sec: 26985.69 ± 646.90, tokens seen: 171704320, grad norm: 0.5769
[iter 2630]loss: 3.7951, tokens/sec: 26985.80 ± 645.67, tokens seen: 172359680, grad norm: 0.5664
[iter 2640]loss: 3.8796, tokens/sec: 26985.93 ± 644.45, tokens seen: 173015040, grad norm: 0.5997
[iter 2650]loss: 3.6291, tokens/sec: 26986.05 ± 643.24, tokens seen: 173670400, grad norm: 0.5365
[iter 2660]loss: 3.9659, tokens/sec: 26986.16 ± 642.03, tokens seen: 174325760, grad norm: 0.6764
[iter 2670]loss: 3.9370, tokens/sec: 26986.28 ± 640.83, tokens seen: 174981120, grad norm: 0.5892
[iter 2680]loss: 4.0820, tokens/sec: 26986.41 ± 639.64, tokens seen: 175636480, grad norm: 0.5188
[iter 2690]loss: 3.7499, tokens/sec: 26986.53 ± 638.45, tokens seen: 176291840, grad norm: 0.5177
[iter 2700]loss: 3.8259, tokens/sec: 26986.65 ± 637.27, tokens seen: 176947200, grad norm: 0.5439
[iter 2710]loss: 3.6694, tokens/sec: 26986.75 ± 636.10, tokens seen: 177602560, grad norm: 0.5327
[iter 2720]loss: 3.6107, tokens/sec: 26986.88 ± 634.93, tokens seen: 178257920, grad norm: 0.5816
[iter 2730]loss: 3.8888, tokens/sec: 26987.00 ± 633.77, tokens seen: 178913280, grad norm: 0.5569
[iter 2740]loss: 3.7889, tokens/sec: 26987.12 ± 632.62, tokens seen: 179568640, grad norm: 0.6857
[iter 2750]loss: 4.0475, tokens/sec: 26987.25 ± 631.47, tokens seen: 180224000, grad norm: 0.7669
[iter 2760]loss: 3.9195, tokens/sec: 26987.36 ± 630.33, tokens seen: 180879360, grad norm: 0.6145
[iter 2770]loss: 3.7557, tokens/sec: 26987.46 ± 629.19, tokens seen: 181534720, grad norm: 0.5064
[iter 2780]loss: 4.0029, tokens/sec: 26987.59 ± 628.06, tokens seen: 182190080, grad norm: 0.5591
[iter 2790]loss: 3.7345, tokens/sec: 26987.70 ± 626.94, tokens seen: 182845440, grad norm: 0.6183
[iter 2800]loss: 3.5523, tokens/sec: 26987.82 ± 625.82, tokens seen: 183500800, grad norm: 0.5054
[iter 2810]loss: 4.0551, tokens/sec: 26987.94 ± 624.71, tokens seen: 184156160, grad norm: 0.5481
[iter 2820]loss: 3.6260, tokens/sec: 26988.06 ± 623.61, tokens seen: 184811520, grad norm: 0.6326
[iter 2830]loss: 4.0916, tokens/sec: 26988.19 ± 622.51, tokens seen: 185466880, grad norm: 0.5485
[iter 2840]loss: 3.7858, tokens/sec: 26988.29 ± 621.42, tokens seen: 186122240, grad norm: 0.5775
[iter 2850]loss: 3.7979, tokens/sec: 26988.41 ± 620.33, tokens seen: 186777600, grad norm: 0.5112
[iter 2860]loss: 3.7735, tokens/sec: 26988.50 ± 619.25, tokens seen: 187432960, grad norm: 0.6551
[iter 2870]loss: 3.6180, tokens/sec: 26988.61 ± 618.17, tokens seen: 188088320, grad norm: 0.5918
[iter 2880]loss: 3.8664, tokens/sec: 26988.70 ± 617.10, tokens seen: 188743680, grad norm: 0.5577
[iter 2890]loss: 3.8158, tokens/sec: 26988.79 ± 616.03, tokens seen: 189399040, grad norm: 0.6010
[iter 2900]loss: 3.9780, tokens/sec: 26988.88 ± 614.97, tokens seen: 190054400, grad norm: 0.5533
[iter 2910]loss: 3.8680, tokens/sec: 26988.98 ± 613.92, tokens seen: 190709760, grad norm: 0.7064
[iter 2920]loss: 3.8755, tokens/sec: 26989.09 ± 612.87, tokens seen: 191365120, grad norm: 0.5142
[iter 2930]loss: 3.7184, tokens/sec: 26989.19 ± 611.82, tokens seen: 192020480, grad norm: 0.6356
[iter 2940]loss: 3.9597, tokens/sec: 26989.27 ± 610.79, tokens seen: 192675840, grad norm: 0.5111
[iter 2950]loss: 3.7861, tokens/sec: 26989.35 ± 609.75, tokens seen: 193331200, grad norm: 0.5721
[iter 2960]loss: 4.0565, tokens/sec: 26989.44 ± 608.72, tokens seen: 193986560, grad norm: 0.4886
[iter 2970]loss: 3.7187, tokens/sec: 26989.56 ± 607.70, tokens seen: 194641920, grad norm: 0.5622
[iter 2980]loss: 3.6464, tokens/sec: 26989.67 ± 606.68, tokens seen: 195297280, grad norm: 0.5813
[iter 2990]loss: 3.7657, tokens/sec: 26989.76 ± 605.67, tokens seen: 195952640, grad norm: 0.5801
[step 3000]train loss: 3.8413, val loss: 3.8392, (avg train loss: 0.9614 ± 0.0381), (avg grad norm: 0.5742 ± 0.0575)
saving checkpoint to ./out-owt-large-mhc-group-lora-midnorm-bs8-bs8-20000step
[iter 3000]loss: 3.7818, tokens/sec: 26987.56 ± 617.33, tokens seen: 196608000, grad norm: 0.5014
[iter 3010]loss: 3.8393, tokens/sec: 26987.67 ± 616.31, tokens seen: 197263360, grad norm: 0.6340
[iter 3020]loss: 3.9309, tokens/sec: 26987.76 ± 615.29, tokens seen: 197918720, grad norm: 0.4907
[iter 3030]loss: 3.8932, tokens/sec: 26987.84 ± 614.28, tokens seen: 198574080, grad norm: 0.5817
[iter 3040]loss: 3.9096, tokens/sec: 26987.92 ± 613.27, tokens seen: 199229440, grad norm: 0.6280
[iter 3050]loss: 3.7774, tokens/sec: 26988.01 ± 612.26, tokens seen: 199884800, grad norm: 0.5154
[iter 3060]loss: 3.8657, tokens/sec: 26988.11 ± 611.26, tokens seen: 200540160, grad norm: 0.5672
[iter 3070]loss: 3.8402, tokens/sec: 26988.21 ± 610.27, tokens seen: 201195520, grad norm: 0.6659
[iter 3080]loss: 3.7117, tokens/sec: 26988.29 ± 609.28, tokens seen: 201850880, grad norm: 0.5108
[iter 3090]loss: 3.7747, tokens/sec: 26988.35 ± 608.30, tokens seen: 202506240, grad norm: 0.5167
[iter 3100]loss: 3.9777, tokens/sec: 26988.45 ± 607.32, tokens seen: 203161600, grad norm: 0.5062
[iter 3110]loss: 3.8345, tokens/sec: 26988.54 ± 606.34, tokens seen: 203816960, grad norm: 1.5443
[iter 3120]loss: 3.7323, tokens/sec: 26985.53 ± 629.36, tokens seen: 204472320, grad norm: 0.6364
[iter 3130]loss: 3.6942, tokens/sec: 26985.63 ± 628.35, tokens seen: 205127680, grad norm: 0.5339
[iter 3140]loss: 3.7397, tokens/sec: 26985.73 ± 627.35, tokens seen: 205783040, grad norm: 0.5728
[iter 3150]loss: 4.0781, tokens/sec: 26985.85 ± 626.36, tokens seen: 206438400, grad norm: 0.6067
[iter 3160]loss: 3.6678, tokens/sec: 26985.94 ± 625.37, tokens seen: 207093760, grad norm: 0.5130
[iter 3170]loss: 3.8633, tokens/sec: 26986.03 ± 624.39, tokens seen: 207749120, grad norm: 0.5699
[iter 3180]loss: 3.8342, tokens/sec: 26986.13 ± 623.41, tokens seen: 208404480, grad norm: 0.5614
[iter 3190]loss: 3.8547, tokens/sec: 26986.21 ± 622.43, tokens seen: 209059840, grad norm: 0.5411
[iter 3200]loss: 3.8740, tokens/sec: 26986.29 ± 621.46, tokens seen: 209715200, grad norm: 0.6017
[iter 3210]loss: 3.8262, tokens/sec: 26986.34 ± 620.49, tokens seen: 210370560, grad norm: 0.5086
[iter 3220]loss: 3.5649, tokens/sec: 26986.42 ± 619.53, tokens seen: 211025920, grad norm: 0.5632
[iter 3230]loss: 3.8091, tokens/sec: 26986.51 ± 618.57, tokens seen: 211681280, grad norm: 0.5586
[iter 3240]loss: 3.8985, tokens/sec: 26986.61 ± 617.62, tokens seen: 212336640, grad norm: 0.5543
[iter 3250]loss: 3.9035, tokens/sec: 26986.69 ± 616.67, tokens seen: 212992000, grad norm: 0.5239
[iter 3260]loss: 3.6038, tokens/sec: 26986.76 ± 615.73, tokens seen: 213647360, grad norm: 0.5532
[iter 3270]loss: 3.6048, tokens/sec: 26986.86 ± 614.79, tokens seen: 214302720, grad norm: 0.5187
[iter 3280]loss: 3.7772, tokens/sec: 26986.95 ± 613.86, tokens seen: 214958080, grad norm: 0.5398
[iter 3290]loss: 3.8072, tokens/sec: 26987.04 ± 612.92, tokens seen: 215613440, grad norm: 0.4881
[iter 3300]loss: 3.7681, tokens/sec: 26987.13 ± 612.00, tokens seen: 216268800, grad norm: 0.5942
[iter 3310]loss: 3.9050, tokens/sec: 26987.20 ± 611.07, tokens seen: 216924160, grad norm: 0.5795
[iter 3320]loss: 3.8675, tokens/sec: 26987.28 ± 610.16, tokens seen: 217579520, grad norm: 0.5080
[iter 3330]loss: 3.8463, tokens/sec: 26987.36 ± 609.24, tokens seen: 218234880, grad norm: 0.5794
[iter 3340]loss: 3.8911, tokens/sec: 26987.44 ± 608.33, tokens seen: 218890240, grad norm: 0.5678
[iter 3350]loss: 3.9053, tokens/sec: 26987.52 ± 607.42, tokens seen: 219545600, grad norm: 0.5510
[iter 3360]loss: 4.0662, tokens/sec: 26987.60 ± 606.52, tokens seen: 220200960, grad norm: 0.5520
[iter 3370]loss: 3.9191, tokens/sec: 26987.68 ± 605.62, tokens seen: 220856320, grad norm: 0.5582
[iter 3380]loss: 3.8223, tokens/sec: 26987.75 ± 604.73, tokens seen: 221511680, grad norm: 0.5090
[iter 3390]loss: 3.7174, tokens/sec: 26987.84 ± 603.84, tokens seen: 222167040, grad norm: 0.5780
[iter 3400]loss: 3.7840, tokens/sec: 26987.92 ± 602.95, tokens seen: 222822400, grad norm: 0.5585
[iter 3410]loss: 3.9028, tokens/sec: 26988.02 ± 602.07, tokens seen: 223477760, grad norm: 0.6412
[iter 3420]loss: 3.7605, tokens/sec: 26988.09 ± 601.19, tokens seen: 224133120, grad norm: 0.5506
[iter 3430]loss: 3.6248, tokens/sec: 26988.17 ± 600.32, tokens seen: 224788480, grad norm: 0.5819
[iter 3440]loss: 3.5733, tokens/sec: 26988.26 ± 599.45, tokens seen: 225443840, grad norm: 0.4981
[iter 3450]loss: 3.4817, tokens/sec: 26988.32 ± 598.58, tokens seen: 226099200, grad norm: 0.5765
[iter 3460]loss: 3.7288, tokens/sec: 26988.39 ± 597.72, tokens seen: 226754560, grad norm: 0.5435
[iter 3470]loss: 3.8020, tokens/sec: 26988.48 ± 596.86, tokens seen: 227409920, grad norm: 0.5353
[iter 3480]loss: 3.9370, tokens/sec: 26988.57 ± 596.00, tokens seen: 228065280, grad norm: 0.5237
[iter 3490]loss: 3.8096, tokens/sec: 26988.65 ± 595.15, tokens seen: 228720640, grad norm: 0.4955
[step 3500]train loss: 3.7674, val loss: 3.7726, (avg train loss: 0.9445 ± 0.0336), (avg grad norm: 0.5629 ± 0.0633)
saving checkpoint to ./out-owt-large-mhc-group-lora-midnorm-bs8-bs8-20000step
[iter 3500]loss: 3.7431, tokens/sec: 26988.73 ± 594.30, tokens seen: 229376000, grad norm: 0.5349
[iter 3510]loss: 3.6370, tokens/sec: 26988.80 ± 593.46, tokens seen: 230031360, grad norm: 0.8121
[iter 3520]loss: 3.6168, tokens/sec: 26988.89 ± 592.62, tokens seen: 230686720, grad norm: 0.5706
[iter 3530]loss: 4.0752, tokens/sec: 26988.98 ± 591.78, tokens seen: 231342080, grad norm: 0.5201
[iter 3540]loss: 3.6822, tokens/sec: 26989.08 ± 590.95, tokens seen: 231997440, grad norm: 0.5641
[iter 3550]loss: 3.6174, tokens/sec: 26989.16 ± 590.12, tokens seen: 232652800, grad norm: 0.4936
[iter 3560]loss: 3.4559, tokens/sec: 26989.25 ± 589.29, tokens seen: 233308160, grad norm: 0.5093
[iter 3570]loss: 3.8039, tokens/sec: 26989.32 ± 588.46, tokens seen: 233963520, grad norm: 0.5133
[iter 3580]loss: 3.8094, tokens/sec: 26989.41 ± 587.65, tokens seen: 234618880, grad norm: 0.5660
[iter 3590]loss: 3.8948, tokens/sec: 26989.49 ± 586.83, tokens seen: 235274240, grad norm: 0.5064
[iter 3600]loss: 3.5953, tokens/sec: 26989.57 ± 586.02, tokens seen: 235929600, grad norm: 0.5390
[iter 3610]loss: 3.8236, tokens/sec: 26989.65 ± 585.21, tokens seen: 236584960, grad norm: 0.5586
[iter 3620]loss: 3.9805, tokens/sec: 26989.74 ± 584.40, tokens seen: 237240320, grad norm: 0.5084
[iter 3630]loss: 4.2032, tokens/sec: 26989.83 ± 583.60, tokens seen: 237895680, grad norm: 0.5749
[iter 3640]loss: 3.7504, tokens/sec: 26989.89 ± 582.80, tokens seen: 238551040, grad norm: 0.5630
[iter 3650]loss: 3.6925, tokens/sec: 26989.95 ± 582.00, tokens seen: 239206400, grad norm: 0.4786
[iter 3660]loss: 3.6121, tokens/sec: 26989.99 ± 581.20, tokens seen: 239861760, grad norm: 0.5261
[iter 3670]loss: 3.5913, tokens/sec: 26990.06 ± 580.41, tokens seen: 240517120, grad norm: 0.5692
[iter 3680]loss: 3.7551, tokens/sec: 26990.11 ± 579.63, tokens seen: 241172480, grad norm: 0.5077
[iter 3690]loss: 3.4444, tokens/sec: 26990.16 ± 578.84, tokens seen: 241827840, grad norm: 0.5074
[iter 3700]loss: 3.6061, tokens/sec: 26990.22 ± 578.06, tokens seen: 242483200, grad norm: 0.5161
[iter 3710]loss: 3.6458, tokens/sec: 26990.26 ± 577.28, tokens seen: 243138560, grad norm: 0.5132
[iter 3720]loss: 3.7030, tokens/sec: 26990.32 ± 576.51, tokens seen: 243793920, grad norm: 0.6474
[iter 3730]loss: 3.9623, tokens/sec: 26990.38 ± 575.73, tokens seen: 244449280, grad norm: 0.6979
[iter 3740]loss: 3.6730, tokens/sec: 26990.43 ± 574.97, tokens seen: 245104640, grad norm: 0.5455
[iter 3750]loss: 3.6198, tokens/sec: 26990.48 ± 574.20, tokens seen: 245760000, grad norm: 0.5138
[iter 3760]loss: 3.7277, tokens/sec: 26990.51 ± 573.44, tokens seen: 246415360, grad norm: 0.5619
[iter 3770]loss: 3.7754, tokens/sec: 26990.57 ± 572.68, tokens seen: 247070720, grad norm: 0.5172
[iter 3780]loss: 3.8036, tokens/sec: 26990.61 ± 571.92, tokens seen: 247726080, grad norm: 0.6385
[iter 3790]loss: 3.6231, tokens/sec: 26990.66 ± 571.17, tokens seen: 248381440, grad norm: 0.5110
[iter 3800]loss: 3.6945, tokens/sec: 26990.71 ± 570.42, tokens seen: 249036800, grad norm: 0.6394
[iter 3810]loss: 3.7843, tokens/sec: 26990.76 ± 569.67, tokens seen: 249692160, grad norm: 0.5004
[iter 3820]loss: 3.7335, tokens/sec: 26990.82 ± 568.92, tokens seen: 250347520, grad norm: 0.5363
[iter 3830]loss: 3.8424, tokens/sec: 26990.88 ± 568.18, tokens seen: 251002880, grad norm: 0.5449
[iter 3840]loss: 3.6248, tokens/sec: 26989.14 ± 577.98, tokens seen: 251658240, grad norm: 0.5080
[iter 3850]loss: 3.4171, tokens/sec: 26989.18 ± 577.23, tokens seen: 252313600, grad norm: 0.6152
[iter 3860]loss: 3.7244, tokens/sec: 26989.22 ± 576.48, tokens seen: 252968960, grad norm: 0.6745
[iter 3870]loss: 3.6375, tokens/sec: 26989.29 ± 575.74, tokens seen: 253624320, grad norm: 0.6731
[iter 3880]loss: 3.6929, tokens/sec: 26989.35 ± 575.00, tokens seen: 254279680, grad norm: 0.5429
[iter 3890]loss: 3.7514, tokens/sec: 26989.41 ± 574.26, tokens seen: 254935040, grad norm: 0.6077
[iter 3900]loss: 3.7008, tokens/sec: 26989.47 ± 573.53, tokens seen: 255590400, grad norm: 0.5573
[iter 3910]loss: 3.6093, tokens/sec: 26989.52 ± 572.79, tokens seen: 256245760, grad norm: 0.5787
[iter 3920]loss: 3.5883, tokens/sec: 26989.56 ± 572.06, tokens seen: 256901120, grad norm: 0.6261
[iter 3930]loss: 3.7073, tokens/sec: 26989.61 ± 571.34, tokens seen: 257556480, grad norm: 0.5230
[iter 3940]loss: 3.8610, tokens/sec: 26989.68 ± 570.61, tokens seen: 258211840, grad norm: 0.5127
[iter 3950]loss: 3.5761, tokens/sec: 26989.74 ± 569.89, tokens seen: 258867200, grad norm: 0.6565
[iter 3960]loss: 3.6331, tokens/sec: 26989.82 ± 569.17, tokens seen: 259522560, grad norm: 0.5315
[iter 3970]loss: 3.6060, tokens/sec: 26989.90 ± 568.46, tokens seen: 260177920, grad norm: 0.5571
[iter 3980]loss: 3.7300, tokens/sec: 26989.97 ± 567.75, tokens seen: 260833280, grad norm: 0.5765
[iter 3990]loss: 3.7002, tokens/sec: 26990.04 ± 567.04, tokens seen: 261488640, grad norm: 0.5063
[step 4000]train loss: 3.6907, val loss: 3.7158, (avg train loss: 0.9250 ± 0.0344), (avg grad norm: 0.5643 ± 0.0643)
saving checkpoint to ./out-owt-large-mhc-group-lora-midnorm-bs8-bs8-20000step
[iter 4000]loss: 3.7675, tokens/sec: 26990.09 ± 566.33, tokens seen: 262144000, grad norm: 0.5070
[iter 4010]loss: 3.6545, tokens/sec: 26990.18 ± 565.63, tokens seen: 262799360, grad norm: 0.5194
[iter 4020]loss: 3.5614, tokens/sec: 26990.26 ± 564.92, tokens seen: 263454720, grad norm: 0.5228
[iter 4030]loss: 3.7476, tokens/sec: 26990.33 ± 564.23, tokens seen: 264110080, grad norm: 0.5568
[iter 4040]loss: 3.5318, tokens/sec: 26990.41 ± 563.53, tokens seen: 264765440, grad norm: 0.5576
[iter 4050]loss: 3.7124, tokens/sec: 26990.46 ± 562.84, tokens seen: 265420800, grad norm: 0.7046
[iter 4060]loss: 3.7466, tokens/sec: 26990.53 ± 562.14, tokens seen: 266076160, grad norm: 0.5923
[iter 4070]loss: 3.8065, tokens/sec: 26990.60 ± 561.45, tokens seen: 266731520, grad norm: 0.5355
[iter 4080]loss: 3.7416, tokens/sec: 26990.67 ± 560.77, tokens seen: 267386880, grad norm: 0.5819
[iter 4090]loss: 3.5752, tokens/sec: 26990.74 ± 560.08, tokens seen: 268042240, grad norm: 0.5015
[iter 4100]loss: 3.5031, tokens/sec: 26990.81 ± 559.40, tokens seen: 268697600, grad norm: 0.6063
[iter 4110]loss: 3.6077, tokens/sec: 26990.87 ± 558.72, tokens seen: 269352960, grad norm: 0.6140
[iter 4120]loss: 3.6930, tokens/sec: 26990.92 ± 558.05, tokens seen: 270008320, grad norm: 0.5190
[iter 4130]loss: 3.9313, tokens/sec: 26990.98 ± 557.37, tokens seen: 270663680, grad norm: 0.9286
[iter 4140]loss: 3.7111, tokens/sec: 26991.04 ± 556.70, tokens seen: 271319040, grad norm: 0.5392
[iter 4150]loss: 3.8811, tokens/sec: 26991.11 ± 556.03, tokens seen: 271974400, grad norm: 0.5263
[iter 4160]loss: 3.6161, tokens/sec: 26991.16 ± 555.36, tokens seen: 272629760, grad norm: 0.5866
[iter 4170]loss: 3.8942, tokens/sec: 26988.94 ± 573.65, tokens seen: 273285120, grad norm: 0.5427
[iter 4180]loss: 3.5143, tokens/sec: 26989.01 ± 572.97, tokens seen: 273940480, grad norm: 0.5559
[iter 4190]loss: 3.9218, tokens/sec: 26989.07 ± 572.29, tokens seen: 274595840, grad norm: 0.5259
[iter 4200]loss: 3.6582, tokens/sec: 26989.13 ± 571.61, tokens seen: 275251200, grad norm: 0.5394
[iter 4210]loss: 3.6549, tokens/sec: 26989.18 ± 570.93, tokens seen: 275906560, grad norm: 0.5347
[iter 4220]loss: 3.6768, tokens/sec: 26989.24 ± 570.25, tokens seen: 276561920, grad norm: 0.6366
[iter 4230]loss: 3.5160, tokens/sec: 26989.31 ± 569.58, tokens seen: 277217280, grad norm: 0.5296
[iter 4240]loss: 3.6272, tokens/sec: 26989.39 ± 568.91, tokens seen: 277872640, grad norm: 0.5297
[iter 4250]loss: 3.6737, tokens/sec: 26989.45 ± 568.24, tokens seen: 278528000, grad norm: 0.6249
[iter 4260]loss: 3.6231, tokens/sec: 26989.54 ± 567.58, tokens seen: 279183360, grad norm: 0.5375
[iter 4270]loss: 3.5866, tokens/sec: 26989.61 ± 566.92, tokens seen: 279838720, grad norm: 0.5237
[iter 4280]loss: 3.6161, tokens/sec: 26989.68 ± 566.26, tokens seen: 280494080, grad norm: 0.5526
[iter 4290]loss: 3.7631, tokens/sec: 26989.75 ± 565.60, tokens seen: 281149440, grad norm: 0.5068
[iter 4300]loss: 3.7439, tokens/sec: 26989.82 ± 564.94, tokens seen: 281804800, grad norm: 0.5331
[iter 4310]loss: 3.8613, tokens/sec: 26989.89 ± 564.29, tokens seen: 282460160, grad norm: 0.6303
[iter 4320]loss: 3.3219, tokens/sec: 26989.96 ± 563.64, tokens seen: 283115520, grad norm: 0.5358
[iter 4330]loss: 3.5972, tokens/sec: 26990.02 ± 562.99, tokens seen: 283770880, grad norm: 0.5014
[iter 4340]loss: 3.5829, tokens/sec: 26990.07 ± 562.34, tokens seen: 284426240, grad norm: 0.5723
[iter 4350]loss: 3.5852, tokens/sec: 26990.13 ± 561.70, tokens seen: 285081600, grad norm: 0.6918
[iter 4360]loss: 3.7713, tokens/sec: 26990.17 ± 561.05, tokens seen: 285736960, grad norm: 0.5533
[iter 4370]loss: 3.7999, tokens/sec: 26990.23 ± 560.41, tokens seen: 286392320, grad norm: 0.5340
[iter 4380]loss: 3.9424, tokens/sec: 26990.27 ± 559.77, tokens seen: 287047680, grad norm: 0.5867
[iter 4390]loss: 3.6758, tokens/sec: 26990.32 ± 559.14, tokens seen: 287703040, grad norm: 0.4971
[iter 4400]loss: 3.8893, tokens/sec: 26990.38 ± 558.50, tokens seen: 288358400, grad norm: 0.5181
[iter 4410]loss: 3.6466, tokens/sec: 26990.43 ± 557.87, tokens seen: 289013760, grad norm: 0.5289
[iter 4420]loss: 3.7193, tokens/sec: 26990.47 ± 557.24, tokens seen: 289669120, grad norm: 0.5556
[iter 4430]loss: 3.7089, tokens/sec: 26990.51 ± 556.61, tokens seen: 290324480, grad norm: 0.5205
[iter 4440]loss: 3.6650, tokens/sec: 26990.55 ± 555.98, tokens seen: 290979840, grad norm: 0.6063
[iter 4450]loss: 3.8208, tokens/sec: 26990.59 ± 555.36, tokens seen: 291635200, grad norm: 0.5478
[iter 4460]loss: 3.6197, tokens/sec: 26990.65 ± 554.74, tokens seen: 292290560, grad norm: 0.5037
[iter 4470]loss: 3.6412, tokens/sec: 26990.70 ± 554.12, tokens seen: 292945920, grad norm: 0.6170
[iter 4480]loss: 3.6260, tokens/sec: 26990.76 ± 553.50, tokens seen: 293601280, grad norm: 0.5150
[iter 4490]loss: 3.4207, tokens/sec: 26989.84 ± 553.84, tokens seen: 294256640, grad norm: 0.5019
[step 4500]train loss: 3.6418, val loss: 3.6620, (avg train loss: 0.9181 ± 0.0375), (avg grad norm: 0.5545 ± 0.0524)
saving checkpoint to ./out-owt-large-mhc-group-lora-midnorm-bs8-bs8-20000step
[iter 4500]loss: 3.9335, tokens/sec: 26988.09 ± 555.55, tokens seen: 294912000, grad norm: 0.4934
[iter 4510]loss: 3.7960, tokens/sec: 26988.14 ± 554.94, tokens seen: 295567360, grad norm: 0.5703
[iter 4520]loss: 3.5467, tokens/sec: 26988.19 ± 554.32, tokens seen: 296222720, grad norm: 0.5231
[iter 4530]loss: 3.6700, tokens/sec: 26988.23 ± 553.71, tokens seen: 296878080, grad norm: 0.5263
[iter 4540]loss: 3.7306, tokens/sec: 26988.29 ± 553.11, tokens seen: 297533440, grad norm: 0.5418
[iter 4550]loss: 3.8879, tokens/sec: 26988.33 ± 552.50, tokens seen: 298188800, grad norm: 0.5312
[iter 4560]loss: 3.7280, tokens/sec: 26988.39 ± 551.89, tokens seen: 298844160, grad norm: 0.6139
[iter 4570]loss: 3.3928, tokens/sec: 26988.45 ± 551.29, tokens seen: 299499520, grad norm: 0.5377
[iter 4580]loss: 3.7115, tokens/sec: 26988.50 ± 550.69, tokens seen: 300154880, grad norm: 0.5113
[iter 4590]loss: 3.6029, tokens/sec: 26988.56 ± 550.09, tokens seen: 300810240, grad norm: 0.6189
[iter 4600]loss: 3.6850, tokens/sec: 26988.62 ± 549.50, tokens seen: 301465600, grad norm: 0.5010
[iter 4610]loss: 3.5100, tokens/sec: 26988.67 ± 548.90, tokens seen: 302120960, grad norm: 0.5338
[iter 4620]loss: 3.7270, tokens/sec: 26988.74 ± 548.31, tokens seen: 302776320, grad norm: 0.5687
[iter 4630]loss: 3.4261, tokens/sec: 26988.79 ± 547.72, tokens seen: 303431680, grad norm: 0.6412
[iter 4640]loss: 3.7865, tokens/sec: 26988.84 ± 547.13, tokens seen: 304087040, grad norm: 0.5847
[iter 4650]loss: 3.7201, tokens/sec: 26988.87 ± 546.54, tokens seen: 304742400, grad norm: 0.5275
[iter 4660]loss: 3.7228, tokens/sec: 26988.91 ± 545.96, tokens seen: 305397760, grad norm: 0.5463
[iter 4670]loss: 3.6271, tokens/sec: 26988.97 ± 545.37, tokens seen: 306053120, grad norm: 0.4930
[iter 4680]loss: 3.7502, tokens/sec: 26987.52 ± 554.16, tokens seen: 306708480, grad norm: 0.5040
[iter 4690]loss: 3.6046, tokens/sec: 26987.57 ± 553.57, tokens seen: 307363840, grad norm: 0.6289
[iter 4700]loss: 3.5652, tokens/sec: 26987.62 ± 552.99, tokens seen: 308019200, grad norm: 0.5241
[iter 4710]loss: 3.6891, tokens/sec: 26987.68 ± 552.40, tokens seen: 308674560, grad norm: 0.5027
[iter 4720]loss: 3.6379, tokens/sec: 26987.73 ± 551.82, tokens seen: 309329920, grad norm: 0.5364
[iter 4730]loss: 3.7570, tokens/sec: 26987.77 ± 551.23, tokens seen: 309985280, grad norm: 0.6142
[iter 4740]loss: 3.7611, tokens/sec: 26987.83 ± 550.65, tokens seen: 310640640, grad norm: 0.4920
[iter 4750]loss: 3.8124, tokens/sec: 26987.88 ± 550.08, tokens seen: 311296000, grad norm: 0.6418
[iter 4760]loss: 3.9125, tokens/sec: 26987.93 ± 549.50, tokens seen: 311951360, grad norm: 0.6790
[iter 4770]loss: 3.5454, tokens/sec: 26987.99 ± 548.92, tokens seen: 312606720, grad norm: 0.5731
[iter 4780]loss: 3.7822, tokens/sec: 26988.03 ± 548.35, tokens seen: 313262080, grad norm: 0.5256
[iter 4790]loss: 3.7897, tokens/sec: 26988.09 ± 547.78, tokens seen: 313917440, grad norm: 0.6211
[iter 4800]loss: 3.6754, tokens/sec: 26988.14 ± 547.21, tokens seen: 314572800, grad norm: 0.5821
[iter 4810]loss: 3.5242, tokens/sec: 26988.19 ± 546.64, tokens seen: 315228160, grad norm: 0.5288
[iter 4820]loss: 3.4594, tokens/sec: 26988.25 ± 546.08, tokens seen: 315883520, grad norm: 0.5303
[iter 4830]loss: 3.5253, tokens/sec: 26988.28 ± 545.51, tokens seen: 316538880, grad norm: 0.5042
[iter 4840]loss: 3.6611, tokens/sec: 26988.30 ± 544.95, tokens seen: 317194240, grad norm: 0.5545
[iter 4850]loss: 3.6584, tokens/sec: 26988.25 ± 544.40, tokens seen: 317849600, grad norm: 0.5725
[iter 4860]loss: 3.7022, tokens/sec: 26988.26 ± 543.84, tokens seen: 318504960, grad norm: 0.5599
[iter 4870]loss: 3.7363, tokens/sec: 26988.26 ± 543.28, tokens seen: 319160320, grad norm: 0.5080
[iter 4880]loss: 3.5653, tokens/sec: 26988.26 ± 542.73, tokens seen: 319815680, grad norm: 0.5447
[iter 4890]loss: 3.5878, tokens/sec: 26988.26 ± 542.17, tokens seen: 320471040, grad norm: 0.6335
[iter 4900]loss: 3.5500, tokens/sec: 26988.26 ± 541.62, tokens seen: 321126400, grad norm: 0.5224
[iter 4910]loss: 3.5526, tokens/sec: 26988.29 ± 541.07, tokens seen: 321781760, grad norm: 0.5074
[iter 4920]loss: 3.4666, tokens/sec: 26988.33 ± 540.52, tokens seen: 322437120, grad norm: 0.5664
[iter 4930]loss: 3.7394, tokens/sec: 26988.38 ± 539.97, tokens seen: 323092480, grad norm: 0.6274
[iter 4940]loss: 3.4651, tokens/sec: 26988.44 ± 539.43, tokens seen: 323747840, grad norm: 0.6737
[iter 4950]loss: 3.7573, tokens/sec: 26988.49 ± 538.89, tokens seen: 324403200, grad norm: 0.6575
[iter 4960]loss: 3.5664, tokens/sec: 26988.55 ± 538.34, tokens seen: 325058560, grad norm: 0.5619
[iter 4970]loss: 3.6115, tokens/sec: 26988.60 ± 537.80, tokens seen: 325713920, grad norm: 0.5194
[iter 4980]loss: 3.6237, tokens/sec: 26988.67 ± 537.27, tokens seen: 326369280, grad norm: 0.5223
[iter 4990]loss: 3.5883, tokens/sec: 26988.74 ± 536.73, tokens seen: 327024640, grad norm: 0.5684
[step 5000]train loss: 3.5949, val loss: 3.6272, (avg train loss: 0.9038 ± 0.0366), (avg grad norm: 0.5517 ± 0.0575)
saving checkpoint to ./out-owt-large-mhc-group-lora-midnorm-bs8-bs8-20000step
[iter 5000]loss: 3.7088, tokens/sec: 26988.79 ± 536.19, tokens seen: 327680000, grad norm: 0.5043
[iter 5010]loss: 3.6707, tokens/sec: 26988.86 ± 535.66, tokens seen: 328335360, grad norm: 0.6181
[iter 5020]loss: 3.6102, tokens/sec: 26988.93 ± 535.13, tokens seen: 328990720, grad norm: 0.5401
[iter 5030]loss: 3.6731, tokens/sec: 26988.99 ± 534.60, tokens seen: 329646080, grad norm: 0.6264
[iter 5040]loss: 3.3978, tokens/sec: 26989.06 ± 534.07, tokens seen: 330301440, grad norm: 0.5670
[iter 5050]loss: 3.7022, tokens/sec: 26989.12 ± 533.55, tokens seen: 330956800, grad norm: 0.5445
[iter 5060]loss: 3.8446, tokens/sec: 26989.18 ± 533.02, tokens seen: 331612160, grad norm: 0.5235
[iter 5070]loss: 3.6388, tokens/sec: 26989.24 ± 532.50, tokens seen: 332267520, grad norm: 0.5436
[iter 5080]loss: 3.5031, tokens/sec: 26989.30 ± 531.97, tokens seen: 332922880, grad norm: 0.5341
[iter 5090]loss: 3.6683, tokens/sec: 26989.36 ± 531.45, tokens seen: 333578240, grad norm: 0.6582
[iter 5100]loss: 3.4862, tokens/sec: 26989.42 ± 530.93, tokens seen: 334233600, grad norm: 0.5650
[iter 5110]loss: 3.7848, tokens/sec: 26989.48 ± 530.42, tokens seen: 334888960, grad norm: 0.5079
[iter 5120]loss: 3.8293, tokens/sec: 26989.53 ± 529.90, tokens seen: 335544320, grad norm: 0.5405
[iter 5130]loss: 3.6071, tokens/sec: 26989.58 ± 529.38, tokens seen: 336199680, grad norm: 0.5420
[iter 5140]loss: 3.2293, tokens/sec: 26989.63 ± 528.87, tokens seen: 336855040, grad norm: 0.5484
[iter 5150]loss: 3.4862, tokens/sec: 26989.68 ± 528.36, tokens seen: 337510400, grad norm: 0.6647
[iter 5160]loss: 3.6426, tokens/sec: 26989.72 ± 527.85, tokens seen: 338165760, grad norm: 0.6099
[iter 5170]loss: 3.5653, tokens/sec: 26989.78 ± 527.34, tokens seen: 338821120, grad norm: 0.5262
[iter 5180]loss: 3.5998, tokens/sec: 26989.83 ± 526.83, tokens seen: 339476480, grad norm: 0.5112
[iter 5190]loss: 3.4373, tokens/sec: 26989.88 ± 526.32, tokens seen: 340131840, grad norm: 0.5765
[iter 5200]loss: 3.5505, tokens/sec: 26989.93 ± 525.82, tokens seen: 340787200, grad norm: 1.0029
[iter 5210]loss: 3.4738, tokens/sec: 26989.99 ± 525.32, tokens seen: 341442560, grad norm: 0.6094
[iter 5220]loss: 3.6966, tokens/sec: 26990.05 ± 524.82, tokens seen: 342097920, grad norm: 0.5835
[iter 5230]loss: 3.9172, tokens/sec: 26988.24 ± 541.04, tokens seen: 342753280, grad norm: 0.5411
[iter 5240]loss: 3.5920, tokens/sec: 26988.30 ± 540.53, tokens seen: 343408640, grad norm: 0.5421
[iter 5250]loss: 3.5308, tokens/sec: 26988.35 ± 540.01, tokens seen: 344064000, grad norm: 0.5180
[iter 5260]loss: 3.6807, tokens/sec: 26988.40 ± 539.50, tokens seen: 344719360, grad norm: 0.5615
[iter 5270]loss: 3.5305, tokens/sec: 26988.46 ± 538.99, tokens seen: 345374720, grad norm: 0.5290
[iter 5280]loss: 3.5362, tokens/sec: 26988.51 ± 538.48, tokens seen: 346030080, grad norm: 0.6639
[iter 5290]loss: 3.5103, tokens/sec: 26988.52 ± 537.97, tokens seen: 346685440, grad norm: 0.7354
[iter 5300]loss: 3.5866, tokens/sec: 26988.58 ± 537.47, tokens seen: 347340800, grad norm: 0.6116
[iter 5310]loss: 3.4096, tokens/sec: 26988.62 ± 536.96, tokens seen: 347996160, grad norm: 0.5472
[iter 5320]loss: 3.5049, tokens/sec: 26988.68 ± 536.46, tokens seen: 348651520, grad norm: 0.5430
[iter 5330]loss: 3.4510, tokens/sec: 26988.74 ± 535.96, tokens seen: 349306880, grad norm: 0.5320
[iter 5340]loss: 3.5541, tokens/sec: 26988.78 ± 535.46, tokens seen: 349962240, grad norm: 0.5771
[iter 5350]loss: 3.7411, tokens/sec: 26988.80 ± 534.96, tokens seen: 350617600, grad norm: 0.5865
[iter 5360]loss: 3.6280, tokens/sec: 26988.86 ± 534.46, tokens seen: 351272960, grad norm: 0.5860
[iter 5370]loss: 3.5620, tokens/sec: 26988.91 ± 533.96, tokens seen: 351928320, grad norm: 0.5198
[iter 5380]loss: 3.7497, tokens/sec: 26988.96 ± 533.47, tokens seen: 352583680, grad norm: 0.5041
[iter 5390]loss: 3.5832, tokens/sec: 26989.01 ± 532.97, tokens seen: 353239040, grad norm: 0.5072
[iter 5400]loss: 3.4719, tokens/sec: 26989.06 ± 532.48, tokens seen: 353894400, grad norm: 0.4812
[iter 5410]loss: 3.5241, tokens/sec: 26989.09 ± 531.99, tokens seen: 354549760, grad norm: 0.5199
[iter 5420]loss: 3.7816, tokens/sec: 26989.13 ± 531.50, tokens seen: 355205120, grad norm: 0.5024
[iter 5430]loss: 3.6447, tokens/sec: 26989.18 ± 531.01, tokens seen: 355860480, grad norm: 0.5388
[iter 5440]loss: 3.6340, tokens/sec: 26989.23 ± 530.53, tokens seen: 356515840, grad norm: 0.5618
[iter 5450]loss: 3.5120, tokens/sec: 26989.27 ± 530.04, tokens seen: 357171200, grad norm: 0.5454
[iter 5460]loss: 3.6706, tokens/sec: 26989.33 ± 529.56, tokens seen: 357826560, grad norm: 0.5125
[iter 5470]loss: 3.5212, tokens/sec: 26989.38 ± 529.07, tokens seen: 358481920, grad norm: 0.5293
[iter 5480]loss: 3.5756, tokens/sec: 26989.41 ± 528.59, tokens seen: 359137280, grad norm: 0.5078
[iter 5490]loss: 3.3385, tokens/sec: 26989.48 ± 528.11, tokens seen: 359792640, grad norm: 0.5744
[step 5500]train loss: 3.5822, val loss: 3.5821, (avg train loss: 0.8938 ± 0.0352), (avg grad norm: 0.5531 ± 0.0464)
saving checkpoint to ./out-owt-large-mhc-group-lora-midnorm-bs8-bs8-20000step
[iter 5500]loss: 3.4264, tokens/sec: 26989.53 ± 527.63, tokens seen: 360448000, grad norm: 0.5261
[iter 5510]loss: 3.5225, tokens/sec: 26989.60 ± 527.16, tokens seen: 361103360, grad norm: 0.5100
[iter 5520]loss: 3.3470, tokens/sec: 26988.37 ± 534.87, tokens seen: 361758720, grad norm: 0.5708
[iter 5530]loss: 3.4991, tokens/sec: 26988.42 ± 534.39, tokens seen: 362414080, grad norm: 0.5523
[iter 5540]loss: 3.5988, tokens/sec: 26988.48 ± 533.91, tokens seen: 363069440, grad norm: 0.5781
[iter 5550]loss: 3.5872, tokens/sec: 26988.53 ± 533.43, tokens seen: 363724800, grad norm: 0.5066
[iter 5560]loss: 3.5677, tokens/sec: 26988.58 ± 532.95, tokens seen: 364380160, grad norm: 0.5625
[iter 5570]loss: 3.7145, tokens/sec: 26988.63 ± 532.47, tokens seen: 365035520, grad norm: 0.5413
[iter 5580]loss: 3.5677, tokens/sec: 26988.68 ± 532.00, tokens seen: 365690880, grad norm: 0.5135
[iter 5590]loss: 3.4544, tokens/sec: 26988.73 ± 531.52, tokens seen: 366346240, grad norm: 0.5629
[iter 5600]loss: 3.7286, tokens/sec: 26988.76 ± 531.05, tokens seen: 367001600, grad norm: 0.5070
[iter 5610]loss: 3.2703, tokens/sec: 26988.82 ± 530.58, tokens seen: 367656960, grad norm: 0.5567
[iter 5620]loss: 3.6218, tokens/sec: 26988.87 ± 530.11, tokens seen: 368312320, grad norm: 0.6253
[iter 5630]loss: 3.3919, tokens/sec: 26988.92 ± 529.64, tokens seen: 368967680, grad norm: 0.6202
[iter 5640]loss: 3.6852, tokens/sec: 26988.96 ± 529.17, tokens seen: 369623040, grad norm: 0.7508
[iter 5650]loss: 3.6566, tokens/sec: 26989.01 ± 528.70, tokens seen: 370278400, grad norm: 0.6110
[iter 5660]loss: 3.6999, tokens/sec: 26989.03 ± 528.23, tokens seen: 370933760, grad norm: 0.4983
[iter 5670]loss: 3.4976, tokens/sec: 26989.03 ± 527.77, tokens seen: 371589120, grad norm: 0.7165
[iter 5680]loss: 3.4997, tokens/sec: 26989.08 ± 527.31, tokens seen: 372244480, grad norm: 0.5592
[iter 5690]loss: 3.5584, tokens/sec: 26989.13 ± 526.84, tokens seen: 372899840, grad norm: 0.5545
[iter 5700]loss: 3.6021, tokens/sec: 26989.18 ± 526.38, tokens seen: 373555200, grad norm: 0.5462
[iter 5710]loss: 3.5761, tokens/sec: 26989.23 ± 525.92, tokens seen: 374210560, grad norm: 0.4719
[iter 5720]loss: 3.4181, tokens/sec: 26989.28 ± 525.47, tokens seen: 374865920, grad norm: 0.5604
[iter 5730]loss: 3.4461, tokens/sec: 26989.32 ± 525.01, tokens seen: 375521280, grad norm: 0.5532
[iter 5740]loss: 3.5541, tokens/sec: 26989.36 ± 524.55, tokens seen: 376176640, grad norm: 0.7000
[iter 5750]loss: 3.4729, tokens/sec: 26989.41 ± 524.10, tokens seen: 376832000, grad norm: 0.6238
[iter 5760]loss: 3.6734, tokens/sec: 26989.45 ± 523.64, tokens seen: 377487360, grad norm: 0.6140
[iter 5770]loss: 3.4722, tokens/sec: 26989.49 ± 523.19, tokens seen: 378142720, grad norm: 0.4942
[iter 5780]loss: 3.6577, tokens/sec: 26989.53 ± 522.74, tokens seen: 378798080, grad norm: 0.5396
[iter 5790]loss: 3.6832, tokens/sec: 26989.57 ± 522.29, tokens seen: 379453440, grad norm: 0.5766
[iter 5800]loss: 3.9420, tokens/sec: 26989.63 ± 521.84, tokens seen: 380108800, grad norm: 0.5374
[iter 5810]loss: 3.2783, tokens/sec: 26989.67 ± 521.39, tokens seen: 380764160, grad norm: 0.5529
[iter 5820]loss: 3.3141, tokens/sec: 26989.72 ± 520.95, tokens seen: 381419520, grad norm: 0.4910
[iter 5830]loss: 3.5309, tokens/sec: 26989.76 ± 520.50, tokens seen: 382074880, grad norm: 0.4845
[iter 5840]loss: 3.5369, tokens/sec: 26989.80 ± 520.06, tokens seen: 382730240, grad norm: 0.5013
[iter 5850]loss: 3.5428, tokens/sec: 26989.85 ± 519.61, tokens seen: 383385600, grad norm: 0.5370
[iter 5860]loss: 3.6535, tokens/sec: 26989.89 ± 519.17, tokens seen: 384040960, grad norm: 0.6187
[iter 5870]loss: 3.5448, tokens/sec: 26989.92 ± 518.73, tokens seen: 384696320, grad norm: 0.5642
[iter 5880]loss: 3.7403, tokens/sec: 26989.97 ± 518.29, tokens seen: 385351680, grad norm: 0.5124
[iter 5890]loss: 3.5881, tokens/sec: 26990.01 ± 517.85, tokens seen: 386007040, grad norm: 0.6468
[iter 5900]loss: 3.7082, tokens/sec: 26990.06 ± 517.41, tokens seen: 386662400, grad norm: 0.5720
[iter 5910]loss: 3.6875, tokens/sec: 26990.08 ± 516.98, tokens seen: 387317760, grad norm: 0.5550
[iter 5920]loss: 3.7339, tokens/sec: 26990.12 ± 516.54, tokens seen: 387973120, grad norm: 0.5786
[iter 5930]loss: 3.5533, tokens/sec: 26990.15 ± 516.11, tokens seen: 388628480, grad norm: 0.5327
[iter 5940]loss: 3.5513, tokens/sec: 26990.20 ± 515.67, tokens seen: 389283840, grad norm: 0.6219
[iter 5950]loss: 3.4764, tokens/sec: 26990.25 ± 515.24, tokens seen: 389939200, grad norm: 0.5357
[iter 5960]loss: 3.5774, tokens/sec: 26990.29 ± 514.81, tokens seen: 390594560, grad norm: 0.5503
[iter 5970]loss: 3.6339, tokens/sec: 26990.34 ± 514.38, tokens seen: 391249920, grad norm: 0.5644
[iter 5980]loss: 3.4341, tokens/sec: 26990.38 ± 513.95, tokens seen: 391905280, grad norm: 0.6116
[iter 5990]loss: 3.6585, tokens/sec: 26990.42 ± 513.52, tokens seen: 392560640, grad norm: 0.5091
[step 6000]train loss: 3.5298, val loss: 3.5515, (avg train loss: 0.8855 ± 0.0336), (avg grad norm: 0.5596 ± 0.0560)
saving checkpoint to ./out-owt-large-mhc-group-lora-midnorm-bs8-bs8-20000step
[iter 6000]loss: 3.4200, tokens/sec: 26990.47 ± 513.10, tokens seen: 393216000, grad norm: 0.5301
[iter 6010]loss: 3.6483, tokens/sec: 26990.52 ± 512.67, tokens seen: 393871360, grad norm: 0.6068
[iter 6020]loss: 3.4061, tokens/sec: 26990.56 ± 512.25, tokens seen: 394526720, grad norm: 0.6139
[iter 6030]loss: 3.5226, tokens/sec: 26990.61 ± 511.82, tokens seen: 395182080, grad norm: 0.5423
[iter 6040]loss: 3.3232, tokens/sec: 26990.65 ± 511.40, tokens seen: 395837440, grad norm: 0.5624
[iter 6050]loss: 3.6913, tokens/sec: 26990.69 ± 510.98, tokens seen: 396492800, grad norm: 0.5252
[iter 6060]loss: 3.5921, tokens/sec: 26990.73 ± 510.56, tokens seen: 397148160, grad norm: 0.5662
[iter 6070]loss: 3.3823, tokens/sec: 26990.76 ± 510.14, tokens seen: 397803520, grad norm: 0.5331
[iter 6080]loss: 3.7229, tokens/sec: 26990.80 ± 509.72, tokens seen: 398458880, grad norm: 0.5805
[iter 6090]loss: 3.4943, tokens/sec: 26990.83 ± 509.30, tokens seen: 399114240, grad norm: 0.5859
[iter 6100]loss: 3.3106, tokens/sec: 26990.87 ± 508.89, tokens seen: 399769600, grad norm: 0.5161
[iter 6110]loss: 3.7748, tokens/sec: 26990.92 ± 508.47, tokens seen: 400424960, grad norm: 0.6008
[iter 6120]loss: 3.5946, tokens/sec: 26990.97 ± 508.06, tokens seen: 401080320, grad norm: 0.5076
[iter 6130]loss: 3.5000, tokens/sec: 26991.01 ± 507.64, tokens seen: 401735680, grad norm: 0.6877
[iter 6140]loss: 3.7596, tokens/sec: 26991.05 ± 507.23, tokens seen: 402391040, grad norm: 0.5439
[iter 6150]loss: 3.5277, tokens/sec: 26991.10 ± 506.82, tokens seen: 403046400, grad norm: 0.4925
[iter 6160]loss: 3.4235, tokens/sec: 26991.14 ± 506.41, tokens seen: 403701760, grad norm: 0.5982
[iter 6170]loss: 3.5535, tokens/sec: 26991.18 ± 506.00, tokens seen: 404357120, grad norm: 0.5353
[iter 6180]loss: 3.4281, tokens/sec: 26991.22 ± 505.59, tokens seen: 405012480, grad norm: 0.5595
[iter 6190]loss: 3.4967, tokens/sec: 26991.26 ± 505.19, tokens seen: 405667840, grad norm: 0.5667
[iter 6200]loss: 3.5611, tokens/sec: 26991.30 ± 504.78, tokens seen: 406323200, grad norm: 0.5518
[iter 6210]loss: 3.4231, tokens/sec: 26991.34 ± 504.37, tokens seen: 406978560, grad norm: 0.5898
[iter 6220]loss: 3.6376, tokens/sec: 26991.39 ± 503.97, tokens seen: 407633920, grad norm: 0.5087
[iter 6230]loss: 3.5823, tokens/sec: 26991.43 ± 503.57, tokens seen: 408289280, grad norm: 0.5656
[iter 6240]loss: 3.6448, tokens/sec: 26991.48 ± 503.16, tokens seen: 408944640, grad norm: 0.5434
[iter 6250]loss: 3.5971, tokens/sec: 26991.52 ± 502.76, tokens seen: 409600000, grad norm: 0.5557
[iter 6260]loss: 3.5164, tokens/sec: 26991.56 ± 502.36, tokens seen: 410255360, grad norm: 0.5654
[iter 6270]loss: 3.6510, tokens/sec: 26991.59 ± 501.96, tokens seen: 410910720, grad norm: 0.6186
[iter 6280]loss: 3.5649, tokens/sec: 26991.64 ± 501.57, tokens seen: 411566080, grad norm: 0.5384
[iter 6290]loss: 3.5641, tokens/sec: 26991.68 ± 501.17, tokens seen: 412221440, grad norm: 0.5714
[iter 6300]loss: 3.5063, tokens/sec: 26991.72 ± 500.77, tokens seen: 412876800, grad norm: 0.5976
[iter 6310]loss: 3.5582, tokens/sec: 26990.25 ± 514.57, tokens seen: 413532160, grad norm: 0.6041
[iter 6320]loss: 3.6484, tokens/sec: 26990.30 ± 514.16, tokens seen: 414187520, grad norm: 0.6196
[iter 6330]loss: 3.3479, tokens/sec: 26990.35 ± 513.76, tokens seen: 414842880, grad norm: 0.5757
[iter 6340]loss: 3.2149, tokens/sec: 26990.40 ± 513.35, tokens seen: 415498240, grad norm: 0.5067
[iter 6350]loss: 3.3375, tokens/sec: 26990.44 ± 512.95, tokens seen: 416153600, grad norm: 0.5818
[iter 6360]loss: 3.3413, tokens/sec: 26989.41 ± 519.60, tokens seen: 416808960, grad norm: 0.5897
[iter 6370]loss: 3.4812, tokens/sec: 26989.46 ± 519.20, tokens seen: 417464320, grad norm: 0.6227
[iter 6380]loss: 3.4868, tokens/sec: 26989.50 ± 518.79, tokens seen: 418119680, grad norm: 0.7410
[iter 6390]loss: 3.5740, tokens/sec: 26989.55 ± 518.39, tokens seen: 418775040, grad norm: 0.5878
[iter 6400]loss: 3.3491, tokens/sec: 26989.59 ± 517.98, tokens seen: 419430400, grad norm: 0.5350
[iter 6410]loss: 3.5977, tokens/sec: 26989.65 ± 517.58, tokens seen: 420085760, grad norm: 0.5184
[iter 6420]loss: 3.3067, tokens/sec: 26989.69 ± 517.18, tokens seen: 420741120, grad norm: 0.5137
[iter 6430]loss: 3.5909, tokens/sec: 26989.74 ± 516.78, tokens seen: 421396480, grad norm: 0.6233
[iter 6440]loss: 3.4637, tokens/sec: 26989.79 ± 516.38, tokens seen: 422051840, grad norm: 0.5524
[iter 6450]loss: 3.5391, tokens/sec: 26989.84 ± 515.98, tokens seen: 422707200, grad norm: 0.7112
[iter 6460]loss: 3.5212, tokens/sec: 26989.88 ± 515.58, tokens seen: 423362560, grad norm: 0.6252
[iter 6470]loss: 3.6091, tokens/sec: 26989.93 ± 515.19, tokens seen: 424017920, grad norm: 0.5920
[iter 6480]loss: 3.3758, tokens/sec: 26989.97 ± 514.79, tokens seen: 424673280, grad norm: 0.5338
[iter 6490]loss: 3.7037, tokens/sec: 26990.02 ± 514.39, tokens seen: 425328640, grad norm: 0.5654
[step 6500]train loss: 3.5030, val loss: 3.4985, (avg train loss: 0.8754 ± 0.0391), (avg grad norm: 0.5840 ± 0.0997)
saving checkpoint to ./out-owt-large-mhc-group-lora-midnorm-bs8-bs8-20000step
[iter 6500]loss: 3.4962, tokens/sec: 26990.06 ± 514.00, tokens seen: 425984000, grad norm: 0.6856
[iter 6510]loss: 3.6796, tokens/sec: 26990.10 ± 513.61, tokens seen: 426639360, grad norm: 0.5217
[iter 6520]loss: 3.8088, tokens/sec: 26990.16 ± 513.21, tokens seen: 427294720, grad norm: 0.6596
[iter 6530]loss: 3.5808, tokens/sec: 26990.21 ± 512.82, tokens seen: 427950080, grad norm: 0.7151
[iter 6540]loss: 3.6307, tokens/sec: 26990.25 ± 512.43, tokens seen: 428605440, grad norm: 0.5950
[iter 6550]loss: 3.6523, tokens/sec: 26990.30 ± 512.04, tokens seen: 429260800, grad norm: 0.5182
[iter 6560]loss: 3.5174, tokens/sec: 26990.34 ± 511.65, tokens seen: 429916160, grad norm: 0.5594
[iter 6570]loss: 3.1366, tokens/sec: 26990.38 ± 511.27, tokens seen: 430571520, grad norm: 0.5679
[iter 6580]loss: 3.6838, tokens/sec: 26990.43 ± 510.88, tokens seen: 431226880, grad norm: 0.7421
[iter 6590]loss: 3.4750, tokens/sec: 26990.47 ± 510.49, tokens seen: 431882240, grad norm: 0.6564
[iter 6600]loss: 3.5887, tokens/sec: 26990.52 ± 510.11, tokens seen: 432537600, grad norm: 0.5272
[iter 6610]loss: 3.6458, tokens/sec: 26990.56 ± 509.72, tokens seen: 433192960, grad norm: 0.5171
[iter 6620]loss: 3.2105, tokens/sec: 26990.60 ± 509.34, tokens seen: 433848320, grad norm: 0.6118
[iter 6630]loss: 3.4842, tokens/sec: 26990.65 ± 508.96, tokens seen: 434503680, grad norm: 0.5002
[iter 6640]loss: 3.5791, tokens/sec: 26990.67 ± 508.57, tokens seen: 435159040, grad norm: 0.7376
[iter 6650]loss: 3.2236, tokens/sec: 26990.71 ± 508.19, tokens seen: 435814400, grad norm: 0.5608
[iter 6660]loss: 3.6395, tokens/sec: 26990.75 ± 507.81, tokens seen: 436469760, grad norm: 0.5808
[iter 6670]loss: 3.4683, tokens/sec: 26990.80 ± 507.43, tokens seen: 437125120, grad norm: 0.6094
[iter 6680]loss: 3.6613, tokens/sec: 26990.83 ± 507.05, tokens seen: 437780480, grad norm: 0.5246
[iter 6690]loss: 3.5350, tokens/sec: 26990.88 ± 506.68, tokens seen: 438435840, grad norm: 0.5284
[iter 6700]loss: 3.5529, tokens/sec: 26990.92 ± 506.30, tokens seen: 439091200, grad norm: 0.5169
[iter 6710]loss: 3.4948, tokens/sec: 26990.95 ± 505.92, tokens seen: 439746560, grad norm: 0.6490
[iter 6720]loss: 3.6329, tokens/sec: 26990.99 ± 505.55, tokens seen: 440401920, grad norm: 0.5214
[iter 6730]loss: 3.5850, tokens/sec: 26991.02 ± 505.17, tokens seen: 441057280, grad norm: 0.5913
[iter 6740]loss: 3.6408, tokens/sec: 26991.05 ± 504.80, tokens seen: 441712640, grad norm: 0.5200
[iter 6750]loss: 3.6613, tokens/sec: 26991.09 ± 504.42, tokens seen: 442368000, grad norm: 0.6796
[iter 6760]loss: 3.5980, tokens/sec: 26991.12 ± 504.05, tokens seen: 443023360, grad norm: 0.6671
[iter 6770]loss: 3.5026, tokens/sec: 26991.15 ± 503.68, tokens seen: 443678720, grad norm: 0.5479
[iter 6780]loss: 3.3375, tokens/sec: 26991.19 ± 503.31, tokens seen: 444334080, grad norm: 0.5336
[iter 6790]loss: 3.4301, tokens/sec: 26991.22 ± 502.94, tokens seen: 444989440, grad norm: 0.5319
[iter 6800]loss: 3.6017, tokens/sec: 26991.26 ± 502.57, tokens seen: 445644800, grad norm: 0.5873
[iter 6810]loss: 3.3439, tokens/sec: 26991.29 ± 502.20, tokens seen: 446300160, grad norm: 0.5574
[iter 6820]loss: 3.3861, tokens/sec: 26991.32 ± 501.84, tokens seen: 446955520, grad norm: 0.6041
[iter 6830]loss: 3.7373, tokens/sec: 26991.35 ± 501.47, tokens seen: 447610880, grad norm: 0.5274
[iter 6840]loss: 3.1496, tokens/sec: 26991.39 ± 501.10, tokens seen: 448266240, grad norm: 0.6399
[iter 6850]loss: 3.6438, tokens/sec: 26991.42 ± 500.74, tokens seen: 448921600, grad norm: 0.5373
[iter 6860]loss: 3.2316, tokens/sec: 26991.46 ± 500.38, tokens seen: 449576960, grad norm: 0.5816
[iter 6870]loss: 3.5125, tokens/sec: 26991.49 ± 500.01, tokens seen: 450232320, grad norm: 0.5265
[iter 6880]loss: 3.6323, tokens/sec: 26991.53 ± 499.65, tokens seen: 450887680, grad norm: 0.5275
[iter 6890]loss: 3.7080, tokens/sec: 26991.56 ± 499.29, tokens seen: 451543040, grad norm: 0.5422
[iter 6900]loss: 3.5951, tokens/sec: 26991.61 ± 498.93, tokens seen: 452198400, grad norm: 0.5332
[iter 6910]loss: 3.4458, tokens/sec: 26991.65 ± 498.57, tokens seen: 452853760, grad norm: 0.5109
[iter 6920]loss: 3.4934, tokens/sec: 26991.68 ± 498.21, tokens seen: 453509120, grad norm: 0.5035
[iter 6930]loss: 3.5266, tokens/sec: 26991.72 ± 497.85, tokens seen: 454164480, grad norm: 0.5865
[iter 6940]loss: 3.4720, tokens/sec: 26991.75 ± 497.49, tokens seen: 454819840, grad norm: 0.7033
[iter 6950]loss: 3.4292, tokens/sec: 26991.77 ± 497.13, tokens seen: 455475200, grad norm: 0.5729
[iter 6960]loss: 3.5687, tokens/sec: 26991.79 ± 496.78, tokens seen: 456130560, grad norm: 0.5503
[iter 6970]loss: 3.3804, tokens/sec: 26991.82 ± 496.42, tokens seen: 456785920, grad norm: 0.5566
[iter 6980]loss: 3.1550, tokens/sec: 26991.84 ± 496.07, tokens seen: 457441280, grad norm: 0.5166
[iter 6990]loss: 3.3805, tokens/sec: 26991.86 ± 495.71, tokens seen: 458096640, grad norm: 0.5175
[step 7000]train loss: 3.4826, val loss: 3.5066, (avg train loss: 0.8756 ± 0.0345), (avg grad norm: 0.5776 ± 0.0668)
[iter 7000]loss: 3.5137, tokens/sec: 26991.89 ± 495.36, tokens seen: 458752000, grad norm: 0.5655
[iter 7010]loss: 3.4217, tokens/sec: 26991.93 ± 495.01, tokens seen: 459407360, grad norm: 0.5401
[iter 7020]loss: 3.6213, tokens/sec: 26991.96 ± 494.66, tokens seen: 460062720, grad norm: 0.5142
[iter 7030]loss: 3.5222, tokens/sec: 26991.99 ± 494.30, tokens seen: 460718080, grad norm: 0.5846
[iter 7040]loss: 3.1450, tokens/sec: 26992.03 ± 493.95, tokens seen: 461373440, grad norm: 0.5337
[iter 7050]loss: 3.7143, tokens/sec: 26992.06 ± 493.60, tokens seen: 462028800, grad norm: 0.5139
[iter 7060]loss: 3.4895, tokens/sec: 26992.09 ± 493.26, tokens seen: 462684160, grad norm: 0.5415
[iter 7070]loss: 3.5854, tokens/sec: 26992.12 ± 492.91, tokens seen: 463339520, grad norm: 0.5821
[iter 7080]loss: 3.6351, tokens/sec: 26992.14 ± 492.56, tokens seen: 463994880, grad norm: 0.5065
[iter 7090]loss: 3.3664, tokens/sec: 26992.17 ± 492.21, tokens seen: 464650240, grad norm: 0.7032
[iter 7100]loss: 3.5719, tokens/sec: 26992.20 ± 491.87, tokens seen: 465305600, grad norm: 0.6295
[iter 7110]loss: 3.5276, tokens/sec: 26992.23 ± 491.52, tokens seen: 465960960, grad norm: 0.5686
[iter 7120]loss: 3.4645, tokens/sec: 26992.26 ± 491.18, tokens seen: 466616320, grad norm: 0.5749
[iter 7130]loss: 3.3932, tokens/sec: 26992.29 ± 490.83, tokens seen: 467271680, grad norm: 0.8725
[iter 7140]loss: 3.3498, tokens/sec: 26992.33 ± 490.49, tokens seen: 467927040, grad norm: 0.6122
[iter 7150]loss: 3.2932, tokens/sec: 26992.36 ± 490.15, tokens seen: 468582400, grad norm: 0.6402
[iter 7160]loss: 3.4327, tokens/sec: 26992.39 ± 489.81, tokens seen: 469237760, grad norm: 0.5902
[iter 7170]loss: 3.4641, tokens/sec: 26992.42 ± 489.47, tokens seen: 469893120, grad norm: 0.5218
[iter 7180]loss: 3.4906, tokens/sec: 26992.45 ± 489.13, tokens seen: 470548480, grad norm: 0.6200
[iter 7190]loss: 3.5720, tokens/sec: 26992.48 ± 488.79, tokens seen: 471203840, grad norm: 0.6049
[iter 7200]loss: 3.5054, tokens/sec: 26991.52 ± 495.38, tokens seen: 471859200, grad norm: 0.5242
[iter 7210]loss: 3.5007, tokens/sec: 26991.55 ± 495.03, tokens seen: 472514560, grad norm: 0.5473
[iter 7220]loss: 3.4074, tokens/sec: 26991.58 ± 494.69, tokens seen: 473169920, grad norm: 0.5315
[iter 7230]loss: 3.2059, tokens/sec: 26991.61 ± 494.35, tokens seen: 473825280, grad norm: 0.5807
[iter 7240]loss: 3.3442, tokens/sec: 26991.64 ± 494.01, tokens seen: 474480640, grad norm: 0.7144
[iter 7250]loss: 3.2700, tokens/sec: 26991.67 ± 493.67, tokens seen: 475136000, grad norm: 0.5504
[iter 7260]loss: 3.5318, tokens/sec: 26991.70 ± 493.33, tokens seen: 475791360, grad norm: 0.5949
[iter 7270]loss: 3.5764, tokens/sec: 26991.71 ± 492.99, tokens seen: 476446720, grad norm: 0.5434
[iter 7280]loss: 3.4524, tokens/sec: 26991.74 ± 492.65, tokens seen: 477102080, grad norm: 0.5553
[iter 7290]loss: 3.5649, tokens/sec: 26991.76 ± 492.32, tokens seen: 477757440, grad norm: 0.6478
[iter 7300]loss: 3.5963, tokens/sec: 26991.78 ± 491.98, tokens seen: 478412800, grad norm: 0.5677
[iter 7310]loss: 3.5768, tokens/sec: 26991.80 ± 491.64, tokens seen: 479068160, grad norm: 0.8214
[iter 7320]loss: 3.2122, tokens/sec: 26991.83 ± 491.31, tokens seen: 479723520, grad norm: 0.6735
[iter 7330]loss: 3.5002, tokens/sec: 26991.85 ± 490.97, tokens seen: 480378880, grad norm: 0.5425
[iter 7340]loss: 3.3339, tokens/sec: 26991.88 ± 490.64, tokens seen: 481034240, grad norm: 0.6122
[iter 7350]loss: 3.2905, tokens/sec: 26991.91 ± 490.31, tokens seen: 481689600, grad norm: 0.5047
[iter 7360]loss: 3.4379, tokens/sec: 26991.94 ± 489.97, tokens seen: 482344960, grad norm: 0.5677
[iter 7370]loss: 3.4051, tokens/sec: 26991.98 ± 489.64, tokens seen: 483000320, grad norm: 0.6034
[iter 7380]loss: 3.3747, tokens/sec: 26990.71 ± 501.94, tokens seen: 483655680, grad norm: 0.6084
[iter 7390]loss: 3.4427, tokens/sec: 26990.74 ± 501.60, tokens seen: 484311040, grad norm: 0.5806
[iter 7400]loss: 3.4165, tokens/sec: 26990.78 ± 501.26, tokens seen: 484966400, grad norm: 0.6745
[iter 7410]loss: 3.3305, tokens/sec: 26990.81 ± 500.92, tokens seen: 485621760, grad norm: 0.5563
[iter 7420]loss: 3.4018, tokens/sec: 26990.84 ± 500.59, tokens seen: 486277120, grad norm: 0.5912
[iter 7430]loss: 3.4862, tokens/sec: 26990.87 ± 500.25, tokens seen: 486932480, grad norm: 0.5275
[iter 7440]loss: 3.4932, tokens/sec: 26990.90 ± 499.91, tokens seen: 487587840, grad norm: 0.5362
[iter 7450]loss: 3.4323, tokens/sec: 26990.93 ± 499.58, tokens seen: 488243200, grad norm: 0.6752
[iter 7460]loss: 3.5181, tokens/sec: 26990.96 ± 499.25, tokens seen: 488898560, grad norm: 0.6027
[iter 7470]loss: 3.4458, tokens/sec: 26990.99 ± 498.91, tokens seen: 489553920, grad norm: 0.5973
[iter 7480]loss: 3.5064, tokens/sec: 26991.03 ± 498.58, tokens seen: 490209280, grad norm: 0.5969
[iter 7490]loss: 3.4353, tokens/sec: 26991.06 ± 498.25, tokens seen: 490864640, grad norm: 0.5605
[step 7500]train loss: 3.4528, val loss: 3.4565, (avg train loss: 0.8644 ± 0.0346), (avg grad norm: 0.5981 ± 0.0733)
saving checkpoint to ./out-owt-large-mhc-group-lora-midnorm-bs8-bs8-20000step
[iter 7500]loss: 3.3917, tokens/sec: 26991.09 ± 497.92, tokens seen: 491520000, grad norm: 0.5709
[iter 7510]loss: 3.3985, tokens/sec: 26991.14 ± 497.59, tokens seen: 492175360, grad norm: 0.6503
[iter 7520]loss: 3.4641, tokens/sec: 26991.18 ± 497.26, tokens seen: 492830720, grad norm: 0.5682
[iter 7530]loss: 3.7701, tokens/sec: 26991.21 ± 496.93, tokens seen: 493486080, grad norm: 0.5463
[iter 7540]loss: 3.5548, tokens/sec: 26991.26 ± 496.60, tokens seen: 494141440, grad norm: 0.8484
[iter 7550]loss: 3.5864, tokens/sec: 26991.29 ± 496.27, tokens seen: 494796800, grad norm: 0.6201
[iter 7560]loss: 3.7406, tokens/sec: 26991.32 ± 495.94, tokens seen: 495452160, grad norm: 0.5265
[iter 7570]loss: 3.3439, tokens/sec: 26991.35 ± 495.62, tokens seen: 496107520, grad norm: 0.6427
[iter 7580]loss: 3.4675, tokens/sec: 26991.39 ± 495.29, tokens seen: 496762880, grad norm: 0.5808
[iter 7590]loss: 3.4367, tokens/sec: 26991.42 ± 494.97, tokens seen: 497418240, grad norm: 0.6324
[iter 7600]loss: 3.3461, tokens/sec: 26991.45 ± 494.64, tokens seen: 498073600, grad norm: 0.5741
[iter 7610]loss: 3.3465, tokens/sec: 26991.48 ± 494.32, tokens seen: 498728960, grad norm: 0.6039
[iter 7620]loss: 3.4343, tokens/sec: 26991.52 ± 493.99, tokens seen: 499384320, grad norm: 0.5746
[iter 7630]loss: 3.5945, tokens/sec: 26991.54 ± 493.67, tokens seen: 500039680, grad norm: 0.5609
[iter 7640]loss: 3.4221, tokens/sec: 26991.58 ± 493.35, tokens seen: 500695040, grad norm: 0.5210
[iter 7650]loss: 3.2408, tokens/sec: 26991.60 ± 493.03, tokens seen: 501350400, grad norm: 0.5440
[iter 7660]loss: 3.1400, tokens/sec: 26991.64 ± 492.71, tokens seen: 502005760, grad norm: 0.5080
[iter 7670]loss: 3.3476, tokens/sec: 26991.67 ± 492.39, tokens seen: 502661120, grad norm: 0.5861
[iter 7680]loss: 3.6305, tokens/sec: 26991.68 ± 492.07, tokens seen: 503316480, grad norm: 0.9169
[iter 7690]loss: 3.3802, tokens/sec: 26991.72 ± 491.75, tokens seen: 503971840, grad norm: 0.6172
[iter 7700]loss: 3.6493, tokens/sec: 26991.74 ± 491.43, tokens seen: 504627200, grad norm: 0.6380
[iter 7710]loss: 3.7093, tokens/sec: 26991.76 ± 491.11, tokens seen: 505282560, grad norm: 0.5325
[iter 7720]loss: 3.5453, tokens/sec: 26991.76 ± 490.79, tokens seen: 505937920, grad norm: 0.5091
[iter 7730]loss: 3.5480, tokens/sec: 26991.75 ± 490.48, tokens seen: 506593280, grad norm: 0.5812
[iter 7740]loss: 3.4707, tokens/sec: 26991.77 ± 490.16, tokens seen: 507248640, grad norm: 0.7577
[iter 7750]loss: 3.4602, tokens/sec: 26991.81 ± 489.84, tokens seen: 507904000, grad norm: 0.5241
[iter 7760]loss: 3.2718, tokens/sec: 26991.84 ± 489.53, tokens seen: 508559360, grad norm: 0.5230
[iter 7770]loss: 3.2601, tokens/sec: 26991.87 ± 489.22, tokens seen: 509214720, grad norm: 0.5582
[iter 7780]loss: 3.4249, tokens/sec: 26991.90 ± 488.90, tokens seen: 509870080, grad norm: 0.6578
[iter 7790]loss: 3.4799, tokens/sec: 26991.93 ± 488.59, tokens seen: 510525440, grad norm: 0.5619
[iter 7800]loss: 3.3703, tokens/sec: 26991.96 ± 488.28, tokens seen: 511180800, grad norm: 0.5909
[iter 7810]loss: 3.6275, tokens/sec: 26992.00 ± 487.97, tokens seen: 511836160, grad norm: 0.5284
[iter 7820]loss: 3.6170, tokens/sec: 26992.03 ± 487.65, tokens seen: 512491520, grad norm: 0.6686
[iter 7830]loss: 3.5060, tokens/sec: 26992.07 ± 487.34, tokens seen: 513146880, grad norm: 0.5728
[iter 7840]loss: 3.4830, tokens/sec: 26992.10 ± 487.03, tokens seen: 513802240, grad norm: 0.6188
[iter 7850]loss: 3.3726, tokens/sec: 26992.13 ± 486.72, tokens seen: 514457600, grad norm: 0.5966
[iter 7860]loss: 3.3500, tokens/sec: 26992.17 ± 486.42, tokens seen: 515112960, grad norm: 0.6758
[iter 7870]loss: 3.3677, tokens/sec: 26992.19 ± 486.11, tokens seen: 515768320, grad norm: 0.5647
[iter 7880]loss: 3.3161, tokens/sec: 26992.22 ± 485.80, tokens seen: 516423680, grad norm: 0.5310
[iter 7890]loss: 2.9396, tokens/sec: 26992.24 ± 485.49, tokens seen: 517079040, grad norm: 0.5361
[iter 7900]loss: 3.3518, tokens/sec: 26992.28 ± 485.19, tokens seen: 517734400, grad norm: 0.6729
[iter 7910]loss: 3.5747, tokens/sec: 26992.30 ± 484.88, tokens seen: 518389760, grad norm: 0.6278
[iter 7920]loss: 3.5456, tokens/sec: 26992.31 ± 484.57, tokens seen: 519045120, grad norm: 0.6175
[iter 7930]loss: 3.3332, tokens/sec: 26992.33 ± 484.27, tokens seen: 519700480, grad norm: 0.6070
[iter 7940]loss: 3.1838, tokens/sec: 26992.35 ± 483.96, tokens seen: 520355840, grad norm: 0.7111
[iter 7950]loss: 3.3597, tokens/sec: 26992.36 ± 483.66, tokens seen: 521011200, grad norm: 0.7467
[iter 7960]loss: 3.4970, tokens/sec: 26992.38 ± 483.36, tokens seen: 521666560, grad norm: 0.7035
[iter 7970]loss: 3.4636, tokens/sec: 26992.41 ± 483.06, tokens seen: 522321920, grad norm: 0.6718
[iter 7980]loss: 3.4707, tokens/sec: 26992.40 ± 482.75, tokens seen: 522977280, grad norm: 0.6321
[iter 7990]loss: 3.3449, tokens/sec: 26992.41 ± 482.45, tokens seen: 523632640, grad norm: 0.5651
[step 8000]train loss: 3.4443, val loss: 3.4584, (avg train loss: 0.8607 ± 0.0375), (avg grad norm: 0.6038 ± 0.0561)
[iter 8000]loss: 3.4416, tokens/sec: 26992.44 ± 482.15, tokens seen: 524288000, grad norm: 0.6044
[iter 8010]loss: 2.9887, tokens/sec: 26992.45 ± 481.85, tokens seen: 524943360, grad norm: 0.6670
[iter 8020]loss: 3.4000, tokens/sec: 26992.48 ± 481.55, tokens seen: 525598720, grad norm: 0.5785
[iter 8030]loss: 3.3539, tokens/sec: 26992.49 ± 481.25, tokens seen: 526254080, grad norm: 0.5801
[iter 8040]loss: 3.3235, tokens/sec: 26991.67 ± 486.92, tokens seen: 526909440, grad norm: 0.5666
[iter 8050]loss: 3.3245, tokens/sec: 26991.69 ± 486.61, tokens seen: 527564800, grad norm: 0.5681
[iter 8060]loss: 3.4534, tokens/sec: 26991.73 ± 486.31, tokens seen: 528220160, grad norm: 0.6117
[iter 8070]loss: 3.3476, tokens/sec: 26991.76 ± 486.01, tokens seen: 528875520, grad norm: 0.5703
[iter 8080]loss: 3.2604, tokens/sec: 26991.78 ± 485.71, tokens seen: 529530880, grad norm: 0.5464
[iter 8090]loss: 3.5849, tokens/sec: 26991.81 ± 485.41, tokens seen: 530186240, grad norm: 0.6514
[iter 8100]loss: 3.2482, tokens/sec: 26991.84 ± 485.11, tokens seen: 530841600, grad norm: 0.6608
[iter 8110]loss: 3.4537, tokens/sec: 26991.86 ± 484.82, tokens seen: 531496960, grad norm: 0.6036
[iter 8120]loss: 3.1336, tokens/sec: 26991.90 ± 484.52, tokens seen: 532152320, grad norm: 0.5716
[iter 8130]loss: 3.2588, tokens/sec: 26991.92 ± 484.22, tokens seen: 532807680, grad norm: 0.6976
[iter 8140]loss: 3.3273, tokens/sec: 26991.94 ± 483.92, tokens seen: 533463040, grad norm: 0.5587
[iter 8150]loss: 3.3763, tokens/sec: 26991.97 ± 483.63, tokens seen: 534118400, grad norm: 0.5915
[iter 8160]loss: 3.6048, tokens/sec: 26992.00 ± 483.33, tokens seen: 534773760, grad norm: 0.5409
[iter 8170]loss: 3.3841, tokens/sec: 26992.03 ± 483.04, tokens seen: 535429120, grad norm: 0.5684
[iter 8180]loss: 3.3373, tokens/sec: 26992.05 ± 482.74, tokens seen: 536084480, grad norm: 0.6191
[iter 8190]loss: 3.3003, tokens/sec: 26992.08 ± 482.45, tokens seen: 536739840, grad norm: 0.6342
[iter 8200]loss: 3.3294, tokens/sec: 26992.11 ± 482.16, tokens seen: 537395200, grad norm: 0.5532
[iter 8210]loss: 3.2912, tokens/sec: 26992.13 ± 481.86, tokens seen: 538050560, grad norm: 0.5613
[iter 8220]loss: 3.0502, tokens/sec: 26992.15 ± 481.57, tokens seen: 538705920, grad norm: 0.6476
[iter 8230]loss: 3.3688, tokens/sec: 26992.18 ± 481.28, tokens seen: 539361280, grad norm: 0.5435
[iter 8240]loss: 3.3721, tokens/sec: 26992.21 ± 480.99, tokens seen: 540016640, grad norm: 0.5584
[iter 8250]loss: 3.2982, tokens/sec: 26992.23 ± 480.70, tokens seen: 540672000, grad norm: 0.5360
[iter 8260]loss: 3.5685, tokens/sec: 26992.26 ± 480.41, tokens seen: 541327360, grad norm: 0.6019
[iter 8270]loss: 3.4304, tokens/sec: 26992.28 ± 480.12, tokens seen: 541982720, grad norm: 0.7100
[iter 8280]loss: 3.5340, tokens/sec: 26992.31 ± 479.83, tokens seen: 542638080, grad norm: 0.5586
[iter 8290]loss: 3.3459, tokens/sec: 26992.34 ± 479.54, tokens seen: 543293440, grad norm: 0.6884
[iter 8300]loss: 3.7755, tokens/sec: 26992.36 ± 479.25, tokens seen: 543948800, grad norm: 0.7182
[iter 8310]loss: 3.5276, tokens/sec: 26992.39 ± 478.96, tokens seen: 544604160, grad norm: 0.5870
[iter 8320]loss: 3.1272, tokens/sec: 26992.41 ± 478.68, tokens seen: 545259520, grad norm: 0.6793
[iter 8330]loss: 3.3782, tokens/sec: 26992.43 ± 478.39, tokens seen: 545914880, grad norm: 0.6061
[iter 8340]loss: 3.2767, tokens/sec: 26992.45 ± 478.10, tokens seen: 546570240, grad norm: 0.6423
[iter 8350]loss: 3.4397, tokens/sec: 26992.48 ± 477.82, tokens seen: 547225600, grad norm: 0.6173
[iter 8360]loss: 3.5108, tokens/sec: 26992.50 ± 477.53, tokens seen: 547880960, grad norm: 0.5643
[iter 8370]loss: 3.5134, tokens/sec: 26992.53 ± 477.25, tokens seen: 548536320, grad norm: 0.5360
[iter 8380]loss: 3.2327, tokens/sec: 26992.55 ± 476.96, tokens seen: 549191680, grad norm: 0.6877
[iter 8390]loss: 3.1183, tokens/sec: 26992.58 ± 476.68, tokens seen: 549847040, grad norm: 0.6050
[iter 8400]loss: 3.5989, tokens/sec: 26992.58 ± 476.40, tokens seen: 550502400, grad norm: 0.6026
[iter 8410]loss: 3.5569, tokens/sec: 26992.61 ± 476.11, tokens seen: 551157760, grad norm: 0.5722
[iter 8420]loss: 3.2764, tokens/sec: 26992.64 ± 475.83, tokens seen: 551813120, grad norm: 0.6181
[iter 8430]loss: 3.4402, tokens/sec: 26992.67 ± 475.55, tokens seen: 552468480, grad norm: 0.7782
[iter 8440]loss: 3.2421, tokens/sec: 26992.69 ± 475.27, tokens seen: 553123840, grad norm: 0.6552
[iter 8450]loss: 3.4698, tokens/sec: 26991.58 ± 486.55, tokens seen: 553779200, grad norm: 0.6077
[iter 8460]loss: 3.3350, tokens/sec: 26991.61 ± 486.27, tokens seen: 554434560, grad norm: 0.5751
[iter 8470]loss: 3.3993, tokens/sec: 26991.64 ± 485.98, tokens seen: 555089920, grad norm: 0.5724
[iter 8480]loss: 3.6076, tokens/sec: 26991.67 ± 485.69, tokens seen: 555745280, grad norm: 0.5755
[iter 8490]loss: 3.2067, tokens/sec: 26991.69 ± 485.41, tokens seen: 556400640, grad norm: 0.5581
[step 8500]train loss: 3.4022, val loss: 3.4147, (avg train loss: 0.8520 ± 0.0367), (avg grad norm: 0.6053 ± 0.0545)
saving checkpoint to ./out-owt-large-mhc-group-lora-midnorm-bs8-bs8-20000step
[iter 8500]loss: 3.5204, tokens/sec: 26991.72 ± 485.12, tokens seen: 557056000, grad norm: 0.5466
[iter 8510]loss: 3.4090, tokens/sec: 26991.75 ± 484.84, tokens seen: 557711360, grad norm: 0.5349
[iter 8520]loss: 3.3229, tokens/sec: 26991.78 ± 484.56, tokens seen: 558366720, grad norm: 0.5730
[iter 8530]loss: 3.3100, tokens/sec: 26991.80 ± 484.27, tokens seen: 559022080, grad norm: 0.5773
[iter 8540]loss: 3.4292, tokens/sec: 26991.83 ± 483.99, tokens seen: 559677440, grad norm: 0.5620
[iter 8550]loss: 3.2977, tokens/sec: 26991.84 ± 483.71, tokens seen: 560332800, grad norm: 0.6435
[iter 8560]loss: 3.5397, tokens/sec: 26991.85 ± 483.43, tokens seen: 560988160, grad norm: 0.6016
[iter 8570]loss: 3.5572, tokens/sec: 26991.88 ± 483.14, tokens seen: 561643520, grad norm: 0.6176
[iter 8580]loss: 3.2949, tokens/sec: 26991.90 ± 482.86, tokens seen: 562298880, grad norm: 0.5970
[iter 8590]loss: 3.2722, tokens/sec: 26991.92 ± 482.58, tokens seen: 562954240, grad norm: 0.5911
[iter 8600]loss: 3.5760, tokens/sec: 26991.95 ± 482.30, tokens seen: 563609600, grad norm: 0.5523
[iter 8610]loss: 3.1226, tokens/sec: 26991.98 ± 482.02, tokens seen: 564264960, grad norm: 0.6010
[iter 8620]loss: 3.4966, tokens/sec: 26992.01 ± 481.75, tokens seen: 564920320, grad norm: 0.6766
[iter 8630]loss: 3.5543, tokens/sec: 26992.04 ± 481.47, tokens seen: 565575680, grad norm: 0.6547
[iter 8640]loss: 3.2920, tokens/sec: 26992.07 ± 481.19, tokens seen: 566231040, grad norm: 0.6448
[iter 8650]loss: 3.4748, tokens/sec: 26992.10 ± 480.91, tokens seen: 566886400, grad norm: 0.6055
[iter 8660]loss: 3.4434, tokens/sec: 26992.09 ± 480.63, tokens seen: 567541760, grad norm: 0.5656
[iter 8670]loss: 3.2451, tokens/sec: 26992.12 ± 480.36, tokens seen: 568197120, grad norm: 0.6202
[iter 8680]loss: 3.2876, tokens/sec: 26992.14 ± 480.08, tokens seen: 568852480, grad norm: 0.5933
[iter 8690]loss: 3.5211, tokens/sec: 26992.17 ± 479.81, tokens seen: 569507840, grad norm: 0.5745
[iter 8700]loss: 3.6406, tokens/sec: 26992.20 ± 479.53, tokens seen: 570163200, grad norm: 0.5954
[iter 8710]loss: 3.6560, tokens/sec: 26992.22 ± 479.26, tokens seen: 570818560, grad norm: 0.8293
[iter 8720]loss: 3.5457, tokens/sec: 26992.25 ± 478.98, tokens seen: 571473920, grad norm: 0.6260
[iter 8730]loss: 3.3607, tokens/sec: 26992.28 ± 478.71, tokens seen: 572129280, grad norm: 0.6381
[iter 8740]loss: 3.2564, tokens/sec: 26992.31 ± 478.44, tokens seen: 572784640, grad norm: 0.6770
[iter 8750]loss: 3.3885, tokens/sec: 26992.33 ± 478.16, tokens seen: 573440000, grad norm: 0.6043
[iter 8760]loss: 3.4171, tokens/sec: 26992.35 ± 477.89, tokens seen: 574095360, grad norm: 0.6826
[iter 8770]loss: 3.6444, tokens/sec: 26992.38 ± 477.62, tokens seen: 574750720, grad norm: 0.6214
[iter 8780]loss: 3.4338, tokens/sec: 26992.40 ± 477.35, tokens seen: 575406080, grad norm: 0.6460
[iter 8790]loss: 2.9590, tokens/sec: 26992.42 ± 477.08, tokens seen: 576061440, grad norm: 0.6058
[iter 8800]loss: 3.5882, tokens/sec: 26992.44 ± 476.81, tokens seen: 576716800, grad norm: 0.6014
[iter 8810]loss: 3.3694, tokens/sec: 26992.46 ± 476.54, tokens seen: 577372160, grad norm: 0.5623
[iter 8820]loss: 3.3931, tokens/sec: 26992.49 ± 476.27, tokens seen: 578027520, grad norm: 0.6536
[iter 8830]loss: 3.3788, tokens/sec: 26992.48 ± 476.00, tokens seen: 578682880, grad norm: 0.6670
[iter 8840]loss: 3.6143, tokens/sec: 26992.49 ± 475.73, tokens seen: 579338240, grad norm: 0.6837
[iter 8850]loss: 3.3798, tokens/sec: 26992.53 ± 475.46, tokens seen: 579993600, grad norm: 0.6203
[iter 8860]loss: 3.4439, tokens/sec: 26992.55 ± 475.19, tokens seen: 580648960, grad norm: 0.7546
[iter 8870]loss: 3.2861, tokens/sec: 26992.56 ± 474.93, tokens seen: 581304320, grad norm: 0.6784
[iter 8880]loss: 3.3465, tokens/sec: 26991.81 ± 480.25, tokens seen: 581959680, grad norm: 0.5816
[iter 8890]loss: 3.3839, tokens/sec: 26991.84 ± 479.98, tokens seen: 582615040, grad norm: 0.6796
[iter 8900]loss: 3.6267, tokens/sec: 26991.87 ± 479.71, tokens seen: 583270400, grad norm: 0.6674
[iter 8910]loss: 3.3178, tokens/sec: 26991.90 ± 479.44, tokens seen: 583925760, grad norm: 0.6976
[iter 8920]loss: 3.5558, tokens/sec: 26991.93 ± 479.17, tokens seen: 584581120, grad norm: 0.6135
[iter 8930]loss: 3.2733, tokens/sec: 26991.96 ± 478.91, tokens seen: 585236480, grad norm: 0.5735
[iter 8940]loss: 3.4897, tokens/sec: 26991.99 ± 478.64, tokens seen: 585891840, grad norm: 0.7439
[iter 8950]loss: 3.1953, tokens/sec: 26992.01 ± 478.37, tokens seen: 586547200, grad norm: 0.7530
[iter 8960]loss: 3.5392, tokens/sec: 26992.04 ± 478.11, tokens seen: 587202560, grad norm: 0.6244
[iter 8970]loss: 3.4582, tokens/sec: 26992.07 ± 477.84, tokens seen: 587857920, grad norm: 0.5885
[iter 8980]loss: 3.4566, tokens/sec: 26992.10 ± 477.57, tokens seen: 588513280, grad norm: 0.5999
[iter 8990]loss: 3.6563, tokens/sec: 26992.12 ± 477.31, tokens seen: 589168640, grad norm: 0.6700
[step 9000]train loss: 3.3952, val loss: 3.3944, (avg train loss: 0.8515 ± 0.0326), (avg grad norm: 0.6340 ± 0.0590)
saving checkpoint to ./out-owt-large-mhc-group-lora-midnorm-bs8-bs8-20000step
[iter 9000]loss: 3.5493, tokens/sec: 26992.15 ± 477.05, tokens seen: 589824000, grad norm: 0.6013
[iter 9010]loss: 3.2652, tokens/sec: 26992.18 ± 476.78, tokens seen: 590479360, grad norm: 0.6161
[iter 9020]loss: 3.3909, tokens/sec: 26992.21 ± 476.52, tokens seen: 591134720, grad norm: 0.6259
[iter 9030]loss: 3.2882, tokens/sec: 26992.24 ± 476.26, tokens seen: 591790080, grad norm: 0.8204
[iter 9040]loss: 3.2270, tokens/sec: 26992.27 ± 475.99, tokens seen: 592445440, grad norm: 0.6274
[iter 9050]loss: 3.5210, tokens/sec: 26992.31 ± 475.73, tokens seen: 593100800, grad norm: 0.7592
[iter 9060]loss: 3.3958, tokens/sec: 26992.34 ± 475.47, tokens seen: 593756160, grad norm: 0.5921
[iter 9070]loss: 3.5575, tokens/sec: 26992.37 ± 475.21, tokens seen: 594411520, grad norm: 0.6369
[iter 9080]loss: 3.5474, tokens/sec: 26992.40 ± 474.95, tokens seen: 595066880, grad norm: 0.7139
[iter 9090]loss: 3.5539, tokens/sec: 26992.43 ± 474.69, tokens seen: 595722240, grad norm: 0.8033
[iter 9100]loss: 3.5218, tokens/sec: 26992.45 ± 474.43, tokens seen: 596377600, grad norm: 0.5887
[iter 9110]loss: 3.4304, tokens/sec: 26992.48 ± 474.17, tokens seen: 597032960, grad norm: 0.6670
[iter 9120]loss: 3.4411, tokens/sec: 26992.50 ± 473.91, tokens seen: 597688320, grad norm: 0.7199
[iter 9130]loss: 3.1277, tokens/sec: 26992.53 ± 473.65, tokens seen: 598343680, grad norm: 0.6881
[iter 9140]loss: 3.2067, tokens/sec: 26992.56 ± 473.39, tokens seen: 598999040, grad norm: 0.6197
[iter 9150]loss: 3.2901, tokens/sec: 26992.59 ± 473.13, tokens seen: 599654400, grad norm: 0.6411
[iter 9160]loss: 3.4984, tokens/sec: 26992.61 ± 472.88, tokens seen: 600309760, grad norm: 0.8165
[iter 9170]loss: 3.3362, tokens/sec: 26992.64 ± 472.62, tokens seen: 600965120, grad norm: 0.7555
[iter 9180]loss: 3.3390, tokens/sec: 26992.66 ± 472.36, tokens seen: 601620480, grad norm: 0.6149
[iter 9190]loss: 3.0909, tokens/sec: 26992.68 ± 472.11, tokens seen: 602275840, grad norm: 0.6348
[iter 9200]loss: 3.4327, tokens/sec: 26992.70 ± 471.85, tokens seen: 602931200, grad norm: 0.6180
[iter 9210]loss: 3.3616, tokens/sec: 26992.72 ± 471.59, tokens seen: 603586560, grad norm: 0.8688
[iter 9220]loss: 3.6234, tokens/sec: 26992.75 ± 471.34, tokens seen: 604241920, grad norm: 0.7736
[iter 9230]loss: 3.4715, tokens/sec: 26992.77 ± 471.09, tokens seen: 604897280, grad norm: 1.0278
[iter 9240]loss: 3.4414, tokens/sec: 26992.80 ± 470.83, tokens seen: 605552640, grad norm: 0.7552
[iter 9250]loss: 3.5220, tokens/sec: 26992.83 ± 470.58, tokens seen: 606208000, grad norm: 0.8833
[iter 9260]loss: 3.4995, tokens/sec: 26992.85 ± 470.32, tokens seen: 606863360, grad norm: 0.8486
[iter 9270]loss: 3.3183, tokens/sec: 26992.88 ± 470.07, tokens seen: 607518720, grad norm: 1.9023
[iter 9280]loss: 3.5149, tokens/sec: 26992.91 ± 469.82, tokens seen: 608174080, grad norm: 1.6828
[iter 9290]loss: 3.3101, tokens/sec: 26992.94 ± 469.57, tokens seen: 608829440, grad norm: 1.5912
[iter 9300]loss: 3.4875, tokens/sec: 26992.97 ± 469.32, tokens seen: 609484800, grad norm: 1.4285
[iter 9310]loss: 3.5462, tokens/sec: 26993.00 ± 469.06, tokens seen: 610140160, grad norm: 1.1721
[iter 9320]loss: 3.5578, tokens/sec: 26993.03 ± 468.81, tokens seen: 610795520, grad norm: 1.3123
[iter 9330]loss: 3.1101, tokens/sec: 26993.05 ± 468.56, tokens seen: 611450880, grad norm: 2.2450
[iter 9340]loss: 3.3062, tokens/sec: 26993.08 ± 468.31, tokens seen: 612106240, grad norm: 2.4594
[iter 9350]loss: 3.4327, tokens/sec: 26993.10 ± 468.06, tokens seen: 612761600, grad norm: 2.8035
[iter 9360]loss: 3.1595, tokens/sec: 26993.12 ± 467.81, tokens seen: 613416960, grad norm: 1.6735
[iter 9370]loss: 3.1846, tokens/sec: 26993.15 ± 467.56, tokens seen: 614072320, grad norm: 1.4075
[iter 9380]loss: 3.2285, tokens/sec: 26993.18 ± 467.32, tokens seen: 614727680, grad norm: 0.8712
[iter 9390]loss: 3.3454, tokens/sec: 26993.21 ± 467.07, tokens seen: 615383040, grad norm: 1.3572
[iter 9400]loss: 3.4247, tokens/sec: 26993.23 ± 466.82, tokens seen: 616038400, grad norm: 2.2504
[iter 9410]loss: 3.5381, tokens/sec: 26993.25 ± 466.57, tokens seen: 616693760, grad norm: 2.7390
[iter 9420]loss: 3.3030, tokens/sec: 26993.28 ± 466.33, tokens seen: 617349120, grad norm: 1.8836
[iter 9430]loss: 3.4690, tokens/sec: 26993.31 ± 466.08, tokens seen: 618004480, grad norm: 1.6345
[iter 9440]loss: 3.3808, tokens/sec: 26993.34 ± 465.83, tokens seen: 618659840, grad norm: 1.4102
[iter 9450]loss: 3.4525, tokens/sec: 26993.37 ± 465.59, tokens seen: 619315200, grad norm: 1.3591
[iter 9460]loss: 3.3304, tokens/sec: 26993.39 ± 465.34, tokens seen: 619970560, grad norm: 0.9719
[iter 9470]loss: 3.3612, tokens/sec: 26993.42 ± 465.10, tokens seen: 620625920, grad norm: 0.8043
[iter 9480]loss: 3.2103, tokens/sec: 26993.44 ± 464.85, tokens seen: 621281280, grad norm: 2.2498
[iter 9490]loss: 3.4956, tokens/sec: 26993.46 ± 464.61, tokens seen: 621936640, grad norm: 1.1845
[step 9500]train loss: 3.3874, val loss: 3.4024, (avg train loss: 0.8507 ± 0.0351), (avg grad norm: 1.6083 ± 0.7797)
[iter 9500]loss: 3.0535, tokens/sec: 26993.48 ± 464.36, tokens seen: 622592000, grad norm: 0.9030
[iter 9510]loss: 3.3169, tokens/sec: 26993.50 ± 464.12, tokens seen: 623247360, grad norm: 0.7330
[iter 9520]loss: 3.3852, tokens/sec: 26992.53 ± 473.97, tokens seen: 623902720, grad norm: 1.2977
[iter 9530]loss: 3.3922, tokens/sec: 26992.56 ± 473.72, tokens seen: 624558080, grad norm: 1.6173
[iter 9540]loss: 3.3504, tokens/sec: 26992.59 ± 473.48, tokens seen: 625213440, grad norm: 1.2580
[iter 9550]loss: 3.5180, tokens/sec: 26992.61 ± 473.23, tokens seen: 625868800, grad norm: 1.6683
[iter 9560]loss: 3.4449, tokens/sec: 26992.64 ± 472.98, tokens seen: 626524160, grad norm: 0.8749
[iter 9570]loss: 3.0004, tokens/sec: 26992.66 ± 472.74, tokens seen: 627179520, grad norm: 1.4733
[iter 9580]loss: 3.1273, tokens/sec: 26992.68 ± 472.49, tokens seen: 627834880, grad norm: 2.8047
[iter 9590]loss: 3.5827, tokens/sec: 26992.69 ± 472.24, tokens seen: 628490240, grad norm: 1.2495
[iter 9600]loss: 3.4042, tokens/sec: 26992.71 ± 472.00, tokens seen: 629145600, grad norm: 0.8450
[iter 9610]loss: 3.4512, tokens/sec: 26992.72 ± 471.75, tokens seen: 629800960, grad norm: 1.7919
[iter 9620]loss: 3.3626, tokens/sec: 26992.74 ± 471.51, tokens seen: 630456320, grad norm: 1.2186
[iter 9630]loss: 3.3381, tokens/sec: 26992.76 ± 471.26, tokens seen: 631111680, grad norm: 1.5847
[iter 9640]loss: 3.4253, tokens/sec: 26992.77 ± 471.02, tokens seen: 631767040, grad norm: 1.0110
[iter 9650]loss: 3.5760, tokens/sec: 26992.79 ± 470.78, tokens seen: 632422400, grad norm: 1.9885
[iter 9660]loss: 3.4358, tokens/sec: 26992.80 ± 470.53, tokens seen: 633077760, grad norm: 1.0948
[iter 9670]loss: 3.4377, tokens/sec: 26992.82 ± 470.29, tokens seen: 633733120, grad norm: 0.8434
[iter 9680]loss: 3.3259, tokens/sec: 26992.84 ± 470.05, tokens seen: 634388480, grad norm: 0.9004
[iter 9690]loss: 3.2668, tokens/sec: 26992.86 ± 469.81, tokens seen: 635043840, grad norm: 2.1409
[iter 9700]loss: 3.3002, tokens/sec: 26992.88 ± 469.56, tokens seen: 635699200, grad norm: 1.6364
[iter 9710]loss: 3.3572, tokens/sec: 26992.91 ± 469.32, tokens seen: 636354560, grad norm: 0.7513
[iter 9720]loss: 3.4310, tokens/sec: 26992.22 ± 474.14, tokens seen: 637009920, grad norm: 0.7933
[iter 9730]loss: 3.4972, tokens/sec: 26992.25 ± 473.90, tokens seen: 637665280, grad norm: 0.6311
[iter 9740]loss: 3.4230, tokens/sec: 26992.27 ± 473.65, tokens seen: 638320640, grad norm: 0.9971
[iter 9750]loss: 3.6269, tokens/sec: 26992.29 ± 473.41, tokens seen: 638976000, grad norm: 0.9458
[iter 9760]loss: 3.5611, tokens/sec: 26992.32 ± 473.17, tokens seen: 639631360, grad norm: 0.9330
[iter 9770]loss: 3.2538, tokens/sec: 26992.35 ± 472.93, tokens seen: 640286720, grad norm: 0.9434
[iter 9780]loss: 3.4828, tokens/sec: 26992.37 ± 472.69, tokens seen: 640942080, grad norm: 0.8254
[iter 9790]loss: 3.4993, tokens/sec: 26992.40 ± 472.45, tokens seen: 641597440, grad norm: 1.0439
[iter 9800]loss: 3.2816, tokens/sec: 26992.42 ± 472.20, tokens seen: 642252800, grad norm: 1.6694
[iter 9810]loss: 3.3797, tokens/sec: 26992.45 ± 471.97, tokens seen: 642908160, grad norm: 0.9308
[iter 9820]loss: 3.3780, tokens/sec: 26992.48 ± 471.73, tokens seen: 643563520, grad norm: 1.8634
[iter 9830]loss: 3.5378, tokens/sec: 26992.49 ± 471.49, tokens seen: 644218880, grad norm: 2.3731
[iter 9840]loss: 3.3720, tokens/sec: 26992.52 ± 471.25, tokens seen: 644874240, grad norm: 2.3942
[iter 9850]loss: 3.5635, tokens/sec: 26992.54 ± 471.01, tokens seen: 645529600, grad norm: 1.3579
[iter 9860]loss: 3.7614, tokens/sec: 26992.57 ± 470.77, tokens seen: 646184960, grad norm: 1.9513
[iter 9870]loss: 3.4696, tokens/sec: 26992.60 ± 470.53, tokens seen: 646840320, grad norm: 0.7538
[iter 9880]loss: 3.3392, tokens/sec: 26992.63 ± 470.30, tokens seen: 647495680, grad norm: 0.8464
[iter 9890]loss: 3.2745, tokens/sec: 26992.66 ± 470.06, tokens seen: 648151040, grad norm: 0.9935
[iter 9900]loss: 3.2807, tokens/sec: 26992.68 ± 469.82, tokens seen: 648806400, grad norm: 1.5174
[iter 9910]loss: 3.4298, tokens/sec: 26992.70 ± 469.59, tokens seen: 649461760, grad norm: 0.9272
[iter 9920]loss: 3.5072, tokens/sec: 26992.73 ± 469.35, tokens seen: 650117120, grad norm: 0.9707
[iter 9930]loss: 3.5586, tokens/sec: 26992.75 ± 469.11, tokens seen: 650772480, grad norm: 0.9914
[iter 9940]loss: 3.3171, tokens/sec: 26992.77 ± 468.88, tokens seen: 651427840, grad norm: 1.0637
[iter 9950]loss: 3.3157, tokens/sec: 26992.80 ± 468.64, tokens seen: 652083200, grad norm: 2.4138
[iter 9960]loss: 3.1034, tokens/sec: 26992.83 ± 468.41, tokens seen: 652738560, grad norm: 2.5716
[iter 9970]loss: 3.4694, tokens/sec: 26992.85 ± 468.18, tokens seen: 653393920, grad norm: 1.1142
[iter 9980]loss: 3.3305, tokens/sec: 26992.88 ± 467.94, tokens seen: 654049280, grad norm: 1.3753
[iter 9990]loss: 3.3724, tokens/sec: 26992.90 ± 467.71, tokens seen: 654704640, grad norm: 0.9874
[step 10000]train loss: 3.3731, val loss: 3.3875, (avg train loss: 0.8433 ± 0.0386), (avg grad norm: 1.4843 ± 1.0101)
saving checkpoint to ./out-owt-large-mhc-group-lora-midnorm-bs8-bs8-20000step
[iter 10000]loss: 3.5169, tokens/sec: 26992.93 ± 467.48, tokens seen: 655360000, grad norm: 1.3105
[iter 10010]loss: 3.2565, tokens/sec: 26992.95 ± 467.24, tokens seen: 656015360, grad norm: 1.2736
[iter 10020]loss: 3.2168, tokens/sec: 26992.97 ± 467.01, tokens seen: 656670720, grad norm: 1.5007
[iter 10030]loss: 3.4517, tokens/sec: 26992.99 ± 466.78, tokens seen: 657326080, grad norm: 1.4035
[iter 10040]loss: 3.4134, tokens/sec: 26993.02 ± 466.55, tokens seen: 657981440, grad norm: 1.0079
[iter 10050]loss: 3.3365, tokens/sec: 26993.04 ± 466.31, tokens seen: 658636800, grad norm: 0.8770
[iter 10060]loss: 3.4215, tokens/sec: 26993.07 ± 466.08, tokens seen: 659292160, grad norm: 2.0250
[iter 10070]loss: 3.4353, tokens/sec: 26993.09 ± 465.85, tokens seen: 659947520, grad norm: 0.9097
[iter 10080]loss: 3.3033, tokens/sec: 26993.11 ± 465.62, tokens seen: 660602880, grad norm: 1.0425
[iter 10090]loss: 3.5628, tokens/sec: 26993.13 ± 465.39, tokens seen: 661258240, grad norm: 0.8485
[iter 10100]loss: 3.4131, tokens/sec: 26993.15 ± 465.16, tokens seen: 661913600, grad norm: 1.6357
[iter 10110]loss: 3.3807, tokens/sec: 26993.18 ± 464.93, tokens seen: 662568960, grad norm: 1.0130
[iter 10120]loss: 3.3314, tokens/sec: 26993.20 ± 464.70, tokens seen: 663224320, grad norm: 1.2300
[iter 10130]loss: 3.4340, tokens/sec: 26993.21 ± 464.47, tokens seen: 663879680, grad norm: 0.7085
[iter 10140]loss: 3.3532, tokens/sec: 26993.24 ± 464.25, tokens seen: 664535040, grad norm: 0.9461
[iter 10150]loss: 3.4616, tokens/sec: 26993.26 ± 464.02, tokens seen: 665190400, grad norm: 0.9763
[iter 10160]loss: 3.3460, tokens/sec: 26993.28 ± 463.79, tokens seen: 665845760, grad norm: 1.2016
[iter 10170]loss: 3.3919, tokens/sec: 26993.30 ± 463.56, tokens seen: 666501120, grad norm: 1.5803
[iter 10180]loss: 3.3283, tokens/sec: 26993.32 ± 463.34, tokens seen: 667156480, grad norm: 1.6317
[iter 10190]loss: 3.3191, tokens/sec: 26993.34 ± 463.11, tokens seen: 667811840, grad norm: 1.2529
[iter 10200]loss: 3.4731, tokens/sec: 26993.36 ± 462.88, tokens seen: 668467200, grad norm: 0.8714
[iter 10210]loss: 3.4425, tokens/sec: 26993.38 ± 462.66, tokens seen: 669122560, grad norm: 0.7839
[iter 10220]loss: 3.4560, tokens/sec: 26993.40 ± 462.43, tokens seen: 669777920, grad norm: 2.0194
[iter 10230]loss: 3.4064, tokens/sec: 26993.42 ± 462.20, tokens seen: 670433280, grad norm: 1.1799
[iter 10240]loss: 3.2581, tokens/sec: 26993.44 ± 461.98, tokens seen: 671088640, grad norm: 0.8248
[iter 10250]loss: 3.4847, tokens/sec: 26993.46 ± 461.75, tokens seen: 671744000, grad norm: 1.8763
[iter 10260]loss: 3.0820, tokens/sec: 26993.48 ± 461.53, tokens seen: 672399360, grad norm: 1.0718
[iter 10270]loss: 3.3738, tokens/sec: 26993.50 ± 461.31, tokens seen: 673054720, grad norm: 0.8627
[iter 10280]loss: 3.1553, tokens/sec: 26993.53 ± 461.08, tokens seen: 673710080, grad norm: 0.9863
[iter 10290]loss: 3.4629, tokens/sec: 26993.54 ± 460.86, tokens seen: 674365440, grad norm: 1.2722
[iter 10300]loss: 3.3164, tokens/sec: 26993.56 ± 460.64, tokens seen: 675020800, grad norm: 1.1399
[iter 10310]loss: 3.2784, tokens/sec: 26993.58 ± 460.41, tokens seen: 675676160, grad norm: 0.9713
[iter 10320]loss: 3.5337, tokens/sec: 26993.60 ± 460.19, tokens seen: 676331520, grad norm: 1.2156
[iter 10330]loss: 3.1387, tokens/sec: 26993.62 ± 459.97, tokens seen: 676986880, grad norm: 0.7955
[iter 10340]loss: 3.2844, tokens/sec: 26993.64 ± 459.75, tokens seen: 677642240, grad norm: 2.8598
[iter 10350]loss: 3.5107, tokens/sec: 26993.66 ± 459.52, tokens seen: 678297600, grad norm: 1.3173
[iter 10360]loss: 3.1856, tokens/sec: 26993.68 ± 459.30, tokens seen: 678952960, grad norm: 0.9222
[iter 10370]loss: 3.4447, tokens/sec: 26993.70 ± 459.08, tokens seen: 679608320, grad norm: 1.0000
[iter 10380]loss: 3.5662, tokens/sec: 26993.73 ± 458.86, tokens seen: 680263680, grad norm: 1.0743
[iter 10390]loss: 3.0966, tokens/sec: 26993.74 ± 458.64, tokens seen: 680919040, grad norm: 3.3184
[iter 10400]loss: 3.4128, tokens/sec: 26993.77 ± 458.42, tokens seen: 681574400, grad norm: 0.9100
[iter 10410]loss: 3.3038, tokens/sec: 26993.79 ± 458.20, tokens seen: 682229760, grad norm: 0.8239
[iter 10420]loss: 3.3347, tokens/sec: 26993.81 ± 457.98, tokens seen: 682885120, grad norm: 1.0270
[iter 10430]loss: 3.2930, tokens/sec: 26993.83 ± 457.76, tokens seen: 683540480, grad norm: 1.2592
[iter 10440]loss: 3.4161, tokens/sec: 26993.85 ± 457.55, tokens seen: 684195840, grad norm: 1.1182
[iter 10450]loss: 3.4695, tokens/sec: 26993.87 ± 457.33, tokens seen: 684851200, grad norm: 0.9599
[iter 10460]loss: 3.0723, tokens/sec: 26993.89 ± 457.11, tokens seen: 685506560, grad norm: 2.8482
[iter 10470]loss: 3.4290, tokens/sec: 26993.91 ± 456.89, tokens seen: 686161920, grad norm: 0.9593
[iter 10480]loss: 3.4470, tokens/sec: 26993.94 ± 456.67, tokens seen: 686817280, grad norm: 1.0622
[iter 10490]loss: 3.3509, tokens/sec: 26993.96 ± 456.46, tokens seen: 687472640, grad norm: 0.7528
[step 10500]train loss: 3.3396, val loss: 3.3476, (avg train loss: 0.8369 ± 0.0368), (avg grad norm: 1.2744 ± 0.5725)
saving checkpoint to ./out-owt-large-mhc-group-lora-midnorm-bs8-bs8-20000step
[iter 10500]loss: 3.3409, tokens/sec: 26993.98 ± 456.24, tokens seen: 688128000, grad norm: 1.2605
[iter 10510]loss: 3.3461, tokens/sec: 26994.01 ± 456.03, tokens seen: 688783360, grad norm: 0.9024
[iter 10520]loss: 3.3320, tokens/sec: 26994.04 ± 455.81, tokens seen: 689438720, grad norm: 0.9283
[iter 10530]loss: 3.3093, tokens/sec: 26994.06 ± 455.59, tokens seen: 690094080, grad norm: 1.0081
[iter 10540]loss: 3.3581, tokens/sec: 26994.09 ± 455.38, tokens seen: 690749440, grad norm: 0.8941
[iter 10550]loss: 3.3769, tokens/sec: 26994.11 ± 455.16, tokens seen: 691404800, grad norm: 0.7171
[iter 10560]loss: 3.4003, tokens/sec: 26993.48 ± 459.73, tokens seen: 692060160, grad norm: 0.8728
[iter 10570]loss: 3.3849, tokens/sec: 26993.50 ± 459.52, tokens seen: 692715520, grad norm: 1.4027
[iter 10580]loss: 3.3751, tokens/sec: 26993.53 ± 459.30, tokens seen: 693370880, grad norm: 1.1356
[iter 10590]loss: 3.3023, tokens/sec: 26992.65 ± 468.28, tokens seen: 694026240, grad norm: 0.9966
[iter 10600]loss: 3.5055, tokens/sec: 26992.68 ± 468.06, tokens seen: 694681600, grad norm: 0.8393
[iter 10610]loss: 3.4281, tokens/sec: 26992.70 ± 467.84, tokens seen: 695336960, grad norm: 1.1352
[iter 10620]loss: 3.3825, tokens/sec: 26992.72 ± 467.62, tokens seen: 695992320, grad norm: 0.7397
[iter 10630]loss: 3.2188, tokens/sec: 26992.75 ± 467.40, tokens seen: 696647680, grad norm: 1.0304
[iter 10640]loss: 3.4714, tokens/sec: 26992.77 ± 467.18, tokens seen: 697303040, grad norm: 0.8198
[iter 10650]loss: 3.2895, tokens/sec: 26992.80 ± 466.96, tokens seen: 697958400, grad norm: 1.4341
[iter 10660]loss: 3.1794, tokens/sec: 26992.82 ± 466.75, tokens seen: 698613760, grad norm: 1.0486
[iter 10670]loss: 3.0423, tokens/sec: 26992.81 ± 466.53, tokens seen: 699269120, grad norm: 0.6964
[iter 10680]loss: 3.3635, tokens/sec: 26992.83 ± 466.31, tokens seen: 699924480, grad norm: 1.2526
[iter 10690]loss: 3.4602, tokens/sec: 26992.83 ± 466.09, tokens seen: 700579840, grad norm: 1.1079
[iter 10700]loss: 3.4746, tokens/sec: 26992.86 ± 465.88, tokens seen: 701235200, grad norm: 2.4274
[iter 10710]loss: 3.3686, tokens/sec: 26992.88 ± 465.66, tokens seen: 701890560, grad norm: 3.0161
[iter 10720]loss: 3.4419, tokens/sec: 26992.91 ± 465.44, tokens seen: 702545920, grad norm: 0.9869
[iter 10730]loss: 3.5025, tokens/sec: 26992.92 ± 465.23, tokens seen: 703201280, grad norm: 0.9281
[iter 10740]loss: 3.3711, tokens/sec: 26992.94 ± 465.01, tokens seen: 703856640, grad norm: 1.1291
[iter 10750]loss: 3.2420, tokens/sec: 26992.95 ± 464.79, tokens seen: 704512000, grad norm: 1.0203
[iter 10760]loss: 3.4349, tokens/sec: 26992.97 ± 464.58, tokens seen: 705167360, grad norm: 0.8414
[iter 10770]loss: 3.5110, tokens/sec: 26992.98 ± 464.36, tokens seen: 705822720, grad norm: 1.6561
[iter 10780]loss: 3.4547, tokens/sec: 26993.00 ± 464.15, tokens seen: 706478080, grad norm: 1.0280
[iter 10790]loss: 3.3169, tokens/sec: 26993.02 ± 463.93, tokens seen: 707133440, grad norm: 1.2884
[iter 10800]loss: 3.4924, tokens/sec: 26993.04 ± 463.72, tokens seen: 707788800, grad norm: 1.5588
[iter 10810]loss: 3.4051, tokens/sec: 26993.06 ± 463.51, tokens seen: 708444160, grad norm: 0.8019
[iter 10820]loss: 3.3247, tokens/sec: 26993.07 ± 463.29, tokens seen: 709099520, grad norm: 0.9970
[iter 10830]loss: 3.1938, tokens/sec: 26993.10 ± 463.08, tokens seen: 709754880, grad norm: 1.1883
[iter 10840]loss: 3.2424, tokens/sec: 26993.12 ± 462.87, tokens seen: 710410240, grad norm: 1.0841
[iter 10850]loss: 3.3001, tokens/sec: 26993.14 ± 462.65, tokens seen: 711065600, grad norm: 1.0087
[iter 10860]loss: 3.3376, tokens/sec: 26993.16 ± 462.44, tokens seen: 711720960, grad norm: 0.9897
[iter 10870]loss: 3.1687, tokens/sec: 26993.18 ± 462.23, tokens seen: 712376320, grad norm: 0.7376
[iter 10880]loss: 3.2757, tokens/sec: 26993.20 ± 462.02, tokens seen: 713031680, grad norm: 0.9267
[iter 10890]loss: 3.2250, tokens/sec: 26993.22 ± 461.81, tokens seen: 713687040, grad norm: 1.6184
[iter 10900]loss: 3.4506, tokens/sec: 26993.24 ± 461.59, tokens seen: 714342400, grad norm: 0.9817
[iter 10910]loss: 3.3867, tokens/sec: 26993.26 ± 461.38, tokens seen: 714997760, grad norm: 1.0223
[iter 10920]loss: 3.4965, tokens/sec: 26993.28 ± 461.17, tokens seen: 715653120, grad norm: 1.5263
[iter 10930]loss: 3.3560, tokens/sec: 26993.30 ± 460.96, tokens seen: 716308480, grad norm: 0.8694
[iter 10940]loss: 3.3797, tokens/sec: 26993.32 ± 460.75, tokens seen: 716963840, grad norm: 1.0662
[iter 10950]loss: 3.2996, tokens/sec: 26993.34 ± 460.54, tokens seen: 717619200, grad norm: 1.1515
[iter 10960]loss: 3.3946, tokens/sec: 26993.35 ± 460.33, tokens seen: 718274560, grad norm: 1.2862
[iter 10970]loss: 3.2506, tokens/sec: 26993.38 ± 460.12, tokens seen: 718929920, grad norm: 1.6412
[iter 10980]loss: 3.5462, tokens/sec: 26993.39 ± 459.91, tokens seen: 719585280, grad norm: 1.3323
[iter 10990]loss: 3.3448, tokens/sec: 26993.41 ± 459.70, tokens seen: 720240640, grad norm: 0.7908
[step 11000]train loss: 3.3220, val loss: 3.3325, (avg train loss: 0.8364 ± 0.0327), (avg grad norm: 1.2679 ± 0.5016)
saving checkpoint to ./out-owt-large-mhc-group-lora-midnorm-bs8-bs8-20000step
[iter 11000]loss: 3.6061, tokens/sec: 26993.44 ± 459.50, tokens seen: 720896000, grad norm: 1.0831
[iter 11010]loss: 3.0679, tokens/sec: 26993.46 ± 459.29, tokens seen: 721551360, grad norm: 1.1526
[iter 11020]loss: 3.2383, tokens/sec: 26993.49 ± 459.08, tokens seen: 722206720, grad norm: 0.9095
[iter 11030]loss: 3.2380, tokens/sec: 26993.51 ± 458.87, tokens seen: 722862080, grad norm: 1.6269
[iter 11040]loss: 3.0669, tokens/sec: 26993.53 ± 458.67, tokens seen: 723517440, grad norm: 1.2004
[iter 11050]loss: 3.3589, tokens/sec: 26993.55 ± 458.46, tokens seen: 724172800, grad norm: 1.2806
[iter 11060]loss: 3.2277, tokens/sec: 26993.58 ± 458.25, tokens seen: 724828160, grad norm: 0.9289
[iter 11070]loss: 3.1752, tokens/sec: 26993.60 ± 458.05, tokens seen: 725483520, grad norm: 0.7319
[iter 11080]loss: 3.4055, tokens/sec: 26993.62 ± 457.84, tokens seen: 726138880, grad norm: 1.1590
[iter 11090]loss: 3.4512, tokens/sec: 26993.63 ± 457.63, tokens seen: 726794240, grad norm: 1.1666
[iter 11100]loss: 3.3904, tokens/sec: 26993.65 ± 457.43, tokens seen: 727449600, grad norm: 1.4723
[iter 11110]loss: 3.3604, tokens/sec: 26993.67 ± 457.22, tokens seen: 728104960, grad norm: 0.9317
[iter 11120]loss: 3.2811, tokens/sec: 26993.69 ± 457.02, tokens seen: 728760320, grad norm: 1.0825
[iter 11130]loss: 3.0814, tokens/sec: 26993.71 ± 456.81, tokens seen: 729415680, grad norm: 1.4551
[iter 11140]loss: 3.3193, tokens/sec: 26993.73 ± 456.61, tokens seen: 730071040, grad norm: 6.9425
[iter 11150]loss: 3.4902, tokens/sec: 26993.75 ± 456.40, tokens seen: 730726400, grad norm: 1.1648
[iter 11160]loss: 3.6321, tokens/sec: 26993.77 ± 456.20, tokens seen: 731381760, grad norm: 1.0461
[iter 11170]loss: 3.2250, tokens/sec: 26993.79 ± 456.00, tokens seen: 732037120, grad norm: 1.0320
[iter 11180]loss: 3.1258, tokens/sec: 26993.81 ± 455.79, tokens seen: 732692480, grad norm: 1.9332
[iter 11190]loss: 3.2513, tokens/sec: 26993.83 ± 455.59, tokens seen: 733347840, grad norm: 0.9950
[iter 11200]loss: 3.4915, tokens/sec: 26993.85 ± 455.39, tokens seen: 734003200, grad norm: 1.0096
[iter 11210]loss: 3.3630, tokens/sec: 26993.87 ± 455.19, tokens seen: 734658560, grad norm: 1.3183
[iter 11220]loss: 3.3025, tokens/sec: 26993.89 ± 454.98, tokens seen: 735313920, grad norm: 0.9280
[iter 11230]loss: 3.3020, tokens/sec: 26993.91 ± 454.78, tokens seen: 735969280, grad norm: 1.8737
[iter 11240]loss: 3.4125, tokens/sec: 26993.92 ± 454.58, tokens seen: 736624640, grad norm: 1.0069
[iter 11250]loss: 3.4518, tokens/sec: 26993.94 ± 454.38, tokens seen: 737280000, grad norm: 1.0997
[iter 11260]loss: 3.4122, tokens/sec: 26993.96 ± 454.18, tokens seen: 737935360, grad norm: 1.3717
[iter 11270]loss: 3.3875, tokens/sec: 26993.98 ± 453.98, tokens seen: 738590720, grad norm: 1.0931
[iter 11280]loss: 3.2605, tokens/sec: 26994.00 ± 453.78, tokens seen: 739246080, grad norm: 1.6034
[iter 11290]loss: 3.4068, tokens/sec: 26994.02 ± 453.57, tokens seen: 739901440, grad norm: 1.9364
[iter 11300]loss: 3.5056, tokens/sec: 26994.04 ± 453.37, tokens seen: 740556800, grad norm: 0.9645
[iter 11310]loss: 3.3147, tokens/sec: 26994.06 ± 453.17, tokens seen: 741212160, grad norm: 1.1994
[iter 11320]loss: 3.5315, tokens/sec: 26994.08 ± 452.98, tokens seen: 741867520, grad norm: 1.0129
[iter 11330]loss: 3.4804, tokens/sec: 26994.10 ± 452.78, tokens seen: 742522880, grad norm: 1.1588
[iter 11340]loss: 3.4071, tokens/sec: 26994.12 ± 452.58, tokens seen: 743178240, grad norm: 0.9777
[iter 11350]loss: 3.1339, tokens/sec: 26994.14 ± 452.38, tokens seen: 743833600, grad norm: 1.2557
[iter 11360]loss: 3.4266, tokens/sec: 26994.15 ± 452.18, tokens seen: 744488960, grad norm: 1.1863
[iter 11370]loss: 3.1331, tokens/sec: 26994.17 ± 451.98, tokens seen: 745144320, grad norm: 0.9178
[iter 11380]loss: 3.3743, tokens/sec: 26994.19 ± 451.78, tokens seen: 745799680, grad norm: 0.7751
[iter 11390]loss: 3.3722, tokens/sec: 26994.21 ± 451.59, tokens seen: 746455040, grad norm: 0.8210
[iter 11400]loss: 3.3341, tokens/sec: 26993.62 ± 456.04, tokens seen: 747110400, grad norm: 1.0384
[iter 11410]loss: 3.3361, tokens/sec: 26993.64 ± 455.84, tokens seen: 747765760, grad norm: 0.8449
[iter 11420]loss: 3.1762, tokens/sec: 26993.66 ± 455.64, tokens seen: 748421120, grad norm: 1.0286
[iter 11430]loss: 3.4677, tokens/sec: 26993.68 ± 455.44, tokens seen: 749076480, grad norm: 0.7568
[iter 11440]loss: 3.3354, tokens/sec: 26993.70 ± 455.24, tokens seen: 749731840, grad norm: 1.3640
[iter 11450]loss: 3.3740, tokens/sec: 26993.72 ± 455.04, tokens seen: 750387200, grad norm: 1.1254
[iter 11460]loss: 3.2948, tokens/sec: 26993.73 ± 454.85, tokens seen: 751042560, grad norm: 1.0739
[iter 11470]loss: 3.4420, tokens/sec: 26993.75 ± 454.65, tokens seen: 751697920, grad norm: 1.1498
[iter 11480]loss: 3.3047, tokens/sec: 26993.75 ± 454.45, tokens seen: 752353280, grad norm: 1.4206
[iter 11490]loss: 3.2181, tokens/sec: 26993.77 ± 454.25, tokens seen: 753008640, grad norm: 1.6089
[step 11500]train loss: 3.3249, val loss: 3.3293, (avg train loss: 0.8294 ± 0.0349), (avg grad norm: 1.1853 ± 0.4810)
saving checkpoint to ./out-owt-large-mhc-group-lora-midnorm-bs8-bs8-20000step
[iter 11500]loss: 2.9994, tokens/sec: 26993.78 ± 454.06, tokens seen: 753664000, grad norm: 0.8252
[iter 11510]loss: 3.4476, tokens/sec: 26993.81 ± 453.86, tokens seen: 754319360, grad norm: 1.7776
[iter 11520]loss: 3.3184, tokens/sec: 26993.83 ± 453.66, tokens seen: 754974720, grad norm: 0.8589
[iter 11530]loss: 3.0572, tokens/sec: 26993.85 ± 453.47, tokens seen: 755630080, grad norm: 1.4257
[iter 11540]loss: 3.2892, tokens/sec: 26993.87 ± 453.27, tokens seen: 756285440, grad norm: 1.8825
[iter 11550]loss: 3.4964, tokens/sec: 26993.90 ± 453.08, tokens seen: 756940800, grad norm: 1.6856
[iter 11560]loss: 3.3286, tokens/sec: 26993.92 ± 452.88, tokens seen: 757596160, grad norm: 1.3700
[iter 11570]loss: 3.3376, tokens/sec: 26993.94 ± 452.68, tokens seen: 758251520, grad norm: 0.8591
[iter 11580]loss: 3.2651, tokens/sec: 26993.96 ± 452.49, tokens seen: 758906880, grad norm: 1.6015
[iter 11590]loss: 3.4388, tokens/sec: 26993.97 ± 452.29, tokens seen: 759562240, grad norm: 0.9317
[iter 11600]loss: 3.2119, tokens/sec: 26993.99 ± 452.10, tokens seen: 760217600, grad norm: 1.4595
[iter 11610]loss: 3.1247, tokens/sec: 26994.01 ± 451.91, tokens seen: 760872960, grad norm: 3.1155
[iter 11620]loss: 3.3373, tokens/sec: 26994.03 ± 451.71, tokens seen: 761528320, grad norm: 1.2364
[iter 11630]loss: 3.2917, tokens/sec: 26994.05 ± 451.52, tokens seen: 762183680, grad norm: 1.0921
[iter 11640]loss: 3.3355, tokens/sec: 26994.07 ± 451.33, tokens seen: 762839040, grad norm: 1.5971
[iter 11650]loss: 3.3388, tokens/sec: 26994.09 ± 451.13, tokens seen: 763494400, grad norm: 0.9309
[iter 11660]loss: 3.3577, tokens/sec: 26993.29 ± 459.54, tokens seen: 764149760, grad norm: 1.6759
[iter 11670]loss: 3.4043, tokens/sec: 26993.31 ± 459.35, tokens seen: 764805120, grad norm: 1.0090
[iter 11680]loss: 3.1545, tokens/sec: 26993.33 ± 459.15, tokens seen: 765460480, grad norm: 0.8750
[iter 11690]loss: 3.1889, tokens/sec: 26993.35 ± 458.96, tokens seen: 766115840, grad norm: 1.9667
[iter 11700]loss: 3.2737, tokens/sec: 26993.37 ± 458.76, tokens seen: 766771200, grad norm: 0.8563
[iter 11710]loss: 3.3742, tokens/sec: 26993.39 ± 458.56, tokens seen: 767426560, grad norm: 1.0413
[iter 11720]loss: 3.1519, tokens/sec: 26993.41 ± 458.37, tokens seen: 768081920, grad norm: 1.3850
[iter 11730]loss: 3.2553, tokens/sec: 26993.43 ± 458.17, tokens seen: 768737280, grad norm: 0.9374
[iter 11740]loss: 3.4309, tokens/sec: 26993.45 ± 457.98, tokens seen: 769392640, grad norm: 1.2989
[iter 11750]loss: 3.2419, tokens/sec: 26993.47 ± 457.79, tokens seen: 770048000, grad norm: 0.9160
[iter 11760]loss: 2.9186, tokens/sec: 26993.49 ± 457.59, tokens seen: 770703360, grad norm: 2.0859
[iter 11770]loss: 3.2063, tokens/sec: 26993.50 ± 457.40, tokens seen: 771358720, grad norm: 1.5040
[iter 11780]loss: 3.2745, tokens/sec: 26993.52 ± 457.20, tokens seen: 772014080, grad norm: 1.8755
[iter 11790]loss: 3.3351, tokens/sec: 26993.54 ± 457.01, tokens seen: 772669440, grad norm: 1.2724
[iter 11800]loss: 3.3676, tokens/sec: 26993.56 ± 456.82, tokens seen: 773324800, grad norm: 1.4617
[iter 11810]loss: 3.1699, tokens/sec: 26993.58 ± 456.62, tokens seen: 773980160, grad norm: 1.2624
[iter 11820]loss: 3.3552, tokens/sec: 26993.59 ± 456.43, tokens seen: 774635520, grad norm: 1.1287
[iter 11830]loss: 3.2632, tokens/sec: 26993.61 ± 456.24, tokens seen: 775290880, grad norm: 1.1692
[iter 11840]loss: 3.1760, tokens/sec: 26993.63 ± 456.05, tokens seen: 775946240, grad norm: 1.3136
[iter 11850]loss: 3.4267, tokens/sec: 26993.65 ± 455.86, tokens seen: 776601600, grad norm: 1.1915
[iter 11860]loss: 3.3355, tokens/sec: 26993.67 ± 455.66, tokens seen: 777256960, grad norm: 1.2201
[iter 11870]loss: 3.1291, tokens/sec: 26993.69 ± 455.47, tokens seen: 777912320, grad norm: 0.9220
[iter 11880]loss: 3.0020, tokens/sec: 26993.71 ± 455.28, tokens seen: 778567680, grad norm: 1.3054
[iter 11890]loss: 3.1519, tokens/sec: 26993.73 ± 455.09, tokens seen: 779223040, grad norm: 1.8163
[iter 11900]loss: 3.4284, tokens/sec: 26993.75 ± 454.90, tokens seen: 779878400, grad norm: 0.9862
[iter 11910]loss: 3.3360, tokens/sec: 26993.77 ± 454.71, tokens seen: 780533760, grad norm: 1.0002
[iter 11920]loss: 3.1301, tokens/sec: 26993.78 ± 454.52, tokens seen: 781189120, grad norm: 1.3705
[iter 11930]loss: 3.3377, tokens/sec: 26993.80 ± 454.33, tokens seen: 781844480, grad norm: 1.3384
[iter 11940]loss: 3.4623, tokens/sec: 26993.82 ± 454.14, tokens seen: 782499840, grad norm: 1.2358
[iter 11950]loss: 3.2726, tokens/sec: 26993.84 ± 453.95, tokens seen: 783155200, grad norm: 1.3295
[iter 11960]loss: 3.3428, tokens/sec: 26993.86 ± 453.76, tokens seen: 783810560, grad norm: 2.1124
[iter 11970]loss: 3.2779, tokens/sec: 26993.88 ± 453.57, tokens seen: 784465920, grad norm: 1.5148
[iter 11980]loss: 3.3656, tokens/sec: 26993.90 ± 453.38, tokens seen: 785121280, grad norm: 0.7491
[iter 11990]loss: 3.5770, tokens/sec: 26993.92 ± 453.19, tokens seen: 785776640, grad norm: 0.7418
[step 12000]train loss: 3.3169, val loss: 3.3048, (avg train loss: 0.8269 ± 0.0366), (avg grad norm: 1.2755 ± 0.4440)
saving checkpoint to ./out-owt-large-mhc-group-lora-midnorm-bs8-bs8-20000step
[iter 12000]loss: 3.3711, tokens/sec: 26993.94 ± 453.01, tokens seen: 786432000, grad norm: 0.9855
[iter 12010]loss: 3.3796, tokens/sec: 26993.96 ± 452.82, tokens seen: 787087360, grad norm: 2.0280
[iter 12020]loss: 3.3901, tokens/sec: 26993.98 ± 452.63, tokens seen: 787742720, grad norm: 1.2460
[iter 12030]loss: 3.1900, tokens/sec: 26993.99 ± 452.44, tokens seen: 788398080, grad norm: 1.7985
[iter 12040]loss: 3.3155, tokens/sec: 26994.00 ± 452.26, tokens seen: 789053440, grad norm: 1.0632
[iter 12050]loss: 3.0812, tokens/sec: 26994.02 ± 452.07, tokens seen: 789708800, grad norm: 1.1179
[iter 12060]loss: 3.2232, tokens/sec: 26994.04 ± 451.88, tokens seen: 790364160, grad norm: 1.5554
[iter 12070]loss: 3.3660, tokens/sec: 26994.06 ± 451.69, tokens seen: 791019520, grad norm: 1.2838
[iter 12080]loss: 3.1431, tokens/sec: 26994.07 ± 451.51, tokens seen: 791674880, grad norm: 1.1321
[iter 12090]loss: 3.3027, tokens/sec: 26994.09 ± 451.32, tokens seen: 792330240, grad norm: 1.4066
[iter 12100]loss: 3.3599, tokens/sec: 26994.10 ± 451.14, tokens seen: 792985600, grad norm: 1.4108
[iter 12110]loss: 3.5764, tokens/sec: 26994.12 ± 450.95, tokens seen: 793640960, grad norm: 2.9686
[iter 12120]loss: 3.3576, tokens/sec: 26994.14 ± 450.76, tokens seen: 794296320, grad norm: 1.2912
[iter 12130]loss: 3.0032, tokens/sec: 26994.16 ± 450.58, tokens seen: 794951680, grad norm: 1.7184
[iter 12140]loss: 3.4882, tokens/sec: 26994.16 ± 450.39, tokens seen: 795607040, grad norm: 1.3456
[iter 12150]loss: 3.1693, tokens/sec: 26994.16 ± 450.21, tokens seen: 796262400, grad norm: 1.8041
[iter 12160]loss: 3.3185, tokens/sec: 26994.18 ± 450.02, tokens seen: 796917760, grad norm: 0.9488
[iter 12170]loss: 3.3417, tokens/sec: 26994.19 ± 449.84, tokens seen: 797573120, grad norm: 1.2556
[iter 12180]loss: 3.6284, tokens/sec: 26994.21 ± 449.66, tokens seen: 798228480, grad norm: 1.4016
[iter 12190]loss: 3.1560, tokens/sec: 26994.22 ± 449.47, tokens seen: 798883840, grad norm: 1.2925
[iter 12200]loss: 3.2404, tokens/sec: 26994.24 ± 449.29, tokens seen: 799539200, grad norm: 1.1682
[iter 12210]loss: 3.4156, tokens/sec: 26994.25 ± 449.10, tokens seen: 800194560, grad norm: 1.2646
[iter 12220]loss: 3.2504, tokens/sec: 26994.26 ± 448.92, tokens seen: 800849920, grad norm: 1.0167
[iter 12230]loss: 3.4409, tokens/sec: 26994.27 ± 448.74, tokens seen: 801505280, grad norm: 0.9018
[iter 12240]loss: 3.3051, tokens/sec: 26993.72 ± 452.84, tokens seen: 802160640, grad norm: 1.4171
[iter 12250]loss: 3.2664, tokens/sec: 26993.74 ± 452.66, tokens seen: 802816000, grad norm: 0.9039
[iter 12260]loss: 3.2548, tokens/sec: 26993.76 ± 452.47, tokens seen: 803471360, grad norm: 1.1263
[iter 12270]loss: 3.2632, tokens/sec: 26993.78 ± 452.29, tokens seen: 804126720, grad norm: 1.1428
[iter 12280]loss: 3.1565, tokens/sec: 26993.80 ± 452.11, tokens seen: 804782080, grad norm: 1.0652
[iter 12290]loss: 2.9780, tokens/sec: 26993.82 ± 451.92, tokens seen: 805437440, grad norm: 1.1233
[iter 12300]loss: 3.2905, tokens/sec: 26993.84 ± 451.74, tokens seen: 806092800, grad norm: 1.3588
[iter 12310]loss: 3.1311, tokens/sec: 26993.86 ± 451.56, tokens seen: 806748160, grad norm: 1.8916
[iter 12320]loss: 3.1796, tokens/sec: 26993.88 ± 451.37, tokens seen: 807403520, grad norm: 1.2762
[iter 12330]loss: 3.2887, tokens/sec: 26993.90 ± 451.19, tokens seen: 808058880, grad norm: 1.8061
[iter 12340]loss: 3.1389, tokens/sec: 26993.92 ± 451.01, tokens seen: 808714240, grad norm: 8.3310
[iter 12350]loss: 3.2918, tokens/sec: 26993.94 ± 450.83, tokens seen: 809369600, grad norm: 1.4058
[iter 12360]loss: 3.3619, tokens/sec: 26993.96 ± 450.64, tokens seen: 810024960, grad norm: 1.2769
[iter 12370]loss: 3.3829, tokens/sec: 26993.98 ± 450.46, tokens seen: 810680320, grad norm: 1.6679
[iter 12380]loss: 3.4409, tokens/sec: 26993.99 ± 450.28, tokens seen: 811335680, grad norm: 1.8621
[iter 12390]loss: 3.3014, tokens/sec: 26994.02 ± 450.10, tokens seen: 811991040, grad norm: 0.7546
[iter 12400]loss: 3.2959, tokens/sec: 26994.03 ± 449.92, tokens seen: 812646400, grad norm: 2.0158
[iter 12410]loss: 3.3901, tokens/sec: 26994.05 ± 449.74, tokens seen: 813301760, grad norm: 0.7561
[iter 12420]loss: 2.9996, tokens/sec: 26994.07 ± 449.56, tokens seen: 813957120, grad norm: 1.1721
[iter 12430]loss: 3.2475, tokens/sec: 26994.09 ± 449.38, tokens seen: 814612480, grad norm: 1.5270
[iter 12440]loss: 3.5467, tokens/sec: 26994.11 ± 449.20, tokens seen: 815267840, grad norm: 1.0853
[iter 12450]loss: 3.2606, tokens/sec: 26994.12 ± 449.02, tokens seen: 815923200, grad norm: 1.0099
[iter 12460]loss: 3.1532, tokens/sec: 26994.14 ± 448.84, tokens seen: 816578560, grad norm: 0.7758
[iter 12470]loss: 3.2369, tokens/sec: 26994.16 ± 448.66, tokens seen: 817233920, grad norm: 1.3735
[iter 12480]loss: 3.2237, tokens/sec: 26994.18 ± 448.48, tokens seen: 817889280, grad norm: 0.8557
[iter 12490]loss: 3.1409, tokens/sec: 26994.20 ± 448.30, tokens seen: 818544640, grad norm: 0.8615
[step 12500]train loss: 3.2956, val loss: 3.2924, (avg train loss: 0.8232 ± 0.0325), (avg grad norm: 1.6816 ± 2.7276)
saving checkpoint to ./out-owt-large-mhc-group-lora-midnorm-bs8-bs8-20000step
[iter 12500]loss: 3.2866, tokens/sec: 26994.22 ± 448.12, tokens seen: 819200000, grad norm: 0.9987
[iter 12510]loss: 3.5148, tokens/sec: 26994.24 ± 447.94, tokens seen: 819855360, grad norm: 1.0551
[iter 12520]loss: 3.2856, tokens/sec: 26994.25 ± 447.77, tokens seen: 820510720, grad norm: 1.5440
[iter 12530]loss: 3.3125, tokens/sec: 26994.27 ± 447.59, tokens seen: 821166080, grad norm: 0.9633
[iter 12540]loss: 3.4210, tokens/sec: 26994.29 ± 447.41, tokens seen: 821821440, grad norm: 1.0284
[iter 12550]loss: 3.5010, tokens/sec: 26994.31 ± 447.23, tokens seen: 822476800, grad norm: 0.8430
[iter 12560]loss: 3.2585, tokens/sec: 26994.33 ± 447.05, tokens seen: 823132160, grad norm: 0.8092
[iter 12570]loss: 2.9493, tokens/sec: 26994.35 ± 446.88, tokens seen: 823787520, grad norm: 0.8061
[iter 12580]loss: 3.3461, tokens/sec: 26994.36 ± 446.70, tokens seen: 824442880, grad norm: 1.5466
[iter 12590]loss: 2.9907, tokens/sec: 26994.38 ± 446.52, tokens seen: 825098240, grad norm: 0.9636
[iter 12600]loss: 3.3316, tokens/sec: 26994.40 ± 446.35, tokens seen: 825753600, grad norm: 0.8734
[iter 12610]loss: 3.1928, tokens/sec: 26994.42 ± 446.17, tokens seen: 826408960, grad norm: 1.7912
[iter 12620]loss: 3.1368, tokens/sec: 26994.44 ± 445.99, tokens seen: 827064320, grad norm: 1.0088
[iter 12630]loss: 3.1466, tokens/sec: 26994.46 ± 445.82, tokens seen: 827719680, grad norm: 1.0149
[iter 12640]loss: 3.4708, tokens/sec: 26994.48 ± 445.64, tokens seen: 828375040, grad norm: 1.3238
[iter 12650]loss: 3.0538, tokens/sec: 26994.50 ± 445.47, tokens seen: 829030400, grad norm: 0.8779
[iter 12660]loss: 3.5463, tokens/sec: 26994.52 ± 445.29, tokens seen: 829685760, grad norm: 1.0711
[iter 12670]loss: 3.2741, tokens/sec: 26994.54 ± 445.12, tokens seen: 830341120, grad norm: 1.4381
[iter 12680]loss: 3.2470, tokens/sec: 26994.55 ± 444.94, tokens seen: 830996480, grad norm: 0.9652
[iter 12690]loss: 3.3963, tokens/sec: 26994.57 ± 444.77, tokens seen: 831651840, grad norm: 1.1828
[iter 12700]loss: 3.1018, tokens/sec: 26994.59 ± 444.59, tokens seen: 832307200, grad norm: 0.9499
[iter 12710]loss: 3.2692, tokens/sec: 26994.60 ± 444.42, tokens seen: 832962560, grad norm: 1.3859
[iter 12720]loss: 3.0667, tokens/sec: 26994.62 ± 444.24, tokens seen: 833617920, grad norm: 0.9753
[iter 12730]loss: 3.2127, tokens/sec: 26993.89 ± 451.84, tokens seen: 834273280, grad norm: 1.6172
[iter 12740]loss: 3.2308, tokens/sec: 26993.91 ± 451.66, tokens seen: 834928640, grad norm: 0.9308
[iter 12750]loss: 3.1436, tokens/sec: 26993.94 ± 451.49, tokens seen: 835584000, grad norm: 0.8836
[iter 12760]loss: 3.2651, tokens/sec: 26993.95 ± 451.31, tokens seen: 836239360, grad norm: 1.3012
[iter 12770]loss: 3.3639, tokens/sec: 26993.97 ± 451.14, tokens seen: 836894720, grad norm: 1.3644
[iter 12780]loss: 3.0945, tokens/sec: 26993.98 ± 450.96, tokens seen: 837550080, grad norm: 0.7708
[iter 12790]loss: 3.5617, tokens/sec: 26994.00 ± 450.78, tokens seen: 838205440, grad norm: 1.1631
[iter 12800]loss: 3.3489, tokens/sec: 26994.01 ± 450.61, tokens seen: 838860800, grad norm: 1.2858
[iter 12810]loss: 3.0721, tokens/sec: 26994.03 ± 450.43, tokens seen: 839516160, grad norm: 1.4202
[iter 12820]loss: 3.3932, tokens/sec: 26994.04 ± 450.26, tokens seen: 840171520, grad norm: 0.8349
[iter 12830]loss: 3.3513, tokens/sec: 26994.05 ± 450.08, tokens seen: 840826880, grad norm: 1.3965
[iter 12840]loss: 3.5088, tokens/sec: 26994.07 ± 449.91, tokens seen: 841482240, grad norm: 1.2640
[iter 12850]loss: 3.1662, tokens/sec: 26994.08 ± 449.73, tokens seen: 842137600, grad norm: 2.0309
[iter 12860]loss: 3.1311, tokens/sec: 26994.10 ± 449.56, tokens seen: 842792960, grad norm: 0.8385
[iter 12870]loss: 3.3020, tokens/sec: 26994.11 ± 449.38, tokens seen: 843448320, grad norm: 1.0417
[iter 12880]loss: 3.3430, tokens/sec: 26994.13 ± 449.21, tokens seen: 844103680, grad norm: 1.4802
[iter 12890]loss: 3.1625, tokens/sec: 26994.14 ± 449.04, tokens seen: 844759040, grad norm: 1.1198
[iter 12900]loss: 3.1657, tokens/sec: 26994.16 ± 448.86, tokens seen: 845414400, grad norm: 1.1859
[iter 12910]loss: 3.5832, tokens/sec: 26994.17 ± 448.69, tokens seen: 846069760, grad norm: 1.1122
[iter 12920]loss: 3.3288, tokens/sec: 26994.19 ± 448.52, tokens seen: 846725120, grad norm: 1.5676
[iter 12930]loss: 2.9426, tokens/sec: 26994.20 ± 448.34, tokens seen: 847380480, grad norm: 1.0604
[iter 12940]loss: 3.2838, tokens/sec: 26994.22 ± 448.17, tokens seen: 848035840, grad norm: 0.8880
[iter 12950]loss: 3.1645, tokens/sec: 26994.22 ± 448.00, tokens seen: 848691200, grad norm: 0.9755
[iter 12960]loss: 3.1725, tokens/sec: 26994.24 ± 447.82, tokens seen: 849346560, grad norm: 0.8629
[iter 12970]loss: 3.3927, tokens/sec: 26994.24 ± 447.65, tokens seen: 850001920, grad norm: 1.1468
[iter 12980]loss: 3.4645, tokens/sec: 26994.26 ± 447.48, tokens seen: 850657280, grad norm: 1.2779
[iter 12990]loss: 2.9501, tokens/sec: 26994.28 ± 447.31, tokens seen: 851312640, grad norm: 1.2501
[step 13000]train loss: 3.2877, val loss: 3.2783, (avg train loss: 0.8166 ± 0.0378), (avg grad norm: 1.3178 ± 0.6311)
saving checkpoint to ./out-owt-large-mhc-group-lora-midnorm-bs8-bs8-20000step
[iter 13000]loss: 3.0830, tokens/sec: 26994.30 ± 447.14, tokens seen: 851968000, grad norm: 1.3228
[iter 13010]loss: 3.3072, tokens/sec: 26994.31 ± 446.97, tokens seen: 852623360, grad norm: 1.5708
[iter 13020]loss: 3.1742, tokens/sec: 26994.32 ± 446.80, tokens seen: 853278720, grad norm: 1.2799
[iter 13030]loss: 3.0055, tokens/sec: 26994.34 ± 446.62, tokens seen: 853934080, grad norm: 1.0976
[iter 13040]loss: 3.6485, tokens/sec: 26994.36 ± 446.45, tokens seen: 854589440, grad norm: 0.8024
[iter 13050]loss: 3.4745, tokens/sec: 26994.38 ± 446.28, tokens seen: 855244800, grad norm: 1.1091
[iter 13060]loss: 3.2527, tokens/sec: 26994.39 ± 446.11, tokens seen: 855900160, grad norm: 0.8816
[iter 13070]loss: 2.9805, tokens/sec: 26994.41 ± 445.94, tokens seen: 856555520, grad norm: 1.1594
[iter 13080]loss: 3.1985, tokens/sec: 26993.89 ± 449.88, tokens seen: 857210880, grad norm: 1.6494
[iter 13090]loss: 3.1848, tokens/sec: 26993.91 ± 449.71, tokens seen: 857866240, grad norm: 1.2058
[iter 13100]loss: 2.8882, tokens/sec: 26993.93 ± 449.53, tokens seen: 858521600, grad norm: 1.0896
[iter 13110]loss: 3.1662, tokens/sec: 26993.95 ± 449.36, tokens seen: 859176960, grad norm: 1.1817
[iter 13120]loss: 3.2823, tokens/sec: 26993.97 ± 449.19, tokens seen: 859832320, grad norm: 1.0638
[iter 13130]loss: 3.2879, tokens/sec: 26993.98 ± 449.02, tokens seen: 860487680, grad norm: 1.2246
[iter 13140]loss: 3.2598, tokens/sec: 26994.00 ± 448.85, tokens seen: 861143040, grad norm: 1.3506
[iter 13150]loss: 3.2800, tokens/sec: 26994.02 ± 448.68, tokens seen: 861798400, grad norm: 1.0875
[iter 13160]loss: 3.2056, tokens/sec: 26994.04 ± 448.51, tokens seen: 862453760, grad norm: 1.7485
[iter 13170]loss: 3.3994, tokens/sec: 26994.06 ± 448.34, tokens seen: 863109120, grad norm: 1.4845
[iter 13180]loss: 3.2418, tokens/sec: 26994.08 ± 448.17, tokens seen: 863764480, grad norm: 0.9682
[iter 13190]loss: 3.3453, tokens/sec: 26994.09 ± 448.00, tokens seen: 864419840, grad norm: 1.5772
[iter 13200]loss: 3.3247, tokens/sec: 26994.11 ± 447.83, tokens seen: 865075200, grad norm: 1.0214
[iter 13210]loss: 3.3140, tokens/sec: 26994.13 ± 447.67, tokens seen: 865730560, grad norm: 1.0298
[iter 13220]loss: 3.2422, tokens/sec: 26994.15 ± 447.50, tokens seen: 866385920, grad norm: 0.8413
[iter 13230]loss: 3.2218, tokens/sec: 26994.17 ± 447.33, tokens seen: 867041280, grad norm: 0.9252
[iter 13240]loss: 3.4129, tokens/sec: 26994.19 ± 447.16, tokens seen: 867696640, grad norm: 0.9209
[iter 13250]loss: 3.3948, tokens/sec: 26994.21 ± 446.99, tokens seen: 868352000, grad norm: 1.0371
[iter 13260]loss: 3.2321, tokens/sec: 26994.23 ± 446.82, tokens seen: 869007360, grad norm: 0.8394
[iter 13270]loss: 3.4045, tokens/sec: 26994.25 ± 446.66, tokens seen: 869662720, grad norm: 1.5611
[iter 13280]loss: 3.1909, tokens/sec: 26994.26 ± 446.49, tokens seen: 870318080, grad norm: 1.7557
[iter 13290]loss: 3.3506, tokens/sec: 26994.28 ± 446.32, tokens seen: 870973440, grad norm: 0.7678
[iter 13300]loss: 3.1216, tokens/sec: 26994.30 ± 446.15, tokens seen: 871628800, grad norm: 1.4827
[iter 13310]loss: 3.2338, tokens/sec: 26994.32 ± 445.99, tokens seen: 872284160, grad norm: 1.4634
[iter 13320]loss: 3.2873, tokens/sec: 26994.34 ± 445.82, tokens seen: 872939520, grad norm: 0.9461
[iter 13330]loss: 3.4531, tokens/sec: 26994.36 ± 445.65, tokens seen: 873594880, grad norm: 1.0260
[iter 13340]loss: 3.2995, tokens/sec: 26994.37 ± 445.49, tokens seen: 874250240, grad norm: 1.1475
[iter 13350]loss: 3.4320, tokens/sec: 26994.39 ± 445.32, tokens seen: 874905600, grad norm: 1.2323
[iter 13360]loss: 3.4443, tokens/sec: 26994.41 ± 445.15, tokens seen: 875560960, grad norm: 1.0137
[iter 13370]loss: 3.2795, tokens/sec: 26994.43 ± 444.99, tokens seen: 876216320, grad norm: 1.6202
[iter 13380]loss: 3.3590, tokens/sec: 26994.44 ± 444.82, tokens seen: 876871680, grad norm: 0.9392
[iter 13390]loss: 3.4281, tokens/sec: 26994.46 ± 444.66, tokens seen: 877527040, grad norm: 1.4191
[iter 13400]loss: 3.3408, tokens/sec: 26994.47 ± 444.49, tokens seen: 878182400, grad norm: 1.0581
[iter 13410]loss: 3.2557, tokens/sec: 26994.49 ± 444.33, tokens seen: 878837760, grad norm: 1.4278
[iter 13420]loss: 3.3674, tokens/sec: 26994.51 ± 444.16, tokens seen: 879493120, grad norm: 1.1724
[iter 13430]loss: 3.1744, tokens/sec: 26994.53 ± 444.00, tokens seen: 880148480, grad norm: 0.9439
[iter 13440]loss: 3.3940, tokens/sec: 26994.54 ± 443.83, tokens seen: 880803840, grad norm: 2.8959
[iter 13450]loss: 3.3188, tokens/sec: 26994.56 ± 443.67, tokens seen: 881459200, grad norm: 0.9569
[iter 13460]loss: 3.1996, tokens/sec: 26994.58 ± 443.50, tokens seen: 882114560, grad norm: 1.0825
[iter 13470]loss: 3.4732, tokens/sec: 26994.59 ± 443.34, tokens seen: 882769920, grad norm: 1.0820
[iter 13480]loss: 3.2617, tokens/sec: 26994.61 ± 443.17, tokens seen: 883425280, grad norm: 0.9392
[iter 13490]loss: 3.2843, tokens/sec: 26994.63 ± 443.01, tokens seen: 884080640, grad norm: 1.3123
[step 13500]train loss: 3.2714, val loss: 3.2862, (avg train loss: 0.8223 ± 0.0360), (avg grad norm: 1.2826 ± 0.4691)
[iter 13500]loss: 3.1572, tokens/sec: 26994.64 ± 442.85, tokens seen: 884736000, grad norm: 1.8723
[iter 13510]loss: 3.4416, tokens/sec: 26994.66 ± 442.68, tokens seen: 885391360, grad norm: 1.0726
[iter 13520]loss: 3.0390, tokens/sec: 26994.67 ± 442.52, tokens seen: 886046720, grad norm: 1.1002
[iter 13530]loss: 3.4160, tokens/sec: 26994.69 ± 442.36, tokens seen: 886702080, grad norm: 1.6409
[iter 13540]loss: 3.1904, tokens/sec: 26994.72 ± 442.20, tokens seen: 887357440, grad norm: 1.0827
[iter 13550]loss: 3.0143, tokens/sec: 26994.74 ± 442.03, tokens seen: 888012800, grad norm: 1.8651
[iter 13560]loss: 3.4963, tokens/sec: 26994.75 ± 441.87, tokens seen: 888668160, grad norm: 1.1176
[iter 13570]loss: 3.1847, tokens/sec: 26994.77 ± 441.71, tokens seen: 889323520, grad norm: 1.1875
[iter 13580]loss: 3.0966, tokens/sec: 26994.79 ± 441.55, tokens seen: 889978880, grad norm: 1.5431
[iter 13590]loss: 3.2781, tokens/sec: 26994.81 ± 441.38, tokens seen: 890634240, grad norm: 2.8515
[iter 13600]loss: 3.3980, tokens/sec: 26994.82 ± 441.22, tokens seen: 891289600, grad norm: 1.1215
[iter 13610]loss: 3.0899, tokens/sec: 26994.84 ± 441.06, tokens seen: 891944960, grad norm: 0.8470
[iter 13620]loss: 3.2999, tokens/sec: 26994.86 ± 440.90, tokens seen: 892600320, grad norm: 2.4337
[iter 13630]loss: 3.3254, tokens/sec: 26994.87 ± 440.74, tokens seen: 893255680, grad norm: 1.0601
[iter 13640]loss: 3.1795, tokens/sec: 26994.89 ± 440.58, tokens seen: 893911040, grad norm: 1.4364
[iter 13650]loss: 3.3915, tokens/sec: 26994.91 ± 440.42, tokens seen: 894566400, grad norm: 1.8055
[iter 13660]loss: 3.1283, tokens/sec: 26994.93 ± 440.26, tokens seen: 895221760, grad norm: 1.1516
[iter 13670]loss: 3.5022, tokens/sec: 26994.94 ± 440.09, tokens seen: 895877120, grad norm: 2.4642
[iter 13680]loss: 3.4333, tokens/sec: 26994.96 ± 439.93, tokens seen: 896532480, grad norm: 1.5276
[iter 13690]loss: 3.1933, tokens/sec: 26994.98 ± 439.77, tokens seen: 897187840, grad norm: 1.4387
[iter 13700]loss: 3.1932, tokens/sec: 26995.00 ± 439.61, tokens seen: 897843200, grad norm: 1.7390
[iter 13710]loss: 3.2357, tokens/sec: 26995.01 ± 439.45, tokens seen: 898498560, grad norm: 1.5224
[iter 13720]loss: 3.3892, tokens/sec: 26995.03 ± 439.30, tokens seen: 899153920, grad norm: 1.2592
[iter 13730]loss: 3.3915, tokens/sec: 26995.05 ± 439.14, tokens seen: 899809280, grad norm: 1.2094
[iter 13740]loss: 3.3236, tokens/sec: 26995.07 ± 438.98, tokens seen: 900464640, grad norm: 1.0284
[iter 13750]loss: 3.1858, tokens/sec: 26995.09 ± 438.82, tokens seen: 901120000, grad norm: 1.3912
[iter 13760]loss: 3.0380, tokens/sec: 26995.10 ± 438.66, tokens seen: 901775360, grad norm: 1.0944
[iter 13770]loss: 3.4162, tokens/sec: 26995.12 ± 438.50, tokens seen: 902430720, grad norm: 1.2431
[iter 13780]loss: 3.2874, tokens/sec: 26994.45 ± 445.81, tokens seen: 903086080, grad norm: 1.2948
[iter 13790]loss: 3.1509, tokens/sec: 26994.47 ± 445.65, tokens seen: 903741440, grad norm: 1.5671
[iter 13800]loss: 3.4393, tokens/sec: 26994.48 ± 445.48, tokens seen: 904396800, grad norm: 2.1425
[iter 13810]loss: 3.2344, tokens/sec: 26994.50 ± 445.32, tokens seen: 905052160, grad norm: 1.9060
[iter 13820]loss: 3.2789, tokens/sec: 26994.52 ± 445.16, tokens seen: 905707520, grad norm: 1.5446
[iter 13830]loss: 3.4044, tokens/sec: 26994.54 ± 445.00, tokens seen: 906362880, grad norm: 1.6835
[iter 13840]loss: 3.2675, tokens/sec: 26994.56 ± 444.84, tokens seen: 907018240, grad norm: 2.0142
[iter 13850]loss: 3.1910, tokens/sec: 26994.58 ± 444.68, tokens seen: 907673600, grad norm: 1.6329
[iter 13860]loss: 3.0659, tokens/sec: 26994.59 ± 444.52, tokens seen: 908328960, grad norm: 1.0595
[iter 13870]loss: 3.1704, tokens/sec: 26994.61 ± 444.36, tokens seen: 908984320, grad norm: 1.1746
[iter 13880]loss: 3.2973, tokens/sec: 26994.63 ± 444.20, tokens seen: 909639680, grad norm: 1.8000
[iter 13890]loss: 3.0835, tokens/sec: 26994.65 ± 444.04, tokens seen: 910295040, grad norm: 1.2732
[iter 13900]loss: 3.4353, tokens/sec: 26994.66 ± 443.89, tokens seen: 910950400, grad norm: 1.3710
[iter 13910]loss: 3.2426, tokens/sec: 26994.68 ± 443.73, tokens seen: 911605760, grad norm: 1.0200
[iter 13920]loss: 3.2488, tokens/sec: 26994.21 ± 447.28, tokens seen: 912261120, grad norm: 1.0181
[iter 13930]loss: 3.3207, tokens/sec: 26994.22 ± 447.12, tokens seen: 912916480, grad norm: 1.1480
[iter 13940]loss: 2.9440, tokens/sec: 26994.24 ± 446.96, tokens seen: 913571840, grad norm: 2.1499
[iter 13950]loss: 3.2677, tokens/sec: 26994.26 ± 446.80, tokens seen: 914227200, grad norm: 1.1841
[iter 13960]loss: 3.0701, tokens/sec: 26994.28 ± 446.64, tokens seen: 914882560, grad norm: 1.1194
[iter 13970]loss: 3.1683, tokens/sec: 26994.29 ± 446.48, tokens seen: 915537920, grad norm: 1.2011
[iter 13980]loss: 3.3040, tokens/sec: 26994.31 ± 446.32, tokens seen: 916193280, grad norm: 1.4536
[iter 13990]loss: 3.0615, tokens/sec: 26994.33 ± 446.16, tokens seen: 916848640, grad norm: 1.7558
[step 14000]train loss: 3.2551, val loss: 3.2689, (avg train loss: 0.8103 ± 0.0382), (avg grad norm: 1.5026 ± 0.4772)
saving checkpoint to ./out-owt-large-mhc-group-lora-midnorm-bs8-bs8-20000step
[iter 14000]loss: 3.0271, tokens/sec: 26994.35 ± 446.00, tokens seen: 917504000, grad norm: 1.6804
[iter 14010]loss: 3.2167, tokens/sec: 26994.36 ± 445.84, tokens seen: 918159360, grad norm: 1.4950
[iter 14020]loss: 3.0034, tokens/sec: 26994.38 ± 445.68, tokens seen: 918814720, grad norm: 1.7911
[iter 14030]loss: 3.1950, tokens/sec: 26994.40 ± 445.52, tokens seen: 919470080, grad norm: 1.3625
[iter 14040]loss: 3.2679, tokens/sec: 26994.42 ± 445.37, tokens seen: 920125440, grad norm: 1.4096
[iter 14050]loss: 3.3165, tokens/sec: 26994.44 ± 445.21, tokens seen: 920780800, grad norm: 1.3775
[iter 14060]loss: 3.4658, tokens/sec: 26994.45 ± 445.05, tokens seen: 921436160, grad norm: 1.7776
[iter 14070]loss: 3.0219, tokens/sec: 26994.47 ± 444.89, tokens seen: 922091520, grad norm: 1.5638
[iter 14080]loss: 3.2654, tokens/sec: 26994.49 ± 444.74, tokens seen: 922746880, grad norm: 1.6508
[iter 14090]loss: 3.2004, tokens/sec: 26994.51 ± 444.58, tokens seen: 923402240, grad norm: 3.0223
[iter 14100]loss: 3.2634, tokens/sec: 26994.52 ± 444.42, tokens seen: 924057600, grad norm: 1.8774
[iter 14110]loss: 3.3988, tokens/sec: 26994.54 ± 444.26, tokens seen: 924712960, grad norm: 1.1850
[iter 14120]loss: 3.4198, tokens/sec: 26994.56 ± 444.11, tokens seen: 925368320, grad norm: 1.4663
[iter 14130]loss: 3.1754, tokens/sec: 26994.57 ± 443.95, tokens seen: 926023680, grad norm: 1.3489
[iter 14140]loss: 3.0212, tokens/sec: 26994.59 ± 443.79, tokens seen: 926679040, grad norm: 5.5030
[iter 14150]loss: 3.2233, tokens/sec: 26994.60 ± 443.64, tokens seen: 927334400, grad norm: 1.7728
[iter 14160]loss: 3.2417, tokens/sec: 26994.62 ± 443.48, tokens seen: 927989760, grad norm: 1.0188
[iter 14170]loss: 3.3593, tokens/sec: 26994.64 ± 443.33, tokens seen: 928645120, grad norm: 1.3583
[iter 14180]loss: 3.3824, tokens/sec: 26994.66 ± 443.17, tokens seen: 929300480, grad norm: 2.3032
[iter 14190]loss: 3.3357, tokens/sec: 26994.67 ± 443.01, tokens seen: 929955840, grad norm: 1.5952
[iter 14200]loss: 3.2803, tokens/sec: 26994.69 ± 442.86, tokens seen: 930611200, grad norm: 1.5061
[iter 14210]loss: 3.1371, tokens/sec: 26994.71 ± 442.70, tokens seen: 931266560, grad norm: 1.6044
[iter 14220]loss: 3.0574, tokens/sec: 26994.73 ± 442.55, tokens seen: 931921920, grad norm: 1.1622
[iter 14230]loss: 3.0744, tokens/sec: 26994.74 ± 442.39, tokens seen: 932577280, grad norm: 1.7937
[iter 14240]loss: 3.3633, tokens/sec: 26994.76 ± 442.24, tokens seen: 933232640, grad norm: 1.4809
[iter 14250]loss: 3.2208, tokens/sec: 26994.78 ± 442.08, tokens seen: 933888000, grad norm: 1.4759
[iter 14260]loss: 3.1505, tokens/sec: 26994.79 ± 441.93, tokens seen: 934543360, grad norm: 1.1428
[iter 14270]loss: 3.2847, tokens/sec: 26994.81 ± 441.78, tokens seen: 935198720, grad norm: 1.1432
[iter 14280]loss: 3.2567, tokens/sec: 26994.83 ± 441.62, tokens seen: 935854080, grad norm: 1.2897
[iter 14290]loss: 3.1746, tokens/sec: 26994.84 ± 441.47, tokens seen: 936509440, grad norm: 1.4092
[iter 14300]loss: 3.0477, tokens/sec: 26994.86 ± 441.31, tokens seen: 937164800, grad norm: 1.6171
[iter 14310]loss: 3.2463, tokens/sec: 26994.88 ± 441.16, tokens seen: 937820160, grad norm: 1.0848
[iter 14320]loss: 3.2134, tokens/sec: 26994.89 ± 441.01, tokens seen: 938475520, grad norm: 1.8205
[iter 14330]loss: 3.2040, tokens/sec: 26994.91 ± 440.85, tokens seen: 939130880, grad norm: 1.5753
[iter 14340]loss: 3.3216, tokens/sec: 26994.93 ± 440.70, tokens seen: 939786240, grad norm: 0.9077
[iter 14350]loss: 2.9090, tokens/sec: 26994.95 ± 440.55, tokens seen: 940441600, grad norm: 1.1540
[iter 14360]loss: 3.2776, tokens/sec: 26994.96 ± 440.39, tokens seen: 941096960, grad norm: 1.5106
[iter 14370]loss: 3.4039, tokens/sec: 26994.98 ± 440.24, tokens seen: 941752320, grad norm: 2.1969
[iter 14380]loss: 3.1903, tokens/sec: 26995.00 ± 440.09, tokens seen: 942407680, grad norm: 1.3419
[iter 14390]loss: 3.3068, tokens/sec: 26995.02 ± 439.94, tokens seen: 943063040, grad norm: 1.5037
[iter 14400]loss: 3.1684, tokens/sec: 26995.03 ± 439.78, tokens seen: 943718400, grad norm: 1.2371
[iter 14410]loss: 3.2675, tokens/sec: 26995.05 ± 439.63, tokens seen: 944373760, grad norm: 1.6545
[iter 14420]loss: 2.9555, tokens/sec: 26995.07 ± 439.48, tokens seen: 945029120, grad norm: 1.2928
[iter 14430]loss: 2.9314, tokens/sec: 26995.08 ± 439.33, tokens seen: 945684480, grad norm: 1.3771
[iter 14440]loss: 3.3490, tokens/sec: 26995.10 ± 439.18, tokens seen: 946339840, grad norm: 3.2015
[iter 14450]loss: 2.8775, tokens/sec: 26995.11 ± 439.03, tokens seen: 946995200, grad norm: 1.3457
[iter 14460]loss: 3.3413, tokens/sec: 26995.12 ± 438.87, tokens seen: 947650560, grad norm: 1.4129
[iter 14470]loss: 3.1626, tokens/sec: 26995.13 ± 438.72, tokens seen: 948305920, grad norm: 1.1904
[iter 14480]loss: 3.1861, tokens/sec: 26995.15 ± 438.57, tokens seen: 948961280, grad norm: 1.4900
[iter 14490]loss: 3.2928, tokens/sec: 26995.16 ± 438.42, tokens seen: 949616640, grad norm: 1.5177
[step 14500]train loss: 3.2383, val loss: 3.2545, (avg train loss: 0.8090 ± 0.0393), (avg grad norm: 1.6692 ± 0.7481)
saving checkpoint to ./out-owt-large-mhc-group-lora-midnorm-bs8-bs8-20000step
[iter 14500]loss: 3.3608, tokens/sec: 26995.17 ± 438.27, tokens seen: 950272000, grad norm: 1.5610
[iter 14510]loss: 3.2668, tokens/sec: 26995.19 ± 438.12, tokens seen: 950927360, grad norm: 1.4013
[iter 14520]loss: 3.2906, tokens/sec: 26995.21 ± 437.97, tokens seen: 951582720, grad norm: 2.5108
[iter 14530]loss: 3.0174, tokens/sec: 26995.23 ± 437.82, tokens seen: 952238080, grad norm: 1.6131
[iter 14540]loss: 3.4071, tokens/sec: 26995.24 ± 437.67, tokens seen: 952893440, grad norm: 1.1775
[iter 14550]loss: 3.2123, tokens/sec: 26995.26 ± 437.52, tokens seen: 953548800, grad norm: 1.4303
[iter 14560]loss: 3.4030, tokens/sec: 26995.28 ± 437.37, tokens seen: 954204160, grad norm: 1.4186
[iter 14570]loss: 3.3617, tokens/sec: 26995.30 ± 437.22, tokens seen: 954859520, grad norm: 1.1910
[iter 14580]loss: 3.1614, tokens/sec: 26995.31 ± 437.07, tokens seen: 955514880, grad norm: 1.9724
[iter 14590]loss: 3.2009, tokens/sec: 26995.33 ± 436.92, tokens seen: 956170240, grad norm: 2.3590
[iter 14600]loss: 3.2338, tokens/sec: 26995.34 ± 436.77, tokens seen: 956825600, grad norm: 1.7754
[iter 14610]loss: 3.3956, tokens/sec: 26995.36 ± 436.62, tokens seen: 957480960, grad norm: 1.5088
[iter 14620]loss: 3.0284, tokens/sec: 26995.37 ± 436.47, tokens seen: 958136320, grad norm: 1.4685
[iter 14630]loss: 3.0372, tokens/sec: 26995.39 ± 436.33, tokens seen: 958791680, grad norm: 1.6241
[iter 14640]loss: 3.1822, tokens/sec: 26995.40 ± 436.18, tokens seen: 959447040, grad norm: 1.4611
[iter 14650]loss: 3.4294, tokens/sec: 26995.41 ± 436.03, tokens seen: 960102400, grad norm: 1.3887
[iter 14660]loss: 3.1354, tokens/sec: 26995.43 ± 435.88, tokens seen: 960757760, grad norm: 1.5881
[iter 14670]loss: 3.4395, tokens/sec: 26995.44 ± 435.73, tokens seen: 961413120, grad norm: 1.5153
[iter 14680]loss: 3.1247, tokens/sec: 26995.45 ± 435.58, tokens seen: 962068480, grad norm: 1.3298
[iter 14690]loss: 3.4336, tokens/sec: 26995.47 ± 435.44, tokens seen: 962723840, grad norm: 1.2057
[iter 14700]loss: 3.2476, tokens/sec: 26995.48 ± 435.29, tokens seen: 963379200, grad norm: 1.6845
[iter 14710]loss: 3.2351, tokens/sec: 26995.49 ± 435.14, tokens seen: 964034560, grad norm: 1.2719
[iter 14720]loss: 3.2236, tokens/sec: 26995.50 ± 434.99, tokens seen: 964689920, grad norm: 1.4206
[iter 14730]loss: 3.3475, tokens/sec: 26995.51 ± 434.85, tokens seen: 965345280, grad norm: 1.4380
[iter 14740]loss: 3.1904, tokens/sec: 26995.52 ± 434.70, tokens seen: 966000640, grad norm: 1.5307
[iter 14750]loss: 3.3025, tokens/sec: 26995.54 ± 434.55, tokens seen: 966656000, grad norm: 1.3160
[iter 14760]loss: 3.1709, tokens/sec: 26995.09 ± 437.96, tokens seen: 967311360, grad norm: 1.1088
[iter 14770]loss: 3.2452, tokens/sec: 26995.10 ± 437.81, tokens seen: 967966720, grad norm: 1.2505
[iter 14780]loss: 3.2924, tokens/sec: 26995.12 ± 437.66, tokens seen: 968622080, grad norm: 1.3484
[iter 14790]loss: 3.1206, tokens/sec: 26995.14 ± 437.52, tokens seen: 969277440, grad norm: 1.4548
[iter 14800]loss: 3.3412, tokens/sec: 26995.15 ± 437.37, tokens seen: 969932800, grad norm: 1.8672
[iter 14810]loss: 2.8246, tokens/sec: 26995.17 ± 437.22, tokens seen: 970588160, grad norm: 1.1992
[iter 14820]loss: 3.2387, tokens/sec: 26995.19 ± 437.07, tokens seen: 971243520, grad norm: 1.2267
[iter 14830]loss: 3.2093, tokens/sec: 26995.20 ± 436.93, tokens seen: 971898880, grad norm: 1.3408
[iter 14840]loss: 3.0799, tokens/sec: 26995.22 ± 436.78, tokens seen: 972554240, grad norm: 1.8231
[iter 14850]loss: 3.2190, tokens/sec: 26994.59 ± 443.53, tokens seen: 973209600, grad norm: 1.7941
[iter 14860]loss: 3.2196, tokens/sec: 26994.61 ± 443.38, tokens seen: 973864960, grad norm: 1.2025
[iter 14870]loss: 3.1217, tokens/sec: 26994.63 ± 443.23, tokens seen: 974520320, grad norm: 1.8070
[iter 14880]loss: 3.3682, tokens/sec: 26994.64 ± 443.08, tokens seen: 975175680, grad norm: 1.5146
[iter 14890]loss: 3.2005, tokens/sec: 26994.65 ± 442.94, tokens seen: 975831040, grad norm: 3.6009
[iter 14900]loss: 3.0626, tokens/sec: 26994.66 ± 442.79, tokens seen: 976486400, grad norm: 1.2632
[iter 14910]loss: 3.2446, tokens/sec: 26994.67 ± 442.64, tokens seen: 977141760, grad norm: 1.1941
[iter 14920]loss: 3.3210, tokens/sec: 26994.69 ± 442.49, tokens seen: 977797120, grad norm: 1.9010
[iter 14930]loss: 3.4882, tokens/sec: 26994.70 ± 442.34, tokens seen: 978452480, grad norm: 1.3551
[iter 14940]loss: 3.3840, tokens/sec: 26994.72 ± 442.20, tokens seen: 979107840, grad norm: 2.3248
[iter 14950]loss: 2.6726, tokens/sec: 26994.73 ± 442.05, tokens seen: 979763200, grad norm: 1.9107
[iter 14960]loss: 3.4419, tokens/sec: 26994.75 ± 441.90, tokens seen: 980418560, grad norm: 2.4335
[iter 14970]loss: 3.3280, tokens/sec: 26994.76 ± 441.75, tokens seen: 981073920, grad norm: 2.5568
[iter 14980]loss: 3.2672, tokens/sec: 26994.77 ± 441.61, tokens seen: 981729280, grad norm: 1.1424
[iter 14990]loss: 3.1511, tokens/sec: 26994.79 ± 441.46, tokens seen: 982384640, grad norm: 2.1676
[step 15000]train loss: 3.2369, val loss: 3.2374, (avg train loss: 0.8077 ± 0.0378), (avg grad norm: 1.6799 ± 0.5315)
saving checkpoint to ./out-owt-large-mhc-group-lora-midnorm-bs8-bs8-20000step
[iter 15000]loss: 3.3058, tokens/sec: 26994.80 ± 441.31, tokens seen: 983040000, grad norm: 1.2821
[iter 15010]loss: 3.2267, tokens/sec: 26994.82 ± 441.17, tokens seen: 983695360, grad norm: 1.4855
[iter 15020]loss: 3.3610, tokens/sec: 26994.83 ± 441.02, tokens seen: 984350720, grad norm: 1.3813
[iter 15030]loss: 3.0773, tokens/sec: 26994.83 ± 440.87, tokens seen: 985006080, grad norm: 1.4438
[iter 15040]loss: 2.9867, tokens/sec: 26994.84 ± 440.73, tokens seen: 985661440, grad norm: 2.2984
[iter 15050]loss: 3.2507, tokens/sec: 26994.86 ± 440.58, tokens seen: 986316800, grad norm: 4.6862
[iter 15060]loss: 3.3674, tokens/sec: 26994.87 ± 440.44, tokens seen: 986972160, grad norm: 1.9291
[iter 15070]loss: 3.2129, tokens/sec: 26994.89 ± 440.29, tokens seen: 987627520, grad norm: 0.9793
[iter 15080]loss: 3.1560, tokens/sec: 26994.90 ± 440.15, tokens seen: 988282880, grad norm: 1.7055
[iter 15090]loss: 2.9352, tokens/sec: 26994.92 ± 440.00, tokens seen: 988938240, grad norm: 1.7742
[iter 15100]loss: 3.1908, tokens/sec: 26994.93 ± 439.85, tokens seen: 989593600, grad norm: 3.0169
[iter 15110]loss: 3.1443, tokens/sec: 26994.94 ± 439.71, tokens seen: 990248960, grad norm: 1.7598
[iter 15120]loss: 3.1904, tokens/sec: 26994.95 ± 439.56, tokens seen: 990904320, grad norm: 2.6743
[iter 15130]loss: 3.1924, tokens/sec: 26994.97 ± 439.42, tokens seen: 991559680, grad norm: 1.3940
[iter 15140]loss: 3.2192, tokens/sec: 26994.98 ± 439.27, tokens seen: 992215040, grad norm: 2.1034
[iter 15150]loss: 3.2394, tokens/sec: 26995.00 ± 439.13, tokens seen: 992870400, grad norm: 1.4748
[iter 15160]loss: 3.2684, tokens/sec: 26995.01 ± 438.99, tokens seen: 993525760, grad norm: 0.8634
[iter 15170]loss: 3.4274, tokens/sec: 26995.03 ± 438.84, tokens seen: 994181120, grad norm: 1.5739
[iter 15180]loss: 3.4004, tokens/sec: 26995.05 ± 438.70, tokens seen: 994836480, grad norm: 2.6162
[iter 15190]loss: 3.2877, tokens/sec: 26995.06 ± 438.55, tokens seen: 995491840, grad norm: 1.0807
[iter 15200]loss: 3.3681, tokens/sec: 26995.08 ± 438.41, tokens seen: 996147200, grad norm: 1.6320
[iter 15210]loss: 3.2875, tokens/sec: 26995.09 ± 438.27, tokens seen: 996802560, grad norm: 1.5955
[iter 15220]loss: 3.1419, tokens/sec: 26995.11 ± 438.12, tokens seen: 997457920, grad norm: 1.2491
[iter 15230]loss: 3.2496, tokens/sec: 26995.12 ± 437.98, tokens seen: 998113280, grad norm: 1.5984
[iter 15240]loss: 3.3549, tokens/sec: 26995.14 ± 437.84, tokens seen: 998768640, grad norm: 2.2103
[iter 15250]loss: 3.0001, tokens/sec: 26995.15 ± 437.69, tokens seen: 999424000, grad norm: 2.0593
[iter 15260]loss: 3.3295, tokens/sec: 26995.17 ± 437.55, tokens seen: 1000079360, grad norm: 1.3061
[iter 15270]loss: 3.0506, tokens/sec: 26995.18 ± 437.41, tokens seen: 1000734720, grad norm: 2.1453
[iter 15280]loss: 3.3503, tokens/sec: 26995.20 ± 437.26, tokens seen: 1001390080, grad norm: 1.5690
[iter 15290]loss: 3.1396, tokens/sec: 26995.21 ± 437.12, tokens seen: 1002045440, grad norm: 1.7961
[iter 15300]loss: 3.1823, tokens/sec: 26995.22 ± 436.98, tokens seen: 1002700800, grad norm: 1.4171
[iter 15310]loss: 3.2100, tokens/sec: 26995.24 ± 436.84, tokens seen: 1003356160, grad norm: 1.3469
[iter 15320]loss: 3.1269, tokens/sec: 26995.26 ± 436.70, tokens seen: 1004011520, grad norm: 1.3409
[iter 15330]loss: 3.0026, tokens/sec: 26995.27 ± 436.55, tokens seen: 1004666880, grad norm: 1.2875
[iter 15340]loss: 2.9531, tokens/sec: 26995.29 ± 436.41, tokens seen: 1005322240, grad norm: 1.5612
[iter 15350]loss: 3.2990, tokens/sec: 26995.30 ± 436.27, tokens seen: 1005977600, grad norm: 1.4248
[iter 15360]loss: 3.2375, tokens/sec: 26995.32 ± 436.13, tokens seen: 1006632960, grad norm: 1.9891
[iter 15370]loss: 3.3603, tokens/sec: 26995.33 ± 435.99, tokens seen: 1007288320, grad norm: 1.0624
[iter 15380]loss: 3.3670, tokens/sec: 26995.35 ± 435.85, tokens seen: 1007943680, grad norm: 3.1010
[iter 15390]loss: 3.0832, tokens/sec: 26995.36 ± 435.70, tokens seen: 1008599040, grad norm: 1.4424
[iter 15400]loss: 3.3737, tokens/sec: 26995.37 ± 435.56, tokens seen: 1009254400, grad norm: 1.7034
[iter 15410]loss: 3.0899, tokens/sec: 26995.39 ± 435.42, tokens seen: 1009909760, grad norm: 1.6075
[iter 15420]loss: 3.2710, tokens/sec: 26995.40 ± 435.28, tokens seen: 1010565120, grad norm: 1.7024
[iter 15430]loss: 3.0495, tokens/sec: 26995.41 ± 435.14, tokens seen: 1011220480, grad norm: 1.2974
[iter 15440]loss: 3.0741, tokens/sec: 26995.43 ± 435.00, tokens seen: 1011875840, grad norm: 2.3711
[iter 15450]loss: 3.2349, tokens/sec: 26995.44 ± 434.86, tokens seen: 1012531200, grad norm: 1.5056
[iter 15460]loss: 3.3668, tokens/sec: 26995.45 ± 434.72, tokens seen: 1013186560, grad norm: 1.7168
[iter 15470]loss: 3.0540, tokens/sec: 26995.47 ± 434.58, tokens seen: 1013841920, grad norm: 1.1896
[iter 15480]loss: 3.2376, tokens/sec: 26995.46 ± 434.44, tokens seen: 1014497280, grad norm: 1.8985
[iter 15490]loss: 3.4229, tokens/sec: 26995.47 ± 434.30, tokens seen: 1015152640, grad norm: 1.8898
[step 15500]train loss: 3.2279, val loss: 3.2387, (avg train loss: 0.8037 ± 0.0344), (avg grad norm: 1.7956 ± 0.6021)
[iter 15500]loss: 3.1717, tokens/sec: 26995.48 ± 434.16, tokens seen: 1015808000, grad norm: 0.9789
[iter 15510]loss: 3.3717, tokens/sec: 26995.48 ± 434.02, tokens seen: 1016463360, grad norm: 2.2927
[iter 15520]loss: 3.3356, tokens/sec: 26995.49 ± 433.88, tokens seen: 1017118720, grad norm: 2.0800
[iter 15530]loss: 3.2214, tokens/sec: 26995.51 ± 433.74, tokens seen: 1017774080, grad norm: 2.0174
[iter 15540]loss: 3.4283, tokens/sec: 26995.52 ± 433.60, tokens seen: 1018429440, grad norm: 1.7477
[iter 15550]loss: 2.9347, tokens/sec: 26995.52 ± 433.46, tokens seen: 1019084800, grad norm: 2.1834
[iter 15560]loss: 3.2632, tokens/sec: 26995.53 ± 433.32, tokens seen: 1019740160, grad norm: 1.6797
[iter 15570]loss: 3.0259, tokens/sec: 26995.55 ± 433.18, tokens seen: 1020395520, grad norm: 1.7424
[iter 15580]loss: 3.5249, tokens/sec: 26995.56 ± 433.05, tokens seen: 1021050880, grad norm: 1.5313
[iter 15590]loss: 3.1734, tokens/sec: 26995.57 ± 432.91, tokens seen: 1021706240, grad norm: 1.7391
[iter 15600]loss: 3.1371, tokens/sec: 26995.13 ± 436.27, tokens seen: 1022361600, grad norm: 1.6785
[iter 15610]loss: 3.2746, tokens/sec: 26995.15 ± 436.13, tokens seen: 1023016960, grad norm: 2.1400
[iter 15620]loss: 3.0260, tokens/sec: 26995.16 ± 435.99, tokens seen: 1023672320, grad norm: 1.4651
[iter 15630]loss: 3.3638, tokens/sec: 26995.18 ± 435.85, tokens seen: 1024327680, grad norm: 1.8095
[iter 15640]loss: 3.1698, tokens/sec: 26995.19 ± 435.71, tokens seen: 1024983040, grad norm: 1.3613
[iter 15650]loss: 3.1731, tokens/sec: 26995.21 ± 435.57, tokens seen: 1025638400, grad norm: 2.2659
[iter 15660]loss: 3.2197, tokens/sec: 26995.22 ± 435.44, tokens seen: 1026293760, grad norm: 1.5912
[iter 15670]loss: 2.9961, tokens/sec: 26995.24 ± 435.30, tokens seen: 1026949120, grad norm: 1.3205
[iter 15680]loss: 3.2367, tokens/sec: 26995.25 ± 435.16, tokens seen: 1027604480, grad norm: 1.3539
[iter 15690]loss: 3.2199, tokens/sec: 26995.26 ± 435.02, tokens seen: 1028259840, grad norm: 1.2360
[iter 15700]loss: 3.2643, tokens/sec: 26995.28 ± 434.88, tokens seen: 1028915200, grad norm: 1.8688
[iter 15710]loss: 3.1858, tokens/sec: 26995.29 ± 434.74, tokens seen: 1029570560, grad norm: 1.2214
[iter 15720]loss: 3.3629, tokens/sec: 26995.31 ± 434.61, tokens seen: 1030225920, grad norm: 2.3815
[iter 15730]loss: 3.3165, tokens/sec: 26995.32 ± 434.47, tokens seen: 1030881280, grad norm: 1.6832
[iter 15740]loss: 3.2873, tokens/sec: 26995.33 ± 434.33, tokens seen: 1031536640, grad norm: 1.8978
[iter 15750]loss: 3.2959, tokens/sec: 26995.35 ± 434.19, tokens seen: 1032192000, grad norm: 2.1530
[iter 15760]loss: 3.3508, tokens/sec: 26995.36 ± 434.06, tokens seen: 1032847360, grad norm: 1.6016
[iter 15770]loss: 3.3380, tokens/sec: 26995.37 ± 433.92, tokens seen: 1033502720, grad norm: 1.9564
[iter 15780]loss: 3.1755, tokens/sec: 26995.39 ± 433.78, tokens seen: 1034158080, grad norm: 1.4548
[iter 15790]loss: 2.9940, tokens/sec: 26995.40 ± 433.65, tokens seen: 1034813440, grad norm: 1.3242
[iter 15800]loss: 3.0056, tokens/sec: 26995.42 ± 433.51, tokens seen: 1035468800, grad norm: 1.2913
[iter 15810]loss: 3.1604, tokens/sec: 26995.43 ± 433.37, tokens seen: 1036124160, grad norm: 1.9247
[iter 15820]loss: 3.3489, tokens/sec: 26995.44 ± 433.24, tokens seen: 1036779520, grad norm: 1.5108
[iter 15830]loss: 3.0357, tokens/sec: 26995.46 ± 433.10, tokens seen: 1037434880, grad norm: 1.4662
[iter 15840]loss: 3.0381, tokens/sec: 26995.47 ± 432.96, tokens seen: 1038090240, grad norm: 1.3736
[iter 15850]loss: 3.0292, tokens/sec: 26995.48 ± 432.83, tokens seen: 1038745600, grad norm: 2.4964
[iter 15860]loss: 3.4693, tokens/sec: 26995.50 ± 432.69, tokens seen: 1039400960, grad norm: 1.6126
[iter 15870]loss: 3.2082, tokens/sec: 26995.51 ± 432.55, tokens seen: 1040056320, grad norm: 1.8911
[iter 15880]loss: 3.2130, tokens/sec: 26995.53 ± 432.42, tokens seen: 1040711680, grad norm: 2.2329
[iter 15890]loss: 3.0059, tokens/sec: 26995.54 ± 432.28, tokens seen: 1041367040, grad norm: 2.1361
[iter 15900]loss: 3.0358, tokens/sec: 26995.55 ± 432.15, tokens seen: 1042022400, grad norm: 2.1025
[iter 15910]loss: 3.1002, tokens/sec: 26995.56 ± 432.01, tokens seen: 1042677760, grad norm: 1.4089
[iter 15920]loss: 3.1226, tokens/sec: 26994.97 ± 438.47, tokens seen: 1043333120, grad norm: 0.9995
[iter 15930]loss: 3.3154, tokens/sec: 26994.99 ± 438.33, tokens seen: 1043988480, grad norm: 1.4669
[iter 15940]loss: 3.0521, tokens/sec: 26995.00 ± 438.19, tokens seen: 1044643840, grad norm: 1.5400
[iter 15950]loss: 2.9996, tokens/sec: 26995.01 ± 438.05, tokens seen: 1045299200, grad norm: 1.5579
[iter 15960]loss: 3.2867, tokens/sec: 26995.02 ± 437.92, tokens seen: 1045954560, grad norm: 1.0773
[iter 15970]loss: 3.4043, tokens/sec: 26995.04 ± 437.78, tokens seen: 1046609920, grad norm: 2.2829
[iter 15980]loss: 3.2181, tokens/sec: 26995.05 ± 437.64, tokens seen: 1047265280, grad norm: 2.3753
[iter 15990]loss: 3.1187, tokens/sec: 26995.07 ± 437.51, tokens seen: 1047920640, grad norm: 1.3273
[step 16000]train loss: 3.2088, val loss: 3.2262, (avg train loss: 0.8022 ± 0.0341), (avg grad norm: 1.8203 ± 0.5272)
saving checkpoint to ./out-owt-large-mhc-group-lora-midnorm-bs8-bs8-20000step
[iter 16000]loss: 3.3054, tokens/sec: 26995.08 ± 437.37, tokens seen: 1048576000, grad norm: 1.8610
[iter 16010]loss: 3.2222, tokens/sec: 26995.09 ± 437.24, tokens seen: 1049231360, grad norm: 1.1863
[iter 16020]loss: 3.3057, tokens/sec: 26995.11 ± 437.10, tokens seen: 1049886720, grad norm: 1.8547
[iter 16030]loss: 3.4551, tokens/sec: 26995.13 ± 436.96, tokens seen: 1050542080, grad norm: 2.5591
[iter 16040]loss: 3.1889, tokens/sec: 26995.14 ± 436.83, tokens seen: 1051197440, grad norm: 2.2851
[iter 16050]loss: 3.3152, tokens/sec: 26995.16 ± 436.69, tokens seen: 1051852800, grad norm: 2.2701
[iter 16060]loss: 3.0207, tokens/sec: 26995.17 ± 436.56, tokens seen: 1052508160, grad norm: 1.4955
[iter 16070]loss: 3.2860, tokens/sec: 26995.19 ± 436.42, tokens seen: 1053163520, grad norm: 1.2084
[iter 16080]loss: 3.3356, tokens/sec: 26995.20 ± 436.29, tokens seen: 1053818880, grad norm: 1.2274
[iter 16090]loss: 3.1667, tokens/sec: 26995.22 ± 436.15, tokens seen: 1054474240, grad norm: 1.6566
[iter 16100]loss: 3.1229, tokens/sec: 26995.23 ± 436.02, tokens seen: 1055129600, grad norm: 4.3625
[iter 16110]loss: 3.3666, tokens/sec: 26995.25 ± 435.88, tokens seen: 1055784960, grad norm: 1.5163
[iter 16120]loss: 3.2559, tokens/sec: 26995.26 ± 435.75, tokens seen: 1056440320, grad norm: 1.2742
[iter 16130]loss: 3.2982, tokens/sec: 26995.27 ± 435.61, tokens seen: 1057095680, grad norm: 1.9500
[iter 16140]loss: 3.3238, tokens/sec: 26995.29 ± 435.48, tokens seen: 1057751040, grad norm: 1.3863
[iter 16150]loss: 3.0915, tokens/sec: 26995.30 ± 435.34, tokens seen: 1058406400, grad norm: 1.5867
[iter 16160]loss: 3.0872, tokens/sec: 26995.32 ± 435.21, tokens seen: 1059061760, grad norm: 1.5000
[iter 16170]loss: 3.1854, tokens/sec: 26995.33 ± 435.07, tokens seen: 1059717120, grad norm: 1.4357
[iter 16180]loss: 3.4258, tokens/sec: 26995.35 ± 434.94, tokens seen: 1060372480, grad norm: 1.2663
[iter 16190]loss: 3.2751, tokens/sec: 26995.36 ± 434.81, tokens seen: 1061027840, grad norm: 2.7071
[iter 16200]loss: 3.0774, tokens/sec: 26995.38 ± 434.67, tokens seen: 1061683200, grad norm: 2.7902
[iter 16210]loss: 3.3835, tokens/sec: 26995.39 ± 434.54, tokens seen: 1062338560, grad norm: 1.3651
[iter 16220]loss: 3.0105, tokens/sec: 26995.40 ± 434.41, tokens seen: 1062993920, grad norm: 2.0732
[iter 16230]loss: 3.1542, tokens/sec: 26995.42 ± 434.27, tokens seen: 1063649280, grad norm: 1.3024
[iter 16240]loss: 3.2843, tokens/sec: 26995.43 ± 434.14, tokens seen: 1064304640, grad norm: 1.2411
[iter 16250]loss: 3.1903, tokens/sec: 26995.45 ± 434.01, tokens seen: 1064960000, grad norm: 2.4492
[iter 16260]loss: 3.3111, tokens/sec: 26995.46 ± 433.87, tokens seen: 1065615360, grad norm: 1.7194
[iter 16270]loss: 3.2812, tokens/sec: 26995.48 ± 433.74, tokens seen: 1066270720, grad norm: 2.3117
[iter 16280]loss: 3.5112, tokens/sec: 26995.49 ± 433.61, tokens seen: 1066926080, grad norm: 1.6254
[iter 16290]loss: 3.2761, tokens/sec: 26995.50 ± 433.47, tokens seen: 1067581440, grad norm: 1.5829
[iter 16300]loss: 3.3265, tokens/sec: 26995.51 ± 433.34, tokens seen: 1068236800, grad norm: 2.2115
[iter 16310]loss: 3.1932, tokens/sec: 26995.53 ± 433.21, tokens seen: 1068892160, grad norm: 1.4814
[iter 16320]loss: 3.3508, tokens/sec: 26995.54 ± 433.08, tokens seen: 1069547520, grad norm: 2.3359
[iter 16330]loss: 3.0277, tokens/sec: 26995.55 ± 432.94, tokens seen: 1070202880, grad norm: 1.5182
[iter 16340]loss: 3.0037, tokens/sec: 26995.57 ± 432.81, tokens seen: 1070858240, grad norm: 1.6400
[iter 16350]loss: 3.1205, tokens/sec: 26995.58 ± 432.68, tokens seen: 1071513600, grad norm: 1.2466
[iter 16360]loss: 3.3628, tokens/sec: 26995.59 ± 432.55, tokens seen: 1072168960, grad norm: 1.8483
[iter 16370]loss: 3.5691, tokens/sec: 26995.61 ± 432.42, tokens seen: 1072824320, grad norm: 2.4395
[iter 16380]loss: 3.1508, tokens/sec: 26995.62 ± 432.28, tokens seen: 1073479680, grad norm: 2.0038
[iter 16390]loss: 3.3348, tokens/sec: 26995.63 ± 432.15, tokens seen: 1074135040, grad norm: 2.2422
[iter 16400]loss: 3.0706, tokens/sec: 26995.65 ± 432.02, tokens seen: 1074790400, grad norm: 1.4675
[iter 16410]loss: 3.2616, tokens/sec: 26995.66 ± 431.89, tokens seen: 1075445760, grad norm: 1.6755
[iter 16420]loss: 3.1902, tokens/sec: 26995.67 ± 431.76, tokens seen: 1076101120, grad norm: 1.7633
[iter 16430]loss: 3.2756, tokens/sec: 26995.69 ± 431.63, tokens seen: 1076756480, grad norm: 1.6628
[iter 16440]loss: 3.3471, tokens/sec: 26995.28 ± 434.83, tokens seen: 1077411840, grad norm: 1.1998
[iter 16450]loss: 3.3025, tokens/sec: 26995.29 ± 434.70, tokens seen: 1078067200, grad norm: 1.5442
[iter 16460]loss: 3.3118, tokens/sec: 26995.30 ± 434.56, tokens seen: 1078722560, grad norm: 1.4507
[iter 16470]loss: 3.1154, tokens/sec: 26995.32 ± 434.43, tokens seen: 1079377920, grad norm: 1.3297
[iter 16480]loss: 3.2278, tokens/sec: 26995.33 ± 434.30, tokens seen: 1080033280, grad norm: 1.4928
[iter 16490]loss: 3.3741, tokens/sec: 26995.34 ± 434.17, tokens seen: 1080688640, grad norm: 1.3980
[step 16500]train loss: 3.2020, val loss: 3.2203, (avg train loss: 0.8056 ± 0.0363), (avg grad norm: 1.8204 ± 0.5422)
saving checkpoint to ./out-owt-large-mhc-group-lora-midnorm-bs8-bs8-20000step
[iter 16500]loss: 3.1081, tokens/sec: 26995.35 ± 434.04, tokens seen: 1081344000, grad norm: 2.1148
[iter 16510]loss: 3.1979, tokens/sec: 26995.37 ± 433.91, tokens seen: 1081999360, grad norm: 1.3850
[iter 16520]loss: 2.9718, tokens/sec: 26995.39 ± 433.78, tokens seen: 1082654720, grad norm: 1.5059
[iter 16530]loss: 3.0595, tokens/sec: 26995.40 ± 433.65, tokens seen: 1083310080, grad norm: 1.9784
[iter 16540]loss: 3.1488, tokens/sec: 26995.42 ± 433.52, tokens seen: 1083965440, grad norm: 2.0237
[iter 16550]loss: 3.4233, tokens/sec: 26995.43 ± 433.39, tokens seen: 1084620800, grad norm: 2.3641
[iter 16560]loss: 3.2447, tokens/sec: 26995.44 ± 433.26, tokens seen: 1085276160, grad norm: 1.4310
[iter 16570]loss: 3.3771, tokens/sec: 26995.46 ± 433.12, tokens seen: 1085931520, grad norm: 2.1032
[iter 16580]loss: 3.2116, tokens/sec: 26995.47 ± 432.99, tokens seen: 1086586880, grad norm: 1.5722
[iter 16590]loss: 3.3951, tokens/sec: 26995.48 ± 432.86, tokens seen: 1087242240, grad norm: 2.3189
[iter 16600]loss: 3.0286, tokens/sec: 26995.49 ± 432.73, tokens seen: 1087897600, grad norm: 1.6264
[iter 16610]loss: 3.2407, tokens/sec: 26995.51 ± 432.60, tokens seen: 1088552960, grad norm: 1.2695
[iter 16620]loss: 3.2095, tokens/sec: 26995.52 ± 432.47, tokens seen: 1089208320, grad norm: 1.3373
[iter 16630]loss: 3.1158, tokens/sec: 26995.53 ± 432.34, tokens seen: 1089863680, grad norm: 2.4849
[iter 16640]loss: 3.2480, tokens/sec: 26995.55 ± 432.22, tokens seen: 1090519040, grad norm: 1.5429
[iter 16650]loss: 3.1612, tokens/sec: 26995.56 ± 432.09, tokens seen: 1091174400, grad norm: 1.3210
[iter 16660]loss: 3.3001, tokens/sec: 26995.57 ± 431.96, tokens seen: 1091829760, grad norm: 1.3457
[iter 16670]loss: 3.1618, tokens/sec: 26995.58 ± 431.83, tokens seen: 1092485120, grad norm: 1.8767
[iter 16680]loss: 3.2092, tokens/sec: 26995.60 ± 431.70, tokens seen: 1093140480, grad norm: 1.7436
[iter 16690]loss: 3.3003, tokens/sec: 26995.61 ± 431.57, tokens seen: 1093795840, grad norm: 1.6458
[iter 16700]loss: 3.3777, tokens/sec: 26995.63 ± 431.44, tokens seen: 1094451200, grad norm: 1.2296
[iter 16710]loss: 3.0356, tokens/sec: 26995.64 ± 431.31, tokens seen: 1095106560, grad norm: 1.5593
[iter 16720]loss: 3.2386, tokens/sec: 26995.65 ± 431.18, tokens seen: 1095761920, grad norm: 2.2359
[iter 16730]loss: 3.2758, tokens/sec: 26995.66 ± 431.05, tokens seen: 1096417280, grad norm: 1.4318
[iter 16740]loss: 3.2982, tokens/sec: 26995.68 ± 430.93, tokens seen: 1097072640, grad norm: 1.2768
[iter 16750]loss: 3.5247, tokens/sec: 26995.69 ± 430.80, tokens seen: 1097728000, grad norm: 1.1935
[iter 16760]loss: 3.2025, tokens/sec: 26995.70 ± 430.67, tokens seen: 1098383360, grad norm: 1.3678
[iter 16770]loss: 3.1575, tokens/sec: 26995.71 ± 430.54, tokens seen: 1099038720, grad norm: 1.3251
[iter 16780]loss: 3.2707, tokens/sec: 26995.73 ± 430.41, tokens seen: 1099694080, grad norm: 1.2318
[iter 16790]loss: 3.0889, tokens/sec: 26995.74 ± 430.29, tokens seen: 1100349440, grad norm: 2.0012
[iter 16800]loss: 3.2593, tokens/sec: 26995.75 ± 430.16, tokens seen: 1101004800, grad norm: 1.3235
[iter 16810]loss: 3.1229, tokens/sec: 26995.77 ± 430.03, tokens seen: 1101660160, grad norm: 1.0989
[iter 16820]loss: 3.2236, tokens/sec: 26995.78 ± 429.90, tokens seen: 1102315520, grad norm: 1.3289
[iter 16830]loss: 3.1221, tokens/sec: 26995.79 ± 429.78, tokens seen: 1102970880, grad norm: 1.3730
[iter 16840]loss: 3.1886, tokens/sec: 26995.80 ± 429.65, tokens seen: 1103626240, grad norm: 1.4831
[iter 16850]loss: 3.3903, tokens/sec: 26995.81 ± 429.52, tokens seen: 1104281600, grad norm: 1.4293
[iter 16860]loss: 3.1982, tokens/sec: 26995.83 ± 429.39, tokens seen: 1104936960, grad norm: 1.2818
[iter 16870]loss: 3.2932, tokens/sec: 26995.84 ± 429.27, tokens seen: 1105592320, grad norm: 2.3571
[iter 16880]loss: 3.0783, tokens/sec: 26995.85 ± 429.14, tokens seen: 1106247680, grad norm: 1.2346
[iter 16890]loss: 3.1787, tokens/sec: 26995.86 ± 429.01, tokens seen: 1106903040, grad norm: 3.4527
[iter 16900]loss: 3.2044, tokens/sec: 26995.88 ± 428.89, tokens seen: 1107558400, grad norm: 1.4728
[iter 16910]loss: 3.0093, tokens/sec: 26995.89 ± 428.76, tokens seen: 1108213760, grad norm: 2.0629
[iter 16920]loss: 3.1436, tokens/sec: 26995.91 ± 428.63, tokens seen: 1108869120, grad norm: 1.2178
[iter 16930]loss: 3.0425, tokens/sec: 26995.92 ± 428.51, tokens seen: 1109524480, grad norm: 1.8288
[iter 16940]loss: 3.1257, tokens/sec: 26995.93 ± 428.38, tokens seen: 1110179840, grad norm: 1.4169
[iter 16950]loss: 3.3352, tokens/sec: 26995.94 ± 428.26, tokens seen: 1110835200, grad norm: 1.3283
[iter 16960]loss: 3.0999, tokens/sec: 26995.39 ± 434.43, tokens seen: 1111490560, grad norm: 1.6715
[iter 16970]loss: 3.2608, tokens/sec: 26995.40 ± 434.30, tokens seen: 1112145920, grad norm: 1.7839
[iter 16980]loss: 3.1121, tokens/sec: 26995.41 ± 434.17, tokens seen: 1112801280, grad norm: 1.3820
[iter 16990]loss: 3.2833, tokens/sec: 26995.42 ± 434.05, tokens seen: 1113456640, grad norm: 2.5004
[step 17000]train loss: 3.2096, val loss: 3.2097, (avg train loss: 0.7977 ± 0.0311), (avg grad norm: 1.6978 ± 0.4568)
saving checkpoint to ./out-owt-large-mhc-group-lora-midnorm-bs8-bs8-20000step
[iter 17000]loss: 3.1437, tokens/sec: 26995.43 ± 433.92, tokens seen: 1114112000, grad norm: 1.4347
[iter 17010]loss: 3.2292, tokens/sec: 26995.45 ± 433.79, tokens seen: 1114767360, grad norm: 1.6260
[iter 17020]loss: 3.3592, tokens/sec: 26995.47 ± 433.67, tokens seen: 1115422720, grad norm: 1.6769
[iter 17030]loss: 3.0743, tokens/sec: 26995.48 ± 433.54, tokens seen: 1116078080, grad norm: 1.6669
[iter 17040]loss: 3.0649, tokens/sec: 26995.49 ± 433.41, tokens seen: 1116733440, grad norm: 1.4292
[iter 17050]loss: 3.3457, tokens/sec: 26995.51 ± 433.28, tokens seen: 1117388800, grad norm: 1.4161
[iter 17060]loss: 3.1453, tokens/sec: 26995.52 ± 433.16, tokens seen: 1118044160, grad norm: 2.8561
[iter 17070]loss: 3.1152, tokens/sec: 26995.53 ± 433.03, tokens seen: 1118699520, grad norm: 1.0631
[iter 17080]loss: 3.0880, tokens/sec: 26995.55 ± 432.91, tokens seen: 1119354880, grad norm: 1.8149
[iter 17090]loss: 3.1290, tokens/sec: 26995.56 ± 432.78, tokens seen: 1120010240, grad norm: 1.7491
[iter 17100]loss: 3.3376, tokens/sec: 26995.57 ± 432.65, tokens seen: 1120665600, grad norm: 1.5364
[iter 17110]loss: 3.1466, tokens/sec: 26995.59 ± 432.53, tokens seen: 1121320960, grad norm: 1.6528
[iter 17120]loss: 3.2163, tokens/sec: 26995.60 ± 432.40, tokens seen: 1121976320, grad norm: 1.3561
[iter 17130]loss: 3.1535, tokens/sec: 26995.61 ± 432.27, tokens seen: 1122631680, grad norm: 2.2300
[iter 17140]loss: 3.1598, tokens/sec: 26995.62 ± 432.15, tokens seen: 1123287040, grad norm: 2.3546
[iter 17150]loss: 3.1974, tokens/sec: 26995.64 ± 432.02, tokens seen: 1123942400, grad norm: 2.1417
[iter 17160]loss: 3.2598, tokens/sec: 26995.65 ± 431.90, tokens seen: 1124597760, grad norm: 1.6405
[iter 17170]loss: 3.3464, tokens/sec: 26995.66 ± 431.77, tokens seen: 1125253120, grad norm: 2.2238
[iter 17180]loss: 3.1210, tokens/sec: 26995.68 ± 431.65, tokens seen: 1125908480, grad norm: 1.1877
[iter 17190]loss: 3.0018, tokens/sec: 26995.69 ± 431.52, tokens seen: 1126563840, grad norm: 1.7086
[iter 17200]loss: 3.0587, tokens/sec: 26995.70 ± 431.40, tokens seen: 1127219200, grad norm: 0.9642
[iter 17210]loss: 3.3104, tokens/sec: 26995.72 ± 431.27, tokens seen: 1127874560, grad norm: 1.4430
[iter 17220]loss: 3.1548, tokens/sec: 26995.73 ± 431.15, tokens seen: 1128529920, grad norm: 1.1989
[iter 17230]loss: 3.2185, tokens/sec: 26995.74 ± 431.02, tokens seen: 1129185280, grad norm: 2.0405
[iter 17240]loss: 3.2456, tokens/sec: 26995.76 ± 430.90, tokens seen: 1129840640, grad norm: 2.7288
[iter 17250]loss: 3.3487, tokens/sec: 26995.77 ± 430.77, tokens seen: 1130496000, grad norm: 1.2056
[iter 17260]loss: 3.0976, tokens/sec: 26995.78 ± 430.65, tokens seen: 1131151360, grad norm: 1.2754
[iter 17270]loss: 3.0639, tokens/sec: 26995.79 ± 430.52, tokens seen: 1131806720, grad norm: 1.5353
[iter 17280]loss: 3.3072, tokens/sec: 26995.41 ± 433.61, tokens seen: 1132462080, grad norm: 1.7835
[iter 17290]loss: 3.2496, tokens/sec: 26995.42 ± 433.49, tokens seen: 1133117440, grad norm: 1.4606
[iter 17300]loss: 3.3226, tokens/sec: 26995.43 ± 433.36, tokens seen: 1133772800, grad norm: 1.7183
[iter 17310]loss: 3.2300, tokens/sec: 26995.45 ± 433.24, tokens seen: 1134428160, grad norm: 1.5529
[iter 17320]loss: 3.2946, tokens/sec: 26995.46 ± 433.11, tokens seen: 1135083520, grad norm: 1.5450
[iter 17330]loss: 3.1530, tokens/sec: 26995.47 ± 432.99, tokens seen: 1135738880, grad norm: 1.5430
[iter 17340]loss: 3.0967, tokens/sec: 26995.49 ± 432.86, tokens seen: 1136394240, grad norm: 1.3778
[iter 17350]loss: 2.9386, tokens/sec: 26995.50 ± 432.74, tokens seen: 1137049600, grad norm: 1.7524
[iter 17360]loss: 3.2657, tokens/sec: 26995.51 ± 432.62, tokens seen: 1137704960, grad norm: 1.2139
[iter 17370]loss: 3.2701, tokens/sec: 26995.53 ± 432.49, tokens seen: 1138360320, grad norm: 1.1604
[iter 17380]loss: 3.0140, tokens/sec: 26995.54 ± 432.37, tokens seen: 1139015680, grad norm: 1.4439
[iter 17390]loss: 3.2309, tokens/sec: 26995.55 ± 432.24, tokens seen: 1139671040, grad norm: 1.5217
[iter 17400]loss: 3.1913, tokens/sec: 26995.56 ± 432.12, tokens seen: 1140326400, grad norm: 1.6514
[iter 17410]loss: 3.2191, tokens/sec: 26995.58 ± 432.00, tokens seen: 1140981760, grad norm: 1.2666
[iter 17420]loss: 3.3096, tokens/sec: 26995.59 ± 431.87, tokens seen: 1141637120, grad norm: 1.3312
[iter 17430]loss: 3.2063, tokens/sec: 26995.60 ± 431.75, tokens seen: 1142292480, grad norm: 1.4452
[iter 17440]loss: 3.1754, tokens/sec: 26995.62 ± 431.63, tokens seen: 1142947840, grad norm: 1.7532
[iter 17450]loss: 3.0984, tokens/sec: 26995.63 ± 431.50, tokens seen: 1143603200, grad norm: 1.5035
[iter 17460]loss: 3.1799, tokens/sec: 26995.64 ± 431.38, tokens seen: 1144258560, grad norm: 1.1772
[iter 17470]loss: 3.1218, tokens/sec: 26995.66 ± 431.26, tokens seen: 1144913920, grad norm: 1.9459
[iter 17480]loss: 3.1576, tokens/sec: 26995.67 ± 431.13, tokens seen: 1145569280, grad norm: 2.1508
[iter 17490]loss: 3.2273, tokens/sec: 26995.68 ± 431.01, tokens seen: 1146224640, grad norm: 1.2279
[step 17500]train loss: 3.2091, val loss: 3.2159, (avg train loss: 0.7981 ± 0.0335), (avg grad norm: 1.6282 ± 0.4855)
[iter 17500]loss: 3.1728, tokens/sec: 26995.70 ± 430.89, tokens seen: 1146880000, grad norm: 1.1310
[iter 17510]loss: 3.0613, tokens/sec: 26995.71 ± 430.77, tokens seen: 1147535360, grad norm: 1.5595
[iter 17520]loss: 3.2228, tokens/sec: 26995.72 ± 430.64, tokens seen: 1148190720, grad norm: 1.4850
[iter 17530]loss: 3.1080, tokens/sec: 26995.74 ± 430.52, tokens seen: 1148846080, grad norm: 1.6051
[iter 17540]loss: 3.1306, tokens/sec: 26995.75 ± 430.40, tokens seen: 1149501440, grad norm: 1.5082
[iter 17550]loss: 3.2691, tokens/sec: 26995.77 ± 430.28, tokens seen: 1150156800, grad norm: 1.6844
[iter 17560]loss: 3.1644, tokens/sec: 26995.78 ± 430.15, tokens seen: 1150812160, grad norm: 1.4057
[iter 17570]loss: 3.2034, tokens/sec: 26995.80 ± 430.03, tokens seen: 1151467520, grad norm: 1.2562
[iter 17580]loss: 3.2898, tokens/sec: 26995.81 ± 429.91, tokens seen: 1152122880, grad norm: 1.8076
[iter 17590]loss: 3.1399, tokens/sec: 26995.82 ± 429.79, tokens seen: 1152778240, grad norm: 1.8713
[iter 17600]loss: 3.1893, tokens/sec: 26995.84 ± 429.67, tokens seen: 1153433600, grad norm: 3.2195
[iter 17610]loss: 3.2861, tokens/sec: 26995.85 ± 429.55, tokens seen: 1154088960, grad norm: 1.8676
[iter 17620]loss: 3.3385, tokens/sec: 26995.86 ± 429.42, tokens seen: 1154744320, grad norm: 2.3168
[iter 17630]loss: 3.2844, tokens/sec: 26995.87 ± 429.30, tokens seen: 1155399680, grad norm: 1.2548
[iter 17640]loss: 3.2919, tokens/sec: 26995.89 ± 429.18, tokens seen: 1156055040, grad norm: 2.1862
[iter 17650]loss: 3.0511, tokens/sec: 26995.90 ± 429.06, tokens seen: 1156710400, grad norm: 2.0901
[iter 17660]loss: 3.2852, tokens/sec: 26995.91 ± 428.94, tokens seen: 1157365760, grad norm: 3.2767
[iter 17670]loss: 3.1006, tokens/sec: 26995.93 ± 428.82, tokens seen: 1158021120, grad norm: 1.1464
[iter 17680]loss: 3.1580, tokens/sec: 26995.94 ± 428.70, tokens seen: 1158676480, grad norm: 1.0256
[iter 17690]loss: 3.1248, tokens/sec: 26995.96 ± 428.58, tokens seen: 1159331840, grad norm: 1.3861
[iter 17700]loss: 3.1710, tokens/sec: 26995.97 ± 428.46, tokens seen: 1159987200, grad norm: 1.2466
[iter 17710]loss: 3.1498, tokens/sec: 26995.98 ± 428.33, tokens seen: 1160642560, grad norm: 1.5038
[iter 17720]loss: 3.0906, tokens/sec: 26996.00 ± 428.21, tokens seen: 1161297920, grad norm: 1.4926
[iter 17730]loss: 2.8960, tokens/sec: 26996.01 ± 428.09, tokens seen: 1161953280, grad norm: 1.2909
[iter 17740]loss: 3.2331, tokens/sec: 26996.02 ± 427.97, tokens seen: 1162608640, grad norm: 1.8069
[iter 17750]loss: 3.0188, tokens/sec: 26996.04 ± 427.85, tokens seen: 1163264000, grad norm: 2.1855
[iter 17760]loss: 3.3759, tokens/sec: 26996.05 ± 427.73, tokens seen: 1163919360, grad norm: 1.7829
[iter 17770]loss: 3.3906, tokens/sec: 26996.06 ± 427.61, tokens seen: 1164574720, grad norm: 2.4953
[iter 17780]loss: 3.0749, tokens/sec: 26996.08 ± 427.49, tokens seen: 1165230080, grad norm: 1.5536
[iter 17790]loss: 3.3250, tokens/sec: 26996.09 ± 427.37, tokens seen: 1165885440, grad norm: 1.5610
[iter 17800]loss: 3.0803, tokens/sec: 26996.10 ± 427.25, tokens seen: 1166540800, grad norm: 2.7316
[iter 17810]loss: 2.9444, tokens/sec: 26996.12 ± 427.13, tokens seen: 1167196160, grad norm: 1.7041
[iter 17820]loss: 3.4905, tokens/sec: 26996.13 ± 427.02, tokens seen: 1167851520, grad norm: 1.3737
[iter 17830]loss: 3.2330, tokens/sec: 26996.14 ± 426.90, tokens seen: 1168506880, grad norm: 2.6006
[iter 17840]loss: 3.1602, tokens/sec: 26996.15 ± 426.78, tokens seen: 1169162240, grad norm: 1.3790
[iter 17850]loss: 3.0336, tokens/sec: 26996.17 ± 426.66, tokens seen: 1169817600, grad norm: 1.7467
[iter 17860]loss: 3.1579, tokens/sec: 26996.18 ± 426.54, tokens seen: 1170472960, grad norm: 1.6351
[iter 17870]loss: 3.1338, tokens/sec: 26996.20 ± 426.42, tokens seen: 1171128320, grad norm: 1.3813
[iter 17880]loss: 3.2256, tokens/sec: 26996.21 ± 426.30, tokens seen: 1171783680, grad norm: 2.0204
[iter 17890]loss: 3.1848, tokens/sec: 26996.22 ± 426.18, tokens seen: 1172439040, grad norm: 2.1668
[iter 17900]loss: 3.3294, tokens/sec: 26996.24 ± 426.06, tokens seen: 1173094400, grad norm: 2.0733
[iter 17910]loss: 3.2928, tokens/sec: 26996.25 ± 425.94, tokens seen: 1173749760, grad norm: 1.3302
[iter 17920]loss: 3.5080, tokens/sec: 26996.27 ± 425.83, tokens seen: 1174405120, grad norm: 2.7287
[iter 17930]loss: 2.8832, tokens/sec: 26996.28 ± 425.71, tokens seen: 1175060480, grad norm: 1.2693
[iter 17940]loss: 3.2059, tokens/sec: 26996.29 ± 425.59, tokens seen: 1175715840, grad norm: 1.7260
[iter 17950]loss: 3.2535, tokens/sec: 26996.31 ± 425.47, tokens seen: 1176371200, grad norm: 1.1264
[iter 17960]loss: 3.2700, tokens/sec: 26996.32 ± 425.35, tokens seen: 1177026560, grad norm: 1.8188
[iter 17970]loss: 3.2365, tokens/sec: 26996.33 ± 425.24, tokens seen: 1177681920, grad norm: 1.5443
[iter 17980]loss: 3.4739, tokens/sec: 26996.34 ± 425.12, tokens seen: 1178337280, grad norm: 1.3518
[iter 17990]loss: 3.1069, tokens/sec: 26996.35 ± 425.00, tokens seen: 1178992640, grad norm: 1.8045
[step 18000]train loss: 3.1730, val loss: 3.2096, (avg train loss: 0.7954 ± 0.0372), (avg grad norm: 1.8892 ± 0.6239)
saving checkpoint to ./out-owt-large-mhc-group-lora-midnorm-bs8-bs8-20000step
[iter 18000]loss: 3.3344, tokens/sec: 26996.37 ± 424.88, tokens seen: 1179648000, grad norm: 1.5252
[iter 18010]loss: 3.3159, tokens/sec: 26995.85 ± 430.56, tokens seen: 1180303360, grad norm: 1.7174
[iter 18020]loss: 3.0024, tokens/sec: 26995.87 ± 430.44, tokens seen: 1180958720, grad norm: 1.3706
[iter 18030]loss: 3.3088, tokens/sec: 26995.88 ± 430.32, tokens seen: 1181614080, grad norm: 1.1297
[iter 18040]loss: 2.9825, tokens/sec: 26995.90 ± 430.20, tokens seen: 1182269440, grad norm: 1.5498
[iter 18050]loss: 3.3992, tokens/sec: 26995.91 ± 430.08, tokens seen: 1182924800, grad norm: 1.1293
[iter 18060]loss: 2.9288, tokens/sec: 26995.93 ± 429.97, tokens seen: 1183580160, grad norm: 1.4916
[iter 18070]loss: 3.3278, tokens/sec: 26995.94 ± 429.85, tokens seen: 1184235520, grad norm: 2.4185
[iter 18080]loss: 3.1228, tokens/sec: 26995.95 ± 429.73, tokens seen: 1184890880, grad norm: 1.5031
[iter 18090]loss: 3.3531, tokens/sec: 26995.96 ± 429.61, tokens seen: 1185546240, grad norm: 1.2496
[iter 18100]loss: 3.3637, tokens/sec: 26995.98 ± 429.49, tokens seen: 1186201600, grad norm: 1.4090
[iter 18110]loss: 3.2387, tokens/sec: 26995.99 ± 429.37, tokens seen: 1186856960, grad norm: 2.3308
[iter 18120]loss: 3.1729, tokens/sec: 26995.62 ± 432.27, tokens seen: 1187512320, grad norm: 1.6010
[iter 18130]loss: 3.3329, tokens/sec: 26995.63 ± 432.15, tokens seen: 1188167680, grad norm: 2.2776
[iter 18140]loss: 3.3826, tokens/sec: 26995.65 ± 432.04, tokens seen: 1188823040, grad norm: 2.0477
[iter 18150]loss: 3.0657, tokens/sec: 26995.66 ± 431.92, tokens seen: 1189478400, grad norm: 1.3096
[iter 18160]loss: 3.0241, tokens/sec: 26995.67 ± 431.80, tokens seen: 1190133760, grad norm: 1.9598
[iter 18170]loss: 3.1922, tokens/sec: 26995.68 ± 431.68, tokens seen: 1190789120, grad norm: 1.8578
[iter 18180]loss: 2.9617, tokens/sec: 26995.70 ± 431.56, tokens seen: 1191444480, grad norm: 2.0550
[iter 18190]loss: 3.1763, tokens/sec: 26995.71 ± 431.44, tokens seen: 1192099840, grad norm: 1.6149
[iter 18200]loss: 3.2485, tokens/sec: 26995.72 ± 431.33, tokens seen: 1192755200, grad norm: 1.2441
[iter 18210]loss: 3.1298, tokens/sec: 26995.74 ± 431.21, tokens seen: 1193410560, grad norm: 1.3496
[iter 18220]loss: 3.0312, tokens/sec: 26995.75 ± 431.09, tokens seen: 1194065920, grad norm: 1.1855
[iter 18230]loss: 3.3115, tokens/sec: 26995.76 ± 430.97, tokens seen: 1194721280, grad norm: 1.8016
[iter 18240]loss: 3.3812, tokens/sec: 26995.78 ± 430.85, tokens seen: 1195376640, grad norm: 0.9968
[iter 18250]loss: 3.3142, tokens/sec: 26995.79 ± 430.74, tokens seen: 1196032000, grad norm: 1.5620
[iter 18260]loss: 3.1764, tokens/sec: 26995.81 ± 430.62, tokens seen: 1196687360, grad norm: 1.5538
[iter 18270]loss: 3.3898, tokens/sec: 26995.82 ± 430.50, tokens seen: 1197342720, grad norm: 1.7480
[iter 18280]loss: 2.8800, tokens/sec: 26995.83 ± 430.38, tokens seen: 1197998080, grad norm: 1.9658
[iter 18290]loss: 3.1955, tokens/sec: 26995.85 ± 430.27, tokens seen: 1198653440, grad norm: 1.2752
[iter 18300]loss: 3.2571, tokens/sec: 26995.86 ± 430.15, tokens seen: 1199308800, grad norm: 2.0644
[iter 18310]loss: 3.0277, tokens/sec: 26995.87 ± 430.03, tokens seen: 1199964160, grad norm: 1.3724
[iter 18320]loss: 3.1968, tokens/sec: 26995.89 ± 429.92, tokens seen: 1200619520, grad norm: 1.3117
[iter 18330]loss: 3.2195, tokens/sec: 26995.90 ± 429.80, tokens seen: 1201274880, grad norm: 2.6499
[iter 18340]loss: 3.2491, tokens/sec: 26995.91 ± 429.68, tokens seen: 1201930240, grad norm: 2.2795
[iter 18350]loss: 2.9741, tokens/sec: 26995.93 ± 429.57, tokens seen: 1202585600, grad norm: 2.5234
[iter 18360]loss: 3.3304, tokens/sec: 26995.94 ± 429.45, tokens seen: 1203240960, grad norm: 2.0045
[iter 18370]loss: 3.0497, tokens/sec: 26995.96 ± 429.33, tokens seen: 1203896320, grad norm: 1.5535
[iter 18380]loss: 3.2459, tokens/sec: 26995.97 ± 429.22, tokens seen: 1204551680, grad norm: 2.3085
[iter 18390]loss: 3.3332, tokens/sec: 26995.98 ± 429.10, tokens seen: 1205207040, grad norm: 1.2317
[iter 18400]loss: 3.0741, tokens/sec: 26995.99 ± 428.98, tokens seen: 1205862400, grad norm: 1.2368
[iter 18410]loss: 3.2048, tokens/sec: 26996.00 ± 428.87, tokens seen: 1206517760, grad norm: 2.0543
[iter 18420]loss: 3.1752, tokens/sec: 26996.02 ± 428.75, tokens seen: 1207173120, grad norm: 1.0252
[iter 18430]loss: 3.0851, tokens/sec: 26996.03 ± 428.64, tokens seen: 1207828480, grad norm: 1.6967
[iter 18440]loss: 2.9475, tokens/sec: 26996.04 ± 428.52, tokens seen: 1208483840, grad norm: 1.5267
[iter 18450]loss: 3.1923, tokens/sec: 26996.06 ± 428.40, tokens seen: 1209139200, grad norm: 1.7393
[iter 18460]loss: 2.9784, tokens/sec: 26996.07 ± 428.29, tokens seen: 1209794560, grad norm: 1.7980
[iter 18470]loss: 3.2620, tokens/sec: 26996.08 ± 428.17, tokens seen: 1210449920, grad norm: 1.9236
[iter 18480]loss: 2.9319, tokens/sec: 26996.10 ± 428.06, tokens seen: 1211105280, grad norm: 2.2133
[iter 18490]loss: 3.0223, tokens/sec: 26996.11 ± 427.94, tokens seen: 1211760640, grad norm: 2.2554
[step 18500]train loss: 3.1799, val loss: 3.1785, (avg train loss: 0.7913 ± 0.0325), (avg grad norm: 1.7356 ± 0.4912)
saving checkpoint to ./out-owt-large-mhc-group-lora-midnorm-bs8-bs8-20000step
[iter 18500]loss: 3.3393, tokens/sec: 26996.12 ± 427.83, tokens seen: 1212416000, grad norm: 1.7031
[iter 18510]loss: 3.3347, tokens/sec: 26996.14 ± 427.71, tokens seen: 1213071360, grad norm: 1.2502
[iter 18520]loss: 3.3182, tokens/sec: 26996.15 ± 427.60, tokens seen: 1213726720, grad norm: 2.0839
[iter 18530]loss: 2.9570, tokens/sec: 26996.16 ± 427.48, tokens seen: 1214382080, grad norm: 2.9646
[iter 18540]loss: 2.9791, tokens/sec: 26996.18 ± 427.37, tokens seen: 1215037440, grad norm: 1.8880
[iter 18550]loss: 3.1607, tokens/sec: 26996.19 ± 427.25, tokens seen: 1215692800, grad norm: 3.6824
[iter 18560]loss: 3.3463, tokens/sec: 26996.20 ± 427.14, tokens seen: 1216348160, grad norm: 1.7658
[iter 18570]loss: 3.1830, tokens/sec: 26996.22 ± 427.02, tokens seen: 1217003520, grad norm: 1.5226
[iter 18580]loss: 3.0289, tokens/sec: 26996.23 ± 426.91, tokens seen: 1217658880, grad norm: 1.6266
[iter 18590]loss: 3.4093, tokens/sec: 26996.24 ± 426.79, tokens seen: 1218314240, grad norm: 2.1695
[iter 18600]loss: 3.3433, tokens/sec: 26996.25 ± 426.68, tokens seen: 1218969600, grad norm: 1.3905
[iter 18610]loss: 3.0607, tokens/sec: 26996.26 ± 426.57, tokens seen: 1219624960, grad norm: 1.3242
[iter 18620]loss: 3.2342, tokens/sec: 26996.28 ± 426.45, tokens seen: 1220280320, grad norm: 1.6781
[iter 18630]loss: 3.0538, tokens/sec: 26996.29 ± 426.34, tokens seen: 1220935680, grad norm: 1.3962
[iter 18640]loss: 3.0325, tokens/sec: 26996.30 ± 426.22, tokens seen: 1221591040, grad norm: 1.3914
[iter 18650]loss: 3.1763, tokens/sec: 26996.31 ± 426.11, tokens seen: 1222246400, grad norm: 1.9413
[iter 18660]loss: 3.2950, tokens/sec: 26996.32 ± 426.00, tokens seen: 1222901760, grad norm: 1.8283
[iter 18670]loss: 3.1721, tokens/sec: 26996.34 ± 425.88, tokens seen: 1223557120, grad norm: 2.3251
[iter 18680]loss: 2.9491, tokens/sec: 26996.35 ± 425.77, tokens seen: 1224212480, grad norm: 2.0643
[iter 18690]loss: 3.0548, tokens/sec: 26996.36 ± 425.65, tokens seen: 1224867840, grad norm: 1.4446
[iter 18700]loss: 3.1364, tokens/sec: 26996.38 ± 425.54, tokens seen: 1225523200, grad norm: 2.8385
[iter 18710]loss: 3.1547, tokens/sec: 26996.39 ± 425.43, tokens seen: 1226178560, grad norm: 2.4186
[iter 18720]loss: 3.2762, tokens/sec: 26996.40 ± 425.31, tokens seen: 1226833920, grad norm: 1.8084
[iter 18730]loss: 3.0672, tokens/sec: 26996.42 ± 425.20, tokens seen: 1227489280, grad norm: 2.4013
[iter 18740]loss: 3.1403, tokens/sec: 26996.43 ± 425.09, tokens seen: 1228144640, grad norm: 3.1302
[iter 18750]loss: 3.1946, tokens/sec: 26996.44 ± 424.98, tokens seen: 1228800000, grad norm: 2.3406
[iter 18760]loss: 2.9904, tokens/sec: 26996.45 ± 424.86, tokens seen: 1229455360, grad norm: 2.0029
[iter 18770]loss: 3.0647, tokens/sec: 26996.46 ± 424.75, tokens seen: 1230110720, grad norm: 1.6485
[iter 18780]loss: 3.2611, tokens/sec: 26996.47 ± 424.64, tokens seen: 1230766080, grad norm: 2.3548
[iter 18790]loss: 3.0488, tokens/sec: 26996.48 ± 424.52, tokens seen: 1231421440, grad norm: 1.3848
[iter 18800]loss: 3.0908, tokens/sec: 26996.50 ± 424.41, tokens seen: 1232076800, grad norm: 1.7263
[iter 18810]loss: 3.1487, tokens/sec: 26996.51 ± 424.30, tokens seen: 1232732160, grad norm: 1.3802
[iter 18820]loss: 3.1504, tokens/sec: 26996.52 ± 424.19, tokens seen: 1233387520, grad norm: 2.0738
[iter 18830]loss: 2.6725, tokens/sec: 26996.53 ± 424.07, tokens seen: 1234042880, grad norm: 3.8096
[iter 18840]loss: 3.1414, tokens/sec: 26996.54 ± 423.96, tokens seen: 1234698240, grad norm: 1.6959
[iter 18850]loss: 3.2208, tokens/sec: 26996.56 ± 423.85, tokens seen: 1235353600, grad norm: 2.0588
[iter 18860]loss: 3.1271, tokens/sec: 26996.57 ± 423.74, tokens seen: 1236008960, grad norm: 1.8983
[iter 18870]loss: 3.0722, tokens/sec: 26996.58 ± 423.63, tokens seen: 1236664320, grad norm: 2.0002
[iter 18880]loss: 3.1548, tokens/sec: 26996.59 ± 423.51, tokens seen: 1237319680, grad norm: 1.9933
[iter 18890]loss: 3.1308, tokens/sec: 26996.60 ± 423.40, tokens seen: 1237975040, grad norm: 1.6936
[iter 18900]loss: 3.3538, tokens/sec: 26996.61 ± 423.29, tokens seen: 1238630400, grad norm: 3.4710
[iter 18910]loss: 3.1118, tokens/sec: 26996.62 ± 423.18, tokens seen: 1239285760, grad norm: 1.3035
[iter 18920]loss: 3.1334, tokens/sec: 26996.64 ± 423.07, tokens seen: 1239941120, grad norm: 1.7690
[iter 18930]loss: 3.1274, tokens/sec: 26996.65 ± 422.96, tokens seen: 1240596480, grad norm: 1.5067
[iter 18940]loss: 3.0065, tokens/sec: 26996.66 ± 422.84, tokens seen: 1241251840, grad norm: 1.9278
[iter 18950]loss: 3.0435, tokens/sec: 26996.67 ± 422.73, tokens seen: 1241907200, grad norm: 1.6581
[iter 18960]loss: 3.0290, tokens/sec: 26996.32 ± 425.61, tokens seen: 1242562560, grad norm: 1.3769
[iter 18970]loss: 3.2485, tokens/sec: 26996.33 ± 425.50, tokens seen: 1243217920, grad norm: 1.8918
[iter 18980]loss: 3.0692, tokens/sec: 26996.34 ± 425.39, tokens seen: 1243873280, grad norm: 2.4580
[iter 18990]loss: 3.1762, tokens/sec: 26996.35 ± 425.28, tokens seen: 1244528640, grad norm: 1.4687
[step 19000]train loss: 3.1822, val loss: 3.1810, (avg train loss: 0.7916 ± 0.0404), (avg grad norm: 2.0552 ± 0.8103)
[iter 19000]loss: 3.0345, tokens/sec: 26996.36 ± 425.16, tokens seen: 1245184000, grad norm: 2.0464
[iter 19010]loss: 3.2285, tokens/sec: 26996.37 ± 425.05, tokens seen: 1245839360, grad norm: 2.7769
[iter 19020]loss: 3.4067, tokens/sec: 26996.39 ± 424.94, tokens seen: 1246494720, grad norm: 1.2291
[iter 19030]loss: 3.2616, tokens/sec: 26996.40 ± 424.83, tokens seen: 1247150080, grad norm: 2.2940
[iter 19040]loss: 3.4046, tokens/sec: 26996.41 ± 424.72, tokens seen: 1247805440, grad norm: 2.2222
[iter 19050]loss: 3.0483, tokens/sec: 26996.43 ± 424.61, tokens seen: 1248460800, grad norm: 2.5853
[iter 19060]loss: 3.2782, tokens/sec: 26996.44 ± 424.50, tokens seen: 1249116160, grad norm: 3.3362
[iter 19070]loss: 2.9994, tokens/sec: 26995.95 ± 429.86, tokens seen: 1249771520, grad norm: 2.1574
[iter 19080]loss: 3.0933, tokens/sec: 26995.96 ± 429.74, tokens seen: 1250426880, grad norm: 1.6751
[iter 19090]loss: 3.0321, tokens/sec: 26995.98 ± 429.63, tokens seen: 1251082240, grad norm: 1.6524
[iter 19100]loss: 3.3461, tokens/sec: 26995.99 ± 429.52, tokens seen: 1251737600, grad norm: 1.2930
[iter 19110]loss: 3.1305, tokens/sec: 26995.99 ± 429.41, tokens seen: 1252392960, grad norm: 2.5004
[iter 19120]loss: 3.3880, tokens/sec: 26996.00 ± 429.30, tokens seen: 1253048320, grad norm: 3.2233
[iter 19130]loss: 3.0797, tokens/sec: 26996.01 ± 429.18, tokens seen: 1253703680, grad norm: 2.5309
[iter 19140]loss: 3.1347, tokens/sec: 26996.02 ± 429.07, tokens seen: 1254359040, grad norm: 2.6548
[iter 19150]loss: 3.1976, tokens/sec: 26996.03 ± 428.96, tokens seen: 1255014400, grad norm: 1.7012
[iter 19160]loss: 3.2491, tokens/sec: 26996.04 ± 428.85, tokens seen: 1255669760, grad norm: 1.1970
[iter 19170]loss: 3.2698, tokens/sec: 26996.05 ± 428.74, tokens seen: 1256325120, grad norm: 1.8919
[iter 19180]loss: 3.3494, tokens/sec: 26996.06 ± 428.63, tokens seen: 1256980480, grad norm: 3.0678
[iter 19190]loss: 3.2919, tokens/sec: 26996.07 ± 428.51, tokens seen: 1257635840, grad norm: 2.1983
[iter 19200]loss: 3.1126, tokens/sec: 26996.08 ± 428.40, tokens seen: 1258291200, grad norm: 1.3624
[iter 19210]loss: 3.0801, tokens/sec: 26996.09 ± 428.29, tokens seen: 1258946560, grad norm: 2.2209
[iter 19220]loss: 3.0786, tokens/sec: 26996.10 ± 428.18, tokens seen: 1259601920, grad norm: 2.9108
[iter 19230]loss: 3.2016, tokens/sec: 26996.10 ± 428.07, tokens seen: 1260257280, grad norm: 1.9888
[iter 19240]loss: 3.0216, tokens/sec: 26996.12 ± 427.96, tokens seen: 1260912640, grad norm: 2.4312
[iter 19250]loss: 3.0598, tokens/sec: 26996.13 ± 427.85, tokens seen: 1261568000, grad norm: 3.4449
[iter 19260]loss: 3.2544, tokens/sec: 26996.14 ± 427.74, tokens seen: 1262223360, grad norm: 2.5077
[iter 19270]loss: 3.3457, tokens/sec: 26996.15 ± 427.63, tokens seen: 1262878720, grad norm: 1.7667
[iter 19280]loss: 3.1076, tokens/sec: 26996.16 ± 427.52, tokens seen: 1263534080, grad norm: 2.8683
[iter 19290]loss: 3.2444, tokens/sec: 26996.16 ± 427.40, tokens seen: 1264189440, grad norm: 1.6880
[iter 19300]loss: 3.1228, tokens/sec: 26996.17 ± 427.29, tokens seen: 1264844800, grad norm: 1.2748
[iter 19310]loss: 3.0741, tokens/sec: 26996.18 ± 427.18, tokens seen: 1265500160, grad norm: 3.2655
[iter 19320]loss: 3.2645, tokens/sec: 26996.19 ± 427.07, tokens seen: 1266155520, grad norm: 1.4004
[iter 19330]loss: 3.2015, tokens/sec: 26996.18 ± 426.96, tokens seen: 1266810880, grad norm: 1.8408
[iter 19340]loss: 3.2141, tokens/sec: 26996.19 ± 426.85, tokens seen: 1267466240, grad norm: 1.9773
[iter 19350]loss: 3.3089, tokens/sec: 26996.20 ± 426.74, tokens seen: 1268121600, grad norm: 1.4978
[iter 19360]loss: 3.2285, tokens/sec: 26996.21 ± 426.63, tokens seen: 1268776960, grad norm: 1.6109
[iter 19370]loss: 3.0294, tokens/sec: 26996.21 ± 426.52, tokens seen: 1269432320, grad norm: 1.6303
[iter 19380]loss: 3.0787, tokens/sec: 26996.23 ± 426.41, tokens seen: 1270087680, grad norm: 2.0958
[iter 19390]loss: 3.1954, tokens/sec: 26996.23 ± 426.30, tokens seen: 1270743040, grad norm: 1.4230
[iter 19400]loss: 3.1877, tokens/sec: 26996.24 ± 426.19, tokens seen: 1271398400, grad norm: 1.5433
[iter 19410]loss: 2.9375, tokens/sec: 26996.25 ± 426.08, tokens seen: 1272053760, grad norm: 2.0777
[iter 19420]loss: 3.0947, tokens/sec: 26996.26 ± 425.98, tokens seen: 1272709120, grad norm: 1.5065
[iter 19430]loss: 2.9650, tokens/sec: 26996.27 ± 425.87, tokens seen: 1273364480, grad norm: 1.3036
[iter 19440]loss: 3.2093, tokens/sec: 26996.28 ± 425.76, tokens seen: 1274019840, grad norm: 1.4276
[iter 19450]loss: 3.2963, tokens/sec: 26996.29 ± 425.65, tokens seen: 1274675200, grad norm: 2.3360
[iter 19460]loss: 3.4715, tokens/sec: 26996.30 ± 425.54, tokens seen: 1275330560, grad norm: 2.1181
[iter 19470]loss: 3.0573, tokens/sec: 26996.30 ± 425.43, tokens seen: 1275985920, grad norm: 2.5927
[iter 19480]loss: 3.5625, tokens/sec: 26996.32 ± 425.32, tokens seen: 1276641280, grad norm: 2.3146
[iter 19490]loss: 3.3654, tokens/sec: 26996.33 ± 425.21, tokens seen: 1277296640, grad norm: 2.2603
[step 19500]train loss: 3.1653, val loss: 3.1848, (avg train loss: 0.7944 ± 0.0338), (avg grad norm: 2.1640 ± 0.6609)
[iter 19500]loss: 3.2782, tokens/sec: 26996.34 ± 425.10, tokens seen: 1277952000, grad norm: 2.2601
[iter 19510]loss: 3.2447, tokens/sec: 26996.34 ± 424.99, tokens seen: 1278607360, grad norm: 3.1282
[iter 19520]loss: 2.9562, tokens/sec: 26996.35 ± 424.89, tokens seen: 1279262720, grad norm: 1.9993
[iter 19530]loss: 2.8857, tokens/sec: 26996.36 ± 424.78, tokens seen: 1279918080, grad norm: 3.3588
[iter 19540]loss: 3.1469, tokens/sec: 26996.37 ± 424.67, tokens seen: 1280573440, grad norm: 1.5672
[iter 19550]loss: 3.1012, tokens/sec: 26996.38 ± 424.56, tokens seen: 1281228800, grad norm: 1.6169
[iter 19560]loss: 3.1265, tokens/sec: 26996.38 ± 424.45, tokens seen: 1281884160, grad norm: 1.2923
[iter 19570]loss: 3.1871, tokens/sec: 26996.39 ± 424.34, tokens seen: 1282539520, grad norm: 2.6317
[iter 19580]loss: 3.0511, tokens/sec: 26996.40 ± 424.24, tokens seen: 1283194880, grad norm: 1.3677
[iter 19590]loss: 3.5181, tokens/sec: 26996.41 ± 424.13, tokens seen: 1283850240, grad norm: 2.6916
[iter 19600]loss: 3.1646, tokens/sec: 26996.42 ± 424.02, tokens seen: 1284505600, grad norm: 2.3266
[iter 19610]loss: 3.1765, tokens/sec: 26996.43 ± 423.91, tokens seen: 1285160960, grad norm: 2.3948
[iter 19620]loss: 3.2794, tokens/sec: 26996.44 ± 423.81, tokens seen: 1285816320, grad norm: 2.5056
[iter 19630]loss: 2.7595, tokens/sec: 26996.44 ± 423.70, tokens seen: 1286471680, grad norm: 1.7901
[iter 19640]loss: 3.3076, tokens/sec: 26996.45 ± 423.59, tokens seen: 1287127040, grad norm: 1.8506
[iter 19650]loss: 3.0510, tokens/sec: 26996.46 ± 423.48, tokens seen: 1287782400, grad norm: 2.3411
[iter 19660]loss: 3.0527, tokens/sec: 26996.47 ± 423.37, tokens seen: 1288437760, grad norm: 2.8400
[iter 19670]loss: 3.1502, tokens/sec: 26996.48 ± 423.27, tokens seen: 1289093120, grad norm: 2.3101
[iter 19680]loss: 3.3475, tokens/sec: 26996.49 ± 423.16, tokens seen: 1289748480, grad norm: 2.8301
[iter 19690]loss: 3.3536, tokens/sec: 26996.51 ± 423.05, tokens seen: 1290403840, grad norm: 2.0515
[iter 19700]loss: 3.0503, tokens/sec: 26996.52 ± 422.95, tokens seen: 1291059200, grad norm: 2.2233
[iter 19710]loss: 3.0028, tokens/sec: 26996.53 ± 422.84, tokens seen: 1291714560, grad norm: 2.5351
[iter 19720]loss: 3.0527, tokens/sec: 26996.54 ± 422.73, tokens seen: 1292369920, grad norm: 2.1909
[iter 19730]loss: 3.2235, tokens/sec: 26996.55 ± 422.63, tokens seen: 1293025280, grad norm: 1.7165
[iter 19740]loss: 2.9573, tokens/sec: 26996.56 ± 422.52, tokens seen: 1293680640, grad norm: 2.5168
[iter 19750]loss: 3.3167, tokens/sec: 26996.57 ± 422.41, tokens seen: 1294336000, grad norm: 3.1903
[iter 19760]loss: 3.1243, tokens/sec: 26996.58 ± 422.31, tokens seen: 1294991360, grad norm: 3.1178
[iter 19770]loss: 3.0919, tokens/sec: 26996.59 ± 422.20, tokens seen: 1295646720, grad norm: 2.0028
[iter 19780]loss: 3.3839, tokens/sec: 26996.61 ± 422.09, tokens seen: 1296302080, grad norm: 2.1306
[iter 19790]loss: 3.0435, tokens/sec: 26996.62 ± 421.99, tokens seen: 1296957440, grad norm: 3.3010
[iter 19800]loss: 3.2322, tokens/sec: 26996.28 ± 424.70, tokens seen: 1297612800, grad norm: 2.5142
[iter 19810]loss: 3.0335, tokens/sec: 26996.29 ± 424.59, tokens seen: 1298268160, grad norm: 3.2501
[iter 19820]loss: 3.1467, tokens/sec: 26996.30 ± 424.49, tokens seen: 1298923520, grad norm: 2.3521
[iter 19830]loss: 3.1196, tokens/sec: 26996.31 ± 424.38, tokens seen: 1299578880, grad norm: 1.7974
[iter 19840]loss: 2.9442, tokens/sec: 26996.32 ± 424.27, tokens seen: 1300234240, grad norm: 2.3230
[iter 19850]loss: 3.2980, tokens/sec: 26996.33 ± 424.17, tokens seen: 1300889600, grad norm: 1.1872
[iter 19860]loss: 2.8661, tokens/sec: 26996.34 ± 424.06, tokens seen: 1301544960, grad norm: 1.8245
[iter 19870]loss: 3.3570, tokens/sec: 26996.35 ± 423.95, tokens seen: 1302200320, grad norm: 2.2364
[iter 19880]loss: 3.2284, tokens/sec: 26996.36 ± 423.85, tokens seen: 1302855680, grad norm: 2.2456
[iter 19890]loss: 3.1475, tokens/sec: 26996.36 ± 423.74, tokens seen: 1303511040, grad norm: 2.3121
[iter 19900]loss: 3.2370, tokens/sec: 26996.37 ± 423.64, tokens seen: 1304166400, grad norm: 2.4797
[iter 19910]loss: 3.1422, tokens/sec: 26996.38 ± 423.53, tokens seen: 1304821760, grad norm: 2.7956
[iter 19920]loss: 3.0978, tokens/sec: 26996.39 ± 423.42, tokens seen: 1305477120, grad norm: 1.7583
[iter 19930]loss: 3.2758, tokens/sec: 26996.40 ± 423.32, tokens seen: 1306132480, grad norm: 1.8448
[iter 19940]loss: 3.1254, tokens/sec: 26996.40 ± 423.21, tokens seen: 1306787840, grad norm: 1.8143
[iter 19950]loss: 3.1928, tokens/sec: 26996.41 ± 423.11, tokens seen: 1307443200, grad norm: 1.4483
[iter 19960]loss: 2.9329, tokens/sec: 26996.42 ± 423.00, tokens seen: 1308098560, grad norm: 3.0408
[iter 19970]loss: 2.9818, tokens/sec: 26996.43 ± 422.89, tokens seen: 1308753920, grad norm: 2.0791
[iter 19980]loss: 3.2237, tokens/sec: 26996.44 ± 422.79, tokens seen: 1309409280, grad norm: 2.8677
[iter 19990]loss: 3.5908, tokens/sec: 26996.45 ± 422.68, tokens seen: 1310064640, grad norm: 1.9784
[step 20000]train loss: 3.1724, val loss: 3.1872, (avg train loss: 0.7938 ± 0.0339), (avg grad norm: 2.3572 ± 0.7201)
[iter 20000]loss: 2.8831, tokens/sec: 26996.45 ± 422.58, tokens seen: 1310720000, grad norm: 1.6076
[1;34mwandb[0m: 
[1;34mwandb[0m: 🚀 View run [33mL-group_lora_midnorm-inbeta-owt-bs8ga8-20kstep-4607[0m at: [34mhttps://wandb.ai/guotzzz-peking-university/mhc-lite/runs/qbkcug04[0m
[1;34mwandb[0m: Find logs at: [1;35mwandb/run-20260727_142919-qbkcug04/logs[0m
