W0811 02:16:51.537000 1298186 torch/distributed/run.py:766] 
W0811 02:16:51.537000 1298186 torch/distributed/run.py:766] *****************************************
W0811 02:16:51.537000 1298186 torch/distributed/run.py:766] Setting OMP_NUM_THREADS environment variable for each process to be 1 in default, to avoid your system being overloaded, please further tune the variable for optimal performance in your application as needed. 
W0811 02:16:51.537000 1298186 torch/distributed/run.py:766] *****************************************
Overriding config with config/train_owt.py:
eval_interval = 500
eval_iters = 200
log_interval = 10
always_save_checkpoint = False

wandb_log = True
wandb_project = 'mhc-lite'
out_prefix_dataset = "owt"

dataset = 'openwebtext'
gradient_accumulation_steps = 8  
batch_size = 16
block_size = 1024

dtype = 'bfloat16'

Overriding config with config/large_model.py:
wandb_group = "large"
out_prefix_model = "large"

n_layer = 24
n_head = 16
n_embd = 1024
dropout = 0.0

learning_rate = 3e-4
min_lr = 3e-5
max_iters = 10000
lr_decay_iters = 10000
warmup_iters = 200
weight_decay = 0.1
beta1 = 0.9
beta2 = 0.95
grad_clip = 1.0


Overriding config with config/with_mhc_group_lora_dense_midnorm.py:
hyper_conn_type = "mhc_group_lora_dense_midnorm"
hyper_conn_n = 4

wandb_notes = "mhc-group-lora-dense-midnorm (ablation: dense n^3*C H_pre read + RMSNorm on LoRA rank dim)"
out_prefix_method = "mhc-group-lora-dense-midnorm"

Overriding: batch_size = 8
Overriding: gradient_accumulation_steps = 16
Overriding: max_iters = 30000
Overriding: lr_decay_iters = 20000
Overriding: warmup_iters = 2000
Overriding: compile = True
Overriding: wandb_run_name = L-group-lora-dense-midnorm-owt-bs8ga16-30kstep
Overriding config with config/train_owt.py:
eval_interval = 500
eval_iters = 200
log_interval = 10
always_save_checkpoint = False

wandb_log = True
wandb_project = 'mhc-lite'
out_prefix_dataset = "owt"

dataset = 'openwebtext'
gradient_accumulation_steps = 8  
batch_size = 16
block_size = 1024

dtype = 'bfloat16'

Overriding config with config/large_model.py:
wandb_group = "large"
out_prefix_model = "large"

n_layer = 24
n_head = 16
n_embd = 1024
dropout = 0.0

learning_rate = 3e-4
min_lr = 3e-5
max_iters = 10000
lr_decay_iters = 10000
warmup_iters = 200
weight_decay = 0.1
beta1 = 0.9
beta2 = 0.95
grad_clip = 1.0


Overriding config with config/with_mhc_group_lora_dense_midnorm.py:
hyper_conn_type = "mhc_group_lora_dense_midnorm"
hyper_conn_n = 4

wandb_notes = "mhc-group-lora-dense-midnorm (ablation: dense n^3*C H_pre read + RMSNorm on LoRA rank dim)"
out_prefix_method = "mhc-group-lora-dense-midnorm"

Overriding: batch_size = 8
Overriding: gradient_accumulation_steps = 16
Overriding: max_iters = 30000
Overriding: lr_decay_iters = 20000
Overriding: warmup_iters = 2000
Overriding: compile = True
Overriding: wandb_run_name = L-group-lora-dense-midnorm-owt-bs8ga16-30kstep
tokens per iteration will be: 131,072
Initializing a new model from scratch
defaulting to vocab_size of GPT-2 to 50304 (50257 rounded up for efficiency)
HYPER_CONN: USING mhc_group_lora_dense_midnorm with 4 streams
wandb: [wandb.login()] Loaded credentials for https://api.wandb.ai from /root/.netrc.
wandb: Currently logged in as: guotzzz (guotzzz-peking-university) to https://api.wandb.ai. Use `wandb login --relogin` to force relogin
wandb: setting up run jr2gehh4
wandb: Tracking run with wandb version 0.28.0
wandb: Run data is saved locally in /home/work/data/guotianzizhe/project/mhc-lite/wandb/run-20260811_021655-jr2gehh4
wandb: Run `wandb offline` to turn off syncing.
wandb: Syncing run L-group-lora-dense-midnorm-owt-bs8ga16-30kstep-1370
wandb: ⭐️ View project at https://wandb.ai/guotzzz-peking-university/mhc-lite
wandb: 🚀 View run at https://wandb.ai/guotzzz-peking-university/mhc-lite/runs/jr2gehh4
tokens per iteration will be: 131,072
====================================================================================================
n_layer = 24
n_head = 16
n_embd = 1024
block_size = 1024
bias = False
vocab_size = None
dropout = 0.0
hyper_conn_n = 4
hyper_conn_type = mhc_group_lora_dense_midnorm
====================================================================================================
Initializing a new model from scratch
defaulting to vocab_size of GPT-2 to 50304 (50257 rounded up for efficiency)
HYPER_CONN: USING mhc_group_lora_dense_midnorm with 4 streams
number of parameters: 364.76M
num decayed parameter tensors: 386, with 363,988,672 parameters
num non-decayed parameter tensors: 337, with 1,819,984 parameters
using fused AdamW: True
compiling the model... (takes a ~minute)
number of parameters: 364.76M
num decayed parameter tensors: 386, with 363,988,672 parameters
num non-decayed parameter tensors: 337, with 1,819,984 parameters
using fused AdamW: True
compiling the model... (takes a ~minute)
[step 0]train loss: 13.4640, val loss: 13.4621, (avg train loss: 0.0000 ± 0.0000), (avg grad norm: 0.0000 ± 0.0000)
[iter 0]loss: 13.5163, tokens/sec: 783.50 ± 0.00, tokens seen: 0, grad norm: 112.9570
[iter 10]loss: 11.0674, tokens/sec: 26770.96 ± 8217.98, tokens seen: 1310720, grad norm: 85.5860
[iter 20]loss: 9.8216, tokens/sec: 27999.72 ± 6085.76, tokens seen: 2621440, grad norm: 21.1659
[iter 30]loss: 9.5152, tokens/sec: 28443.02 ± 5049.94, tokens seen: 3932160, grad norm: 19.0332
[iter 40]loss: 8.7928, tokens/sec: 28669.31 ± 4409.16, tokens seen: 5242880, grad norm: 18.5261
[iter 50]loss: 9.1316, tokens/sec: 28807.53 ± 3963.22, tokens seen: 6553600, grad norm: 34.0916
[iter 60]loss: 8.2446, tokens/sec: 28789.70 ± 3715.37, tokens seen: 7864320, grad norm: 19.5054
[iter 70]loss: 8.2114, tokens/sec: 28872.17 ± 3449.82, tokens seen: 9175040, grad norm: 21.1344
[iter 80]loss: 7.8638, tokens/sec: 28934.10 ± 3234.06, tokens seen: 10485760, grad norm: 34.1445
[iter 90]loss: 8.0418, tokens/sec: 28982.54 ± 3054.31, tokens seen: 11796480, grad norm: 44.8237
[iter 100]loss: 7.7248, tokens/sec: 29021.35 ± 2901.53, tokens seen: 13107200, grad norm: 18.5618
[iter 110]loss: 7.5382, tokens/sec: 29053.28 ± 2769.61, tokens seen: 14417920, grad norm: 22.0515
[iter 120]loss: 7.4419, tokens/sec: 29079.99 ± 2654.19, tokens seen: 15728640, grad norm: 15.9268
[iter 130]loss: 7.6536, tokens/sec: 29102.56 ± 2552.08, tokens seen: 17039360, grad norm: 13.6154
[iter 140]loss: 7.2138, tokens/sec: 29122.05 ± 2460.93, tokens seen: 18350080, grad norm: 11.9071
[iter 150]loss: 7.1707, tokens/sec: 29138.92 ± 2378.89, tokens seen: 19660800, grad norm: 12.6614
[iter 160]loss: 6.7659, tokens/sec: 29153.51 ± 2304.52, tokens seen: 20971520, grad norm: 7.6861
[iter 170]loss: 6.9367, tokens/sec: 29166.58 ± 2236.74, tokens seen: 22282240, grad norm: 11.6775
[iter 180]loss: 6.7688, tokens/sec: 29178.16 ± 2174.60, tokens seen: 23592960, grad norm: 9.0627
[iter 190]loss: 7.0310, tokens/sec: 29188.46 ± 2117.36, tokens seen: 24903680, grad norm: 8.2100
[iter 200]loss: 6.7369, tokens/sec: 29197.70 ± 2064.42, tokens seen: 26214400, grad norm: 8.9866
[iter 210]loss: 6.7682, tokens/sec: 29206.00 ± 2015.24, tokens seen: 27525120, grad norm: 7.1447
[iter 220]loss: 6.6214, tokens/sec: 29213.54 ± 1969.43, tokens seen: 28835840, grad norm: 8.0218
[iter 230]loss: 6.6962, tokens/sec: 29220.54 ± 1926.61, tokens seen: 30146560, grad norm: 4.4497
[iter 240]loss: 6.7811, tokens/sec: 29226.78 ± 1886.45, tokens seen: 31457280, grad norm: 4.7271
[iter 250]loss: 6.7677, tokens/sec: 29232.63 ± 1848.72, tokens seen: 32768000, grad norm: 11.7115
[iter 260]loss: 6.4184, tokens/sec: 29238.00 ± 1813.15, tokens seen: 34078720, grad norm: 5.9395
[iter 270]loss: 6.3076, tokens/sec: 29242.86 ± 1779.56, tokens seen: 35389440, grad norm: 6.2408
[iter 280]loss: 6.6841, tokens/sec: 29247.37 ± 1747.77, tokens seen: 36700160, grad norm: 4.3777
[iter 290]loss: 6.4331, tokens/sec: 29251.51 ± 1717.61, tokens seen: 38010880, grad norm: 6.0225
[iter 300]loss: 6.4736, tokens/sec: 29255.44 ± 1688.97, tokens seen: 39321600, grad norm: 7.4498
[iter 310]loss: 6.5635, tokens/sec: 29259.24 ± 1661.73, tokens seen: 40632320, grad norm: 5.1158
[iter 320]loss: 6.3669, tokens/sec: 29262.67 ± 1635.75, tokens seen: 41943040, grad norm: 4.4649
[iter 330]loss: 6.4142, tokens/sec: 29265.78 ± 1610.95, tokens seen: 43253760, grad norm: 4.9749
[iter 340]loss: 6.6872, tokens/sec: 29268.59 ± 1587.24, tokens seen: 44564480, grad norm: 5.4483
[iter 350]loss: 6.1275, tokens/sec: 29271.34 ± 1564.55, tokens seen: 45875200, grad norm: 4.1899
[iter 360]loss: 6.0751, tokens/sec: 29273.96 ± 1542.80, tokens seen: 47185920, grad norm: 5.6181
[iter 370]loss: 6.4447, tokens/sec: 29276.50 ± 1521.95, tokens seen: 48496640, grad norm: 3.8902
[iter 380]loss: 6.3849, tokens/sec: 29265.54 ± 1523.42, tokens seen: 49807360, grad norm: 4.7446
[iter 390]loss: 6.1223, tokens/sec: 29268.05 ± 1503.89, tokens seen: 51118080, grad norm: 3.0701
[iter 400]loss: 6.4654, tokens/sec: 29270.48 ± 1485.10, tokens seen: 52428800, grad norm: 3.3204
[iter 410]loss: 5.9718, tokens/sec: 29272.79 ± 1466.99, tokens seen: 53739520, grad norm: 2.7029
[iter 420]loss: 6.2152, tokens/sec: 29275.00 ± 1449.54, tokens seen: 55050240, grad norm: 2.6197
[iter 430]loss: 5.9254, tokens/sec: 29277.08 ± 1432.69, tokens seen: 56360960, grad norm: 3.8380
[iter 440]loss: 6.2680, tokens/sec: 29279.15 ± 1416.41, tokens seen: 57671680, grad norm: 5.6457
[iter 450]loss: 6.1631, tokens/sec: 29281.09 ± 1400.68, tokens seen: 58982400, grad norm: 2.2011
[iter 460]loss: 5.8316, tokens/sec: 29282.96 ± 1385.46, tokens seen: 60293120, grad norm: 3.1072
[iter 470]loss: 6.1943, tokens/sec: 29284.66 ± 1370.73, tokens seen: 61603840, grad norm: 2.6497
[iter 480]loss: 6.1825, tokens/sec: 29286.36 ± 1356.45, tokens seen: 62914560, grad norm: 2.8061
[iter 490]loss: 5.9158, tokens/sec: 29287.97 ± 1342.62, tokens seen: 64225280, grad norm: 2.6213
[step 500]train loss: 6.0291, val loss: 6.0455, (avg train loss: 0.7805 ± 0.0282), (avg grad norm: 3.7313 ± 1.0100)
saving checkpoint to ./out-owt-large-mhc-group-lora-dense-midnorm-bs8-30000step
[iter 500]loss: 6.0654, tokens/sec: 29289.50 ± 1329.19, tokens seen: 65536000, grad norm: 2.6395
[iter 510]loss: 6.3044, tokens/sec: 29290.88 ± 1316.16, tokens seen: 66846720, grad norm: 3.2422
[iter 520]loss: 5.9008, tokens/sec: 29292.33 ± 1303.51, tokens seen: 68157440, grad norm: 2.6400
[iter 530]loss: 5.8074, tokens/sec: 29293.67 ± 1291.21, tokens seen: 69468160, grad norm: 1.9639
[iter 540]loss: 5.7862, tokens/sec: 29283.05 ± 1307.35, tokens seen: 70778880, grad norm: 3.3656
[iter 550]loss: 5.8092, tokens/sec: 29284.43 ± 1295.47, tokens seen: 72089600, grad norm: 2.5426
[iter 560]loss: 5.9904, tokens/sec: 29285.82 ± 1283.91, tokens seen: 73400320, grad norm: 2.9381
[iter 570]loss: 6.0789, tokens/sec: 29287.07 ± 1272.66, tokens seen: 74711040, grad norm: 3.1405
[iter 580]loss: 5.7341, tokens/sec: 29288.30 ± 1261.69, tokens seen: 76021760, grad norm: 2.3740
[iter 590]loss: 5.9697, tokens/sec: 29289.57 ± 1251.01, tokens seen: 77332480, grad norm: 2.8178
[iter 600]loss: 5.9877, tokens/sec: 29290.74 ± 1240.59, tokens seen: 78643200, grad norm: 1.9175
[iter 610]loss: 5.9039, tokens/sec: 29291.90 ± 1230.43, tokens seen: 79953920, grad norm: 2.4137
[iter 620]loss: 5.9157, tokens/sec: 29293.01 ± 1220.51, tokens seen: 81264640, grad norm: 2.5847
[iter 630]loss: 5.7584, tokens/sec: 29294.06 ± 1210.83, tokens seen: 82575360, grad norm: 2.2750
[iter 640]loss: 5.6198, tokens/sec: 29295.04 ± 1201.37, tokens seen: 83886080, grad norm: 2.5567
[iter 650]loss: 6.0788, tokens/sec: 29295.85 ± 1192.13, tokens seen: 85196800, grad norm: 2.5201
[iter 660]loss: 5.5717, tokens/sec: 29296.85 ± 1183.11, tokens seen: 86507520, grad norm: 1.8772
[iter 670]loss: 6.0099, tokens/sec: 29297.71 ± 1174.28, tokens seen: 87818240, grad norm: 2.6227
[iter 680]loss: 5.6811, tokens/sec: 29298.66 ± 1165.65, tokens seen: 89128960, grad norm: 2.1197
[iter 690]loss: 5.6619, tokens/sec: 29299.48 ± 1157.21, tokens seen: 90439680, grad norm: 2.4084
[iter 700]loss: 6.0569, tokens/sec: 29300.31 ± 1148.94, tokens seen: 91750400, grad norm: 2.3866
[iter 710]loss: 5.7117, tokens/sec: 29301.10 ± 1140.85, tokens seen: 93061120, grad norm: 1.8157
[iter 720]loss: 5.5624, tokens/sec: 29301.83 ± 1132.93, tokens seen: 94371840, grad norm: 2.4656
[iter 730]loss: 5.5576, tokens/sec: 29302.58 ± 1125.18, tokens seen: 95682560, grad norm: 2.4014
[iter 740]loss: 5.2568, tokens/sec: 29303.37 ± 1117.58, tokens seen: 96993280, grad norm: 2.3181
[iter 750]loss: 5.5056, tokens/sec: 29304.11 ± 1110.13, tokens seen: 98304000, grad norm: 1.8573
[iter 760]loss: 5.4848, tokens/sec: 29298.16 ± 1117.78, tokens seen: 99614720, grad norm: 1.8570
[iter 770]loss: 5.6959, tokens/sec: 29298.97 ± 1110.53, tokens seen: 100925440, grad norm: 1.8783
[iter 780]loss: 5.4496, tokens/sec: 29299.80 ± 1103.43, tokens seen: 102236160, grad norm: 2.2674
[iter 790]loss: 5.5875, tokens/sec: 29300.59 ± 1096.45, tokens seen: 103546880, grad norm: 2.2527
[iter 800]loss: 5.5256, tokens/sec: 29301.37 ± 1089.61, tokens seen: 104857600, grad norm: 2.7833
[iter 810]loss: 5.5037, tokens/sec: 29302.09 ± 1082.89, tokens seen: 106168320, grad norm: 2.1646
[iter 820]loss: 5.5617, tokens/sec: 29302.84 ± 1076.29, tokens seen: 107479040, grad norm: 1.9865
[iter 830]loss: 5.4521, tokens/sec: 29303.53 ± 1069.82, tokens seen: 108789760, grad norm: 2.0551
[iter 840]loss: 5.4405, tokens/sec: 29304.21 ± 1063.46, tokens seen: 110100480, grad norm: 2.7121
[iter 850]loss: 5.4464, tokens/sec: 29304.91 ± 1057.21, tokens seen: 111411200, grad norm: 1.9927
[iter 860]loss: 5.5007, tokens/sec: 29305.53 ± 1051.07, tokens seen: 112721920, grad norm: 1.9063
[iter 870]loss: 5.2265, tokens/sec: 29306.16 ± 1045.03, tokens seen: 114032640, grad norm: 2.0292
[iter 880]loss: 5.4395, tokens/sec: 29306.79 ± 1039.10, tokens seen: 115343360, grad norm: 2.0126
[iter 890]loss: 5.0760, tokens/sec: 29307.39 ± 1033.27, tokens seen: 116654080, grad norm: 1.6716
[iter 900]loss: 5.4410, tokens/sec: 29308.00 ± 1027.54, tokens seen: 117964800, grad norm: 1.8152
[iter 910]loss: 5.3674, tokens/sec: 29308.59 ± 1021.90, tokens seen: 119275520, grad norm: 2.1902
[iter 920]loss: 5.2912, tokens/sec: 29309.16 ± 1016.35, tokens seen: 120586240, grad norm: 2.2830
[iter 930]loss: 5.2563, tokens/sec: 29309.76 ± 1010.89, tokens seen: 121896960, grad norm: 1.9371
[iter 940]loss: 5.4782, tokens/sec: 29310.31 ± 1005.52, tokens seen: 123207680, grad norm: 1.7576
[iter 950]loss: 5.0499, tokens/sec: 29310.84 ± 1000.23, tokens seen: 124518400, grad norm: 1.6681
[iter 960]loss: 5.3740, tokens/sec: 29311.38 ± 995.03, tokens seen: 125829120, grad norm: 2.2631
[iter 970]loss: 5.2101, tokens/sec: 29311.93 ± 989.91, tokens seen: 127139840, grad norm: 1.7458
[iter 980]loss: 5.2221, tokens/sec: 29312.44 ± 984.86, tokens seen: 128450560, grad norm: 1.6289
[iter 990]loss: 5.1019, tokens/sec: 29312.93 ± 979.89, tokens seen: 129761280, grad norm: 1.4622
[step 1000]train loss: 5.1707, val loss: 5.1495, (avg train loss: 0.6657 ± 0.0243), (avg grad norm: 1.9495 ± 0.2801)
saving checkpoint to ./out-owt-large-mhc-group-lora-dense-midnorm-bs8-30000step
[iter 1000]loss: 5.1933, tokens/sec: 29313.44 ± 975.00, tokens seen: 131072000, grad norm: 1.6009
[iter 1010]loss: 5.3536, tokens/sec: 29313.93 ± 970.18, tokens seen: 132382720, grad norm: 1.7104
[iter 1020]loss: 5.2670, tokens/sec: 29308.16 ± 985.50, tokens seen: 133693440, grad norm: 2.1336
[iter 1030]loss: 5.1396, tokens/sec: 29308.70 ± 980.72, tokens seen: 135004160, grad norm: 1.4115
[iter 1040]loss: 5.1336, tokens/sec: 29309.24 ± 976.02, tokens seen: 136314880, grad norm: 1.5174
[iter 1050]loss: 4.8826, tokens/sec: 29309.75 ± 971.38, tokens seen: 137625600, grad norm: 1.7092
[iter 1060]loss: 5.2922, tokens/sec: 29310.22 ± 966.80, tokens seen: 138936320, grad norm: 1.5779
[iter 1070]loss: 5.1156, tokens/sec: 29310.71 ± 962.29, tokens seen: 140247040, grad norm: 1.6375
[iter 1080]loss: 5.0575, tokens/sec: 29311.20 ± 957.84, tokens seen: 141557760, grad norm: 1.8522
[iter 1090]loss: 5.1734, tokens/sec: 29311.65 ± 953.45, tokens seen: 142868480, grad norm: 1.4076
[iter 1100]loss: 5.1998, tokens/sec: 29312.09 ± 949.12, tokens seen: 144179200, grad norm: 1.8668
[iter 1110]loss: 5.2402, tokens/sec: 29312.55 ± 944.86, tokens seen: 145489920, grad norm: 1.4746
[iter 1120]loss: 5.1012, tokens/sec: 29313.00 ± 940.64, tokens seen: 146800640, grad norm: 1.6824
[iter 1130]loss: 4.7720, tokens/sec: 29313.47 ± 936.49, tokens seen: 148111360, grad norm: 1.3620
[iter 1140]loss: 5.2148, tokens/sec: 29313.91 ± 932.39, tokens seen: 149422080, grad norm: 1.2098
[iter 1150]loss: 4.9877, tokens/sec: 29309.91 ± 939.99, tokens seen: 150732800, grad norm: 1.3803
[iter 1160]loss: 4.9232, tokens/sec: 29310.33 ± 935.95, tokens seen: 152043520, grad norm: 1.4728
[iter 1170]loss: 4.6358, tokens/sec: 29310.77 ± 931.96, tokens seen: 153354240, grad norm: 1.5791
[iter 1180]loss: 4.3377, tokens/sec: 29311.20 ± 928.01, tokens seen: 154664960, grad norm: 1.6128
[iter 1190]loss: 4.7997, tokens/sec: 29311.64 ± 924.12, tokens seen: 155975680, grad norm: 1.5973
[iter 1200]loss: 4.9285, tokens/sec: 29312.05 ± 920.28, tokens seen: 157286400, grad norm: 1.5321
[iter 1210]loss: 5.0664, tokens/sec: 29312.47 ± 916.48, tokens seen: 158597120, grad norm: 1.4527
[iter 1220]loss: 4.8036, tokens/sec: 29312.87 ± 912.73, tokens seen: 159907840, grad norm: 1.2702
[iter 1230]loss: 4.6808, tokens/sec: 29313.27 ± 909.03, tokens seen: 161218560, grad norm: 1.4484
[iter 1240]loss: 4.8612, tokens/sec: 29313.68 ± 905.37, tokens seen: 162529280, grad norm: 1.4971
[iter 1250]loss: 4.7958, tokens/sec: 29314.04 ± 901.75, tokens seen: 163840000, grad norm: 1.5853
[iter 1260]loss: 4.7819, tokens/sec: 29314.41 ± 898.18, tokens seen: 165150720, grad norm: 1.4418
[iter 1270]loss: 4.7283, tokens/sec: 29314.77 ± 894.65, tokens seen: 166461440, grad norm: 1.7401
[iter 1280]loss: 4.5971, tokens/sec: 29315.15 ± 891.16, tokens seen: 167772160, grad norm: 1.3932
[iter 1290]loss: 4.6951, tokens/sec: 29315.49 ± 887.71, tokens seen: 169082880, grad norm: 1.3516
[iter 1300]loss: 4.7053, tokens/sec: 29315.84 ± 884.30, tokens seen: 170393600, grad norm: 1.3711
[iter 1310]loss: 4.5775, tokens/sec: 29316.19 ± 880.93, tokens seen: 171704320, grad norm: 1.2527
[iter 1320]loss: 4.5905, tokens/sec: 29316.53 ± 877.60, tokens seen: 173015040, grad norm: 1.5253
[iter 1330]loss: 4.4907, tokens/sec: 29316.83 ± 874.30, tokens seen: 174325760, grad norm: 1.3920
[iter 1340]loss: 4.6901, tokens/sec: 29317.18 ± 871.05, tokens seen: 175636480, grad norm: 1.2655
[iter 1350]loss: 4.4615, tokens/sec: 29317.50 ± 867.82, tokens seen: 176947200, grad norm: 1.3951
[iter 1360]loss: 4.6947, tokens/sec: 29317.81 ± 864.64, tokens seen: 178257920, grad norm: 1.1803
[iter 1370]loss: 4.6873, tokens/sec: 29318.13 ± 861.49, tokens seen: 179568640, grad norm: 1.1445
[iter 1380]loss: 4.7594, tokens/sec: 29318.47 ± 858.37, tokens seen: 180879360, grad norm: 1.0902
[iter 1390]loss: 4.6034, tokens/sec: 29318.76 ± 855.29, tokens seen: 182190080, grad norm: 1.0930
[iter 1400]loss: 4.3562, tokens/sec: 29319.06 ± 852.24, tokens seen: 183500800, grad norm: 1.3019
[iter 1410]loss: 4.4431, tokens/sec: 29319.39 ± 849.22, tokens seen: 184811520, grad norm: 1.1235
[iter 1420]loss: 4.4341, tokens/sec: 29319.67 ± 846.23, tokens seen: 186122240, grad norm: 1.1925
[iter 1430]loss: 4.4797, tokens/sec: 29319.95 ± 843.28, tokens seen: 187432960, grad norm: 1.2545
[iter 1440]loss: 4.5571, tokens/sec: 29320.25 ± 840.36, tokens seen: 188743680, grad norm: 1.4391
[iter 1450]loss: 4.6420, tokens/sec: 29320.54 ± 837.46, tokens seen: 190054400, grad norm: 1.3700
[iter 1460]loss: 4.4330, tokens/sec: 29320.83 ± 834.60, tokens seen: 191365120, grad norm: 1.2941
[iter 1470]loss: 4.3551, tokens/sec: 29321.09 ± 831.76, tokens seen: 192675840, grad norm: 1.1328
[iter 1480]loss: 4.2510, tokens/sec: 29321.37 ± 828.96, tokens seen: 193986560, grad norm: 1.2002
[iter 1490]loss: 4.2918, tokens/sec: 29321.66 ± 826.18, tokens seen: 195297280, grad norm: 1.1931
[step 1500]train loss: 4.3823, val loss: 4.3908, (avg train loss: 0.5652 ± 0.0197), (avg grad norm: 1.2560 ± 0.1304)
saving checkpoint to ./out-owt-large-mhc-group-lora-dense-midnorm-bs8-30000step
[iter 1500]loss: 4.3400, tokens/sec: 29317.78 ± 838.85, tokens seen: 196608000, grad norm: 1.1396
[iter 1510]loss: 4.1942, tokens/sec: 29318.10 ± 836.08, tokens seen: 197918720, grad norm: 1.2002
[iter 1520]loss: 4.3748, tokens/sec: 29318.41 ± 833.33, tokens seen: 199229440, grad norm: 0.8495
[iter 1530]loss: 4.4436, tokens/sec: 29315.17 ± 841.74, tokens seen: 200540160, grad norm: 0.9754
[iter 1540]loss: 4.6450, tokens/sec: 29315.47 ± 839.02, tokens seen: 201850880, grad norm: 1.0626
[iter 1550]loss: 4.3617, tokens/sec: 29315.77 ± 836.32, tokens seen: 203161600, grad norm: 1.1237
[iter 1560]loss: 4.1350, tokens/sec: 29316.06 ± 833.64, tokens seen: 204472320, grad norm: 1.1769
[iter 1570]loss: 3.8201, tokens/sec: 29316.33 ± 830.99, tokens seen: 205783040, grad norm: 1.1456
[iter 1580]loss: 4.5620, tokens/sec: 29316.62 ± 828.37, tokens seen: 207093760, grad norm: 0.9573
[iter 1590]loss: 4.3385, tokens/sec: 29316.91 ± 825.77, tokens seen: 208404480, grad norm: 1.0576
[iter 1600]loss: 4.4012, tokens/sec: 29317.18 ± 823.19, tokens seen: 209715200, grad norm: 0.9143
[iter 1610]loss: 4.2990, tokens/sec: 29317.45 ± 820.64, tokens seen: 211025920, grad norm: 0.8850
[iter 1620]loss: 4.3153, tokens/sec: 29317.71 ± 818.11, tokens seen: 212336640, grad norm: 1.1079
[iter 1630]loss: 4.1355, tokens/sec: 29318.00 ± 815.61, tokens seen: 213647360, grad norm: 0.9743
[iter 1640]loss: 4.2462, tokens/sec: 29318.27 ± 813.12, tokens seen: 214958080, grad norm: 0.8633
[iter 1650]loss: 4.2753, tokens/sec: 29318.53 ± 810.67, tokens seen: 216268800, grad norm: 1.0823
[iter 1660]loss: 4.2416, tokens/sec: 29318.80 ± 808.23, tokens seen: 217579520, grad norm: 0.8763
[iter 1670]loss: 3.9927, tokens/sec: 29319.05 ± 805.81, tokens seen: 218890240, grad norm: 1.0442
[iter 1680]loss: 4.4361, tokens/sec: 29319.30 ± 803.42, tokens seen: 220200960, grad norm: 0.8731
[iter 1690]loss: 4.2830, tokens/sec: 29319.55 ± 801.05, tokens seen: 221511680, grad norm: 0.9073
[iter 1700]loss: 4.1249, tokens/sec: 29319.78 ± 798.70, tokens seen: 222822400, grad norm: 0.7790
[iter 1710]loss: 4.1761, tokens/sec: 29320.01 ± 796.36, tokens seen: 224133120, grad norm: 0.8733
[iter 1720]loss: 4.0294, tokens/sec: 29320.24 ± 794.05, tokens seen: 225443840, grad norm: 0.9451
[iter 1730]loss: 4.0392, tokens/sec: 29320.46 ± 791.76, tokens seen: 226754560, grad norm: 0.8612
[iter 1740]loss: 4.4815, tokens/sec: 29320.67 ± 789.49, tokens seen: 228065280, grad norm: 0.8925
[iter 1750]loss: 4.2469, tokens/sec: 29320.90 ± 787.24, tokens seen: 229376000, grad norm: 0.9334
[iter 1760]loss: 4.1480, tokens/sec: 29321.16 ± 785.01, tokens seen: 230686720, grad norm: 0.8429
[iter 1770]loss: 4.1598, tokens/sec: 29321.40 ± 782.79, tokens seen: 231997440, grad norm: 0.9303
[iter 1780]loss: 4.4293, tokens/sec: 29321.63 ± 780.60, tokens seen: 233308160, grad norm: 0.8868
[iter 1790]loss: 4.0654, tokens/sec: 29321.85 ± 778.42, tokens seen: 234618880, grad norm: 0.8509
[iter 1800]loss: 4.0420, tokens/sec: 29322.08 ± 776.26, tokens seen: 235929600, grad norm: 0.7230
[iter 1810]loss: 4.0969, tokens/sec: 29322.31 ± 774.12, tokens seen: 237240320, grad norm: 0.8768
[iter 1820]loss: 4.1589, tokens/sec: 29322.53 ± 772.00, tokens seen: 238551040, grad norm: 0.8157
[iter 1830]loss: 4.1334, tokens/sec: 29322.73 ± 769.90, tokens seen: 239861760, grad norm: 0.8806
[iter 1840]loss: 3.8389, tokens/sec: 29322.94 ± 767.81, tokens seen: 241172480, grad norm: 0.8395
[iter 1850]loss: 3.8915, tokens/sec: 29323.16 ± 765.74, tokens seen: 242483200, grad norm: 0.8176
[iter 1860]loss: 4.2261, tokens/sec: 29323.37 ± 763.68, tokens seen: 243793920, grad norm: 0.8877
[iter 1870]loss: 4.0795, tokens/sec: 29323.58 ± 761.64, tokens seen: 245104640, grad norm: 0.7613
[iter 1880]loss: 4.1469, tokens/sec: 29323.77 ± 759.62, tokens seen: 246415360, grad norm: 0.7224
[iter 1890]loss: 4.0804, tokens/sec: 29323.98 ± 757.61, tokens seen: 247726080, grad norm: 0.7823
[iter 1900]loss: 4.0680, tokens/sec: 29324.18 ± 755.62, tokens seen: 249036800, grad norm: 0.8071
[iter 1910]loss: 3.9462, tokens/sec: 29324.39 ± 753.65, tokens seen: 250347520, grad norm: 0.8471
[iter 1920]loss: 3.9306, tokens/sec: 29321.97 ± 760.32, tokens seen: 251658240, grad norm: 0.6910
[iter 1930]loss: 4.0448, tokens/sec: 29322.19 ± 758.35, tokens seen: 252968960, grad norm: 0.6776
[iter 1940]loss: 4.1121, tokens/sec: 29322.39 ± 756.40, tokens seen: 254279680, grad norm: 0.8021
[iter 1950]loss: 4.0963, tokens/sec: 29322.59 ± 754.47, tokens seen: 255590400, grad norm: 1.1274
[iter 1960]loss: 3.9417, tokens/sec: 29322.82 ± 752.55, tokens seen: 256901120, grad norm: 0.7504
[iter 1970]loss: 4.2152, tokens/sec: 29323.01 ± 750.64, tokens seen: 258211840, grad norm: 0.7187
[iter 1980]loss: 4.0277, tokens/sec: 29320.05 ± 761.77, tokens seen: 259522560, grad norm: 0.8337
[iter 1990]loss: 4.1398, tokens/sec: 29320.25 ± 759.86, tokens seen: 260833280, grad norm: 0.8290
[step 2000]train loss: 4.0555, val loss: 4.0573, (avg train loss: 0.5116 ± 0.0161), (avg grad norm: 0.7965 ± 0.0874)
saving checkpoint to ./out-owt-large-mhc-group-lora-dense-midnorm-bs8-30000step
[iter 2000]loss: 4.0506, tokens/sec: 29320.47 ± 757.96, tokens seen: 262144000, grad norm: 0.7483
[iter 2010]loss: 4.0964, tokens/sec: 29320.60 ± 756.08, tokens seen: 263454720, grad norm: 0.7250
[iter 2020]loss: 4.2036, tokens/sec: 29320.80 ± 754.21, tokens seen: 264765440, grad norm: 0.7014
[iter 2030]loss: 4.0990, tokens/sec: 29320.99 ± 752.36, tokens seen: 266076160, grad norm: 0.6635
[iter 2040]loss: 4.0954, tokens/sec: 29321.17 ± 750.52, tokens seen: 267386880, grad norm: 0.6609
[iter 2050]loss: 4.0357, tokens/sec: 29321.34 ± 748.69, tokens seen: 268697600, grad norm: 0.9327
[iter 2060]loss: 3.9021, tokens/sec: 29321.53 ± 746.87, tokens seen: 270008320, grad norm: 0.8529
[iter 2070]loss: 4.0582, tokens/sec: 29321.72 ± 745.07, tokens seen: 271319040, grad norm: 0.7121
[iter 2080]loss: 4.0056, tokens/sec: 29321.88 ± 743.29, tokens seen: 272629760, grad norm: 0.6633
[iter 2090]loss: 4.0369, tokens/sec: 29322.05 ± 741.51, tokens seen: 273940480, grad norm: 0.6491
[iter 2100]loss: 3.8184, tokens/sec: 29322.19 ± 739.75, tokens seen: 275251200, grad norm: 0.6810
[iter 2110]loss: 4.0638, tokens/sec: 29322.36 ± 738.00, tokens seen: 276561920, grad norm: 0.6754
[iter 2120]loss: 3.8474, tokens/sec: 29322.51 ± 736.26, tokens seen: 277872640, grad norm: 0.7119
[iter 2130]loss: 3.9465, tokens/sec: 29322.67 ± 734.53, tokens seen: 279183360, grad norm: 0.5629
[iter 2140]loss: 4.1169, tokens/sec: 29322.86 ± 732.82, tokens seen: 280494080, grad norm: 0.7149
[iter 2150]loss: 3.8872, tokens/sec: 29323.04 ± 731.12, tokens seen: 281804800, grad norm: 0.6929
[iter 2160]loss: 4.0704, tokens/sec: 29323.24 ± 729.43, tokens seen: 283115520, grad norm: 0.6091
[iter 2170]loss: 4.1751, tokens/sec: 29323.41 ± 727.76, tokens seen: 284426240, grad norm: 0.5977
[iter 2180]loss: 4.1341, tokens/sec: 29323.60 ± 726.09, tokens seen: 285736960, grad norm: 0.6984
[iter 2190]loss: 3.6517, tokens/sec: 29323.78 ± 724.44, tokens seen: 287047680, grad norm: 0.6496
[iter 2200]loss: 3.9068, tokens/sec: 29323.95 ± 722.79, tokens seen: 288358400, grad norm: 0.7197
[iter 2210]loss: 3.9904, tokens/sec: 29324.12 ± 721.16, tokens seen: 289669120, grad norm: 0.6548
[iter 2220]loss: 4.1042, tokens/sec: 29324.28 ± 719.54, tokens seen: 290979840, grad norm: 0.5421
[iter 2230]loss: 3.8890, tokens/sec: 29324.44 ± 717.93, tokens seen: 292290560, grad norm: 0.7129
[iter 2240]loss: 3.8352, tokens/sec: 29324.60 ± 716.33, tokens seen: 293601280, grad norm: 0.6138
[iter 2250]loss: 3.8858, tokens/sec: 29324.76 ± 714.74, tokens seen: 294912000, grad norm: 0.5906
[iter 2260]loss: 3.8197, tokens/sec: 29324.92 ± 713.16, tokens seen: 296222720, grad norm: 0.6395
[iter 2270]loss: 3.9611, tokens/sec: 29325.09 ± 711.60, tokens seen: 297533440, grad norm: 0.5566
[iter 2280]loss: 4.0070, tokens/sec: 29325.25 ± 710.04, tokens seen: 298844160, grad norm: 0.6605
[iter 2290]loss: 3.8272, tokens/sec: 29325.40 ± 708.49, tokens seen: 300154880, grad norm: 0.5844
[iter 2300]loss: 4.2786, tokens/sec: 29323.54 ± 713.54, tokens seen: 301465600, grad norm: 0.6143
[iter 2310]loss: 4.0077, tokens/sec: 29323.71 ± 712.00, tokens seen: 302776320, grad norm: 0.6389
[iter 2320]loss: 3.8462, tokens/sec: 29323.87 ± 710.47, tokens seen: 304087040, grad norm: 0.5888
[iter 2330]loss: 3.7858, tokens/sec: 29324.00 ± 708.95, tokens seen: 305397760, grad norm: 0.5463
[iter 2340]loss: 3.5870, tokens/sec: 29324.15 ± 707.44, tokens seen: 306708480, grad norm: 0.5270
[iter 2350]loss: 3.9237, tokens/sec: 29324.31 ± 705.94, tokens seen: 308019200, grad norm: 0.5543
[iter 2360]loss: 3.9759, tokens/sec: 29324.46 ± 704.44, tokens seen: 309329920, grad norm: 0.6291
[iter 2370]loss: 3.8445, tokens/sec: 29324.56 ± 702.96, tokens seen: 310640640, grad norm: 0.5888
[iter 2380]loss: 3.8953, tokens/sec: 29324.72 ± 701.49, tokens seen: 311951360, grad norm: 1.5206
[iter 2390]loss: 4.0115, tokens/sec: 29324.87 ± 700.02, tokens seen: 313262080, grad norm: 0.5568
[iter 2400]loss: 3.6863, tokens/sec: 29325.04 ± 698.57, tokens seen: 314572800, grad norm: 0.5310
[iter 2410]loss: 3.8049, tokens/sec: 29325.18 ± 697.12, tokens seen: 315883520, grad norm: 0.5590
[iter 2420]loss: 3.7797, tokens/sec: 29325.33 ± 695.68, tokens seen: 317194240, grad norm: 0.6360
[iter 2430]loss: 3.8725, tokens/sec: 29325.48 ± 694.25, tokens seen: 318504960, grad norm: 0.5176
[iter 2440]loss: 3.6507, tokens/sec: 29325.64 ± 692.84, tokens seen: 319815680, grad norm: 0.5718
[iter 2450]loss: 3.8681, tokens/sec: 29325.78 ± 691.42, tokens seen: 321126400, grad norm: 0.5792
[iter 2460]loss: 3.7833, tokens/sec: 29323.51 ± 700.19, tokens seen: 322437120, grad norm: 0.5644
[iter 2470]loss: 3.9564, tokens/sec: 29323.67 ± 698.77, tokens seen: 323747840, grad norm: 0.6325
[iter 2480]loss: 3.7899, tokens/sec: 29323.84 ± 697.37, tokens seen: 325058560, grad norm: 0.5270
[iter 2490]loss: 3.9531, tokens/sec: 29323.98 ± 695.97, tokens seen: 326369280, grad norm: 0.5283
[step 2500]train loss: 3.8470, val loss: 3.8342, (avg train loss: 0.4857 ± 0.0193), (avg grad norm: 0.5783 ± 0.0850)
saving checkpoint to ./out-owt-large-mhc-group-lora-dense-midnorm-bs8-30000step
[iter 2500]loss: 3.8516, tokens/sec: 29324.16 ± 694.58, tokens seen: 327680000, grad norm: 0.5032
[iter 2510]loss: 4.1121, tokens/sec: 29324.33 ± 693.20, tokens seen: 328990720, grad norm: 0.6832
[iter 2520]loss: 3.7764, tokens/sec: 29324.49 ± 691.83, tokens seen: 330301440, grad norm: 0.5439
[iter 2530]loss: 3.7058, tokens/sec: 29324.68 ± 690.47, tokens seen: 331612160, grad norm: 0.5535
[iter 2540]loss: 3.9624, tokens/sec: 29324.84 ± 689.12, tokens seen: 332922880, grad norm: 0.5266
[iter 2550]loss: 3.8094, tokens/sec: 29324.99 ± 687.77, tokens seen: 334233600, grad norm: 0.6046
[iter 2560]loss: 3.8392, tokens/sec: 29325.16 ± 686.43, tokens seen: 335544320, grad norm: 0.5820
[iter 2570]loss: 3.8996, tokens/sec: 29325.33 ± 685.10, tokens seen: 336855040, grad norm: 0.5954
[iter 2580]loss: 3.9461, tokens/sec: 29325.47 ± 683.77, tokens seen: 338165760, grad norm: 0.5872
[iter 2590]loss: 3.8213, tokens/sec: 29325.62 ± 682.46, tokens seen: 339476480, grad norm: 0.5755
[iter 2600]loss: 3.8342, tokens/sec: 29325.79 ± 681.15, tokens seen: 340787200, grad norm: 0.5374
[iter 2610]loss: 3.7440, tokens/sec: 29325.96 ± 679.85, tokens seen: 342097920, grad norm: 0.5302
[iter 2620]loss: 3.8112, tokens/sec: 29326.11 ± 678.56, tokens seen: 343408640, grad norm: 0.5423
[iter 2630]loss: 3.8378, tokens/sec: 29326.25 ± 677.27, tokens seen: 344719360, grad norm: 0.5336
[iter 2640]loss: 3.8081, tokens/sec: 29326.41 ± 675.99, tokens seen: 346030080, grad norm: 0.4619
[iter 2650]loss: 3.6561, tokens/sec: 29326.54 ± 674.72, tokens seen: 347340800, grad norm: 0.4757
[iter 2660]loss: 3.6301, tokens/sec: 29326.67 ± 673.45, tokens seen: 348651520, grad norm: 0.4476
[iter 2670]loss: 3.3409, tokens/sec: 29326.81 ± 672.20, tokens seen: 349962240, grad norm: 0.5057
[iter 2680]loss: 3.9232, tokens/sec: 29325.24 ± 676.79, tokens seen: 351272960, grad norm: 0.4989
[iter 2690]loss: 3.8981, tokens/sec: 29325.38 ± 675.54, tokens seen: 352583680, grad norm: 0.5234
[iter 2700]loss: 3.8002, tokens/sec: 29325.51 ± 674.29, tokens seen: 353894400, grad norm: 0.4576
[iter 2710]loss: 3.8099, tokens/sec: 29325.64 ± 673.05, tokens seen: 355205120, grad norm: 0.6105
[iter 2720]loss: 3.9174, tokens/sec: 29325.75 ± 671.81, tokens seen: 356515840, grad norm: 0.5088
[iter 2730]loss: 3.7656, tokens/sec: 29325.87 ± 670.58, tokens seen: 357826560, grad norm: 0.4512
[iter 2740]loss: 3.8792, tokens/sec: 29326.00 ± 669.36, tokens seen: 359137280, grad norm: 0.4717
[iter 2750]loss: 3.8320, tokens/sec: 29326.14 ± 668.15, tokens seen: 360448000, grad norm: 0.5365
[iter 2760]loss: 3.5249, tokens/sec: 29326.27 ± 666.94, tokens seen: 361758720, grad norm: 0.5094
[iter 2770]loss: 3.8810, tokens/sec: 29326.40 ± 665.74, tokens seen: 363069440, grad norm: 0.4481
[iter 2780]loss: 3.8951, tokens/sec: 29326.53 ± 664.55, tokens seen: 364380160, grad norm: 0.4549
[iter 2790]loss: 3.7843, tokens/sec: 29326.61 ± 663.36, tokens seen: 365690880, grad norm: 0.4940
[iter 2800]loss: 3.9401, tokens/sec: 29326.72 ± 662.17, tokens seen: 367001600, grad norm: 0.4860
[iter 2810]loss: 3.4877, tokens/sec: 29326.85 ± 661.00, tokens seen: 368312320, grad norm: 0.4855
[iter 2820]loss: 3.6224, tokens/sec: 29326.97 ± 659.83, tokens seen: 369623040, grad norm: 0.4906
[iter 2830]loss: 3.4791, tokens/sec: 29327.10 ± 658.67, tokens seen: 370933760, grad norm: 0.4758
[iter 2840]loss: 3.8997, tokens/sec: 29327.24 ± 657.51, tokens seen: 372244480, grad norm: 0.5796
[iter 2850]loss: 3.5237, tokens/sec: 29327.33 ± 656.36, tokens seen: 373555200, grad norm: 0.5012
[iter 2860]loss: 3.4788, tokens/sec: 29327.44 ± 655.21, tokens seen: 374865920, grad norm: 0.5127
[iter 2870]loss: 3.7678, tokens/sec: 29327.57 ± 654.08, tokens seen: 376176640, grad norm: 0.4667
[iter 2880]loss: 3.7288, tokens/sec: 29327.69 ± 652.94, tokens seen: 377487360, grad norm: 0.5152
[iter 2890]loss: 3.8585, tokens/sec: 29327.81 ± 651.82, tokens seen: 378798080, grad norm: 0.4632
[iter 2900]loss: 3.8766, tokens/sec: 29327.93 ± 650.70, tokens seen: 380108800, grad norm: 0.5703
[iter 2910]loss: 3.7344, tokens/sec: 29328.00 ± 649.58, tokens seen: 381419520, grad norm: 0.4908
[iter 2920]loss: 3.6084, tokens/sec: 29328.13 ± 648.47, tokens seen: 382730240, grad norm: 0.4949
[iter 2930]loss: 3.9313, tokens/sec: 29328.27 ± 647.37, tokens seen: 384040960, grad norm: 0.4966
[iter 2940]loss: 3.6303, tokens/sec: 29326.62 ± 653.39, tokens seen: 385351680, grad norm: 0.4730
[iter 2950]loss: 3.6926, tokens/sec: 29326.71 ± 652.29, tokens seen: 386662400, grad norm: 0.5896
[iter 2960]loss: 3.6959, tokens/sec: 29326.82 ± 651.19, tokens seen: 387973120, grad norm: 0.5178
[iter 2970]loss: 3.7542, tokens/sec: 29326.95 ± 650.10, tokens seen: 389283840, grad norm: 0.5056
[iter 2980]loss: 3.8565, tokens/sec: 29327.07 ± 649.01, tokens seen: 390594560, grad norm: 0.4852
[iter 2990]loss: 3.3980, tokens/sec: 29327.18 ± 647.93, tokens seen: 391905280, grad norm: 0.4519
[step 3000]train loss: 3.6941, val loss: 3.7051, (avg train loss: 0.4642 ± 0.0179), (avg grad norm: 0.4974 ± 0.0504)
saving checkpoint to ./out-owt-large-mhc-group-lora-dense-midnorm-bs8-30000step
[iter 3000]loss: 3.7653, tokens/sec: 29327.31 ± 646.85, tokens seen: 393216000, grad norm: 0.4995
[iter 3010]loss: 3.6943, tokens/sec: 29327.45 ± 645.78, tokens seen: 394526720, grad norm: 0.4545
[iter 3020]loss: 3.7873, tokens/sec: 29327.59 ± 644.71, tokens seen: 395837440, grad norm: 0.4531
[iter 3030]loss: 3.6866, tokens/sec: 29327.73 ± 643.65, tokens seen: 397148160, grad norm: 0.5457
[iter 3040]loss: 3.3781, tokens/sec: 29327.86 ± 642.60, tokens seen: 398458880, grad norm: 0.4624
[iter 3050]loss: 3.5432, tokens/sec: 29327.98 ± 641.55, tokens seen: 399769600, grad norm: 0.4396
[iter 3060]loss: 3.6844, tokens/sec: 29328.12 ± 640.50, tokens seen: 401080320, grad norm: 0.4544
[iter 3070]loss: 3.5906, tokens/sec: 29326.72 ± 644.83, tokens seen: 402391040, grad norm: 0.5263
[iter 3080]loss: 3.6706, tokens/sec: 29326.85 ± 643.79, tokens seen: 403701760, grad norm: 0.4840
[iter 3090]loss: 3.7228, tokens/sec: 29326.98 ± 642.75, tokens seen: 405012480, grad norm: 0.4816
[iter 3100]loss: 3.7280, tokens/sec: 29327.10 ± 641.72, tokens seen: 406323200, grad norm: 0.4649
[iter 3110]loss: 3.8303, tokens/sec: 29327.23 ± 640.69, tokens seen: 407633920, grad norm: 0.5071
[iter 3120]loss: 3.4591, tokens/sec: 29327.35 ± 639.66, tokens seen: 408944640, grad norm: 0.4547
[iter 3130]loss: 3.8207, tokens/sec: 29327.48 ± 638.65, tokens seen: 410255360, grad norm: 0.4740
[iter 3140]loss: 3.5341, tokens/sec: 29327.61 ± 637.63, tokens seen: 411566080, grad norm: 0.5546
[iter 3150]loss: 3.4918, tokens/sec: 29327.72 ± 636.62, tokens seen: 412876800, grad norm: 0.4640
[iter 3160]loss: 3.6495, tokens/sec: 29327.84 ± 635.62, tokens seen: 414187520, grad norm: 0.5095
[iter 3170]loss: 3.6267, tokens/sec: 29327.95 ± 634.62, tokens seen: 415498240, grad norm: 0.4883
[iter 3180]loss: 3.6361, tokens/sec: 29328.06 ± 633.62, tokens seen: 416808960, grad norm: 0.4036
[iter 3190]loss: 3.6958, tokens/sec: 29328.18 ± 632.63, tokens seen: 418119680, grad norm: 0.4627
[iter 3200]loss: 3.3719, tokens/sec: 29328.28 ± 631.65, tokens seen: 419430400, grad norm: 0.5132
[iter 3210]loss: 3.5338, tokens/sec: 29328.40 ± 630.67, tokens seen: 420741120, grad norm: 0.4000
[iter 3220]loss: 3.7446, tokens/sec: 29328.51 ± 629.69, tokens seen: 422051840, grad norm: 0.4974
[iter 3230]loss: 3.6811, tokens/sec: 29328.63 ± 628.72, tokens seen: 423362560, grad norm: 0.4969
[iter 3240]loss: 3.9247, tokens/sec: 29328.74 ± 627.75, tokens seen: 424673280, grad norm: 0.4198
[iter 3250]loss: 3.6248, tokens/sec: 29328.86 ± 626.79, tokens seen: 425984000, grad norm: 0.4583
[iter 3260]loss: 3.5847, tokens/sec: 29328.97 ± 625.83, tokens seen: 427294720, grad norm: 0.5000
[iter 3270]loss: 3.8035, tokens/sec: 29329.08 ± 624.88, tokens seen: 428605440, grad norm: 0.4932
[iter 3280]loss: 3.7669, tokens/sec: 29329.18 ± 623.93, tokens seen: 429916160, grad norm: 0.5178
[iter 3290]loss: 3.4891, tokens/sec: 29329.30 ± 622.98, tokens seen: 431226880, grad norm: 0.5190
[iter 3300]loss: 3.6689, tokens/sec: 29329.41 ± 622.04, tokens seen: 432537600, grad norm: 0.4595
[iter 3310]loss: 3.2727, tokens/sec: 29329.52 ± 621.10, tokens seen: 433848320, grad norm: 0.4291
[iter 3320]loss: 3.5952, tokens/sec: 29329.63 ± 620.17, tokens seen: 435159040, grad norm: 0.4420
[iter 3330]loss: 3.6386, tokens/sec: 29329.74 ± 619.24, tokens seen: 436469760, grad norm: 0.4247
[iter 3340]loss: 3.5961, tokens/sec: 29329.83 ± 618.32, tokens seen: 437780480, grad norm: 0.4714
[iter 3350]loss: 3.4960, tokens/sec: 29329.93 ± 617.40, tokens seen: 439091200, grad norm: 0.4975
[iter 3360]loss: 3.4895, tokens/sec: 29330.04 ± 616.48, tokens seen: 440401920, grad norm: 0.4492
[iter 3370]loss: 3.5843, tokens/sec: 29330.14 ± 615.57, tokens seen: 441712640, grad norm: 0.4002
[iter 3380]loss: 3.7632, tokens/sec: 29330.25 ± 614.66, tokens seen: 443023360, grad norm: 0.4395
[iter 3390]loss: 3.6562, tokens/sec: 29330.36 ± 613.76, tokens seen: 444334080, grad norm: 0.4622
[iter 3400]loss: 3.5155, tokens/sec: 29330.46 ± 612.86, tokens seen: 445644800, grad norm: 0.4241
[iter 3410]loss: 3.5973, tokens/sec: 29330.55 ± 611.96, tokens seen: 446955520, grad norm: 0.4517
[iter 3420]loss: 3.6975, tokens/sec: 29329.09 ± 617.73, tokens seen: 448266240, grad norm: 0.4206
[iter 3430]loss: 3.4971, tokens/sec: 29329.14 ± 616.83, tokens seen: 449576960, grad norm: 0.4512
[iter 3440]loss: 3.2067, tokens/sec: 29329.22 ± 615.94, tokens seen: 450887680, grad norm: 0.4315
[iter 3450]loss: 3.6199, tokens/sec: 29327.95 ± 620.16, tokens seen: 452198400, grad norm: 0.4538
[iter 3460]loss: 3.5057, tokens/sec: 29328.03 ± 619.27, tokens seen: 453509120, grad norm: 0.4953
[iter 3470]loss: 3.5591, tokens/sec: 29328.10 ± 618.38, tokens seen: 454819840, grad norm: 0.4975
[iter 3480]loss: 3.6210, tokens/sec: 29328.19 ± 617.49, tokens seen: 456130560, grad norm: 0.4157
[iter 3490]loss: 3.5484, tokens/sec: 29328.29 ± 616.61, tokens seen: 457441280, grad norm: 0.4457
[step 3500]train loss: 3.6122, val loss: 3.6102, (avg train loss: 0.4528 ± 0.0194), (avg grad norm: 0.4677 ± 0.0523)
saving checkpoint to ./out-owt-large-mhc-group-lora-dense-midnorm-bs8-30000step
[iter 3500]loss: 3.3943, tokens/sec: 29328.39 ± 615.73, tokens seen: 458752000, grad norm: 0.3964
[iter 3510]loss: 3.7588, tokens/sec: 29328.51 ± 614.86, tokens seen: 460062720, grad norm: 0.4703
[iter 3520]loss: 3.7777, tokens/sec: 29328.62 ± 613.99, tokens seen: 461373440, grad norm: 0.4731
[iter 3530]loss: 3.4878, tokens/sec: 29328.73 ± 613.12, tokens seen: 462684160, grad norm: 0.4269
[iter 3540]loss: 3.5719, tokens/sec: 29328.84 ± 612.26, tokens seen: 463994880, grad norm: 0.4135
[iter 3550]loss: 3.5818, tokens/sec: 29328.94 ± 611.40, tokens seen: 465305600, grad norm: 0.4175
[iter 3560]loss: 3.6270, tokens/sec: 29329.04 ± 610.54, tokens seen: 466616320, grad norm: 0.4261
[iter 3570]loss: 3.5732, tokens/sec: 29329.14 ± 609.69, tokens seen: 467927040, grad norm: 0.4351
[iter 3580]loss: 3.4149, tokens/sec: 29329.25 ± 608.84, tokens seen: 469237760, grad norm: 0.4063
[iter 3590]loss: 3.7466, tokens/sec: 29329.35 ± 608.00, tokens seen: 470548480, grad norm: 0.4910
[iter 3600]loss: 3.4704, tokens/sec: 29329.45 ± 607.16, tokens seen: 471859200, grad norm: 0.4357
[iter 3610]loss: 3.6206, tokens/sec: 29329.55 ± 606.32, tokens seen: 473169920, grad norm: 0.4721
[iter 3620]loss: 3.5816, tokens/sec: 29329.65 ± 605.48, tokens seen: 474480640, grad norm: 0.4748
[iter 3630]loss: 3.7715, tokens/sec: 29329.74 ± 604.65, tokens seen: 475791360, grad norm: 0.5907
[iter 3640]loss: 3.5847, tokens/sec: 29329.84 ± 603.82, tokens seen: 477102080, grad norm: 0.3828
[iter 3650]loss: 3.5852, tokens/sec: 29329.95 ± 603.00, tokens seen: 478412800, grad norm: 0.4083
[iter 3660]loss: 3.7660, tokens/sec: 29330.04 ± 602.18, tokens seen: 479723520, grad norm: 0.4426
[iter 3670]loss: 3.3590, tokens/sec: 29330.13 ± 601.36, tokens seen: 481034240, grad norm: 0.4735
[iter 3680]loss: 3.7723, tokens/sec: 29330.23 ± 600.54, tokens seen: 482344960, grad norm: 0.4127
[iter 3690]loss: 3.5339, tokens/sec: 29330.33 ± 599.73, tokens seen: 483655680, grad norm: 0.4314
[iter 3700]loss: 3.3863, tokens/sec: 29330.42 ± 598.93, tokens seen: 484966400, grad norm: 0.4550
[iter 3710]loss: 3.8410, tokens/sec: 29330.51 ± 598.12, tokens seen: 486277120, grad norm: 0.4048
[iter 3720]loss: 3.3726, tokens/sec: 29330.60 ± 597.32, tokens seen: 487587840, grad norm: 0.4732
[iter 3730]loss: 3.5275, tokens/sec: 29330.70 ± 596.52, tokens seen: 488898560, grad norm: 0.4743
[iter 3740]loss: 3.7904, tokens/sec: 29330.78 ± 595.73, tokens seen: 490209280, grad norm: 0.4274
[iter 3750]loss: 3.5830, tokens/sec: 29330.88 ± 594.93, tokens seen: 491520000, grad norm: 0.4842
[iter 3760]loss: 3.6236, tokens/sec: 29330.97 ± 594.14, tokens seen: 492830720, grad norm: 0.4426
[iter 3770]loss: 3.7404, tokens/sec: 29331.05 ± 593.36, tokens seen: 494141440, grad norm: 0.3894
[iter 3780]loss: 3.5509, tokens/sec: 29331.15 ± 592.58, tokens seen: 495452160, grad norm: 0.4389
[iter 3790]loss: 3.7054, tokens/sec: 29331.24 ± 591.80, tokens seen: 496762880, grad norm: 0.4825
[iter 3800]loss: 3.7229, tokens/sec: 29331.32 ± 591.02, tokens seen: 498073600, grad norm: 0.4068
[iter 3810]loss: 3.6223, tokens/sec: 29331.41 ± 590.25, tokens seen: 499384320, grad norm: 0.4401
[iter 3820]loss: 3.4908, tokens/sec: 29331.49 ± 589.48, tokens seen: 500695040, grad norm: 0.3900
[iter 3830]loss: 3.6236, tokens/sec: 29331.58 ± 588.71, tokens seen: 502005760, grad norm: 0.4183
[iter 3840]loss: 3.6181, tokens/sec: 29330.46 ± 592.60, tokens seen: 503316480, grad norm: 0.4407
[iter 3850]loss: 3.5645, tokens/sec: 29330.55 ± 591.83, tokens seen: 504627200, grad norm: 0.4449
[iter 3860]loss: 3.7419, tokens/sec: 29330.62 ± 591.06, tokens seen: 505937920, grad norm: 0.4322
[iter 3870]loss: 3.4318, tokens/sec: 29330.70 ± 590.30, tokens seen: 507248640, grad norm: 0.4296
[iter 3880]loss: 3.4707, tokens/sec: 29330.79 ± 589.54, tokens seen: 508559360, grad norm: 0.4509
[iter 3890]loss: 3.6274, tokens/sec: 29330.89 ± 588.79, tokens seen: 509870080, grad norm: 0.4099
[iter 3900]loss: 3.6061, tokens/sec: 29329.60 ± 594.12, tokens seen: 511180800, grad norm: 0.3937
[iter 3910]loss: 3.7046, tokens/sec: 29329.68 ± 593.37, tokens seen: 512491520, grad norm: 0.3902
[iter 3920]loss: 3.1656, tokens/sec: 29329.77 ± 592.61, tokens seen: 513802240, grad norm: 0.4283
[iter 3930]loss: 3.4811, tokens/sec: 29329.86 ± 591.86, tokens seen: 515112960, grad norm: 0.4695
[iter 3940]loss: 3.6324, tokens/sec: 29329.96 ± 591.11, tokens seen: 516423680, grad norm: 0.4076
[iter 3950]loss: 3.4671, tokens/sec: 29330.04 ± 590.37, tokens seen: 517734400, grad norm: 0.4245
[iter 3960]loss: 3.6707, tokens/sec: 29330.12 ± 589.62, tokens seen: 519045120, grad norm: 0.4191
[iter 3970]loss: 3.2608, tokens/sec: 29330.20 ± 588.88, tokens seen: 520355840, grad norm: 0.4595
[iter 3980]loss: 3.4709, tokens/sec: 29330.28 ± 588.15, tokens seen: 521666560, grad norm: 0.4435
[iter 3990]loss: 3.5164, tokens/sec: 29330.37 ± 587.41, tokens seen: 522977280, grad norm: 0.4170
[step 4000]train loss: 3.5333, val loss: 3.5505, (avg train loss: 0.4421 ± 0.0171), (avg grad norm: 0.4474 ± 0.0420)
saving checkpoint to ./out-owt-large-mhc-group-lora-dense-midnorm-bs8-30000step
[iter 4000]loss: 3.1290, tokens/sec: 29330.45 ± 586.68, tokens seen: 524288000, grad norm: 0.4689
[iter 4010]loss: 3.4745, tokens/sec: 29330.56 ± 585.95, tokens seen: 525598720, grad norm: 0.4541
[iter 4020]loss: 3.5007, tokens/sec: 29330.66 ± 585.23, tokens seen: 526909440, grad norm: 0.4452
[iter 4030]loss: 3.6000, tokens/sec: 29330.75 ± 584.50, tokens seen: 528220160, grad norm: 0.3888
[iter 4040]loss: 3.4595, tokens/sec: 29330.84 ± 583.78, tokens seen: 529530880, grad norm: 0.4452
[iter 4050]loss: 3.7161, tokens/sec: 29330.92 ± 583.06, tokens seen: 530841600, grad norm: 0.4042
[iter 4060]loss: 3.5653, tokens/sec: 29331.00 ± 582.35, tokens seen: 532152320, grad norm: 0.4574
[iter 4070]loss: 3.7351, tokens/sec: 29331.08 ± 581.63, tokens seen: 533463040, grad norm: 0.3997
[iter 4080]loss: 3.6269, tokens/sec: 29331.16 ± 580.92, tokens seen: 534773760, grad norm: 0.4110
[iter 4090]loss: 3.5460, tokens/sec: 29331.23 ± 580.21, tokens seen: 536084480, grad norm: 0.4441
[iter 4100]loss: 3.6343, tokens/sec: 29331.32 ± 579.51, tokens seen: 537395200, grad norm: 0.4810
[iter 4110]loss: 3.5747, tokens/sec: 29331.39 ± 578.80, tokens seen: 538705920, grad norm: 0.4487
[iter 4120]loss: 3.4589, tokens/sec: 29331.44 ± 578.10, tokens seen: 540016640, grad norm: 0.4819
[iter 4130]loss: 3.8161, tokens/sec: 29331.50 ± 577.40, tokens seen: 541327360, grad norm: 0.3923
[iter 4140]loss: 3.7129, tokens/sec: 29331.55 ± 576.71, tokens seen: 542638080, grad norm: 0.4235
[iter 4150]loss: 3.5482, tokens/sec: 29331.62 ± 576.01, tokens seen: 543948800, grad norm: 0.4257
[iter 4160]loss: 3.6829, tokens/sec: 29331.68 ± 575.32, tokens seen: 545259520, grad norm: 0.4217
[iter 4170]loss: 3.4950, tokens/sec: 29331.74 ± 574.63, tokens seen: 546570240, grad norm: 0.4363
[iter 4180]loss: 3.4695, tokens/sec: 29331.79 ± 573.95, tokens seen: 547880960, grad norm: 0.4968
[iter 4190]loss: 3.3207, tokens/sec: 29331.86 ± 573.26, tokens seen: 549191680, grad norm: 0.4604
[iter 4200]loss: 3.3761, tokens/sec: 29331.94 ± 572.58, tokens seen: 550502400, grad norm: 0.4179
[iter 4210]loss: 3.7265, tokens/sec: 29332.01 ± 571.91, tokens seen: 551813120, grad norm: 0.4372
[iter 4220]loss: 3.5623, tokens/sec: 29330.99 ± 575.59, tokens seen: 553123840, grad norm: 0.4478
[iter 4230]loss: 3.5405, tokens/sec: 29331.07 ± 574.91, tokens seen: 554434560, grad norm: 0.5606
[iter 4240]loss: 3.3612, tokens/sec: 29331.15 ± 574.23, tokens seen: 555745280, grad norm: 0.5580
[iter 4250]loss: 3.3736, tokens/sec: 29331.22 ± 573.56, tokens seen: 557056000, grad norm: 0.4571
[iter 4260]loss: 3.5569, tokens/sec: 29331.30 ± 572.89, tokens seen: 558366720, grad norm: 0.4448
[iter 4270]loss: 3.3637, tokens/sec: 29331.37 ± 572.22, tokens seen: 559677440, grad norm: 0.4095
[iter 4280]loss: 3.6432, tokens/sec: 29331.45 ± 571.55, tokens seen: 560988160, grad norm: 0.4321
[iter 4290]loss: 3.4664, tokens/sec: 29331.52 ± 570.89, tokens seen: 562298880, grad norm: 0.4490
[iter 4300]loss: 3.4839, tokens/sec: 29331.60 ± 570.23, tokens seen: 563609600, grad norm: 0.4577
[iter 4310]loss: 3.5336, tokens/sec: 29331.67 ± 569.57, tokens seen: 564920320, grad norm: 0.4549
[iter 4320]loss: 3.7488, tokens/sec: 29331.75 ± 568.91, tokens seen: 566231040, grad norm: 0.4790
[iter 4330]loss: 3.4375, tokens/sec: 29331.83 ± 568.25, tokens seen: 567541760, grad norm: 0.4532
[iter 4340]loss: 3.5044, tokens/sec: 29331.91 ± 567.60, tokens seen: 568852480, grad norm: 0.4175
[iter 4350]loss: 3.6700, tokens/sec: 29331.99 ± 566.95, tokens seen: 570163200, grad norm: 0.4348
[iter 4360]loss: 3.5146, tokens/sec: 29332.05 ± 566.30, tokens seen: 571473920, grad norm: 0.4008
[iter 4370]loss: 3.7029, tokens/sec: 29332.12 ± 565.66, tokens seen: 572784640, grad norm: 0.4408
[iter 4380]loss: 3.3641, tokens/sec: 29330.93 ± 570.83, tokens seen: 574095360, grad norm: 0.5238
[iter 4390]loss: 3.9011, tokens/sec: 29331.00 ± 570.18, tokens seen: 575406080, grad norm: 0.4022
[iter 4400]loss: 3.5580, tokens/sec: 29331.07 ± 569.53, tokens seen: 576716800, grad norm: 0.5469
[iter 4410]loss: 3.5364, tokens/sec: 29331.15 ± 568.89, tokens seen: 578027520, grad norm: 0.3874
[iter 4420]loss: 3.4808, tokens/sec: 29331.22 ± 568.25, tokens seen: 579338240, grad norm: 0.4119
[iter 4430]loss: 3.6730, tokens/sec: 29331.30 ± 567.61, tokens seen: 580648960, grad norm: 0.4809
[iter 4440]loss: 3.6374, tokens/sec: 29331.38 ± 566.97, tokens seen: 581959680, grad norm: 0.4361
[iter 4450]loss: 3.4460, tokens/sec: 29331.46 ± 566.33, tokens seen: 583270400, grad norm: 0.5035
[iter 4460]loss: 3.7758, tokens/sec: 29331.53 ± 565.70, tokens seen: 584581120, grad norm: 0.4234
[iter 4470]loss: 3.3995, tokens/sec: 29331.61 ± 565.07, tokens seen: 585891840, grad norm: 0.4931
[iter 4480]loss: 3.2459, tokens/sec: 29331.68 ± 564.44, tokens seen: 587202560, grad norm: 0.4158
[iter 4490]loss: 3.1835, tokens/sec: 29331.75 ± 563.82, tokens seen: 588513280, grad norm: 0.4336
[step 4500]train loss: 3.4725, val loss: 3.4958, (avg train loss: 0.4366 ± 0.0180), (avg grad norm: 0.4443 ± 0.0460)
saving checkpoint to ./out-owt-large-mhc-group-lora-dense-midnorm-bs8-30000step
[iter 4500]loss: 3.5230, tokens/sec: 29331.83 ± 563.19, tokens seen: 589824000, grad norm: 0.4729
[iter 4510]loss: 3.4493, tokens/sec: 29331.91 ± 562.57, tokens seen: 591134720, grad norm: 0.3724
[iter 4520]loss: 3.2700, tokens/sec: 29331.97 ± 561.95, tokens seen: 592445440, grad norm: 0.4085
[iter 4530]loss: 3.4298, tokens/sec: 29332.03 ± 561.33, tokens seen: 593756160, grad norm: 0.4247
[iter 4540]loss: 3.5892, tokens/sec: 29332.08 ± 560.71, tokens seen: 595066880, grad norm: 0.4477
[iter 4550]loss: 3.5777, tokens/sec: 29332.14 ± 560.10, tokens seen: 596377600, grad norm: 0.4367
[iter 4560]loss: 3.5068, tokens/sec: 29332.20 ± 559.49, tokens seen: 597688320, grad norm: 0.4088
[iter 4570]loss: 3.2014, tokens/sec: 29332.27 ± 558.88, tokens seen: 598999040, grad norm: 0.4414
[iter 4580]loss: 3.8081, tokens/sec: 29332.34 ± 558.27, tokens seen: 600309760, grad norm: 0.4042
[iter 4590]loss: 3.0036, tokens/sec: 29332.38 ± 557.66, tokens seen: 601620480, grad norm: 0.4370
[iter 4600]loss: 3.2885, tokens/sec: 29332.45 ± 557.06, tokens seen: 602931200, grad norm: 0.4381
[iter 4610]loss: 3.3949, tokens/sec: 29331.50 ± 560.68, tokens seen: 604241920, grad norm: 0.4559
[iter 4620]loss: 3.4080, tokens/sec: 29331.57 ± 560.07, tokens seen: 605552640, grad norm: 0.4620
[iter 4630]loss: 3.4199, tokens/sec: 29331.64 ± 559.47, tokens seen: 606863360, grad norm: 0.4240
[iter 4640]loss: 3.4461, tokens/sec: 29331.71 ± 558.87, tokens seen: 608174080, grad norm: 0.3968
[iter 4650]loss: 3.3490, tokens/sec: 29331.78 ± 558.27, tokens seen: 609484800, grad norm: 0.4111
[iter 4660]loss: 3.3793, tokens/sec: 29331.85 ± 557.67, tokens seen: 610795520, grad norm: 0.4810
[iter 4670]loss: 3.5615, tokens/sec: 29331.92 ± 557.08, tokens seen: 612106240, grad norm: 0.4772
[iter 4680]loss: 3.5318, tokens/sec: 29331.99 ± 556.48, tokens seen: 613416960, grad norm: 0.4298
[iter 4690]loss: 3.7141, tokens/sec: 29332.07 ± 555.89, tokens seen: 614727680, grad norm: 0.4355
[iter 4700]loss: 3.6919, tokens/sec: 29332.14 ± 555.30, tokens seen: 616038400, grad norm: 0.3850
[iter 4710]loss: 3.7622, tokens/sec: 29332.21 ± 554.72, tokens seen: 617349120, grad norm: 0.4529
[iter 4720]loss: 3.6892, tokens/sec: 29332.28 ± 554.13, tokens seen: 618659840, grad norm: 0.4951
[iter 4730]loss: 3.4095, tokens/sec: 29332.35 ± 553.55, tokens seen: 619970560, grad norm: 0.4956
[iter 4740]loss: 3.6431, tokens/sec: 29332.42 ± 552.96, tokens seen: 621281280, grad norm: 0.4174
[iter 4750]loss: 3.5179, tokens/sec: 29332.49 ± 552.38, tokens seen: 622592000, grad norm: 0.4389
[iter 4760]loss: 3.5109, tokens/sec: 29332.56 ± 551.81, tokens seen: 623902720, grad norm: 0.4245
[iter 4770]loss: 3.5308, tokens/sec: 29332.62 ± 551.23, tokens seen: 625213440, grad norm: 0.4579
[iter 4780]loss: 3.4827, tokens/sec: 29332.69 ± 550.65, tokens seen: 626524160, grad norm: 0.4298
[iter 4790]loss: 3.7349, tokens/sec: 29332.76 ± 550.08, tokens seen: 627834880, grad norm: 0.4959
[iter 4800]loss: 3.4707, tokens/sec: 29332.83 ± 549.51, tokens seen: 629145600, grad norm: 0.4615
[iter 4810]loss: 3.2642, tokens/sec: 29332.90 ± 548.94, tokens seen: 630456320, grad norm: 0.4040
[iter 4820]loss: 3.5173, tokens/sec: 29332.96 ± 548.37, tokens seen: 631767040, grad norm: 0.4572
[iter 4830]loss: 3.2770, tokens/sec: 29333.03 ± 547.81, tokens seen: 633077760, grad norm: 0.4061
[iter 4840]loss: 3.3439, tokens/sec: 29333.09 ± 547.24, tokens seen: 634388480, grad norm: 0.3905
[iter 4850]loss: 3.3157, tokens/sec: 29333.16 ± 546.68, tokens seen: 635699200, grad norm: 0.4235
[iter 4860]loss: 3.2953, tokens/sec: 29332.11 ± 551.65, tokens seen: 637009920, grad norm: 0.4352
[iter 4870]loss: 3.4327, tokens/sec: 29332.16 ± 551.09, tokens seen: 638320640, grad norm: 0.4088
[iter 4880]loss: 3.0770, tokens/sec: 29332.22 ± 550.53, tokens seen: 639631360, grad norm: 0.4658
[iter 4890]loss: 3.4991, tokens/sec: 29332.27 ± 549.96, tokens seen: 640942080, grad norm: 0.3882
[iter 4900]loss: 3.8714, tokens/sec: 29332.34 ± 549.41, tokens seen: 642252800, grad norm: 0.4698
[iter 4910]loss: 3.5538, tokens/sec: 29332.40 ± 548.85, tokens seen: 643563520, grad norm: 0.3907
[iter 4920]loss: 3.4796, tokens/sec: 29332.46 ± 548.29, tokens seen: 644874240, grad norm: 0.4376
[iter 4930]loss: 3.5401, tokens/sec: 29332.53 ± 547.74, tokens seen: 646184960, grad norm: 0.4754
[iter 4940]loss: 3.5942, tokens/sec: 29332.58 ± 547.18, tokens seen: 647495680, grad norm: 0.4702
[iter 4950]loss: 3.5267, tokens/sec: 29332.64 ± 546.63, tokens seen: 648806400, grad norm: 0.4215
[iter 4960]loss: 3.4016, tokens/sec: 29332.71 ± 546.08, tokens seen: 650117120, grad norm: 0.4390
[iter 4970]loss: 3.5452, tokens/sec: 29332.77 ± 545.54, tokens seen: 651427840, grad norm: 0.4655
[iter 4980]loss: 3.3214, tokens/sec: 29332.83 ± 544.99, tokens seen: 652738560, grad norm: 0.4070
[iter 4990]loss: 3.4282, tokens/sec: 29331.95 ± 548.43, tokens seen: 654049280, grad norm: 0.4318
[step 5000]train loss: 3.4507, val loss: 3.4372, (avg train loss: 0.4305 ± 0.0175), (avg grad norm: 0.4425 ± 0.0366)
saving checkpoint to ./out-owt-large-mhc-group-lora-dense-midnorm-bs8-30000step
[iter 5000]loss: 3.3694, tokens/sec: 29332.02 ± 547.88, tokens seen: 655360000, grad norm: 0.4879
[iter 5010]loss: 3.4457, tokens/sec: 29332.08 ± 547.34, tokens seen: 656670720, grad norm: 0.4253
[iter 5020]loss: 3.4550, tokens/sec: 29332.15 ± 546.80, tokens seen: 657981440, grad norm: 0.4351
[iter 5030]loss: 3.4130, tokens/sec: 29332.22 ± 546.25, tokens seen: 659292160, grad norm: 0.4556
[iter 5040]loss: 3.3517, tokens/sec: 29332.28 ± 545.71, tokens seen: 660602880, grad norm: 0.4302
[iter 5050]loss: 3.6777, tokens/sec: 29332.35 ± 545.18, tokens seen: 661913600, grad norm: 0.4320
[iter 5060]loss: 3.3556, tokens/sec: 29332.41 ± 544.64, tokens seen: 663224320, grad norm: 0.4405
[iter 5070]loss: 3.2998, tokens/sec: 29332.48 ± 544.10, tokens seen: 664535040, grad norm: 0.4518
[iter 5080]loss: 3.5002, tokens/sec: 29332.54 ± 543.57, tokens seen: 665845760, grad norm: 0.4578
[iter 5090]loss: 3.3490, tokens/sec: 29332.61 ± 543.04, tokens seen: 667156480, grad norm: 0.4639
[iter 5100]loss: 3.5827, tokens/sec: 29332.67 ± 542.51, tokens seen: 668467200, grad norm: 0.4165
[iter 5110]loss: 3.6472, tokens/sec: 29332.74 ± 541.98, tokens seen: 669777920, grad norm: 0.4511
[iter 5120]loss: 3.2357, tokens/sec: 29332.81 ± 541.45, tokens seen: 671088640, grad norm: 0.4528
[iter 5130]loss: 3.5543, tokens/sec: 29332.87 ± 540.93, tokens seen: 672399360, grad norm: 0.4213
[iter 5140]loss: 3.1808, tokens/sec: 29332.93 ± 540.40, tokens seen: 673710080, grad norm: 0.4710
[iter 5150]loss: 3.5562, tokens/sec: 29333.00 ± 539.88, tokens seen: 675020800, grad norm: 0.4811
[iter 5160]loss: 3.5141, tokens/sec: 29333.06 ± 539.36, tokens seen: 676331520, grad norm: 0.4153
[iter 5170]loss: 3.4642, tokens/sec: 29333.13 ± 538.84, tokens seen: 677642240, grad norm: 0.4605
[iter 5180]loss: 3.3305, tokens/sec: 29333.19 ± 538.32, tokens seen: 678952960, grad norm: 0.4537
[iter 5190]loss: 3.5200, tokens/sec: 29333.26 ± 537.80, tokens seen: 680263680, grad norm: 0.4304
[iter 5200]loss: 3.3430, tokens/sec: 29333.32 ± 537.29, tokens seen: 681574400, grad norm: 0.4772
[iter 5210]loss: 3.4819, tokens/sec: 29333.38 ± 536.77, tokens seen: 682885120, grad norm: 0.4379
[iter 5220]loss: 3.4837, tokens/sec: 29333.44 ± 536.26, tokens seen: 684195840, grad norm: 0.4675
[iter 5230]loss: 3.6139, tokens/sec: 29333.51 ± 535.75, tokens seen: 685506560, grad norm: 0.4333
[iter 5240]loss: 3.3622, tokens/sec: 29333.57 ± 535.24, tokens seen: 686817280, grad norm: 0.6017
[iter 5250]loss: 3.4431, tokens/sec: 29333.63 ± 534.73, tokens seen: 688128000, grad norm: 0.4284
[iter 5260]loss: 3.3208, tokens/sec: 29333.70 ± 534.23, tokens seen: 689438720, grad norm: 0.4062
[iter 5270]loss: 3.3292, tokens/sec: 29333.76 ± 533.72, tokens seen: 690749440, grad norm: 0.4744
[iter 5280]loss: 3.6170, tokens/sec: 29333.82 ± 533.22, tokens seen: 692060160, grad norm: 0.5598
[iter 5290]loss: 3.7241, tokens/sec: 29333.88 ± 532.72, tokens seen: 693370880, grad norm: 0.4881
[iter 5300]loss: 3.5362, tokens/sec: 29333.94 ± 532.21, tokens seen: 694681600, grad norm: 0.4246
[iter 5310]loss: 3.4225, tokens/sec: 29334.00 ± 531.71, tokens seen: 695992320, grad norm: 0.4128
[iter 5320]loss: 3.3059, tokens/sec: 29334.05 ± 531.22, tokens seen: 697303040, grad norm: 0.4211
[iter 5330]loss: 3.2420, tokens/sec: 29334.12 ± 530.72, tokens seen: 698613760, grad norm: 0.4271
[iter 5340]loss: 3.5765, tokens/sec: 29333.19 ± 535.04, tokens seen: 699924480, grad norm: 0.5037
[iter 5350]loss: 3.2846, tokens/sec: 29333.25 ± 534.54, tokens seen: 701235200, grad norm: 0.4253
[iter 5360]loss: 3.4276, tokens/sec: 29333.31 ± 534.04, tokens seen: 702545920, grad norm: 0.4699
[iter 5370]loss: 3.4994, tokens/sec: 29332.50 ± 537.29, tokens seen: 703856640, grad norm: 0.4733
[iter 5380]loss: 3.5512, tokens/sec: 29332.56 ± 536.79, tokens seen: 705167360, grad norm: 0.4160
[iter 5390]loss: 3.4855, tokens/sec: 29332.62 ± 536.30, tokens seen: 706478080, grad norm: 0.4540
[iter 5400]loss: 3.6369, tokens/sec: 29332.68 ± 535.80, tokens seen: 707788800, grad norm: 0.4465
[iter 5410]loss: 3.4602, tokens/sec: 29332.75 ± 535.31, tokens seen: 709099520, grad norm: 0.4536
[iter 5420]loss: 3.2887, tokens/sec: 29332.81 ± 534.82, tokens seen: 710410240, grad norm: 0.4165
[iter 5430]loss: 3.3053, tokens/sec: 29332.87 ± 534.33, tokens seen: 711720960, grad norm: 0.4479
[iter 5440]loss: 3.3905, tokens/sec: 29332.93 ± 533.84, tokens seen: 713031680, grad norm: 0.4642
[iter 5450]loss: 3.4909, tokens/sec: 29332.99 ± 533.35, tokens seen: 714342400, grad norm: 0.4715
[iter 5460]loss: 3.5397, tokens/sec: 29333.05 ± 532.86, tokens seen: 715653120, grad norm: 0.4133
[iter 5470]loss: 3.5089, tokens/sec: 29333.10 ± 532.38, tokens seen: 716963840, grad norm: 0.4252
[iter 5480]loss: 3.2842, tokens/sec: 29333.16 ± 531.89, tokens seen: 718274560, grad norm: 0.4339
[iter 5490]loss: 3.4027, tokens/sec: 29333.22 ± 531.41, tokens seen: 719585280, grad norm: 0.4733
[step 5500]train loss: 3.4143, val loss: 3.4145, (avg train loss: 0.4270 ± 0.0173), (avg grad norm: 0.4527 ± 0.0346)
saving checkpoint to ./out-owt-large-mhc-group-lora-dense-midnorm-bs8-30000step
[iter 5500]loss: 3.0051, tokens/sec: 29333.27 ± 530.93, tokens seen: 720896000, grad norm: 0.4496
[iter 5510]loss: 3.4215, tokens/sec: 29333.34 ± 530.45, tokens seen: 722206720, grad norm: 0.3969
[iter 5520]loss: 3.3255, tokens/sec: 29333.38 ± 529.97, tokens seen: 723517440, grad norm: 0.4280
[iter 5530]loss: 3.2910, tokens/sec: 29333.44 ± 529.49, tokens seen: 724828160, grad norm: 0.4607
[iter 5540]loss: 3.2414, tokens/sec: 29333.48 ± 529.02, tokens seen: 726138880, grad norm: 0.4721
[iter 5550]loss: 3.2826, tokens/sec: 29333.53 ± 528.54, tokens seen: 727449600, grad norm: 0.4317
[iter 5560]loss: 3.4648, tokens/sec: 29333.59 ± 528.07, tokens seen: 728760320, grad norm: 0.5190
[iter 5570]loss: 3.2175, tokens/sec: 29333.64 ± 527.59, tokens seen: 730071040, grad norm: 0.4846
[iter 5580]loss: 3.3153, tokens/sec: 29333.70 ± 527.12, tokens seen: 731381760, grad norm: 0.4566
[iter 5590]loss: 3.3513, tokens/sec: 29333.76 ± 526.65, tokens seen: 732692480, grad norm: 0.5475
[iter 5600]loss: 3.2933, tokens/sec: 29333.81 ± 526.18, tokens seen: 734003200, grad norm: 0.4980
[iter 5610]loss: 3.5626, tokens/sec: 29333.87 ± 525.72, tokens seen: 735313920, grad norm: 0.4155
[iter 5620]loss: 3.3635, tokens/sec: 29333.93 ± 525.25, tokens seen: 736624640, grad norm: 0.4426
[iter 5630]loss: 3.3895, tokens/sec: 29333.98 ± 524.79, tokens seen: 737935360, grad norm: 0.4690
[iter 5640]loss: 3.2921, tokens/sec: 29334.04 ± 524.32, tokens seen: 739246080, grad norm: 0.4783
[iter 5650]loss: 3.3499, tokens/sec: 29334.09 ± 523.86, tokens seen: 740556800, grad norm: 0.4789
[iter 5660]loss: 3.4933, tokens/sec: 29334.13 ± 523.40, tokens seen: 741867520, grad norm: 0.4665
[iter 5670]loss: 3.1732, tokens/sec: 29334.17 ± 522.94, tokens seen: 743178240, grad norm: 0.6587
[iter 5680]loss: 3.5021, tokens/sec: 29334.22 ± 522.48, tokens seen: 744488960, grad norm: 0.4246
[iter 5690]loss: 3.2574, tokens/sec: 29334.27 ± 522.02, tokens seen: 745799680, grad norm: 0.4314
[iter 5700]loss: 3.0192, tokens/sec: 29334.32 ± 521.56, tokens seen: 747110400, grad norm: 0.4616
[iter 5710]loss: 3.4273, tokens/sec: 29334.37 ± 521.11, tokens seen: 748421120, grad norm: 0.5109
[iter 5720]loss: 3.2864, tokens/sec: 29334.41 ± 520.65, tokens seen: 749731840, grad norm: 0.5123
[iter 5730]loss: 3.1535, tokens/sec: 29334.46 ± 520.20, tokens seen: 751042560, grad norm: 0.4275
[iter 5740]loss: 3.4237, tokens/sec: 29334.51 ± 519.75, tokens seen: 752353280, grad norm: 0.4372
[iter 5750]loss: 3.4170, tokens/sec: 29334.55 ± 519.30, tokens seen: 753664000, grad norm: 0.4430
[iter 5760]loss: 3.3047, tokens/sec: 29333.80 ± 522.35, tokens seen: 754974720, grad norm: 0.5152
[iter 5770]loss: 3.4582, tokens/sec: 29333.86 ± 521.90, tokens seen: 756285440, grad norm: 0.5603
[iter 5780]loss: 3.5671, tokens/sec: 29333.91 ± 521.45, tokens seen: 757596160, grad norm: 0.5526
[iter 5790]loss: 3.4914, tokens/sec: 29333.97 ± 521.00, tokens seen: 758906880, grad norm: 0.4901
[iter 5800]loss: 3.5716, tokens/sec: 29334.02 ± 520.55, tokens seen: 760217600, grad norm: 0.5989
[iter 5810]loss: 3.3173, tokens/sec: 29334.06 ± 520.11, tokens seen: 761528320, grad norm: 0.4587
[iter 5820]loss: 3.1745, tokens/sec: 29333.17 ± 524.31, tokens seen: 762839040, grad norm: 0.4042
[iter 5830]loss: 3.4536, tokens/sec: 29333.21 ± 523.86, tokens seen: 764149760, grad norm: 0.6551
[iter 5840]loss: 3.4137, tokens/sec: 29333.25 ± 523.41, tokens seen: 765460480, grad norm: 0.4102
[iter 5850]loss: 3.4847, tokens/sec: 29333.30 ± 522.97, tokens seen: 766771200, grad norm: 0.4794
[iter 5860]loss: 3.4879, tokens/sec: 29333.35 ± 522.52, tokens seen: 768081920, grad norm: 0.4704
[iter 5870]loss: 3.3794, tokens/sec: 29333.39 ± 522.08, tokens seen: 769392640, grad norm: 0.4466
[iter 5880]loss: 3.3990, tokens/sec: 29333.44 ± 521.64, tokens seen: 770703360, grad norm: 0.5057
[iter 5890]loss: 3.0647, tokens/sec: 29333.48 ± 521.19, tokens seen: 772014080, grad norm: 0.4730
[iter 5900]loss: 3.5840, tokens/sec: 29333.52 ± 520.75, tokens seen: 773324800, grad norm: 0.4211
[iter 5910]loss: 3.1667, tokens/sec: 29333.56 ± 520.31, tokens seen: 774635520, grad norm: 0.4602
[iter 5920]loss: 3.2356, tokens/sec: 29333.59 ± 519.87, tokens seen: 775946240, grad norm: 0.4680
[iter 5930]loss: 3.2529, tokens/sec: 29333.64 ± 519.44, tokens seen: 777256960, grad norm: 0.4967
[iter 5940]loss: 3.5022, tokens/sec: 29333.68 ± 519.00, tokens seen: 778567680, grad norm: 0.4702
[iter 5950]loss: 3.3691, tokens/sec: 29333.73 ± 518.57, tokens seen: 779878400, grad norm: 0.4949
[iter 5960]loss: 3.3149, tokens/sec: 29333.76 ± 518.13, tokens seen: 781189120, grad norm: 0.4252
[iter 5970]loss: 3.2833, tokens/sec: 29333.82 ± 517.70, tokens seen: 782499840, grad norm: 0.4584
[iter 5980]loss: 3.5119, tokens/sec: 29333.86 ± 517.27, tokens seen: 783810560, grad norm: 0.3981
[iter 5990]loss: 3.2066, tokens/sec: 29333.92 ± 516.84, tokens seen: 785121280, grad norm: 0.4420
[step 6000]train loss: 3.3910, val loss: 3.3745, (avg train loss: 0.4209 ± 0.0181), (avg grad norm: 0.4890 ± 0.0806)
saving checkpoint to ./out-owt-large-mhc-group-lora-dense-midnorm-bs8-30000step
[iter 6000]loss: 3.4442, tokens/sec: 29333.97 ± 516.41, tokens seen: 786432000, grad norm: 0.6978
[iter 6010]loss: 3.2918, tokens/sec: 29334.02 ± 515.98, tokens seen: 787742720, grad norm: 0.5497
[iter 6020]loss: 3.4516, tokens/sec: 29334.07 ± 515.55, tokens seen: 789053440, grad norm: 0.4215
[iter 6030]loss: 3.7102, tokens/sec: 29334.12 ± 515.13, tokens seen: 790364160, grad norm: 0.4451
[iter 6040]loss: 3.2875, tokens/sec: 29334.16 ± 514.70, tokens seen: 791674880, grad norm: 0.4135
[iter 6050]loss: 3.4791, tokens/sec: 29334.21 ± 514.28, tokens seen: 792985600, grad norm: 0.4281
[iter 6060]loss: 3.4535, tokens/sec: 29334.26 ± 513.85, tokens seen: 794296320, grad norm: 0.4865
[iter 6070]loss: 2.9692, tokens/sec: 29334.31 ± 513.43, tokens seen: 795607040, grad norm: 0.4707
[iter 6080]loss: 3.4044, tokens/sec: 29334.36 ± 513.01, tokens seen: 796917760, grad norm: 0.5254
[iter 6090]loss: 3.7164, tokens/sec: 29334.40 ± 512.59, tokens seen: 798228480, grad norm: 0.4664
[iter 6100]loss: 3.4067, tokens/sec: 29334.45 ± 512.17, tokens seen: 799539200, grad norm: 0.4265
[iter 6110]loss: 3.4413, tokens/sec: 29334.50 ± 511.76, tokens seen: 800849920, grad norm: 0.4740
[iter 6120]loss: 3.4853, tokens/sec: 29334.55 ± 511.34, tokens seen: 802160640, grad norm: 0.5405
[iter 6130]loss: 3.1833, tokens/sec: 29334.60 ± 510.92, tokens seen: 803471360, grad norm: 0.4546
[iter 6140]loss: 3.4460, tokens/sec: 29333.88 ± 513.97, tokens seen: 804782080, grad norm: 0.4809
[iter 6150]loss: 3.3305, tokens/sec: 29333.93 ± 513.55, tokens seen: 806092800, grad norm: 0.4542
[iter 6160]loss: 3.3677, tokens/sec: 29333.98 ± 513.14, tokens seen: 807403520, grad norm: 0.4827
[iter 6170]loss: 3.1122, tokens/sec: 29334.04 ± 512.72, tokens seen: 808714240, grad norm: 0.4661
[iter 6180]loss: 3.3901, tokens/sec: 29334.08 ± 512.31, tokens seen: 810024960, grad norm: 0.5241
[iter 6190]loss: 2.9848, tokens/sec: 29334.13 ± 511.90, tokens seen: 811335680, grad norm: 0.4988
[iter 6200]loss: 3.4050, tokens/sec: 29334.17 ± 511.48, tokens seen: 812646400, grad norm: 0.4803
[iter 6210]loss: 3.3292, tokens/sec: 29334.22 ± 511.07, tokens seen: 813957120, grad norm: 0.4395
[iter 6220]loss: 3.3146, tokens/sec: 29334.27 ± 510.66, tokens seen: 815267840, grad norm: 0.4620
[iter 6230]loss: 3.4093, tokens/sec: 29334.32 ± 510.26, tokens seen: 816578560, grad norm: 0.4231
[iter 6240]loss: 3.2739, tokens/sec: 29334.37 ± 509.85, tokens seen: 817889280, grad norm: 0.4499
[iter 6250]loss: 3.4732, tokens/sec: 29334.42 ± 509.44, tokens seen: 819200000, grad norm: 0.4974
[iter 6260]loss: 3.2816, tokens/sec: 29334.46 ± 509.04, tokens seen: 820510720, grad norm: 0.5372
[iter 6270]loss: 3.6111, tokens/sec: 29334.52 ± 508.63, tokens seen: 821821440, grad norm: 0.4882
[iter 6280]loss: 3.3366, tokens/sec: 29334.57 ± 508.23, tokens seen: 823132160, grad norm: 0.5630
[iter 6290]loss: 3.5377, tokens/sec: 29334.61 ± 507.83, tokens seen: 824442880, grad norm: 0.5097
[iter 6300]loss: 3.0827, tokens/sec: 29333.82 ± 511.76, tokens seen: 825753600, grad norm: 0.4380
[iter 6310]loss: 3.3910, tokens/sec: 29333.86 ± 511.36, tokens seen: 827064320, grad norm: 0.6310
[iter 6320]loss: 3.4214, tokens/sec: 29333.91 ± 510.95, tokens seen: 828375040, grad norm: 0.5285
[iter 6330]loss: 3.4374, tokens/sec: 29333.95 ± 510.55, tokens seen: 829685760, grad norm: 0.5174
[iter 6340]loss: 3.2267, tokens/sec: 29334.00 ± 510.15, tokens seen: 830996480, grad norm: 0.6140
[iter 6350]loss: 3.3613, tokens/sec: 29334.04 ± 509.75, tokens seen: 832307200, grad norm: 0.4586
[iter 6360]loss: 3.3219, tokens/sec: 29334.09 ± 509.35, tokens seen: 833617920, grad norm: 0.5102
[iter 6370]loss: 3.2718, tokens/sec: 29334.13 ± 508.95, tokens seen: 834928640, grad norm: 0.5025
[iter 6380]loss: 3.3762, tokens/sec: 29334.18 ± 508.55, tokens seen: 836239360, grad norm: 0.4928
[iter 6390]loss: 3.1945, tokens/sec: 29334.22 ± 508.16, tokens seen: 837550080, grad norm: 0.5706
[iter 6400]loss: 3.7686, tokens/sec: 29334.27 ± 507.76, tokens seen: 838860800, grad norm: 2.4007
[iter 6410]loss: 3.3990, tokens/sec: 29334.32 ± 507.37, tokens seen: 840171520, grad norm: 2.6802
[iter 6420]loss: 3.4584, tokens/sec: 29334.36 ± 506.97, tokens seen: 841482240, grad norm: 0.7659
[iter 6430]loss: 3.4223, tokens/sec: 29334.41 ± 506.58, tokens seen: 842792960, grad norm: 0.5081
[iter 6440]loss: 3.5164, tokens/sec: 29334.45 ± 506.19, tokens seen: 844103680, grad norm: 0.4162
[iter 6450]loss: 3.5139, tokens/sec: 29334.50 ± 505.80, tokens seen: 845414400, grad norm: 0.5662
[iter 6460]loss: 3.2159, tokens/sec: 29334.54 ± 505.41, tokens seen: 846725120, grad norm: 0.5833
[iter 6470]loss: 3.2847, tokens/sec: 29334.59 ± 505.02, tokens seen: 848035840, grad norm: 0.5556
[iter 6480]loss: 3.4860, tokens/sec: 29334.63 ± 504.63, tokens seen: 849346560, grad norm: 0.4938
[iter 6490]loss: 3.3063, tokens/sec: 29334.68 ± 504.24, tokens seen: 850657280, grad norm: 0.6375
[step 6500]train loss: 3.3400, val loss: 3.3696, (avg train loss: 0.4202 ± 0.0181), (avg grad norm: 0.9069 ± 1.1567)
saving checkpoint to ./out-owt-large-mhc-group-lora-dense-midnorm-bs8-30000step
[iter 6500]loss: 3.2802, tokens/sec: 29334.73 ± 503.86, tokens seen: 851968000, grad norm: 0.5543
[iter 6510]loss: 3.3845, tokens/sec: 29334.78 ± 503.47, tokens seen: 853278720, grad norm: 0.6747
[iter 6520]loss: 3.2703, tokens/sec: 29334.83 ± 503.09, tokens seen: 854589440, grad norm: 0.5236
[iter 6530]loss: 3.2289, tokens/sec: 29334.16 ± 506.03, tokens seen: 855900160, grad norm: 0.4964
[iter 6540]loss: 3.3936, tokens/sec: 29334.21 ± 505.64, tokens seen: 857210880, grad norm: 0.6579
[iter 6550]loss: 3.4800, tokens/sec: 29334.25 ± 505.26, tokens seen: 858521600, grad norm: 13.1109
[iter 6560]loss: 3.1537, tokens/sec: 29334.30 ± 504.87, tokens seen: 859832320, grad norm: 5.2526
[iter 6570]loss: 3.4286, tokens/sec: 29334.35 ± 504.49, tokens seen: 861143040, grad norm: 4.7997
[iter 6580]loss: 3.2939, tokens/sec: 29334.40 ± 504.11, tokens seen: 862453760, grad norm: 2.0703
[iter 6590]loss: 3.0841, tokens/sec: 29334.44 ± 503.73, tokens seen: 863764480, grad norm: 2.0410
[iter 6600]loss: 3.4028, tokens/sec: 29334.48 ± 503.35, tokens seen: 865075200, grad norm: 1.8091
[iter 6610]loss: 3.2135, tokens/sec: 29334.53 ± 502.97, tokens seen: 866385920, grad norm: 0.5722
[iter 6620]loss: 3.6085, tokens/sec: 29334.57 ± 502.59, tokens seen: 867696640, grad norm: 0.9629
[iter 6630]loss: 3.2065, tokens/sec: 29334.62 ± 502.21, tokens seen: 869007360, grad norm: 0.5404
[iter 6640]loss: 3.2719, tokens/sec: 29334.67 ± 501.83, tokens seen: 870318080, grad norm: 0.5475
[iter 6650]loss: 3.2841, tokens/sec: 29334.71 ± 501.46, tokens seen: 871628800, grad norm: 0.6094
[iter 6660]loss: 3.1035, tokens/sec: 29334.76 ± 501.08, tokens seen: 872939520, grad norm: 0.4877
[iter 6670]loss: 3.2991, tokens/sec: 29334.80 ± 500.71, tokens seen: 874250240, grad norm: 0.4853
[iter 6680]loss: 3.5335, tokens/sec: 29334.84 ± 500.33, tokens seen: 875560960, grad norm: 0.4746
[iter 6690]loss: 3.3289, tokens/sec: 29334.88 ± 499.96, tokens seen: 876871680, grad norm: 0.4481
[iter 6700]loss: 3.1810, tokens/sec: 29334.92 ± 499.59, tokens seen: 878182400, grad norm: 0.7731
[iter 6710]loss: 3.1260, tokens/sec: 29334.95 ± 499.22, tokens seen: 879493120, grad norm: 0.5923
[iter 6720]loss: 3.1699, tokens/sec: 29334.99 ± 498.85, tokens seen: 880803840, grad norm: 0.6069
[iter 6730]loss: 3.3566, tokens/sec: 29335.03 ± 498.48, tokens seen: 882114560, grad norm: 0.4891
[iter 6740]loss: 3.3258, tokens/sec: 29335.08 ± 498.11, tokens seen: 883425280, grad norm: 0.5796
[iter 6750]loss: 3.3276, tokens/sec: 29335.12 ± 497.74, tokens seen: 884736000, grad norm: 0.4689
[iter 6760]loss: 3.3789, tokens/sec: 29335.17 ± 497.37, tokens seen: 886046720, grad norm: 17.4866
[iter 6770]loss: 3.2192, tokens/sec: 29335.21 ± 497.01, tokens seen: 887357440, grad norm: 3.1048
[iter 6780]loss: 3.3206, tokens/sec: 29334.44 ± 500.98, tokens seen: 888668160, grad norm: 2.0364
[iter 6790]loss: 3.3130, tokens/sec: 29334.48 ± 500.61, tokens seen: 889978880, grad norm: 0.8976
[iter 6800]loss: 3.2299, tokens/sec: 29334.52 ± 500.24, tokens seen: 891289600, grad norm: 0.5175
[iter 6810]loss: 3.2501, tokens/sec: 29334.55 ± 499.88, tokens seen: 892600320, grad norm: 0.5946
[iter 6820]loss: 3.4646, tokens/sec: 29334.59 ± 499.51, tokens seen: 893911040, grad norm: 0.5682
[iter 6830]loss: 3.0288, tokens/sec: 29334.62 ± 499.15, tokens seen: 895221760, grad norm: 0.4462
[iter 6840]loss: 3.3324, tokens/sec: 29334.66 ± 498.78, tokens seen: 896532480, grad norm: 0.4708
[iter 6850]loss: 3.2334, tokens/sec: 29334.69 ± 498.42, tokens seen: 897843200, grad norm: 0.5185
[iter 6860]loss: 3.2739, tokens/sec: 29334.73 ± 498.06, tokens seen: 899153920, grad norm: 0.8937
[iter 6870]loss: 3.4637, tokens/sec: 29334.77 ± 497.70, tokens seen: 900464640, grad norm: 0.5917
[iter 6880]loss: 3.2462, tokens/sec: 29334.80 ± 497.34, tokens seen: 901775360, grad norm: 0.4482
[iter 6890]loss: 3.4752, tokens/sec: 29334.84 ± 496.98, tokens seen: 903086080, grad norm: 0.5549
[iter 6900]loss: 3.2892, tokens/sec: 29334.88 ± 496.62, tokens seen: 904396800, grad norm: 0.5998
[iter 6910]loss: 3.2874, tokens/sec: 29334.23 ± 499.55, tokens seen: 905707520, grad norm: 0.5813
[iter 6920]loss: 3.0287, tokens/sec: 29334.26 ± 499.19, tokens seen: 907018240, grad norm: 0.8245
[iter 6930]loss: 3.4430, tokens/sec: 29334.29 ± 498.83, tokens seen: 908328960, grad norm: 0.6990
[iter 6940]loss: 3.0964, tokens/sec: 29334.33 ± 498.47, tokens seen: 909639680, grad norm: 0.8475
[iter 6950]loss: 3.2494, tokens/sec: 29334.37 ± 498.11, tokens seen: 910950400, grad norm: 0.4649
[iter 6960]loss: 3.5261, tokens/sec: 29334.40 ± 497.76, tokens seen: 912261120, grad norm: 0.4368
[iter 6970]loss: 3.3616, tokens/sec: 29334.42 ± 497.40, tokens seen: 913571840, grad norm: 0.4630
[iter 6980]loss: 3.4046, tokens/sec: 29334.45 ± 497.05, tokens seen: 914882560, grad norm: 0.7474
[iter 6990]loss: 3.2473, tokens/sec: 29334.49 ± 496.69, tokens seen: 916193280, grad norm: 0.4358
[step 7000]train loss: 3.3001, val loss: 3.3362, (avg train loss: 0.4148 ± 0.0180), (avg grad norm: 0.5749 ± 0.1706)
saving checkpoint to ./out-owt-large-mhc-group-lora-dense-midnorm-bs8-30000step
[iter 7000]loss: 3.1909, tokens/sec: 29334.53 ± 496.34, tokens seen: 917504000, grad norm: 0.5543
[iter 7010]loss: 3.4120, tokens/sec: 29334.58 ± 495.99, tokens seen: 918814720, grad norm: 0.5120
[iter 7020]loss: 3.5026, tokens/sec: 29334.60 ± 495.63, tokens seen: 920125440, grad norm: 0.4879
[iter 7030]loss: 3.3451, tokens/sec: 29334.64 ± 495.28, tokens seen: 921436160, grad norm: 0.4604
[iter 7040]loss: 3.2181, tokens/sec: 29334.67 ± 494.93, tokens seen: 922746880, grad norm: 0.4440
[iter 7050]loss: 3.5453, tokens/sec: 29334.71 ± 494.58, tokens seen: 924057600, grad norm: 0.5656
[iter 7060]loss: 3.4051, tokens/sec: 29334.75 ± 494.23, tokens seen: 925368320, grad norm: 0.7383
[iter 7070]loss: 3.4423, tokens/sec: 29334.79 ± 493.88, tokens seen: 926679040, grad norm: 0.4327
[iter 7080]loss: 3.3797, tokens/sec: 29334.83 ± 493.54, tokens seen: 927989760, grad norm: 0.4606
[iter 7090]loss: 3.2149, tokens/sec: 29334.86 ± 493.19, tokens seen: 929300480, grad norm: 0.6012
[iter 7100]loss: 3.3717, tokens/sec: 29334.89 ± 492.84, tokens seen: 930611200, grad norm: 0.4453
[iter 7110]loss: 3.5308, tokens/sec: 29334.93 ± 492.50, tokens seen: 931921920, grad norm: 0.4277
[iter 7120]loss: 3.3285, tokens/sec: 29334.96 ± 492.15, tokens seen: 933232640, grad norm: 0.4155
[iter 7130]loss: 2.9441, tokens/sec: 29335.00 ± 491.81, tokens seen: 934543360, grad norm: 0.5475
[iter 7140]loss: 3.5336, tokens/sec: 29335.03 ± 491.46, tokens seen: 935854080, grad norm: 0.4288
[iter 7150]loss: 3.1319, tokens/sec: 29335.07 ± 491.12, tokens seen: 937164800, grad norm: 0.5465
[iter 7160]loss: 3.0763, tokens/sec: 29335.11 ± 490.78, tokens seen: 938475520, grad norm: 0.4380
[iter 7170]loss: 3.2431, tokens/sec: 29335.14 ± 490.44, tokens seen: 939786240, grad norm: 0.6064
[iter 7180]loss: 3.3047, tokens/sec: 29335.17 ± 490.10, tokens seen: 941096960, grad norm: 0.5241
[iter 7190]loss: 3.0398, tokens/sec: 29335.22 ± 489.76, tokens seen: 942407680, grad norm: 0.7266
[iter 7200]loss: 3.1653, tokens/sec: 29335.25 ± 489.42, tokens seen: 943718400, grad norm: 0.5841
[iter 7210]loss: 3.3710, tokens/sec: 29335.28 ± 489.08, tokens seen: 945029120, grad norm: 0.4675
[iter 7220]loss: 3.3458, tokens/sec: 29335.30 ± 488.74, tokens seen: 946339840, grad norm: 0.5104
[iter 7230]loss: 3.3691, tokens/sec: 29335.34 ± 488.40, tokens seen: 947650560, grad norm: 0.5733
[iter 7240]loss: 3.3984, tokens/sec: 29335.37 ± 488.07, tokens seen: 948961280, grad norm: 0.4481
[iter 7250]loss: 3.2257, tokens/sec: 29335.40 ± 487.73, tokens seen: 950272000, grad norm: 0.6132
[iter 7260]loss: 3.2965, tokens/sec: 29334.70 ± 491.35, tokens seen: 951582720, grad norm: 0.4674
[iter 7270]loss: 3.4425, tokens/sec: 29334.75 ± 491.01, tokens seen: 952893440, grad norm: 0.4140
[iter 7280]loss: 3.3403, tokens/sec: 29334.79 ± 490.68, tokens seen: 954204160, grad norm: 0.5790
[iter 7290]loss: 3.2769, tokens/sec: 29334.19 ± 493.35, tokens seen: 955514880, grad norm: 0.4415
[iter 7300]loss: 3.4993, tokens/sec: 29334.23 ± 493.02, tokens seen: 956825600, grad norm: 0.4696
[iter 7310]loss: 3.2585, tokens/sec: 29334.27 ± 492.68, tokens seen: 958136320, grad norm: 0.4250
[iter 7320]loss: 3.2978, tokens/sec: 29334.31 ± 492.35, tokens seen: 959447040, grad norm: 0.5036
[iter 7330]loss: 3.3433, tokens/sec: 29334.35 ± 492.01, tokens seen: 960757760, grad norm: 0.4311
[iter 7340]loss: 3.3180, tokens/sec: 29334.40 ± 491.68, tokens seen: 962068480, grad norm: 0.5813
[iter 7350]loss: 3.4663, tokens/sec: 29334.44 ± 491.34, tokens seen: 963379200, grad norm: 0.5599
[iter 7360]loss: 3.3150, tokens/sec: 29334.48 ± 491.01, tokens seen: 964689920, grad norm: 0.4865
[iter 7370]loss: 3.2450, tokens/sec: 29334.52 ± 490.68, tokens seen: 966000640, grad norm: 0.5741
[iter 7380]loss: 3.1262, tokens/sec: 29334.56 ± 490.35, tokens seen: 967311360, grad norm: 0.5696
[iter 7390]loss: 3.1489, tokens/sec: 29334.61 ± 490.02, tokens seen: 968622080, grad norm: 0.5472
[iter 7400]loss: 3.2712, tokens/sec: 29334.65 ± 489.69, tokens seen: 969932800, grad norm: 0.6770
[iter 7410]loss: 3.3344, tokens/sec: 29334.69 ± 489.36, tokens seen: 971243520, grad norm: 0.4327
[iter 7420]loss: 3.3171, tokens/sec: 29334.73 ± 489.03, tokens seen: 972554240, grad norm: 0.5781
[iter 7430]loss: 3.4220, tokens/sec: 29334.78 ± 488.70, tokens seen: 973864960, grad norm: 0.4530
[iter 7440]loss: 3.3083, tokens/sec: 29334.82 ± 488.38, tokens seen: 975175680, grad norm: 0.4525
[iter 7450]loss: 3.2922, tokens/sec: 29334.86 ± 488.05, tokens seen: 976486400, grad norm: 0.4645
[iter 7460]loss: 3.5072, tokens/sec: 29334.90 ± 487.72, tokens seen: 977797120, grad norm: 0.5225
[iter 7470]loss: 3.5159, tokens/sec: 29334.95 ± 487.40, tokens seen: 979107840, grad norm: 0.4583
[iter 7480]loss: 3.0967, tokens/sec: 29334.99 ± 487.07, tokens seen: 980418560, grad norm: 0.4467
[iter 7490]loss: 3.0604, tokens/sec: 29335.03 ± 486.75, tokens seen: 981729280, grad norm: 0.5374
[step 7500]train loss: 3.2949, val loss: 3.2897, (avg train loss: 0.4124 ± 0.0185), (avg grad norm: 0.5162 ± 0.0825)
saving checkpoint to ./out-owt-large-mhc-group-lora-dense-midnorm-bs8-30000step
[iter 7500]loss: 3.4601, tokens/sec: 29335.07 ± 486.43, tokens seen: 983040000, grad norm: 0.4543
[iter 7510]loss: 3.4097, tokens/sec: 29335.11 ± 486.11, tokens seen: 984350720, grad norm: 0.5332
[iter 7520]loss: 3.0549, tokens/sec: 29335.15 ± 485.78, tokens seen: 985661440, grad norm: 0.4574
[iter 7530]loss: 3.0403, tokens/sec: 29335.18 ± 485.46, tokens seen: 986972160, grad norm: 0.4639
[iter 7540]loss: 3.3555, tokens/sec: 29335.21 ± 485.14, tokens seen: 988282880, grad norm: 0.4873
[iter 7550]loss: 3.2728, tokens/sec: 29335.25 ± 484.82, tokens seen: 989593600, grad norm: 0.4368
[iter 7560]loss: 3.4513, tokens/sec: 29335.29 ± 484.50, tokens seen: 990904320, grad norm: 0.4801
[iter 7570]loss: 3.0751, tokens/sec: 29335.32 ± 484.18, tokens seen: 992215040, grad norm: 0.6049
[iter 7580]loss: 3.4389, tokens/sec: 29335.36 ± 483.86, tokens seen: 993525760, grad norm: 0.4388
[iter 7590]loss: 2.9738, tokens/sec: 29335.40 ± 483.55, tokens seen: 994836480, grad norm: 0.4483
[iter 7600]loss: 3.1046, tokens/sec: 29335.44 ± 483.23, tokens seen: 996147200, grad norm: 0.5590
[iter 7610]loss: 3.1846, tokens/sec: 29335.48 ± 482.91, tokens seen: 997457920, grad norm: 0.4977
[iter 7620]loss: 3.4862, tokens/sec: 29335.52 ± 482.60, tokens seen: 998768640, grad norm: 0.5650
[iter 7630]loss: 3.0641, tokens/sec: 29335.55 ± 482.28, tokens seen: 1000079360, grad norm: 0.4566
[iter 7640]loss: 3.1938, tokens/sec: 29335.60 ± 481.97, tokens seen: 1001390080, grad norm: 0.5162
[iter 7650]loss: 3.2970, tokens/sec: 29335.63 ± 481.65, tokens seen: 1002700800, grad norm: 0.5136
[iter 7660]loss: 3.3686, tokens/sec: 29335.67 ± 481.34, tokens seen: 1004011520, grad norm: 0.4465
[iter 7670]loss: 3.3115, tokens/sec: 29335.70 ± 481.03, tokens seen: 1005322240, grad norm: 0.4788
[iter 7680]loss: 3.2640, tokens/sec: 29335.12 ± 483.76, tokens seen: 1006632960, grad norm: 0.5768
[iter 7690]loss: 3.2802, tokens/sec: 29335.15 ± 483.45, tokens seen: 1007943680, grad norm: 0.4696
[iter 7700]loss: 3.5739, tokens/sec: 29335.18 ± 483.14, tokens seen: 1009254400, grad norm: 0.4380
[iter 7710]loss: 3.3148, tokens/sec: 29335.22 ± 482.83, tokens seen: 1010565120, grad norm: 0.5060
[iter 7720]loss: 3.3248, tokens/sec: 29335.25 ± 482.51, tokens seen: 1011875840, grad norm: 0.5838
[iter 7730]loss: 3.3639, tokens/sec: 29335.28 ± 482.20, tokens seen: 1013186560, grad norm: 0.4873
[iter 7740]loss: 3.1533, tokens/sec: 29334.61 ± 485.71, tokens seen: 1014497280, grad norm: 0.5198
[iter 7750]loss: 3.3080, tokens/sec: 29334.64 ± 485.40, tokens seen: 1015808000, grad norm: 0.7991
[iter 7760]loss: 3.3221, tokens/sec: 29334.68 ± 485.09, tokens seen: 1017118720, grad norm: 0.4419
[iter 7770]loss: 3.3558, tokens/sec: 29334.72 ± 484.78, tokens seen: 1018429440, grad norm: 0.5832
[iter 7780]loss: 3.2173, tokens/sec: 29334.76 ± 484.47, tokens seen: 1019740160, grad norm: 0.6065
[iter 7790]loss: 3.4563, tokens/sec: 29334.80 ± 484.16, tokens seen: 1021050880, grad norm: 0.4737
[iter 7800]loss: 3.3405, tokens/sec: 29334.84 ± 483.85, tokens seen: 1022361600, grad norm: 0.5109
[iter 7810]loss: 3.3173, tokens/sec: 29334.87 ± 483.54, tokens seen: 1023672320, grad norm: 0.6592
[iter 7820]loss: 3.3956, tokens/sec: 29334.91 ± 483.23, tokens seen: 1024983040, grad norm: 0.4570
[iter 7830]loss: 3.1714, tokens/sec: 29334.95 ± 482.93, tokens seen: 1026293760, grad norm: 0.5015
[iter 7840]loss: 3.1877, tokens/sec: 29334.97 ± 482.62, tokens seen: 1027604480, grad norm: 0.4439
[iter 7850]loss: 3.2929, tokens/sec: 29335.02 ± 482.31, tokens seen: 1028915200, grad norm: 0.5703
[iter 7860]loss: 3.2643, tokens/sec: 29335.05 ± 482.01, tokens seen: 1030225920, grad norm: 0.4495
[iter 7870]loss: 3.2154, tokens/sec: 29335.09 ± 481.70, tokens seen: 1031536640, grad norm: 0.8133
[iter 7880]loss: 3.2321, tokens/sec: 29335.13 ± 481.40, tokens seen: 1032847360, grad norm: 0.4405
[iter 7890]loss: 3.1723, tokens/sec: 29335.16 ± 481.09, tokens seen: 1034158080, grad norm: 0.5703
[iter 7900]loss: 3.3709, tokens/sec: 29335.19 ± 480.79, tokens seen: 1035468800, grad norm: 0.4233
[iter 7910]loss: 3.3453, tokens/sec: 29335.23 ± 480.49, tokens seen: 1036779520, grad norm: 0.4670
[iter 7920]loss: 3.5875, tokens/sec: 29335.27 ± 480.18, tokens seen: 1038090240, grad norm: 0.5690
[iter 7930]loss: 3.2474, tokens/sec: 29335.31 ± 479.88, tokens seen: 1039400960, grad norm: 0.5794
[iter 7940]loss: 3.3003, tokens/sec: 29335.34 ± 479.58, tokens seen: 1040711680, grad norm: 0.5622
[iter 7950]loss: 3.3954, tokens/sec: 29335.37 ± 479.28, tokens seen: 1042022400, grad norm: 0.4805
[iter 7960]loss: 3.3115, tokens/sec: 29335.41 ± 478.98, tokens seen: 1043333120, grad norm: 0.4529
[iter 7970]loss: 3.4338, tokens/sec: 29335.45 ± 478.68, tokens seen: 1044643840, grad norm: 0.5962
[iter 7980]loss: 3.3940, tokens/sec: 29335.49 ± 478.38, tokens seen: 1045954560, grad norm: 0.5166
[iter 7990]loss: 3.2978, tokens/sec: 29335.52 ± 478.08, tokens seen: 1047265280, grad norm: 0.5155
[step 8000]train loss: 3.2659, val loss: 3.2853, (avg train loss: 0.4096 ± 0.0152), (avg grad norm: 0.5243 ± 0.0793)
saving checkpoint to ./out-owt-large-mhc-group-lora-dense-midnorm-bs8-30000step
[iter 8000]loss: 3.0906, tokens/sec: 29335.56 ± 477.79, tokens seen: 1048576000, grad norm: 0.4930
[iter 8010]loss: 3.3149, tokens/sec: 29335.60 ± 477.49, tokens seen: 1049886720, grad norm: 0.4165
[iter 8020]loss: 2.7957, tokens/sec: 29335.62 ± 477.19, tokens seen: 1051197440, grad norm: 0.4936
[iter 8030]loss: 3.2617, tokens/sec: 29335.66 ± 476.90, tokens seen: 1052508160, grad norm: 0.5313
[iter 8040]loss: 3.5523, tokens/sec: 29335.69 ± 476.60, tokens seen: 1053818880, grad norm: 0.5128
[iter 8050]loss: 3.5609, tokens/sec: 29335.72 ± 476.31, tokens seen: 1055129600, grad norm: 0.8323
[iter 8060]loss: 3.3299, tokens/sec: 29335.15 ± 478.92, tokens seen: 1056440320, grad norm: 0.5363
[iter 8070]loss: 3.1910, tokens/sec: 29335.19 ± 478.63, tokens seen: 1057751040, grad norm: 0.4208
[iter 8080]loss: 3.2561, tokens/sec: 29335.23 ± 478.33, tokens seen: 1059061760, grad norm: 0.4745
[iter 8090]loss: 3.7263, tokens/sec: 29335.27 ± 478.04, tokens seen: 1060372480, grad norm: 0.7701
[iter 8100]loss: 3.3641, tokens/sec: 29335.30 ± 477.75, tokens seen: 1061683200, grad norm: 0.4717
[iter 8110]loss: 3.3216, tokens/sec: 29335.34 ± 477.45, tokens seen: 1062993920, grad norm: 0.6823
[iter 8120]loss: 3.3671, tokens/sec: 29335.37 ± 477.16, tokens seen: 1064304640, grad norm: 0.5250
[iter 8130]loss: 3.1026, tokens/sec: 29335.41 ± 476.87, tokens seen: 1065615360, grad norm: 0.4902
[iter 8140]loss: 3.3183, tokens/sec: 29335.44 ± 476.58, tokens seen: 1066926080, grad norm: 0.4315
[iter 8150]loss: 3.0008, tokens/sec: 29335.48 ± 476.28, tokens seen: 1068236800, grad norm: 0.5489
[iter 8160]loss: 3.3486, tokens/sec: 29335.51 ± 475.99, tokens seen: 1069547520, grad norm: 0.8107
[iter 8170]loss: 2.9492, tokens/sec: 29335.55 ± 475.70, tokens seen: 1070858240, grad norm: 0.4744
[iter 8180]loss: 3.3386, tokens/sec: 29335.58 ± 475.41, tokens seen: 1072168960, grad norm: 0.4545
[iter 8190]loss: 3.5356, tokens/sec: 29335.62 ± 475.12, tokens seen: 1073479680, grad norm: 0.4275
[iter 8200]loss: 3.1281, tokens/sec: 29335.65 ± 474.84, tokens seen: 1074790400, grad norm: 0.4743
[iter 8210]loss: 3.2222, tokens/sec: 29335.68 ± 474.55, tokens seen: 1076101120, grad norm: 0.4387
[iter 8220]loss: 3.3711, tokens/sec: 29335.07 ± 477.83, tokens seen: 1077411840, grad norm: 0.4864
[iter 8230]loss: 3.1311, tokens/sec: 29335.10 ± 477.54, tokens seen: 1078722560, grad norm: 0.5257
[iter 8240]loss: 3.0508, tokens/sec: 29335.13 ± 477.25, tokens seen: 1080033280, grad norm: 0.4805
[iter 8250]loss: 3.0030, tokens/sec: 29335.16 ± 476.96, tokens seen: 1081344000, grad norm: 0.6542
[iter 8260]loss: 3.3827, tokens/sec: 29335.20 ± 476.68, tokens seen: 1082654720, grad norm: 0.4589
[iter 8270]loss: 3.2611, tokens/sec: 29335.23 ± 476.39, tokens seen: 1083965440, grad norm: 0.4828
[iter 8280]loss: 3.3213, tokens/sec: 29335.26 ± 476.10, tokens seen: 1085276160, grad norm: 0.7687
[iter 8290]loss: 3.5111, tokens/sec: 29335.30 ± 475.82, tokens seen: 1086586880, grad norm: 0.4316
[iter 8300]loss: 3.4711, tokens/sec: 29335.33 ± 475.53, tokens seen: 1087897600, grad norm: 0.4683
[iter 8310]loss: 3.3740, tokens/sec: 29335.37 ± 475.24, tokens seen: 1089208320, grad norm: 0.4472
[iter 8320]loss: 3.2616, tokens/sec: 29335.40 ± 474.96, tokens seen: 1090519040, grad norm: 0.6623
[iter 8330]loss: 3.1130, tokens/sec: 29335.43 ± 474.68, tokens seen: 1091829760, grad norm: 0.5129
[iter 8340]loss: 3.3376, tokens/sec: 29335.46 ± 474.39, tokens seen: 1093140480, grad norm: 1.6442
[iter 8350]loss: 3.4297, tokens/sec: 29335.49 ± 474.11, tokens seen: 1094451200, grad norm: 0.8507
[iter 8360]loss: 3.3060, tokens/sec: 29335.53 ± 473.83, tokens seen: 1095761920, grad norm: 0.6144
[iter 8370]loss: 3.2807, tokens/sec: 29335.56 ± 473.54, tokens seen: 1097072640, grad norm: 0.6670
[iter 8380]loss: 3.3259, tokens/sec: 29335.60 ± 473.26, tokens seen: 1098383360, grad norm: 0.5190
[iter 8390]loss: 3.3778, tokens/sec: 29335.63 ± 472.98, tokens seen: 1099694080, grad norm: 0.4606
[iter 8400]loss: 3.1873, tokens/sec: 29335.66 ± 472.70, tokens seen: 1101004800, grad norm: 0.6662
[iter 8410]loss: 3.2597, tokens/sec: 29335.70 ± 472.42, tokens seen: 1102315520, grad norm: 0.4867
[iter 8420]loss: 3.3260, tokens/sec: 29335.73 ± 472.14, tokens seen: 1103626240, grad norm: 0.6395
[iter 8430]loss: 3.3300, tokens/sec: 29335.77 ± 471.86, tokens seen: 1104936960, grad norm: 0.5994
[iter 8440]loss: 3.4046, tokens/sec: 29335.80 ± 471.58, tokens seen: 1106247680, grad norm: 0.5224
[iter 8450]loss: 3.4968, tokens/sec: 29335.28 ± 473.96, tokens seen: 1107558400, grad norm: 0.5377
[iter 8460]loss: 3.2743, tokens/sec: 29335.32 ± 473.68, tokens seen: 1108869120, grad norm: 0.4590
[iter 8470]loss: 3.0934, tokens/sec: 29335.36 ± 473.41, tokens seen: 1110179840, grad norm: 0.5014
[iter 8480]loss: 3.3663, tokens/sec: 29335.39 ± 473.13, tokens seen: 1111490560, grad norm: 0.5547
[iter 8490]loss: 3.2353, tokens/sec: 29335.42 ± 472.85, tokens seen: 1112801280, grad norm: 0.5345
[step 8500]train loss: 3.2514, val loss: 3.2650, (avg train loss: 0.4057 ± 0.0166), (avg grad norm: 0.6212 ± 0.3241)
saving checkpoint to ./out-owt-large-mhc-group-lora-dense-midnorm-bs8-30000step
[iter 8500]loss: 3.0779, tokens/sec: 29335.45 ± 472.57, tokens seen: 1114112000, grad norm: 0.4534
[iter 8510]loss: 3.2570, tokens/sec: 29335.50 ± 472.30, tokens seen: 1115422720, grad norm: 0.5103
[iter 8520]loss: 3.1212, tokens/sec: 29335.53 ± 472.02, tokens seen: 1116733440, grad norm: 0.5850
[iter 8530]loss: 3.3739, tokens/sec: 29335.55 ± 471.74, tokens seen: 1118044160, grad norm: 0.5589
[iter 8540]loss: 3.2341, tokens/sec: 29335.58 ± 471.47, tokens seen: 1119354880, grad norm: 0.5946
[iter 8550]loss: 3.2835, tokens/sec: 29335.61 ± 471.19, tokens seen: 1120665600, grad norm: 0.4341
[iter 8560]loss: 3.3311, tokens/sec: 29335.64 ± 470.92, tokens seen: 1121976320, grad norm: 0.5562
[iter 8570]loss: 3.1585, tokens/sec: 29335.67 ± 470.65, tokens seen: 1123287040, grad norm: 0.4187
[iter 8580]loss: 3.2587, tokens/sec: 29335.70 ± 470.37, tokens seen: 1124597760, grad norm: 0.4617
[iter 8590]loss: 3.2459, tokens/sec: 29335.73 ± 470.10, tokens seen: 1125908480, grad norm: 0.4346
[iter 8600]loss: 3.1182, tokens/sec: 29335.76 ± 469.83, tokens seen: 1127219200, grad norm: 0.4323
[iter 8610]loss: 3.6130, tokens/sec: 29335.79 ± 469.55, tokens seen: 1128529920, grad norm: 0.5126
[iter 8620]loss: 3.1409, tokens/sec: 29335.81 ± 469.28, tokens seen: 1129840640, grad norm: 0.4916
[iter 8630]loss: 3.2674, tokens/sec: 29335.85 ± 469.01, tokens seen: 1131151360, grad norm: 0.5888
[iter 8640]loss: 3.2260, tokens/sec: 29335.88 ± 468.74, tokens seen: 1132462080, grad norm: 0.4708
[iter 8650]loss: 3.4240, tokens/sec: 29335.91 ± 468.47, tokens seen: 1133772800, grad norm: 0.4406
[iter 8660]loss: 3.4036, tokens/sec: 29335.94 ± 468.20, tokens seen: 1135083520, grad norm: 0.4687
[iter 8670]loss: 3.2633, tokens/sec: 29335.98 ± 467.93, tokens seen: 1136394240, grad norm: 0.6890
[iter 8680]loss: 3.1187, tokens/sec: 29336.01 ± 467.66, tokens seen: 1137704960, grad norm: 0.6632
[iter 8690]loss: 3.3405, tokens/sec: 29335.43 ± 470.84, tokens seen: 1139015680, grad norm: 0.4966
[iter 8700]loss: 3.1248, tokens/sec: 29335.46 ± 470.57, tokens seen: 1140326400, grad norm: 0.4574
[iter 8710]loss: 3.1992, tokens/sec: 29335.50 ± 470.31, tokens seen: 1141637120, grad norm: 0.4583
[iter 8720]loss: 3.2488, tokens/sec: 29335.53 ± 470.04, tokens seen: 1142947840, grad norm: 0.5000
[iter 8730]loss: 3.3300, tokens/sec: 29335.56 ± 469.77, tokens seen: 1144258560, grad norm: 0.5053
[iter 8740]loss: 3.1245, tokens/sec: 29335.59 ± 469.50, tokens seen: 1145569280, grad norm: 0.5212
[iter 8750]loss: 3.1564, tokens/sec: 29335.63 ± 469.23, tokens seen: 1146880000, grad norm: 0.5615
[iter 8760]loss: 3.0439, tokens/sec: 29335.66 ± 468.97, tokens seen: 1148190720, grad norm: 0.4647
[iter 8770]loss: 3.3210, tokens/sec: 29335.69 ± 468.70, tokens seen: 1149501440, grad norm: 0.4878
[iter 8780]loss: 3.2037, tokens/sec: 29335.73 ± 468.43, tokens seen: 1150812160, grad norm: 0.5009
[iter 8790]loss: 3.3275, tokens/sec: 29335.75 ± 468.17, tokens seen: 1152122880, grad norm: 0.4625
[iter 8800]loss: 3.1560, tokens/sec: 29335.79 ± 467.90, tokens seen: 1153433600, grad norm: 0.5370
[iter 8810]loss: 3.3204, tokens/sec: 29335.82 ± 467.64, tokens seen: 1154744320, grad norm: 0.7412
[iter 8820]loss: 3.2245, tokens/sec: 29335.85 ± 467.37, tokens seen: 1156055040, grad norm: 0.4736
[iter 8830]loss: 3.2335, tokens/sec: 29335.35 ± 469.77, tokens seen: 1157365760, grad norm: 0.7389
[iter 8840]loss: 3.2966, tokens/sec: 29335.38 ± 469.51, tokens seen: 1158676480, grad norm: 0.5296
[iter 8850]loss: 3.2056, tokens/sec: 29335.42 ± 469.24, tokens seen: 1159987200, grad norm: 0.4539
[iter 8860]loss: 3.1610, tokens/sec: 29335.45 ± 468.98, tokens seen: 1161297920, grad norm: 0.6512
[iter 8870]loss: 3.3124, tokens/sec: 29335.48 ± 468.72, tokens seen: 1162608640, grad norm: 0.6168
[iter 8880]loss: 3.2008, tokens/sec: 29335.51 ± 468.45, tokens seen: 1163919360, grad norm: 0.4785
[iter 8890]loss: 3.2140, tokens/sec: 29335.55 ± 468.19, tokens seen: 1165230080, grad norm: 0.4788
[iter 8900]loss: 3.4258, tokens/sec: 29335.58 ± 467.93, tokens seen: 1166540800, grad norm: 0.6890
[iter 8910]loss: 3.2647, tokens/sec: 29335.61 ± 467.67, tokens seen: 1167851520, grad norm: 0.5050
[iter 8920]loss: 3.0166, tokens/sec: 29335.65 ± 467.41, tokens seen: 1169162240, grad norm: 0.4859
[iter 8930]loss: 3.2147, tokens/sec: 29335.68 ± 467.15, tokens seen: 1170472960, grad norm: 0.4306
[iter 8940]loss: 3.1768, tokens/sec: 29335.71 ± 466.89, tokens seen: 1171783680, grad norm: 0.4227
[iter 8950]loss: 3.1016, tokens/sec: 29335.74 ± 466.63, tokens seen: 1173094400, grad norm: 0.6588
[iter 8960]loss: 3.4660, tokens/sec: 29335.77 ± 466.37, tokens seen: 1174405120, grad norm: 2.9780
[iter 8970]loss: 3.2335, tokens/sec: 29335.80 ± 466.11, tokens seen: 1175715840, grad norm: 0.4272
[iter 8980]loss: 3.2219, tokens/sec: 29335.83 ± 465.85, tokens seen: 1177026560, grad norm: 0.4442
[iter 8990]loss: 3.1817, tokens/sec: 29335.86 ± 465.59, tokens seen: 1178337280, grad norm: 0.7008
[step 9000]train loss: 3.2432, val loss: 3.2275, (avg train loss: 0.4049 ± 0.0169), (avg grad norm: 0.5207 ± 0.1974)
saving checkpoint to ./out-owt-large-mhc-group-lora-dense-midnorm-bs8-30000step
[iter 9000]loss: 3.2087, tokens/sec: 29335.90 ± 465.33, tokens seen: 1179648000, grad norm: 0.5420
[iter 9010]loss: 3.1786, tokens/sec: 29335.93 ± 465.08, tokens seen: 1180958720, grad norm: 0.4609
[iter 9020]loss: 3.2552, tokens/sec: 29335.96 ± 464.82, tokens seen: 1182269440, grad norm: 0.4373
[iter 9030]loss: 3.1615, tokens/sec: 29335.99 ± 464.56, tokens seen: 1183580160, grad norm: 0.4556
[iter 9040]loss: 3.3575, tokens/sec: 29336.01 ± 464.31, tokens seen: 1184890880, grad norm: 0.4438
[iter 9050]loss: 3.0830, tokens/sec: 29336.03 ± 464.05, tokens seen: 1186201600, grad norm: 0.4401
[iter 9060]loss: 3.0506, tokens/sec: 29336.06 ± 463.80, tokens seen: 1187512320, grad norm: 0.5051
[iter 9070]loss: 3.1651, tokens/sec: 29336.09 ± 463.54, tokens seen: 1188823040, grad norm: 0.4745
[iter 9080]loss: 3.4278, tokens/sec: 29336.12 ± 463.29, tokens seen: 1190133760, grad norm: 0.5005
[iter 9090]loss: 3.3164, tokens/sec: 29336.14 ± 463.03, tokens seen: 1191444480, grad norm: 0.4850
[iter 9100]loss: 3.0775, tokens/sec: 29336.18 ± 462.78, tokens seen: 1192755200, grad norm: 0.5033
[iter 9110]loss: 3.2719, tokens/sec: 29336.20 ± 462.53, tokens seen: 1194065920, grad norm: 0.4982
[iter 9120]loss: 3.1228, tokens/sec: 29336.23 ± 462.27, tokens seen: 1195376640, grad norm: 0.6596
[iter 9130]loss: 3.3070, tokens/sec: 29336.26 ± 462.02, tokens seen: 1196687360, grad norm: 0.5068
[iter 9140]loss: 3.3653, tokens/sec: 29336.29 ± 461.77, tokens seen: 1197998080, grad norm: 0.4618
[iter 9150]loss: 3.2403, tokens/sec: 29336.32 ± 461.52, tokens seen: 1199308800, grad norm: 0.5665
[iter 9160]loss: 3.0606, tokens/sec: 29336.35 ± 461.27, tokens seen: 1200619520, grad norm: 0.5683
[iter 9170]loss: 3.2033, tokens/sec: 29335.80 ± 464.34, tokens seen: 1201930240, grad norm: 0.5958
[iter 9180]loss: 3.2372, tokens/sec: 29335.83 ± 464.09, tokens seen: 1203240960, grad norm: 0.4696
[iter 9190]loss: 3.2582, tokens/sec: 29335.86 ± 463.84, tokens seen: 1204551680, grad norm: 0.5864
[iter 9200]loss: 3.1571, tokens/sec: 29335.89 ± 463.59, tokens seen: 1205862400, grad norm: 0.4933
[iter 9210]loss: 2.9019, tokens/sec: 29335.40 ± 465.95, tokens seen: 1207173120, grad norm: 0.4397
[iter 9220]loss: 3.4713, tokens/sec: 29335.43 ± 465.70, tokens seen: 1208483840, grad norm: 0.4544
[iter 9230]loss: 3.1720, tokens/sec: 29335.47 ± 465.45, tokens seen: 1209794560, grad norm: 0.5238
[iter 9240]loss: 3.3334, tokens/sec: 29335.50 ± 465.19, tokens seen: 1211105280, grad norm: 0.4434
[iter 9250]loss: 3.3536, tokens/sec: 29335.53 ± 464.94, tokens seen: 1212416000, grad norm: 0.4469
[iter 9260]loss: 3.2134, tokens/sec: 29335.56 ± 464.69, tokens seen: 1213726720, grad norm: 0.4780
[iter 9270]loss: 3.1132, tokens/sec: 29335.59 ± 464.44, tokens seen: 1215037440, grad norm: 0.6080
[iter 9280]loss: 3.0800, tokens/sec: 29335.62 ± 464.20, tokens seen: 1216348160, grad norm: 0.4483
[iter 9290]loss: 3.1259, tokens/sec: 29335.65 ± 463.95, tokens seen: 1217658880, grad norm: 0.5098
[iter 9300]loss: 3.1671, tokens/sec: 29335.68 ± 463.70, tokens seen: 1218969600, grad norm: 0.5033
[iter 9310]loss: 3.1890, tokens/sec: 29335.71 ± 463.45, tokens seen: 1220280320, grad norm: 0.6258
[iter 9320]loss: 3.2781, tokens/sec: 29335.74 ± 463.20, tokens seen: 1221591040, grad norm: 0.5376
[iter 9330]loss: 3.2510, tokens/sec: 29335.78 ± 462.96, tokens seen: 1222901760, grad norm: 0.5898
[iter 9340]loss: 3.2108, tokens/sec: 29335.80 ± 462.71, tokens seen: 1224212480, grad norm: 0.6322
[iter 9350]loss: 3.0887, tokens/sec: 29335.83 ± 462.46, tokens seen: 1225523200, grad norm: 0.5895
[iter 9360]loss: 3.4641, tokens/sec: 29335.86 ± 462.22, tokens seen: 1226833920, grad norm: 0.4984
[iter 9370]loss: 3.2269, tokens/sec: 29335.89 ± 461.97, tokens seen: 1228144640, grad norm: 0.4449
[iter 9380]loss: 3.2150, tokens/sec: 29335.93 ± 461.72, tokens seen: 1229455360, grad norm: 0.5763
[iter 9390]loss: 3.2564, tokens/sec: 29335.95 ± 461.48, tokens seen: 1230766080, grad norm: 1.1774
[iter 9400]loss: 3.4541, tokens/sec: 29335.98 ± 461.23, tokens seen: 1232076800, grad norm: 0.5417
[iter 9410]loss: 3.0409, tokens/sec: 29336.00 ± 460.99, tokens seen: 1233387520, grad norm: 0.8691
[iter 9420]loss: 3.2871, tokens/sec: 29336.02 ± 460.75, tokens seen: 1234698240, grad norm: 0.8540
[iter 9430]loss: 3.1608, tokens/sec: 29336.03 ± 460.50, tokens seen: 1236008960, grad norm: 0.8204
[iter 9440]loss: 3.3554, tokens/sec: 29336.06 ± 460.26, tokens seen: 1237319680, grad norm: 0.5767
[iter 9450]loss: 3.3473, tokens/sec: 29336.09 ± 460.02, tokens seen: 1238630400, grad norm: 1.0196
[iter 9460]loss: 3.2527, tokens/sec: 29336.12 ± 459.77, tokens seen: 1239941120, grad norm: 2.9944
[iter 9470]loss: 3.0875, tokens/sec: 29336.14 ± 459.53, tokens seen: 1241251840, grad norm: 2.3411
[iter 9480]loss: 3.1908, tokens/sec: 29336.17 ± 459.29, tokens seen: 1242562560, grad norm: 0.7727
[iter 9490]loss: 3.0597, tokens/sec: 29336.20 ± 459.05, tokens seen: 1243873280, grad norm: 2.2387
[step 9500]train loss: 3.2143, val loss: 3.2298, (avg train loss: 0.4015 ± 0.0159), (avg grad norm: 0.9892 ± 1.6933)
[iter 9500]loss: 3.2921, tokens/sec: 29336.22 ± 458.81, tokens seen: 1245184000, grad norm: 0.6550
[iter 9510]loss: 3.1983, tokens/sec: 29336.25 ± 458.57, tokens seen: 1246494720, grad norm: 1.0152
[iter 9520]loss: 2.9396, tokens/sec: 29336.28 ± 458.33, tokens seen: 1247805440, grad norm: 0.7050
[iter 9530]loss: 3.1881, tokens/sec: 29336.30 ± 458.09, tokens seen: 1249116160, grad norm: 1.0384
[iter 9540]loss: 3.2288, tokens/sec: 29336.33 ± 457.85, tokens seen: 1250426880, grad norm: 0.8797
[iter 9550]loss: 3.2522, tokens/sec: 29336.35 ± 457.61, tokens seen: 1251737600, grad norm: 0.9783
[iter 9560]loss: 3.2918, tokens/sec: 29336.38 ± 457.37, tokens seen: 1253048320, grad norm: 1.3403
[iter 9570]loss: 3.2989, tokens/sec: 29336.41 ± 457.13, tokens seen: 1254359040, grad norm: 0.5305
[iter 9580]loss: 3.1941, tokens/sec: 29336.44 ± 456.89, tokens seen: 1255669760, grad norm: 0.6642
[iter 9590]loss: 3.1071, tokens/sec: 29336.46 ± 456.66, tokens seen: 1256980480, grad norm: 0.5703
[iter 9600]loss: 3.2474, tokens/sec: 29336.00 ± 458.88, tokens seen: 1258291200, grad norm: 0.4707
[iter 9610]loss: 2.9242, tokens/sec: 29336.03 ± 458.64, tokens seen: 1259601920, grad norm: 0.5004
[iter 9620]loss: 3.1337, tokens/sec: 29336.06 ± 458.40, tokens seen: 1260912640, grad norm: 0.4734
[iter 9630]loss: 2.9260, tokens/sec: 29336.08 ± 458.16, tokens seen: 1262223360, grad norm: 0.6012
[iter 9640]loss: 3.3745, tokens/sec: 29336.11 ± 457.93, tokens seen: 1263534080, grad norm: 0.6918
[iter 9650]loss: 3.3438, tokens/sec: 29336.14 ± 457.69, tokens seen: 1264844800, grad norm: 0.5065
[iter 9660]loss: 3.0243, tokens/sec: 29335.61 ± 460.58, tokens seen: 1266155520, grad norm: 0.5944
[iter 9670]loss: 3.4716, tokens/sec: 29335.64 ± 460.35, tokens seen: 1267466240, grad norm: 0.6142
[iter 9680]loss: 3.3649, tokens/sec: 29335.67 ± 460.11, tokens seen: 1268776960, grad norm: 0.4705
[iter 9690]loss: 3.1192, tokens/sec: 29335.70 ± 459.87, tokens seen: 1270087680, grad norm: 0.5008
[iter 9700]loss: 3.3713, tokens/sec: 29335.72 ± 459.64, tokens seen: 1271398400, grad norm: 0.4970
[iter 9710]loss: 3.2839, tokens/sec: 29335.75 ± 459.40, tokens seen: 1272709120, grad norm: 0.4255
[iter 9720]loss: 3.2480, tokens/sec: 29335.77 ± 459.17, tokens seen: 1274019840, grad norm: 0.4993
[iter 9730]loss: 3.3149, tokens/sec: 29335.80 ± 458.93, tokens seen: 1275330560, grad norm: 0.4527
[iter 9740]loss: 3.2750, tokens/sec: 29335.83 ± 458.70, tokens seen: 1276641280, grad norm: 0.4866
[iter 9750]loss: 3.3662, tokens/sec: 29335.86 ± 458.46, tokens seen: 1277952000, grad norm: 0.5443
[iter 9760]loss: 3.1489, tokens/sec: 29335.88 ± 458.23, tokens seen: 1279262720, grad norm: 0.7266
[iter 9770]loss: 2.9791, tokens/sec: 29335.91 ± 457.99, tokens seen: 1280573440, grad norm: 0.4538
[iter 9780]loss: 3.0825, tokens/sec: 29335.95 ± 457.76, tokens seen: 1281884160, grad norm: 0.6815
[iter 9790]loss: 3.3385, tokens/sec: 29335.97 ± 457.53, tokens seen: 1283194880, grad norm: 0.5140
[iter 9800]loss: 3.2229, tokens/sec: 29336.00 ± 457.29, tokens seen: 1284505600, grad norm: 0.5116
[iter 9810]loss: 3.2450, tokens/sec: 29336.03 ± 457.06, tokens seen: 1285816320, grad norm: 0.6116
[iter 9820]loss: 3.1263, tokens/sec: 29336.06 ± 456.83, tokens seen: 1287127040, grad norm: 0.7217
[iter 9830]loss: 3.1525, tokens/sec: 29336.09 ± 456.60, tokens seen: 1288437760, grad norm: 0.4807
[iter 9840]loss: 3.1025, tokens/sec: 29336.12 ± 456.37, tokens seen: 1289748480, grad norm: 0.5869
[iter 9850]loss: 3.1724, tokens/sec: 29336.14 ± 456.14, tokens seen: 1291059200, grad norm: 0.6627
[iter 9860]loss: 3.2825, tokens/sec: 29336.17 ± 455.91, tokens seen: 1292369920, grad norm: 0.4499
[iter 9870]loss: 3.2728, tokens/sec: 29336.20 ± 455.68, tokens seen: 1293680640, grad norm: 0.4603
[iter 9880]loss: 3.3170, tokens/sec: 29336.22 ± 455.45, tokens seen: 1294991360, grad norm: 0.6068
[iter 9890]loss: 3.2183, tokens/sec: 29336.25 ± 455.22, tokens seen: 1296302080, grad norm: 0.4373
[iter 9900]loss: 3.2314, tokens/sec: 29336.28 ± 454.99, tokens seen: 1297612800, grad norm: 0.7734
[iter 9910]loss: 3.2780, tokens/sec: 29336.30 ± 454.76, tokens seen: 1298923520, grad norm: 0.8657
[iter 9920]loss: 3.1577, tokens/sec: 29336.33 ± 454.53, tokens seen: 1300234240, grad norm: 0.4118
[iter 9930]loss: 3.3620, tokens/sec: 29336.35 ± 454.30, tokens seen: 1301544960, grad norm: 0.4266
[iter 9940]loss: 3.2366, tokens/sec: 29336.38 ± 454.07, tokens seen: 1302855680, grad norm: 0.6374
[iter 9950]loss: 3.2947, tokens/sec: 29336.41 ± 453.85, tokens seen: 1304166400, grad norm: 0.5711
[iter 9960]loss: 3.4434, tokens/sec: 29336.43 ± 453.62, tokens seen: 1305477120, grad norm: 0.4668
[iter 9970]loss: 3.3694, tokens/sec: 29336.45 ± 453.39, tokens seen: 1306787840, grad norm: 0.4785
[iter 9980]loss: 3.1403, tokens/sec: 29336.00 ± 455.60, tokens seen: 1308098560, grad norm: 0.5046
[iter 9990]loss: 3.1726, tokens/sec: 29336.03 ± 455.37, tokens seen: 1309409280, grad norm: 0.5656
[step 10000]train loss: 3.1687, val loss: 3.2074, (avg train loss: 0.4000 ± 0.0169), (avg grad norm: 0.5092 ± 0.0797)
saving checkpoint to ./out-owt-large-mhc-group-lora-dense-midnorm-bs8-30000step
[iter 10000]loss: 3.2724, tokens/sec: 29336.05 ± 455.15, tokens seen: 1310720000, grad norm: 0.5203
[iter 10010]loss: 3.1473, tokens/sec: 29336.08 ± 454.92, tokens seen: 1312030720, grad norm: 0.5106
[iter 10020]loss: 3.2143, tokens/sec: 29336.11 ± 454.69, tokens seen: 1313341440, grad norm: 0.5413
[iter 10030]loss: 3.1285, tokens/sec: 29336.13 ± 454.47, tokens seen: 1314652160, grad norm: 0.6578
[iter 10040]loss: 3.1625, tokens/sec: 29336.16 ± 454.24, tokens seen: 1315962880, grad norm: 0.8238
[iter 10050]loss: 3.5835, tokens/sec: 29336.18 ± 454.02, tokens seen: 1317273600, grad norm: 0.5995
[iter 10060]loss: 3.3864, tokens/sec: 29336.20 ± 453.79, tokens seen: 1318584320, grad norm: 0.4282
[iter 10070]loss: 3.4986, tokens/sec: 29336.23 ± 453.57, tokens seen: 1319895040, grad norm: 0.7494
[iter 10080]loss: 3.2204, tokens/sec: 29336.26 ± 453.34, tokens seen: 1321205760, grad norm: 0.4382
[iter 10090]loss: 3.2301, tokens/sec: 29336.29 ± 453.12, tokens seen: 1322516480, grad norm: 0.4524
[iter 10100]loss: 3.3727, tokens/sec: 29336.31 ± 452.90, tokens seen: 1323827200, grad norm: 0.5861
[iter 10110]loss: 3.3097, tokens/sec: 29336.34 ± 452.67, tokens seen: 1325137920, grad norm: 0.6610
[iter 10120]loss: 2.8156, tokens/sec: 29336.36 ± 452.45, tokens seen: 1326448640, grad norm: 0.4755
[iter 10130]loss: 3.2818, tokens/sec: 29335.86 ± 455.35, tokens seen: 1327759360, grad norm: 0.4481
[iter 10140]loss: 3.5343, tokens/sec: 29335.87 ± 455.12, tokens seen: 1329070080, grad norm: 0.5096
[iter 10150]loss: 3.1443, tokens/sec: 29335.89 ± 454.90, tokens seen: 1330380800, grad norm: 0.4824
[iter 10160]loss: 2.9567, tokens/sec: 29335.92 ± 454.68, tokens seen: 1331691520, grad norm: 0.8516
[iter 10170]loss: 3.2413, tokens/sec: 29335.94 ± 454.45, tokens seen: 1333002240, grad norm: 0.4657
[iter 10180]loss: 3.2858, tokens/sec: 29335.96 ± 454.23, tokens seen: 1334312960, grad norm: 0.5123
[iter 10190]loss: 2.9559, tokens/sec: 29335.99 ± 454.01, tokens seen: 1335623680, grad norm: 0.4719
[iter 10200]loss: 3.1806, tokens/sec: 29336.01 ± 453.79, tokens seen: 1336934400, grad norm: 0.5518
[iter 10210]loss: 3.0486, tokens/sec: 29336.03 ± 453.57, tokens seen: 1338245120, grad norm: 0.5041
[iter 10220]loss: 3.2430, tokens/sec: 29336.06 ± 453.34, tokens seen: 1339555840, grad norm: 0.4494
[iter 10230]loss: 3.0411, tokens/sec: 29336.08 ± 453.12, tokens seen: 1340866560, grad norm: 0.4629
[iter 10240]loss: 3.1759, tokens/sec: 29336.11 ± 452.90, tokens seen: 1342177280, grad norm: 0.5111
[iter 10250]loss: 3.0618, tokens/sec: 29336.13 ± 452.68, tokens seen: 1343488000, grad norm: 0.5287
[iter 10260]loss: 3.2458, tokens/sec: 29336.15 ± 452.46, tokens seen: 1344798720, grad norm: 0.5681
[iter 10270]loss: 3.0393, tokens/sec: 29336.18 ± 452.24, tokens seen: 1346109440, grad norm: 0.4803
[iter 10280]loss: 3.2207, tokens/sec: 29336.20 ± 452.02, tokens seen: 1347420160, grad norm: 0.4586
[iter 10290]loss: 3.1696, tokens/sec: 29336.23 ± 451.80, tokens seen: 1348730880, grad norm: 0.4930
[iter 10300]loss: 3.1080, tokens/sec: 29336.25 ± 451.59, tokens seen: 1350041600, grad norm: 0.4418
[iter 10310]loss: 3.4424, tokens/sec: 29336.27 ± 451.37, tokens seen: 1351352320, grad norm: 0.4845
[iter 10320]loss: 3.2443, tokens/sec: 29336.30 ± 451.15, tokens seen: 1352663040, grad norm: 0.5347
[iter 10330]loss: 3.3120, tokens/sec: 29336.33 ± 450.93, tokens seen: 1353973760, grad norm: 0.4469
[iter 10340]loss: 3.3152, tokens/sec: 29336.35 ± 450.71, tokens seen: 1355284480, grad norm: 0.4643
[iter 10350]loss: 3.2024, tokens/sec: 29336.38 ± 450.50, tokens seen: 1356595200, grad norm: 0.5307
[iter 10360]loss: 3.1536, tokens/sec: 29336.40 ± 450.28, tokens seen: 1357905920, grad norm: 0.4425
[iter 10370]loss: 3.4591, tokens/sec: 29335.97 ± 452.42, tokens seen: 1359216640, grad norm: 0.4590
[iter 10380]loss: 3.3371, tokens/sec: 29336.00 ± 452.21, tokens seen: 1360527360, grad norm: 0.5594
[iter 10390]loss: 3.3602, tokens/sec: 29336.03 ± 451.99, tokens seen: 1361838080, grad norm: 0.4681
[iter 10400]loss: 3.2798, tokens/sec: 29336.05 ± 451.77, tokens seen: 1363148800, grad norm: 0.4984
[iter 10410]loss: 3.0202, tokens/sec: 29336.07 ± 451.56, tokens seen: 1364459520, grad norm: 0.5586
[iter 10420]loss: 3.2534, tokens/sec: 29336.10 ± 451.34, tokens seen: 1365770240, grad norm: 0.5297
[iter 10430]loss: 3.1940, tokens/sec: 29336.13 ± 451.13, tokens seen: 1367080960, grad norm: 0.4679
[iter 10440]loss: 2.8627, tokens/sec: 29336.15 ± 450.91, tokens seen: 1368391680, grad norm: 0.4216
[iter 10450]loss: 3.2108, tokens/sec: 29336.18 ± 450.70, tokens seen: 1369702400, grad norm: 0.4532
[iter 10460]loss: 3.2204, tokens/sec: 29336.20 ± 450.48, tokens seen: 1371013120, grad norm: 0.4557
[iter 10470]loss: 3.2562, tokens/sec: 29336.23 ± 450.27, tokens seen: 1372323840, grad norm: 0.6093
[iter 10480]loss: 3.1691, tokens/sec: 29336.25 ± 450.05, tokens seen: 1373634560, grad norm: 0.4615
[iter 10490]loss: 3.1252, tokens/sec: 29336.28 ± 449.84, tokens seen: 1374945280, grad norm: 0.4494
[step 10500]train loss: 3.1889, val loss: 3.1784, (avg train loss: 0.3995 ± 0.0167), (avg grad norm: 0.5023 ± 0.0651)
saving checkpoint to ./out-owt-large-mhc-group-lora-dense-midnorm-bs8-30000step
[iter 10500]loss: 3.1906, tokens/sec: 29336.31 ± 449.63, tokens seen: 1376256000, grad norm: 0.5398
[iter 10510]loss: 3.3172, tokens/sec: 29336.33 ± 449.41, tokens seen: 1377566720, grad norm: 0.4072
[iter 10520]loss: 3.1093, tokens/sec: 29336.36 ± 449.20, tokens seen: 1378877440, grad norm: 0.4744
[iter 10530]loss: 3.2148, tokens/sec: 29336.39 ± 448.99, tokens seen: 1380188160, grad norm: 0.4384
[iter 10540]loss: 3.0939, tokens/sec: 29336.41 ± 448.77, tokens seen: 1381498880, grad norm: 0.5019
[iter 10550]loss: 3.2162, tokens/sec: 29336.43 ± 448.56, tokens seen: 1382809600, grad norm: 0.4924
[iter 10560]loss: 3.1360, tokens/sec: 29336.46 ± 448.35, tokens seen: 1384120320, grad norm: 0.4713
[iter 10570]loss: 3.0919, tokens/sec: 29336.48 ± 448.14, tokens seen: 1385431040, grad norm: 0.7532
[iter 10580]loss: 3.0514, tokens/sec: 29336.51 ± 447.93, tokens seen: 1386741760, grad norm: 0.5725
[iter 10590]loss: 3.0733, tokens/sec: 29336.53 ± 447.72, tokens seen: 1388052480, grad norm: 0.4661
[iter 10600]loss: 3.2106, tokens/sec: 29336.56 ± 447.51, tokens seen: 1389363200, grad norm: 0.4358
[iter 10610]loss: 3.1536, tokens/sec: 29336.08 ± 450.24, tokens seen: 1390673920, grad norm: 0.4699
[iter 10620]loss: 3.2285, tokens/sec: 29336.10 ± 450.03, tokens seen: 1391984640, grad norm: 0.4479
[iter 10630]loss: 3.0570, tokens/sec: 29336.12 ± 449.82, tokens seen: 1393295360, grad norm: 0.5530
[iter 10640]loss: 3.2206, tokens/sec: 29336.15 ± 449.61, tokens seen: 1394606080, grad norm: 0.4732
[iter 10650]loss: 3.3398, tokens/sec: 29336.17 ± 449.40, tokens seen: 1395916800, grad norm: 0.4338
[iter 10660]loss: 3.2730, tokens/sec: 29336.19 ± 449.19, tokens seen: 1397227520, grad norm: 0.4720
[iter 10670]loss: 3.0312, tokens/sec: 29336.21 ± 448.98, tokens seen: 1398538240, grad norm: 0.4351
[iter 10680]loss: 3.2066, tokens/sec: 29336.24 ± 448.77, tokens seen: 1399848960, grad norm: 0.4645
[iter 10690]loss: 3.1500, tokens/sec: 29336.26 ± 448.56, tokens seen: 1401159680, grad norm: 0.5732
[iter 10700]loss: 2.9877, tokens/sec: 29336.29 ± 448.35, tokens seen: 1402470400, grad norm: 0.5711
[iter 10710]loss: 3.0393, tokens/sec: 29336.31 ± 448.14, tokens seen: 1403781120, grad norm: 0.4717
[iter 10720]loss: 3.2191, tokens/sec: 29336.34 ± 447.94, tokens seen: 1405091840, grad norm: 0.5276
[iter 10730]loss: 3.2455, tokens/sec: 29336.36 ± 447.73, tokens seen: 1406402560, grad norm: 0.5341
[iter 10740]loss: 3.1584, tokens/sec: 29336.38 ± 447.52, tokens seen: 1407713280, grad norm: 0.4848
[iter 10750]loss: 3.1170, tokens/sec: 29335.96 ± 449.68, tokens seen: 1409024000, grad norm: 0.5049
[iter 10760]loss: 3.1697, tokens/sec: 29335.98 ± 449.47, tokens seen: 1410334720, grad norm: 0.5415
[iter 10770]loss: 3.2757, tokens/sec: 29336.01 ± 449.26, tokens seen: 1411645440, grad norm: 0.6037
[iter 10780]loss: 2.9881, tokens/sec: 29336.03 ± 449.05, tokens seen: 1412956160, grad norm: 0.6017
[iter 10790]loss: 3.0626, tokens/sec: 29336.06 ± 448.85, tokens seen: 1414266880, grad norm: 0.4824
[iter 10800]loss: 3.1199, tokens/sec: 29336.08 ± 448.64, tokens seen: 1415577600, grad norm: 0.7342
[iter 10810]loss: 3.2577, tokens/sec: 29336.11 ± 448.43, tokens seen: 1416888320, grad norm: 0.5996
[iter 10820]loss: 3.1189, tokens/sec: 29336.13 ± 448.23, tokens seen: 1418199040, grad norm: 0.4990
[iter 10830]loss: 3.2141, tokens/sec: 29336.15 ± 448.02, tokens seen: 1419509760, grad norm: 0.4728
[iter 10840]loss: 3.2183, tokens/sec: 29336.18 ± 447.81, tokens seen: 1420820480, grad norm: 0.4537
[iter 10850]loss: 3.1447, tokens/sec: 29336.20 ± 447.61, tokens seen: 1422131200, grad norm: 0.4976
[iter 10860]loss: 3.3352, tokens/sec: 29336.22 ± 447.40, tokens seen: 1423441920, grad norm: 0.4677
[iter 10870]loss: 3.2570, tokens/sec: 29336.25 ± 447.20, tokens seen: 1424752640, grad norm: 0.5423
[iter 10880]loss: 3.1603, tokens/sec: 29336.27 ± 446.99, tokens seen: 1426063360, grad norm: 0.5903
[iter 10890]loss: 3.3408, tokens/sec: 29336.29 ± 446.79, tokens seen: 1427374080, grad norm: 0.4350
[iter 10900]loss: 3.1695, tokens/sec: 29336.31 ± 446.58, tokens seen: 1428684800, grad norm: 0.4606
[iter 10910]loss: 3.2765, tokens/sec: 29336.34 ± 446.38, tokens seen: 1429995520, grad norm: 0.4527
[iter 10920]loss: 3.1305, tokens/sec: 29336.36 ± 446.18, tokens seen: 1431306240, grad norm: 0.5535
[iter 10930]loss: 3.2811, tokens/sec: 29336.38 ± 445.97, tokens seen: 1432616960, grad norm: 0.5498
[iter 10940]loss: 3.2977, tokens/sec: 29336.41 ± 445.77, tokens seen: 1433927680, grad norm: 0.4678
[iter 10950]loss: 3.2203, tokens/sec: 29336.43 ± 445.57, tokens seen: 1435238400, grad norm: 0.4736
[iter 10960]loss: 3.1501, tokens/sec: 29336.46 ± 445.36, tokens seen: 1436549120, grad norm: 0.4674
[iter 10970]loss: 2.7476, tokens/sec: 29336.48 ± 445.16, tokens seen: 1437859840, grad norm: 0.4716
[iter 10980]loss: 3.4163, tokens/sec: 29336.50 ± 444.96, tokens seen: 1439170560, grad norm: 0.5456
[iter 10990]loss: 3.0807, tokens/sec: 29336.53 ± 444.76, tokens seen: 1440481280, grad norm: 0.4737
[step 11000]train loss: 3.1653, val loss: 3.1851, (avg train loss: 0.3964 ± 0.0156), (avg grad norm: 0.5030 ± 0.0675)
[iter 11000]loss: 3.1291, tokens/sec: 29336.54 ± 444.56, tokens seen: 1441792000, grad norm: 0.4532
[iter 11010]loss: 3.3783, tokens/sec: 29336.57 ± 444.36, tokens seen: 1443102720, grad norm: 0.4622
[iter 11020]loss: 3.2134, tokens/sec: 29336.59 ± 444.15, tokens seen: 1444413440, grad norm: 0.4706
[iter 11030]loss: 3.1543, tokens/sec: 29336.62 ± 443.95, tokens seen: 1445724160, grad norm: 0.4875
[iter 11040]loss: 3.2556, tokens/sec: 29336.64 ± 443.75, tokens seen: 1447034880, grad norm: 0.4493
[iter 11050]loss: 3.1326, tokens/sec: 29336.66 ± 443.55, tokens seen: 1448345600, grad norm: 0.4627
[iter 11060]loss: 3.0585, tokens/sec: 29336.68 ± 443.35, tokens seen: 1449656320, grad norm: 0.4425
[iter 11070]loss: 3.1269, tokens/sec: 29336.71 ± 443.15, tokens seen: 1450967040, grad norm: 0.4668
[iter 11080]loss: 3.4746, tokens/sec: 29336.73 ± 442.95, tokens seen: 1452277760, grad norm: 0.4875
[iter 11090]loss: 3.5751, tokens/sec: 29336.75 ± 442.76, tokens seen: 1453588480, grad norm: 0.5218
[iter 11100]loss: 3.2365, tokens/sec: 29336.29 ± 445.42, tokens seen: 1454899200, grad norm: 0.4713
[iter 11110]loss: 3.1089, tokens/sec: 29336.31 ± 445.22, tokens seen: 1456209920, grad norm: 0.6243
[iter 11120]loss: 3.0780, tokens/sec: 29336.34 ± 445.02, tokens seen: 1457520640, grad norm: 0.4995
[iter 11130]loss: 3.2033, tokens/sec: 29336.36 ± 444.82, tokens seen: 1458831360, grad norm: 0.7906
[iter 11140]loss: 3.2684, tokens/sec: 29335.96 ± 446.80, tokens seen: 1460142080, grad norm: 0.4400
[iter 11150]loss: 3.1797, tokens/sec: 29335.99 ± 446.60, tokens seen: 1461452800, grad norm: 0.4060
[iter 11160]loss: 3.0744, tokens/sec: 29336.01 ± 446.40, tokens seen: 1462763520, grad norm: 0.6503
[iter 11170]loss: 3.3086, tokens/sec: 29336.03 ± 446.20, tokens seen: 1464074240, grad norm: 0.5166
[iter 11180]loss: 3.0294, tokens/sec: 29336.06 ± 446.01, tokens seen: 1465384960, grad norm: 0.5191
[iter 11190]loss: 3.2856, tokens/sec: 29336.08 ± 445.81, tokens seen: 1466695680, grad norm: 0.5260
[iter 11200]loss: 3.1181, tokens/sec: 29336.11 ± 445.61, tokens seen: 1468006400, grad norm: 0.4915
[iter 11210]loss: 3.2554, tokens/sec: 29336.13 ± 445.41, tokens seen: 1469317120, grad norm: 0.5336
[iter 11220]loss: 3.1572, tokens/sec: 29336.15 ± 445.21, tokens seen: 1470627840, grad norm: 0.4616
[iter 11230]loss: 3.1432, tokens/sec: 29336.18 ± 445.02, tokens seen: 1471938560, grad norm: 0.4741
[iter 11240]loss: 3.1278, tokens/sec: 29336.20 ± 444.82, tokens seen: 1473249280, grad norm: 0.4800
[iter 11250]loss: 3.1337, tokens/sec: 29336.22 ± 444.62, tokens seen: 1474560000, grad norm: 0.5486
[iter 11260]loss: 2.9854, tokens/sec: 29336.25 ± 444.42, tokens seen: 1475870720, grad norm: 0.4945
[iter 11270]loss: 3.4893, tokens/sec: 29336.27 ± 444.23, tokens seen: 1477181440, grad norm: 0.7251
[iter 11280]loss: 3.1061, tokens/sec: 29336.29 ± 444.03, tokens seen: 1478492160, grad norm: 0.4713
[iter 11290]loss: 3.0238, tokens/sec: 29336.32 ± 443.84, tokens seen: 1479802880, grad norm: 0.4353
[iter 11300]loss: 3.1359, tokens/sec: 29336.34 ± 443.64, tokens seen: 1481113600, grad norm: 0.4598
[iter 11310]loss: 3.1058, tokens/sec: 29336.37 ± 443.44, tokens seen: 1482424320, grad norm: 0.5478
[iter 11320]loss: 3.1743, tokens/sec: 29336.39 ± 443.25, tokens seen: 1483735040, grad norm: 0.4294
[iter 11330]loss: 3.2373, tokens/sec: 29336.41 ± 443.05, tokens seen: 1485045760, grad norm: 0.5734
[iter 11340]loss: 3.3353, tokens/sec: 29336.43 ± 442.86, tokens seen: 1486356480, grad norm: 0.6791
[iter 11350]loss: 3.1870, tokens/sec: 29336.46 ± 442.67, tokens seen: 1487667200, grad norm: 0.6254
[iter 11360]loss: 3.1095, tokens/sec: 29336.48 ± 442.47, tokens seen: 1488977920, grad norm: 0.5838
[iter 11370]loss: 3.1230, tokens/sec: 29336.51 ± 442.28, tokens seen: 1490288640, grad norm: 0.4482
[iter 11380]loss: 2.7762, tokens/sec: 29336.53 ± 442.08, tokens seen: 1491599360, grad norm: 0.5458
[iter 11390]loss: 2.7575, tokens/sec: 29336.55 ± 441.89, tokens seen: 1492910080, grad norm: 0.5072
[iter 11400]loss: 3.1173, tokens/sec: 29336.57 ± 441.70, tokens seen: 1494220800, grad norm: 0.4976
[iter 11410]loss: 3.2489, tokens/sec: 29336.59 ± 441.50, tokens seen: 1495531520, grad norm: 0.4553
[iter 11420]loss: 3.1955, tokens/sec: 29336.61 ± 441.31, tokens seen: 1496842240, grad norm: 0.5355
[iter 11430]loss: 3.0401, tokens/sec: 29336.64 ± 441.12, tokens seen: 1498152960, grad norm: 0.4745
[iter 11440]loss: 2.9963, tokens/sec: 29336.66 ± 440.93, tokens seen: 1499463680, grad norm: 0.5763
[iter 11450]loss: 3.0748, tokens/sec: 29336.68 ± 440.74, tokens seen: 1500774400, grad norm: 0.4937
[iter 11460]loss: 3.2076, tokens/sec: 29336.70 ± 440.54, tokens seen: 1502085120, grad norm: 0.5244
[iter 11470]loss: 3.2640, tokens/sec: 29336.73 ± 440.35, tokens seen: 1503395840, grad norm: 0.8114
[iter 11480]loss: 3.1499, tokens/sec: 29336.75 ± 440.16, tokens seen: 1504706560, grad norm: 0.5343
[iter 11490]loss: 3.2374, tokens/sec: 29336.76 ± 439.97, tokens seen: 1506017280, grad norm: 0.4719
[step 11500]train loss: 3.1351, val loss: 3.1396, (avg train loss: 0.3922 ± 0.0191), (avg grad norm: 0.5198 ± 0.0771)
saving checkpoint to ./out-owt-large-mhc-group-lora-dense-midnorm-bs8-30000step
[iter 11500]loss: 3.0584, tokens/sec: 29336.79 ± 439.78, tokens seen: 1507328000, grad norm: 0.4690
[iter 11510]loss: 3.1441, tokens/sec: 29336.81 ± 439.59, tokens seen: 1508638720, grad norm: 2.6974
[iter 11520]loss: 3.3471, tokens/sec: 29336.43 ± 441.50, tokens seen: 1509949440, grad norm: 0.5142
[iter 11530]loss: 3.0731, tokens/sec: 29336.46 ± 441.31, tokens seen: 1511260160, grad norm: 0.4404
[iter 11540]loss: 3.0991, tokens/sec: 29336.47 ± 441.12, tokens seen: 1512570880, grad norm: 0.5153
[iter 11550]loss: 3.0733, tokens/sec: 29336.49 ± 440.93, tokens seen: 1513881600, grad norm: 0.4997
[iter 11560]loss: 3.1672, tokens/sec: 29336.51 ± 440.74, tokens seen: 1515192320, grad norm: 0.4248
[iter 11570]loss: 3.3419, tokens/sec: 29336.07 ± 443.41, tokens seen: 1516503040, grad norm: 0.4770
[iter 11580]loss: 3.2944, tokens/sec: 29335.49 ± 444.75, tokens seen: 1517813760, grad norm: 0.4471
[iter 11590]loss: 3.1602, tokens/sec: 29334.56 ± 448.65, tokens seen: 1519124480, grad norm: 0.4718
[iter 11600]loss: 3.4207, tokens/sec: 29334.58 ± 448.46, tokens seen: 1520435200, grad norm: 0.4811
[iter 11610]loss: 3.2075, tokens/sec: 29334.61 ± 448.27, tokens seen: 1521745920, grad norm: 0.4191
[iter 11620]loss: 3.1088, tokens/sec: 29334.64 ± 448.08, tokens seen: 1523056640, grad norm: 0.4734
[iter 11630]loss: 3.1206, tokens/sec: 29334.66 ± 447.88, tokens seen: 1524367360, grad norm: 0.4577
[iter 11640]loss: 3.1107, tokens/sec: 29334.69 ± 447.69, tokens seen: 1525678080, grad norm: 0.4823
[iter 11650]loss: 3.3370, tokens/sec: 29334.71 ± 447.50, tokens seen: 1526988800, grad norm: 0.5533
[iter 11660]loss: 3.3543, tokens/sec: 29334.74 ± 447.31, tokens seen: 1528299520, grad norm: 0.4900
[iter 11670]loss: 3.1763, tokens/sec: 29334.76 ± 447.12, tokens seen: 1529610240, grad norm: 0.5322
[iter 11680]loss: 3.0328, tokens/sec: 29334.78 ± 446.93, tokens seen: 1530920960, grad norm: 1.4000
[iter 11690]loss: 3.2174, tokens/sec: 29334.81 ± 446.74, tokens seen: 1532231680, grad norm: 0.4625
[iter 11700]loss: 2.9048, tokens/sec: 29334.83 ± 446.55, tokens seen: 1533542400, grad norm: 0.5022
[iter 11710]loss: 3.1310, tokens/sec: 29334.85 ± 446.36, tokens seen: 1534853120, grad norm: 0.5156
[iter 11720]loss: 2.9163, tokens/sec: 29334.88 ± 446.17, tokens seen: 1536163840, grad norm: 0.5582
[iter 11730]loss: 3.0196, tokens/sec: 29334.91 ± 445.98, tokens seen: 1537474560, grad norm: 0.5069
[iter 11740]loss: 3.1252, tokens/sec: 29334.93 ± 445.79, tokens seen: 1538785280, grad norm: 0.8020
[iter 11750]loss: 2.8545, tokens/sec: 29334.95 ± 445.60, tokens seen: 1540096000, grad norm: 0.4824
[iter 11760]loss: 3.5299, tokens/sec: 29334.98 ± 445.41, tokens seen: 1541406720, grad norm: 0.5030
[iter 11770]loss: 3.1385, tokens/sec: 29335.00 ± 445.22, tokens seen: 1542717440, grad norm: 0.7176
[iter 11780]loss: 3.0771, tokens/sec: 29335.02 ± 445.04, tokens seen: 1544028160, grad norm: 0.4569
[iter 11790]loss: 3.2953, tokens/sec: 29335.05 ± 444.85, tokens seen: 1545338880, grad norm: 0.5220
[iter 11800]loss: 3.0913, tokens/sec: 29335.07 ± 444.66, tokens seen: 1546649600, grad norm: 0.5170
[iter 11810]loss: 3.0733, tokens/sec: 29335.09 ± 444.47, tokens seen: 1547960320, grad norm: 0.4535
[iter 11820]loss: 3.0403, tokens/sec: 29335.12 ± 444.28, tokens seen: 1549271040, grad norm: 0.4661
[iter 11830]loss: 3.2505, tokens/sec: 29335.14 ± 444.10, tokens seen: 1550581760, grad norm: 0.5135
[iter 11840]loss: 3.1925, tokens/sec: 29335.17 ± 443.91, tokens seen: 1551892480, grad norm: 0.5888
[iter 11850]loss: 2.9661, tokens/sec: 29335.19 ± 443.72, tokens seen: 1553203200, grad norm: 0.4566
[iter 11860]loss: 3.2787, tokens/sec: 29335.22 ± 443.54, tokens seen: 1554513920, grad norm: 0.4499
[iter 11870]loss: 3.0418, tokens/sec: 29335.24 ± 443.35, tokens seen: 1555824640, grad norm: 0.5200
[iter 11880]loss: 2.9995, tokens/sec: 29334.69 ± 444.90, tokens seen: 1557135360, grad norm: 0.5190
[iter 11890]loss: 3.4293, tokens/sec: 29334.71 ± 444.71, tokens seen: 1558446080, grad norm: 0.4705
[iter 11900]loss: 3.2556, tokens/sec: 29334.34 ± 446.55, tokens seen: 1559756800, grad norm: 0.4529
[iter 11910]loss: 3.0902, tokens/sec: 29334.36 ± 446.37, tokens seen: 1561067520, grad norm: 0.4975
[iter 11920]loss: 3.1191, tokens/sec: 29334.39 ± 446.18, tokens seen: 1562378240, grad norm: 0.6725
[iter 11930]loss: 3.2041, tokens/sec: 29334.41 ± 445.99, tokens seen: 1563688960, grad norm: 0.4561
[iter 11940]loss: 3.3654, tokens/sec: 29334.43 ± 445.81, tokens seen: 1564999680, grad norm: 0.4461
[iter 11950]loss: 2.8793, tokens/sec: 29334.46 ± 445.62, tokens seen: 1566310400, grad norm: 0.4879
[iter 11960]loss: 3.2172, tokens/sec: 29334.48 ± 445.44, tokens seen: 1567621120, grad norm: 0.4604
[iter 11970]loss: 3.1090, tokens/sec: 29334.50 ± 445.25, tokens seen: 1568931840, grad norm: 0.4742
[iter 11980]loss: 2.9565, tokens/sec: 29334.53 ± 445.07, tokens seen: 1570242560, grad norm: 0.4928
[iter 11990]loss: 3.0105, tokens/sec: 29334.55 ± 444.88, tokens seen: 1571553280, grad norm: 0.4617
[step 12000]train loss: 3.1417, val loss: 3.1560, (avg train loss: 0.3922 ± 0.0178), (avg grad norm: 0.4992 ± 0.0557)
[iter 12000]loss: 3.1846, tokens/sec: 29334.56 ± 444.70, tokens seen: 1572864000, grad norm: 0.4185
[iter 12010]loss: 3.0046, tokens/sec: 29334.58 ± 444.52, tokens seen: 1574174720, grad norm: 0.4804
[iter 12020]loss: 3.2129, tokens/sec: 29334.60 ± 444.33, tokens seen: 1575485440, grad norm: 0.6427
[iter 12030]loss: 3.1477, tokens/sec: 29334.63 ± 444.15, tokens seen: 1576796160, grad norm: 0.4555
[iter 12040]loss: 3.2324, tokens/sec: 29334.65 ± 443.97, tokens seen: 1578106880, grad norm: 0.5574
[iter 12050]loss: 2.9307, tokens/sec: 29334.23 ± 446.39, tokens seen: 1579417600, grad norm: 0.4416
[iter 12060]loss: 2.9590, tokens/sec: 29334.25 ± 446.20, tokens seen: 1580728320, grad norm: 0.5075
[iter 12070]loss: 3.2580, tokens/sec: 29334.27 ± 446.02, tokens seen: 1582039040, grad norm: 0.4116
[iter 12080]loss: 3.1740, tokens/sec: 29334.30 ± 445.84, tokens seen: 1583349760, grad norm: 0.4852
[iter 12090]loss: 3.2750, tokens/sec: 29334.32 ± 445.65, tokens seen: 1584660480, grad norm: 0.4773
[iter 12100]loss: 3.0271, tokens/sec: 29334.35 ± 445.47, tokens seen: 1585971200, grad norm: 0.4786
[iter 12110]loss: 3.1907, tokens/sec: 29334.37 ± 445.29, tokens seen: 1587281920, grad norm: 0.4614
[iter 12120]loss: 3.0759, tokens/sec: 29334.39 ± 445.10, tokens seen: 1588592640, grad norm: 0.5392
[iter 12130]loss: 3.2251, tokens/sec: 29334.41 ± 444.92, tokens seen: 1589903360, grad norm: 0.5906
[iter 12140]loss: 3.2511, tokens/sec: 29334.43 ± 444.74, tokens seen: 1591214080, grad norm: 0.4476
[iter 12150]loss: 3.1340, tokens/sec: 29334.45 ± 444.56, tokens seen: 1592524800, grad norm: 0.4392
[iter 12160]loss: 3.2455, tokens/sec: 29334.47 ± 444.37, tokens seen: 1593835520, grad norm: 0.4309
[iter 12170]loss: 3.0591, tokens/sec: 29334.50 ± 444.19, tokens seen: 1595146240, grad norm: 0.4447
[iter 12180]loss: 3.0333, tokens/sec: 29334.52 ± 444.01, tokens seen: 1596456960, grad norm: 0.5607
[iter 12190]loss: 3.3976, tokens/sec: 29334.54 ± 443.83, tokens seen: 1597767680, grad norm: 0.6487
[iter 12200]loss: 2.9915, tokens/sec: 29334.57 ± 443.65, tokens seen: 1599078400, grad norm: 0.5385
[iter 12210]loss: 3.1205, tokens/sec: 29334.59 ± 443.47, tokens seen: 1600389120, grad norm: 0.4831
[iter 12220]loss: 3.2376, tokens/sec: 29334.61 ± 443.29, tokens seen: 1601699840, grad norm: 0.5000
[iter 12230]loss: 3.1262, tokens/sec: 29334.63 ± 443.11, tokens seen: 1603010560, grad norm: 0.5102
[iter 12240]loss: 3.0296, tokens/sec: 29334.65 ± 442.92, tokens seen: 1604321280, grad norm: 0.5561
[iter 12250]loss: 3.2660, tokens/sec: 29334.67 ± 442.74, tokens seen: 1605632000, grad norm: 0.9383
[iter 12260]loss: 3.0144, tokens/sec: 29334.69 ± 442.56, tokens seen: 1606942720, grad norm: 0.6964
[iter 12270]loss: 3.0921, tokens/sec: 29334.72 ± 442.38, tokens seen: 1608253440, grad norm: 0.8213
[iter 12280]loss: 3.1479, tokens/sec: 29334.74 ± 442.21, tokens seen: 1609564160, grad norm: 0.5224
[iter 12290]loss: 3.0750, tokens/sec: 29334.37 ± 444.14, tokens seen: 1610874880, grad norm: 0.6029
[iter 12300]loss: 3.0817, tokens/sec: 29334.39 ± 443.96, tokens seen: 1612185600, grad norm: 0.4882
[iter 12310]loss: 3.0057, tokens/sec: 29334.41 ± 443.78, tokens seen: 1613496320, grad norm: 0.5627
[iter 12320]loss: 3.1293, tokens/sec: 29334.43 ± 443.61, tokens seen: 1614807040, grad norm: 0.5032
[iter 12330]loss: 3.2684, tokens/sec: 29334.46 ± 443.43, tokens seen: 1616117760, grad norm: 0.7429
[iter 12340]loss: 3.2567, tokens/sec: 29334.48 ± 443.25, tokens seen: 1617428480, grad norm: 0.4822
[iter 12350]loss: 3.2100, tokens/sec: 29334.50 ± 443.07, tokens seen: 1618739200, grad norm: 0.5855
[iter 12360]loss: 3.1133, tokens/sec: 29334.52 ± 442.89, tokens seen: 1620049920, grad norm: 2.0306
[iter 12370]loss: 3.2105, tokens/sec: 29334.54 ± 442.71, tokens seen: 1621360640, grad norm: 0.5333
[iter 12380]loss: 3.2458, tokens/sec: 29334.56 ± 442.53, tokens seen: 1622671360, grad norm: 0.5359
[iter 12390]loss: 3.2577, tokens/sec: 29334.59 ± 442.36, tokens seen: 1623982080, grad norm: 0.5482
[iter 12400]loss: 3.1588, tokens/sec: 29334.60 ± 442.18, tokens seen: 1625292800, grad norm: 0.6047
[iter 12410]loss: 3.1107, tokens/sec: 29334.63 ± 442.00, tokens seen: 1626603520, grad norm: 0.4594
[iter 12420]loss: 2.8178, tokens/sec: 29334.65 ± 441.82, tokens seen: 1627914240, grad norm: 0.6036
[iter 12430]loss: 3.1383, tokens/sec: 29334.67 ± 441.65, tokens seen: 1629224960, grad norm: 0.5031
[iter 12440]loss: 3.0547, tokens/sec: 29334.70 ± 441.47, tokens seen: 1630535680, grad norm: 0.5209
[iter 12450]loss: 3.4966, tokens/sec: 29334.72 ± 441.29, tokens seen: 1631846400, grad norm: 0.5167
[iter 12460]loss: 3.0804, tokens/sec: 29334.74 ± 441.12, tokens seen: 1633157120, grad norm: 0.4764
[iter 12470]loss: 3.0828, tokens/sec: 29334.76 ± 440.94, tokens seen: 1634467840, grad norm: 0.4980
[iter 12480]loss: 3.0427, tokens/sec: 29334.78 ± 440.76, tokens seen: 1635778560, grad norm: 0.6695
[iter 12490]loss: 3.0143, tokens/sec: 29334.77 ± 440.60, tokens seen: 1637089280, grad norm: 0.5208
[step 12500]train loss: 3.1102, val loss: 3.1385, (avg train loss: 0.3917 ± 0.0158), (avg grad norm: 0.6309 ± 0.2796)
saving checkpoint to ./out-owt-large-mhc-group-lora-dense-midnorm-bs8-30000step
[iter 12500]loss: 2.9735, tokens/sec: 29334.77 ± 440.43, tokens seen: 1638400000, grad norm: 0.4753
[iter 12510]loss: 2.9543, tokens/sec: 29334.79 ± 440.26, tokens seen: 1639710720, grad norm: 0.5266
[iter 12520]loss: 3.1670, tokens/sec: 29334.82 ± 440.08, tokens seen: 1641021440, grad norm: 0.4969
[iter 12530]loss: 3.1684, tokens/sec: 29334.84 ± 439.91, tokens seen: 1642332160, grad norm: 0.4681
[iter 12540]loss: 3.1656, tokens/sec: 29334.43 ± 442.34, tokens seen: 1643642880, grad norm: 0.7985
[iter 12550]loss: 3.1176, tokens/sec: 29334.45 ± 442.16, tokens seen: 1644953600, grad norm: 0.6312
[iter 12560]loss: 3.0305, tokens/sec: 29334.46 ± 441.99, tokens seen: 1646264320, grad norm: 0.5724
[iter 12570]loss: 3.3120, tokens/sec: 29334.49 ± 441.81, tokens seen: 1647575040, grad norm: 0.9405
[iter 12580]loss: 3.2089, tokens/sec: 29334.49 ± 441.64, tokens seen: 1648885760, grad norm: 0.9744
[iter 12590]loss: 3.0430, tokens/sec: 29334.51 ± 441.46, tokens seen: 1650196480, grad norm: 0.6016
[iter 12600]loss: 3.2311, tokens/sec: 29334.53 ± 441.29, tokens seen: 1651507200, grad norm: 0.4782
[iter 12610]loss: 3.1127, tokens/sec: 29334.55 ± 441.11, tokens seen: 1652817920, grad norm: 0.4648
[iter 12620]loss: 3.1154, tokens/sec: 29334.57 ± 440.94, tokens seen: 1654128640, grad norm: 0.4878
[iter 12630]loss: 2.8915, tokens/sec: 29334.60 ± 440.77, tokens seen: 1655439360, grad norm: 0.5691
[iter 12640]loss: 3.1941, tokens/sec: 29334.62 ± 440.59, tokens seen: 1656750080, grad norm: 0.5880
[iter 12650]loss: 3.0604, tokens/sec: 29334.65 ± 440.42, tokens seen: 1658060800, grad norm: 0.7759
[iter 12660]loss: 3.2340, tokens/sec: 29334.67 ± 440.25, tokens seen: 1659371520, grad norm: 0.6266
[iter 12670]loss: 2.8885, tokens/sec: 29334.33 ± 442.01, tokens seen: 1660682240, grad norm: 0.4740
[iter 12680]loss: 3.2502, tokens/sec: 29334.35 ± 441.84, tokens seen: 1661992960, grad norm: 0.5532
[iter 12690]loss: 3.2334, tokens/sec: 29334.37 ± 441.66, tokens seen: 1663303680, grad norm: 1.2030
[iter 12700]loss: 3.1079, tokens/sec: 29334.40 ± 441.49, tokens seen: 1664614400, grad norm: 0.5437
[iter 12710]loss: 3.2614, tokens/sec: 29334.42 ± 441.32, tokens seen: 1665925120, grad norm: 0.5684
[iter 12720]loss: 3.4713, tokens/sec: 29334.44 ± 441.15, tokens seen: 1667235840, grad norm: 0.8519
[iter 12730]loss: 3.2375, tokens/sec: 29334.46 ± 440.97, tokens seen: 1668546560, grad norm: 0.6903
[iter 12740]loss: 3.0764, tokens/sec: 29334.49 ± 440.80, tokens seen: 1669857280, grad norm: 0.4825
[iter 12750]loss: 2.8538, tokens/sec: 29334.51 ± 440.63, tokens seen: 1671168000, grad norm: 0.5555
[iter 12760]loss: 3.1113, tokens/sec: 29334.53 ± 440.46, tokens seen: 1672478720, grad norm: 0.5328
[iter 12770]loss: 2.9279, tokens/sec: 29334.56 ± 440.28, tokens seen: 1673789440, grad norm: 0.5397
[iter 12780]loss: 3.1746, tokens/sec: 29334.58 ± 440.11, tokens seen: 1675100160, grad norm: 0.5086
[iter 12790]loss: 2.9737, tokens/sec: 29334.60 ± 439.94, tokens seen: 1676410880, grad norm: 0.5899
[iter 12800]loss: 2.9907, tokens/sec: 29334.62 ± 439.77, tokens seen: 1677721600, grad norm: 0.5616
[iter 12810]loss: 3.2974, tokens/sec: 29334.64 ± 439.60, tokens seen: 1679032320, grad norm: 0.4710
[iter 12820]loss: 3.1175, tokens/sec: 29334.66 ± 439.43, tokens seen: 1680343040, grad norm: 0.4680
[iter 12830]loss: 3.1481, tokens/sec: 29334.68 ± 439.26, tokens seen: 1681653760, grad norm: 0.4843
[iter 12840]loss: 2.8531, tokens/sec: 29334.70 ± 439.09, tokens seen: 1682964480, grad norm: 0.4657
[iter 12850]loss: 3.0934, tokens/sec: 29334.72 ± 438.92, tokens seen: 1684275200, grad norm: 0.4662
[iter 12860]loss: 3.1059, tokens/sec: 29334.74 ± 438.75, tokens seen: 1685585920, grad norm: 0.5032
[iter 12870]loss: 3.0781, tokens/sec: 29334.77 ± 438.58, tokens seen: 1686896640, grad norm: 0.8029
[iter 12880]loss: 2.9528, tokens/sec: 29334.79 ± 438.41, tokens seen: 1688207360, grad norm: 0.5451
[iter 12890]loss: 3.0308, tokens/sec: 29334.81 ± 438.24, tokens seen: 1689518080, grad norm: 0.5395
[iter 12900]loss: 2.5842, tokens/sec: 29334.83 ± 438.07, tokens seen: 1690828800, grad norm: 0.4949
[iter 12910]loss: 2.9143, tokens/sec: 29334.85 ± 437.90, tokens seen: 1692139520, grad norm: 0.4624
[iter 12920]loss: 3.1119, tokens/sec: 29334.87 ± 437.73, tokens seen: 1693450240, grad norm: 0.5354
[iter 12930]loss: 3.1564, tokens/sec: 29334.89 ± 437.56, tokens seen: 1694760960, grad norm: 0.5747
[iter 12940]loss: 3.1006, tokens/sec: 29334.91 ± 437.39, tokens seen: 1696071680, grad norm: 0.5342
[iter 12950]loss: 3.0154, tokens/sec: 29334.93 ± 437.23, tokens seen: 1697382400, grad norm: 0.5825
[iter 12960]loss: 3.0025, tokens/sec: 29334.95 ± 437.06, tokens seen: 1698693120, grad norm: 0.4575
[iter 12970]loss: 3.3284, tokens/sec: 29334.97 ± 436.89, tokens seen: 1700003840, grad norm: 0.5055
[iter 12980]loss: 2.6884, tokens/sec: 29334.99 ± 436.72, tokens seen: 1701314560, grad norm: 0.7632
[iter 12990]loss: 3.0478, tokens/sec: 29335.01 ± 436.56, tokens seen: 1702625280, grad norm: 0.6730
[step 13000]train loss: 3.1043, val loss: 3.1060, (avg train loss: 0.3855 ± 0.0175), (avg grad norm: 0.5472 ± 0.1471)
saving checkpoint to ./out-owt-large-mhc-group-lora-dense-midnorm-bs8-30000step
[iter 13000]loss: 2.9515, tokens/sec: 29335.03 ± 436.39, tokens seen: 1703936000, grad norm: 0.5341
[iter 13010]loss: 3.1005, tokens/sec: 29334.64 ± 438.80, tokens seen: 1705246720, grad norm: 0.5168
[iter 13020]loss: 3.1847, tokens/sec: 29334.66 ± 438.64, tokens seen: 1706557440, grad norm: 0.5949
[iter 13030]loss: 3.0416, tokens/sec: 29334.69 ± 438.47, tokens seen: 1707868160, grad norm: 0.5715
[iter 13040]loss: 3.0823, tokens/sec: 29334.71 ± 438.30, tokens seen: 1709178880, grad norm: 0.4947
[iter 13050]loss: 3.1443, tokens/sec: 29334.73 ± 438.13, tokens seen: 1710489600, grad norm: 0.5307
[iter 13060]loss: 3.2232, tokens/sec: 29334.38 ± 439.92, tokens seen: 1711800320, grad norm: 0.4750
[iter 13070]loss: 3.0550, tokens/sec: 29334.40 ± 439.75, tokens seen: 1713111040, grad norm: 0.5137
[iter 13080]loss: 3.1675, tokens/sec: 29334.42 ± 439.58, tokens seen: 1714421760, grad norm: 0.4740
[iter 13090]loss: 2.9059, tokens/sec: 29334.44 ± 439.42, tokens seen: 1715732480, grad norm: 0.5448
[iter 13100]loss: 3.2869, tokens/sec: 29334.46 ± 439.25, tokens seen: 1717043200, grad norm: 0.6653
[iter 13110]loss: 3.1772, tokens/sec: 29334.48 ± 439.08, tokens seen: 1718353920, grad norm: 0.5276
[iter 13120]loss: 3.2456, tokens/sec: 29334.51 ± 438.91, tokens seen: 1719664640, grad norm: 0.4863
[iter 13130]loss: 3.1569, tokens/sec: 29334.53 ± 438.75, tokens seen: 1720975360, grad norm: 0.6186
[iter 13140]loss: 3.1665, tokens/sec: 29334.55 ± 438.58, tokens seen: 1722286080, grad norm: 0.4900
[iter 13150]loss: 3.2905, tokens/sec: 29334.57 ± 438.42, tokens seen: 1723596800, grad norm: 0.5118
[iter 13160]loss: 3.0486, tokens/sec: 29334.59 ± 438.25, tokens seen: 1724907520, grad norm: 0.4912
[iter 13170]loss: 3.0351, tokens/sec: 29334.61 ± 438.08, tokens seen: 1726218240, grad norm: 0.5350
[iter 13180]loss: 3.0002, tokens/sec: 29334.63 ± 437.92, tokens seen: 1727528960, grad norm: 0.6244
[iter 13190]loss: 2.9976, tokens/sec: 29334.66 ± 437.75, tokens seen: 1728839680, grad norm: 0.5067
[iter 13200]loss: 3.3954, tokens/sec: 29334.68 ± 437.59, tokens seen: 1730150400, grad norm: 0.5159
[iter 13210]loss: 3.2083, tokens/sec: 29334.70 ± 437.42, tokens seen: 1731461120, grad norm: 0.5494
[iter 13220]loss: 2.8791, tokens/sec: 29334.72 ± 437.26, tokens seen: 1732771840, grad norm: 0.4616
[iter 13230]loss: 3.0896, tokens/sec: 29334.74 ± 437.09, tokens seen: 1734082560, grad norm: 0.4692
[iter 13240]loss: 3.2057, tokens/sec: 29334.76 ± 436.93, tokens seen: 1735393280, grad norm: 0.5675
[iter 13250]loss: 3.2433, tokens/sec: 29334.78 ± 436.77, tokens seen: 1736704000, grad norm: 0.6100
[iter 13260]loss: 3.0825, tokens/sec: 29334.80 ± 436.60, tokens seen: 1738014720, grad norm: 0.4676
[iter 13270]loss: 3.1262, tokens/sec: 29334.82 ± 436.44, tokens seen: 1739325440, grad norm: 0.4703
[iter 13280]loss: 2.8525, tokens/sec: 29334.84 ± 436.27, tokens seen: 1740636160, grad norm: 0.5621
[iter 13290]loss: 3.0459, tokens/sec: 29334.87 ± 436.11, tokens seen: 1741946880, grad norm: 0.4772
[iter 13300]loss: 3.0930, tokens/sec: 29334.89 ± 435.95, tokens seen: 1743257600, grad norm: 0.5518
[iter 13310]loss: 3.0548, tokens/sec: 29334.91 ± 435.78, tokens seen: 1744568320, grad norm: 0.5071
[iter 13320]loss: 2.9269, tokens/sec: 29334.93 ± 435.62, tokens seen: 1745879040, grad norm: 0.6832
[iter 13330]loss: 3.1471, tokens/sec: 29334.95 ± 435.46, tokens seen: 1747189760, grad norm: 0.5610
[iter 13340]loss: 3.2124, tokens/sec: 29334.97 ± 435.30, tokens seen: 1748500480, grad norm: 0.5982
[iter 13350]loss: 3.0865, tokens/sec: 29334.99 ± 435.13, tokens seen: 1749811200, grad norm: 0.8217
[iter 13360]loss: 3.1899, tokens/sec: 29335.01 ± 434.97, tokens seen: 1751121920, grad norm: 0.5882
[iter 13370]loss: 3.1652, tokens/sec: 29335.03 ± 434.81, tokens seen: 1752432640, grad norm: 0.4692
[iter 13380]loss: 3.2705, tokens/sec: 29335.05 ± 434.65, tokens seen: 1753743360, grad norm: 0.4632
[iter 13390]loss: 3.3802, tokens/sec: 29335.07 ± 434.49, tokens seen: 1755054080, grad norm: 0.5019
[iter 13400]loss: 3.0532, tokens/sec: 29335.09 ± 434.32, tokens seen: 1756364800, grad norm: 0.5317
[iter 13410]loss: 2.9770, tokens/sec: 29335.11 ± 434.16, tokens seen: 1757675520, grad norm: 0.4600
[iter 13420]loss: 3.0195, tokens/sec: 29335.13 ± 434.00, tokens seen: 1758986240, grad norm: 0.4585
[iter 13430]loss: 3.0674, tokens/sec: 29335.15 ± 433.84, tokens seen: 1760296960, grad norm: 0.4724
[iter 13440]loss: 3.0783, tokens/sec: 29334.85 ± 435.22, tokens seen: 1761607680, grad norm: 0.5278
[iter 13450]loss: 2.9157, tokens/sec: 29334.87 ± 435.06, tokens seen: 1762918400, grad norm: 0.4915
[iter 13460]loss: 3.1026, tokens/sec: 29334.89 ± 434.90, tokens seen: 1764229120, grad norm: 0.5733
[iter 13470]loss: 3.2861, tokens/sec: 29334.91 ± 434.74, tokens seen: 1765539840, grad norm: 0.4426
[iter 13480]loss: 3.1979, tokens/sec: 29334.94 ± 434.58, tokens seen: 1766850560, grad norm: 0.5494
[iter 13490]loss: 3.0356, tokens/sec: 29334.96 ± 434.42, tokens seen: 1768161280, grad norm: 0.6395
[step 13500]train loss: 3.1010, val loss: 3.1060, (avg train loss: 0.3878 ± 0.0187), (avg grad norm: 0.5420 ± 0.0882)
[iter 13500]loss: 2.9694, tokens/sec: 29334.58 ± 436.64, tokens seen: 1769472000, grad norm: 0.4294
[iter 13510]loss: 3.0342, tokens/sec: 29334.61 ± 436.48, tokens seen: 1770782720, grad norm: 0.4973
[iter 13520]loss: 3.1553, tokens/sec: 29334.63 ± 436.32, tokens seen: 1772093440, grad norm: 0.6697
[iter 13530]loss: 3.0840, tokens/sec: 29334.65 ± 436.16, tokens seen: 1773404160, grad norm: 0.5404
[iter 13540]loss: 3.2526, tokens/sec: 29334.67 ± 435.99, tokens seen: 1774714880, grad norm: 0.5331
[iter 13550]loss: 2.8964, tokens/sec: 29334.69 ± 435.83, tokens seen: 1776025600, grad norm: 0.6745
[iter 13560]loss: 3.0843, tokens/sec: 29334.71 ± 435.67, tokens seen: 1777336320, grad norm: 0.5025
[iter 13570]loss: 3.1197, tokens/sec: 29334.74 ± 435.51, tokens seen: 1778647040, grad norm: 0.5790
[iter 13580]loss: 2.9939, tokens/sec: 29334.76 ± 435.36, tokens seen: 1779957760, grad norm: 0.4547
[iter 13590]loss: 3.2403, tokens/sec: 29334.78 ± 435.20, tokens seen: 1781268480, grad norm: 0.4425
[iter 13600]loss: 3.2798, tokens/sec: 29334.80 ± 435.04, tokens seen: 1782579200, grad norm: 0.5456
[iter 13610]loss: 2.8459, tokens/sec: 29334.82 ± 434.88, tokens seen: 1783889920, grad norm: 0.4827
[iter 13620]loss: 3.0574, tokens/sec: 29334.84 ± 434.72, tokens seen: 1785200640, grad norm: 0.4612
[iter 13630]loss: 3.0183, tokens/sec: 29334.86 ± 434.56, tokens seen: 1786511360, grad norm: 0.5007
[iter 13640]loss: 3.0791, tokens/sec: 29334.89 ± 434.40, tokens seen: 1787822080, grad norm: 0.5707
[iter 13650]loss: 2.9532, tokens/sec: 29334.91 ± 434.24, tokens seen: 1789132800, grad norm: 0.4714
[iter 13660]loss: 2.9746, tokens/sec: 29334.93 ± 434.08, tokens seen: 1790443520, grad norm: 0.5042
[iter 13670]loss: 3.0805, tokens/sec: 29334.95 ± 433.93, tokens seen: 1791754240, grad norm: 0.4747
[iter 13680]loss: 3.0742, tokens/sec: 29334.98 ± 433.77, tokens seen: 1793064960, grad norm: 0.5270
[iter 13690]loss: 3.0781, tokens/sec: 29335.00 ± 433.61, tokens seen: 1794375680, grad norm: 0.5355
[iter 13700]loss: 3.1466, tokens/sec: 29335.02 ± 433.45, tokens seen: 1795686400, grad norm: 0.5092
[iter 13710]loss: 3.2093, tokens/sec: 29335.04 ± 433.30, tokens seen: 1796997120, grad norm: 0.5635
[iter 13720]loss: 3.0699, tokens/sec: 29335.06 ± 433.14, tokens seen: 1798307840, grad norm: 0.4695
[iter 13730]loss: 3.0853, tokens/sec: 29335.08 ± 432.98, tokens seen: 1799618560, grad norm: 0.5295
[iter 13740]loss: 3.2257, tokens/sec: 29335.10 ± 432.83, tokens seen: 1800929280, grad norm: 0.4901
[iter 13750]loss: 3.0489, tokens/sec: 29335.12 ± 432.67, tokens seen: 1802240000, grad norm: 0.4939
[iter 13760]loss: 2.8894, tokens/sec: 29335.14 ± 432.51, tokens seen: 1803550720, grad norm: 0.4490
[iter 13770]loss: 3.1075, tokens/sec: 29335.16 ± 432.36, tokens seen: 1804861440, grad norm: 0.4342
[iter 13780]loss: 3.0797, tokens/sec: 29335.18 ± 432.20, tokens seen: 1806172160, grad norm: 0.4917
[iter 13790]loss: 3.4011, tokens/sec: 29335.20 ± 432.04, tokens seen: 1807482880, grad norm: 0.5314
[iter 13800]loss: 3.0175, tokens/sec: 29335.21 ± 431.89, tokens seen: 1808793600, grad norm: 0.4534
[iter 13810]loss: 3.0672, tokens/sec: 29335.23 ± 431.73, tokens seen: 1810104320, grad norm: 0.7912
[iter 13820]loss: 2.9753, tokens/sec: 29334.94 ± 433.03, tokens seen: 1811415040, grad norm: 0.4728
[iter 13830]loss: 3.1006, tokens/sec: 29334.96 ± 432.88, tokens seen: 1812725760, grad norm: 0.4343
[iter 13840]loss: 3.0055, tokens/sec: 29334.97 ± 432.72, tokens seen: 1814036480, grad norm: 0.6308
[iter 13850]loss: 3.1399, tokens/sec: 29334.99 ± 432.56, tokens seen: 1815347200, grad norm: 0.5201
[iter 13860]loss: 3.1943, tokens/sec: 29335.01 ± 432.41, tokens seen: 1816657920, grad norm: 0.4524
[iter 13870]loss: 2.9533, tokens/sec: 29335.02 ± 432.25, tokens seen: 1817968640, grad norm: 0.5076
[iter 13880]loss: 2.8583, tokens/sec: 29335.04 ± 432.10, tokens seen: 1819279360, grad norm: 0.4963
[iter 13890]loss: 3.0556, tokens/sec: 29335.06 ± 431.94, tokens seen: 1820590080, grad norm: 0.4598
[iter 13900]loss: 3.0750, tokens/sec: 29335.07 ± 431.79, tokens seen: 1821900800, grad norm: 0.5108
[iter 13910]loss: 3.0403, tokens/sec: 29335.09 ± 431.63, tokens seen: 1823211520, grad norm: 0.5697
[iter 13920]loss: 2.9862, tokens/sec: 29335.11 ± 431.48, tokens seen: 1824522240, grad norm: 0.5625
[iter 13930]loss: 3.1713, tokens/sec: 29335.11 ± 431.32, tokens seen: 1825832960, grad norm: 0.5109
[iter 13940]loss: 3.1537, tokens/sec: 29335.13 ± 431.17, tokens seen: 1827143680, grad norm: 0.4823
[iter 13950]loss: 3.1909, tokens/sec: 29335.15 ± 431.02, tokens seen: 1828454400, grad norm: 0.4509
[iter 13960]loss: 3.1319, tokens/sec: 29335.15 ± 430.86, tokens seen: 1829765120, grad norm: 0.4806
[iter 13970]loss: 3.1961, tokens/sec: 29335.16 ± 430.71, tokens seen: 1831075840, grad norm: 0.4974
[iter 13980]loss: 3.3157, tokens/sec: 29334.80 ± 432.85, tokens seen: 1832386560, grad norm: 0.4958
[iter 13990]loss: 3.0533, tokens/sec: 29334.81 ± 432.70, tokens seen: 1833697280, grad norm: 0.6620
[step 14000]train loss: 3.0904, val loss: 3.0955, (avg train loss: 0.3851 ± 0.0176), (avg grad norm: 0.5096 ± 0.0592)
saving checkpoint to ./out-owt-large-mhc-group-lora-dense-midnorm-bs8-30000step
[iter 14000]loss: 3.1754, tokens/sec: 29334.83 ± 432.55, tokens seen: 1835008000, grad norm: 0.4694
[iter 14010]loss: 2.9161, tokens/sec: 29334.85 ± 432.39, tokens seen: 1836318720, grad norm: 0.4467
[iter 14020]loss: 2.9816, tokens/sec: 29334.87 ± 432.24, tokens seen: 1837629440, grad norm: 0.4756
[iter 14030]loss: 3.2914, tokens/sec: 29334.89 ± 432.09, tokens seen: 1838940160, grad norm: 0.7280
[iter 14040]loss: 3.0135, tokens/sec: 29334.91 ± 431.93, tokens seen: 1840250880, grad norm: 0.4992
[iter 14050]loss: 3.1498, tokens/sec: 29334.93 ± 431.78, tokens seen: 1841561600, grad norm: 0.5031
[iter 14060]loss: 3.0686, tokens/sec: 29334.95 ± 431.63, tokens seen: 1842872320, grad norm: 0.4916
[iter 14070]loss: 3.2349, tokens/sec: 29334.97 ± 431.47, tokens seen: 1844183040, grad norm: 0.5242
[iter 14080]loss: 3.3313, tokens/sec: 29334.99 ± 431.32, tokens seen: 1845493760, grad norm: 0.4754
[iter 14090]loss: 3.1159, tokens/sec: 29335.01 ± 431.17, tokens seen: 1846804480, grad norm: 0.5160
[iter 14100]loss: 3.0466, tokens/sec: 29335.03 ± 431.02, tokens seen: 1848115200, grad norm: 0.4910
[iter 14110]loss: 2.5033, tokens/sec: 29335.05 ± 430.86, tokens seen: 1849425920, grad norm: 0.4987
[iter 14120]loss: 3.1596, tokens/sec: 29335.07 ± 430.71, tokens seen: 1850736640, grad norm: 0.5462
[iter 14130]loss: 2.9587, tokens/sec: 29335.09 ± 430.56, tokens seen: 1852047360, grad norm: 0.4673
[iter 14140]loss: 3.1027, tokens/sec: 29335.11 ± 430.41, tokens seen: 1853358080, grad norm: 0.4371
[iter 14150]loss: 3.0036, tokens/sec: 29335.13 ± 430.26, tokens seen: 1854668800, grad norm: 0.4740
[iter 14160]loss: 3.0330, tokens/sec: 29335.15 ± 430.11, tokens seen: 1855979520, grad norm: 0.4954
[iter 14170]loss: 2.7241, tokens/sec: 29335.17 ± 429.96, tokens seen: 1857290240, grad norm: 0.5516
[iter 14180]loss: 2.6740, tokens/sec: 29335.18 ± 429.80, tokens seen: 1858600960, grad norm: 0.5026
[iter 14190]loss: 3.2384, tokens/sec: 29335.20 ± 429.65, tokens seen: 1859911680, grad norm: 0.4883
[iter 14200]loss: 3.0244, tokens/sec: 29335.22 ± 429.50, tokens seen: 1861222400, grad norm: 0.4676
[iter 14210]loss: 2.7094, tokens/sec: 29334.94 ± 430.85, tokens seen: 1862533120, grad norm: 0.5150
[iter 14220]loss: 2.9905, tokens/sec: 29334.95 ± 430.70, tokens seen: 1863843840, grad norm: 0.4662
[iter 14230]loss: 2.9279, tokens/sec: 29334.97 ± 430.55, tokens seen: 1865154560, grad norm: 0.4699
[iter 14240]loss: 3.1408, tokens/sec: 29334.99 ± 430.40, tokens seen: 1866465280, grad norm: 0.4971
[iter 14250]loss: 3.3056, tokens/sec: 29335.01 ± 430.25, tokens seen: 1867776000, grad norm: 0.5370
[iter 14260]loss: 3.3061, tokens/sec: 29335.03 ± 430.10, tokens seen: 1869086720, grad norm: 0.4831
[iter 14270]loss: 3.2366, tokens/sec: 29335.05 ± 429.95, tokens seen: 1870397440, grad norm: 0.4780
[iter 14280]loss: 3.1658, tokens/sec: 29335.07 ± 429.80, tokens seen: 1871708160, grad norm: 0.4714
[iter 14290]loss: 3.1314, tokens/sec: 29335.09 ± 429.65, tokens seen: 1873018880, grad norm: 0.4875
[iter 14300]loss: 3.2335, tokens/sec: 29335.10 ± 429.50, tokens seen: 1874329600, grad norm: 0.4948
[iter 14310]loss: 3.0943, tokens/sec: 29335.12 ± 429.35, tokens seen: 1875640320, grad norm: 0.4868
[iter 14320]loss: 3.0933, tokens/sec: 29335.14 ± 429.20, tokens seen: 1876951040, grad norm: 0.4729
[iter 14330]loss: 3.1935, tokens/sec: 29335.16 ± 429.05, tokens seen: 1878261760, grad norm: 0.4498
[iter 14340]loss: 3.0112, tokens/sec: 29335.18 ± 428.90, tokens seen: 1879572480, grad norm: 0.4958
[iter 14350]loss: 2.9120, tokens/sec: 29335.20 ± 428.76, tokens seen: 1880883200, grad norm: 0.4673
[iter 14360]loss: 3.0288, tokens/sec: 29335.22 ± 428.61, tokens seen: 1882193920, grad norm: 0.5679
[iter 14370]loss: 2.9202, tokens/sec: 29335.24 ± 428.46, tokens seen: 1883504640, grad norm: 0.4655
[iter 14380]loss: 2.9533, tokens/sec: 29335.25 ± 428.31, tokens seen: 1884815360, grad norm: 0.5124
[iter 14390]loss: 3.0256, tokens/sec: 29335.27 ± 428.16, tokens seen: 1886126080, grad norm: 0.6543
[iter 14400]loss: 2.9493, tokens/sec: 29335.29 ± 428.01, tokens seen: 1887436800, grad norm: 0.4781
[iter 14410]loss: 2.9825, tokens/sec: 29335.31 ± 427.87, tokens seen: 1888747520, grad norm: 0.5010
[iter 14420]loss: 3.1119, tokens/sec: 29335.32 ± 427.72, tokens seen: 1890058240, grad norm: 0.4604
[iter 14430]loss: 2.9406, tokens/sec: 29335.34 ± 427.57, tokens seen: 1891368960, grad norm: 0.5579
[iter 14440]loss: 2.9486, tokens/sec: 29335.36 ± 427.42, tokens seen: 1892679680, grad norm: 0.4936
[iter 14450]loss: 3.1885, tokens/sec: 29335.38 ± 427.28, tokens seen: 1893990400, grad norm: 0.5328
[iter 14460]loss: 2.9857, tokens/sec: 29335.02 ± 429.50, tokens seen: 1895301120, grad norm: 0.5059
[iter 14470]loss: 3.0086, tokens/sec: 29335.03 ± 429.35, tokens seen: 1896611840, grad norm: 0.5859
[iter 14480]loss: 2.9848, tokens/sec: 29335.05 ± 429.20, tokens seen: 1897922560, grad norm: 0.6800
[iter 14490]loss: 3.0684, tokens/sec: 29335.06 ± 429.06, tokens seen: 1899233280, grad norm: 0.5703
[step 14500]train loss: 3.0537, val loss: 3.0804, (avg train loss: 0.3833 ± 0.0164), (avg grad norm: 0.5084 ± 0.0615)
saving checkpoint to ./out-owt-large-mhc-group-lora-dense-midnorm-bs8-30000step
[iter 14500]loss: 3.1004, tokens/sec: 29335.08 ± 428.91, tokens seen: 1900544000, grad norm: 0.5746
[iter 14510]loss: 3.1676, tokens/sec: 29335.10 ± 428.76, tokens seen: 1901854720, grad norm: 0.5806
[iter 14520]loss: 3.2301, tokens/sec: 29335.12 ± 428.62, tokens seen: 1903165440, grad norm: 0.4875
[iter 14530]loss: 3.1283, tokens/sec: 29335.14 ± 428.47, tokens seen: 1904476160, grad norm: 0.4790
[iter 14540]loss: 2.8762, tokens/sec: 29335.15 ± 428.32, tokens seen: 1905786880, grad norm: 0.6027
[iter 14550]loss: 3.0810, tokens/sec: 29335.17 ± 428.18, tokens seen: 1907097600, grad norm: 0.5635
[iter 14560]loss: 2.8516, tokens/sec: 29335.19 ± 428.03, tokens seen: 1908408320, grad norm: 0.4896
[iter 14570]loss: 3.0444, tokens/sec: 29335.21 ± 427.88, tokens seen: 1909719040, grad norm: 0.5657
[iter 14580]loss: 3.3451, tokens/sec: 29335.22 ± 427.74, tokens seen: 1911029760, grad norm: 0.5216
[iter 14590]loss: 2.9295, tokens/sec: 29334.94 ± 429.11, tokens seen: 1912340480, grad norm: 0.5131
[iter 14600]loss: 3.1073, tokens/sec: 29334.95 ± 428.97, tokens seen: 1913651200, grad norm: 0.4791
[iter 14610]loss: 2.9832, tokens/sec: 29334.97 ± 428.82, tokens seen: 1914961920, grad norm: 0.5325
[iter 14620]loss: 2.9954, tokens/sec: 29334.99 ± 428.68, tokens seen: 1916272640, grad norm: 0.5701
[iter 14630]loss: 2.7835, tokens/sec: 29335.01 ± 428.53, tokens seen: 1917583360, grad norm: 0.4909
[iter 14640]loss: 2.8898, tokens/sec: 29335.03 ± 428.38, tokens seen: 1918894080, grad norm: 0.4906
[iter 14650]loss: 3.1598, tokens/sec: 29335.05 ± 428.24, tokens seen: 1920204800, grad norm: 0.5279
[iter 14660]loss: 3.1177, tokens/sec: 29335.07 ± 428.09, tokens seen: 1921515520, grad norm: 0.6203
[iter 14670]loss: 3.2047, tokens/sec: 29335.09 ± 427.95, tokens seen: 1922826240, grad norm: 0.5196
[iter 14680]loss: 3.2724, tokens/sec: 29335.11 ± 427.80, tokens seen: 1924136960, grad norm: 0.5153
[iter 14690]loss: 2.9918, tokens/sec: 29335.13 ± 427.66, tokens seen: 1925447680, grad norm: 0.5595
[iter 14700]loss: 3.0580, tokens/sec: 29335.14 ± 427.51, tokens seen: 1926758400, grad norm: 0.5377
[iter 14710]loss: 3.2875, tokens/sec: 29335.16 ± 427.37, tokens seen: 1928069120, grad norm: 0.4859
[iter 14720]loss: 2.8586, tokens/sec: 29335.18 ± 427.22, tokens seen: 1929379840, grad norm: 0.7250
[iter 14730]loss: 2.7754, tokens/sec: 29335.20 ± 427.08, tokens seen: 1930690560, grad norm: 0.5209
[iter 14740]loss: 3.1736, tokens/sec: 29335.22 ± 426.94, tokens seen: 1932001280, grad norm: 0.4994
[iter 14750]loss: 2.9016, tokens/sec: 29335.23 ± 426.79, tokens seen: 1933312000, grad norm: 0.5084
[iter 14760]loss: 3.0499, tokens/sec: 29335.25 ± 426.65, tokens seen: 1934622720, grad norm: 0.4840
[iter 14770]loss: 3.1069, tokens/sec: 29335.27 ± 426.50, tokens seen: 1935933440, grad norm: 0.5676
[iter 14780]loss: 2.9025, tokens/sec: 29335.29 ± 426.36, tokens seen: 1937244160, grad norm: 0.5162
[iter 14790]loss: 3.3563, tokens/sec: 29335.31 ± 426.22, tokens seen: 1938554880, grad norm: 0.4699
[iter 14800]loss: 3.0041, tokens/sec: 29335.32 ± 426.07, tokens seen: 1939865600, grad norm: 0.5093
[iter 14810]loss: 2.9976, tokens/sec: 29335.34 ± 425.93, tokens seen: 1941176320, grad norm: 0.4991
[iter 14820]loss: 3.2483, tokens/sec: 29335.36 ± 425.79, tokens seen: 1942487040, grad norm: 0.4801
[iter 14830]loss: 3.0643, tokens/sec: 29335.38 ± 425.64, tokens seen: 1943797760, grad norm: 0.5152
[iter 14840]loss: 3.0671, tokens/sec: 29335.40 ± 425.50, tokens seen: 1945108480, grad norm: 0.4972
[iter 14850]loss: 3.3899, tokens/sec: 29335.42 ± 425.36, tokens seen: 1946419200, grad norm: 0.4873
[iter 14860]loss: 3.0920, tokens/sec: 29335.44 ± 425.22, tokens seen: 1947729920, grad norm: 0.5198
[iter 14870]loss: 2.9794, tokens/sec: 29335.45 ± 425.07, tokens seen: 1949040640, grad norm: 0.4712
[iter 14880]loss: 2.9276, tokens/sec: 29335.47 ± 424.93, tokens seen: 1950351360, grad norm: 0.4680
[iter 14890]loss: 3.0634, tokens/sec: 29335.49 ± 424.79, tokens seen: 1951662080, grad norm: 0.7775
[iter 14900]loss: 2.8845, tokens/sec: 29335.51 ± 424.65, tokens seen: 1952972800, grad norm: 0.4792
[iter 14910]loss: 3.0014, tokens/sec: 29335.53 ± 424.50, tokens seen: 1954283520, grad norm: 0.6080
[iter 14920]loss: 2.8907, tokens/sec: 29335.55 ± 424.36, tokens seen: 1955594240, grad norm: 0.4735
[iter 14930]loss: 3.2229, tokens/sec: 29335.56 ± 424.22, tokens seen: 1956904960, grad norm: 0.4530
[iter 14940]loss: 3.1951, tokens/sec: 29335.58 ± 424.08, tokens seen: 1958215680, grad norm: 0.5390
[iter 14950]loss: 3.1611, tokens/sec: 29335.25 ± 426.13, tokens seen: 1959526400, grad norm: 0.4782
[iter 14960]loss: 2.8760, tokens/sec: 29335.26 ± 425.99, tokens seen: 1960837120, grad norm: 0.5945
[iter 14970]loss: 2.9283, tokens/sec: 29335.28 ± 425.85, tokens seen: 1962147840, grad norm: 0.5652
[iter 14980]loss: 3.3098, tokens/sec: 29335.02 ± 427.10, tokens seen: 1963458560, grad norm: 0.5012
[iter 14990]loss: 3.1361, tokens/sec: 29335.04 ± 426.95, tokens seen: 1964769280, grad norm: 0.5570
[step 15000]train loss: 3.0668, val loss: 3.0635, (avg train loss: 0.3846 ± 0.0162), (avg grad norm: 0.5362 ± 0.1766)
saving checkpoint to ./out-owt-large-mhc-group-lora-dense-midnorm-bs8-30000step
[iter 15000]loss: 3.3596, tokens/sec: 29335.05 ± 426.81, tokens seen: 1966080000, grad norm: 0.5062
[iter 15010]loss: 3.0815, tokens/sec: 29335.08 ± 426.67, tokens seen: 1967390720, grad norm: 0.6551
[iter 15020]loss: 3.2461, tokens/sec: 29335.10 ± 426.53, tokens seen: 1968701440, grad norm: 0.5117
[iter 15030]loss: 2.8869, tokens/sec: 29335.11 ± 426.39, tokens seen: 1970012160, grad norm: 0.4809
[iter 15040]loss: 3.1997, tokens/sec: 29335.13 ± 426.25, tokens seen: 1971322880, grad norm: 0.4708
[iter 15050]loss: 2.9559, tokens/sec: 29335.15 ± 426.11, tokens seen: 1972633600, grad norm: 0.5678
[iter 15060]loss: 3.2726, tokens/sec: 29335.17 ± 425.97, tokens seen: 1973944320, grad norm: 0.5206
[iter 15070]loss: 3.0416, tokens/sec: 29335.18 ± 425.83, tokens seen: 1975255040, grad norm: 0.4900
[iter 15080]loss: 3.0379, tokens/sec: 29335.20 ± 425.68, tokens seen: 1976565760, grad norm: 0.5201
[iter 15090]loss: 2.9908, tokens/sec: 29335.21 ± 425.54, tokens seen: 1977876480, grad norm: 0.5317
[iter 15100]loss: 3.0092, tokens/sec: 29335.23 ± 425.40, tokens seen: 1979187200, grad norm: 0.5077
[iter 15110]loss: 3.0511, tokens/sec: 29335.25 ± 425.26, tokens seen: 1980497920, grad norm: 0.4936
[iter 15120]loss: 3.1477, tokens/sec: 29335.27 ± 425.12, tokens seen: 1981808640, grad norm: 0.4885
[iter 15130]loss: 3.0444, tokens/sec: 29335.29 ± 424.98, tokens seen: 1983119360, grad norm: 0.4945
[iter 15140]loss: 3.0217, tokens/sec: 29335.31 ± 424.84, tokens seen: 1984430080, grad norm: 0.4792
[iter 15150]loss: 2.9742, tokens/sec: 29335.33 ± 424.70, tokens seen: 1985740800, grad norm: 0.4895
[iter 15160]loss: 3.1979, tokens/sec: 29335.34 ± 424.56, tokens seen: 1987051520, grad norm: 0.5763
[iter 15170]loss: 3.1217, tokens/sec: 29335.36 ± 424.43, tokens seen: 1988362240, grad norm: 0.5568
[iter 15180]loss: 3.1104, tokens/sec: 29335.37 ± 424.29, tokens seen: 1989672960, grad norm: 0.5272
[iter 15190]loss: 2.9391, tokens/sec: 29335.39 ± 424.15, tokens seen: 1990983680, grad norm: 0.4879
[iter 15200]loss: 3.2743, tokens/sec: 29335.41 ± 424.01, tokens seen: 1992294400, grad norm: 0.5551
[iter 15210]loss: 3.1023, tokens/sec: 29335.42 ± 423.87, tokens seen: 1993605120, grad norm: 0.4423
[iter 15220]loss: 2.8474, tokens/sec: 29335.44 ± 423.73, tokens seen: 1994915840, grad norm: 0.4959
[iter 15230]loss: 3.1240, tokens/sec: 29335.45 ± 423.59, tokens seen: 1996226560, grad norm: 0.5021
[iter 15240]loss: 3.0435, tokens/sec: 29335.47 ± 423.45, tokens seen: 1997537280, grad norm: 0.5040
[iter 15250]loss: 3.0780, tokens/sec: 29335.49 ± 423.31, tokens seen: 1998848000, grad norm: 0.4570
[iter 15260]loss: 3.0555, tokens/sec: 29335.50 ± 423.18, tokens seen: 2000158720, grad norm: 0.4624
[iter 15270]loss: 3.1107, tokens/sec: 29335.52 ± 423.04, tokens seen: 2001469440, grad norm: 0.5255
[iter 15280]loss: 3.0486, tokens/sec: 29335.53 ± 422.90, tokens seen: 2002780160, grad norm: 0.5797
[iter 15290]loss: 2.9767, tokens/sec: 29335.54 ± 422.76, tokens seen: 2004090880, grad norm: 0.4888
[iter 15300]loss: 3.2895, tokens/sec: 29335.56 ± 422.62, tokens seen: 2005401600, grad norm: 0.5151
[iter 15310]loss: 2.9570, tokens/sec: 29335.58 ± 422.49, tokens seen: 2006712320, grad norm: 0.4609
[iter 15320]loss: 3.3206, tokens/sec: 29335.59 ± 422.35, tokens seen: 2008023040, grad norm: 0.4732
[iter 15330]loss: 3.1558, tokens/sec: 29335.61 ± 422.21, tokens seen: 2009333760, grad norm: 0.4830
[iter 15340]loss: 3.1893, tokens/sec: 29335.62 ± 422.08, tokens seen: 2010644480, grad norm: 0.5831
[iter 15350]loss: 3.0887, tokens/sec: 29335.64 ± 421.94, tokens seen: 2011955200, grad norm: 0.5095
[iter 15360]loss: 3.3264, tokens/sec: 29335.37 ± 423.23, tokens seen: 2013265920, grad norm: 0.5619
[iter 15370]loss: 2.9591, tokens/sec: 29335.38 ± 423.09, tokens seen: 2014576640, grad norm: 0.5461
[iter 15380]loss: 3.1936, tokens/sec: 29335.40 ± 422.95, tokens seen: 2015887360, grad norm: 0.5688
[iter 15390]loss: 3.0798, tokens/sec: 29335.41 ± 422.81, tokens seen: 2017198080, grad norm: 0.4948
[iter 15400]loss: 2.8889, tokens/sec: 29335.42 ± 422.68, tokens seen: 2018508800, grad norm: 0.5270
[iter 15410]loss: 2.9280, tokens/sec: 29335.44 ± 422.54, tokens seen: 2019819520, grad norm: 0.5272
[iter 15420]loss: 3.1206, tokens/sec: 29335.11 ± 424.60, tokens seen: 2021130240, grad norm: 0.4732
[iter 15430]loss: 3.0203, tokens/sec: 29335.12 ± 424.46, tokens seen: 2022440960, grad norm: 0.5356
[iter 15440]loss: 2.9667, tokens/sec: 29335.14 ± 424.32, tokens seen: 2023751680, grad norm: 0.5235
[iter 15450]loss: 2.8492, tokens/sec: 29335.16 ± 424.19, tokens seen: 2025062400, grad norm: 0.4771
[iter 15460]loss: 2.9755, tokens/sec: 29335.18 ± 424.05, tokens seen: 2026373120, grad norm: 0.6286
[iter 15470]loss: 2.9331, tokens/sec: 29335.20 ± 423.91, tokens seen: 2027683840, grad norm: 0.6540
[iter 15480]loss: 2.9337, tokens/sec: 29335.21 ± 423.78, tokens seen: 2028994560, grad norm: 0.5837
[iter 15490]loss: 2.9741, tokens/sec: 29335.23 ± 423.64, tokens seen: 2030305280, grad norm: 0.5236
[step 15500]train loss: 3.0403, val loss: 3.0652, (avg train loss: 0.3828 ± 0.0158), (avg grad norm: 0.5356 ± 0.0664)
[iter 15500]loss: 3.0160, tokens/sec: 29335.25 ± 423.50, tokens seen: 2031616000, grad norm: 0.5257
[iter 15510]loss: 2.8536, tokens/sec: 29335.27 ± 423.37, tokens seen: 2032926720, grad norm: 0.6022
[iter 15520]loss: 3.0618, tokens/sec: 29335.29 ± 423.23, tokens seen: 2034237440, grad norm: 0.5025
[iter 15530]loss: 2.8532, tokens/sec: 29335.31 ± 423.10, tokens seen: 2035548160, grad norm: 0.5095
[iter 15540]loss: 3.0830, tokens/sec: 29335.32 ± 422.96, tokens seen: 2036858880, grad norm: 0.5017
[iter 15550]loss: 3.1404, tokens/sec: 29335.34 ± 422.83, tokens seen: 2038169600, grad norm: 0.5459
[iter 15560]loss: 3.2129, tokens/sec: 29335.36 ± 422.69, tokens seen: 2039480320, grad norm: 0.4954
[iter 15570]loss: 2.8518, tokens/sec: 29335.38 ± 422.56, tokens seen: 2040791040, grad norm: 0.5167
[iter 15580]loss: 2.9330, tokens/sec: 29335.39 ± 422.42, tokens seen: 2042101760, grad norm: 0.4944
[iter 15590]loss: 3.1459, tokens/sec: 29335.41 ± 422.29, tokens seen: 2043412480, grad norm: 0.5428
[iter 15600]loss: 3.0544, tokens/sec: 29335.42 ± 422.15, tokens seen: 2044723200, grad norm: 0.4948
[iter 15610]loss: 3.1082, tokens/sec: 29335.44 ± 422.02, tokens seen: 2046033920, grad norm: 0.5483
[iter 15620]loss: 3.2940, tokens/sec: 29335.45 ± 421.88, tokens seen: 2047344640, grad norm: 0.5638
[iter 15630]loss: 3.1912, tokens/sec: 29335.47 ± 421.75, tokens seen: 2048655360, grad norm: 0.6965
[iter 15640]loss: 3.0002, tokens/sec: 29335.48 ± 421.61, tokens seen: 2049966080, grad norm: 0.4995
[iter 15650]loss: 3.1776, tokens/sec: 29335.50 ± 421.48, tokens seen: 2051276800, grad norm: 0.5256
[iter 15660]loss: 2.8555, tokens/sec: 29335.52 ± 421.34, tokens seen: 2052587520, grad norm: 0.5868
[iter 15670]loss: 3.1677, tokens/sec: 29335.53 ± 421.21, tokens seen: 2053898240, grad norm: 0.5569
[iter 15680]loss: 3.0521, tokens/sec: 29335.55 ± 421.08, tokens seen: 2055208960, grad norm: 0.5119
[iter 15690]loss: 3.0767, tokens/sec: 29335.57 ± 420.94, tokens seen: 2056519680, grad norm: 0.5509
[iter 15700]loss: 3.1652, tokens/sec: 29335.59 ± 420.81, tokens seen: 2057830400, grad norm: 0.5424
[iter 15710]loss: 3.0588, tokens/sec: 29335.60 ± 420.68, tokens seen: 2059141120, grad norm: 0.5200
[iter 15720]loss: 3.4999, tokens/sec: 29335.62 ± 420.54, tokens seen: 2060451840, grad norm: 0.5396
[iter 15730]loss: 2.9812, tokens/sec: 29335.63 ± 420.41, tokens seen: 2061762560, grad norm: 0.4853
[iter 15740]loss: 3.1258, tokens/sec: 29335.38 ± 421.65, tokens seen: 2063073280, grad norm: 0.5697
[iter 15750]loss: 3.2364, tokens/sec: 29335.40 ± 421.52, tokens seen: 2064384000, grad norm: 4.0785
[iter 15760]loss: 2.9285, tokens/sec: 29335.41 ± 421.39, tokens seen: 2065694720, grad norm: 0.5532
[iter 15770]loss: 2.9053, tokens/sec: 29335.43 ± 421.25, tokens seen: 2067005440, grad norm: 0.5419
[iter 15780]loss: 3.0693, tokens/sec: 29335.45 ± 421.12, tokens seen: 2068316160, grad norm: 0.5171
[iter 15790]loss: 2.9851, tokens/sec: 29335.46 ± 420.99, tokens seen: 2069626880, grad norm: 0.5344
[iter 15800]loss: 3.1087, tokens/sec: 29335.48 ± 420.86, tokens seen: 2070937600, grad norm: 0.5913
[iter 15810]loss: 3.1189, tokens/sec: 29335.50 ± 420.72, tokens seen: 2072248320, grad norm: 0.5118
[iter 15820]loss: 3.2873, tokens/sec: 29335.52 ± 420.59, tokens seen: 2073559040, grad norm: 0.5654
[iter 15830]loss: 3.1241, tokens/sec: 29335.54 ± 420.46, tokens seen: 2074869760, grad norm: 0.5114
[iter 15840]loss: 3.0380, tokens/sec: 29335.55 ± 420.33, tokens seen: 2076180480, grad norm: 0.4836
[iter 15850]loss: 2.7481, tokens/sec: 29335.57 ± 420.19, tokens seen: 2077491200, grad norm: 0.5248
[iter 15860]loss: 2.8238, tokens/sec: 29335.59 ± 420.06, tokens seen: 2078801920, grad norm: 0.5213
[iter 15870]loss: 2.9335, tokens/sec: 29335.61 ± 419.93, tokens seen: 2080112640, grad norm: 0.5457
[iter 15880]loss: 2.9557, tokens/sec: 29335.62 ± 419.80, tokens seen: 2081423360, grad norm: 0.4940
[iter 15890]loss: 3.0075, tokens/sec: 29335.64 ± 419.67, tokens seen: 2082734080, grad norm: 0.5190
[iter 15900]loss: 3.0020, tokens/sec: 29335.32 ± 421.64, tokens seen: 2084044800, grad norm: 0.5643
[iter 15910]loss: 2.7683, tokens/sec: 29335.33 ± 421.51, tokens seen: 2085355520, grad norm: 0.5734
[iter 15920]loss: 2.9954, tokens/sec: 29335.35 ± 421.38, tokens seen: 2086666240, grad norm: 0.4972
[iter 15930]loss: 3.1364, tokens/sec: 29335.37 ± 421.25, tokens seen: 2087976960, grad norm: 0.5699
[iter 15940]loss: 2.8961, tokens/sec: 29335.39 ± 421.12, tokens seen: 2089287680, grad norm: 0.5031
[iter 15950]loss: 2.9906, tokens/sec: 29335.40 ± 420.99, tokens seen: 2090598400, grad norm: 0.5785
[iter 15960]loss: 3.0339, tokens/sec: 29335.42 ± 420.85, tokens seen: 2091909120, grad norm: 0.5158
[iter 15970]loss: 3.0367, tokens/sec: 29335.43 ± 420.72, tokens seen: 2093219840, grad norm: 0.5220
[iter 15980]loss: 3.0340, tokens/sec: 29335.45 ± 420.59, tokens seen: 2094530560, grad norm: 0.5174
[iter 15990]loss: 3.1460, tokens/sec: 29335.47 ± 420.46, tokens seen: 2095841280, grad norm: 0.5049
[step 16000]train loss: 3.0349, val loss: 3.0560, (avg train loss: 0.3793 ± 0.0175), (avg grad norm: 0.5374 ± 0.0585)
saving checkpoint to ./out-owt-large-mhc-group-lora-dense-midnorm-bs8-30000step
[iter 16000]loss: 3.2892, tokens/sec: 29335.49 ± 420.33, tokens seen: 2097152000, grad norm: 0.4638
[iter 16010]loss: 3.0708, tokens/sec: 29335.50 ± 420.20, tokens seen: 2098462720, grad norm: 0.5347
[iter 16020]loss: 3.1008, tokens/sec: 29335.51 ± 420.07, tokens seen: 2099773440, grad norm: 0.5542
[iter 16030]loss: 3.0517, tokens/sec: 29335.53 ± 419.94, tokens seen: 2101084160, grad norm: 0.5050
[iter 16040]loss: 2.9949, tokens/sec: 29335.54 ± 419.81, tokens seen: 2102394880, grad norm: 0.5411
[iter 16050]loss: 3.0263, tokens/sec: 29335.56 ± 419.68, tokens seen: 2103705600, grad norm: 0.5954
[iter 16060]loss: 3.1440, tokens/sec: 29335.57 ± 419.55, tokens seen: 2105016320, grad norm: 0.6164
[iter 16070]loss: 2.9857, tokens/sec: 29335.59 ± 419.42, tokens seen: 2106327040, grad norm: 0.8621
[iter 16080]loss: 2.9381, tokens/sec: 29335.61 ± 419.29, tokens seen: 2107637760, grad norm: 0.5259
[iter 16090]loss: 3.0453, tokens/sec: 29335.62 ± 419.16, tokens seen: 2108948480, grad norm: 0.6830
[iter 16100]loss: 3.1123, tokens/sec: 29335.64 ± 419.03, tokens seen: 2110259200, grad norm: 0.6098
[iter 16110]loss: 2.9553, tokens/sec: 29335.65 ± 418.90, tokens seen: 2111569920, grad norm: 0.4844
[iter 16120]loss: 3.1790, tokens/sec: 29335.67 ± 418.77, tokens seen: 2112880640, grad norm: 0.5111
[iter 16130]loss: 2.7972, tokens/sec: 29335.40 ± 420.06, tokens seen: 2114191360, grad norm: 0.5177
[iter 16140]loss: 3.1440, tokens/sec: 29335.41 ± 419.93, tokens seen: 2115502080, grad norm: 0.4665
[iter 16150]loss: 2.8488, tokens/sec: 29335.42 ± 419.80, tokens seen: 2116812800, grad norm: 0.5992
[iter 16160]loss: 3.0252, tokens/sec: 29335.44 ± 419.67, tokens seen: 2118123520, grad norm: 0.4900
[iter 16170]loss: 2.8815, tokens/sec: 29335.45 ± 419.54, tokens seen: 2119434240, grad norm: 0.5077
[iter 16180]loss: 2.9356, tokens/sec: 29335.47 ± 419.41, tokens seen: 2120744960, grad norm: 0.6113
[iter 16190]loss: 3.0095, tokens/sec: 29335.49 ± 419.29, tokens seen: 2122055680, grad norm: 0.5899
[iter 16200]loss: 3.1415, tokens/sec: 29335.50 ± 419.16, tokens seen: 2123366400, grad norm: 0.7860
[iter 16210]loss: 2.8528, tokens/sec: 29335.52 ± 419.03, tokens seen: 2124677120, grad norm: 1.5647
[iter 16220]loss: 2.9529, tokens/sec: 29335.53 ± 418.90, tokens seen: 2125987840, grad norm: 0.6099
[iter 16230]loss: 3.0709, tokens/sec: 29335.56 ± 418.77, tokens seen: 2127298560, grad norm: 0.6058
[iter 16240]loss: 3.0530, tokens/sec: 29335.57 ± 418.64, tokens seen: 2128609280, grad norm: 0.4819
[iter 16250]loss: 2.9275, tokens/sec: 29335.59 ± 418.51, tokens seen: 2129920000, grad norm: 0.5929
[iter 16260]loss: 3.0737, tokens/sec: 29335.61 ± 418.39, tokens seen: 2131230720, grad norm: 0.5490
[iter 16270]loss: 3.1615, tokens/sec: 29335.63 ± 418.26, tokens seen: 2132541440, grad norm: 0.5930
[iter 16280]loss: 2.9882, tokens/sec: 29335.65 ± 418.13, tokens seen: 2133852160, grad norm: 0.4884
[iter 16290]loss: 2.6748, tokens/sec: 29335.66 ± 418.00, tokens seen: 2135162880, grad norm: 0.5317
[iter 16300]loss: 2.9674, tokens/sec: 29335.68 ± 417.88, tokens seen: 2136473600, grad norm: 0.5459
[iter 16310]loss: 3.0414, tokens/sec: 29335.70 ± 417.75, tokens seen: 2137784320, grad norm: 0.7242
[iter 16320]loss: 3.1448, tokens/sec: 29335.72 ± 417.62, tokens seen: 2139095040, grad norm: 0.5691
[iter 16330]loss: 3.0039, tokens/sec: 29335.74 ± 417.49, tokens seen: 2140405760, grad norm: 0.5446
[iter 16340]loss: 3.1128, tokens/sec: 29335.75 ± 417.37, tokens seen: 2141716480, grad norm: 0.5348
[iter 16350]loss: 2.9614, tokens/sec: 29335.77 ± 417.24, tokens seen: 2143027200, grad norm: 0.5905
[iter 16360]loss: 2.9592, tokens/sec: 29335.79 ± 417.11, tokens seen: 2144337920, grad norm: 0.5031
[iter 16370]loss: 2.9921, tokens/sec: 29335.81 ± 416.99, tokens seen: 2145648640, grad norm: 0.9430
[iter 16380]loss: 3.0984, tokens/sec: 29335.50 ± 418.89, tokens seen: 2146959360, grad norm: 0.5049
[iter 16390]loss: 3.0028, tokens/sec: 29335.51 ± 418.76, tokens seen: 2148270080, grad norm: 0.7200
[iter 16400]loss: 3.0001, tokens/sec: 29335.52 ± 418.64, tokens seen: 2149580800, grad norm: 0.5322
[iter 16410]loss: 2.9293, tokens/sec: 29335.54 ± 418.51, tokens seen: 2150891520, grad norm: 0.5478
[iter 16420]loss: 3.0194, tokens/sec: 29335.55 ± 418.38, tokens seen: 2152202240, grad norm: 0.5782
[iter 16430]loss: 3.0150, tokens/sec: 29335.57 ± 418.26, tokens seen: 2153512960, grad norm: 0.5443
[iter 16440]loss: 3.1999, tokens/sec: 29335.59 ± 418.13, tokens seen: 2154823680, grad norm: 0.5298
[iter 16450]loss: 2.8775, tokens/sec: 29335.60 ± 418.00, tokens seen: 2156134400, grad norm: 0.4681
[iter 16460]loss: 3.1779, tokens/sec: 29335.62 ± 417.88, tokens seen: 2157445120, grad norm: 0.7905
[iter 16470]loss: 2.9119, tokens/sec: 29335.63 ± 417.75, tokens seen: 2158755840, grad norm: 0.6796
[iter 16480]loss: 3.1460, tokens/sec: 29335.65 ± 417.62, tokens seen: 2160066560, grad norm: 0.5045
[iter 16490]loss: 2.8887, tokens/sec: 29335.67 ± 417.50, tokens seen: 2161377280, grad norm: 0.5281
[step 16500]train loss: 3.0449, val loss: 3.0571, (avg train loss: 0.3790 ± 0.0173), (avg grad norm: 0.5932 ± 0.0961)
[iter 16500]loss: 3.0038, tokens/sec: 29335.69 ± 417.37, tokens seen: 2162688000, grad norm: 0.5269
[iter 16510]loss: 3.0068, tokens/sec: 29335.44 ± 418.59, tokens seen: 2163998720, grad norm: 0.5196
[iter 16520]loss: 2.8087, tokens/sec: 29335.45 ± 418.46, tokens seen: 2165309440, grad norm: 0.6565
[iter 16530]loss: 2.9451, tokens/sec: 29335.47 ± 418.33, tokens seen: 2166620160, grad norm: 0.5682
[iter 16540]loss: 3.1201, tokens/sec: 29335.48 ± 418.21, tokens seen: 2167930880, grad norm: 0.6077
[iter 16550]loss: 3.0911, tokens/sec: 29335.50 ± 418.08, tokens seen: 2169241600, grad norm: 0.8662
[iter 16560]loss: 3.0642, tokens/sec: 29335.51 ± 417.96, tokens seen: 2170552320, grad norm: 0.5630
[iter 16570]loss: 2.9705, tokens/sec: 29335.53 ± 417.83, tokens seen: 2171863040, grad norm: 0.4889
[iter 16580]loss: 3.0152, tokens/sec: 29335.55 ± 417.71, tokens seen: 2173173760, grad norm: 0.5720
[iter 16590]loss: 3.1161, tokens/sec: 29335.57 ± 417.58, tokens seen: 2174484480, grad norm: 0.5248
[iter 16600]loss: 2.8045, tokens/sec: 29335.58 ± 417.46, tokens seen: 2175795200, grad norm: 0.5068
[iter 16610]loss: 2.9586, tokens/sec: 29335.60 ± 417.33, tokens seen: 2177105920, grad norm: 0.6573
[iter 16620]loss: 2.8677, tokens/sec: 29335.62 ± 417.21, tokens seen: 2178416640, grad norm: 0.6857
[iter 16630]loss: 3.0888, tokens/sec: 29335.63 ± 417.08, tokens seen: 2179727360, grad norm: 0.7491
[iter 16640]loss: 3.0163, tokens/sec: 29335.65 ± 416.96, tokens seen: 2181038080, grad norm: 0.8644
[iter 16650]loss: 2.9581, tokens/sec: 29335.65 ± 416.83, tokens seen: 2182348800, grad norm: 0.5510
[iter 16660]loss: 3.0505, tokens/sec: 29335.67 ± 416.71, tokens seen: 2183659520, grad norm: 0.5620
[iter 16670]loss: 3.0771, tokens/sec: 29335.69 ± 416.58, tokens seen: 2184970240, grad norm: 0.5062
[iter 16680]loss: 3.1674, tokens/sec: 29335.70 ± 416.46, tokens seen: 2186280960, grad norm: 0.5915
[iter 16690]loss: 2.8961, tokens/sec: 29335.72 ± 416.33, tokens seen: 2187591680, grad norm: 0.5726
[iter 16700]loss: 3.0901, tokens/sec: 29335.73 ± 416.21, tokens seen: 2188902400, grad norm: 0.5295
[iter 16710]loss: 3.0499, tokens/sec: 29335.75 ± 416.09, tokens seen: 2190213120, grad norm: 0.5657
[iter 16720]loss: 3.0132, tokens/sec: 29335.77 ± 415.96, tokens seen: 2191523840, grad norm: 0.7555
[iter 16730]loss: 2.8915, tokens/sec: 29335.78 ± 415.84, tokens seen: 2192834560, grad norm: 0.5915
[iter 16740]loss: 2.9599, tokens/sec: 29335.80 ± 415.71, tokens seen: 2194145280, grad norm: 0.6059
[iter 16750]loss: 2.9571, tokens/sec: 29335.81 ± 415.59, tokens seen: 2195456000, grad norm: 0.5883
[iter 16760]loss: 3.1695, tokens/sec: 29335.83 ± 415.47, tokens seen: 2196766720, grad norm: 0.5380
[iter 16770]loss: 2.8705, tokens/sec: 29335.84 ± 415.34, tokens seen: 2198077440, grad norm: 0.7134
[iter 16780]loss: 3.1574, tokens/sec: 29335.85 ± 415.22, tokens seen: 2199388160, grad norm: 0.5201
[iter 16790]loss: 2.8150, tokens/sec: 29335.87 ± 415.10, tokens seen: 2200698880, grad norm: 0.5505
[iter 16800]loss: 3.0825, tokens/sec: 29335.88 ± 414.97, tokens seen: 2202009600, grad norm: 0.5441
[iter 16810]loss: 3.2899, tokens/sec: 29335.90 ± 414.85, tokens seen: 2203320320, grad norm: 0.6346
[iter 16820]loss: 2.9675, tokens/sec: 29335.92 ± 414.73, tokens seen: 2204631040, grad norm: 0.5261
[iter 16830]loss: 2.9838, tokens/sec: 29335.93 ± 414.61, tokens seen: 2205941760, grad norm: 0.5145
[iter 16840]loss: 3.0125, tokens/sec: 29335.95 ± 414.48, tokens seen: 2207252480, grad norm: 0.5443
[iter 16850]loss: 3.1265, tokens/sec: 29335.97 ± 414.36, tokens seen: 2208563200, grad norm: 0.5654
[iter 16860]loss: 2.9344, tokens/sec: 29335.67 ± 416.22, tokens seen: 2209873920, grad norm: 0.7723
[iter 16870]loss: 3.0990, tokens/sec: 29335.69 ± 416.09, tokens seen: 2211184640, grad norm: 0.6413
[iter 16880]loss: 3.0849, tokens/sec: 29335.70 ± 415.97, tokens seen: 2212495360, grad norm: 0.5060
[iter 16890]loss: 3.0407, tokens/sec: 29335.72 ± 415.85, tokens seen: 2213806080, grad norm: 0.5802
[iter 16900]loss: 3.2860, tokens/sec: 29335.48 ± 417.03, tokens seen: 2215116800, grad norm: 0.5862
[iter 16910]loss: 3.1331, tokens/sec: 29335.50 ± 416.91, tokens seen: 2216427520, grad norm: 0.4782
[iter 16920]loss: 2.9113, tokens/sec: 29335.52 ± 416.78, tokens seen: 2217738240, grad norm: 0.4705
[iter 16930]loss: 3.2338, tokens/sec: 29335.54 ± 416.66, tokens seen: 2219048960, grad norm: 0.5946
[iter 16940]loss: 2.8282, tokens/sec: 29335.55 ± 416.54, tokens seen: 2220359680, grad norm: 0.6069
[iter 16950]loss: 3.0333, tokens/sec: 29335.57 ± 416.42, tokens seen: 2221670400, grad norm: 0.4761
[iter 16960]loss: 2.9959, tokens/sec: 29335.59 ± 416.29, tokens seen: 2222981120, grad norm: 0.5727
[iter 16970]loss: 3.0497, tokens/sec: 29335.60 ± 416.17, tokens seen: 2224291840, grad norm: 0.4938
[iter 16980]loss: 2.9414, tokens/sec: 29335.62 ± 416.05, tokens seen: 2225602560, grad norm: 0.6821
[iter 16990]loss: 3.0380, tokens/sec: 29335.63 ± 415.93, tokens seen: 2226913280, grad norm: 0.5030
[step 17000]train loss: 3.0297, val loss: 3.0550, (avg train loss: 0.3783 ± 0.0185), (avg grad norm: 0.5965 ± 0.2110)
saving checkpoint to ./out-owt-large-mhc-group-lora-dense-midnorm-bs8-30000step
[iter 17000]loss: 3.1149, tokens/sec: 29335.65 ± 415.81, tokens seen: 2228224000, grad norm: 0.6287
[iter 17010]loss: 3.1105, tokens/sec: 29335.67 ± 415.69, tokens seen: 2229534720, grad norm: 0.6022
[iter 17020]loss: 3.0635, tokens/sec: 29335.68 ± 415.56, tokens seen: 2230845440, grad norm: 0.5713
[iter 17030]loss: 2.9738, tokens/sec: 29335.70 ± 415.44, tokens seen: 2232156160, grad norm: 1.0671
[iter 17040]loss: 3.0804, tokens/sec: 29335.72 ± 415.32, tokens seen: 2233466880, grad norm: 0.6731
[iter 17050]loss: 3.0761, tokens/sec: 29335.73 ± 415.20, tokens seen: 2234777600, grad norm: 0.7232
[iter 17060]loss: 3.1313, tokens/sec: 29335.74 ± 415.08, tokens seen: 2236088320, grad norm: 0.5892
[iter 17070]loss: 3.2695, tokens/sec: 29335.76 ± 414.96, tokens seen: 2237399040, grad norm: 0.6348
[iter 17080]loss: 3.2076, tokens/sec: 29335.78 ± 414.84, tokens seen: 2238709760, grad norm: 0.5966
[iter 17090]loss: 3.1433, tokens/sec: 29335.80 ± 414.72, tokens seen: 2240020480, grad norm: 0.5739
[iter 17100]loss: 3.3358, tokens/sec: 29335.81 ± 414.60, tokens seen: 2241331200, grad norm: 0.5185
[iter 17110]loss: 2.9771, tokens/sec: 29335.83 ± 414.48, tokens seen: 2242641920, grad norm: 0.5137
[iter 17120]loss: 3.0209, tokens/sec: 29335.85 ± 414.36, tokens seen: 2243952640, grad norm: 0.5846
[iter 17130]loss: 2.6571, tokens/sec: 29335.87 ± 414.23, tokens seen: 2245263360, grad norm: 0.7235
[iter 17140]loss: 3.0616, tokens/sec: 29335.88 ± 414.11, tokens seen: 2246574080, grad norm: 0.5582
[iter 17150]loss: 2.8497, tokens/sec: 29335.90 ± 413.99, tokens seen: 2247884800, grad norm: 0.5447
[iter 17160]loss: 3.0547, tokens/sec: 29335.92 ± 413.87, tokens seen: 2249195520, grad norm: 0.5697
[iter 17170]loss: 3.0398, tokens/sec: 29335.94 ± 413.75, tokens seen: 2250506240, grad norm: 0.6643
[iter 17180]loss: 2.9177, tokens/sec: 29335.95 ± 413.63, tokens seen: 2251816960, grad norm: 0.6198
[iter 17190]loss: 3.0654, tokens/sec: 29335.96 ± 413.51, tokens seen: 2253127680, grad norm: 0.5521
[iter 17200]loss: 2.7487, tokens/sec: 29335.98 ± 413.40, tokens seen: 2254438400, grad norm: 0.6253
[iter 17210]loss: 3.1609, tokens/sec: 29336.00 ± 413.28, tokens seen: 2255749120, grad norm: 0.6158
[iter 17220]loss: 2.6077, tokens/sec: 29336.01 ± 413.16, tokens seen: 2257059840, grad norm: 0.5830
[iter 17230]loss: 2.9840, tokens/sec: 29336.03 ± 413.04, tokens seen: 2258370560, grad norm: 0.5776
[iter 17240]loss: 2.9340, tokens/sec: 29336.04 ± 412.92, tokens seen: 2259681280, grad norm: 0.5518
[iter 17250]loss: 2.9126, tokens/sec: 29336.06 ± 412.80, tokens seen: 2260992000, grad norm: 0.5291
[iter 17260]loss: 3.1622, tokens/sec: 29336.07 ± 412.68, tokens seen: 2262302720, grad norm: 0.8785
[iter 17270]loss: 2.9273, tokens/sec: 29336.09 ± 412.56, tokens seen: 2263613440, grad norm: 0.5831
[iter 17280]loss: 2.9990, tokens/sec: 29335.86 ± 413.69, tokens seen: 2264924160, grad norm: 0.6196
[iter 17290]loss: 2.8522, tokens/sec: 29335.86 ± 413.57, tokens seen: 2266234880, grad norm: 0.5174
[iter 17300]loss: 3.0399, tokens/sec: 29335.88 ± 413.45, tokens seen: 2267545600, grad norm: 0.5469
[iter 17310]loss: 2.9408, tokens/sec: 29335.89 ± 413.33, tokens seen: 2268856320, grad norm: 0.5159
[iter 17320]loss: 2.8724, tokens/sec: 29335.90 ± 413.22, tokens seen: 2270167040, grad norm: 0.5575
[iter 17330]loss: 2.8144, tokens/sec: 29335.91 ± 413.10, tokens seen: 2271477760, grad norm: 0.7410
[iter 17340]loss: 2.9328, tokens/sec: 29335.62 ± 414.93, tokens seen: 2272788480, grad norm: 0.6644
[iter 17350]loss: 3.0549, tokens/sec: 29335.64 ± 414.81, tokens seen: 2274099200, grad norm: 0.5672
[iter 17360]loss: 2.9751, tokens/sec: 29335.65 ± 414.69, tokens seen: 2275409920, grad norm: 0.5217
[iter 17370]loss: 3.0189, tokens/sec: 29335.66 ± 414.57, tokens seen: 2276720640, grad norm: 0.7041
[iter 17380]loss: 3.1413, tokens/sec: 29335.67 ± 414.45, tokens seen: 2278031360, grad norm: 0.5213
[iter 17390]loss: 3.2019, tokens/sec: 29335.69 ± 414.33, tokens seen: 2279342080, grad norm: 0.5134
[iter 17400]loss: 3.0272, tokens/sec: 29335.70 ± 414.22, tokens seen: 2280652800, grad norm: 0.6985
[iter 17410]loss: 2.9309, tokens/sec: 29335.72 ± 414.10, tokens seen: 2281963520, grad norm: 0.6899
[iter 17420]loss: 3.1649, tokens/sec: 29335.73 ± 413.98, tokens seen: 2283274240, grad norm: 0.6752
[iter 17430]loss: 2.8962, tokens/sec: 29335.74 ± 413.86, tokens seen: 2284584960, grad norm: 0.6867
[iter 17440]loss: 2.9194, tokens/sec: 29335.76 ± 413.74, tokens seen: 2285895680, grad norm: 0.5956
[iter 17450]loss: 2.6974, tokens/sec: 29335.77 ± 413.62, tokens seen: 2287206400, grad norm: 0.4937
[iter 17460]loss: 2.9251, tokens/sec: 29335.79 ± 413.51, tokens seen: 2288517120, grad norm: 0.6356
[iter 17470]loss: 2.9806, tokens/sec: 29335.81 ± 413.39, tokens seen: 2289827840, grad norm: 0.5966
[iter 17480]loss: 2.8640, tokens/sec: 29335.82 ± 413.27, tokens seen: 2291138560, grad norm: 0.5492
[iter 17490]loss: 3.2163, tokens/sec: 29335.84 ± 413.15, tokens seen: 2292449280, grad norm: 0.6257
[step 17500]train loss: 3.0148, val loss: 3.0310, (avg train loss: 0.3778 ± 0.0180), (avg grad norm: 0.6114 ± 0.1124)
saving checkpoint to ./out-owt-large-mhc-group-lora-dense-midnorm-bs8-30000step
[iter 17500]loss: 2.8056, tokens/sec: 29335.85 ± 413.03, tokens seen: 2293760000, grad norm: 0.5103
[iter 17510]loss: 2.8532, tokens/sec: 29335.87 ± 412.92, tokens seen: 2295070720, grad norm: 0.8103
[iter 17520]loss: 2.9818, tokens/sec: 29335.88 ± 412.80, tokens seen: 2296381440, grad norm: 0.5564
[iter 17530]loss: 3.1293, tokens/sec: 29335.90 ± 412.68, tokens seen: 2297692160, grad norm: 0.6747
[iter 17540]loss: 2.9051, tokens/sec: 29335.91 ± 412.57, tokens seen: 2299002880, grad norm: 0.5014
[iter 17550]loss: 3.2245, tokens/sec: 29335.93 ± 412.45, tokens seen: 2300313600, grad norm: 0.5929
[iter 17560]loss: 2.9692, tokens/sec: 29335.94 ± 412.33, tokens seen: 2301624320, grad norm: 0.6739
[iter 17570]loss: 3.1665, tokens/sec: 29335.95 ± 412.22, tokens seen: 2302935040, grad norm: 0.5426
[iter 17580]loss: 2.8549, tokens/sec: 29335.97 ± 412.10, tokens seen: 2304245760, grad norm: 1.0088
[iter 17590]loss: 2.7930, tokens/sec: 29335.99 ± 411.98, tokens seen: 2305556480, grad norm: 0.8944
[iter 17600]loss: 3.3526, tokens/sec: 29336.00 ± 411.87, tokens seen: 2306867200, grad norm: 0.5403
[iter 17610]loss: 3.0401, tokens/sec: 29336.02 ± 411.75, tokens seen: 2308177920, grad norm: 0.5407
[iter 17620]loss: 3.1445, tokens/sec: 29336.04 ± 411.63, tokens seen: 2309488640, grad norm: 0.5587
[iter 17630]loss: 3.1680, tokens/sec: 29336.05 ± 411.52, tokens seen: 2310799360, grad norm: 0.6947
[iter 17640]loss: 3.1051, tokens/sec: 29336.07 ± 411.40, tokens seen: 2312110080, grad norm: 0.5617
[iter 17650]loss: 3.0773, tokens/sec: 29336.08 ± 411.28, tokens seen: 2313420800, grad norm: 0.5556
[iter 17660]loss: 3.1776, tokens/sec: 29336.10 ± 411.17, tokens seen: 2314731520, grad norm: 0.6364
[iter 17670]loss: 3.0802, tokens/sec: 29335.87 ± 412.30, tokens seen: 2316042240, grad norm: 0.8221
[iter 17680]loss: 3.0912, tokens/sec: 29335.88 ± 412.18, tokens seen: 2317352960, grad norm: 0.5799
[iter 17690]loss: 2.9802, tokens/sec: 29335.90 ± 412.07, tokens seen: 2318663680, grad norm: 0.6577
[iter 17700]loss: 3.0502, tokens/sec: 29335.92 ± 411.95, tokens seen: 2319974400, grad norm: 0.5435
[iter 17710]loss: 2.8747, tokens/sec: 29335.93 ± 411.83, tokens seen: 2321285120, grad norm: 0.4951
[iter 17720]loss: 2.9072, tokens/sec: 29335.95 ± 411.72, tokens seen: 2322595840, grad norm: 0.5839
[iter 17730]loss: 3.0722, tokens/sec: 29335.96 ± 411.60, tokens seen: 2323906560, grad norm: 0.5788
[iter 17740]loss: 3.0119, tokens/sec: 29335.98 ± 411.49, tokens seen: 2325217280, grad norm: 0.5328
[iter 17750]loss: 3.0022, tokens/sec: 29336.00 ± 411.37, tokens seen: 2326528000, grad norm: 0.8879
[iter 17760]loss: 3.0338, tokens/sec: 29336.01 ± 411.26, tokens seen: 2327838720, grad norm: 0.5219
[iter 17770]loss: 3.0792, tokens/sec: 29336.03 ± 411.14, tokens seen: 2329149440, grad norm: 0.7396
[iter 17780]loss: 3.0880, tokens/sec: 29336.04 ± 411.03, tokens seen: 2330460160, grad norm: 0.5704
[iter 17790]loss: 2.9894, tokens/sec: 29336.06 ± 410.91, tokens seen: 2331770880, grad norm: 0.6780
[iter 17800]loss: 3.1995, tokens/sec: 29336.07 ± 410.80, tokens seen: 2333081600, grad norm: 0.6682
[iter 17810]loss: 2.9473, tokens/sec: 29336.08 ± 410.68, tokens seen: 2334392320, grad norm: 0.5148
[iter 17820]loss: 2.9715, tokens/sec: 29335.80 ± 412.43, tokens seen: 2335703040, grad norm: 0.4873
[iter 17830]loss: 2.9637, tokens/sec: 29335.81 ± 412.31, tokens seen: 2337013760, grad norm: 0.5211
[iter 17840]loss: 2.8974, tokens/sec: 29335.83 ± 412.20, tokens seen: 2338324480, grad norm: 0.5429
[iter 17850]loss: 3.2640, tokens/sec: 29335.84 ± 412.08, tokens seen: 2339635200, grad norm: 0.8318
[iter 17860]loss: 3.0068, tokens/sec: 29335.85 ± 411.97, tokens seen: 2340945920, grad norm: 1.7997
[iter 17870]loss: 2.9371, tokens/sec: 29335.87 ± 411.85, tokens seen: 2342256640, grad norm: 0.6368
[iter 17880]loss: 3.0875, tokens/sec: 29335.88 ± 411.74, tokens seen: 2343567360, grad norm: 0.5613
[iter 17890]loss: 3.1890, tokens/sec: 29335.89 ± 411.62, tokens seen: 2344878080, grad norm: 0.8193
[iter 17900]loss: 2.9214, tokens/sec: 29335.91 ± 411.51, tokens seen: 2346188800, grad norm: 1.0982
[iter 17910]loss: 2.9764, tokens/sec: 29335.92 ± 411.40, tokens seen: 2347499520, grad norm: 0.8087
[iter 17920]loss: 3.0627, tokens/sec: 29335.93 ± 411.28, tokens seen: 2348810240, grad norm: 0.5793
[iter 17930]loss: 3.0087, tokens/sec: 29335.94 ± 411.17, tokens seen: 2350120960, grad norm: 0.9767
[iter 17940]loss: 2.9590, tokens/sec: 29335.96 ± 411.05, tokens seen: 2351431680, grad norm: 0.4786
[iter 17950]loss: 3.0253, tokens/sec: 29335.97 ± 410.94, tokens seen: 2352742400, grad norm: 0.6169
[iter 17960]loss: 2.9084, tokens/sec: 29335.99 ± 410.82, tokens seen: 2354053120, grad norm: 0.4955
[iter 17970]loss: 3.0058, tokens/sec: 29336.00 ± 410.71, tokens seen: 2355363840, grad norm: 0.5752
[iter 17980]loss: 3.0837, tokens/sec: 29336.02 ± 410.60, tokens seen: 2356674560, grad norm: 1.0234
[iter 17990]loss: 2.9035, tokens/sec: 29336.04 ± 410.48, tokens seen: 2357985280, grad norm: 0.5421
[step 18000]train loss: 3.0022, val loss: 3.0219, (avg train loss: 0.3754 ± 0.0158), (avg grad norm: 0.6772 ± 0.1986)
saving checkpoint to ./out-owt-large-mhc-group-lora-dense-midnorm-bs8-30000step
[iter 18000]loss: 3.0303, tokens/sec: 29336.05 ± 410.37, tokens seen: 2359296000, grad norm: 0.5811
[iter 18010]loss: 3.0001, tokens/sec: 29336.07 ± 410.26, tokens seen: 2360606720, grad norm: 0.7709
[iter 18020]loss: 3.0330, tokens/sec: 29336.09 ± 410.14, tokens seen: 2361917440, grad norm: 0.4978
[iter 18030]loss: 3.0464, tokens/sec: 29336.10 ± 410.03, tokens seen: 2363228160, grad norm: 0.6029
[iter 18040]loss: 2.9334, tokens/sec: 29336.11 ± 409.92, tokens seen: 2364538880, grad norm: 0.5259
[iter 18050]loss: 2.8890, tokens/sec: 29335.89 ± 411.03, tokens seen: 2365849600, grad norm: 0.6711
[iter 18060]loss: 3.1855, tokens/sec: 29335.90 ± 410.92, tokens seen: 2367160320, grad norm: 0.5508
[iter 18070]loss: 3.1049, tokens/sec: 29335.92 ± 410.80, tokens seen: 2368471040, grad norm: 0.9499
[iter 18080]loss: 3.2048, tokens/sec: 29335.94 ± 410.69, tokens seen: 2369781760, grad norm: 0.5843
[iter 18090]loss: 2.7821, tokens/sec: 29335.95 ± 410.58, tokens seen: 2371092480, grad norm: 1.5358
[iter 18100]loss: 2.8375, tokens/sec: 29335.97 ± 410.46, tokens seen: 2372403200, grad norm: 0.8292
[iter 18110]loss: 3.1377, tokens/sec: 29335.98 ± 410.35, tokens seen: 2373713920, grad norm: 0.6184
[iter 18120]loss: 2.8399, tokens/sec: 29336.00 ± 410.24, tokens seen: 2375024640, grad norm: 0.5568
[iter 18130]loss: 3.2169, tokens/sec: 29336.01 ± 410.13, tokens seen: 2376335360, grad norm: 0.6197
[iter 18140]loss: 2.9823, tokens/sec: 29336.03 ± 410.01, tokens seen: 2377646080, grad norm: 0.5541
[iter 18150]loss: 3.0444, tokens/sec: 29336.04 ± 409.90, tokens seen: 2378956800, grad norm: 0.7028
[iter 18160]loss: 3.0151, tokens/sec: 29336.06 ± 409.79, tokens seen: 2380267520, grad norm: 0.5248
[iter 18170]loss: 2.9510, tokens/sec: 29336.07 ± 409.68, tokens seen: 2381578240, grad norm: 0.5104
[iter 18180]loss: 3.1276, tokens/sec: 29336.09 ± 409.56, tokens seen: 2382888960, grad norm: 0.5392
[iter 18190]loss: 2.8736, tokens/sec: 29336.11 ± 409.45, tokens seen: 2384199680, grad norm: 0.5855
[iter 18200]loss: 2.8715, tokens/sec: 29336.12 ± 409.34, tokens seen: 2385510400, grad norm: 0.5861
[iter 18210]loss: 3.2030, tokens/sec: 29336.14 ± 409.23, tokens seen: 2386821120, grad norm: 0.6879
[iter 18220]loss: 2.9447, tokens/sec: 29336.15 ± 409.12, tokens seen: 2388131840, grad norm: 0.5316
[iter 18230]loss: 2.7834, tokens/sec: 29336.17 ± 409.00, tokens seen: 2389442560, grad norm: 0.4942
[iter 18240]loss: 2.9664, tokens/sec: 29336.18 ± 408.89, tokens seen: 2390753280, grad norm: 1.4678
[iter 18250]loss: 2.7442, tokens/sec: 29336.20 ± 408.78, tokens seen: 2392064000, grad norm: 0.5681
[iter 18260]loss: 2.9187, tokens/sec: 29336.22 ± 408.67, tokens seen: 2393374720, grad norm: 0.5128
[iter 18270]loss: 3.0718, tokens/sec: 29336.23 ± 408.56, tokens seen: 2394685440, grad norm: 0.5912
[iter 18280]loss: 3.1319, tokens/sec: 29336.25 ± 408.45, tokens seen: 2395996160, grad norm: 0.6807
[iter 18290]loss: 2.5998, tokens/sec: 29336.26 ± 408.34, tokens seen: 2397306880, grad norm: 0.5708
[iter 18300]loss: 3.1598, tokens/sec: 29335.99 ± 410.06, tokens seen: 2398617600, grad norm: 1.0036
[iter 18310]loss: 2.9738, tokens/sec: 29336.00 ± 409.95, tokens seen: 2399928320, grad norm: 0.5847
[iter 18320]loss: 3.0259, tokens/sec: 29336.02 ± 409.84, tokens seen: 2401239040, grad norm: 0.6607
[iter 18330]loss: 3.1192, tokens/sec: 29336.03 ± 409.73, tokens seen: 2402549760, grad norm: 1.2059
[iter 18340]loss: 2.5280, tokens/sec: 29336.05 ± 409.61, tokens seen: 2403860480, grad norm: 0.8220
[iter 18350]loss: 3.1524, tokens/sec: 29336.06 ± 409.50, tokens seen: 2405171200, grad norm: 0.6053
[iter 18360]loss: 3.2189, tokens/sec: 29336.08 ± 409.39, tokens seen: 2406481920, grad norm: 0.5825
[iter 18370]loss: 3.0279, tokens/sec: 29336.09 ± 409.28, tokens seen: 2407792640, grad norm: 0.5976
[iter 18380]loss: 3.0891, tokens/sec: 29336.11 ± 409.17, tokens seen: 2409103360, grad norm: 0.8173
[iter 18390]loss: 3.2428, tokens/sec: 29336.13 ± 409.06, tokens seen: 2410414080, grad norm: 0.6859
[iter 18400]loss: 3.2503, tokens/sec: 29336.14 ± 408.95, tokens seen: 2411724800, grad norm: 1.2260
[iter 18410]loss: 2.9177, tokens/sec: 29336.16 ± 408.84, tokens seen: 2413035520, grad norm: 0.5693
[iter 18420]loss: 3.0446, tokens/sec: 29336.17 ± 408.73, tokens seen: 2414346240, grad norm: 0.5467
[iter 18430]loss: 2.8608, tokens/sec: 29335.96 ± 409.83, tokens seen: 2415656960, grad norm: 0.8527
[iter 18440]loss: 2.9315, tokens/sec: 29335.97 ± 409.72, tokens seen: 2416967680, grad norm: 0.9849
[iter 18450]loss: 3.1274, tokens/sec: 29335.99 ± 409.60, tokens seen: 2418278400, grad norm: 0.5535
[iter 18460]loss: 3.1038, tokens/sec: 29336.00 ± 409.49, tokens seen: 2419589120, grad norm: 0.7243
[iter 18470]loss: 3.1460, tokens/sec: 29336.02 ± 409.38, tokens seen: 2420899840, grad norm: 0.6761
[iter 18480]loss: 2.9441, tokens/sec: 29336.03 ± 409.27, tokens seen: 2422210560, grad norm: 0.7584
[iter 18490]loss: 2.8944, tokens/sec: 29336.04 ± 409.16, tokens seen: 2423521280, grad norm: 0.6207
[step 18500]train loss: 3.0129, val loss: 3.0355, (avg train loss: 0.3746 ± 0.0180), (avg grad norm: 0.7806 ± 0.2726)
[iter 18500]loss: 2.9895, tokens/sec: 29336.06 ± 409.05, tokens seen: 2424832000, grad norm: 0.8321
[iter 18510]loss: 3.1067, tokens/sec: 29336.08 ± 408.94, tokens seen: 2426142720, grad norm: 0.8392
[iter 18520]loss: 2.8757, tokens/sec: 29336.09 ± 408.83, tokens seen: 2427453440, grad norm: 0.7284
[iter 18530]loss: 3.1950, tokens/sec: 29336.11 ± 408.72, tokens seen: 2428764160, grad norm: 0.6347
[iter 18540]loss: 2.9174, tokens/sec: 29336.13 ± 408.61, tokens seen: 2430074880, grad norm: 0.7580
[iter 18550]loss: 3.1323, tokens/sec: 29336.14 ± 408.50, tokens seen: 2431385600, grad norm: 0.8769
[iter 18560]loss: 3.0351, tokens/sec: 29336.16 ± 408.40, tokens seen: 2432696320, grad norm: 1.1408
[iter 18570]loss: 2.7534, tokens/sec: 29336.17 ± 408.29, tokens seen: 2434007040, grad norm: 0.6631
[iter 18580]loss: 2.6236, tokens/sec: 29336.19 ± 408.18, tokens seen: 2435317760, grad norm: 0.9066
[iter 18590]loss: 3.1382, tokens/sec: 29336.20 ± 408.07, tokens seen: 2436628480, grad norm: 0.4986
[iter 18600]loss: 2.6753, tokens/sec: 29336.22 ± 407.96, tokens seen: 2437939200, grad norm: 0.9096
[iter 18610]loss: 3.2166, tokens/sec: 29336.23 ± 407.85, tokens seen: 2439249920, grad norm: 0.7042
[iter 18620]loss: 2.8692, tokens/sec: 29336.25 ± 407.74, tokens seen: 2440560640, grad norm: 0.9120
[iter 18630]loss: 3.0644, tokens/sec: 29336.27 ± 407.63, tokens seen: 2441871360, grad norm: 0.9763
[iter 18640]loss: 2.7726, tokens/sec: 29336.28 ± 407.52, tokens seen: 2443182080, grad norm: 0.5383
[iter 18650]loss: 3.1067, tokens/sec: 29336.29 ± 407.41, tokens seen: 2444492800, grad norm: 1.1855
[iter 18660]loss: 2.9553, tokens/sec: 29336.31 ± 407.31, tokens seen: 2445803520, grad norm: 0.5262
[iter 18670]loss: 3.1057, tokens/sec: 29336.33 ± 407.20, tokens seen: 2447114240, grad norm: 0.8963
[iter 18680]loss: 3.1056, tokens/sec: 29336.34 ± 407.09, tokens seen: 2448424960, grad norm: 0.6688
[iter 18690]loss: 3.1404, tokens/sec: 29336.35 ± 406.98, tokens seen: 2449735680, grad norm: 1.0617
[iter 18700]loss: 3.1943, tokens/sec: 29336.37 ± 406.87, tokens seen: 2451046400, grad norm: 0.8642
[iter 18710]loss: 3.0686, tokens/sec: 29336.38 ± 406.76, tokens seen: 2452357120, grad norm: 0.5677
[iter 18720]loss: 3.0592, tokens/sec: 29336.40 ± 406.66, tokens seen: 2453667840, grad norm: 0.7631
[iter 18730]loss: 2.9994, tokens/sec: 29336.41 ± 406.55, tokens seen: 2454978560, grad norm: 1.7875
[iter 18740]loss: 3.0152, tokens/sec: 29336.43 ± 406.44, tokens seen: 2456289280, grad norm: 0.6319
[iter 18750]loss: 2.9489, tokens/sec: 29336.45 ± 406.33, tokens seen: 2457600000, grad norm: 1.8045
[iter 18760]loss: 3.1281, tokens/sec: 29336.46 ± 406.22, tokens seen: 2458910720, grad norm: 1.4179
[iter 18770]loss: 2.8540, tokens/sec: 29336.47 ± 406.12, tokens seen: 2460221440, grad norm: 1.2144
[iter 18780]loss: 3.0287, tokens/sec: 29336.49 ± 406.01, tokens seen: 2461532160, grad norm: 1.7260
[iter 18790]loss: 2.7155, tokens/sec: 29336.22 ± 407.71, tokens seen: 2462842880, grad norm: 0.5855
[iter 18800]loss: 3.2609, tokens/sec: 29336.24 ± 407.60, tokens seen: 2464153600, grad norm: 1.0000
[iter 18810]loss: 3.1010, tokens/sec: 29336.25 ± 407.49, tokens seen: 2465464320, grad norm: 0.9654
[iter 18820]loss: 3.1488, tokens/sec: 29336.04 ± 408.53, tokens seen: 2466775040, grad norm: 1.4949
[iter 18830]loss: 3.0921, tokens/sec: 29336.06 ± 408.43, tokens seen: 2468085760, grad norm: 0.8598
[iter 18840]loss: 2.8053, tokens/sec: 29336.07 ± 408.32, tokens seen: 2469396480, grad norm: 0.7455
[iter 18850]loss: 3.0123, tokens/sec: 29336.09 ± 408.21, tokens seen: 2470707200, grad norm: 1.0847
[iter 18860]loss: 2.8228, tokens/sec: 29336.10 ± 408.10, tokens seen: 2472017920, grad norm: 1.6228
[iter 18870]loss: 3.0580, tokens/sec: 29336.12 ± 408.00, tokens seen: 2473328640, grad norm: 2.2069
[iter 18880]loss: 2.9184, tokens/sec: 29336.13 ± 407.89, tokens seen: 2474639360, grad norm: 1.6853
[iter 18890]loss: 3.0151, tokens/sec: 29336.15 ± 407.78, tokens seen: 2475950080, grad norm: 0.5855
[iter 18900]loss: 2.8332, tokens/sec: 29336.16 ± 407.67, tokens seen: 2477260800, grad norm: 0.6936
[iter 18910]loss: 3.0081, tokens/sec: 29336.18 ± 407.57, tokens seen: 2478571520, grad norm: 0.6905
[iter 18920]loss: 2.8108, tokens/sec: 29336.19 ± 407.46, tokens seen: 2479882240, grad norm: 1.4508
[iter 18930]loss: 2.5302, tokens/sec: 29336.21 ± 407.35, tokens seen: 2481192960, grad norm: 2.0713
[iter 18940]loss: 3.1109, tokens/sec: 29336.22 ± 407.25, tokens seen: 2482503680, grad norm: 0.7360
[iter 18950]loss: 2.9743, tokens/sec: 29336.24 ± 407.14, tokens seen: 2483814400, grad norm: 0.7329
[iter 18960]loss: 2.9132, tokens/sec: 29336.25 ± 407.03, tokens seen: 2485125120, grad norm: 0.5818
[iter 18970]loss: 3.0303, tokens/sec: 29336.27 ± 406.92, tokens seen: 2486435840, grad norm: 0.7369
[iter 18980]loss: 2.9493, tokens/sec: 29336.28 ± 406.82, tokens seen: 2487746560, grad norm: 1.3304
[iter 18990]loss: 2.9710, tokens/sec: 29336.30 ± 406.71, tokens seen: 2489057280, grad norm: 1.6513
[step 19000]train loss: 3.0020, val loss: 3.0442, (avg train loss: 0.3755 ± 0.0177), (avg grad norm: 0.9773 ± 0.3681)
[iter 19000]loss: 3.5194, tokens/sec: 29336.31 ± 406.61, tokens seen: 2490368000, grad norm: 0.5502
[iter 19010]loss: 3.0296, tokens/sec: 29336.33 ± 406.50, tokens seen: 2491678720, grad norm: 1.2097
[iter 19020]loss: 3.1449, tokens/sec: 29336.35 ± 406.39, tokens seen: 2492989440, grad norm: 1.3888
[iter 19030]loss: 3.0239, tokens/sec: 29336.37 ± 406.29, tokens seen: 2494300160, grad norm: 0.5666
[iter 19040]loss: 3.0099, tokens/sec: 29336.38 ± 406.18, tokens seen: 2495610880, grad norm: 1.0998
[iter 19050]loss: 2.8341, tokens/sec: 29336.40 ± 406.07, tokens seen: 2496921600, grad norm: 1.3852
[iter 19060]loss: 3.0304, tokens/sec: 29336.41 ± 405.97, tokens seen: 2498232320, grad norm: 0.9176
[iter 19070]loss: 2.8514, tokens/sec: 29336.43 ± 405.86, tokens seen: 2499543040, grad norm: 1.0321
[iter 19080]loss: 2.9262, tokens/sec: 29336.44 ± 405.76, tokens seen: 2500853760, grad norm: 0.7413
[iter 19090]loss: 3.0299, tokens/sec: 29336.46 ± 405.65, tokens seen: 2502164480, grad norm: 1.0512
[iter 19100]loss: 2.9994, tokens/sec: 29336.47 ± 405.55, tokens seen: 2503475200, grad norm: 0.6467
[iter 19110]loss: 3.0500, tokens/sec: 29336.49 ± 405.44, tokens seen: 2504785920, grad norm: 1.7681
[iter 19120]loss: 3.1366, tokens/sec: 29336.50 ± 405.33, tokens seen: 2506096640, grad norm: 1.0879
[iter 19130]loss: 3.1659, tokens/sec: 29336.52 ± 405.23, tokens seen: 2507407360, grad norm: 0.6534
[iter 19140]loss: 3.2138, tokens/sec: 29336.53 ± 405.12, tokens seen: 2508718080, grad norm: 0.8655
[iter 19150]loss: 3.0187, tokens/sec: 29336.54 ± 405.02, tokens seen: 2510028800, grad norm: 2.1286
[iter 19160]loss: 3.0699, tokens/sec: 29336.56 ± 404.91, tokens seen: 2511339520, grad norm: 0.5777
[iter 19170]loss: 3.1716, tokens/sec: 29336.57 ± 404.81, tokens seen: 2512650240, grad norm: 0.6033
[iter 19180]loss: 3.2709, tokens/sec: 29336.59 ± 404.70, tokens seen: 2513960960, grad norm: 0.7080
[iter 19190]loss: 2.8171, tokens/sec: 29336.60 ± 404.60, tokens seen: 2515271680, grad norm: 1.0937
[iter 19200]loss: 2.8992, tokens/sec: 29336.40 ± 405.65, tokens seen: 2516582400, grad norm: 0.7284
[iter 19210]loss: 2.8131, tokens/sec: 29336.41 ± 405.55, tokens seen: 2517893120, grad norm: 1.0287
[iter 19220]loss: 2.8966, tokens/sec: 29336.43 ± 405.44, tokens seen: 2519203840, grad norm: 0.6231
[iter 19230]loss: 3.1144, tokens/sec: 29336.44 ± 405.34, tokens seen: 2520514560, grad norm: 0.6190
[iter 19240]loss: 3.0018, tokens/sec: 29336.45 ± 405.23, tokens seen: 2521825280, grad norm: 0.7313
[iter 19250]loss: 2.9287, tokens/sec: 29336.47 ± 405.13, tokens seen: 2523136000, grad norm: 0.6628
[iter 19260]loss: 3.0701, tokens/sec: 29336.48 ± 405.02, tokens seen: 2524446720, grad norm: 1.7622
[iter 19270]loss: 2.9553, tokens/sec: 29336.23 ± 406.67, tokens seen: 2525757440, grad norm: 1.4585
[iter 19280]loss: 3.0809, tokens/sec: 29336.24 ± 406.56, tokens seen: 2527068160, grad norm: 0.8272
[iter 19290]loss: 2.9022, tokens/sec: 29336.25 ± 406.46, tokens seen: 2528378880, grad norm: 0.7463
[iter 19300]loss: 2.8956, tokens/sec: 29336.26 ± 406.35, tokens seen: 2529689600, grad norm: 0.6163
[iter 19310]loss: 3.0227, tokens/sec: 29336.27 ± 406.25, tokens seen: 2531000320, grad norm: 1.0136
[iter 19320]loss: 3.1731, tokens/sec: 29336.29 ± 406.14, tokens seen: 2532311040, grad norm: 1.5292
[iter 19330]loss: 3.1480, tokens/sec: 29336.30 ± 406.04, tokens seen: 2533621760, grad norm: 0.8188
[iter 19340]loss: 2.9650, tokens/sec: 29336.32 ± 405.93, tokens seen: 2534932480, grad norm: 0.5264
[iter 19350]loss: 2.9188, tokens/sec: 29336.33 ± 405.83, tokens seen: 2536243200, grad norm: 1.4198
[iter 19360]loss: 3.1596, tokens/sec: 29336.35 ± 405.72, tokens seen: 2537553920, grad norm: 1.0491
[iter 19370]loss: 2.6037, tokens/sec: 29336.36 ± 405.62, tokens seen: 2538864640, grad norm: 0.6113
[iter 19380]loss: 3.1927, tokens/sec: 29336.38 ± 405.52, tokens seen: 2540175360, grad norm: 0.8131
[iter 19390]loss: 2.9551, tokens/sec: 29336.39 ± 405.41, tokens seen: 2541486080, grad norm: 0.9851
[iter 19400]loss: 3.3901, tokens/sec: 29336.41 ± 405.31, tokens seen: 2542796800, grad norm: 1.0017
[iter 19410]loss: 2.6183, tokens/sec: 29336.42 ± 405.20, tokens seen: 2544107520, grad norm: 0.6505
[iter 19420]loss: 3.0123, tokens/sec: 29336.44 ± 405.10, tokens seen: 2545418240, grad norm: 1.0027
[iter 19430]loss: 2.8670, tokens/sec: 29336.45 ± 405.00, tokens seen: 2546728960, grad norm: 0.7358
[iter 19440]loss: 2.9652, tokens/sec: 29336.47 ± 404.89, tokens seen: 2548039680, grad norm: 1.1016
[iter 19450]loss: 2.9066, tokens/sec: 29336.48 ± 404.79, tokens seen: 2549350400, grad norm: 1.1881
[iter 19460]loss: 2.9877, tokens/sec: 29336.49 ± 404.69, tokens seen: 2550661120, grad norm: 0.6223
[iter 19470]loss: 2.8850, tokens/sec: 29336.51 ± 404.58, tokens seen: 2551971840, grad norm: 0.9137
[iter 19480]loss: 3.0904, tokens/sec: 29336.52 ± 404.48, tokens seen: 2553282560, grad norm: 0.7852
[iter 19490]loss: 2.9379, tokens/sec: 29336.54 ± 404.38, tokens seen: 2554593280, grad norm: 1.0348
[step 19500]train loss: 3.0094, val loss: 3.0177, (avg train loss: 0.3744 ± 0.0178), (avg grad norm: 1.0521 ± 0.4591)
saving checkpoint to ./out-owt-large-mhc-group-lora-dense-midnorm-bs8-30000step
[iter 19500]loss: 3.1288, tokens/sec: 29336.55 ± 404.27, tokens seen: 2555904000, grad norm: 1.5587
[iter 19510]loss: 3.0338, tokens/sec: 29336.57 ± 404.17, tokens seen: 2557214720, grad norm: 2.1530
[iter 19520]loss: 2.9146, tokens/sec: 29336.58 ± 404.07, tokens seen: 2558525440, grad norm: 1.1350
[iter 19530]loss: 2.8252, tokens/sec: 29336.60 ± 403.96, tokens seen: 2559836160, grad norm: 0.9874
[iter 19540]loss: 2.9565, tokens/sec: 29336.61 ± 403.86, tokens seen: 2561146880, grad norm: 1.5537
[iter 19550]loss: 2.8733, tokens/sec: 29336.63 ± 403.76, tokens seen: 2562457600, grad norm: 1.5952
[iter 19560]loss: 3.1698, tokens/sec: 29336.64 ± 403.66, tokens seen: 2563768320, grad norm: 0.8478
[iter 19570]loss: 3.2828, tokens/sec: 29336.65 ± 403.55, tokens seen: 2565079040, grad norm: 2.1139
[iter 19580]loss: 3.0692, tokens/sec: 29336.67 ± 403.45, tokens seen: 2566389760, grad norm: 0.6666
[iter 19590]loss: 3.0971, tokens/sec: 29336.47 ± 404.45, tokens seen: 2567700480, grad norm: 2.7697
[iter 19600]loss: 2.9615, tokens/sec: 29336.48 ± 404.35, tokens seen: 2569011200, grad norm: 0.9194
[iter 19610]loss: 3.0116, tokens/sec: 29336.50 ± 404.25, tokens seen: 2570321920, grad norm: 2.6094
[iter 19620]loss: 2.9245, tokens/sec: 29336.51 ± 404.15, tokens seen: 2571632640, grad norm: 0.6682
[iter 19630]loss: 3.0354, tokens/sec: 29336.53 ± 404.04, tokens seen: 2572943360, grad norm: 0.8235
[iter 19640]loss: 3.1837, tokens/sec: 29336.54 ± 403.94, tokens seen: 2574254080, grad norm: 3.2132
[iter 19650]loss: 3.1277, tokens/sec: 29336.56 ± 403.84, tokens seen: 2575564800, grad norm: 2.2060
[iter 19660]loss: 2.8857, tokens/sec: 29336.57 ± 403.74, tokens seen: 2576875520, grad norm: 1.3359
[iter 19670]loss: 3.1881, tokens/sec: 29336.58 ± 403.63, tokens seen: 2578186240, grad norm: 1.1542
[iter 19680]loss: 2.8578, tokens/sec: 29336.59 ± 403.53, tokens seen: 2579496960, grad norm: 1.3908
[iter 19690]loss: 2.7500, tokens/sec: 29336.61 ± 403.43, tokens seen: 2580807680, grad norm: 2.4855
[iter 19700]loss: 2.8066, tokens/sec: 29336.62 ± 403.33, tokens seen: 2582118400, grad norm: 1.2559
[iter 19710]loss: 3.0275, tokens/sec: 29336.64 ± 403.23, tokens seen: 2583429120, grad norm: 1.4551
[iter 19720]loss: 3.3165, tokens/sec: 29336.65 ± 403.13, tokens seen: 2584739840, grad norm: 1.4109
[iter 19730]loss: 3.1594, tokens/sec: 29336.67 ± 403.02, tokens seen: 2586050560, grad norm: 1.8809
[iter 19740]loss: 2.9383, tokens/sec: 29336.68 ± 402.92, tokens seen: 2587361280, grad norm: 0.7890
[iter 19750]loss: 2.7796, tokens/sec: 29336.70 ± 402.82, tokens seen: 2588672000, grad norm: 1.1009
[iter 19760]loss: 3.1678, tokens/sec: 29336.44 ± 404.45, tokens seen: 2589982720, grad norm: 0.7529
[iter 19770]loss: 2.9338, tokens/sec: 29336.45 ± 404.35, tokens seen: 2591293440, grad norm: 1.0521
[iter 19780]loss: 2.8353, tokens/sec: 29336.46 ± 404.25, tokens seen: 2592604160, grad norm: 0.6479
[iter 19790]loss: 3.1577, tokens/sec: 29336.48 ± 404.15, tokens seen: 2593914880, grad norm: 0.9503
[iter 19800]loss: 2.9504, tokens/sec: 29336.49 ± 404.05, tokens seen: 2595225600, grad norm: 0.7944
[iter 19810]loss: 3.1635, tokens/sec: 29336.50 ± 403.94, tokens seen: 2596536320, grad norm: 1.9622
[iter 19820]loss: 2.6459, tokens/sec: 29336.51 ± 403.84, tokens seen: 2597847040, grad norm: 1.2833
[iter 19830]loss: 3.1564, tokens/sec: 29336.52 ± 403.74, tokens seen: 2599157760, grad norm: 1.2363
[iter 19840]loss: 2.8369, tokens/sec: 29336.54 ± 403.64, tokens seen: 2600468480, grad norm: 0.6476
[iter 19850]loss: 2.9521, tokens/sec: 29336.55 ± 403.54, tokens seen: 2601779200, grad norm: 1.0637
[iter 19860]loss: 2.9270, tokens/sec: 29336.56 ± 403.44, tokens seen: 2603089920, grad norm: 4.4148
[iter 19870]loss: 3.0969, tokens/sec: 29336.58 ± 403.34, tokens seen: 2604400640, grad norm: 1.0282
[iter 19880]loss: 3.0765, tokens/sec: 29336.59 ± 403.24, tokens seen: 2605711360, grad norm: 0.8242
[iter 19890]loss: 3.0324, tokens/sec: 29336.61 ± 403.13, tokens seen: 2607022080, grad norm: 0.7097
[iter 19900]loss: 3.0344, tokens/sec: 29336.62 ± 403.03, tokens seen: 2608332800, grad norm: 1.1672
[iter 19910]loss: 2.8119, tokens/sec: 29336.64 ± 402.93, tokens seen: 2609643520, grad norm: 1.8306
[iter 19920]loss: 3.0072, tokens/sec: 29336.65 ± 402.83, tokens seen: 2610954240, grad norm: 1.4175
[iter 19930]loss: 3.1298, tokens/sec: 29336.66 ± 402.73, tokens seen: 2612264960, grad norm: 1.5330
[iter 19940]loss: 2.9680, tokens/sec: 29336.67 ± 402.63, tokens seen: 2613575680, grad norm: 1.5817
[iter 19950]loss: 2.7280, tokens/sec: 29336.69 ± 402.53, tokens seen: 2614886400, grad norm: 0.6643
[iter 19960]loss: 3.2630, tokens/sec: 29336.70 ± 402.43, tokens seen: 2616197120, grad norm: 0.7988
[iter 19970]loss: 2.9337, tokens/sec: 29336.50 ± 403.42, tokens seen: 2617507840, grad norm: 0.9677
[iter 19980]loss: 3.1092, tokens/sec: 29336.52 ± 403.32, tokens seen: 2618818560, grad norm: 1.5032
[iter 19990]loss: 3.1672, tokens/sec: 29336.53 ± 403.22, tokens seen: 2620129280, grad norm: 0.6325
[step 20000]train loss: 3.0166, val loss: 3.0098, (avg train loss: 0.3744 ± 0.0177), (avg grad norm: 1.3230 ± 0.6226)
saving checkpoint to ./out-owt-large-mhc-group-lora-dense-midnorm-bs8-30000step
[iter 20000]loss: 3.0393, tokens/sec: 29336.54 ± 403.12, tokens seen: 2621440000, grad norm: 0.7670
[iter 20010]loss: 2.8464, tokens/sec: 29336.56 ± 403.02, tokens seen: 2622750720, grad norm: 1.9111
[iter 20020]loss: 2.9576, tokens/sec: 29336.58 ± 402.92, tokens seen: 2624061440, grad norm: 1.5655
[iter 20030]loss: 3.0509, tokens/sec: 29336.59 ± 402.82, tokens seen: 2625372160, grad norm: 1.2023
[iter 20040]loss: 3.0276, tokens/sec: 29336.61 ± 402.72, tokens seen: 2626682880, grad norm: 1.5915
[iter 20050]loss: 2.8953, tokens/sec: 29336.62 ± 402.62, tokens seen: 2627993600, grad norm: 0.7733
[iter 20060]loss: 3.3290, tokens/sec: 29336.63 ± 402.52, tokens seen: 2629304320, grad norm: 0.7297
[iter 20070]loss: 3.0673, tokens/sec: 29336.65 ± 402.42, tokens seen: 2630615040, grad norm: 0.7753
[iter 20080]loss: 3.0890, tokens/sec: 29336.66 ± 402.32, tokens seen: 2631925760, grad norm: 0.9731
[iter 20090]loss: 2.8822, tokens/sec: 29336.67 ± 402.22, tokens seen: 2633236480, grad norm: 1.3185
[iter 20100]loss: 2.8489, tokens/sec: 29336.69 ± 402.12, tokens seen: 2634547200, grad norm: 1.3594
[iter 20110]loss: 2.9515, tokens/sec: 29336.70 ± 402.02, tokens seen: 2635857920, grad norm: 0.8716
[iter 20120]loss: 3.0298, tokens/sec: 29336.71 ± 401.92, tokens seen: 2637168640, grad norm: 1.5198
[iter 20130]loss: 3.2131, tokens/sec: 29336.73 ± 401.82, tokens seen: 2638479360, grad norm: 0.8600
[iter 20140]loss: 2.9511, tokens/sec: 29336.74 ± 401.72, tokens seen: 2639790080, grad norm: 0.9359
[iter 20150]loss: 2.9992, tokens/sec: 29336.75 ± 401.62, tokens seen: 2641100800, grad norm: 1.2460
[iter 20160]loss: 3.0693, tokens/sec: 29336.77 ± 401.53, tokens seen: 2642411520, grad norm: 1.6339
[iter 20170]loss: 3.0540, tokens/sec: 29336.78 ± 401.43, tokens seen: 2643722240, grad norm: 1.0344
[iter 20180]loss: 2.9496, tokens/sec: 29336.79 ± 401.33, tokens seen: 2645032960, grad norm: 1.0759
[iter 20190]loss: 2.9547, tokens/sec: 29336.81 ± 401.23, tokens seen: 2646343680, grad norm: 1.7674
[iter 20200]loss: 3.1728, tokens/sec: 29336.82 ± 401.13, tokens seen: 2647654400, grad norm: 1.2905
[iter 20210]loss: 2.9633, tokens/sec: 29336.83 ± 401.03, tokens seen: 2648965120, grad norm: 1.6668
[iter 20220]loss: 3.0169, tokens/sec: 29336.85 ± 400.93, tokens seen: 2650275840, grad norm: 1.4618
[iter 20230]loss: 3.1943, tokens/sec: 29336.86 ± 400.83, tokens seen: 2651586560, grad norm: 1.4699
[iter 20240]loss: 3.1570, tokens/sec: 29336.61 ± 402.44, tokens seen: 2652897280, grad norm: 1.4459
[iter 20250]loss: 3.0366, tokens/sec: 29336.62 ± 402.34, tokens seen: 2654208000, grad norm: 0.7579
[iter 20260]loss: 2.9345, tokens/sec: 29336.64 ± 402.24, tokens seen: 2655518720, grad norm: 3.7069
[iter 20270]loss: 2.9248, tokens/sec: 29336.65 ± 402.14, tokens seen: 2656829440, grad norm: 0.9429
[iter 20280]loss: 3.0400, tokens/sec: 29336.66 ± 402.05, tokens seen: 2658140160, grad norm: 0.8337
[iter 20290]loss: 2.9567, tokens/sec: 29336.67 ± 401.95, tokens seen: 2659450880, grad norm: 1.8382
[iter 20300]loss: 3.2846, tokens/sec: 29336.68 ± 401.85, tokens seen: 2660761600, grad norm: 1.5126
[iter 20310]loss: 2.9172, tokens/sec: 29336.70 ± 401.75, tokens seen: 2662072320, grad norm: 3.5129
[iter 20320]loss: 3.0731, tokens/sec: 29336.71 ± 401.65, tokens seen: 2663383040, grad norm: 0.7108
[iter 20330]loss: 3.1495, tokens/sec: 29336.73 ± 401.55, tokens seen: 2664693760, grad norm: 0.7734
[iter 20340]loss: 3.1784, tokens/sec: 29336.74 ± 401.45, tokens seen: 2666004480, grad norm: 1.0193
[iter 20350]loss: 3.0262, tokens/sec: 29336.54 ± 402.43, tokens seen: 2667315200, grad norm: 0.8026
[iter 20360]loss: 3.0549, tokens/sec: 29336.55 ± 402.34, tokens seen: 2668625920, grad norm: 1.7717
[iter 20370]loss: 3.1677, tokens/sec: 29336.57 ± 402.24, tokens seen: 2669936640, grad norm: 3.4538
[iter 20380]loss: 3.2248, tokens/sec: 29336.58 ± 402.14, tokens seen: 2671247360, grad norm: 0.8973
[iter 20390]loss: 3.0122, tokens/sec: 29336.60 ± 402.04, tokens seen: 2672558080, grad norm: 1.3253
[iter 20400]loss: 2.9672, tokens/sec: 29336.61 ± 401.94, tokens seen: 2673868800, grad norm: 0.9091
[iter 20410]loss: 2.9784, tokens/sec: 29336.62 ± 401.84, tokens seen: 2675179520, grad norm: 0.8588
[iter 20420]loss: 3.0448, tokens/sec: 29336.64 ± 401.75, tokens seen: 2676490240, grad norm: 0.7795
[iter 20430]loss: 3.1299, tokens/sec: 29336.65 ± 401.65, tokens seen: 2677800960, grad norm: 1.3339
[iter 20440]loss: 2.9363, tokens/sec: 29336.66 ± 401.55, tokens seen: 2679111680, grad norm: 1.6390
[iter 20450]loss: 3.2202, tokens/sec: 29336.68 ± 401.45, tokens seen: 2680422400, grad norm: 4.3834
[iter 20460]loss: 3.1971, tokens/sec: 29336.69 ± 401.36, tokens seen: 2681733120, grad norm: 3.7419
[iter 20470]loss: 2.9354, tokens/sec: 29336.70 ± 401.26, tokens seen: 2683043840, grad norm: 0.7573
[iter 20480]loss: 2.9229, tokens/sec: 29336.72 ± 401.16, tokens seen: 2684354560, grad norm: 1.1282
[iter 20490]loss: 3.0031, tokens/sec: 29336.72 ± 401.06, tokens seen: 2685665280, grad norm: 2.0169
[step 20500]train loss: 3.0022, val loss: 3.0190, (avg train loss: 0.3753 ± 0.0172), (avg grad norm: 1.6116 ± 0.7933)
[iter 20500]loss: 2.7045, tokens/sec: 29336.74 ± 400.97, tokens seen: 2686976000, grad norm: 1.8713
[iter 20510]loss: 2.8404, tokens/sec: 29336.75 ± 400.87, tokens seen: 2688286720, grad norm: 1.0948
[iter 20520]loss: 2.8222, tokens/sec: 29336.77 ± 400.77, tokens seen: 2689597440, grad norm: 1.6674
[iter 20530]loss: 3.0466, tokens/sec: 29336.78 ± 400.67, tokens seen: 2690908160, grad norm: 1.6540
[iter 20540]loss: 3.0229, tokens/sec: 29336.79 ± 400.58, tokens seen: 2692218880, grad norm: 1.3616
[iter 20550]loss: 3.0334, tokens/sec: 29336.81 ± 400.48, tokens seen: 2693529600, grad norm: 1.4866
[iter 20560]loss: 3.2835, tokens/sec: 29336.82 ± 400.38, tokens seen: 2694840320, grad norm: 0.7320
[iter 20570]loss: 2.9587, tokens/sec: 29336.83 ± 400.29, tokens seen: 2696151040, grad norm: 1.2151
[iter 20580]loss: 3.1684, tokens/sec: 29336.85 ± 400.19, tokens seen: 2697461760, grad norm: 2.0826
[iter 20590]loss: 2.8094, tokens/sec: 29336.86 ± 400.09, tokens seen: 2698772480, grad norm: 2.3304
[iter 20600]loss: 3.3380, tokens/sec: 29336.87 ± 400.00, tokens seen: 2700083200, grad norm: 0.9578
[iter 20610]loss: 2.7906, tokens/sec: 29336.88 ± 399.90, tokens seen: 2701393920, grad norm: 1.6981
[iter 20620]loss: 2.9771, tokens/sec: 29336.90 ± 399.80, tokens seen: 2702704640, grad norm: 1.7394
[iter 20630]loss: 3.0726, tokens/sec: 29336.91 ± 399.71, tokens seen: 2704015360, grad norm: 3.1468
[iter 20640]loss: 3.2646, tokens/sec: 29336.92 ± 399.61, tokens seen: 2705326080, grad norm: 0.9072
[iter 20650]loss: 3.0825, tokens/sec: 29336.94 ± 399.51, tokens seen: 2706636800, grad norm: 1.0967
[iter 20660]loss: 3.0139, tokens/sec: 29336.95 ± 399.42, tokens seen: 2707947520, grad norm: 0.7568
[iter 20670]loss: 2.9891, tokens/sec: 29336.96 ± 399.32, tokens seen: 2709258240, grad norm: 0.8691
[iter 20680]loss: 2.9664, tokens/sec: 29336.98 ± 399.23, tokens seen: 2710568960, grad norm: 3.2039
[iter 20690]loss: 2.8767, tokens/sec: 29336.99 ± 399.13, tokens seen: 2711879680, grad norm: 0.8096
[iter 20700]loss: 2.7335, tokens/sec: 29337.00 ± 399.03, tokens seen: 2713190400, grad norm: 0.7364
[iter 20710]loss: 3.2279, tokens/sec: 29337.02 ± 398.94, tokens seen: 2714501120, grad norm: 0.9176
[iter 20720]loss: 2.9962, tokens/sec: 29336.78 ± 400.51, tokens seen: 2715811840, grad norm: 3.4679
[iter 20730]loss: 3.0271, tokens/sec: 29336.79 ± 400.41, tokens seen: 2717122560, grad norm: 2.0489
[iter 20740]loss: 3.0986, tokens/sec: 29336.60 ± 401.41, tokens seen: 2718433280, grad norm: 2.5832
[iter 20750]loss: 2.9636, tokens/sec: 29336.61 ± 401.32, tokens seen: 2719744000, grad norm: 1.6026
[iter 20760]loss: 2.9514, tokens/sec: 29336.62 ± 401.22, tokens seen: 2721054720, grad norm: 1.0762
[iter 20770]loss: 2.7700, tokens/sec: 29336.64 ± 401.12, tokens seen: 2722365440, grad norm: 2.9967
[iter 20780]loss: 3.0163, tokens/sec: 29336.65 ± 401.03, tokens seen: 2723676160, grad norm: 1.9248
[iter 20790]loss: 3.0402, tokens/sec: 29336.67 ± 400.93, tokens seen: 2724986880, grad norm: 0.8030
[iter 20800]loss: 2.9944, tokens/sec: 29336.68 ± 400.84, tokens seen: 2726297600, grad norm: 1.9032
[iter 20810]loss: 3.1746, tokens/sec: 29336.69 ± 400.74, tokens seen: 2727608320, grad norm: 1.3586
[iter 20820]loss: 2.9043, tokens/sec: 29336.71 ± 400.64, tokens seen: 2728919040, grad norm: 0.8422
[iter 20830]loss: 2.9265, tokens/sec: 29336.72 ± 400.55, tokens seen: 2730229760, grad norm: 1.6992
[iter 20840]loss: 2.9371, tokens/sec: 29336.73 ± 400.45, tokens seen: 2731540480, grad norm: 1.3045
[iter 20850]loss: 3.0317, tokens/sec: 29336.75 ± 400.36, tokens seen: 2732851200, grad norm: 1.3128
[iter 20860]loss: 2.8963, tokens/sec: 29336.76 ± 400.26, tokens seen: 2734161920, grad norm: 1.4795
[iter 20870]loss: 3.0701, tokens/sec: 29336.77 ± 400.17, tokens seen: 2735472640, grad norm: 3.1879
[iter 20880]loss: 2.8861, tokens/sec: 29336.79 ± 400.07, tokens seen: 2736783360, grad norm: 1.0018
[iter 20890]loss: 3.0996, tokens/sec: 29336.80 ± 399.97, tokens seen: 2738094080, grad norm: 0.7586
[iter 20900]loss: 2.9858, tokens/sec: 29336.81 ± 399.88, tokens seen: 2739404800, grad norm: 1.8160
[iter 20910]loss: 3.0698, tokens/sec: 29336.83 ± 399.78, tokens seen: 2740715520, grad norm: 1.7945
[iter 20920]loss: 2.7512, tokens/sec: 29336.84 ± 399.69, tokens seen: 2742026240, grad norm: 1.0188
[iter 20930]loss: 3.1195, tokens/sec: 29336.85 ± 399.59, tokens seen: 2743336960, grad norm: 1.5285
[iter 20940]loss: 3.1206, tokens/sec: 29336.87 ± 399.50, tokens seen: 2744647680, grad norm: 1.2083
[iter 20950]loss: 3.0078, tokens/sec: 29336.88 ± 399.40, tokens seen: 2745958400, grad norm: 1.1604
[iter 20960]loss: 3.1568, tokens/sec: 29336.89 ± 399.31, tokens seen: 2747269120, grad norm: 3.0854
[iter 20970]loss: 2.6410, tokens/sec: 29336.90 ± 399.22, tokens seen: 2748579840, grad norm: 1.2513
[iter 20980]loss: 2.9150, tokens/sec: 29336.92 ± 399.12, tokens seen: 2749890560, grad norm: 1.5652
[iter 20990]loss: 2.9126, tokens/sec: 29336.93 ± 399.03, tokens seen: 2751201280, grad norm: 1.0777
[step 21000]train loss: 2.9856, val loss: 3.0082, (avg train loss: 0.3728 ± 0.0156), (avg grad norm: 1.7809 ± 0.8276)
saving checkpoint to ./out-owt-large-mhc-group-lora-dense-midnorm-bs8-30000step
[iter 21000]loss: 2.9485, tokens/sec: 29336.95 ± 398.93, tokens seen: 2752512000, grad norm: 1.4841
[iter 21010]loss: 3.2402, tokens/sec: 29336.96 ± 398.84, tokens seen: 2753822720, grad norm: 1.7881
[iter 21020]loss: 2.9061, tokens/sec: 29336.98 ± 398.74, tokens seen: 2755133440, grad norm: 1.5816
[iter 21030]loss: 3.0331, tokens/sec: 29336.99 ± 398.65, tokens seen: 2756444160, grad norm: 3.0809
[iter 21040]loss: 2.9536, tokens/sec: 29337.00 ± 398.55, tokens seen: 2757754880, grad norm: 1.5766
[iter 21050]loss: 2.9831, tokens/sec: 29337.01 ± 398.46, tokens seen: 2759065600, grad norm: 2.4049
[iter 21060]loss: 2.9619, tokens/sec: 29337.02 ± 398.37, tokens seen: 2760376320, grad norm: 1.2766
[iter 21070]loss: 3.1731, tokens/sec: 29337.04 ± 398.27, tokens seen: 2761687040, grad norm: 1.9024
[iter 21080]loss: 2.6065, tokens/sec: 29337.05 ± 398.18, tokens seen: 2762997760, grad norm: 1.6387
[iter 21090]loss: 3.1556, tokens/sec: 29337.06 ± 398.08, tokens seen: 2764308480, grad norm: 1.6286
[iter 21100]loss: 2.7732, tokens/sec: 29337.07 ± 397.99, tokens seen: 2765619200, grad norm: 1.5771
[iter 21110]loss: 2.7965, tokens/sec: 29337.08 ± 397.90, tokens seen: 2766929920, grad norm: 0.9609
[iter 21120]loss: 2.9769, tokens/sec: 29336.90 ± 398.83, tokens seen: 2768240640, grad norm: 2.5488
[iter 21130]loss: 3.0548, tokens/sec: 29336.91 ± 398.74, tokens seen: 2769551360, grad norm: 0.7485
[iter 21140]loss: 3.2141, tokens/sec: 29336.92 ± 398.64, tokens seen: 2770862080, grad norm: 1.6140
[iter 21150]loss: 2.6851, tokens/sec: 29336.94 ± 398.55, tokens seen: 2772172800, grad norm: 2.8086
[iter 21160]loss: 2.8615, tokens/sec: 29336.95 ± 398.45, tokens seen: 2773483520, grad norm: 1.2039
[iter 21170]loss: 3.1204, tokens/sec: 29336.96 ± 398.36, tokens seen: 2774794240, grad norm: 0.8096
[iter 21180]loss: 3.1323, tokens/sec: 29336.98 ± 398.27, tokens seen: 2776104960, grad norm: 1.6508
[iter 21190]loss: 3.1590, tokens/sec: 29336.99 ± 398.17, tokens seen: 2777415680, grad norm: 0.8010
[iter 21200]loss: 3.0572, tokens/sec: 29337.00 ± 398.08, tokens seen: 2778726400, grad norm: 1.6699
[iter 21210]loss: 2.8229, tokens/sec: 29336.76 ± 399.67, tokens seen: 2780037120, grad norm: 0.9560
[iter 21220]loss: 2.9867, tokens/sec: 29336.78 ± 399.57, tokens seen: 2781347840, grad norm: 3.5496
[iter 21230]loss: 2.8647, tokens/sec: 29336.79 ± 399.48, tokens seen: 2782658560, grad norm: 1.0144
[iter 21240]loss: 3.0947, tokens/sec: 29336.81 ± 399.39, tokens seen: 2783969280, grad norm: 3.1756
[iter 21250]loss: 2.8958, tokens/sec: 29336.82 ± 399.29, tokens seen: 2785280000, grad norm: 1.0219
[iter 21260]loss: 2.8757, tokens/sec: 29336.83 ± 399.20, tokens seen: 2786590720, grad norm: 0.9769
[iter 21270]loss: 3.0686, tokens/sec: 29336.85 ± 399.11, tokens seen: 2787901440, grad norm: 3.7118
[iter 21280]loss: 3.2187, tokens/sec: 29336.86 ± 399.01, tokens seen: 2789212160, grad norm: 1.4227
[iter 21290]loss: 2.9904, tokens/sec: 29336.87 ± 398.92, tokens seen: 2790522880, grad norm: 1.1193
[iter 21300]loss: 3.1141, tokens/sec: 29336.89 ± 398.83, tokens seen: 2791833600, grad norm: 3.3067
[iter 21310]loss: 2.7957, tokens/sec: 29336.90 ± 398.73, tokens seen: 2793144320, grad norm: 1.2209
[iter 21320]loss: 3.0346, tokens/sec: 29336.91 ± 398.64, tokens seen: 2794455040, grad norm: 2.3849
[iter 21330]loss: 3.0184, tokens/sec: 29336.93 ± 398.55, tokens seen: 2795765760, grad norm: 2.3681
[iter 21340]loss: 2.8858, tokens/sec: 29336.94 ± 398.45, tokens seen: 2797076480, grad norm: 0.8623
[iter 21350]loss: 3.0054, tokens/sec: 29336.95 ± 398.36, tokens seen: 2798387200, grad norm: 1.3651
[iter 21360]loss: 3.3273, tokens/sec: 29336.97 ± 398.27, tokens seen: 2799697920, grad norm: 3.0640
[iter 21370]loss: 2.9355, tokens/sec: 29336.98 ± 398.18, tokens seen: 2801008640, grad norm: 2.9713
[iter 21380]loss: 3.2125, tokens/sec: 29336.99 ± 398.08, tokens seen: 2802319360, grad norm: 1.6684
[iter 21390]loss: 3.0475, tokens/sec: 29337.01 ± 397.99, tokens seen: 2803630080, grad norm: 0.7929
[iter 21400]loss: 2.9282, tokens/sec: 29337.02 ± 397.90, tokens seen: 2804940800, grad norm: 2.1014
[iter 21410]loss: 2.9812, tokens/sec: 29337.03 ± 397.81, tokens seen: 2806251520, grad norm: 0.8792
[iter 21420]loss: 2.8189, tokens/sec: 29337.04 ± 397.71, tokens seen: 2807562240, grad norm: 1.1648
[iter 21430]loss: 2.7639, tokens/sec: 29337.06 ± 397.62, tokens seen: 2808872960, grad norm: 1.2170
[iter 21440]loss: 3.2041, tokens/sec: 29337.07 ± 397.53, tokens seen: 2810183680, grad norm: 3.0107
[iter 21450]loss: 3.1243, tokens/sec: 29337.08 ± 397.44, tokens seen: 2811494400, grad norm: 1.4812
[iter 21460]loss: 3.2882, tokens/sec: 29337.10 ± 397.34, tokens seen: 2812805120, grad norm: 1.3067
[iter 21470]loss: 2.9794, tokens/sec: 29337.11 ± 397.25, tokens seen: 2814115840, grad norm: 2.0346
[iter 21480]loss: 2.8961, tokens/sec: 29337.12 ± 397.16, tokens seen: 2815426560, grad norm: 3.5367
[iter 21490]loss: 2.8475, tokens/sec: 29337.13 ± 397.07, tokens seen: 2816737280, grad norm: 2.8988
[step 21500]train loss: 3.0017, val loss: 2.9941, (avg train loss: 0.3737 ± 0.0165), (avg grad norm: 2.0715 ± 1.1581)
saving checkpoint to ./out-owt-large-mhc-group-lora-dense-midnorm-bs8-30000step
[iter 21500]loss: 2.8032, tokens/sec: 29337.15 ± 396.98, tokens seen: 2818048000, grad norm: 5.0645
[iter 21510]loss: 2.7304, tokens/sec: 29336.96 ± 397.89, tokens seen: 2819358720, grad norm: 2.8079
[iter 21520]loss: 2.7731, tokens/sec: 29336.98 ± 397.80, tokens seen: 2820669440, grad norm: 2.0965
[iter 21530]loss: 3.1206, tokens/sec: 29336.99 ± 397.71, tokens seen: 2821980160, grad norm: 1.1952
[iter 21540]loss: 2.9002, tokens/sec: 29337.00 ± 397.62, tokens seen: 2823290880, grad norm: 3.1685
[iter 21550]loss: 3.0645, tokens/sec: 29337.01 ± 397.52, tokens seen: 2824601600, grad norm: 1.7145
[iter 21560]loss: 3.1064, tokens/sec: 29337.03 ± 397.43, tokens seen: 2825912320, grad norm: 2.7594
[iter 21570]loss: 3.1505, tokens/sec: 29337.04 ± 397.34, tokens seen: 2827223040, grad norm: 2.3264
[iter 21580]loss: 3.0372, tokens/sec: 29337.05 ± 397.25, tokens seen: 2828533760, grad norm: 1.9434
[iter 21590]loss: 3.1331, tokens/sec: 29337.06 ± 397.16, tokens seen: 2829844480, grad norm: 1.3984
[iter 21600]loss: 2.8925, tokens/sec: 29337.08 ± 397.07, tokens seen: 2831155200, grad norm: 1.5620
[iter 21610]loss: 2.6897, tokens/sec: 29337.09 ± 396.97, tokens seen: 2832465920, grad norm: 1.7593
[iter 21620]loss: 2.9246, tokens/sec: 29337.10 ± 396.88, tokens seen: 2833776640, grad norm: 2.2967
[iter 21630]loss: 3.2413, tokens/sec: 29337.11 ± 396.79, tokens seen: 2835087360, grad norm: 2.1311
[iter 21640]loss: 3.0332, tokens/sec: 29337.12 ± 396.70, tokens seen: 2836398080, grad norm: 0.9723
[iter 21650]loss: 3.1995, tokens/sec: 29337.14 ± 396.61, tokens seen: 2837708800, grad norm: 1.4673
[iter 21660]loss: 3.0839, tokens/sec: 29337.15 ± 396.52, tokens seen: 2839019520, grad norm: 0.9106
[iter 21670]loss: 2.9045, tokens/sec: 29337.16 ± 396.43, tokens seen: 2840330240, grad norm: 0.8141
[iter 21680]loss: 3.0434, tokens/sec: 29337.17 ± 396.34, tokens seen: 2841640960, grad norm: 1.5828
[iter 21690]loss: 3.1095, tokens/sec: 29336.94 ± 397.84, tokens seen: 2842951680, grad norm: 0.9183
[iter 21700]loss: 3.3748, tokens/sec: 29336.95 ± 397.75, tokens seen: 2844262400, grad norm: 1.1301
[iter 21710]loss: 3.0561, tokens/sec: 29336.97 ± 397.66, tokens seen: 2845573120, grad norm: 2.4318
[iter 21720]loss: 2.8584, tokens/sec: 29336.98 ± 397.57, tokens seen: 2846883840, grad norm: 1.1528
[iter 21730]loss: 3.0834, tokens/sec: 29336.99 ± 397.48, tokens seen: 2848194560, grad norm: 2.7817
[iter 21740]loss: 2.9476, tokens/sec: 29337.01 ± 397.39, tokens seen: 2849505280, grad norm: 3.3262
[iter 21750]loss: 2.8931, tokens/sec: 29337.02 ± 397.29, tokens seen: 2850816000, grad norm: 2.1245
[iter 21760]loss: 3.0547, tokens/sec: 29337.03 ± 397.20, tokens seen: 2852126720, grad norm: 1.0302
[iter 21770]loss: 3.2264, tokens/sec: 29337.04 ± 397.11, tokens seen: 2853437440, grad norm: 2.2945
[iter 21780]loss: 2.9689, tokens/sec: 29337.06 ± 397.02, tokens seen: 2854748160, grad norm: 1.8681
[iter 21790]loss: 3.0842, tokens/sec: 29337.07 ± 396.93, tokens seen: 2856058880, grad norm: 1.5346
[iter 21800]loss: 2.5821, tokens/sec: 29337.08 ± 396.84, tokens seen: 2857369600, grad norm: 0.8222
[iter 21810]loss: 2.8888, tokens/sec: 29337.09 ± 396.75, tokens seen: 2858680320, grad norm: 2.5783
[iter 21820]loss: 3.0463, tokens/sec: 29337.11 ± 396.66, tokens seen: 2859991040, grad norm: 3.2393
[iter 21830]loss: 3.2172, tokens/sec: 29337.12 ± 396.57, tokens seen: 2861301760, grad norm: 2.2496
[iter 21840]loss: 3.1278, tokens/sec: 29337.13 ± 396.48, tokens seen: 2862612480, grad norm: 1.6666
[iter 21850]loss: 3.0037, tokens/sec: 29337.14 ± 396.39, tokens seen: 2863923200, grad norm: 1.2080
[iter 21860]loss: 3.0389, tokens/sec: 29337.15 ± 396.30, tokens seen: 2865233920, grad norm: 2.8687
[iter 21870]loss: 2.8912, tokens/sec: 29337.17 ± 396.21, tokens seen: 2866544640, grad norm: 1.6536
[iter 21880]loss: 3.2898, tokens/sec: 29337.18 ± 396.12, tokens seen: 2867855360, grad norm: 1.5456
[iter 21890]loss: 2.7843, tokens/sec: 29337.00 ± 397.04, tokens seen: 2869166080, grad norm: 1.1936
[iter 21900]loss: 2.8452, tokens/sec: 29337.01 ± 396.95, tokens seen: 2870476800, grad norm: 1.2839
[iter 21910]loss: 2.8943, tokens/sec: 29337.02 ± 396.86, tokens seen: 2871787520, grad norm: 1.7606
[iter 21920]loss: 2.7951, tokens/sec: 29337.03 ± 396.77, tokens seen: 2873098240, grad norm: 1.3453
[iter 21930]loss: 3.1381, tokens/sec: 29337.05 ± 396.68, tokens seen: 2874408960, grad norm: 1.3545
[iter 21940]loss: 3.2889, tokens/sec: 29337.06 ± 396.59, tokens seen: 2875719680, grad norm: 3.2697
[iter 21950]loss: 3.1560, tokens/sec: 29337.07 ± 396.50, tokens seen: 2877030400, grad norm: 2.9800
[iter 21960]loss: 3.3802, tokens/sec: 29337.08 ± 396.41, tokens seen: 2878341120, grad norm: 3.9314
[iter 21970]loss: 3.0976, tokens/sec: 29337.09 ± 396.32, tokens seen: 2879651840, grad norm: 3.4296
[iter 21980]loss: 3.1758, tokens/sec: 29337.11 ± 396.23, tokens seen: 2880962560, grad norm: 2.6535
[iter 21990]loss: 3.1907, tokens/sec: 29337.12 ± 396.14, tokens seen: 2882273280, grad norm: 2.1269
[step 22000]train loss: 2.9715, val loss: 3.0000, (avg train loss: 0.3765 ± 0.0187), (avg grad norm: 2.3377 ± 1.1079)
[iter 22000]loss: 3.0186, tokens/sec: 29337.13 ± 396.05, tokens seen: 2883584000, grad norm: 1.0054
[iter 22010]loss: 2.9288, tokens/sec: 29337.15 ± 395.96, tokens seen: 2884894720, grad norm: 1.3694
[iter 22020]loss: 3.1434, tokens/sec: 29337.16 ± 395.87, tokens seen: 2886205440, grad norm: 3.3265
[iter 22030]loss: 3.1080, tokens/sec: 29337.17 ± 395.78, tokens seen: 2887516160, grad norm: 1.3555
[iter 22040]loss: 3.0934, tokens/sec: 29337.19 ± 395.69, tokens seen: 2888826880, grad norm: 2.0079
[iter 22050]loss: 3.0410, tokens/sec: 29337.20 ± 395.60, tokens seen: 2890137600, grad norm: 1.3852
[iter 22060]loss: 2.8495, tokens/sec: 29337.21 ± 395.51, tokens seen: 2891448320, grad norm: 1.8060
[iter 22070]loss: 3.1123, tokens/sec: 29337.22 ± 395.42, tokens seen: 2892759040, grad norm: 4.5275
[iter 22080]loss: 2.9894, tokens/sec: 29337.23 ± 395.34, tokens seen: 2894069760, grad norm: 1.7235
[iter 22090]loss: 3.0235, tokens/sec: 29337.25 ± 395.25, tokens seen: 2895380480, grad norm: 3.0656
[iter 22100]loss: 3.1446, tokens/sec: 29337.26 ± 395.16, tokens seen: 2896691200, grad norm: 1.5465
[iter 22110]loss: 2.8338, tokens/sec: 29337.27 ± 395.07, tokens seen: 2898001920, grad norm: 8.0377
[iter 22120]loss: 3.2045, tokens/sec: 29337.28 ± 394.98, tokens seen: 2899312640, grad norm: 1.5841
[iter 22130]loss: 2.6619, tokens/sec: 29337.30 ± 394.89, tokens seen: 2900623360, grad norm: 2.3359
[iter 22140]loss: 3.0275, tokens/sec: 29337.31 ± 394.80, tokens seen: 2901934080, grad norm: 15.3544
[iter 22150]loss: 2.7458, tokens/sec: 29337.32 ± 394.71, tokens seen: 2903244800, grad norm: 3.1292
[iter 22160]loss: 3.3656, tokens/sec: 29337.33 ± 394.62, tokens seen: 2904555520, grad norm: 2.4258
[iter 22170]loss: 2.9376, tokens/sec: 29337.11 ± 396.12, tokens seen: 2905866240, grad norm: 3.5074
[iter 22180]loss: 2.9558, tokens/sec: 29337.12 ± 396.03, tokens seen: 2907176960, grad norm: 2.2117
[iter 22190]loss: 3.2507, tokens/sec: 29337.13 ± 395.94, tokens seen: 2908487680, grad norm: 8.2803
[iter 22200]loss: 3.1083, tokens/sec: 29337.14 ± 395.85, tokens seen: 2909798400, grad norm: 2.9917
[iter 22210]loss: 2.9888, tokens/sec: 29337.15 ± 395.76, tokens seen: 2911109120, grad norm: 4.0248
[iter 22220]loss: 2.8494, tokens/sec: 29337.16 ± 395.67, tokens seen: 2912419840, grad norm: 2.5270
[iter 22230]loss: 3.1538, tokens/sec: 29337.17 ± 395.58, tokens seen: 2913730560, grad norm: 1.5294
[iter 22240]loss: 2.7944, tokens/sec: 29337.19 ± 395.50, tokens seen: 2915041280, grad norm: 2.2111
[iter 22250]loss: 2.7692, tokens/sec: 29337.20 ± 395.41, tokens seen: 2916352000, grad norm: 5.4429
[iter 22260]loss: 3.0540, tokens/sec: 29337.21 ± 395.32, tokens seen: 2917662720, grad norm: 4.3982
[iter 22270]loss: 3.0127, tokens/sec: 29337.03 ± 396.27, tokens seen: 2918973440, grad norm: 1.1187
[iter 22280]loss: 2.8180, tokens/sec: 29337.04 ± 396.18, tokens seen: 2920284160, grad norm: 4.3754
[iter 22290]loss: 3.4131, tokens/sec: 29337.05 ± 396.09, tokens seen: 2921594880, grad norm: 1.5600
[iter 22300]loss: 2.7731, tokens/sec: 29337.07 ± 396.00, tokens seen: 2922905600, grad norm: 4.6905
[iter 22310]loss: 2.8472, tokens/sec: 29337.08 ± 395.92, tokens seen: 2924216320, grad norm: 3.6360
[iter 22320]loss: 2.8341, tokens/sec: 29337.09 ± 395.83, tokens seen: 2925527040, grad norm: 1.9825
[iter 22330]loss: 2.7246, tokens/sec: 29337.10 ± 395.74, tokens seen: 2926837760, grad norm: 2.0736
[iter 22340]loss: 3.0538, tokens/sec: 29337.12 ± 395.65, tokens seen: 2928148480, grad norm: 1.2198
[iter 22350]loss: 3.0364, tokens/sec: 29337.13 ± 395.56, tokens seen: 2929459200, grad norm: 3.2859
[iter 22360]loss: 2.8808, tokens/sec: 29337.14 ± 395.47, tokens seen: 2930769920, grad norm: 3.0965
[iter 22370]loss: 2.9357, tokens/sec: 29337.15 ± 395.39, tokens seen: 2932080640, grad norm: 1.4898
[iter 22380]loss: 3.3910, tokens/sec: 29337.16 ± 395.30, tokens seen: 2933391360, grad norm: 1.1151
[iter 22390]loss: 2.6520, tokens/sec: 29337.17 ± 395.21, tokens seen: 2934702080, grad norm: 2.0770
[iter 22400]loss: 2.9560, tokens/sec: 29337.19 ± 395.12, tokens seen: 2936012800, grad norm: 1.9610
[iter 22410]loss: 3.0994, tokens/sec: 29337.20 ± 395.04, tokens seen: 2937323520, grad norm: 1.9365
[iter 22420]loss: 3.1024, tokens/sec: 29337.21 ± 394.95, tokens seen: 2938634240, grad norm: 2.4175
[iter 22430]loss: 3.0525, tokens/sec: 29337.23 ± 394.86, tokens seen: 2939944960, grad norm: 1.1593
[iter 22440]loss: 2.9990, tokens/sec: 29337.24 ± 394.77, tokens seen: 2941255680, grad norm: 5.2448
[iter 22450]loss: 3.0823, tokens/sec: 29337.25 ± 394.68, tokens seen: 2942566400, grad norm: 3.4387
[iter 22460]loss: 2.7912, tokens/sec: 29337.26 ± 394.60, tokens seen: 2943877120, grad norm: 1.6025
[iter 22470]loss: 2.9681, tokens/sec: 29337.27 ± 394.51, tokens seen: 2945187840, grad norm: 3.1131
[iter 22480]loss: 3.1167, tokens/sec: 29337.28 ± 394.42, tokens seen: 2946498560, grad norm: 3.7754
[iter 22490]loss: 2.8732, tokens/sec: 29337.29 ± 394.34, tokens seen: 2947809280, grad norm: 1.7340
[step 22500]train loss: 2.9975, val loss: 2.9949, (avg train loss: 0.3740 ± 0.0172), (avg grad norm: 2.9092 ± 1.4246)
[iter 22500]loss: 3.1642, tokens/sec: 29337.31 ± 394.25, tokens seen: 2949120000, grad norm: 1.6834
[iter 22510]loss: 3.2607, tokens/sec: 29337.32 ± 394.16, tokens seen: 2950430720, grad norm: 1.2438
[iter 22520]loss: 2.7392, tokens/sec: 29337.33 ± 394.07, tokens seen: 2951741440, grad norm: 3.1046
[iter 22530]loss: 2.8414, tokens/sec: 29337.35 ± 393.99, tokens seen: 2953052160, grad norm: 4.8715
[iter 22540]loss: 2.9276, tokens/sec: 29337.36 ± 393.90, tokens seen: 2954362880, grad norm: 5.5356
[iter 22550]loss: 2.5372, tokens/sec: 29337.37 ± 393.81, tokens seen: 2955673600, grad norm: 3.5607
[iter 22560]loss: 3.0946, tokens/sec: 29337.38 ± 393.73, tokens seen: 2956984320, grad norm: 3.3399
[iter 22570]loss: 2.7304, tokens/sec: 29337.39 ± 393.64, tokens seen: 2958295040, grad norm: 3.1675
[iter 22580]loss: 3.0256, tokens/sec: 29337.41 ± 393.55, tokens seen: 2959605760, grad norm: 2.1535
[iter 22590]loss: 3.1987, tokens/sec: 29337.42 ± 393.47, tokens seen: 2960916480, grad norm: 2.2453
[iter 22600]loss: 3.0985, tokens/sec: 29337.43 ± 393.38, tokens seen: 2962227200, grad norm: 2.0723
[iter 22610]loss: 3.0154, tokens/sec: 29337.44 ± 393.29, tokens seen: 2963537920, grad norm: 3.4601
[iter 22620]loss: 3.0508, tokens/sec: 29337.45 ± 393.21, tokens seen: 2964848640, grad norm: 1.3646
[iter 22630]loss: 3.1756, tokens/sec: 29337.46 ± 393.12, tokens seen: 2966159360, grad norm: 2.9257
[iter 22640]loss: 3.1021, tokens/sec: 29337.48 ± 393.03, tokens seen: 2967470080, grad norm: 1.2028
[iter 22650]loss: 3.3089, tokens/sec: 29337.49 ± 392.95, tokens seen: 2968780800, grad norm: 3.4477
[iter 22660]loss: 3.0278, tokens/sec: 29337.07 ± 395.49, tokens seen: 2970091520, grad norm: 2.5116
[iter 22670]loss: 2.9157, tokens/sec: 29337.08 ± 395.40, tokens seen: 2971402240, grad norm: 2.1493
[iter 22680]loss: 2.9865, tokens/sec: 29337.10 ± 395.31, tokens seen: 2972712960, grad norm: 10.4810
[iter 22690]loss: 3.0603, tokens/sec: 29337.11 ± 395.23, tokens seen: 2974023680, grad norm: 4.4838
[iter 22700]loss: 3.2115, tokens/sec: 29337.12 ± 395.14, tokens seen: 2975334400, grad norm: 2.0423
[iter 22710]loss: 2.6141, tokens/sec: 29337.13 ± 395.05, tokens seen: 2976645120, grad norm: 3.4727
[iter 22720]loss: 2.9530, tokens/sec: 29337.14 ± 394.97, tokens seen: 2977955840, grad norm: 1.7316
[iter 22730]loss: 3.0842, tokens/sec: 29337.15 ± 394.88, tokens seen: 2979266560, grad norm: 1.9934
[iter 22740]loss: 2.9284, tokens/sec: 29337.17 ± 394.80, tokens seen: 2980577280, grad norm: 5.4142
[iter 22750]loss: 2.9391, tokens/sec: 29337.18 ± 394.71, tokens seen: 2981888000, grad norm: 2.2966
[iter 22760]loss: 2.9888, tokens/sec: 29337.19 ± 394.62, tokens seen: 2983198720, grad norm: 3.7137
[iter 22770]loss: 3.2479, tokens/sec: 29337.20 ± 394.54, tokens seen: 2984509440, grad norm: 4.2105
[iter 22780]loss: 3.0009, tokens/sec: 29337.21 ± 394.45, tokens seen: 2985820160, grad norm: 4.2103
[iter 22790]loss: 2.9566, tokens/sec: 29337.22 ± 394.36, tokens seen: 2987130880, grad norm: 1.9152
[iter 22800]loss: 3.0248, tokens/sec: 29337.24 ± 394.28, tokens seen: 2988441600, grad norm: 1.5490
[iter 22810]loss: 3.0019, tokens/sec: 29337.25 ± 394.19, tokens seen: 2989752320, grad norm: 3.5337
[iter 22820]loss: 3.0080, tokens/sec: 29337.26 ± 394.11, tokens seen: 2991063040, grad norm: 7.2455
[iter 22830]loss: 3.0656, tokens/sec: 29337.27 ± 394.02, tokens seen: 2992373760, grad norm: 3.3155
[iter 22840]loss: 3.0195, tokens/sec: 29337.27 ± 393.93, tokens seen: 2993684480, grad norm: 2.4552
[iter 22850]loss: 2.9938, tokens/sec: 29337.28 ± 393.85, tokens seen: 2994995200, grad norm: 1.6103
[iter 22860]loss: 3.2473, tokens/sec: 29337.29 ± 393.76, tokens seen: 2996305920, grad norm: 1.7137
[iter 22870]loss: 2.9569, tokens/sec: 29337.30 ± 393.68, tokens seen: 2997616640, grad norm: 2.0565
[iter 22880]loss: 3.5149, tokens/sec: 29337.31 ± 393.59, tokens seen: 2998927360, grad norm: 3.7029
[iter 22890]loss: 3.0585, tokens/sec: 29337.33 ± 393.51, tokens seen: 3000238080, grad norm: 1.7494
[iter 22900]loss: 2.9204, tokens/sec: 29337.34 ± 393.42, tokens seen: 3001548800, grad norm: 2.3325
[iter 22910]loss: 3.1853, tokens/sec: 29337.35 ± 393.33, tokens seen: 3002859520, grad norm: 1.4811
[iter 22920]loss: 2.9039, tokens/sec: 29337.36 ± 393.25, tokens seen: 3004170240, grad norm: 4.1203
[iter 22930]loss: 2.7567, tokens/sec: 29337.37 ± 393.16, tokens seen: 3005480960, grad norm: 3.7679
[iter 22940]loss: 3.0980, tokens/sec: 29337.37 ± 393.08, tokens seen: 3006791680, grad norm: 1.9991
[iter 22950]loss: 3.0684, tokens/sec: 29337.38 ± 392.99, tokens seen: 3008102400, grad norm: 2.4734
[iter 22960]loss: 2.9965, tokens/sec: 29337.39 ± 392.91, tokens seen: 3009413120, grad norm: 4.4807
[iter 22970]loss: 3.1439, tokens/sec: 29337.40 ± 392.82, tokens seen: 3010723840, grad norm: 2.9156
[iter 22980]loss: 2.6922, tokens/sec: 29337.41 ± 392.74, tokens seen: 3012034560, grad norm: 4.3736
[iter 22990]loss: 3.1853, tokens/sec: 29337.43 ± 392.65, tokens seen: 3013345280, grad norm: 1.7626
[step 23000]train loss: 2.9951, val loss: 3.0120, (avg train loss: 0.3737 ± 0.0186), (avg grad norm: 3.0756 ± 1.2360)
[iter 23000]loss: 3.1592, tokens/sec: 29337.44 ± 392.57, tokens seen: 3014656000, grad norm: 2.1141
[iter 23010]loss: 3.0637, tokens/sec: 29337.45 ± 392.48, tokens seen: 3015966720, grad norm: 2.6467
[iter 23020]loss: 2.8045, tokens/sec: 29337.46 ± 392.40, tokens seen: 3017277440, grad norm: 4.5029
[iter 23030]loss: 2.9738, tokens/sec: 29337.47 ± 392.31, tokens seen: 3018588160, grad norm: 4.1080
[iter 23040]loss: 3.0266, tokens/sec: 29337.30 ± 393.22, tokens seen: 3019898880, grad norm: 3.1576
[iter 23050]loss: 3.0232, tokens/sec: 29337.31 ± 393.14, tokens seen: 3021209600, grad norm: 3.5473
[iter 23060]loss: 3.0770, tokens/sec: 29337.32 ± 393.05, tokens seen: 3022520320, grad norm: 3.0974
[iter 23070]loss: 2.7761, tokens/sec: 29337.33 ± 392.97, tokens seen: 3023831040, grad norm: 3.0723
[iter 23080]loss: 3.1402, tokens/sec: 29337.34 ± 392.88, tokens seen: 3025141760, grad norm: 4.5746
[iter 23090]loss: 3.0087, tokens/sec: 29337.35 ± 392.80, tokens seen: 3026452480, grad norm: 2.1657
[iter 23100]loss: 3.0627, tokens/sec: 29337.36 ± 392.71, tokens seen: 3027763200, grad norm: 5.1105
[iter 23110]loss: 2.9288, tokens/sec: 29337.38 ± 392.63, tokens seen: 3029073920, grad norm: 3.1464
[iter 23120]loss: 3.2051, tokens/sec: 29337.39 ± 392.54, tokens seen: 3030384640, grad norm: 3.7388
[iter 23130]loss: 2.9708, tokens/sec: 29337.17 ± 394.05, tokens seen: 3031695360, grad norm: 3.2343
[iter 23140]loss: 3.0926, tokens/sec: 29337.18 ± 393.96, tokens seen: 3033006080, grad norm: 3.0829
[iter 23150]loss: 2.8304, tokens/sec: 29337.19 ± 393.88, tokens seen: 3034316800, grad norm: 2.0796
[iter 23160]loss: 2.9192, tokens/sec: 29337.20 ± 393.80, tokens seen: 3035627520, grad norm: 4.2433
[iter 23170]loss: 3.1641, tokens/sec: 29337.21 ± 393.71, tokens seen: 3036938240, grad norm: 4.5997
[iter 23180]loss: 3.0254, tokens/sec: 29337.22 ± 393.63, tokens seen: 3038248960, grad norm: 2.8640
[iter 23190]loss: 3.0557, tokens/sec: 29337.23 ± 393.54, tokens seen: 3039559680, grad norm: 4.1939
[iter 23200]loss: 3.3276, tokens/sec: 29337.25 ± 393.46, tokens seen: 3040870400, grad norm: 3.2690
[iter 23210]loss: 2.8053, tokens/sec: 29337.25 ± 393.37, tokens seen: 3042181120, grad norm: 2.0476
[iter 23220]loss: 3.0205, tokens/sec: 29337.26 ± 393.29, tokens seen: 3043491840, grad norm: 3.3636
[iter 23230]loss: 3.0997, tokens/sec: 29337.27 ± 393.20, tokens seen: 3044802560, grad norm: 5.4599
[iter 23240]loss: 3.0759, tokens/sec: 29337.28 ± 393.12, tokens seen: 3046113280, grad norm: 2.9004
[iter 23250]loss: 2.9210, tokens/sec: 29337.29 ± 393.04, tokens seen: 3047424000, grad norm: 2.4531
[iter 23260]loss: 2.9649, tokens/sec: 29337.30 ± 392.95, tokens seen: 3048734720, grad norm: 3.7435
[iter 23270]loss: 2.8407, tokens/sec: 29337.31 ± 392.87, tokens seen: 3050045440, grad norm: 2.8527
[iter 23280]loss: 2.8674, tokens/sec: 29337.32 ± 392.78, tokens seen: 3051356160, grad norm: 6.2701
[iter 23290]loss: 3.0917, tokens/sec: 29337.33 ± 392.70, tokens seen: 3052666880, grad norm: 2.8307
[iter 23300]loss: 3.0731, tokens/sec: 29337.34 ± 392.62, tokens seen: 3053977600, grad norm: 5.3106
[iter 23310]loss: 3.1582, tokens/sec: 29337.35 ± 392.53, tokens seen: 3055288320, grad norm: 3.2251
[iter 23320]loss: 3.0882, tokens/sec: 29337.36 ± 392.45, tokens seen: 3056599040, grad norm: 4.7714
[iter 23330]loss: 3.0569, tokens/sec: 29337.37 ± 392.36, tokens seen: 3057909760, grad norm: 4.7108
[iter 23340]loss: 3.1534, tokens/sec: 29337.38 ± 392.28, tokens seen: 3059220480, grad norm: 3.4685
[iter 23350]loss: 2.9703, tokens/sec: 29337.39 ± 392.20, tokens seen: 3060531200, grad norm: 2.4984
[iter 23360]loss: 2.8267, tokens/sec: 29337.40 ± 392.11, tokens seen: 3061841920, grad norm: 4.1112
[iter 23370]loss: 2.9993, tokens/sec: 29337.42 ± 392.03, tokens seen: 3063152640, grad norm: 2.4075
[iter 23380]loss: 2.9275, tokens/sec: 29337.43 ± 391.95, tokens seen: 3064463360, grad norm: 6.8441
[iter 23390]loss: 3.0750, tokens/sec: 29337.44 ± 391.86, tokens seen: 3065774080, grad norm: 3.4371
[iter 23400]loss: 2.8219, tokens/sec: 29337.45 ± 391.78, tokens seen: 3067084800, grad norm: 4.8388
[iter 23410]loss: 3.0685, tokens/sec: 29337.46 ± 391.70, tokens seen: 3068395520, grad norm: 3.2357
[iter 23420]loss: 2.6892, tokens/sec: 29337.47 ± 391.61, tokens seen: 3069706240, grad norm: 3.5311
[iter 23430]loss: 3.0329, tokens/sec: 29337.30 ± 392.50, tokens seen: 3071016960, grad norm: 2.7102
[iter 23440]loss: 3.0500, tokens/sec: 29337.31 ± 392.41, tokens seen: 3072327680, grad norm: 2.6187
[iter 23450]loss: 3.0641, tokens/sec: 29337.32 ± 392.33, tokens seen: 3073638400, grad norm: 3.3277
[iter 23460]loss: 2.9385, tokens/sec: 29337.34 ± 392.25, tokens seen: 3074949120, grad norm: 2.3013
[iter 23470]loss: 2.9470, tokens/sec: 29337.35 ± 392.16, tokens seen: 3076259840, grad norm: 3.1376
[iter 23480]loss: 3.0125, tokens/sec: 29337.36 ± 392.08, tokens seen: 3077570560, grad norm: 4.9371
[iter 23490]loss: 2.9292, tokens/sec: 29337.37 ± 392.00, tokens seen: 3078881280, grad norm: 2.5092
[step 23500]train loss: 2.9850, val loss: 3.0081, (avg train loss: 0.3732 ± 0.0155), (avg grad norm: 3.8750 ± 1.4515)
[iter 23500]loss: 3.0486, tokens/sec: 29337.38 ± 391.91, tokens seen: 3080192000, grad norm: 4.4239
[iter 23510]loss: 3.0476, tokens/sec: 29337.39 ± 391.83, tokens seen: 3081502720, grad norm: 5.3038
[iter 23520]loss: 3.0278, tokens/sec: 29337.41 ± 391.75, tokens seen: 3082813440, grad norm: 5.4748
[iter 23530]loss: 2.9396, tokens/sec: 29337.42 ± 391.66, tokens seen: 3084124160, grad norm: 2.9580
[iter 23540]loss: 2.9863, tokens/sec: 29337.43 ± 391.58, tokens seen: 3085434880, grad norm: 3.4924
[iter 23550]loss: 3.0435, tokens/sec: 29337.44 ± 391.50, tokens seen: 3086745600, grad norm: 3.7502
[iter 23560]loss: 3.0363, tokens/sec: 29337.45 ± 391.42, tokens seen: 3088056320, grad norm: 6.0253
[iter 23570]loss: 2.9110, tokens/sec: 29337.46 ± 391.33, tokens seen: 3089367040, grad norm: 3.7199
[iter 23580]loss: 3.1254, tokens/sec: 29337.48 ± 391.25, tokens seen: 3090677760, grad norm: 6.2594
[iter 23590]loss: 2.7373, tokens/sec: 29337.49 ± 391.17, tokens seen: 3091988480, grad norm: 3.0447
[iter 23600]loss: 3.0853, tokens/sec: 29337.50 ± 391.09, tokens seen: 3093299200, grad norm: 3.2158
[iter 23610]loss: 3.1509, tokens/sec: 29337.51 ± 391.00, tokens seen: 3094609920, grad norm: 4.5534
[iter 23620]loss: 2.9437, tokens/sec: 29337.29 ± 392.46, tokens seen: 3095920640, grad norm: 2.8483
[iter 23630]loss: 2.9298, tokens/sec: 29337.30 ± 392.37, tokens seen: 3097231360, grad norm: 2.7663
[iter 23640]loss: 3.0952, tokens/sec: 29337.31 ± 392.29, tokens seen: 3098542080, grad norm: 4.8912
[iter 23650]loss: 2.9346, tokens/sec: 29337.32 ± 392.21, tokens seen: 3099852800, grad norm: 4.2927
[iter 23660]loss: 3.2921, tokens/sec: 29337.33 ± 392.13, tokens seen: 3101163520, grad norm: 7.4674
[iter 23670]loss: 3.0373, tokens/sec: 29337.34 ± 392.04, tokens seen: 3102474240, grad norm: 2.3740
[iter 23680]loss: 2.9557, tokens/sec: 29337.35 ± 391.96, tokens seen: 3103784960, grad norm: 4.2943
[iter 23690]loss: 3.1140, tokens/sec: 29337.36 ± 391.88, tokens seen: 3105095680, grad norm: 6.5615
[iter 23700]loss: 3.1413, tokens/sec: 29337.37 ± 391.80, tokens seen: 3106406400, grad norm: 4.8020
[iter 23710]loss: 2.9527, tokens/sec: 29337.38 ± 391.71, tokens seen: 3107717120, grad norm: 7.6811
[iter 23720]loss: 2.9097, tokens/sec: 29337.39 ± 391.63, tokens seen: 3109027840, grad norm: 3.7637
[iter 23730]loss: 3.0925, tokens/sec: 29337.40 ± 391.55, tokens seen: 3110338560, grad norm: 5.0958
[iter 23740]loss: 2.8361, tokens/sec: 29337.41 ± 391.47, tokens seen: 3111649280, grad norm: 4.3593
[iter 23750]loss: 2.8751, tokens/sec: 29337.42 ± 391.39, tokens seen: 3112960000, grad norm: 5.8450
[iter 23760]loss: 2.9755, tokens/sec: 29337.43 ± 391.30, tokens seen: 3114270720, grad norm: 2.8162
[iter 23770]loss: 3.0222, tokens/sec: 29337.44 ± 391.22, tokens seen: 3115581440, grad norm: 2.1398
[iter 23780]loss: 2.8145, tokens/sec: 29337.45 ± 391.14, tokens seen: 3116892160, grad norm: 4.2683
[iter 23790]loss: 2.8231, tokens/sec: 29337.46 ± 391.06, tokens seen: 3118202880, grad norm: 3.2647
[iter 23800]loss: 3.0578, tokens/sec: 29337.47 ± 390.98, tokens seen: 3119513600, grad norm: 5.5617
[iter 23810]loss: 3.1505, tokens/sec: 29337.30 ± 391.88, tokens seen: 3120824320, grad norm: 3.2093
[iter 23820]loss: 3.1893, tokens/sec: 29337.31 ± 391.80, tokens seen: 3122135040, grad norm: 6.4883
[iter 23830]loss: 3.0913, tokens/sec: 29337.32 ± 391.72, tokens seen: 3123445760, grad norm: 4.2561
[iter 23840]loss: 2.7714, tokens/sec: 29337.33 ± 391.63, tokens seen: 3124756480, grad norm: 2.9185
[iter 23850]loss: 2.9621, tokens/sec: 29337.34 ± 391.55, tokens seen: 3126067200, grad norm: 5.7611
[iter 23860]loss: 3.1532, tokens/sec: 29337.35 ± 391.47, tokens seen: 3127377920, grad norm: 2.5237
[iter 23870]loss: 2.9746, tokens/sec: 29337.37 ± 391.39, tokens seen: 3128688640, grad norm: 9.5649
[iter 23880]loss: 3.1031, tokens/sec: 29337.38 ± 391.31, tokens seen: 3129999360, grad norm: 4.2314
[iter 23890]loss: 3.1442, tokens/sec: 29337.39 ± 391.23, tokens seen: 3131310080, grad norm: 7.9252
[iter 23900]loss: 2.9997, tokens/sec: 29337.40 ± 391.14, tokens seen: 3132620800, grad norm: 5.6927
[iter 23910]loss: 2.9333, tokens/sec: 29337.41 ± 391.06, tokens seen: 3133931520, grad norm: 4.7753
[iter 23920]loss: 3.0724, tokens/sec: 29337.42 ± 390.98, tokens seen: 3135242240, grad norm: 4.0227
[iter 23930]loss: 3.2930, tokens/sec: 29337.43 ± 390.90, tokens seen: 3136552960, grad norm: 8.4608
[iter 23940]loss: 2.8433, tokens/sec: 29337.45 ± 390.82, tokens seen: 3137863680, grad norm: 3.9823
[iter 23950]loss: 3.0481, tokens/sec: 29337.46 ± 390.74, tokens seen: 3139174400, grad norm: 6.2593
[iter 23960]loss: 2.8969, tokens/sec: 29337.47 ± 390.66, tokens seen: 3140485120, grad norm: 5.1977
[iter 23970]loss: 2.8576, tokens/sec: 29337.48 ± 390.58, tokens seen: 3141795840, grad norm: 3.8066
[iter 23980]loss: 3.0624, tokens/sec: 29337.49 ± 390.49, tokens seen: 3143106560, grad norm: 3.6716
[iter 23990]loss: 2.9034, tokens/sec: 29337.50 ± 390.41, tokens seen: 3144417280, grad norm: 3.7707
[step 24000]train loss: 2.9833, val loss: 3.0148, (avg train loss: 0.3740 ± 0.0159), (avg grad norm: 4.5070 ± 1.5140)
[iter 24000]loss: 3.1492, tokens/sec: 29337.52 ± 390.33, tokens seen: 3145728000, grad norm: 4.3574
[iter 24010]loss: 3.0103, tokens/sec: 29337.53 ± 390.25, tokens seen: 3147038720, grad norm: 3.3973
[iter 24020]loss: 3.0012, tokens/sec: 29337.54 ± 390.17, tokens seen: 3148349440, grad norm: 3.5415
[iter 24030]loss: 3.0109, tokens/sec: 29337.55 ± 390.09, tokens seen: 3149660160, grad norm: 3.0449
[iter 24040]loss: 3.0853, tokens/sec: 29337.56 ± 390.01, tokens seen: 3150970880, grad norm: 3.2854
[iter 24050]loss: 2.8109, tokens/sec: 29337.57 ± 389.93, tokens seen: 3152281600, grad norm: 4.1207
[iter 24060]loss: 3.1914, tokens/sec: 29337.58 ± 389.85, tokens seen: 3153592320, grad norm: 4.3109
[iter 24070]loss: 2.9587, tokens/sec: 29337.60 ± 389.77, tokens seen: 3154903040, grad norm: 5.7960
[iter 24080]loss: 3.1887, tokens/sec: 29337.61 ± 389.69, tokens seen: 3156213760, grad norm: 3.3257
[iter 24090]loss: 2.8948, tokens/sec: 29337.62 ± 389.61, tokens seen: 3157524480, grad norm: 6.1390
[iter 24100]loss: 2.9543, tokens/sec: 29337.40 ± 391.05, tokens seen: 3158835200, grad norm: 5.7224
[iter 24110]loss: 2.9411, tokens/sec: 29337.41 ± 390.97, tokens seen: 3160145920, grad norm: 3.0213
[iter 24120]loss: 3.1233, tokens/sec: 29337.42 ± 390.89, tokens seen: 3161456640, grad norm: 2.5888
[iter 24130]loss: 2.9265, tokens/sec: 29337.44 ± 390.81, tokens seen: 3162767360, grad norm: 2.9531
[iter 24140]loss: 3.1577, tokens/sec: 29337.45 ± 390.73, tokens seen: 3164078080, grad norm: 3.0829
[iter 24150]loss: 3.1189, tokens/sec: 29337.46 ± 390.65, tokens seen: 3165388800, grad norm: 11.4233
[iter 24160]loss: 3.0272, tokens/sec: 29337.47 ± 390.57, tokens seen: 3166699520, grad norm: 6.3547
[iter 24170]loss: 3.0517, tokens/sec: 29337.48 ± 390.49, tokens seen: 3168010240, grad norm: 3.5126
[iter 24180]loss: 2.9732, tokens/sec: 29337.49 ± 390.41, tokens seen: 3169320960, grad norm: 3.9045
[iter 24190]loss: 2.9632, tokens/sec: 29337.50 ± 390.33, tokens seen: 3170631680, grad norm: 2.8853
[iter 24200]loss: 3.2689, tokens/sec: 29337.34 ± 391.18, tokens seen: 3171942400, grad norm: 3.8384
[iter 24210]loss: 3.0740, tokens/sec: 29337.35 ± 391.10, tokens seen: 3173253120, grad norm: 3.5374
[iter 24220]loss: 3.1340, tokens/sec: 29337.36 ± 391.02, tokens seen: 3174563840, grad norm: 3.3051
[iter 24230]loss: 3.1107, tokens/sec: 29337.37 ± 390.94, tokens seen: 3175874560, grad norm: 5.5626
[iter 24240]loss: 3.0013, tokens/sec: 29337.38 ± 390.86, tokens seen: 3177185280, grad norm: 4.0663
[iter 24250]loss: 3.0223, tokens/sec: 29337.39 ± 390.78, tokens seen: 3178496000, grad norm: 3.0945
[iter 24260]loss: 2.7432, tokens/sec: 29337.40 ± 390.70, tokens seen: 3179806720, grad norm: 3.6388
[iter 24270]loss: 3.0022, tokens/sec: 29337.42 ± 390.62, tokens seen: 3181117440, grad norm: 7.2489
[iter 24280]loss: 2.9991, tokens/sec: 29337.43 ± 390.54, tokens seen: 3182428160, grad norm: 3.3637
[iter 24290]loss: 2.8984, tokens/sec: 29337.44 ± 390.46, tokens seen: 3183738880, grad norm: 2.9278
[iter 24300]loss: 2.7726, tokens/sec: 29337.45 ± 390.38, tokens seen: 3185049600, grad norm: 4.6522
[iter 24310]loss: 2.6856, tokens/sec: 29337.46 ± 390.30, tokens seen: 3186360320, grad norm: 3.6375
[iter 24320]loss: 3.1815, tokens/sec: 29337.47 ± 390.22, tokens seen: 3187671040, grad norm: 2.3429
[iter 24330]loss: 2.7748, tokens/sec: 29337.48 ± 390.14, tokens seen: 3188981760, grad norm: 4.2185
[iter 24340]loss: 2.9658, tokens/sec: 29337.49 ± 390.06, tokens seen: 3190292480, grad norm: 3.7496
[iter 24350]loss: 2.9605, tokens/sec: 29337.50 ± 389.98, tokens seen: 3191603200, grad norm: 3.1296
[iter 24360]loss: 3.0047, tokens/sec: 29337.51 ± 389.90, tokens seen: 3192913920, grad norm: 4.2202
[iter 24370]loss: 3.1612, tokens/sec: 29337.53 ± 389.82, tokens seen: 3194224640, grad norm: 3.8748
[iter 24380]loss: 3.1218, tokens/sec: 29337.54 ± 389.74, tokens seen: 3195535360, grad norm: 8.1112
[iter 24390]loss: 3.1262, tokens/sec: 29337.55 ± 389.66, tokens seen: 3196846080, grad norm: 6.3516
[iter 24400]loss: 2.8710, tokens/sec: 29337.56 ± 389.58, tokens seen: 3198156800, grad norm: 4.1424
[iter 24410]loss: 2.8925, tokens/sec: 29337.57 ± 389.50, tokens seen: 3199467520, grad norm: 3.3434
[iter 24420]loss: 3.0993, tokens/sec: 29337.58 ± 389.42, tokens seen: 3200778240, grad norm: 3.9841
[iter 24430]loss: 2.9201, tokens/sec: 29337.59 ± 389.34, tokens seen: 3202088960, grad norm: 4.7881
[iter 24440]loss: 2.9332, tokens/sec: 29337.60 ± 389.26, tokens seen: 3203399680, grad norm: 3.4691
[iter 24450]loss: 2.9388, tokens/sec: 29337.62 ± 389.18, tokens seen: 3204710400, grad norm: 2.9518
[iter 24460]loss: 2.7149, tokens/sec: 29337.63 ± 389.10, tokens seen: 3206021120, grad norm: 4.4916
[iter 24470]loss: 3.0686, tokens/sec: 29337.64 ± 389.03, tokens seen: 3207331840, grad norm: 3.8284
[iter 24480]loss: 2.8937, tokens/sec: 29337.65 ± 388.95, tokens seen: 3208642560, grad norm: 3.7534
[iter 24490]loss: 2.8019, tokens/sec: 29337.66 ± 388.87, tokens seen: 3209953280, grad norm: 3.6784
[step 24500]train loss: 2.9971, val loss: 2.9957, (avg train loss: 0.3724 ± 0.0171), (avg grad norm: 4.3766 ± 1.7854)
[iter 24500]loss: 3.0546, tokens/sec: 29337.67 ± 388.79, tokens seen: 3211264000, grad norm: 4.5340
[iter 24510]loss: 3.0701, tokens/sec: 29337.68 ± 388.71, tokens seen: 3212574720, grad norm: 4.1800
[iter 24520]loss: 2.8232, tokens/sec: 29337.69 ± 388.63, tokens seen: 3213885440, grad norm: 6.1647
[iter 24530]loss: 2.8747, tokens/sec: 29337.70 ± 388.55, tokens seen: 3215196160, grad norm: 5.6021
[iter 24540]loss: 2.8923, tokens/sec: 29337.71 ± 388.47, tokens seen: 3216506880, grad norm: 5.8419
[iter 24550]loss: 2.7469, tokens/sec: 29337.72 ± 388.39, tokens seen: 3217817600, grad norm: 3.7002
[iter 24560]loss: 3.0008, tokens/sec: 29337.73 ± 388.32, tokens seen: 3219128320, grad norm: 3.2349
[iter 24570]loss: 2.7952, tokens/sec: 29337.74 ± 388.24, tokens seen: 3220439040, grad norm: 5.1480
[iter 24580]loss: 2.8587, tokens/sec: 29337.37 ± 390.55, tokens seen: 3221749760, grad norm: 4.3074
[iter 24590]loss: 3.0695, tokens/sec: 29337.38 ± 390.47, tokens seen: 3223060480, grad norm: 6.7118
[iter 24600]loss: 2.9771, tokens/sec: 29337.39 ± 390.40, tokens seen: 3224371200, grad norm: 5.1150
[iter 24610]loss: 2.9862, tokens/sec: 29337.40 ± 390.32, tokens seen: 3225681920, grad norm: 5.4912
[iter 24620]loss: 2.8795, tokens/sec: 29337.41 ± 390.24, tokens seen: 3226992640, grad norm: 2.6418
[iter 24630]loss: 3.0719, tokens/sec: 29337.42 ± 390.16, tokens seen: 3228303360, grad norm: 3.2466
[iter 24640]loss: 3.0312, tokens/sec: 29337.43 ± 390.08, tokens seen: 3229614080, grad norm: 5.7274
[iter 24650]loss: 3.1433, tokens/sec: 29337.44 ± 390.00, tokens seen: 3230924800, grad norm: 3.8619
[iter 24660]loss: 3.0330, tokens/sec: 29337.45 ± 389.92, tokens seen: 3232235520, grad norm: 4.5745
[iter 24670]loss: 2.9932, tokens/sec: 29337.46 ± 389.84, tokens seen: 3233546240, grad norm: 4.4621
[iter 24680]loss: 2.6367, tokens/sec: 29337.47 ± 389.77, tokens seen: 3234856960, grad norm: 3.9223
[iter 24690]loss: 2.8558, tokens/sec: 29337.48 ± 389.69, tokens seen: 3236167680, grad norm: 4.3947
[iter 24700]loss: 2.8910, tokens/sec: 29337.49 ± 389.61, tokens seen: 3237478400, grad norm: 3.6784
[iter 24710]loss: 2.8816, tokens/sec: 29337.51 ± 389.53, tokens seen: 3238789120, grad norm: 3.8931
[iter 24720]loss: 3.0027, tokens/sec: 29337.52 ± 389.45, tokens seen: 3240099840, grad norm: 4.2856
[iter 24730]loss: 2.7914, tokens/sec: 29337.53 ± 389.37, tokens seen: 3241410560, grad norm: 3.3748
[iter 24740]loss: 2.8934, tokens/sec: 29337.54 ± 389.30, tokens seen: 3242721280, grad norm: 3.4698
[iter 24750]loss: 3.2608, tokens/sec: 29337.55 ± 389.22, tokens seen: 3244032000, grad norm: 2.8885
[iter 24760]loss: 3.1134, tokens/sec: 29337.56 ± 389.14, tokens seen: 3245342720, grad norm: 4.5942
[iter 24770]loss: 2.9207, tokens/sec: 29337.57 ± 389.06, tokens seen: 3246653440, grad norm: 4.0333
[iter 24780]loss: 3.2500, tokens/sec: 29337.58 ± 388.98, tokens seen: 3247964160, grad norm: 3.6808
[iter 24790]loss: 2.9139, tokens/sec: 29337.59 ± 388.90, tokens seen: 3249274880, grad norm: 5.2095
[iter 24800]loss: 2.9629, tokens/sec: 29337.60 ± 388.83, tokens seen: 3250585600, grad norm: 4.1451
[iter 24810]loss: 3.0376, tokens/sec: 29337.61 ± 388.75, tokens seen: 3251896320, grad norm: 4.0591
[iter 24820]loss: 2.9642, tokens/sec: 29337.62 ± 388.67, tokens seen: 3253207040, grad norm: 5.3105
[iter 24830]loss: 3.4239, tokens/sec: 29337.63 ± 388.59, tokens seen: 3254517760, grad norm: 4.0660
[iter 24840]loss: 2.9510, tokens/sec: 29337.64 ± 388.51, tokens seen: 3255828480, grad norm: 4.4906
[iter 24850]loss: 2.9764, tokens/sec: 29337.65 ± 388.44, tokens seen: 3257139200, grad norm: 3.9485
[iter 24860]loss: 3.0991, tokens/sec: 29337.66 ± 388.36, tokens seen: 3258449920, grad norm: 5.5307
[iter 24870]loss: 2.7950, tokens/sec: 29337.67 ± 388.28, tokens seen: 3259760640, grad norm: 5.7097
[iter 24880]loss: 2.9690, tokens/sec: 29337.68 ± 388.20, tokens seen: 3261071360, grad norm: 4.7334
[iter 24890]loss: 3.0102, tokens/sec: 29337.69 ± 388.13, tokens seen: 3262382080, grad norm: 3.9463
[iter 24900]loss: 3.2406, tokens/sec: 29337.71 ± 388.05, tokens seen: 3263692800, grad norm: 10.0833
[iter 24910]loss: 2.9715, tokens/sec: 29337.72 ± 387.97, tokens seen: 3265003520, grad norm: 3.0170
[iter 24920]loss: 2.9504, tokens/sec: 29337.72 ± 387.89, tokens seen: 3266314240, grad norm: 3.8404
[iter 24930]loss: 3.1493, tokens/sec: 29337.74 ± 387.82, tokens seen: 3267624960, grad norm: 3.3501
[iter 24940]loss: 2.9706, tokens/sec: 29337.75 ± 387.74, tokens seen: 3268935680, grad norm: 3.4112
[iter 24950]loss: 2.9233, tokens/sec: 29337.76 ± 387.66, tokens seen: 3270246400, grad norm: 2.6445
[iter 24960]loss: 2.9875, tokens/sec: 29337.59 ± 388.53, tokens seen: 3271557120, grad norm: 2.9370
[iter 24970]loss: 2.8153, tokens/sec: 29337.61 ± 388.45, tokens seen: 3272867840, grad norm: 3.5365
[iter 24980]loss: 3.1614, tokens/sec: 29337.62 ± 388.37, tokens seen: 3274178560, grad norm: 2.0577
[iter 24990]loss: 2.9163, tokens/sec: 29337.63 ± 388.29, tokens seen: 3275489280, grad norm: 3.5970
[step 25000]train loss: 2.9986, val loss: 3.0156, (avg train loss: 0.3729 ± 0.0183), (avg grad norm: 4.0010 ± 1.1909)
[iter 25000]loss: 2.8235, tokens/sec: 29337.64 ± 388.22, tokens seen: 3276800000, grad norm: 3.1149
[iter 25010]loss: 2.9232, tokens/sec: 29337.65 ± 388.14, tokens seen: 3278110720, grad norm: 2.9950
[iter 25020]loss: 3.0643, tokens/sec: 29337.66 ± 388.06, tokens seen: 3279421440, grad norm: 3.2802
[iter 25030]loss: 2.8064, tokens/sec: 29337.67 ± 387.98, tokens seen: 3280732160, grad norm: 3.3942
[iter 25040]loss: 2.8224, tokens/sec: 29337.69 ± 387.91, tokens seen: 3282042880, grad norm: 2.7702
[iter 25050]loss: 3.1502, tokens/sec: 29337.70 ± 387.83, tokens seen: 3283353600, grad norm: 3.9117
[iter 25060]loss: 3.1966, tokens/sec: 29337.49 ± 389.19, tokens seen: 3284664320, grad norm: 3.2118
[iter 25070]loss: 3.0092, tokens/sec: 29337.50 ± 389.11, tokens seen: 3285975040, grad norm: 2.9801
[iter 25080]loss: 3.0237, tokens/sec: 29337.52 ± 389.03, tokens seen: 3287285760, grad norm: 5.3193
[iter 25090]loss: 3.1694, tokens/sec: 29337.53 ± 388.96, tokens seen: 3288596480, grad norm: 3.4913
[iter 25100]loss: 3.2173, tokens/sec: 29337.54 ± 388.88, tokens seen: 3289907200, grad norm: 4.9739
[iter 25110]loss: 2.9763, tokens/sec: 29337.55 ± 388.80, tokens seen: 3291217920, grad norm: 3.5368
[iter 25120]loss: 2.8002, tokens/sec: 29337.56 ± 388.73, tokens seen: 3292528640, grad norm: 4.2762
[iter 25130]loss: 2.9114, tokens/sec: 29337.57 ± 388.65, tokens seen: 3293839360, grad norm: 2.7856
[iter 25140]loss: 3.0417, tokens/sec: 29337.58 ± 388.57, tokens seen: 3295150080, grad norm: 3.8892
[iter 25150]loss: 3.0190, tokens/sec: 29337.59 ± 388.50, tokens seen: 3296460800, grad norm: 3.5396
[iter 25160]loss: 2.8146, tokens/sec: 29337.60 ± 388.42, tokens seen: 3297771520, grad norm: 3.4785
[iter 25170]loss: 3.1615, tokens/sec: 29337.61 ± 388.34, tokens seen: 3299082240, grad norm: 3.0811
[iter 25180]loss: 2.6426, tokens/sec: 29337.62 ± 388.27, tokens seen: 3300392960, grad norm: 2.9873
[iter 25190]loss: 2.9663, tokens/sec: 29337.64 ± 388.19, tokens seen: 3301703680, grad norm: 3.3356
[iter 25200]loss: 2.8433, tokens/sec: 29337.65 ± 388.11, tokens seen: 3303014400, grad norm: 2.4944
[iter 25210]loss: 2.9217, tokens/sec: 29337.66 ± 388.04, tokens seen: 3304325120, grad norm: 3.5925
[iter 25220]loss: 2.8006, tokens/sec: 29337.67 ± 387.96, tokens seen: 3305635840, grad norm: 2.8635
[iter 25230]loss: 2.8277, tokens/sec: 29337.68 ± 387.88, tokens seen: 3306946560, grad norm: 3.0814
[iter 25240]loss: 3.0175, tokens/sec: 29337.69 ± 387.81, tokens seen: 3308257280, grad norm: 2.3844
[iter 25250]loss: 3.0758, tokens/sec: 29337.70 ± 387.73, tokens seen: 3309568000, grad norm: 2.5302
[iter 25260]loss: 2.8862, tokens/sec: 29337.71 ± 387.65, tokens seen: 3310878720, grad norm: 4.6464
[iter 25270]loss: 3.0613, tokens/sec: 29337.72 ± 387.58, tokens seen: 3312189440, grad norm: 5.6913
[iter 25280]loss: 2.9594, tokens/sec: 29337.73 ± 387.50, tokens seen: 3313500160, grad norm: 4.9196
[iter 25290]loss: 2.9839, tokens/sec: 29337.74 ± 387.42, tokens seen: 3314810880, grad norm: 3.7962
[iter 25300]loss: 2.8605, tokens/sec: 29337.76 ± 387.35, tokens seen: 3316121600, grad norm: 2.3285
[iter 25310]loss: 3.0577, tokens/sec: 29337.77 ± 387.27, tokens seen: 3317432320, grad norm: 2.2622
[iter 25320]loss: 2.6952, tokens/sec: 29337.77 ± 387.20, tokens seen: 3318743040, grad norm: 2.4922
[iter 25330]loss: 3.0980, tokens/sec: 29337.78 ± 387.12, tokens seen: 3320053760, grad norm: 2.5417
[iter 25340]loss: 3.1224, tokens/sec: 29337.79 ± 387.04, tokens seen: 3321364480, grad norm: 2.7392
[iter 25350]loss: 2.9844, tokens/sec: 29337.63 ± 387.91, tokens seen: 3322675200, grad norm: 1.7320
[iter 25360]loss: 3.0602, tokens/sec: 29337.64 ± 387.83, tokens seen: 3323985920, grad norm: 2.0685
[iter 25370]loss: 3.0543, tokens/sec: 29337.65 ± 387.75, tokens seen: 3325296640, grad norm: 2.7940
[iter 25380]loss: 2.7779, tokens/sec: 29337.66 ± 387.68, tokens seen: 3326607360, grad norm: 2.3760
[iter 25390]loss: 2.8480, tokens/sec: 29337.68 ± 387.60, tokens seen: 3327918080, grad norm: 2.8459
[iter 25400]loss: 3.0081, tokens/sec: 29337.69 ± 387.53, tokens seen: 3329228800, grad norm: 3.5834
[iter 25410]loss: 2.9135, tokens/sec: 29337.70 ± 387.45, tokens seen: 3330539520, grad norm: 3.3328
[iter 25420]loss: 2.9542, tokens/sec: 29337.71 ± 387.38, tokens seen: 3331850240, grad norm: 3.2890
[iter 25430]loss: 3.0580, tokens/sec: 29337.71 ± 387.30, tokens seen: 3333160960, grad norm: 4.7061
[iter 25440]loss: 2.8825, tokens/sec: 29337.72 ± 387.22, tokens seen: 3334471680, grad norm: 2.1262
[iter 25450]loss: 3.0106, tokens/sec: 29337.73 ± 387.15, tokens seen: 3335782400, grad norm: 2.5744
[iter 25460]loss: 3.0268, tokens/sec: 29337.74 ± 387.07, tokens seen: 3337093120, grad norm: 2.4840
[iter 25470]loss: 2.9014, tokens/sec: 29337.75 ± 387.00, tokens seen: 3338403840, grad norm: 2.7010
[iter 25480]loss: 2.8179, tokens/sec: 29337.77 ± 386.92, tokens seen: 3339714560, grad norm: 2.6350
[iter 25490]loss: 3.0639, tokens/sec: 29337.77 ± 386.85, tokens seen: 3341025280, grad norm: 2.3892
[step 25500]train loss: 2.9810, val loss: 2.9876, (avg train loss: 0.3715 ± 0.0171), (avg grad norm: 2.9207 ± 0.9324)
saving checkpoint to ./out-owt-large-mhc-group-lora-dense-midnorm-bs8-30000step
[iter 25500]loss: 2.7503, tokens/sec: 29337.79 ± 386.77, tokens seen: 3342336000, grad norm: 2.3462
[iter 25510]loss: 3.0962, tokens/sec: 29337.79 ± 386.69, tokens seen: 3343646720, grad norm: 2.3253
[iter 25520]loss: 2.8662, tokens/sec: 29337.80 ± 386.62, tokens seen: 3344957440, grad norm: 2.2929
[iter 25530]loss: 2.8631, tokens/sec: 29337.81 ± 386.54, tokens seen: 3346268160, grad norm: 2.6009
[iter 25540]loss: 3.2289, tokens/sec: 29337.61 ± 387.89, tokens seen: 3347578880, grad norm: 2.3754
[iter 25550]loss: 2.7458, tokens/sec: 29337.62 ± 387.81, tokens seen: 3348889600, grad norm: 2.3977
[iter 25560]loss: 2.9041, tokens/sec: 29337.63 ± 387.74, tokens seen: 3350200320, grad norm: 2.7277
[iter 25570]loss: 3.1439, tokens/sec: 29337.64 ± 387.66, tokens seen: 3351511040, grad norm: 2.5643
[iter 25580]loss: 3.0531, tokens/sec: 29337.65 ± 387.59, tokens seen: 3352821760, grad norm: 2.7731
[iter 25590]loss: 3.0198, tokens/sec: 29337.66 ± 387.51, tokens seen: 3354132480, grad norm: 2.1298
[iter 25600]loss: 2.8179, tokens/sec: 29337.67 ± 387.44, tokens seen: 3355443200, grad norm: 2.6688
[iter 25610]loss: 3.0144, tokens/sec: 29337.68 ± 387.36, tokens seen: 3356753920, grad norm: 2.6809
[iter 25620]loss: 2.8316, tokens/sec: 29337.69 ± 387.29, tokens seen: 3358064640, grad norm: 2.9597
[iter 25630]loss: 2.6975, tokens/sec: 29337.70 ± 387.21, tokens seen: 3359375360, grad norm: 2.7847
[iter 25640]loss: 3.0696, tokens/sec: 29337.71 ± 387.14, tokens seen: 3360686080, grad norm: 3.9746
[iter 25650]loss: 2.9043, tokens/sec: 29337.72 ± 387.06, tokens seen: 3361996800, grad norm: 2.0842
[iter 25660]loss: 2.9111, tokens/sec: 29337.73 ± 386.98, tokens seen: 3363307520, grad norm: 2.5688
[iter 25670]loss: 3.0833, tokens/sec: 29337.74 ± 386.91, tokens seen: 3364618240, grad norm: 2.4131
[iter 25680]loss: 2.9178, tokens/sec: 29337.75 ± 386.83, tokens seen: 3365928960, grad norm: 2.4028
[iter 25690]loss: 2.9933, tokens/sec: 29337.76 ± 386.76, tokens seen: 3367239680, grad norm: 2.1896
[iter 25700]loss: 2.9124, tokens/sec: 29337.77 ± 386.69, tokens seen: 3368550400, grad norm: 2.5440
[iter 25710]loss: 3.1039, tokens/sec: 29337.78 ± 386.61, tokens seen: 3369861120, grad norm: 2.7718
[iter 25720]loss: 3.1765, tokens/sec: 29337.79 ± 386.54, tokens seen: 3371171840, grad norm: 2.6739
[iter 25730]loss: 2.6846, tokens/sec: 29337.63 ± 387.34, tokens seen: 3372482560, grad norm: 2.8515
[iter 25740]loss: 3.0108, tokens/sec: 29337.64 ± 387.26, tokens seen: 3373793280, grad norm: 3.4708
[iter 25750]loss: 2.7671, tokens/sec: 29337.65 ± 387.19, tokens seen: 3375104000, grad norm: 3.4662
[iter 25760]loss: 3.2158, tokens/sec: 29337.66 ± 387.11, tokens seen: 3376414720, grad norm: 2.1834
[iter 25770]loss: 3.0610, tokens/sec: 29337.67 ± 387.04, tokens seen: 3377725440, grad norm: 2.8251
[iter 25780]loss: 2.7517, tokens/sec: 29337.68 ± 386.96, tokens seen: 3379036160, grad norm: 2.6831
[iter 25790]loss: 3.0045, tokens/sec: 29337.69 ± 386.89, tokens seen: 3380346880, grad norm: 2.5222
[iter 25800]loss: 2.9980, tokens/sec: 29337.70 ± 386.81, tokens seen: 3381657600, grad norm: 2.3073
[iter 25810]loss: 2.9533, tokens/sec: 29337.71 ± 386.74, tokens seen: 3382968320, grad norm: 2.9420
[iter 25820]loss: 2.8105, tokens/sec: 29337.72 ± 386.66, tokens seen: 3384279040, grad norm: 3.0855
[iter 25830]loss: 2.5826, tokens/sec: 29337.73 ± 386.59, tokens seen: 3385589760, grad norm: 3.0216
[iter 25840]loss: 2.9367, tokens/sec: 29337.74 ± 386.51, tokens seen: 3386900480, grad norm: 3.4871
[iter 25850]loss: 3.0299, tokens/sec: 29337.75 ± 386.44, tokens seen: 3388211200, grad norm: 3.0247
[iter 25860]loss: 3.1606, tokens/sec: 29337.76 ± 386.37, tokens seen: 3389521920, grad norm: 2.8777
[iter 25870]loss: 3.0922, tokens/sec: 29337.77 ± 386.29, tokens seen: 3390832640, grad norm: 3.3672
[iter 25880]loss: 3.0588, tokens/sec: 29337.78 ± 386.22, tokens seen: 3392143360, grad norm: 2.6475
[iter 25890]loss: 3.0054, tokens/sec: 29337.79 ± 386.14, tokens seen: 3393454080, grad norm: 2.2919
[iter 25900]loss: 3.0120, tokens/sec: 29337.80 ± 386.07, tokens seen: 3394764800, grad norm: 3.3210
[iter 25910]loss: 2.9917, tokens/sec: 29337.81 ± 385.99, tokens seen: 3396075520, grad norm: 3.4877
[iter 25920]loss: 2.6718, tokens/sec: 29337.82 ± 385.92, tokens seen: 3397386240, grad norm: 3.2722
[iter 25930]loss: 2.8464, tokens/sec: 29337.83 ± 385.85, tokens seen: 3398696960, grad norm: 3.5456
[iter 25940]loss: 3.0911, tokens/sec: 29337.84 ± 385.77, tokens seen: 3400007680, grad norm: 2.9715
[iter 25950]loss: 2.8240, tokens/sec: 29337.85 ± 385.70, tokens seen: 3401318400, grad norm: 10.2412
[iter 25960]loss: 3.0391, tokens/sec: 29337.86 ± 385.62, tokens seen: 3402629120, grad norm: 3.1304
[iter 25970]loss: 2.9556, tokens/sec: 29337.87 ± 385.55, tokens seen: 3403939840, grad norm: 2.9729
[iter 25980]loss: 2.7050, tokens/sec: 29337.88 ± 385.48, tokens seen: 3405250560, grad norm: 3.0078
[iter 25990]loss: 2.8521, tokens/sec: 29337.89 ± 385.40, tokens seen: 3406561280, grad norm: 4.0805
[step 26000]train loss: 2.9668, val loss: 3.0069, (avg train loss: 0.3742 ± 0.0159), (avg grad norm: 3.3861 ± 1.5726)
[iter 26000]loss: 2.8275, tokens/sec: 29337.90 ± 385.33, tokens seen: 3407872000, grad norm: 3.7138
[iter 26010]loss: 3.0932, tokens/sec: 29337.91 ± 385.26, tokens seen: 3409182720, grad norm: 4.9279
[iter 26020]loss: 2.9660, tokens/sec: 29337.72 ± 386.55, tokens seen: 3410493440, grad norm: 3.8540
[iter 26030]loss: 3.1072, tokens/sec: 29337.73 ± 386.48, tokens seen: 3411804160, grad norm: 2.9432
[iter 26040]loss: 2.8894, tokens/sec: 29337.74 ± 386.40, tokens seen: 3413114880, grad norm: 2.8274
[iter 26050]loss: 3.0493, tokens/sec: 29337.75 ± 386.33, tokens seen: 3414425600, grad norm: 2.7511
[iter 26060]loss: 3.0763, tokens/sec: 29337.76 ± 386.26, tokens seen: 3415736320, grad norm: 3.1945
[iter 26070]loss: 2.8717, tokens/sec: 29337.77 ± 386.18, tokens seen: 3417047040, grad norm: 3.3695
[iter 26080]loss: 2.6340, tokens/sec: 29337.78 ± 386.11, tokens seen: 3418357760, grad norm: 3.1872
[iter 26090]loss: 2.9989, tokens/sec: 29337.79 ± 386.04, tokens seen: 3419668480, grad norm: 2.9250
[iter 26100]loss: 2.9895, tokens/sec: 29337.80 ± 385.96, tokens seen: 3420979200, grad norm: 3.2793
[iter 26110]loss: 2.8930, tokens/sec: 29337.81 ± 385.89, tokens seen: 3422289920, grad norm: 2.1863
[iter 26120]loss: 2.9981, tokens/sec: 29337.66 ± 386.70, tokens seen: 3423600640, grad norm: 3.4929
[iter 26130]loss: 3.0769, tokens/sec: 29337.67 ± 386.62, tokens seen: 3424911360, grad norm: 2.8102
[iter 26140]loss: 3.4536, tokens/sec: 29337.68 ± 386.55, tokens seen: 3426222080, grad norm: 2.2865
[iter 26150]loss: 2.6274, tokens/sec: 29337.69 ± 386.47, tokens seen: 3427532800, grad norm: 3.0643
[iter 26160]loss: 2.9277, tokens/sec: 29337.70 ± 386.40, tokens seen: 3428843520, grad norm: 2.5036
[iter 26170]loss: 3.0834, tokens/sec: 29337.71 ± 386.33, tokens seen: 3430154240, grad norm: 4.6519
[iter 26180]loss: 2.9093, tokens/sec: 29337.72 ± 386.25, tokens seen: 3431464960, grad norm: 2.3913
[iter 26190]loss: 2.9146, tokens/sec: 29337.73 ± 386.18, tokens seen: 3432775680, grad norm: 3.0453
[iter 26200]loss: 3.0556, tokens/sec: 29337.74 ± 386.11, tokens seen: 3434086400, grad norm: 3.7940
[iter 26210]loss: 3.0006, tokens/sec: 29337.75 ± 386.03, tokens seen: 3435397120, grad norm: 2.6092
[iter 26220]loss: 3.1668, tokens/sec: 29337.76 ± 385.96, tokens seen: 3436707840, grad norm: 2.6557
[iter 26230]loss: 2.9938, tokens/sec: 29337.77 ± 385.89, tokens seen: 3438018560, grad norm: 3.8623
[iter 26240]loss: 2.9286, tokens/sec: 29337.78 ± 385.81, tokens seen: 3439329280, grad norm: 2.7694
[iter 26250]loss: 2.9827, tokens/sec: 29337.79 ± 385.74, tokens seen: 3440640000, grad norm: 2.0574
[iter 26260]loss: 2.9162, tokens/sec: 29337.80 ± 385.67, tokens seen: 3441950720, grad norm: 2.8509
[iter 26270]loss: 3.1090, tokens/sec: 29337.81 ± 385.60, tokens seen: 3443261440, grad norm: 2.6339
[iter 26280]loss: 3.0608, tokens/sec: 29337.82 ± 385.52, tokens seen: 3444572160, grad norm: 3.8640
[iter 26290]loss: 3.0286, tokens/sec: 29337.83 ± 385.45, tokens seen: 3445882880, grad norm: 3.7088
[iter 26300]loss: 3.0898, tokens/sec: 29337.84 ± 385.38, tokens seen: 3447193600, grad norm: 3.4235
[iter 26310]loss: 2.9723, tokens/sec: 29337.85 ± 385.30, tokens seen: 3448504320, grad norm: 1.9681
[iter 26320]loss: 2.7905, tokens/sec: 29337.86 ± 385.23, tokens seen: 3449815040, grad norm: 2.5593
[iter 26330]loss: 2.9292, tokens/sec: 29337.87 ± 385.16, tokens seen: 3451125760, grad norm: 2.3961
[iter 26340]loss: 3.2078, tokens/sec: 29337.88 ± 385.09, tokens seen: 3452436480, grad norm: 2.9870
[iter 26350]loss: 3.1268, tokens/sec: 29337.89 ± 385.01, tokens seen: 3453747200, grad norm: 2.2251
[iter 26360]loss: 2.9741, tokens/sec: 29337.90 ± 384.94, tokens seen: 3455057920, grad norm: 2.3680
[iter 26370]loss: 2.6539, tokens/sec: 29337.91 ± 384.87, tokens seen: 3456368640, grad norm: 2.8021
[iter 26380]loss: 3.0337, tokens/sec: 29337.92 ± 384.79, tokens seen: 3457679360, grad norm: 1.9228
[iter 26390]loss: 2.9617, tokens/sec: 29337.93 ± 384.72, tokens seen: 3458990080, grad norm: 1.9480
[iter 26400]loss: 2.9774, tokens/sec: 29337.94 ± 384.65, tokens seen: 3460300800, grad norm: 3.5876
[iter 26410]loss: 3.0871, tokens/sec: 29337.95 ± 384.58, tokens seen: 3461611520, grad norm: 2.0907
[iter 26420]loss: 2.9031, tokens/sec: 29337.96 ± 384.50, tokens seen: 3462922240, grad norm: 2.2961
[iter 26430]loss: 2.9333, tokens/sec: 29337.97 ± 384.43, tokens seen: 3464232960, grad norm: 5.7557
[iter 26440]loss: 2.8783, tokens/sec: 29337.98 ± 384.36, tokens seen: 3465543680, grad norm: 2.7309
[iter 26450]loss: 2.8329, tokens/sec: 29337.98 ± 384.29, tokens seen: 3466854400, grad norm: 2.9795
[iter 26460]loss: 2.8660, tokens/sec: 29337.99 ± 384.21, tokens seen: 3468165120, grad norm: 2.2228
[iter 26470]loss: 2.9854, tokens/sec: 29338.00 ± 384.14, tokens seen: 3469475840, grad norm: 2.0218
[iter 26480]loss: 2.9881, tokens/sec: 29338.01 ± 384.07, tokens seen: 3470786560, grad norm: 3.5585
[iter 26490]loss: 2.9704, tokens/sec: 29338.02 ± 384.00, tokens seen: 3472097280, grad norm: 2.1207
[step 26500]train loss: 2.9793, val loss: 3.0024, (avg train loss: 0.3740 ± 0.0171), (avg grad norm: 2.8053 ± 1.1931)
[iter 26500]loss: 2.9630, tokens/sec: 29337.87 ± 384.84, tokens seen: 3473408000, grad norm: 3.3948
[iter 26510]loss: 2.9967, tokens/sec: 29337.67 ± 386.14, tokens seen: 3474718720, grad norm: 3.1078
[iter 26520]loss: 2.7438, tokens/sec: 29337.68 ± 386.07, tokens seen: 3476029440, grad norm: 3.1912
[iter 26530]loss: 2.5088, tokens/sec: 29337.69 ± 386.00, tokens seen: 3477340160, grad norm: 3.2880
[iter 26540]loss: 2.8334, tokens/sec: 29337.70 ± 385.93, tokens seen: 3478650880, grad norm: 3.2971
[iter 26550]loss: 3.1719, tokens/sec: 29337.71 ± 385.85, tokens seen: 3479961600, grad norm: 4.1972
[iter 26560]loss: 2.8120, tokens/sec: 29337.71 ± 385.78, tokens seen: 3481272320, grad norm: 2.9600
[iter 26570]loss: 2.7905, tokens/sec: 29337.72 ± 385.71, tokens seen: 3482583040, grad norm: 5.6107
[iter 26580]loss: 3.0275, tokens/sec: 29337.73 ± 385.64, tokens seen: 3483893760, grad norm: 5.2043
[iter 26590]loss: 2.1686, tokens/sec: 29337.74 ± 385.56, tokens seen: 3485204480, grad norm: 5.2683
[iter 26600]loss: 3.0418, tokens/sec: 29337.75 ± 385.49, tokens seen: 3486515200, grad norm: 3.5136
[iter 26610]loss: 3.1225, tokens/sec: 29337.76 ± 385.42, tokens seen: 3487825920, grad norm: 3.9530
[iter 26620]loss: 3.2172, tokens/sec: 29337.77 ± 385.35, tokens seen: 3489136640, grad norm: 4.0870
[iter 26630]loss: 2.9883, tokens/sec: 29337.78 ± 385.28, tokens seen: 3490447360, grad norm: 5.4095
[iter 26640]loss: 2.7816, tokens/sec: 29337.79 ± 385.20, tokens seen: 3491758080, grad norm: 5.0106
[iter 26650]loss: 3.2113, tokens/sec: 29337.80 ± 385.13, tokens seen: 3493068800, grad norm: 6.3819
[iter 26660]loss: 2.8907, tokens/sec: 29337.80 ± 385.06, tokens seen: 3494379520, grad norm: 7.3856
[iter 26670]loss: 2.8689, tokens/sec: 29337.81 ± 384.99, tokens seen: 3495690240, grad norm: 4.8825
[iter 26680]loss: 2.8659, tokens/sec: 29337.82 ± 384.92, tokens seen: 3497000960, grad norm: 19.2186
[iter 26690]loss: 3.0382, tokens/sec: 29337.83 ± 384.84, tokens seen: 3498311680, grad norm: 5.3202
[iter 26700]loss: 3.0999, tokens/sec: 29337.84 ± 384.77, tokens seen: 3499622400, grad norm: 5.3433
[iter 26710]loss: 2.8441, tokens/sec: 29337.84 ± 384.70, tokens seen: 3500933120, grad norm: 5.6938
[iter 26720]loss: 2.9218, tokens/sec: 29337.85 ± 384.63, tokens seen: 3502243840, grad norm: 7.9778
[iter 26730]loss: 3.0389, tokens/sec: 29337.86 ± 384.56, tokens seen: 3503554560, grad norm: 2.5022
[iter 26740]loss: 3.3648, tokens/sec: 29337.87 ± 384.49, tokens seen: 3504865280, grad norm: 4.2464
[iter 26750]loss: 2.9924, tokens/sec: 29337.88 ± 384.41, tokens seen: 3506176000, grad norm: 3.1393
[iter 26760]loss: 2.9426, tokens/sec: 29337.88 ± 384.34, tokens seen: 3507486720, grad norm: 3.3523
[iter 26770]loss: 3.1174, tokens/sec: 29337.89 ± 384.27, tokens seen: 3508797440, grad norm: 10.3961
[iter 26780]loss: 3.0299, tokens/sec: 29337.90 ± 384.20, tokens seen: 3510108160, grad norm: 2.6766
[iter 26790]loss: 2.9894, tokens/sec: 29337.91 ± 384.13, tokens seen: 3511418880, grad norm: 3.7077
[iter 26800]loss: 3.0105, tokens/sec: 29337.92 ± 384.06, tokens seen: 3512729600, grad norm: 2.8867
[iter 26810]loss: 2.8020, tokens/sec: 29337.92 ± 383.99, tokens seen: 3514040320, grad norm: 3.2123
[iter 26820]loss: 2.9852, tokens/sec: 29337.93 ± 383.91, tokens seen: 3515351040, grad norm: 3.2127
[iter 26830]loss: 3.0740, tokens/sec: 29337.94 ± 383.84, tokens seen: 3516661760, grad norm: 2.7151
[iter 26840]loss: 2.8643, tokens/sec: 29337.95 ± 383.77, tokens seen: 3517972480, grad norm: 5.0917
[iter 26850]loss: 3.1436, tokens/sec: 29337.95 ± 383.70, tokens seen: 3519283200, grad norm: 3.2806
[iter 26860]loss: 3.4671, tokens/sec: 29337.96 ± 383.63, tokens seen: 3520593920, grad norm: 4.8335
[iter 26870]loss: 2.9936, tokens/sec: 29337.97 ± 383.56, tokens seen: 3521904640, grad norm: 4.6717
[iter 26880]loss: 2.9462, tokens/sec: 29337.82 ± 384.34, tokens seen: 3523215360, grad norm: 2.6535
[iter 26890]loss: 3.0541, tokens/sec: 29337.82 ± 384.26, tokens seen: 3524526080, grad norm: 3.0664
[iter 26900]loss: 2.9801, tokens/sec: 29337.83 ± 384.19, tokens seen: 3525836800, grad norm: 2.5436
[iter 26910]loss: 3.0315, tokens/sec: 29337.83 ± 384.12, tokens seen: 3527147520, grad norm: 3.1748
[iter 26920]loss: 3.0844, tokens/sec: 29337.84 ± 384.05, tokens seen: 3528458240, grad norm: 2.2707
[iter 26930]loss: 3.0881, tokens/sec: 29337.85 ± 383.98, tokens seen: 3529768960, grad norm: 2.8357
[iter 26940]loss: 2.9015, tokens/sec: 29337.86 ± 383.91, tokens seen: 3531079680, grad norm: 2.4743
[iter 26950]loss: 2.8471, tokens/sec: 29337.87 ± 383.84, tokens seen: 3532390400, grad norm: 2.6765
[iter 26960]loss: 3.1620, tokens/sec: 29337.87 ± 383.77, tokens seen: 3533701120, grad norm: 3.8495
[iter 26970]loss: 2.9598, tokens/sec: 29337.88 ± 383.70, tokens seen: 3535011840, grad norm: 3.6854
[iter 26980]loss: 2.9808, tokens/sec: 29337.89 ± 383.63, tokens seen: 3536322560, grad norm: 4.2985
[iter 26990]loss: 3.0772, tokens/sec: 29337.70 ± 384.90, tokens seen: 3537633280, grad norm: 2.7943
[step 27000]train loss: 2.9826, val loss: 2.9916, (avg train loss: 0.3720 ± 0.0169), (avg grad norm: 3.1899 ± 1.0761)
[iter 27000]loss: 2.7763, tokens/sec: 29337.71 ± 384.83, tokens seen: 3538944000, grad norm: 3.0533
[iter 27010]loss: 2.8850, tokens/sec: 29337.72 ± 384.76, tokens seen: 3540254720, grad norm: 3.0564
[iter 27020]loss: 2.8604, tokens/sec: 29337.73 ± 384.69, tokens seen: 3541565440, grad norm: 2.2204
[iter 27030]loss: 3.0618, tokens/sec: 29337.74 ± 384.62, tokens seen: 3542876160, grad norm: 3.1055
[iter 27040]loss: 2.9810, tokens/sec: 29337.75 ± 384.55, tokens seen: 3544186880, grad norm: 5.2654
[iter 27050]loss: 3.0990, tokens/sec: 29337.76 ± 384.48, tokens seen: 3545497600, grad norm: 3.3935
[iter 27060]loss: 2.9613, tokens/sec: 29337.77 ± 384.40, tokens seen: 3546808320, grad norm: 3.9147
[iter 27070]loss: 2.8543, tokens/sec: 29337.78 ± 384.33, tokens seen: 3548119040, grad norm: 5.5968
[iter 27080]loss: 3.0686, tokens/sec: 29337.79 ± 384.26, tokens seen: 3549429760, grad norm: 4.6194
[iter 27090]loss: 2.8088, tokens/sec: 29337.80 ± 384.19, tokens seen: 3550740480, grad norm: 18.6179
[iter 27100]loss: 2.8577, tokens/sec: 29337.81 ± 384.12, tokens seen: 3552051200, grad norm: 4.2948
[iter 27110]loss: 3.2583, tokens/sec: 29337.82 ± 384.05, tokens seen: 3553361920, grad norm: 3.0730
[iter 27120]loss: 2.9063, tokens/sec: 29337.83 ± 383.98, tokens seen: 3554672640, grad norm: 4.3442
[iter 27130]loss: 2.7953, tokens/sec: 29337.83 ± 383.91, tokens seen: 3555983360, grad norm: 6.1792
[iter 27140]loss: 3.0468, tokens/sec: 29337.84 ± 383.84, tokens seen: 3557294080, grad norm: 3.1265
[iter 27150]loss: 2.6988, tokens/sec: 29337.85 ± 383.77, tokens seen: 3558604800, grad norm: 5.3840
[iter 27160]loss: 3.0931, tokens/sec: 29337.86 ± 383.70, tokens seen: 3559915520, grad norm: 3.5892
[iter 27170]loss: 3.0332, tokens/sec: 29337.87 ± 383.63, tokens seen: 3561226240, grad norm: 3.8596
[iter 27180]loss: 3.3824, tokens/sec: 29337.88 ± 383.56, tokens seen: 3562536960, grad norm: 4.0282
[iter 27190]loss: 2.9527, tokens/sec: 29337.89 ± 383.49, tokens seen: 3563847680, grad norm: 3.4012
[iter 27200]loss: 2.9269, tokens/sec: 29337.90 ± 383.42, tokens seen: 3565158400, grad norm: 5.4407
[iter 27210]loss: 2.8728, tokens/sec: 29337.91 ± 383.35, tokens seen: 3566469120, grad norm: 4.9713
[iter 27220]loss: 2.9281, tokens/sec: 29337.91 ± 383.28, tokens seen: 3567779840, grad norm: 4.6458
[iter 27230]loss: 3.0183, tokens/sec: 29337.92 ± 383.21, tokens seen: 3569090560, grad norm: 7.5627
[iter 27240]loss: 2.8209, tokens/sec: 29337.93 ± 383.14, tokens seen: 3570401280, grad norm: 4.7929
[iter 27250]loss: 2.9981, tokens/sec: 29337.94 ± 383.07, tokens seen: 3571712000, grad norm: 5.9607
[iter 27260]loss: 3.1624, tokens/sec: 29337.95 ± 383.00, tokens seen: 3573022720, grad norm: 5.1111
[iter 27270]loss: 2.9770, tokens/sec: 29337.80 ± 383.78, tokens seen: 3574333440, grad norm: 7.0772
[iter 27280]loss: 3.1296, tokens/sec: 29337.81 ± 383.71, tokens seen: 3575644160, grad norm: 9.4131
[iter 27290]loss: 3.0108, tokens/sec: 29337.82 ± 383.64, tokens seen: 3576954880, grad norm: 4.6764
[iter 27300]loss: 3.0433, tokens/sec: 29337.83 ± 383.57, tokens seen: 3578265600, grad norm: 6.1537
[iter 27310]loss: 2.9288, tokens/sec: 29337.84 ± 383.50, tokens seen: 3579576320, grad norm: 9.9990
[iter 27320]loss: 2.9489, tokens/sec: 29337.85 ± 383.43, tokens seen: 3580887040, grad norm: 5.2560
[iter 27330]loss: 2.7933, tokens/sec: 29337.86 ± 383.36, tokens seen: 3582197760, grad norm: 5.0223
[iter 27340]loss: 2.8896, tokens/sec: 29337.87 ± 383.29, tokens seen: 3583508480, grad norm: 3.7454
[iter 27350]loss: 2.9391, tokens/sec: 29337.88 ± 383.22, tokens seen: 3584819200, grad norm: 6.0054
[iter 27360]loss: 2.8867, tokens/sec: 29337.89 ± 383.15, tokens seen: 3586129920, grad norm: 4.7983
[iter 27370]loss: 2.8556, tokens/sec: 29337.90 ± 383.08, tokens seen: 3587440640, grad norm: 5.3316
[iter 27380]loss: 2.8663, tokens/sec: 29337.90 ± 383.01, tokens seen: 3588751360, grad norm: 6.2562
[iter 27390]loss: 2.9751, tokens/sec: 29337.91 ± 382.94, tokens seen: 3590062080, grad norm: 4.5849
[iter 27400]loss: 3.0404, tokens/sec: 29337.92 ± 382.87, tokens seen: 3591372800, grad norm: 4.3300
[iter 27410]loss: 2.9857, tokens/sec: 29337.93 ± 382.80, tokens seen: 3592683520, grad norm: 3.8401
[iter 27420]loss: 2.9056, tokens/sec: 29337.94 ± 382.73, tokens seen: 3593994240, grad norm: 6.0074
[iter 27430]loss: 3.0581, tokens/sec: 29337.95 ± 382.66, tokens seen: 3595304960, grad norm: 2.9463
[iter 27440]loss: 3.3397, tokens/sec: 29337.96 ± 382.59, tokens seen: 3596615680, grad norm: 3.5163
[iter 27450]loss: 3.0730, tokens/sec: 29337.97 ± 382.52, tokens seen: 3597926400, grad norm: 3.3807
[iter 27460]loss: 3.1523, tokens/sec: 29337.98 ± 382.45, tokens seen: 3599237120, grad norm: 2.5451
[iter 27470]loss: 3.0615, tokens/sec: 29337.99 ± 382.38, tokens seen: 3600547840, grad norm: 4.8548
[iter 27480]loss: 2.7892, tokens/sec: 29337.80 ± 383.69, tokens seen: 3601858560, grad norm: 1.9958
[iter 27490]loss: 3.0357, tokens/sec: 29337.81 ± 383.62, tokens seen: 3603169280, grad norm: 2.3081
[step 27500]train loss: 2.9882, val loss: 2.9985, (avg train loss: 0.3729 ± 0.0177), (avg grad norm: 4.3473 ± 1.8815)
[iter 27500]loss: 3.1334, tokens/sec: 29337.82 ± 383.55, tokens seen: 3604480000, grad norm: 2.3148
[iter 27510]loss: 3.2547, tokens/sec: 29337.83 ± 383.48, tokens seen: 3605790720, grad norm: 4.1254
[iter 27520]loss: 2.9148, tokens/sec: 29337.84 ± 383.42, tokens seen: 3607101440, grad norm: 3.1829
[iter 27530]loss: 2.9740, tokens/sec: 29337.85 ± 383.35, tokens seen: 3608412160, grad norm: 4.4888
[iter 27540]loss: 3.0923, tokens/sec: 29337.85 ± 383.28, tokens seen: 3609722880, grad norm: 2.7661
[iter 27550]loss: 2.7101, tokens/sec: 29337.86 ± 383.21, tokens seen: 3611033600, grad norm: 3.2578
[iter 27560]loss: 2.8879, tokens/sec: 29337.87 ± 383.14, tokens seen: 3612344320, grad norm: 3.3316
[iter 27570]loss: 3.1721, tokens/sec: 29337.88 ± 383.07, tokens seen: 3613655040, grad norm: 3.1089
[iter 27580]loss: 2.8883, tokens/sec: 29337.88 ± 383.00, tokens seen: 3614965760, grad norm: 2.6673
[iter 27590]loss: 2.9389, tokens/sec: 29337.89 ± 382.93, tokens seen: 3616276480, grad norm: 3.2173
[iter 27600]loss: 3.0364, tokens/sec: 29337.90 ± 382.86, tokens seen: 3617587200, grad norm: 4.4331
[iter 27610]loss: 2.9131, tokens/sec: 29337.91 ± 382.79, tokens seen: 3618897920, grad norm: 2.6383
[iter 27620]loss: 2.8255, tokens/sec: 29337.91 ± 382.72, tokens seen: 3620208640, grad norm: 3.7946
[iter 27630]loss: 2.9886, tokens/sec: 29337.92 ± 382.65, tokens seen: 3621519360, grad norm: 2.2415
[iter 27640]loss: 3.1800, tokens/sec: 29337.93 ± 382.59, tokens seen: 3622830080, grad norm: 3.5023
[iter 27650]loss: 3.0159, tokens/sec: 29337.78 ± 383.40, tokens seen: 3624140800, grad norm: 3.1560
[iter 27660]loss: 2.9275, tokens/sec: 29337.79 ± 383.33, tokens seen: 3625451520, grad norm: 2.6700
[iter 27670]loss: 3.0923, tokens/sec: 29337.80 ± 383.26, tokens seen: 3626762240, grad norm: 3.4796
[iter 27680]loss: 3.0708, tokens/sec: 29337.81 ± 383.19, tokens seen: 3628072960, grad norm: 3.2446
[iter 27690]loss: 3.1559, tokens/sec: 29337.82 ± 383.12, tokens seen: 3629383680, grad norm: 3.4427
[iter 27700]loss: 2.8495, tokens/sec: 29337.83 ± 383.05, tokens seen: 3630694400, grad norm: 3.1206
[iter 27710]loss: 2.9140, tokens/sec: 29337.84 ± 382.99, tokens seen: 3632005120, grad norm: 3.5148
[iter 27720]loss: 2.8407, tokens/sec: 29337.85 ± 382.92, tokens seen: 3633315840, grad norm: 2.6760
[iter 27730]loss: 3.0339, tokens/sec: 29337.85 ± 382.85, tokens seen: 3634626560, grad norm: 3.0903
[iter 27740]loss: 2.9705, tokens/sec: 29337.86 ± 382.78, tokens seen: 3635937280, grad norm: 3.7304
[iter 27750]loss: 3.0028, tokens/sec: 29337.87 ± 382.71, tokens seen: 3637248000, grad norm: 3.1275
[iter 27760]loss: 3.0783, tokens/sec: 29337.88 ± 382.64, tokens seen: 3638558720, grad norm: 2.7175
[iter 27770]loss: 3.0500, tokens/sec: 29337.89 ± 382.57, tokens seen: 3639869440, grad norm: 4.1039
[iter 27780]loss: 3.0996, tokens/sec: 29337.90 ± 382.51, tokens seen: 3641180160, grad norm: 3.6410
[iter 27790]loss: 2.9427, tokens/sec: 29337.91 ± 382.44, tokens seen: 3642490880, grad norm: 3.0120
[iter 27800]loss: 2.6687, tokens/sec: 29337.92 ± 382.37, tokens seen: 3643801600, grad norm: 3.0072
[iter 27810]loss: 2.8596, tokens/sec: 29337.93 ± 382.30, tokens seen: 3645112320, grad norm: 2.4457
[iter 27820]loss: 2.6798, tokens/sec: 29337.94 ± 382.23, tokens seen: 3646423040, grad norm: 2.0483
[iter 27830]loss: 2.8806, tokens/sec: 29337.95 ± 382.16, tokens seen: 3647733760, grad norm: 3.4906
[iter 27840]loss: 3.0550, tokens/sec: 29337.96 ± 382.09, tokens seen: 3649044480, grad norm: 3.7456
[iter 27850]loss: 2.9280, tokens/sec: 29337.97 ± 382.03, tokens seen: 3650355200, grad norm: 5.5985
[iter 27860]loss: 2.8772, tokens/sec: 29337.97 ± 381.96, tokens seen: 3651665920, grad norm: 4.3589
[iter 27870]loss: 3.0593, tokens/sec: 29337.98 ± 381.89, tokens seen: 3652976640, grad norm: 5.0993
[iter 27880]loss: 2.9366, tokens/sec: 29337.99 ± 381.82, tokens seen: 3654287360, grad norm: 2.6614
[iter 27890]loss: 2.9744, tokens/sec: 29338.00 ± 381.75, tokens seen: 3655598080, grad norm: 3.2875
[iter 27900]loss: 3.0509, tokens/sec: 29338.01 ± 381.69, tokens seen: 3656908800, grad norm: 3.5617
[iter 27910]loss: 2.8340, tokens/sec: 29338.02 ± 381.62, tokens seen: 3658219520, grad norm: 3.1193
[iter 27920]loss: 2.7293, tokens/sec: 29338.03 ± 381.55, tokens seen: 3659530240, grad norm: 7.2003
[iter 27930]loss: 2.7862, tokens/sec: 29338.04 ± 381.48, tokens seen: 3660840960, grad norm: 5.4385
[iter 27940]loss: 3.1608, tokens/sec: 29338.05 ± 381.41, tokens seen: 3662151680, grad norm: 5.6804
[iter 27950]loss: 2.9260, tokens/sec: 29338.06 ± 381.35, tokens seen: 3663462400, grad norm: 4.8290
[iter 27960]loss: 3.1309, tokens/sec: 29337.88 ± 382.61, tokens seen: 3664773120, grad norm: 2.6369
[iter 27970]loss: 3.1023, tokens/sec: 29337.89 ± 382.54, tokens seen: 3666083840, grad norm: 3.1192
[iter 27980]loss: 3.0777, tokens/sec: 29337.90 ± 382.47, tokens seen: 3667394560, grad norm: 2.9382
[iter 27990]loss: 2.9057, tokens/sec: 29337.91 ± 382.40, tokens seen: 3668705280, grad norm: 3.0191
[step 28000]train loss: 2.9622, val loss: 2.9816, (avg train loss: 0.3710 ± 0.0164), (avg grad norm: 4.0381 ± 1.8409)
saving checkpoint to ./out-owt-large-mhc-group-lora-dense-midnorm-bs8-30000step
[iter 28000]loss: 3.0788, tokens/sec: 29337.92 ± 382.34, tokens seen: 3670016000, grad norm: 3.1439
[iter 28010]loss: 3.0770, tokens/sec: 29337.93 ± 382.27, tokens seen: 3671326720, grad norm: 3.1525
[iter 28020]loss: 2.9918, tokens/sec: 29337.95 ± 382.20, tokens seen: 3672637440, grad norm: 3.5228
[iter 28030]loss: 3.0809, tokens/sec: 29337.96 ± 382.13, tokens seen: 3673948160, grad norm: 3.5625
[iter 28040]loss: 3.0429, tokens/sec: 29337.82 ± 382.98, tokens seen: 3675258880, grad norm: 3.2957
[iter 28050]loss: 2.9799, tokens/sec: 29337.83 ± 382.91, tokens seen: 3676569600, grad norm: 4.5938
[iter 28060]loss: 3.1709, tokens/sec: 29337.84 ± 382.84, tokens seen: 3677880320, grad norm: 5.5386
[iter 28070]loss: 2.9869, tokens/sec: 29337.85 ± 382.78, tokens seen: 3679191040, grad norm: 4.0716
[iter 28080]loss: 3.0236, tokens/sec: 29337.85 ± 382.71, tokens seen: 3680501760, grad norm: 2.6881
[iter 28090]loss: 2.7975, tokens/sec: 29337.86 ± 382.64, tokens seen: 3681812480, grad norm: 4.8487
[iter 28100]loss: 3.0355, tokens/sec: 29337.87 ± 382.57, tokens seen: 3683123200, grad norm: 2.7875
[iter 28110]loss: 2.9272, tokens/sec: 29337.88 ± 382.51, tokens seen: 3684433920, grad norm: 4.5420
[iter 28120]loss: 3.0488, tokens/sec: 29337.89 ± 382.44, tokens seen: 3685744640, grad norm: 3.0030
[iter 28130]loss: 3.0959, tokens/sec: 29337.90 ± 382.37, tokens seen: 3687055360, grad norm: 3.3640
[iter 28140]loss: 2.8802, tokens/sec: 29337.91 ± 382.30, tokens seen: 3688366080, grad norm: 8.2299
[iter 28150]loss: 2.9714, tokens/sec: 29337.92 ± 382.24, tokens seen: 3689676800, grad norm: 4.8364
[iter 28160]loss: 3.1858, tokens/sec: 29337.93 ± 382.17, tokens seen: 3690987520, grad norm: 3.9535
[iter 28170]loss: 3.2235, tokens/sec: 29337.93 ± 382.10, tokens seen: 3692298240, grad norm: 4.3228
[iter 28180]loss: 2.9794, tokens/sec: 29337.94 ± 382.03, tokens seen: 3693608960, grad norm: 4.0207
[iter 28190]loss: 3.0959, tokens/sec: 29337.95 ± 381.97, tokens seen: 3694919680, grad norm: 7.2328
[iter 28200]loss: 3.1229, tokens/sec: 29337.96 ± 381.90, tokens seen: 3696230400, grad norm: 5.0622
[iter 28210]loss: 2.9204, tokens/sec: 29337.96 ± 381.83, tokens seen: 3697541120, grad norm: 3.7530
[iter 28220]loss: 2.9448, tokens/sec: 29337.97 ± 381.76, tokens seen: 3698851840, grad norm: 4.3286
[iter 28230]loss: 2.8800, tokens/sec: 29337.98 ± 381.70, tokens seen: 3700162560, grad norm: 4.9327
[iter 28240]loss: 2.9958, tokens/sec: 29337.99 ± 381.63, tokens seen: 3701473280, grad norm: 5.2268
[iter 28250]loss: 2.9271, tokens/sec: 29338.00 ± 381.56, tokens seen: 3702784000, grad norm: 7.6868
[iter 28260]loss: 2.8913, tokens/sec: 29338.00 ± 381.49, tokens seen: 3704094720, grad norm: 3.9306
[iter 28270]loss: 2.9323, tokens/sec: 29338.01 ± 381.43, tokens seen: 3705405440, grad norm: 6.2144
[iter 28280]loss: 3.0938, tokens/sec: 29338.02 ± 381.36, tokens seen: 3706716160, grad norm: 11.4760
[iter 28290]loss: 3.0201, tokens/sec: 29338.03 ± 381.29, tokens seen: 3708026880, grad norm: 4.7254
[iter 28300]loss: 2.9531, tokens/sec: 29338.04 ± 381.22, tokens seen: 3709337600, grad norm: 4.7339
[iter 28310]loss: 3.0509, tokens/sec: 29338.04 ± 381.16, tokens seen: 3710648320, grad norm: 2.7395
[iter 28320]loss: 3.0427, tokens/sec: 29338.05 ± 381.09, tokens seen: 3711959040, grad norm: 4.0748
[iter 28330]loss: 2.9747, tokens/sec: 29338.06 ± 381.02, tokens seen: 3713269760, grad norm: 5.9791
[iter 28340]loss: 3.1402, tokens/sec: 29338.07 ± 380.96, tokens seen: 3714580480, grad norm: 6.0978
[iter 28350]loss: 2.8543, tokens/sec: 29338.08 ± 380.89, tokens seen: 3715891200, grad norm: 3.4149
[iter 28360]loss: 2.9684, tokens/sec: 29338.08 ± 380.82, tokens seen: 3717201920, grad norm: 3.5168
[iter 28370]loss: 2.8305, tokens/sec: 29338.09 ± 380.76, tokens seen: 3718512640, grad norm: 3.5373
[iter 28380]loss: 3.0437, tokens/sec: 29338.10 ± 380.69, tokens seen: 3719823360, grad norm: 3.1014
[iter 28390]loss: 3.0734, tokens/sec: 29338.11 ± 380.62, tokens seen: 3721134080, grad norm: 3.3900
[iter 28400]loss: 2.9622, tokens/sec: 29338.12 ± 380.56, tokens seen: 3722444800, grad norm: 3.8242
[iter 28410]loss: 2.9731, tokens/sec: 29338.13 ± 380.49, tokens seen: 3723755520, grad norm: 4.1949
[iter 28420]loss: 2.8966, tokens/sec: 29337.98 ± 381.27, tokens seen: 3725066240, grad norm: 2.5164
[iter 28430]loss: 2.9575, tokens/sec: 29337.99 ± 381.21, tokens seen: 3726376960, grad norm: 2.5628
[iter 28440]loss: 3.1128, tokens/sec: 29337.80 ± 382.52, tokens seen: 3727687680, grad norm: 2.7565
[iter 28450]loss: 2.5907, tokens/sec: 29337.81 ± 382.46, tokens seen: 3728998400, grad norm: 4.7950
[iter 28460]loss: 2.9198, tokens/sec: 29337.82 ± 382.39, tokens seen: 3730309120, grad norm: 4.8034
[iter 28470]loss: 2.9596, tokens/sec: 29337.83 ± 382.32, tokens seen: 3731619840, grad norm: 4.6944
[iter 28480]loss: 2.9851, tokens/sec: 29337.83 ± 382.25, tokens seen: 3732930560, grad norm: 4.2452
[iter 28490]loss: 2.9579, tokens/sec: 29337.84 ± 382.19, tokens seen: 3734241280, grad norm: 2.9541
[step 28500]train loss: 2.9790, val loss: 2.9862, (avg train loss: 0.3720 ± 0.0163), (avg grad norm: 4.4743 ± 7.5183)
[iter 28500]loss: 2.8143, tokens/sec: 29337.85 ± 382.12, tokens seen: 3735552000, grad norm: 4.5463
[iter 28510]loss: 2.8557, tokens/sec: 29337.86 ± 382.05, tokens seen: 3736862720, grad norm: 4.9175
[iter 28520]loss: 3.1030, tokens/sec: 29337.86 ± 381.99, tokens seen: 3738173440, grad norm: 5.1245
[iter 28530]loss: 2.9849, tokens/sec: 29337.87 ± 381.92, tokens seen: 3739484160, grad norm: 3.4301
[iter 28540]loss: 2.8846, tokens/sec: 29337.88 ± 381.85, tokens seen: 3740794880, grad norm: 3.0399
[iter 28550]loss: 3.1387, tokens/sec: 29337.89 ± 381.79, tokens seen: 3742105600, grad norm: 4.4401
[iter 28560]loss: 3.0537, tokens/sec: 29337.90 ± 381.72, tokens seen: 3743416320, grad norm: 4.3067
[iter 28570]loss: 2.9763, tokens/sec: 29337.90 ± 381.65, tokens seen: 3744727040, grad norm: 4.6119
[iter 28580]loss: 2.9921, tokens/sec: 29337.91 ± 381.59, tokens seen: 3746037760, grad norm: 4.6441
[iter 28590]loss: 3.1078, tokens/sec: 29337.92 ± 381.52, tokens seen: 3747348480, grad norm: 5.5945
[iter 28600]loss: 3.1247, tokens/sec: 29337.93 ± 381.46, tokens seen: 3748659200, grad norm: 8.2190
[iter 28610]loss: 2.9824, tokens/sec: 29337.94 ± 381.39, tokens seen: 3749969920, grad norm: 3.1541
[iter 28620]loss: 2.9995, tokens/sec: 29337.95 ± 381.32, tokens seen: 3751280640, grad norm: 4.3064
[iter 28630]loss: 3.0078, tokens/sec: 29337.96 ± 381.26, tokens seen: 3752591360, grad norm: 7.5286
[iter 28640]loss: 2.8953, tokens/sec: 29337.97 ± 381.19, tokens seen: 3753902080, grad norm: 3.5939
[iter 28650]loss: 3.0401, tokens/sec: 29337.98 ± 381.12, tokens seen: 3755212800, grad norm: 2.9921
[iter 28660]loss: 3.0687, tokens/sec: 29337.98 ± 381.06, tokens seen: 3756523520, grad norm: 4.2568
[iter 28670]loss: 2.8834, tokens/sec: 29337.99 ± 380.99, tokens seen: 3757834240, grad norm: 5.8158
[iter 28680]loss: 3.0264, tokens/sec: 29338.00 ± 380.93, tokens seen: 3759144960, grad norm: 2.9510
[iter 28690]loss: 2.8651, tokens/sec: 29338.01 ± 380.86, tokens seen: 3760455680, grad norm: 7.0690
[iter 28700]loss: 2.7899, tokens/sec: 29338.02 ± 380.79, tokens seen: 3761766400, grad norm: 4.9293
[iter 28710]loss: 3.1390, tokens/sec: 29338.03 ± 380.73, tokens seen: 3763077120, grad norm: 4.0888
[iter 28720]loss: 2.8462, tokens/sec: 29338.03 ± 380.66, tokens seen: 3764387840, grad norm: 3.6388
[iter 28730]loss: 2.9212, tokens/sec: 29338.04 ± 380.59, tokens seen: 3765698560, grad norm: 3.6446
[iter 28740]loss: 2.9635, tokens/sec: 29338.05 ± 380.53, tokens seen: 3767009280, grad norm: 5.7046
[iter 28750]loss: 2.9085, tokens/sec: 29338.06 ± 380.46, tokens seen: 3768320000, grad norm: 7.4640
[iter 28760]loss: 2.9089, tokens/sec: 29338.07 ± 380.40, tokens seen: 3769630720, grad norm: 4.5099
[iter 28770]loss: 3.0702, tokens/sec: 29338.07 ± 380.33, tokens seen: 3770941440, grad norm: 5.5881
[iter 28780]loss: 3.1792, tokens/sec: 29338.08 ± 380.27, tokens seen: 3772252160, grad norm: 4.0232
[iter 28790]loss: 2.9912, tokens/sec: 29338.09 ± 380.20, tokens seen: 3773562880, grad norm: 4.9256
[iter 28800]loss: 3.0283, tokens/sec: 29338.10 ± 380.13, tokens seen: 3774873600, grad norm: 5.5909
[iter 28810]loss: 3.0676, tokens/sec: 29337.96 ± 380.88, tokens seen: 3776184320, grad norm: 4.1851
[iter 28820]loss: 3.0733, tokens/sec: 29337.97 ± 380.81, tokens seen: 3777495040, grad norm: 5.6931
[iter 28830]loss: 2.5865, tokens/sec: 29337.98 ± 380.75, tokens seen: 3778805760, grad norm: 4.2451
[iter 28840]loss: 2.9787, tokens/sec: 29337.99 ± 380.68, tokens seen: 3780116480, grad norm: 5.3871
[iter 28850]loss: 3.2274, tokens/sec: 29337.99 ± 380.61, tokens seen: 3781427200, grad norm: 4.9978
[iter 28860]loss: 2.8079, tokens/sec: 29338.00 ± 380.55, tokens seen: 3782737920, grad norm: 3.7206
[iter 28870]loss: 2.7045, tokens/sec: 29338.01 ± 380.48, tokens seen: 3784048640, grad norm: 3.0888
[iter 28880]loss: 3.1168, tokens/sec: 29338.02 ± 380.42, tokens seen: 3785359360, grad norm: 2.6118
[iter 28890]loss: 3.1201, tokens/sec: 29338.03 ± 380.35, tokens seen: 3786670080, grad norm: 3.4590
[iter 28900]loss: 3.1603, tokens/sec: 29338.03 ± 380.29, tokens seen: 3787980800, grad norm: 7.1248
[iter 28910]loss: 3.2725, tokens/sec: 29338.04 ± 380.22, tokens seen: 3789291520, grad norm: 6.3193
[iter 28920]loss: 2.7889, tokens/sec: 29337.86 ± 381.51, tokens seen: 3790602240, grad norm: 11.2284
[iter 28930]loss: 3.1490, tokens/sec: 29337.87 ± 381.44, tokens seen: 3791912960, grad norm: 6.7209
[iter 28940]loss: 3.1612, tokens/sec: 29337.88 ± 381.37, tokens seen: 3793223680, grad norm: 6.8895
[iter 28950]loss: 2.9164, tokens/sec: 29337.89 ± 381.31, tokens seen: 3794534400, grad norm: 4.1887
[iter 28960]loss: 2.8809, tokens/sec: 29337.89 ± 381.24, tokens seen: 3795845120, grad norm: 5.9172
[iter 28970]loss: 2.9867, tokens/sec: 29337.90 ± 381.18, tokens seen: 3797155840, grad norm: 6.6136
[iter 28980]loss: 3.2465, tokens/sec: 29337.91 ± 381.11, tokens seen: 3798466560, grad norm: 5.4495
[iter 28990]loss: 2.8355, tokens/sec: 29337.92 ± 381.05, tokens seen: 3799777280, grad norm: 3.5228
[step 29000]train loss: 2.9894, val loss: 2.9812, (avg train loss: 0.3739 ± 0.0191), (avg grad norm: 5.1421 ± 1.6071)
saving checkpoint to ./out-owt-large-mhc-group-lora-dense-midnorm-bs8-30000step
[iter 29000]loss: 3.1063, tokens/sec: 29337.93 ± 380.98, tokens seen: 3801088000, grad norm: 3.9167
[iter 29010]loss: 3.1023, tokens/sec: 29337.94 ± 380.92, tokens seen: 3802398720, grad norm: 4.4164
[iter 29020]loss: 3.1067, tokens/sec: 29337.95 ± 380.85, tokens seen: 3803709440, grad norm: 3.2614
[iter 29030]loss: 2.8543, tokens/sec: 29337.95 ± 380.78, tokens seen: 3805020160, grad norm: 4.9309
[iter 29040]loss: 2.9638, tokens/sec: 29337.96 ± 380.72, tokens seen: 3806330880, grad norm: 2.7987
[iter 29050]loss: 3.0427, tokens/sec: 29337.97 ± 380.65, tokens seen: 3807641600, grad norm: 3.8617
[iter 29060]loss: 2.9166, tokens/sec: 29337.97 ± 380.59, tokens seen: 3808952320, grad norm: 4.3783
[iter 29070]loss: 3.0019, tokens/sec: 29337.98 ± 380.52, tokens seen: 3810263040, grad norm: 3.2755
[iter 29080]loss: 3.0452, tokens/sec: 29337.99 ± 380.46, tokens seen: 3811573760, grad norm: 3.5569
[iter 29090]loss: 3.1359, tokens/sec: 29338.00 ± 380.39, tokens seen: 3812884480, grad norm: 4.6808
[iter 29100]loss: 3.0528, tokens/sec: 29338.00 ± 380.33, tokens seen: 3814195200, grad norm: 2.8383
[iter 29110]loss: 2.9531, tokens/sec: 29338.01 ± 380.26, tokens seen: 3815505920, grad norm: 5.0445
[iter 29120]loss: 2.9457, tokens/sec: 29338.02 ± 380.20, tokens seen: 3816816640, grad norm: 3.2243
[iter 29130]loss: 3.0779, tokens/sec: 29338.03 ± 380.13, tokens seen: 3818127360, grad norm: 4.8062
[iter 29140]loss: 2.9817, tokens/sec: 29338.04 ± 380.07, tokens seen: 3819438080, grad norm: 4.3184
[iter 29150]loss: 2.8636, tokens/sec: 29338.04 ± 380.00, tokens seen: 3820748800, grad norm: 5.4499
[iter 29160]loss: 3.0175, tokens/sec: 29338.05 ± 379.94, tokens seen: 3822059520, grad norm: 3.3673
[iter 29170]loss: 3.1096, tokens/sec: 29338.06 ± 379.87, tokens seen: 3823370240, grad norm: 2.9882
[iter 29180]loss: 3.0565, tokens/sec: 29338.07 ± 379.81, tokens seen: 3824680960, grad norm: 3.8148
[iter 29190]loss: 3.2226, tokens/sec: 29337.92 ± 380.62, tokens seen: 3825991680, grad norm: 3.1462
[iter 29200]loss: 3.2310, tokens/sec: 29337.93 ± 380.56, tokens seen: 3827302400, grad norm: 3.4129
[iter 29210]loss: 2.8433, tokens/sec: 29337.94 ± 380.49, tokens seen: 3828613120, grad norm: 4.2427
[iter 29220]loss: 2.8484, tokens/sec: 29337.95 ± 380.43, tokens seen: 3829923840, grad norm: 4.6688
[iter 29230]loss: 3.0207, tokens/sec: 29337.95 ± 380.36, tokens seen: 3831234560, grad norm: 4.4493
[iter 29240]loss: 2.8049, tokens/sec: 29337.96 ± 380.30, tokens seen: 3832545280, grad norm: 2.5543
[iter 29250]loss: 2.7647, tokens/sec: 29337.97 ± 380.23, tokens seen: 3833856000, grad norm: 3.5881
[iter 29260]loss: 3.0682, tokens/sec: 29337.98 ± 380.17, tokens seen: 3835166720, grad norm: 2.2879
[iter 29270]loss: 3.0162, tokens/sec: 29337.99 ± 380.11, tokens seen: 3836477440, grad norm: 3.8803
[iter 29280]loss: 3.1043, tokens/sec: 29337.99 ± 380.04, tokens seen: 3837788160, grad norm: 3.2506
[iter 29290]loss: 2.8253, tokens/sec: 29338.00 ± 379.98, tokens seen: 3839098880, grad norm: 5.8810
[iter 29300]loss: 3.0890, tokens/sec: 29338.00 ± 379.91, tokens seen: 3840409600, grad norm: 3.1838
[iter 29310]loss: 3.1780, tokens/sec: 29338.01 ± 379.85, tokens seen: 3841720320, grad norm: 3.6241
[iter 29320]loss: 3.0251, tokens/sec: 29338.02 ± 379.78, tokens seen: 3843031040, grad norm: 2.7902
[iter 29330]loss: 2.8683, tokens/sec: 29338.03 ± 379.72, tokens seen: 3844341760, grad norm: 5.4201
[iter 29340]loss: 2.7724, tokens/sec: 29338.04 ± 379.65, tokens seen: 3845652480, grad norm: 5.3681
[iter 29350]loss: 3.1623, tokens/sec: 29338.04 ± 379.59, tokens seen: 3846963200, grad norm: 3.3705
[iter 29360]loss: 2.6767, tokens/sec: 29338.05 ± 379.52, tokens seen: 3848273920, grad norm: 3.0696
[iter 29370]loss: 2.8427, tokens/sec: 29338.06 ± 379.46, tokens seen: 3849584640, grad norm: 3.7417
[iter 29380]loss: 2.3730, tokens/sec: 29338.07 ± 379.40, tokens seen: 3850895360, grad norm: 3.9186
[iter 29390]loss: 2.7866, tokens/sec: 29338.08 ± 379.33, tokens seen: 3852206080, grad norm: 3.4078
[iter 29400]loss: 3.0456, tokens/sec: 29337.90 ± 380.57, tokens seen: 3853516800, grad norm: 5.8544
[iter 29410]loss: 2.9307, tokens/sec: 29337.91 ± 380.51, tokens seen: 3854827520, grad norm: 4.3905
[iter 29420]loss: 3.1051, tokens/sec: 29337.91 ± 380.44, tokens seen: 3856138240, grad norm: 3.7091
[iter 29430]loss: 2.9624, tokens/sec: 29337.92 ± 380.38, tokens seen: 3857448960, grad norm: 3.3581
[iter 29440]loss: 3.0485, tokens/sec: 29337.93 ± 380.31, tokens seen: 3858759680, grad norm: 5.2111
[iter 29450]loss: 2.8591, tokens/sec: 29337.93 ± 380.25, tokens seen: 3860070400, grad norm: 3.4425
[iter 29460]loss: 2.8590, tokens/sec: 29337.94 ± 380.19, tokens seen: 3861381120, grad norm: 4.7516
[iter 29470]loss: 2.9614, tokens/sec: 29337.95 ± 380.12, tokens seen: 3862691840, grad norm: 2.7451
[iter 29480]loss: 2.6387, tokens/sec: 29337.96 ± 380.06, tokens seen: 3864002560, grad norm: 20.8544
[iter 29490]loss: 3.0951, tokens/sec: 29337.96 ± 379.99, tokens seen: 3865313280, grad norm: 5.3886
[step 29500]train loss: 2.9564, val loss: 2.9914, (avg train loss: 0.3680 ± 0.0183), (avg grad norm: 4.7240 ± 6.4926)
[iter 29500]loss: 2.9036, tokens/sec: 29337.97 ± 379.93, tokens seen: 3866624000, grad norm: 5.0915
[iter 29510]loss: 3.0016, tokens/sec: 29337.98 ± 379.86, tokens seen: 3867934720, grad norm: 5.9364
[iter 29520]loss: 3.2258, tokens/sec: 29337.99 ± 379.80, tokens seen: 3869245440, grad norm: 2.9715
[iter 29530]loss: 2.9616, tokens/sec: 29337.99 ± 379.74, tokens seen: 3870556160, grad norm: 3.1436
[iter 29540]loss: 3.0563, tokens/sec: 29338.00 ± 379.67, tokens seen: 3871866880, grad norm: 3.1158
[iter 29550]loss: 3.3904, tokens/sec: 29338.00 ± 379.61, tokens seen: 3873177600, grad norm: 4.8284
[iter 29560]loss: 2.5259, tokens/sec: 29338.01 ± 379.54, tokens seen: 3874488320, grad norm: 4.5976
[iter 29570]loss: 3.0456, tokens/sec: 29337.87 ± 380.29, tokens seen: 3875799040, grad norm: 2.9764
[iter 29580]loss: 3.0219, tokens/sec: 29337.88 ± 380.23, tokens seen: 3877109760, grad norm: 3.1370
[iter 29590]loss: 2.8617, tokens/sec: 29337.89 ± 380.16, tokens seen: 3878420480, grad norm: 3.7960
[iter 29600]loss: 2.9228, tokens/sec: 29337.89 ± 380.10, tokens seen: 3879731200, grad norm: 2.8892
[iter 29610]loss: 2.8010, tokens/sec: 29337.90 ± 380.04, tokens seen: 3881041920, grad norm: 3.5420
[iter 29620]loss: 2.9446, tokens/sec: 29337.91 ± 379.97, tokens seen: 3882352640, grad norm: 3.3183
[iter 29630]loss: 3.0908, tokens/sec: 29337.91 ± 379.91, tokens seen: 3883663360, grad norm: 2.5185
[iter 29640]loss: 3.0167, tokens/sec: 29337.92 ± 379.84, tokens seen: 3884974080, grad norm: 3.3289
[iter 29650]loss: 3.0421, tokens/sec: 29337.93 ± 379.78, tokens seen: 3886284800, grad norm: 3.2740
[iter 29660]loss: 3.0470, tokens/sec: 29337.93 ± 379.72, tokens seen: 3887595520, grad norm: 2.7213
[iter 29670]loss: 3.2869, tokens/sec: 29337.94 ± 379.65, tokens seen: 3888906240, grad norm: 2.4418
[iter 29680]loss: 3.0945, tokens/sec: 29337.95 ± 379.59, tokens seen: 3890216960, grad norm: 3.6840
[iter 29690]loss: 2.9052, tokens/sec: 29337.95 ± 379.52, tokens seen: 3891527680, grad norm: 4.2664
[iter 29700]loss: 2.9719, tokens/sec: 29337.96 ± 379.46, tokens seen: 3892838400, grad norm: 2.7824
[iter 29710]loss: 2.9682, tokens/sec: 29337.97 ± 379.40, tokens seen: 3894149120, grad norm: 7.7712
[iter 29720]loss: 2.8938, tokens/sec: 29337.98 ± 379.33, tokens seen: 3895459840, grad norm: 27.4559
[iter 29730]loss: 2.7753, tokens/sec: 29337.98 ± 379.27, tokens seen: 3896770560, grad norm: 66.1361
[iter 29740]loss: 2.8997, tokens/sec: 29337.99 ± 379.21, tokens seen: 3898081280, grad norm: 12.7447
[iter 29750]loss: 2.6062, tokens/sec: 29338.00 ± 379.14, tokens seen: 3899392000, grad norm: 35.6701
[iter 29760]loss: 3.1234, tokens/sec: 29338.00 ± 379.08, tokens seen: 3900702720, grad norm: 5.3542
[iter 29770]loss: 2.9237, tokens/sec: 29338.01 ± 379.02, tokens seen: 3902013440, grad norm: 3.5478
[iter 29780]loss: 2.8706, tokens/sec: 29338.01 ± 378.95, tokens seen: 3903324160, grad norm: 3.9866
[iter 29790]loss: 3.0343, tokens/sec: 29338.02 ± 378.89, tokens seen: 3904634880, grad norm: 3.1768
[iter 29800]loss: 2.8714, tokens/sec: 29338.03 ± 378.83, tokens seen: 3905945600, grad norm: 2.0341
[iter 29810]loss: 2.6799, tokens/sec: 29338.04 ± 378.76, tokens seen: 3907256320, grad norm: 3.2760
[iter 29820]loss: 2.8531, tokens/sec: 29338.04 ± 378.70, tokens seen: 3908567040, grad norm: 3.2792
[iter 29830]loss: 3.0227, tokens/sec: 29338.05 ± 378.64, tokens seen: 3909877760, grad norm: 3.6330
[iter 29840]loss: 3.0773, tokens/sec: 29338.06 ± 378.57, tokens seen: 3911188480, grad norm: 88.5650
[iter 29850]loss: 2.9279, tokens/sec: 29338.07 ± 378.51, tokens seen: 3912499200, grad norm: 4.6088
[iter 29860]loss: 2.5878, tokens/sec: 29338.07 ± 378.45, tokens seen: 3913809920, grad norm: 2.9590
[iter 29870]loss: 2.9408, tokens/sec: 29338.08 ± 378.38, tokens seen: 3915120640, grad norm: 16.6486
[iter 29880]loss: 2.9150, tokens/sec: 29338.09 ± 378.32, tokens seen: 3916431360, grad norm: 11.7257
[iter 29890]loss: 2.9566, tokens/sec: 29337.92 ± 379.52, tokens seen: 3917742080, grad norm: 25.2092
[iter 29900]loss: 3.1016, tokens/sec: 29337.92 ± 379.46, tokens seen: 3919052800, grad norm: 23.5648
[iter 29910]loss: 3.0648, tokens/sec: 29337.93 ± 379.39, tokens seen: 3920363520, grad norm: 80.9263
[iter 29920]loss: 2.8775, tokens/sec: 29337.94 ± 379.33, tokens seen: 3921674240, grad norm: 30.1438
[iter 29930]loss: 3.0003, tokens/sec: 29337.95 ± 379.27, tokens seen: 3922984960, grad norm: 17.8149
[iter 29940]loss: 2.8076, tokens/sec: 29337.95 ± 379.20, tokens seen: 3924295680, grad norm: 66.9602
[iter 29950]loss: 2.8088, tokens/sec: 29337.96 ± 379.14, tokens seen: 3925606400, grad norm: 44.3305
[iter 29960]loss: 2.9019, tokens/sec: 29337.83 ± 379.86, tokens seen: 3926917120, grad norm: 12.7461
[iter 29970]loss: 2.8317, tokens/sec: 29337.84 ± 379.79, tokens seen: 3928227840, grad norm: 21.5168
[iter 29980]loss: 2.8845, tokens/sec: 29337.84 ± 379.73, tokens seen: 3929538560, grad norm: 35.8395
[iter 29990]loss: 2.9527, tokens/sec: 29337.85 ± 379.67, tokens seen: 3930849280, grad norm: 47.5526
[step 30000]train loss: 2.9653, val loss: 3.0001, (avg train loss: 0.3720 ± 0.0166), (avg grad norm: 27.1480 ± 32.3179)
[iter 30000]loss: 3.1126, tokens/sec: 29337.86 ± 379.60, tokens seen: 3932160000, grad norm: 18.9250
[1;34mwandb[0m: 
[1;34mwandb[0m: 🚀 View run [33mL-group-lora-dense-midnorm-owt-bs8ga16-30kstep-1370[0m at: [34mhttps://wandb.ai/guotzzz-peking-university/mhc-lite/runs/jr2gehh4[0m
[1;34mwandb[0m: Find logs at: [1;35mwandb/run-20260811_021655-jr2gehh4/logs[0m
