W0806 21:46:44.689000 2500237 torch/distributed/run.py:766] 
W0806 21:46:44.689000 2500237 torch/distributed/run.py:766] *****************************************
W0806 21:46:44.689000 2500237 torch/distributed/run.py:766] Setting OMP_NUM_THREADS environment variable for each process to be 1 in default, to avoid your system being overloaded, please further tune the variable for optimal performance in your application as needed. 
W0806 21:46:44.689000 2500237 torch/distributed/run.py:766] *****************************************
Overriding config with config/train_owt.py:
eval_interval = 500
eval_iters = 200
log_interval = 10
always_save_checkpoint = False

wandb_log = True
wandb_project = 'mhc-lite'
out_prefix_dataset = "owt"

dataset = 'openwebtext'
gradient_accumulation_steps = 8  
batch_size = 16
block_size = 1024

dtype = 'bfloat16'

Overriding config with config/large_model.py:
wandb_group = "large"
out_prefix_model = "large"

n_layer = 24
n_head = 16
n_embd = 1024
dropout = 0.0

learning_rate = 3e-4
min_lr = 3e-5
max_iters = 10000
lr_decay_iters = 10000
warmup_iters = 200
weight_decay = 0.1
beta1 = 0.9
beta2 = 0.95
grad_clip = 1.0


Overriding config with config/with_mhc_group_lora_midnorm.py:
hyper_conn_type = "mhc_group_lora_midnorm"
hyper_conn_n = 4

wandb_notes = "mhc-group-lora-midnorm (RMSNorm on LoRA rank dim, between A and B)"
out_prefix_method = "mhc-group-lora-midnorm"

Overriding: batch_size = 8
Overriding: gradient_accumulation_steps = 16
Overriding: max_iters = 25000
Overriding: lr_decay_iters = 20000
Overriding: warmup_iters = 2000
Overriding: compile = True
Overriding: wandb_run_name = L-group-lora-midnorm-owt-bs8ga16-25kstep
Overriding config with config/train_owt.py:
eval_interval = 500
eval_iters = 200
log_interval = 10
always_save_checkpoint = False

wandb_log = True
wandb_project = 'mhc-lite'
out_prefix_dataset = "owt"

dataset = 'openwebtext'
gradient_accumulation_steps = 8  
batch_size = 16
block_size = 1024

dtype = 'bfloat16'

Overriding config with config/large_model.py:
wandb_group = "large"
out_prefix_model = "large"

n_layer = 24
n_head = 16
n_embd = 1024
dropout = 0.0

learning_rate = 3e-4
min_lr = 3e-5
max_iters = 10000
lr_decay_iters = 10000
warmup_iters = 200
weight_decay = 0.1
beta1 = 0.9
beta2 = 0.95
grad_clip = 1.0


Overriding config with config/with_mhc_group_lora_midnorm.py:
hyper_conn_type = "mhc_group_lora_midnorm"
hyper_conn_n = 4

wandb_notes = "mhc-group-lora-midnorm (RMSNorm on LoRA rank dim, between A and B)"
out_prefix_method = "mhc-group-lora-midnorm"

Overriding: batch_size = 8
Overriding: gradient_accumulation_steps = 16
Overriding: max_iters = 25000
Overriding: lr_decay_iters = 20000
Overriding: warmup_iters = 2000
Overriding: compile = True
Overriding: wandb_run_name = L-group-lora-midnorm-owt-bs8ga16-25kstep
tokens per iteration will be: 131,072
Initializing a new model from scratch
defaulting to vocab_size of GPT-2 to 50304 (50257 rounded up for efficiency)
HYPER_CONN: USING mhc_group_lora_midnorm with 4 streams
wandb: [wandb.login()] Loaded credentials for https://api.wandb.ai from /root/.netrc.
wandb: Currently logged in as: guotzzz (guotzzz-peking-university) to https://api.wandb.ai. Use `wandb login --relogin` to force relogin
wandb: setting up run z5whemei
wandb: Tracking run with wandb version 0.28.0
wandb: Run data is saved locally in /home/work/data/guotianzizhe/project/mhc-lite/wandb/run-20260806_214649-z5whemei
wandb: Run `wandb offline` to turn off syncing.
wandb: Syncing run L-group-lora-midnorm-owt-bs8ga16-25kstep-4746
wandb: ⭐️ View project at https://wandb.ai/guotzzz-peking-university/mhc-lite
wandb: 🚀 View run at https://wandb.ai/guotzzz-peking-university/mhc-lite/runs/z5whemei
tokens per iteration will be: 131,072
====================================================================================================
n_layer = 24
n_head = 16
n_embd = 1024
block_size = 1024
bias = False
vocab_size = None
dropout = 0.0
hyper_conn_n = 4
hyper_conn_type = mhc_group_lora_midnorm
====================================================================================================
Initializing a new model from scratch
defaulting to vocab_size of GPT-2 to 50304 (50257 rounded up for efficiency)
HYPER_CONN: USING mhc_group_lora_midnorm with 4 streams
number of parameters: 362.40M
num decayed parameter tensors: 386, with 361,629,376 parameters
num non-decayed parameter tensors: 337, with 1,819,984 parameters
using fused AdamW: True
compiling the model... (takes a ~minute)
number of parameters: 362.40M
num decayed parameter tensors: 386, with 361,629,376 parameters
num non-decayed parameter tensors: 337, with 1,819,984 parameters
using fused AdamW: True
compiling the model... (takes a ~minute)
[step 0]train loss: 13.4640, val loss: 13.4621, (avg train loss: 0.0000 ± 0.0000), (avg grad norm: 0.0000 ± 0.0000)
[iter 0]loss: 13.5163, tokens/sec: 638.45 ± 0.00, tokens seen: 0, grad norm: 112.9559
[iter 10]loss: 11.0671, tokens/sec: 26040.49 ± 8346.04, tokens seen: 1310720, grad norm: 85.5325
[iter 20]loss: 9.8214, tokens/sec: 27622.19 ± 6264.08, tokens seen: 2621440, grad norm: 21.0709
[iter 30]loss: 9.5144, tokens/sec: 28183.38 ± 5219.43, tokens seen: 3932160, grad norm: 18.7526
[iter 40]loss: 8.7909, tokens/sec: 28471.37 ± 4566.74, tokens seen: 5242880, grad norm: 17.9691
[iter 50]loss: 9.1650, tokens/sec: 28646.66 ± 4109.97, tokens seen: 6553600, grad norm: 42.6095
[iter 60]loss: 8.3119, tokens/sec: 28755.59 ± 3766.14, tokens seen: 7864320, grad norm: 40.4730
[iter 70]loss: 8.2780, tokens/sec: 28838.97 ± 3496.95, tokens seen: 9175040, grad norm: 26.0405
[iter 80]loss: 7.8792, tokens/sec: 28904.02 ± 3278.57, tokens seen: 10485760, grad norm: 23.4294
[iter 90]loss: 7.9856, tokens/sec: 28954.34 ± 3096.50, tokens seen: 11796480, grad norm: 34.6283
[iter 100]loss: 7.7272, tokens/sec: 28990.60 ± 2941.26, tokens seen: 13107200, grad norm: 16.0458
[iter 110]loss: 7.6051, tokens/sec: 29019.34 ± 2807.13, tokens seen: 14417920, grad norm: 27.0414
[iter 120]loss: 7.5064, tokens/sec: 29045.78 ± 2690.10, tokens seen: 15728640, grad norm: 28.1569
[iter 130]loss: 7.6725, tokens/sec: 29067.42 ± 2586.52, tokens seen: 17039360, grad norm: 18.7677
[iter 140]loss: 7.1977, tokens/sec: 29089.06 ± 2494.35, tokens seen: 18350080, grad norm: 11.7337
[iter 150]loss: 7.1364, tokens/sec: 29107.76 ± 2411.36, tokens seen: 19660800, grad norm: 7.1761
[iter 160]loss: 6.7747, tokens/sec: 29123.74 ± 2336.10, tokens seen: 20971520, grad norm: 8.4213
[iter 170]loss: 6.9509, tokens/sec: 29137.91 ± 2267.48, tokens seen: 22282240, grad norm: 8.6386
[iter 180]loss: 6.7991, tokens/sec: 29150.66 ± 2204.58, tokens seen: 23592960, grad norm: 11.2786
[iter 190]loss: 7.0047, tokens/sec: 29161.67 ± 2146.61, tokens seen: 24903680, grad norm: 5.2114
[iter 200]loss: 6.7249, tokens/sec: 29171.52 ± 2092.97, tokens seen: 26214400, grad norm: 9.9692
[iter 210]loss: 6.7521, tokens/sec: 29180.49 ± 2043.17, tokens seen: 27525120, grad norm: 5.7837
[iter 220]loss: 6.5830, tokens/sec: 29188.57 ± 1996.75, tokens seen: 28835840, grad norm: 6.1523
[iter 230]loss: 6.7023, tokens/sec: 29196.12 ± 1953.38, tokens seen: 30146560, grad norm: 7.0725
[iter 240]loss: 6.8174, tokens/sec: 29203.13 ± 1912.72, tokens seen: 31457280, grad norm: 8.4593
[iter 250]loss: 6.7181, tokens/sec: 29209.48 ± 1874.49, tokens seen: 32768000, grad norm: 5.2012
[iter 260]loss: 6.4138, tokens/sec: 29215.21 ± 1838.45, tokens seen: 34078720, grad norm: 6.1560
[iter 270]loss: 6.2822, tokens/sec: 29220.65 ± 1804.43, tokens seen: 35389440, grad norm: 6.1978
[iter 280]loss: 6.7105, tokens/sec: 29225.70 ± 1772.23, tokens seen: 36700160, grad norm: 7.0785
[iter 290]loss: 6.4079, tokens/sec: 29230.42 ± 1741.69, tokens seen: 38010880, grad norm: 4.0331
[iter 300]loss: 6.4650, tokens/sec: 29234.78 ± 1712.68, tokens seen: 39321600, grad norm: 6.2901
[iter 310]loss: 6.5567, tokens/sec: 29238.59 ± 1685.05, tokens seen: 40632320, grad norm: 5.5546
[iter 320]loss: 6.3724, tokens/sec: 29242.41 ± 1658.73, tokens seen: 41943040, grad norm: 4.4909
[iter 330]loss: 6.4037, tokens/sec: 29245.95 ± 1633.60, tokens seen: 43253760, grad norm: 4.2212
[iter 340]loss: 6.6494, tokens/sec: 29233.38 ± 1635.09, tokens seen: 44564480, grad norm: 3.6375
[iter 350]loss: 6.1212, tokens/sec: 29237.11 ± 1611.77, tokens seen: 45875200, grad norm: 3.8382
[iter 360]loss: 6.0732, tokens/sec: 29240.76 ± 1589.44, tokens seen: 47185920, grad norm: 4.8670
[iter 370]loss: 6.4547, tokens/sec: 29244.12 ± 1568.00, tokens seen: 48496640, grad norm: 3.7094
[iter 380]loss: 6.3902, tokens/sec: 29247.23 ± 1547.40, tokens seen: 49807360, grad norm: 3.4811
[iter 390]loss: 6.1096, tokens/sec: 29250.20 ± 1527.60, tokens seen: 51118080, grad norm: 4.6713
[iter 400]loss: 6.4689, tokens/sec: 29252.95 ± 1508.53, tokens seen: 52428800, grad norm: 4.0723
[iter 410]loss: 5.9846, tokens/sec: 29255.69 ± 1490.17, tokens seen: 53739520, grad norm: 3.1413
[iter 420]loss: 6.2412, tokens/sec: 29258.27 ± 1472.45, tokens seen: 55050240, grad norm: 3.0533
[iter 430]loss: 5.9306, tokens/sec: 29260.61 ± 1455.35, tokens seen: 56360960, grad norm: 3.0335
[iter 440]loss: 6.2605, tokens/sec: 29262.83 ± 1438.83, tokens seen: 57671680, grad norm: 3.2382
[iter 450]loss: 6.1831, tokens/sec: 29264.93 ± 1422.86, tokens seen: 58982400, grad norm: 3.3683
[iter 460]loss: 5.8080, tokens/sec: 29266.74 ± 1407.40, tokens seen: 60293120, grad norm: 2.3811
[iter 470]loss: 6.2165, tokens/sec: 29268.67 ± 1392.44, tokens seen: 61603840, grad norm: 3.3186
[iter 480]loss: 6.1886, tokens/sec: 29270.54 ± 1377.95, tokens seen: 62914560, grad norm: 2.5889
[iter 490]loss: 5.9282, tokens/sec: 29272.31 ± 1363.90, tokens seen: 64225280, grad norm: 2.5185
[step 500]train loss: 6.0254, val loss: 6.0440, (avg train loss: 0.7811 ± 0.0278), (avg grad norm: 3.9740 ± 1.1518)
saving checkpoint to ./out-owt-large-mhc-group-lora-midnorm-bs8-25000step
[iter 500]loss: 6.0751, tokens/sec: 29274.03 ± 1350.27, tokens seen: 65536000, grad norm: 2.2623
[iter 510]loss: 6.2950, tokens/sec: 29274.79 ± 1337.13, tokens seen: 66846720, grad norm: 2.3563
[iter 520]loss: 5.9180, tokens/sec: 29276.35 ± 1324.28, tokens seen: 68157440, grad norm: 2.4771
[iter 530]loss: 5.8218, tokens/sec: 29277.76 ± 1311.79, tokens seen: 69468160, grad norm: 2.9814
[iter 540]loss: 5.7705, tokens/sec: 29266.32 ± 1333.14, tokens seen: 70778880, grad norm: 2.6579
[iter 550]loss: 5.8079, tokens/sec: 29267.98 ± 1321.04, tokens seen: 72089600, grad norm: 2.5317
[iter 560]loss: 5.9696, tokens/sec: 29269.56 ± 1309.27, tokens seen: 73400320, grad norm: 2.3008
[iter 570]loss: 6.0842, tokens/sec: 29271.08 ± 1297.80, tokens seen: 74711040, grad norm: 2.7679
[iter 580]loss: 5.7370, tokens/sec: 29272.57 ± 1286.63, tokens seen: 76021760, grad norm: 2.3537
[iter 590]loss: 5.9291, tokens/sec: 29274.01 ± 1275.75, tokens seen: 77332480, grad norm: 2.5473
[iter 600]loss: 5.9962, tokens/sec: 29275.32 ± 1265.13, tokens seen: 78643200, grad norm: 2.4300
[iter 610]loss: 5.9161, tokens/sec: 29276.68 ± 1254.78, tokens seen: 79953920, grad norm: 2.5414
[iter 620]loss: 5.9162, tokens/sec: 29278.04 ± 1244.68, tokens seen: 81264640, grad norm: 2.2722
[iter 630]loss: 5.7669, tokens/sec: 29279.49 ± 1234.83, tokens seen: 82575360, grad norm: 2.3451
[iter 640]loss: 5.5956, tokens/sec: 29280.79 ± 1225.21, tokens seen: 83886080, grad norm: 1.9218
[iter 650]loss: 6.0873, tokens/sec: 29282.00 ± 1215.80, tokens seen: 85196800, grad norm: 2.1512
[iter 660]loss: 5.5925, tokens/sec: 29283.21 ± 1206.61, tokens seen: 86507520, grad norm: 2.1877
[iter 670]loss: 6.0077, tokens/sec: 29284.38 ± 1197.62, tokens seen: 87818240, grad norm: 2.4660
[iter 680]loss: 5.6913, tokens/sec: 29285.54 ± 1188.83, tokens seen: 89128960, grad norm: 3.0567
[iter 690]loss: 5.6675, tokens/sec: 29286.66 ± 1180.24, tokens seen: 90439680, grad norm: 2.5738
[iter 700]loss: 6.0482, tokens/sec: 29287.75 ± 1171.82, tokens seen: 91750400, grad norm: 2.2616
[iter 710]loss: 5.7204, tokens/sec: 29288.80 ± 1163.59, tokens seen: 93061120, grad norm: 2.1498
[iter 720]loss: 5.5614, tokens/sec: 29289.83 ± 1155.52, tokens seen: 94371840, grad norm: 2.1392
[iter 730]loss: 5.5560, tokens/sec: 29290.73 ± 1147.62, tokens seen: 95682560, grad norm: 2.3898
[iter 740]loss: 5.2496, tokens/sec: 29291.67 ± 1139.88, tokens seen: 96993280, grad norm: 2.0643
[iter 750]loss: 5.4995, tokens/sec: 29285.39 ± 1148.92, tokens seen: 98304000, grad norm: 1.8643
[iter 760]loss: 5.4989, tokens/sec: 29286.34 ± 1141.38, tokens seen: 99614720, grad norm: 2.3493
[iter 770]loss: 5.6993, tokens/sec: 29287.25 ± 1133.98, tokens seen: 100925440, grad norm: 1.6484
[iter 780]loss: 5.4511, tokens/sec: 29288.18 ± 1126.72, tokens seen: 102236160, grad norm: 2.0880
[iter 790]loss: 5.5891, tokens/sec: 29289.06 ± 1119.61, tokens seen: 103546880, grad norm: 1.7256
[iter 800]loss: 5.5191, tokens/sec: 29289.88 ± 1112.62, tokens seen: 104857600, grad norm: 2.2422
[iter 810]loss: 5.5002, tokens/sec: 29290.72 ± 1105.76, tokens seen: 106168320, grad norm: 1.5503
[iter 820]loss: 5.5795, tokens/sec: 29291.53 ± 1099.03, tokens seen: 107479040, grad norm: 2.0803
[iter 830]loss: 5.4802, tokens/sec: 29292.32 ± 1092.42, tokens seen: 108789760, grad norm: 2.1542
[iter 840]loss: 5.4347, tokens/sec: 29293.00 ± 1085.93, tokens seen: 110100480, grad norm: 2.1822
[iter 850]loss: 5.4626, tokens/sec: 29293.66 ± 1079.55, tokens seen: 111411200, grad norm: 2.2003
[iter 860]loss: 5.5166, tokens/sec: 29294.35 ± 1073.28, tokens seen: 112721920, grad norm: 1.6905
[iter 870]loss: 5.2326, tokens/sec: 29295.05 ± 1067.12, tokens seen: 114032640, grad norm: 1.5848
[iter 880]loss: 5.4452, tokens/sec: 29295.82 ± 1061.07, tokens seen: 115343360, grad norm: 1.8842
[iter 890]loss: 5.0771, tokens/sec: 29296.58 ± 1055.12, tokens seen: 116654080, grad norm: 1.7655
[iter 900]loss: 5.4584, tokens/sec: 29297.29 ± 1049.27, tokens seen: 117964800, grad norm: 1.9433
[iter 910]loss: 5.3689, tokens/sec: 29297.96 ± 1043.52, tokens seen: 119275520, grad norm: 1.6935
[iter 920]loss: 5.2574, tokens/sec: 29298.65 ± 1037.86, tokens seen: 120586240, grad norm: 1.9827
[iter 930]loss: 5.2510, tokens/sec: 29299.30 ± 1032.29, tokens seen: 121896960, grad norm: 1.9131
[iter 940]loss: 5.5025, tokens/sec: 29299.93 ± 1026.81, tokens seen: 123207680, grad norm: 2.2287
[iter 950]loss: 5.0550, tokens/sec: 29300.56 ± 1021.41, tokens seen: 124518400, grad norm: 1.7367
[iter 960]loss: 5.3522, tokens/sec: 29301.19 ± 1016.10, tokens seen: 125829120, grad norm: 1.7233
[iter 970]loss: 5.2259, tokens/sec: 29301.85 ± 1010.88, tokens seen: 127139840, grad norm: 1.8343
[iter 980]loss: 5.2126, tokens/sec: 29302.42 ± 1005.73, tokens seen: 128450560, grad norm: 1.5420
[iter 990]loss: 5.1083, tokens/sec: 29303.01 ± 1000.66, tokens seen: 129761280, grad norm: 1.6556
[step 1000]train loss: 5.1777, val loss: 5.1543, (avg train loss: 0.6667 ± 0.0245), (avg grad norm: 1.8775 ± 0.2530)
saving checkpoint to ./out-owt-large-mhc-group-lora-midnorm-bs8-25000step
[iter 1000]loss: 5.2153, tokens/sec: 29303.51 ± 995.66, tokens seen: 131072000, grad norm: 1.6506
[iter 1010]loss: 5.3775, tokens/sec: 29304.06 ± 990.74, tokens seen: 132382720, grad norm: 1.5693
[iter 1020]loss: 5.2742, tokens/sec: 29304.62 ± 985.89, tokens seen: 133693440, grad norm: 1.9321
[iter 1030]loss: 5.1470, tokens/sec: 29305.18 ± 981.12, tokens seen: 135004160, grad norm: 2.0262
[iter 1040]loss: 5.1410, tokens/sec: 29305.68 ± 976.41, tokens seen: 136314880, grad norm: 1.6009
[iter 1050]loss: 4.8864, tokens/sec: 29306.21 ± 971.77, tokens seen: 137625600, grad norm: 1.8920
[iter 1060]loss: 5.2974, tokens/sec: 29300.38 ± 988.80, tokens seen: 138936320, grad norm: 1.4135
[iter 1070]loss: 5.1375, tokens/sec: 29300.91 ± 984.19, tokens seen: 140247040, grad norm: 1.5728
[iter 1080]loss: 5.0638, tokens/sec: 29301.46 ± 979.64, tokens seen: 141557760, grad norm: 1.8449
[iter 1090]loss: 5.1885, tokens/sec: 29301.94 ± 975.15, tokens seen: 142868480, grad norm: 1.4983
[iter 1100]loss: 5.2146, tokens/sec: 29302.43 ± 970.73, tokens seen: 144179200, grad norm: 1.7903
[iter 1110]loss: 5.2432, tokens/sec: 29302.90 ± 966.36, tokens seen: 145489920, grad norm: 1.6454
[iter 1120]loss: 5.1129, tokens/sec: 29303.38 ± 962.06, tokens seen: 146800640, grad norm: 1.7765
[iter 1130]loss: 4.7855, tokens/sec: 29303.76 ± 957.80, tokens seen: 148111360, grad norm: 1.3037
[iter 1140]loss: 5.2200, tokens/sec: 29304.20 ± 953.61, tokens seen: 149422080, grad norm: 1.2104
[iter 1150]loss: 5.0040, tokens/sec: 29304.67 ± 949.47, tokens seen: 150732800, grad norm: 1.5044
[iter 1160]loss: 4.9253, tokens/sec: 29305.16 ± 945.39, tokens seen: 152043520, grad norm: 1.2055
[iter 1170]loss: 4.6371, tokens/sec: 29300.94 ± 954.59, tokens seen: 153354240, grad norm: 1.3318
[iter 1180]loss: 4.3485, tokens/sec: 29301.45 ± 950.55, tokens seen: 154664960, grad norm: 1.4808
[iter 1190]loss: 4.8051, tokens/sec: 29301.94 ± 946.57, tokens seen: 155975680, grad norm: 1.2993
[iter 1200]loss: 4.9539, tokens/sec: 29302.49 ± 942.64, tokens seen: 157286400, grad norm: 1.2903
[iter 1210]loss: 5.0951, tokens/sec: 29302.99 ± 938.75, tokens seen: 158597120, grad norm: 1.2217
[iter 1220]loss: 4.8213, tokens/sec: 29303.49 ± 934.92, tokens seen: 159907840, grad norm: 1.2044
[iter 1230]loss: 4.6895, tokens/sec: 29304.02 ± 931.13, tokens seen: 161218560, grad norm: 1.1485
[iter 1240]loss: 4.8733, tokens/sec: 29304.50 ± 927.39, tokens seen: 162529280, grad norm: 1.3379
[iter 1250]loss: 4.7963, tokens/sec: 29304.98 ± 923.69, tokens seen: 163840000, grad norm: 1.3015
[iter 1260]loss: 4.8185, tokens/sec: 29305.40 ± 920.03, tokens seen: 165150720, grad norm: 1.2792
[iter 1270]loss: 4.7891, tokens/sec: 29305.87 ± 916.42, tokens seen: 166461440, grad norm: 1.1841
[iter 1280]loss: 4.6757, tokens/sec: 29306.33 ± 912.85, tokens seen: 167772160, grad norm: 1.0893
[iter 1290]loss: 4.7132, tokens/sec: 29306.78 ± 909.32, tokens seen: 169082880, grad norm: 1.3657
[iter 1300]loss: 4.7491, tokens/sec: 29307.20 ± 905.84, tokens seen: 170393600, grad norm: 1.2370
[iter 1310]loss: 4.6523, tokens/sec: 29307.63 ± 902.39, tokens seen: 171704320, grad norm: 1.3551
[iter 1320]loss: 4.5996, tokens/sec: 29308.03 ± 898.98, tokens seen: 173015040, grad norm: 1.4535
[iter 1330]loss: 4.5329, tokens/sec: 29308.43 ± 895.61, tokens seen: 174325760, grad norm: 1.7495
[iter 1340]loss: 4.7370, tokens/sec: 29308.84 ± 892.27, tokens seen: 175636480, grad norm: 1.4086
[iter 1350]loss: 4.4992, tokens/sec: 29309.22 ± 888.98, tokens seen: 176947200, grad norm: 1.4115
[iter 1360]loss: 4.7344, tokens/sec: 29309.63 ± 885.72, tokens seen: 178257920, grad norm: 1.1882
[iter 1370]loss: 4.7111, tokens/sec: 29310.02 ± 882.49, tokens seen: 179568640, grad norm: 1.0771
[iter 1380]loss: 4.7953, tokens/sec: 29310.37 ± 879.30, tokens seen: 180879360, grad norm: 1.3664
[iter 1390]loss: 4.6254, tokens/sec: 29310.74 ± 876.15, tokens seen: 182190080, grad norm: 1.1143
[iter 1400]loss: 4.3462, tokens/sec: 29311.12 ± 873.03, tokens seen: 183500800, grad norm: 1.3011
[iter 1410]loss: 4.4485, tokens/sec: 29311.48 ± 869.94, tokens seen: 184811520, grad norm: 1.0129
[iter 1420]loss: 4.4465, tokens/sec: 29311.85 ± 866.88, tokens seen: 186122240, grad norm: 1.1400
[iter 1430]loss: 4.4832, tokens/sec: 29312.21 ± 863.86, tokens seen: 187432960, grad norm: 1.1842
[iter 1440]loss: 4.5610, tokens/sec: 29312.58 ± 860.87, tokens seen: 188743680, grad norm: 1.3331
[iter 1450]loss: 4.6673, tokens/sec: 29312.91 ± 857.90, tokens seen: 190054400, grad norm: 1.2631
[iter 1460]loss: 4.4379, tokens/sec: 29313.25 ± 854.97, tokens seen: 191365120, grad norm: 1.3662
[iter 1470]loss: 4.3514, tokens/sec: 29313.61 ± 852.07, tokens seen: 192675840, grad norm: 1.1064
[iter 1480]loss: 4.2582, tokens/sec: 29313.94 ± 849.20, tokens seen: 193986560, grad norm: 1.0262
[iter 1490]loss: 4.2962, tokens/sec: 29314.30 ± 846.36, tokens seen: 195297280, grad norm: 1.0909
[step 1500]train loss: 4.3922, val loss: 4.4004, (avg train loss: 0.5689 ± 0.0207), (avg grad norm: 1.2536 ± 0.1472)
saving checkpoint to ./out-owt-large-mhc-group-lora-midnorm-bs8-25000step
[iter 1500]loss: 4.3385, tokens/sec: 29314.62 ± 843.55, tokens seen: 196608000, grad norm: 1.0804
[iter 1510]loss: 4.2103, tokens/sec: 29314.98 ± 840.76, tokens seen: 197918720, grad norm: 1.2491
[iter 1520]loss: 4.3846, tokens/sec: 29315.29 ± 838.00, tokens seen: 199229440, grad norm: 1.0524
[iter 1530]loss: 4.4861, tokens/sec: 29315.61 ± 835.27, tokens seen: 200540160, grad norm: 1.0975
[iter 1540]loss: 4.6545, tokens/sec: 29315.93 ± 832.57, tokens seen: 201850880, grad norm: 0.9784
[iter 1550]loss: 4.3576, tokens/sec: 29316.25 ± 829.89, tokens seen: 203161600, grad norm: 1.0265
[iter 1560]loss: 4.1504, tokens/sec: 29316.55 ± 827.23, tokens seen: 204472320, grad norm: 1.2224
[iter 1570]loss: 3.8021, tokens/sec: 29316.87 ± 824.61, tokens seen: 205783040, grad norm: 0.9803
[iter 1580]loss: 4.5783, tokens/sec: 29313.74 ± 832.92, tokens seen: 207093760, grad norm: 1.0281
[iter 1590]loss: 4.3464, tokens/sec: 29309.84 ± 846.79, tokens seen: 208404480, grad norm: 1.0823
[iter 1600]loss: 4.4141, tokens/sec: 29310.16 ± 844.16, tokens seen: 209715200, grad norm: 1.0095
[iter 1610]loss: 4.3205, tokens/sec: 29310.50 ± 841.54, tokens seen: 211025920, grad norm: 1.0960
[iter 1620]loss: 4.3231, tokens/sec: 29310.82 ± 838.95, tokens seen: 212336640, grad norm: 1.3471
[iter 1630]loss: 4.1501, tokens/sec: 29311.14 ± 836.39, tokens seen: 213647360, grad norm: 1.0328
[iter 1640]loss: 4.2458, tokens/sec: 29311.48 ± 833.85, tokens seen: 214958080, grad norm: 0.8906
[iter 1650]loss: 4.2801, tokens/sec: 29311.80 ± 831.33, tokens seen: 216268800, grad norm: 1.0530
[iter 1660]loss: 4.2554, tokens/sec: 29312.09 ± 828.83, tokens seen: 217579520, grad norm: 1.1665
[iter 1670]loss: 3.9709, tokens/sec: 29312.43 ± 826.36, tokens seen: 218890240, grad norm: 0.9775
[iter 1680]loss: 4.4533, tokens/sec: 29312.76 ± 823.91, tokens seen: 220200960, grad norm: 0.9410
[iter 1690]loss: 4.2749, tokens/sec: 29313.08 ± 821.48, tokens seen: 221511680, grad norm: 0.9259
[iter 1700]loss: 4.1333, tokens/sec: 29313.37 ± 819.07, tokens seen: 222822400, grad norm: 0.8395
[iter 1710]loss: 4.1903, tokens/sec: 29313.66 ± 816.68, tokens seen: 224133120, grad norm: 0.8897
[iter 1720]loss: 4.0435, tokens/sec: 29313.96 ± 814.31, tokens seen: 225443840, grad norm: 1.0768
[iter 1730]loss: 4.0540, tokens/sec: 29314.26 ± 811.97, tokens seen: 226754560, grad norm: 0.8249
[iter 1740]loss: 4.4895, tokens/sec: 29314.57 ± 809.64, tokens seen: 228065280, grad norm: 0.9609
[iter 1750]loss: 4.2544, tokens/sec: 29314.87 ± 807.34, tokens seen: 229376000, grad norm: 0.7503
[iter 1760]loss: 4.1478, tokens/sec: 29315.16 ± 805.05, tokens seen: 230686720, grad norm: 0.7967
[iter 1770]loss: 4.1585, tokens/sec: 29315.46 ± 802.79, tokens seen: 231997440, grad norm: 0.9293
[iter 1780]loss: 4.4336, tokens/sec: 29315.74 ± 800.54, tokens seen: 233308160, grad norm: 0.8414
[iter 1790]loss: 4.0545, tokens/sec: 29316.03 ± 798.31, tokens seen: 234618880, grad norm: 0.7872
[iter 1800]loss: 4.0385, tokens/sec: 29316.31 ± 796.10, tokens seen: 235929600, grad norm: 0.7737
[iter 1810]loss: 4.1015, tokens/sec: 29316.58 ± 793.91, tokens seen: 237240320, grad norm: 0.8758
[iter 1820]loss: 4.1634, tokens/sec: 29316.84 ± 791.73, tokens seen: 238551040, grad norm: 0.8327
[iter 1830]loss: 4.1320, tokens/sec: 29317.11 ± 789.57, tokens seen: 239861760, grad norm: 0.8637
[iter 1840]loss: 3.8803, tokens/sec: 29317.37 ± 787.43, tokens seen: 241172480, grad norm: 0.7860
[iter 1850]loss: 3.8966, tokens/sec: 29317.65 ± 785.31, tokens seen: 242483200, grad norm: 0.8620
[iter 1860]loss: 4.2127, tokens/sec: 29317.93 ± 783.21, tokens seen: 243793920, grad norm: 0.7262
[iter 1870]loss: 4.0731, tokens/sec: 29318.21 ± 781.12, tokens seen: 245104640, grad norm: 0.8454
[iter 1880]loss: 4.1553, tokens/sec: 29318.48 ± 779.05, tokens seen: 246415360, grad norm: 0.8052
[iter 1890]loss: 4.0866, tokens/sec: 29318.71 ± 777.00, tokens seen: 247726080, grad norm: 0.8739
[iter 1900]loss: 4.0810, tokens/sec: 29318.96 ± 774.96, tokens seen: 249036800, grad norm: 0.9025
[iter 1910]loss: 3.9430, tokens/sec: 29319.21 ± 772.94, tokens seen: 250347520, grad norm: 0.8559
[iter 1920]loss: 3.9575, tokens/sec: 29319.48 ± 770.93, tokens seen: 251658240, grad norm: 0.7617
[iter 1930]loss: 4.0479, tokens/sec: 29319.72 ± 768.94, tokens seen: 252968960, grad norm: 0.7002
[iter 1940]loss: 4.0925, tokens/sec: 29319.96 ± 766.96, tokens seen: 254279680, grad norm: 0.7419
[iter 1950]loss: 4.0872, tokens/sec: 29320.20 ± 765.00, tokens seen: 255590400, grad norm: 0.6830
[iter 1960]loss: 3.9573, tokens/sec: 29320.45 ± 763.06, tokens seen: 256901120, grad norm: 0.9051
[iter 1970]loss: 4.2297, tokens/sec: 29320.69 ± 761.13, tokens seen: 258211840, grad norm: 0.7310
[iter 1980]loss: 4.0241, tokens/sec: 29320.93 ± 759.21, tokens seen: 259522560, grad norm: 0.7653
[iter 1990]loss: 4.1416, tokens/sec: 29321.15 ± 757.31, tokens seen: 260833280, grad norm: 0.7322
[step 2000]train loss: 4.0629, val loss: 4.0630, (avg train loss: 0.5120 ± 0.0162), (avg grad norm: 0.8068 ± 0.0899)
saving checkpoint to ./out-owt-large-mhc-group-lora-midnorm-bs8-25000step
[iter 2000]loss: 4.0652, tokens/sec: 29319.02 ± 762.54, tokens seen: 262144000, grad norm: 0.7174
[iter 2010]loss: 4.1061, tokens/sec: 29319.26 ± 760.65, tokens seen: 263454720, grad norm: 0.6855
[iter 2020]loss: 4.1844, tokens/sec: 29319.50 ± 758.77, tokens seen: 264765440, grad norm: 0.6392
[iter 2030]loss: 4.0956, tokens/sec: 29319.72 ± 756.91, tokens seen: 266076160, grad norm: 0.6421
[iter 2040]loss: 4.0984, tokens/sec: 29319.95 ± 755.06, tokens seen: 267386880, grad norm: 0.7867
[iter 2050]loss: 4.0302, tokens/sec: 29320.18 ± 753.22, tokens seen: 268697600, grad norm: 0.7413
[iter 2060]loss: 3.9100, tokens/sec: 29320.42 ± 751.40, tokens seen: 270008320, grad norm: 0.7061
[iter 2070]loss: 4.0686, tokens/sec: 29320.65 ± 749.59, tokens seen: 271319040, grad norm: 0.6740
[iter 2080]loss: 4.0165, tokens/sec: 29320.87 ± 747.80, tokens seen: 272629760, grad norm: 0.6496
[iter 2090]loss: 4.0431, tokens/sec: 29321.09 ± 746.01, tokens seen: 273940480, grad norm: 0.6925
[iter 2100]loss: 3.8083, tokens/sec: 29321.30 ± 744.24, tokens seen: 275251200, grad norm: 0.5687
[iter 2110]loss: 4.0745, tokens/sec: 29321.54 ± 742.48, tokens seen: 276561920, grad norm: 0.7192
[iter 2120]loss: 3.8660, tokens/sec: 29318.69 ± 753.89, tokens seen: 277872640, grad norm: 0.8376
[iter 2130]loss: 3.9469, tokens/sec: 29318.90 ± 752.13, tokens seen: 279183360, grad norm: 0.6689
[iter 2140]loss: 4.1351, tokens/sec: 29319.13 ± 750.38, tokens seen: 280494080, grad norm: 0.6921
[iter 2150]loss: 3.9015, tokens/sec: 29319.34 ± 748.64, tokens seen: 281804800, grad norm: 0.6388
[iter 2160]loss: 4.0794, tokens/sec: 29319.57 ± 746.91, tokens seen: 283115520, grad norm: 0.6381
[iter 2170]loss: 4.1981, tokens/sec: 29319.79 ± 745.20, tokens seen: 284426240, grad norm: 0.6184
[iter 2180]loss: 4.1311, tokens/sec: 29319.99 ± 743.49, tokens seen: 285736960, grad norm: 0.6075
[iter 2190]loss: 3.6371, tokens/sec: 29320.21 ± 741.80, tokens seen: 287047680, grad norm: 0.5725
[iter 2200]loss: 3.9092, tokens/sec: 29320.40 ± 740.12, tokens seen: 288358400, grad norm: 0.6595
[iter 2210]loss: 3.9957, tokens/sec: 29320.63 ± 738.45, tokens seen: 289669120, grad norm: 0.7180
[iter 2220]loss: 4.1058, tokens/sec: 29320.83 ± 736.79, tokens seen: 290979840, grad norm: 0.5554
[iter 2230]loss: 3.9009, tokens/sec: 29321.04 ± 735.15, tokens seen: 292290560, grad norm: 0.6270
[iter 2240]loss: 3.8438, tokens/sec: 29321.24 ± 733.51, tokens seen: 293601280, grad norm: 0.7464
[iter 2250]loss: 3.8978, tokens/sec: 29321.45 ± 731.89, tokens seen: 294912000, grad norm: 0.8509
[iter 2260]loss: 3.8230, tokens/sec: 29321.65 ± 730.27, tokens seen: 296222720, grad norm: 0.5832
[iter 2270]loss: 3.9558, tokens/sec: 29321.86 ± 728.67, tokens seen: 297533440, grad norm: 0.5880
[iter 2280]loss: 4.0068, tokens/sec: 29322.05 ± 727.08, tokens seen: 298844160, grad norm: 0.6285
[iter 2290]loss: 3.8355, tokens/sec: 29322.22 ± 725.49, tokens seen: 300154880, grad norm: 0.6863
[iter 2300]loss: 4.2764, tokens/sec: 29322.43 ± 723.92, tokens seen: 301465600, grad norm: 0.5700
[iter 2310]loss: 4.0153, tokens/sec: 29322.61 ± 722.36, tokens seen: 302776320, grad norm: 0.7066
[iter 2320]loss: 3.8355, tokens/sec: 29322.80 ± 720.81, tokens seen: 304087040, grad norm: 0.5660
[iter 2330]loss: 3.7928, tokens/sec: 29322.98 ± 719.27, tokens seen: 305397760, grad norm: 0.6094
[iter 2340]loss: 3.6089, tokens/sec: 29323.18 ± 717.73, tokens seen: 306708480, grad norm: 0.5553
[iter 2350]loss: 3.9545, tokens/sec: 29323.36 ± 716.21, tokens seen: 308019200, grad norm: 0.5710
[iter 2360]loss: 3.9773, tokens/sec: 29323.54 ± 714.70, tokens seen: 309329920, grad norm: 0.6469
[iter 2370]loss: 3.8427, tokens/sec: 29323.71 ± 713.19, tokens seen: 310640640, grad norm: 0.5698
[iter 2380]loss: 3.9067, tokens/sec: 29323.88 ± 711.70, tokens seen: 311951360, grad norm: 0.6018
[iter 2390]loss: 4.0368, tokens/sec: 29324.04 ± 710.22, tokens seen: 313262080, grad norm: 0.7944
[iter 2400]loss: 3.6925, tokens/sec: 29324.22 ± 708.74, tokens seen: 314572800, grad norm: 0.4999
[iter 2410]loss: 3.7889, tokens/sec: 29322.50 ± 713.37, tokens seen: 315883520, grad norm: 0.5821
[iter 2420]loss: 3.7710, tokens/sec: 29322.69 ± 711.90, tokens seen: 317194240, grad norm: 0.5618
[iter 2430]loss: 3.8842, tokens/sec: 29322.85 ± 710.44, tokens seen: 318504960, grad norm: 0.6060
[iter 2440]loss: 3.6587, tokens/sec: 29323.02 ± 708.99, tokens seen: 319815680, grad norm: 0.5927
[iter 2450]loss: 3.8753, tokens/sec: 29323.21 ± 707.54, tokens seen: 321126400, grad norm: 0.5495
[iter 2460]loss: 3.7791, tokens/sec: 29323.38 ± 706.11, tokens seen: 322437120, grad norm: 0.6255
[iter 2470]loss: 3.9612, tokens/sec: 29323.54 ± 704.68, tokens seen: 323747840, grad norm: 0.5659
[iter 2480]loss: 3.7952, tokens/sec: 29323.71 ± 703.27, tokens seen: 325058560, grad norm: 0.5637
[iter 2490]loss: 3.9674, tokens/sec: 29323.89 ± 701.86, tokens seen: 326369280, grad norm: 0.5658
[step 2500]train loss: 3.8513, val loss: 3.8382, (avg train loss: 0.4864 ± 0.0192), (avg grad norm: 0.6001 ± 0.0701)
saving checkpoint to ./out-owt-large-mhc-group-lora-midnorm-bs8-25000step
[iter 2500]loss: 3.8661, tokens/sec: 29324.07 ± 700.46, tokens seen: 327680000, grad norm: 0.4982
[iter 2510]loss: 4.1116, tokens/sec: 29324.25 ± 699.07, tokens seen: 328990720, grad norm: 0.6569
[iter 2520]loss: 3.7761, tokens/sec: 29324.39 ± 697.69, tokens seen: 330301440, grad norm: 0.5491
[iter 2530]loss: 3.7070, tokens/sec: 29324.54 ± 696.31, tokens seen: 331612160, grad norm: 0.5469
[iter 2540]loss: 3.9770, tokens/sec: 29324.68 ± 694.95, tokens seen: 332922880, grad norm: 0.5658
[iter 2550]loss: 3.8281, tokens/sec: 29324.85 ± 693.59, tokens seen: 334233600, grad norm: 0.5649
[iter 2560]loss: 3.8436, tokens/sec: 29325.00 ± 692.24, tokens seen: 335544320, grad norm: 0.6417
[iter 2570]loss: 3.9068, tokens/sec: 29325.16 ± 690.89, tokens seen: 336855040, grad norm: 0.7930
[iter 2580]loss: 3.9273, tokens/sec: 29325.30 ± 689.56, tokens seen: 338165760, grad norm: 0.5514
[iter 2590]loss: 3.8313, tokens/sec: 29325.46 ± 688.23, tokens seen: 339476480, grad norm: 0.5672
[iter 2600]loss: 3.8373, tokens/sec: 29325.61 ± 686.91, tokens seen: 340787200, grad norm: 0.5234
[iter 2610]loss: 3.7564, tokens/sec: 29325.76 ± 685.60, tokens seen: 342097920, grad norm: 0.6252
[iter 2620]loss: 3.8196, tokens/sec: 29325.90 ± 684.29, tokens seen: 343408640, grad norm: 0.5091
[iter 2630]loss: 3.8500, tokens/sec: 29326.05 ± 683.00, tokens seen: 344719360, grad norm: 0.5354
[iter 2640]loss: 3.8187, tokens/sec: 29326.20 ± 681.71, tokens seen: 346030080, grad norm: 0.5074
[iter 2650]loss: 3.6689, tokens/sec: 29323.87 ± 692.16, tokens seen: 347340800, grad norm: 0.5570
[iter 2660]loss: 3.6358, tokens/sec: 29324.02 ± 690.87, tokens seen: 348651520, grad norm: 0.4955
[iter 2670]loss: 3.3522, tokens/sec: 29324.14 ± 689.57, tokens seen: 349962240, grad norm: 0.6364
[iter 2680]loss: 3.9247, tokens/sec: 29324.27 ± 688.29, tokens seen: 351272960, grad norm: 0.5800
[iter 2690]loss: 3.9019, tokens/sec: 29324.41 ± 687.01, tokens seen: 352583680, grad norm: 0.5969
[iter 2700]loss: 3.8145, tokens/sec: 29324.54 ± 685.75, tokens seen: 353894400, grad norm: 0.5028
[iter 2710]loss: 3.8071, tokens/sec: 29324.65 ± 684.48, tokens seen: 355205120, grad norm: 0.4760
[iter 2720]loss: 3.9200, tokens/sec: 29324.78 ± 683.23, tokens seen: 356515840, grad norm: 0.4756
[iter 2730]loss: 3.7796, tokens/sec: 29324.85 ± 681.98, tokens seen: 357826560, grad norm: 0.4616
[iter 2740]loss: 3.8870, tokens/sec: 29324.95 ± 680.73, tokens seen: 359137280, grad norm: 0.5033
[iter 2750]loss: 3.8401, tokens/sec: 29325.04 ± 679.50, tokens seen: 360448000, grad norm: 0.4916
[iter 2760]loss: 3.5121, tokens/sec: 29325.13 ± 678.27, tokens seen: 361758720, grad norm: 0.5002
[iter 2770]loss: 3.8780, tokens/sec: 29325.25 ± 677.05, tokens seen: 363069440, grad norm: 0.5162
[iter 2780]loss: 3.9022, tokens/sec: 29325.39 ± 675.83, tokens seen: 364380160, grad norm: 0.4697
[iter 2790]loss: 3.7896, tokens/sec: 29325.53 ± 674.62, tokens seen: 365690880, grad norm: 0.5052
[iter 2800]loss: 3.9625, tokens/sec: 29325.67 ± 673.42, tokens seen: 367001600, grad norm: 0.5096
[iter 2810]loss: 3.5008, tokens/sec: 29325.82 ± 672.23, tokens seen: 368312320, grad norm: 0.5030
[iter 2820]loss: 3.6399, tokens/sec: 29325.96 ± 671.04, tokens seen: 369623040, grad norm: 0.5141
[iter 2830]loss: 3.4893, tokens/sec: 29324.48 ± 675.11, tokens seen: 370933760, grad norm: 0.4954
[iter 2840]loss: 3.9128, tokens/sec: 29324.60 ± 673.93, tokens seen: 372244480, grad norm: 0.5214
[iter 2850]loss: 3.5269, tokens/sec: 29324.75 ± 672.75, tokens seen: 373555200, grad norm: 0.5280
[iter 2860]loss: 3.4866, tokens/sec: 29324.89 ± 671.58, tokens seen: 374865920, grad norm: 0.4818
[iter 2870]loss: 3.7700, tokens/sec: 29325.02 ± 670.41, tokens seen: 376176640, grad norm: 0.5572
[iter 2880]loss: 3.7306, tokens/sec: 29325.15 ± 669.25, tokens seen: 377487360, grad norm: 0.5184
[iter 2890]loss: 3.8702, tokens/sec: 29325.29 ± 668.10, tokens seen: 378798080, grad norm: 0.5185
[iter 2900]loss: 3.8791, tokens/sec: 29325.43 ± 666.95, tokens seen: 380108800, grad norm: 0.4550
[iter 2910]loss: 3.7569, tokens/sec: 29325.56 ± 665.80, tokens seen: 381419520, grad norm: 0.5121
[iter 2920]loss: 3.6072, tokens/sec: 29325.70 ± 664.67, tokens seen: 382730240, grad norm: 0.4778
[iter 2930]loss: 3.9393, tokens/sec: 29325.83 ± 663.54, tokens seen: 384040960, grad norm: 0.5380
[iter 2940]loss: 3.6520, tokens/sec: 29325.96 ± 662.41, tokens seen: 385351680, grad norm: 0.5633
[iter 2950]loss: 3.6918, tokens/sec: 29326.10 ± 661.29, tokens seen: 386662400, grad norm: 0.5504
[iter 2960]loss: 3.7084, tokens/sec: 29326.23 ± 660.18, tokens seen: 387973120, grad norm: 0.4747
[iter 2970]loss: 3.7598, tokens/sec: 29326.37 ± 659.07, tokens seen: 389283840, grad norm: 0.4780
[iter 2980]loss: 3.8599, tokens/sec: 29326.50 ± 657.97, tokens seen: 390594560, grad norm: 0.4523
[iter 2990]loss: 3.4359, tokens/sec: 29326.65 ± 656.87, tokens seen: 391905280, grad norm: 0.4945
[step 3000]train loss: 3.6996, val loss: 3.7116, (avg train loss: 0.4649 ± 0.0176), (avg grad norm: 0.5113 ± 0.0476)
saving checkpoint to ./out-owt-large-mhc-group-lora-midnorm-bs8-25000step
[iter 3000]loss: 3.7690, tokens/sec: 29326.81 ± 655.78, tokens seen: 393216000, grad norm: 0.4876
[iter 3010]loss: 3.6916, tokens/sec: 29326.94 ± 654.70, tokens seen: 394526720, grad norm: 0.4583
[iter 3020]loss: 3.7952, tokens/sec: 29327.05 ± 653.62, tokens seen: 395837440, grad norm: 0.5235
[iter 3030]loss: 3.6842, tokens/sec: 29327.19 ± 652.54, tokens seen: 397148160, grad norm: 0.5214
[iter 3040]loss: 3.3915, tokens/sec: 29327.32 ± 651.47, tokens seen: 398458880, grad norm: 0.4522
[iter 3050]loss: 3.5425, tokens/sec: 29327.45 ± 650.41, tokens seen: 399769600, grad norm: 0.4595
[iter 3060]loss: 3.6837, tokens/sec: 29327.57 ± 649.35, tokens seen: 401080320, grad norm: 0.5018
[iter 3070]loss: 3.5888, tokens/sec: 29327.69 ± 648.29, tokens seen: 402391040, grad norm: 0.5024
[iter 3080]loss: 3.6845, tokens/sec: 29327.82 ± 647.24, tokens seen: 403701760, grad norm: 0.4544
[iter 3090]loss: 3.7250, tokens/sec: 29327.93 ± 646.20, tokens seen: 405012480, grad norm: 0.4596
[iter 3100]loss: 3.7293, tokens/sec: 29328.04 ± 645.16, tokens seen: 406323200, grad norm: 0.4960
[iter 3110]loss: 3.8221, tokens/sec: 29328.17 ± 644.13, tokens seen: 407633920, grad norm: 0.5228
[iter 3120]loss: 3.4659, tokens/sec: 29328.27 ± 643.10, tokens seen: 408944640, grad norm: 0.4765
[iter 3130]loss: 3.8279, tokens/sec: 29328.38 ± 642.07, tokens seen: 410255360, grad norm: 0.5175
[iter 3140]loss: 3.5245, tokens/sec: 29328.50 ± 641.05, tokens seen: 411566080, grad norm: 0.4427
[iter 3150]loss: 3.5011, tokens/sec: 29328.62 ± 640.04, tokens seen: 412876800, grad norm: 0.4445
[iter 3160]loss: 3.6543, tokens/sec: 29328.72 ± 639.03, tokens seen: 414187520, grad norm: 0.4279
[iter 3170]loss: 3.6326, tokens/sec: 29328.83 ± 638.02, tokens seen: 415498240, grad norm: 0.5159
[iter 3180]loss: 3.6465, tokens/sec: 29326.84 ± 647.77, tokens seen: 416808960, grad norm: 0.5186
[iter 3190]loss: 3.6993, tokens/sec: 29326.96 ± 646.76, tokens seen: 418119680, grad norm: 0.4838
[iter 3200]loss: 3.3783, tokens/sec: 29327.08 ± 645.75, tokens seen: 419430400, grad norm: 0.4350
[iter 3210]loss: 3.5384, tokens/sec: 29327.20 ± 644.75, tokens seen: 420741120, grad norm: 0.4653
[iter 3220]loss: 3.7525, tokens/sec: 29327.31 ± 643.75, tokens seen: 422051840, grad norm: 0.5702
[iter 3230]loss: 3.6902, tokens/sec: 29327.41 ± 642.75, tokens seen: 423362560, grad norm: 0.5115
[iter 3240]loss: 3.9256, tokens/sec: 29326.12 ± 646.61, tokens seen: 424673280, grad norm: 0.4949
[iter 3250]loss: 3.6322, tokens/sec: 29326.23 ± 645.61, tokens seen: 425984000, grad norm: 0.4887
[iter 3260]loss: 3.5967, tokens/sec: 29326.34 ± 644.63, tokens seen: 427294720, grad norm: 0.5391
[iter 3270]loss: 3.8228, tokens/sec: 29326.45 ± 643.64, tokens seen: 428605440, grad norm: 0.4678
[iter 3280]loss: 3.7673, tokens/sec: 29326.57 ± 642.66, tokens seen: 429916160, grad norm: 0.4647
[iter 3290]loss: 3.4861, tokens/sec: 29326.68 ± 641.69, tokens seen: 431226880, grad norm: 0.4961
[iter 3300]loss: 3.6764, tokens/sec: 29326.80 ± 640.72, tokens seen: 432537600, grad norm: 0.5193
[iter 3310]loss: 3.2813, tokens/sec: 29326.93 ± 639.76, tokens seen: 433848320, grad norm: 0.4571
[iter 3320]loss: 3.6111, tokens/sec: 29327.04 ± 638.80, tokens seen: 435159040, grad norm: 0.4303
[iter 3330]loss: 3.6453, tokens/sec: 29327.16 ± 637.84, tokens seen: 436469760, grad norm: 0.4256
[iter 3340]loss: 3.5749, tokens/sec: 29327.27 ± 636.89, tokens seen: 437780480, grad norm: 0.4788
[iter 3350]loss: 3.4930, tokens/sec: 29327.38 ± 635.94, tokens seen: 439091200, grad norm: 0.4310
[iter 3360]loss: 3.4977, tokens/sec: 29327.49 ± 635.00, tokens seen: 440401920, grad norm: 0.4379
[iter 3370]loss: 3.5840, tokens/sec: 29327.59 ± 634.06, tokens seen: 441712640, grad norm: 0.4393
[iter 3380]loss: 3.7552, tokens/sec: 29327.70 ± 633.12, tokens seen: 443023360, grad norm: 0.4792
[iter 3390]loss: 3.6602, tokens/sec: 29327.81 ± 632.19, tokens seen: 444334080, grad norm: 0.4542
[iter 3400]loss: 3.5249, tokens/sec: 29327.91 ± 631.26, tokens seen: 445644800, grad norm: 0.4175
[iter 3410]loss: 3.6188, tokens/sec: 29328.03 ± 630.34, tokens seen: 446955520, grad norm: 0.9334
[iter 3420]loss: 3.7060, tokens/sec: 29328.14 ± 629.42, tokens seen: 448266240, grad norm: 0.5138
[iter 3430]loss: 3.5092, tokens/sec: 29328.24 ± 628.51, tokens seen: 449576960, grad norm: 0.4899
[iter 3440]loss: 3.2329, tokens/sec: 29328.34 ± 627.60, tokens seen: 450887680, grad norm: 0.4347
[iter 3450]loss: 3.6233, tokens/sec: 29328.45 ± 626.69, tokens seen: 452198400, grad norm: 0.4771
[iter 3460]loss: 3.5185, tokens/sec: 29328.56 ± 625.79, tokens seen: 453509120, grad norm: 0.4472
[iter 3470]loss: 3.5609, tokens/sec: 29328.65 ± 624.89, tokens seen: 454819840, grad norm: 0.4758
[iter 3480]loss: 3.6298, tokens/sec: 29328.76 ± 623.99, tokens seen: 456130560, grad norm: 0.4867
[iter 3490]loss: 3.5529, tokens/sec: 29328.86 ± 623.10, tokens seen: 457441280, grad norm: 0.4339
[step 3500]train loss: 3.6189, val loss: 3.6167, (avg train loss: 0.4538 ± 0.0194), (avg grad norm: 0.4792 ± 0.0657)
saving checkpoint to ./out-owt-large-mhc-group-lora-midnorm-bs8-25000step
[iter 3500]loss: 3.3931, tokens/sec: 29328.98 ± 622.22, tokens seen: 458752000, grad norm: 0.3876
[iter 3510]loss: 3.7702, tokens/sec: 29329.09 ± 621.33, tokens seen: 460062720, grad norm: 0.4256
[iter 3520]loss: 3.7829, tokens/sec: 29329.20 ± 620.45, tokens seen: 461373440, grad norm: 0.4760
[iter 3530]loss: 3.5076, tokens/sec: 29329.29 ± 619.58, tokens seen: 462684160, grad norm: 0.4165
[iter 3540]loss: 3.5928, tokens/sec: 29329.40 ± 618.70, tokens seen: 463994880, grad norm: 0.4467
[iter 3550]loss: 3.6038, tokens/sec: 29329.50 ± 617.84, tokens seen: 465305600, grad norm: 0.4129
[iter 3560]loss: 3.6376, tokens/sec: 29329.59 ± 616.97, tokens seen: 466616320, grad norm: 0.4378
[iter 3570]loss: 3.5739, tokens/sec: 29329.70 ± 616.11, tokens seen: 467927040, grad norm: 0.4883
[iter 3580]loss: 3.4308, tokens/sec: 29329.79 ± 615.25, tokens seen: 469237760, grad norm: 0.4159
[iter 3590]loss: 3.7544, tokens/sec: 29329.89 ± 614.40, tokens seen: 470548480, grad norm: 0.5188
[iter 3600]loss: 3.4888, tokens/sec: 29329.98 ± 613.55, tokens seen: 471859200, grad norm: 0.4416
[iter 3610]loss: 3.6273, tokens/sec: 29330.07 ± 612.70, tokens seen: 473169920, grad norm: 0.4453
[iter 3620]loss: 3.5970, tokens/sec: 29330.17 ± 611.85, tokens seen: 474480640, grad norm: 0.4349
[iter 3630]loss: 3.7988, tokens/sec: 29330.28 ± 611.01, tokens seen: 475791360, grad norm: 0.5772
[iter 3640]loss: 3.5946, tokens/sec: 29330.38 ± 610.18, tokens seen: 477102080, grad norm: 0.3997
[iter 3650]loss: 3.5915, tokens/sec: 29330.47 ± 609.34, tokens seen: 478412800, grad norm: 0.4375
[iter 3660]loss: 3.7816, tokens/sec: 29329.31 ± 613.08, tokens seen: 479723520, grad norm: 0.4198
[iter 3670]loss: 3.3642, tokens/sec: 29329.41 ± 612.25, tokens seen: 481034240, grad norm: 0.4363
[iter 3680]loss: 3.7859, tokens/sec: 29329.51 ± 611.42, tokens seen: 482344960, grad norm: 0.4213
[iter 3690]loss: 3.5421, tokens/sec: 29329.60 ± 610.59, tokens seen: 483655680, grad norm: 0.4546
[iter 3700]loss: 3.4021, tokens/sec: 29329.70 ± 609.77, tokens seen: 484966400, grad norm: 0.4440
[iter 3710]loss: 3.8520, tokens/sec: 29328.01 ± 618.48, tokens seen: 486277120, grad norm: 0.4274
[iter 3720]loss: 3.3686, tokens/sec: 29328.06 ± 617.65, tokens seen: 487587840, grad norm: 0.4268
[iter 3730]loss: 3.5409, tokens/sec: 29328.16 ± 616.82, tokens seen: 488898560, grad norm: 0.4462
[iter 3740]loss: 3.7857, tokens/sec: 29328.24 ± 616.00, tokens seen: 490209280, grad norm: 0.4345
[iter 3750]loss: 3.5953, tokens/sec: 29328.33 ± 615.18, tokens seen: 491520000, grad norm: 0.4207
[iter 3760]loss: 3.6323, tokens/sec: 29328.42 ± 614.36, tokens seen: 492830720, grad norm: 0.4775
[iter 3770]loss: 3.7516, tokens/sec: 29328.51 ± 613.55, tokens seen: 494141440, grad norm: 0.3813
[iter 3780]loss: 3.5650, tokens/sec: 29328.60 ± 612.74, tokens seen: 495452160, grad norm: 0.4563
[iter 3790]loss: 3.7145, tokens/sec: 29328.70 ± 611.94, tokens seen: 496762880, grad norm: 0.4652
[iter 3800]loss: 3.7205, tokens/sec: 29328.78 ± 611.13, tokens seen: 498073600, grad norm: 0.4379
[iter 3810]loss: 3.6385, tokens/sec: 29328.85 ± 610.33, tokens seen: 499384320, grad norm: 0.4740
[iter 3820]loss: 3.5074, tokens/sec: 29328.93 ± 609.53, tokens seen: 500695040, grad norm: 0.4233
[iter 3830]loss: 3.6336, tokens/sec: 29329.01 ± 608.74, tokens seen: 502005760, grad norm: 0.3945
[iter 3840]loss: 3.6089, tokens/sec: 29329.08 ± 607.95, tokens seen: 503316480, grad norm: 0.5186
[iter 3850]loss: 3.5852, tokens/sec: 29329.16 ± 607.16, tokens seen: 504627200, grad norm: 0.4882
[iter 3860]loss: 3.7276, tokens/sec: 29329.25 ± 606.38, tokens seen: 505937920, grad norm: 0.4108
[iter 3870]loss: 3.4358, tokens/sec: 29329.33 ± 605.60, tokens seen: 507248640, grad norm: 0.4594
[iter 3880]loss: 3.4813, tokens/sec: 29329.41 ± 604.82, tokens seen: 508559360, grad norm: 0.4120
[iter 3890]loss: 3.6284, tokens/sec: 29329.51 ± 604.04, tokens seen: 509870080, grad norm: 0.4030
[iter 3900]loss: 3.6170, tokens/sec: 29329.59 ± 603.27, tokens seen: 511180800, grad norm: 0.3886
[iter 3910]loss: 3.7312, tokens/sec: 29329.68 ± 602.50, tokens seen: 512491520, grad norm: 0.4009
[iter 3920]loss: 3.1730, tokens/sec: 29329.77 ± 601.73, tokens seen: 513802240, grad norm: 0.4267
[iter 3930]loss: 3.4936, tokens/sec: 29329.86 ± 600.97, tokens seen: 515112960, grad norm: 0.4420
[iter 3940]loss: 3.6394, tokens/sec: 29329.94 ± 600.21, tokens seen: 516423680, grad norm: 0.4980
[iter 3950]loss: 3.4734, tokens/sec: 29330.02 ± 599.45, tokens seen: 517734400, grad norm: 0.4878
[iter 3960]loss: 3.6691, tokens/sec: 29330.11 ± 598.70, tokens seen: 519045120, grad norm: 0.4060
[iter 3970]loss: 3.2714, tokens/sec: 29330.20 ± 597.95, tokens seen: 520355840, grad norm: 0.4526
[iter 3980]loss: 3.4651, tokens/sec: 29330.28 ± 597.20, tokens seen: 521666560, grad norm: 0.3878
[iter 3990]loss: 3.5348, tokens/sec: 29330.36 ± 596.45, tokens seen: 522977280, grad norm: 0.4346
[step 4000]train loss: 3.5403, val loss: 3.5566, (avg train loss: 0.4430 ± 0.0171), (avg grad norm: 0.4500 ± 0.0436)
saving checkpoint to ./out-owt-large-mhc-group-lora-midnorm-bs8-25000step
[iter 4000]loss: 3.1271, tokens/sec: 29330.44 ± 595.71, tokens seen: 524288000, grad norm: 0.4345
[iter 4010]loss: 3.4880, tokens/sec: 29330.49 ± 594.97, tokens seen: 525598720, grad norm: 0.4215
[iter 4020]loss: 3.5045, tokens/sec: 29330.54 ± 594.23, tokens seen: 526909440, grad norm: 0.4724
[iter 4030]loss: 3.5931, tokens/sec: 29330.62 ± 593.49, tokens seen: 528220160, grad norm: 0.4533
[iter 4040]loss: 3.4668, tokens/sec: 29330.69 ± 592.76, tokens seen: 529530880, grad norm: 0.4826
[iter 4050]loss: 3.7244, tokens/sec: 29330.76 ± 592.03, tokens seen: 530841600, grad norm: 0.4598
[iter 4060]loss: 3.5661, tokens/sec: 29330.83 ± 591.30, tokens seen: 532152320, grad norm: 0.5298
[iter 4070]loss: 3.7576, tokens/sec: 29330.90 ± 590.58, tokens seen: 533463040, grad norm: 0.4596
[iter 4080]loss: 3.6314, tokens/sec: 29329.83 ± 594.08, tokens seen: 534773760, grad norm: 0.3912
[iter 4090]loss: 3.5567, tokens/sec: 29329.91 ± 593.36, tokens seen: 536084480, grad norm: 0.3990
[iter 4100]loss: 3.6581, tokens/sec: 29329.97 ± 592.64, tokens seen: 537395200, grad norm: 0.5249
[iter 4110]loss: 3.5791, tokens/sec: 29330.04 ± 591.92, tokens seen: 538705920, grad norm: 0.4722
[iter 4120]loss: 3.4571, tokens/sec: 29330.12 ± 591.20, tokens seen: 540016640, grad norm: 0.4749
[iter 4130]loss: 3.8337, tokens/sec: 29330.20 ± 590.49, tokens seen: 541327360, grad norm: 0.4324
[iter 4140]loss: 3.7187, tokens/sec: 29330.27 ± 589.78, tokens seen: 542638080, grad norm: 0.4704
[iter 4150]loss: 3.5602, tokens/sec: 29330.33 ± 589.07, tokens seen: 543948800, grad norm: 0.4551
[iter 4160]loss: 3.6769, tokens/sec: 29330.39 ± 588.36, tokens seen: 545259520, grad norm: 0.5104
[iter 4170]loss: 3.5051, tokens/sec: 29330.46 ± 587.66, tokens seen: 546570240, grad norm: 0.4197
[iter 4180]loss: 3.4724, tokens/sec: 29330.53 ± 586.96, tokens seen: 547880960, grad norm: 0.4131
[iter 4190]loss: 3.3231, tokens/sec: 29330.59 ± 586.26, tokens seen: 549191680, grad norm: 0.4889
[iter 4200]loss: 3.3938, tokens/sec: 29330.66 ± 585.56, tokens seen: 550502400, grad norm: 0.4124
[iter 4210]loss: 3.7428, tokens/sec: 29330.72 ± 584.87, tokens seen: 551813120, grad norm: 0.4161
[iter 4220]loss: 3.5697, tokens/sec: 29330.78 ± 584.17, tokens seen: 553123840, grad norm: 0.4155
[iter 4230]loss: 3.5581, tokens/sec: 29330.85 ± 583.48, tokens seen: 554434560, grad norm: 0.4018
[iter 4240]loss: 3.3752, tokens/sec: 29329.38 ± 591.39, tokens seen: 555745280, grad norm: 0.4426
[iter 4250]loss: 3.3689, tokens/sec: 29329.38 ± 590.69, tokens seen: 557056000, grad norm: 0.4596
[iter 4260]loss: 3.5723, tokens/sec: 29329.47 ± 590.00, tokens seen: 558366720, grad norm: 0.4174
[iter 4270]loss: 3.3679, tokens/sec: 29329.53 ± 589.31, tokens seen: 559677440, grad norm: 0.4163
[iter 4280]loss: 3.6481, tokens/sec: 29329.61 ± 588.62, tokens seen: 560988160, grad norm: 0.4439
[iter 4290]loss: 3.4581, tokens/sec: 29329.70 ± 587.94, tokens seen: 562298880, grad norm: 0.3867
[iter 4300]loss: 3.4867, tokens/sec: 29329.79 ± 587.26, tokens seen: 563609600, grad norm: 0.4469
[iter 4310]loss: 3.5376, tokens/sec: 29329.87 ± 586.58, tokens seen: 564920320, grad norm: 0.4062
[iter 4320]loss: 3.7311, tokens/sec: 29329.95 ± 585.90, tokens seen: 566231040, grad norm: 0.4302
[iter 4330]loss: 3.4486, tokens/sec: 29330.03 ± 585.23, tokens seen: 567541760, grad norm: 0.5121
[iter 4340]loss: 3.5067, tokens/sec: 29330.10 ± 584.56, tokens seen: 568852480, grad norm: 0.4085
[iter 4350]loss: 3.6733, tokens/sec: 29330.18 ± 583.89, tokens seen: 570163200, grad norm: 0.3854
[iter 4360]loss: 3.5237, tokens/sec: 29330.26 ± 583.22, tokens seen: 571473920, grad norm: 0.4362
[iter 4370]loss: 3.7182, tokens/sec: 29330.34 ± 582.55, tokens seen: 572784640, grad norm: 0.4626
[iter 4380]loss: 3.3711, tokens/sec: 29330.41 ± 581.89, tokens seen: 574095360, grad norm: 0.4560
[iter 4390]loss: 3.8975, tokens/sec: 29330.48 ± 581.23, tokens seen: 575406080, grad norm: 0.4512
[iter 4400]loss: 3.5763, tokens/sec: 29330.56 ± 580.57, tokens seen: 576716800, grad norm: 0.3693
[iter 4410]loss: 3.5351, tokens/sec: 29330.64 ± 579.92, tokens seen: 578027520, grad norm: 0.4133
[iter 4420]loss: 3.4833, tokens/sec: 29330.71 ± 579.26, tokens seen: 579338240, grad norm: 0.4354
[iter 4430]loss: 3.6929, tokens/sec: 29330.79 ± 578.61, tokens seen: 580648960, grad norm: 0.5900
[iter 4440]loss: 3.6559, tokens/sec: 29330.87 ± 577.96, tokens seen: 581959680, grad norm: 0.4417
[iter 4450]loss: 3.4664, tokens/sec: 29330.95 ± 577.31, tokens seen: 583270400, grad norm: 0.4566
[iter 4460]loss: 3.7738, tokens/sec: 29331.02 ± 576.67, tokens seen: 584581120, grad norm: 0.4259
[iter 4470]loss: 3.4048, tokens/sec: 29331.10 ± 576.03, tokens seen: 585891840, grad norm: 0.4905
[iter 4480]loss: 3.2488, tokens/sec: 29331.17 ± 575.38, tokens seen: 587202560, grad norm: 0.4094
[iter 4490]loss: 3.1926, tokens/sec: 29330.26 ± 578.51, tokens seen: 588513280, grad norm: 0.3693
[step 4500]train loss: 3.4778, val loss: 3.5010, (avg train loss: 0.4374 ± 0.0181), (avg grad norm: 0.4331 ± 0.0423)
saving checkpoint to ./out-owt-large-mhc-group-lora-midnorm-bs8-25000step
[iter 4500]loss: 3.5308, tokens/sec: 29330.33 ± 577.87, tokens seen: 589824000, grad norm: 0.4360
[iter 4510]loss: 3.4509, tokens/sec: 29330.40 ± 577.23, tokens seen: 591134720, grad norm: 0.4030
[iter 4520]loss: 3.2894, tokens/sec: 29330.46 ± 576.60, tokens seen: 592445440, grad norm: 0.4408
[iter 4530]loss: 3.4260, tokens/sec: 29330.52 ± 575.96, tokens seen: 593756160, grad norm: 0.4431
[iter 4540]loss: 3.5928, tokens/sec: 29330.58 ± 575.33, tokens seen: 595066880, grad norm: 0.4517
[iter 4550]loss: 3.5830, tokens/sec: 29330.65 ± 574.70, tokens seen: 596377600, grad norm: 0.3737
[iter 4560]loss: 3.5144, tokens/sec: 29330.70 ± 574.07, tokens seen: 597688320, grad norm: 0.4025
[iter 4570]loss: 3.2102, tokens/sec: 29330.77 ± 573.44, tokens seen: 598999040, grad norm: 0.4206
[iter 4580]loss: 3.8115, tokens/sec: 29330.85 ± 572.82, tokens seen: 600309760, grad norm: 0.4267
[iter 4590]loss: 3.0000, tokens/sec: 29330.92 ± 572.20, tokens seen: 601620480, grad norm: 0.3906
[iter 4600]loss: 3.2777, tokens/sec: 29331.00 ± 571.58, tokens seen: 602931200, grad norm: 0.4447
[iter 4610]loss: 3.3973, tokens/sec: 29331.07 ± 570.96, tokens seen: 604241920, grad norm: 0.4779
[iter 4620]loss: 3.4131, tokens/sec: 29331.16 ± 570.34, tokens seen: 605552640, grad norm: 0.4670
[iter 4630]loss: 3.4196, tokens/sec: 29331.23 ± 569.73, tokens seen: 606863360, grad norm: 0.4560
[iter 4640]loss: 3.4441, tokens/sec: 29331.30 ± 569.12, tokens seen: 608174080, grad norm: 0.4865
[iter 4650]loss: 3.3553, tokens/sec: 29331.36 ± 568.51, tokens seen: 609484800, grad norm: 0.4121
[iter 4660]loss: 3.3846, tokens/sec: 29331.43 ± 567.90, tokens seen: 610795520, grad norm: 0.4300
[iter 4670]loss: 3.5543, tokens/sec: 29331.50 ± 567.29, tokens seen: 612106240, grad norm: 0.4760
[iter 4680]loss: 3.5404, tokens/sec: 29331.56 ± 566.69, tokens seen: 613416960, grad norm: 0.4872
[iter 4690]loss: 3.7141, tokens/sec: 29331.63 ± 566.09, tokens seen: 614727680, grad norm: 0.4311
[iter 4700]loss: 3.6825, tokens/sec: 29331.69 ± 565.48, tokens seen: 616038400, grad norm: 0.4449
[iter 4710]loss: 3.7627, tokens/sec: 29331.76 ± 564.89, tokens seen: 617349120, grad norm: 0.4843
[iter 4720]loss: 3.6856, tokens/sec: 29331.84 ± 564.29, tokens seen: 618659840, grad norm: 0.5201
[iter 4730]loss: 3.4133, tokens/sec: 29331.90 ± 563.70, tokens seen: 619970560, grad norm: 0.4364
[iter 4740]loss: 3.6512, tokens/sec: 29331.96 ± 563.10, tokens seen: 621281280, grad norm: 0.3991
[iter 4750]loss: 3.5040, tokens/sec: 29332.01 ± 562.51, tokens seen: 622592000, grad norm: 0.4432
[iter 4760]loss: 3.5062, tokens/sec: 29332.07 ± 561.92, tokens seen: 623902720, grad norm: 0.4541
[iter 4770]loss: 3.5427, tokens/sec: 29330.73 ± 569.47, tokens seen: 625213440, grad norm: 0.4422
[iter 4780]loss: 3.4746, tokens/sec: 29330.80 ± 568.88, tokens seen: 626524160, grad norm: 0.4310
[iter 4790]loss: 3.7280, tokens/sec: 29330.87 ± 568.29, tokens seen: 627834880, grad norm: 0.4482
[iter 4800]loss: 3.4904, tokens/sec: 29330.94 ± 567.70, tokens seen: 629145600, grad norm: 0.4115
[iter 4810]loss: 3.2976, tokens/sec: 29331.01 ± 567.11, tokens seen: 630456320, grad norm: 0.4057
[iter 4820]loss: 3.5115, tokens/sec: 29331.08 ± 566.52, tokens seen: 631767040, grad norm: 0.4313
[iter 4830]loss: 3.2831, tokens/sec: 29331.15 ± 565.94, tokens seen: 633077760, grad norm: 0.5618
[iter 4840]loss: 3.3436, tokens/sec: 29331.23 ± 565.36, tokens seen: 634388480, grad norm: 0.4062
[iter 4850]loss: 3.3136, tokens/sec: 29331.30 ± 564.77, tokens seen: 635699200, grad norm: 0.3983
[iter 4860]loss: 3.3054, tokens/sec: 29331.37 ± 564.20, tokens seen: 637009920, grad norm: 0.3914
[iter 4870]loss: 3.4213, tokens/sec: 29331.43 ± 563.62, tokens seen: 638320640, grad norm: 0.4403
[iter 4880]loss: 3.0842, tokens/sec: 29331.50 ± 563.04, tokens seen: 639631360, grad norm: 0.4794
[iter 4890]loss: 3.4965, tokens/sec: 29331.56 ± 562.47, tokens seen: 640942080, grad norm: 0.4631
[iter 4900]loss: 3.8757, tokens/sec: 29331.63 ± 561.90, tokens seen: 642252800, grad norm: 0.4128
[iter 4910]loss: 3.5587, tokens/sec: 29330.79 ± 564.84, tokens seen: 643563520, grad norm: 0.5615
[iter 4920]loss: 3.4884, tokens/sec: 29330.85 ± 564.27, tokens seen: 644874240, grad norm: 0.4876
[iter 4930]loss: 3.5483, tokens/sec: 29330.91 ± 563.70, tokens seen: 646184960, grad norm: 0.4141
[iter 4940]loss: 3.5872, tokens/sec: 29330.99 ± 563.13, tokens seen: 647495680, grad norm: 0.5057
[iter 4950]loss: 3.5286, tokens/sec: 29331.07 ± 562.57, tokens seen: 648806400, grad norm: 0.4208
[iter 4960]loss: 3.4047, tokens/sec: 29331.13 ± 562.00, tokens seen: 650117120, grad norm: 0.4582
[iter 4970]loss: 3.5398, tokens/sec: 29331.19 ± 561.44, tokens seen: 651427840, grad norm: 0.4068
[iter 4980]loss: 3.3161, tokens/sec: 29331.25 ± 560.88, tokens seen: 652738560, grad norm: 0.3901
[iter 4990]loss: 3.4527, tokens/sec: 29331.31 ± 560.32, tokens seen: 654049280, grad norm: 0.4601
[step 5000]train loss: 3.4519, val loss: 3.4380, (avg train loss: 0.4310 ± 0.0174), (avg grad norm: 0.4321 ± 0.0395)
saving checkpoint to ./out-owt-large-mhc-group-lora-midnorm-bs8-25000step
[iter 5000]loss: 3.3696, tokens/sec: 29331.38 ± 559.76, tokens seen: 655360000, grad norm: 0.4101
[iter 5010]loss: 3.4463, tokens/sec: 29331.39 ± 559.20, tokens seen: 656670720, grad norm: 0.4199
[iter 5020]loss: 3.4641, tokens/sec: 29331.42 ± 558.64, tokens seen: 657981440, grad norm: 0.4091
[iter 5030]loss: 3.3957, tokens/sec: 29331.46 ± 558.09, tokens seen: 659292160, grad norm: 0.4166
[iter 5040]loss: 3.3674, tokens/sec: 29331.51 ± 557.54, tokens seen: 660602880, grad norm: 0.4423
[iter 5050]loss: 3.6755, tokens/sec: 29331.57 ± 556.99, tokens seen: 661913600, grad norm: 0.3684
[iter 5060]loss: 3.3715, tokens/sec: 29331.61 ± 556.44, tokens seen: 663224320, grad norm: 0.4049
[iter 5070]loss: 3.3009, tokens/sec: 29331.67 ± 555.89, tokens seen: 664535040, grad norm: 0.4508
[iter 5080]loss: 3.5137, tokens/sec: 29331.72 ± 555.34, tokens seen: 665845760, grad norm: 0.4288
[iter 5090]loss: 3.3478, tokens/sec: 29331.78 ± 554.80, tokens seen: 667156480, grad norm: 0.4539
[iter 5100]loss: 3.5960, tokens/sec: 29331.84 ± 554.26, tokens seen: 668467200, grad norm: 0.4129
[iter 5110]loss: 3.6548, tokens/sec: 29331.89 ± 553.72, tokens seen: 669777920, grad norm: 0.4497
[iter 5120]loss: 3.2483, tokens/sec: 29331.94 ± 553.18, tokens seen: 671088640, grad norm: 0.4052
[iter 5130]loss: 3.5520, tokens/sec: 29332.00 ± 552.64, tokens seen: 672399360, grad norm: 0.4948
[iter 5140]loss: 3.1831, tokens/sec: 29332.05 ± 552.10, tokens seen: 673710080, grad norm: 0.4382
[iter 5150]loss: 3.5531, tokens/sec: 29332.09 ± 551.57, tokens seen: 675020800, grad norm: 0.3955
[iter 5160]loss: 3.5185, tokens/sec: 29332.11 ± 551.03, tokens seen: 676331520, grad norm: 0.4082
[iter 5170]loss: 3.4707, tokens/sec: 29332.15 ± 550.50, tokens seen: 677642240, grad norm: 0.4432
[iter 5180]loss: 3.3305, tokens/sec: 29332.19 ± 549.97, tokens seen: 678952960, grad norm: 0.3987
[iter 5190]loss: 3.5113, tokens/sec: 29332.24 ± 549.44, tokens seen: 680263680, grad norm: 0.4257
[iter 5200]loss: 3.3498, tokens/sec: 29332.27 ± 548.91, tokens seen: 681574400, grad norm: 0.4543
[iter 5210]loss: 3.4876, tokens/sec: 29332.33 ± 548.39, tokens seen: 682885120, grad norm: 0.3958
[iter 5220]loss: 3.4874, tokens/sec: 29332.35 ± 547.87, tokens seen: 684195840, grad norm: 0.4744
[iter 5230]loss: 3.6062, tokens/sec: 29332.39 ± 547.34, tokens seen: 685506560, grad norm: 0.5980
[iter 5240]loss: 3.3592, tokens/sec: 29332.45 ± 546.82, tokens seen: 686817280, grad norm: 0.4364
[iter 5250]loss: 3.4456, tokens/sec: 29332.51 ± 546.30, tokens seen: 688128000, grad norm: 0.4948
[iter 5260]loss: 3.3281, tokens/sec: 29332.55 ± 545.78, tokens seen: 689438720, grad norm: 0.5035
[iter 5270]loss: 3.3188, tokens/sec: 29332.58 ± 545.27, tokens seen: 690749440, grad norm: 0.3806
[iter 5280]loss: 3.6222, tokens/sec: 29332.62 ± 544.75, tokens seen: 692060160, grad norm: 0.4068
[iter 5290]loss: 3.7355, tokens/sec: 29332.65 ± 544.24, tokens seen: 693370880, grad norm: 0.4220
[iter 5300]loss: 3.5341, tokens/sec: 29331.36 ± 551.86, tokens seen: 694681600, grad norm: 0.4153
[iter 5310]loss: 3.4194, tokens/sec: 29331.41 ± 551.34, tokens seen: 695992320, grad norm: 0.3994
[iter 5320]loss: 3.3078, tokens/sec: 29330.61 ± 554.30, tokens seen: 697303040, grad norm: 0.4227
[iter 5330]loss: 3.2432, tokens/sec: 29330.66 ± 553.78, tokens seen: 698613760, grad norm: 0.4167
[iter 5340]loss: 3.5678, tokens/sec: 29330.70 ± 553.27, tokens seen: 699924480, grad norm: 0.4103
[iter 5350]loss: 3.2715, tokens/sec: 29330.77 ± 552.75, tokens seen: 701235200, grad norm: 0.4495
[iter 5360]loss: 3.4223, tokens/sec: 29330.82 ± 552.24, tokens seen: 702545920, grad norm: 0.4579
[iter 5370]loss: 3.5036, tokens/sec: 29330.88 ± 551.72, tokens seen: 703856640, grad norm: 0.4336
[iter 5380]loss: 3.5525, tokens/sec: 29330.93 ± 551.21, tokens seen: 705167360, grad norm: 0.3871
[iter 5390]loss: 3.4668, tokens/sec: 29330.99 ± 550.70, tokens seen: 706478080, grad norm: 0.3809
[iter 5400]loss: 3.6430, tokens/sec: 29331.05 ± 550.19, tokens seen: 707788800, grad norm: 0.3819
[iter 5410]loss: 3.4694, tokens/sec: 29331.09 ± 549.69, tokens seen: 709099520, grad norm: 0.5091
[iter 5420]loss: 3.2850, tokens/sec: 29331.15 ± 549.18, tokens seen: 710410240, grad norm: 0.4106
[iter 5430]loss: 3.3166, tokens/sec: 29331.22 ± 548.68, tokens seen: 711720960, grad norm: 0.4050
[iter 5440]loss: 3.3838, tokens/sec: 29331.27 ± 548.18, tokens seen: 713031680, grad norm: 0.4088
[iter 5450]loss: 3.4966, tokens/sec: 29331.33 ± 547.67, tokens seen: 714342400, grad norm: 0.3986
[iter 5460]loss: 3.5401, tokens/sec: 29331.39 ± 547.17, tokens seen: 715653120, grad norm: 0.4309
[iter 5470]loss: 3.5130, tokens/sec: 29331.44 ± 546.68, tokens seen: 716963840, grad norm: 0.3860
[iter 5480]loss: 3.2749, tokens/sec: 29331.50 ± 546.18, tokens seen: 718274560, grad norm: 0.4234
[iter 5490]loss: 3.3856, tokens/sec: 29331.56 ± 545.68, tokens seen: 719585280, grad norm: 0.4715
[step 5500]train loss: 3.4156, val loss: 3.4163, (avg train loss: 0.4271 ± 0.0174), (avg grad norm: 0.4252 ± 0.0355)
saving checkpoint to ./out-owt-large-mhc-group-lora-midnorm-bs8-25000step
[iter 5500]loss: 2.9954, tokens/sec: 29331.59 ± 545.19, tokens seen: 720896000, grad norm: 0.4531
[iter 5510]loss: 3.4222, tokens/sec: 29331.65 ± 544.70, tokens seen: 722206720, grad norm: 0.3924
[iter 5520]loss: 3.3307, tokens/sec: 29331.71 ± 544.20, tokens seen: 723517440, grad norm: 0.4891
[iter 5530]loss: 3.2876, tokens/sec: 29331.77 ± 543.71, tokens seen: 724828160, grad norm: 0.4613
[iter 5540]loss: 3.2423, tokens/sec: 29331.83 ± 543.22, tokens seen: 726138880, grad norm: 0.3913
[iter 5550]loss: 3.2741, tokens/sec: 29331.88 ± 542.74, tokens seen: 727449600, grad norm: 0.4126
[iter 5560]loss: 3.4541, tokens/sec: 29331.94 ± 542.25, tokens seen: 728760320, grad norm: 0.4245
[iter 5570]loss: 3.2089, tokens/sec: 29331.99 ± 541.76, tokens seen: 730071040, grad norm: 0.4020
[iter 5580]loss: 3.3256, tokens/sec: 29332.04 ± 541.28, tokens seen: 731381760, grad norm: 0.4310
[iter 5590]loss: 3.3636, tokens/sec: 29332.10 ± 540.80, tokens seen: 732692480, grad norm: 0.4835
[iter 5600]loss: 3.2772, tokens/sec: 29332.15 ± 540.32, tokens seen: 734003200, grad norm: 0.4676
[iter 5610]loss: 3.5524, tokens/sec: 29332.21 ± 539.84, tokens seen: 735313920, grad norm: 0.4247
[iter 5620]loss: 3.3682, tokens/sec: 29332.27 ± 539.36, tokens seen: 736624640, grad norm: 0.4449
[iter 5630]loss: 3.3861, tokens/sec: 29332.31 ± 538.88, tokens seen: 737935360, grad norm: 0.4704
[iter 5640]loss: 3.2892, tokens/sec: 29332.37 ± 538.40, tokens seen: 739246080, grad norm: 0.5275
[iter 5650]loss: 3.3318, tokens/sec: 29332.43 ± 537.93, tokens seen: 740556800, grad norm: 0.4229
[iter 5660]loss: 3.4933, tokens/sec: 29332.49 ± 537.46, tokens seen: 741867520, grad norm: 0.4433
[iter 5670]loss: 3.1628, tokens/sec: 29332.54 ± 536.98, tokens seen: 743178240, grad norm: 0.5294
[iter 5680]loss: 3.5071, tokens/sec: 29332.60 ± 536.51, tokens seen: 744488960, grad norm: 0.4913
[iter 5690]loss: 3.2490, tokens/sec: 29332.65 ± 536.04, tokens seen: 745799680, grad norm: 0.4025
[iter 5700]loss: 3.0269, tokens/sec: 29332.70 ± 535.57, tokens seen: 747110400, grad norm: 0.4013
[iter 5710]loss: 3.4364, tokens/sec: 29332.75 ± 535.11, tokens seen: 748421120, grad norm: 0.4151
[iter 5720]loss: 3.2910, tokens/sec: 29332.81 ± 534.64, tokens seen: 749731840, grad norm: 0.4535
[iter 5730]loss: 3.1522, tokens/sec: 29332.86 ± 534.17, tokens seen: 751042560, grad norm: 0.4182
[iter 5740]loss: 3.4243, tokens/sec: 29332.09 ± 537.31, tokens seen: 752353280, grad norm: 0.3949
[iter 5750]loss: 3.4166, tokens/sec: 29332.14 ± 536.85, tokens seen: 753664000, grad norm: 0.4617
[iter 5760]loss: 3.3059, tokens/sec: 29332.21 ± 536.38, tokens seen: 754974720, grad norm: 0.4039
[iter 5770]loss: 3.4678, tokens/sec: 29332.26 ± 535.92, tokens seen: 756285440, grad norm: 0.4765
[iter 5780]loss: 3.5677, tokens/sec: 29332.31 ± 535.46, tokens seen: 757596160, grad norm: 0.4014
[iter 5790]loss: 3.5006, tokens/sec: 29332.38 ± 535.00, tokens seen: 758906880, grad norm: 0.4230
[iter 5800]loss: 3.5761, tokens/sec: 29332.43 ± 534.54, tokens seen: 760217600, grad norm: 0.4683
[iter 5810]loss: 3.3061, tokens/sec: 29332.49 ± 534.08, tokens seen: 761528320, grad norm: 0.4857
[iter 5820]loss: 3.1596, tokens/sec: 29331.43 ± 540.35, tokens seen: 762839040, grad norm: 0.4001
[iter 5830]loss: 3.4374, tokens/sec: 29331.46 ± 539.88, tokens seen: 764149760, grad norm: 0.3978
[iter 5840]loss: 3.4059, tokens/sec: 29331.51 ± 539.42, tokens seen: 765460480, grad norm: 0.4226
[iter 5850]loss: 3.4749, tokens/sec: 29331.56 ± 538.96, tokens seen: 766771200, grad norm: 0.3957
[iter 5860]loss: 3.4913, tokens/sec: 29331.61 ± 538.50, tokens seen: 768081920, grad norm: 0.3706
[iter 5870]loss: 3.3772, tokens/sec: 29331.66 ± 538.05, tokens seen: 769392640, grad norm: 0.4150
[iter 5880]loss: 3.4018, tokens/sec: 29331.70 ± 537.59, tokens seen: 770703360, grad norm: 0.4862
[iter 5890]loss: 3.0815, tokens/sec: 29331.76 ± 537.14, tokens seen: 772014080, grad norm: 0.5060
[iter 5900]loss: 3.5877, tokens/sec: 29331.81 ± 536.68, tokens seen: 773324800, grad norm: 0.4147
[iter 5910]loss: 3.1661, tokens/sec: 29331.85 ± 536.23, tokens seen: 774635520, grad norm: 0.4342
[iter 5920]loss: 3.2416, tokens/sec: 29331.90 ± 535.78, tokens seen: 775946240, grad norm: 0.3767
[iter 5930]loss: 3.2453, tokens/sec: 29331.95 ± 535.33, tokens seen: 777256960, grad norm: 0.4274
[iter 5940]loss: 3.4996, tokens/sec: 29332.00 ± 534.88, tokens seen: 778567680, grad norm: 0.4524
[iter 5950]loss: 3.3690, tokens/sec: 29332.04 ± 534.43, tokens seen: 779878400, grad norm: 0.4084
[iter 5960]loss: 3.3222, tokens/sec: 29332.07 ± 533.98, tokens seen: 781189120, grad norm: 0.3924
[iter 5970]loss: 3.2751, tokens/sec: 29332.12 ± 533.54, tokens seen: 782499840, grad norm: 0.4650
[iter 5980]loss: 3.5213, tokens/sec: 29332.17 ± 533.09, tokens seen: 783810560, grad norm: 0.4167
[iter 5990]loss: 3.2062, tokens/sec: 29332.23 ± 532.65, tokens seen: 785121280, grad norm: 0.4514
[step 6000]train loss: 3.3901, val loss: 3.3728, (avg train loss: 0.4212 ± 0.0180), (avg grad norm: 0.4344 ± 0.0390)
saving checkpoint to ./out-owt-large-mhc-group-lora-midnorm-bs8-25000step
[iter 6000]loss: 3.4336, tokens/sec: 29332.28 ± 532.21, tokens seen: 786432000, grad norm: 0.4295
[iter 6010]loss: 3.3054, tokens/sec: 29332.34 ± 531.77, tokens seen: 787742720, grad norm: 0.4791
[iter 6020]loss: 3.4524, tokens/sec: 29332.39 ± 531.32, tokens seen: 789053440, grad norm: 0.3865
[iter 6030]loss: 3.7151, tokens/sec: 29332.43 ± 530.88, tokens seen: 790364160, grad norm: 0.4150
[iter 6040]loss: 3.3037, tokens/sec: 29332.48 ± 530.45, tokens seen: 791674880, grad norm: 0.4941
[iter 6050]loss: 3.4813, tokens/sec: 29332.52 ± 530.01, tokens seen: 792985600, grad norm: 0.4109
[iter 6060]loss: 3.4621, tokens/sec: 29332.57 ± 529.57, tokens seen: 794296320, grad norm: 0.4026
[iter 6070]loss: 2.9672, tokens/sec: 29332.59 ± 529.14, tokens seen: 795607040, grad norm: 0.4516
[iter 6080]loss: 3.4219, tokens/sec: 29332.62 ± 528.70, tokens seen: 796917760, grad norm: 0.4837
[iter 6090]loss: 3.7282, tokens/sec: 29332.64 ± 528.27, tokens seen: 798228480, grad norm: 0.7059
[iter 6100]loss: 3.4082, tokens/sec: 29332.69 ± 527.84, tokens seen: 799539200, grad norm: 0.4579
[iter 6110]loss: 3.4437, tokens/sec: 29332.73 ± 527.41, tokens seen: 800849920, grad norm: 0.4614
[iter 6120]loss: 3.4811, tokens/sec: 29332.78 ± 526.98, tokens seen: 802160640, grad norm: 0.4213
[iter 6130]loss: 3.1680, tokens/sec: 29332.83 ± 526.55, tokens seen: 803471360, grad norm: 0.4460
[iter 6140]loss: 3.4418, tokens/sec: 29332.87 ± 526.12, tokens seen: 804782080, grad norm: 0.4119
[iter 6150]loss: 3.3298, tokens/sec: 29332.17 ± 528.83, tokens seen: 806092800, grad norm: 0.4328
[iter 6160]loss: 3.3725, tokens/sec: 29332.22 ± 528.41, tokens seen: 807403520, grad norm: 0.4196
[iter 6170]loss: 3.1163, tokens/sec: 29332.27 ± 527.98, tokens seen: 808714240, grad norm: 0.5762
[iter 6180]loss: 3.3903, tokens/sec: 29332.33 ± 527.55, tokens seen: 810024960, grad norm: 0.4304
[iter 6190]loss: 2.9636, tokens/sec: 29332.38 ± 527.13, tokens seen: 811335680, grad norm: 0.4789
[iter 6200]loss: 3.4018, tokens/sec: 29332.43 ± 526.71, tokens seen: 812646400, grad norm: 0.4172
[iter 6210]loss: 3.3219, tokens/sec: 29332.48 ± 526.28, tokens seen: 813957120, grad norm: 0.4364
[iter 6220]loss: 3.3075, tokens/sec: 29332.54 ± 525.86, tokens seen: 815267840, grad norm: 0.4669
[iter 6230]loss: 3.4204, tokens/sec: 29332.59 ± 525.44, tokens seen: 816578560, grad norm: 0.4594
[iter 6240]loss: 3.2726, tokens/sec: 29332.63 ± 525.02, tokens seen: 817889280, grad norm: 0.3783
[iter 6250]loss: 3.4729, tokens/sec: 29332.68 ± 524.60, tokens seen: 819200000, grad norm: 0.4566
[iter 6260]loss: 3.2757, tokens/sec: 29332.73 ± 524.19, tokens seen: 820510720, grad norm: 0.4355
[iter 6270]loss: 3.5969, tokens/sec: 29332.78 ± 523.77, tokens seen: 821821440, grad norm: 0.4444
[iter 6280]loss: 3.3225, tokens/sec: 29332.82 ± 523.35, tokens seen: 823132160, grad norm: 0.4673
[iter 6290]loss: 3.5430, tokens/sec: 29332.87 ± 522.94, tokens seen: 824442880, grad norm: 0.4210
[iter 6300]loss: 3.0800, tokens/sec: 29332.92 ± 522.52, tokens seen: 825753600, grad norm: 0.4467
[iter 6310]loss: 3.3584, tokens/sec: 29332.96 ± 522.11, tokens seen: 827064320, grad norm: 0.4149
[iter 6320]loss: 3.4154, tokens/sec: 29333.00 ± 521.70, tokens seen: 828375040, grad norm: 0.4649
[iter 6330]loss: 3.4393, tokens/sec: 29333.06 ± 521.29, tokens seen: 829685760, grad norm: 0.4237
[iter 6340]loss: 3.2139, tokens/sec: 29333.11 ± 520.88, tokens seen: 830996480, grad norm: 0.3956
[iter 6350]loss: 3.3616, tokens/sec: 29332.12 ± 526.91, tokens seen: 832307200, grad norm: 0.4092
[iter 6360]loss: 3.3062, tokens/sec: 29332.17 ± 526.50, tokens seen: 833617920, grad norm: 0.4188
[iter 6370]loss: 3.2828, tokens/sec: 29332.21 ± 526.09, tokens seen: 834928640, grad norm: 0.4413
[iter 6380]loss: 3.3694, tokens/sec: 29332.26 ± 525.68, tokens seen: 836239360, grad norm: 0.4372
[iter 6390]loss: 3.1922, tokens/sec: 29332.30 ± 525.27, tokens seen: 837550080, grad norm: 0.5028
[iter 6400]loss: 3.6420, tokens/sec: 29332.34 ± 524.86, tokens seen: 838860800, grad norm: 0.4234
[iter 6410]loss: 3.2989, tokens/sec: 29332.37 ± 524.45, tokens seen: 840171520, grad norm: 0.4172
[iter 6420]loss: 3.4521, tokens/sec: 29332.41 ± 524.04, tokens seen: 841482240, grad norm: 0.8452
[iter 6430]loss: 3.4246, tokens/sec: 29332.45 ± 523.64, tokens seen: 842792960, grad norm: 0.4048
[iter 6440]loss: 3.5307, tokens/sec: 29332.49 ± 523.23, tokens seen: 844103680, grad norm: 0.3888
[iter 6450]loss: 3.5234, tokens/sec: 29332.52 ± 522.83, tokens seen: 845414400, grad norm: 0.5514
[iter 6460]loss: 3.2066, tokens/sec: 29332.56 ± 522.42, tokens seen: 846725120, grad norm: 0.3777
[iter 6470]loss: 3.2877, tokens/sec: 29332.60 ± 522.02, tokens seen: 848035840, grad norm: 0.4597
[iter 6480]loss: 3.4952, tokens/sec: 29332.65 ± 521.62, tokens seen: 849346560, grad norm: 0.4490
[iter 6490]loss: 3.3000, tokens/sec: 29332.68 ± 521.22, tokens seen: 850657280, grad norm: 0.4629
[step 6500]train loss: 3.3410, val loss: 3.3690, (avg train loss: 0.4187 ± 0.0172), (avg grad norm: 0.4405 ± 0.0580)
saving checkpoint to ./out-owt-large-mhc-group-lora-midnorm-bs8-25000step
[iter 6500]loss: 3.2895, tokens/sec: 29332.73 ± 520.82, tokens seen: 851968000, grad norm: 0.4511
[iter 6510]loss: 3.3935, tokens/sec: 29332.77 ± 520.42, tokens seen: 853278720, grad norm: 0.4499
[iter 6520]loss: 3.2750, tokens/sec: 29332.80 ± 520.02, tokens seen: 854589440, grad norm: 0.4609
[iter 6530]loss: 3.2126, tokens/sec: 29332.83 ± 519.62, tokens seen: 855900160, grad norm: 0.3930
[iter 6540]loss: 3.3898, tokens/sec: 29332.87 ± 519.23, tokens seen: 857210880, grad norm: 0.4600
[iter 6550]loss: 3.3862, tokens/sec: 29332.92 ± 518.83, tokens seen: 858521600, grad norm: 0.4053
[iter 6560]loss: 2.9985, tokens/sec: 29332.94 ± 518.44, tokens seen: 859832320, grad norm: 0.4055
[iter 6570]loss: 3.3736, tokens/sec: 29332.30 ± 521.02, tokens seen: 861143040, grad norm: 0.3858
[iter 6580]loss: 3.3041, tokens/sec: 29332.34 ± 520.62, tokens seen: 862453760, grad norm: 0.4556
[iter 6590]loss: 3.1150, tokens/sec: 29332.39 ± 520.23, tokens seen: 863764480, grad norm: 0.4778
[iter 6600]loss: 3.4077, tokens/sec: 29332.44 ± 519.84, tokens seen: 865075200, grad norm: 0.4203
[iter 6610]loss: 3.2369, tokens/sec: 29332.48 ± 519.45, tokens seen: 866385920, grad norm: 0.4703
[iter 6620]loss: 3.5873, tokens/sec: 29332.52 ± 519.05, tokens seen: 867696640, grad norm: 0.5288
[iter 6630]loss: 3.1904, tokens/sec: 29332.57 ± 518.66, tokens seen: 869007360, grad norm: 0.4070
[iter 6640]loss: 3.2676, tokens/sec: 29332.62 ± 518.27, tokens seen: 870318080, grad norm: 0.5311
[iter 6650]loss: 3.2848, tokens/sec: 29332.66 ± 517.89, tokens seen: 871628800, grad norm: 0.4722
[iter 6660]loss: 3.1034, tokens/sec: 29332.70 ± 517.50, tokens seen: 872939520, grad norm: 0.5055
[iter 6670]loss: 3.2965, tokens/sec: 29332.74 ± 517.11, tokens seen: 874250240, grad norm: 0.4590
[iter 6680]loss: 3.5294, tokens/sec: 29332.79 ± 516.73, tokens seen: 875560960, grad norm: 0.4182
[iter 6690]loss: 3.3390, tokens/sec: 29332.84 ± 516.34, tokens seen: 876871680, grad norm: 0.4424
[iter 6700]loss: 3.1832, tokens/sec: 29332.89 ± 515.96, tokens seen: 878182400, grad norm: 0.6185
[iter 6710]loss: 3.1049, tokens/sec: 29332.93 ± 515.57, tokens seen: 879493120, grad norm: 0.4070
[iter 6720]loss: 3.1736, tokens/sec: 29332.97 ± 515.19, tokens seen: 880803840, grad norm: 0.4068
[iter 6730]loss: 3.3575, tokens/sec: 29333.00 ± 514.81, tokens seen: 882114560, grad norm: 0.4508
[iter 6740]loss: 3.3234, tokens/sec: 29333.04 ± 514.43, tokens seen: 883425280, grad norm: 0.4752
[iter 6750]loss: 3.3404, tokens/sec: 29333.08 ± 514.05, tokens seen: 884736000, grad norm: 0.4666
[iter 6760]loss: 3.3353, tokens/sec: 29333.11 ± 513.67, tokens seen: 886046720, grad norm: 0.4500
[iter 6770]loss: 3.2165, tokens/sec: 29333.15 ± 513.29, tokens seen: 887357440, grad norm: 0.4292
[iter 6780]loss: 3.3159, tokens/sec: 29333.19 ± 512.91, tokens seen: 888668160, grad norm: 0.5622
[iter 6790]loss: 3.3107, tokens/sec: 29333.22 ± 512.54, tokens seen: 889978880, grad norm: 0.4557
[iter 6800]loss: 3.2391, tokens/sec: 29333.26 ± 512.16, tokens seen: 891289600, grad norm: 0.5083
[iter 6810]loss: 3.2491, tokens/sec: 29333.31 ± 511.79, tokens seen: 892600320, grad norm: 0.4159
[iter 6820]loss: 3.4517, tokens/sec: 29333.35 ± 511.41, tokens seen: 893911040, grad norm: 0.4111
[iter 6830]loss: 3.0121, tokens/sec: 29333.39 ± 511.04, tokens seen: 895221760, grad norm: 0.4459
[iter 6840]loss: 3.3114, tokens/sec: 29333.44 ± 510.67, tokens seen: 896532480, grad norm: 0.4209
[iter 6850]loss: 3.2367, tokens/sec: 29333.48 ± 510.29, tokens seen: 897843200, grad norm: 0.4688
[iter 6860]loss: 3.2744, tokens/sec: 29333.52 ± 509.92, tokens seen: 899153920, grad norm: 0.4084
[iter 6870]loss: 3.4533, tokens/sec: 29333.56 ± 509.55, tokens seen: 900464640, grad norm: 0.6317
[iter 6880]loss: 3.2394, tokens/sec: 29332.63 ± 515.15, tokens seen: 901775360, grad norm: 0.4931
[iter 6890]loss: 3.4579, tokens/sec: 29332.67 ± 514.78, tokens seen: 903086080, grad norm: 0.4612
[iter 6900]loss: 3.2692, tokens/sec: 29332.71 ± 514.40, tokens seen: 904396800, grad norm: 0.5534
[iter 6910]loss: 3.2923, tokens/sec: 29332.76 ± 514.03, tokens seen: 905707520, grad norm: 0.5177
[iter 6920]loss: 3.0361, tokens/sec: 29332.79 ± 513.66, tokens seen: 907018240, grad norm: 0.4394
[iter 6930]loss: 3.4481, tokens/sec: 29332.84 ± 513.29, tokens seen: 908328960, grad norm: 0.4143
[iter 6940]loss: 3.0908, tokens/sec: 29332.87 ± 512.92, tokens seen: 909639680, grad norm: 0.6098
[iter 6950]loss: 3.2572, tokens/sec: 29332.91 ± 512.56, tokens seen: 910950400, grad norm: 0.4517
[iter 6960]loss: 3.5207, tokens/sec: 29332.95 ± 512.19, tokens seen: 912261120, grad norm: 0.5949
[iter 6970]loss: 3.3619, tokens/sec: 29332.98 ± 511.82, tokens seen: 913571840, grad norm: 0.5455
[iter 6980]loss: 3.4096, tokens/sec: 29333.03 ± 511.46, tokens seen: 914882560, grad norm: 0.3912
[iter 6990]loss: 3.2664, tokens/sec: 29332.42 ± 513.93, tokens seen: 916193280, grad norm: 0.4969
[step 7000]train loss: 3.3015, val loss: 3.3368, (avg train loss: 0.4148 ± 0.0180), (avg grad norm: 0.4951 ± 0.1693)
saving checkpoint to ./out-owt-large-mhc-group-lora-midnorm-bs8-25000step
[iter 7000]loss: 3.1917, tokens/sec: 29332.46 ± 513.56, tokens seen: 917504000, grad norm: 0.4628
[iter 7010]loss: 3.3987, tokens/sec: 29332.51 ± 513.20, tokens seen: 918814720, grad norm: 0.4387
[iter 7020]loss: 3.5121, tokens/sec: 29332.54 ± 512.83, tokens seen: 920125440, grad norm: 0.4163
[iter 7030]loss: 3.3370, tokens/sec: 29332.59 ± 512.47, tokens seen: 921436160, grad norm: 0.4252
[iter 7040]loss: 3.2297, tokens/sec: 29332.64 ± 512.11, tokens seen: 922746880, grad norm: 0.4503
[iter 7050]loss: 3.5363, tokens/sec: 29332.68 ± 511.75, tokens seen: 924057600, grad norm: 0.4280
[iter 7060]loss: 3.4197, tokens/sec: 29332.72 ± 511.38, tokens seen: 925368320, grad norm: 0.4505
[iter 7070]loss: 3.4487, tokens/sec: 29332.77 ± 511.02, tokens seen: 926679040, grad norm: 0.4572
[iter 7080]loss: 3.3911, tokens/sec: 29332.81 ± 510.66, tokens seen: 927989760, grad norm: 0.4409
[iter 7090]loss: 3.2132, tokens/sec: 29332.86 ± 510.31, tokens seen: 929300480, grad norm: 0.5379
[iter 7100]loss: 3.3756, tokens/sec: 29332.89 ± 509.95, tokens seen: 930611200, grad norm: 0.4657
[iter 7110]loss: 3.5352, tokens/sec: 29332.91 ± 509.59, tokens seen: 931921920, grad norm: 0.4631
[iter 7120]loss: 3.3319, tokens/sec: 29332.94 ± 509.23, tokens seen: 933232640, grad norm: 0.4297
[iter 7130]loss: 2.9455, tokens/sec: 29332.97 ± 508.88, tokens seen: 934543360, grad norm: 0.4588
[iter 7140]loss: 3.5451, tokens/sec: 29333.01 ± 508.52, tokens seen: 935854080, grad norm: 0.4112
[iter 7150]loss: 3.1218, tokens/sec: 29333.04 ± 508.17, tokens seen: 937164800, grad norm: 0.4253
[iter 7160]loss: 3.1015, tokens/sec: 29333.08 ± 507.81, tokens seen: 938475520, grad norm: 0.5264
[iter 7170]loss: 3.2510, tokens/sec: 29333.12 ± 507.46, tokens seen: 939786240, grad norm: 0.5041
[iter 7180]loss: 3.2902, tokens/sec: 29333.16 ± 507.11, tokens seen: 941096960, grad norm: 0.4215
[iter 7190]loss: 3.0274, tokens/sec: 29333.19 ± 506.75, tokens seen: 942407680, grad norm: 0.4572
[iter 7200]loss: 3.1628, tokens/sec: 29333.22 ± 506.40, tokens seen: 943718400, grad norm: 0.5345
[iter 7210]loss: 3.3867, tokens/sec: 29333.25 ± 506.05, tokens seen: 945029120, grad norm: 0.4204
[iter 7220]loss: 3.3615, tokens/sec: 29333.29 ± 505.70, tokens seen: 946339840, grad norm: 0.4494
[iter 7230]loss: 3.3695, tokens/sec: 29333.32 ± 505.35, tokens seen: 947650560, grad norm: 0.4251
[iter 7240]loss: 3.4105, tokens/sec: 29333.36 ± 505.01, tokens seen: 948961280, grad norm: 0.4596
[iter 7250]loss: 3.2266, tokens/sec: 29333.39 ± 504.66, tokens seen: 950272000, grad norm: 1.1976
[iter 7260]loss: 3.2964, tokens/sec: 29333.42 ± 504.31, tokens seen: 951582720, grad norm: 0.4170
[iter 7270]loss: 3.4488, tokens/sec: 29333.46 ± 503.97, tokens seen: 952893440, grad norm: 0.4258
[iter 7280]loss: 3.3468, tokens/sec: 29333.50 ± 503.62, tokens seen: 954204160, grad norm: 0.6062
[iter 7290]loss: 3.2827, tokens/sec: 29333.53 ± 503.28, tokens seen: 955514880, grad norm: 0.4093
[iter 7300]loss: 3.5112, tokens/sec: 29333.56 ± 502.93, tokens seen: 956825600, grad norm: 0.4875
[iter 7310]loss: 3.2611, tokens/sec: 29333.60 ± 502.59, tokens seen: 958136320, grad norm: 0.3964
[iter 7320]loss: 3.2960, tokens/sec: 29333.64 ± 502.25, tokens seen: 959447040, grad norm: 0.4551
[iter 7330]loss: 3.3466, tokens/sec: 29333.68 ± 501.91, tokens seen: 960757760, grad norm: 0.4664
[iter 7340]loss: 3.3190, tokens/sec: 29333.72 ± 501.57, tokens seen: 962068480, grad norm: 0.5187
[iter 7350]loss: 3.4682, tokens/sec: 29333.75 ± 501.22, tokens seen: 963379200, grad norm: 0.5198
[iter 7360]loss: 3.3101, tokens/sec: 29333.78 ± 500.89, tokens seen: 964689920, grad norm: 0.5020
[iter 7370]loss: 3.2539, tokens/sec: 29333.82 ± 500.55, tokens seen: 966000640, grad norm: 0.4311
[iter 7380]loss: 3.1334, tokens/sec: 29333.86 ± 500.21, tokens seen: 967311360, grad norm: 0.5242
[iter 7390]loss: 3.1360, tokens/sec: 29333.90 ± 499.87, tokens seen: 968622080, grad norm: 0.4399
[iter 7400]loss: 3.2756, tokens/sec: 29332.42 ± 508.17, tokens seen: 969932800, grad norm: 0.4272
[iter 7410]loss: 3.3426, tokens/sec: 29332.45 ± 507.83, tokens seen: 971243520, grad norm: 0.7888
[iter 7420]loss: 3.3214, tokens/sec: 29332.51 ± 507.49, tokens seen: 972554240, grad norm: 0.4734
[iter 7430]loss: 3.4156, tokens/sec: 29332.55 ± 507.14, tokens seen: 973864960, grad norm: 0.4296
[iter 7440]loss: 3.3222, tokens/sec: 29332.57 ± 506.80, tokens seen: 975175680, grad norm: 0.5564
[iter 7450]loss: 3.2872, tokens/sec: 29332.60 ± 506.47, tokens seen: 976486400, grad norm: 0.4230
[iter 7460]loss: 3.5046, tokens/sec: 29332.63 ± 506.13, tokens seen: 977797120, grad norm: 0.5047
[iter 7470]loss: 3.5044, tokens/sec: 29332.67 ± 505.79, tokens seen: 979107840, grad norm: 0.4626
[iter 7480]loss: 3.1046, tokens/sec: 29332.70 ± 505.45, tokens seen: 980418560, grad norm: 0.4142
[iter 7490]loss: 3.0494, tokens/sec: 29332.74 ± 505.12, tokens seen: 981729280, grad norm: 0.4494
[step 7500]train loss: 3.2962, val loss: 3.2920, (avg train loss: 0.4126 ± 0.0186), (avg grad norm: 0.4772 ± 0.0676)
saving checkpoint to ./out-owt-large-mhc-group-lora-midnorm-bs8-25000step
[iter 7500]loss: 3.4692, tokens/sec: 29332.79 ± 504.78, tokens seen: 983040000, grad norm: 0.4658
[iter 7510]loss: 3.4026, tokens/sec: 29332.83 ± 504.45, tokens seen: 984350720, grad norm: 0.4319
[iter 7520]loss: 3.0693, tokens/sec: 29332.86 ± 504.11, tokens seen: 985661440, grad norm: 0.4889
[iter 7530]loss: 3.0453, tokens/sec: 29332.90 ± 503.78, tokens seen: 986972160, grad norm: 0.4402
[iter 7540]loss: 3.3362, tokens/sec: 29332.94 ± 503.45, tokens seen: 988282880, grad norm: 0.4028
[iter 7550]loss: 3.2670, tokens/sec: 29332.98 ± 503.11, tokens seen: 989593600, grad norm: 0.5835
[iter 7560]loss: 3.4522, tokens/sec: 29333.02 ± 502.78, tokens seen: 990904320, grad norm: 0.4790
[iter 7570]loss: 3.0766, tokens/sec: 29333.06 ± 502.45, tokens seen: 992215040, grad norm: 0.4659
[iter 7580]loss: 3.4451, tokens/sec: 29333.10 ± 502.12, tokens seen: 993525760, grad norm: 0.4144
[iter 7590]loss: 2.9726, tokens/sec: 29333.13 ± 501.79, tokens seen: 994836480, grad norm: 0.4446
[iter 7600]loss: 3.1118, tokens/sec: 29333.17 ± 501.46, tokens seen: 996147200, grad norm: 0.6223
[iter 7610]loss: 3.1985, tokens/sec: 29333.20 ± 501.13, tokens seen: 997457920, grad norm: 0.5022
[iter 7620]loss: 3.4848, tokens/sec: 29333.23 ± 500.80, tokens seen: 998768640, grad norm: 0.4257
[iter 7630]loss: 3.0904, tokens/sec: 29333.27 ± 500.48, tokens seen: 1000079360, grad norm: 0.3971
[iter 7640]loss: 3.1842, tokens/sec: 29333.30 ± 500.15, tokens seen: 1001390080, grad norm: 0.7273
[iter 7650]loss: 3.3151, tokens/sec: 29333.34 ± 499.82, tokens seen: 1002700800, grad norm: 0.6512
[iter 7660]loss: 3.3802, tokens/sec: 29333.37 ± 499.50, tokens seen: 1004011520, grad norm: 0.5125
[iter 7670]loss: 3.3110, tokens/sec: 29333.41 ± 499.17, tokens seen: 1005322240, grad norm: 0.4248
[iter 7680]loss: 3.2671, tokens/sec: 29333.44 ± 498.85, tokens seen: 1006632960, grad norm: 0.5903
[iter 7690]loss: 3.2807, tokens/sec: 29333.48 ± 498.53, tokens seen: 1007943680, grad norm: 0.4477
[iter 7700]loss: 3.5578, tokens/sec: 29333.52 ± 498.20, tokens seen: 1009254400, grad norm: 0.4386
[iter 7710]loss: 3.3245, tokens/sec: 29333.56 ± 497.88, tokens seen: 1010565120, grad norm: 0.5250
[iter 7720]loss: 3.3319, tokens/sec: 29333.60 ± 497.56, tokens seen: 1011875840, grad norm: 0.4764
[iter 7730]loss: 3.3706, tokens/sec: 29333.64 ± 497.24, tokens seen: 1013186560, grad norm: 0.4800
[iter 7740]loss: 3.1469, tokens/sec: 29333.68 ± 496.92, tokens seen: 1014497280, grad norm: 0.5162
[iter 7750]loss: 3.3093, tokens/sec: 29333.72 ± 496.60, tokens seen: 1015808000, grad norm: 0.5238
[iter 7760]loss: 3.3242, tokens/sec: 29333.76 ± 496.28, tokens seen: 1017118720, grad norm: 0.4255
[iter 7770]loss: 3.3618, tokens/sec: 29333.80 ± 495.96, tokens seen: 1018429440, grad norm: 0.5835
[iter 7780]loss: 3.2081, tokens/sec: 29333.84 ± 495.65, tokens seen: 1019740160, grad norm: 0.5938
[iter 7790]loss: 3.4579, tokens/sec: 29333.87 ± 495.33, tokens seen: 1021050880, grad norm: 0.4394
[iter 7800]loss: 3.3519, tokens/sec: 29333.91 ± 495.01, tokens seen: 1022361600, grad norm: 0.4282
[iter 7810]loss: 3.3077, tokens/sec: 29333.95 ± 494.70, tokens seen: 1023672320, grad norm: 0.5648
[iter 7820]loss: 3.3911, tokens/sec: 29333.41 ± 497.01, tokens seen: 1024983040, grad norm: 0.4340
[iter 7830]loss: 3.1778, tokens/sec: 29333.45 ± 496.70, tokens seen: 1026293760, grad norm: 0.5005
[iter 7840]loss: 3.1913, tokens/sec: 29333.48 ± 496.38, tokens seen: 1027604480, grad norm: 0.4687
[iter 7850]loss: 3.2797, tokens/sec: 29333.52 ± 496.07, tokens seen: 1028915200, grad norm: 0.4573
[iter 7860]loss: 3.2778, tokens/sec: 29333.56 ± 495.75, tokens seen: 1030225920, grad norm: 0.4758
[iter 7870]loss: 3.2284, tokens/sec: 29333.60 ± 495.44, tokens seen: 1031536640, grad norm: 0.5121
[iter 7880]loss: 3.2169, tokens/sec: 29333.64 ± 495.12, tokens seen: 1032847360, grad norm: 0.4039
[iter 7890]loss: 3.1640, tokens/sec: 29333.68 ± 494.81, tokens seen: 1034158080, grad norm: 0.4613
[iter 7900]loss: 3.3656, tokens/sec: 29333.71 ± 494.50, tokens seen: 1035468800, grad norm: 0.4528
[iter 7910]loss: 3.3375, tokens/sec: 29333.74 ± 494.19, tokens seen: 1036779520, grad norm: 0.4806
[iter 7920]loss: 3.5643, tokens/sec: 29333.78 ± 493.88, tokens seen: 1038090240, grad norm: 0.4550
[iter 7930]loss: 3.2517, tokens/sec: 29332.98 ± 499.13, tokens seen: 1039400960, grad norm: 0.4536
[iter 7940]loss: 3.2906, tokens/sec: 29333.01 ± 498.82, tokens seen: 1040711680, grad norm: 0.5258
[iter 7950]loss: 3.3819, tokens/sec: 29333.05 ± 498.50, tokens seen: 1042022400, grad norm: 0.6852
[iter 7960]loss: 3.3109, tokens/sec: 29333.08 ± 498.19, tokens seen: 1043333120, grad norm: 0.4136
[iter 7970]loss: 3.4446, tokens/sec: 29333.12 ± 497.88, tokens seen: 1044643840, grad norm: 0.4246
[iter 7980]loss: 3.3961, tokens/sec: 29333.15 ± 497.57, tokens seen: 1045954560, grad norm: 0.4010
[iter 7990]loss: 3.3034, tokens/sec: 29333.19 ± 497.26, tokens seen: 1047265280, grad norm: 0.5649
[step 8000]train loss: 3.2673, val loss: 3.2861, (avg train loss: 0.4098 ± 0.0152), (avg grad norm: 0.4798 ± 0.0667)
saving checkpoint to ./out-owt-large-mhc-group-lora-midnorm-bs8-25000step
[iter 8000]loss: 3.0914, tokens/sec: 29333.22 ± 496.95, tokens seen: 1048576000, grad norm: 0.5766
[iter 8010]loss: 3.3068, tokens/sec: 29333.25 ± 496.64, tokens seen: 1049886720, grad norm: 0.4325
[iter 8020]loss: 2.8092, tokens/sec: 29333.28 ± 496.33, tokens seen: 1051197440, grad norm: 0.4898
[iter 8030]loss: 3.2756, tokens/sec: 29333.32 ± 496.02, tokens seen: 1052508160, grad norm: 0.4759
[iter 8040]loss: 3.5698, tokens/sec: 29333.36 ± 495.72, tokens seen: 1053818880, grad norm: 0.5007
[iter 8050]loss: 3.5841, tokens/sec: 29333.39 ± 495.41, tokens seen: 1055129600, grad norm: 0.4873
[iter 8060]loss: 3.3353, tokens/sec: 29333.43 ± 495.10, tokens seen: 1056440320, grad norm: 0.5548
[iter 8070]loss: 3.1933, tokens/sec: 29333.46 ± 494.80, tokens seen: 1057751040, grad norm: 0.5855
[iter 8080]loss: 3.2592, tokens/sec: 29333.50 ± 494.49, tokens seen: 1059061760, grad norm: 0.5089
[iter 8090]loss: 3.7301, tokens/sec: 29333.53 ± 494.19, tokens seen: 1060372480, grad norm: 0.4988
[iter 8100]loss: 3.3597, tokens/sec: 29333.57 ± 493.88, tokens seen: 1061683200, grad norm: 0.5126
[iter 8110]loss: 3.3187, tokens/sec: 29333.60 ± 493.58, tokens seen: 1062993920, grad norm: 0.5747
[iter 8120]loss: 3.3765, tokens/sec: 29333.64 ± 493.28, tokens seen: 1064304640, grad norm: 0.6290
[iter 8130]loss: 3.0974, tokens/sec: 29333.68 ± 492.97, tokens seen: 1065615360, grad norm: 0.6280
[iter 8140]loss: 3.3254, tokens/sec: 29333.72 ± 492.67, tokens seen: 1066926080, grad norm: 0.4710
[iter 8150]loss: 2.9900, tokens/sec: 29333.76 ± 492.37, tokens seen: 1068236800, grad norm: 0.4395
[iter 8160]loss: 3.3484, tokens/sec: 29333.79 ± 492.07, tokens seen: 1069547520, grad norm: 0.4086
[iter 8170]loss: 2.9418, tokens/sec: 29333.82 ± 491.77, tokens seen: 1070858240, grad norm: 0.4565
[iter 8180]loss: 3.3297, tokens/sec: 29333.85 ± 491.47, tokens seen: 1072168960, grad norm: 0.4085
[iter 8190]loss: 3.5368, tokens/sec: 29333.89 ± 491.17, tokens seen: 1073479680, grad norm: 0.4667
[iter 8200]loss: 3.1279, tokens/sec: 29333.93 ± 490.87, tokens seen: 1074790400, grad norm: 0.5175
[iter 8210]loss: 3.2273, tokens/sec: 29333.97 ± 490.58, tokens seen: 1076101120, grad norm: 0.4510
[iter 8220]loss: 3.3854, tokens/sec: 29334.00 ± 490.28, tokens seen: 1077411840, grad norm: 0.4748
[iter 8230]loss: 3.1289, tokens/sec: 29333.49 ± 492.45, tokens seen: 1078722560, grad norm: 0.4547
[iter 8240]loss: 3.0529, tokens/sec: 29333.52 ± 492.15, tokens seen: 1080033280, grad norm: 0.4945
[iter 8250]loss: 2.9824, tokens/sec: 29333.56 ± 491.85, tokens seen: 1081344000, grad norm: 0.6080
[iter 8260]loss: 3.3919, tokens/sec: 29333.59 ± 491.55, tokens seen: 1082654720, grad norm: 0.4454
[iter 8270]loss: 3.2586, tokens/sec: 29333.63 ± 491.26, tokens seen: 1083965440, grad norm: 0.4445
[iter 8280]loss: 3.3227, tokens/sec: 29333.66 ± 490.96, tokens seen: 1085276160, grad norm: 0.6821
[iter 8290]loss: 3.5054, tokens/sec: 29333.70 ± 490.67, tokens seen: 1086586880, grad norm: 0.4137
[iter 8300]loss: 3.4731, tokens/sec: 29333.73 ± 490.37, tokens seen: 1087897600, grad norm: 0.4924
[iter 8310]loss: 3.3791, tokens/sec: 29333.77 ± 490.08, tokens seen: 1089208320, grad norm: 0.4299
[iter 8320]loss: 3.2631, tokens/sec: 29333.80 ± 489.79, tokens seen: 1090519040, grad norm: 0.6593
[iter 8330]loss: 3.1298, tokens/sec: 29333.84 ± 489.49, tokens seen: 1091829760, grad norm: 0.4996
[iter 8340]loss: 3.3301, tokens/sec: 29333.87 ± 489.20, tokens seen: 1093140480, grad norm: 0.5371
[iter 8350]loss: 3.4432, tokens/sec: 29333.91 ± 488.91, tokens seen: 1094451200, grad norm: 0.4297
[iter 8360]loss: 3.3142, tokens/sec: 29333.94 ± 488.62, tokens seen: 1095761920, grad norm: 0.6147
[iter 8370]loss: 3.2806, tokens/sec: 29333.97 ± 488.33, tokens seen: 1097072640, grad norm: 0.4364
[iter 8380]loss: 3.3395, tokens/sec: 29334.01 ± 488.04, tokens seen: 1098383360, grad norm: 0.4594
[iter 8390]loss: 3.3586, tokens/sec: 29334.04 ± 487.75, tokens seen: 1099694080, grad norm: 0.4523
[iter 8400]loss: 3.1953, tokens/sec: 29334.08 ± 487.46, tokens seen: 1101004800, grad norm: 0.4918
[iter 8410]loss: 3.2705, tokens/sec: 29334.12 ± 487.17, tokens seen: 1102315520, grad norm: 0.4649
[iter 8420]loss: 3.3432, tokens/sec: 29334.15 ± 486.88, tokens seen: 1103626240, grad norm: 0.4711
[iter 8430]loss: 3.3312, tokens/sec: 29334.18 ± 486.59, tokens seen: 1104936960, grad norm: 0.5094
[iter 8440]loss: 3.4205, tokens/sec: 29334.22 ± 486.30, tokens seen: 1106247680, grad norm: 0.4762
[iter 8450]loss: 3.5164, tokens/sec: 29334.25 ± 486.02, tokens seen: 1107558400, grad norm: 0.4134
[iter 8460]loss: 3.2693, tokens/sec: 29333.51 ± 490.91, tokens seen: 1108869120, grad norm: 0.5713
[iter 8470]loss: 3.1063, tokens/sec: 29333.54 ± 490.62, tokens seen: 1110179840, grad norm: 0.4555
[iter 8480]loss: 3.3660, tokens/sec: 29333.58 ± 490.33, tokens seen: 1111490560, grad norm: 0.4247
[iter 8490]loss: 3.2234, tokens/sec: 29333.61 ± 490.04, tokens seen: 1112801280, grad norm: 0.4362
[step 8500]train loss: 3.2525, val loss: 3.2683, (avg train loss: 0.4059 ± 0.0165), (avg grad norm: 0.5036 ± 0.0911)
saving checkpoint to ./out-owt-large-mhc-group-lora-midnorm-bs8-25000step
[iter 8500]loss: 3.0650, tokens/sec: 29333.65 ± 489.76, tokens seen: 1114112000, grad norm: 0.5203
[iter 8510]loss: 3.2538, tokens/sec: 29333.68 ± 489.47, tokens seen: 1115422720, grad norm: 0.4326
[iter 8520]loss: 3.1319, tokens/sec: 29333.72 ± 489.18, tokens seen: 1116733440, grad norm: 0.5500
[iter 8530]loss: 3.3695, tokens/sec: 29333.75 ± 488.90, tokens seen: 1118044160, grad norm: 0.5147
[iter 8540]loss: 3.2276, tokens/sec: 29333.79 ± 488.61, tokens seen: 1119354880, grad norm: 0.5743
[iter 8550]loss: 3.2840, tokens/sec: 29333.82 ± 488.33, tokens seen: 1120665600, grad norm: 0.4198
[iter 8560]loss: 3.3329, tokens/sec: 29333.85 ± 488.04, tokens seen: 1121976320, grad norm: 0.5103
[iter 8570]loss: 3.1773, tokens/sec: 29333.88 ± 487.76, tokens seen: 1123287040, grad norm: 0.7032
[iter 8580]loss: 3.2670, tokens/sec: 29333.92 ± 487.48, tokens seen: 1124597760, grad norm: 0.4409
[iter 8590]loss: 3.2429, tokens/sec: 29333.95 ± 487.19, tokens seen: 1125908480, grad norm: 0.7177
[iter 8600]loss: 3.1266, tokens/sec: 29333.99 ± 486.91, tokens seen: 1127219200, grad norm: 0.4344
[iter 8610]loss: 3.6223, tokens/sec: 29334.02 ± 486.63, tokens seen: 1128529920, grad norm: 0.5487
[iter 8620]loss: 3.1352, tokens/sec: 29334.05 ± 486.35, tokens seen: 1129840640, grad norm: 0.4465
[iter 8630]loss: 3.2849, tokens/sec: 29334.09 ± 486.07, tokens seen: 1131151360, grad norm: 0.4678
[iter 8640]loss: 3.2126, tokens/sec: 29334.12 ± 485.79, tokens seen: 1132462080, grad norm: 0.8020
[iter 8650]loss: 3.4217, tokens/sec: 29333.63 ± 487.88, tokens seen: 1133772800, grad norm: 0.4854
[iter 8660]loss: 3.4056, tokens/sec: 29333.66 ± 487.60, tokens seen: 1135083520, grad norm: 0.5871
[iter 8670]loss: 3.2723, tokens/sec: 29333.70 ± 487.32, tokens seen: 1136394240, grad norm: 0.4984
[iter 8680]loss: 3.1281, tokens/sec: 29333.73 ± 487.04, tokens seen: 1137704960, grad norm: 0.4725
[iter 8690]loss: 3.3369, tokens/sec: 29333.77 ± 486.76, tokens seen: 1139015680, grad norm: 0.4463
[iter 8700]loss: 3.1343, tokens/sec: 29333.80 ± 486.48, tokens seen: 1140326400, grad norm: 0.5209
[iter 8710]loss: 3.2110, tokens/sec: 29333.83 ± 486.20, tokens seen: 1141637120, grad norm: 0.4228
[iter 8720]loss: 3.2550, tokens/sec: 29333.87 ± 485.93, tokens seen: 1142947840, grad norm: 0.5094
[iter 8730]loss: 3.3485, tokens/sec: 29333.90 ± 485.65, tokens seen: 1144258560, grad norm: 0.4297
[iter 8740]loss: 3.1189, tokens/sec: 29333.93 ± 485.37, tokens seen: 1145569280, grad norm: 0.4377
[iter 8750]loss: 3.1673, tokens/sec: 29333.96 ± 485.10, tokens seen: 1146880000, grad norm: 0.4830
[iter 8760]loss: 3.0366, tokens/sec: 29333.99 ± 484.82, tokens seen: 1148190720, grad norm: 0.4704
[iter 8770]loss: 3.3099, tokens/sec: 29334.02 ± 484.54, tokens seen: 1149501440, grad norm: 0.4530
[iter 8780]loss: 3.1981, tokens/sec: 29334.06 ± 484.27, tokens seen: 1150812160, grad norm: 0.5452
[iter 8790]loss: 3.3359, tokens/sec: 29334.09 ± 483.99, tokens seen: 1152122880, grad norm: 0.4998
[iter 8800]loss: 3.1462, tokens/sec: 29334.12 ± 483.72, tokens seen: 1153433600, grad norm: 0.4406
[iter 8810]loss: 3.3234, tokens/sec: 29334.16 ± 483.45, tokens seen: 1154744320, grad norm: 0.5622
[iter 8820]loss: 3.2309, tokens/sec: 29334.19 ± 483.17, tokens seen: 1156055040, grad norm: 0.6303
[iter 8830]loss: 3.2298, tokens/sec: 29334.22 ± 482.90, tokens seen: 1157365760, grad norm: 0.4920
[iter 8840]loss: 3.3123, tokens/sec: 29334.25 ± 482.63, tokens seen: 1158676480, grad norm: 0.4940
[iter 8850]loss: 3.2181, tokens/sec: 29334.28 ± 482.36, tokens seen: 1159987200, grad norm: 0.5908
[iter 8860]loss: 3.1446, tokens/sec: 29334.32 ± 482.09, tokens seen: 1161297920, grad norm: 0.4672
[iter 8870]loss: 3.3134, tokens/sec: 29334.35 ± 481.82, tokens seen: 1162608640, grad norm: 0.4346
[iter 8880]loss: 3.2161, tokens/sec: 29334.38 ± 481.54, tokens seen: 1163919360, grad norm: 0.6020
[iter 8890]loss: 3.2080, tokens/sec: 29334.41 ± 481.28, tokens seen: 1165230080, grad norm: 0.4775
[iter 8900]loss: 3.4236, tokens/sec: 29334.45 ± 481.01, tokens seen: 1166540800, grad norm: 0.5229
[iter 8910]loss: 3.2400, tokens/sec: 29334.48 ± 480.74, tokens seen: 1167851520, grad norm: 0.5750
[iter 8920]loss: 3.0188, tokens/sec: 29334.51 ± 480.47, tokens seen: 1169162240, grad norm: 0.4963
[iter 8930]loss: 3.2159, tokens/sec: 29334.54 ± 480.20, tokens seen: 1170472960, grad norm: 0.4698
[iter 8940]loss: 3.1813, tokens/sec: 29334.57 ± 479.93, tokens seen: 1171783680, grad norm: 0.4559
[iter 8950]loss: 3.1078, tokens/sec: 29334.60 ± 479.66, tokens seen: 1173094400, grad norm: 0.5952
[iter 8960]loss: 3.4539, tokens/sec: 29334.63 ± 479.40, tokens seen: 1174405120, grad norm: 0.4326
[iter 8970]loss: 3.2422, tokens/sec: 29334.66 ± 479.13, tokens seen: 1175715840, grad norm: 0.4736
[iter 8980]loss: 3.2167, tokens/sec: 29334.69 ± 478.87, tokens seen: 1177026560, grad norm: 0.4887
[iter 8990]loss: 3.2062, tokens/sec: 29333.98 ± 483.58, tokens seen: 1178337280, grad norm: 0.5423
[step 9000]train loss: 3.2436, val loss: 3.2279, (avg train loss: 0.4051 ± 0.0170), (avg grad norm: 0.5129 ± 0.0925)
saving checkpoint to ./out-owt-large-mhc-group-lora-midnorm-bs8-25000step
[iter 9000]loss: 3.2201, tokens/sec: 29334.02 ± 483.32, tokens seen: 1179648000, grad norm: 0.4676
[iter 9010]loss: 3.1960, tokens/sec: 29334.05 ± 483.05, tokens seen: 1180958720, grad norm: 0.6240
[iter 9020]loss: 3.2600, tokens/sec: 29334.09 ± 482.78, tokens seen: 1182269440, grad norm: 0.4819
[iter 9030]loss: 3.1699, tokens/sec: 29334.12 ± 482.52, tokens seen: 1183580160, grad norm: 0.5084
[iter 9040]loss: 3.3533, tokens/sec: 29334.15 ± 482.25, tokens seen: 1184890880, grad norm: 0.6215
[iter 9050]loss: 3.0824, tokens/sec: 29334.18 ± 481.98, tokens seen: 1186201600, grad norm: 0.5171
[iter 9060]loss: 3.0647, tokens/sec: 29333.71 ± 484.11, tokens seen: 1187512320, grad norm: 0.5625
[iter 9070]loss: 3.1666, tokens/sec: 29333.74 ± 483.84, tokens seen: 1188823040, grad norm: 0.4389
[iter 9080]loss: 3.4383, tokens/sec: 29333.77 ± 483.57, tokens seen: 1190133760, grad norm: 0.7057
[iter 9090]loss: 3.3268, tokens/sec: 29333.81 ± 483.31, tokens seen: 1191444480, grad norm: 0.4707
[iter 9100]loss: 3.0740, tokens/sec: 29333.84 ± 483.05, tokens seen: 1192755200, grad norm: 0.4774
[iter 9110]loss: 3.2865, tokens/sec: 29333.87 ± 482.78, tokens seen: 1194065920, grad norm: 0.4356
[iter 9120]loss: 3.1312, tokens/sec: 29333.91 ± 482.52, tokens seen: 1195376640, grad norm: 0.4888
[iter 9130]loss: 3.3262, tokens/sec: 29333.94 ± 482.25, tokens seen: 1196687360, grad norm: 0.5846
[iter 9140]loss: 3.3558, tokens/sec: 29333.97 ± 481.99, tokens seen: 1197998080, grad norm: 0.4690
[iter 9150]loss: 3.2519, tokens/sec: 29334.00 ± 481.73, tokens seen: 1199308800, grad norm: 0.4284
[iter 9160]loss: 3.0652, tokens/sec: 29334.04 ± 481.47, tokens seen: 1200619520, grad norm: 0.6378
[iter 9170]loss: 3.2042, tokens/sec: 29334.07 ± 481.21, tokens seen: 1201930240, grad norm: 0.4603
[iter 9180]loss: 3.2392, tokens/sec: 29334.10 ± 480.94, tokens seen: 1203240960, grad norm: 0.4200
[iter 9190]loss: 3.2531, tokens/sec: 29334.13 ± 480.68, tokens seen: 1204551680, grad norm: 0.6351
[iter 9200]loss: 3.1632, tokens/sec: 29334.17 ± 480.42, tokens seen: 1205862400, grad norm: 0.4865
[iter 9210]loss: 2.9021, tokens/sec: 29334.19 ± 480.16, tokens seen: 1207173120, grad norm: 0.4712
[iter 9220]loss: 3.4670, tokens/sec: 29334.22 ± 479.90, tokens seen: 1208483840, grad norm: 0.5371
[iter 9230]loss: 3.1694, tokens/sec: 29334.25 ± 479.65, tokens seen: 1209794560, grad norm: 0.4291
[iter 9240]loss: 3.3344, tokens/sec: 29334.29 ± 479.39, tokens seen: 1211105280, grad norm: 0.4967
[iter 9250]loss: 3.3524, tokens/sec: 29334.32 ± 479.13, tokens seen: 1212416000, grad norm: 0.5132
[iter 9260]loss: 3.2028, tokens/sec: 29334.35 ± 478.87, tokens seen: 1213726720, grad norm: 0.4662
[iter 9270]loss: 3.1167, tokens/sec: 29334.38 ± 478.61, tokens seen: 1215037440, grad norm: 0.5627
[iter 9280]loss: 3.0846, tokens/sec: 29334.41 ± 478.36, tokens seen: 1216348160, grad norm: 0.5553
[iter 9290]loss: 3.1282, tokens/sec: 29334.45 ± 478.10, tokens seen: 1217658880, grad norm: 0.4912
[iter 9300]loss: 3.1837, tokens/sec: 29334.48 ± 477.84, tokens seen: 1218969600, grad norm: 0.4894
[iter 9310]loss: 3.1893, tokens/sec: 29334.51 ± 477.59, tokens seen: 1220280320, grad norm: 0.4420
[iter 9320]loss: 3.2899, tokens/sec: 29334.54 ± 477.33, tokens seen: 1221591040, grad norm: 0.5266
[iter 9330]loss: 3.2530, tokens/sec: 29334.57 ± 477.08, tokens seen: 1222901760, grad norm: 0.6850
[iter 9340]loss: 3.2047, tokens/sec: 29334.60 ± 476.82, tokens seen: 1224212480, grad norm: 0.6236
[iter 9350]loss: 3.1144, tokens/sec: 29334.63 ± 476.57, tokens seen: 1225523200, grad norm: 0.5838
[iter 9360]loss: 3.4570, tokens/sec: 29334.66 ± 476.32, tokens seen: 1226833920, grad norm: 0.4052
[iter 9370]loss: 3.2343, tokens/sec: 29334.69 ± 476.06, tokens seen: 1228144640, grad norm: 0.5182
[iter 9380]loss: 3.2267, tokens/sec: 29334.73 ± 475.81, tokens seen: 1229455360, grad norm: 0.4838
[iter 9390]loss: 3.3005, tokens/sec: 29334.75 ± 475.56, tokens seen: 1230766080, grad norm: 0.4899
[iter 9400]loss: 3.4621, tokens/sec: 29334.78 ± 475.31, tokens seen: 1232076800, grad norm: 0.4296
[iter 9410]loss: 3.0360, tokens/sec: 29334.82 ± 475.05, tokens seen: 1233387520, grad norm: 0.4564
[iter 9420]loss: 3.2926, tokens/sec: 29334.84 ± 474.80, tokens seen: 1234698240, grad norm: 0.4922
[iter 9430]loss: 3.1711, tokens/sec: 29334.87 ± 474.55, tokens seen: 1236008960, grad norm: 0.5084
[iter 9440]loss: 3.3477, tokens/sec: 29334.90 ± 474.30, tokens seen: 1237319680, grad norm: 0.5704
[iter 9450]loss: 3.3399, tokens/sec: 29334.93 ± 474.05, tokens seen: 1238630400, grad norm: 0.5365
[iter 9460]loss: 3.2336, tokens/sec: 29334.96 ± 473.80, tokens seen: 1239941120, grad norm: 0.4359
[iter 9470]loss: 3.0853, tokens/sec: 29334.99 ± 473.55, tokens seen: 1241251840, grad norm: 0.5155
[iter 9480]loss: 3.1891, tokens/sec: 29334.53 ± 475.62, tokens seen: 1242562560, grad norm: 0.6024
[iter 9490]loss: 3.0529, tokens/sec: 29334.56 ± 475.37, tokens seen: 1243873280, grad norm: 0.4562
[step 9500]train loss: 3.2127, val loss: 3.2276, (avg train loss: 0.4015 ± 0.0160), (avg grad norm: 0.4997 ± 0.0751)
saving checkpoint to ./out-owt-large-mhc-group-lora-midnorm-bs8-25000step
[iter 9500]loss: 3.3017, tokens/sec: 29333.89 ± 479.99, tokens seen: 1245184000, grad norm: 0.5037
[iter 9510]loss: 3.1645, tokens/sec: 29333.92 ± 479.74, tokens seen: 1246494720, grad norm: 0.5801
[iter 9520]loss: 2.9334, tokens/sec: 29333.95 ± 479.49, tokens seen: 1247805440, grad norm: 0.4351
[iter 9530]loss: 3.1898, tokens/sec: 29333.97 ± 479.24, tokens seen: 1249116160, grad norm: 0.4719
[iter 9540]loss: 3.2182, tokens/sec: 29334.00 ± 478.99, tokens seen: 1250426880, grad norm: 0.5006
[iter 9550]loss: 3.2324, tokens/sec: 29334.02 ± 478.74, tokens seen: 1251737600, grad norm: 0.7256
[iter 9560]loss: 3.2887, tokens/sec: 29334.04 ± 478.49, tokens seen: 1253048320, grad norm: 0.4045
[iter 9570]loss: 3.2828, tokens/sec: 29334.07 ± 478.24, tokens seen: 1254359040, grad norm: 0.4455
[iter 9580]loss: 3.1908, tokens/sec: 29334.09 ± 477.99, tokens seen: 1255669760, grad norm: 0.4582
[iter 9590]loss: 3.1090, tokens/sec: 29334.11 ± 477.74, tokens seen: 1256980480, grad norm: 0.4404
[iter 9600]loss: 3.2520, tokens/sec: 29334.13 ± 477.49, tokens seen: 1258291200, grad norm: 0.5646
[iter 9610]loss: 2.9358, tokens/sec: 29334.16 ± 477.24, tokens seen: 1259601920, grad norm: 0.6515
[iter 9620]loss: 3.1383, tokens/sec: 29334.19 ± 477.00, tokens seen: 1260912640, grad norm: 0.4337
[iter 9630]loss: 2.9294, tokens/sec: 29334.21 ± 476.75, tokens seen: 1262223360, grad norm: 0.4748
[iter 9640]loss: 3.3780, tokens/sec: 29334.24 ± 476.50, tokens seen: 1263534080, grad norm: 0.4746
[iter 9650]loss: 3.3482, tokens/sec: 29334.27 ± 476.26, tokens seen: 1264844800, grad norm: 0.5376
[iter 9660]loss: 3.0217, tokens/sec: 29334.29 ± 476.01, tokens seen: 1266155520, grad norm: 0.6809
[iter 9670]loss: 3.4640, tokens/sec: 29334.31 ± 475.77, tokens seen: 1267466240, grad norm: 0.4336
[iter 9680]loss: 3.3528, tokens/sec: 29334.34 ± 475.52, tokens seen: 1268776960, grad norm: 0.4438
[iter 9690]loss: 3.1136, tokens/sec: 29334.37 ± 475.28, tokens seen: 1270087680, grad norm: 0.4559
[iter 9700]loss: 3.3700, tokens/sec: 29334.39 ± 475.03, tokens seen: 1271398400, grad norm: 0.7335
[iter 9710]loss: 3.2703, tokens/sec: 29334.42 ± 474.79, tokens seen: 1272709120, grad norm: 0.4339
[iter 9720]loss: 3.2548, tokens/sec: 29334.45 ± 474.54, tokens seen: 1274019840, grad norm: 0.5597
[iter 9730]loss: 3.3206, tokens/sec: 29334.47 ± 474.30, tokens seen: 1275330560, grad norm: 0.4240
[iter 9740]loss: 3.2779, tokens/sec: 29334.49 ± 474.06, tokens seen: 1276641280, grad norm: 0.4398
[iter 9750]loss: 3.3563, tokens/sec: 29334.51 ± 473.82, tokens seen: 1277952000, grad norm: 0.5600
[iter 9760]loss: 3.1451, tokens/sec: 29334.54 ± 473.57, tokens seen: 1279262720, grad norm: 0.5494
[iter 9770]loss: 2.9818, tokens/sec: 29334.56 ± 473.33, tokens seen: 1280573440, grad norm: 0.5068
[iter 9780]loss: 3.0975, tokens/sec: 29334.59 ± 473.09, tokens seen: 1281884160, grad norm: 0.4219
[iter 9790]loss: 3.3389, tokens/sec: 29334.61 ± 472.85, tokens seen: 1283194880, grad norm: 0.4825
[iter 9800]loss: 3.2337, tokens/sec: 29334.64 ± 472.61, tokens seen: 1284505600, grad norm: 0.5204
[iter 9810]loss: 3.2471, tokens/sec: 29334.67 ± 472.37, tokens seen: 1285816320, grad norm: 0.4495
[iter 9820]loss: 3.1230, tokens/sec: 29334.70 ± 472.13, tokens seen: 1287127040, grad norm: 0.4831
[iter 9830]loss: 3.1465, tokens/sec: 29334.72 ± 471.89, tokens seen: 1288437760, grad norm: 0.4651
[iter 9840]loss: 3.1018, tokens/sec: 29334.75 ± 471.65, tokens seen: 1289748480, grad norm: 0.5738
[iter 9850]loss: 3.1622, tokens/sec: 29334.78 ± 471.41, tokens seen: 1291059200, grad norm: 0.4646
[iter 9860]loss: 3.2966, tokens/sec: 29334.80 ± 471.17, tokens seen: 1292369920, grad norm: 0.4498
[iter 9870]loss: 3.2699, tokens/sec: 29334.83 ± 470.94, tokens seen: 1293680640, grad norm: 0.4340
[iter 9880]loss: 3.3275, tokens/sec: 29334.85 ± 470.70, tokens seen: 1294991360, grad norm: 0.5517
[iter 9890]loss: 3.2092, tokens/sec: 29334.42 ± 472.62, tokens seen: 1296302080, grad norm: 0.4540
[iter 9900]loss: 3.2277, tokens/sec: 29334.44 ± 472.38, tokens seen: 1297612800, grad norm: 0.5868
[iter 9910]loss: 3.2773, tokens/sec: 29334.48 ± 472.15, tokens seen: 1298923520, grad norm: 0.6699
[iter 9920]loss: 3.1714, tokens/sec: 29334.51 ± 471.91, tokens seen: 1300234240, grad norm: 0.4598
[iter 9930]loss: 3.3492, tokens/sec: 29334.54 ± 471.67, tokens seen: 1301544960, grad norm: 0.4243
[iter 9940]loss: 3.2331, tokens/sec: 29334.56 ± 471.44, tokens seen: 1302855680, grad norm: 0.6023
[iter 9950]loss: 3.2965, tokens/sec: 29334.59 ± 471.20, tokens seen: 1304166400, grad norm: 0.5069
[iter 9960]loss: 3.4494, tokens/sec: 29334.62 ± 470.96, tokens seen: 1305477120, grad norm: 0.4360
[iter 9970]loss: 3.3708, tokens/sec: 29334.64 ± 470.73, tokens seen: 1306787840, grad norm: 0.4876
[iter 9980]loss: 3.1401, tokens/sec: 29334.67 ± 470.49, tokens seen: 1308098560, grad norm: 0.4471
[iter 9990]loss: 3.1828, tokens/sec: 29334.69 ± 470.26, tokens seen: 1309409280, grad norm: 0.5624
[step 10000]train loss: 3.1701, val loss: 3.2087, (avg train loss: 0.4001 ± 0.0170), (avg grad norm: 0.5369 ± 0.4499)
saving checkpoint to ./out-owt-large-mhc-group-lora-midnorm-bs8-25000step
[iter 10000]loss: 3.2752, tokens/sec: 29334.72 ± 470.02, tokens seen: 1310720000, grad norm: 0.4494
[iter 10010]loss: 3.1507, tokens/sec: 29334.74 ± 469.79, tokens seen: 1312030720, grad norm: 0.4702
[iter 10020]loss: 3.2157, tokens/sec: 29334.77 ± 469.56, tokens seen: 1313341440, grad norm: 0.5032
[iter 10030]loss: 3.1325, tokens/sec: 29334.11 ± 474.14, tokens seen: 1314652160, grad norm: 0.5059
[iter 10040]loss: 3.1631, tokens/sec: 29334.13 ± 473.90, tokens seen: 1315962880, grad norm: 0.5926
[iter 10050]loss: 3.5955, tokens/sec: 29334.16 ± 473.67, tokens seen: 1317273600, grad norm: 0.5661
[iter 10060]loss: 3.4035, tokens/sec: 29334.18 ± 473.43, tokens seen: 1318584320, grad norm: 0.5463
[iter 10070]loss: 3.4903, tokens/sec: 29334.20 ± 473.20, tokens seen: 1319895040, grad norm: 0.6513
[iter 10080]loss: 3.2119, tokens/sec: 29334.22 ± 472.96, tokens seen: 1321205760, grad norm: 0.4119
[iter 10090]loss: 3.2232, tokens/sec: 29334.25 ± 472.73, tokens seen: 1322516480, grad norm: 0.4468
[iter 10100]loss: 3.3680, tokens/sec: 29334.27 ± 472.50, tokens seen: 1323827200, grad norm: 0.5697
[iter 10110]loss: 3.3130, tokens/sec: 29334.30 ± 472.26, tokens seen: 1325137920, grad norm: 0.4468
[iter 10120]loss: 2.8139, tokens/sec: 29334.32 ± 472.03, tokens seen: 1326448640, grad norm: 0.5060
[iter 10130]loss: 3.2979, tokens/sec: 29334.35 ± 471.80, tokens seen: 1327759360, grad norm: 0.5002
[iter 10140]loss: 3.5327, tokens/sec: 29334.38 ± 471.57, tokens seen: 1329070080, grad norm: 0.4345
[iter 10150]loss: 3.1535, tokens/sec: 29334.40 ± 471.34, tokens seen: 1330380800, grad norm: 0.4321
[iter 10160]loss: 2.9558, tokens/sec: 29334.43 ± 471.11, tokens seen: 1331691520, grad norm: 0.6015
[iter 10170]loss: 3.2404, tokens/sec: 29334.45 ± 470.87, tokens seen: 1333002240, grad norm: 0.4255
[iter 10180]loss: 3.2935, tokens/sec: 29334.47 ± 470.64, tokens seen: 1334312960, grad norm: 0.4269
[iter 10190]loss: 2.9434, tokens/sec: 29334.47 ± 470.41, tokens seen: 1335623680, grad norm: 0.4637
[iter 10200]loss: 3.1899, tokens/sec: 29334.50 ± 470.18, tokens seen: 1336934400, grad norm: 0.7569
[iter 10210]loss: 3.0514, tokens/sec: 29334.52 ± 469.96, tokens seen: 1338245120, grad norm: 0.4758
[iter 10220]loss: 3.2439, tokens/sec: 29334.55 ± 469.73, tokens seen: 1339555840, grad norm: 0.4392
[iter 10230]loss: 3.0366, tokens/sec: 29334.57 ± 469.50, tokens seen: 1340866560, grad norm: 0.4294
[iter 10240]loss: 3.1822, tokens/sec: 29334.60 ± 469.27, tokens seen: 1342177280, grad norm: 0.4411
[iter 10250]loss: 3.0665, tokens/sec: 29334.63 ± 469.04, tokens seen: 1343488000, grad norm: 0.5326
[iter 10260]loss: 3.2435, tokens/sec: 29334.65 ± 468.81, tokens seen: 1344798720, grad norm: 0.6211
[iter 10270]loss: 3.0404, tokens/sec: 29334.67 ± 468.58, tokens seen: 1346109440, grad norm: 0.4161
[iter 10280]loss: 3.2281, tokens/sec: 29334.69 ± 468.36, tokens seen: 1347420160, grad norm: 0.5429
[iter 10290]loss: 3.1583, tokens/sec: 29334.72 ± 468.13, tokens seen: 1348730880, grad norm: 0.5032
[iter 10300]loss: 3.1100, tokens/sec: 29334.74 ± 467.90, tokens seen: 1350041600, grad norm: 0.4591
[iter 10310]loss: 3.4659, tokens/sec: 29334.31 ± 469.91, tokens seen: 1351352320, grad norm: 0.4946
[iter 10320]loss: 3.2652, tokens/sec: 29334.33 ± 469.69, tokens seen: 1352663040, grad norm: 0.4646
[iter 10330]loss: 3.3141, tokens/sec: 29334.36 ± 469.46, tokens seen: 1353973760, grad norm: 0.4815
[iter 10340]loss: 3.3252, tokens/sec: 29334.37 ± 469.23, tokens seen: 1355284480, grad norm: 0.4660
[iter 10350]loss: 3.2241, tokens/sec: 29334.39 ± 469.01, tokens seen: 1356595200, grad norm: 0.5322
[iter 10360]loss: 3.1639, tokens/sec: 29334.41 ± 468.78, tokens seen: 1357905920, grad norm: 0.4607
[iter 10370]loss: 3.4664, tokens/sec: 29334.43 ± 468.56, tokens seen: 1359216640, grad norm: 0.4850
[iter 10380]loss: 3.3466, tokens/sec: 29334.45 ± 468.33, tokens seen: 1360527360, grad norm: 0.5110
[iter 10390]loss: 3.3632, tokens/sec: 29334.47 ± 468.11, tokens seen: 1361838080, grad norm: 0.6361
[iter 10400]loss: 3.2696, tokens/sec: 29334.49 ± 467.88, tokens seen: 1363148800, grad norm: 0.6365
[iter 10410]loss: 3.0120, tokens/sec: 29334.51 ± 467.66, tokens seen: 1364459520, grad norm: 0.4879
[iter 10420]loss: 3.2550, tokens/sec: 29334.53 ± 467.43, tokens seen: 1365770240, grad norm: 0.6364
[iter 10430]loss: 3.2096, tokens/sec: 29334.55 ± 467.21, tokens seen: 1367080960, grad norm: 0.4379
[iter 10440]loss: 2.8484, tokens/sec: 29334.58 ± 466.99, tokens seen: 1368391680, grad norm: 0.4345
[iter 10450]loss: 3.2126, tokens/sec: 29334.60 ± 466.76, tokens seen: 1369702400, grad norm: 0.4994
[iter 10460]loss: 3.2296, tokens/sec: 29334.63 ± 466.54, tokens seen: 1371013120, grad norm: 0.5124
[iter 10470]loss: 3.2567, tokens/sec: 29334.65 ± 466.32, tokens seen: 1372323840, grad norm: 0.5188
[iter 10480]loss: 3.1697, tokens/sec: 29334.66 ± 466.10, tokens seen: 1373634560, grad norm: 0.5519
[iter 10490]loss: 3.1291, tokens/sec: 29334.67 ± 465.88, tokens seen: 1374945280, grad norm: 0.5048
[step 10500]train loss: 3.1910, val loss: 3.1800, (avg train loss: 0.3999 ± 0.0166), (avg grad norm: 0.5067 ± 0.0710)
saving checkpoint to ./out-owt-large-mhc-group-lora-midnorm-bs8-25000step
[iter 10500]loss: 3.1905, tokens/sec: 29334.69 ± 465.65, tokens seen: 1376256000, grad norm: 0.5059
[iter 10510]loss: 3.3200, tokens/sec: 29334.72 ± 465.43, tokens seen: 1377566720, grad norm: 0.6124
[iter 10520]loss: 3.1110, tokens/sec: 29334.71 ± 465.21, tokens seen: 1378877440, grad norm: 0.4620
[iter 10530]loss: 3.2146, tokens/sec: 29334.73 ± 464.99, tokens seen: 1380188160, grad norm: 0.4456
[iter 10540]loss: 3.1125, tokens/sec: 29334.75 ± 464.77, tokens seen: 1381498880, grad norm: 0.5160
[iter 10550]loss: 3.2175, tokens/sec: 29334.77 ± 464.55, tokens seen: 1382809600, grad norm: 0.4451
[iter 10560]loss: 3.1326, tokens/sec: 29334.16 ± 468.85, tokens seen: 1384120320, grad norm: 0.4798
[iter 10570]loss: 3.0939, tokens/sec: 29334.18 ± 468.63, tokens seen: 1385431040, grad norm: 0.7419
[iter 10580]loss: 3.0623, tokens/sec: 29334.19 ± 468.41, tokens seen: 1386741760, grad norm: 0.5834
[iter 10590]loss: 3.0816, tokens/sec: 29334.22 ± 468.19, tokens seen: 1388052480, grad norm: 0.4557
[iter 10600]loss: 3.2198, tokens/sec: 29334.23 ± 467.97, tokens seen: 1389363200, grad norm: 0.4508
[iter 10610]loss: 3.1568, tokens/sec: 29334.25 ± 467.75, tokens seen: 1390673920, grad norm: 0.6211
[iter 10620]loss: 3.2418, tokens/sec: 29334.24 ± 467.53, tokens seen: 1391984640, grad norm: 0.4849
[iter 10630]loss: 3.0549, tokens/sec: 29334.25 ± 467.31, tokens seen: 1393295360, grad norm: 0.5174
[iter 10640]loss: 3.2386, tokens/sec: 29334.22 ± 467.09, tokens seen: 1394606080, grad norm: 0.4725
[iter 10650]loss: 3.3395, tokens/sec: 29334.23 ± 466.87, tokens seen: 1395916800, grad norm: 0.9060
[iter 10660]loss: 3.2708, tokens/sec: 29334.25 ± 466.66, tokens seen: 1397227520, grad norm: 0.4944
[iter 10670]loss: 3.0348, tokens/sec: 29334.27 ± 466.44, tokens seen: 1398538240, grad norm: 0.4793
[iter 10680]loss: 3.2012, tokens/sec: 29334.29 ± 466.22, tokens seen: 1399848960, grad norm: 0.5274
[iter 10690]loss: 3.1491, tokens/sec: 29334.31 ± 466.00, tokens seen: 1401159680, grad norm: 0.5300
[iter 10700]loss: 2.9853, tokens/sec: 29334.33 ± 465.78, tokens seen: 1402470400, grad norm: 0.4398
[iter 10710]loss: 3.0395, tokens/sec: 29334.34 ± 465.57, tokens seen: 1403781120, grad norm: 0.6238
[iter 10720]loss: 3.2147, tokens/sec: 29334.36 ± 465.35, tokens seen: 1405091840, grad norm: 0.5545
[iter 10730]loss: 3.2376, tokens/sec: 29333.96 ± 467.17, tokens seen: 1406402560, grad norm: 0.4525
[iter 10740]loss: 3.1533, tokens/sec: 29333.98 ± 466.96, tokens seen: 1407713280, grad norm: 0.4306
[iter 10750]loss: 3.1292, tokens/sec: 29334.00 ± 466.74, tokens seen: 1409024000, grad norm: 0.5366
[iter 10760]loss: 3.1702, tokens/sec: 29334.02 ± 466.52, tokens seen: 1410334720, grad norm: 0.4733
[iter 10770]loss: 3.2719, tokens/sec: 29334.05 ± 466.31, tokens seen: 1411645440, grad norm: 0.4040
[iter 10780]loss: 3.0100, tokens/sec: 29334.07 ± 466.09, tokens seen: 1412956160, grad norm: 0.4503
[iter 10790]loss: 3.0677, tokens/sec: 29334.10 ± 465.88, tokens seen: 1414266880, grad norm: 0.4514
[iter 10800]loss: 3.1247, tokens/sec: 29334.10 ± 465.66, tokens seen: 1415577600, grad norm: 0.6246
[iter 10810]loss: 3.2658, tokens/sec: 29334.12 ± 465.45, tokens seen: 1416888320, grad norm: 0.4952
[iter 10820]loss: 3.1235, tokens/sec: 29334.11 ± 465.23, tokens seen: 1418199040, grad norm: 0.5376
[iter 10830]loss: 3.2146, tokens/sec: 29334.13 ± 465.02, tokens seen: 1419509760, grad norm: 0.4512
[iter 10840]loss: 3.2212, tokens/sec: 29334.15 ± 464.81, tokens seen: 1420820480, grad norm: 0.5635
[iter 10850]loss: 3.1427, tokens/sec: 29334.17 ± 464.59, tokens seen: 1422131200, grad norm: 0.4169
[iter 10860]loss: 3.3349, tokens/sec: 29334.20 ± 464.38, tokens seen: 1423441920, grad norm: 0.5626
[iter 10870]loss: 3.2539, tokens/sec: 29334.22 ± 464.17, tokens seen: 1424752640, grad norm: 0.4963
[iter 10880]loss: 3.1689, tokens/sec: 29334.24 ± 463.95, tokens seen: 1426063360, grad norm: 0.5201
[iter 10890]loss: 3.3275, tokens/sec: 29334.26 ± 463.74, tokens seen: 1427374080, grad norm: 0.5169
[iter 10900]loss: 3.1698, tokens/sec: 29334.27 ± 463.53, tokens seen: 1428684800, grad norm: 0.4435
[iter 10910]loss: 3.2650, tokens/sec: 29334.26 ± 463.32, tokens seen: 1429995520, grad norm: 0.4894
[iter 10920]loss: 3.1510, tokens/sec: 29334.29 ± 463.11, tokens seen: 1431306240, grad norm: 0.5106
[iter 10930]loss: 3.2978, tokens/sec: 29334.27 ± 462.90, tokens seen: 1432616960, grad norm: 0.4899
[iter 10940]loss: 3.2910, tokens/sec: 29334.28 ± 462.69, tokens seen: 1433927680, grad norm: 0.4411
[iter 10950]loss: 3.2227, tokens/sec: 29334.27 ± 462.48, tokens seen: 1435238400, grad norm: 0.6760
[iter 10960]loss: 3.1509, tokens/sec: 29334.29 ± 462.27, tokens seen: 1436549120, grad norm: 0.7720
[iter 10970]loss: 2.7494, tokens/sec: 29334.30 ± 462.06, tokens seen: 1437859840, grad norm: 0.4524
[iter 10980]loss: 3.4390, tokens/sec: 29334.33 ± 461.85, tokens seen: 1439170560, grad norm: 0.5681
[iter 10990]loss: 3.0799, tokens/sec: 29334.35 ± 461.64, tokens seen: 1440481280, grad norm: 0.4647
[step 11000]train loss: 3.1674, val loss: 3.1883, (avg train loss: 0.3967 ± 0.0157), (avg grad norm: 0.5175 ± 0.0776)
[iter 11000]loss: 3.1355, tokens/sec: 29334.38 ± 461.43, tokens seen: 1441792000, grad norm: 0.6204
[iter 11010]loss: 3.3748, tokens/sec: 29334.40 ± 461.22, tokens seen: 1443102720, grad norm: 0.5604
[iter 11020]loss: 3.2022, tokens/sec: 29334.42 ± 461.01, tokens seen: 1444413440, grad norm: 0.6179
[iter 11030]loss: 3.1523, tokens/sec: 29334.45 ± 460.80, tokens seen: 1445724160, grad norm: 0.4188
[iter 11040]loss: 3.2521, tokens/sec: 29334.47 ± 460.60, tokens seen: 1447034880, grad norm: 0.4633
[iter 11050]loss: 3.1528, tokens/sec: 29334.49 ± 460.39, tokens seen: 1448345600, grad norm: 0.4466
[iter 11060]loss: 3.0600, tokens/sec: 29334.51 ± 460.18, tokens seen: 1449656320, grad norm: 0.4554
[iter 11070]loss: 3.1326, tokens/sec: 29334.54 ± 459.97, tokens seen: 1450967040, grad norm: 0.4822
[iter 11080]loss: 3.4782, tokens/sec: 29334.56 ± 459.77, tokens seen: 1452277760, grad norm: 0.4818
[iter 11090]loss: 3.5663, tokens/sec: 29333.99 ± 463.85, tokens seen: 1453588480, grad norm: 0.5894
[iter 11100]loss: 3.2471, tokens/sec: 29334.01 ± 463.65, tokens seen: 1454899200, grad norm: 0.4634
[iter 11110]loss: 3.1156, tokens/sec: 29334.03 ± 463.44, tokens seen: 1456209920, grad norm: 0.5298
[iter 11120]loss: 3.0806, tokens/sec: 29334.06 ± 463.23, tokens seen: 1457520640, grad norm: 0.4702
[iter 11130]loss: 3.1832, tokens/sec: 29334.08 ± 463.02, tokens seen: 1458831360, grad norm: 0.5340
[iter 11140]loss: 3.2559, tokens/sec: 29333.71 ± 464.72, tokens seen: 1460142080, grad norm: 0.4523
[iter 11150]loss: 3.1853, tokens/sec: 29333.73 ± 464.51, tokens seen: 1461452800, grad norm: 0.4186
[iter 11160]loss: 3.0653, tokens/sec: 29333.75 ± 464.30, tokens seen: 1462763520, grad norm: 0.4523
[iter 11170]loss: 3.3079, tokens/sec: 29333.78 ± 464.09, tokens seen: 1464074240, grad norm: 0.4929
[iter 11180]loss: 3.0353, tokens/sec: 29333.80 ± 463.89, tokens seen: 1465384960, grad norm: 0.5191
[iter 11190]loss: 3.2903, tokens/sec: 29333.82 ± 463.68, tokens seen: 1466695680, grad norm: 0.4528
[iter 11200]loss: 3.1211, tokens/sec: 29333.85 ± 463.47, tokens seen: 1468006400, grad norm: 0.5494
[iter 11210]loss: 3.2506, tokens/sec: 29333.87 ± 463.27, tokens seen: 1469317120, grad norm: 0.4748
[iter 11220]loss: 3.1606, tokens/sec: 29333.90 ± 463.06, tokens seen: 1470627840, grad norm: 0.4958
[iter 11230]loss: 3.1467, tokens/sec: 29333.92 ± 462.86, tokens seen: 1471938560, grad norm: 0.5029
[iter 11240]loss: 3.1363, tokens/sec: 29333.95 ± 462.65, tokens seen: 1473249280, grad norm: 0.4727
[iter 11250]loss: 3.1384, tokens/sec: 29333.97 ± 462.45, tokens seen: 1474560000, grad norm: 0.4090
[iter 11260]loss: 2.9717, tokens/sec: 29333.99 ± 462.24, tokens seen: 1475870720, grad norm: 0.5999
[iter 11270]loss: 3.4840, tokens/sec: 29334.02 ± 462.04, tokens seen: 1477181440, grad norm: 0.7200
[iter 11280]loss: 3.1044, tokens/sec: 29334.04 ± 461.83, tokens seen: 1478492160, grad norm: 0.7603
[iter 11290]loss: 3.0164, tokens/sec: 29334.06 ± 461.63, tokens seen: 1479802880, grad norm: 0.4545
[iter 11300]loss: 3.1492, tokens/sec: 29334.09 ± 461.43, tokens seen: 1481113600, grad norm: 0.4722
[iter 11310]loss: 3.1217, tokens/sec: 29334.11 ± 461.22, tokens seen: 1482424320, grad norm: 0.6819
[iter 11320]loss: 3.1873, tokens/sec: 29334.13 ± 461.02, tokens seen: 1483735040, grad norm: 0.4482
[iter 11330]loss: 3.2357, tokens/sec: 29334.16 ± 460.82, tokens seen: 1485045760, grad norm: 0.4759
[iter 11340]loss: 3.3281, tokens/sec: 29334.18 ± 460.62, tokens seen: 1486356480, grad norm: 0.4575
[iter 11350]loss: 3.1822, tokens/sec: 29334.20 ± 460.41, tokens seen: 1487667200, grad norm: 0.5316
[iter 11360]loss: 3.0983, tokens/sec: 29334.23 ± 460.21, tokens seen: 1488977920, grad norm: 0.4464
[iter 11370]loss: 3.1153, tokens/sec: 29334.25 ± 460.01, tokens seen: 1490288640, grad norm: 0.4460
[iter 11380]loss: 2.7655, tokens/sec: 29334.27 ± 459.81, tokens seen: 1491599360, grad norm: 0.4495
[iter 11390]loss: 2.7674, tokens/sec: 29334.29 ± 459.61, tokens seen: 1492910080, grad norm: 0.4517
[iter 11400]loss: 3.1169, tokens/sec: 29334.32 ± 459.41, tokens seen: 1494220800, grad norm: 0.4262
[iter 11410]loss: 3.2598, tokens/sec: 29334.34 ± 459.20, tokens seen: 1495531520, grad norm: 0.5076
[iter 11420]loss: 3.2126, tokens/sec: 29334.37 ± 459.00, tokens seen: 1496842240, grad norm: 0.5197
[iter 11430]loss: 3.0507, tokens/sec: 29334.39 ± 458.80, tokens seen: 1498152960, grad norm: 0.4422
[iter 11440]loss: 2.9975, tokens/sec: 29334.42 ± 458.60, tokens seen: 1499463680, grad norm: 0.6097
[iter 11450]loss: 3.0601, tokens/sec: 29334.44 ± 458.41, tokens seen: 1500774400, grad norm: 0.4707
[iter 11460]loss: 3.1948, tokens/sec: 29334.46 ± 458.21, tokens seen: 1502085120, grad norm: 0.4321
[iter 11470]loss: 3.2709, tokens/sec: 29334.48 ± 458.01, tokens seen: 1503395840, grad norm: 0.5198
[iter 11480]loss: 3.1474, tokens/sec: 29334.51 ± 457.81, tokens seen: 1504706560, grad norm: 0.4542
[iter 11490]loss: 3.2517, tokens/sec: 29334.53 ± 457.61, tokens seen: 1506017280, grad norm: 0.5461
[step 11500]train loss: 3.1378, val loss: 3.1419, (avg train loss: 0.3923 ± 0.0192), (avg grad norm: 0.5051 ± 0.0804)
saving checkpoint to ./out-owt-large-mhc-group-lora-midnorm-bs8-25000step
[iter 11500]loss: 3.0663, tokens/sec: 29334.55 ± 457.41, tokens seen: 1507328000, grad norm: 0.4593
[iter 11510]loss: 3.1535, tokens/sec: 29334.58 ± 457.21, tokens seen: 1508638720, grad norm: 0.4856
[iter 11520]loss: 3.3526, tokens/sec: 29334.60 ± 457.02, tokens seen: 1509949440, grad norm: 0.5501
[iter 11530]loss: 3.0827, tokens/sec: 29334.62 ± 456.82, tokens seen: 1511260160, grad norm: 0.5414
[iter 11540]loss: 3.1081, tokens/sec: 29334.64 ± 456.62, tokens seen: 1512570880, grad norm: 0.4662
[iter 11550]loss: 3.0705, tokens/sec: 29334.66 ± 456.42, tokens seen: 1513881600, grad norm: 0.4734
[iter 11560]loss: 3.1629, tokens/sec: 29334.29 ± 458.19, tokens seen: 1515192320, grad norm: 0.4412
[iter 11570]loss: 3.3496, tokens/sec: 29334.31 ± 457.99, tokens seen: 1516503040, grad norm: 0.4102
[iter 11580]loss: 3.2853, tokens/sec: 29334.33 ± 457.80, tokens seen: 1517813760, grad norm: 0.6736
[iter 11590]loss: 3.1721, tokens/sec: 29334.36 ± 457.60, tokens seen: 1519124480, grad norm: 0.4900
[iter 11600]loss: 3.4068, tokens/sec: 29334.38 ± 457.40, tokens seen: 1520435200, grad norm: 0.5080
[iter 11610]loss: 3.2053, tokens/sec: 29333.85 ± 461.21, tokens seen: 1521745920, grad norm: 0.4260
[iter 11620]loss: 3.1107, tokens/sec: 29333.86 ± 461.01, tokens seen: 1523056640, grad norm: 0.4628
[iter 11630]loss: 3.1021, tokens/sec: 29333.88 ± 460.81, tokens seen: 1524367360, grad norm: 0.4928
[iter 11640]loss: 3.1142, tokens/sec: 29333.89 ± 460.62, tokens seen: 1525678080, grad norm: 0.8467
[iter 11650]loss: 3.3455, tokens/sec: 29333.91 ± 460.42, tokens seen: 1526988800, grad norm: 0.4291
[iter 11660]loss: 3.3601, tokens/sec: 29333.93 ± 460.22, tokens seen: 1528299520, grad norm: 0.4607
[iter 11670]loss: 3.1753, tokens/sec: 29333.95 ± 460.03, tokens seen: 1529610240, grad norm: 0.4160
[iter 11680]loss: 3.0171, tokens/sec: 29333.97 ± 459.83, tokens seen: 1530920960, grad norm: 0.4583
[iter 11690]loss: 3.2306, tokens/sec: 29333.99 ± 459.63, tokens seen: 1532231680, grad norm: 0.4480
[iter 11700]loss: 2.9009, tokens/sec: 29334.01 ± 459.44, tokens seen: 1533542400, grad norm: 0.7027
[iter 11710]loss: 3.1397, tokens/sec: 29334.03 ± 459.24, tokens seen: 1534853120, grad norm: 0.5582
[iter 11720]loss: 2.9178, tokens/sec: 29334.05 ± 459.05, tokens seen: 1536163840, grad norm: 0.4295
[iter 11730]loss: 3.0148, tokens/sec: 29334.07 ± 458.85, tokens seen: 1537474560, grad norm: 0.5162
[iter 11740]loss: 3.1178, tokens/sec: 29334.09 ± 458.66, tokens seen: 1538785280, grad norm: 0.5160
[iter 11750]loss: 2.8775, tokens/sec: 29334.11 ± 458.46, tokens seen: 1540096000, grad norm: 0.4165
[iter 11760]loss: 3.5496, tokens/sec: 29334.13 ± 458.27, tokens seen: 1541406720, grad norm: 0.5284
[iter 11770]loss: 3.1495, tokens/sec: 29334.16 ± 458.07, tokens seen: 1542717440, grad norm: 0.8584
[iter 11780]loss: 3.0752, tokens/sec: 29334.17 ± 457.88, tokens seen: 1544028160, grad norm: 0.4857
[iter 11790]loss: 3.2877, tokens/sec: 29334.19 ± 457.69, tokens seen: 1545338880, grad norm: 0.4491
[iter 11800]loss: 3.0920, tokens/sec: 29334.21 ± 457.49, tokens seen: 1546649600, grad norm: 0.4756
[iter 11810]loss: 3.0846, tokens/sec: 29334.23 ± 457.30, tokens seen: 1547960320, grad norm: 0.4489
[iter 11820]loss: 3.0577, tokens/sec: 29334.25 ± 457.11, tokens seen: 1549271040, grad norm: 0.5046
[iter 11830]loss: 3.2523, tokens/sec: 29334.27 ± 456.91, tokens seen: 1550581760, grad norm: 0.5744
[iter 11840]loss: 3.1917, tokens/sec: 29334.29 ± 456.72, tokens seen: 1551892480, grad norm: 0.4874
[iter 11850]loss: 2.9737, tokens/sec: 29334.31 ± 456.53, tokens seen: 1553203200, grad norm: 0.4948
[iter 11860]loss: 3.2663, tokens/sec: 29334.33 ± 456.34, tokens seen: 1554513920, grad norm: 0.5134
[iter 11870]loss: 3.0366, tokens/sec: 29334.35 ± 456.14, tokens seen: 1555824640, grad norm: 0.5164
[iter 11880]loss: 2.9887, tokens/sec: 29334.37 ± 455.95, tokens seen: 1557135360, grad norm: 0.4847
[iter 11890]loss: 3.4130, tokens/sec: 29334.39 ± 455.76, tokens seen: 1558446080, grad norm: 0.4994
[iter 11900]loss: 3.2659, tokens/sec: 29334.40 ± 455.57, tokens seen: 1559756800, grad norm: 0.5011
[iter 11910]loss: 3.1076, tokens/sec: 29334.43 ± 455.38, tokens seen: 1561067520, grad norm: 0.4866
[iter 11920]loss: 3.1118, tokens/sec: 29334.45 ± 455.19, tokens seen: 1562378240, grad norm: 0.4342
[iter 11930]loss: 3.2131, tokens/sec: 29334.47 ± 455.00, tokens seen: 1563688960, grad norm: 0.4369
[iter 11940]loss: 3.3733, tokens/sec: 29334.49 ± 454.81, tokens seen: 1564999680, grad norm: 0.5463
[iter 11950]loss: 2.8875, tokens/sec: 29334.51 ± 454.62, tokens seen: 1566310400, grad norm: 0.4944
[iter 11960]loss: 3.2141, tokens/sec: 29334.53 ± 454.43, tokens seen: 1567621120, grad norm: 0.5168
[iter 11970]loss: 3.1066, tokens/sec: 29334.18 ± 456.05, tokens seen: 1568931840, grad norm: 0.5100
[iter 11980]loss: 2.9716, tokens/sec: 29334.20 ± 455.86, tokens seen: 1570242560, grad norm: 0.5145
[iter 11990]loss: 3.0199, tokens/sec: 29334.23 ± 455.67, tokens seen: 1571553280, grad norm: 0.4750
[step 12000]train loss: 3.1445, val loss: 3.1590, (avg train loss: 0.3925 ± 0.0178), (avg grad norm: 0.5095 ± 0.0786)
[iter 12000]loss: 3.1733, tokens/sec: 29334.25 ± 455.48, tokens seen: 1572864000, grad norm: 0.4405
[iter 12010]loss: 3.0008, tokens/sec: 29334.28 ± 455.30, tokens seen: 1574174720, grad norm: 0.5303
[iter 12020]loss: 3.2235, tokens/sec: 29334.30 ± 455.11, tokens seen: 1575485440, grad norm: 0.4911
[iter 12030]loss: 3.1364, tokens/sec: 29334.32 ± 454.92, tokens seen: 1576796160, grad norm: 0.4408
[iter 12040]loss: 3.2482, tokens/sec: 29334.34 ± 454.73, tokens seen: 1578106880, grad norm: 0.5410
[iter 12050]loss: 2.9344, tokens/sec: 29334.36 ± 454.54, tokens seen: 1579417600, grad norm: 0.4112
[iter 12060]loss: 2.9552, tokens/sec: 29334.39 ± 454.35, tokens seen: 1580728320, grad norm: 0.4365
[iter 12070]loss: 3.2592, tokens/sec: 29334.41 ± 454.17, tokens seen: 1582039040, grad norm: 0.4689
[iter 12080]loss: 3.1900, tokens/sec: 29334.44 ± 453.98, tokens seen: 1583349760, grad norm: 0.5097
[iter 12090]loss: 3.2652, tokens/sec: 29334.46 ± 453.79, tokens seen: 1584660480, grad norm: 0.4813
[iter 12100]loss: 3.0481, tokens/sec: 29334.49 ± 453.61, tokens seen: 1585971200, grad norm: 0.4674
[iter 12110]loss: 3.1888, tokens/sec: 29334.51 ± 453.42, tokens seen: 1587281920, grad norm: 0.5052
[iter 12120]loss: 3.0822, tokens/sec: 29334.53 ± 453.23, tokens seen: 1588592640, grad norm: 0.4981
[iter 12130]loss: 3.2322, tokens/sec: 29334.56 ± 453.05, tokens seen: 1589903360, grad norm: 0.6046
[iter 12140]loss: 3.2526, tokens/sec: 29334.58 ± 452.86, tokens seen: 1591214080, grad norm: 0.5298
[iter 12150]loss: 3.1454, tokens/sec: 29334.06 ± 456.60, tokens seen: 1592524800, grad norm: 0.4631
[iter 12160]loss: 3.2463, tokens/sec: 29334.08 ± 456.41, tokens seen: 1593835520, grad norm: 0.4999
[iter 12170]loss: 3.0778, tokens/sec: 29334.11 ± 456.23, tokens seen: 1595146240, grad norm: 0.4952
[iter 12180]loss: 3.0275, tokens/sec: 29334.13 ± 456.04, tokens seen: 1596456960, grad norm: 0.5065
[iter 12190]loss: 3.4018, tokens/sec: 29334.15 ± 455.85, tokens seen: 1597767680, grad norm: 0.6033
[iter 12200]loss: 2.9796, tokens/sec: 29334.17 ± 455.67, tokens seen: 1599078400, grad norm: 0.5449
[iter 12210]loss: 3.1281, tokens/sec: 29334.20 ± 455.48, tokens seen: 1600389120, grad norm: 0.5565
[iter 12220]loss: 3.2458, tokens/sec: 29334.22 ± 455.30, tokens seen: 1601699840, grad norm: 0.4462
[iter 12230]loss: 3.1212, tokens/sec: 29334.24 ± 455.11, tokens seen: 1603010560, grad norm: 0.4885
[iter 12240]loss: 3.0378, tokens/sec: 29334.27 ± 454.92, tokens seen: 1604321280, grad norm: 0.5318
[iter 12250]loss: 3.2635, tokens/sec: 29334.29 ± 454.74, tokens seen: 1605632000, grad norm: 0.5072
[iter 12260]loss: 3.0175, tokens/sec: 29334.31 ± 454.55, tokens seen: 1606942720, grad norm: 0.4800
[iter 12270]loss: 3.0932, tokens/sec: 29334.34 ± 454.37, tokens seen: 1608253440, grad norm: 0.6311
[iter 12280]loss: 3.1343, tokens/sec: 29334.36 ± 454.19, tokens seen: 1609564160, grad norm: 0.4832
[iter 12290]loss: 3.0742, tokens/sec: 29334.39 ± 454.00, tokens seen: 1610874880, grad norm: 0.4665
[iter 12300]loss: 3.0786, tokens/sec: 29334.41 ± 453.82, tokens seen: 1612185600, grad norm: 0.5587
[iter 12310]loss: 3.0159, tokens/sec: 29334.43 ± 453.63, tokens seen: 1613496320, grad norm: 0.4734
[iter 12320]loss: 3.1309, tokens/sec: 29334.46 ± 453.45, tokens seen: 1614807040, grad norm: 0.5681
[iter 12330]loss: 3.2732, tokens/sec: 29334.48 ± 453.27, tokens seen: 1616117760, grad norm: 0.4625
[iter 12340]loss: 3.2567, tokens/sec: 29334.51 ± 453.09, tokens seen: 1617428480, grad norm: 0.6205
[iter 12350]loss: 3.2160, tokens/sec: 29334.53 ± 452.90, tokens seen: 1618739200, grad norm: 0.4615
[iter 12360]loss: 3.1125, tokens/sec: 29334.56 ± 452.72, tokens seen: 1620049920, grad norm: 0.4691
[iter 12370]loss: 3.2110, tokens/sec: 29334.58 ± 452.54, tokens seen: 1621360640, grad norm: 0.4637
[iter 12380]loss: 3.2528, tokens/sec: 29334.60 ± 452.36, tokens seen: 1622671360, grad norm: 0.4456
[iter 12390]loss: 3.2678, tokens/sec: 29334.25 ± 453.99, tokens seen: 1623982080, grad norm: 0.4646
[iter 12400]loss: 3.1485, tokens/sec: 29334.26 ± 453.81, tokens seen: 1625292800, grad norm: 0.4564
[iter 12410]loss: 3.1123, tokens/sec: 29334.29 ± 453.63, tokens seen: 1626603520, grad norm: 0.5205
[iter 12420]loss: 2.8218, tokens/sec: 29334.31 ± 453.45, tokens seen: 1627914240, grad norm: 0.5904
[iter 12430]loss: 3.1372, tokens/sec: 29334.33 ± 453.27, tokens seen: 1629224960, grad norm: 0.4729
[iter 12440]loss: 3.0461, tokens/sec: 29334.34 ± 453.08, tokens seen: 1630535680, grad norm: 0.4987
[iter 12450]loss: 3.4959, tokens/sec: 29334.36 ± 452.90, tokens seen: 1631846400, grad norm: 0.4614
[iter 12460]loss: 3.0951, tokens/sec: 29334.38 ± 452.72, tokens seen: 1633157120, grad norm: 0.4322
[iter 12470]loss: 3.0834, tokens/sec: 29334.40 ± 452.54, tokens seen: 1634467840, grad norm: 0.4921
[iter 12480]loss: 3.0451, tokens/sec: 29334.42 ± 452.36, tokens seen: 1635778560, grad norm: 0.4897
[iter 12490]loss: 3.0184, tokens/sec: 29334.44 ± 452.18, tokens seen: 1637089280, grad norm: 0.6331
[step 12500]train loss: 3.1117, val loss: 3.1384, (avg train loss: 0.3919 ± 0.0158), (avg grad norm: 0.5078 ± 0.0870)
saving checkpoint to ./out-owt-large-mhc-group-lora-midnorm-bs8-25000step
[iter 12500]loss: 2.9808, tokens/sec: 29334.45 ± 452.00, tokens seen: 1638400000, grad norm: 0.4462
[iter 12510]loss: 2.9522, tokens/sec: 29334.47 ± 451.82, tokens seen: 1639710720, grad norm: 0.4395
[iter 12520]loss: 3.1661, tokens/sec: 29334.46 ± 451.64, tokens seen: 1641021440, grad norm: 0.5251
[iter 12530]loss: 3.1594, tokens/sec: 29334.47 ± 451.46, tokens seen: 1642332160, grad norm: 0.4713
[iter 12540]loss: 3.1787, tokens/sec: 29334.49 ± 451.28, tokens seen: 1643642880, grad norm: 0.4883
[iter 12550]loss: 3.1150, tokens/sec: 29334.51 ± 451.10, tokens seen: 1644953600, grad norm: 0.5003
[iter 12560]loss: 3.0490, tokens/sec: 29334.50 ± 450.92, tokens seen: 1646264320, grad norm: 0.5184
[iter 12570]loss: 3.3237, tokens/sec: 29334.52 ± 450.74, tokens seen: 1647575040, grad norm: 0.5811
[iter 12580]loss: 3.2122, tokens/sec: 29334.54 ± 450.57, tokens seen: 1648885760, grad norm: 0.6598
[iter 12590]loss: 3.0391, tokens/sec: 29334.56 ± 450.39, tokens seen: 1650196480, grad norm: 0.4383
[iter 12600]loss: 3.2334, tokens/sec: 29334.58 ± 450.21, tokens seen: 1651507200, grad norm: 0.4664
[iter 12610]loss: 3.1237, tokens/sec: 29334.60 ± 450.03, tokens seen: 1652817920, grad norm: 0.4429
[iter 12620]loss: 3.1206, tokens/sec: 29334.62 ± 449.85, tokens seen: 1654128640, grad norm: 0.5055
[iter 12630]loss: 2.8891, tokens/sec: 29334.65 ± 449.68, tokens seen: 1655439360, grad norm: 0.5577
[iter 12640]loss: 3.1864, tokens/sec: 29334.67 ± 449.50, tokens seen: 1656750080, grad norm: 0.6848
[iter 12650]loss: 3.0602, tokens/sec: 29334.69 ± 449.32, tokens seen: 1658060800, grad norm: 0.5308
[iter 12660]loss: 3.2348, tokens/sec: 29334.71 ± 449.15, tokens seen: 1659371520, grad norm: 0.4967
[iter 12670]loss: 2.8792, tokens/sec: 29334.73 ± 448.97, tokens seen: 1660682240, grad norm: 0.5042
[iter 12680]loss: 3.2675, tokens/sec: 29334.21 ± 452.27, tokens seen: 1661992960, grad norm: 0.4334
[iter 12690]loss: 3.2505, tokens/sec: 29334.23 ± 452.09, tokens seen: 1663303680, grad norm: 0.5954
[iter 12700]loss: 3.1159, tokens/sec: 29334.25 ± 451.92, tokens seen: 1664614400, grad norm: 0.4609
[iter 12710]loss: 3.2596, tokens/sec: 29334.28 ± 451.74, tokens seen: 1665925120, grad norm: 0.5284
[iter 12720]loss: 3.4776, tokens/sec: 29334.30 ± 451.56, tokens seen: 1667235840, grad norm: 0.4590
[iter 12730]loss: 3.2466, tokens/sec: 29334.31 ± 451.39, tokens seen: 1668546560, grad norm: 0.4324
[iter 12740]loss: 3.0797, tokens/sec: 29334.33 ± 451.21, tokens seen: 1669857280, grad norm: 0.4225
[iter 12750]loss: 2.8347, tokens/sec: 29334.35 ± 451.03, tokens seen: 1671168000, grad norm: 0.4489
[iter 12760]loss: 3.1007, tokens/sec: 29334.37 ± 450.86, tokens seen: 1672478720, grad norm: 0.5472
[iter 12770]loss: 2.9888, tokens/sec: 29334.39 ± 450.68, tokens seen: 1673789440, grad norm: 0.7091
[iter 12780]loss: 3.1783, tokens/sec: 29334.41 ± 450.50, tokens seen: 1675100160, grad norm: 0.5060
[iter 12790]loss: 2.9817, tokens/sec: 29334.43 ± 450.33, tokens seen: 1676410880, grad norm: 0.6580
[iter 12800]loss: 2.9960, tokens/sec: 29334.09 ± 451.92, tokens seen: 1677721600, grad norm: 0.4913
[iter 12810]loss: 3.3142, tokens/sec: 29334.11 ± 451.74, tokens seen: 1679032320, grad norm: 0.5104
[iter 12820]loss: 3.1186, tokens/sec: 29334.12 ± 451.57, tokens seen: 1680343040, grad norm: 0.5143
[iter 12830]loss: 3.1629, tokens/sec: 29334.13 ± 451.39, tokens seen: 1681653760, grad norm: 0.4366
[iter 12840]loss: 2.8549, tokens/sec: 29334.15 ± 451.22, tokens seen: 1682964480, grad norm: 0.4956
[iter 12850]loss: 3.0941, tokens/sec: 29334.17 ± 451.04, tokens seen: 1684275200, grad norm: 0.5657
[iter 12860]loss: 3.1022, tokens/sec: 29334.19 ± 450.87, tokens seen: 1685585920, grad norm: 0.5526
[iter 12870]loss: 3.0862, tokens/sec: 29334.21 ± 450.69, tokens seen: 1686896640, grad norm: 0.5262
[iter 12880]loss: 2.9568, tokens/sec: 29334.23 ± 450.52, tokens seen: 1688207360, grad norm: 0.6148
[iter 12890]loss: 3.0243, tokens/sec: 29334.26 ± 450.35, tokens seen: 1689518080, grad norm: 0.4541
[iter 12900]loss: 2.5842, tokens/sec: 29334.28 ± 450.17, tokens seen: 1690828800, grad norm: 0.5519
[iter 12910]loss: 2.9285, tokens/sec: 29334.30 ± 450.00, tokens seen: 1692139520, grad norm: 0.4529
[iter 12920]loss: 3.1243, tokens/sec: 29334.31 ± 449.82, tokens seen: 1693450240, grad norm: 0.5828
[iter 12930]loss: 3.1753, tokens/sec: 29334.34 ± 449.65, tokens seen: 1694760960, grad norm: 0.5151
[iter 12940]loss: 3.0937, tokens/sec: 29334.36 ± 449.48, tokens seen: 1696071680, grad norm: 0.4433
[iter 12950]loss: 3.0303, tokens/sec: 29334.38 ± 449.30, tokens seen: 1697382400, grad norm: 0.4971
[iter 12960]loss: 2.9927, tokens/sec: 29334.40 ± 449.13, tokens seen: 1698693120, grad norm: 0.4552
[iter 12970]loss: 3.3253, tokens/sec: 29334.42 ± 448.96, tokens seen: 1700003840, grad norm: 0.4827
[iter 12980]loss: 2.6790, tokens/sec: 29334.43 ± 448.79, tokens seen: 1701314560, grad norm: 0.4704
[iter 12990]loss: 3.0345, tokens/sec: 29334.45 ± 448.61, tokens seen: 1702625280, grad norm: 0.5235
[step 13000]train loss: 3.1056, val loss: 3.1065, (avg train loss: 0.3858 ± 0.0175), (avg grad norm: 0.5028 ± 0.0672)
saving checkpoint to ./out-owt-large-mhc-group-lora-midnorm-bs8-25000step
[iter 13000]loss: 2.9704, tokens/sec: 29334.45 ± 448.44, tokens seen: 1703936000, grad norm: 0.4558
[iter 13010]loss: 3.1099, tokens/sec: 29334.47 ± 448.27, tokens seen: 1705246720, grad norm: 0.4914
[iter 13020]loss: 3.1759, tokens/sec: 29334.49 ± 448.10, tokens seen: 1706557440, grad norm: 0.4387
[iter 13030]loss: 3.0417, tokens/sec: 29334.51 ± 447.93, tokens seen: 1707868160, grad norm: 0.4582
[iter 13040]loss: 3.0963, tokens/sec: 29334.52 ± 447.76, tokens seen: 1709178880, grad norm: 0.5431
[iter 13050]loss: 3.1485, tokens/sec: 29334.54 ± 447.59, tokens seen: 1710489600, grad norm: 0.4743
[iter 13060]loss: 3.2285, tokens/sec: 29334.55 ± 447.42, tokens seen: 1711800320, grad norm: 0.4405
[iter 13070]loss: 3.0489, tokens/sec: 29334.56 ± 447.24, tokens seen: 1713111040, grad norm: 0.4726
[iter 13080]loss: 3.1670, tokens/sec: 29334.57 ± 447.07, tokens seen: 1714421760, grad norm: 0.5089
[iter 13090]loss: 2.9073, tokens/sec: 29334.59 ± 446.90, tokens seen: 1715732480, grad norm: 0.5179
[iter 13100]loss: 3.2873, tokens/sec: 29334.60 ± 446.73, tokens seen: 1717043200, grad norm: 0.5487
[iter 13110]loss: 3.1877, tokens/sec: 29334.62 ± 446.56, tokens seen: 1718353920, grad norm: 0.4741
[iter 13120]loss: 3.2561, tokens/sec: 29334.63 ± 446.39, tokens seen: 1719664640, grad norm: 0.5594
[iter 13130]loss: 3.1605, tokens/sec: 29334.64 ± 446.22, tokens seen: 1720975360, grad norm: 0.4715
[iter 13140]loss: 3.1871, tokens/sec: 29334.66 ± 446.05, tokens seen: 1722286080, grad norm: 0.4750
[iter 13150]loss: 3.2916, tokens/sec: 29334.67 ± 445.88, tokens seen: 1723596800, grad norm: 0.5027
[iter 13160]loss: 3.0566, tokens/sec: 29334.69 ± 445.72, tokens seen: 1724907520, grad norm: 0.4914
[iter 13170]loss: 3.0380, tokens/sec: 29334.70 ± 445.55, tokens seen: 1726218240, grad norm: 0.4514
[iter 13180]loss: 2.9995, tokens/sec: 29334.70 ± 445.38, tokens seen: 1727528960, grad norm: 0.4875
[iter 13190]loss: 3.0122, tokens/sec: 29334.72 ± 445.21, tokens seen: 1728839680, grad norm: 0.5283
[iter 13200]loss: 3.3949, tokens/sec: 29334.73 ± 445.04, tokens seen: 1730150400, grad norm: 0.4569
[iter 13210]loss: 3.2021, tokens/sec: 29334.19 ± 449.35, tokens seen: 1731461120, grad norm: 0.5730
[iter 13220]loss: 2.8826, tokens/sec: 29333.86 ± 450.87, tokens seen: 1732771840, grad norm: 0.4842
[iter 13230]loss: 3.0936, tokens/sec: 29333.88 ± 450.70, tokens seen: 1734082560, grad norm: 0.4633
[iter 13240]loss: 3.2130, tokens/sec: 29333.90 ± 450.53, tokens seen: 1735393280, grad norm: 0.5314
[iter 13250]loss: 3.2412, tokens/sec: 29333.92 ± 450.36, tokens seen: 1736704000, grad norm: 0.4534
[iter 13260]loss: 3.0810, tokens/sec: 29333.93 ± 450.19, tokens seen: 1738014720, grad norm: 0.5572
[iter 13270]loss: 3.1268, tokens/sec: 29333.95 ± 450.02, tokens seen: 1739325440, grad norm: 0.4499
[iter 13280]loss: 2.8582, tokens/sec: 29333.97 ± 449.85, tokens seen: 1740636160, grad norm: 0.4866
[iter 13290]loss: 3.0491, tokens/sec: 29333.98 ± 449.68, tokens seen: 1741946880, grad norm: 0.4638
[iter 13300]loss: 3.0946, tokens/sec: 29334.00 ± 449.52, tokens seen: 1743257600, grad norm: 0.6898
[iter 13310]loss: 3.0615, tokens/sec: 29334.01 ± 449.35, tokens seen: 1744568320, grad norm: 0.7441
[iter 13320]loss: 2.9264, tokens/sec: 29334.02 ± 449.18, tokens seen: 1745879040, grad norm: 0.4914
[iter 13330]loss: 3.1465, tokens/sec: 29334.03 ± 449.01, tokens seen: 1747189760, grad norm: 0.5054
[iter 13340]loss: 3.2080, tokens/sec: 29334.04 ± 448.84, tokens seen: 1748500480, grad norm: 0.4613
[iter 13350]loss: 3.0879, tokens/sec: 29334.06 ± 448.67, tokens seen: 1749811200, grad norm: 0.4764
[iter 13360]loss: 3.1987, tokens/sec: 29334.06 ± 448.51, tokens seen: 1751121920, grad norm: 0.5776
[iter 13370]loss: 3.1614, tokens/sec: 29334.08 ± 448.34, tokens seen: 1752432640, grad norm: 0.4631
[iter 13380]loss: 3.2687, tokens/sec: 29334.09 ± 448.17, tokens seen: 1753743360, grad norm: 0.4836
[iter 13390]loss: 3.3717, tokens/sec: 29334.10 ± 448.00, tokens seen: 1755054080, grad norm: 0.5884
[iter 13400]loss: 3.0477, tokens/sec: 29334.12 ± 447.84, tokens seen: 1756364800, grad norm: 0.5245
[iter 13410]loss: 2.9901, tokens/sec: 29334.13 ± 447.67, tokens seen: 1757675520, grad norm: 43.0077
[iter 13420]loss: 3.0007, tokens/sec: 29334.14 ± 447.50, tokens seen: 1758986240, grad norm: 0.5170
[iter 13430]loss: 3.0753, tokens/sec: 29334.15 ± 447.34, tokens seen: 1760296960, grad norm: 1.3521
[iter 13440]loss: 3.0702, tokens/sec: 29334.16 ± 447.17, tokens seen: 1761607680, grad norm: 0.5039
[iter 13450]loss: 2.9170, tokens/sec: 29334.18 ± 447.01, tokens seen: 1762918400, grad norm: 0.7352
[iter 13460]loss: 3.1084, tokens/sec: 29334.19 ± 446.84, tokens seen: 1764229120, grad norm: 0.9251
[iter 13470]loss: 3.2893, tokens/sec: 29334.21 ± 446.68, tokens seen: 1765539840, grad norm: 0.4520
[iter 13480]loss: 3.2040, tokens/sec: 29334.23 ± 446.51, tokens seen: 1766850560, grad norm: 0.5742
[iter 13490]loss: 3.0354, tokens/sec: 29334.24 ± 446.35, tokens seen: 1768161280, grad norm: 0.5550
[step 13500]train loss: 3.1056, val loss: 3.1104, (avg train loss: 0.3881 ± 0.0187), (avg grad norm: 1.2832 ± 5.0563)
[iter 13500]loss: 2.9674, tokens/sec: 29334.25 ± 446.18, tokens seen: 1769472000, grad norm: 0.8964
[iter 13510]loss: 3.0294, tokens/sec: 29334.26 ± 446.02, tokens seen: 1770782720, grad norm: 0.5200
[iter 13520]loss: 3.1618, tokens/sec: 29334.27 ± 445.85, tokens seen: 1772093440, grad norm: 0.6604
[iter 13530]loss: 3.0874, tokens/sec: 29334.29 ± 445.69, tokens seen: 1773404160, grad norm: 0.6441
[iter 13540]loss: 3.2516, tokens/sec: 29334.31 ± 445.52, tokens seen: 1774714880, grad norm: 0.4911
[iter 13550]loss: 2.8999, tokens/sec: 29334.33 ± 445.36, tokens seen: 1776025600, grad norm: 0.5210
[iter 13560]loss: 3.0793, tokens/sec: 29334.35 ± 445.20, tokens seen: 1777336320, grad norm: 0.5456
[iter 13570]loss: 3.1249, tokens/sec: 29334.36 ± 445.03, tokens seen: 1778647040, grad norm: 0.6532
[iter 13580]loss: 3.0054, tokens/sec: 29334.38 ± 444.87, tokens seen: 1779957760, grad norm: 0.7528
[iter 13590]loss: 3.2336, tokens/sec: 29334.40 ± 444.71, tokens seen: 1781268480, grad norm: 0.5658
[iter 13600]loss: 3.3025, tokens/sec: 29334.42 ± 444.54, tokens seen: 1782579200, grad norm: 0.7544
[iter 13610]loss: 2.8438, tokens/sec: 29334.44 ± 444.38, tokens seen: 1783889920, grad norm: 0.5858
[iter 13620]loss: 3.0833, tokens/sec: 29334.46 ± 444.22, tokens seen: 1785200640, grad norm: 0.4733
[iter 13630]loss: 3.0139, tokens/sec: 29334.48 ± 444.05, tokens seen: 1786511360, grad norm: 2.7629
[iter 13640]loss: 3.0846, tokens/sec: 29334.16 ± 445.64, tokens seen: 1787822080, grad norm: 0.5223
[iter 13650]loss: 2.9431, tokens/sec: 29334.17 ± 445.48, tokens seen: 1789132800, grad norm: 0.4553
[iter 13660]loss: 2.9760, tokens/sec: 29334.19 ± 445.31, tokens seen: 1790443520, grad norm: 0.5423
[iter 13670]loss: 3.0709, tokens/sec: 29334.21 ± 445.15, tokens seen: 1791754240, grad norm: 0.6422
[iter 13680]loss: 3.0714, tokens/sec: 29334.23 ± 444.99, tokens seen: 1793064960, grad norm: 0.4797
[iter 13690]loss: 3.0981, tokens/sec: 29334.25 ± 444.83, tokens seen: 1794375680, grad norm: 0.5241
[iter 13700]loss: 3.1468, tokens/sec: 29334.27 ± 444.67, tokens seen: 1795686400, grad norm: 0.5095
[iter 13710]loss: 3.2031, tokens/sec: 29334.30 ± 444.50, tokens seen: 1796997120, grad norm: 0.4751
[iter 13720]loss: 3.0707, tokens/sec: 29334.32 ± 444.34, tokens seen: 1798307840, grad norm: 1.7202
[iter 13730]loss: 3.0937, tokens/sec: 29334.34 ± 444.18, tokens seen: 1799618560, grad norm: 0.4721
[iter 13740]loss: 3.2274, tokens/sec: 29333.87 ± 447.55, tokens seen: 1800929280, grad norm: 0.5777
[iter 13750]loss: 3.0576, tokens/sec: 29333.88 ± 447.38, tokens seen: 1802240000, grad norm: 0.5082
[iter 13760]loss: 2.9031, tokens/sec: 29333.90 ± 447.22, tokens seen: 1803550720, grad norm: 0.4351
[iter 13770]loss: 3.1106, tokens/sec: 29333.91 ± 447.06, tokens seen: 1804861440, grad norm: 0.4610
[iter 13780]loss: 3.0834, tokens/sec: 29333.93 ± 446.90, tokens seen: 1806172160, grad norm: 0.5020
[iter 13790]loss: 3.4170, tokens/sec: 29333.94 ± 446.74, tokens seen: 1807482880, grad norm: 0.4436
[iter 13800]loss: 3.0246, tokens/sec: 29333.96 ± 446.57, tokens seen: 1808793600, grad norm: 0.4642
[iter 13810]loss: 3.0623, tokens/sec: 29333.97 ± 446.41, tokens seen: 1810104320, grad norm: 0.5703
[iter 13820]loss: 2.9758, tokens/sec: 29333.99 ± 446.25, tokens seen: 1811415040, grad norm: 0.5184
[iter 13830]loss: 3.1006, tokens/sec: 29334.01 ± 446.09, tokens seen: 1812725760, grad norm: 0.4402
[iter 13840]loss: 3.0103, tokens/sec: 29334.03 ± 445.93, tokens seen: 1814036480, grad norm: 0.5007
[iter 13850]loss: 3.1405, tokens/sec: 29334.05 ± 445.77, tokens seen: 1815347200, grad norm: 0.4970
[iter 13860]loss: 3.1929, tokens/sec: 29334.07 ± 445.61, tokens seen: 1816657920, grad norm: 0.4746
[iter 13870]loss: 2.9494, tokens/sec: 29334.09 ± 445.45, tokens seen: 1817968640, grad norm: 0.4962
[iter 13880]loss: 2.8676, tokens/sec: 29334.11 ± 445.29, tokens seen: 1819279360, grad norm: 0.5844
[iter 13890]loss: 3.0722, tokens/sec: 29334.13 ± 445.13, tokens seen: 1820590080, grad norm: 0.5286
[iter 13900]loss: 3.0664, tokens/sec: 29334.15 ± 444.97, tokens seen: 1821900800, grad norm: 0.4474
[iter 13910]loss: 3.0605, tokens/sec: 29334.17 ± 444.81, tokens seen: 1823211520, grad norm: 0.4677
[iter 13920]loss: 2.9890, tokens/sec: 29334.19 ± 444.65, tokens seen: 1824522240, grad norm: 0.5107
[iter 13930]loss: 3.1687, tokens/sec: 29334.20 ± 444.49, tokens seen: 1825832960, grad norm: 0.4486
[iter 13940]loss: 3.1568, tokens/sec: 29334.21 ± 444.33, tokens seen: 1827143680, grad norm: 0.4476
[iter 13950]loss: 3.1960, tokens/sec: 29334.23 ± 444.18, tokens seen: 1828454400, grad norm: 0.5424
[iter 13960]loss: 3.1361, tokens/sec: 29334.24 ± 444.02, tokens seen: 1829765120, grad norm: 0.4790
[iter 13970]loss: 3.1930, tokens/sec: 29334.26 ± 443.86, tokens seen: 1831075840, grad norm: 0.4511
[iter 13980]loss: 3.3127, tokens/sec: 29334.27 ± 443.70, tokens seen: 1832386560, grad norm: 0.4998
[iter 13990]loss: 3.0571, tokens/sec: 29334.29 ± 443.54, tokens seen: 1833697280, grad norm: 0.4914
[step 14000]train loss: 3.0926, val loss: 3.0976, (avg train loss: 0.3854 ± 0.0175), (avg grad norm: 0.5062 ± 0.0625)
saving checkpoint to ./out-owt-large-mhc-group-lora-midnorm-bs8-25000step
[iter 14000]loss: 3.1876, tokens/sec: 29334.30 ± 443.38, tokens seen: 1835008000, grad norm: 0.4496
[iter 14010]loss: 2.9145, tokens/sec: 29334.33 ± 443.23, tokens seen: 1836318720, grad norm: 0.4825
[iter 14020]loss: 2.9848, tokens/sec: 29334.34 ± 443.07, tokens seen: 1837629440, grad norm: 0.4607
[iter 14030]loss: 3.3020, tokens/sec: 29334.36 ± 442.91, tokens seen: 1838940160, grad norm: 0.6083
[iter 14040]loss: 3.0230, tokens/sec: 29334.37 ± 442.75, tokens seen: 1840250880, grad norm: 0.4827
[iter 14050]loss: 3.1575, tokens/sec: 29334.06 ± 444.31, tokens seen: 1841561600, grad norm: 0.4914
[iter 14060]loss: 3.0791, tokens/sec: 29334.08 ± 444.16, tokens seen: 1842872320, grad norm: 0.5888
[iter 14070]loss: 3.2375, tokens/sec: 29334.09 ± 444.00, tokens seen: 1844183040, grad norm: 0.5454
[iter 14080]loss: 3.3386, tokens/sec: 29334.11 ± 443.84, tokens seen: 1845493760, grad norm: 0.4876
[iter 14090]loss: 3.1193, tokens/sec: 29334.13 ± 443.68, tokens seen: 1846804480, grad norm: 0.5261
[iter 14100]loss: 3.0375, tokens/sec: 29334.14 ± 443.53, tokens seen: 1848115200, grad norm: 0.6070
[iter 14110]loss: 2.4998, tokens/sec: 29334.16 ± 443.37, tokens seen: 1849425920, grad norm: 0.4676
[iter 14120]loss: 3.1791, tokens/sec: 29334.18 ± 443.21, tokens seen: 1850736640, grad norm: 0.6330
[iter 14130]loss: 2.9561, tokens/sec: 29334.19 ± 443.06, tokens seen: 1852047360, grad norm: 0.4904
[iter 14140]loss: 3.1004, tokens/sec: 29334.21 ± 442.90, tokens seen: 1853358080, grad norm: 0.4351
[iter 14150]loss: 2.9948, tokens/sec: 29334.22 ± 442.75, tokens seen: 1854668800, grad norm: 0.5983
[iter 14160]loss: 3.0246, tokens/sec: 29334.24 ± 442.59, tokens seen: 1855979520, grad norm: 0.5083
[iter 14170]loss: 2.7294, tokens/sec: 29334.26 ± 442.43, tokens seen: 1857290240, grad norm: 0.4747
[iter 14180]loss: 2.6891, tokens/sec: 29334.28 ± 442.28, tokens seen: 1858600960, grad norm: 0.5054
[iter 14190]loss: 3.2358, tokens/sec: 29334.29 ± 442.12, tokens seen: 1859911680, grad norm: 0.4891
[iter 14200]loss: 3.0237, tokens/sec: 29334.31 ± 441.97, tokens seen: 1861222400, grad norm: 0.4476
[iter 14210]loss: 2.7210, tokens/sec: 29334.33 ± 441.81, tokens seen: 1862533120, grad norm: 0.5121
[iter 14220]loss: 3.0033, tokens/sec: 29334.35 ± 441.66, tokens seen: 1863843840, grad norm: 0.5738
[iter 14230]loss: 2.9253, tokens/sec: 29334.37 ± 441.50, tokens seen: 1865154560, grad norm: 0.5250
[iter 14240]loss: 3.1347, tokens/sec: 29334.38 ± 441.35, tokens seen: 1866465280, grad norm: 0.4548
[iter 14250]loss: 3.3111, tokens/sec: 29334.40 ± 441.20, tokens seen: 1867776000, grad norm: 0.5475
[iter 14260]loss: 3.3061, tokens/sec: 29334.42 ± 441.04, tokens seen: 1869086720, grad norm: 0.5781
[iter 14270]loss: 3.2376, tokens/sec: 29334.00 ± 444.04, tokens seen: 1870397440, grad norm: 0.4543
[iter 14280]loss: 3.1705, tokens/sec: 29334.02 ± 443.89, tokens seen: 1871708160, grad norm: 0.4830
[iter 14290]loss: 3.1305, tokens/sec: 29334.03 ± 443.73, tokens seen: 1873018880, grad norm: 0.4721
[iter 14300]loss: 3.2292, tokens/sec: 29334.05 ± 443.58, tokens seen: 1874329600, grad norm: 0.5239
[iter 14310]loss: 3.1081, tokens/sec: 29334.07 ± 443.42, tokens seen: 1875640320, grad norm: 0.5155
[iter 14320]loss: 3.0973, tokens/sec: 29334.09 ± 443.27, tokens seen: 1876951040, grad norm: 0.4838
[iter 14330]loss: 3.1866, tokens/sec: 29334.11 ± 443.12, tokens seen: 1878261760, grad norm: 0.5350
[iter 14340]loss: 3.0224, tokens/sec: 29334.13 ± 442.96, tokens seen: 1879572480, grad norm: 0.5162
[iter 14350]loss: 2.9137, tokens/sec: 29334.15 ± 442.81, tokens seen: 1880883200, grad norm: 0.4555
[iter 14360]loss: 3.0276, tokens/sec: 29334.17 ± 442.66, tokens seen: 1882193920, grad norm: 0.4969
[iter 14370]loss: 2.9230, tokens/sec: 29334.19 ± 442.50, tokens seen: 1883504640, grad norm: 0.4989
[iter 14380]loss: 2.9606, tokens/sec: 29334.21 ± 442.35, tokens seen: 1884815360, grad norm: 0.4829
[iter 14390]loss: 3.0448, tokens/sec: 29334.23 ± 442.20, tokens seen: 1886126080, grad norm: 0.6376
[iter 14400]loss: 2.9643, tokens/sec: 29334.25 ± 442.04, tokens seen: 1887436800, grad norm: 0.4515
[iter 14410]loss: 2.9869, tokens/sec: 29334.27 ± 441.89, tokens seen: 1888747520, grad norm: 0.4624
[iter 14420]loss: 3.1161, tokens/sec: 29334.29 ± 441.74, tokens seen: 1890058240, grad norm: 0.5100
[iter 14430]loss: 2.9321, tokens/sec: 29334.31 ± 441.59, tokens seen: 1891368960, grad norm: 0.5112
[iter 14440]loss: 2.9576, tokens/sec: 29334.33 ± 441.43, tokens seen: 1892679680, grad norm: 0.5312
[iter 14450]loss: 3.1850, tokens/sec: 29334.34 ± 441.28, tokens seen: 1893990400, grad norm: 0.4866
[iter 14460]loss: 3.0049, tokens/sec: 29334.36 ± 441.13, tokens seen: 1895301120, grad norm: 0.6547
[iter 14470]loss: 3.0067, tokens/sec: 29334.07 ± 442.54, tokens seen: 1896611840, grad norm: 0.4962
[iter 14480]loss: 2.9875, tokens/sec: 29334.09 ± 442.39, tokens seen: 1897922560, grad norm: 0.5888
[iter 14490]loss: 3.0758, tokens/sec: 29334.11 ± 442.23, tokens seen: 1899233280, grad norm: 0.6032
[step 14500]train loss: 3.0563, val loss: 3.0814, (avg train loss: 0.3836 ± 0.0163), (avg grad norm: 0.5056 ± 0.0726)
saving checkpoint to ./out-owt-large-mhc-group-lora-midnorm-bs8-25000step
[iter 14500]loss: 3.1021, tokens/sec: 29334.14 ± 442.08, tokens seen: 1900544000, grad norm: 0.4540
[iter 14510]loss: 3.1756, tokens/sec: 29334.16 ± 441.93, tokens seen: 1901854720, grad norm: 0.4963
[iter 14520]loss: 3.2432, tokens/sec: 29334.18 ± 441.78, tokens seen: 1903165440, grad norm: 0.4711
[iter 14530]loss: 3.1433, tokens/sec: 29334.20 ± 441.63, tokens seen: 1904476160, grad norm: 0.4680
[iter 14540]loss: 2.8743, tokens/sec: 29334.21 ± 441.48, tokens seen: 1905786880, grad norm: 0.4710
[iter 14550]loss: 3.0868, tokens/sec: 29334.23 ± 441.33, tokens seen: 1907097600, grad norm: 0.5748
[iter 14560]loss: 2.8502, tokens/sec: 29334.25 ± 441.18, tokens seen: 1908408320, grad norm: 0.5041
[iter 14570]loss: 3.0546, tokens/sec: 29334.27 ± 441.02, tokens seen: 1909719040, grad norm: 0.5194
[iter 14580]loss: 3.3442, tokens/sec: 29334.29 ± 440.87, tokens seen: 1911029760, grad norm: 0.5055
[iter 14590]loss: 2.9225, tokens/sec: 29334.31 ± 440.72, tokens seen: 1912340480, grad norm: 0.4791
[iter 14600]loss: 3.1108, tokens/sec: 29334.33 ± 440.57, tokens seen: 1913651200, grad norm: 0.4664
[iter 14610]loss: 2.9759, tokens/sec: 29334.34 ± 440.42, tokens seen: 1914961920, grad norm: 0.4893
[iter 14620]loss: 2.9985, tokens/sec: 29334.36 ± 440.27, tokens seen: 1916272640, grad norm: 0.4702
[iter 14630]loss: 2.7782, tokens/sec: 29334.38 ± 440.12, tokens seen: 1917583360, grad norm: 0.4507
[iter 14640]loss: 2.9023, tokens/sec: 29334.40 ± 439.97, tokens seen: 1918894080, grad norm: 0.4674
[iter 14650]loss: 3.1636, tokens/sec: 29334.42 ± 439.82, tokens seen: 1920204800, grad norm: 0.5117
[iter 14660]loss: 3.1287, tokens/sec: 29334.44 ± 439.67, tokens seen: 1921515520, grad norm: 0.4989
[iter 14670]loss: 3.2105, tokens/sec: 29334.46 ± 439.52, tokens seen: 1922826240, grad norm: 0.7114
[iter 14680]loss: 3.2699, tokens/sec: 29334.48 ± 439.38, tokens seen: 1924136960, grad norm: 0.4895
[iter 14690]loss: 3.0064, tokens/sec: 29334.50 ± 439.23, tokens seen: 1925447680, grad norm: 0.4937
[iter 14700]loss: 3.0552, tokens/sec: 29334.52 ± 439.08, tokens seen: 1926758400, grad norm: 0.6125
[iter 14710]loss: 3.2906, tokens/sec: 29334.53 ± 438.93, tokens seen: 1928069120, grad norm: 0.4933
[iter 14720]loss: 2.8708, tokens/sec: 29334.55 ± 438.78, tokens seen: 1929379840, grad norm: 0.6364
[iter 14730]loss: 2.7863, tokens/sec: 29334.57 ± 438.63, tokens seen: 1930690560, grad norm: 0.4519
[iter 14740]loss: 3.1765, tokens/sec: 29334.59 ± 438.48, tokens seen: 1932001280, grad norm: 0.4530
[iter 14750]loss: 2.9041, tokens/sec: 29334.61 ± 438.34, tokens seen: 1933312000, grad norm: 0.4494
[iter 14760]loss: 3.0496, tokens/sec: 29334.62 ± 438.19, tokens seen: 1934622720, grad norm: 0.4755
[iter 14770]loss: 3.1202, tokens/sec: 29334.64 ± 438.04, tokens seen: 1935933440, grad norm: 0.4684
[iter 14780]loss: 2.9142, tokens/sec: 29334.66 ± 437.89, tokens seen: 1937244160, grad norm: 0.6686
[iter 14790]loss: 3.3783, tokens/sec: 29334.68 ± 437.75, tokens seen: 1938554880, grad norm: 0.4540
[iter 14800]loss: 3.0097, tokens/sec: 29334.28 ± 440.53, tokens seen: 1939865600, grad norm: 0.5007
[iter 14810]loss: 3.0071, tokens/sec: 29334.29 ± 440.38, tokens seen: 1941176320, grad norm: 0.4897
[iter 14820]loss: 3.2568, tokens/sec: 29334.31 ± 440.23, tokens seen: 1942487040, grad norm: 0.4662
[iter 14830]loss: 3.0569, tokens/sec: 29334.32 ± 440.09, tokens seen: 1943797760, grad norm: 0.4603
[iter 14840]loss: 3.0723, tokens/sec: 29334.34 ± 439.94, tokens seen: 1945108480, grad norm: 0.4496
[iter 14850]loss: 3.3804, tokens/sec: 29334.35 ± 439.79, tokens seen: 1946419200, grad norm: 0.4940
[iter 14860]loss: 3.0950, tokens/sec: 29334.37 ± 439.64, tokens seen: 1947729920, grad norm: 0.4702
[iter 14870]loss: 2.9893, tokens/sec: 29334.39 ± 439.50, tokens seen: 1949040640, grad norm: 0.4668
[iter 14880]loss: 2.9347, tokens/sec: 29334.11 ± 440.87, tokens seen: 1950351360, grad norm: 0.5192
[iter 14890]loss: 3.0616, tokens/sec: 29334.13 ± 440.72, tokens seen: 1951662080, grad norm: 0.4542
[iter 14900]loss: 2.8874, tokens/sec: 29334.14 ± 440.57, tokens seen: 1952972800, grad norm: 0.5119
[iter 14910]loss: 3.0055, tokens/sec: 29334.16 ± 440.42, tokens seen: 1954283520, grad norm: 0.5354
[iter 14920]loss: 2.8981, tokens/sec: 29334.18 ± 440.28, tokens seen: 1955594240, grad norm: 0.5977
[iter 14930]loss: 3.2280, tokens/sec: 29334.20 ± 440.13, tokens seen: 1956904960, grad norm: 0.4711
[iter 14940]loss: 3.1924, tokens/sec: 29334.22 ± 439.98, tokens seen: 1958215680, grad norm: 0.5150
[iter 14950]loss: 3.1683, tokens/sec: 29334.24 ± 439.84, tokens seen: 1959526400, grad norm: 0.5275
[iter 14960]loss: 2.8742, tokens/sec: 29334.26 ± 439.69, tokens seen: 1960837120, grad norm: 0.4992
[iter 14970]loss: 2.9272, tokens/sec: 29334.27 ± 439.54, tokens seen: 1962147840, grad norm: 0.5034
[iter 14980]loss: 3.3112, tokens/sec: 29334.29 ± 439.40, tokens seen: 1963458560, grad norm: 0.4670
[iter 14990]loss: 3.1443, tokens/sec: 29334.31 ± 439.25, tokens seen: 1964769280, grad norm: 0.6749
[step 15000]train loss: 3.0699, val loss: 3.0651, (avg train loss: 0.3848 ± 0.0161), (avg grad norm: 0.5087 ± 0.0797)
saving checkpoint to ./out-owt-large-mhc-group-lora-midnorm-bs8-25000step
[iter 15000]loss: 3.3507, tokens/sec: 29334.33 ± 439.11, tokens seen: 1966080000, grad norm: 0.4832
[iter 15010]loss: 3.0921, tokens/sec: 29334.35 ± 438.96, tokens seen: 1967390720, grad norm: 0.5222
[iter 15020]loss: 3.2474, tokens/sec: 29334.37 ± 438.81, tokens seen: 1968701440, grad norm: 0.4697
[iter 15030]loss: 2.9060, tokens/sec: 29334.39 ± 438.67, tokens seen: 1970012160, grad norm: 0.4735
[iter 15040]loss: 3.1994, tokens/sec: 29334.41 ± 438.52, tokens seen: 1971322880, grad norm: 0.4975
[iter 15050]loss: 2.9612, tokens/sec: 29334.42 ± 438.38, tokens seen: 1972633600, grad norm: 0.4726
[iter 15060]loss: 3.2807, tokens/sec: 29334.44 ± 438.23, tokens seen: 1973944320, grad norm: 0.4744
[iter 15070]loss: 3.0530, tokens/sec: 29334.46 ± 438.09, tokens seen: 1975255040, grad norm: 0.4579
[iter 15080]loss: 3.0379, tokens/sec: 29334.48 ± 437.94, tokens seen: 1976565760, grad norm: 0.5065
[iter 15090]loss: 2.9910, tokens/sec: 29334.50 ± 437.80, tokens seen: 1977876480, grad norm: 0.4675
[iter 15100]loss: 3.0149, tokens/sec: 29334.51 ± 437.66, tokens seen: 1979187200, grad norm: 0.4714
[iter 15110]loss: 3.0607, tokens/sec: 29334.53 ± 437.51, tokens seen: 1980497920, grad norm: 0.4441
[iter 15120]loss: 3.1598, tokens/sec: 29334.55 ± 437.37, tokens seen: 1981808640, grad norm: 0.4610
[iter 15130]loss: 3.0447, tokens/sec: 29334.57 ± 437.22, tokens seen: 1983119360, grad norm: 0.5542
[iter 15140]loss: 3.0266, tokens/sec: 29334.59 ± 437.08, tokens seen: 1984430080, grad norm: 0.5297
[iter 15150]loss: 2.9712, tokens/sec: 29334.60 ± 436.94, tokens seen: 1985740800, grad norm: 0.5889
[iter 15160]loss: 3.1972, tokens/sec: 29334.62 ± 436.79, tokens seen: 1987051520, grad norm: 0.4539
[iter 15170]loss: 3.1199, tokens/sec: 29334.63 ± 436.65, tokens seen: 1988362240, grad norm: 0.5043
[iter 15180]loss: 3.1013, tokens/sec: 29334.65 ± 436.51, tokens seen: 1989672960, grad norm: 0.4629
[iter 15190]loss: 2.9306, tokens/sec: 29334.67 ± 436.36, tokens seen: 1990983680, grad norm: 0.4887
[iter 15200]loss: 3.2736, tokens/sec: 29334.69 ± 436.22, tokens seen: 1992294400, grad norm: 0.4940
[iter 15210]loss: 3.1089, tokens/sec: 29334.71 ± 436.08, tokens seen: 1993605120, grad norm: 0.5763
[iter 15220]loss: 2.8348, tokens/sec: 29334.73 ± 435.93, tokens seen: 1994915840, grad norm: 0.5199
[iter 15230]loss: 3.1197, tokens/sec: 29334.74 ± 435.79, tokens seen: 1996226560, grad norm: 0.4648
[iter 15240]loss: 3.0585, tokens/sec: 29334.76 ± 435.65, tokens seen: 1997537280, grad norm: 0.4941
[iter 15250]loss: 3.0865, tokens/sec: 29334.78 ± 435.51, tokens seen: 1998848000, grad norm: 0.5523
[iter 15260]loss: 3.0495, tokens/sec: 29334.80 ± 435.36, tokens seen: 2000158720, grad norm: 0.4733
[iter 15270]loss: 3.1210, tokens/sec: 29334.82 ± 435.22, tokens seen: 2001469440, grad norm: 0.5187
[iter 15280]loss: 3.0462, tokens/sec: 29334.84 ± 435.08, tokens seen: 2002780160, grad norm: 0.5207
[iter 15290]loss: 2.9828, tokens/sec: 29334.85 ± 434.94, tokens seen: 2004090880, grad norm: 0.4914
[iter 15300]loss: 3.2917, tokens/sec: 29334.58 ± 436.30, tokens seen: 2005401600, grad norm: 0.4667
[iter 15310]loss: 2.9526, tokens/sec: 29334.60 ± 436.15, tokens seen: 2006712320, grad norm: 0.5690
[iter 15320]loss: 3.3163, tokens/sec: 29334.61 ± 436.01, tokens seen: 2008023040, grad norm: 0.4831
[iter 15330]loss: 3.1579, tokens/sec: 29334.22 ± 438.78, tokens seen: 2009333760, grad norm: 0.4875
[iter 15340]loss: 3.1881, tokens/sec: 29334.24 ± 438.64, tokens seen: 2010644480, grad norm: 0.4798
[iter 15350]loss: 3.0857, tokens/sec: 29334.25 ± 438.50, tokens seen: 2011955200, grad norm: 0.5617
[iter 15360]loss: 3.3164, tokens/sec: 29334.26 ± 438.35, tokens seen: 2013265920, grad norm: 0.5473
[iter 15370]loss: 2.9624, tokens/sec: 29334.28 ± 438.21, tokens seen: 2014576640, grad norm: 0.5713
[iter 15380]loss: 3.2021, tokens/sec: 29334.29 ± 438.07, tokens seen: 2015887360, grad norm: 0.5584
[iter 15390]loss: 3.0882, tokens/sec: 29334.31 ± 437.93, tokens seen: 2017198080, grad norm: 0.4724
[iter 15400]loss: 2.8904, tokens/sec: 29334.32 ± 437.79, tokens seen: 2018508800, grad norm: 0.4986
[iter 15410]loss: 2.9316, tokens/sec: 29334.34 ± 437.65, tokens seen: 2019819520, grad norm: 0.5706
[iter 15420]loss: 3.1243, tokens/sec: 29334.36 ± 437.50, tokens seen: 2021130240, grad norm: 0.5539
[iter 15430]loss: 3.0339, tokens/sec: 29334.37 ± 437.36, tokens seen: 2022440960, grad norm: 0.5520
[iter 15440]loss: 2.9734, tokens/sec: 29334.39 ± 437.22, tokens seen: 2023751680, grad norm: 0.4919
[iter 15450]loss: 2.8581, tokens/sec: 29334.40 ± 437.08, tokens seen: 2025062400, grad norm: 0.5049
[iter 15460]loss: 2.9855, tokens/sec: 29334.41 ± 436.94, tokens seen: 2026373120, grad norm: 0.4946
[iter 15470]loss: 2.9264, tokens/sec: 29334.42 ± 436.80, tokens seen: 2027683840, grad norm: 0.5200
[iter 15480]loss: 2.9328, tokens/sec: 29334.43 ± 436.66, tokens seen: 2028994560, grad norm: 0.4642
[iter 15490]loss: 2.9939, tokens/sec: 29334.45 ± 436.52, tokens seen: 2030305280, grad norm: 0.4808
[step 15500]train loss: 3.0420, val loss: 3.0664, (avg train loss: 0.3829 ± 0.0157), (avg grad norm: 0.5134 ± 0.0485)
[iter 15500]loss: 3.0139, tokens/sec: 29334.45 ± 436.38, tokens seen: 2031616000, grad norm: 0.6454
[iter 15510]loss: 2.8593, tokens/sec: 29334.47 ± 436.24, tokens seen: 2032926720, grad norm: 0.4663
[iter 15520]loss: 3.0596, tokens/sec: 29334.49 ± 436.10, tokens seen: 2034237440, grad norm: 0.4568
[iter 15530]loss: 2.8399, tokens/sec: 29334.50 ± 435.96, tokens seen: 2035548160, grad norm: 0.5832
[iter 15540]loss: 3.0818, tokens/sec: 29334.52 ± 435.82, tokens seen: 2036858880, grad norm: 0.4662
[iter 15550]loss: 3.1630, tokens/sec: 29334.54 ± 435.68, tokens seen: 2038169600, grad norm: 0.4701
[iter 15560]loss: 3.2139, tokens/sec: 29334.55 ± 435.54, tokens seen: 2039480320, grad norm: 0.4710
[iter 15570]loss: 2.8556, tokens/sec: 29334.57 ± 435.40, tokens seen: 2040791040, grad norm: 0.4929
[iter 15580]loss: 2.9498, tokens/sec: 29334.59 ± 435.26, tokens seen: 2042101760, grad norm: 0.4782
[iter 15590]loss: 3.1468, tokens/sec: 29334.60 ± 435.12, tokens seen: 2043412480, grad norm: 0.4678
[iter 15600]loss: 3.0524, tokens/sec: 29334.62 ± 434.98, tokens seen: 2044723200, grad norm: 0.4912
[iter 15610]loss: 3.1213, tokens/sec: 29334.64 ± 434.84, tokens seen: 2046033920, grad norm: 0.4705
[iter 15620]loss: 3.3012, tokens/sec: 29334.66 ± 434.70, tokens seen: 2047344640, grad norm: 0.4472
[iter 15630]loss: 3.1943, tokens/sec: 29334.67 ± 434.57, tokens seen: 2048655360, grad norm: 0.5910
[iter 15640]loss: 3.0101, tokens/sec: 29334.69 ± 434.43, tokens seen: 2049966080, grad norm: 0.5066
[iter 15650]loss: 3.1776, tokens/sec: 29334.71 ± 434.29, tokens seen: 2051276800, grad norm: 0.4765
[iter 15660]loss: 2.8594, tokens/sec: 29334.73 ± 434.15, tokens seen: 2052587520, grad norm: 0.5431
[iter 15670]loss: 3.1715, tokens/sec: 29334.75 ± 434.01, tokens seen: 2053898240, grad norm: 0.4814
[iter 15680]loss: 3.0552, tokens/sec: 29334.76 ± 433.88, tokens seen: 2055208960, grad norm: 0.5209
[iter 15690]loss: 3.0755, tokens/sec: 29334.78 ± 433.74, tokens seen: 2056519680, grad norm: 0.5407
[iter 15700]loss: 3.1741, tokens/sec: 29334.80 ± 433.60, tokens seen: 2057830400, grad norm: 0.4502
[iter 15710]loss: 3.0662, tokens/sec: 29334.53 ± 434.96, tokens seen: 2059141120, grad norm: 0.4478
[iter 15720]loss: 3.5063, tokens/sec: 29334.54 ± 434.82, tokens seen: 2060451840, grad norm: 0.4550
[iter 15730]loss: 2.9816, tokens/sec: 29334.56 ± 434.68, tokens seen: 2061762560, grad norm: 0.5039
[iter 15740]loss: 3.1349, tokens/sec: 29334.57 ± 434.55, tokens seen: 2063073280, grad norm: 0.5540
[iter 15750]loss: 3.2326, tokens/sec: 29334.59 ± 434.41, tokens seen: 2064384000, grad norm: 0.4719
[iter 15760]loss: 2.9351, tokens/sec: 29334.61 ± 434.27, tokens seen: 2065694720, grad norm: 0.4711
[iter 15770]loss: 2.9179, tokens/sec: 29334.62 ± 434.13, tokens seen: 2067005440, grad norm: 0.4578
[iter 15780]loss: 3.0602, tokens/sec: 29334.64 ± 434.00, tokens seen: 2068316160, grad norm: 0.4884
[iter 15790]loss: 2.9865, tokens/sec: 29334.66 ± 433.86, tokens seen: 2069626880, grad norm: 0.5163
[iter 15800]loss: 3.1109, tokens/sec: 29334.67 ± 433.72, tokens seen: 2070937600, grad norm: 0.7029
[iter 15810]loss: 3.0960, tokens/sec: 29334.69 ± 433.59, tokens seen: 2072248320, grad norm: 0.4707
[iter 15820]loss: 3.2904, tokens/sec: 29334.71 ± 433.45, tokens seen: 2073559040, grad norm: 0.4850
[iter 15830]loss: 3.1159, tokens/sec: 29334.72 ± 433.31, tokens seen: 2074869760, grad norm: 0.4764
[iter 15840]loss: 3.0485, tokens/sec: 29334.74 ± 433.18, tokens seen: 2076180480, grad norm: 0.4631
[iter 15850]loss: 2.7423, tokens/sec: 29334.75 ± 433.04, tokens seen: 2077491200, grad norm: 0.5169
[iter 15860]loss: 2.8274, tokens/sec: 29334.37 ± 435.81, tokens seen: 2078801920, grad norm: 0.4907
[iter 15870]loss: 2.9458, tokens/sec: 29334.37 ± 435.68, tokens seen: 2080112640, grad norm: 0.6145
[iter 15880]loss: 2.9551, tokens/sec: 29334.39 ± 435.54, tokens seen: 2081423360, grad norm: 0.4497
[iter 15890]loss: 3.0030, tokens/sec: 29334.40 ± 435.40, tokens seen: 2082734080, grad norm: 0.4682
[iter 15900]loss: 3.0070, tokens/sec: 29334.42 ± 435.27, tokens seen: 2084044800, grad norm: 0.5960
[iter 15910]loss: 2.7796, tokens/sec: 29334.43 ± 435.13, tokens seen: 2085355520, grad norm: 0.6465
[iter 15920]loss: 2.9926, tokens/sec: 29334.45 ± 435.00, tokens seen: 2086666240, grad norm: 0.5041
[iter 15930]loss: 3.1365, tokens/sec: 29334.47 ± 434.86, tokens seen: 2087976960, grad norm: 0.4873
[iter 15940]loss: 2.8824, tokens/sec: 29334.49 ± 434.72, tokens seen: 2089287680, grad norm: 0.4620
[iter 15950]loss: 2.9817, tokens/sec: 29334.51 ± 434.59, tokens seen: 2090598400, grad norm: 0.4731
[iter 15960]loss: 3.0232, tokens/sec: 29334.52 ± 434.45, tokens seen: 2091909120, grad norm: 0.4690
[iter 15970]loss: 3.0303, tokens/sec: 29334.54 ± 434.32, tokens seen: 2093219840, grad norm: 0.4641
[iter 15980]loss: 3.0336, tokens/sec: 29334.56 ± 434.18, tokens seen: 2094530560, grad norm: 0.4727
[iter 15990]loss: 3.1541, tokens/sec: 29334.57 ± 434.05, tokens seen: 2095841280, grad norm: 0.4601
[step 16000]train loss: 3.0361, val loss: 3.0576, (avg train loss: 0.3795 ± 0.0175), (avg grad norm: 0.5053 ± 0.0617)
saving checkpoint to ./out-owt-large-mhc-group-lora-midnorm-bs8-25000step
[iter 16000]loss: 3.2934, tokens/sec: 29334.59 ± 433.91, tokens seen: 2097152000, grad norm: 0.4372
[iter 16010]loss: 3.0757, tokens/sec: 29334.61 ± 433.78, tokens seen: 2098462720, grad norm: 1.0082
[iter 16020]loss: 3.0975, tokens/sec: 29334.62 ± 433.64, tokens seen: 2099773440, grad norm: 0.4768
[iter 16030]loss: 3.0632, tokens/sec: 29334.64 ± 433.51, tokens seen: 2101084160, grad norm: 0.4664
[iter 16040]loss: 2.9956, tokens/sec: 29334.65 ± 433.37, tokens seen: 2102394880, grad norm: 0.5322
[iter 16050]loss: 3.0195, tokens/sec: 29334.66 ± 433.24, tokens seen: 2103705600, grad norm: 0.5326
[iter 16060]loss: 3.1439, tokens/sec: 29334.68 ± 433.10, tokens seen: 2105016320, grad norm: 0.4411
[iter 16070]loss: 2.9955, tokens/sec: 29334.69 ± 432.97, tokens seen: 2106327040, grad norm: 0.4577
[iter 16080]loss: 2.9338, tokens/sec: 29334.71 ± 432.83, tokens seen: 2107637760, grad norm: 0.4786
[iter 16090]loss: 3.0317, tokens/sec: 29334.72 ± 432.70, tokens seen: 2108948480, grad norm: 0.5017
[iter 16100]loss: 3.1200, tokens/sec: 29334.74 ± 432.57, tokens seen: 2110259200, grad norm: 0.5080
[iter 16110]loss: 2.9525, tokens/sec: 29334.75 ± 432.43, tokens seen: 2111569920, grad norm: 0.4680
[iter 16120]loss: 3.1903, tokens/sec: 29334.77 ± 432.30, tokens seen: 2112880640, grad norm: 0.4675
[iter 16130]loss: 2.8074, tokens/sec: 29334.50 ± 433.59, tokens seen: 2114191360, grad norm: 0.5109
[iter 16140]loss: 3.1517, tokens/sec: 29334.52 ± 433.45, tokens seen: 2115502080, grad norm: 0.4713
[iter 16150]loss: 2.8321, tokens/sec: 29334.54 ± 433.32, tokens seen: 2116812800, grad norm: 0.4846
[iter 16160]loss: 3.0307, tokens/sec: 29334.56 ± 433.18, tokens seen: 2118123520, grad norm: 0.5446
[iter 16170]loss: 2.8915, tokens/sec: 29334.57 ± 433.05, tokens seen: 2119434240, grad norm: 0.5108
[iter 16180]loss: 2.9375, tokens/sec: 29334.59 ± 432.92, tokens seen: 2120744960, grad norm: 0.5075
[iter 16190]loss: 3.0149, tokens/sec: 29334.60 ± 432.78, tokens seen: 2122055680, grad norm: 0.5843
[iter 16200]loss: 3.1370, tokens/sec: 29334.62 ± 432.65, tokens seen: 2123366400, grad norm: 0.6479
[iter 16210]loss: 2.8214, tokens/sec: 29334.64 ± 432.52, tokens seen: 2124677120, grad norm: 0.4634
[iter 16220]loss: 2.9518, tokens/sec: 29334.65 ± 432.39, tokens seen: 2125987840, grad norm: 0.5385
[iter 16230]loss: 3.0930, tokens/sec: 29334.67 ± 432.25, tokens seen: 2127298560, grad norm: 0.4731
[iter 16240]loss: 3.0545, tokens/sec: 29334.69 ± 432.12, tokens seen: 2128609280, grad norm: 0.5968
[iter 16250]loss: 2.9344, tokens/sec: 29334.71 ± 431.99, tokens seen: 2129920000, grad norm: 0.5899
[iter 16260]loss: 3.0568, tokens/sec: 29334.73 ± 431.86, tokens seen: 2131230720, grad norm: 0.4782
[iter 16270]loss: 3.1577, tokens/sec: 29334.74 ± 431.72, tokens seen: 2132541440, grad norm: 0.6043
[iter 16280]loss: 2.9883, tokens/sec: 29334.76 ± 431.59, tokens seen: 2133852160, grad norm: 0.5668
[iter 16290]loss: 2.6794, tokens/sec: 29334.77 ± 431.46, tokens seen: 2135162880, grad norm: 0.5207
[iter 16300]loss: 2.9688, tokens/sec: 29334.79 ± 431.33, tokens seen: 2136473600, grad norm: 0.4914
[iter 16310]loss: 3.0328, tokens/sec: 29334.81 ± 431.20, tokens seen: 2137784320, grad norm: 0.4517
[iter 16320]loss: 3.1591, tokens/sec: 29334.82 ± 431.06, tokens seen: 2139095040, grad norm: 0.4895
[iter 16330]loss: 3.0191, tokens/sec: 29334.84 ± 430.93, tokens seen: 2140405760, grad norm: 0.5289
[iter 16340]loss: 3.1213, tokens/sec: 29334.85 ± 430.80, tokens seen: 2141716480, grad norm: 0.4764
[iter 16350]loss: 2.9608, tokens/sec: 29334.87 ± 430.67, tokens seen: 2143027200, grad norm: 0.4745
[iter 16360]loss: 2.9513, tokens/sec: 29334.89 ± 430.54, tokens seen: 2144337920, grad norm: 0.4796
[iter 16370]loss: 2.9983, tokens/sec: 29334.91 ± 430.41, tokens seen: 2145648640, grad norm: 0.5211
[iter 16380]loss: 3.1166, tokens/sec: 29334.93 ± 430.28, tokens seen: 2146959360, grad norm: 0.4748
[iter 16390]loss: 2.9940, tokens/sec: 29334.56 ± 432.95, tokens seen: 2148270080, grad norm: 0.5126
[iter 16400]loss: 3.0107, tokens/sec: 29334.56 ± 432.82, tokens seen: 2149580800, grad norm: 0.4724
[iter 16410]loss: 2.9215, tokens/sec: 29334.58 ± 432.69, tokens seen: 2150891520, grad norm: 0.4543
[iter 16420]loss: 3.0136, tokens/sec: 29334.58 ± 432.55, tokens seen: 2152202240, grad norm: 0.4778
[iter 16430]loss: 3.0238, tokens/sec: 29334.60 ± 432.42, tokens seen: 2153512960, grad norm: 0.4655
[iter 16440]loss: 3.2039, tokens/sec: 29334.61 ± 432.29, tokens seen: 2154823680, grad norm: 0.4746
[iter 16450]loss: 2.8659, tokens/sec: 29334.62 ± 432.16, tokens seen: 2156134400, grad norm: 0.4481
[iter 16460]loss: 3.1756, tokens/sec: 29334.63 ± 432.03, tokens seen: 2157445120, grad norm: 0.5091
[iter 16470]loss: 2.9223, tokens/sec: 29334.65 ± 431.90, tokens seen: 2158755840, grad norm: 0.5293
[iter 16480]loss: 3.1410, tokens/sec: 29334.66 ± 431.77, tokens seen: 2160066560, grad norm: 0.5059
[iter 16490]loss: 2.8871, tokens/sec: 29334.67 ± 431.64, tokens seen: 2161377280, grad norm: 0.5008
[step 16500]train loss: 3.0468, val loss: 3.0589, (avg train loss: 0.3793 ± 0.0173), (avg grad norm: 0.4998 ± 0.0352)
[iter 16500]loss: 3.0062, tokens/sec: 29334.68 ± 431.51, tokens seen: 2162688000, grad norm: 0.4917
[iter 16510]loss: 3.0022, tokens/sec: 29334.70 ± 431.38, tokens seen: 2163998720, grad norm: 0.4911
[iter 16520]loss: 2.8118, tokens/sec: 29334.70 ± 431.25, tokens seen: 2165309440, grad norm: 0.4864
[iter 16530]loss: 2.9459, tokens/sec: 29334.72 ± 431.12, tokens seen: 2166620160, grad norm: 0.4698
[iter 16540]loss: 3.1048, tokens/sec: 29334.46 ± 432.43, tokens seen: 2167930880, grad norm: 0.4698
[iter 16550]loss: 3.0980, tokens/sec: 29334.47 ± 432.30, tokens seen: 2169241600, grad norm: 0.5862
[iter 16560]loss: 3.0696, tokens/sec: 29334.50 ± 432.17, tokens seen: 2170552320, grad norm: 0.4942
[iter 16570]loss: 2.9787, tokens/sec: 29334.51 ± 432.04, tokens seen: 2171863040, grad norm: 0.6118
[iter 16580]loss: 3.0195, tokens/sec: 29334.52 ± 431.91, tokens seen: 2173173760, grad norm: 0.5508
[iter 16590]loss: 3.1221, tokens/sec: 29334.53 ± 431.78, tokens seen: 2174484480, grad norm: 0.4792
[iter 16600]loss: 2.8045, tokens/sec: 29334.54 ± 431.65, tokens seen: 2175795200, grad norm: 0.4797
[iter 16610]loss: 2.9708, tokens/sec: 29334.56 ± 431.52, tokens seen: 2177105920, grad norm: 0.4499
[iter 16620]loss: 2.8672, tokens/sec: 29334.57 ± 431.39, tokens seen: 2178416640, grad norm: 0.4911
[iter 16630]loss: 3.0835, tokens/sec: 29334.59 ± 431.26, tokens seen: 2179727360, grad norm: 0.5043
[iter 16640]loss: 3.0246, tokens/sec: 29334.60 ± 431.13, tokens seen: 2181038080, grad norm: 0.4431
[iter 16650]loss: 2.9659, tokens/sec: 29334.62 ± 431.00, tokens seen: 2182348800, grad norm: 0.4530
[iter 16660]loss: 3.0477, tokens/sec: 29334.63 ± 430.88, tokens seen: 2183659520, grad norm: 0.4946
[iter 16670]loss: 3.0849, tokens/sec: 29334.64 ± 430.75, tokens seen: 2184970240, grad norm: 0.4825
[iter 16680]loss: 3.1526, tokens/sec: 29334.66 ± 430.62, tokens seen: 2186280960, grad norm: 0.5025
[iter 16690]loss: 2.8970, tokens/sec: 29334.67 ± 430.49, tokens seen: 2187591680, grad norm: 0.5291
[iter 16700]loss: 3.0865, tokens/sec: 29334.69 ± 430.36, tokens seen: 2188902400, grad norm: 0.4715
[iter 16710]loss: 3.0477, tokens/sec: 29334.70 ± 430.23, tokens seen: 2190213120, grad norm: 0.4885
[iter 16720]loss: 3.0230, tokens/sec: 29334.72 ± 430.10, tokens seen: 2191523840, grad norm: 0.4925
[iter 16730]loss: 2.8939, tokens/sec: 29334.73 ± 429.98, tokens seen: 2192834560, grad norm: 0.4632
[iter 16740]loss: 2.9625, tokens/sec: 29334.74 ± 429.85, tokens seen: 2194145280, grad norm: 0.4515
[iter 16750]loss: 2.9577, tokens/sec: 29334.75 ± 429.72, tokens seen: 2195456000, grad norm: 0.5195
[iter 16760]loss: 3.1667, tokens/sec: 29334.76 ± 429.59, tokens seen: 2196766720, grad norm: 0.4754
[iter 16770]loss: 2.8753, tokens/sec: 29334.78 ± 429.46, tokens seen: 2198077440, grad norm: 0.5130
[iter 16780]loss: 3.1533, tokens/sec: 29334.79 ± 429.34, tokens seen: 2199388160, grad norm: 0.5467
[iter 16790]loss: 2.8217, tokens/sec: 29334.80 ± 429.21, tokens seen: 2200698880, grad norm: 0.5778
[iter 16800]loss: 3.0811, tokens/sec: 29334.82 ± 429.08, tokens seen: 2202009600, grad norm: 0.5873
[iter 16810]loss: 3.2810, tokens/sec: 29334.83 ± 428.96, tokens seen: 2203320320, grad norm: 0.4639
[iter 16820]loss: 2.9702, tokens/sec: 29334.84 ± 428.83, tokens seen: 2204631040, grad norm: 0.5649
[iter 16830]loss: 2.9706, tokens/sec: 29334.86 ± 428.70, tokens seen: 2205941760, grad norm: 0.4971
[iter 16840]loss: 3.0083, tokens/sec: 29334.87 ± 428.57, tokens seen: 2207252480, grad norm: 0.5030
[iter 16850]loss: 3.1365, tokens/sec: 29334.88 ± 428.45, tokens seen: 2208563200, grad norm: 0.5074
[iter 16860]loss: 2.9417, tokens/sec: 29334.89 ± 428.32, tokens seen: 2209873920, grad norm: 0.4725
[iter 16870]loss: 3.0992, tokens/sec: 29334.90 ± 428.19, tokens seen: 2211184640, grad norm: 0.5165
[iter 16880]loss: 3.1044, tokens/sec: 29334.92 ± 428.07, tokens seen: 2212495360, grad norm: 0.4602
[iter 16890]loss: 3.0301, tokens/sec: 29334.93 ± 427.94, tokens seen: 2213806080, grad norm: 0.5364
[iter 16900]loss: 3.2927, tokens/sec: 29334.95 ± 427.82, tokens seen: 2215116800, grad norm: 0.5166
[iter 16910]loss: 3.1375, tokens/sec: 29334.96 ± 427.69, tokens seen: 2216427520, grad norm: 0.4608
[iter 16920]loss: 2.8950, tokens/sec: 29334.61 ± 430.19, tokens seen: 2217738240, grad norm: 0.4760
[iter 16930]loss: 3.2303, tokens/sec: 29334.63 ± 430.07, tokens seen: 2219048960, grad norm: 0.5705
[iter 16940]loss: 2.8233, tokens/sec: 29334.64 ± 429.94, tokens seen: 2220359680, grad norm: 0.4876
[iter 16950]loss: 3.0279, tokens/sec: 29334.66 ± 429.81, tokens seen: 2221670400, grad norm: 0.4648
[iter 16960]loss: 2.9944, tokens/sec: 29334.41 ± 431.05, tokens seen: 2222981120, grad norm: 0.6022
[iter 16970]loss: 3.0628, tokens/sec: 29334.43 ± 430.92, tokens seen: 2224291840, grad norm: 0.5737
[iter 16980]loss: 2.9383, tokens/sec: 29334.44 ± 430.80, tokens seen: 2225602560, grad norm: 0.6331
[iter 16990]loss: 3.0552, tokens/sec: 29334.46 ± 430.67, tokens seen: 2226913280, grad norm: 0.5088
[step 17000]train loss: 3.0317, val loss: 3.0561, (avg train loss: 0.3786 ± 0.0186), (avg grad norm: 0.5057 ± 0.0441)
saving checkpoint to ./out-owt-large-mhc-group-lora-midnorm-bs8-25000step
[iter 17000]loss: 3.1111, tokens/sec: 29334.48 ± 430.55, tokens seen: 2228224000, grad norm: 0.5084
[iter 17010]loss: 3.0965, tokens/sec: 29334.50 ± 430.42, tokens seen: 2229534720, grad norm: 0.4919
[iter 17020]loss: 3.0657, tokens/sec: 29334.51 ± 430.29, tokens seen: 2230845440, grad norm: 0.5869
[iter 17030]loss: 2.9755, tokens/sec: 29334.53 ± 430.17, tokens seen: 2232156160, grad norm: 0.5256
[iter 17040]loss: 3.0926, tokens/sec: 29334.55 ± 430.04, tokens seen: 2233466880, grad norm: 0.5593
[iter 17050]loss: 3.0860, tokens/sec: 29334.56 ± 429.92, tokens seen: 2234777600, grad norm: 0.5064
[iter 17060]loss: 3.1402, tokens/sec: 29334.58 ± 429.79, tokens seen: 2236088320, grad norm: 0.4992
[iter 17070]loss: 3.2606, tokens/sec: 29334.60 ± 429.67, tokens seen: 2237399040, grad norm: 0.4621
[iter 17080]loss: 3.2163, tokens/sec: 29334.62 ± 429.54, tokens seen: 2238709760, grad norm: 0.5482
[iter 17090]loss: 3.1508, tokens/sec: 29334.64 ± 429.42, tokens seen: 2240020480, grad norm: 0.5472
[iter 17100]loss: 3.3336, tokens/sec: 29334.65 ± 429.29, tokens seen: 2241331200, grad norm: 0.5555
[iter 17110]loss: 2.9792, tokens/sec: 29334.67 ± 429.17, tokens seen: 2242641920, grad norm: 0.4895
[iter 17120]loss: 3.0284, tokens/sec: 29334.69 ± 429.04, tokens seen: 2243952640, grad norm: 0.5123
[iter 17130]loss: 2.6413, tokens/sec: 29334.70 ± 428.92, tokens seen: 2245263360, grad norm: 0.4813
[iter 17140]loss: 3.0524, tokens/sec: 29334.72 ± 428.79, tokens seen: 2246574080, grad norm: 0.4741
[iter 17150]loss: 2.8603, tokens/sec: 29334.73 ± 428.67, tokens seen: 2247884800, grad norm: 0.5267
[iter 17160]loss: 3.0577, tokens/sec: 29334.75 ± 428.54, tokens seen: 2249195520, grad norm: 0.4559
[iter 17170]loss: 3.0406, tokens/sec: 29334.76 ± 428.42, tokens seen: 2250506240, grad norm: 0.5501
[iter 17180]loss: 2.9044, tokens/sec: 29334.78 ± 428.29, tokens seen: 2251816960, grad norm: 0.5566
[iter 17190]loss: 3.0942, tokens/sec: 29334.80 ± 428.17, tokens seen: 2253127680, grad norm: 0.5157
[iter 17200]loss: 2.7450, tokens/sec: 29334.81 ± 428.05, tokens seen: 2254438400, grad norm: 0.4793
[iter 17210]loss: 3.1550, tokens/sec: 29334.83 ± 427.92, tokens seen: 2255749120, grad norm: 0.4655
[iter 17220]loss: 2.6076, tokens/sec: 29334.84 ± 427.80, tokens seen: 2257059840, grad norm: 0.4594
[iter 17230]loss: 2.9884, tokens/sec: 29334.86 ± 427.68, tokens seen: 2258370560, grad norm: 0.6049
[iter 17240]loss: 2.9345, tokens/sec: 29334.87 ± 427.55, tokens seen: 2259681280, grad norm: 0.5098
[iter 17250]loss: 2.9240, tokens/sec: 29334.89 ± 427.43, tokens seen: 2260992000, grad norm: 0.4876
[iter 17260]loss: 3.1656, tokens/sec: 29334.91 ± 427.31, tokens seen: 2262302720, grad norm: 0.4803
[iter 17270]loss: 2.9363, tokens/sec: 29334.93 ± 427.18, tokens seen: 2263613440, grad norm: 0.5188
[iter 17280]loss: 2.9979, tokens/sec: 29334.94 ± 427.06, tokens seen: 2264924160, grad norm: 0.5546
[iter 17290]loss: 2.8496, tokens/sec: 29334.96 ± 426.94, tokens seen: 2266234880, grad norm: 0.5770
[iter 17300]loss: 3.0424, tokens/sec: 29334.97 ± 426.81, tokens seen: 2267545600, grad norm: 0.5025
[iter 17310]loss: 2.9452, tokens/sec: 29334.99 ± 426.69, tokens seen: 2268856320, grad norm: 0.4612
[iter 17320]loss: 2.8809, tokens/sec: 29335.01 ± 426.57, tokens seen: 2270167040, grad norm: 0.4882
[iter 17330]loss: 2.8115, tokens/sec: 29335.02 ± 426.45, tokens seen: 2271477760, grad norm: 0.4966
[iter 17340]loss: 2.9317, tokens/sec: 29335.04 ± 426.32, tokens seen: 2272788480, grad norm: 0.5414
[iter 17350]loss: 3.0462, tokens/sec: 29335.05 ± 426.20, tokens seen: 2274099200, grad norm: 0.4675
[iter 17360]loss: 2.9849, tokens/sec: 29335.07 ± 426.08, tokens seen: 2275409920, grad norm: 0.4425
[iter 17370]loss: 3.0060, tokens/sec: 29335.09 ± 425.96, tokens seen: 2276720640, grad norm: 0.4875
[iter 17380]loss: 3.1517, tokens/sec: 29334.84 ± 427.21, tokens seen: 2278031360, grad norm: 0.4961
[iter 17390]loss: 3.2084, tokens/sec: 29334.86 ± 427.09, tokens seen: 2279342080, grad norm: 0.4798
[iter 17400]loss: 3.0243, tokens/sec: 29334.87 ± 426.97, tokens seen: 2280652800, grad norm: 0.5369
[iter 17410]loss: 2.9401, tokens/sec: 29334.89 ± 426.85, tokens seen: 2281963520, grad norm: 0.5159
[iter 17420]loss: 3.1521, tokens/sec: 29334.91 ± 426.72, tokens seen: 2283274240, grad norm: 0.4564
[iter 17430]loss: 2.8940, tokens/sec: 29334.92 ± 426.60, tokens seen: 2284584960, grad norm: 0.4968
[iter 17440]loss: 2.9207, tokens/sec: 29334.58 ± 429.09, tokens seen: 2285895680, grad norm: 0.4593
[iter 17450]loss: 2.7022, tokens/sec: 29334.59 ± 428.97, tokens seen: 2287206400, grad norm: 0.5179
[iter 17460]loss: 2.9333, tokens/sec: 29334.60 ± 428.84, tokens seen: 2288517120, grad norm: 0.5067
[iter 17470]loss: 2.9778, tokens/sec: 29334.61 ± 428.72, tokens seen: 2289827840, grad norm: 0.4599
[iter 17480]loss: 2.8642, tokens/sec: 29334.63 ± 428.60, tokens seen: 2291138560, grad norm: 0.4659
[iter 17490]loss: 3.2289, tokens/sec: 29334.65 ± 428.48, tokens seen: 2292449280, grad norm: 0.5941
[step 17500]train loss: 3.0170, val loss: 3.0323, (avg train loss: 0.3780 ± 0.0182), (avg grad norm: 0.5013 ± 0.0403)
saving checkpoint to ./out-owt-large-mhc-group-lora-midnorm-bs8-25000step
[iter 17500]loss: 2.8052, tokens/sec: 29334.66 ± 428.36, tokens seen: 2293760000, grad norm: 0.5057
[iter 17510]loss: 2.8562, tokens/sec: 29334.68 ± 428.23, tokens seen: 2295070720, grad norm: 0.4890
[iter 17520]loss: 2.9849, tokens/sec: 29334.69 ± 428.11, tokens seen: 2296381440, grad norm: 0.4615
[iter 17530]loss: 3.1256, tokens/sec: 29334.70 ± 427.99, tokens seen: 2297692160, grad norm: 0.4448
[iter 17540]loss: 2.9076, tokens/sec: 29334.71 ± 427.87, tokens seen: 2299002880, grad norm: 0.4862
[iter 17550]loss: 3.2226, tokens/sec: 29334.73 ± 427.75, tokens seen: 2300313600, grad norm: 0.5046
[iter 17560]loss: 2.9627, tokens/sec: 29334.74 ± 427.63, tokens seen: 2301624320, grad norm: 0.4761
[iter 17570]loss: 3.1513, tokens/sec: 29334.76 ± 427.50, tokens seen: 2302935040, grad norm: 0.5310
[iter 17580]loss: 2.8485, tokens/sec: 29334.77 ± 427.38, tokens seen: 2304245760, grad norm: 0.5133
[iter 17590]loss: 2.8114, tokens/sec: 29334.78 ± 427.26, tokens seen: 2305556480, grad norm: 0.4559
[iter 17600]loss: 3.3592, tokens/sec: 29334.79 ± 427.14, tokens seen: 2306867200, grad norm: 0.4997
[iter 17610]loss: 3.0216, tokens/sec: 29334.81 ± 427.02, tokens seen: 2308177920, grad norm: 0.5400
[iter 17620]loss: 3.1451, tokens/sec: 29334.82 ± 426.90, tokens seen: 2309488640, grad norm: 0.5148
[iter 17630]loss: 3.1802, tokens/sec: 29334.84 ± 426.78, tokens seen: 2310799360, grad norm: 0.5352
[iter 17640]loss: 3.1107, tokens/sec: 29334.85 ± 426.66, tokens seen: 2312110080, grad norm: 0.4667
[iter 17650]loss: 3.0826, tokens/sec: 29334.87 ± 426.54, tokens seen: 2313420800, grad norm: 0.4921
[iter 17660]loss: 3.1725, tokens/sec: 29334.88 ± 426.42, tokens seen: 2314731520, grad norm: 0.5234
[iter 17670]loss: 3.0774, tokens/sec: 29334.90 ± 426.30, tokens seen: 2316042240, grad norm: 0.4932
[iter 17680]loss: 3.1079, tokens/sec: 29334.91 ± 426.18, tokens seen: 2317352960, grad norm: 0.5477
[iter 17690]loss: 2.9763, tokens/sec: 29334.93 ± 426.06, tokens seen: 2318663680, grad norm: 0.4695
[iter 17700]loss: 3.0459, tokens/sec: 29334.94 ± 425.94, tokens seen: 2319974400, grad norm: 0.4711
[iter 17710]loss: 2.8704, tokens/sec: 29334.96 ± 425.82, tokens seen: 2321285120, grad norm: 0.4750
[iter 17720]loss: 2.9137, tokens/sec: 29334.98 ± 425.70, tokens seen: 2322595840, grad norm: 0.4860
[iter 17730]loss: 3.0620, tokens/sec: 29334.99 ± 425.58, tokens seen: 2323906560, grad norm: 0.5078
[iter 17740]loss: 3.0201, tokens/sec: 29335.01 ± 425.46, tokens seen: 2325217280, grad norm: 0.5148
[iter 17750]loss: 3.0017, tokens/sec: 29335.03 ± 425.34, tokens seen: 2326528000, grad norm: 0.4825
[iter 17760]loss: 3.0386, tokens/sec: 29335.04 ± 425.22, tokens seen: 2327838720, grad norm: 0.5092
[iter 17770]loss: 3.0740, tokens/sec: 29335.06 ± 425.10, tokens seen: 2329149440, grad norm: 0.5311
[iter 17780]loss: 3.0912, tokens/sec: 29335.07 ± 424.98, tokens seen: 2330460160, grad norm: 0.4757
[iter 17790]loss: 3.0015, tokens/sec: 29334.83 ± 426.19, tokens seen: 2331770880, grad norm: 0.4686
[iter 17800]loss: 3.1889, tokens/sec: 29334.84 ± 426.08, tokens seen: 2333081600, grad norm: 0.6545
[iter 17810]loss: 2.9663, tokens/sec: 29334.86 ± 425.96, tokens seen: 2334392320, grad norm: 0.4952
[iter 17820]loss: 2.9824, tokens/sec: 29334.87 ± 425.84, tokens seen: 2335703040, grad norm: 0.4748
[iter 17830]loss: 2.9633, tokens/sec: 29334.89 ± 425.72, tokens seen: 2337013760, grad norm: 0.4841
[iter 17840]loss: 2.9004, tokens/sec: 29334.90 ± 425.60, tokens seen: 2338324480, grad norm: 0.4856
[iter 17850]loss: 3.2566, tokens/sec: 29334.92 ± 425.48, tokens seen: 2339635200, grad norm: 0.4926
[iter 17860]loss: 3.0108, tokens/sec: 29334.94 ± 425.36, tokens seen: 2340945920, grad norm: 0.5082
[iter 17870]loss: 2.9456, tokens/sec: 29334.95 ± 425.24, tokens seen: 2342256640, grad norm: 0.4709
[iter 17880]loss: 3.0768, tokens/sec: 29334.97 ± 425.13, tokens seen: 2343567360, grad norm: 0.4866
[iter 17890]loss: 3.1843, tokens/sec: 29334.98 ± 425.01, tokens seen: 2344878080, grad norm: 0.4898
[iter 17900]loss: 2.9291, tokens/sec: 29335.00 ± 424.89, tokens seen: 2346188800, grad norm: 0.5053
[iter 17910]loss: 2.9882, tokens/sec: 29335.02 ± 424.77, tokens seen: 2347499520, grad norm: 0.4765
[iter 17920]loss: 3.0585, tokens/sec: 29335.03 ± 424.65, tokens seen: 2348810240, grad norm: 0.5254
[iter 17930]loss: 3.0213, tokens/sec: 29335.04 ± 424.53, tokens seen: 2350120960, grad norm: 0.5120
[iter 17940]loss: 2.9641, tokens/sec: 29335.06 ± 424.42, tokens seen: 2351431680, grad norm: 0.4698
[iter 17950]loss: 3.0143, tokens/sec: 29335.07 ± 424.30, tokens seen: 2352742400, grad norm: 0.4930
[iter 17960]loss: 2.9128, tokens/sec: 29335.08 ± 424.18, tokens seen: 2354053120, grad norm: 0.4704
[iter 17970]loss: 3.0099, tokens/sec: 29334.74 ± 426.68, tokens seen: 2355363840, grad norm: 0.4611
[iter 17980]loss: 3.0900, tokens/sec: 29334.75 ± 426.57, tokens seen: 2356674560, grad norm: 0.5268
[iter 17990]loss: 2.9015, tokens/sec: 29334.77 ± 426.45, tokens seen: 2357985280, grad norm: 0.6003
[step 18000]train loss: 3.0041, val loss: 3.0230, (avg train loss: 0.3755 ± 0.0158), (avg grad norm: 0.5033 ± 0.0434)
saving checkpoint to ./out-owt-large-mhc-group-lora-midnorm-bs8-25000step
[iter 18000]loss: 3.0207, tokens/sec: 29334.78 ± 426.33, tokens seen: 2359296000, grad norm: 0.4677
[iter 18010]loss: 3.0003, tokens/sec: 29334.80 ± 426.21, tokens seen: 2360606720, grad norm: 0.4786
[iter 18020]loss: 3.0255, tokens/sec: 29334.81 ± 426.09, tokens seen: 2361917440, grad norm: 0.4833
[iter 18030]loss: 3.0419, tokens/sec: 29334.83 ± 425.98, tokens seen: 2363228160, grad norm: 0.4798
[iter 18040]loss: 2.9291, tokens/sec: 29334.84 ± 425.86, tokens seen: 2364538880, grad norm: 0.5356
[iter 18050]loss: 2.8908, tokens/sec: 29334.85 ± 425.74, tokens seen: 2365849600, grad norm: 0.4879
[iter 18060]loss: 3.1828, tokens/sec: 29334.87 ± 425.62, tokens seen: 2367160320, grad norm: 0.4817
[iter 18070]loss: 3.1138, tokens/sec: 29334.88 ± 425.51, tokens seen: 2368471040, grad norm: 0.4888
[iter 18080]loss: 3.2146, tokens/sec: 29334.89 ± 425.39, tokens seen: 2369781760, grad norm: 0.4674
[iter 18090]loss: 2.7764, tokens/sec: 29334.90 ± 425.27, tokens seen: 2371092480, grad norm: 0.4589
[iter 18100]loss: 2.8322, tokens/sec: 29334.92 ± 425.15, tokens seen: 2372403200, grad norm: 0.4670
[iter 18110]loss: 3.1293, tokens/sec: 29334.93 ± 425.04, tokens seen: 2373713920, grad norm: 0.4824
[iter 18120]loss: 2.8460, tokens/sec: 29334.94 ± 424.92, tokens seen: 2375024640, grad norm: 0.4893
[iter 18130]loss: 3.2192, tokens/sec: 29334.96 ± 424.80, tokens seen: 2376335360, grad norm: 0.5183
[iter 18140]loss: 2.9942, tokens/sec: 29334.97 ± 424.69, tokens seen: 2377646080, grad norm: 0.5133
[iter 18150]loss: 3.0451, tokens/sec: 29334.98 ± 424.57, tokens seen: 2378956800, grad norm: 0.4780
[iter 18160]loss: 3.0254, tokens/sec: 29335.00 ± 424.45, tokens seen: 2380267520, grad norm: 0.4772
[iter 18170]loss: 2.9576, tokens/sec: 29335.01 ± 424.34, tokens seen: 2381578240, grad norm: 0.4819
[iter 18180]loss: 3.1288, tokens/sec: 29335.03 ± 424.22, tokens seen: 2382888960, grad norm: 0.4608
[iter 18190]loss: 2.8798, tokens/sec: 29335.04 ± 424.11, tokens seen: 2384199680, grad norm: 0.4975
[iter 18200]loss: 2.8812, tokens/sec: 29335.05 ± 423.99, tokens seen: 2385510400, grad norm: 0.4652
[iter 18210]loss: 3.1938, tokens/sec: 29334.82 ± 425.22, tokens seen: 2386821120, grad norm: 0.4852
[iter 18220]loss: 2.9524, tokens/sec: 29334.83 ± 425.11, tokens seen: 2388131840, grad norm: 0.5351
[iter 18230]loss: 2.7772, tokens/sec: 29334.85 ± 424.99, tokens seen: 2389442560, grad norm: 0.5284
[iter 18240]loss: 2.9659, tokens/sec: 29334.86 ± 424.87, tokens seen: 2390753280, grad norm: 0.4668
[iter 18250]loss: 2.7258, tokens/sec: 29334.88 ± 424.76, tokens seen: 2392064000, grad norm: 0.4721
[iter 18260]loss: 2.9181, tokens/sec: 29334.89 ± 424.64, tokens seen: 2393374720, grad norm: 0.4600
[iter 18270]loss: 3.0731, tokens/sec: 29334.91 ± 424.53, tokens seen: 2394685440, grad norm: 0.5003
[iter 18280]loss: 3.1499, tokens/sec: 29334.93 ± 424.41, tokens seen: 2395996160, grad norm: 0.4798
[iter 18290]loss: 2.6134, tokens/sec: 29334.94 ± 424.30, tokens seen: 2397306880, grad norm: 0.4870
[iter 18300]loss: 3.1494, tokens/sec: 29334.96 ± 424.18, tokens seen: 2398617600, grad norm: 0.4794
[iter 18310]loss: 2.9689, tokens/sec: 29334.97 ± 424.06, tokens seen: 2399928320, grad norm: 0.5008
[iter 18320]loss: 3.0193, tokens/sec: 29334.99 ± 423.95, tokens seen: 2401239040, grad norm: 0.4543
[iter 18330]loss: 3.1149, tokens/sec: 29335.00 ± 423.83, tokens seen: 2402549760, grad norm: 0.4963
[iter 18340]loss: 2.5464, tokens/sec: 29335.01 ± 423.72, tokens seen: 2403860480, grad norm: 0.5558
[iter 18350]loss: 3.1599, tokens/sec: 29335.03 ± 423.60, tokens seen: 2405171200, grad norm: 0.4988
[iter 18360]loss: 3.2306, tokens/sec: 29335.04 ± 423.49, tokens seen: 2406481920, grad norm: 0.4618
[iter 18370]loss: 3.0379, tokens/sec: 29335.06 ± 423.37, tokens seen: 2407792640, grad norm: 0.6155
[iter 18380]loss: 3.0957, tokens/sec: 29335.07 ± 423.26, tokens seen: 2409103360, grad norm: 0.4896
[iter 18390]loss: 3.2477, tokens/sec: 29335.09 ± 423.14, tokens seen: 2410414080, grad norm: 0.4836
[iter 18400]loss: 3.2439, tokens/sec: 29335.10 ± 423.03, tokens seen: 2411724800, grad norm: 0.5007
[iter 18410]loss: 2.9159, tokens/sec: 29335.12 ± 422.92, tokens seen: 2413035520, grad norm: 0.4729
[iter 18420]loss: 3.0498, tokens/sec: 29335.13 ± 422.80, tokens seen: 2414346240, grad norm: 0.4818
[iter 18430]loss: 2.8781, tokens/sec: 29335.15 ± 422.69, tokens seen: 2415656960, grad norm: 0.4734
[iter 18440]loss: 2.9355, tokens/sec: 29335.16 ± 422.57, tokens seen: 2416967680, grad norm: 0.4520
[iter 18450]loss: 3.1265, tokens/sec: 29335.18 ± 422.46, tokens seen: 2418278400, grad norm: 0.4904
[iter 18460]loss: 3.0997, tokens/sec: 29335.19 ± 422.35, tokens seen: 2419589120, grad norm: 0.4882
[iter 18470]loss: 3.1378, tokens/sec: 29335.21 ± 422.23, tokens seen: 2420899840, grad norm: 0.4569
[iter 18480]loss: 2.9621, tokens/sec: 29335.22 ± 422.12, tokens seen: 2422210560, grad norm: 0.5079
[iter 18490]loss: 2.8960, tokens/sec: 29335.24 ± 422.00, tokens seen: 2423521280, grad norm: 0.4994
[step 18500]train loss: 3.0135, val loss: 3.0367, (avg train loss: 0.3748 ± 0.0180), (avg grad norm: 0.5050 ± 0.0591)
[iter 18500]loss: 2.9950, tokens/sec: 29334.92 ± 424.30, tokens seen: 2424832000, grad norm: 0.4878
[iter 18510]loss: 3.1132, tokens/sec: 29334.93 ± 424.18, tokens seen: 2426142720, grad norm: 0.4662
[iter 18520]loss: 2.8853, tokens/sec: 29334.95 ± 424.07, tokens seen: 2427453440, grad norm: 0.6243
[iter 18530]loss: 3.2059, tokens/sec: 29334.96 ± 423.96, tokens seen: 2428764160, grad norm: 0.6650
[iter 18540]loss: 2.9183, tokens/sec: 29334.97 ± 423.84, tokens seen: 2430074880, grad norm: 0.4969
[iter 18550]loss: 3.1208, tokens/sec: 29334.99 ± 423.73, tokens seen: 2431385600, grad norm: 0.4566
[iter 18560]loss: 3.0339, tokens/sec: 29335.00 ± 423.61, tokens seen: 2432696320, grad norm: 0.5502
[iter 18570]loss: 2.7525, tokens/sec: 29335.01 ± 423.50, tokens seen: 2434007040, grad norm: 0.5088
[iter 18580]loss: 2.6274, tokens/sec: 29335.03 ± 423.39, tokens seen: 2435317760, grad norm: 0.4812
[iter 18590]loss: 3.1455, tokens/sec: 29335.03 ± 423.27, tokens seen: 2436628480, grad norm: 0.4589
[iter 18600]loss: 2.6696, tokens/sec: 29335.05 ± 423.16, tokens seen: 2437939200, grad norm: 0.5085
[iter 18610]loss: 3.2172, tokens/sec: 29335.06 ± 423.05, tokens seen: 2439249920, grad norm: 0.5099
[iter 18620]loss: 2.8615, tokens/sec: 29334.83 ± 424.24, tokens seen: 2440560640, grad norm: 0.4889
[iter 18630]loss: 3.0603, tokens/sec: 29334.85 ± 424.12, tokens seen: 2441871360, grad norm: 0.4519
[iter 18640]loss: 2.7812, tokens/sec: 29334.86 ± 424.01, tokens seen: 2443182080, grad norm: 0.5996
[iter 18650]loss: 3.1126, tokens/sec: 29334.87 ± 423.90, tokens seen: 2444492800, grad norm: 0.5536
[iter 18660]loss: 2.9654, tokens/sec: 29334.89 ± 423.78, tokens seen: 2445803520, grad norm: 0.5050
[iter 18670]loss: 3.1117, tokens/sec: 29334.90 ± 423.67, tokens seen: 2447114240, grad norm: 0.5088
[iter 18680]loss: 3.1106, tokens/sec: 29334.92 ± 423.56, tokens seen: 2448424960, grad norm: 0.4809
[iter 18690]loss: 3.1549, tokens/sec: 29334.93 ± 423.45, tokens seen: 2449735680, grad norm: 0.4825
[iter 18700]loss: 3.1924, tokens/sec: 29334.95 ± 423.33, tokens seen: 2451046400, grad norm: 0.4891
[iter 18710]loss: 3.0823, tokens/sec: 29334.96 ± 423.22, tokens seen: 2452357120, grad norm: 0.5150
[iter 18720]loss: 3.0564, tokens/sec: 29334.98 ± 423.11, tokens seen: 2453667840, grad norm: 0.5078
[iter 18730]loss: 3.0111, tokens/sec: 29334.99 ± 422.99, tokens seen: 2454978560, grad norm: 0.4859
[iter 18740]loss: 3.0231, tokens/sec: 29335.01 ± 422.88, tokens seen: 2456289280, grad norm: 0.4774
[iter 18750]loss: 2.9493, tokens/sec: 29335.02 ± 422.77, tokens seen: 2457600000, grad norm: 0.4936
[iter 18760]loss: 3.1315, tokens/sec: 29335.04 ± 422.66, tokens seen: 2458910720, grad norm: 0.4811
[iter 18770]loss: 2.8475, tokens/sec: 29335.05 ± 422.55, tokens seen: 2460221440, grad norm: 0.4709
[iter 18780]loss: 3.0302, tokens/sec: 29335.06 ± 422.43, tokens seen: 2461532160, grad norm: 0.4881
[iter 18790]loss: 2.7062, tokens/sec: 29335.08 ± 422.32, tokens seen: 2462842880, grad norm: 0.4819
[iter 18800]loss: 3.2737, tokens/sec: 29335.09 ± 422.21, tokens seen: 2464153600, grad norm: 0.5302
[iter 18810]loss: 3.0972, tokens/sec: 29335.11 ± 422.10, tokens seen: 2465464320, grad norm: 0.4861
[iter 18820]loss: 3.1556, tokens/sec: 29335.12 ± 421.99, tokens seen: 2466775040, grad norm: 0.4982
[iter 18830]loss: 3.0860, tokens/sec: 29335.13 ± 421.87, tokens seen: 2468085760, grad norm: 0.5011
[iter 18840]loss: 2.7943, tokens/sec: 29335.15 ± 421.76, tokens seen: 2469396480, grad norm: 0.4666
[iter 18850]loss: 3.0165, tokens/sec: 29335.16 ± 421.65, tokens seen: 2470707200, grad norm: 0.5960
[iter 18860]loss: 2.8136, tokens/sec: 29335.17 ± 421.54, tokens seen: 2472017920, grad norm: 0.4717
[iter 18870]loss: 3.0682, tokens/sec: 29335.19 ± 421.43, tokens seen: 2473328640, grad norm: 0.5092
[iter 18880]loss: 2.9295, tokens/sec: 29335.20 ± 421.32, tokens seen: 2474639360, grad norm: 0.4498
[iter 18890]loss: 3.0035, tokens/sec: 29335.22 ± 421.21, tokens seen: 2475950080, grad norm: 0.4702
[iter 18900]loss: 2.8406, tokens/sec: 29335.23 ± 421.10, tokens seen: 2477260800, grad norm: 0.4960
[iter 18910]loss: 3.0059, tokens/sec: 29335.25 ± 420.99, tokens seen: 2478571520, grad norm: 0.4516
[iter 18920]loss: 2.8085, tokens/sec: 29335.26 ± 420.87, tokens seen: 2479882240, grad norm: 0.5192
[iter 18930]loss: 2.5277, tokens/sec: 29335.28 ± 420.76, tokens seen: 2481192960, grad norm: 0.5193
[iter 18940]loss: 3.1179, tokens/sec: 29335.29 ± 420.65, tokens seen: 2482503680, grad norm: 0.4602
[iter 18950]loss: 2.9624, tokens/sec: 29335.30 ± 420.54, tokens seen: 2483814400, grad norm: 0.4739
[iter 18960]loss: 2.9209, tokens/sec: 29335.32 ± 420.43, tokens seen: 2485125120, grad norm: 0.4692
[iter 18970]loss: 3.0130, tokens/sec: 29335.33 ± 420.32, tokens seen: 2486435840, grad norm: 0.5647
[iter 18980]loss: 2.9503, tokens/sec: 29335.34 ± 420.21, tokens seen: 2487746560, grad norm: 0.4853
[iter 18990]loss: 2.9649, tokens/sec: 29335.36 ± 420.10, tokens seen: 2489057280, grad norm: 0.5952
[step 19000]train loss: 3.0035, val loss: 3.0448, (avg train loss: 0.3756 ± 0.0178), (avg grad norm: 0.5102 ± 0.0871)
[iter 19000]loss: 3.5235, tokens/sec: 29335.37 ± 419.99, tokens seen: 2490368000, grad norm: 0.4843
[iter 19010]loss: 3.0399, tokens/sec: 29335.39 ± 419.88, tokens seen: 2491678720, grad norm: 0.5150
[iter 19020]loss: 3.1425, tokens/sec: 29335.40 ± 419.77, tokens seen: 2492989440, grad norm: 0.5096
[iter 19030]loss: 3.0275, tokens/sec: 29335.09 ± 422.03, tokens seen: 2494300160, grad norm: 0.4809
[iter 19040]loss: 3.0208, tokens/sec: 29334.87 ± 423.15, tokens seen: 2495610880, grad norm: 0.5186
[iter 19050]loss: 2.8315, tokens/sec: 29334.88 ± 423.04, tokens seen: 2496921600, grad norm: 0.4596
[iter 19060]loss: 3.0219, tokens/sec: 29334.89 ± 422.93, tokens seen: 2498232320, grad norm: 0.4767
[iter 19070]loss: 2.8758, tokens/sec: 29334.90 ± 422.82, tokens seen: 2499543040, grad norm: 0.4902
[iter 19080]loss: 2.9108, tokens/sec: 29334.91 ± 422.71, tokens seen: 2500853760, grad norm: 0.4959
[iter 19090]loss: 3.0355, tokens/sec: 29334.92 ± 422.60, tokens seen: 2502164480, grad norm: 0.5325
[iter 19100]loss: 2.9993, tokens/sec: 29334.94 ± 422.49, tokens seen: 2503475200, grad norm: 0.4711
[iter 19110]loss: 3.0469, tokens/sec: 29334.96 ± 422.38, tokens seen: 2504785920, grad norm: 0.4650
[iter 19120]loss: 3.1566, tokens/sec: 29334.97 ± 422.27, tokens seen: 2506096640, grad norm: 0.5097
[iter 19130]loss: 3.1728, tokens/sec: 29334.98 ± 422.16, tokens seen: 2507407360, grad norm: 0.4918
[iter 19140]loss: 3.2214, tokens/sec: 29334.99 ± 422.05, tokens seen: 2508718080, grad norm: 0.6631
[iter 19150]loss: 3.0265, tokens/sec: 29335.00 ± 421.94, tokens seen: 2510028800, grad norm: 0.4576
[iter 19160]loss: 3.0801, tokens/sec: 29335.02 ± 421.83, tokens seen: 2511339520, grad norm: 0.4776
[iter 19170]loss: 3.1820, tokens/sec: 29335.03 ± 421.72, tokens seen: 2512650240, grad norm: 0.5125
[iter 19180]loss: 3.2940, tokens/sec: 29335.04 ± 421.61, tokens seen: 2513960960, grad norm: 0.5021
[iter 19190]loss: 2.8143, tokens/sec: 29335.05 ± 421.50, tokens seen: 2515271680, grad norm: 0.4889
[iter 19200]loss: 2.8990, tokens/sec: 29335.05 ± 421.39, tokens seen: 2516582400, grad norm: 0.5161
[iter 19210]loss: 2.8089, tokens/sec: 29335.07 ± 421.28, tokens seen: 2517893120, grad norm: 0.5210
[iter 19220]loss: 2.8996, tokens/sec: 29335.08 ± 421.17, tokens seen: 2519203840, grad norm: 0.5097
[iter 19230]loss: 3.1201, tokens/sec: 29335.10 ± 421.06, tokens seen: 2520514560, grad norm: 0.5243
[iter 19240]loss: 2.9966, tokens/sec: 29335.11 ± 420.96, tokens seen: 2521825280, grad norm: 0.4810
[iter 19250]loss: 2.9344, tokens/sec: 29335.12 ± 420.85, tokens seen: 2523136000, grad norm: 0.5242
[iter 19260]loss: 3.0765, tokens/sec: 29335.13 ± 420.74, tokens seen: 2524446720, grad norm: 0.4661
[iter 19270]loss: 2.9560, tokens/sec: 29335.14 ± 420.63, tokens seen: 2525757440, grad norm: 0.5611
[iter 19280]loss: 3.0746, tokens/sec: 29335.15 ± 420.52, tokens seen: 2527068160, grad norm: 0.5788
[iter 19290]loss: 2.9095, tokens/sec: 29335.17 ± 420.41, tokens seen: 2528378880, grad norm: 0.5419
[iter 19300]loss: 2.9087, tokens/sec: 29335.18 ± 420.30, tokens seen: 2529689600, grad norm: 0.4647
[iter 19310]loss: 3.0196, tokens/sec: 29335.19 ± 420.19, tokens seen: 2531000320, grad norm: 0.4882
[iter 19320]loss: 3.1567, tokens/sec: 29335.20 ± 420.09, tokens seen: 2532311040, grad norm: 0.4988
[iter 19330]loss: 3.1445, tokens/sec: 29335.21 ± 419.98, tokens seen: 2533621760, grad norm: 0.4908
[iter 19340]loss: 2.9655, tokens/sec: 29335.22 ± 419.87, tokens seen: 2534932480, grad norm: 0.5591
[iter 19350]loss: 2.9130, tokens/sec: 29335.24 ± 419.76, tokens seen: 2536243200, grad norm: 0.5474
[iter 19360]loss: 3.1713, tokens/sec: 29335.25 ± 419.65, tokens seen: 2537553920, grad norm: 0.5125
[iter 19370]loss: 2.5977, tokens/sec: 29335.25 ± 419.55, tokens seen: 2538864640, grad norm: 0.9891
[iter 19380]loss: 3.1866, tokens/sec: 29335.27 ± 419.44, tokens seen: 2540175360, grad norm: 0.4717
[iter 19390]loss: 2.9487, tokens/sec: 29335.28 ± 419.33, tokens seen: 2541486080, grad norm: 0.5041
[iter 19400]loss: 3.4014, tokens/sec: 29335.29 ± 419.22, tokens seen: 2542796800, grad norm: 0.5893
[iter 19410]loss: 2.6105, tokens/sec: 29335.31 ± 419.11, tokens seen: 2544107520, grad norm: 0.4843
[iter 19420]loss: 3.0225, tokens/sec: 29335.32 ± 419.01, tokens seen: 2545418240, grad norm: 0.5261
[iter 19430]loss: 2.8837, tokens/sec: 29335.34 ± 418.90, tokens seen: 2546728960, grad norm: 0.5227
[iter 19440]loss: 2.9578, tokens/sec: 29335.35 ± 418.79, tokens seen: 2548039680, grad norm: 0.5195
[iter 19450]loss: 2.9058, tokens/sec: 29335.13 ± 419.94, tokens seen: 2549350400, grad norm: 0.4731
[iter 19460]loss: 2.9912, tokens/sec: 29335.15 ± 419.83, tokens seen: 2550661120, grad norm: 0.5132
[iter 19470]loss: 2.8989, tokens/sec: 29335.16 ± 419.72, tokens seen: 2551971840, grad norm: 0.4999
[iter 19480]loss: 3.1056, tokens/sec: 29335.17 ± 419.61, tokens seen: 2553282560, grad norm: 0.6584
[iter 19490]loss: 2.9529, tokens/sec: 29335.19 ± 419.51, tokens seen: 2554593280, grad norm: 0.5147
[step 19500]train loss: 3.0107, val loss: 3.0179, (avg train loss: 0.3746 ± 0.0179), (avg grad norm: 0.5133 ± 0.0532)
saving checkpoint to ./out-owt-large-mhc-group-lora-midnorm-bs8-25000step
[iter 19500]loss: 3.1383, tokens/sec: 29335.20 ± 419.40, tokens seen: 2555904000, grad norm: 0.5141
[iter 19510]loss: 3.0395, tokens/sec: 29335.22 ± 419.29, tokens seen: 2557214720, grad norm: 0.5928
[iter 19520]loss: 2.9207, tokens/sec: 29335.23 ± 419.19, tokens seen: 2558525440, grad norm: 0.4591
[iter 19530]loss: 2.8283, tokens/sec: 29335.25 ± 419.08, tokens seen: 2559836160, grad norm: 0.4687
[iter 19540]loss: 2.9560, tokens/sec: 29335.26 ± 418.97, tokens seen: 2561146880, grad norm: 0.5092
[iter 19550]loss: 2.8824, tokens/sec: 29335.27 ± 418.86, tokens seen: 2562457600, grad norm: 0.7120
[iter 19560]loss: 3.1676, tokens/sec: 29334.97 ± 421.08, tokens seen: 2563768320, grad norm: 0.5289
[iter 19570]loss: 3.2780, tokens/sec: 29334.98 ± 420.97, tokens seen: 2565079040, grad norm: 0.5051
[iter 19580]loss: 3.0719, tokens/sec: 29334.99 ± 420.86, tokens seen: 2566389760, grad norm: 0.5168
[iter 19590]loss: 3.0984, tokens/sec: 29335.00 ± 420.76, tokens seen: 2567700480, grad norm: 0.4848
[iter 19600]loss: 2.9551, tokens/sec: 29335.01 ± 420.65, tokens seen: 2569011200, grad norm: 0.5295
[iter 19610]loss: 3.0094, tokens/sec: 29335.02 ± 420.54, tokens seen: 2570321920, grad norm: 0.5009
[iter 19620]loss: 2.9338, tokens/sec: 29335.04 ± 420.44, tokens seen: 2571632640, grad norm: 0.4654
[iter 19630]loss: 3.0371, tokens/sec: 29335.05 ± 420.33, tokens seen: 2572943360, grad norm: 0.5239
[iter 19640]loss: 3.1678, tokens/sec: 29335.06 ± 420.22, tokens seen: 2574254080, grad norm: 0.6704
[iter 19650]loss: 3.1292, tokens/sec: 29335.07 ± 420.12, tokens seen: 2575564800, grad norm: 0.4749
[iter 19660]loss: 2.8897, tokens/sec: 29335.08 ± 420.01, tokens seen: 2576875520, grad norm: 0.4732
[iter 19670]loss: 3.1941, tokens/sec: 29335.09 ± 419.90, tokens seen: 2578186240, grad norm: 0.6502
[iter 19680]loss: 2.8592, tokens/sec: 29335.11 ± 419.80, tokens seen: 2579496960, grad norm: 0.4976
[iter 19690]loss: 2.7548, tokens/sec: 29335.12 ± 419.69, tokens seen: 2580807680, grad norm: 0.5723
[iter 19700]loss: 2.8090, tokens/sec: 29335.13 ± 419.59, tokens seen: 2582118400, grad norm: 0.5307
[iter 19710]loss: 3.0285, tokens/sec: 29335.14 ± 419.48, tokens seen: 2583429120, grad norm: 0.4861
[iter 19720]loss: 3.3109, tokens/sec: 29335.15 ± 419.37, tokens seen: 2584739840, grad norm: 0.4838
[iter 19730]loss: 3.1664, tokens/sec: 29335.16 ± 419.27, tokens seen: 2586050560, grad norm: 0.5074
[iter 19740]loss: 2.9403, tokens/sec: 29335.17 ± 419.16, tokens seen: 2587361280, grad norm: 0.5566
[iter 19750]loss: 2.7772, tokens/sec: 29335.18 ± 419.06, tokens seen: 2588672000, grad norm: 0.4905
[iter 19760]loss: 3.1691, tokens/sec: 29335.19 ± 418.95, tokens seen: 2589982720, grad norm: 0.5239
[iter 19770]loss: 2.9368, tokens/sec: 29335.20 ± 418.84, tokens seen: 2591293440, grad norm: 0.5441
[iter 19780]loss: 2.8607, tokens/sec: 29335.21 ± 418.74, tokens seen: 2592604160, grad norm: 0.4900
[iter 19790]loss: 3.1401, tokens/sec: 29335.22 ± 418.63, tokens seen: 2593914880, grad norm: 0.4786
[iter 19800]loss: 2.9482, tokens/sec: 29335.23 ± 418.53, tokens seen: 2595225600, grad norm: 0.6253
[iter 19810]loss: 3.1727, tokens/sec: 29335.24 ± 418.42, tokens seen: 2596536320, grad norm: 0.5402
[iter 19820]loss: 2.6423, tokens/sec: 29335.25 ± 418.32, tokens seen: 2597847040, grad norm: 0.4707
[iter 19830]loss: 3.1634, tokens/sec: 29335.26 ± 418.21, tokens seen: 2599157760, grad norm: 0.4789
[iter 19840]loss: 2.8424, tokens/sec: 29335.28 ± 418.11, tokens seen: 2600468480, grad norm: 0.4746
[iter 19850]loss: 2.9543, tokens/sec: 29335.29 ± 418.00, tokens seen: 2601779200, grad norm: 0.4891
[iter 19860]loss: 2.9247, tokens/sec: 29335.30 ± 417.90, tokens seen: 2603089920, grad norm: 0.4966
[iter 19870]loss: 3.0990, tokens/sec: 29335.07 ± 419.07, tokens seen: 2604400640, grad norm: 0.5071
[iter 19880]loss: 3.0596, tokens/sec: 29335.08 ± 418.97, tokens seen: 2605711360, grad norm: 0.4704
[iter 19890]loss: 3.0303, tokens/sec: 29335.09 ± 418.86, tokens seen: 2607022080, grad norm: 0.5014
[iter 19900]loss: 3.0170, tokens/sec: 29335.10 ± 418.76, tokens seen: 2608332800, grad norm: 0.4979
[iter 19910]loss: 2.8163, tokens/sec: 29335.11 ± 418.65, tokens seen: 2609643520, grad norm: 0.4850
[iter 19920]loss: 3.0036, tokens/sec: 29335.13 ± 418.55, tokens seen: 2610954240, grad norm: 0.4675
[iter 19930]loss: 3.1344, tokens/sec: 29335.14 ± 418.44, tokens seen: 2612264960, grad norm: 0.4913
[iter 19940]loss: 2.9704, tokens/sec: 29335.15 ± 418.34, tokens seen: 2613575680, grad norm: 0.4943
[iter 19950]loss: 2.7115, tokens/sec: 29335.16 ± 418.23, tokens seen: 2614886400, grad norm: 0.4755
[iter 19960]loss: 3.2656, tokens/sec: 29335.18 ± 418.13, tokens seen: 2616197120, grad norm: 0.4871
[iter 19970]loss: 2.9394, tokens/sec: 29335.19 ± 418.03, tokens seen: 2617507840, grad norm: 0.5224
[iter 19980]loss: 3.1136, tokens/sec: 29335.20 ± 417.92, tokens seen: 2618818560, grad norm: 0.5815
[iter 19990]loss: 3.1549, tokens/sec: 29335.21 ± 417.82, tokens seen: 2620129280, grad norm: 0.4896
[step 20000]train loss: 3.0170, val loss: 3.0106, (avg train loss: 0.3744 ± 0.0178), (avg grad norm: 0.5075 ± 0.0410)
saving checkpoint to ./out-owt-large-mhc-group-lora-midnorm-bs8-25000step
[iter 20000]loss: 3.0409, tokens/sec: 29335.23 ± 417.71, tokens seen: 2621440000, grad norm: 0.4928
[iter 20010]loss: 2.8456, tokens/sec: 29335.24 ± 417.61, tokens seen: 2622750720, grad norm: 0.5322
[iter 20020]loss: 2.9465, tokens/sec: 29335.25 ± 417.51, tokens seen: 2624061440, grad norm: 0.5920
[iter 20030]loss: 3.0516, tokens/sec: 29335.26 ± 417.40, tokens seen: 2625372160, grad norm: 0.5083
[iter 20040]loss: 3.0358, tokens/sec: 29335.27 ± 417.30, tokens seen: 2626682880, grad norm: 0.4683
[iter 20050]loss: 2.9041, tokens/sec: 29335.28 ± 417.19, tokens seen: 2627993600, grad norm: 0.5341
[iter 20060]loss: 3.3217, tokens/sec: 29335.29 ± 417.09, tokens seen: 2629304320, grad norm: 0.5235
[iter 20070]loss: 3.0725, tokens/sec: 29335.31 ± 416.99, tokens seen: 2630615040, grad norm: 0.4863
[iter 20080]loss: 3.0914, tokens/sec: 29335.32 ± 416.88, tokens seen: 2631925760, grad norm: 0.4732
[iter 20090]loss: 2.8832, tokens/sec: 29335.03 ± 419.06, tokens seen: 2633236480, grad norm: 0.5216
[iter 20100]loss: 2.8467, tokens/sec: 29335.04 ± 418.96, tokens seen: 2634547200, grad norm: 0.4729
[iter 20110]loss: 2.9489, tokens/sec: 29335.05 ± 418.85, tokens seen: 2635857920, grad norm: 0.6087
[iter 20120]loss: 3.0323, tokens/sec: 29335.06 ± 418.75, tokens seen: 2637168640, grad norm: 0.4989
[iter 20130]loss: 3.2065, tokens/sec: 29335.08 ± 418.65, tokens seen: 2638479360, grad norm: 0.4886
[iter 20140]loss: 2.9468, tokens/sec: 29335.09 ± 418.54, tokens seen: 2639790080, grad norm: 0.4849
[iter 20150]loss: 3.0101, tokens/sec: 29335.10 ± 418.44, tokens seen: 2641100800, grad norm: 0.4761
[iter 20160]loss: 3.0676, tokens/sec: 29335.11 ± 418.34, tokens seen: 2642411520, grad norm: 0.4970
[iter 20170]loss: 3.0561, tokens/sec: 29335.13 ± 418.23, tokens seen: 2643722240, grad norm: 0.5365
[iter 20180]loss: 2.9521, tokens/sec: 29335.14 ± 418.13, tokens seen: 2645032960, grad norm: 0.4649
[iter 20190]loss: 2.9454, tokens/sec: 29335.15 ± 418.03, tokens seen: 2646343680, grad norm: 0.5974
[iter 20200]loss: 3.1809, tokens/sec: 29335.17 ± 417.92, tokens seen: 2647654400, grad norm: 0.5316
[iter 20210]loss: 2.9634, tokens/sec: 29335.18 ± 417.82, tokens seen: 2648965120, grad norm: 0.5092
[iter 20220]loss: 3.0203, tokens/sec: 29335.19 ± 417.72, tokens seen: 2650275840, grad norm: 0.5034
[iter 20230]loss: 3.1957, tokens/sec: 29335.21 ± 417.62, tokens seen: 2651586560, grad norm: 0.4665
[iter 20240]loss: 3.1535, tokens/sec: 29335.22 ± 417.51, tokens seen: 2652897280, grad norm: 0.5203
[iter 20250]loss: 3.0419, tokens/sec: 29335.23 ± 417.41, tokens seen: 2654208000, grad norm: 0.4944
[iter 20260]loss: 2.9344, tokens/sec: 29335.25 ± 417.31, tokens seen: 2655518720, grad norm: 0.5687
[iter 20270]loss: 2.9338, tokens/sec: 29335.26 ± 417.20, tokens seen: 2656829440, grad norm: 0.4901
[iter 20280]loss: 3.0248, tokens/sec: 29335.27 ± 417.10, tokens seen: 2658140160, grad norm: 0.5083
[iter 20290]loss: 2.9388, tokens/sec: 29335.06 ± 418.23, tokens seen: 2659450880, grad norm: 0.5048
[iter 20300]loss: 3.2821, tokens/sec: 29335.08 ± 418.12, tokens seen: 2660761600, grad norm: 0.5016
[iter 20310]loss: 2.9120, tokens/sec: 29335.09 ± 418.02, tokens seen: 2662072320, grad norm: 0.4823
[iter 20320]loss: 3.0849, tokens/sec: 29335.10 ± 417.92, tokens seen: 2663383040, grad norm: 0.4980
[iter 20330]loss: 3.1497, tokens/sec: 29335.12 ± 417.82, tokens seen: 2664693760, grad norm: 0.4890
[iter 20340]loss: 3.1898, tokens/sec: 29335.13 ± 417.72, tokens seen: 2666004480, grad norm: 0.5368
[iter 20350]loss: 3.0298, tokens/sec: 29335.14 ± 417.61, tokens seen: 2667315200, grad norm: 0.5170
[iter 20360]loss: 3.0561, tokens/sec: 29335.15 ± 417.51, tokens seen: 2668625920, grad norm: 0.5928
[iter 20370]loss: 3.1847, tokens/sec: 29335.17 ± 417.41, tokens seen: 2669936640, grad norm: 0.5307
[iter 20380]loss: 3.2284, tokens/sec: 29335.18 ± 417.31, tokens seen: 2671247360, grad norm: 0.5292
[iter 20390]loss: 3.0038, tokens/sec: 29335.19 ± 417.20, tokens seen: 2672558080, grad norm: 0.4920
[iter 20400]loss: 2.9832, tokens/sec: 29335.21 ± 417.10, tokens seen: 2673868800, grad norm: 0.5053
[iter 20410]loss: 2.9767, tokens/sec: 29335.22 ± 417.00, tokens seen: 2675179520, grad norm: 0.4874
[iter 20420]loss: 3.0413, tokens/sec: 29335.24 ± 416.90, tokens seen: 2676490240, grad norm: 0.4848
[iter 20430]loss: 3.1294, tokens/sec: 29335.25 ± 416.80, tokens seen: 2677800960, grad norm: 0.5215
[iter 20440]loss: 2.9324, tokens/sec: 29335.26 ± 416.70, tokens seen: 2679111680, grad norm: 0.4946
[iter 20450]loss: 3.2124, tokens/sec: 29335.28 ± 416.60, tokens seen: 2680422400, grad norm: 0.4880
[iter 20460]loss: 3.2019, tokens/sec: 29335.29 ± 416.49, tokens seen: 2681733120, grad norm: 0.5590
[iter 20470]loss: 2.9410, tokens/sec: 29335.30 ± 416.39, tokens seen: 2683043840, grad norm: 0.4736
[iter 20480]loss: 2.9184, tokens/sec: 29335.32 ± 416.29, tokens seen: 2684354560, grad norm: 0.4735
[iter 20490]loss: 3.0012, tokens/sec: 29335.33 ± 416.19, tokens seen: 2685665280, grad norm: 0.4948
[step 20500]train loss: 3.0017, val loss: 3.0182, (avg train loss: 0.3753 ± 0.0172), (avg grad norm: 0.5185 ± 0.0523)
[iter 20500]loss: 2.7025, tokens/sec: 29335.34 ± 416.09, tokens seen: 2686976000, grad norm: 0.5100
[iter 20510]loss: 2.8555, tokens/sec: 29335.36 ± 415.99, tokens seen: 2688286720, grad norm: 0.4891
[iter 20520]loss: 2.8302, tokens/sec: 29335.37 ± 415.89, tokens seen: 2689597440, grad norm: 0.6094
[iter 20530]loss: 3.0486, tokens/sec: 29335.38 ± 415.79, tokens seen: 2690908160, grad norm: 0.4974
[iter 20540]loss: 3.0116, tokens/sec: 29335.39 ± 415.69, tokens seen: 2692218880, grad norm: 0.5321
[iter 20550]loss: 3.0237, tokens/sec: 29335.41 ± 415.59, tokens seen: 2693529600, grad norm: 0.5253
[iter 20560]loss: 3.2639, tokens/sec: 29335.42 ± 415.48, tokens seen: 2694840320, grad norm: 0.5130
[iter 20570]loss: 2.9529, tokens/sec: 29335.43 ± 415.38, tokens seen: 2696151040, grad norm: 0.5483
[iter 20580]loss: 3.1571, tokens/sec: 29335.45 ± 415.28, tokens seen: 2697461760, grad norm: 0.4896
[iter 20590]loss: 2.8073, tokens/sec: 29335.46 ± 415.18, tokens seen: 2698772480, grad norm: 0.5081
[iter 20600]loss: 3.3503, tokens/sec: 29335.47 ± 415.08, tokens seen: 2700083200, grad norm: 0.5003
[iter 20610]loss: 2.7955, tokens/sec: 29335.48 ± 414.98, tokens seen: 2701393920, grad norm: 0.5079
[iter 20620]loss: 2.9832, tokens/sec: 29335.19 ± 417.08, tokens seen: 2702704640, grad norm: 0.5717
[iter 20630]loss: 3.0731, tokens/sec: 29335.20 ± 416.98, tokens seen: 2704015360, grad norm: 0.5465
[iter 20640]loss: 3.2565, tokens/sec: 29335.22 ± 416.88, tokens seen: 2705326080, grad norm: 0.5163
[iter 20650]loss: 3.0873, tokens/sec: 29335.23 ± 416.78, tokens seen: 2706636800, grad norm: 0.5023
[iter 20660]loss: 3.0175, tokens/sec: 29335.24 ± 416.68, tokens seen: 2707947520, grad norm: 0.5536
[iter 20670]loss: 2.9931, tokens/sec: 29335.25 ± 416.58, tokens seen: 2709258240, grad norm: 0.5544
[iter 20680]loss: 2.9715, tokens/sec: 29335.26 ± 416.47, tokens seen: 2710568960, grad norm: 0.4994
[iter 20690]loss: 2.8826, tokens/sec: 29335.27 ± 416.37, tokens seen: 2711879680, grad norm: 0.5289
[iter 20700]loss: 2.7300, tokens/sec: 29335.07 ± 417.45, tokens seen: 2713190400, grad norm: 0.4985
[iter 20710]loss: 3.2326, tokens/sec: 29335.08 ± 417.35, tokens seen: 2714501120, grad norm: 0.4922
[iter 20720]loss: 3.0025, tokens/sec: 29335.09 ± 417.25, tokens seen: 2715811840, grad norm: 0.4876
[iter 20730]loss: 3.0281, tokens/sec: 29335.11 ± 417.15, tokens seen: 2717122560, grad norm: 0.4808
[iter 20740]loss: 3.1067, tokens/sec: 29335.12 ± 417.05, tokens seen: 2718433280, grad norm: 0.5270
[iter 20750]loss: 2.9653, tokens/sec: 29335.13 ± 416.95, tokens seen: 2719744000, grad norm: 0.4823
[iter 20760]loss: 2.9474, tokens/sec: 29335.15 ± 416.85, tokens seen: 2721054720, grad norm: 0.4850
[iter 20770]loss: 2.7736, tokens/sec: 29335.16 ± 416.75, tokens seen: 2722365440, grad norm: 0.4946
[iter 20780]loss: 3.0155, tokens/sec: 29335.17 ± 416.65, tokens seen: 2723676160, grad norm: 0.4780
[iter 20790]loss: 3.0433, tokens/sec: 29335.19 ± 416.55, tokens seen: 2724986880, grad norm: 0.5008
[iter 20800]loss: 2.9892, tokens/sec: 29335.20 ± 416.45, tokens seen: 2726297600, grad norm: 0.5774
[iter 20810]loss: 3.1697, tokens/sec: 29335.21 ± 416.35, tokens seen: 2727608320, grad norm: 0.5018
[iter 20820]loss: 2.9091, tokens/sec: 29335.23 ± 416.25, tokens seen: 2728919040, grad norm: 0.5036
[iter 20830]loss: 2.9211, tokens/sec: 29335.24 ± 416.15, tokens seen: 2730229760, grad norm: 0.5323
[iter 20840]loss: 2.9355, tokens/sec: 29335.25 ± 416.05, tokens seen: 2731540480, grad norm: 0.5040
[iter 20850]loss: 3.0327, tokens/sec: 29335.27 ± 415.95, tokens seen: 2732851200, grad norm: 0.4727
[iter 20860]loss: 2.8996, tokens/sec: 29335.28 ± 415.85, tokens seen: 2734161920, grad norm: 0.5162
[iter 20870]loss: 3.0674, tokens/sec: 29335.29 ± 415.76, tokens seen: 2735472640, grad norm: 0.5774
[iter 20880]loss: 2.8817, tokens/sec: 29335.31 ± 415.66, tokens seen: 2736783360, grad norm: 0.4837
[iter 20890]loss: 3.0884, tokens/sec: 29335.32 ± 415.56, tokens seen: 2738094080, grad norm: 0.5128
[iter 20900]loss: 3.0031, tokens/sec: 29335.33 ± 415.46, tokens seen: 2739404800, grad norm: 0.4914
[iter 20910]loss: 3.0661, tokens/sec: 29335.34 ± 415.36, tokens seen: 2740715520, grad norm: 0.5408
[iter 20920]loss: 2.7541, tokens/sec: 29335.36 ± 415.26, tokens seen: 2742026240, grad norm: 0.4918
[iter 20930]loss: 3.1284, tokens/sec: 29335.37 ± 415.16, tokens seen: 2743336960, grad norm: 0.5977
[iter 20940]loss: 3.1119, tokens/sec: 29335.38 ± 415.06, tokens seen: 2744647680, grad norm: 0.5741
[iter 20950]loss: 2.9932, tokens/sec: 29335.40 ± 414.96, tokens seen: 2745958400, grad norm: 0.4917
[iter 20960]loss: 3.1533, tokens/sec: 29335.41 ± 414.87, tokens seen: 2747269120, grad norm: 0.4907
[iter 20970]loss: 2.6424, tokens/sec: 29335.42 ± 414.77, tokens seen: 2748579840, grad norm: 0.5069
[iter 20980]loss: 2.9104, tokens/sec: 29335.44 ± 414.67, tokens seen: 2749890560, grad norm: 0.6054
[iter 20990]loss: 2.9135, tokens/sec: 29335.45 ± 414.57, tokens seen: 2751201280, grad norm: 0.4739
[step 21000]train loss: 2.9855, val loss: 3.0073, (avg train loss: 0.3728 ± 0.0157), (avg grad norm: 0.5218 ± 0.0422)
saving checkpoint to ./out-owt-large-mhc-group-lora-midnorm-bs8-25000step
[iter 21000]loss: 2.9582, tokens/sec: 29335.46 ± 414.47, tokens seen: 2752512000, grad norm: 0.5520
[iter 21010]loss: 3.2254, tokens/sec: 29335.48 ± 414.37, tokens seen: 2753822720, grad norm: 0.5675
[iter 21020]loss: 2.8746, tokens/sec: 29335.49 ± 414.28, tokens seen: 2755133440, grad norm: 0.5144
[iter 21030]loss: 3.0327, tokens/sec: 29335.50 ± 414.18, tokens seen: 2756444160, grad norm: 0.4939
[iter 21040]loss: 2.9677, tokens/sec: 29335.51 ± 414.08, tokens seen: 2757754880, grad norm: 0.4834
[iter 21050]loss: 2.9713, tokens/sec: 29335.53 ± 413.98, tokens seen: 2759065600, grad norm: 0.5376
[iter 21060]loss: 2.9583, tokens/sec: 29335.54 ± 413.88, tokens seen: 2760376320, grad norm: 0.5563
[iter 21070]loss: 3.1662, tokens/sec: 29335.55 ± 413.79, tokens seen: 2761687040, grad norm: 0.5514
[iter 21080]loss: 2.6000, tokens/sec: 29335.56 ± 413.69, tokens seen: 2762997760, grad norm: 0.6198
[iter 21090]loss: 3.1514, tokens/sec: 29335.58 ± 413.59, tokens seen: 2764308480, grad norm: 0.5494
[iter 21100]loss: 2.7885, tokens/sec: 29335.59 ± 413.49, tokens seen: 2765619200, grad norm: 0.5647
[iter 21110]loss: 2.7883, tokens/sec: 29335.60 ± 413.40, tokens seen: 2766929920, grad norm: 0.4923
[iter 21120]loss: 2.9765, tokens/sec: 29335.40 ± 414.44, tokens seen: 2768240640, grad norm: 0.5026
[iter 21130]loss: 3.0658, tokens/sec: 29335.41 ± 414.34, tokens seen: 2769551360, grad norm: 0.4968
[iter 21140]loss: 3.2099, tokens/sec: 29335.43 ± 414.24, tokens seen: 2770862080, grad norm: 0.5132
[iter 21150]loss: 2.6909, tokens/sec: 29335.15 ± 416.32, tokens seen: 2772172800, grad norm: 0.4931
[iter 21160]loss: 2.8657, tokens/sec: 29335.16 ± 416.22, tokens seen: 2773483520, grad norm: 0.5216
[iter 21170]loss: 3.1224, tokens/sec: 29335.17 ± 416.12, tokens seen: 2774794240, grad norm: 0.4950
[iter 21180]loss: 3.1401, tokens/sec: 29335.18 ± 416.02, tokens seen: 2776104960, grad norm: 0.4777
[iter 21190]loss: 3.1428, tokens/sec: 29335.19 ± 415.93, tokens seen: 2777415680, grad norm: 0.4644
[iter 21200]loss: 3.0551, tokens/sec: 29335.20 ± 415.83, tokens seen: 2778726400, grad norm: 0.5391
[iter 21210]loss: 2.8345, tokens/sec: 29335.22 ± 415.73, tokens seen: 2780037120, grad norm: 0.5138
[iter 21220]loss: 2.9865, tokens/sec: 29335.23 ± 415.63, tokens seen: 2781347840, grad norm: 0.4849
[iter 21230]loss: 2.8817, tokens/sec: 29335.24 ± 415.54, tokens seen: 2782658560, grad norm: 0.5449
[iter 21240]loss: 3.0865, tokens/sec: 29335.25 ± 415.44, tokens seen: 2783969280, grad norm: 0.4757
[iter 21250]loss: 2.8954, tokens/sec: 29335.26 ± 415.34, tokens seen: 2785280000, grad norm: 0.4614
[iter 21260]loss: 2.8815, tokens/sec: 29335.27 ± 415.24, tokens seen: 2786590720, grad norm: 0.4923
[iter 21270]loss: 3.0584, tokens/sec: 29335.28 ± 415.15, tokens seen: 2787901440, grad norm: 0.4616
[iter 21280]loss: 3.2253, tokens/sec: 29335.30 ± 415.05, tokens seen: 2789212160, grad norm: 0.5184
[iter 21290]loss: 2.9835, tokens/sec: 29335.31 ± 414.95, tokens seen: 2790522880, grad norm: 0.5803
[iter 21300]loss: 3.1186, tokens/sec: 29335.32 ± 414.85, tokens seen: 2791833600, grad norm: 0.5645
[iter 21310]loss: 2.8082, tokens/sec: 29335.33 ± 414.76, tokens seen: 2793144320, grad norm: 0.4892
[iter 21320]loss: 3.0522, tokens/sec: 29335.34 ± 414.66, tokens seen: 2794455040, grad norm: 0.5094
[iter 21330]loss: 3.0082, tokens/sec: 29335.35 ± 414.56, tokens seen: 2795765760, grad norm: 0.5035
[iter 21340]loss: 2.9029, tokens/sec: 29335.36 ± 414.47, tokens seen: 2797076480, grad norm: 0.5482
[iter 21350]loss: 3.0188, tokens/sec: 29335.37 ± 414.37, tokens seen: 2798387200, grad norm: 0.4720
[iter 21360]loss: 3.3183, tokens/sec: 29335.38 ± 414.27, tokens seen: 2799697920, grad norm: 0.5168
[iter 21370]loss: 2.9318, tokens/sec: 29335.39 ± 414.18, tokens seen: 2801008640, grad norm: 0.5143
[iter 21380]loss: 3.1974, tokens/sec: 29335.40 ± 414.08, tokens seen: 2802319360, grad norm: 0.5124
[iter 21390]loss: 3.0483, tokens/sec: 29335.41 ± 413.98, tokens seen: 2803630080, grad norm: 0.5033
[iter 21400]loss: 2.9396, tokens/sec: 29335.42 ± 413.89, tokens seen: 2804940800, grad norm: 0.4877
[iter 21410]loss: 2.9827, tokens/sec: 29335.43 ± 413.79, tokens seen: 2806251520, grad norm: 0.5071
[iter 21420]loss: 2.8178, tokens/sec: 29335.44 ± 413.69, tokens seen: 2807562240, grad norm: 0.5362
[iter 21430]loss: 2.7693, tokens/sec: 29335.45 ± 413.60, tokens seen: 2808872960, grad norm: 0.4721
[iter 21440]loss: 3.2030, tokens/sec: 29335.47 ± 413.50, tokens seen: 2810183680, grad norm: 0.5548
[iter 21450]loss: 3.1158, tokens/sec: 29335.48 ± 413.41, tokens seen: 2811494400, grad norm: 0.5107
[iter 21460]loss: 3.2782, tokens/sec: 29335.49 ± 413.31, tokens seen: 2812805120, grad norm: 0.4982
[iter 21470]loss: 2.9794, tokens/sec: 29335.50 ± 413.21, tokens seen: 2814115840, grad norm: 0.4958
[iter 21480]loss: 2.8986, tokens/sec: 29335.52 ± 413.12, tokens seen: 2815426560, grad norm: 0.5671
[iter 21490]loss: 2.8413, tokens/sec: 29335.53 ± 413.02, tokens seen: 2816737280, grad norm: 0.5236
[step 21500]train loss: 3.0017, val loss: 2.9921, (avg train loss: 0.3735 ± 0.0163), (avg grad norm: 0.5206 ± 0.0364)
saving checkpoint to ./out-owt-large-mhc-group-lora-midnorm-bs8-25000step
[iter 21500]loss: 2.8099, tokens/sec: 29335.54 ± 412.93, tokens seen: 2818048000, grad norm: 0.4880
[iter 21510]loss: 2.7382, tokens/sec: 29335.56 ± 412.83, tokens seen: 2819358720, grad norm: 0.4794
[iter 21520]loss: 2.7846, tokens/sec: 29335.57 ± 412.74, tokens seen: 2820669440, grad norm: 0.5448
[iter 21530]loss: 3.1006, tokens/sec: 29335.37 ± 413.79, tokens seen: 2821980160, grad norm: 0.5192
[iter 21540]loss: 2.8957, tokens/sec: 29335.38 ± 413.70, tokens seen: 2823290880, grad norm: 0.5588
[iter 21550]loss: 3.0809, tokens/sec: 29335.40 ± 413.60, tokens seen: 2824601600, grad norm: 0.5682
[iter 21560]loss: 3.0944, tokens/sec: 29335.41 ± 413.51, tokens seen: 2825912320, grad norm: 0.4927
[iter 21570]loss: 3.1475, tokens/sec: 29335.42 ± 413.41, tokens seen: 2827223040, grad norm: 0.4898
[iter 21580]loss: 3.0240, tokens/sec: 29335.43 ± 413.32, tokens seen: 2828533760, grad norm: 0.5013
[iter 21590]loss: 3.1160, tokens/sec: 29335.45 ± 413.22, tokens seen: 2829844480, grad norm: 0.5348
[iter 21600]loss: 2.8943, tokens/sec: 29335.46 ± 413.13, tokens seen: 2831155200, grad norm: 0.5228
[iter 21610]loss: 2.6796, tokens/sec: 29335.47 ± 413.03, tokens seen: 2832465920, grad norm: 0.5225
[iter 21620]loss: 2.9226, tokens/sec: 29335.48 ± 412.93, tokens seen: 2833776640, grad norm: 0.4970
[iter 21630]loss: 3.2329, tokens/sec: 29335.49 ± 412.84, tokens seen: 2835087360, grad norm: 0.5868
[iter 21640]loss: 3.0374, tokens/sec: 29335.50 ± 412.74, tokens seen: 2836398080, grad norm: 0.4957
[iter 21650]loss: 3.1946, tokens/sec: 29335.52 ± 412.65, tokens seen: 2837708800, grad norm: 0.4933
[iter 21660]loss: 3.0873, tokens/sec: 29335.53 ± 412.56, tokens seen: 2839019520, grad norm: 0.5661
[iter 21670]loss: 2.9047, tokens/sec: 29335.54 ± 412.46, tokens seen: 2840330240, grad norm: 0.4741
[iter 21680]loss: 3.0354, tokens/sec: 29335.27 ± 414.48, tokens seen: 2841640960, grad norm: 0.5503
[iter 21690]loss: 3.0913, tokens/sec: 29335.27 ± 414.39, tokens seen: 2842951680, grad norm: 0.4868
[iter 21700]loss: 3.3639, tokens/sec: 29335.29 ± 414.29, tokens seen: 2844262400, grad norm: 0.6244
[iter 21710]loss: 3.0679, tokens/sec: 29335.30 ± 414.20, tokens seen: 2845573120, grad norm: 0.5407
[iter 21720]loss: 2.8590, tokens/sec: 29335.31 ± 414.10, tokens seen: 2846883840, grad norm: 0.4723
[iter 21730]loss: 3.0906, tokens/sec: 29335.32 ± 414.01, tokens seen: 2848194560, grad norm: 0.4743
[iter 21740]loss: 2.9422, tokens/sec: 29335.34 ± 413.91, tokens seen: 2849505280, grad norm: 0.5560
[iter 21750]loss: 2.8808, tokens/sec: 29335.35 ± 413.82, tokens seen: 2850816000, grad norm: 0.5479
[iter 21760]loss: 3.0555, tokens/sec: 29335.36 ± 413.73, tokens seen: 2852126720, grad norm: 0.5279
[iter 21770]loss: 3.2265, tokens/sec: 29335.37 ± 413.63, tokens seen: 2853437440, grad norm: 0.5440
[iter 21780]loss: 2.9626, tokens/sec: 29335.39 ± 413.54, tokens seen: 2854748160, grad norm: 0.5832
[iter 21790]loss: 3.0852, tokens/sec: 29335.40 ± 413.44, tokens seen: 2856058880, grad norm: 0.4874
[iter 21800]loss: 2.5841, tokens/sec: 29335.41 ± 413.35, tokens seen: 2857369600, grad norm: 0.4781
[iter 21810]loss: 2.9046, tokens/sec: 29335.42 ± 413.25, tokens seen: 2858680320, grad norm: 0.5408
[iter 21820]loss: 3.0430, tokens/sec: 29335.43 ± 413.16, tokens seen: 2859991040, grad norm: 0.6228
[iter 21830]loss: 3.2061, tokens/sec: 29335.44 ± 413.06, tokens seen: 2861301760, grad norm: 0.5598
[iter 21840]loss: 3.1306, tokens/sec: 29335.45 ± 412.97, tokens seen: 2862612480, grad norm: 0.5010
[iter 21850]loss: 3.0002, tokens/sec: 29335.46 ± 412.88, tokens seen: 2863923200, grad norm: 0.5201
[iter 21860]loss: 3.0503, tokens/sec: 29335.47 ± 412.78, tokens seen: 2865233920, grad norm: 0.5251
[iter 21870]loss: 2.8991, tokens/sec: 29335.48 ± 412.69, tokens seen: 2866544640, grad norm: 0.5519
[iter 21880]loss: 3.2816, tokens/sec: 29335.49 ± 412.59, tokens seen: 2867855360, grad norm: 0.5900
[iter 21890]loss: 2.7752, tokens/sec: 29335.51 ± 412.50, tokens seen: 2869166080, grad norm: 0.5436
[iter 21900]loss: 2.8404, tokens/sec: 29335.52 ± 412.41, tokens seen: 2870476800, grad norm: 0.5352
[iter 21910]loss: 2.8907, tokens/sec: 29335.53 ± 412.31, tokens seen: 2871787520, grad norm: 0.5775
[iter 21920]loss: 2.7944, tokens/sec: 29335.54 ± 412.22, tokens seen: 2873098240, grad norm: 0.5622
[iter 21930]loss: 3.1282, tokens/sec: 29335.56 ± 412.13, tokens seen: 2874408960, grad norm: 0.5082
[iter 21940]loss: 3.2767, tokens/sec: 29335.57 ± 412.03, tokens seen: 2875719680, grad norm: 0.5547
[iter 21950]loss: 3.1611, tokens/sec: 29335.38 ± 413.05, tokens seen: 2877030400, grad norm: 0.4841
[iter 21960]loss: 3.3850, tokens/sec: 29335.39 ± 412.95, tokens seen: 2878341120, grad norm: 0.6278
[iter 21970]loss: 3.0900, tokens/sec: 29335.40 ± 412.86, tokens seen: 2879651840, grad norm: 0.4912
[iter 21980]loss: 3.1797, tokens/sec: 29335.41 ± 412.77, tokens seen: 2880962560, grad norm: 0.5079
[iter 21990]loss: 3.1818, tokens/sec: 29335.42 ± 412.67, tokens seen: 2882273280, grad norm: 0.5019
[step 22000]train loss: 2.9685, val loss: 2.9982, (avg train loss: 0.3763 ± 0.0186), (avg grad norm: 0.5303 ± 0.0429)
[iter 22000]loss: 3.0104, tokens/sec: 29335.44 ± 412.58, tokens seen: 2883584000, grad norm: 0.5352
[iter 22010]loss: 2.9347, tokens/sec: 29335.45 ± 412.49, tokens seen: 2884894720, grad norm: 0.4993
[iter 22020]loss: 3.1371, tokens/sec: 29335.45 ± 412.39, tokens seen: 2886205440, grad norm: 0.5079
[iter 22030]loss: 3.1057, tokens/sec: 29335.47 ± 412.30, tokens seen: 2887516160, grad norm: 0.5002
[iter 22040]loss: 3.0955, tokens/sec: 29335.48 ± 412.21, tokens seen: 2888826880, grad norm: 0.5810
[iter 22050]loss: 3.0484, tokens/sec: 29335.48 ± 412.11, tokens seen: 2890137600, grad norm: 0.5491
[iter 22060]loss: 2.8506, tokens/sec: 29335.50 ± 412.02, tokens seen: 2891448320, grad norm: 0.5594
[iter 22070]loss: 3.1153, tokens/sec: 29335.51 ± 411.93, tokens seen: 2892759040, grad norm: 0.5534
[iter 22080]loss: 2.9870, tokens/sec: 29335.52 ± 411.83, tokens seen: 2894069760, grad norm: 0.6978
[iter 22090]loss: 3.0284, tokens/sec: 29335.53 ± 411.74, tokens seen: 2895380480, grad norm: 0.5001
[iter 22100]loss: 3.1471, tokens/sec: 29335.55 ± 411.65, tokens seen: 2896691200, grad norm: 0.4979
[iter 22110]loss: 2.8393, tokens/sec: 29335.56 ± 411.56, tokens seen: 2898001920, grad norm: 0.5524
[iter 22120]loss: 3.2003, tokens/sec: 29335.57 ± 411.46, tokens seen: 2899312640, grad norm: 0.5663
[iter 22130]loss: 2.6527, tokens/sec: 29335.58 ± 411.37, tokens seen: 2900623360, grad norm: 0.5247
[iter 22140]loss: 3.0173, tokens/sec: 29335.58 ± 411.28, tokens seen: 2901934080, grad norm: 0.4848
[iter 22150]loss: 2.7440, tokens/sec: 29335.60 ± 411.19, tokens seen: 2903244800, grad norm: 0.4937
[iter 22160]loss: 3.3592, tokens/sec: 29335.61 ± 411.09, tokens seen: 2904555520, grad norm: 0.5087
[iter 22170]loss: 2.9487, tokens/sec: 29335.62 ± 411.00, tokens seen: 2905866240, grad norm: 0.4817
[iter 22180]loss: 2.9535, tokens/sec: 29335.63 ± 410.91, tokens seen: 2907176960, grad norm: 0.6299
[iter 22190]loss: 3.2404, tokens/sec: 29335.65 ± 410.82, tokens seen: 2908487680, grad norm: 0.5402
[iter 22200]loss: 3.1053, tokens/sec: 29335.66 ± 410.72, tokens seen: 2909798400, grad norm: 0.4941
[iter 22210]loss: 2.9860, tokens/sec: 29335.39 ± 412.78, tokens seen: 2911109120, grad norm: 0.4691
[iter 22220]loss: 2.8436, tokens/sec: 29335.40 ± 412.69, tokens seen: 2912419840, grad norm: 0.5292
[iter 22230]loss: 3.1507, tokens/sec: 29335.41 ± 412.60, tokens seen: 2913730560, grad norm: 0.4918
[iter 22240]loss: 2.7977, tokens/sec: 29335.43 ± 412.51, tokens seen: 2915041280, grad norm: 0.4793
[iter 22250]loss: 2.7767, tokens/sec: 29335.44 ± 412.42, tokens seen: 2916352000, grad norm: 0.5214
[iter 22260]loss: 3.0679, tokens/sec: 29335.45 ± 412.32, tokens seen: 2917662720, grad norm: 0.4981
[iter 22270]loss: 3.0088, tokens/sec: 29335.46 ± 412.23, tokens seen: 2918973440, grad norm: 0.6548
[iter 22280]loss: 2.8117, tokens/sec: 29335.47 ± 412.14, tokens seen: 2920284160, grad norm: 0.5529
[iter 22290]loss: 3.4104, tokens/sec: 29335.48 ± 412.05, tokens seen: 2921594880, grad norm: 0.5121
[iter 22300]loss: 2.7638, tokens/sec: 29335.49 ± 411.95, tokens seen: 2922905600, grad norm: 0.5075
[iter 22310]loss: 2.8475, tokens/sec: 29335.51 ± 411.86, tokens seen: 2924216320, grad norm: 0.5115
[iter 22320]loss: 2.8312, tokens/sec: 29335.52 ± 411.77, tokens seen: 2925527040, grad norm: 0.4990
[iter 22330]loss: 2.7198, tokens/sec: 29335.53 ± 411.68, tokens seen: 2926837760, grad norm: 0.5358
[iter 22340]loss: 3.0568, tokens/sec: 29335.54 ± 411.59, tokens seen: 2928148480, grad norm: 0.5008
[iter 22350]loss: 3.0322, tokens/sec: 29335.55 ± 411.50, tokens seen: 2929459200, grad norm: 0.4920
[iter 22360]loss: 2.8778, tokens/sec: 29335.36 ± 412.52, tokens seen: 2930769920, grad norm: 0.5185
[iter 22370]loss: 2.9354, tokens/sec: 29335.37 ± 412.43, tokens seen: 2932080640, grad norm: 0.4649
[iter 22380]loss: 3.3974, tokens/sec: 29335.38 ± 412.34, tokens seen: 2933391360, grad norm: 0.4951
[iter 22390]loss: 2.6501, tokens/sec: 29335.39 ± 412.25, tokens seen: 2934702080, grad norm: 0.5085
[iter 22400]loss: 2.9593, tokens/sec: 29335.41 ± 412.16, tokens seen: 2936012800, grad norm: 0.5106
[iter 22410]loss: 3.0894, tokens/sec: 29335.42 ± 412.06, tokens seen: 2937323520, grad norm: 0.6452
[iter 22420]loss: 3.1019, tokens/sec: 29335.43 ± 411.97, tokens seen: 2938634240, grad norm: 0.5209
[iter 22430]loss: 3.0500, tokens/sec: 29335.44 ± 411.88, tokens seen: 2939944960, grad norm: 0.5043
[iter 22440]loss: 2.9935, tokens/sec: 29335.46 ± 411.79, tokens seen: 2941255680, grad norm: 0.5159
[iter 22450]loss: 3.0817, tokens/sec: 29335.47 ± 411.70, tokens seen: 2942566400, grad norm: 0.4913
[iter 22460]loss: 2.7936, tokens/sec: 29335.48 ± 411.61, tokens seen: 2943877120, grad norm: 0.5379
[iter 22470]loss: 2.9651, tokens/sec: 29335.49 ± 411.52, tokens seen: 2945187840, grad norm: 0.4749
[iter 22480]loss: 3.1261, tokens/sec: 29335.50 ± 411.43, tokens seen: 2946498560, grad norm: 0.4944
[iter 22490]loss: 2.8617, tokens/sec: 29335.52 ± 411.33, tokens seen: 2947809280, grad norm: 0.5076
[step 22500]train loss: 2.9943, val loss: 2.9927, (avg train loss: 0.3738 ± 0.0172), (avg grad norm: 0.5213 ± 0.0381)
[iter 22500]loss: 3.1668, tokens/sec: 29335.53 ± 411.24, tokens seen: 2949120000, grad norm: 0.5140
[iter 22510]loss: 3.2583, tokens/sec: 29335.54 ± 411.15, tokens seen: 2950430720, grad norm: 0.5336
[iter 22520]loss: 2.7410, tokens/sec: 29335.55 ± 411.06, tokens seen: 2951741440, grad norm: 0.5629
[iter 22530]loss: 2.8377, tokens/sec: 29335.56 ± 410.97, tokens seen: 2953052160, grad norm: 0.5236
[iter 22540]loss: 2.9113, tokens/sec: 29335.57 ± 410.88, tokens seen: 2954362880, grad norm: 0.5116
[iter 22550]loss: 2.5453, tokens/sec: 29335.58 ± 410.79, tokens seen: 2955673600, grad norm: 0.5156
[iter 22560]loss: 3.0919, tokens/sec: 29335.59 ± 410.70, tokens seen: 2956984320, grad norm: 0.5305
[iter 22570]loss: 2.7272, tokens/sec: 29335.60 ± 410.61, tokens seen: 2958295040, grad norm: 0.4880
[iter 22580]loss: 3.0211, tokens/sec: 29335.61 ± 410.52, tokens seen: 2959605760, grad norm: 0.5170
[iter 22590]loss: 3.1881, tokens/sec: 29335.62 ± 410.43, tokens seen: 2960916480, grad norm: 0.5973
[iter 22600]loss: 3.0962, tokens/sec: 29335.63 ± 410.34, tokens seen: 2962227200, grad norm: 0.5642
[iter 22610]loss: 3.0044, tokens/sec: 29335.64 ± 410.25, tokens seen: 2963537920, grad norm: 0.5181
[iter 22620]loss: 3.0461, tokens/sec: 29335.65 ± 410.15, tokens seen: 2964848640, grad norm: 0.5179
[iter 22630]loss: 3.1593, tokens/sec: 29335.66 ± 410.06, tokens seen: 2966159360, grad norm: 0.4965
[iter 22640]loss: 3.1049, tokens/sec: 29335.67 ± 409.97, tokens seen: 2967470080, grad norm: 0.5374
[iter 22650]loss: 3.3033, tokens/sec: 29335.68 ± 409.88, tokens seen: 2968780800, grad norm: 0.5139
[iter 22660]loss: 3.0089, tokens/sec: 29335.69 ± 409.79, tokens seen: 2970091520, grad norm: 0.4957
[iter 22670]loss: 2.9028, tokens/sec: 29335.70 ± 409.70, tokens seen: 2971402240, grad norm: 0.4926
[iter 22680]loss: 2.9848, tokens/sec: 29335.70 ± 409.61, tokens seen: 2972712960, grad norm: 0.5094
[iter 22690]loss: 3.0557, tokens/sec: 29335.71 ± 409.52, tokens seen: 2974023680, grad norm: 0.5093
[iter 22700]loss: 3.1786, tokens/sec: 29335.72 ± 409.43, tokens seen: 2975334400, grad norm: 0.5747
[iter 22710]loss: 2.6175, tokens/sec: 29335.72 ± 409.34, tokens seen: 2976645120, grad norm: 0.5201
[iter 22720]loss: 2.9532, tokens/sec: 29335.73 ± 409.25, tokens seen: 2977955840, grad norm: 0.5087
[iter 22730]loss: 3.0847, tokens/sec: 29335.74 ± 409.16, tokens seen: 2979266560, grad norm: 0.5067
[iter 22740]loss: 2.9180, tokens/sec: 29335.47 ± 411.22, tokens seen: 2980577280, grad norm: 0.4992
[iter 22750]loss: 2.9365, tokens/sec: 29335.49 ± 411.13, tokens seen: 2981888000, grad norm: 0.5900
[iter 22760]loss: 2.9901, tokens/sec: 29335.50 ± 411.04, tokens seen: 2983198720, grad norm: 0.5349
[iter 22770]loss: 3.2476, tokens/sec: 29335.51 ± 410.95, tokens seen: 2984509440, grad norm: 0.6058
[iter 22780]loss: 2.9914, tokens/sec: 29335.32 ± 411.97, tokens seen: 2985820160, grad norm: 0.5124
[iter 22790]loss: 2.9564, tokens/sec: 29335.33 ± 411.88, tokens seen: 2987130880, grad norm: 0.6600
[iter 22800]loss: 3.0230, tokens/sec: 29335.34 ± 411.79, tokens seen: 2988441600, grad norm: 0.5809
[iter 22810]loss: 3.0039, tokens/sec: 29335.35 ± 411.70, tokens seen: 2989752320, grad norm: 0.4939
[iter 22820]loss: 3.0051, tokens/sec: 29335.37 ± 411.61, tokens seen: 2991063040, grad norm: 0.5256
[iter 22830]loss: 3.0627, tokens/sec: 29335.38 ± 411.52, tokens seen: 2992373760, grad norm: 0.5518
[iter 22840]loss: 3.0144, tokens/sec: 29335.38 ± 411.43, tokens seen: 2993684480, grad norm: 0.4896
[iter 22850]loss: 2.9862, tokens/sec: 29335.39 ± 411.34, tokens seen: 2994995200, grad norm: 0.5315
[iter 22860]loss: 3.2423, tokens/sec: 29335.40 ± 411.25, tokens seen: 2996305920, grad norm: 0.5753
[iter 22870]loss: 2.9519, tokens/sec: 29335.41 ± 411.16, tokens seen: 2997616640, grad norm: 0.5124
[iter 22880]loss: 3.4872, tokens/sec: 29335.41 ± 411.07, tokens seen: 2998927360, grad norm: 0.5913
[iter 22890]loss: 3.0497, tokens/sec: 29335.43 ± 410.98, tokens seen: 3000238080, grad norm: 0.5905
[iter 22900]loss: 2.9178, tokens/sec: 29335.44 ± 410.89, tokens seen: 3001548800, grad norm: 0.5764
[iter 22910]loss: 3.1778, tokens/sec: 29335.45 ± 410.81, tokens seen: 3002859520, grad norm: 0.5593
[iter 22920]loss: 2.9140, tokens/sec: 29335.46 ± 410.72, tokens seen: 3004170240, grad norm: 0.5008
[iter 22930]loss: 2.7531, tokens/sec: 29335.47 ± 410.63, tokens seen: 3005480960, grad norm: 0.4990
[iter 22940]loss: 3.1044, tokens/sec: 29335.48 ± 410.54, tokens seen: 3006791680, grad norm: 0.5026
[iter 22950]loss: 3.0646, tokens/sec: 29335.49 ± 410.45, tokens seen: 3008102400, grad norm: 0.5331
[iter 22960]loss: 2.9992, tokens/sec: 29335.50 ± 410.36, tokens seen: 3009413120, grad norm: 0.6531
[iter 22970]loss: 3.1379, tokens/sec: 29335.51 ± 410.27, tokens seen: 3010723840, grad norm: 0.5010
[iter 22980]loss: 2.6856, tokens/sec: 29335.53 ± 410.18, tokens seen: 3012034560, grad norm: 0.5460
[iter 22990]loss: 3.1940, tokens/sec: 29335.54 ± 410.09, tokens seen: 3013345280, grad norm: 0.5812
[step 23000]train loss: 2.9930, val loss: 3.0097, (avg train loss: 0.3733 ± 0.0187), (avg grad norm: 0.5390 ± 0.0431)
[iter 23000]loss: 3.1583, tokens/sec: 29335.55 ± 410.00, tokens seen: 3014656000, grad norm: 0.5175
[iter 23010]loss: 3.0723, tokens/sec: 29335.57 ± 409.92, tokens seen: 3015966720, grad norm: 0.4941
[iter 23020]loss: 2.7996, tokens/sec: 29335.58 ± 409.83, tokens seen: 3017277440, grad norm: 0.5415
[iter 23030]loss: 2.9706, tokens/sec: 29335.59 ± 409.74, tokens seen: 3018588160, grad norm: 0.6041
[iter 23040]loss: 3.0272, tokens/sec: 29335.60 ± 409.65, tokens seen: 3019898880, grad norm: 0.5141
[iter 23050]loss: 3.0233, tokens/sec: 29335.61 ± 409.56, tokens seen: 3021209600, grad norm: 0.5681
[iter 23060]loss: 3.0734, tokens/sec: 29335.63 ± 409.47, tokens seen: 3022520320, grad norm: 0.4961
[iter 23070]loss: 2.7833, tokens/sec: 29335.64 ± 409.39, tokens seen: 3023831040, grad norm: 0.5350
[iter 23080]loss: 3.1383, tokens/sec: 29335.65 ± 409.30, tokens seen: 3025141760, grad norm: 0.5221
[iter 23090]loss: 3.0100, tokens/sec: 29335.66 ± 409.21, tokens seen: 3026452480, grad norm: 0.5675
[iter 23100]loss: 3.0588, tokens/sec: 29335.67 ± 409.12, tokens seen: 3027763200, grad norm: 0.5262
[iter 23110]loss: 2.9185, tokens/sec: 29335.68 ± 409.03, tokens seen: 3029073920, grad norm: 0.5249
[iter 23120]loss: 3.2152, tokens/sec: 29335.69 ± 408.94, tokens seen: 3030384640, grad norm: 0.5119
[iter 23130]loss: 2.9572, tokens/sec: 29335.71 ± 408.86, tokens seen: 3031695360, grad norm: 0.5533
[iter 23140]loss: 3.0806, tokens/sec: 29335.72 ± 408.77, tokens seen: 3033006080, grad norm: 0.5729
[iter 23150]loss: 2.8196, tokens/sec: 29335.73 ± 408.68, tokens seen: 3034316800, grad norm: 0.6918
[iter 23160]loss: 2.9237, tokens/sec: 29335.74 ± 408.59, tokens seen: 3035627520, grad norm: 0.5210
[iter 23170]loss: 3.1597, tokens/sec: 29335.75 ± 408.50, tokens seen: 3036938240, grad norm: 0.6346
[iter 23180]loss: 3.0180, tokens/sec: 29335.76 ± 408.42, tokens seen: 3038248960, grad norm: 0.5290
[iter 23190]loss: 3.0511, tokens/sec: 29335.58 ± 409.40, tokens seen: 3039559680, grad norm: 0.5845
[iter 23200]loss: 3.3241, tokens/sec: 29335.59 ± 409.31, tokens seen: 3040870400, grad norm: 0.5042
[iter 23210]loss: 2.8103, tokens/sec: 29335.60 ± 409.23, tokens seen: 3042181120, grad norm: 0.5154
[iter 23220]loss: 3.0184, tokens/sec: 29335.61 ± 409.14, tokens seen: 3043491840, grad norm: 0.5464
[iter 23230]loss: 3.1077, tokens/sec: 29335.62 ± 409.05, tokens seen: 3044802560, grad norm: 0.5153
[iter 23240]loss: 3.0770, tokens/sec: 29335.64 ± 408.96, tokens seen: 3046113280, grad norm: 0.5442
[iter 23250]loss: 2.9255, tokens/sec: 29335.65 ± 408.88, tokens seen: 3047424000, grad norm: 0.5161
[iter 23260]loss: 2.9492, tokens/sec: 29335.66 ± 408.79, tokens seen: 3048734720, grad norm: 0.7882
[iter 23270]loss: 2.8358, tokens/sec: 29335.41 ± 410.71, tokens seen: 3050045440, grad norm: 0.5018
[iter 23280]loss: 2.8715, tokens/sec: 29335.42 ± 410.62, tokens seen: 3051356160, grad norm: 0.5143
[iter 23290]loss: 3.0754, tokens/sec: 29335.42 ± 410.53, tokens seen: 3052666880, grad norm: 0.5622
[iter 23300]loss: 3.0598, tokens/sec: 29335.43 ± 410.44, tokens seen: 3053977600, grad norm: 0.6342
[iter 23310]loss: 3.1448, tokens/sec: 29335.44 ± 410.36, tokens seen: 3055288320, grad norm: 0.5781
[iter 23320]loss: 3.0801, tokens/sec: 29335.46 ± 410.27, tokens seen: 3056599040, grad norm: 0.5289
[iter 23330]loss: 3.0647, tokens/sec: 29335.46 ± 410.18, tokens seen: 3057909760, grad norm: 0.6024
[iter 23340]loss: 3.1563, tokens/sec: 29335.48 ± 410.09, tokens seen: 3059220480, grad norm: 0.5447
[iter 23350]loss: 2.9654, tokens/sec: 29335.49 ± 410.01, tokens seen: 3060531200, grad norm: 0.5593
[iter 23360]loss: 2.8139, tokens/sec: 29335.50 ± 409.92, tokens seen: 3061841920, grad norm: 0.5348
[iter 23370]loss: 3.0121, tokens/sec: 29335.51 ± 409.83, tokens seen: 3063152640, grad norm: 0.5297
[iter 23380]loss: 2.9338, tokens/sec: 29335.52 ± 409.74, tokens seen: 3064463360, grad norm: 0.5130
[iter 23390]loss: 3.0650, tokens/sec: 29335.53 ± 409.66, tokens seen: 3065774080, grad norm: 0.5472
[iter 23400]loss: 2.8223, tokens/sec: 29335.54 ± 409.57, tokens seen: 3067084800, grad norm: 0.5369
[iter 23410]loss: 3.0631, tokens/sec: 29335.55 ± 409.48, tokens seen: 3068395520, grad norm: 0.4929
[iter 23420]loss: 2.6872, tokens/sec: 29335.56 ± 409.40, tokens seen: 3069706240, grad norm: 0.5446
[iter 23430]loss: 3.0320, tokens/sec: 29335.57 ± 409.31, tokens seen: 3071016960, grad norm: 0.5598
[iter 23440]loss: 3.0450, tokens/sec: 29335.58 ± 409.22, tokens seen: 3072327680, grad norm: 0.5319
[iter 23450]loss: 3.0630, tokens/sec: 29335.59 ± 409.13, tokens seen: 3073638400, grad norm: 0.5122
[iter 23460]loss: 2.9206, tokens/sec: 29335.60 ± 409.05, tokens seen: 3074949120, grad norm: 0.5735
[iter 23470]loss: 2.9555, tokens/sec: 29335.61 ± 408.96, tokens seen: 3076259840, grad norm: 0.5761
[iter 23480]loss: 3.0017, tokens/sec: 29335.62 ± 408.87, tokens seen: 3077570560, grad norm: 0.5807
[iter 23490]loss: 2.9278, tokens/sec: 29335.63 ± 408.79, tokens seen: 3078881280, grad norm: 0.5868
[step 23500]train loss: 2.9824, val loss: 3.0050, (avg train loss: 0.3728 ± 0.0156), (avg grad norm: 0.5535 ± 0.0545)
[iter 23500]loss: 3.0446, tokens/sec: 29335.64 ± 408.70, tokens seen: 3080192000, grad norm: 0.5300
[iter 23510]loss: 3.0340, tokens/sec: 29335.65 ± 408.61, tokens seen: 3081502720, grad norm: 0.5325
[iter 23520]loss: 3.0268, tokens/sec: 29335.66 ± 408.53, tokens seen: 3082813440, grad norm: 0.5171
[iter 23530]loss: 2.9391, tokens/sec: 29335.67 ± 408.44, tokens seen: 3084124160, grad norm: 0.5174
[iter 23540]loss: 2.9732, tokens/sec: 29335.68 ± 408.35, tokens seen: 3085434880, grad norm: 0.5246
[iter 23550]loss: 3.0575, tokens/sec: 29335.69 ± 408.27, tokens seen: 3086745600, grad norm: 0.5128
[iter 23560]loss: 3.0318, tokens/sec: 29335.70 ± 408.18, tokens seen: 3088056320, grad norm: 0.6291
[iter 23570]loss: 2.9153, tokens/sec: 29335.71 ± 408.10, tokens seen: 3089367040, grad norm: 0.5529
[iter 23580]loss: 3.1235, tokens/sec: 29335.72 ± 408.01, tokens seen: 3090677760, grad norm: 0.5838
[iter 23590]loss: 2.7360, tokens/sec: 29335.73 ± 407.92, tokens seen: 3091988480, grad norm: 0.5031
[iter 23600]loss: 3.0736, tokens/sec: 29335.74 ± 407.84, tokens seen: 3093299200, grad norm: 0.5856
[iter 23610]loss: 3.1551, tokens/sec: 29335.56 ± 408.81, tokens seen: 3094609920, grad norm: 0.5014
[iter 23620]loss: 2.9518, tokens/sec: 29335.57 ± 408.72, tokens seen: 3095920640, grad norm: 0.5662
[iter 23630]loss: 2.9057, tokens/sec: 29335.58 ± 408.64, tokens seen: 3097231360, grad norm: 0.4942
[iter 23640]loss: 3.0969, tokens/sec: 29335.60 ± 408.55, tokens seen: 3098542080, grad norm: 0.6559
[iter 23650]loss: 2.9401, tokens/sec: 29335.61 ± 408.47, tokens seen: 3099852800, grad norm: 0.5512
[iter 23660]loss: 3.2807, tokens/sec: 29335.62 ± 408.38, tokens seen: 3101163520, grad norm: 0.5891
[iter 23670]loss: 3.0250, tokens/sec: 29335.63 ± 408.29, tokens seen: 3102474240, grad norm: 0.5313
[iter 23680]loss: 2.9475, tokens/sec: 29335.64 ± 408.21, tokens seen: 3103784960, grad norm: 0.5055
[iter 23690]loss: 3.1073, tokens/sec: 29335.65 ± 408.12, tokens seen: 3105095680, grad norm: 0.5187
[iter 23700]loss: 3.1411, tokens/sec: 29335.67 ± 408.04, tokens seen: 3106406400, grad norm: 0.6216
[iter 23710]loss: 2.9453, tokens/sec: 29335.68 ± 407.95, tokens seen: 3107717120, grad norm: 0.6849
[iter 23720]loss: 2.9028, tokens/sec: 29335.69 ± 407.87, tokens seen: 3109027840, grad norm: 0.5365
[iter 23730]loss: 3.0813, tokens/sec: 29335.70 ± 407.78, tokens seen: 3110338560, grad norm: 0.5982
[iter 23740]loss: 2.8308, tokens/sec: 29335.71 ± 407.69, tokens seen: 3111649280, grad norm: 0.5930
[iter 23750]loss: 2.8616, tokens/sec: 29335.72 ± 407.61, tokens seen: 3112960000, grad norm: 0.6180
[iter 23760]loss: 2.9752, tokens/sec: 29335.74 ± 407.52, tokens seen: 3114270720, grad norm: 0.6338
[iter 23770]loss: 3.0087, tokens/sec: 29335.75 ± 407.44, tokens seen: 3115581440, grad norm: 0.6866
[iter 23780]loss: 2.8014, tokens/sec: 29335.76 ± 407.35, tokens seen: 3116892160, grad norm: 0.4804
[iter 23790]loss: 2.8235, tokens/sec: 29335.77 ± 407.27, tokens seen: 3118202880, grad norm: 0.5586
[iter 23800]loss: 3.0477, tokens/sec: 29335.52 ± 409.16, tokens seen: 3119513600, grad norm: 0.5440
[iter 23810]loss: 3.1536, tokens/sec: 29335.53 ± 409.07, tokens seen: 3120824320, grad norm: 0.5486
[iter 23820]loss: 3.1872, tokens/sec: 29335.54 ± 408.98, tokens seen: 3122135040, grad norm: 0.5382
[iter 23830]loss: 3.0818, tokens/sec: 29335.54 ± 408.90, tokens seen: 3123445760, grad norm: 0.5997
[iter 23840]loss: 2.7863, tokens/sec: 29335.55 ± 408.81, tokens seen: 3124756480, grad norm: 0.5765
[iter 23850]loss: 2.9564, tokens/sec: 29335.57 ± 408.73, tokens seen: 3126067200, grad norm: 0.5212
[iter 23860]loss: 3.1446, tokens/sec: 29335.58 ± 408.64, tokens seen: 3127377920, grad norm: 0.5114
[iter 23870]loss: 2.9807, tokens/sec: 29335.58 ± 408.56, tokens seen: 3128688640, grad norm: 0.5086
[iter 23880]loss: 3.1030, tokens/sec: 29335.60 ± 408.47, tokens seen: 3129999360, grad norm: 0.4751
[iter 23890]loss: 3.1344, tokens/sec: 29335.61 ± 408.39, tokens seen: 3131310080, grad norm: 0.5454
[iter 23900]loss: 3.0008, tokens/sec: 29335.62 ± 408.30, tokens seen: 3132620800, grad norm: 0.5636
[iter 23910]loss: 2.9405, tokens/sec: 29335.63 ± 408.22, tokens seen: 3133931520, grad norm: 0.5846
[iter 23920]loss: 3.0720, tokens/sec: 29335.64 ± 408.13, tokens seen: 3135242240, grad norm: 0.5079
[iter 23930]loss: 3.2770, tokens/sec: 29335.65 ± 408.05, tokens seen: 3136552960, grad norm: 0.5631
[iter 23940]loss: 2.8361, tokens/sec: 29335.66 ± 407.96, tokens seen: 3137863680, grad norm: 0.4947
[iter 23950]loss: 3.0439, tokens/sec: 29335.67 ± 407.88, tokens seen: 3139174400, grad norm: 0.5228
[iter 23960]loss: 2.8830, tokens/sec: 29335.68 ± 407.79, tokens seen: 3140485120, grad norm: 0.6383
[iter 23970]loss: 2.8568, tokens/sec: 29335.70 ± 407.71, tokens seen: 3141795840, grad norm: 0.5376
[iter 23980]loss: 3.0453, tokens/sec: 29335.71 ± 407.62, tokens seen: 3143106560, grad norm: 0.5938
[iter 23990]loss: 2.9029, tokens/sec: 29335.72 ± 407.54, tokens seen: 3144417280, grad norm: 0.5203
[step 24000]train loss: 2.9804, val loss: 3.0126, (avg train loss: 0.3736 ± 0.0158), (avg grad norm: 0.5474 ± 0.0481)
[iter 24000]loss: 3.1560, tokens/sec: 29335.73 ± 407.45, tokens seen: 3145728000, grad norm: 0.5042
[iter 24010]loss: 3.0029, tokens/sec: 29335.74 ± 407.37, tokens seen: 3147038720, grad norm: 0.5324
[iter 24020]loss: 3.0053, tokens/sec: 29335.75 ± 407.28, tokens seen: 3148349440, grad norm: 0.4930
[iter 24030]loss: 3.0103, tokens/sec: 29335.58 ± 408.22, tokens seen: 3149660160, grad norm: 0.7057
[iter 24040]loss: 3.0802, tokens/sec: 29335.59 ± 408.13, tokens seen: 3150970880, grad norm: 0.5379
[iter 24050]loss: 2.7998, tokens/sec: 29335.60 ± 408.05, tokens seen: 3152281600, grad norm: 0.6076
[iter 24060]loss: 3.1891, tokens/sec: 29335.61 ± 407.97, tokens seen: 3153592320, grad norm: 0.6097
[iter 24070]loss: 2.9519, tokens/sec: 29335.62 ± 407.88, tokens seen: 3154903040, grad norm: 0.5847
[iter 24080]loss: 3.1797, tokens/sec: 29335.63 ± 407.80, tokens seen: 3156213760, grad norm: 0.6226
[iter 24090]loss: 2.8696, tokens/sec: 29335.64 ± 407.71, tokens seen: 3157524480, grad norm: 0.5174
[iter 24100]loss: 2.9493, tokens/sec: 29335.65 ± 407.63, tokens seen: 3158835200, grad norm: 0.5232
[iter 24110]loss: 2.9248, tokens/sec: 29335.66 ± 407.54, tokens seen: 3160145920, grad norm: 0.5313
[iter 24120]loss: 3.1152, tokens/sec: 29335.68 ± 407.46, tokens seen: 3161456640, grad norm: 0.5451
[iter 24130]loss: 2.9182, tokens/sec: 29335.69 ± 407.38, tokens seen: 3162767360, grad norm: 0.6065
[iter 24140]loss: 3.1508, tokens/sec: 29335.70 ± 407.29, tokens seen: 3164078080, grad norm: 0.5835
[iter 24150]loss: 3.1163, tokens/sec: 29335.71 ± 407.21, tokens seen: 3165388800, grad norm: 0.5939
[iter 24160]loss: 3.0195, tokens/sec: 29335.72 ± 407.12, tokens seen: 3166699520, grad norm: 0.4963
[iter 24170]loss: 3.0482, tokens/sec: 29335.73 ± 407.04, tokens seen: 3168010240, grad norm: 0.5859
[iter 24180]loss: 2.9788, tokens/sec: 29335.74 ± 406.96, tokens seen: 3169320960, grad norm: 0.6176
[iter 24190]loss: 2.9463, tokens/sec: 29335.76 ± 406.87, tokens seen: 3170631680, grad norm: 0.5080
[iter 24200]loss: 3.2839, tokens/sec: 29335.77 ± 406.79, tokens seen: 3171942400, grad norm: 0.5914
[iter 24210]loss: 3.0762, tokens/sec: 29335.78 ± 406.71, tokens seen: 3173253120, grad norm: 0.5766
[iter 24220]loss: 3.1259, tokens/sec: 29335.79 ± 406.62, tokens seen: 3174563840, grad norm: 0.5567
[iter 24230]loss: 3.1095, tokens/sec: 29335.80 ± 406.54, tokens seen: 3175874560, grad norm: 0.5234
[iter 24240]loss: 3.0056, tokens/sec: 29335.82 ± 406.46, tokens seen: 3177185280, grad norm: 0.5869
[iter 24250]loss: 3.0080, tokens/sec: 29335.83 ± 406.37, tokens seen: 3178496000, grad norm: 0.6738
[iter 24260]loss: 2.7364, tokens/sec: 29335.84 ± 406.29, tokens seen: 3179806720, grad norm: 0.5643
[iter 24270]loss: 2.9931, tokens/sec: 29335.85 ± 406.21, tokens seen: 3181117440, grad norm: 0.5339
[iter 24280]loss: 2.9819, tokens/sec: 29335.86 ± 406.12, tokens seen: 3182428160, grad norm: 0.5304
[iter 24290]loss: 2.8963, tokens/sec: 29335.87 ± 406.04, tokens seen: 3183738880, grad norm: 0.5173
[iter 24300]loss: 2.7630, tokens/sec: 29335.88 ± 405.96, tokens seen: 3185049600, grad norm: 0.5292
[iter 24310]loss: 2.6999, tokens/sec: 29335.89 ± 405.87, tokens seen: 3186360320, grad norm: 0.5954
[iter 24320]loss: 3.1721, tokens/sec: 29335.90 ± 405.79, tokens seen: 3187671040, grad norm: 0.6225
[iter 24330]loss: 2.7742, tokens/sec: 29335.66 ± 407.61, tokens seen: 3188981760, grad norm: 0.4977
[iter 24340]loss: 2.9495, tokens/sec: 29335.67 ± 407.53, tokens seen: 3190292480, grad norm: 0.5214
[iter 24350]loss: 2.9579, tokens/sec: 29335.68 ± 407.45, tokens seen: 3191603200, grad norm: 0.5002
[iter 24360]loss: 3.0108, tokens/sec: 29335.69 ± 407.36, tokens seen: 3192913920, grad norm: 0.5209
[iter 24370]loss: 3.1467, tokens/sec: 29335.70 ± 407.28, tokens seen: 3194224640, grad norm: 0.5155
[iter 24380]loss: 3.1273, tokens/sec: 29335.71 ± 407.20, tokens seen: 3195535360, grad norm: 0.5848
[iter 24390]loss: 3.1044, tokens/sec: 29335.72 ± 407.11, tokens seen: 3196846080, grad norm: 0.4900
[iter 24400]loss: 2.8647, tokens/sec: 29335.73 ± 407.03, tokens seen: 3198156800, grad norm: 0.5521
[iter 24410]loss: 2.8819, tokens/sec: 29335.74 ± 406.95, tokens seen: 3199467520, grad norm: 0.5639
[iter 24420]loss: 3.1103, tokens/sec: 29335.75 ± 406.86, tokens seen: 3200778240, grad norm: 0.6036
[iter 24430]loss: 2.9122, tokens/sec: 29335.76 ± 406.78, tokens seen: 3202088960, grad norm: 0.5428
[iter 24440]loss: 2.9359, tokens/sec: 29335.58 ± 407.72, tokens seen: 3203399680, grad norm: 0.5986
[iter 24450]loss: 2.9414, tokens/sec: 29335.60 ± 407.64, tokens seen: 3204710400, grad norm: 0.5561
[iter 24460]loss: 2.7163, tokens/sec: 29335.60 ± 407.55, tokens seen: 3206021120, grad norm: 0.5232
[iter 24470]loss: 3.0694, tokens/sec: 29335.61 ± 407.47, tokens seen: 3207331840, grad norm: 0.5294
[iter 24480]loss: 2.8910, tokens/sec: 29335.62 ± 407.39, tokens seen: 3208642560, grad norm: 0.5138
[iter 24490]loss: 2.8003, tokens/sec: 29335.63 ± 407.31, tokens seen: 3209953280, grad norm: 0.5280
[step 24500]train loss: 2.9937, val loss: 2.9913, (avg train loss: 0.3719 ± 0.0170), (avg grad norm: 0.5528 ± 0.0446)
saving checkpoint to ./out-owt-large-mhc-group-lora-midnorm-bs8-25000step
[iter 24500]loss: 3.0496, tokens/sec: 29335.64 ± 407.22, tokens seen: 3211264000, grad norm: 0.5418
[iter 24510]loss: 3.0764, tokens/sec: 29335.66 ± 407.14, tokens seen: 3212574720, grad norm: 0.5537
[iter 24520]loss: 2.8230, tokens/sec: 29335.66 ± 407.06, tokens seen: 3213885440, grad norm: 0.5426
[iter 24530]loss: 2.8726, tokens/sec: 29335.67 ± 406.98, tokens seen: 3215196160, grad norm: 0.5707
[iter 24540]loss: 2.8779, tokens/sec: 29335.68 ± 406.89, tokens seen: 3216506880, grad norm: 0.5439
[iter 24550]loss: 2.7464, tokens/sec: 29335.69 ± 406.81, tokens seen: 3217817600, grad norm: 0.5176
[iter 24560]loss: 2.9976, tokens/sec: 29335.70 ± 406.73, tokens seen: 3219128320, grad norm: 0.5643
[iter 24570]loss: 2.7842, tokens/sec: 29335.71 ± 406.65, tokens seen: 3220439040, grad norm: 0.5184
[iter 24580]loss: 2.8436, tokens/sec: 29335.72 ± 406.56, tokens seen: 3221749760, grad norm: 0.5321
[iter 24590]loss: 3.0640, tokens/sec: 29335.73 ± 406.48, tokens seen: 3223060480, grad norm: 0.7321
[iter 24600]loss: 2.9724, tokens/sec: 29335.74 ± 406.40, tokens seen: 3224371200, grad norm: 0.5308
[iter 24610]loss: 2.9830, tokens/sec: 29335.75 ± 406.32, tokens seen: 3225681920, grad norm: 0.5244
[iter 24620]loss: 2.8764, tokens/sec: 29335.76 ± 406.23, tokens seen: 3226992640, grad norm: 0.5475
[iter 24630]loss: 3.0670, tokens/sec: 29335.77 ± 406.15, tokens seen: 3228303360, grad norm: 0.6152
[iter 24640]loss: 3.0211, tokens/sec: 29335.78 ± 406.07, tokens seen: 3229614080, grad norm: 0.5068
[iter 24650]loss: 3.1463, tokens/sec: 29335.79 ± 405.99, tokens seen: 3230924800, grad norm: 0.5228
[iter 24660]loss: 3.0275, tokens/sec: 29335.80 ± 405.90, tokens seen: 3232235520, grad norm: 0.5951
[iter 24670]loss: 2.9819, tokens/sec: 29335.81 ± 405.82, tokens seen: 3233546240, grad norm: 0.5257
[iter 24680]loss: 2.6432, tokens/sec: 29335.82 ± 405.74, tokens seen: 3234856960, grad norm: 0.5183
[iter 24690]loss: 2.8615, tokens/sec: 29335.83 ± 405.66, tokens seen: 3236167680, grad norm: 0.6444
[iter 24700]loss: 2.8929, tokens/sec: 29335.84 ± 405.58, tokens seen: 3237478400, grad norm: 0.5005
[iter 24710]loss: 2.8790, tokens/sec: 29335.85 ± 405.50, tokens seen: 3238789120, grad norm: 0.5864
[iter 24720]loss: 3.0073, tokens/sec: 29335.85 ± 405.41, tokens seen: 3240099840, grad norm: 0.5422
[iter 24730]loss: 2.7738, tokens/sec: 29335.86 ± 405.33, tokens seen: 3241410560, grad norm: 0.4881
[iter 24740]loss: 2.8955, tokens/sec: 29335.87 ± 405.25, tokens seen: 3242721280, grad norm: 0.5532
[iter 24750]loss: 3.2630, tokens/sec: 29335.89 ± 405.17, tokens seen: 3244032000, grad norm: 0.5686
[iter 24760]loss: 3.1155, tokens/sec: 29335.89 ± 405.09, tokens seen: 3245342720, grad norm: 0.4970
[iter 24770]loss: 2.9346, tokens/sec: 29335.90 ± 405.01, tokens seen: 3246653440, grad norm: 0.5261
[iter 24780]loss: 3.2321, tokens/sec: 29335.91 ± 404.92, tokens seen: 3247964160, grad norm: 0.6072
[iter 24790]loss: 2.9083, tokens/sec: 29335.92 ± 404.84, tokens seen: 3249274880, grad norm: 0.5378
[iter 24800]loss: 2.9493, tokens/sec: 29335.93 ± 404.76, tokens seen: 3250585600, grad norm: 0.5625
[iter 24810]loss: 3.0242, tokens/sec: 29335.94 ± 404.68, tokens seen: 3251896320, grad norm: 0.5423
[iter 24820]loss: 2.9495, tokens/sec: 29335.95 ± 404.60, tokens seen: 3253207040, grad norm: 0.5431
[iter 24830]loss: 3.4206, tokens/sec: 29335.96 ± 404.52, tokens seen: 3254517760, grad norm: 0.5221
[iter 24840]loss: 2.9401, tokens/sec: 29335.97 ± 404.44, tokens seen: 3255828480, grad norm: 0.5957
[iter 24850]loss: 2.9691, tokens/sec: 29335.98 ± 404.36, tokens seen: 3257139200, grad norm: 0.4788
[iter 24860]loss: 3.1025, tokens/sec: 29335.81 ± 405.29, tokens seen: 3258449920, grad norm: 0.6848
[iter 24870]loss: 2.7821, tokens/sec: 29335.56 ± 407.14, tokens seen: 3259760640, grad norm: 0.5242
[iter 24880]loss: 2.9629, tokens/sec: 29335.57 ± 407.06, tokens seen: 3261071360, grad norm: 0.5295
[iter 24890]loss: 2.9967, tokens/sec: 29335.58 ± 406.98, tokens seen: 3262382080, grad norm: 0.5279
[iter 24900]loss: 3.2331, tokens/sec: 29335.60 ± 406.90, tokens seen: 3263692800, grad norm: 0.5467
[iter 24910]loss: 2.9531, tokens/sec: 29335.61 ± 406.82, tokens seen: 3265003520, grad norm: 0.5597
[iter 24920]loss: 2.9333, tokens/sec: 29335.62 ± 406.74, tokens seen: 3266314240, grad norm: 0.5746
[iter 24930]loss: 3.1366, tokens/sec: 29335.63 ± 406.66, tokens seen: 3267624960, grad norm: 0.7079
[iter 24940]loss: 2.9679, tokens/sec: 29335.64 ± 406.58, tokens seen: 3268935680, grad norm: 0.4987
[iter 24950]loss: 2.9276, tokens/sec: 29335.65 ± 406.49, tokens seen: 3270246400, grad norm: 0.5326
[iter 24960]loss: 2.9775, tokens/sec: 29335.66 ± 406.41, tokens seen: 3271557120, grad norm: 0.5135
[iter 24970]loss: 2.8116, tokens/sec: 29335.67 ± 406.33, tokens seen: 3272867840, grad norm: 0.5221
[iter 24980]loss: 3.1600, tokens/sec: 29335.68 ± 406.25, tokens seen: 3274178560, grad norm: 0.5697
[iter 24990]loss: 2.9069, tokens/sec: 29335.69 ± 406.17, tokens seen: 3275489280, grad norm: 0.5969
[step 25000]train loss: 2.9914, val loss: 3.0089, (avg train loss: 0.3720 ± 0.0183), (avg grad norm: 0.5609 ± 0.0550)
[iter 25000]loss: 2.8254, tokens/sec: 29335.70 ± 406.09, tokens seen: 3276800000, grad norm: 0.5648
[1;34mwandb[0m: 
[1;34mwandb[0m: 🚀 View run [33mL-group-lora-midnorm-owt-bs8ga16-25kstep-4746[0m at: [34mhttps://wandb.ai/guotzzz-peking-university/mhc-lite/runs/z5whemei[0m
[1;34mwandb[0m: Find logs at: [1;35mwandb/run-20260806_214649-z5whemei/logs[0m
