W0721 13:39:11.541000 3136958 torch/distributed/run.py:766] 
W0721 13:39:11.541000 3136958 torch/distributed/run.py:766] *****************************************
W0721 13:39:11.541000 3136958 torch/distributed/run.py:766] Setting OMP_NUM_THREADS environment variable for each process to be 1 in default, to avoid your system being overloaded, please further tune the variable for optimal performance in your application as needed. 
W0721 13:39:11.541000 3136958 torch/distributed/run.py:766] *****************************************
Overriding config with config/train_owt.py:
eval_interval = 500
eval_iters = 200
log_interval = 10
always_save_checkpoint = False

wandb_log = True
wandb_project = 'mhc-lite'
out_prefix_dataset = "owt"

dataset = 'openwebtext'
gradient_accumulation_steps = 8  
batch_size = 16
block_size = 1024

dtype = 'bfloat16'

Overriding config with config/large_model.py:
wandb_group = "large"
out_prefix_model = "large"

n_layer = 24
n_head = 16
n_embd = 1024
dropout = 0.0

learning_rate = 3e-4
min_lr = 3e-5
max_iters = 10000
lr_decay_iters = 10000
warmup_iters = 200
weight_decay = 0.1
beta1 = 0.9
beta2 = 0.95
grad_clip = 1.0


Overriding config with config/with_mhc_lora_residual_midnorm.py:
hyper_conn_type = "mhc_lora_residual_midnorm"
hyper_conn_n = 4

wandb_notes = "mhc-lora-residual-midnorm (RMSNorm on LoRA rank dim, between A and B)"
out_prefix_method = "mhc-lora-residual-midnorm"

Overriding: batch_size = 8
Overriding: max_iters = 20000
Overriding: lr_decay_iters = 20000
Overriding: compile = True
Overriding: out_prefix_method = mhc-lora-residual-midnorm-inbeta
Overriding: wandb_run_name = L-lora_residual_midnorm-inbeta-owt-bs8-20kstep
Overriding config with config/train_owt.py:
eval_interval = 500
eval_iters = 200
log_interval = 10
always_save_checkpoint = False

wandb_log = True
wandb_project = 'mhc-lite'
out_prefix_dataset = "owt"

dataset = 'openwebtext'
gradient_accumulation_steps = 8  
batch_size = 16
block_size = 1024

dtype = 'bfloat16'

Overriding config with config/large_model.py:
wandb_group = "large"
out_prefix_model = "large"

n_layer = 24
n_head = 16
n_embd = 1024
dropout = 0.0

learning_rate = 3e-4
min_lr = 3e-5
max_iters = 10000
lr_decay_iters = 10000
warmup_iters = 200
weight_decay = 0.1
beta1 = 0.9
beta2 = 0.95
grad_clip = 1.0


Overriding config with config/with_mhc_lora_residual_midnorm.py:
hyper_conn_type = "mhc_lora_residual_midnorm"
hyper_conn_n = 4

wandb_notes = "mhc-lora-residual-midnorm (RMSNorm on LoRA rank dim, between A and B)"
out_prefix_method = "mhc-lora-residual-midnorm"

Overriding: batch_size = 8
Overriding: max_iters = 20000
Overriding: lr_decay_iters = 20000
Overriding: compile = True
Overriding: out_prefix_method = mhc-lora-residual-midnorm-inbeta
Overriding: wandb_run_name = L-lora_residual_midnorm-inbeta-owt-bs8-20kstep
tokens per iteration will be: 65,536
Initializing a new model from scratch
defaulting to vocab_size of GPT-2 to 50304 (50257 rounded up for efficiency)
HYPER_CONN: USING mhc_lora_residual_midnorm with 4 streams
wandb: [wandb.login()] Loaded credentials for https://api.wandb.ai from /root/.netrc.
wandb: Currently logged in as: guotzzz (guotzzz-peking-university) to https://api.wandb.ai. Use `wandb login --relogin` to force relogin
wandb: setting up run ite3ua5e
wandb: Tracking run with wandb version 0.28.0
wandb: Run data is saved locally in /home/work/data/guotianzizhe/project/mhc-lite/wandb/run-20260721_133916-ite3ua5e
wandb: Run `wandb offline` to turn off syncing.
wandb: Syncing run L-lora_residual_midnorm-inbeta-owt-bs8-20kstep-9086
wandb: ⭐️ View project at https://wandb.ai/guotzzz-peking-university/mhc-lite
wandb: 🚀 View run at https://wandb.ai/guotzzz-peking-university/mhc-lite/runs/ite3ua5e
tokens per iteration will be: 65,536
====================================================================================================
n_layer = 24
n_head = 16
n_embd = 1024
block_size = 1024
bias = False
vocab_size = None
dropout = 0.0
hyper_conn_n = 4
hyper_conn_type = mhc_lora_residual_midnorm
====================================================================================================
Initializing a new model from scratch
defaulting to vocab_size of GPT-2 to 50304 (50257 rounded up for efficiency)
HYPER_CONN: USING mhc_lora_residual_midnorm with 4 streams
number of parameters: 361.61M
num decayed parameter tensors: 290, with 360,842,176 parameters
num non-decayed parameter tensors: 337, with 1,819,984 parameters
using fused AdamW: True
compiling the model... (takes a ~minute)
number of parameters: 361.61M
num decayed parameter tensors: 290, with 360,842,176 parameters
num non-decayed parameter tensors: 337, with 1,819,984 parameters
using fused AdamW: True
compiling the model... (takes a ~minute)
[step 0]train loss: 13.5304, val loss: 13.5279, (avg train loss: 0.0000 ± 0.0000), (avg grad norm: 0.0000 ± 0.0000)
[iter 0]loss: 13.5280, tokens/sec: 307.10 ± 0.00, tokens seen: 0, grad norm: 112.9682
[iter 10]loss: 10.6985, tokens/sec: 27777.37 ± 8714.83, tokens seen: 655360, grad norm: 89.5202
[iter 20]loss: 9.3857, tokens/sec: 29288.11 ± 6503.61, tokens seen: 1310720, grad norm: 21.4497
[iter 30]loss: 8.2496, tokens/sec: 29754.83 ± 5403.40, tokens seen: 1966080, grad norm: 11.7750
[iter 40]loss: 7.7674, tokens/sec: 29984.29 ± 4719.69, tokens seen: 2621440, grad norm: 6.3722
[iter 50]loss: 7.5844, tokens/sec: 30152.22 ± 4247.59, tokens seen: 3276800, grad norm: 15.7061
[iter 60]loss: 7.0014, tokens/sec: 30209.74 ± 3897.13, tokens seen: 3932160, grad norm: 6.5199
[iter 70]loss: 7.3730, tokens/sec: 30316.50 ± 3621.93, tokens seen: 4587520, grad norm: 6.2618
[iter 80]loss: 6.8879, tokens/sec: 30388.35 ± 3396.93, tokens seen: 5242880, grad norm: 6.2395
[iter 90]loss: 6.8720, tokens/sec: 30447.99 ± 3209.44, tokens seen: 5898240, grad norm: 7.6364
[iter 100]loss: 7.0194, tokens/sec: 30487.09 ± 3049.52, tokens seen: 6553600, grad norm: 5.7155
[iter 110]loss: 6.7483, tokens/sec: 30449.79 ± 2941.77, tokens seen: 7208960, grad norm: 4.9359
[iter 120]loss: 6.7573, tokens/sec: 30484.66 ± 2820.75, tokens seen: 7864320, grad norm: 8.0975
[iter 130]loss: 6.6100, tokens/sec: 30480.69 ± 2719.93, tokens seen: 8519680, grad norm: 7.3812
[iter 140]loss: 6.7515, tokens/sec: 30494.88 ± 2627.40, tokens seen: 9175040, grad norm: 3.7267
[iter 150]loss: 6.8673, tokens/sec: 30489.44 ± 2543.04, tokens seen: 9830400, grad norm: 3.5517
[iter 160]loss: 6.8247, tokens/sec: 30518.36 ± 2465.40, tokens seen: 10485760, grad norm: 3.6334
[iter 170]loss: 6.7004, tokens/sec: 30540.77 ± 2394.16, tokens seen: 11141120, grad norm: 3.3235
[iter 180]loss: 6.3801, tokens/sec: 30555.77 ± 2328.99, tokens seen: 11796480, grad norm: 3.8386
[iter 190]loss: 6.5230, tokens/sec: 30577.64 ± 2269.12, tokens seen: 12451840, grad norm: 5.8214
[iter 200]loss: 6.2580, tokens/sec: 30581.83 ± 2215.28, tokens seen: 13107200, grad norm: 3.4885
[iter 210]loss: 6.4540, tokens/sec: 30568.79 ± 2176.75, tokens seen: 13762560, grad norm: 4.8207
[iter 220]loss: 6.3358, tokens/sec: 30573.55 ± 2129.85, tokens seen: 14417920, grad norm: 2.8785
[iter 230]loss: 6.3432, tokens/sec: 30588.79 ± 2084.57, tokens seen: 15073280, grad norm: 2.7711
[iter 240]loss: 6.5359, tokens/sec: 30575.67 ± 2055.82, tokens seen: 15728640, grad norm: 2.9093
[iter 250]loss: 6.4415, tokens/sec: 30591.64 ± 2015.98, tokens seen: 16384000, grad norm: 2.8723
[iter 260]loss: 6.2037, tokens/sec: 30499.07 ± 2183.10, tokens seen: 17039360, grad norm: 2.4365
[iter 270]loss: 6.0223, tokens/sec: 30510.67 ± 2145.35, tokens seen: 17694720, grad norm: 3.4797
[iter 280]loss: 6.0744, tokens/sec: 30485.12 ± 2135.13, tokens seen: 18350080, grad norm: 2.6233
[iter 290]loss: 6.3326, tokens/sec: 30489.73 ± 2099.93, tokens seen: 19005440, grad norm: 2.2005
[iter 300]loss: 5.8149, tokens/sec: 30501.60 ± 2066.75, tokens seen: 19660800, grad norm: 1.9555
[iter 310]loss: 6.0771, tokens/sec: 30502.71 ± 2036.74, tokens seen: 20316160, grad norm: 1.9638
[iter 320]loss: 6.3321, tokens/sec: 30517.38 ± 2006.43, tokens seen: 20971520, grad norm: 3.5960
[iter 330]loss: 6.1221, tokens/sec: 30525.82 ± 1977.32, tokens seen: 21626880, grad norm: 2.4615
[iter 340]loss: 5.7574, tokens/sec: 30534.68 ± 1949.18, tokens seen: 22282240, grad norm: 1.9117
[iter 350]loss: 5.9546, tokens/sec: 30508.59 ± 1982.81, tokens seen: 22937600, grad norm: 2.2188
[iter 360]loss: 5.7147, tokens/sec: 30284.37 ± 2397.07, tokens seen: 23592960, grad norm: 1.7315
[iter 370]loss: 5.8065, tokens/sec: 30043.16 ± 2787.37, tokens seen: 24248320, grad norm: 1.5950
[iter 380]loss: 5.9711, tokens/sec: 29892.52 ± 2920.37, tokens seen: 24903680, grad norm: 1.4075
[iter 390]loss: 5.8828, tokens/sec: 29645.40 ± 3312.48, tokens seen: 25559040, grad norm: 1.6898
[iter 400]loss: 5.9434, tokens/sec: 29504.85 ± 3428.66, tokens seen: 26214400, grad norm: 1.7934
[iter 410]loss: 5.9832, tokens/sec: 29328.40 ± 3579.20, tokens seen: 26869760, grad norm: 1.7327
[iter 420]loss: 6.0858, tokens/sec: 29191.53 ± 3679.89, tokens seen: 27525120, grad norm: 1.5243
[iter 430]loss: 5.6866, tokens/sec: 29073.34 ± 3733.73, tokens seen: 28180480, grad norm: 1.7318
[iter 440]loss: 6.1035, tokens/sec: 28903.79 ± 3859.77, tokens seen: 28835840, grad norm: 1.6662
[iter 450]loss: 5.6895, tokens/sec: 28834.31 ± 3869.50, tokens seen: 29491200, grad norm: 1.5179
[iter 460]loss: 5.8191, tokens/sec: 28707.16 ± 3947.57, tokens seen: 30146560, grad norm: 1.7006
[iter 470]loss: 5.4951, tokens/sec: 28555.44 ± 4043.35, tokens seen: 30801920, grad norm: 2.0847
[iter 480]loss: 5.5238, tokens/sec: 28428.02 ± 4117.43, tokens seen: 31457280, grad norm: 1.4885
[iter 490]loss: 5.6517, tokens/sec: 28296.33 ± 4194.89, tokens seen: 32112640, grad norm: 1.8838
[step 500]train loss: 5.6015, val loss: 5.5950, (avg train loss: 1.4562 ± 0.0485), (avg grad norm: 1.9641 ± 0.5010)
saving checkpoint to ./out-owt-large-mhc-lora-residual-midnorm-inbeta-bs8-20000step
[iter 500]loss: 5.7076, tokens/sec: 28154.76 ± 4274.38, tokens seen: 32768000, grad norm: 1.4455
[iter 510]loss: 5.5326, tokens/sec: 28055.14 ± 4297.38, tokens seen: 33423360, grad norm: 1.3100
[iter 520]loss: 5.4639, tokens/sec: 27979.16 ± 4318.41, tokens seen: 34078720, grad norm: 1.7154
[iter 530]loss: 5.4836, tokens/sec: 27867.49 ± 4362.14, tokens seen: 34734080, grad norm: 1.5739
[iter 540]loss: 5.5007, tokens/sec: 27741.98 ± 4433.04, tokens seen: 35389440, grad norm: 1.1856
[iter 550]loss: 6.0550, tokens/sec: 27662.17 ± 4443.85, tokens seen: 36044800, grad norm: 1.0499
[iter 560]loss: 5.1598, tokens/sec: 27561.28 ± 4482.28, tokens seen: 36700160, grad norm: 1.2724
[iter 570]loss: 5.5662, tokens/sec: 27455.37 ± 4520.33, tokens seen: 37355520, grad norm: 1.3043
[iter 580]loss: 5.2274, tokens/sec: 27358.36 ± 4552.39, tokens seen: 38010880, grad norm: 1.7176
[iter 590]loss: 5.5097, tokens/sec: 27283.11 ± 4559.97, tokens seen: 38666240, grad norm: 1.3899
[iter 600]loss: 5.2096, tokens/sec: 27184.07 ± 4608.71, tokens seen: 39321600, grad norm: 1.3975
[iter 610]loss: 5.2354, tokens/sec: 27110.81 ± 4620.65, tokens seen: 39976960, grad norm: 1.1093
[iter 620]loss: 5.1898, tokens/sec: 27037.58 ± 4643.12, tokens seen: 40632320, grad norm: 0.9754
[iter 630]loss: 5.1319, tokens/sec: 26949.53 ± 4664.39, tokens seen: 41287680, grad norm: 1.1648
[iter 640]loss: 5.2261, tokens/sec: 26851.49 ± 4698.56, tokens seen: 41943040, grad norm: 1.5602
[iter 650]loss: 5.4034, tokens/sec: 26782.99 ± 4712.98, tokens seen: 42598400, grad norm: 1.1543
[iter 660]loss: 5.3390, tokens/sec: 26703.90 ± 4727.09, tokens seen: 43253760, grad norm: 0.9559
[iter 670]loss: 4.9540, tokens/sec: 26655.24 ± 4732.20, tokens seen: 43909120, grad norm: 1.5333
[iter 680]loss: 5.3389, tokens/sec: 26580.50 ± 4748.29, tokens seen: 44564480, grad norm: 0.9516
[iter 690]loss: 5.1234, tokens/sec: 26536.83 ± 4745.68, tokens seen: 45219840, grad norm: 1.1082
[iter 700]loss: 5.0740, tokens/sec: 26448.85 ± 4778.83, tokens seen: 45875200, grad norm: 0.7594
[iter 710]loss: 5.0318, tokens/sec: 26388.57 ± 4785.39, tokens seen: 46530560, grad norm: 1.0528
[iter 720]loss: 5.2579, tokens/sec: 26318.74 ± 4798.40, tokens seen: 47185920, grad norm: 0.9211
[iter 730]loss: 5.1169, tokens/sec: 26241.44 ± 4812.10, tokens seen: 47841280, grad norm: 0.8289
[iter 740]loss: 5.1037, tokens/sec: 26197.21 ± 4801.72, tokens seen: 48496640, grad norm: 1.1993
[iter 750]loss: 5.0355, tokens/sec: 26117.15 ± 4820.59, tokens seen: 49152000, grad norm: 0.8167
[iter 760]loss: 4.9816, tokens/sec: 26059.40 ± 4826.27, tokens seen: 49807360, grad norm: 0.8594
[iter 770]loss: 5.0943, tokens/sec: 25992.64 ± 4831.29, tokens seen: 50462720, grad norm: 0.9214
[iter 780]loss: 4.9539, tokens/sec: 25948.33 ± 4827.23, tokens seen: 51118080, grad norm: 0.9475
[iter 790]loss: 4.8303, tokens/sec: 25917.28 ± 4819.43, tokens seen: 51773440, grad norm: 0.9734
[iter 800]loss: 4.9420, tokens/sec: 25862.29 ± 4827.79, tokens seen: 52428800, grad norm: 0.9046
[iter 810]loss: 4.9958, tokens/sec: 25827.16 ± 4818.51, tokens seen: 53084160, grad norm: 0.7837
[iter 820]loss: 4.8491, tokens/sec: 25763.87 ± 4823.65, tokens seen: 53739520, grad norm: 0.9499
[iter 830]loss: 4.9389, tokens/sec: 25736.18 ± 4813.81, tokens seen: 54394880, grad norm: 0.7678
[iter 840]loss: 4.7158, tokens/sec: 25702.64 ± 4808.53, tokens seen: 55050240, grad norm: 0.8905
[iter 850]loss: 5.1937, tokens/sec: 25631.95 ± 4824.59, tokens seen: 55705600, grad norm: 0.7950
[iter 860]loss: 4.9098, tokens/sec: 25587.90 ± 4824.01, tokens seen: 56360960, grad norm: 0.7940
[iter 870]loss: 4.9024, tokens/sec: 25567.78 ± 4810.75, tokens seen: 57016320, grad norm: 0.9124
[iter 880]loss: 4.8846, tokens/sec: 25503.78 ± 4821.38, tokens seen: 57671680, grad norm: 0.9527
[iter 890]loss: 5.0507, tokens/sec: 25492.79 ± 4808.49, tokens seen: 58327040, grad norm: 0.9767
[iter 900]loss: 5.0839, tokens/sec: 25460.70 ± 4796.62, tokens seen: 58982400, grad norm: 0.9248
[iter 910]loss: 4.8791, tokens/sec: 25419.81 ± 4802.55, tokens seen: 59637760, grad norm: 0.9021
[iter 920]loss: 4.9090, tokens/sec: 25370.30 ± 4801.69, tokens seen: 60293120, grad norm: 0.7717
[iter 930]loss: 4.8669, tokens/sec: 25343.25 ± 4798.88, tokens seen: 60948480, grad norm: 0.9987
[iter 940]loss: 4.8004, tokens/sec: 25315.34 ± 4799.94, tokens seen: 61603840, grad norm: 0.8705
[iter 950]loss: 4.8755, tokens/sec: 25258.28 ± 4807.87, tokens seen: 62259200, grad norm: 1.0032
[iter 960]loss: 4.7538, tokens/sec: 25243.95 ± 4803.95, tokens seen: 62914560, grad norm: 0.8489
[iter 970]loss: 4.7558, tokens/sec: 25220.10 ± 4803.57, tokens seen: 63569920, grad norm: 0.7286
[iter 980]loss: 4.7671, tokens/sec: 25174.78 ± 4801.08, tokens seen: 64225280, grad norm: 0.8901
[iter 990]loss: 4.5557, tokens/sec: 25135.90 ± 4805.82, tokens seen: 64880640, grad norm: 0.8006
[step 1000]train loss: 4.6895, val loss: 4.7019, (avg train loss: 1.2132 ± 0.0439), (avg grad norm: 0.8824 ± 0.0999)
saving checkpoint to ./out-owt-large-mhc-lora-residual-midnorm-inbeta-bs8-20000step
[iter 1000]loss: 4.9335, tokens/sec: 25111.95 ± 4804.49, tokens seen: 65536000, grad norm: 0.9284
[iter 1010]loss: 4.6834, tokens/sec: 25132.99 ± 4804.25, tokens seen: 66191360, grad norm: 0.8039
[iter 1020]loss: 4.3115, tokens/sec: 25190.17 ± 4815.11, tokens seen: 66846720, grad norm: 0.8156
[iter 1030]loss: 4.6279, tokens/sec: 25246.19 ± 4825.02, tokens seen: 67502080, grad norm: 0.7446
[iter 1040]loss: 4.5059, tokens/sec: 25292.03 ± 4832.33, tokens seen: 68157440, grad norm: 0.7797
[iter 1050]loss: 4.6743, tokens/sec: 25346.09 ± 4840.81, tokens seen: 68812800, grad norm: 0.8880
[iter 1060]loss: 4.4672, tokens/sec: 25399.17 ± 4848.58, tokens seen: 69468160, grad norm: 0.7632
[iter 1070]loss: 4.3246, tokens/sec: 25451.27 ± 4855.63, tokens seen: 70123520, grad norm: 0.8733
[iter 1080]loss: 4.5147, tokens/sec: 25502.40 ± 4862.00, tokens seen: 70778880, grad norm: 0.7194
[iter 1090]loss: 4.5687, tokens/sec: 25552.59 ± 4867.72, tokens seen: 71434240, grad norm: 0.9686
[iter 1100]loss: 4.4188, tokens/sec: 25601.90 ± 4872.86, tokens seen: 72089600, grad norm: 0.7643
[iter 1110]loss: 4.4851, tokens/sec: 25650.41 ± 4877.51, tokens seen: 72744960, grad norm: 0.7522
[iter 1120]loss: 4.4509, tokens/sec: 25697.96 ± 4881.51, tokens seen: 73400320, grad norm: 0.8601
[iter 1130]loss: 4.4471, tokens/sec: 25744.71 ± 4885.02, tokens seen: 74055680, grad norm: 0.7767
[iter 1140]loss: 4.6834, tokens/sec: 25790.56 ± 4887.95, tokens seen: 74711040, grad norm: 0.7943
[iter 1150]loss: 4.5862, tokens/sec: 25835.75 ± 4890.56, tokens seen: 75366400, grad norm: 0.8327
[iter 1160]loss: 4.7980, tokens/sec: 25880.16 ± 4892.69, tokens seen: 76021760, grad norm: 0.9768
[iter 1170]loss: 4.2374, tokens/sec: 25923.73 ± 4894.33, tokens seen: 76677120, grad norm: 0.7846
[iter 1180]loss: 4.2470, tokens/sec: 25966.38 ± 4895.37, tokens seen: 77332480, grad norm: 0.8618
[iter 1190]loss: 4.5008, tokens/sec: 26008.44 ± 4896.16, tokens seen: 77987840, grad norm: 0.7225
[iter 1200]loss: 4.4511, tokens/sec: 26049.89 ± 4896.67, tokens seen: 78643200, grad norm: 0.9103
[iter 1210]loss: 4.6058, tokens/sec: 26090.66 ± 4896.84, tokens seen: 79298560, grad norm: 0.7972
[iter 1220]loss: 4.5825, tokens/sec: 26130.78 ± 4896.69, tokens seen: 79953920, grad norm: 0.7795
[iter 1230]loss: 4.3895, tokens/sec: 26170.33 ± 4896.30, tokens seen: 80609280, grad norm: 0.9246
[iter 1240]loss: 4.5393, tokens/sec: 26209.14 ± 4895.51, tokens seen: 81264640, grad norm: 0.8295
[iter 1250]loss: 4.3826, tokens/sec: 26247.32 ± 4894.41, tokens seen: 81920000, grad norm: 0.8853
[iter 1260]loss: 4.4914, tokens/sec: 26284.76 ± 4892.92, tokens seen: 82575360, grad norm: 0.8062
[iter 1270]loss: 4.4982, tokens/sec: 26321.44 ± 4891.02, tokens seen: 83230720, grad norm: 0.7630
[iter 1280]loss: 4.5799, tokens/sec: 26357.68 ± 4888.99, tokens seen: 83886080, grad norm: 0.8501
[iter 1290]loss: 4.5189, tokens/sec: 26393.51 ± 4886.88, tokens seen: 84541440, grad norm: 0.7505
[iter 1300]loss: 4.2595, tokens/sec: 26428.75 ± 4884.50, tokens seen: 85196800, grad norm: 0.8733
[iter 1310]loss: 4.5062, tokens/sec: 26463.46 ± 4881.92, tokens seen: 85852160, grad norm: 0.8673
[iter 1320]loss: 4.3060, tokens/sec: 26497.65 ± 4879.13, tokens seen: 86507520, grad norm: 0.6882
[iter 1330]loss: 4.2536, tokens/sec: 26531.28 ± 4876.12, tokens seen: 87162880, grad norm: 0.6766
[iter 1340]loss: 4.4600, tokens/sec: 26564.47 ± 4872.96, tokens seen: 87818240, grad norm: 0.7849
[iter 1350]loss: 4.1722, tokens/sec: 26597.06 ± 4869.54, tokens seen: 88473600, grad norm: 0.6960
[iter 1360]loss: 4.5427, tokens/sec: 26620.91 ± 4868.36, tokens seen: 89128960, grad norm: 0.7042
[iter 1370]loss: 4.3178, tokens/sec: 26652.76 ± 4864.79, tokens seen: 89784320, grad norm: 0.9645
[iter 1380]loss: 4.2992, tokens/sec: 26684.11 ± 4861.03, tokens seen: 90439680, grad norm: 0.7934
[iter 1390]loss: 4.3995, tokens/sec: 26714.92 ± 4857.03, tokens seen: 91095040, grad norm: 0.6344
[iter 1400]loss: 4.4287, tokens/sec: 26745.44 ± 4853.04, tokens seen: 91750400, grad norm: 0.6381
[iter 1410]loss: 4.2901, tokens/sec: 26775.46 ± 4848.85, tokens seen: 92405760, grad norm: 0.7217
[iter 1420]loss: 4.1893, tokens/sec: 26805.11 ± 4844.58, tokens seen: 93061120, grad norm: 0.6862
[iter 1430]loss: 4.3997, tokens/sec: 26834.30 ± 4840.14, tokens seen: 93716480, grad norm: 0.8213
[iter 1440]loss: 4.2542, tokens/sec: 26863.09 ± 4835.60, tokens seen: 94371840, grad norm: 0.7446
[iter 1450]loss: 4.2480, tokens/sec: 26891.55 ± 4831.00, tokens seen: 95027200, grad norm: 0.6958
[iter 1460]loss: 4.1358, tokens/sec: 26919.55 ± 4826.24, tokens seen: 95682560, grad norm: 0.7068
[iter 1470]loss: 4.3246, tokens/sec: 26947.18 ± 4821.39, tokens seen: 96337920, grad norm: 0.7220
[iter 1480]loss: 3.6084, tokens/sec: 26974.43 ± 4816.43, tokens seen: 96993280, grad norm: 0.7157
[iter 1490]loss: 4.2272, tokens/sec: 27001.37 ± 4811.44, tokens seen: 97648640, grad norm: 0.8610
[step 1500]train loss: 4.2480, val loss: 4.2706, (avg train loss: 1.0798 ± 0.0359), (avg grad norm: 0.7522 ± 0.0893)
saving checkpoint to ./out-owt-large-mhc-lora-residual-midnorm-inbeta-bs8-20000step
[iter 1500]loss: 4.2427, tokens/sec: 27027.96 ± 4806.36, tokens seen: 98304000, grad norm: 0.6788
[iter 1510]loss: 4.1020, tokens/sec: 27053.90 ± 4800.97, tokens seen: 98959360, grad norm: 0.8271
[iter 1520]loss: 4.2840, tokens/sec: 27079.54 ± 4795.53, tokens seen: 99614720, grad norm: 0.8517
[iter 1530]loss: 3.9557, tokens/sec: 27104.83 ± 4790.00, tokens seen: 100270080, grad norm: 0.6244
[iter 1540]loss: 4.1257, tokens/sec: 27130.03 ± 4784.61, tokens seen: 100925440, grad norm: 0.5965
[iter 1550]loss: 4.0659, tokens/sec: 27154.81 ± 4779.07, tokens seen: 101580800, grad norm: 0.9653
[iter 1560]loss: 4.4072, tokens/sec: 27179.40 ± 4773.57, tokens seen: 102236160, grad norm: 0.6188
[iter 1570]loss: 4.2969, tokens/sec: 27203.72 ± 4768.04, tokens seen: 102891520, grad norm: 0.9758
[iter 1580]loss: 3.8229, tokens/sec: 27227.67 ± 4762.41, tokens seen: 103546880, grad norm: 0.7663
[iter 1590]loss: 4.1125, tokens/sec: 27251.30 ± 4756.72, tokens seen: 104202240, grad norm: 0.6580
[iter 1600]loss: 4.3036, tokens/sec: 27274.59 ± 4750.92, tokens seen: 104857600, grad norm: 0.7312
[iter 1610]loss: 4.2625, tokens/sec: 27297.63 ± 4745.12, tokens seen: 105512960, grad norm: 0.6689
[iter 1620]loss: 4.2221, tokens/sec: 27320.39 ± 4739.28, tokens seen: 106168320, grad norm: 0.5983
[iter 1630]loss: 4.1712, tokens/sec: 27342.90 ± 4733.41, tokens seen: 106823680, grad norm: 0.6799
[iter 1640]loss: 4.2633, tokens/sec: 27365.01 ± 4727.40, tokens seen: 107479040, grad norm: 0.7179
[iter 1650]loss: 4.2495, tokens/sec: 27386.76 ± 4721.30, tokens seen: 108134400, grad norm: 0.9782
[iter 1660]loss: 4.1928, tokens/sec: 27408.47 ± 4715.32, tokens seen: 108789760, grad norm: 0.8302
[iter 1670]loss: 4.0344, tokens/sec: 27429.88 ± 4709.28, tokens seen: 109445120, grad norm: 0.6872
[iter 1680]loss: 4.3903, tokens/sec: 27451.03 ± 4703.21, tokens seen: 110100480, grad norm: 0.6690
[iter 1690]loss: 4.1422, tokens/sec: 27471.97 ± 4697.13, tokens seen: 110755840, grad norm: 0.6468
[iter 1700]loss: 4.0494, tokens/sec: 27492.64 ± 4691.01, tokens seen: 111411200, grad norm: 0.8366
[iter 1710]loss: 4.1258, tokens/sec: 27512.94 ± 4684.77, tokens seen: 112066560, grad norm: 0.5981
[iter 1720]loss: 4.0511, tokens/sec: 27533.07 ± 4678.56, tokens seen: 112721920, grad norm: 0.5966
[iter 1730]loss: 4.0562, tokens/sec: 27552.97 ± 4672.32, tokens seen: 113377280, grad norm: 0.5880
[iter 1740]loss: 4.1565, tokens/sec: 27572.52 ± 4665.98, tokens seen: 114032640, grad norm: 0.5805
[iter 1750]loss: 4.1926, tokens/sec: 27591.96 ± 4659.70, tokens seen: 114688000, grad norm: 0.8640
[iter 1760]loss: 4.0594, tokens/sec: 27611.10 ± 4653.35, tokens seen: 115343360, grad norm: 0.6303
[iter 1770]loss: 4.0309, tokens/sec: 27630.05 ± 4647.01, tokens seen: 115998720, grad norm: 0.6180
[iter 1780]loss: 4.2969, tokens/sec: 27648.80 ± 4640.65, tokens seen: 116654080, grad norm: 0.6465
[iter 1790]loss: 3.9436, tokens/sec: 27667.44 ± 4634.36, tokens seen: 117309440, grad norm: 0.7121
[iter 1800]loss: 4.0350, tokens/sec: 27685.77 ± 4627.98, tokens seen: 117964800, grad norm: 0.6522
[iter 1810]loss: 3.9923, tokens/sec: 27704.02 ± 4621.68, tokens seen: 118620160, grad norm: 0.7481
[iter 1820]loss: 4.2416, tokens/sec: 27716.91 ± 4616.96, tokens seen: 119275520, grad norm: 0.6480
[iter 1830]loss: 4.1928, tokens/sec: 27734.81 ± 4610.67, tokens seen: 119930880, grad norm: 0.6276
[iter 1840]loss: 4.1691, tokens/sec: 27752.49 ± 4604.35, tokens seen: 120586240, grad norm: 0.8519
[iter 1850]loss: 4.1096, tokens/sec: 27769.97 ± 4598.02, tokens seen: 121241600, grad norm: 0.6332
[iter 1860]loss: 4.4555, tokens/sec: 27787.29 ± 4591.70, tokens seen: 121896960, grad norm: 0.5492
[iter 1870]loss: 4.2133, tokens/sec: 27804.41 ± 4585.36, tokens seen: 122552320, grad norm: 0.9267
[iter 1880]loss: 4.1686, tokens/sec: 27821.35 ± 4579.03, tokens seen: 123207680, grad norm: 0.6523
[iter 1890]loss: 3.9251, tokens/sec: 27838.09 ± 4572.67, tokens seen: 123863040, grad norm: 0.7817
[iter 1900]loss: 4.1195, tokens/sec: 27854.57 ± 4566.26, tokens seen: 124518400, grad norm: 0.6222
[iter 1910]loss: 4.0109, tokens/sec: 27870.91 ± 4559.86, tokens seen: 125173760, grad norm: 0.6800
[iter 1920]loss: 4.1627, tokens/sec: 27887.06 ± 4553.46, tokens seen: 125829120, grad norm: 0.7069
[iter 1930]loss: 3.9054, tokens/sec: 27903.09 ± 4547.08, tokens seen: 126484480, grad norm: 0.5667
[iter 1940]loss: 3.6784, tokens/sec: 27918.93 ± 4540.69, tokens seen: 127139840, grad norm: 0.6275
[iter 1950]loss: 4.2344, tokens/sec: 27934.54 ± 4534.26, tokens seen: 127795200, grad norm: 0.5934
[iter 1960]loss: 4.0544, tokens/sec: 27949.94 ± 4527.80, tokens seen: 128450560, grad norm: 0.7002
[iter 1970]loss: 4.0601, tokens/sec: 27965.21 ± 4521.35, tokens seen: 129105920, grad norm: 0.6194
[iter 1980]loss: 3.9782, tokens/sec: 27980.36 ± 4514.94, tokens seen: 129761280, grad norm: 0.5965
[iter 1990]loss: 4.0558, tokens/sec: 27995.43 ± 4508.58, tokens seen: 130416640, grad norm: 0.5933
[step 2000]train loss: 4.0457, val loss: 4.0693, (avg train loss: 1.0191 ± 0.0362), (avg grad norm: 0.6708 ± 0.0757)
saving checkpoint to ./out-owt-large-mhc-lora-residual-midnorm-inbeta-bs8-20000step
[iter 2000]loss: 4.1950, tokens/sec: 28010.37 ± 4502.24, tokens seen: 131072000, grad norm: 0.6488
[iter 2010]loss: 4.0013, tokens/sec: 28025.01 ± 4495.80, tokens seen: 131727360, grad norm: 0.6584
[iter 2020]loss: 4.0884, tokens/sec: 28039.44 ± 4489.33, tokens seen: 132382720, grad norm: 0.6398
[iter 2030]loss: 4.2952, tokens/sec: 28053.93 ± 4483.00, tokens seen: 133038080, grad norm: 0.6012
[iter 2040]loss: 3.8555, tokens/sec: 28068.18 ± 4476.62, tokens seen: 133693440, grad norm: 0.5918
[iter 2050]loss: 3.9735, tokens/sec: 28082.37 ± 4470.29, tokens seen: 134348800, grad norm: 0.8576
[iter 2060]loss: 3.9075, tokens/sec: 28096.46 ± 4463.99, tokens seen: 135004160, grad norm: 0.5771
[iter 2070]loss: 4.0153, tokens/sec: 28110.27 ± 4457.62, tokens seen: 135659520, grad norm: 0.6744
[iter 2080]loss: 3.9928, tokens/sec: 28124.15 ± 4451.38, tokens seen: 136314880, grad norm: 0.6518
[iter 2090]loss: 4.3801, tokens/sec: 28137.85 ± 4445.12, tokens seen: 136970240, grad norm: 0.5667
[iter 2100]loss: 3.9888, tokens/sec: 28151.41 ± 4438.86, tokens seen: 137625600, grad norm: 0.7649
[iter 2110]loss: 4.1653, tokens/sec: 28164.85 ± 4432.61, tokens seen: 138280960, grad norm: 0.6071
[iter 2120]loss: 3.8705, tokens/sec: 28178.12 ± 4426.36, tokens seen: 138936320, grad norm: 0.6158
[iter 2130]loss: 4.2996, tokens/sec: 28191.30 ± 4420.13, tokens seen: 139591680, grad norm: 0.6858
[iter 2140]loss: 3.8335, tokens/sec: 28204.34 ± 4413.90, tokens seen: 140247040, grad norm: 0.6293
[iter 2150]loss: 4.0990, tokens/sec: 28217.25 ± 4407.68, tokens seen: 140902400, grad norm: 0.7218
[iter 2160]loss: 3.8830, tokens/sec: 28230.08 ± 4401.49, tokens seen: 141557760, grad norm: 0.6453
[iter 2170]loss: 3.9603, tokens/sec: 28242.79 ± 4395.32, tokens seen: 142213120, grad norm: 0.6711
[iter 2180]loss: 3.9974, tokens/sec: 28255.36 ± 4389.14, tokens seen: 142868480, grad norm: 0.6129
[iter 2190]loss: 4.0508, tokens/sec: 28267.81 ± 4382.97, tokens seen: 143523840, grad norm: 0.9082
[iter 2200]loss: 3.8434, tokens/sec: 28280.11 ± 4376.79, tokens seen: 144179200, grad norm: 0.5655
[iter 2210]loss: 4.1074, tokens/sec: 28292.31 ± 4370.63, tokens seen: 144834560, grad norm: 0.6021
[iter 2220]loss: 3.9646, tokens/sec: 28304.45 ± 4364.51, tokens seen: 145489920, grad norm: 0.6050
[iter 2230]loss: 3.9061, tokens/sec: 28316.48 ± 4358.41, tokens seen: 146145280, grad norm: 0.6557
[iter 2240]loss: 4.0180, tokens/sec: 28328.35 ± 4352.29, tokens seen: 146800640, grad norm: 0.6336
[iter 2250]loss: 3.8921, tokens/sec: 28340.17 ± 4346.22, tokens seen: 147456000, grad norm: 0.5692
[iter 2260]loss: 3.8695, tokens/sec: 28351.87 ± 4340.15, tokens seen: 148111360, grad norm: 0.6583
[iter 2270]loss: 3.5986, tokens/sec: 28363.46 ± 4334.08, tokens seen: 148766720, grad norm: 0.5978
[iter 2280]loss: 3.8848, tokens/sec: 28374.95 ± 4328.04, tokens seen: 149422080, grad norm: 0.5533
[iter 2290]loss: 3.9937, tokens/sec: 28386.35 ± 4322.01, tokens seen: 150077440, grad norm: 0.5374
[iter 2300]loss: 3.8793, tokens/sec: 28397.62 ± 4315.98, tokens seen: 150732800, grad norm: 0.5849
[iter 2310]loss: 3.8864, tokens/sec: 28408.77 ± 4309.95, tokens seen: 151388160, grad norm: 0.6315
[iter 2320]loss: 4.1117, tokens/sec: 28419.84 ± 4303.95, tokens seen: 152043520, grad norm: 0.6238
[iter 2330]loss: 4.0249, tokens/sec: 28430.87 ± 4298.00, tokens seen: 152698880, grad norm: 0.7278
[iter 2340]loss: 4.0122, tokens/sec: 28437.42 ± 4294.74, tokens seen: 153354240, grad norm: 0.5951
[iter 2350]loss: 4.1302, tokens/sec: 28448.22 ± 4288.78, tokens seen: 154009600, grad norm: 0.6111
[iter 2360]loss: 3.9067, tokens/sec: 28458.96 ± 4282.85, tokens seen: 154664960, grad norm: 0.6720
[iter 2370]loss: 4.0009, tokens/sec: 28469.67 ± 4276.98, tokens seen: 155320320, grad norm: 0.6163
[iter 2380]loss: 4.0018, tokens/sec: 28480.17 ± 4271.05, tokens seen: 155975680, grad norm: 0.5930
[iter 2390]loss: 3.9737, tokens/sec: 28490.63 ± 4265.17, tokens seen: 156631040, grad norm: 0.5531
[iter 2400]loss: 3.9047, tokens/sec: 28500.98 ± 4259.28, tokens seen: 157286400, grad norm: 0.5122
[iter 2410]loss: 4.0475, tokens/sec: 28511.26 ± 4253.42, tokens seen: 157941760, grad norm: 0.6551
[iter 2420]loss: 4.0960, tokens/sec: 28521.48 ± 4247.60, tokens seen: 158597120, grad norm: 0.7142
[iter 2430]loss: 3.9202, tokens/sec: 28531.62 ± 4241.79, tokens seen: 159252480, grad norm: 0.5344
[iter 2440]loss: 4.1874, tokens/sec: 28541.66 ± 4235.98, tokens seen: 159907840, grad norm: 0.5852
[iter 2450]loss: 4.0448, tokens/sec: 28551.61 ± 4230.19, tokens seen: 160563200, grad norm: 0.6162
[iter 2460]loss: 4.0581, tokens/sec: 28561.56 ± 4224.46, tokens seen: 161218560, grad norm: 0.5779
[iter 2470]loss: 3.8026, tokens/sec: 28571.35 ± 4218.69, tokens seen: 161873920, grad norm: 0.5950
[iter 2480]loss: 3.9279, tokens/sec: 28580.98 ± 4212.91, tokens seen: 162529280, grad norm: 0.6026
[iter 2490]loss: 3.8516, tokens/sec: 28590.65 ± 4207.20, tokens seen: 163184640, grad norm: 0.6197
[step 2500]train loss: 3.9135, val loss: 3.9229, (avg train loss: 0.9828 ± 0.0358), (avg grad norm: 0.6193 ± 0.0781)
saving checkpoint to ./out-owt-large-mhc-lora-residual-midnorm-inbeta-bs8-20000step
[iter 2500]loss: 3.8223, tokens/sec: 28600.19 ± 4201.48, tokens seen: 163840000, grad norm: 0.5620
[iter 2510]loss: 4.1417, tokens/sec: 28609.75 ± 4195.83, tokens seen: 164495360, grad norm: 0.6233
[iter 2520]loss: 3.8784, tokens/sec: 28619.20 ± 4190.18, tokens seen: 165150720, grad norm: 0.7931
[iter 2530]loss: 3.9274, tokens/sec: 28628.55 ± 4184.53, tokens seen: 165806080, grad norm: 0.5411
[iter 2540]loss: 4.0792, tokens/sec: 28637.83 ± 4178.89, tokens seen: 166461440, grad norm: 0.5303
[iter 2550]loss: 3.9231, tokens/sec: 28647.03 ± 4173.27, tokens seen: 167116800, grad norm: 0.5659
[iter 2560]loss: 3.9898, tokens/sec: 28656.19 ± 4167.68, tokens seen: 167772160, grad norm: 0.5151
[iter 2570]loss: 4.2279, tokens/sec: 28665.25 ± 4162.10, tokens seen: 168427520, grad norm: 0.5924
[iter 2580]loss: 3.9692, tokens/sec: 28674.26 ± 4156.54, tokens seen: 169082880, grad norm: 0.5534
[iter 2590]loss: 3.9817, tokens/sec: 28679.57 ± 4153.10, tokens seen: 169738240, grad norm: 0.5391
[iter 2600]loss: 3.8130, tokens/sec: 28688.43 ± 4147.56, tokens seen: 170393600, grad norm: 0.4941
[iter 2610]loss: 3.9988, tokens/sec: 28697.25 ± 4142.05, tokens seen: 171048960, grad norm: 0.6116
[iter 2620]loss: 3.7782, tokens/sec: 28705.97 ± 4136.54, tokens seen: 171704320, grad norm: 0.5665
[iter 2630]loss: 3.7974, tokens/sec: 28714.64 ± 4131.06, tokens seen: 172359680, grad norm: 0.7278
[iter 2640]loss: 3.8758, tokens/sec: 28723.27 ± 4125.61, tokens seen: 173015040, grad norm: 0.7795
[iter 2650]loss: 3.6669, tokens/sec: 28731.82 ± 4120.16, tokens seen: 173670400, grad norm: 0.6563
[iter 2660]loss: 3.9642, tokens/sec: 28740.29 ± 4114.72, tokens seen: 174325760, grad norm: 0.6401
[iter 2670]loss: 3.9358, tokens/sec: 28748.65 ± 4109.28, tokens seen: 174981120, grad norm: 0.5896
[iter 2680]loss: 4.0803, tokens/sec: 28756.97 ± 4103.86, tokens seen: 175636480, grad norm: 0.5924
[iter 2690]loss: 3.7448, tokens/sec: 28765.24 ± 4098.47, tokens seen: 176291840, grad norm: 0.5499
[iter 2700]loss: 3.8215, tokens/sec: 28773.46 ± 4093.09, tokens seen: 176947200, grad norm: 0.5556
[iter 2710]loss: 3.6729, tokens/sec: 28781.61 ± 4087.73, tokens seen: 177602560, grad norm: 0.5516
[iter 2720]loss: 3.6059, tokens/sec: 28789.74 ± 4082.41, tokens seen: 178257920, grad norm: 0.5844
[iter 2730]loss: 3.8869, tokens/sec: 28797.81 ± 4077.10, tokens seen: 178913280, grad norm: 0.5587
[iter 2740]loss: 3.7806, tokens/sec: 28805.80 ± 4071.80, tokens seen: 179568640, grad norm: 0.6248
[iter 2750]loss: 4.0411, tokens/sec: 28813.67 ± 4066.48, tokens seen: 180224000, grad norm: 0.6560
[iter 2760]loss: 3.9051, tokens/sec: 28821.58 ± 4061.23, tokens seen: 180879360, grad norm: 0.6445
[iter 2770]loss: 3.7601, tokens/sec: 28829.41 ± 4055.99, tokens seen: 181534720, grad norm: 0.5516
[iter 2780]loss: 3.9959, tokens/sec: 28837.17 ± 4050.74, tokens seen: 182190080, grad norm: 0.5553
[iter 2790]loss: 3.7241, tokens/sec: 28844.88 ± 4045.52, tokens seen: 182845440, grad norm: 0.5954
[iter 2800]loss: 3.5396, tokens/sec: 28852.45 ± 4040.28, tokens seen: 183500800, grad norm: 0.5034
[iter 2810]loss: 4.0454, tokens/sec: 28860.07 ± 4035.10, tokens seen: 184156160, grad norm: 0.5478
[iter 2820]loss: 3.6423, tokens/sec: 28867.62 ± 4029.93, tokens seen: 184811520, grad norm: 0.5336
[iter 2830]loss: 4.0887, tokens/sec: 28875.07 ± 4024.76, tokens seen: 185466880, grad norm: 0.6127
[iter 2840]loss: 3.7937, tokens/sec: 28882.51 ± 4019.61, tokens seen: 186122240, grad norm: 0.6146
[iter 2850]loss: 3.8024, tokens/sec: 28889.91 ± 4014.49, tokens seen: 186777600, grad norm: 0.5297
[iter 2860]loss: 3.7768, tokens/sec: 28897.26 ± 4009.39, tokens seen: 187432960, grad norm: 0.5182
[iter 2870]loss: 3.6295, tokens/sec: 28904.55 ± 4004.31, tokens seen: 188088320, grad norm: 0.6014
[iter 2880]loss: 3.8590, tokens/sec: 28911.74 ± 3999.21, tokens seen: 188743680, grad norm: 0.5560
[iter 2890]loss: 3.8013, tokens/sec: 28918.92 ± 3994.15, tokens seen: 189399040, grad norm: 0.5701
[iter 2900]loss: 3.9666, tokens/sec: 28926.08 ± 3989.11, tokens seen: 190054400, grad norm: 0.6353
[iter 2910]loss: 3.8692, tokens/sec: 28933.15 ± 3984.07, tokens seen: 190709760, grad norm: 0.5977
[iter 2920]loss: 3.8865, tokens/sec: 28940.14 ± 3979.04, tokens seen: 191365120, grad norm: 0.5033
[iter 2930]loss: 3.7107, tokens/sec: 28947.12 ± 3974.04, tokens seen: 192020480, grad norm: 0.5087
[iter 2940]loss: 3.9604, tokens/sec: 28954.05 ± 3969.04, tokens seen: 192675840, grad norm: 0.5494
[iter 2950]loss: 3.7948, tokens/sec: 28960.96 ± 3964.09, tokens seen: 193331200, grad norm: 0.5960
[iter 2960]loss: 4.0468, tokens/sec: 28967.83 ± 3959.14, tokens seen: 193986560, grad norm: 0.5588
[iter 2970]loss: 3.7143, tokens/sec: 28974.57 ± 3954.18, tokens seen: 194641920, grad norm: 0.6134
[iter 2980]loss: 3.6401, tokens/sec: 28981.34 ± 3949.26, tokens seen: 195297280, grad norm: 0.6092
[iter 2990]loss: 3.7691, tokens/sec: 28988.03 ± 3944.35, tokens seen: 195952640, grad norm: 0.7959
[step 3000]train loss: 3.8391, val loss: 3.8353, (avg train loss: 0.9606 ± 0.0378), (avg grad norm: 0.5860 ± 0.0780)
saving checkpoint to ./out-owt-large-mhc-lora-residual-midnorm-inbeta-bs8-20000step
[iter 3000]loss: 3.7883, tokens/sec: 28994.69 ± 3939.46, tokens seen: 196608000, grad norm: 0.4860
[iter 3010]loss: 3.8393, tokens/sec: 29001.31 ± 3934.58, tokens seen: 197263360, grad norm: 0.5786
[iter 3020]loss: 3.9298, tokens/sec: 29007.82 ± 3929.69, tokens seen: 197918720, grad norm: 0.5541
[iter 3030]loss: 3.9009, tokens/sec: 29014.36 ± 3924.85, tokens seen: 198574080, grad norm: 0.5704
[iter 3040]loss: 3.9047, tokens/sec: 29020.85 ± 3920.02, tokens seen: 199229440, grad norm: 0.6874
[iter 3050]loss: 3.7855, tokens/sec: 29027.27 ± 3915.19, tokens seen: 199884800, grad norm: 0.5105
[iter 3060]loss: 3.8650, tokens/sec: 29033.64 ± 3910.38, tokens seen: 200540160, grad norm: 0.6155
[iter 3070]loss: 3.8239, tokens/sec: 29040.05 ± 3905.61, tokens seen: 201195520, grad norm: 0.5733
[iter 3080]loss: 3.6937, tokens/sec: 29046.37 ± 3900.84, tokens seen: 201850880, grad norm: 0.5738
[iter 3090]loss: 3.7732, tokens/sec: 29052.64 ± 3896.08, tokens seen: 202506240, grad norm: 0.4944
[iter 3100]loss: 3.9721, tokens/sec: 29058.87 ± 3891.34, tokens seen: 203161600, grad norm: 0.5437
[iter 3110]loss: 3.8118, tokens/sec: 29065.05 ± 3886.60, tokens seen: 203816960, grad norm: 0.5361
[iter 3120]loss: 3.7094, tokens/sec: 29071.23 ± 3881.90, tokens seen: 204472320, grad norm: 0.6363
[iter 3130]loss: 3.6838, tokens/sec: 29077.35 ± 3877.20, tokens seen: 205127680, grad norm: 0.6237
[iter 3140]loss: 3.7469, tokens/sec: 29083.42 ± 3872.52, tokens seen: 205783040, grad norm: 0.5705
[iter 3150]loss: 4.0877, tokens/sec: 29089.46 ± 3867.85, tokens seen: 206438400, grad norm: 0.5843
[iter 3160]loss: 3.6588, tokens/sec: 29095.48 ± 3863.20, tokens seen: 207093760, grad norm: 0.6834
[iter 3170]loss: 3.8650, tokens/sec: 29101.38 ± 3858.53, tokens seen: 207749120, grad norm: 0.6285
[iter 3180]loss: 3.8586, tokens/sec: 29107.28 ± 3853.90, tokens seen: 208404480, grad norm: 0.5449
[iter 3190]loss: 3.8283, tokens/sec: 29113.16 ± 3849.28, tokens seen: 209059840, grad norm: 0.5390
[iter 3200]loss: 3.8777, tokens/sec: 29119.01 ± 3844.69, tokens seen: 209715200, grad norm: 0.5169
[iter 3210]loss: 3.8235, tokens/sec: 29124.82 ± 3840.10, tokens seen: 210370560, grad norm: 0.5365
[iter 3220]loss: 3.5705, tokens/sec: 29130.61 ± 3835.54, tokens seen: 211025920, grad norm: 0.5754
[iter 3230]loss: 3.8216, tokens/sec: 29136.34 ± 3830.98, tokens seen: 211681280, grad norm: 0.5054
[iter 3240]loss: 3.8986, tokens/sec: 29142.05 ± 3826.44, tokens seen: 212336640, grad norm: 0.6984
[iter 3250]loss: 3.8925, tokens/sec: 29147.74 ± 3821.93, tokens seen: 212992000, grad norm: 0.5262
[iter 3260]loss: 3.5997, tokens/sec: 29153.38 ± 3817.41, tokens seen: 213647360, grad norm: 0.5619
[iter 3270]loss: 3.6082, tokens/sec: 29159.01 ± 3812.93, tokens seen: 214302720, grad norm: 0.6002
[iter 3280]loss: 3.7797, tokens/sec: 29164.57 ± 3808.45, tokens seen: 214958080, grad norm: 0.5175
[iter 3290]loss: 3.7850, tokens/sec: 29170.11 ± 3803.98, tokens seen: 215613440, grad norm: 0.5161
[iter 3300]loss: 3.7806, tokens/sec: 29175.62 ± 3799.53, tokens seen: 216268800, grad norm: 0.5144
[iter 3310]loss: 3.9116, tokens/sec: 29178.02 ± 3797.75, tokens seen: 216924160, grad norm: 0.6132
[iter 3320]loss: 3.8577, tokens/sec: 29183.45 ± 3793.31, tokens seen: 217579520, grad norm: 0.6184
[iter 3330]loss: 3.8448, tokens/sec: 29188.85 ± 3788.89, tokens seen: 218234880, grad norm: 0.5836
[iter 3340]loss: 3.8855, tokens/sec: 29194.23 ± 3784.49, tokens seen: 218890240, grad norm: 0.5108
[iter 3350]loss: 3.9039, tokens/sec: 29199.59 ± 3780.11, tokens seen: 219545600, grad norm: 0.5840
[iter 3360]loss: 4.0640, tokens/sec: 29204.92 ± 3775.74, tokens seen: 220200960, grad norm: 0.6272
[iter 3370]loss: 3.8968, tokens/sec: 29207.40 ± 3773.52, tokens seen: 220856320, grad norm: 0.5339
[iter 3380]loss: 3.8073, tokens/sec: 29212.68 ± 3769.18, tokens seen: 221511680, grad norm: 0.5747
[iter 3390]loss: 3.6827, tokens/sec: 29217.94 ± 3764.86, tokens seen: 222167040, grad norm: 0.6524
[iter 3400]loss: 3.7767, tokens/sec: 29223.14 ± 3760.54, tokens seen: 222822400, grad norm: 0.5782
[iter 3410]loss: 3.9121, tokens/sec: 29228.30 ± 3756.23, tokens seen: 223477760, grad norm: 0.5581
[iter 3420]loss: 3.7695, tokens/sec: 29233.45 ± 3751.94, tokens seen: 224133120, grad norm: 0.6028
[iter 3430]loss: 3.6394, tokens/sec: 29238.57 ± 3747.67, tokens seen: 224788480, grad norm: 0.5178
[iter 3440]loss: 3.5720, tokens/sec: 29243.66 ± 3743.41, tokens seen: 225443840, grad norm: 0.5466
[iter 3450]loss: 3.4801, tokens/sec: 29248.70 ± 3739.15, tokens seen: 226099200, grad norm: 0.5618
[iter 3460]loss: 3.7313, tokens/sec: 29253.72 ± 3734.91, tokens seen: 226754560, grad norm: 0.5461
[iter 3470]loss: 3.7992, tokens/sec: 29258.72 ± 3730.68, tokens seen: 227409920, grad norm: 0.6096
[iter 3480]loss: 3.9318, tokens/sec: 29263.67 ± 3726.46, tokens seen: 228065280, grad norm: 0.5788
[iter 3490]loss: 3.8003, tokens/sec: 29268.55 ± 3722.23, tokens seen: 228720640, grad norm: 0.5941
[step 3500]train loss: 3.7633, val loss: 3.7670, (avg train loss: 0.9438 ± 0.0332), (avg grad norm: 0.5632 ± 0.0585)
saving checkpoint to ./out-owt-large-mhc-lora-residual-midnorm-inbeta-bs8-20000step
[iter 3500]loss: 3.7334, tokens/sec: 29273.45 ± 3718.04, tokens seen: 229376000, grad norm: 0.5641
[iter 3510]loss: 3.6410, tokens/sec: 29278.39 ± 3713.89, tokens seen: 230031360, grad norm: 0.6429
[iter 3520]loss: 3.6175, tokens/sec: 29283.08 ± 3709.66, tokens seen: 230686720, grad norm: 0.5700
[iter 3530]loss: 4.0694, tokens/sec: 29287.88 ± 3705.50, tokens seen: 231342080, grad norm: 0.4832
[iter 3540]loss: 3.6832, tokens/sec: 29292.68 ± 3701.36, tokens seen: 231997440, grad norm: 0.4830
[iter 3550]loss: 3.6089, tokens/sec: 29297.37 ± 3697.20, tokens seen: 232652800, grad norm: 0.5588
[iter 3560]loss: 3.4362, tokens/sec: 29302.00 ± 3693.04, tokens seen: 233308160, grad norm: 0.4960
[iter 3570]loss: 3.8008, tokens/sec: 29306.72 ± 3688.94, tokens seen: 233963520, grad norm: 0.5045
[iter 3580]loss: 3.8074, tokens/sec: 29311.41 ± 3684.85, tokens seen: 234618880, grad norm: 0.5184
[iter 3590]loss: 3.8862, tokens/sec: 29316.04 ± 3680.76, tokens seen: 235274240, grad norm: 0.5180
[iter 3600]loss: 3.5966, tokens/sec: 29320.63 ± 3676.67, tokens seen: 235929600, grad norm: 0.5167
[iter 3610]loss: 3.8178, tokens/sec: 29325.25 ± 3672.63, tokens seen: 236584960, grad norm: 0.5050
[iter 3620]loss: 3.9663, tokens/sec: 29329.84 ± 3668.59, tokens seen: 237240320, grad norm: 0.5432
[iter 3630]loss: 4.2015, tokens/sec: 29334.40 ± 3664.56, tokens seen: 237895680, grad norm: 0.5531
[iter 3640]loss: 3.7544, tokens/sec: 29338.93 ± 3660.54, tokens seen: 238551040, grad norm: 0.6290
[iter 3650]loss: 3.6948, tokens/sec: 29343.44 ± 3656.54, tokens seen: 239206400, grad norm: 0.5406
[iter 3660]loss: 3.6089, tokens/sec: 29347.93 ± 3652.55, tokens seen: 239861760, grad norm: 0.5892
[iter 3670]loss: 3.5858, tokens/sec: 29352.39 ± 3648.57, tokens seen: 240517120, grad norm: 0.4882
[iter 3680]loss: 3.7417, tokens/sec: 29356.83 ± 3644.60, tokens seen: 241172480, grad norm: 0.5038
[iter 3690]loss: 3.4373, tokens/sec: 29361.25 ± 3640.65, tokens seen: 241827840, grad norm: 0.5666
[iter 3700]loss: 3.5890, tokens/sec: 29365.65 ± 3636.71, tokens seen: 242483200, grad norm: 0.5495
[iter 3710]loss: 3.6525, tokens/sec: 29370.02 ± 3632.78, tokens seen: 243138560, grad norm: 0.5036
[iter 3720]loss: 3.7093, tokens/sec: 29374.37 ± 3628.87, tokens seen: 243793920, grad norm: 0.5123
[iter 3730]loss: 3.9528, tokens/sec: 29378.69 ± 3624.96, tokens seen: 244449280, grad norm: 0.5139
[iter 3740]loss: 3.6598, tokens/sec: 29383.00 ± 3621.06, tokens seen: 245104640, grad norm: 0.4788
[iter 3750]loss: 3.6036, tokens/sec: 29387.25 ± 3617.17, tokens seen: 245760000, grad norm: 0.4823
[iter 3760]loss: 3.7169, tokens/sec: 29391.52 ± 3613.30, tokens seen: 246415360, grad norm: 0.6375
[iter 3770]loss: 3.7672, tokens/sec: 29395.72 ± 3609.43, tokens seen: 247070720, grad norm: 0.5084
[iter 3780]loss: 3.8023, tokens/sec: 29399.92 ± 3605.57, tokens seen: 247726080, grad norm: 0.5496
[iter 3790]loss: 3.6305, tokens/sec: 29404.09 ± 3601.73, tokens seen: 248381440, grad norm: 0.5292
[iter 3800]loss: 3.6903, tokens/sec: 29408.23 ± 3597.89, tokens seen: 249036800, grad norm: 0.5959
[iter 3810]loss: 3.7930, tokens/sec: 29412.37 ± 3594.08, tokens seen: 249692160, grad norm: 0.5013
[iter 3820]loss: 3.7601, tokens/sec: 29416.42 ± 3590.24, tokens seen: 250347520, grad norm: 0.5722
[iter 3830]loss: 3.8352, tokens/sec: 29420.51 ± 3586.44, tokens seen: 251002880, grad norm: 0.5850
[iter 3840]loss: 3.6129, tokens/sec: 29424.57 ± 3582.65, tokens seen: 251658240, grad norm: 0.5223
[iter 3850]loss: 3.3992, tokens/sec: 29428.63 ± 3578.88, tokens seen: 252313600, grad norm: 0.5591
[iter 3860]loss: 3.7228, tokens/sec: 29432.65 ± 3575.12, tokens seen: 252968960, grad norm: 0.6892
[iter 3870]loss: 3.6354, tokens/sec: 29436.67 ± 3571.37, tokens seen: 253624320, grad norm: 0.5913
[iter 3880]loss: 3.6861, tokens/sec: 29440.68 ± 3567.64, tokens seen: 254279680, grad norm: 0.5222
[iter 3890]loss: 3.7388, tokens/sec: 29444.65 ± 3563.91, tokens seen: 254935040, grad norm: 0.6289
[iter 3900]loss: 3.7078, tokens/sec: 29448.61 ± 3560.20, tokens seen: 255590400, grad norm: 0.5569
[iter 3910]loss: 3.6025, tokens/sec: 29452.55 ± 3556.49, tokens seen: 256245760, grad norm: 0.5468
[iter 3920]loss: 3.5829, tokens/sec: 29456.46 ± 3552.80, tokens seen: 256901120, grad norm: 0.5853
[iter 3930]loss: 3.7091, tokens/sec: 29460.35 ± 3549.11, tokens seen: 257556480, grad norm: 0.4732
[iter 3940]loss: 3.8597, tokens/sec: 29464.16 ± 3545.41, tokens seen: 258211840, grad norm: 0.5374
[iter 3950]loss: 3.5788, tokens/sec: 29468.03 ± 3541.75, tokens seen: 258867200, grad norm: 0.5538
[iter 3960]loss: 3.6270, tokens/sec: 29471.80 ± 3538.08, tokens seen: 259522560, grad norm: 0.5762
[iter 3970]loss: 3.6118, tokens/sec: 29475.61 ± 3534.43, tokens seen: 260177920, grad norm: 0.5848
[iter 3980]loss: 3.7173, tokens/sec: 29479.38 ± 3530.79, tokens seen: 260833280, grad norm: 0.4901
[iter 3990]loss: 3.6999, tokens/sec: 29483.13 ± 3527.16, tokens seen: 261488640, grad norm: 0.5736
[step 4000]train loss: 3.6884, val loss: 3.7127, (avg train loss: 0.9244 ± 0.0345), (avg grad norm: 0.5457 ± 0.0566)
saving checkpoint to ./out-owt-large-mhc-lora-residual-midnorm-inbeta-bs8-20000step
[iter 4000]loss: 3.7658, tokens/sec: 29486.87 ± 3523.54, tokens seen: 262144000, grad norm: 0.5031
[iter 4010]loss: 3.6357, tokens/sec: 29490.63 ± 3519.95, tokens seen: 262799360, grad norm: 0.5187
[iter 4020]loss: 3.5789, tokens/sec: 29494.33 ± 3516.35, tokens seen: 263454720, grad norm: 0.5394
[iter 4030]loss: 3.7425, tokens/sec: 29498.02 ± 3512.77, tokens seen: 264110080, grad norm: 0.4950
[iter 4040]loss: 3.5205, tokens/sec: 29501.71 ± 3509.20, tokens seen: 264765440, grad norm: 0.5256
[iter 4050]loss: 3.7071, tokens/sec: 29505.39 ± 3505.65, tokens seen: 265420800, grad norm: 0.5486
[iter 4060]loss: 3.7522, tokens/sec: 29508.97 ± 3502.07, tokens seen: 266076160, grad norm: 0.5197
[iter 4070]loss: 3.8134, tokens/sec: 29512.57 ± 3498.52, tokens seen: 266731520, grad norm: 0.5120
[iter 4080]loss: 3.7328, tokens/sec: 29516.16 ± 3494.98, tokens seen: 267386880, grad norm: 0.5394
[iter 4090]loss: 3.5878, tokens/sec: 29519.76 ± 3491.46, tokens seen: 268042240, grad norm: 0.5120
[iter 4100]loss: 3.4869, tokens/sec: 29523.28 ± 3487.93, tokens seen: 268697600, grad norm: 0.5809
[iter 4110]loss: 3.6140, tokens/sec: 29526.82 ± 3484.43, tokens seen: 269352960, grad norm: 0.5433
[iter 4120]loss: 3.7035, tokens/sec: 29530.37 ± 3480.94, tokens seen: 270008320, grad norm: 0.4790
[iter 4130]loss: 3.9099, tokens/sec: 29533.91 ± 3477.46, tokens seen: 270663680, grad norm: 0.9480
[iter 4140]loss: 3.7063, tokens/sec: 29537.37 ± 3473.98, tokens seen: 271319040, grad norm: 0.5256
[iter 4150]loss: 3.8875, tokens/sec: 29538.29 ± 3473.19, tokens seen: 271974400, grad norm: 0.5651
[iter 4160]loss: 3.6027, tokens/sec: 29541.76 ± 3469.73, tokens seen: 272629760, grad norm: 0.5346
[iter 4170]loss: 3.8917, tokens/sec: 29545.22 ± 3466.29, tokens seen: 273285120, grad norm: 0.5801
[iter 4180]loss: 3.5211, tokens/sec: 29548.65 ± 3462.85, tokens seen: 273940480, grad norm: 0.5453
[iter 4190]loss: 3.9145, tokens/sec: 29552.09 ± 3459.43, tokens seen: 274595840, grad norm: 0.5471
[iter 4200]loss: 3.6570, tokens/sec: 29555.13 ± 3455.90, tokens seen: 275251200, grad norm: 0.5414
[iter 4210]loss: 3.6549, tokens/sec: 29558.51 ± 3452.49, tokens seen: 275906560, grad norm: 0.5056
[iter 4220]loss: 3.6625, tokens/sec: 29561.90 ± 3449.10, tokens seen: 276561920, grad norm: 0.5528
[iter 4230]loss: 3.5239, tokens/sec: 29565.25 ± 3445.71, tokens seen: 277217280, grad norm: 0.5355
[iter 4240]loss: 3.6278, tokens/sec: 29568.61 ± 3442.34, tokens seen: 277872640, grad norm: 0.5986
[iter 4250]loss: 3.6676, tokens/sec: 29571.94 ± 3438.97, tokens seen: 278528000, grad norm: 0.5258
[iter 4260]loss: 3.6243, tokens/sec: 29572.64 ± 3438.72, tokens seen: 279183360, grad norm: 0.5687
[iter 4270]loss: 3.5803, tokens/sec: 29575.96 ± 3435.38, tokens seen: 279838720, grad norm: 0.5516
[iter 4280]loss: 3.6100, tokens/sec: 29579.26 ± 3432.04, tokens seen: 280494080, grad norm: 0.5607
[iter 4290]loss: 3.7555, tokens/sec: 29582.55 ± 3428.72, tokens seen: 281149440, grad norm: 0.4889
[iter 4300]loss: 3.7332, tokens/sec: 29585.82 ± 3425.40, tokens seen: 281804800, grad norm: 0.5580
[iter 4310]loss: 3.8595, tokens/sec: 29589.03 ± 3422.07, tokens seen: 282460160, grad norm: 0.5571
[iter 4320]loss: 3.3189, tokens/sec: 29592.24 ± 3418.76, tokens seen: 283115520, grad norm: 0.5071
[iter 4330]loss: 3.6091, tokens/sec: 29595.46 ± 3415.47, tokens seen: 283770880, grad norm: 0.5286
[iter 4340]loss: 3.5830, tokens/sec: 29598.67 ± 3412.18, tokens seen: 284426240, grad norm: 0.5048
[iter 4350]loss: 3.5908, tokens/sec: 29601.68 ± 3408.85, tokens seen: 285081600, grad norm: 0.6322
[iter 4360]loss: 3.7803, tokens/sec: 29604.84 ± 3405.57, tokens seen: 285736960, grad norm: 0.5472
[iter 4370]loss: 3.8075, tokens/sec: 29607.94 ± 3402.29, tokens seen: 286392320, grad norm: 0.4844
[iter 4380]loss: 3.9475, tokens/sec: 29611.08 ± 3399.04, tokens seen: 287047680, grad norm: 0.5745
[iter 4390]loss: 3.6743, tokens/sec: 29614.19 ± 3395.80, tokens seen: 287703040, grad norm: 0.5210
[iter 4400]loss: 3.8858, tokens/sec: 29617.29 ± 3392.56, tokens seen: 288358400, grad norm: 0.5129
[iter 4410]loss: 3.6458, tokens/sec: 29620.41 ± 3389.34, tokens seen: 289013760, grad norm: 0.4940
[iter 4420]loss: 3.6948, tokens/sec: 29623.51 ± 3386.13, tokens seen: 289669120, grad norm: 0.5319
[iter 4430]loss: 3.7130, tokens/sec: 29626.57 ± 3382.92, tokens seen: 290324480, grad norm: 0.5060
[iter 4440]loss: 3.6743, tokens/sec: 29629.64 ± 3379.73, tokens seen: 290979840, grad norm: 0.5156
[iter 4450]loss: 3.8160, tokens/sec: 29632.69 ± 3376.54, tokens seen: 291635200, grad norm: 0.5166
[iter 4460]loss: 3.6216, tokens/sec: 29635.72 ± 3373.36, tokens seen: 292290560, grad norm: 0.5495
[iter 4470]loss: 3.6338, tokens/sec: 29638.74 ± 3370.19, tokens seen: 292945920, grad norm: 0.5680
[iter 4480]loss: 3.6220, tokens/sec: 29641.76 ± 3367.03, tokens seen: 293601280, grad norm: 0.5229
[iter 4490]loss: 3.4173, tokens/sec: 29644.74 ± 3363.87, tokens seen: 294256640, grad norm: 0.5306
[step 4500]train loss: 3.6431, val loss: 3.6625, (avg train loss: 0.9178 ± 0.0373), (avg grad norm: 0.5449 ± 0.0457)
saving checkpoint to ./out-owt-large-mhc-lora-residual-midnorm-inbeta-bs8-20000step
[iter 4500]loss: 3.9349, tokens/sec: 29647.66 ± 3360.71, tokens seen: 294912000, grad norm: 0.5782
[iter 4510]loss: 3.7935, tokens/sec: 29650.64 ± 3357.58, tokens seen: 295567360, grad norm: 0.5036
[iter 4520]loss: 3.5347, tokens/sec: 29653.62 ± 3354.45, tokens seen: 296222720, grad norm: 0.5508
[iter 4530]loss: 3.6542, tokens/sec: 29656.55 ± 3351.33, tokens seen: 296878080, grad norm: 0.5345
[iter 4540]loss: 3.7278, tokens/sec: 29659.39 ± 3348.19, tokens seen: 297533440, grad norm: 0.5429
[iter 4550]loss: 3.9008, tokens/sec: 29662.30 ± 3345.08, tokens seen: 298188800, grad norm: 0.5630
[iter 4560]loss: 3.7214, tokens/sec: 29665.19 ± 3341.98, tokens seen: 298844160, grad norm: 0.5203
[iter 4570]loss: 3.3817, tokens/sec: 29668.08 ± 3338.89, tokens seen: 299499520, grad norm: 0.5254
[iter 4580]loss: 3.7074, tokens/sec: 29670.97 ± 3335.82, tokens seen: 300154880, grad norm: 0.5205
[iter 4590]loss: 3.6119, tokens/sec: 29673.84 ± 3332.75, tokens seen: 300810240, grad norm: 0.5351
[iter 4600]loss: 3.6717, tokens/sec: 29676.67 ± 3329.68, tokens seen: 301465600, grad norm: 0.5114
[iter 4610]loss: 3.5254, tokens/sec: 29679.50 ± 3326.62, tokens seen: 302120960, grad norm: 0.5640
[iter 4620]loss: 3.7305, tokens/sec: 29682.34 ± 3323.58, tokens seen: 302776320, grad norm: 0.5903
[iter 4630]loss: 3.4224, tokens/sec: 29685.14 ± 3320.54, tokens seen: 303431680, grad norm: 0.5565
[iter 4640]loss: 3.7917, tokens/sec: 29687.93 ± 3317.50, tokens seen: 304087040, grad norm: 0.5579
[iter 4650]loss: 3.7139, tokens/sec: 29690.68 ± 3314.46, tokens seen: 304742400, grad norm: 0.5253
[iter 4660]loss: 3.7336, tokens/sec: 29693.45 ± 3311.44, tokens seen: 305397760, grad norm: 0.5610
[iter 4670]loss: 3.6187, tokens/sec: 29696.20 ± 3308.43, tokens seen: 306053120, grad norm: 0.5381
[iter 4680]loss: 3.7552, tokens/sec: 29698.96 ± 3305.43, tokens seen: 306708480, grad norm: 0.5205
[iter 4690]loss: 3.6061, tokens/sec: 29701.68 ± 3302.43, tokens seen: 307363840, grad norm: 0.5146
[iter 4700]loss: 3.5533, tokens/sec: 29704.42 ± 3299.45, tokens seen: 308019200, grad norm: 0.5492
[iter 4710]loss: 3.6998, tokens/sec: 29707.15 ± 3296.48, tokens seen: 308674560, grad norm: 0.5392
[iter 4720]loss: 3.6245, tokens/sec: 29709.87 ± 3293.51, tokens seen: 309329920, grad norm: 0.5523
[iter 4730]loss: 3.7544, tokens/sec: 29712.55 ± 3290.55, tokens seen: 309985280, grad norm: 0.5013
[iter 4740]loss: 3.7706, tokens/sec: 29715.21 ± 3287.58, tokens seen: 310640640, grad norm: 0.5115
[iter 4750]loss: 3.8247, tokens/sec: 29717.85 ± 3284.63, tokens seen: 311296000, grad norm: 0.6258
[iter 4760]loss: 3.9061, tokens/sec: 29720.52 ± 3281.69, tokens seen: 311951360, grad norm: 0.5947
[iter 4770]loss: 3.5360, tokens/sec: 29723.18 ± 3278.76, tokens seen: 312606720, grad norm: 0.6019
[iter 4780]loss: 3.7881, tokens/sec: 29725.82 ± 3275.84, tokens seen: 313262080, grad norm: 0.5795
[iter 4790]loss: 3.7839, tokens/sec: 29728.45 ± 3272.93, tokens seen: 313917440, grad norm: 0.5011
[iter 4800]loss: 3.6781, tokens/sec: 29731.04 ± 3270.01, tokens seen: 314572800, grad norm: 0.5555
[iter 4810]loss: 3.5193, tokens/sec: 29733.66 ± 3267.11, tokens seen: 315228160, grad norm: 0.5226
[iter 4820]loss: 3.4678, tokens/sec: 29736.20 ± 3264.20, tokens seen: 315883520, grad norm: 0.6233
[iter 4830]loss: 3.5292, tokens/sec: 29738.79 ± 3261.31, tokens seen: 316538880, grad norm: 0.6071
[iter 4840]loss: 3.6566, tokens/sec: 29741.37 ± 3258.43, tokens seen: 317194240, grad norm: 0.6165
[iter 4850]loss: 3.6528, tokens/sec: 29743.94 ± 3255.57, tokens seen: 317849600, grad norm: 0.4882
[iter 4860]loss: 3.7020, tokens/sec: 29746.49 ± 3252.70, tokens seen: 318504960, grad norm: 0.5066
[iter 4870]loss: 3.7295, tokens/sec: 29749.03 ± 3249.84, tokens seen: 319160320, grad norm: 0.6004
[iter 4880]loss: 3.5709, tokens/sec: 29751.57 ± 3247.00, tokens seen: 319815680, grad norm: 0.6115
[iter 4890]loss: 3.5812, tokens/sec: 29754.07 ± 3244.14, tokens seen: 320471040, grad norm: 0.5306
[iter 4900]loss: 3.5579, tokens/sec: 29756.58 ± 3241.31, tokens seen: 321126400, grad norm: 0.5280
[iter 4910]loss: 3.5484, tokens/sec: 29759.07 ± 3238.48, tokens seen: 321781760, grad norm: 0.5394
[iter 4920]loss: 3.4674, tokens/sec: 29761.54 ± 3235.65, tokens seen: 322437120, grad norm: 0.5780
[iter 4930]loss: 3.7442, tokens/sec: 29761.93 ± 3235.39, tokens seen: 323092480, grad norm: 0.5264
[iter 4940]loss: 3.4513, tokens/sec: 29764.41 ± 3232.58, tokens seen: 323747840, grad norm: 0.5685
[iter 4950]loss: 3.7625, tokens/sec: 29766.83 ± 3229.76, tokens seen: 324403200, grad norm: 0.5041
[iter 4960]loss: 3.5706, tokens/sec: 29769.15 ± 3226.92, tokens seen: 325058560, grad norm: 0.5109
[iter 4970]loss: 3.5933, tokens/sec: 29771.60 ± 3224.14, tokens seen: 325713920, grad norm: 0.5155
[iter 4980]loss: 3.6435, tokens/sec: 29774.01 ± 3221.35, tokens seen: 326369280, grad norm: 0.5532
[iter 4990]loss: 3.5839, tokens/sec: 29776.45 ± 3218.58, tokens seen: 327024640, grad norm: 0.5740
[step 5000]train loss: 3.5962, val loss: 3.6282, (avg train loss: 0.9043 ± 0.0367), (avg grad norm: 0.5394 ± 0.0447)
saving checkpoint to ./out-owt-large-mhc-lora-residual-midnorm-inbeta-bs8-20000step
[iter 5000]loss: 3.7145, tokens/sec: 29778.86 ± 3215.81, tokens seen: 327680000, grad norm: 0.5449
[iter 5010]loss: 3.6681, tokens/sec: 29781.27 ± 3213.06, tokens seen: 328335360, grad norm: 0.6007
[iter 5020]loss: 3.6179, tokens/sec: 29783.62 ± 3210.28, tokens seen: 328990720, grad norm: 0.6194
[iter 5030]loss: 3.6788, tokens/sec: 29785.97 ± 3207.52, tokens seen: 329646080, grad norm: 0.5798
[iter 5040]loss: 3.4020, tokens/sec: 29788.27 ± 3204.76, tokens seen: 330301440, grad norm: 0.5459
[iter 5050]loss: 3.6953, tokens/sec: 29790.63 ± 3202.02, tokens seen: 330956800, grad norm: 0.5173
[iter 5060]loss: 3.8555, tokens/sec: 29792.96 ± 3199.29, tokens seen: 331612160, grad norm: 0.5550
[iter 5070]loss: 3.6480, tokens/sec: 29795.29 ± 3196.56, tokens seen: 332267520, grad norm: 0.5424
[iter 5080]loss: 3.5144, tokens/sec: 29797.63 ± 3193.85, tokens seen: 332922880, grad norm: 0.5883
[iter 5090]loss: 3.6592, tokens/sec: 29799.96 ± 3191.14, tokens seen: 333578240, grad norm: 0.5144
[iter 5100]loss: 3.4915, tokens/sec: 29802.27 ± 3188.44, tokens seen: 334233600, grad norm: 0.7037
[iter 5110]loss: 3.7945, tokens/sec: 29804.59 ± 3185.75, tokens seen: 334888960, grad norm: 0.5183
[iter 5120]loss: 3.8393, tokens/sec: 29806.89 ± 3183.06, tokens seen: 335544320, grad norm: 0.5864
[iter 5130]loss: 3.5846, tokens/sec: 29809.18 ± 3180.38, tokens seen: 336199680, grad norm: 0.5995
[iter 5140]loss: 3.2296, tokens/sec: 29811.45 ± 3177.70, tokens seen: 336855040, grad norm: 0.5736
[iter 5150]loss: 3.4981, tokens/sec: 29813.73 ± 3175.04, tokens seen: 337510400, grad norm: 0.5295
[iter 5160]loss: 3.6478, tokens/sec: 29815.98 ± 3172.37, tokens seen: 338165760, grad norm: 0.6082
[iter 5170]loss: 3.5647, tokens/sec: 29818.21 ± 3169.71, tokens seen: 338821120, grad norm: 0.5025
[iter 5180]loss: 3.6256, tokens/sec: 29820.46 ± 3167.06, tokens seen: 339476480, grad norm: 0.5510
[iter 5190]loss: 3.4296, tokens/sec: 29822.70 ± 3164.42, tokens seen: 340131840, grad norm: 0.5828
[iter 5200]loss: 3.5473, tokens/sec: 29824.93 ± 3161.78, tokens seen: 340787200, grad norm: 0.5346
[iter 5210]loss: 3.4833, tokens/sec: 29827.14 ± 3159.15, tokens seen: 341442560, grad norm: 0.5555
[iter 5220]loss: 3.6996, tokens/sec: 29827.11 ± 3159.54, tokens seen: 342097920, grad norm: 0.5364
[iter 5230]loss: 3.9072, tokens/sec: 29829.32 ± 3156.92, tokens seen: 342753280, grad norm: 0.5005
[iter 5240]loss: 3.5932, tokens/sec: 29831.51 ± 3154.31, tokens seen: 343408640, grad norm: 0.5096
[iter 5250]loss: 3.5470, tokens/sec: 29833.70 ± 3151.70, tokens seen: 344064000, grad norm: 0.6034
[iter 5260]loss: 3.6809, tokens/sec: 29835.88 ± 3149.10, tokens seen: 344719360, grad norm: 0.5227
[iter 5270]loss: 3.5466, tokens/sec: 29838.06 ± 3146.51, tokens seen: 345374720, grad norm: 0.5092
[iter 5280]loss: 3.5476, tokens/sec: 29840.21 ± 3143.91, tokens seen: 346030080, grad norm: 0.5516
[iter 5290]loss: 3.4856, tokens/sec: 29842.36 ± 3141.33, tokens seen: 346685440, grad norm: 0.6315
[iter 5300]loss: 3.5821, tokens/sec: 29844.48 ± 3138.75, tokens seen: 347340800, grad norm: 0.5693
[iter 5310]loss: 3.3895, tokens/sec: 29846.54 ± 3136.15, tokens seen: 347996160, grad norm: 0.6883
[iter 5320]loss: 3.5006, tokens/sec: 29848.68 ± 3133.59, tokens seen: 348651520, grad norm: 0.5431
[iter 5330]loss: 3.4455, tokens/sec: 29850.81 ± 3131.04, tokens seen: 349306880, grad norm: 0.4976
[iter 5340]loss: 3.5464, tokens/sec: 29852.93 ± 3128.49, tokens seen: 349962240, grad norm: 0.5131
[iter 5350]loss: 3.7540, tokens/sec: 29855.03 ± 3125.94, tokens seen: 350617600, grad norm: 0.5343
[iter 5360]loss: 3.6044, tokens/sec: 29857.13 ± 3123.40, tokens seen: 351272960, grad norm: 0.6786
[iter 5370]loss: 3.5544, tokens/sec: 29859.22 ± 3120.87, tokens seen: 351928320, grad norm: 0.5446
[iter 5380]loss: 3.7546, tokens/sec: 29861.26 ± 3118.32, tokens seen: 352583680, grad norm: 0.5092
[iter 5390]loss: 3.5991, tokens/sec: 29863.29 ± 3115.79, tokens seen: 353239040, grad norm: 0.4975
[iter 5400]loss: 3.4734, tokens/sec: 29865.34 ± 3113.27, tokens seen: 353894400, grad norm: 0.5424
[iter 5410]loss: 3.5220, tokens/sec: 29867.42 ± 3110.76, tokens seen: 354549760, grad norm: 0.5407
[iter 5420]loss: 3.7757, tokens/sec: 29869.47 ± 3108.26, tokens seen: 355205120, grad norm: 0.5361
[iter 5430]loss: 3.6658, tokens/sec: 29871.52 ± 3105.76, tokens seen: 355860480, grad norm: 0.5107
[iter 5440]loss: 3.6290, tokens/sec: 29873.56 ± 3103.27, tokens seen: 356515840, grad norm: 0.5438
[iter 5450]loss: 3.4864, tokens/sec: 29875.55 ± 3100.77, tokens seen: 357171200, grad norm: 0.4772
[iter 5460]loss: 3.6624, tokens/sec: 29877.51 ± 3098.27, tokens seen: 357826560, grad norm: 0.5157
[iter 5470]loss: 3.5220, tokens/sec: 29878.83 ± 3095.85, tokens seen: 358481920, grad norm: 0.5345
[iter 5480]loss: 3.5756, tokens/sec: 29880.78 ± 3093.37, tokens seen: 359137280, grad norm: 0.4955
[iter 5490]loss: 3.3475, tokens/sec: 29882.78 ± 3090.90, tokens seen: 359792640, grad norm: 0.5807
[step 5500]train loss: 3.5842, val loss: 3.5847, (avg train loss: 0.8939 ± 0.0350), (avg grad norm: 0.5364 ± 0.0437)
saving checkpoint to ./out-owt-large-mhc-lora-residual-midnorm-inbeta-bs8-20000step
[iter 5500]loss: 3.4295, tokens/sec: 29884.78 ± 3088.45, tokens seen: 360448000, grad norm: 0.5843
[iter 5510]loss: 3.5306, tokens/sec: 29886.73 ± 3085.99, tokens seen: 361103360, grad norm: 0.5597
[iter 5520]loss: 3.3661, tokens/sec: 29888.71 ± 3083.54, tokens seen: 361758720, grad norm: 0.5197
[iter 5530]loss: 3.5071, tokens/sec: 29890.69 ± 3081.10, tokens seen: 362414080, grad norm: 0.5426
[iter 5540]loss: 3.5971, tokens/sec: 29892.47 ± 3078.64, tokens seen: 363069440, grad norm: 0.5146
[iter 5550]loss: 3.5824, tokens/sec: 29894.31 ± 3076.18, tokens seen: 363724800, grad norm: 0.5424
[iter 5560]loss: 3.5703, tokens/sec: 29896.20 ± 3073.74, tokens seen: 364380160, grad norm: 0.5091
[iter 5570]loss: 3.7083, tokens/sec: 29898.14 ± 3071.32, tokens seen: 365035520, grad norm: 0.4624
[iter 5580]loss: 3.5672, tokens/sec: 29900.05 ± 3068.89, tokens seen: 365690880, grad norm: 0.4878
[iter 5590]loss: 3.4584, tokens/sec: 29901.95 ± 3066.48, tokens seen: 366346240, grad norm: 0.5122
[iter 5600]loss: 3.7183, tokens/sec: 29903.87 ± 3064.07, tokens seen: 367001600, grad norm: 0.4928
[iter 5610]loss: 3.2577, tokens/sec: 29905.76 ± 3061.67, tokens seen: 367656960, grad norm: 0.5096
[iter 5620]loss: 3.6296, tokens/sec: 29907.67 ± 3059.28, tokens seen: 368312320, grad norm: 0.6050
[iter 5630]loss: 3.3980, tokens/sec: 29909.56 ± 3056.89, tokens seen: 368967680, grad norm: 0.5497
[iter 5640]loss: 3.6837, tokens/sec: 29911.45 ± 3054.51, tokens seen: 369623040, grad norm: 0.5279
[iter 5650]loss: 3.6582, tokens/sec: 29913.33 ± 3052.13, tokens seen: 370278400, grad norm: 0.5859
[iter 5660]loss: 3.6924, tokens/sec: 29915.20 ± 3049.76, tokens seen: 370933760, grad norm: 0.5148
[iter 5670]loss: 3.4890, tokens/sec: 29917.07 ± 3047.40, tokens seen: 371589120, grad norm: 0.5619
[iter 5680]loss: 3.5080, tokens/sec: 29918.95 ± 3045.04, tokens seen: 372244480, grad norm: 0.5034
[iter 5690]loss: 3.5593, tokens/sec: 29920.80 ± 3042.68, tokens seen: 372899840, grad norm: 0.6511
[iter 5700]loss: 3.6078, tokens/sec: 29920.86 ± 3042.76, tokens seen: 373555200, grad norm: 0.5406
[iter 5710]loss: 3.5843, tokens/sec: 29922.71 ± 3040.42, tokens seen: 374210560, grad norm: 0.5770
[iter 5720]loss: 3.4065, tokens/sec: 29924.50 ± 3038.06, tokens seen: 374865920, grad norm: 0.5068
[iter 5730]loss: 3.4429, tokens/sec: 29926.15 ± 3035.68, tokens seen: 375521280, grad norm: 0.5294
[iter 5740]loss: 3.5344, tokens/sec: 29927.89 ± 3033.33, tokens seen: 376176640, grad norm: 0.6565
[iter 5750]loss: 3.4755, tokens/sec: 29929.71 ± 3031.00, tokens seen: 376832000, grad norm: 0.6089
[iter 5760]loss: 3.6679, tokens/sec: 29931.54 ± 3028.69, tokens seen: 377487360, grad norm: 0.5548
[iter 5770]loss: 3.4689, tokens/sec: 29933.36 ± 3026.38, tokens seen: 378142720, grad norm: 0.5687
[iter 5780]loss: 3.6595, tokens/sec: 29935.16 ± 3024.07, tokens seen: 378798080, grad norm: 0.5280
[iter 5790]loss: 3.6950, tokens/sec: 29936.78 ± 3021.72, tokens seen: 379453440, grad norm: 0.5246
[iter 5800]loss: 3.9459, tokens/sec: 29938.57 ± 3019.42, tokens seen: 380108800, grad norm: 0.5593
[iter 5810]loss: 3.2959, tokens/sec: 29940.36 ± 3017.13, tokens seen: 380764160, grad norm: 0.5719
[iter 5820]loss: 3.3095, tokens/sec: 29942.13 ± 3014.84, tokens seen: 381419520, grad norm: 0.6020
[iter 5830]loss: 3.5448, tokens/sec: 29943.83 ± 3012.53, tokens seen: 382074880, grad norm: 0.5420
[iter 5840]loss: 3.5466, tokens/sec: 29945.60 ± 3010.26, tokens seen: 382730240, grad norm: 0.4865
[iter 5850]loss: 3.5412, tokens/sec: 29947.37 ± 3007.99, tokens seen: 383385600, grad norm: 0.5674
[iter 5860]loss: 3.6661, tokens/sec: 29949.08 ± 3005.71, tokens seen: 384040960, grad norm: 0.5620
[iter 5870]loss: 3.5492, tokens/sec: 29950.84 ± 3003.45, tokens seen: 384696320, grad norm: 0.5693
[iter 5880]loss: 3.7407, tokens/sec: 29952.59 ± 3001.19, tokens seen: 385351680, grad norm: 0.5445
[iter 5890]loss: 3.5766, tokens/sec: 29954.23 ± 2998.92, tokens seen: 386007040, grad norm: 0.5658
[iter 5900]loss: 3.7023, tokens/sec: 29955.98 ± 2996.68, tokens seen: 386662400, grad norm: 0.5115
[iter 5910]loss: 3.6781, tokens/sec: 29957.70 ± 2994.43, tokens seen: 387317760, grad norm: 0.5833
[iter 5920]loss: 3.7434, tokens/sec: 29959.43 ± 2992.20, tokens seen: 387973120, grad norm: 0.5275
[iter 5930]loss: 3.5676, tokens/sec: 29961.16 ± 2989.97, tokens seen: 388628480, grad norm: 0.5794
[iter 5940]loss: 3.5493, tokens/sec: 29962.89 ± 2987.75, tokens seen: 389283840, grad norm: 0.5184
[iter 5950]loss: 3.4737, tokens/sec: 29964.16 ± 2985.45, tokens seen: 389939200, grad norm: 0.5051
[iter 5960]loss: 3.5782, tokens/sec: 29965.86 ± 2983.24, tokens seen: 390594560, grad norm: 0.5669
[iter 5970]loss: 3.6335, tokens/sec: 29967.50 ± 2981.01, tokens seen: 391249920, grad norm: 0.6437
[iter 5980]loss: 3.4509, tokens/sec: 29969.20 ± 2978.81, tokens seen: 391905280, grad norm: 0.4974
[iter 5990]loss: 3.6517, tokens/sec: 29970.82 ± 2976.59, tokens seen: 392560640, grad norm: 0.5158
[step 6000]train loss: 3.5296, val loss: 3.5515, (avg train loss: 0.8856 ± 0.0335), (avg grad norm: 0.5445 ± 0.0420)
saving checkpoint to ./out-owt-large-mhc-lora-residual-midnorm-inbeta-bs8-20000step
[iter 6000]loss: 3.4298, tokens/sec: 29972.50 ± 2974.39, tokens seen: 393216000, grad norm: 0.5385
[iter 6010]loss: 3.6518, tokens/sec: 29974.15 ± 2972.19, tokens seen: 393871360, grad norm: 0.5217
[iter 6020]loss: 3.4225, tokens/sec: 29975.33 ± 2970.03, tokens seen: 394526720, grad norm: 0.5029
[iter 6030]loss: 3.5130, tokens/sec: 29976.98 ± 2967.85, tokens seen: 395182080, grad norm: 0.5507
[iter 6040]loss: 3.3195, tokens/sec: 29978.66 ± 2965.67, tokens seen: 395837440, grad norm: 0.5382
[iter 6050]loss: 3.6887, tokens/sec: 29980.31 ± 2963.50, tokens seen: 396492800, grad norm: 0.5596
[iter 6060]loss: 3.5951, tokens/sec: 29981.98 ± 2961.34, tokens seen: 397148160, grad norm: 0.5785
[iter 6070]loss: 3.3913, tokens/sec: 29983.61 ± 2959.17, tokens seen: 397803520, grad norm: 0.5921
[iter 6080]loss: 3.7320, tokens/sec: 29985.24 ± 2957.01, tokens seen: 398458880, grad norm: 0.5308
[iter 6090]loss: 3.5013, tokens/sec: 29986.87 ± 2954.86, tokens seen: 399114240, grad norm: 0.5456
[iter 6100]loss: 3.3263, tokens/sec: 29988.48 ± 2952.70, tokens seen: 399769600, grad norm: 0.5431
[iter 6110]loss: 3.7776, tokens/sec: 29990.08 ± 2950.55, tokens seen: 400424960, grad norm: 0.5451
[iter 6120]loss: 3.5925, tokens/sec: 29991.67 ± 2948.40, tokens seen: 401080320, grad norm: 0.4859
[iter 6130]loss: 3.4982, tokens/sec: 29993.28 ± 2946.26, tokens seen: 401735680, grad norm: 0.5400
[iter 6140]loss: 3.7472, tokens/sec: 29994.88 ± 2944.13, tokens seen: 402391040, grad norm: 0.5325
[iter 6150]loss: 3.5163, tokens/sec: 29996.49 ± 2942.01, tokens seen: 403046400, grad norm: 0.4826
[iter 6160]loss: 3.4280, tokens/sec: 29998.03 ± 2939.87, tokens seen: 403701760, grad norm: 0.7461
[iter 6170]loss: 3.5560, tokens/sec: 29999.59 ± 2937.74, tokens seen: 404357120, grad norm: 0.5086
[iter 6180]loss: 3.4434, tokens/sec: 30001.10 ± 2935.60, tokens seen: 405012480, grad norm: 0.4994
[iter 6190]loss: 3.4969, tokens/sec: 30000.77 ± 2936.46, tokens seen: 405667840, grad norm: 0.5322
[iter 6200]loss: 3.5711, tokens/sec: 30002.32 ± 2934.35, tokens seen: 406323200, grad norm: 0.5315
[iter 6210]loss: 3.4252, tokens/sec: 30003.88 ± 2932.24, tokens seen: 406978560, grad norm: 0.5165
[iter 6220]loss: 3.6391, tokens/sec: 30005.45 ± 2930.14, tokens seen: 407633920, grad norm: 0.5537
[iter 6230]loss: 3.6011, tokens/sec: 30007.01 ± 2928.05, tokens seen: 408289280, grad norm: 0.5330
[iter 6240]loss: 3.6479, tokens/sec: 30008.56 ± 2925.96, tokens seen: 408944640, grad norm: 0.5048
[iter 6250]loss: 3.6085, tokens/sec: 30010.14 ± 2923.88, tokens seen: 409600000, grad norm: 0.5844
[iter 6260]loss: 3.5145, tokens/sec: 30011.67 ± 2921.80, tokens seen: 410255360, grad norm: 0.5507
[iter 6270]loss: 3.6702, tokens/sec: 30012.91 ± 2919.71, tokens seen: 410910720, grad norm: 0.6487
[iter 6280]loss: 3.5571, tokens/sec: 30014.45 ± 2917.63, tokens seen: 411566080, grad norm: 0.5313
[iter 6290]loss: 3.5778, tokens/sec: 30015.96 ± 2915.56, tokens seen: 412221440, grad norm: 0.5278
[iter 6300]loss: 3.4978, tokens/sec: 30017.47 ± 2913.49, tokens seen: 412876800, grad norm: 0.5529
[iter 6310]loss: 3.5703, tokens/sec: 30018.99 ± 2911.44, tokens seen: 413532160, grad norm: 0.5280
[iter 6320]loss: 3.6592, tokens/sec: 30020.48 ± 2909.37, tokens seen: 414187520, grad norm: 0.5218
[iter 6330]loss: 3.3340, tokens/sec: 30022.00 ± 2907.32, tokens seen: 414842880, grad norm: 0.5338
[iter 6340]loss: 3.2163, tokens/sec: 30023.50 ± 2905.28, tokens seen: 415498240, grad norm: 0.5229
[iter 6350]loss: 3.3262, tokens/sec: 30025.01 ± 2903.24, tokens seen: 416153600, grad norm: 0.5338
[iter 6360]loss: 3.3386, tokens/sec: 30026.51 ± 2901.20, tokens seen: 416808960, grad norm: 0.5744
[iter 6370]loss: 3.4855, tokens/sec: 30027.99 ± 2899.16, tokens seen: 417464320, grad norm: 0.5964
[iter 6380]loss: 3.4654, tokens/sec: 30029.50 ± 2897.14, tokens seen: 418119680, grad norm: 0.5267
[iter 6390]loss: 3.5654, tokens/sec: 30030.99 ± 2895.12, tokens seen: 418775040, grad norm: 0.7125
[iter 6400]loss: 3.3389, tokens/sec: 30032.49 ± 2893.11, tokens seen: 419430400, grad norm: 0.5323
[iter 6410]loss: 3.6031, tokens/sec: 30033.97 ± 2891.09, tokens seen: 420085760, grad norm: 0.5825
[iter 6420]loss: 3.2952, tokens/sec: 30035.47 ± 2889.09, tokens seen: 420741120, grad norm: 0.5743
[iter 6430]loss: 3.6005, tokens/sec: 30036.63 ± 2887.09, tokens seen: 421396480, grad norm: 0.5376
[iter 6440]loss: 3.4721, tokens/sec: 30038.09 ± 2885.09, tokens seen: 422051840, grad norm: 0.7242
[iter 6450]loss: 3.5295, tokens/sec: 30039.57 ± 2883.10, tokens seen: 422707200, grad norm: 0.4959
[iter 6460]loss: 3.5147, tokens/sec: 30041.04 ± 2881.11, tokens seen: 423362560, grad norm: 0.6484
[iter 6470]loss: 3.6375, tokens/sec: 30042.50 ± 2879.12, tokens seen: 424017920, grad norm: 0.5199
[iter 6480]loss: 3.3854, tokens/sec: 30042.35 ± 2879.54, tokens seen: 424673280, grad norm: 0.5958
[iter 6490]loss: 3.6954, tokens/sec: 30043.79 ± 2877.56, tokens seen: 425328640, grad norm: 0.5142
[step 6500]train loss: 3.5061, val loss: 3.5000, (avg train loss: 0.8758 ± 0.0394), (avg grad norm: 0.5632 ± 0.0937)
saving checkpoint to ./out-owt-large-mhc-lora-residual-midnorm-inbeta-bs8-20000step
[iter 6500]loss: 3.4887, tokens/sec: 30045.23 ± 2875.58, tokens seen: 425984000, grad norm: 0.5912
[iter 6510]loss: 3.6907, tokens/sec: 30046.68 ± 2873.61, tokens seen: 426639360, grad norm: 0.4896
[iter 6520]loss: 3.8135, tokens/sec: 30048.13 ± 2871.64, tokens seen: 427294720, grad norm: 0.5072
[iter 6530]loss: 3.5895, tokens/sec: 30049.56 ± 2869.67, tokens seen: 427950080, grad norm: 0.5249
[iter 6540]loss: 3.6229, tokens/sec: 30050.95 ± 2867.70, tokens seen: 428605440, grad norm: 0.5877
[iter 6550]loss: 3.6595, tokens/sec: 30052.38 ± 2865.74, tokens seen: 429260800, grad norm: 0.5678
[iter 6560]loss: 3.5036, tokens/sec: 30053.81 ± 2863.79, tokens seen: 429916160, grad norm: 0.5421
[iter 6570]loss: 3.1390, tokens/sec: 30055.22 ± 2861.84, tokens seen: 430571520, grad norm: 0.4965
[iter 6580]loss: 3.6746, tokens/sec: 30056.62 ± 2859.89, tokens seen: 431226880, grad norm: 0.6502
[iter 6590]loss: 3.4643, tokens/sec: 30058.01 ± 2857.95, tokens seen: 431882240, grad norm: 0.5107
[iter 6600]loss: 3.5844, tokens/sec: 30059.41 ± 2856.00, tokens seen: 432537600, grad norm: 0.5906
[iter 6610]loss: 3.6454, tokens/sec: 30060.80 ± 2854.07, tokens seen: 433192960, grad norm: 0.5098
[iter 6620]loss: 3.1942, tokens/sec: 30062.21 ± 2852.14, tokens seen: 433848320, grad norm: 0.5458
[iter 6630]loss: 3.4871, tokens/sec: 30063.58 ± 2850.21, tokens seen: 434503680, grad norm: 0.5238
[iter 6640]loss: 3.5825, tokens/sec: 30064.93 ± 2848.28, tokens seen: 435159040, grad norm: 0.6037
[iter 6650]loss: 3.2238, tokens/sec: 30066.30 ± 2846.35, tokens seen: 435814400, grad norm: 0.5189
[iter 6660]loss: 3.6396, tokens/sec: 30067.67 ± 2844.43, tokens seen: 436469760, grad norm: 0.5341
[iter 6670]loss: 3.4607, tokens/sec: 30069.03 ± 2842.52, tokens seen: 437125120, grad norm: 0.5219
[iter 6680]loss: 3.6754, tokens/sec: 30070.37 ± 2840.60, tokens seen: 437780480, grad norm: 0.5383
[iter 6690]loss: 3.5309, tokens/sec: 30071.53 ± 2838.66, tokens seen: 438435840, grad norm: 0.5733
[iter 6700]loss: 3.5640, tokens/sec: 30072.88 ± 2836.75, tokens seen: 439091200, grad norm: 0.5803
[iter 6710]loss: 3.4906, tokens/sec: 30074.05 ± 2834.82, tokens seen: 439746560, grad norm: 0.5490
[iter 6720]loss: 3.6144, tokens/sec: 30075.26 ± 2832.89, tokens seen: 440401920, grad norm: 0.5686
[iter 6730]loss: 3.5687, tokens/sec: 30076.60 ± 2831.00, tokens seen: 441057280, grad norm: 0.5122
[iter 6740]loss: 3.6422, tokens/sec: 30077.95 ± 2829.12, tokens seen: 441712640, grad norm: 0.5561
[iter 6750]loss: 3.6573, tokens/sec: 30079.28 ± 2827.23, tokens seen: 442368000, grad norm: 0.5012
[iter 6760]loss: 3.6079, tokens/sec: 30080.61 ± 2825.35, tokens seen: 443023360, grad norm: 0.5442
[iter 6770]loss: 3.5062, tokens/sec: 30081.86 ± 2823.46, tokens seen: 443678720, grad norm: 0.5914
[iter 6780]loss: 3.3328, tokens/sec: 30083.09 ± 2821.56, tokens seen: 444334080, grad norm: 0.5615
[iter 6790]loss: 3.4358, tokens/sec: 30084.40 ± 2819.69, tokens seen: 444989440, grad norm: 0.4959
[iter 6800]loss: 3.5952, tokens/sec: 30085.73 ± 2817.83, tokens seen: 445644800, grad norm: 0.5596
[iter 6810]loss: 3.3266, tokens/sec: 30087.06 ± 2815.97, tokens seen: 446300160, grad norm: 0.6997
[iter 6820]loss: 3.3861, tokens/sec: 30088.38 ± 2814.12, tokens seen: 446955520, grad norm: 0.5020
[iter 6830]loss: 3.7277, tokens/sec: 30089.59 ± 2812.24, tokens seen: 447610880, grad norm: 0.5160
[iter 6840]loss: 3.1737, tokens/sec: 30090.89 ± 2810.39, tokens seen: 448266240, grad norm: 0.5664
[iter 6850]loss: 3.6570, tokens/sec: 30092.19 ± 2808.54, tokens seen: 448921600, grad norm: 0.5525
[iter 6860]loss: 3.2286, tokens/sec: 30093.40 ± 2806.68, tokens seen: 449576960, grad norm: 0.6046
[iter 6870]loss: 3.5153, tokens/sec: 30094.67 ± 2804.83, tokens seen: 450232320, grad norm: 0.5419
[iter 6880]loss: 3.6372, tokens/sec: 30095.96 ± 2803.00, tokens seen: 450887680, grad norm: 0.5671
[iter 6890]loss: 3.7098, tokens/sec: 30097.26 ± 2801.17, tokens seen: 451543040, grad norm: 0.5297
[iter 6900]loss: 3.5977, tokens/sec: 30098.55 ± 2799.34, tokens seen: 452198400, grad norm: 0.5286
[iter 6910]loss: 3.4452, tokens/sec: 30099.83 ± 2797.52, tokens seen: 452853760, grad norm: 0.5362
[iter 6920]loss: 3.4986, tokens/sec: 30101.05 ± 2795.68, tokens seen: 453509120, grad norm: 0.5078
[iter 6930]loss: 3.5249, tokens/sec: 30102.28 ± 2793.86, tokens seen: 454164480, grad norm: 0.5716
[iter 6940]loss: 3.4680, tokens/sec: 30103.55 ± 2792.04, tokens seen: 454819840, grad norm: 0.5426
[iter 6950]loss: 3.4449, tokens/sec: 30104.82 ± 2790.24, tokens seen: 455475200, grad norm: 0.5506
[iter 6960]loss: 3.5484, tokens/sec: 30106.09 ± 2788.43, tokens seen: 456130560, grad norm: 0.5385
[iter 6970]loss: 3.3797, tokens/sec: 30107.26 ± 2786.61, tokens seen: 456785920, grad norm: 0.5499
[iter 6980]loss: 3.1503, tokens/sec: 30108.51 ± 2784.81, tokens seen: 457441280, grad norm: 0.5179
[iter 6990]loss: 3.3869, tokens/sec: 30109.77 ± 2783.01, tokens seen: 458096640, grad norm: 0.6296
[step 7000]train loss: 3.4781, val loss: 3.5030, (avg train loss: 0.8759 ± 0.0343), (avg grad norm: 0.5625 ± 0.0637)
[iter 7000]loss: 3.5020, tokens/sec: 30111.02 ± 2781.22, tokens seen: 458752000, grad norm: 0.5157
[iter 7010]loss: 3.4172, tokens/sec: 30112.28 ± 2779.44, tokens seen: 459407360, grad norm: 0.5432
[iter 7020]loss: 3.6355, tokens/sec: 30113.51 ± 2777.65, tokens seen: 460062720, grad norm: 0.5437
[iter 7030]loss: 3.5145, tokens/sec: 30114.76 ± 2775.87, tokens seen: 460718080, grad norm: 0.5183
[iter 7040]loss: 3.1440, tokens/sec: 30116.00 ± 2774.09, tokens seen: 461373440, grad norm: 0.5390
[iter 7050]loss: 3.7103, tokens/sec: 30117.23 ± 2772.32, tokens seen: 462028800, grad norm: 0.6746
[iter 7060]loss: 3.4870, tokens/sec: 30118.44 ± 2770.54, tokens seen: 462684160, grad norm: 0.5273
[iter 7070]loss: 3.5924, tokens/sec: 30119.56 ± 2768.74, tokens seen: 463339520, grad norm: 0.5234
[iter 7080]loss: 3.6244, tokens/sec: 30120.69 ± 2766.96, tokens seen: 463994880, grad norm: 0.5359
[iter 7090]loss: 3.3574, tokens/sec: 30121.89 ± 2765.19, tokens seen: 464650240, grad norm: 0.5236
[iter 7100]loss: 3.5839, tokens/sec: 30123.11 ± 2763.43, tokens seen: 465305600, grad norm: 1.2484
[iter 7110]loss: 3.5222, tokens/sec: 30124.30 ± 2761.67, tokens seen: 465960960, grad norm: 0.5314
[iter 7120]loss: 3.4592, tokens/sec: 30125.50 ± 2759.92, tokens seen: 466616320, grad norm: 0.5546
[iter 7130]loss: 3.4015, tokens/sec: 30126.71 ± 2758.17, tokens seen: 467271680, grad norm: 0.5237
[iter 7140]loss: 3.3455, tokens/sec: 30127.92 ± 2756.43, tokens seen: 467927040, grad norm: 0.5899
[iter 7150]loss: 3.3012, tokens/sec: 30129.12 ± 2754.69, tokens seen: 468582400, grad norm: 0.5547
[iter 7160]loss: 3.4258, tokens/sec: 30128.79 ± 2755.49, tokens seen: 469237760, grad norm: 0.5332
[iter 7170]loss: 3.4558, tokens/sec: 30129.97 ± 2753.75, tokens seen: 469893120, grad norm: 0.5209
[iter 7180]loss: 3.4830, tokens/sec: 30131.17 ± 2752.02, tokens seen: 470548480, grad norm: 0.5725
[iter 7190]loss: 3.5622, tokens/sec: 30132.36 ± 2750.29, tokens seen: 471203840, grad norm: 0.5750
[iter 7200]loss: 3.4986, tokens/sec: 30133.54 ± 2748.56, tokens seen: 471859200, grad norm: 0.5457
[iter 7210]loss: 3.4968, tokens/sec: 30134.69 ± 2746.83, tokens seen: 472514560, grad norm: 0.5166
[iter 7220]loss: 3.4173, tokens/sec: 30135.87 ± 2745.11, tokens seen: 473169920, grad norm: 0.5330
[iter 7230]loss: 3.2190, tokens/sec: 30137.05 ± 2743.39, tokens seen: 473825280, grad norm: 0.5647
[iter 7240]loss: 3.3368, tokens/sec: 30138.21 ± 2741.68, tokens seen: 474480640, grad norm: 0.5260
[iter 7250]loss: 3.2727, tokens/sec: 30139.36 ± 2739.96, tokens seen: 475136000, grad norm: 0.5261
[iter 7260]loss: 3.5434, tokens/sec: 30139.11 ± 2740.42, tokens seen: 475791360, grad norm: 0.6018
[iter 7270]loss: 3.5685, tokens/sec: 30140.26 ± 2738.71, tokens seen: 476446720, grad norm: 0.5570
[iter 7280]loss: 3.4558, tokens/sec: 30141.42 ± 2737.01, tokens seen: 477102080, grad norm: 0.5942
[iter 7290]loss: 3.5681, tokens/sec: 30142.56 ± 2735.30, tokens seen: 477757440, grad norm: 0.5892
[iter 7300]loss: 3.6070, tokens/sec: 30143.71 ± 2733.60, tokens seen: 478412800, grad norm: 0.5561
[iter 7310]loss: 3.5895, tokens/sec: 30144.86 ± 2731.91, tokens seen: 479068160, grad norm: 0.5816
[iter 7320]loss: 3.2079, tokens/sec: 30146.01 ± 2730.22, tokens seen: 479723520, grad norm: 0.5215
[iter 7330]loss: 3.5045, tokens/sec: 30147.15 ± 2728.53, tokens seen: 480378880, grad norm: 0.5500
[iter 7340]loss: 3.3423, tokens/sec: 30148.29 ± 2726.85, tokens seen: 481034240, grad norm: 0.5329
[iter 7350]loss: 3.2909, tokens/sec: 30149.39 ± 2725.16, tokens seen: 481689600, grad norm: 0.5271
[iter 7360]loss: 3.4370, tokens/sec: 30150.51 ± 2723.48, tokens seen: 482344960, grad norm: 0.5114
[iter 7370]loss: 3.4016, tokens/sec: 30151.66 ± 2721.80, tokens seen: 483000320, grad norm: 0.6634
[iter 7380]loss: 3.3832, tokens/sec: 30152.79 ± 2720.13, tokens seen: 483655680, grad norm: 0.5399
[iter 7390]loss: 3.4522, tokens/sec: 30153.90 ± 2718.46, tokens seen: 484311040, grad norm: 0.6207
[iter 7400]loss: 3.4241, tokens/sec: 30155.00 ± 2716.79, tokens seen: 484966400, grad norm: 0.5469
[iter 7410]loss: 3.3235, tokens/sec: 30156.11 ± 2715.12, tokens seen: 485621760, grad norm: 0.5661
[iter 7420]loss: 3.3947, tokens/sec: 30157.22 ± 2713.46, tokens seen: 486277120, grad norm: 0.5349
[iter 7430]loss: 3.4762, tokens/sec: 30158.15 ± 2711.78, tokens seen: 486932480, grad norm: 0.5090
[iter 7440]loss: 3.4930, tokens/sec: 30159.27 ± 2710.12, tokens seen: 487587840, grad norm: 0.5470
[iter 7450]loss: 3.4363, tokens/sec: 30160.37 ± 2708.47, tokens seen: 488243200, grad norm: 0.5548
[iter 7460]loss: 3.5212, tokens/sec: 30161.49 ± 2706.83, tokens seen: 488898560, grad norm: 0.6244
[iter 7470]loss: 3.4453, tokens/sec: 30162.59 ± 2705.18, tokens seen: 489553920, grad norm: 0.5636
[iter 7480]loss: 3.5148, tokens/sec: 30163.70 ± 2703.55, tokens seen: 490209280, grad norm: 0.5353
[iter 7490]loss: 3.4385, tokens/sec: 30164.78 ± 2701.90, tokens seen: 490864640, grad norm: 0.5500
[step 7500]train loss: 3.4544, val loss: 3.4579, (avg train loss: 0.8648 ± 0.0346), (avg grad norm: 0.5715 ± 0.0833)
saving checkpoint to ./out-owt-large-mhc-lora-residual-midnorm-inbeta-bs8-20000step
[iter 7500]loss: 3.3971, tokens/sec: 30165.76 ± 2700.25, tokens seen: 491520000, grad norm: 0.6041
[iter 7510]loss: 3.3922, tokens/sec: 30166.86 ± 2698.62, tokens seen: 492175360, grad norm: 0.5617
[iter 7520]loss: 3.4838, tokens/sec: 30167.94 ± 2696.99, tokens seen: 492830720, grad norm: 0.6077
[iter 7530]loss: 3.7706, tokens/sec: 30169.02 ± 2695.36, tokens seen: 493486080, grad norm: 0.5588
[iter 7540]loss: 3.5579, tokens/sec: 30170.09 ± 2693.73, tokens seen: 494141440, grad norm: 0.5810
[iter 7550]loss: 3.5858, tokens/sec: 30171.17 ± 2692.11, tokens seen: 494796800, grad norm: 0.5879
[iter 7560]loss: 3.7421, tokens/sec: 30172.25 ± 2690.49, tokens seen: 495452160, grad norm: 0.5476
[iter 7570]loss: 3.3459, tokens/sec: 30173.31 ± 2688.87, tokens seen: 496107520, grad norm: 0.5830
[iter 7580]loss: 3.4708, tokens/sec: 30174.37 ± 2687.26, tokens seen: 496762880, grad norm: 0.5986
[iter 7590]loss: 3.4491, tokens/sec: 30175.42 ± 2685.64, tokens seen: 497418240, grad norm: 0.5821
[iter 7600]loss: 3.3425, tokens/sec: 30176.48 ± 2684.03, tokens seen: 498073600, grad norm: 0.5701
[iter 7610]loss: 3.3533, tokens/sec: 30177.52 ± 2682.42, tokens seen: 498728960, grad norm: 0.5601
[iter 7620]loss: 3.4382, tokens/sec: 30178.57 ± 2680.82, tokens seen: 499384320, grad norm: 0.5760
[iter 7630]loss: 3.6037, tokens/sec: 30179.62 ± 2679.22, tokens seen: 500039680, grad norm: 0.5843
[iter 7640]loss: 3.4188, tokens/sec: 30180.67 ± 2677.62, tokens seen: 500695040, grad norm: 0.5534
[iter 7650]loss: 3.2585, tokens/sec: 30181.72 ± 2676.03, tokens seen: 501350400, grad norm: 0.5690
[iter 7660]loss: 3.1574, tokens/sec: 30182.74 ± 2674.43, tokens seen: 502005760, grad norm: 0.5674
[iter 7670]loss: 3.3581, tokens/sec: 30183.78 ± 2672.84, tokens seen: 502661120, grad norm: 0.5561
[iter 7680]loss: 3.6476, tokens/sec: 30184.81 ± 2671.26, tokens seen: 503316480, grad norm: 0.6484
[iter 7690]loss: 3.3829, tokens/sec: 30185.84 ± 2669.67, tokens seen: 503971840, grad norm: 0.5346
[iter 7700]loss: 3.6561, tokens/sec: 30186.87 ± 2668.09, tokens seen: 504627200, grad norm: 0.5522
[iter 7710]loss: 3.7076, tokens/sec: 30187.90 ± 2666.51, tokens seen: 505282560, grad norm: 0.5701
[iter 7720]loss: 3.5308, tokens/sec: 30188.84 ± 2664.92, tokens seen: 505937920, grad norm: 0.5578
[iter 7730]loss: 3.5350, tokens/sec: 30189.85 ± 2663.34, tokens seen: 506593280, grad norm: 0.5964
[iter 7740]loss: 3.4851, tokens/sec: 30190.87 ± 2661.77, tokens seen: 507248640, grad norm: 0.6647
[iter 7750]loss: 3.4700, tokens/sec: 30191.84 ± 2660.19, tokens seen: 507904000, grad norm: 0.5396
[iter 7760]loss: 3.2676, tokens/sec: 30192.85 ± 2658.63, tokens seen: 508559360, grad norm: 0.5211
[iter 7770]loss: 3.2454, tokens/sec: 30193.86 ± 2657.07, tokens seen: 509214720, grad norm: 0.5750
[iter 7780]loss: 3.4110, tokens/sec: 30194.86 ± 2655.51, tokens seen: 509870080, grad norm: 0.5660
[iter 7790]loss: 3.4781, tokens/sec: 30195.87 ± 2653.95, tokens seen: 510525440, grad norm: 0.5193
[iter 7800]loss: 3.3909, tokens/sec: 30196.87 ± 2652.40, tokens seen: 511180800, grad norm: 0.4968
[iter 7810]loss: 3.6213, tokens/sec: 30197.87 ± 2650.85, tokens seen: 511836160, grad norm: 0.5628
[iter 7820]loss: 3.6132, tokens/sec: 30198.88 ± 2649.30, tokens seen: 512491520, grad norm: 0.5417
[iter 7830]loss: 3.5078, tokens/sec: 30199.88 ± 2647.76, tokens seen: 513146880, grad norm: 0.5582
[iter 7840]loss: 3.4795, tokens/sec: 30200.87 ± 2646.21, tokens seen: 513802240, grad norm: 0.5568
[iter 7850]loss: 3.3610, tokens/sec: 30201.87 ± 2644.67, tokens seen: 514457600, grad norm: 0.5846
[iter 7860]loss: 3.3643, tokens/sec: 30202.86 ± 2643.14, tokens seen: 515112960, grad norm: 0.6310
[iter 7870]loss: 3.3780, tokens/sec: 30203.85 ± 2641.60, tokens seen: 515768320, grad norm: 0.5957
[iter 7880]loss: 3.3230, tokens/sec: 30204.81 ± 2640.06, tokens seen: 516423680, grad norm: 0.5449
[iter 7890]loss: 2.9307, tokens/sec: 30205.79 ± 2638.53, tokens seen: 517079040, grad norm: 0.5403
[iter 7900]loss: 3.3598, tokens/sec: 30206.76 ± 2637.00, tokens seen: 517734400, grad norm: 0.6316
[iter 7910]loss: 3.5732, tokens/sec: 30207.70 ± 2635.47, tokens seen: 518389760, grad norm: 0.6322
[iter 7920]loss: 3.5547, tokens/sec: 30208.66 ± 2633.95, tokens seen: 519045120, grad norm: 0.5577
[iter 7930]loss: 3.3364, tokens/sec: 30209.63 ± 2632.43, tokens seen: 519700480, grad norm: 0.5927
[iter 7940]loss: 3.2059, tokens/sec: 30210.60 ± 2630.91, tokens seen: 520355840, grad norm: 0.5126
[iter 7950]loss: 3.3673, tokens/sec: 30211.52 ± 2629.39, tokens seen: 521011200, grad norm: 0.5784
[iter 7960]loss: 3.4884, tokens/sec: 30212.45 ± 2627.87, tokens seen: 521666560, grad norm: 0.5909
[iter 7970]loss: 3.4577, tokens/sec: 30213.42 ± 2626.36, tokens seen: 522321920, grad norm: 0.5383
[iter 7980]loss: 3.4692, tokens/sec: 30214.38 ± 2624.85, tokens seen: 522977280, grad norm: 0.6867
[iter 7990]loss: 3.3493, tokens/sec: 30215.28 ± 2623.34, tokens seen: 523632640, grad norm: 0.5835
[step 8000]train loss: 3.4443, val loss: 3.4583, (avg train loss: 0.8609 ± 0.0373), (avg grad norm: 0.5688 ± 0.0398)
[iter 8000]loss: 3.4290, tokens/sec: 30216.23 ± 2621.84, tokens seen: 524288000, grad norm: 0.6115
[iter 8010]loss: 3.0084, tokens/sec: 30217.17 ± 2620.34, tokens seen: 524943360, grad norm: 0.6082
[iter 8020]loss: 3.3900, tokens/sec: 30218.13 ± 2618.84, tokens seen: 525598720, grad norm: 0.5387
[iter 8030]loss: 3.3454, tokens/sec: 30219.07 ± 2617.35, tokens seen: 526254080, grad norm: 0.5570
[iter 8040]loss: 3.3149, tokens/sec: 30218.72 ± 2618.08, tokens seen: 526909440, grad norm: 0.5075
[iter 8050]loss: 3.3364, tokens/sec: 30219.66 ± 2616.59, tokens seen: 527564800, grad norm: 0.5249
[iter 8060]loss: 3.4570, tokens/sec: 30220.59 ± 2615.10, tokens seen: 528220160, grad norm: 0.5771
[iter 8070]loss: 3.3636, tokens/sec: 30221.54 ± 2613.62, tokens seen: 528875520, grad norm: 0.5693
[iter 8080]loss: 3.2551, tokens/sec: 30222.48 ± 2612.14, tokens seen: 529530880, grad norm: 0.5470
[iter 8090]loss: 3.5881, tokens/sec: 30223.41 ± 2610.66, tokens seen: 530186240, grad norm: 0.5503
[iter 8100]loss: 3.2559, tokens/sec: 30224.34 ± 2609.18, tokens seen: 530841600, grad norm: 0.5346
[iter 8110]loss: 3.4449, tokens/sec: 30225.16 ± 2607.69, tokens seen: 531496960, grad norm: 0.6040
[iter 8120]loss: 3.1525, tokens/sec: 30226.08 ± 2606.22, tokens seen: 532152320, grad norm: 0.5890
[iter 8130]loss: 3.2520, tokens/sec: 30225.63 ± 2607.31, tokens seen: 532807680, grad norm: 0.5930
[iter 8140]loss: 3.3118, tokens/sec: 30226.55 ± 2605.84, tokens seen: 533463040, grad norm: 0.5695
[iter 8150]loss: 3.3750, tokens/sec: 30227.47 ± 2604.37, tokens seen: 534118400, grad norm: 0.5669
[iter 8160]loss: 3.5956, tokens/sec: 30228.38 ± 2602.90, tokens seen: 534773760, grad norm: 0.5454
[iter 8170]loss: 3.3740, tokens/sec: 30229.30 ± 2601.44, tokens seen: 535429120, grad norm: 0.5831
[iter 8180]loss: 3.3427, tokens/sec: 30230.21 ± 2599.98, tokens seen: 536084480, grad norm: 0.5233
[iter 8190]loss: 3.3041, tokens/sec: 30231.12 ± 2598.53, tokens seen: 536739840, grad norm: 0.5397
[iter 8200]loss: 3.3252, tokens/sec: 30232.04 ± 2597.07, tokens seen: 537395200, grad norm: 0.6140
[iter 8210]loss: 3.2875, tokens/sec: 30232.96 ± 2595.63, tokens seen: 538050560, grad norm: 0.5787
[iter 8220]loss: 3.0582, tokens/sec: 30233.85 ± 2594.17, tokens seen: 538705920, grad norm: 0.5189
[iter 8230]loss: 3.3814, tokens/sec: 30234.71 ± 2592.72, tokens seen: 539361280, grad norm: 0.5450
[iter 8240]loss: 3.3764, tokens/sec: 30235.61 ± 2591.27, tokens seen: 540016640, grad norm: 0.6619
[iter 8250]loss: 3.3015, tokens/sec: 30236.51 ± 2589.83, tokens seen: 540672000, grad norm: 0.5221
[iter 8260]loss: 3.5714, tokens/sec: 30237.41 ± 2588.39, tokens seen: 541327360, grad norm: 0.5438
[iter 8270]loss: 3.4327, tokens/sec: 30238.27 ± 2586.95, tokens seen: 541982720, grad norm: 0.5642
[iter 8280]loss: 3.5305, tokens/sec: 30239.15 ± 2585.51, tokens seen: 542638080, grad norm: 0.5732
[iter 8290]loss: 3.3500, tokens/sec: 30240.04 ± 2584.08, tokens seen: 543293440, grad norm: 0.5725
[iter 8300]loss: 3.7926, tokens/sec: 30240.93 ± 2582.64, tokens seen: 543948800, grad norm: 0.5365
[iter 8310]loss: 3.5330, tokens/sec: 30241.81 ± 2581.22, tokens seen: 544604160, grad norm: 0.5314
[iter 8320]loss: 3.1286, tokens/sec: 30242.70 ± 2579.79, tokens seen: 545259520, grad norm: 0.6166
[iter 8330]loss: 3.3653, tokens/sec: 30243.60 ± 2578.37, tokens seen: 545914880, grad norm: 0.5335
[iter 8340]loss: 3.2756, tokens/sec: 30244.31 ± 2576.93, tokens seen: 546570240, grad norm: 0.5429
[iter 8350]loss: 3.4432, tokens/sec: 30245.19 ± 2575.51, tokens seen: 547225600, grad norm: 0.5566
[iter 8360]loss: 3.5146, tokens/sec: 30246.06 ± 2574.10, tokens seen: 547880960, grad norm: 0.5833
[iter 8370]loss: 3.5054, tokens/sec: 30246.95 ± 2572.69, tokens seen: 548536320, grad norm: 0.5505
[iter 8380]loss: 3.2383, tokens/sec: 30247.83 ± 2571.28, tokens seen: 549191680, grad norm: 0.5385
[iter 8390]loss: 3.1097, tokens/sec: 30248.70 ± 2569.87, tokens seen: 549847040, grad norm: 0.5805
[iter 8400]loss: 3.5872, tokens/sec: 30249.57 ± 2568.46, tokens seen: 550502400, grad norm: 0.5879
[iter 8410]loss: 3.5594, tokens/sec: 30250.44 ± 2567.06, tokens seen: 551157760, grad norm: 0.5590
[iter 8420]loss: 3.2789, tokens/sec: 30251.30 ± 2565.66, tokens seen: 551813120, grad norm: 0.5425
[iter 8430]loss: 3.4232, tokens/sec: 30252.12 ± 2564.25, tokens seen: 552468480, grad norm: 0.6453
[iter 8440]loss: 3.2228, tokens/sec: 30252.95 ± 2562.84, tokens seen: 553123840, grad norm: 0.5753
[iter 8450]loss: 3.4768, tokens/sec: 30253.80 ± 2561.44, tokens seen: 553779200, grad norm: 0.5763
[iter 8460]loss: 3.3240, tokens/sec: 30254.67 ± 2560.05, tokens seen: 554434560, grad norm: 0.5967
[iter 8470]loss: 3.3982, tokens/sec: 30255.44 ± 2558.65, tokens seen: 555089920, grad norm: 0.5251
[iter 8480]loss: 3.6134, tokens/sec: 30256.20 ± 2557.24, tokens seen: 555745280, grad norm: 0.5944
[iter 8490]loss: 3.1944, tokens/sec: 30257.04 ± 2555.85, tokens seen: 556400640, grad norm: 0.6073
[step 8500]train loss: 3.4019, val loss: 3.4139, (avg train loss: 0.8522 ± 0.0365), (avg grad norm: 0.5635 ± 0.0358)
saving checkpoint to ./out-owt-large-mhc-lora-residual-midnorm-inbeta-bs8-20000step
[iter 8500]loss: 3.5145, tokens/sec: 30257.87 ± 2554.46, tokens seen: 557056000, grad norm: 0.5602
[iter 8510]loss: 3.4076, tokens/sec: 30258.70 ± 2553.07, tokens seen: 557711360, grad norm: 0.5617
[iter 8520]loss: 3.3324, tokens/sec: 30259.49 ± 2551.68, tokens seen: 558366720, grad norm: 0.5822
[iter 8530]loss: 3.3064, tokens/sec: 30260.28 ± 2550.29, tokens seen: 559022080, grad norm: 0.5751
[iter 8540]loss: 3.4202, tokens/sec: 30261.13 ± 2548.91, tokens seen: 559677440, grad norm: 0.5511
[iter 8550]loss: 3.3091, tokens/sec: 30261.99 ± 2547.55, tokens seen: 560332800, grad norm: 0.5452
[iter 8560]loss: 3.5449, tokens/sec: 30262.79 ± 2546.17, tokens seen: 560988160, grad norm: 0.6078
[iter 8570]loss: 3.5674, tokens/sec: 30263.62 ± 2544.80, tokens seen: 561643520, grad norm: 0.5372
[iter 8580]loss: 3.2820, tokens/sec: 30264.46 ± 2543.43, tokens seen: 562298880, grad norm: 0.5716
[iter 8590]loss: 3.2763, tokens/sec: 30265.29 ± 2542.07, tokens seen: 562954240, grad norm: 0.5571
[iter 8600]loss: 3.5730, tokens/sec: 30266.12 ± 2540.71, tokens seen: 563609600, grad norm: 0.5805
[iter 8610]loss: 3.1278, tokens/sec: 30266.91 ± 2539.34, tokens seen: 564264960, grad norm: 0.5966
[iter 8620]loss: 3.4945, tokens/sec: 30267.67 ± 2537.97, tokens seen: 564920320, grad norm: 0.5610
[iter 8630]loss: 3.5485, tokens/sec: 30268.49 ± 2536.62, tokens seen: 565575680, grad norm: 0.6217
[iter 8640]loss: 3.2964, tokens/sec: 30269.33 ± 2535.27, tokens seen: 566231040, grad norm: 0.5529
[iter 8650]loss: 3.4678, tokens/sec: 30270.16 ± 2533.92, tokens seen: 566886400, grad norm: 0.5920
[iter 8660]loss: 3.4445, tokens/sec: 30270.99 ± 2532.57, tokens seen: 567541760, grad norm: 0.5552
[iter 8670]loss: 3.2467, tokens/sec: 30271.81 ± 2531.23, tokens seen: 568197120, grad norm: 0.5325
[iter 8680]loss: 3.2917, tokens/sec: 30272.62 ± 2529.88, tokens seen: 568852480, grad norm: 0.6120
[iter 8690]loss: 3.5175, tokens/sec: 30273.44 ± 2528.54, tokens seen: 569507840, grad norm: 0.5673
[iter 8700]loss: 3.6316, tokens/sec: 30274.27 ± 2527.21, tokens seen: 570163200, grad norm: 0.5596
[iter 8710]loss: 3.6631, tokens/sec: 30275.08 ± 2525.87, tokens seen: 570818560, grad norm: 0.6004
[iter 8720]loss: 3.5465, tokens/sec: 30275.88 ± 2524.53, tokens seen: 571473920, grad norm: 0.5597
[iter 8730]loss: 3.3663, tokens/sec: 30276.63 ± 2523.19, tokens seen: 572129280, grad norm: 0.5632
[iter 8740]loss: 3.2550, tokens/sec: 30277.44 ± 2521.85, tokens seen: 572784640, grad norm: 0.5324
[iter 8750]loss: 3.4036, tokens/sec: 30278.10 ± 2520.51, tokens seen: 573440000, grad norm: 0.5788
[iter 8760]loss: 3.4315, tokens/sec: 30278.92 ± 2519.19, tokens seen: 574095360, grad norm: 0.5778
[iter 8770]loss: 3.6248, tokens/sec: 30279.71 ± 2517.86, tokens seen: 574750720, grad norm: 0.7178
[iter 8780]loss: 3.4430, tokens/sec: 30280.51 ± 2516.54, tokens seen: 575406080, grad norm: 0.5703
[iter 8790]loss: 2.9642, tokens/sec: 30281.30 ± 2515.21, tokens seen: 576061440, grad norm: 0.6741
[iter 8800]loss: 3.5858, tokens/sec: 30282.10 ± 2513.90, tokens seen: 576716800, grad norm: 0.5301
[iter 8810]loss: 3.3572, tokens/sec: 30281.69 ± 2514.69, tokens seen: 577372160, grad norm: 0.5514
[iter 8820]loss: 3.3989, tokens/sec: 30282.48 ± 2513.37, tokens seen: 578027520, grad norm: 0.6567
[iter 8830]loss: 3.3787, tokens/sec: 30283.14 ± 2512.04, tokens seen: 578682880, grad norm: 0.5382
[iter 8840]loss: 3.6069, tokens/sec: 30283.92 ± 2510.73, tokens seen: 579338240, grad norm: 0.5742
[iter 8850]loss: 3.3898, tokens/sec: 30284.64 ± 2509.40, tokens seen: 579993600, grad norm: 0.5779
[iter 8860]loss: 3.4424, tokens/sec: 30285.42 ± 2508.09, tokens seen: 580648960, grad norm: 0.6281
[iter 8870]loss: 3.2558, tokens/sec: 30286.21 ± 2506.79, tokens seen: 581304320, grad norm: 0.7038
[iter 8880]loss: 3.3410, tokens/sec: 30287.00 ± 2505.49, tokens seen: 581959680, grad norm: 0.5346
[iter 8890]loss: 3.3876, tokens/sec: 30287.78 ± 2504.19, tokens seen: 582615040, grad norm: 0.5722
[iter 8900]loss: 3.6134, tokens/sec: 30288.56 ± 2502.89, tokens seen: 583270400, grad norm: 0.6093
[iter 8910]loss: 3.3197, tokens/sec: 30289.24 ± 2501.57, tokens seen: 583925760, grad norm: 0.5821
[iter 8920]loss: 3.5457, tokens/sec: 30289.89 ± 2500.25, tokens seen: 584581120, grad norm: 0.5449
[iter 8930]loss: 3.2756, tokens/sec: 30290.66 ± 2498.95, tokens seen: 585236480, grad norm: 0.6238
[iter 8940]loss: 3.4760, tokens/sec: 30291.43 ± 2497.66, tokens seen: 585891840, grad norm: 0.5438
[iter 8950]loss: 3.2097, tokens/sec: 30292.20 ± 2496.37, tokens seen: 586547200, grad norm: 0.6487
[iter 8960]loss: 3.5398, tokens/sec: 30292.96 ± 2495.08, tokens seen: 587202560, grad norm: 0.5738
[iter 8970]loss: 3.4537, tokens/sec: 30293.57 ± 2493.77, tokens seen: 587857920, grad norm: 0.5526
[iter 8980]loss: 3.4707, tokens/sec: 30294.32 ± 2492.48, tokens seen: 588513280, grad norm: 0.5430
[iter 8990]loss: 3.6701, tokens/sec: 30295.00 ± 2491.18, tokens seen: 589168640, grad norm: 0.6027
[step 9000]train loss: 3.3930, val loss: 3.3937, (avg train loss: 0.8512 ± 0.0326), (avg grad norm: 0.5755 ± 0.0341)
saving checkpoint to ./out-owt-large-mhc-lora-residual-midnorm-inbeta-bs8-20000step
[iter 9000]loss: 3.5444, tokens/sec: 30295.71 ± 2489.89, tokens seen: 589824000, grad norm: 0.6262
[iter 9010]loss: 3.2641, tokens/sec: 30296.49 ± 2488.62, tokens seen: 590479360, grad norm: 0.6099
[iter 9020]loss: 3.3825, tokens/sec: 30297.15 ± 2487.32, tokens seen: 591134720, grad norm: 0.5399
[iter 9030]loss: 3.2830, tokens/sec: 30297.90 ± 2486.05, tokens seen: 591790080, grad norm: 0.6428
[iter 9040]loss: 3.2129, tokens/sec: 30298.67 ± 2484.78, tokens seen: 592445440, grad norm: 0.5784
[iter 9050]loss: 3.5210, tokens/sec: 30299.36 ± 2483.50, tokens seen: 593100800, grad norm: 0.6201
[iter 9060]loss: 3.3874, tokens/sec: 30300.13 ± 2482.23, tokens seen: 593756160, grad norm: 0.6283
[iter 9070]loss: 3.5607, tokens/sec: 30300.87 ± 2480.97, tokens seen: 594411520, grad norm: 0.5485
[iter 9080]loss: 3.5412, tokens/sec: 30301.62 ± 2479.70, tokens seen: 595066880, grad norm: 0.6024
[iter 9090]loss: 3.5604, tokens/sec: 30302.37 ± 2478.44, tokens seen: 595722240, grad norm: 0.5625
[iter 9100]loss: 3.5267, tokens/sec: 30301.88 ± 2479.63, tokens seen: 596377600, grad norm: 0.5415
[iter 9110]loss: 3.4439, tokens/sec: 30302.60 ± 2478.36, tokens seen: 597032960, grad norm: 0.5702
[iter 9120]loss: 3.4464, tokens/sec: 30303.35 ± 2477.11, tokens seen: 597688320, grad norm: 0.6319
[iter 9130]loss: 3.1139, tokens/sec: 30304.08 ± 2475.85, tokens seen: 598343680, grad norm: 0.5675
[iter 9140]loss: 3.2007, tokens/sec: 30304.80 ± 2474.59, tokens seen: 598999040, grad norm: 0.5936
[iter 9150]loss: 3.2823, tokens/sec: 30305.55 ± 2473.34, tokens seen: 599654400, grad norm: 0.6043
[iter 9160]loss: 3.4963, tokens/sec: 30306.29 ± 2472.09, tokens seen: 600309760, grad norm: 0.5559
[iter 9170]loss: 3.3312, tokens/sec: 30307.01 ± 2470.84, tokens seen: 600965120, grad norm: 0.5887
[iter 9180]loss: 3.3314, tokens/sec: 30307.75 ± 2469.60, tokens seen: 601620480, grad norm: 0.5957
[iter 9190]loss: 3.0788, tokens/sec: 30308.49 ± 2468.36, tokens seen: 602275840, grad norm: 0.5525
[iter 9200]loss: 3.4290, tokens/sec: 30309.11 ± 2467.09, tokens seen: 602931200, grad norm: 0.5310
[iter 9210]loss: 3.3491, tokens/sec: 30309.85 ± 2465.85, tokens seen: 603586560, grad norm: 0.5899
[iter 9220]loss: 3.6228, tokens/sec: 30310.57 ± 2464.61, tokens seen: 604241920, grad norm: 0.5622
[iter 9230]loss: 3.4625, tokens/sec: 30311.31 ± 2463.38, tokens seen: 604897280, grad norm: 0.6088
[iter 9240]loss: 3.4263, tokens/sec: 30312.02 ± 2462.14, tokens seen: 605552640, grad norm: 0.6167
[iter 9250]loss: 3.5244, tokens/sec: 30312.70 ± 2460.90, tokens seen: 606208000, grad norm: 0.5891
[iter 9260]loss: 3.5046, tokens/sec: 30313.43 ± 2459.67, tokens seen: 606863360, grad norm: 0.5606
[iter 9270]loss: 3.3080, tokens/sec: 30314.10 ± 2458.43, tokens seen: 607518720, grad norm: 0.5586
[iter 9280]loss: 3.5192, tokens/sec: 30314.79 ± 2457.20, tokens seen: 608174080, grad norm: 0.6154
[iter 9290]loss: 3.3042, tokens/sec: 30315.49 ± 2455.97, tokens seen: 608829440, grad norm: 1.2844
[iter 9300]loss: 3.4707, tokens/sec: 30316.20 ± 2454.74, tokens seen: 609484800, grad norm: 0.5548
[iter 9310]loss: 3.5252, tokens/sec: 30316.89 ± 2453.51, tokens seen: 610140160, grad norm: 0.5320
[iter 9320]loss: 3.5466, tokens/sec: 30317.60 ± 2452.30, tokens seen: 610795520, grad norm: 0.5663
[iter 9330]loss: 3.0784, tokens/sec: 30318.31 ± 2451.08, tokens seen: 611450880, grad norm: 0.5659
[iter 9340]loss: 3.2897, tokens/sec: 30319.02 ± 2449.86, tokens seen: 612106240, grad norm: 0.6226
[iter 9350]loss: 3.4145, tokens/sec: 30319.69 ± 2448.64, tokens seen: 612761600, grad norm: 0.5480
[iter 9360]loss: 3.1232, tokens/sec: 30320.33 ± 2447.41, tokens seen: 613416960, grad norm: 0.6735
[iter 9370]loss: 3.1636, tokens/sec: 30321.02 ± 2446.20, tokens seen: 614072320, grad norm: 0.6390
[iter 9380]loss: 3.2026, tokens/sec: 30321.70 ± 2444.98, tokens seen: 614727680, grad norm: 0.6614
[iter 9390]loss: 3.3262, tokens/sec: 30322.40 ± 2443.77, tokens seen: 615383040, grad norm: 0.5640
[iter 9400]loss: 3.4032, tokens/sec: 30323.01 ± 2442.55, tokens seen: 616038400, grad norm: 0.7257
[iter 9410]loss: 3.5108, tokens/sec: 30323.71 ± 2441.35, tokens seen: 616693760, grad norm: 0.5905
[iter 9420]loss: 3.2878, tokens/sec: 30324.41 ± 2440.15, tokens seen: 617349120, grad norm: 0.5516
[iter 9430]loss: 3.4384, tokens/sec: 30325.09 ± 2438.94, tokens seen: 618004480, grad norm: 0.5795
[iter 9440]loss: 3.3500, tokens/sec: 30325.73 ± 2437.73, tokens seen: 618659840, grad norm: 0.5700
[iter 9450]loss: 3.4513, tokens/sec: 30326.42 ± 2436.54, tokens seen: 619315200, grad norm: 0.6141
[iter 9460]loss: 3.2889, tokens/sec: 30327.08 ± 2435.33, tokens seen: 619970560, grad norm: 0.5791
[iter 9470]loss: 3.3555, tokens/sec: 30327.78 ± 2434.14, tokens seen: 620625920, grad norm: 0.5609
[iter 9480]loss: 3.1660, tokens/sec: 30328.47 ± 2432.95, tokens seen: 621281280, grad norm: 0.6015
[iter 9490]loss: 3.4853, tokens/sec: 30329.15 ± 2431.76, tokens seen: 621936640, grad norm: 0.5605
[step 9500]train loss: 3.3730, val loss: 3.3875, (avg train loss: 0.8463 ± 0.0352), (avg grad norm: 0.5885 ± 0.0509)
saving checkpoint to ./out-owt-large-mhc-lora-residual-midnorm-inbeta-bs8-20000step
[iter 9500]loss: 3.0407, tokens/sec: 30329.83 ± 2430.57, tokens seen: 622592000, grad norm: 0.5829
[iter 9510]loss: 3.2999, tokens/sec: 30330.50 ± 2429.38, tokens seen: 623247360, grad norm: 0.6000
[iter 9520]loss: 3.3789, tokens/sec: 30331.19 ± 2428.20, tokens seen: 623902720, grad norm: 0.6463
[iter 9530]loss: 3.3812, tokens/sec: 30331.84 ± 2427.01, tokens seen: 624558080, grad norm: 0.5436
[iter 9540]loss: 3.3412, tokens/sec: 30332.50 ± 2425.82, tokens seen: 625213440, grad norm: 0.6524
[iter 9550]loss: 3.4970, tokens/sec: 30333.18 ± 2424.64, tokens seen: 625868800, grad norm: 0.5311
[iter 9560]loss: 3.4170, tokens/sec: 30333.87 ± 2423.47, tokens seen: 626524160, grad norm: 0.5640
[iter 9570]loss: 2.9823, tokens/sec: 30334.55 ± 2422.29, tokens seen: 627179520, grad norm: 0.5614
[iter 9580]loss: 3.1092, tokens/sec: 30335.22 ± 2421.12, tokens seen: 627834880, grad norm: 0.5803
[iter 9590]loss: 3.5428, tokens/sec: 30334.82 ± 2421.98, tokens seen: 628490240, grad norm: 0.5488
[iter 9600]loss: 3.3806, tokens/sec: 30335.49 ± 2420.81, tokens seen: 629145600, grad norm: 0.6344
[iter 9610]loss: 3.4358, tokens/sec: 30336.16 ± 2419.64, tokens seen: 629800960, grad norm: 0.5545
[iter 9620]loss: 3.3473, tokens/sec: 30336.82 ± 2418.47, tokens seen: 630456320, grad norm: 0.5784
[iter 9630]loss: 3.3267, tokens/sec: 30337.50 ± 2417.31, tokens seen: 631111680, grad norm: 0.6344
[iter 9640]loss: 3.3944, tokens/sec: 30338.17 ± 2416.14, tokens seen: 631767040, grad norm: 0.5838
[iter 9650]loss: 3.5707, tokens/sec: 30338.84 ± 2414.98, tokens seen: 632422400, grad norm: 0.5958
[iter 9660]loss: 3.4165, tokens/sec: 30339.45 ± 2413.81, tokens seen: 633077760, grad norm: 0.5904
[iter 9670]loss: 3.4222, tokens/sec: 30340.12 ± 2412.65, tokens seen: 633733120, grad norm: 0.5599
[iter 9680]loss: 3.2870, tokens/sec: 30340.79 ± 2411.49, tokens seen: 634388480, grad norm: 0.5895
[iter 9690]loss: 3.2456, tokens/sec: 30341.45 ± 2410.34, tokens seen: 635043840, grad norm: 0.5738
[iter 9700]loss: 3.2724, tokens/sec: 30342.06 ± 2409.17, tokens seen: 635699200, grad norm: 0.6172
[iter 9710]loss: 3.3594, tokens/sec: 30342.72 ± 2408.02, tokens seen: 636354560, grad norm: 0.5593
[iter 9720]loss: 3.4255, tokens/sec: 30343.38 ± 2406.87, tokens seen: 637009920, grad norm: 0.5850
[iter 9730]loss: 3.4750, tokens/sec: 30344.05 ± 2405.72, tokens seen: 637665280, grad norm: 0.5616
[iter 9740]loss: 3.3972, tokens/sec: 30344.71 ± 2404.57, tokens seen: 638320640, grad norm: 0.5944
[iter 9750]loss: 3.5906, tokens/sec: 30345.35 ± 2403.42, tokens seen: 638976000, grad norm: 0.6230
[iter 9760]loss: 3.5655, tokens/sec: 30346.01 ± 2402.28, tokens seen: 639631360, grad norm: 0.5489
[iter 9770]loss: 3.2304, tokens/sec: 30346.66 ± 2401.14, tokens seen: 640286720, grad norm: 0.6086
[iter 9780]loss: 3.4665, tokens/sec: 30347.31 ± 2399.99, tokens seen: 640942080, grad norm: 0.5732
[iter 9790]loss: 3.4894, tokens/sec: 30347.91 ± 2398.85, tokens seen: 641597440, grad norm: 0.5612
[iter 9800]loss: 3.2774, tokens/sec: 30348.56 ± 2397.71, tokens seen: 642252800, grad norm: 0.5424
[iter 9810]loss: 3.3506, tokens/sec: 30349.08 ± 2396.55, tokens seen: 642908160, grad norm: 0.6020
[iter 9820]loss: 3.3631, tokens/sec: 30349.71 ± 2395.41, tokens seen: 643563520, grad norm: 0.5841
[iter 9830]loss: 3.5038, tokens/sec: 30350.36 ± 2394.27, tokens seen: 644218880, grad norm: 0.5952
[iter 9840]loss: 3.3589, tokens/sec: 30351.00 ± 2393.14, tokens seen: 644874240, grad norm: 0.5690
[iter 9850]loss: 3.5400, tokens/sec: 30351.64 ± 2392.01, tokens seen: 645529600, grad norm: 0.5765
[iter 9860]loss: 3.7291, tokens/sec: 30352.20 ± 2390.87, tokens seen: 646184960, grad norm: 0.5528
[iter 9870]loss: 3.4591, tokens/sec: 30352.85 ± 2389.75, tokens seen: 646840320, grad norm: 0.5774
[iter 9880]loss: 3.2947, tokens/sec: 30353.48 ± 2388.62, tokens seen: 647495680, grad norm: 0.5904
[iter 9890]loss: 3.2544, tokens/sec: 30354.11 ± 2387.50, tokens seen: 648151040, grad norm: 0.6287
[iter 9900]loss: 3.2682, tokens/sec: 30354.75 ± 2386.38, tokens seen: 648806400, grad norm: 0.5561
[iter 9910]loss: 3.4191, tokens/sec: 30355.40 ± 2385.26, tokens seen: 649461760, grad norm: 0.5949
[iter 9920]loss: 3.4829, tokens/sec: 30356.03 ± 2384.14, tokens seen: 650117120, grad norm: 0.5644
[iter 9930]loss: 3.5499, tokens/sec: 30356.66 ± 2383.02, tokens seen: 650772480, grad norm: 0.6049
[iter 9940]loss: 3.2842, tokens/sec: 30357.19 ± 2381.89, tokens seen: 651427840, grad norm: 0.5628
[iter 9950]loss: 3.3011, tokens/sec: 30357.82 ± 2380.78, tokens seen: 652083200, grad norm: 0.5610
[iter 9960]loss: 3.1093, tokens/sec: 30358.45 ± 2379.67, tokens seen: 652738560, grad norm: 0.5567
[iter 9970]loss: 3.4690, tokens/sec: 30359.02 ± 2378.54, tokens seen: 653393920, grad norm: 0.7627
[iter 9980]loss: 3.3201, tokens/sec: 30359.64 ± 2377.43, tokens seen: 654049280, grad norm: 0.5431
[iter 9990]loss: 3.3514, tokens/sec: 30360.26 ± 2376.32, tokens seen: 654704640, grad norm: 0.5799
[step 10000]train loss: 3.3487, val loss: 3.3639, (avg train loss: 0.8387 ± 0.0384), (avg grad norm: 0.5865 ± 0.0375)
saving checkpoint to ./out-owt-large-mhc-lora-residual-midnorm-inbeta-bs8-20000step
[iter 10000]loss: 3.4860, tokens/sec: 30360.85 ± 2375.21, tokens seen: 655360000, grad norm: 0.6335
[iter 10010]loss: 3.2274, tokens/sec: 30361.48 ± 2374.10, tokens seen: 656015360, grad norm: 0.6006
[iter 10020]loss: 3.2007, tokens/sec: 30361.97 ± 2372.98, tokens seen: 656670720, grad norm: 0.5685
[iter 10030]loss: 3.4266, tokens/sec: 30362.58 ± 2371.87, tokens seen: 657326080, grad norm: 0.5731
[iter 10040]loss: 3.3866, tokens/sec: 30363.05 ± 2370.75, tokens seen: 657981440, grad norm: 0.6487
[iter 10050]loss: 3.3128, tokens/sec: 30362.46 ± 2371.95, tokens seen: 658636800, grad norm: 0.5805
[iter 10060]loss: 3.3957, tokens/sec: 30362.94 ± 2370.83, tokens seen: 659292160, grad norm: 0.7426
[iter 10070]loss: 3.4140, tokens/sec: 30363.56 ± 2369.73, tokens seen: 659947520, grad norm: 0.6740
[iter 10080]loss: 3.2878, tokens/sec: 30364.17 ± 2368.64, tokens seen: 660602880, grad norm: 0.5889
[iter 10090]loss: 3.5599, tokens/sec: 30364.79 ± 2367.54, tokens seen: 661258240, grad norm: 0.5622
[iter 10100]loss: 3.3928, tokens/sec: 30365.39 ± 2366.45, tokens seen: 661913600, grad norm: 0.6171
[iter 10110]loss: 3.3580, tokens/sec: 30365.92 ± 2365.35, tokens seen: 662568960, grad norm: 0.5668
[iter 10120]loss: 3.3168, tokens/sec: 30366.50 ± 2364.26, tokens seen: 663224320, grad norm: 0.5908
[iter 10130]loss: 3.4230, tokens/sec: 30367.10 ± 2363.17, tokens seen: 663879680, grad norm: 0.5780
[iter 10140]loss: 3.3411, tokens/sec: 30367.71 ± 2362.08, tokens seen: 664535040, grad norm: 0.6337
[iter 10150]loss: 3.4613, tokens/sec: 30368.24 ± 2360.98, tokens seen: 665190400, grad norm: 0.5908
[iter 10160]loss: 3.3227, tokens/sec: 30368.85 ± 2359.90, tokens seen: 665845760, grad norm: 0.5762
[iter 10170]loss: 3.3589, tokens/sec: 30369.45 ± 2358.81, tokens seen: 666501120, grad norm: 0.5719
[iter 10180]loss: 3.3136, tokens/sec: 30370.05 ± 2357.73, tokens seen: 667156480, grad norm: 0.5661
[iter 10190]loss: 3.3027, tokens/sec: 30370.65 ± 2356.65, tokens seen: 667811840, grad norm: 0.5632
[iter 10200]loss: 3.4583, tokens/sec: 30371.24 ± 2355.57, tokens seen: 668467200, grad norm: 0.6005
[iter 10210]loss: 3.4170, tokens/sec: 30371.84 ± 2354.50, tokens seen: 669122560, grad norm: 0.5641
[iter 10220]loss: 3.4354, tokens/sec: 30372.44 ± 2353.42, tokens seen: 669777920, grad norm: 0.5820
[iter 10230]loss: 3.3986, tokens/sec: 30372.97 ± 2352.34, tokens seen: 670433280, grad norm: 0.5819
[iter 10240]loss: 3.2553, tokens/sec: 30373.55 ± 2351.27, tokens seen: 671088640, grad norm: 0.5833
[iter 10250]loss: 3.4552, tokens/sec: 30374.10 ± 2350.19, tokens seen: 671744000, grad norm: 0.5506
[iter 10260]loss: 3.0417, tokens/sec: 30374.69 ± 2349.12, tokens seen: 672399360, grad norm: 0.5919
[iter 10270]loss: 3.3449, tokens/sec: 30375.29 ± 2348.06, tokens seen: 673054720, grad norm: 0.5742
[iter 10280]loss: 3.1439, tokens/sec: 30375.87 ± 2346.99, tokens seen: 673710080, grad norm: 0.6022
[iter 10290]loss: 3.4392, tokens/sec: 30376.46 ± 2345.92, tokens seen: 674365440, grad norm: 0.5642
[iter 10300]loss: 3.2987, tokens/sec: 30377.05 ± 2344.86, tokens seen: 675020800, grad norm: 0.6033
[iter 10310]loss: 3.2567, tokens/sec: 30377.64 ± 2343.80, tokens seen: 675676160, grad norm: 0.6079
[iter 10320]loss: 3.5215, tokens/sec: 30378.22 ± 2342.74, tokens seen: 676331520, grad norm: 0.5619
[iter 10330]loss: 3.1285, tokens/sec: 30378.80 ± 2341.68, tokens seen: 676986880, grad norm: 0.6938
[iter 10340]loss: 3.2549, tokens/sec: 30379.29 ± 2340.61, tokens seen: 677642240, grad norm: 0.5864
[iter 10350]loss: 3.5025, tokens/sec: 30379.81 ± 2339.55, tokens seen: 678297600, grad norm: 0.5703
[iter 10360]loss: 3.1752, tokens/sec: 30380.40 ± 2338.49, tokens seen: 678952960, grad norm: 0.6055
[iter 10370]loss: 3.4314, tokens/sec: 30379.98 ± 2339.42, tokens seen: 679608320, grad norm: 0.5787
[iter 10380]loss: 3.5634, tokens/sec: 30380.55 ± 2338.37, tokens seen: 680263680, grad norm: 0.6005
[iter 10390]loss: 3.0565, tokens/sec: 30381.13 ± 2337.32, tokens seen: 680919040, grad norm: 0.5807
[iter 10400]loss: 3.3732, tokens/sec: 30381.70 ± 2336.26, tokens seen: 681574400, grad norm: 0.5581
[iter 10410]loss: 3.2976, tokens/sec: 30382.20 ± 2335.21, tokens seen: 682229760, grad norm: 0.6881
[iter 10420]loss: 3.3210, tokens/sec: 30382.76 ± 2334.16, tokens seen: 682885120, grad norm: 0.5736
[iter 10430]loss: 3.2872, tokens/sec: 30383.34 ± 2333.12, tokens seen: 683540480, grad norm: 0.6460
[iter 10440]loss: 3.4012, tokens/sec: 30383.91 ± 2332.07, tokens seen: 684195840, grad norm: 0.5877
[iter 10450]loss: 3.4516, tokens/sec: 30384.49 ± 2331.03, tokens seen: 684851200, grad norm: 0.5741
[iter 10460]loss: 3.0380, tokens/sec: 30383.02 ± 2331.98, tokens seen: 685506560, grad norm: 0.5709
[iter 10470]loss: 3.4158, tokens/sec: 30383.59 ± 2330.93, tokens seen: 686161920, grad norm: 0.5879
[iter 10480]loss: 3.4240, tokens/sec: 30384.16 ± 2329.89, tokens seen: 686817280, grad norm: 0.6096
[iter 10490]loss: 3.3428, tokens/sec: 30384.72 ± 2328.86, tokens seen: 687472640, grad norm: 0.5642
[step 10500]train loss: 3.3221, val loss: 3.3290, (avg train loss: 0.8320 ± 0.0370), (avg grad norm: 0.5999 ± 0.0363)
saving checkpoint to ./out-owt-large-mhc-lora-residual-midnorm-inbeta-bs8-20000step
[iter 10500]loss: 3.3096, tokens/sec: 30385.25 ± 2327.81, tokens seen: 688128000, grad norm: 0.5962
[iter 10510]loss: 3.3170, tokens/sec: 30385.84 ± 2326.78, tokens seen: 688783360, grad norm: 0.5923
[iter 10520]loss: 3.3162, tokens/sec: 30386.37 ± 2325.74, tokens seen: 689438720, grad norm: 0.5824
[iter 10530]loss: 3.2881, tokens/sec: 30386.93 ± 2324.71, tokens seen: 690094080, grad norm: 0.5766
[iter 10540]loss: 3.3262, tokens/sec: 30387.49 ± 2323.68, tokens seen: 690749440, grad norm: 0.5549
[iter 10550]loss: 3.3528, tokens/sec: 30388.05 ± 2322.65, tokens seen: 691404800, grad norm: 0.5695
[iter 10560]loss: 3.3647, tokens/sec: 30388.61 ± 2321.62, tokens seen: 692060160, grad norm: 0.6356
[iter 10570]loss: 3.3719, tokens/sec: 30389.16 ± 2320.59, tokens seen: 692715520, grad norm: 0.6488
[iter 10580]loss: 3.3562, tokens/sec: 30389.69 ± 2319.56, tokens seen: 693370880, grad norm: 0.6550
[iter 10590]loss: 3.2719, tokens/sec: 30390.25 ± 2318.54, tokens seen: 694026240, grad norm: 0.6105
[iter 10600]loss: 3.5004, tokens/sec: 30390.79 ± 2317.51, tokens seen: 694681600, grad norm: 0.6126
[iter 10610]loss: 3.3977, tokens/sec: 30391.32 ± 2316.48, tokens seen: 695336960, grad norm: 0.5968
[iter 10620]loss: 3.3784, tokens/sec: 30391.89 ± 2315.46, tokens seen: 695992320, grad norm: 0.5750
[iter 10630]loss: 3.1879, tokens/sec: 30392.45 ± 2314.45, tokens seen: 696647680, grad norm: 0.5630
[iter 10640]loss: 3.4449, tokens/sec: 30392.99 ± 2313.43, tokens seen: 697303040, grad norm: 0.6697
[iter 10650]loss: 3.2633, tokens/sec: 30393.55 ± 2312.41, tokens seen: 697958400, grad norm: 0.5721
[iter 10660]loss: 3.1531, tokens/sec: 30394.10 ± 2311.40, tokens seen: 698613760, grad norm: 0.5931
[iter 10670]loss: 3.0240, tokens/sec: 30394.64 ± 2310.38, tokens seen: 699269120, grad norm: 0.5875
[iter 10680]loss: 3.3484, tokens/sec: 30395.15 ± 2309.36, tokens seen: 699924480, grad norm: 0.5737
[iter 10690]loss: 3.4594, tokens/sec: 30395.69 ± 2308.35, tokens seen: 700579840, grad norm: 0.6675
[iter 10700]loss: 3.4430, tokens/sec: 30396.23 ± 2307.34, tokens seen: 701235200, grad norm: 0.6275
[iter 10710]loss: 3.3467, tokens/sec: 30396.78 ± 2306.33, tokens seen: 701890560, grad norm: 0.5953
[iter 10720]loss: 3.4272, tokens/sec: 30397.31 ± 2305.32, tokens seen: 702545920, grad norm: 0.5852
[iter 10730]loss: 3.5074, tokens/sec: 30397.76 ± 2304.30, tokens seen: 703201280, grad norm: 0.5780
[iter 10740]loss: 3.3688, tokens/sec: 30398.29 ± 2303.29, tokens seen: 703856640, grad norm: 0.5812
[iter 10750]loss: 3.2156, tokens/sec: 30398.81 ± 2302.28, tokens seen: 704512000, grad norm: 0.5777
[iter 10760]loss: 3.4216, tokens/sec: 30399.34 ± 2301.28, tokens seen: 705167360, grad norm: 0.5901
[iter 10770]loss: 3.4770, tokens/sec: 30399.86 ± 2300.27, tokens seen: 705822720, grad norm: 0.5799
[iter 10780]loss: 3.4421, tokens/sec: 30400.40 ± 2299.27, tokens seen: 706478080, grad norm: 0.5895
[iter 10790]loss: 3.2918, tokens/sec: 30400.94 ± 2298.28, tokens seen: 707133440, grad norm: 0.5807
[iter 10800]loss: 3.4732, tokens/sec: 30401.48 ± 2297.28, tokens seen: 707788800, grad norm: 0.6406
[iter 10810]loss: 3.3948, tokens/sec: 30402.02 ± 2296.29, tokens seen: 708444160, grad norm: 0.6267
[iter 10820]loss: 3.3173, tokens/sec: 30402.54 ± 2295.29, tokens seen: 709099520, grad norm: 0.5872
[iter 10830]loss: 3.1865, tokens/sec: 30403.07 ± 2294.30, tokens seen: 709754880, grad norm: 0.5992
[iter 10840]loss: 3.2147, tokens/sec: 30403.59 ± 2293.30, tokens seen: 710410240, grad norm: 0.6735
[iter 10850]loss: 3.2265, tokens/sec: 30404.13 ± 2292.31, tokens seen: 711065600, grad norm: 0.6124
[iter 10860]loss: 3.3237, tokens/sec: 30404.65 ± 2291.32, tokens seen: 711720960, grad norm: 0.6008
[iter 10870]loss: 3.1524, tokens/sec: 30405.15 ± 2290.33, tokens seen: 712376320, grad norm: 0.6047
[iter 10880]loss: 3.2448, tokens/sec: 30405.68 ± 2289.34, tokens seen: 713031680, grad norm: 0.6519
[iter 10890]loss: 3.1909, tokens/sec: 30406.18 ± 2288.35, tokens seen: 713687040, grad norm: 0.5959
[iter 10900]loss: 3.4372, tokens/sec: 30406.70 ± 2287.37, tokens seen: 714342400, grad norm: 0.6299
[iter 10910]loss: 3.3879, tokens/sec: 30407.23 ± 2286.39, tokens seen: 714997760, grad norm: 0.5938
[iter 10920]loss: 3.4798, tokens/sec: 30407.76 ± 2285.41, tokens seen: 715653120, grad norm: 0.6651
[iter 10930]loss: 3.3406, tokens/sec: 30408.25 ± 2284.42, tokens seen: 716308480, grad norm: 0.5916
[iter 10940]loss: 3.3767, tokens/sec: 30408.77 ± 2283.44, tokens seen: 716963840, grad norm: 0.5590
[iter 10950]loss: 3.2762, tokens/sec: 30409.29 ± 2282.46, tokens seen: 717619200, grad norm: 0.6489
[iter 10960]loss: 3.3753, tokens/sec: 30409.79 ± 2281.48, tokens seen: 718274560, grad norm: 0.6301
[iter 10970]loss: 3.2403, tokens/sec: 30410.31 ± 2280.51, tokens seen: 718929920, grad norm: 0.5697
[iter 10980]loss: 3.5321, tokens/sec: 30410.83 ± 2279.53, tokens seen: 719585280, grad norm: 0.5958
[iter 10990]loss: 3.3318, tokens/sec: 30411.36 ± 2278.56, tokens seen: 720240640, grad norm: 0.6006
[step 11000]train loss: 3.3042, val loss: 3.3153, (avg train loss: 0.8318 ± 0.0326), (avg grad norm: 0.6067 ± 0.0295)
saving checkpoint to ./out-owt-large-mhc-lora-residual-midnorm-inbeta-bs8-20000step
[iter 11000]loss: 3.5823, tokens/sec: 30411.88 ± 2277.59, tokens seen: 720896000, grad norm: 0.6140
[iter 11010]loss: 3.0641, tokens/sec: 30411.47 ± 2278.51, tokens seen: 721551360, grad norm: 0.6196
[iter 11020]loss: 3.2231, tokens/sec: 30412.00 ± 2277.55, tokens seen: 722206720, grad norm: 0.5940
[iter 11030]loss: 3.1991, tokens/sec: 30412.50 ± 2276.58, tokens seen: 722862080, grad norm: 0.5625
[iter 11040]loss: 3.0394, tokens/sec: 30413.03 ± 2275.61, tokens seen: 723517440, grad norm: 0.6019
[iter 11050]loss: 3.3457, tokens/sec: 30413.55 ± 2274.65, tokens seen: 724172800, grad norm: 0.6429
[iter 11060]loss: 3.1943, tokens/sec: 30414.06 ± 2273.68, tokens seen: 724828160, grad norm: 0.5625
[iter 11070]loss: 3.1664, tokens/sec: 30414.56 ± 2272.72, tokens seen: 725483520, grad norm: 0.6184
[iter 11080]loss: 3.3890, tokens/sec: 30415.08 ± 2271.76, tokens seen: 726138880, grad norm: 0.5949
[iter 11090]loss: 3.4340, tokens/sec: 30415.59 ± 2270.80, tokens seen: 726794240, grad norm: 0.5989
[iter 11100]loss: 3.3998, tokens/sec: 30416.10 ± 2269.84, tokens seen: 727449600, grad norm: 0.6163
[iter 11110]loss: 3.3460, tokens/sec: 30416.61 ± 2268.88, tokens seen: 728104960, grad norm: 0.6304
[iter 11120]loss: 3.2391, tokens/sec: 30417.13 ± 2267.92, tokens seen: 728760320, grad norm: 0.6405
[iter 11130]loss: 3.0673, tokens/sec: 30417.64 ± 2266.97, tokens seen: 729415680, grad norm: 0.6303
[iter 11140]loss: 3.2879, tokens/sec: 30417.29 ± 2267.59, tokens seen: 730071040, grad norm: 0.5951
[iter 11150]loss: 3.4569, tokens/sec: 30417.80 ± 2266.64, tokens seen: 730726400, grad norm: 0.6324
[iter 11160]loss: 3.6130, tokens/sec: 30418.31 ± 2265.68, tokens seen: 731381760, grad norm: 0.5950
[iter 11170]loss: 3.2150, tokens/sec: 30418.83 ± 2264.73, tokens seen: 732037120, grad norm: 0.5769
[iter 11180]loss: 3.1192, tokens/sec: 30419.34 ± 2263.79, tokens seen: 732692480, grad norm: 0.7959
[iter 11190]loss: 3.2414, tokens/sec: 30419.84 ± 2262.84, tokens seen: 733347840, grad norm: 0.6445
[iter 11200]loss: 3.4922, tokens/sec: 30420.34 ± 2261.89, tokens seen: 734003200, grad norm: 0.5665
[iter 11210]loss: 3.3278, tokens/sec: 30420.85 ± 2260.94, tokens seen: 734658560, grad norm: 0.6303
[iter 11220]loss: 3.2907, tokens/sec: 30421.36 ± 2260.00, tokens seen: 735313920, grad norm: 0.6202
[iter 11230]loss: 3.2813, tokens/sec: 30421.87 ± 2259.06, tokens seen: 735969280, grad norm: 0.6260
[iter 11240]loss: 3.3950, tokens/sec: 30422.36 ± 2258.11, tokens seen: 736624640, grad norm: 0.6175
[iter 11250]loss: 3.4224, tokens/sec: 30422.87 ± 2257.17, tokens seen: 737280000, grad norm: 0.6423
[iter 11260]loss: 3.3770, tokens/sec: 30423.38 ± 2256.24, tokens seen: 737935360, grad norm: 0.5735
[iter 11270]loss: 3.3694, tokens/sec: 30423.89 ± 2255.30, tokens seen: 738590720, grad norm: 0.5856
[iter 11280]loss: 3.2303, tokens/sec: 30424.38 ± 2254.36, tokens seen: 739246080, grad norm: 0.6247
[iter 11290]loss: 3.3783, tokens/sec: 30424.88 ± 2253.42, tokens seen: 739901440, grad norm: 0.6164
[iter 11300]loss: 3.4817, tokens/sec: 30425.37 ± 2252.49, tokens seen: 740556800, grad norm: 0.5839
[iter 11310]loss: 3.2826, tokens/sec: 30425.86 ± 2251.55, tokens seen: 741212160, grad norm: 0.6094
[iter 11320]loss: 3.5126, tokens/sec: 30426.36 ± 2250.62, tokens seen: 741867520, grad norm: 0.5882
[iter 11330]loss: 3.4693, tokens/sec: 30426.85 ± 2249.69, tokens seen: 742522880, grad norm: 0.5848
[iter 11340]loss: 3.3973, tokens/sec: 30427.35 ± 2248.76, tokens seen: 743178240, grad norm: 0.6270
[iter 11350]loss: 3.0975, tokens/sec: 30427.85 ± 2247.83, tokens seen: 743833600, grad norm: 0.5838
[iter 11360]loss: 3.4078, tokens/sec: 30428.34 ± 2246.90, tokens seen: 744488960, grad norm: 0.6781
[iter 11370]loss: 3.0899, tokens/sec: 30428.81 ± 2245.97, tokens seen: 745144320, grad norm: 0.6955
[iter 11380]loss: 3.3669, tokens/sec: 30429.29 ± 2245.04, tokens seen: 745799680, grad norm: 0.6053
[iter 11390]loss: 3.3597, tokens/sec: 30429.76 ± 2244.11, tokens seen: 746455040, grad norm: 0.6172
[iter 11400]loss: 3.3237, tokens/sec: 30430.23 ± 2243.18, tokens seen: 747110400, grad norm: 0.6389
[iter 11410]loss: 3.3114, tokens/sec: 30430.67 ± 2242.25, tokens seen: 747765760, grad norm: 0.6482
[iter 11420]loss: 3.1580, tokens/sec: 30431.15 ± 2241.33, tokens seen: 748421120, grad norm: 0.5812
[iter 11430]loss: 3.4592, tokens/sec: 30431.64 ± 2240.41, tokens seen: 749076480, grad norm: 0.5885
[iter 11440]loss: 3.3166, tokens/sec: 30432.12 ± 2239.49, tokens seen: 749731840, grad norm: 0.6216
[iter 11450]loss: 3.3558, tokens/sec: 30432.59 ± 2238.57, tokens seen: 750387200, grad norm: 0.6129
[iter 11460]loss: 3.2601, tokens/sec: 30433.07 ± 2237.65, tokens seen: 751042560, grad norm: 0.6105
[iter 11470]loss: 3.4325, tokens/sec: 30433.54 ± 2236.73, tokens seen: 751697920, grad norm: 0.6687
[iter 11480]loss: 3.2849, tokens/sec: 30434.02 ± 2235.81, tokens seen: 752353280, grad norm: 0.6266
[iter 11490]loss: 3.1948, tokens/sec: 30434.49 ± 2234.90, tokens seen: 753008640, grad norm: 0.5930
[step 11500]train loss: 3.3068, val loss: 3.3106, (avg train loss: 0.8246 ± 0.0353), (avg grad norm: 0.6121 ± 0.0338)
saving checkpoint to ./out-owt-large-mhc-lora-residual-midnorm-inbeta-bs8-20000step
[iter 11500]loss: 2.9731, tokens/sec: 30434.93 ± 2233.98, tokens seen: 753664000, grad norm: 0.7287
[iter 11510]loss: 3.4207, tokens/sec: 30435.40 ± 2233.07, tokens seen: 754319360, grad norm: 0.8774
[iter 11520]loss: 3.2779, tokens/sec: 30435.85 ± 2232.15, tokens seen: 754974720, grad norm: 0.6841
[iter 11530]loss: 3.0385, tokens/sec: 30436.33 ± 2231.24, tokens seen: 755630080, grad norm: 0.6583
[iter 11540]loss: 3.2671, tokens/sec: 30436.80 ± 2230.33, tokens seen: 756285440, grad norm: 0.6513
[iter 11550]loss: 3.4937, tokens/sec: 30437.27 ± 2229.42, tokens seen: 756940800, grad norm: 0.5922
[iter 11560]loss: 3.2982, tokens/sec: 30437.74 ± 2228.52, tokens seen: 757596160, grad norm: 0.6655
[iter 11570]loss: 3.3232, tokens/sec: 30438.21 ± 2227.61, tokens seen: 758251520, grad norm: 0.5944
[iter 11580]loss: 3.2376, tokens/sec: 30438.68 ± 2226.71, tokens seen: 758906880, grad norm: 0.5700
[iter 11590]loss: 3.4198, tokens/sec: 30439.14 ± 2225.80, tokens seen: 759562240, grad norm: 0.6274
[iter 11600]loss: 3.1912, tokens/sec: 30439.60 ± 2224.90, tokens seen: 760217600, grad norm: 0.5895
[iter 11610]loss: 3.1185, tokens/sec: 30440.06 ± 2223.99, tokens seen: 760872960, grad norm: 0.6342
[iter 11620]loss: 3.3037, tokens/sec: 30440.53 ± 2223.09, tokens seen: 761528320, grad norm: 0.6289
[iter 11630]loss: 3.2688, tokens/sec: 30441.00 ± 2222.19, tokens seen: 762183680, grad norm: 0.5723
[iter 11640]loss: 3.3041, tokens/sec: 30441.46 ± 2221.30, tokens seen: 762839040, grad norm: 0.5945
[iter 11650]loss: 3.3181, tokens/sec: 30441.92 ± 2220.40, tokens seen: 763494400, grad norm: 0.6998
[iter 11660]loss: 3.3323, tokens/sec: 30442.39 ± 2219.50, tokens seen: 764149760, grad norm: 0.6057
[iter 11670]loss: 3.3882, tokens/sec: 30442.84 ± 2218.61, tokens seen: 764805120, grad norm: 0.6566
[iter 11680]loss: 3.1399, tokens/sec: 30443.30 ± 2217.71, tokens seen: 765460480, grad norm: 0.5769
[iter 11690]loss: 3.1608, tokens/sec: 30443.76 ± 2216.82, tokens seen: 766115840, grad norm: 1.0279
[iter 11700]loss: 3.2638, tokens/sec: 30444.21 ± 2215.93, tokens seen: 766771200, grad norm: 0.6046
[iter 11710]loss: 3.3388, tokens/sec: 30444.67 ± 2215.03, tokens seen: 767426560, grad norm: 0.6310
[iter 11720]loss: 3.1421, tokens/sec: 30445.11 ± 2214.14, tokens seen: 768081920, grad norm: 0.6073
[iter 11730]loss: 3.2232, tokens/sec: 30445.56 ± 2213.25, tokens seen: 768737280, grad norm: 0.6500
[iter 11740]loss: 3.4052, tokens/sec: 30446.01 ± 2212.36, tokens seen: 769392640, grad norm: 0.6154
[iter 11750]loss: 3.2282, tokens/sec: 30446.47 ± 2211.48, tokens seen: 770048000, grad norm: 0.6043
[iter 11760]loss: 2.8939, tokens/sec: 30446.92 ± 2210.59, tokens seen: 770703360, grad norm: 0.5907
[iter 11770]loss: 3.1807, tokens/sec: 30447.37 ± 2209.70, tokens seen: 771358720, grad norm: 0.5771
[iter 11780]loss: 3.2616, tokens/sec: 30447.83 ± 2208.82, tokens seen: 772014080, grad norm: 0.6465
[iter 11790]loss: 3.3256, tokens/sec: 30448.28 ± 2207.94, tokens seen: 772669440, grad norm: 0.6137
[iter 11800]loss: 3.3409, tokens/sec: 30448.73 ± 2207.06, tokens seen: 773324800, grad norm: 0.6192
[iter 11810]loss: 3.1326, tokens/sec: 30449.18 ± 2206.18, tokens seen: 773980160, grad norm: 0.6064
[iter 11820]loss: 3.3148, tokens/sec: 30449.63 ± 2205.30, tokens seen: 774635520, grad norm: 0.5689
[iter 11830]loss: 3.2511, tokens/sec: 30450.09 ± 2204.42, tokens seen: 775290880, grad norm: 0.6670
[iter 11840]loss: 3.1574, tokens/sec: 30450.54 ± 2203.55, tokens seen: 775946240, grad norm: 0.6111
[iter 11850]loss: 3.4010, tokens/sec: 30450.99 ± 2202.67, tokens seen: 776601600, grad norm: 0.6004
[iter 11860]loss: 3.3115, tokens/sec: 30451.43 ± 2201.80, tokens seen: 777256960, grad norm: 0.6101
[iter 11870]loss: 3.1077, tokens/sec: 30451.88 ± 2200.92, tokens seen: 777912320, grad norm: 0.6141
[iter 11880]loss: 2.9984, tokens/sec: 30452.33 ± 2200.05, tokens seen: 778567680, grad norm: 0.5956
[iter 11890]loss: 3.1283, tokens/sec: 30452.78 ± 2199.18, tokens seen: 779223040, grad norm: 0.6024
[iter 11900]loss: 3.4203, tokens/sec: 30453.22 ± 2198.31, tokens seen: 779878400, grad norm: 0.6437
[iter 11910]loss: 3.3064, tokens/sec: 30453.67 ± 2197.44, tokens seen: 780533760, grad norm: 0.6479
[iter 11920]loss: 3.1010, tokens/sec: 30453.09 ± 2199.15, tokens seen: 781189120, grad norm: 0.6217
[iter 11930]loss: 3.3320, tokens/sec: 30453.53 ± 2198.28, tokens seen: 781844480, grad norm: 0.6160
[iter 11940]loss: 3.4339, tokens/sec: 30453.96 ± 2197.41, tokens seen: 782499840, grad norm: 0.6247
[iter 11950]loss: 3.2607, tokens/sec: 30454.40 ± 2196.55, tokens seen: 783155200, grad norm: 0.6147
[iter 11960]loss: 3.3223, tokens/sec: 30454.84 ± 2195.68, tokens seen: 783810560, grad norm: 0.5990
[iter 11970]loss: 3.2706, tokens/sec: 30455.26 ± 2194.81, tokens seen: 784465920, grad norm: 0.6083
[iter 11980]loss: 3.3594, tokens/sec: 30454.82 ± 2195.81, tokens seen: 785121280, grad norm: 0.6151
[iter 11990]loss: 3.5518, tokens/sec: 30455.26 ± 2194.95, tokens seen: 785776640, grad norm: 0.6086
[step 12000]train loss: 3.2973, val loss: 3.2822, (avg train loss: 0.8217 ± 0.0364), (avg grad norm: 0.6263 ± 0.0593)
saving checkpoint to ./out-owt-large-mhc-lora-residual-midnorm-inbeta-bs8-20000step
[iter 12000]loss: 3.3577, tokens/sec: 30455.70 ± 2194.08, tokens seen: 786432000, grad norm: 0.6049
[iter 12010]loss: 3.3576, tokens/sec: 30456.12 ± 2193.22, tokens seen: 787087360, grad norm: 0.6139
[iter 12020]loss: 3.3864, tokens/sec: 30456.57 ± 2192.36, tokens seen: 787742720, grad norm: 0.6047
[iter 12030]loss: 3.1648, tokens/sec: 30457.01 ± 2191.51, tokens seen: 788398080, grad norm: 0.6199
[iter 12040]loss: 3.3026, tokens/sec: 30457.45 ± 2190.65, tokens seen: 789053440, grad norm: 0.6045
[iter 12050]loss: 3.0531, tokens/sec: 30457.89 ± 2189.79, tokens seen: 789708800, grad norm: 0.6088
[iter 12060]loss: 3.1977, tokens/sec: 30458.33 ± 2188.94, tokens seen: 790364160, grad norm: 0.6484
[iter 12070]loss: 3.3492, tokens/sec: 30458.77 ± 2188.08, tokens seen: 791019520, grad norm: 0.5925
[iter 12080]loss: 3.1267, tokens/sec: 30459.20 ± 2187.23, tokens seen: 791674880, grad norm: 0.7020
[iter 12090]loss: 3.2881, tokens/sec: 30459.64 ± 2186.38, tokens seen: 792330240, grad norm: 0.6459
[iter 12100]loss: 3.3347, tokens/sec: 30460.07 ± 2185.53, tokens seen: 792985600, grad norm: 0.6283
[iter 12110]loss: 3.5473, tokens/sec: 30460.50 ± 2184.68, tokens seen: 793640960, grad norm: 0.6152
[iter 12120]loss: 3.3316, tokens/sec: 30460.93 ± 2183.83, tokens seen: 794296320, grad norm: 0.5994
[iter 12130]loss: 2.9915, tokens/sec: 30461.36 ± 2182.98, tokens seen: 794951680, grad norm: 0.6625
[iter 12140]loss: 3.4685, tokens/sec: 30461.79 ± 2182.13, tokens seen: 795607040, grad norm: 0.6235
[iter 12150]loss: 3.1586, tokens/sec: 30462.23 ± 2181.28, tokens seen: 796262400, grad norm: 0.7014
[iter 12160]loss: 3.2981, tokens/sec: 30462.66 ± 2180.44, tokens seen: 796917760, grad norm: 0.6112
[iter 12170]loss: 3.3288, tokens/sec: 30463.09 ± 2179.60, tokens seen: 797573120, grad norm: 0.6280
[iter 12180]loss: 3.6067, tokens/sec: 30463.52 ± 2178.75, tokens seen: 798228480, grad norm: 0.6048
[iter 12190]loss: 3.1362, tokens/sec: 30463.96 ± 2177.91, tokens seen: 798883840, grad norm: 0.6171
[iter 12200]loss: 3.2241, tokens/sec: 30464.38 ± 2177.07, tokens seen: 799539200, grad norm: 0.6077
[iter 12210]loss: 3.3828, tokens/sec: 30464.80 ± 2176.23, tokens seen: 800194560, grad norm: 0.6183
[iter 12220]loss: 3.2193, tokens/sec: 30465.23 ± 2175.39, tokens seen: 800849920, grad norm: 0.5799
[iter 12230]loss: 3.4286, tokens/sec: 30465.65 ± 2174.55, tokens seen: 801505280, grad norm: 0.5963
[iter 12240]loss: 3.2773, tokens/sec: 30466.07 ± 2173.71, tokens seen: 802160640, grad norm: 0.5917
[iter 12250]loss: 3.2464, tokens/sec: 30466.50 ± 2172.87, tokens seen: 802816000, grad norm: 0.6124
[iter 12260]loss: 3.2006, tokens/sec: 30466.93 ± 2172.04, tokens seen: 803471360, grad norm: 0.6330
[iter 12270]loss: 3.2384, tokens/sec: 30467.35 ± 2171.20, tokens seen: 804126720, grad norm: 0.6263
[iter 12280]loss: 3.1428, tokens/sec: 30467.78 ± 2170.37, tokens seen: 804782080, grad norm: 0.6548
[iter 12290]loss: 2.9634, tokens/sec: 30468.20 ± 2169.54, tokens seen: 805437440, grad norm: 0.6066
[iter 12300]loss: 3.2710, tokens/sec: 30468.62 ± 2168.71, tokens seen: 806092800, grad norm: 0.6244
[iter 12310]loss: 3.1202, tokens/sec: 30469.04 ± 2167.88, tokens seen: 806748160, grad norm: 0.6039
[iter 12320]loss: 3.1529, tokens/sec: 30469.46 ± 2167.05, tokens seen: 807403520, grad norm: 0.5957
[iter 12330]loss: 3.2640, tokens/sec: 30469.88 ± 2166.22, tokens seen: 808058880, grad norm: 0.6296
[iter 12340]loss: 3.1091, tokens/sec: 30470.30 ± 2165.39, tokens seen: 808714240, grad norm: 0.6473
[iter 12350]loss: 3.2616, tokens/sec: 30470.73 ± 2164.57, tokens seen: 809369600, grad norm: 0.6501
[iter 12360]loss: 3.3407, tokens/sec: 30471.14 ± 2163.74, tokens seen: 810024960, grad norm: 0.5973
[iter 12370]loss: 3.3409, tokens/sec: 30471.55 ± 2162.91, tokens seen: 810680320, grad norm: 0.5886
[iter 12380]loss: 3.3579, tokens/sec: 30471.96 ± 2162.09, tokens seen: 811335680, grad norm: 0.6842
[iter 12390]loss: 3.2615, tokens/sec: 30472.38 ± 2161.26, tokens seen: 811991040, grad norm: 0.5986
[iter 12400]loss: 3.2863, tokens/sec: 30472.79 ± 2160.44, tokens seen: 812646400, grad norm: 0.6586
[iter 12410]loss: 3.3578, tokens/sec: 30473.20 ± 2159.62, tokens seen: 813301760, grad norm: 0.6810
[iter 12420]loss: 2.9802, tokens/sec: 30473.61 ± 2158.80, tokens seen: 813957120, grad norm: 0.6234
[iter 12430]loss: 3.2132, tokens/sec: 30474.02 ± 2157.98, tokens seen: 814612480, grad norm: 0.6225
[iter 12440]loss: 3.5385, tokens/sec: 30474.44 ± 2157.16, tokens seen: 815267840, grad norm: 0.6270
[iter 12450]loss: 3.2380, tokens/sec: 30474.84 ± 2156.34, tokens seen: 815923200, grad norm: 0.6056
[iter 12460]loss: 3.1351, tokens/sec: 30475.25 ± 2155.53, tokens seen: 816578560, grad norm: 0.5992
[iter 12470]loss: 3.2112, tokens/sec: 30475.66 ± 2154.71, tokens seen: 817233920, grad norm: 0.6400
[iter 12480]loss: 3.1999, tokens/sec: 30476.07 ± 2153.90, tokens seen: 817889280, grad norm: 0.6051
[iter 12490]loss: 3.1163, tokens/sec: 30476.48 ± 2153.08, tokens seen: 818544640, grad norm: 0.6261
[step 12500]train loss: 3.2748, val loss: 3.2702, (avg train loss: 0.8180 ± 0.0323), (avg grad norm: 0.6309 ± 0.0406)
saving checkpoint to ./out-owt-large-mhc-lora-residual-midnorm-inbeta-bs8-20000step
[iter 12500]loss: 3.2632, tokens/sec: 30476.88 ± 2152.27, tokens seen: 819200000, grad norm: 0.6004
[iter 12510]loss: 3.5183, tokens/sec: 30477.30 ± 2151.46, tokens seen: 819855360, grad norm: 0.6301
[iter 12520]loss: 3.2720, tokens/sec: 30477.71 ± 2150.65, tokens seen: 820510720, grad norm: 0.6237
[iter 12530]loss: 3.2919, tokens/sec: 30478.10 ± 2149.83, tokens seen: 821166080, grad norm: 0.6528
[iter 12540]loss: 3.3903, tokens/sec: 30478.51 ± 2149.02, tokens seen: 821821440, grad norm: 0.6158
[iter 12550]loss: 3.4872, tokens/sec: 30478.91 ± 2148.22, tokens seen: 822476800, grad norm: 0.6216
[iter 12560]loss: 3.2281, tokens/sec: 30479.32 ± 2147.41, tokens seen: 823132160, grad norm: 0.6025
[iter 12570]loss: 2.9291, tokens/sec: 30479.72 ± 2146.60, tokens seen: 823787520, grad norm: 0.6293
[iter 12580]loss: 3.3307, tokens/sec: 30480.12 ± 2145.80, tokens seen: 824442880, grad norm: 0.6304
[iter 12590]loss: 2.9614, tokens/sec: 30480.51 ± 2144.99, tokens seen: 825098240, grad norm: 0.5948
[iter 12600]loss: 3.3174, tokens/sec: 30480.91 ± 2144.18, tokens seen: 825753600, grad norm: 0.6397
[iter 12610]loss: 3.1757, tokens/sec: 30481.32 ± 2143.38, tokens seen: 826408960, grad norm: 0.6802
[iter 12620]loss: 3.1270, tokens/sec: 30481.71 ± 2142.58, tokens seen: 827064320, grad norm: 0.6551
[iter 12630]loss: 3.1499, tokens/sec: 30482.10 ± 2141.78, tokens seen: 827719680, grad norm: 0.6072
[iter 12640]loss: 3.4542, tokens/sec: 30482.50 ± 2140.97, tokens seen: 828375040, grad norm: 0.6070
[iter 12650]loss: 3.0328, tokens/sec: 30482.89 ± 2140.17, tokens seen: 829030400, grad norm: 0.6167
[iter 12660]loss: 3.5102, tokens/sec: 30483.29 ± 2139.37, tokens seen: 829685760, grad norm: 0.6192
[iter 12670]loss: 3.2529, tokens/sec: 30483.68 ± 2138.58, tokens seen: 830341120, grad norm: 0.7070
[iter 12680]loss: 3.2267, tokens/sec: 30484.06 ± 2137.78, tokens seen: 830996480, grad norm: 0.6152
[iter 12690]loss: 3.3810, tokens/sec: 30484.46 ± 2136.98, tokens seen: 831651840, grad norm: 0.5972
[iter 12700]loss: 3.0900, tokens/sec: 30484.06 ± 2137.87, tokens seen: 832307200, grad norm: 0.6069
[iter 12710]loss: 3.2403, tokens/sec: 30484.44 ± 2137.07, tokens seen: 832962560, grad norm: 0.6185
[iter 12720]loss: 3.0552, tokens/sec: 30484.83 ± 2136.28, tokens seen: 833617920, grad norm: 0.6132
[iter 12730]loss: 3.1930, tokens/sec: 30485.23 ± 2135.49, tokens seen: 834273280, grad norm: 0.6463
[iter 12740]loss: 3.2184, tokens/sec: 30485.62 ± 2134.69, tokens seen: 834928640, grad norm: 0.6230
[iter 12750]loss: 3.1259, tokens/sec: 30486.01 ± 2133.90, tokens seen: 835584000, grad norm: 0.6480
[iter 12760]loss: 3.2401, tokens/sec: 30486.39 ± 2133.11, tokens seen: 836239360, grad norm: 0.6150
[iter 12770]loss: 3.3370, tokens/sec: 30486.78 ± 2132.32, tokens seen: 836894720, grad norm: 0.6505
[iter 12780]loss: 3.0899, tokens/sec: 30487.18 ± 2131.53, tokens seen: 837550080, grad norm: 0.6123
[iter 12790]loss: 3.5347, tokens/sec: 30487.58 ± 2130.75, tokens seen: 838205440, grad norm: 0.6423
[iter 12800]loss: 3.3382, tokens/sec: 30487.97 ± 2129.96, tokens seen: 838860800, grad norm: 0.6319
[iter 12810]loss: 3.0691, tokens/sec: 30488.35 ± 2129.17, tokens seen: 839516160, grad norm: 0.6384
[iter 12820]loss: 3.3922, tokens/sec: 30488.74 ± 2128.39, tokens seen: 840171520, grad norm: 0.5913
[iter 12830]loss: 3.3289, tokens/sec: 30489.14 ± 2127.61, tokens seen: 840826880, grad norm: 0.6164
[iter 12840]loss: 3.4989, tokens/sec: 30489.52 ± 2126.82, tokens seen: 841482240, grad norm: 0.6082
[iter 12850]loss: 3.1340, tokens/sec: 30489.90 ± 2126.04, tokens seen: 842137600, grad norm: 0.6481
[iter 12860]loss: 3.1047, tokens/sec: 30490.28 ± 2125.26, tokens seen: 842792960, grad norm: 0.6669
[iter 12870]loss: 3.2771, tokens/sec: 30490.67 ± 2124.48, tokens seen: 843448320, grad norm: 0.6587
[iter 12880]loss: 3.3352, tokens/sec: 30491.05 ± 2123.70, tokens seen: 844103680, grad norm: 0.5903
[iter 12890]loss: 3.1528, tokens/sec: 30491.43 ± 2122.92, tokens seen: 844759040, grad norm: 0.5961
[iter 12900]loss: 3.1287, tokens/sec: 30491.81 ± 2122.14, tokens seen: 845414400, grad norm: 0.6177
[iter 12910]loss: 3.5536, tokens/sec: 30492.19 ± 2121.36, tokens seen: 846069760, grad norm: 0.6469
[iter 12920]loss: 3.3048, tokens/sec: 30492.58 ± 2120.58, tokens seen: 846725120, grad norm: 0.5845
[iter 12930]loss: 2.9346, tokens/sec: 30492.95 ± 2119.81, tokens seen: 847380480, grad norm: 0.6728
[iter 12940]loss: 3.2713, tokens/sec: 30493.33 ± 2119.03, tokens seen: 848035840, grad norm: 0.6246
[iter 12950]loss: 3.1448, tokens/sec: 30492.89 ± 2120.13, tokens seen: 848691200, grad norm: 0.6361
[iter 12960]loss: 3.1454, tokens/sec: 30493.28 ± 2119.36, tokens seen: 849346560, grad norm: 0.6056
[iter 12970]loss: 3.3673, tokens/sec: 30493.65 ± 2118.58, tokens seen: 850001920, grad norm: 0.6552
[iter 12980]loss: 3.4257, tokens/sec: 30494.02 ± 2117.81, tokens seen: 850657280, grad norm: 0.6408
[iter 12990]loss: 2.9407, tokens/sec: 30494.41 ± 2117.04, tokens seen: 851312640, grad norm: 0.6098
[step 13000]train loss: 3.2667, val loss: 3.2579, (avg train loss: 0.8116 ± 0.0382), (avg grad norm: 0.6305 ± 0.0273)
saving checkpoint to ./out-owt-large-mhc-lora-residual-midnorm-inbeta-bs8-20000step
[iter 13000]loss: 3.0475, tokens/sec: 30494.78 ± 2116.27, tokens seen: 851968000, grad norm: 0.5848
[iter 13010]loss: 3.2896, tokens/sec: 30495.17 ± 2115.50, tokens seen: 852623360, grad norm: 0.6214
[iter 13020]loss: 3.1535, tokens/sec: 30495.52 ± 2114.73, tokens seen: 853278720, grad norm: 0.6187
[iter 13030]loss: 3.0028, tokens/sec: 30495.89 ± 2113.96, tokens seen: 853934080, grad norm: 0.6041
[iter 13040]loss: 3.6283, tokens/sec: 30496.27 ± 2113.19, tokens seen: 854589440, grad norm: 0.6089
[iter 13050]loss: 3.4500, tokens/sec: 30496.64 ± 2112.42, tokens seen: 855244800, grad norm: 0.6507
[iter 13060]loss: 3.2235, tokens/sec: 30497.02 ± 2111.66, tokens seen: 855900160, grad norm: 0.6044
[iter 13070]loss: 2.9560, tokens/sec: 30497.39 ± 2110.89, tokens seen: 856555520, grad norm: 0.6083
[iter 13080]loss: 3.1958, tokens/sec: 30497.76 ± 2110.13, tokens seen: 857210880, grad norm: 0.6250
[iter 13090]loss: 3.1820, tokens/sec: 30498.14 ± 2109.37, tokens seen: 857866240, grad norm: 0.7047
[iter 13100]loss: 2.8788, tokens/sec: 30498.49 ± 2108.60, tokens seen: 858521600, grad norm: 0.6105
[iter 13110]loss: 3.1458, tokens/sec: 30498.86 ± 2107.84, tokens seen: 859176960, grad norm: 0.6847
[iter 13120]loss: 3.2613, tokens/sec: 30499.23 ± 2107.08, tokens seen: 859832320, grad norm: 0.6277
[iter 13130]loss: 3.2776, tokens/sec: 30499.60 ± 2106.32, tokens seen: 860487680, grad norm: 0.6461
[iter 13140]loss: 3.2436, tokens/sec: 30499.97 ± 2105.56, tokens seen: 861143040, grad norm: 0.6376
[iter 13150]loss: 3.2747, tokens/sec: 30500.34 ± 2104.80, tokens seen: 861798400, grad norm: 0.6797
[iter 13160]loss: 3.1835, tokens/sec: 30500.72 ± 2104.05, tokens seen: 862453760, grad norm: 0.6322
[iter 13170]loss: 3.3900, tokens/sec: 30501.08 ± 2103.29, tokens seen: 863109120, grad norm: 0.6611
[iter 13180]loss: 3.2186, tokens/sec: 30501.44 ± 2102.53, tokens seen: 863764480, grad norm: 0.6596
[iter 13190]loss: 3.3207, tokens/sec: 30501.81 ± 2101.78, tokens seen: 864419840, grad norm: 0.6249
[iter 13200]loss: 3.2996, tokens/sec: 30502.17 ± 2101.02, tokens seen: 865075200, grad norm: 0.6190
[iter 13210]loss: 3.2911, tokens/sec: 30502.54 ± 2100.27, tokens seen: 865730560, grad norm: 0.6931
[iter 13220]loss: 3.2224, tokens/sec: 30502.91 ± 2099.52, tokens seen: 866385920, grad norm: 0.6265
[iter 13230]loss: 3.2164, tokens/sec: 30503.27 ± 2098.77, tokens seen: 867041280, grad norm: 0.5934
[iter 13240]loss: 3.4059, tokens/sec: 30503.63 ± 2098.01, tokens seen: 867696640, grad norm: 0.6557
[iter 13250]loss: 3.3629, tokens/sec: 30503.99 ± 2097.26, tokens seen: 868352000, grad norm: 0.6025
[iter 13260]loss: 3.2075, tokens/sec: 30504.35 ± 2096.51, tokens seen: 869007360, grad norm: 0.6065
[iter 13270]loss: 3.3861, tokens/sec: 30504.71 ± 2095.76, tokens seen: 869662720, grad norm: 0.6523
[iter 13280]loss: 3.1678, tokens/sec: 30505.06 ± 2095.01, tokens seen: 870318080, grad norm: 0.6144
[iter 13290]loss: 3.3276, tokens/sec: 30505.43 ± 2094.27, tokens seen: 870973440, grad norm: 0.6094
[iter 13300]loss: 3.1026, tokens/sec: 30505.79 ± 2093.52, tokens seen: 871628800, grad norm: 0.6501
[iter 13310]loss: 3.2200, tokens/sec: 30506.15 ± 2092.78, tokens seen: 872284160, grad norm: 0.6373
[iter 13320]loss: 3.2611, tokens/sec: 30506.51 ± 2092.03, tokens seen: 872939520, grad norm: 0.6318
[iter 13330]loss: 3.4319, tokens/sec: 30506.87 ± 2091.29, tokens seen: 873594880, grad norm: 0.5905
[iter 13340]loss: 3.2852, tokens/sec: 30507.23 ± 2090.55, tokens seen: 874250240, grad norm: 0.6986
[iter 13350]loss: 3.4063, tokens/sec: 30507.58 ± 2089.80, tokens seen: 874905600, grad norm: 0.6802
[iter 13360]loss: 3.4196, tokens/sec: 30507.93 ± 2089.06, tokens seen: 875560960, grad norm: 0.6028
[iter 13370]loss: 3.2671, tokens/sec: 30508.29 ± 2088.32, tokens seen: 876216320, grad norm: 0.6075
[iter 13380]loss: 3.3345, tokens/sec: 30508.65 ± 2087.58, tokens seen: 876871680, grad norm: 0.6178
[iter 13390]loss: 3.4019, tokens/sec: 30509.01 ± 2086.84, tokens seen: 877527040, grad norm: 0.6286
[iter 13400]loss: 3.3258, tokens/sec: 30509.37 ± 2086.10, tokens seen: 878182400, grad norm: 0.6194
[iter 13410]loss: 3.2288, tokens/sec: 30509.72 ± 2085.37, tokens seen: 878837760, grad norm: 0.6100
[iter 13420]loss: 3.3360, tokens/sec: 30510.07 ± 2084.63, tokens seen: 879493120, grad norm: 0.6481
[iter 13430]loss: 3.1663, tokens/sec: 30510.43 ± 2083.90, tokens seen: 880148480, grad norm: 0.6383
[iter 13440]loss: 3.3527, tokens/sec: 30510.78 ± 2083.16, tokens seen: 880803840, grad norm: 0.6547
[iter 13450]loss: 3.3132, tokens/sec: 30511.14 ± 2082.43, tokens seen: 881459200, grad norm: 0.6842
[iter 13460]loss: 3.1732, tokens/sec: 30511.49 ± 2081.69, tokens seen: 882114560, grad norm: 0.6682
[iter 13470]loss: 3.4612, tokens/sec: 30511.84 ± 2080.96, tokens seen: 882769920, grad norm: 0.6041
[iter 13480]loss: 3.2460, tokens/sec: 30511.47 ± 2081.75, tokens seen: 883425280, grad norm: 0.6406
[iter 13490]loss: 3.2569, tokens/sec: 30511.82 ± 2081.02, tokens seen: 884080640, grad norm: 0.6122
[step 13500]train loss: 3.2519, val loss: 3.2652, (avg train loss: 0.8171 ± 0.0358), (avg grad norm: 0.6348 ± 0.0274)
[iter 13500]loss: 3.1300, tokens/sec: 30512.17 ± 2080.29, tokens seen: 884736000, grad norm: 0.6174
[iter 13510]loss: 3.4161, tokens/sec: 30512.51 ± 2079.56, tokens seen: 885391360, grad norm: 0.6895
[iter 13520]loss: 3.0188, tokens/sec: 30512.85 ± 2078.83, tokens seen: 886046720, grad norm: 0.6382
[iter 13530]loss: 3.3900, tokens/sec: 30513.20 ± 2078.10, tokens seen: 886702080, grad norm: 0.6412
[iter 13540]loss: 3.1595, tokens/sec: 30513.54 ± 2077.37, tokens seen: 887357440, grad norm: 0.6028
[iter 13550]loss: 2.9889, tokens/sec: 30513.88 ± 2076.64, tokens seen: 888012800, grad norm: 0.6387
[iter 13560]loss: 3.4706, tokens/sec: 30514.22 ± 2075.91, tokens seen: 888668160, grad norm: 0.6561
[iter 13570]loss: 3.1772, tokens/sec: 30514.57 ± 2075.19, tokens seen: 889323520, grad norm: 0.6132
[iter 13580]loss: 3.0727, tokens/sec: 30514.92 ± 2074.46, tokens seen: 889978880, grad norm: 0.6284
[iter 13590]loss: 3.2362, tokens/sec: 30515.27 ± 2073.74, tokens seen: 890634240, grad norm: 0.7207
[iter 13600]loss: 3.3786, tokens/sec: 30515.61 ± 2073.01, tokens seen: 891289600, grad norm: 0.6414
[iter 13610]loss: 3.0786, tokens/sec: 30515.96 ± 2072.29, tokens seen: 891944960, grad norm: 0.6260
[iter 13620]loss: 3.2773, tokens/sec: 30516.30 ± 2071.57, tokens seen: 892600320, grad norm: 0.6303
[iter 13630]loss: 3.3147, tokens/sec: 30516.64 ± 2070.85, tokens seen: 893255680, grad norm: 0.6671
[iter 13640]loss: 3.1572, tokens/sec: 30516.99 ± 2070.13, tokens seen: 893911040, grad norm: 0.6233
[iter 13650]loss: 3.3668, tokens/sec: 30517.33 ± 2069.41, tokens seen: 894566400, grad norm: 0.6689
[iter 13660]loss: 3.1069, tokens/sec: 30517.67 ± 2068.69, tokens seen: 895221760, grad norm: 0.6842
[iter 13670]loss: 3.4824, tokens/sec: 30518.01 ± 2067.97, tokens seen: 895877120, grad norm: 0.6957
[iter 13680]loss: 3.4007, tokens/sec: 30518.35 ± 2067.25, tokens seen: 896532480, grad norm: 0.6313
[iter 13690]loss: 3.1716, tokens/sec: 30518.69 ± 2066.54, tokens seen: 897187840, grad norm: 0.6702
[iter 13700]loss: 3.1657, tokens/sec: 30519.04 ± 2065.82, tokens seen: 897843200, grad norm: 0.7203
[iter 13710]loss: 3.2185, tokens/sec: 30519.38 ± 2065.11, tokens seen: 898498560, grad norm: 0.6239
[iter 13720]loss: 3.3772, tokens/sec: 30519.72 ± 2064.39, tokens seen: 899153920, grad norm: 0.6752
[iter 13730]loss: 3.3718, tokens/sec: 30520.05 ± 2063.68, tokens seen: 899809280, grad norm: 0.6365
[iter 13740]loss: 3.2942, tokens/sec: 30520.38 ± 2062.97, tokens seen: 900464640, grad norm: 0.6426
[iter 13750]loss: 3.1516, tokens/sec: 30520.70 ± 2062.25, tokens seen: 901120000, grad norm: 0.6206
[iter 13760]loss: 3.0186, tokens/sec: 30521.03 ± 2061.54, tokens seen: 901775360, grad norm: 0.5986
[iter 13770]loss: 3.3943, tokens/sec: 30521.36 ± 2060.82, tokens seen: 902430720, grad norm: 0.6288
[iter 13780]loss: 3.2526, tokens/sec: 30521.69 ± 2060.11, tokens seen: 903086080, grad norm: 0.6624
[iter 13790]loss: 3.1298, tokens/sec: 30522.02 ± 2059.40, tokens seen: 903741440, grad norm: 0.6485
[iter 13800]loss: 3.4120, tokens/sec: 30522.34 ± 2058.69, tokens seen: 904396800, grad norm: 0.6495
[iter 13810]loss: 3.2052, tokens/sec: 30522.67 ± 2057.98, tokens seen: 905052160, grad norm: 0.6234
[iter 13820]loss: 3.2466, tokens/sec: 30523.00 ± 2057.27, tokens seen: 905707520, grad norm: 0.6348
[iter 13830]loss: 3.3587, tokens/sec: 30523.34 ± 2056.57, tokens seen: 906362880, grad norm: 0.6868
[iter 13840]loss: 3.2331, tokens/sec: 30523.67 ± 2055.86, tokens seen: 907018240, grad norm: 0.6558
[iter 13850]loss: 3.1562, tokens/sec: 30524.00 ± 2055.16, tokens seen: 907673600, grad norm: 0.6316
[iter 13860]loss: 3.0382, tokens/sec: 30524.34 ± 2054.45, tokens seen: 908328960, grad norm: 0.5956
[iter 13870]loss: 3.1483, tokens/sec: 30524.67 ± 2053.75, tokens seen: 908984320, grad norm: 0.6472
[iter 13880]loss: 3.2798, tokens/sec: 30525.00 ± 2053.05, tokens seen: 909639680, grad norm: 0.6562
[iter 13890]loss: 3.0743, tokens/sec: 30525.34 ± 2052.35, tokens seen: 910295040, grad norm: 0.6893
[iter 13900]loss: 3.4157, tokens/sec: 30525.67 ± 2051.64, tokens seen: 910950400, grad norm: 0.6893
[iter 13910]loss: 3.2317, tokens/sec: 30526.00 ± 2050.94, tokens seen: 911605760, grad norm: 0.6528
[iter 13920]loss: 3.2161, tokens/sec: 30526.33 ± 2050.24, tokens seen: 912261120, grad norm: 0.6153
[iter 13930]loss: 3.2921, tokens/sec: 30525.93 ± 2051.19, tokens seen: 912916480, grad norm: 0.6655
[iter 13940]loss: 2.9201, tokens/sec: 30526.25 ± 2050.49, tokens seen: 913571840, grad norm: 0.6187
[iter 13950]loss: 3.2402, tokens/sec: 30526.58 ± 2049.80, tokens seen: 914227200, grad norm: 0.6102
[iter 13960]loss: 3.0435, tokens/sec: 30526.91 ± 2049.10, tokens seen: 914882560, grad norm: 0.6475
[iter 13970]loss: 3.1515, tokens/sec: 30527.23 ± 2048.40, tokens seen: 915537920, grad norm: 0.6757
[iter 13980]loss: 3.2727, tokens/sec: 30527.56 ± 2047.71, tokens seen: 916193280, grad norm: 0.6684
[iter 13990]loss: 3.0400, tokens/sec: 30527.89 ± 2047.01, tokens seen: 916848640, grad norm: 0.6110
[step 14000]train loss: 3.2292, val loss: 3.2446, (avg train loss: 0.8041 ± 0.0383), (avg grad norm: 0.6462 ± 0.0312)
saving checkpoint to ./out-owt-large-mhc-lora-residual-midnorm-inbeta-bs8-20000step
[iter 14000]loss: 3.0063, tokens/sec: 30528.22 ± 2046.32, tokens seen: 917504000, grad norm: 0.6399
[iter 14010]loss: 3.2133, tokens/sec: 30528.55 ± 2045.62, tokens seen: 918159360, grad norm: 0.6208
[iter 14020]loss: 2.9859, tokens/sec: 30528.86 ± 2044.93, tokens seen: 918814720, grad norm: 0.6282
[iter 14030]loss: 3.1734, tokens/sec: 30529.19 ± 2044.24, tokens seen: 919470080, grad norm: 0.6666
[iter 14040]loss: 3.2537, tokens/sec: 30529.51 ± 2043.54, tokens seen: 920125440, grad norm: 0.6408
[iter 14050]loss: 3.3019, tokens/sec: 30529.84 ± 2042.85, tokens seen: 920780800, grad norm: 0.6293
[iter 14060]loss: 3.4408, tokens/sec: 30530.16 ± 2042.16, tokens seen: 921436160, grad norm: 0.6426
[iter 14070]loss: 3.0095, tokens/sec: 30530.48 ± 2041.47, tokens seen: 922091520, grad norm: 0.6484
[iter 14080]loss: 3.2308, tokens/sec: 30530.80 ± 2040.78, tokens seen: 922746880, grad norm: 0.6548
[iter 14090]loss: 3.1859, tokens/sec: 30531.12 ± 2040.09, tokens seen: 923402240, grad norm: 0.6251
[iter 14100]loss: 3.2036, tokens/sec: 30531.44 ± 2039.41, tokens seen: 924057600, grad norm: 0.6607
[iter 14110]loss: 3.3930, tokens/sec: 30531.76 ± 2038.72, tokens seen: 924712960, grad norm: 0.6116
[iter 14120]loss: 3.3782, tokens/sec: 30532.08 ± 2038.03, tokens seen: 925368320, grad norm: 0.6376
[iter 14130]loss: 3.1669, tokens/sec: 30532.40 ± 2037.35, tokens seen: 926023680, grad norm: 0.6581
[iter 14140]loss: 3.0055, tokens/sec: 30532.72 ± 2036.66, tokens seen: 926679040, grad norm: 0.6161
[iter 14150]loss: 3.1906, tokens/sec: 30533.04 ± 2035.98, tokens seen: 927334400, grad norm: 0.6430
[iter 14160]loss: 3.2367, tokens/sec: 30533.36 ± 2035.29, tokens seen: 927989760, grad norm: 0.6824
[iter 14170]loss: 3.3159, tokens/sec: 30533.68 ± 2034.61, tokens seen: 928645120, grad norm: 0.6445
[iter 14180]loss: 3.3702, tokens/sec: 30534.00 ± 2033.93, tokens seen: 929300480, grad norm: 0.7289
[iter 14190]loss: 3.3152, tokens/sec: 30534.31 ± 2033.25, tokens seen: 929955840, grad norm: 0.6465
[iter 14200]loss: 3.2644, tokens/sec: 30534.63 ± 2032.57, tokens seen: 930611200, grad norm: 0.6277
[iter 14210]loss: 3.1210, tokens/sec: 30534.94 ± 2031.88, tokens seen: 931266560, grad norm: 0.6643
[iter 14220]loss: 3.0204, tokens/sec: 30535.26 ± 2031.20, tokens seen: 931921920, grad norm: 0.7536
[iter 14230]loss: 3.0465, tokens/sec: 30535.56 ± 2030.52, tokens seen: 932577280, grad norm: 0.6593
[iter 14240]loss: 3.3232, tokens/sec: 30535.88 ± 2029.85, tokens seen: 933232640, grad norm: 0.6242
[iter 14250]loss: 3.2094, tokens/sec: 30535.54 ± 2030.53, tokens seen: 933888000, grad norm: 0.6254
[iter 14260]loss: 3.1223, tokens/sec: 30535.85 ± 2029.86, tokens seen: 934543360, grad norm: 0.6611
[iter 14270]loss: 3.2654, tokens/sec: 30536.17 ± 2029.18, tokens seen: 935198720, grad norm: 0.6179
[iter 14280]loss: 3.2343, tokens/sec: 30536.49 ± 2028.50, tokens seen: 935854080, grad norm: 0.6345
[iter 14290]loss: 3.1449, tokens/sec: 30536.80 ± 2027.83, tokens seen: 936509440, grad norm: 0.7419
[iter 14300]loss: 3.0195, tokens/sec: 30537.12 ± 2027.16, tokens seen: 937164800, grad norm: 0.6305
[iter 14310]loss: 3.2252, tokens/sec: 30537.43 ± 2026.48, tokens seen: 937820160, grad norm: 0.6387
[iter 14320]loss: 3.1986, tokens/sec: 30537.74 ± 2025.81, tokens seen: 938475520, grad norm: 0.7338
[iter 14330]loss: 3.1798, tokens/sec: 30538.06 ± 2025.14, tokens seen: 939130880, grad norm: 0.6661
[iter 14340]loss: 3.2856, tokens/sec: 30538.36 ± 2024.46, tokens seen: 939786240, grad norm: 0.6491
[iter 14350]loss: 2.8744, tokens/sec: 30538.67 ± 2023.79, tokens seen: 940441600, grad norm: 0.6278
[iter 14360]loss: 3.2533, tokens/sec: 30538.98 ± 2023.12, tokens seen: 941096960, grad norm: 0.6503
[iter 14370]loss: 3.3922, tokens/sec: 30539.29 ± 2022.45, tokens seen: 941752320, grad norm: 0.6731
[iter 14380]loss: 3.1653, tokens/sec: 30539.61 ± 2021.78, tokens seen: 942407680, grad norm: 0.6613
[iter 14390]loss: 3.2845, tokens/sec: 30539.92 ± 2021.12, tokens seen: 943063040, grad norm: 0.6431
[iter 14400]loss: 3.1492, tokens/sec: 30540.23 ± 2020.45, tokens seen: 943718400, grad norm: 0.6345
[iter 14410]loss: 3.2439, tokens/sec: 30540.54 ± 2019.78, tokens seen: 944373760, grad norm: 0.6845
[iter 14420]loss: 2.9293, tokens/sec: 30540.85 ± 2019.11, tokens seen: 945029120, grad norm: 0.6252
[iter 14430]loss: 2.9183, tokens/sec: 30541.16 ± 2018.45, tokens seen: 945684480, grad norm: 0.7203
[iter 14440]loss: 3.3137, tokens/sec: 30541.46 ± 2017.78, tokens seen: 946339840, grad norm: 0.6316
[iter 14450]loss: 2.8567, tokens/sec: 30541.77 ± 2017.12, tokens seen: 946995200, grad norm: 0.5985
[iter 14460]loss: 3.3151, tokens/sec: 30542.07 ± 2016.46, tokens seen: 947650560, grad norm: 0.6325
[iter 14470]loss: 3.1262, tokens/sec: 30542.39 ± 2015.79, tokens seen: 948305920, grad norm: 0.6207
[iter 14480]loss: 3.1662, tokens/sec: 30542.69 ± 2015.13, tokens seen: 948961280, grad norm: 0.6418
[iter 14490]loss: 3.2701, tokens/sec: 30542.99 ± 2014.47, tokens seen: 949616640, grad norm: 0.6293
[step 14500]train loss: 3.2145, val loss: 3.2306, (avg train loss: 0.8030 ± 0.0390), (avg grad norm: 0.6516 ± 0.0271)
saving checkpoint to ./out-owt-large-mhc-lora-residual-midnorm-inbeta-bs8-20000step
[iter 14500]loss: 3.3244, tokens/sec: 30543.30 ± 2013.81, tokens seen: 950272000, grad norm: 0.6415
[iter 14510]loss: 3.2418, tokens/sec: 30543.62 ± 2013.15, tokens seen: 950927360, grad norm: 0.6167
[iter 14520]loss: 3.2560, tokens/sec: 30543.92 ± 2012.49, tokens seen: 951582720, grad norm: 0.6331
[iter 14530]loss: 2.9886, tokens/sec: 30544.22 ± 2011.83, tokens seen: 952238080, grad norm: 0.6276
[iter 14540]loss: 3.3795, tokens/sec: 30544.53 ± 2011.17, tokens seen: 952893440, grad norm: 0.6661
[iter 14550]loss: 3.1835, tokens/sec: 30544.84 ± 2010.51, tokens seen: 953548800, grad norm: 0.6281
[iter 14560]loss: 3.3768, tokens/sec: 30545.14 ± 2009.86, tokens seen: 954204160, grad norm: 0.6672
[iter 14570]loss: 3.3259, tokens/sec: 30545.43 ± 2009.20, tokens seen: 954859520, grad norm: 0.6616
[iter 14580]loss: 3.1259, tokens/sec: 30545.74 ± 2008.54, tokens seen: 955514880, grad norm: 0.6729
[iter 14590]loss: 3.1767, tokens/sec: 30546.04 ± 2007.89, tokens seen: 956170240, grad norm: 0.6417
[iter 14600]loss: 3.2135, tokens/sec: 30546.33 ± 2007.23, tokens seen: 956825600, grad norm: 0.6314
[iter 14610]loss: 3.3624, tokens/sec: 30546.63 ± 2006.58, tokens seen: 957480960, grad norm: 0.6010
[iter 14620]loss: 2.9942, tokens/sec: 30546.93 ± 2005.92, tokens seen: 958136320, grad norm: 0.6491
[iter 14630]loss: 3.0252, tokens/sec: 30547.23 ± 2005.27, tokens seen: 958791680, grad norm: 0.7040
[iter 14640]loss: 3.1548, tokens/sec: 30547.53 ± 2004.62, tokens seen: 959447040, grad norm: 0.6731
[iter 14650]loss: 3.4085, tokens/sec: 30547.83 ± 2003.97, tokens seen: 960102400, grad norm: 0.6500
[iter 14660]loss: 3.1106, tokens/sec: 30548.13 ± 2003.32, tokens seen: 960757760, grad norm: 0.6169
[iter 14670]loss: 3.4248, tokens/sec: 30548.43 ± 2002.67, tokens seen: 961413120, grad norm: 0.6409
[iter 14680]loss: 3.1044, tokens/sec: 30548.72 ± 2002.02, tokens seen: 962068480, grad norm: 0.6604
[iter 14690]loss: 3.4011, tokens/sec: 30549.02 ± 2001.37, tokens seen: 962723840, grad norm: 0.6567
[iter 14700]loss: 3.2351, tokens/sec: 30549.32 ± 2000.72, tokens seen: 963379200, grad norm: 0.6653
[iter 14710]loss: 3.2180, tokens/sec: 30549.61 ± 2000.07, tokens seen: 964034560, grad norm: 0.6319
[iter 14720]loss: 3.2136, tokens/sec: 30549.90 ± 1999.42, tokens seen: 964689920, grad norm: 0.6585
[iter 14730]loss: 3.3073, tokens/sec: 30550.20 ± 1998.78, tokens seen: 965345280, grad norm: 0.7045
[iter 14740]loss: 3.1572, tokens/sec: 30550.49 ± 1998.13, tokens seen: 966000640, grad norm: 0.6648
[iter 14750]loss: 3.2708, tokens/sec: 30550.79 ± 1997.49, tokens seen: 966656000, grad norm: 0.6695
[iter 14760]loss: 3.1405, tokens/sec: 30551.09 ± 1996.84, tokens seen: 967311360, grad norm: 0.6573
[iter 14770]loss: 3.1910, tokens/sec: 30551.38 ± 1996.20, tokens seen: 967966720, grad norm: 0.6976
[iter 14780]loss: 3.2606, tokens/sec: 30551.68 ± 1995.56, tokens seen: 968622080, grad norm: 0.6424
[iter 14790]loss: 3.0991, tokens/sec: 30551.97 ± 1994.91, tokens seen: 969277440, grad norm: 0.6772
[iter 14800]loss: 3.3060, tokens/sec: 30552.26 ± 1994.27, tokens seen: 969932800, grad norm: 0.6929
[iter 14810]loss: 2.8043, tokens/sec: 30552.56 ± 1993.63, tokens seen: 970588160, grad norm: 0.6591
[iter 14820]loss: 3.2235, tokens/sec: 30552.84 ± 1992.99, tokens seen: 971243520, grad norm: 0.6657
[iter 14830]loss: 3.1811, tokens/sec: 30553.13 ± 1992.35, tokens seen: 971898880, grad norm: 0.6519
[iter 14840]loss: 3.0741, tokens/sec: 30553.43 ± 1991.71, tokens seen: 972554240, grad norm: 0.6543
[iter 14850]loss: 3.1883, tokens/sec: 30553.72 ± 1991.07, tokens seen: 973209600, grad norm: 0.6190
[iter 14860]loss: 3.1918, tokens/sec: 30554.01 ± 1990.43, tokens seen: 973864960, grad norm: 0.6431
[iter 14870]loss: 3.1009, tokens/sec: 30554.30 ± 1989.79, tokens seen: 974520320, grad norm: 0.7024
[iter 14880]loss: 3.3322, tokens/sec: 30554.59 ± 1989.15, tokens seen: 975175680, grad norm: 0.6939
[iter 14890]loss: 3.1969, tokens/sec: 30554.88 ± 1988.52, tokens seen: 975831040, grad norm: 0.6606
[iter 14900]loss: 3.0403, tokens/sec: 30554.50 ± 1989.41, tokens seen: 976486400, grad norm: 0.6274
[iter 14910]loss: 3.2192, tokens/sec: 30554.79 ± 1988.78, tokens seen: 977141760, grad norm: 0.6570
[iter 14920]loss: 3.2973, tokens/sec: 30555.08 ± 1988.14, tokens seen: 977797120, grad norm: 0.6459
[iter 14930]loss: 3.4751, tokens/sec: 30555.37 ± 1987.51, tokens seen: 978452480, grad norm: 0.6605
[iter 14940]loss: 3.3770, tokens/sec: 30555.66 ± 1986.87, tokens seen: 979107840, grad norm: 0.6565
[iter 14950]loss: 2.6740, tokens/sec: 30555.94 ± 1986.24, tokens seen: 979763200, grad norm: 0.6789
[iter 14960]loss: 3.3914, tokens/sec: 30556.22 ± 1985.60, tokens seen: 980418560, grad norm: 0.6711
[iter 14970]loss: 3.3117, tokens/sec: 30556.50 ± 1984.97, tokens seen: 981073920, grad norm: 0.6491
[iter 14980]loss: 3.2331, tokens/sec: 30556.79 ± 1984.34, tokens seen: 981729280, grad norm: 0.6404
[iter 14990]loss: 3.1168, tokens/sec: 30557.07 ± 1983.71, tokens seen: 982384640, grad norm: 0.6462
[step 15000]train loss: 3.2154, val loss: 3.2146, (avg train loss: 0.8016 ± 0.0376), (avg grad norm: 0.6515 ± 0.0254)
saving checkpoint to ./out-owt-large-mhc-lora-residual-midnorm-inbeta-bs8-20000step
[iter 15000]loss: 3.2827, tokens/sec: 30557.35 ± 1983.08, tokens seen: 983040000, grad norm: 0.6832
[iter 15010]loss: 3.2052, tokens/sec: 30557.64 ± 1982.45, tokens seen: 983695360, grad norm: 0.6650
[iter 15020]loss: 3.3424, tokens/sec: 30557.92 ± 1981.82, tokens seen: 984350720, grad norm: 0.6494
[iter 15030]loss: 3.0587, tokens/sec: 30557.58 ± 1982.54, tokens seen: 985006080, grad norm: 0.6366
[iter 15040]loss: 2.9541, tokens/sec: 30557.87 ± 1981.91, tokens seen: 985661440, grad norm: 0.7133
[iter 15050]loss: 3.2245, tokens/sec: 30558.16 ± 1981.28, tokens seen: 986316800, grad norm: 0.6800
[iter 15060]loss: 3.3418, tokens/sec: 30558.44 ± 1980.66, tokens seen: 986972160, grad norm: 0.6368
[iter 15070]loss: 3.1749, tokens/sec: 30558.72 ± 1980.03, tokens seen: 987627520, grad norm: 0.6084
[iter 15080]loss: 3.1305, tokens/sec: 30559.00 ± 1979.40, tokens seen: 988282880, grad norm: 0.6862
[iter 15090]loss: 2.8999, tokens/sec: 30559.28 ± 1978.78, tokens seen: 988938240, grad norm: 0.6476
[iter 15100]loss: 3.1615, tokens/sec: 30559.57 ± 1978.15, tokens seen: 989593600, grad norm: 0.6595
[iter 15110]loss: 3.1275, tokens/sec: 30559.85 ± 1977.53, tokens seen: 990248960, grad norm: 0.6494
[iter 15120]loss: 3.1618, tokens/sec: 30560.13 ± 1976.90, tokens seen: 990904320, grad norm: 0.6487
[iter 15130]loss: 3.1656, tokens/sec: 30560.41 ± 1976.28, tokens seen: 991559680, grad norm: 0.6254
[iter 15140]loss: 3.1950, tokens/sec: 30560.69 ± 1975.66, tokens seen: 992215040, grad norm: 0.6068
[iter 15150]loss: 3.2203, tokens/sec: 30560.97 ± 1975.04, tokens seen: 992870400, grad norm: 0.6274
[iter 15160]loss: 3.2489, tokens/sec: 30561.25 ± 1974.41, tokens seen: 993525760, grad norm: 0.6486
[iter 15170]loss: 3.4059, tokens/sec: 30561.53 ± 1973.79, tokens seen: 994181120, grad norm: 0.6437
[iter 15180]loss: 3.3659, tokens/sec: 30561.81 ± 1973.17, tokens seen: 994836480, grad norm: 0.6317
[iter 15190]loss: 3.2682, tokens/sec: 30562.09 ± 1972.56, tokens seen: 995491840, grad norm: 0.6713
[iter 15200]loss: 3.3478, tokens/sec: 30562.37 ± 1971.94, tokens seen: 996147200, grad norm: 0.6639
[iter 15210]loss: 3.2395, tokens/sec: 30562.65 ± 1971.32, tokens seen: 996802560, grad norm: 0.6590
[iter 15220]loss: 3.1156, tokens/sec: 30562.93 ± 1970.70, tokens seen: 997457920, grad norm: 0.6480
[iter 15230]loss: 3.2331, tokens/sec: 30563.20 ± 1970.08, tokens seen: 998113280, grad norm: 0.6543
[iter 15240]loss: 3.3235, tokens/sec: 30563.48 ± 1969.47, tokens seen: 998768640, grad norm: 0.6611
[iter 15250]loss: 2.9645, tokens/sec: 30563.76 ± 1968.85, tokens seen: 999424000, grad norm: 0.6494
[iter 15260]loss: 3.2961, tokens/sec: 30564.03 ± 1968.23, tokens seen: 1000079360, grad norm: 0.6983
[iter 15270]loss: 3.0324, tokens/sec: 30564.30 ± 1967.62, tokens seen: 1000734720, grad norm: 0.6727
[iter 15280]loss: 3.3334, tokens/sec: 30564.58 ± 1967.01, tokens seen: 1001390080, grad norm: 0.6873
[iter 15290]loss: 3.1152, tokens/sec: 30564.86 ± 1966.39, tokens seen: 1002045440, grad norm: 0.7116
[iter 15300]loss: 3.1602, tokens/sec: 30565.13 ± 1965.78, tokens seen: 1002700800, grad norm: 0.6242
[iter 15310]loss: 3.1762, tokens/sec: 30565.41 ± 1965.17, tokens seen: 1003356160, grad norm: 0.6880
[iter 15320]loss: 3.1065, tokens/sec: 30565.68 ± 1964.55, tokens seen: 1004011520, grad norm: 0.6406
[iter 15330]loss: 2.9760, tokens/sec: 30565.96 ± 1963.94, tokens seen: 1004666880, grad norm: 0.6394
[iter 15340]loss: 2.9314, tokens/sec: 30566.23 ± 1963.33, tokens seen: 1005322240, grad norm: 0.6309
[iter 15350]loss: 3.2815, tokens/sec: 30566.51 ± 1962.72, tokens seen: 1005977600, grad norm: 0.6367
[iter 15360]loss: 3.2028, tokens/sec: 30566.78 ± 1962.11, tokens seen: 1006632960, grad norm: 0.6834
[iter 15370]loss: 3.3391, tokens/sec: 30567.05 ± 1961.50, tokens seen: 1007288320, grad norm: 0.6168
[iter 15380]loss: 3.3462, tokens/sec: 30567.32 ± 1960.89, tokens seen: 1007943680, grad norm: 0.6932
[iter 15390]loss: 3.0678, tokens/sec: 30567.59 ± 1960.29, tokens seen: 1008599040, grad norm: 0.6725
[iter 15400]loss: 3.3603, tokens/sec: 30567.86 ± 1959.68, tokens seen: 1009254400, grad norm: 0.6296
[iter 15410]loss: 3.0646, tokens/sec: 30568.13 ± 1959.07, tokens seen: 1009909760, grad norm: 0.6305
[iter 15420]loss: 3.2618, tokens/sec: 30568.40 ± 1958.46, tokens seen: 1010565120, grad norm: 0.6637
[iter 15430]loss: 3.0311, tokens/sec: 30568.67 ± 1957.86, tokens seen: 1011220480, grad norm: 0.6481
[iter 15440]loss: 3.0500, tokens/sec: 30568.94 ± 1957.25, tokens seen: 1011875840, grad norm: 0.6534
[iter 15450]loss: 3.2226, tokens/sec: 30569.21 ± 1956.65, tokens seen: 1012531200, grad norm: 0.6252
[iter 15460]loss: 3.3509, tokens/sec: 30569.48 ± 1956.04, tokens seen: 1013186560, grad norm: 0.6678
[iter 15470]loss: 3.0304, tokens/sec: 30569.75 ± 1955.44, tokens seen: 1013841920, grad norm: 0.6901
[iter 15480]loss: 3.2125, tokens/sec: 30570.02 ± 1954.84, tokens seen: 1014497280, grad norm: 0.6930
[iter 15490]loss: 3.3936, tokens/sec: 30570.29 ± 1954.23, tokens seen: 1015152640, grad norm: 0.6555
[step 15500]train loss: 3.2042, val loss: 3.2132, (avg train loss: 0.7979 ± 0.0343), (avg grad norm: 0.6672 ± 0.0884)
saving checkpoint to ./out-owt-large-mhc-lora-residual-midnorm-inbeta-bs8-20000step
[iter 15500]loss: 3.1396, tokens/sec: 30570.56 ± 1953.63, tokens seen: 1015808000, grad norm: 0.6582
[iter 15510]loss: 3.3537, tokens/sec: 30570.83 ± 1953.03, tokens seen: 1016463360, grad norm: 0.6556
[iter 15520]loss: 3.2897, tokens/sec: 30571.07 ± 1952.43, tokens seen: 1017118720, grad norm: 0.6640
[iter 15530]loss: 3.1886, tokens/sec: 30571.34 ± 1951.83, tokens seen: 1017774080, grad norm: 0.6502
[iter 15540]loss: 3.4108, tokens/sec: 30571.61 ± 1951.23, tokens seen: 1018429440, grad norm: 0.6803
[iter 15550]loss: 2.9133, tokens/sec: 30571.88 ± 1950.63, tokens seen: 1019084800, grad norm: 0.6176
[iter 15560]loss: 3.2305, tokens/sec: 30572.14 ± 1950.03, tokens seen: 1019740160, grad norm: 0.6392
[iter 15570]loss: 2.9991, tokens/sec: 30572.40 ± 1949.43, tokens seen: 1020395520, grad norm: 0.6866
[iter 15580]loss: 3.5122, tokens/sec: 30572.66 ± 1948.83, tokens seen: 1021050880, grad norm: 0.6327
[iter 15590]loss: 3.1545, tokens/sec: 30572.92 ± 1948.23, tokens seen: 1021706240, grad norm: 0.6633
[iter 15600]loss: 3.1299, tokens/sec: 30573.18 ± 1947.64, tokens seen: 1022361600, grad norm: 0.6496
[iter 15610]loss: 3.2499, tokens/sec: 30573.44 ± 1947.04, tokens seen: 1023016960, grad norm: 0.6567
[iter 15620]loss: 2.9914, tokens/sec: 30573.70 ± 1946.44, tokens seen: 1023672320, grad norm: 0.6594
[iter 15630]loss: 3.3268, tokens/sec: 30573.96 ± 1945.85, tokens seen: 1024327680, grad norm: 0.6685
[iter 15640]loss: 3.1552, tokens/sec: 30574.22 ± 1945.25, tokens seen: 1024983040, grad norm: 0.6384
[iter 15650]loss: 3.1464, tokens/sec: 30574.47 ± 1944.66, tokens seen: 1025638400, grad norm: 0.6426
[iter 15660]loss: 3.1956, tokens/sec: 30574.74 ± 1944.06, tokens seen: 1026293760, grad norm: 0.6848
[iter 15670]loss: 2.9807, tokens/sec: 30575.00 ± 1943.47, tokens seen: 1026949120, grad norm: 0.6480
[iter 15680]loss: 3.2111, tokens/sec: 30575.26 ± 1942.88, tokens seen: 1027604480, grad norm: 0.6676
[iter 15690]loss: 3.1993, tokens/sec: 30575.51 ± 1942.29, tokens seen: 1028259840, grad norm: 0.6270
[iter 15700]loss: 3.2394, tokens/sec: 30575.77 ± 1941.69, tokens seen: 1028915200, grad norm: 0.6469
[iter 15710]loss: 3.1609, tokens/sec: 30576.03 ± 1941.10, tokens seen: 1029570560, grad norm: 0.6409
[iter 15720]loss: 3.3400, tokens/sec: 30576.29 ± 1940.51, tokens seen: 1030225920, grad norm: 0.6851
[iter 15730]loss: 3.2843, tokens/sec: 30576.55 ± 1939.92, tokens seen: 1030881280, grad norm: 0.6527
[iter 15740]loss: 3.2761, tokens/sec: 30576.81 ± 1939.33, tokens seen: 1031536640, grad norm: 0.6687
[iter 15750]loss: 3.2723, tokens/sec: 30577.07 ± 1938.75, tokens seen: 1032192000, grad norm: 0.6546
[iter 15760]loss: 3.3198, tokens/sec: 30577.32 ± 1938.16, tokens seen: 1032847360, grad norm: 0.6747
[iter 15770]loss: 3.3191, tokens/sec: 30577.58 ± 1937.57, tokens seen: 1033502720, grad norm: 0.7146
[iter 15780]loss: 3.1584, tokens/sec: 30577.83 ± 1936.98, tokens seen: 1034158080, grad norm: 0.6847
[iter 15790]loss: 2.9721, tokens/sec: 30578.09 ± 1936.40, tokens seen: 1034813440, grad norm: 0.6263
[iter 15800]loss: 2.9738, tokens/sec: 30578.34 ± 1935.81, tokens seen: 1035468800, grad norm: 0.6554
[iter 15810]loss: 3.1351, tokens/sec: 30578.00 ± 1936.58, tokens seen: 1036124160, grad norm: 0.6125
[iter 15820]loss: 3.3340, tokens/sec: 30578.26 ± 1935.99, tokens seen: 1036779520, grad norm: 0.6433
[iter 15830]loss: 2.9985, tokens/sec: 30578.52 ± 1935.41, tokens seen: 1037434880, grad norm: 0.6406
[iter 15840]loss: 2.9975, tokens/sec: 30578.77 ± 1934.82, tokens seen: 1038090240, grad norm: 0.6653
[iter 15850]loss: 3.0000, tokens/sec: 30579.03 ± 1934.24, tokens seen: 1038745600, grad norm: 0.6784
[iter 15860]loss: 3.4393, tokens/sec: 30579.28 ± 1933.66, tokens seen: 1039400960, grad norm: 0.6635
[iter 15870]loss: 3.2022, tokens/sec: 30578.89 ± 1934.62, tokens seen: 1040056320, grad norm: 0.7107
[iter 15880]loss: 3.2016, tokens/sec: 30579.14 ± 1934.03, tokens seen: 1040711680, grad norm: 0.6774
[iter 15890]loss: 2.9718, tokens/sec: 30579.40 ± 1933.45, tokens seen: 1041367040, grad norm: 0.6993
[iter 15900]loss: 3.0185, tokens/sec: 30579.65 ± 1932.87, tokens seen: 1042022400, grad norm: 0.6869
[iter 15910]loss: 3.0777, tokens/sec: 30579.90 ± 1932.29, tokens seen: 1042677760, grad norm: 0.6742
[iter 15920]loss: 3.1040, tokens/sec: 30580.15 ± 1931.71, tokens seen: 1043333120, grad norm: 0.6608
[iter 15930]loss: 3.2892, tokens/sec: 30580.40 ± 1931.13, tokens seen: 1043988480, grad norm: 0.6806
[iter 15940]loss: 3.0341, tokens/sec: 30580.65 ± 1930.55, tokens seen: 1044643840, grad norm: 0.6518
[iter 15950]loss: 2.9870, tokens/sec: 30580.90 ± 1929.97, tokens seen: 1045299200, grad norm: 0.6759
[iter 15960]loss: 3.2675, tokens/sec: 30581.16 ± 1929.39, tokens seen: 1045954560, grad norm: 0.6706
[iter 15970]loss: 3.3808, tokens/sec: 30581.41 ± 1928.81, tokens seen: 1046609920, grad norm: 0.6600
[iter 15980]loss: 3.2126, tokens/sec: 30581.66 ± 1928.24, tokens seen: 1047265280, grad norm: 0.6735
[iter 15990]loss: 3.1071, tokens/sec: 30581.91 ± 1927.66, tokens seen: 1047920640, grad norm: 0.6235
[step 16000]train loss: 3.1853, val loss: 3.2020, (avg train loss: 0.7966 ± 0.0343), (avg grad norm: 0.6579 ± 0.0498)
saving checkpoint to ./out-owt-large-mhc-lora-residual-midnorm-inbeta-bs8-20000step
[iter 16000]loss: 3.2844, tokens/sec: 30582.16 ± 1927.08, tokens seen: 1048576000, grad norm: 0.6747
[iter 16010]loss: 3.1966, tokens/sec: 30582.42 ± 1926.51, tokens seen: 1049231360, grad norm: 0.6500
[iter 16020]loss: 3.2840, tokens/sec: 30582.67 ± 1925.93, tokens seen: 1049886720, grad norm: 0.6571
[iter 16030]loss: 3.4234, tokens/sec: 30582.92 ± 1925.36, tokens seen: 1050542080, grad norm: 0.6710
[iter 16040]loss: 3.1552, tokens/sec: 30583.17 ± 1924.78, tokens seen: 1051197440, grad norm: 0.7119
[iter 16050]loss: 3.2890, tokens/sec: 30583.42 ± 1924.21, tokens seen: 1051852800, grad norm: 0.6394
[iter 16060]loss: 3.0159, tokens/sec: 30583.67 ± 1923.64, tokens seen: 1052508160, grad norm: 0.6340
[iter 16070]loss: 3.2676, tokens/sec: 30583.92 ± 1923.06, tokens seen: 1053163520, grad norm: 0.7166
[iter 16080]loss: 3.3250, tokens/sec: 30584.16 ± 1922.49, tokens seen: 1053818880, grad norm: 0.6437
[iter 16090]loss: 3.1391, tokens/sec: 30584.41 ± 1921.92, tokens seen: 1054474240, grad norm: 0.6820
[iter 16100]loss: 3.1099, tokens/sec: 30584.66 ± 1921.35, tokens seen: 1055129600, grad norm: 0.6232
[iter 16110]loss: 3.3563, tokens/sec: 30584.91 ± 1920.78, tokens seen: 1055784960, grad norm: 0.6824
[iter 16120]loss: 3.2390, tokens/sec: 30585.16 ± 1920.21, tokens seen: 1056440320, grad norm: 0.6406
[iter 16130]loss: 3.2831, tokens/sec: 30585.40 ± 1919.64, tokens seen: 1057095680, grad norm: 0.6904
[iter 16140]loss: 3.2973, tokens/sec: 30585.65 ± 1919.07, tokens seen: 1057751040, grad norm: 0.6206
[iter 16150]loss: 3.0734, tokens/sec: 30585.89 ± 1918.50, tokens seen: 1058406400, grad norm: 0.6277
[iter 16160]loss: 3.0840, tokens/sec: 30586.14 ± 1917.93, tokens seen: 1059061760, grad norm: 0.6212
[iter 16170]loss: 3.1540, tokens/sec: 30586.37 ± 1917.36, tokens seen: 1059717120, grad norm: 0.6466
[iter 16180]loss: 3.4072, tokens/sec: 30586.62 ± 1916.79, tokens seen: 1060372480, grad norm: 0.6372
[iter 16190]loss: 3.2481, tokens/sec: 30586.86 ± 1916.23, tokens seen: 1061027840, grad norm: 0.6739
[iter 16200]loss: 3.0554, tokens/sec: 30587.10 ± 1915.66, tokens seen: 1061683200, grad norm: 0.6692
[iter 16210]loss: 3.3674, tokens/sec: 30587.34 ± 1915.09, tokens seen: 1062338560, grad norm: 0.6441
[iter 16220]loss: 2.9944, tokens/sec: 30587.58 ± 1914.53, tokens seen: 1062993920, grad norm: 0.6585
[iter 16230]loss: 3.1240, tokens/sec: 30587.82 ± 1913.96, tokens seen: 1063649280, grad norm: 0.6795
[iter 16240]loss: 3.2739, tokens/sec: 30588.05 ± 1913.40, tokens seen: 1064304640, grad norm: 0.6369
[iter 16250]loss: 3.1631, tokens/sec: 30588.28 ± 1912.83, tokens seen: 1064960000, grad norm: 0.6765
[iter 16260]loss: 3.3040, tokens/sec: 30588.52 ± 1912.27, tokens seen: 1065615360, grad norm: 0.6630
[iter 16270]loss: 3.2555, tokens/sec: 30588.76 ± 1911.70, tokens seen: 1066270720, grad norm: 0.6677
[iter 16280]loss: 3.4955, tokens/sec: 30589.00 ± 1911.14, tokens seen: 1066926080, grad norm: 0.6492
[iter 16290]loss: 3.2442, tokens/sec: 30589.23 ± 1910.58, tokens seen: 1067581440, grad norm: 0.6594
[iter 16300]loss: 3.3019, tokens/sec: 30589.47 ± 1910.02, tokens seen: 1068236800, grad norm: 0.6798
[iter 16310]loss: 3.1817, tokens/sec: 30589.71 ± 1909.45, tokens seen: 1068892160, grad norm: 0.6488
[iter 16320]loss: 3.3357, tokens/sec: 30589.94 ± 1908.89, tokens seen: 1069547520, grad norm: 0.6464
[iter 16330]loss: 3.0002, tokens/sec: 30590.18 ± 1908.33, tokens seen: 1070202880, grad norm: 0.6114
[iter 16340]loss: 2.9692, tokens/sec: 30590.41 ± 1907.77, tokens seen: 1070858240, grad norm: 0.6238
[iter 16350]loss: 3.0958, tokens/sec: 30590.65 ± 1907.21, tokens seen: 1071513600, grad norm: 0.6810
[iter 16360]loss: 3.3529, tokens/sec: 30590.89 ± 1906.65, tokens seen: 1072168960, grad norm: 0.6368
[iter 16370]loss: 3.5344, tokens/sec: 30591.12 ± 1906.09, tokens seen: 1072824320, grad norm: 0.6857
[iter 16380]loss: 3.1048, tokens/sec: 30591.35 ± 1905.54, tokens seen: 1073479680, grad norm: 0.6422
[iter 16390]loss: 3.3323, tokens/sec: 30591.59 ± 1904.98, tokens seen: 1074135040, grad norm: 0.6567
[iter 16400]loss: 3.0562, tokens/sec: 30591.82 ± 1904.42, tokens seen: 1074790400, grad norm: 0.6364
[iter 16410]loss: 3.2591, tokens/sec: 30592.06 ± 1903.87, tokens seen: 1075445760, grad norm: 0.6343
[iter 16420]loss: 3.1689, tokens/sec: 30592.30 ± 1903.31, tokens seen: 1076101120, grad norm: 0.6888
[iter 16430]loss: 3.2587, tokens/sec: 30592.54 ± 1902.76, tokens seen: 1076756480, grad norm: 0.6910
[iter 16440]loss: 3.3118, tokens/sec: 30592.77 ± 1902.20, tokens seen: 1077411840, grad norm: 0.6928
[iter 16450]loss: 3.2921, tokens/sec: 30593.00 ± 1901.65, tokens seen: 1078067200, grad norm: 0.6705
[iter 16460]loss: 3.2916, tokens/sec: 30593.24 ± 1901.09, tokens seen: 1078722560, grad norm: 0.6575
[iter 16470]loss: 3.0845, tokens/sec: 30593.47 ± 1900.54, tokens seen: 1079377920, grad norm: 0.6583
[iter 16480]loss: 3.1851, tokens/sec: 30593.70 ± 1899.98, tokens seen: 1080033280, grad norm: 0.7078
[iter 16490]loss: 3.3658, tokens/sec: 30593.94 ± 1899.43, tokens seen: 1080688640, grad norm: 0.6413
[step 16500]train loss: 3.1791, val loss: 3.1960, (avg train loss: 0.7998 ± 0.0364), (avg grad norm: 0.6601 ± 0.0256)
saving checkpoint to ./out-owt-large-mhc-lora-residual-midnorm-inbeta-bs8-20000step
[iter 16500]loss: 3.0765, tokens/sec: 30594.17 ± 1898.88, tokens seen: 1081344000, grad norm: 0.6358
[iter 16510]loss: 3.1745, tokens/sec: 30594.41 ± 1898.33, tokens seen: 1081999360, grad norm: 0.6509
[iter 16520]loss: 2.9542, tokens/sec: 30594.64 ± 1897.78, tokens seen: 1082654720, grad norm: 0.6379
[iter 16530]loss: 3.0254, tokens/sec: 30594.87 ± 1897.23, tokens seen: 1083310080, grad norm: 0.6481
[iter 16540]loss: 3.1166, tokens/sec: 30595.11 ± 1896.68, tokens seen: 1083965440, grad norm: 0.6618
[iter 16550]loss: 3.3958, tokens/sec: 30595.35 ± 1896.13, tokens seen: 1084620800, grad norm: 0.6926
[iter 16560]loss: 3.2258, tokens/sec: 30595.58 ± 1895.58, tokens seen: 1085276160, grad norm: 0.6482
[iter 16570]loss: 3.3555, tokens/sec: 30595.82 ± 1895.04, tokens seen: 1085931520, grad norm: 0.6544
[iter 16580]loss: 3.1919, tokens/sec: 30596.05 ± 1894.49, tokens seen: 1086586880, grad norm: 0.6555
[iter 16590]loss: 3.3739, tokens/sec: 30595.60 ± 1895.86, tokens seen: 1087242240, grad norm: 0.6969
[iter 16600]loss: 3.0079, tokens/sec: 30595.83 ± 1895.31, tokens seen: 1087897600, grad norm: 0.6629
[iter 16610]loss: 3.2249, tokens/sec: 30596.07 ± 1894.77, tokens seen: 1088552960, grad norm: 0.6402
[iter 16620]loss: 3.1704, tokens/sec: 30596.30 ± 1894.22, tokens seen: 1089208320, grad norm: 0.6965
[iter 16630]loss: 3.0887, tokens/sec: 30596.54 ± 1893.68, tokens seen: 1089863680, grad norm: 0.7271
[iter 16640]loss: 3.2409, tokens/sec: 30596.77 ± 1893.13, tokens seen: 1090519040, grad norm: 0.6377
[iter 16650]loss: 3.1377, tokens/sec: 30597.01 ± 1892.59, tokens seen: 1091174400, grad norm: 0.6690
[iter 16660]loss: 3.2786, tokens/sec: 30597.24 ± 1892.04, tokens seen: 1091829760, grad norm: 0.7169
[iter 16670]loss: 3.1409, tokens/sec: 30597.47 ± 1891.50, tokens seen: 1092485120, grad norm: 0.7115
[iter 16680]loss: 3.1927, tokens/sec: 30597.71 ± 1890.96, tokens seen: 1093140480, grad norm: 0.7716
[iter 16690]loss: 3.2858, tokens/sec: 30597.94 ± 1890.41, tokens seen: 1093795840, grad norm: 0.6644
[iter 16700]loss: 3.3651, tokens/sec: 30598.18 ± 1889.87, tokens seen: 1094451200, grad norm: 0.6514
[iter 16710]loss: 3.0148, tokens/sec: 30598.41 ± 1889.33, tokens seen: 1095106560, grad norm: 0.6595
[iter 16720]loss: 3.2216, tokens/sec: 30598.64 ± 1888.79, tokens seen: 1095761920, grad norm: 0.6665
[iter 16730]loss: 3.2486, tokens/sec: 30598.87 ± 1888.25, tokens seen: 1096417280, grad norm: 0.6902
[iter 16740]loss: 3.2650, tokens/sec: 30599.10 ± 1887.71, tokens seen: 1097072640, grad norm: 0.6664
[iter 16750]loss: 3.4944, tokens/sec: 30599.33 ± 1887.17, tokens seen: 1097728000, grad norm: 0.6857
[iter 16760]loss: 3.1805, tokens/sec: 30599.56 ± 1886.63, tokens seen: 1098383360, grad norm: 0.6535
[iter 16770]loss: 3.1227, tokens/sec: 30599.78 ± 1886.09, tokens seen: 1099038720, grad norm: 0.6850
[iter 16780]loss: 3.2368, tokens/sec: 30600.02 ± 1885.55, tokens seen: 1099694080, grad norm: 0.6776
[iter 16790]loss: 3.0646, tokens/sec: 30600.25 ± 1885.01, tokens seen: 1100349440, grad norm: 0.6824
[iter 16800]loss: 3.2468, tokens/sec: 30600.48 ± 1884.48, tokens seen: 1101004800, grad norm: 0.6406
[iter 16810]loss: 3.1159, tokens/sec: 30600.71 ± 1883.94, tokens seen: 1101660160, grad norm: 0.6708
[iter 16820]loss: 3.2057, tokens/sec: 30600.94 ± 1883.40, tokens seen: 1102315520, grad norm: 0.6385
[iter 16830]loss: 3.0985, tokens/sec: 30601.17 ± 1882.87, tokens seen: 1102970880, grad norm: 0.6803
[iter 16840]loss: 3.1563, tokens/sec: 30601.40 ± 1882.33, tokens seen: 1103626240, grad norm: 0.6607
[iter 16850]loss: 3.3716, tokens/sec: 30601.04 ± 1883.24, tokens seen: 1104281600, grad norm: 0.6344
[iter 16860]loss: 3.1711, tokens/sec: 30601.27 ± 1882.70, tokens seen: 1104936960, grad norm: 0.6915
[iter 16870]loss: 3.2743, tokens/sec: 30601.50 ± 1882.17, tokens seen: 1105592320, grad norm: 0.6330
[iter 16880]loss: 3.0678, tokens/sec: 30601.72 ± 1881.64, tokens seen: 1106247680, grad norm: 0.6448
[iter 16890]loss: 3.1502, tokens/sec: 30601.95 ± 1881.10, tokens seen: 1106903040, grad norm: 0.6837
[iter 16900]loss: 3.1716, tokens/sec: 30602.18 ± 1880.57, tokens seen: 1107558400, grad norm: 0.6427
[iter 16910]loss: 2.9844, tokens/sec: 30602.41 ± 1880.04, tokens seen: 1108213760, grad norm: 0.6375
[iter 16920]loss: 3.1324, tokens/sec: 30602.64 ± 1879.50, tokens seen: 1108869120, grad norm: 0.7152
[iter 16930]loss: 3.0099, tokens/sec: 30602.86 ± 1878.97, tokens seen: 1109524480, grad norm: 0.6436
[iter 16940]loss: 3.1092, tokens/sec: 30603.09 ± 1878.44, tokens seen: 1110179840, grad norm: 0.6868
[iter 16950]loss: 3.3067, tokens/sec: 30603.32 ± 1877.91, tokens seen: 1110835200, grad norm: 0.6392
[iter 16960]loss: 3.0645, tokens/sec: 30603.54 ± 1877.38, tokens seen: 1111490560, grad norm: 0.6707
[iter 16970]loss: 3.2362, tokens/sec: 30603.77 ± 1876.85, tokens seen: 1112145920, grad norm: 0.6488
[iter 16980]loss: 3.0862, tokens/sec: 30603.99 ± 1876.32, tokens seen: 1112801280, grad norm: 0.6754
[iter 16990]loss: 3.2679, tokens/sec: 30604.21 ± 1875.79, tokens seen: 1113456640, grad norm: 0.7517
[step 17000]train loss: 3.1859, val loss: 3.1862, (avg train loss: 0.7920 ± 0.0312), (avg grad norm: 0.6657 ± 0.0295)
saving checkpoint to ./out-owt-large-mhc-lora-residual-midnorm-inbeta-bs8-20000step
[iter 17000]loss: 3.1216, tokens/sec: 30604.44 ± 1875.26, tokens seen: 1114112000, grad norm: 0.6841
[iter 17010]loss: 3.1995, tokens/sec: 30604.67 ± 1874.73, tokens seen: 1114767360, grad norm: 0.6593
[iter 17020]loss: 3.3378, tokens/sec: 30604.89 ± 1874.20, tokens seen: 1115422720, grad norm: 0.6401
[iter 17030]loss: 3.0557, tokens/sec: 30605.10 ± 1873.68, tokens seen: 1116078080, grad norm: 0.6612
[iter 17040]loss: 3.0373, tokens/sec: 30605.32 ± 1873.15, tokens seen: 1116733440, grad norm: 0.6510
[iter 17050]loss: 3.3209, tokens/sec: 30605.54 ± 1872.62, tokens seen: 1117388800, grad norm: 0.6326
[iter 17060]loss: 3.1357, tokens/sec: 30605.76 ± 1872.09, tokens seen: 1118044160, grad norm: 0.6713
[iter 17070]loss: 3.0879, tokens/sec: 30605.98 ± 1871.57, tokens seen: 1118699520, grad norm: 0.6247
[iter 17080]loss: 3.0683, tokens/sec: 30606.21 ± 1871.04, tokens seen: 1119354880, grad norm: 0.6463
[iter 17090]loss: 3.1193, tokens/sec: 30606.43 ± 1870.52, tokens seen: 1120010240, grad norm: 0.7360
[iter 17100]loss: 3.3127, tokens/sec: 30606.65 ± 1869.99, tokens seen: 1120665600, grad norm: 0.6694
[iter 17110]loss: 3.1262, tokens/sec: 30606.87 ± 1869.47, tokens seen: 1121320960, grad norm: 0.6497
[iter 17120]loss: 3.1945, tokens/sec: 30607.09 ± 1868.95, tokens seen: 1121976320, grad norm: 0.6958
[iter 17130]loss: 3.1267, tokens/sec: 30607.32 ± 1868.42, tokens seen: 1122631680, grad norm: 0.6425
[iter 17140]loss: 3.1160, tokens/sec: 30607.54 ± 1867.90, tokens seen: 1123287040, grad norm: 0.6629
[iter 17150]loss: 3.1644, tokens/sec: 30607.76 ± 1867.38, tokens seen: 1123942400, grad norm: 0.6381
[iter 17160]loss: 3.2198, tokens/sec: 30607.98 ± 1866.86, tokens seen: 1124597760, grad norm: 0.6725
[iter 17170]loss: 3.3101, tokens/sec: 30608.20 ± 1866.33, tokens seen: 1125253120, grad norm: 0.6597
[iter 17180]loss: 3.1078, tokens/sec: 30608.42 ± 1865.81, tokens seen: 1125908480, grad norm: 0.6619
[iter 17190]loss: 2.9599, tokens/sec: 30608.64 ± 1865.29, tokens seen: 1126563840, grad norm: 0.6751
[iter 17200]loss: 3.0246, tokens/sec: 30608.87 ± 1864.77, tokens seen: 1127219200, grad norm: 0.6183
[iter 17210]loss: 3.2963, tokens/sec: 30609.08 ± 1864.25, tokens seen: 1127874560, grad norm: 0.6891
[iter 17220]loss: 3.1293, tokens/sec: 30609.30 ± 1863.74, tokens seen: 1128529920, grad norm: 0.6472
[iter 17230]loss: 3.1881, tokens/sec: 30609.52 ± 1863.22, tokens seen: 1129185280, grad norm: 0.6613
[iter 17240]loss: 3.2180, tokens/sec: 30609.74 ± 1862.70, tokens seen: 1129840640, grad norm: 0.6397
[iter 17250]loss: 3.3237, tokens/sec: 30609.95 ± 1862.18, tokens seen: 1130496000, grad norm: 0.6523
[iter 17260]loss: 3.0758, tokens/sec: 30610.16 ± 1861.66, tokens seen: 1131151360, grad norm: 0.6325
[iter 17270]loss: 3.0387, tokens/sec: 30610.38 ± 1861.14, tokens seen: 1131806720, grad norm: 0.6461
[iter 17280]loss: 3.2993, tokens/sec: 30610.59 ± 1860.63, tokens seen: 1132462080, grad norm: 0.6708
[iter 17290]loss: 3.2348, tokens/sec: 30610.81 ± 1860.11, tokens seen: 1133117440, grad norm: 0.6947
[iter 17300]loss: 3.3034, tokens/sec: 30611.03 ± 1859.59, tokens seen: 1133772800, grad norm: 0.6783
[iter 17310]loss: 3.2130, tokens/sec: 30611.25 ± 1859.08, tokens seen: 1134428160, grad norm: 0.6438
[iter 17320]loss: 3.2631, tokens/sec: 30611.46 ± 1858.56, tokens seen: 1135083520, grad norm: 0.6547
[iter 17330]loss: 3.1350, tokens/sec: 30611.67 ± 1858.05, tokens seen: 1135738880, grad norm: 0.6650
[iter 17340]loss: 3.0767, tokens/sec: 30611.89 ± 1857.54, tokens seen: 1136394240, grad norm: 0.6709
[iter 17350]loss: 2.9203, tokens/sec: 30612.11 ± 1857.02, tokens seen: 1137049600, grad norm: 0.6726
[iter 17360]loss: 3.2559, tokens/sec: 30611.68 ± 1858.29, tokens seen: 1137704960, grad norm: 0.6678
[iter 17370]loss: 3.2538, tokens/sec: 30611.89 ± 1857.78, tokens seen: 1138360320, grad norm: 0.6543
[iter 17380]loss: 2.9879, tokens/sec: 30612.11 ± 1857.27, tokens seen: 1139015680, grad norm: 0.6576
[iter 17390]loss: 3.2202, tokens/sec: 30612.33 ± 1856.76, tokens seen: 1139671040, grad norm: 0.6747
[iter 17400]loss: 3.1618, tokens/sec: 30612.54 ± 1856.24, tokens seen: 1140326400, grad norm: 0.6572
[iter 17410]loss: 3.1853, tokens/sec: 30612.76 ± 1855.73, tokens seen: 1140981760, grad norm: 0.6538
[iter 17420]loss: 3.2725, tokens/sec: 30612.97 ± 1855.22, tokens seen: 1141637120, grad norm: 0.6466
[iter 17430]loss: 3.1798, tokens/sec: 30613.19 ± 1854.71, tokens seen: 1142292480, grad norm: 0.6606
[iter 17440]loss: 3.1598, tokens/sec: 30613.40 ± 1854.20, tokens seen: 1142947840, grad norm: 0.6350
[iter 17450]loss: 3.0783, tokens/sec: 30613.62 ± 1853.69, tokens seen: 1143603200, grad norm: 0.6617
[iter 17460]loss: 3.1532, tokens/sec: 30613.83 ± 1853.18, tokens seen: 1144258560, grad norm: 0.7156
[iter 17470]loss: 3.0784, tokens/sec: 30614.05 ± 1852.67, tokens seen: 1144913920, grad norm: 0.6261
[iter 17480]loss: 3.1236, tokens/sec: 30614.25 ± 1852.16, tokens seen: 1145569280, grad norm: 0.6303
[iter 17490]loss: 3.2118, tokens/sec: 30614.47 ± 1851.66, tokens seen: 1146224640, grad norm: 0.6332
[step 17500]train loss: 3.1857, val loss: 3.1923, (avg train loss: 0.7926 ± 0.0335), (avg grad norm: 0.6612 ± 0.0379)
[iter 17500]loss: 3.1497, tokens/sec: 30614.67 ± 1851.15, tokens seen: 1146880000, grad norm: 0.6954
[iter 17510]loss: 3.0387, tokens/sec: 30614.87 ± 1850.64, tokens seen: 1147535360, grad norm: 0.6838
[iter 17520]loss: 3.1920, tokens/sec: 30615.08 ± 1850.13, tokens seen: 1148190720, grad norm: 0.6711
[iter 17530]loss: 3.0846, tokens/sec: 30615.29 ± 1849.62, tokens seen: 1148846080, grad norm: 0.6454
[iter 17540]loss: 3.1185, tokens/sec: 30615.50 ± 1849.12, tokens seen: 1149501440, grad norm: 0.6466
[iter 17550]loss: 3.2650, tokens/sec: 30615.71 ± 1848.61, tokens seen: 1150156800, grad norm: 0.6621
[iter 17560]loss: 3.1255, tokens/sec: 30615.93 ± 1848.11, tokens seen: 1150812160, grad norm: 0.6700
[iter 17570]loss: 3.1838, tokens/sec: 30616.14 ± 1847.60, tokens seen: 1151467520, grad norm: 0.6522
[iter 17580]loss: 3.2636, tokens/sec: 30616.35 ± 1847.10, tokens seen: 1152122880, grad norm: 0.6410
[iter 17590]loss: 3.1360, tokens/sec: 30616.56 ± 1846.59, tokens seen: 1152778240, grad norm: 0.6391
[iter 17600]loss: 3.1615, tokens/sec: 30616.78 ± 1846.09, tokens seen: 1153433600, grad norm: 0.6960
[iter 17610]loss: 3.2621, tokens/sec: 30616.98 ± 1845.59, tokens seen: 1154088960, grad norm: 0.6419
[iter 17620]loss: 3.3158, tokens/sec: 30617.19 ± 1845.09, tokens seen: 1154744320, grad norm: 0.6690
[iter 17630]loss: 3.2581, tokens/sec: 30617.40 ± 1844.58, tokens seen: 1155399680, grad norm: 0.6939
[iter 17640]loss: 3.2823, tokens/sec: 30617.61 ± 1844.08, tokens seen: 1156055040, grad norm: 0.6448
[iter 17650]loss: 3.0315, tokens/sec: 30617.82 ± 1843.58, tokens seen: 1156710400, grad norm: 0.6703
[iter 17660]loss: 3.2514, tokens/sec: 30618.03 ± 1843.08, tokens seen: 1157365760, grad norm: 0.7232
[iter 17670]loss: 3.0890, tokens/sec: 30618.24 ± 1842.58, tokens seen: 1158021120, grad norm: 0.6450
[iter 17680]loss: 3.1396, tokens/sec: 30618.45 ± 1842.08, tokens seen: 1158676480, grad norm: 0.6663
[iter 17690]loss: 3.1127, tokens/sec: 30618.65 ± 1841.58, tokens seen: 1159331840, grad norm: 0.7001
[iter 17700]loss: 3.1571, tokens/sec: 30618.87 ± 1841.08, tokens seen: 1159987200, grad norm: 0.6268
[iter 17710]loss: 3.1309, tokens/sec: 30619.07 ± 1840.58, tokens seen: 1160642560, grad norm: 0.6452
[iter 17720]loss: 3.0545, tokens/sec: 30619.28 ± 1840.08, tokens seen: 1161297920, grad norm: 0.6652
[iter 17730]loss: 2.8713, tokens/sec: 30619.49 ± 1839.58, tokens seen: 1161953280, grad norm: 0.6490
[iter 17740]loss: 3.2124, tokens/sec: 30619.70 ± 1839.09, tokens seen: 1162608640, grad norm: 0.6567
[iter 17750]loss: 2.9899, tokens/sec: 30619.91 ± 1838.59, tokens seen: 1163264000, grad norm: 0.6546
[iter 17760]loss: 3.3522, tokens/sec: 30620.12 ± 1838.09, tokens seen: 1163919360, grad norm: 0.6608
[iter 17770]loss: 3.3867, tokens/sec: 30620.33 ± 1837.60, tokens seen: 1164574720, grad norm: 0.6886
[iter 17780]loss: 3.0468, tokens/sec: 30620.53 ± 1837.10, tokens seen: 1165230080, grad norm: 0.6788
[iter 17790]loss: 3.3016, tokens/sec: 30620.74 ± 1836.61, tokens seen: 1165885440, grad norm: 0.6803
[iter 17800]loss: 3.0567, tokens/sec: 30620.95 ± 1836.11, tokens seen: 1166540800, grad norm: 0.7287
[iter 17810]loss: 2.9261, tokens/sec: 30621.16 ± 1835.62, tokens seen: 1167196160, grad norm: 0.6897
[iter 17820]loss: 3.4672, tokens/sec: 30620.81 ± 1836.54, tokens seen: 1167851520, grad norm: 0.6521
[iter 17830]loss: 3.2244, tokens/sec: 30621.01 ± 1836.05, tokens seen: 1168506880, grad norm: 0.6627
[iter 17840]loss: 3.1508, tokens/sec: 30621.22 ± 1835.55, tokens seen: 1169162240, grad norm: 0.6685
[iter 17850]loss: 3.0225, tokens/sec: 30621.42 ± 1835.06, tokens seen: 1169817600, grad norm: 0.6609
[iter 17860]loss: 3.1094, tokens/sec: 30621.62 ± 1834.56, tokens seen: 1170472960, grad norm: 0.6304
[iter 17870]loss: 3.1093, tokens/sec: 30621.83 ± 1834.07, tokens seen: 1171128320, grad norm: 0.6247
[iter 17880]loss: 3.2027, tokens/sec: 30622.03 ± 1833.58, tokens seen: 1171783680, grad norm: 0.6736
[iter 17890]loss: 3.1668, tokens/sec: 30622.23 ± 1833.09, tokens seen: 1172439040, grad norm: 0.6733
[iter 17900]loss: 3.3041, tokens/sec: 30622.43 ± 1832.59, tokens seen: 1173094400, grad norm: 0.6813
[iter 17910]loss: 3.2596, tokens/sec: 30622.64 ± 1832.10, tokens seen: 1173749760, grad norm: 0.6677
[iter 17920]loss: 3.4897, tokens/sec: 30622.84 ± 1831.61, tokens seen: 1174405120, grad norm: 0.6585
[iter 17930]loss: 2.8678, tokens/sec: 30623.04 ± 1831.12, tokens seen: 1175060480, grad norm: 0.6819
[iter 17940]loss: 3.1901, tokens/sec: 30623.25 ± 1830.63, tokens seen: 1175715840, grad norm: 0.6623
[iter 17950]loss: 3.2228, tokens/sec: 30623.45 ± 1830.14, tokens seen: 1176371200, grad norm: 0.6480
[iter 17960]loss: 3.2396, tokens/sec: 30623.65 ± 1829.65, tokens seen: 1177026560, grad norm: 0.6911
[iter 17970]loss: 3.1963, tokens/sec: 30623.85 ± 1829.16, tokens seen: 1177681920, grad norm: 0.6662
[iter 17980]loss: 3.4565, tokens/sec: 30624.05 ± 1828.67, tokens seen: 1178337280, grad norm: 0.6896
[iter 17990]loss: 3.0931, tokens/sec: 30624.26 ± 1828.19, tokens seen: 1178992640, grad norm: 0.6544
[step 18000]train loss: 3.1497, val loss: 3.1862, (avg train loss: 0.7896 ± 0.0372), (avg grad norm: 0.6640 ± 0.0205)
[iter 18000]loss: 3.3055, tokens/sec: 30624.46 ± 1827.70, tokens seen: 1179648000, grad norm: 0.6492
[iter 18010]loss: 3.2691, tokens/sec: 30624.65 ± 1827.21, tokens seen: 1180303360, grad norm: 0.6773
[iter 18020]loss: 2.9752, tokens/sec: 30624.85 ± 1826.72, tokens seen: 1180958720, grad norm: 0.6596
[iter 18030]loss: 3.2869, tokens/sec: 30625.04 ± 1826.23, tokens seen: 1181614080, grad norm: 0.6735
[iter 18040]loss: 2.9666, tokens/sec: 30625.24 ± 1825.75, tokens seen: 1182269440, grad norm: 0.6464
[iter 18050]loss: 3.3689, tokens/sec: 30625.44 ± 1825.26, tokens seen: 1182924800, grad norm: 0.6533
[iter 18060]loss: 2.9111, tokens/sec: 30625.64 ± 1824.78, tokens seen: 1183580160, grad norm: 0.6416
[iter 18070]loss: 3.3128, tokens/sec: 30625.85 ± 1824.29, tokens seen: 1184235520, grad norm: 0.6413
[iter 18080]loss: 3.1116, tokens/sec: 30626.04 ± 1823.81, tokens seen: 1184890880, grad norm: 0.6695
[iter 18090]loss: 3.3269, tokens/sec: 30626.24 ± 1823.32, tokens seen: 1185546240, grad norm: 0.6321
[iter 18100]loss: 3.3483, tokens/sec: 30626.44 ± 1822.84, tokens seen: 1186201600, grad norm: 0.6648
[iter 18110]loss: 3.2116, tokens/sec: 30626.64 ± 1822.35, tokens seen: 1186856960, grad norm: 0.6303
[iter 18120]loss: 3.1531, tokens/sec: 30626.84 ± 1821.87, tokens seen: 1187512320, grad norm: 0.6619
[iter 18130]loss: 3.3222, tokens/sec: 30627.04 ± 1821.39, tokens seen: 1188167680, grad norm: 0.6407
[iter 18140]loss: 3.3667, tokens/sec: 30626.72 ± 1822.14, tokens seen: 1188823040, grad norm: 0.6451
[iter 18150]loss: 3.0434, tokens/sec: 30626.92 ± 1821.66, tokens seen: 1189478400, grad norm: 0.6494
[iter 18160]loss: 3.0189, tokens/sec: 30627.12 ± 1821.17, tokens seen: 1190133760, grad norm: 0.6387
[iter 18170]loss: 3.1651, tokens/sec: 30627.32 ± 1820.69, tokens seen: 1190789120, grad norm: 0.6825
[iter 18180]loss: 2.9214, tokens/sec: 30627.52 ± 1820.21, tokens seen: 1191444480, grad norm: 0.6792
[iter 18190]loss: 3.1568, tokens/sec: 30627.72 ± 1819.73, tokens seen: 1192099840, grad norm: 0.6382
[iter 18200]loss: 3.2181, tokens/sec: 30627.92 ± 1819.25, tokens seen: 1192755200, grad norm: 0.6315
[iter 18210]loss: 3.1096, tokens/sec: 30628.11 ± 1818.77, tokens seen: 1193410560, grad norm: 0.6615
[iter 18220]loss: 3.0104, tokens/sec: 30628.32 ± 1818.29, tokens seen: 1194065920, grad norm: 0.6600
[iter 18230]loss: 3.2831, tokens/sec: 30628.52 ± 1817.81, tokens seen: 1194721280, grad norm: 0.6541
[iter 18240]loss: 3.3593, tokens/sec: 30628.71 ± 1817.34, tokens seen: 1195376640, grad norm: 0.6752
[iter 18250]loss: 3.2952, tokens/sec: 30628.90 ± 1816.86, tokens seen: 1196032000, grad norm: 0.6582
[iter 18260]loss: 3.1603, tokens/sec: 30629.10 ± 1816.38, tokens seen: 1196687360, grad norm: 0.6597
[iter 18270]loss: 3.3555, tokens/sec: 30629.29 ± 1815.90, tokens seen: 1197342720, grad norm: 0.6581
[iter 18280]loss: 2.8600, tokens/sec: 30629.49 ± 1815.42, tokens seen: 1197998080, grad norm: 0.6834
[iter 18290]loss: 3.1806, tokens/sec: 30629.69 ± 1814.95, tokens seen: 1198653440, grad norm: 0.6478
[iter 18300]loss: 3.2440, tokens/sec: 30629.88 ± 1814.47, tokens seen: 1199308800, grad norm: 0.6441
[iter 18310]loss: 3.0055, tokens/sec: 30630.08 ± 1813.99, tokens seen: 1199964160, grad norm: 0.6292
[iter 18320]loss: 3.1784, tokens/sec: 30630.28 ± 1813.52, tokens seen: 1200619520, grad norm: 0.6408
[iter 18330]loss: 3.1909, tokens/sec: 30630.48 ± 1813.04, tokens seen: 1201274880, grad norm: 0.6801
[iter 18340]loss: 3.2306, tokens/sec: 30630.67 ± 1812.57, tokens seen: 1201930240, grad norm: 0.6623
[iter 18350]loss: 2.9566, tokens/sec: 30630.87 ± 1812.09, tokens seen: 1202585600, grad norm: 0.6527
[iter 18360]loss: 3.3116, tokens/sec: 30631.06 ± 1811.62, tokens seen: 1203240960, grad norm: 0.6372
[iter 18370]loss: 3.0143, tokens/sec: 30631.26 ± 1811.15, tokens seen: 1203896320, grad norm: 0.6505
[iter 18380]loss: 3.2239, tokens/sec: 30631.45 ± 1810.67, tokens seen: 1204551680, grad norm: 0.6382
[iter 18390]loss: 3.2988, tokens/sec: 30631.65 ± 1810.20, tokens seen: 1205207040, grad norm: 0.6564
[iter 18400]loss: 3.0540, tokens/sec: 30631.84 ± 1809.73, tokens seen: 1205862400, grad norm: 0.6386
[iter 18410]loss: 3.1925, tokens/sec: 30632.03 ± 1809.25, tokens seen: 1206517760, grad norm: 0.6775
[iter 18420]loss: 3.1564, tokens/sec: 30632.23 ± 1808.78, tokens seen: 1207173120, grad norm: 0.6705
[iter 18430]loss: 3.0629, tokens/sec: 30632.42 ± 1808.31, tokens seen: 1207828480, grad norm: 0.6742
[iter 18440]loss: 2.9242, tokens/sec: 30632.62 ± 1807.84, tokens seen: 1208483840, grad norm: 0.6456
[iter 18450]loss: 3.1668, tokens/sec: 30632.81 ± 1807.37, tokens seen: 1209139200, grad norm: 0.6988
[iter 18460]loss: 2.9585, tokens/sec: 30633.01 ± 1806.90, tokens seen: 1209794560, grad norm: 0.6498
[iter 18470]loss: 3.2473, tokens/sec: 30633.20 ± 1806.43, tokens seen: 1210449920, grad norm: 0.6849
[iter 18480]loss: 2.9089, tokens/sec: 30633.39 ± 1805.96, tokens seen: 1211105280, grad norm: 0.6520
[iter 18490]loss: 2.9892, tokens/sec: 30633.58 ± 1805.49, tokens seen: 1211760640, grad norm: 0.6500
[step 18500]train loss: 3.1569, val loss: 3.1545, (avg train loss: 0.7859 ± 0.0327), (avg grad norm: 0.6623 ± 0.0269)
saving checkpoint to ./out-owt-large-mhc-lora-residual-midnorm-inbeta-bs8-20000step
[iter 18500]loss: 3.3168, tokens/sec: 30633.78 ± 1805.02, tokens seen: 1212416000, grad norm: 0.6242
[iter 18510]loss: 3.3151, tokens/sec: 30633.98 ± 1804.55, tokens seen: 1213071360, grad norm: 0.6734
[iter 18520]loss: 3.2846, tokens/sec: 30634.17 ± 1804.09, tokens seen: 1213726720, grad norm: 0.7012
[iter 18530]loss: 2.9372, tokens/sec: 30634.36 ± 1803.62, tokens seen: 1214382080, grad norm: 0.6605
[iter 18540]loss: 2.9591, tokens/sec: 30634.56 ± 1803.15, tokens seen: 1215037440, grad norm: 0.7034
[iter 18550]loss: 3.1290, tokens/sec: 30634.74 ± 1802.68, tokens seen: 1215692800, grad norm: 0.6703
[iter 18560]loss: 3.3278, tokens/sec: 30634.93 ± 1802.22, tokens seen: 1216348160, grad norm: 0.6709
[iter 18570]loss: 3.1699, tokens/sec: 30635.12 ± 1801.75, tokens seen: 1217003520, grad norm: 0.6313
[iter 18580]loss: 2.9969, tokens/sec: 30635.31 ± 1801.28, tokens seen: 1217658880, grad norm: 0.6528
[iter 18590]loss: 3.3911, tokens/sec: 30635.50 ± 1800.82, tokens seen: 1218314240, grad norm: 0.6443
[iter 18600]loss: 3.3252, tokens/sec: 30635.69 ± 1800.35, tokens seen: 1218969600, grad norm: 0.6633
[iter 18610]loss: 3.0410, tokens/sec: 30635.88 ± 1799.89, tokens seen: 1219624960, grad norm: 0.6883
[iter 18620]loss: 3.2111, tokens/sec: 30636.07 ± 1799.42, tokens seen: 1220280320, grad norm: 0.6672
[iter 18630]loss: 3.0352, tokens/sec: 30636.26 ± 1798.96, tokens seen: 1220935680, grad norm: 0.6602
[iter 18640]loss: 3.0072, tokens/sec: 30636.45 ± 1798.49, tokens seen: 1221591040, grad norm: 0.6450
[iter 18650]loss: 3.1596, tokens/sec: 30636.64 ± 1798.03, tokens seen: 1222246400, grad norm: 0.6387
[iter 18660]loss: 3.2707, tokens/sec: 30636.83 ± 1797.57, tokens seen: 1222901760, grad norm: 0.6524
[iter 18670]loss: 3.1703, tokens/sec: 30637.02 ± 1797.10, tokens seen: 1223557120, grad norm: 0.6864
[iter 18680]loss: 2.9294, tokens/sec: 30637.20 ± 1796.64, tokens seen: 1224212480, grad norm: 0.7169
[iter 18690]loss: 3.0420, tokens/sec: 30637.39 ± 1796.18, tokens seen: 1224867840, grad norm: 0.6755
[iter 18700]loss: 3.1166, tokens/sec: 30637.58 ± 1795.72, tokens seen: 1225523200, grad norm: 0.6589
[iter 18710]loss: 3.1178, tokens/sec: 30637.77 ± 1795.25, tokens seen: 1226178560, grad norm: 0.6530
[iter 18720]loss: 3.2564, tokens/sec: 30637.95 ± 1794.79, tokens seen: 1226833920, grad norm: 0.6517
[iter 18730]loss: 3.0465, tokens/sec: 30638.14 ± 1794.33, tokens seen: 1227489280, grad norm: 0.6676
[iter 18740]loss: 3.1190, tokens/sec: 30638.33 ± 1793.87, tokens seen: 1228144640, grad norm: 0.6531
[iter 18750]loss: 3.1753, tokens/sec: 30638.51 ± 1793.41, tokens seen: 1228800000, grad norm: 0.6563
[iter 18760]loss: 2.9658, tokens/sec: 30638.70 ± 1792.95, tokens seen: 1229455360, grad norm: 0.6651
[iter 18770]loss: 3.0419, tokens/sec: 30638.88 ± 1792.49, tokens seen: 1230110720, grad norm: 0.6553
[iter 18780]loss: 3.2420, tokens/sec: 30639.06 ± 1792.03, tokens seen: 1230766080, grad norm: 0.6832
[iter 18790]loss: 3.0142, tokens/sec: 30639.25 ± 1791.57, tokens seen: 1231421440, grad norm: 0.6709
[iter 18800]loss: 3.0596, tokens/sec: 30638.89 ± 1792.54, tokens seen: 1232076800, grad norm: 0.7139
[iter 18810]loss: 3.1300, tokens/sec: 30639.08 ± 1792.08, tokens seen: 1232732160, grad norm: 0.6520
[iter 18820]loss: 3.1277, tokens/sec: 30639.26 ± 1791.62, tokens seen: 1233387520, grad norm: 0.6736
[iter 18830]loss: 2.6523, tokens/sec: 30639.45 ± 1791.17, tokens seen: 1234042880, grad norm: 0.6326
[iter 18840]loss: 3.1185, tokens/sec: 30639.64 ± 1790.71, tokens seen: 1234698240, grad norm: 0.6972
[iter 18850]loss: 3.2074, tokens/sec: 30639.82 ± 1790.25, tokens seen: 1235353600, grad norm: 0.6549
[iter 18860]loss: 3.1176, tokens/sec: 30640.00 ± 1789.79, tokens seen: 1236008960, grad norm: 0.6647
[iter 18870]loss: 3.0403, tokens/sec: 30640.18 ± 1789.34, tokens seen: 1236664320, grad norm: 0.6625
[iter 18880]loss: 3.1340, tokens/sec: 30640.37 ± 1788.88, tokens seen: 1237319680, grad norm: 0.6675
[iter 18890]loss: 3.1129, tokens/sec: 30640.55 ± 1788.43, tokens seen: 1237975040, grad norm: 0.6952
[iter 18900]loss: 3.3355, tokens/sec: 30640.73 ± 1787.97, tokens seen: 1238630400, grad norm: 0.6945
[iter 18910]loss: 3.0841, tokens/sec: 30640.92 ± 1787.51, tokens seen: 1239285760, grad norm: 0.7190
[iter 18920]loss: 3.1120, tokens/sec: 30640.59 ± 1788.30, tokens seen: 1239941120, grad norm: 0.6692
[iter 18930]loss: 3.0939, tokens/sec: 30640.77 ± 1787.84, tokens seen: 1240596480, grad norm: 0.6791
[iter 18940]loss: 2.9738, tokens/sec: 30640.96 ± 1787.39, tokens seen: 1241251840, grad norm: 0.6758
[iter 18950]loss: 3.0167, tokens/sec: 30641.15 ± 1786.94, tokens seen: 1241907200, grad norm: 0.6377
[iter 18960]loss: 3.0007, tokens/sec: 30641.33 ± 1786.48, tokens seen: 1242562560, grad norm: 0.6507
[iter 18970]loss: 3.2140, tokens/sec: 30641.51 ± 1786.03, tokens seen: 1243217920, grad norm: 0.6743
[iter 18980]loss: 3.0497, tokens/sec: 30641.69 ± 1785.58, tokens seen: 1243873280, grad norm: 0.7149
[iter 18990]loss: 3.1514, tokens/sec: 30641.88 ± 1785.12, tokens seen: 1244528640, grad norm: 0.7186
[step 19000]train loss: 3.1580, val loss: 3.1582, (avg train loss: 0.7859 ± 0.0402), (avg grad norm: 0.6787 ± 0.1223)
[iter 19000]loss: 3.0180, tokens/sec: 30642.06 ± 1784.67, tokens seen: 1245184000, grad norm: 0.6388
[iter 19010]loss: 3.2055, tokens/sec: 30642.24 ± 1784.22, tokens seen: 1245839360, grad norm: 0.6765
[iter 19020]loss: 3.3651, tokens/sec: 30642.42 ± 1783.77, tokens seen: 1246494720, grad norm: 0.6471
[iter 19030]loss: 3.2478, tokens/sec: 30642.60 ± 1783.32, tokens seen: 1247150080, grad norm: 0.6621
[iter 19040]loss: 3.3744, tokens/sec: 30642.79 ± 1782.87, tokens seen: 1247805440, grad norm: 0.7395
[iter 19050]loss: 3.0237, tokens/sec: 30642.97 ± 1782.42, tokens seen: 1248460800, grad norm: 0.6863
[iter 19060]loss: 3.2444, tokens/sec: 30643.15 ± 1781.97, tokens seen: 1249116160, grad norm: 0.7178
[iter 19070]loss: 2.9726, tokens/sec: 30643.33 ± 1781.52, tokens seen: 1249771520, grad norm: 0.6682
[iter 19080]loss: 3.0679, tokens/sec: 30643.51 ± 1781.07, tokens seen: 1250426880, grad norm: 0.6796
[iter 19090]loss: 3.0097, tokens/sec: 30643.69 ± 1780.62, tokens seen: 1251082240, grad norm: 0.6641
[iter 19100]loss: 3.3221, tokens/sec: 30643.87 ± 1780.17, tokens seen: 1251737600, grad norm: 0.7002
[iter 19110]loss: 3.0950, tokens/sec: 30644.05 ± 1779.72, tokens seen: 1252392960, grad norm: 0.7984
[iter 19120]loss: 3.3630, tokens/sec: 30644.23 ± 1779.27, tokens seen: 1253048320, grad norm: 0.6526
[iter 19130]loss: 3.0519, tokens/sec: 30644.41 ± 1778.82, tokens seen: 1253703680, grad norm: 0.6426
[iter 19140]loss: 3.1042, tokens/sec: 30644.59 ± 1778.38, tokens seen: 1254359040, grad norm: 0.6651
[iter 19150]loss: 3.1940, tokens/sec: 30644.76 ± 1777.93, tokens seen: 1255014400, grad norm: 0.6995
[iter 19160]loss: 3.2149, tokens/sec: 30644.95 ± 1777.48, tokens seen: 1255669760, grad norm: 0.6452
[iter 19170]loss: 3.2396, tokens/sec: 30645.13 ± 1777.04, tokens seen: 1256325120, grad norm: 0.6511
[iter 19180]loss: 3.3257, tokens/sec: 30645.30 ± 1776.59, tokens seen: 1256980480, grad norm: 0.6628
[iter 19190]loss: 3.2687, tokens/sec: 30645.48 ± 1776.15, tokens seen: 1257635840, grad norm: 0.6691
[iter 19200]loss: 3.0999, tokens/sec: 30645.66 ± 1775.70, tokens seen: 1258291200, grad norm: 0.6905
[iter 19210]loss: 3.0375, tokens/sec: 30645.85 ± 1775.26, tokens seen: 1258946560, grad norm: 0.6657
[iter 19220]loss: 3.0755, tokens/sec: 30646.03 ± 1774.81, tokens seen: 1259601920, grad norm: 0.6490
[iter 19230]loss: 3.1762, tokens/sec: 30646.21 ± 1774.37, tokens seen: 1260257280, grad norm: 0.6743
[iter 19240]loss: 2.9769, tokens/sec: 30646.38 ± 1773.92, tokens seen: 1260912640, grad norm: 0.6747
[iter 19250]loss: 3.0348, tokens/sec: 30646.56 ± 1773.48, tokens seen: 1261568000, grad norm: 0.6719
[iter 19260]loss: 3.2263, tokens/sec: 30646.74 ± 1773.04, tokens seen: 1262223360, grad norm: 0.6271
[iter 19270]loss: 3.3262, tokens/sec: 30646.92 ± 1772.60, tokens seen: 1262878720, grad norm: 0.6881
[iter 19280]loss: 3.0889, tokens/sec: 30647.10 ± 1772.15, tokens seen: 1263534080, grad norm: 0.6797
[iter 19290]loss: 3.2301, tokens/sec: 30647.27 ± 1771.71, tokens seen: 1264189440, grad norm: 0.7120
[iter 19300]loss: 3.1024, tokens/sec: 30647.45 ± 1771.27, tokens seen: 1264844800, grad norm: 0.6924
[iter 19310]loss: 3.0454, tokens/sec: 30647.63 ± 1770.83, tokens seen: 1265500160, grad norm: 0.6646
[iter 19320]loss: 3.2429, tokens/sec: 30647.81 ± 1770.39, tokens seen: 1266155520, grad norm: 0.6588
[iter 19330]loss: 3.1962, tokens/sec: 30647.98 ± 1769.95, tokens seen: 1266810880, grad norm: 0.6695
[iter 19340]loss: 3.1902, tokens/sec: 30648.16 ± 1769.50, tokens seen: 1267466240, grad norm: 0.6843
[iter 19350]loss: 3.2916, tokens/sec: 30648.33 ± 1769.06, tokens seen: 1268121600, grad norm: 0.7000
[iter 19360]loss: 3.2054, tokens/sec: 30648.51 ± 1768.62, tokens seen: 1268776960, grad norm: 0.6976
[iter 19370]loss: 3.0082, tokens/sec: 30648.69 ± 1768.18, tokens seen: 1269432320, grad norm: 0.6966
[iter 19380]loss: 3.0664, tokens/sec: 30648.86 ± 1767.75, tokens seen: 1270087680, grad norm: 0.6867
[iter 19390]loss: 3.1668, tokens/sec: 30649.04 ± 1767.31, tokens seen: 1270743040, grad norm: 0.6469
[iter 19400]loss: 3.1553, tokens/sec: 30649.22 ± 1766.87, tokens seen: 1271398400, grad norm: 0.6558
[iter 19410]loss: 2.9078, tokens/sec: 30649.39 ± 1766.43, tokens seen: 1272053760, grad norm: 0.6876
[iter 19420]loss: 3.0770, tokens/sec: 30649.56 ± 1765.99, tokens seen: 1272709120, grad norm: 0.6954
[iter 19430]loss: 2.9406, tokens/sec: 30649.74 ± 1765.55, tokens seen: 1273364480, grad norm: 0.6393
[iter 19440]loss: 3.1893, tokens/sec: 30649.92 ± 1765.12, tokens seen: 1274019840, grad norm: 0.6723
[iter 19450]loss: 3.2763, tokens/sec: 30650.09 ± 1764.68, tokens seen: 1274675200, grad norm: 0.6929
[iter 19460]loss: 3.4408, tokens/sec: 30650.27 ± 1764.24, tokens seen: 1275330560, grad norm: 0.6812
[iter 19470]loss: 3.0392, tokens/sec: 30650.44 ± 1763.81, tokens seen: 1275985920, grad norm: 0.7393
[iter 19480]loss: 3.5466, tokens/sec: 30650.61 ± 1763.37, tokens seen: 1276641280, grad norm: 0.6635
[iter 19490]loss: 3.3393, tokens/sec: 30650.79 ± 1762.94, tokens seen: 1277296640, grad norm: 0.6925
[step 19500]train loss: 3.1421, val loss: 3.1612, (avg train loss: 0.7884 ± 0.0336), (avg grad norm: 0.6712 ± 0.0228)
[iter 19500]loss: 3.2551, tokens/sec: 30650.96 ± 1762.50, tokens seen: 1277952000, grad norm: 0.6555
[iter 19510]loss: 3.2132, tokens/sec: 30651.11 ± 1762.06, tokens seen: 1278607360, grad norm: 0.6688
[iter 19520]loss: 2.9285, tokens/sec: 30651.28 ± 1761.63, tokens seen: 1279262720, grad norm: 0.6366
[iter 19530]loss: 2.8670, tokens/sec: 30651.46 ± 1761.19, tokens seen: 1279918080, grad norm: 0.6633
[iter 19540]loss: 3.1155, tokens/sec: 30651.63 ± 1760.76, tokens seen: 1280573440, grad norm: 0.6803
[iter 19550]loss: 3.0747, tokens/sec: 30651.80 ± 1760.32, tokens seen: 1281228800, grad norm: 0.7019
[iter 19560]loss: 3.1039, tokens/sec: 30651.98 ± 1759.89, tokens seen: 1281884160, grad norm: 0.6696
[iter 19570]loss: 3.1638, tokens/sec: 30652.15 ± 1759.46, tokens seen: 1282539520, grad norm: 0.6879
[iter 19580]loss: 3.0304, tokens/sec: 30652.32 ± 1759.03, tokens seen: 1283194880, grad norm: 0.6566
[iter 19590]loss: 3.4924, tokens/sec: 30652.49 ± 1758.59, tokens seen: 1283850240, grad norm: 0.7261
[iter 19600]loss: 3.1280, tokens/sec: 30652.67 ± 1758.16, tokens seen: 1284505600, grad norm: 0.6935
[iter 19610]loss: 3.1456, tokens/sec: 30652.84 ± 1757.73, tokens seen: 1285160960, grad norm: 0.6683
[iter 19620]loss: 3.2418, tokens/sec: 30653.01 ± 1757.30, tokens seen: 1285816320, grad norm: 0.6600
[iter 19630]loss: 2.7291, tokens/sec: 30653.18 ± 1756.87, tokens seen: 1286471680, grad norm: 0.6486
[iter 19640]loss: 3.2780, tokens/sec: 30653.35 ± 1756.44, tokens seen: 1287127040, grad norm: 0.6985
[iter 19650]loss: 3.0196, tokens/sec: 30653.52 ± 1756.00, tokens seen: 1287782400, grad norm: 0.6443
[iter 19660]loss: 3.0314, tokens/sec: 30653.69 ± 1755.57, tokens seen: 1288437760, grad norm: 0.7117
[iter 19670]loss: 3.1301, tokens/sec: 30653.86 ± 1755.14, tokens seen: 1289093120, grad norm: 0.6903
[iter 19680]loss: 3.3243, tokens/sec: 30654.03 ± 1754.72, tokens seen: 1289748480, grad norm: 0.6610
[iter 19690]loss: 3.3379, tokens/sec: 30653.72 ± 1755.50, tokens seen: 1290403840, grad norm: 0.6710
[iter 19700]loss: 3.0364, tokens/sec: 30653.89 ± 1755.07, tokens seen: 1291059200, grad norm: 0.6736
[iter 19710]loss: 2.9887, tokens/sec: 30654.06 ± 1754.64, tokens seen: 1291714560, grad norm: 0.6631
[iter 19720]loss: 3.0350, tokens/sec: 30654.23 ± 1754.21, tokens seen: 1292369920, grad norm: 0.6583
[iter 19730]loss: 3.1938, tokens/sec: 30654.40 ± 1753.78, tokens seen: 1293025280, grad norm: 0.6626
[iter 19740]loss: 2.9536, tokens/sec: 30654.57 ± 1753.35, tokens seen: 1293680640, grad norm: 0.6778
[iter 19750]loss: 3.2964, tokens/sec: 30654.74 ± 1752.93, tokens seen: 1294336000, grad norm: 0.6887
[iter 19760]loss: 3.0848, tokens/sec: 30654.91 ± 1752.50, tokens seen: 1294991360, grad norm: 0.6880
[iter 19770]loss: 3.0672, tokens/sec: 30655.08 ± 1752.07, tokens seen: 1295646720, grad norm: 0.6623
[iter 19780]loss: 3.3672, tokens/sec: 30654.73 ± 1753.04, tokens seen: 1296302080, grad norm: 0.6525
[iter 19790]loss: 3.0261, tokens/sec: 30654.89 ± 1752.62, tokens seen: 1296957440, grad norm: 0.6573
[iter 19800]loss: 3.2146, tokens/sec: 30655.06 ± 1752.19, tokens seen: 1297612800, grad norm: 0.7076
[iter 19810]loss: 2.9996, tokens/sec: 30655.22 ± 1751.76, tokens seen: 1298268160, grad norm: 0.6903
[iter 19820]loss: 3.1211, tokens/sec: 30655.38 ± 1751.33, tokens seen: 1298923520, grad norm: 0.6757
[iter 19830]loss: 3.0979, tokens/sec: 30655.55 ± 1750.91, tokens seen: 1299578880, grad norm: 0.6647
[iter 19840]loss: 2.9186, tokens/sec: 30655.72 ± 1750.48, tokens seen: 1300234240, grad norm: 0.6458
[iter 19850]loss: 3.2659, tokens/sec: 30655.88 ± 1750.06, tokens seen: 1300889600, grad norm: 0.6748
[iter 19860]loss: 2.8344, tokens/sec: 30656.05 ± 1749.63, tokens seen: 1301544960, grad norm: 0.6467
[iter 19870]loss: 3.3366, tokens/sec: 30656.21 ± 1749.21, tokens seen: 1302200320, grad norm: 0.6715
[iter 19880]loss: 3.1968, tokens/sec: 30656.38 ± 1748.78, tokens seen: 1302855680, grad norm: 0.6790
[iter 19890]loss: 3.1278, tokens/sec: 30656.54 ± 1748.36, tokens seen: 1303511040, grad norm: 0.6565
[iter 19900]loss: 3.2156, tokens/sec: 30656.71 ± 1747.94, tokens seen: 1304166400, grad norm: 0.6671
[iter 19910]loss: 3.1243, tokens/sec: 30656.88 ± 1747.51, tokens seen: 1304821760, grad norm: 0.6917
[iter 19920]loss: 3.0675, tokens/sec: 30657.04 ± 1747.09, tokens seen: 1305477120, grad norm: 0.6734
[iter 19930]loss: 3.2597, tokens/sec: 30657.20 ± 1746.67, tokens seen: 1306132480, grad norm: 0.6685
[iter 19940]loss: 3.1058, tokens/sec: 30657.37 ± 1746.24, tokens seen: 1306787840, grad norm: 0.6542
[iter 19950]loss: 3.1710, tokens/sec: 30657.54 ± 1745.82, tokens seen: 1307443200, grad norm: 0.6605
[iter 19960]loss: 2.9207, tokens/sec: 30657.70 ± 1745.40, tokens seen: 1308098560, grad norm: 0.6808
[iter 19970]loss: 2.9663, tokens/sec: 30657.87 ± 1744.98, tokens seen: 1308753920, grad norm: 0.6600
[iter 19980]loss: 3.1872, tokens/sec: 30658.03 ± 1744.56, tokens seen: 1309409280, grad norm: 0.6741
[iter 19990]loss: 3.5720, tokens/sec: 30658.19 ± 1744.14, tokens seen: 1310064640, grad norm: 0.6670
[step 20000]train loss: 3.1486, val loss: 3.1634, (avg train loss: 0.7877 ± 0.0339), (avg grad norm: 0.6750 ± 0.0342)
[iter 20000]loss: 2.8632, tokens/sec: 30658.36 ± 1743.72, tokens seen: 1310720000, grad norm: 0.6530
[1;34mwandb[0m: 
[1;34mwandb[0m: 🚀 View run [33mL-lora_residual_midnorm-inbeta-owt-bs8-20kstep-9086[0m at: [34mhttps://wandb.ai/guotzzz-peking-university/mhc-lite/runs/ite3ua5e[0m
[1;34mwandb[0m: Find logs at: [1;35mwandb/run-20260721_133916-ite3ua5e/logs[0m
