
*****************************************
Setting OMP_NUM_THREADS environment variable for each process to be 1 in default, to avoid your system being overloaded, please further tune the variable for optimal performance in your application as needed. 
*****************************************
Overriding config with config/train_owt.py:
eval_interval = 500
eval_iters = 200
log_interval = 10
always_save_checkpoint = False

wandb_log = True
wandb_project = 'mhc-lite'
out_prefix_dataset = "owt"

dataset = 'openwebtext'
gradient_accumulation_steps = 8  
batch_size = 16
block_size = 1024

dtype = 'bfloat16'

Overriding config with config/large_model.py:
wandb_group = "large"
out_prefix_model = "large"

n_layer = 24
n_head = 16
n_embd = 1024
dropout = 0.0

learning_rate = 3e-4
min_lr = 3e-5
max_iters = 10000
lr_decay_iters = 10000
warmup_iters = 200
weight_decay = 0.1
beta1 = 0.9
beta2 = 0.95
grad_clip = 1.0


Overriding config with config/with_mhc_lite.py:
hyper_conn_type = "mhc_lite"
hyper_conn_n = 4

wandb_notes = "mhc-lite"
out_prefix_method = "mhc-lite"
Overriding: batch_size = 8
Overriding: gradient_accumulation_steps = 32
Overriding: max_iters = 30000
Overriding: warmup_iters = 500
Overriding: lr_schedule = wsd
Overriding: lr_decay_start_iters = 25500
Overriding: lr_decay_iters = 30000
Overriding: learning_rate = 0.0003
Overriding: min_lr = 3e-05
Overriding: compile = True
Overriding: out_prefix_method = mhc-lite-wsd
Overriding: wandb_run_name = L-mhc-lite-owt-bs8ga32-30kstep-wsd
Overriding config with config/train_owt.py:
eval_interval = 500
eval_iters = 200
log_interval = 10
always_save_checkpoint = False

wandb_log = True
wandb_project = 'mhc-lite'
out_prefix_dataset = "owt"

dataset = 'openwebtext'
gradient_accumulation_steps = 8  
batch_size = 16
block_size = 1024

dtype = 'bfloat16'

Overriding config with config/large_model.py:
wandb_group = "large"
out_prefix_model = "large"

n_layer = 24
n_head = 16
n_embd = 1024
dropout = 0.0

learning_rate = 3e-4
min_lr = 3e-5
max_iters = 10000
lr_decay_iters = 10000
warmup_iters = 200
weight_decay = 0.1
beta1 = 0.9
beta2 = 0.95
grad_clip = 1.0


Overriding config with config/with_mhc_lite.py:
hyper_conn_type = "mhc_lite"
hyper_conn_n = 4

wandb_notes = "mhc-lite"
out_prefix_method = "mhc-lite"
Overriding: batch_size = 8
Overriding: gradient_accumulation_steps = 32
Overriding: max_iters = 30000
Overriding: warmup_iters = 500
Overriding: lr_schedule = wsd
Overriding: lr_decay_start_iters = 25500
Overriding: lr_decay_iters = 30000
Overriding: learning_rate = 0.0003
Overriding: min_lr = 3e-05
Overriding: compile = True
Overriding: out_prefix_method = mhc-lite-wsd
Overriding: wandb_run_name = L-mhc-lite-owt-bs8ga32-30kstep-wsd
tokens per iteration will be: 262,144
Initializing a new model from scratch
defaulting to vocab_size of GPT-2 to 50304 (50257 rounded up for efficiency)
HYPER_CONN: USING mhc_lite with 4 streams
wandb: [wandb.login()] Loaded credentials for https://api.wandb.ai from /root/.netrc.
wandb: Currently logged in as: guotzzz (guotzzz-peking-university) to https://api.wandb.ai. Use `wandb login --relogin` to force relogin
wandb: setting up run do1porn2
wandb: Tracking run with wandb version 0.28.0
wandb: Run data is saved locally in /home/work/data/guotianzizhe/project/mhc-lite/wandb/run-20260817_145242-do1porn2
wandb: Run `wandb offline` to turn off syncing.
wandb: Syncing run L-mhc-lite-owt-bs8ga32-30kstep-wsd-3588
wandb: ⭐️ View project at https://wandb.ai/guotzzz-peking-university/mhc-lite
wandb: 🚀 View run at https://wandb.ai/guotzzz-peking-university/mhc-lite/runs/do1porn2
tokens per iteration will be: 262,144
====================================================================================================
n_layer = 24
n_head = 16
n_embd = 1024
block_size = 1024
bias = False
vocab_size = None
dropout = 0.0
hyper_conn_n = 4
hyper_conn_type = mhc_lite
====================================================================================================
Initializing a new model from scratch
defaulting to vocab_size of GPT-2 to 50304 (50257 rounded up for efficiency)
HYPER_CONN: USING mhc_lite with 4 streams
number of parameters: 360.04M
num decayed parameter tensors: 194, with 360,841,216 parameters
num non-decayed parameter tensors: 337, with 248,464 parameters
using fused AdamW: True
compiling the model... (takes a ~minute)
number of parameters: 360.04M
num decayed parameter tensors: 194, with 360,841,216 parameters
num non-decayed parameter tensors: 337, with 248,464 parameters
using fused AdamW: True
compiling the model... (takes a ~minute)
[step 0]train loss: 13.3495, val loss: 13.3455, (avg train loss: 0.0000 ± 0.0000), (avg grad norm: 0.0000 ± 0.0000)
[iter 0]loss: 13.3352, tokens/sec: 18816.74 ± 0.00, tokens seen: 0, grad norm: 103.6393
[iter 10]loss: 10.3399, tokens/sec: 32809.60 ± 4424.93, tokens seen: 2621440, grad norm: 53.2075
[iter 20]loss: 9.3278, tokens/sec: 33467.12 ± 3275.95, tokens seen: 5242880, grad norm: 27.6469
[iter 30]loss: 9.1847, tokens/sec: 33694.33 ± 2716.32, tokens seen: 7864320, grad norm: 37.2690
[iter 40]loss: 8.1240, tokens/sec: 33811.57 ± 2370.95, tokens seen: 10485760, grad norm: 10.9966
[iter 50]loss: 8.0632, tokens/sec: 33884.22 ± 2130.92, tokens seen: 13107200, grad norm: 48.6807
[iter 60]loss: 7.4486, tokens/sec: 33932.75 ± 1951.52, tokens seen: 15728640, grad norm: 13.6359
[iter 70]loss: 7.3018, tokens/sec: 33966.51 ± 1810.80, tokens seen: 18350080, grad norm: 7.9128
[iter 80]loss: 7.4243, tokens/sec: 33992.19 ± 1696.73, tokens seen: 20971520, grad norm: 10.4409
[iter 90]loss: 7.0535, tokens/sec: 34011.99 ± 1601.78, tokens seen: 23592960, grad norm: 7.3060
[iter 100]loss: 6.6728, tokens/sec: 34027.95 ± 1521.18, tokens seen: 26214400, grad norm: 7.4412
[iter 110]loss: 6.8947, tokens/sec: 34040.85 ± 1451.63, tokens seen: 28835840, grad norm: 7.1168
[iter 120]loss: 6.6874, tokens/sec: 34051.44 ± 1390.80, tokens seen: 31457280, grad norm: 7.9732
[iter 130]loss: 6.6313, tokens/sec: 34060.46 ± 1337.03, tokens seen: 34078720, grad norm: 7.4485
[iter 140]loss: 6.4493, tokens/sec: 34068.22 ± 1289.05, tokens seen: 36700160, grad norm: 6.3261
[iter 150]loss: 6.4773, tokens/sec: 34074.61 ± 1245.87, tokens seen: 39321600, grad norm: 4.8699
[iter 160]loss: 6.3399, tokens/sec: 34080.15 ± 1206.75, tokens seen: 41943040, grad norm: 4.3097
[iter 170]loss: 6.6674, tokens/sec: 34085.22 ± 1171.11, tokens seen: 44564480, grad norm: 3.6881
[iter 180]loss: 6.4856, tokens/sec: 34089.73 ± 1138.46, tokens seen: 47185920, grad norm: 4.6429
[iter 190]loss: 6.4603, tokens/sec: 34093.78 ± 1108.39, tokens seen: 49807360, grad norm: 4.9411
[iter 200]loss: 6.6097, tokens/sec: 34097.53 ± 1080.59, tokens seen: 52428800, grad norm: 3.8563
[iter 210]loss: 6.3341, tokens/sec: 34100.81 ± 1054.78, tokens seen: 55050240, grad norm: 5.1694
[iter 220]loss: 6.2238, tokens/sec: 34103.61 ± 1030.72, tokens seen: 57671680, grad norm: 4.4075
[iter 230]loss: 6.6292, tokens/sec: 34106.20 ± 1008.24, tokens seen: 60293120, grad norm: 5.5690
[iter 240]loss: 6.2253, tokens/sec: 34108.51 ± 987.16, tokens seen: 62914560, grad norm: 4.4001
[iter 250]loss: 6.1086, tokens/sec: 34110.91 ± 967.37, tokens seen: 65536000, grad norm: 3.5323
[iter 260]loss: 6.2522, tokens/sec: 34112.95 ± 948.71, tokens seen: 68157440, grad norm: 3.5719
[iter 270]loss: 6.2034, tokens/sec: 34114.66 ± 931.09, tokens seen: 70778880, grad norm: 7.7785
[iter 280]loss: 6.2617, tokens/sec: 34116.41 ± 914.42, tokens seen: 73400320, grad norm: 3.3343
[iter 290]loss: 6.0115, tokens/sec: 34117.93 ± 898.61, tokens seen: 76021760, grad norm: 2.2053
[iter 300]loss: 5.9499, tokens/sec: 34119.59 ± 883.60, tokens seen: 78643200, grad norm: 3.6447
[iter 310]loss: 5.9141, tokens/sec: 34120.95 ± 869.31, tokens seen: 81264640, grad norm: 3.4983
[iter 320]loss: 5.8732, tokens/sec: 34122.26 ± 855.69, tokens seen: 83886080, grad norm: 2.0497
[iter 330]loss: 5.9332, tokens/sec: 34123.35 ± 842.69, tokens seen: 86507520, grad norm: 2.8412
[iter 340]loss: 6.0680, tokens/sec: 34124.45 ± 830.27, tokens seen: 89128960, grad norm: 2.7137
[iter 350]loss: 5.9956, tokens/sec: 34125.42 ± 818.38, tokens seen: 91750400, grad norm: 2.8496
[iter 360]loss: 6.0851, tokens/sec: 34126.39 ± 806.99, tokens seen: 94371840, grad norm: 2.2738
[iter 370]loss: 6.1572, tokens/sec: 34127.33 ± 796.06, tokens seen: 96993280, grad norm: 7.8234
[iter 380]loss: 5.8075, tokens/sec: 34128.18 ± 785.56, tokens seen: 99614720, grad norm: 2.5172
[iter 390]loss: 5.7776, tokens/sec: 34129.09 ± 775.47, tokens seen: 102236160, grad norm: 1.9939
[iter 400]loss: 5.9781, tokens/sec: 34129.82 ± 765.75, tokens seen: 104857600, grad norm: 2.6460
[iter 410]loss: 6.0899, tokens/sec: 34130.64 ± 756.40, tokens seen: 107479040, grad norm: 2.8479
[iter 420]loss: 5.6112, tokens/sec: 34131.47 ± 747.38, tokens seen: 110100480, grad norm: 2.4134
[iter 430]loss: 5.6062, tokens/sec: 34132.11 ± 738.67, tokens seen: 112721920, grad norm: 2.2029
[iter 440]loss: 5.6139, tokens/sec: 34132.74 ± 730.26, tokens seen: 115343360, grad norm: 2.4970
[iter 450]loss: 5.5612, tokens/sec: 34133.48 ± 722.14, tokens seen: 117964800, grad norm: 2.6926
[iter 460]loss: 5.5587, tokens/sec: 34134.07 ± 714.27, tokens seen: 120586240, grad norm: 2.0102
[iter 470]loss: 5.9040, tokens/sec: 34134.66 ± 706.66, tokens seen: 123207680, grad norm: 2.2012
[iter 480]loss: 5.7010, tokens/sec: 34135.27 ± 699.29, tokens seen: 125829120, grad norm: 2.1816
[iter 490]loss: 5.5350, tokens/sec: 34135.82 ± 692.15, tokens seen: 128450560, grad norm: 2.3285
[step 500]train loss: 5.5539, val loss: 5.5567, (avg train loss: 0.3641 ± 0.0133), (avg grad norm: 2.7913 ± 0.8987)
saving checkpoint to ./out-owt-large-mhc-lite-wsd-bs8-30000step
[iter 500]loss: 5.1483, tokens/sec: 34136.87 ± 685.35, tokens seen: 131072000, grad norm: 1.9816
[iter 510]loss: 5.6278, tokens/sec: 34138.09 ± 678.66, tokens seen: 133693440, grad norm: 2.4126
[iter 520]loss: 5.5555, tokens/sec: 34138.78 ± 672.14, tokens seen: 136314880, grad norm: 2.1668
[iter 530]loss: 5.5302, tokens/sec: 34138.99 ± 665.78, tokens seen: 138936320, grad norm: 3.6875
[iter 540]loss: 5.4557, tokens/sec: 34139.32 ± 659.61, tokens seen: 141557760, grad norm: 1.8225
[iter 550]loss: 5.3178, tokens/sec: 34139.73 ± 653.60, tokens seen: 144179200, grad norm: 1.6977
[iter 560]loss: 5.3867, tokens/sec: 34140.12 ± 647.76, tokens seen: 146800640, grad norm: 2.5607
[iter 570]loss: 5.4888, tokens/sec: 34140.44 ± 642.07, tokens seen: 149422080, grad norm: 1.7836
[iter 580]loss: 5.8189, tokens/sec: 34140.73 ± 636.52, tokens seen: 152043520, grad norm: 2.6768
[iter 590]loss: 5.3606, tokens/sec: 34140.99 ± 631.12, tokens seen: 154664960, grad norm: 1.2902
[iter 600]loss: 5.1009, tokens/sec: 34141.32 ± 625.85, tokens seen: 157286400, grad norm: 1.1533
[iter 610]loss: 5.1660, tokens/sec: 34141.61 ± 620.71, tokens seen: 159907840, grad norm: 1.5719
[iter 620]loss: 5.5236, tokens/sec: 34141.96 ± 615.70, tokens seen: 162529280, grad norm: 1.8989
[iter 630]loss: 5.1368, tokens/sec: 34142.28 ± 610.81, tokens seen: 165150720, grad norm: 2.0267
[iter 640]loss: 5.1901, tokens/sec: 34142.55 ± 606.03, tokens seen: 167772160, grad norm: 1.1137
[iter 650]loss: 5.0591, tokens/sec: 34142.73 ± 601.36, tokens seen: 170393600, grad norm: 1.9569
[iter 660]loss: 4.9742, tokens/sec: 34143.01 ± 596.80, tokens seen: 173015040, grad norm: 1.4213
[iter 670]loss: 4.8154, tokens/sec: 34143.28 ± 592.34, tokens seen: 175636480, grad norm: 1.6744
[iter 680]loss: 4.8788, tokens/sec: 34143.46 ± 587.98, tokens seen: 178257920, grad norm: 1.8246
[iter 690]loss: 4.9044, tokens/sec: 34143.65 ± 583.71, tokens seen: 180879360, grad norm: 1.9191
[iter 700]loss: 4.8996, tokens/sec: 34143.90 ± 579.54, tokens seen: 183500800, grad norm: 1.4521
[iter 710]loss: 5.1381, tokens/sec: 34144.08 ± 575.45, tokens seen: 186122240, grad norm: 1.3697
[iter 720]loss: 5.0749, tokens/sec: 34144.34 ± 571.45, tokens seen: 188743680, grad norm: 1.1589
[iter 730]loss: 4.6108, tokens/sec: 34144.57 ± 567.53, tokens seen: 191365120, grad norm: 1.9257
[iter 740]loss: 4.8696, tokens/sec: 34144.79 ± 563.69, tokens seen: 193986560, grad norm: 1.4703
[iter 750]loss: 4.8886, tokens/sec: 34144.98 ± 559.93, tokens seen: 196608000, grad norm: 1.9539
[iter 760]loss: 4.7941, tokens/sec: 34145.20 ± 556.24, tokens seen: 199229440, grad norm: 1.4219
[iter 770]loss: 4.9552, tokens/sec: 34145.38 ± 552.63, tokens seen: 201850880, grad norm: 1.4965
[iter 780]loss: 4.4799, tokens/sec: 34145.52 ± 549.08, tokens seen: 204472320, grad norm: 1.0601
[iter 790]loss: 4.5465, tokens/sec: 34145.66 ± 545.60, tokens seen: 207093760, grad norm: 1.1604
[iter 800]loss: 4.6473, tokens/sec: 34145.82 ± 542.18, tokens seen: 209715200, grad norm: 1.2905
[iter 810]loss: 4.6424, tokens/sec: 34145.95 ± 538.83, tokens seen: 212336640, grad norm: 1.0049
[iter 820]loss: 4.4528, tokens/sec: 34146.12 ± 535.54, tokens seen: 214958080, grad norm: 1.1219
[iter 830]loss: 4.9973, tokens/sec: 34146.23 ± 532.31, tokens seen: 217579520, grad norm: 0.9002
[iter 840]loss: 4.5444, tokens/sec: 34146.44 ± 529.14, tokens seen: 220200960, grad norm: 1.2347
[iter 850]loss: 4.2564, tokens/sec: 34146.64 ± 526.03, tokens seen: 222822400, grad norm: 1.0922
[iter 860]loss: 4.7013, tokens/sec: 34146.73 ± 522.97, tokens seen: 225443840, grad norm: 1.0907
[iter 870]loss: 4.4099, tokens/sec: 34146.81 ± 519.96, tokens seen: 228065280, grad norm: 1.2267
[iter 880]loss: 4.3513, tokens/sec: 34146.94 ± 517.00, tokens seen: 230686720, grad norm: 1.0113
[iter 890]loss: 4.8169, tokens/sec: 34147.07 ± 514.09, tokens seen: 233308160, grad norm: 1.1213
[iter 900]loss: 4.3963, tokens/sec: 34147.15 ± 511.23, tokens seen: 235929600, grad norm: 1.1540
[iter 910]loss: 4.0481, tokens/sec: 34147.27 ± 508.42, tokens seen: 238551040, grad norm: 1.0595
[iter 920]loss: 4.1179, tokens/sec: 34147.41 ± 505.66, tokens seen: 241172480, grad norm: 1.0033
[iter 930]loss: 4.5545, tokens/sec: 34147.56 ± 502.94, tokens seen: 243793920, grad norm: 1.0535
[iter 940]loss: 4.3288, tokens/sec: 34147.66 ± 500.26, tokens seen: 246415360, grad norm: 1.0364
[iter 950]loss: 4.5841, tokens/sec: 34147.76 ± 497.62, tokens seen: 249036800, grad norm: 1.0357
[iter 960]loss: 4.3788, tokens/sec: 34147.85 ± 495.03, tokens seen: 251658240, grad norm: 1.1368
[iter 970]loss: 4.3216, tokens/sec: 34147.97 ± 492.47, tokens seen: 254279680, grad norm: 1.3898
[iter 980]loss: 3.9741, tokens/sec: 34148.05 ± 489.96, tokens seen: 256901120, grad norm: 1.0431
[iter 990]loss: 4.2642, tokens/sec: 34148.17 ± 487.48, tokens seen: 259522560, grad norm: 1.0461
[step 1000]train loss: 4.2516, val loss: 4.2568, (avg train loss: 0.2781 ± 0.0122), (avg grad norm: 1.1408 ± 0.1995)
saving checkpoint to ./out-owt-large-mhc-lite-wsd-bs8-30000step
[iter 1000]loss: 4.3085, tokens/sec: 34148.54 ± 485.14, tokens seen: 262144000, grad norm: 0.8865
[iter 1010]loss: 4.2784, tokens/sec: 34148.99 ± 482.76, tokens seen: 264765440, grad norm: 0.9349
[iter 1020]loss: 4.1822, tokens/sec: 34149.10 ± 480.40, tokens seen: 267386880, grad norm: 1.1251
[iter 1030]loss: 4.3839, tokens/sec: 34149.06 ± 478.06, tokens seen: 270008320, grad norm: 0.8460
[iter 1040]loss: 4.1924, tokens/sec: 34149.12 ± 475.76, tokens seen: 272629760, grad norm: 0.9083
[iter 1050]loss: 4.0190, tokens/sec: 34149.17 ± 473.49, tokens seen: 275251200, grad norm: 0.8340
[iter 1060]loss: 4.3626, tokens/sec: 34149.28 ± 471.26, tokens seen: 277872640, grad norm: 0.9227
[iter 1070]loss: 4.1755, tokens/sec: 34149.33 ± 469.06, tokens seen: 280494080, grad norm: 0.9613
[iter 1080]loss: 4.2140, tokens/sec: 34149.39 ± 466.88, tokens seen: 283115520, grad norm: 1.0652
[iter 1090]loss: 3.9800, tokens/sec: 34149.41 ± 464.74, tokens seen: 285736960, grad norm: 0.8292
[iter 1100]loss: 4.1049, tokens/sec: 34149.48 ± 462.62, tokens seen: 288358400, grad norm: 0.9885
[iter 1110]loss: 4.2130, tokens/sec: 34149.49 ± 460.54, tokens seen: 290979840, grad norm: 0.8719
[iter 1120]loss: 4.1771, tokens/sec: 34149.52 ± 458.48, tokens seen: 293601280, grad norm: 0.7112
[iter 1130]loss: 4.1038, tokens/sec: 34149.59 ± 456.45, tokens seen: 296222720, grad norm: 0.8182
[iter 1140]loss: 3.9718, tokens/sec: 34149.65 ± 454.45, tokens seen: 298844160, grad norm: 0.9126
[iter 1150]loss: 4.2107, tokens/sec: 34149.70 ± 452.47, tokens seen: 301465600, grad norm: 0.6958
[iter 1160]loss: 4.1312, tokens/sec: 34149.76 ± 450.52, tokens seen: 304087040, grad norm: 0.7916
[iter 1170]loss: 4.0959, tokens/sec: 34149.85 ± 448.59, tokens seen: 306708480, grad norm: 0.7819
[iter 1180]loss: 3.8204, tokens/sec: 34149.97 ± 446.69, tokens seen: 309329920, grad norm: 0.7303
[iter 1190]loss: 4.0150, tokens/sec: 34150.00 ± 444.81, tokens seen: 311951360, grad norm: 1.0393
[iter 1200]loss: 4.0055, tokens/sec: 34150.04 ± 442.96, tokens seen: 314572800, grad norm: 0.8125
[iter 1210]loss: 3.7484, tokens/sec: 34150.09 ± 441.13, tokens seen: 317194240, grad norm: 0.6732
[iter 1220]loss: 3.8867, tokens/sec: 34150.12 ± 439.32, tokens seen: 319815680, grad norm: 0.7903
[iter 1230]loss: 4.1011, tokens/sec: 34150.18 ± 437.53, tokens seen: 322437120, grad norm: 0.8981
[iter 1240]loss: 3.9572, tokens/sec: 34150.21 ± 435.76, tokens seen: 325058560, grad norm: 0.7386
[iter 1250]loss: 4.1269, tokens/sec: 34150.22 ± 434.02, tokens seen: 327680000, grad norm: 0.6530
[iter 1260]loss: 3.8968, tokens/sec: 34150.27 ± 432.30, tokens seen: 330301440, grad norm: 0.7313
[iter 1270]loss: 4.0500, tokens/sec: 34150.30 ± 430.59, tokens seen: 332922880, grad norm: 0.6109
[iter 1280]loss: 3.8482, tokens/sec: 34150.33 ± 428.91, tokens seen: 335544320, grad norm: 0.7996
[iter 1290]loss: 4.0427, tokens/sec: 34150.33 ± 427.25, tokens seen: 338165760, grad norm: 0.9295
[iter 1300]loss: 3.9903, tokens/sec: 34150.39 ± 425.60, tokens seen: 340787200, grad norm: 0.6557
[iter 1310]loss: 4.0759, tokens/sec: 34150.43 ± 423.98, tokens seen: 343408640, grad norm: 0.7703
[iter 1320]loss: 3.9649, tokens/sec: 34150.49 ± 422.37, tokens seen: 346030080, grad norm: 0.5819
[iter 1330]loss: 3.9210, tokens/sec: 34150.52 ± 420.78, tokens seen: 348651520, grad norm: 0.6784
[iter 1340]loss: 3.9598, tokens/sec: 34150.57 ± 419.21, tokens seen: 351272960, grad norm: 0.8775
[iter 1350]loss: 3.9109, tokens/sec: 34150.61 ± 417.66, tokens seen: 353894400, grad norm: 0.5577
[iter 1360]loss: 3.9481, tokens/sec: 34150.62 ± 416.12, tokens seen: 356515840, grad norm: 0.7498
[iter 1370]loss: 3.9082, tokens/sec: 34150.67 ± 414.60, tokens seen: 359137280, grad norm: 0.6185
[iter 1380]loss: 3.6665, tokens/sec: 34150.72 ± 413.10, tokens seen: 361758720, grad norm: 0.6276
[iter 1390]loss: 3.9251, tokens/sec: 34150.76 ± 411.61, tokens seen: 364380160, grad norm: 0.6224
[iter 1400]loss: 3.7147, tokens/sec: 34150.81 ± 410.14, tokens seen: 367001600, grad norm: 0.6817
[iter 1410]loss: 3.8477, tokens/sec: 34150.82 ± 408.68, tokens seen: 369623040, grad norm: 0.7271
[iter 1420]loss: 3.8651, tokens/sec: 34150.90 ± 407.25, tokens seen: 372244480, grad norm: 0.7699
[iter 1430]loss: 3.9839, tokens/sec: 34150.93 ± 405.82, tokens seen: 374865920, grad norm: 0.6047
[iter 1440]loss: 3.9784, tokens/sec: 34150.97 ± 404.41, tokens seen: 377487360, grad norm: 0.6907
[iter 1450]loss: 3.6778, tokens/sec: 34150.98 ± 403.02, tokens seen: 380108800, grad norm: 0.5993
[iter 1460]loss: 3.9026, tokens/sec: 34151.01 ± 401.63, tokens seen: 382730240, grad norm: 0.5435
[iter 1470]loss: 3.8863, tokens/sec: 34151.04 ± 400.27, tokens seen: 385351680, grad norm: 0.6350
[iter 1480]loss: 3.7177, tokens/sec: 34151.07 ± 398.91, tokens seen: 387973120, grad norm: 0.4948
[iter 1490]loss: 3.4370, tokens/sec: 34151.08 ± 397.58, tokens seen: 390594560, grad norm: 0.6865
[step 1500]train loss: 3.8670, val loss: 3.8388, (avg train loss: 0.2439 ± 0.0089), (avg grad norm: 0.6572 ± 0.1099)
saving checkpoint to ./out-owt-large-mhc-lite-wsd-bs8-30000step
[iter 1500]loss: 3.4544, tokens/sec: 34151.31 ± 396.33, tokens seen: 393216000, grad norm: 0.5866
[iter 1510]loss: 3.7346, tokens/sec: 34151.63 ± 395.04, tokens seen: 395837440, grad norm: 0.5367
[iter 1520]loss: 4.1191, tokens/sec: 34151.69 ± 393.74, tokens seen: 398458880, grad norm: 0.5149
[iter 1530]loss: 3.6792, tokens/sec: 34151.64 ± 392.46, tokens seen: 401080320, grad norm: 0.5868
[iter 1540]loss: 3.8331, tokens/sec: 34151.64 ± 391.18, tokens seen: 403701760, grad norm: 0.7757
[iter 1550]loss: 3.7838, tokens/sec: 34151.68 ± 389.92, tokens seen: 406323200, grad norm: 0.5194
[iter 1560]loss: 3.7558, tokens/sec: 34151.69 ± 388.67, tokens seen: 408944640, grad norm: 0.5255
[iter 1570]loss: 3.9408, tokens/sec: 34151.71 ± 387.43, tokens seen: 411566080, grad norm: 0.5465
[iter 1580]loss: 4.0106, tokens/sec: 34151.75 ± 386.20, tokens seen: 414187520, grad norm: 0.6963
[iter 1590]loss: 3.7033, tokens/sec: 34151.76 ± 384.99, tokens seen: 416808960, grad norm: 0.7154
[iter 1600]loss: 3.5533, tokens/sec: 34151.79 ± 383.79, tokens seen: 419430400, grad norm: 0.4909
[iter 1610]loss: 3.8779, tokens/sec: 34151.78 ± 382.59, tokens seen: 422051840, grad norm: 0.4499
[iter 1620]loss: 3.7226, tokens/sec: 34151.77 ± 381.41, tokens seen: 424673280, grad norm: 0.4854
[iter 1630]loss: 3.8236, tokens/sec: 34151.76 ± 380.24, tokens seen: 427294720, grad norm: 0.5468
[iter 1640]loss: 3.9967, tokens/sec: 34151.79 ± 379.08, tokens seen: 429916160, grad norm: 0.6245
[iter 1650]loss: 3.7768, tokens/sec: 34151.81 ± 377.93, tokens seen: 432537600, grad norm: 0.4604
[iter 1660]loss: 3.6020, tokens/sec: 34151.82 ± 376.79, tokens seen: 435159040, grad norm: 0.7948
[iter 1670]loss: 3.7162, tokens/sec: 34151.84 ± 375.66, tokens seen: 437780480, grad norm: 0.5843
[iter 1680]loss: 4.0144, tokens/sec: 34151.86 ± 374.55, tokens seen: 440401920, grad norm: 0.6018
[iter 1690]loss: 3.8664, tokens/sec: 34151.88 ± 373.44, tokens seen: 443023360, grad norm: 0.6114
[iter 1700]loss: 3.8599, tokens/sec: 34151.85 ± 372.34, tokens seen: 445644800, grad norm: 0.5564
[iter 1710]loss: 3.7440, tokens/sec: 34151.81 ± 371.25, tokens seen: 448266240, grad norm: 0.5274
[iter 1720]loss: 3.7535, tokens/sec: 34151.81 ± 370.17, tokens seen: 450887680, grad norm: 0.5346
[iter 1730]loss: 3.7023, tokens/sec: 34151.82 ± 369.10, tokens seen: 453509120, grad norm: 0.5133
[iter 1740]loss: 3.7907, tokens/sec: 34151.84 ± 368.04, tokens seen: 456130560, grad norm: 0.4751
[iter 1750]loss: 3.8238, tokens/sec: 34151.87 ± 366.99, tokens seen: 458752000, grad norm: 0.4574
[iter 1760]loss: 3.5040, tokens/sec: 34151.89 ± 365.95, tokens seen: 461373440, grad norm: 0.4932
[iter 1770]loss: 3.7018, tokens/sec: 34151.90 ± 364.91, tokens seen: 463994880, grad norm: 0.4862
[iter 1780]loss: 3.6816, tokens/sec: 34151.94 ± 363.89, tokens seen: 466616320, grad norm: 0.5031
[iter 1790]loss: 3.8028, tokens/sec: 34151.95 ± 362.87, tokens seen: 469237760, grad norm: 0.4580
[iter 1800]loss: 3.8669, tokens/sec: 34151.95 ± 361.86, tokens seen: 471859200, grad norm: 0.4973
[iter 1810]loss: 3.5586, tokens/sec: 34151.98 ± 360.86, tokens seen: 474480640, grad norm: 0.5552
[iter 1820]loss: 3.6924, tokens/sec: 34152.00 ± 359.87, tokens seen: 477102080, grad norm: 0.5682
[iter 1830]loss: 3.6347, tokens/sec: 34152.01 ± 358.89, tokens seen: 479723520, grad norm: 0.6145
[iter 1840]loss: 3.7074, tokens/sec: 34152.00 ± 357.91, tokens seen: 482344960, grad norm: 0.4974
[iter 1850]loss: 3.6719, tokens/sec: 34152.00 ± 356.94, tokens seen: 484966400, grad norm: 0.4830
[iter 1860]loss: 3.6579, tokens/sec: 34152.01 ± 355.98, tokens seen: 487587840, grad norm: 0.5720
[iter 1870]loss: 3.6492, tokens/sec: 34152.01 ± 355.03, tokens seen: 490209280, grad norm: 0.4893
[iter 1880]loss: 3.6001, tokens/sec: 34152.03 ± 354.09, tokens seen: 492830720, grad norm: 0.4937
[iter 1890]loss: 3.8630, tokens/sec: 34152.05 ± 353.15, tokens seen: 495452160, grad norm: 0.5120
[iter 1900]loss: 3.7738, tokens/sec: 34152.08 ± 352.22, tokens seen: 498073600, grad norm: 0.4567
[iter 1910]loss: 3.5573, tokens/sec: 34152.10 ± 351.30, tokens seen: 500695040, grad norm: 0.5676
[iter 1920]loss: 3.5811, tokens/sec: 34152.12 ± 350.39, tokens seen: 503316480, grad norm: 0.6191
[iter 1930]loss: 3.8660, tokens/sec: 34152.14 ± 349.48, tokens seen: 505937920, grad norm: 0.5514
[iter 1940]loss: 3.5622, tokens/sec: 34152.17 ± 348.58, tokens seen: 508559360, grad norm: 0.5205
[iter 1950]loss: 3.6610, tokens/sec: 34152.17 ± 347.68, tokens seen: 511180800, grad norm: 0.4545
[iter 1960]loss: 3.7177, tokens/sec: 34152.19 ± 346.80, tokens seen: 513802240, grad norm: 0.4771
[iter 1970]loss: 3.7620, tokens/sec: 34152.21 ± 345.92, tokens seen: 516423680, grad norm: 0.4918
[iter 1980]loss: 3.5823, tokens/sec: 34152.24 ± 345.04, tokens seen: 519045120, grad norm: 0.4524
[iter 1990]loss: 3.5585, tokens/sec: 34152.29 ± 344.18, tokens seen: 521666560, grad norm: 0.4333
[step 2000]train loss: 3.6491, val loss: 3.6815, (avg train loss: 0.2307 ± 0.0088), (avg grad norm: 0.5060 ± 0.0666)
saving checkpoint to ./out-owt-large-mhc-lite-wsd-bs8-30000step
[iter 2000]loss: 3.5556, tokens/sec: 34152.46 ± 343.39, tokens seen: 524288000, grad norm: 0.4671
[iter 2010]loss: 3.4936, tokens/sec: 34152.70 ± 342.55, tokens seen: 526909440, grad norm: 0.4833
[iter 2020]loss: 3.6636, tokens/sec: 34152.74 ± 341.70, tokens seen: 529530880, grad norm: 0.3895
[iter 2030]loss: 3.6249, tokens/sec: 34152.70 ± 340.86, tokens seen: 532152320, grad norm: 0.4302
[iter 2040]loss: 3.3707, tokens/sec: 34152.73 ± 340.03, tokens seen: 534773760, grad norm: 0.5055
[iter 2050]loss: 3.7094, tokens/sec: 34152.74 ± 339.20, tokens seen: 537395200, grad norm: 0.4701
[iter 2060]loss: 3.6497, tokens/sec: 34152.75 ± 338.37, tokens seen: 540016640, grad norm: 0.4316
[iter 2070]loss: 3.4822, tokens/sec: 34152.77 ± 337.56, tokens seen: 542638080, grad norm: 0.5111
[iter 2080]loss: 3.6840, tokens/sec: 34152.79 ± 336.75, tokens seen: 545259520, grad norm: 0.5227
[iter 2090]loss: 3.5646, tokens/sec: 34152.82 ± 335.94, tokens seen: 547880960, grad norm: 0.5269
[iter 2100]loss: 3.5522, tokens/sec: 34152.83 ± 335.14, tokens seen: 550502400, grad norm: 0.4035
[iter 2110]loss: 3.7252, tokens/sec: 34152.86 ± 334.35, tokens seen: 553123840, grad norm: 0.3586
[iter 2120]loss: 3.6594, tokens/sec: 34152.81 ± 333.57, tokens seen: 555745280, grad norm: 0.6409
[iter 2130]loss: 3.6378, tokens/sec: 34152.77 ± 332.78, tokens seen: 558366720, grad norm: 0.4551
[iter 2140]loss: 3.6121, tokens/sec: 34152.76 ± 332.01, tokens seen: 560988160, grad norm: 0.5500
[iter 2150]loss: 3.7323, tokens/sec: 34152.77 ± 331.23, tokens seen: 563609600, grad norm: 0.4517
[iter 2160]loss: 3.6092, tokens/sec: 34152.76 ± 330.47, tokens seen: 566231040, grad norm: 0.6785
[iter 2170]loss: 3.6947, tokens/sec: 34152.79 ± 329.71, tokens seen: 568852480, grad norm: 0.5793
[iter 2180]loss: 3.6634, tokens/sec: 34152.81 ± 328.95, tokens seen: 571473920, grad norm: 0.4306
[iter 2190]loss: 3.7225, tokens/sec: 34152.85 ± 328.20, tokens seen: 574095360, grad norm: 0.3824
[iter 2200]loss: 3.4950, tokens/sec: 34152.87 ± 327.45, tokens seen: 576716800, grad norm: 0.4713
[iter 2210]loss: 3.6811, tokens/sec: 34152.90 ± 326.71, tokens seen: 579338240, grad norm: 0.4357
[iter 2220]loss: 3.8220, tokens/sec: 34152.93 ± 325.98, tokens seen: 581959680, grad norm: 0.4120
[iter 2230]loss: 3.5590, tokens/sec: 34152.98 ± 325.25, tokens seen: 584581120, grad norm: 0.4674
[iter 2240]loss: 3.3960, tokens/sec: 34152.99 ± 324.52, tokens seen: 587202560, grad norm: 0.4290
[iter 2250]loss: 3.6615, tokens/sec: 34153.01 ± 323.80, tokens seen: 589824000, grad norm: 0.4115
[iter 2260]loss: 3.6730, tokens/sec: 34153.03 ± 323.08, tokens seen: 592445440, grad norm: 0.4336
[iter 2270]loss: 3.8219, tokens/sec: 34153.04 ± 322.37, tokens seen: 595066880, grad norm: 0.7242
[iter 2280]loss: 3.6747, tokens/sec: 34153.06 ± 321.67, tokens seen: 597688320, grad norm: 0.4580
[iter 2290]loss: 3.5539, tokens/sec: 34153.07 ± 320.96, tokens seen: 600309760, grad norm: 0.5270
[iter 2300]loss: 3.4280, tokens/sec: 34153.11 ± 320.27, tokens seen: 602931200, grad norm: 0.4284
[iter 2310]loss: 3.6829, tokens/sec: 34153.13 ± 319.57, tokens seen: 605552640, grad norm: 0.4469
[iter 2320]loss: 3.7045, tokens/sec: 34153.16 ± 318.89, tokens seen: 608174080, grad norm: 0.3913
[iter 2330]loss: 3.5288, tokens/sec: 34153.17 ± 318.20, tokens seen: 610795520, grad norm: 0.3791
[iter 2340]loss: 3.7899, tokens/sec: 34153.19 ± 317.52, tokens seen: 613416960, grad norm: 0.3690
[iter 2350]loss: 3.6280, tokens/sec: 34153.20 ± 316.85, tokens seen: 616038400, grad norm: 0.4161
[iter 2360]loss: 3.4295, tokens/sec: 34153.22 ± 316.18, tokens seen: 618659840, grad norm: 0.6562
[iter 2370]loss: 3.1332, tokens/sec: 34153.26 ± 315.51, tokens seen: 621281280, grad norm: 0.3858
[iter 2380]loss: 3.6775, tokens/sec: 34153.26 ± 314.85, tokens seen: 623902720, grad norm: 0.4664
[iter 2390]loss: 3.5627, tokens/sec: 34153.28 ± 314.19, tokens seen: 626524160, grad norm: 0.3998
[iter 2400]loss: 3.4875, tokens/sec: 34153.27 ± 313.53, tokens seen: 629145600, grad norm: 0.4073
[iter 2410]loss: 3.5924, tokens/sec: 34153.29 ± 312.88, tokens seen: 631767040, grad norm: 0.5258
[iter 2420]loss: 3.3820, tokens/sec: 34153.30 ± 312.24, tokens seen: 634388480, grad norm: 0.4165
[iter 2430]loss: 3.4976, tokens/sec: 34153.31 ± 311.59, tokens seen: 637009920, grad norm: 0.4024
[iter 2440]loss: 3.4695, tokens/sec: 34153.33 ± 310.96, tokens seen: 639631360, grad norm: 0.4248
[iter 2450]loss: 3.6205, tokens/sec: 34153.36 ± 310.32, tokens seen: 642252800, grad norm: 0.3772
[iter 2460]loss: 3.8127, tokens/sec: 34153.38 ± 309.69, tokens seen: 644874240, grad norm: 0.4231
[iter 2470]loss: 3.4676, tokens/sec: 34153.40 ± 309.06, tokens seen: 647495680, grad norm: 0.3586
[iter 2480]loss: 3.6814, tokens/sec: 34153.42 ± 308.44, tokens seen: 650117120, grad norm: 0.4556
[iter 2490]loss: 3.3605, tokens/sec: 34153.43 ± 307.82, tokens seen: 652738560, grad norm: 0.4986
[step 2500]train loss: 3.5420, val loss: 3.5528, (avg train loss: 0.2209 ± 0.0089), (avg grad norm: 0.4460 ± 0.0565)
saving checkpoint to ./out-owt-large-mhc-lite-wsd-bs8-30000step
[iter 2500]loss: 3.6616, tokens/sec: 34153.58 ± 307.27, tokens seen: 655360000, grad norm: 0.4461
[iter 2510]loss: 3.5520, tokens/sec: 34153.78 ± 306.67, tokens seen: 657981440, grad norm: 0.4090
[iter 2520]loss: 3.4435, tokens/sec: 34153.84 ± 306.07, tokens seen: 660602880, grad norm: 0.3797
[iter 2530]loss: 3.4989, tokens/sec: 34153.80 ± 305.46, tokens seen: 663224320, grad norm: 0.4743
[iter 2540]loss: 3.4933, tokens/sec: 34153.81 ± 304.86, tokens seen: 665845760, grad norm: 0.3905
[iter 2550]loss: 3.5412, tokens/sec: 34153.83 ± 304.26, tokens seen: 668467200, grad norm: 0.3825
[iter 2560]loss: 3.5958, tokens/sec: 34153.85 ± 303.67, tokens seen: 671088640, grad norm: 0.4505
[iter 2570]loss: 3.8350, tokens/sec: 34153.86 ± 303.08, tokens seen: 673710080, grad norm: 0.3976
[iter 2580]loss: 3.5372, tokens/sec: 34153.86 ± 302.49, tokens seen: 676331520, grad norm: 0.3971
[iter 2590]loss: 3.4932, tokens/sec: 34153.87 ± 301.91, tokens seen: 678952960, grad norm: 0.4057
[iter 2600]loss: 3.3602, tokens/sec: 34153.89 ± 301.33, tokens seen: 681574400, grad norm: 0.3918
[iter 2610]loss: 3.4706, tokens/sec: 34153.90 ± 300.75, tokens seen: 684195840, grad norm: 0.4096
[iter 2620]loss: 3.7139, tokens/sec: 34153.92 ± 300.18, tokens seen: 686817280, grad norm: 0.3763
[iter 2630]loss: 3.5876, tokens/sec: 34153.92 ± 299.61, tokens seen: 689438720, grad norm: 0.3821
[iter 2640]loss: 3.4275, tokens/sec: 34153.93 ± 299.04, tokens seen: 692060160, grad norm: 0.4261
[iter 2650]loss: 3.3994, tokens/sec: 34153.95 ± 298.48, tokens seen: 694681600, grad norm: 0.4472
[iter 2660]loss: 3.5321, tokens/sec: 34153.97 ± 297.91, tokens seen: 697303040, grad norm: 0.3612
[iter 2670]loss: 3.5833, tokens/sec: 34153.99 ± 297.36, tokens seen: 699924480, grad norm: 0.4152
[iter 2680]loss: 3.3744, tokens/sec: 34153.98 ± 296.80, tokens seen: 702545920, grad norm: 0.5083
[iter 2690]loss: 3.6760, tokens/sec: 34153.97 ± 296.25, tokens seen: 705167360, grad norm: 0.4182
[iter 2700]loss: 3.5088, tokens/sec: 34153.98 ± 295.70, tokens seen: 707788800, grad norm: 0.4708
[iter 2710]loss: 3.6870, tokens/sec: 34153.99 ± 295.16, tokens seen: 710410240, grad norm: 0.4032
[iter 2720]loss: 3.5076, tokens/sec: 34154.00 ± 294.61, tokens seen: 713031680, grad norm: 0.3909
[iter 2730]loss: 3.6359, tokens/sec: 34154.01 ± 294.07, tokens seen: 715653120, grad norm: 0.3889
[iter 2740]loss: 3.5624, tokens/sec: 34154.02 ± 293.54, tokens seen: 718274560, grad norm: 0.5094
[iter 2750]loss: 3.7962, tokens/sec: 34154.03 ± 293.00, tokens seen: 720896000, grad norm: 0.3690
[iter 2760]loss: 3.4711, tokens/sec: 34154.05 ± 292.47, tokens seen: 723517440, grad norm: 0.3837
[iter 2770]loss: 3.3397, tokens/sec: 34154.08 ± 291.95, tokens seen: 726138880, grad norm: 0.4254
[iter 2780]loss: 3.5575, tokens/sec: 34154.09 ± 291.42, tokens seen: 728760320, grad norm: 0.4537
[iter 2790]loss: 3.4394, tokens/sec: 34154.09 ± 290.90, tokens seen: 731381760, grad norm: 0.4067
[iter 2800]loss: 3.4408, tokens/sec: 34154.10 ± 290.38, tokens seen: 734003200, grad norm: 0.3480
[iter 2810]loss: 3.3763, tokens/sec: 34154.09 ± 289.86, tokens seen: 736624640, grad norm: 0.3608
[iter 2820]loss: 3.3846, tokens/sec: 34154.09 ± 289.35, tokens seen: 739246080, grad norm: 0.4306
[iter 2830]loss: 3.6097, tokens/sec: 34154.11 ± 288.84, tokens seen: 741867520, grad norm: 0.3929
[iter 2840]loss: 3.2790, tokens/sec: 34154.13 ± 288.33, tokens seen: 744488960, grad norm: 0.4214
[iter 2850]loss: 3.4858, tokens/sec: 34154.14 ± 287.82, tokens seen: 747110400, grad norm: 0.4633
[iter 2860]loss: 3.5089, tokens/sec: 34154.14 ± 287.32, tokens seen: 749731840, grad norm: 0.4184
[iter 2870]loss: 3.4864, tokens/sec: 34154.16 ± 286.82, tokens seen: 752353280, grad norm: 0.4375
[iter 2880]loss: 3.5619, tokens/sec: 34154.17 ± 286.32, tokens seen: 754974720, grad norm: 0.3706
[iter 2890]loss: 3.4851, tokens/sec: 34154.18 ± 285.83, tokens seen: 757596160, grad norm: 0.3528
[iter 2900]loss: 3.4568, tokens/sec: 34154.20 ± 285.34, tokens seen: 760217600, grad norm: 0.3777
[iter 2910]loss: 3.5001, tokens/sec: 34154.20 ± 284.85, tokens seen: 762839040, grad norm: 0.3871
[iter 2920]loss: 3.3305, tokens/sec: 34154.21 ± 284.36, tokens seen: 765460480, grad norm: 0.5002
[iter 2930]loss: 3.5307, tokens/sec: 34154.22 ± 283.87, tokens seen: 768081920, grad norm: 0.3489
[iter 2940]loss: 3.4163, tokens/sec: 34154.23 ± 283.39, tokens seen: 770703360, grad norm: 0.4221
[iter 2950]loss: 3.2660, tokens/sec: 34154.23 ± 282.91, tokens seen: 773324800, grad norm: 0.3890
[iter 2960]loss: 3.2759, tokens/sec: 34154.23 ± 282.43, tokens seen: 775946240, grad norm: 0.4419
[iter 2970]loss: 3.3490, tokens/sec: 34154.25 ± 281.96, tokens seen: 778567680, grad norm: 0.4590
[iter 2980]loss: 3.4109, tokens/sec: 34154.25 ± 281.49, tokens seen: 781189120, grad norm: 0.4292
[iter 2990]loss: 3.5089, tokens/sec: 34154.24 ± 281.01, tokens seen: 783810560, grad norm: 0.3925
[step 3000]train loss: 3.4538, val loss: 3.4389, (avg train loss: 0.2162 ± 0.0083), (avg grad norm: 0.4239 ± 0.0484)
saving checkpoint to ./out-owt-large-mhc-lite-wsd-bs8-30000step
[iter 3000]loss: 3.3072, tokens/sec: 34154.37 ± 280.61, tokens seen: 786432000, grad norm: 0.3510
[iter 3010]loss: 3.4559, tokens/sec: 34154.53 ± 280.15, tokens seen: 789053440, grad norm: 0.3909
[iter 3020]loss: 3.7236, tokens/sec: 34154.57 ± 279.69, tokens seen: 791674880, grad norm: 0.3928
[iter 3030]loss: 3.6056, tokens/sec: 34154.52 ± 279.23, tokens seen: 794296320, grad norm: 0.3874
[iter 3040]loss: 3.2714, tokens/sec: 34154.52 ± 278.77, tokens seen: 796917760, grad norm: 0.4649
[iter 3050]loss: 3.4844, tokens/sec: 34154.51 ± 278.32, tokens seen: 799539200, grad norm: 0.4344
[iter 3060]loss: 3.3516, tokens/sec: 34154.54 ± 277.86, tokens seen: 802160640, grad norm: 0.3947
[iter 3070]loss: 3.4807, tokens/sec: 34154.53 ± 277.41, tokens seen: 804782080, grad norm: 0.4566
[iter 3080]loss: 3.4023, tokens/sec: 34154.54 ± 276.96, tokens seen: 807403520, grad norm: 0.3431
[iter 3090]loss: 3.7285, tokens/sec: 34154.54 ± 276.51, tokens seen: 810024960, grad norm: 0.4167
[iter 3100]loss: 3.4114, tokens/sec: 34154.53 ± 276.07, tokens seen: 812646400, grad norm: 0.3971
[iter 3110]loss: 3.1212, tokens/sec: 34154.53 ± 275.62, tokens seen: 815267840, grad norm: 0.4322
[iter 3120]loss: 3.5968, tokens/sec: 34154.53 ± 275.18, tokens seen: 817889280, grad norm: 0.4035
[iter 3130]loss: 3.3238, tokens/sec: 34154.54 ± 274.74, tokens seen: 820510720, grad norm: 0.3628
[iter 3140]loss: 3.3573, tokens/sec: 34154.55 ± 274.30, tokens seen: 823132160, grad norm: 0.5276
[iter 3150]loss: 3.2753, tokens/sec: 34154.55 ± 273.87, tokens seen: 825753600, grad norm: 0.4712
[iter 3160]loss: 3.0941, tokens/sec: 34154.55 ± 273.44, tokens seen: 828375040, grad norm: 0.3898
[iter 3170]loss: 3.2307, tokens/sec: 34154.55 ± 273.00, tokens seen: 830996480, grad norm: 0.3866
[iter 3180]loss: 3.5801, tokens/sec: 34154.56 ± 272.58, tokens seen: 833617920, grad norm: 0.4279
[iter 3190]loss: 3.1761, tokens/sec: 34154.56 ± 272.15, tokens seen: 836239360, grad norm: 0.4004
[iter 3200]loss: 3.4990, tokens/sec: 34154.57 ± 271.72, tokens seen: 838860800, grad norm: 0.5449
[iter 3210]loss: 3.3440, tokens/sec: 34154.58 ± 271.30, tokens seen: 841482240, grad norm: 0.3944
[iter 3220]loss: 3.3261, tokens/sec: 34154.57 ± 270.88, tokens seen: 844103680, grad norm: 0.4090
[iter 3230]loss: 3.5783, tokens/sec: 34154.57 ± 270.46, tokens seen: 846725120, grad norm: 0.3284
[iter 3240]loss: 3.6117, tokens/sec: 34154.57 ± 270.04, tokens seen: 849346560, grad norm: 0.3580
[iter 3250]loss: 3.5353, tokens/sec: 34154.57 ± 269.63, tokens seen: 851968000, grad norm: 0.3658
[iter 3260]loss: 3.5008, tokens/sec: 34154.56 ± 269.22, tokens seen: 854589440, grad norm: 0.3972
[iter 3270]loss: 3.4570, tokens/sec: 34154.56 ± 268.80, tokens seen: 857210880, grad norm: 0.3707
[iter 3280]loss: 3.6141, tokens/sec: 34154.56 ± 268.39, tokens seen: 859832320, grad norm: 0.3981
[iter 3290]loss: 3.5483, tokens/sec: 34154.57 ± 267.99, tokens seen: 862453760, grad norm: 0.4131
[iter 3300]loss: 3.4504, tokens/sec: 34154.57 ± 267.58, tokens seen: 865075200, grad norm: 0.3648
[iter 3310]loss: 3.2624, tokens/sec: 34154.59 ± 267.18, tokens seen: 867696640, grad norm: 0.3702
[iter 3320]loss: 3.3606, tokens/sec: 34154.60 ± 266.77, tokens seen: 870318080, grad norm: 0.4828
[iter 3330]loss: 3.2837, tokens/sec: 34154.59 ± 266.37, tokens seen: 872939520, grad norm: 0.5705
[iter 3340]loss: 3.2584, tokens/sec: 34154.59 ± 265.98, tokens seen: 875560960, grad norm: 0.4209
[iter 3350]loss: 3.5641, tokens/sec: 34154.60 ± 265.58, tokens seen: 878182400, grad norm: 0.4068
[iter 3360]loss: 3.3844, tokens/sec: 34154.61 ± 265.18, tokens seen: 880803840, grad norm: 0.4060
[iter 3370]loss: 3.3049, tokens/sec: 34154.61 ± 264.79, tokens seen: 883425280, grad norm: 0.3532
[iter 3380]loss: 3.3660, tokens/sec: 34154.61 ± 264.40, tokens seen: 886046720, grad norm: 0.3542
[iter 3390]loss: 3.3757, tokens/sec: 34154.60 ± 264.01, tokens seen: 888668160, grad norm: 0.4114
[iter 3400]loss: 3.1706, tokens/sec: 34154.60 ± 263.62, tokens seen: 891289600, grad norm: 0.3999
[iter 3410]loss: 3.0792, tokens/sec: 34154.61 ± 263.23, tokens seen: 893911040, grad norm: 0.4127
[iter 3420]loss: 3.4939, tokens/sec: 34154.62 ± 262.85, tokens seen: 896532480, grad norm: 0.3783
[iter 3430]loss: 3.4769, tokens/sec: 34154.63 ± 262.47, tokens seen: 899153920, grad norm: 0.3928
[iter 3440]loss: 3.5887, tokens/sec: 34154.62 ± 262.09, tokens seen: 901775360, grad norm: 0.3561
[iter 3450]loss: 3.4677, tokens/sec: 34154.63 ± 261.71, tokens seen: 904396800, grad norm: 0.4014
[iter 3460]loss: 3.3269, tokens/sec: 34154.64 ± 261.33, tokens seen: 907018240, grad norm: 0.4101
[iter 3470]loss: 3.3591, tokens/sec: 34154.64 ± 260.95, tokens seen: 909639680, grad norm: 0.3719
[iter 3480]loss: 3.5925, tokens/sec: 34154.65 ± 260.58, tokens seen: 912261120, grad norm: 0.3802
[iter 3490]loss: 3.3042, tokens/sec: 34154.65 ± 260.20, tokens seen: 914882560, grad norm: 0.3654
[step 3500]train loss: 3.3975, val loss: 3.3999, (avg train loss: 0.2120 ± 0.0097), (avg grad norm: 0.4000 ± 0.0500)
saving checkpoint to ./out-owt-large-mhc-lite-wsd-bs8-30000step
[iter 3500]loss: 3.4132, tokens/sec: 34154.75 ± 259.89, tokens seen: 917504000, grad norm: 0.3652
[iter 3510]loss: 3.3933, tokens/sec: 34154.89 ± 259.53, tokens seen: 920125440, grad norm: 0.3960
[iter 3520]loss: 3.3038, tokens/sec: 34154.91 ± 259.17, tokens seen: 922746880, grad norm: 0.3342
[iter 3530]loss: 3.5183, tokens/sec: 34154.89 ± 258.80, tokens seen: 925368320, grad norm: 0.3942
[iter 3540]loss: 3.4341, tokens/sec: 34154.89 ± 258.44, tokens seen: 927989760, grad norm: 0.5357
[iter 3550]loss: 3.3732, tokens/sec: 34154.90 ± 258.07, tokens seen: 930611200, grad norm: 0.4345
[iter 3560]loss: 3.4251, tokens/sec: 34154.90 ± 257.71, tokens seen: 933232640, grad norm: 0.3389
[iter 3570]loss: 3.2374, tokens/sec: 34154.89 ± 257.35, tokens seen: 935854080, grad norm: 0.4053
[iter 3580]loss: 3.4116, tokens/sec: 34154.89 ± 256.99, tokens seen: 938475520, grad norm: 0.4018
[iter 3590]loss: 3.4921, tokens/sec: 34154.90 ± 256.63, tokens seen: 941096960, grad norm: 0.3360
[iter 3600]loss: 3.5442, tokens/sec: 34154.90 ± 256.28, tokens seen: 943718400, grad norm: 0.3492
[iter 3610]loss: 3.4633, tokens/sec: 34154.89 ± 255.92, tokens seen: 946339840, grad norm: 0.3718
[iter 3620]loss: 3.3760, tokens/sec: 34154.90 ± 255.57, tokens seen: 948961280, grad norm: 0.3572
[iter 3630]loss: 3.4294, tokens/sec: 34154.91 ± 255.22, tokens seen: 951582720, grad norm: 0.4665
[iter 3640]loss: 3.2934, tokens/sec: 34154.91 ± 254.87, tokens seen: 954204160, grad norm: 0.3865
[iter 3650]loss: 3.3332, tokens/sec: 34154.92 ± 254.52, tokens seen: 956825600, grad norm: 0.4715
[iter 3660]loss: 3.3945, tokens/sec: 34154.90 ± 254.17, tokens seen: 959447040, grad norm: 0.4149
[iter 3670]loss: 3.3609, tokens/sec: 34154.90 ± 253.82, tokens seen: 962068480, grad norm: 0.3598
[iter 3680]loss: 3.2904, tokens/sec: 34154.90 ± 253.48, tokens seen: 964689920, grad norm: 0.3558
[iter 3690]loss: 3.4417, tokens/sec: 34154.91 ± 253.14, tokens seen: 967311360, grad norm: 0.3588
[iter 3700]loss: 3.5333, tokens/sec: 34154.89 ± 252.79, tokens seen: 969932800, grad norm: 0.3579
[iter 3710]loss: 3.4481, tokens/sec: 34154.89 ± 252.45, tokens seen: 972554240, grad norm: 0.5279
[iter 3720]loss: 3.4086, tokens/sec: 34154.89 ± 252.12, tokens seen: 975175680, grad norm: 0.3269
[iter 3730]loss: 3.0703, tokens/sec: 34154.90 ± 251.78, tokens seen: 977797120, grad norm: 0.3855
[iter 3740]loss: 3.2634, tokens/sec: 34154.91 ± 251.44, tokens seen: 980418560, grad norm: 0.4771
[iter 3750]loss: 3.3331, tokens/sec: 34154.92 ± 251.11, tokens seen: 983040000, grad norm: 0.4696
[iter 3760]loss: 3.3893, tokens/sec: 34154.93 ± 250.77, tokens seen: 985661440, grad norm: 0.3539
[iter 3770]loss: 3.3693, tokens/sec: 34154.93 ± 250.44, tokens seen: 988282880, grad norm: 0.3555
[iter 3780]loss: 3.3858, tokens/sec: 34154.93 ± 250.11, tokens seen: 990904320, grad norm: 0.3069
[iter 3790]loss: 3.4247, tokens/sec: 34154.94 ± 249.78, tokens seen: 993525760, grad norm: 0.3589
[iter 3800]loss: 3.3157, tokens/sec: 34154.94 ± 249.45, tokens seen: 996147200, grad norm: 0.3632
[iter 3810]loss: 3.4260, tokens/sec: 34154.95 ± 249.12, tokens seen: 998768640, grad norm: 0.3998
[iter 3820]loss: 3.5128, tokens/sec: 34154.94 ± 248.80, tokens seen: 1001390080, grad norm: 0.3794
[iter 3830]loss: 3.4438, tokens/sec: 34154.95 ± 248.47, tokens seen: 1004011520, grad norm: 0.3614
[iter 3840]loss: 3.2332, tokens/sec: 34154.95 ± 248.15, tokens seen: 1006632960, grad norm: 0.3722
[iter 3850]loss: 3.5095, tokens/sec: 34154.95 ± 247.83, tokens seen: 1009254400, grad norm: 0.3381
[iter 3860]loss: 3.4581, tokens/sec: 34154.96 ± 247.51, tokens seen: 1011875840, grad norm: 0.3968
[iter 3870]loss: 3.2992, tokens/sec: 34154.96 ± 247.19, tokens seen: 1014497280, grad norm: 0.4093
[iter 3880]loss: 2.8760, tokens/sec: 34154.96 ± 246.87, tokens seen: 1017118720, grad norm: 0.3710
[iter 3890]loss: 3.4221, tokens/sec: 34154.97 ± 246.55, tokens seen: 1019740160, grad norm: 0.3956
[iter 3900]loss: 3.2215, tokens/sec: 34154.98 ± 246.24, tokens seen: 1022361600, grad norm: 0.3390
[iter 3910]loss: 3.1945, tokens/sec: 34154.99 ± 245.92, tokens seen: 1024983040, grad norm: 0.3291
[iter 3920]loss: 3.4586, tokens/sec: 34155.00 ± 245.61, tokens seen: 1027604480, grad norm: 0.4140
[iter 3930]loss: 3.4655, tokens/sec: 34155.00 ± 245.30, tokens seen: 1030225920, grad norm: 0.3506
[iter 3940]loss: 3.5743, tokens/sec: 34155.00 ± 244.99, tokens seen: 1032847360, grad norm: 0.4028
[iter 3950]loss: 3.2619, tokens/sec: 34155.01 ± 244.68, tokens seen: 1035468800, grad norm: 0.4113
[iter 3960]loss: 3.2675, tokens/sec: 34155.02 ± 244.37, tokens seen: 1038090240, grad norm: 0.3300
[iter 3970]loss: 3.6017, tokens/sec: 34155.02 ± 244.06, tokens seen: 1040711680, grad norm: 0.3244
[iter 3980]loss: 3.3994, tokens/sec: 34155.02 ± 243.75, tokens seen: 1043333120, grad norm: 0.3848
[iter 3990]loss: 3.4282, tokens/sec: 34155.02 ± 243.45, tokens seen: 1045954560, grad norm: 0.3807
[step 4000]train loss: 3.3365, val loss: 3.3588, (avg train loss: 0.2095 ± 0.0085), (avg grad norm: 0.3963 ± 0.0488)
saving checkpoint to ./out-owt-large-mhc-lite-wsd-bs8-30000step
[iter 4000]loss: 3.3085, tokens/sec: 34155.10 ± 243.19, tokens seen: 1048576000, grad norm: 0.4068
[iter 4010]loss: 3.0722, tokens/sec: 34155.22 ± 242.90, tokens seen: 1051197440, grad norm: 0.3538
[iter 4020]loss: 3.0171, tokens/sec: 34155.25 ± 242.60, tokens seen: 1053818880, grad norm: 0.5670
[iter 4030]loss: 3.3510, tokens/sec: 34155.22 ± 242.30, tokens seen: 1056440320, grad norm: 0.3470
[iter 4040]loss: 3.4294, tokens/sec: 34155.22 ± 242.00, tokens seen: 1059061760, grad norm: 0.3806
[iter 4050]loss: 3.6285, tokens/sec: 34155.23 ± 241.71, tokens seen: 1061683200, grad norm: 0.3799
[iter 4060]loss: 3.1842, tokens/sec: 34155.23 ± 241.41, tokens seen: 1064304640, grad norm: 0.3527
[iter 4070]loss: 3.4512, tokens/sec: 34155.22 ± 241.11, tokens seen: 1066926080, grad norm: 0.3439
[iter 4080]loss: 3.3107, tokens/sec: 34155.23 ± 240.82, tokens seen: 1069547520, grad norm: 0.3380
[iter 4090]loss: 3.2565, tokens/sec: 34155.24 ± 240.52, tokens seen: 1072168960, grad norm: 0.3680
[iter 4100]loss: 3.3636, tokens/sec: 34155.24 ± 240.23, tokens seen: 1074790400, grad norm: 0.3460
[iter 4110]loss: 3.3208, tokens/sec: 34155.24 ± 239.94, tokens seen: 1077411840, grad norm: 0.4431
[iter 4120]loss: 3.1583, tokens/sec: 34155.24 ± 239.65, tokens seen: 1080033280, grad norm: 0.4043
[iter 4130]loss: 3.3795, tokens/sec: 34155.25 ± 239.36, tokens seen: 1082654720, grad norm: 0.4562
[iter 4140]loss: 3.5008, tokens/sec: 34155.26 ± 239.07, tokens seen: 1085276160, grad norm: 0.3465
[iter 4150]loss: 3.1473, tokens/sec: 34155.25 ± 238.78, tokens seen: 1087897600, grad norm: 0.3364
[iter 4160]loss: 3.4089, tokens/sec: 34155.26 ± 238.49, tokens seen: 1090519040, grad norm: 0.4639
[iter 4170]loss: 3.5866, tokens/sec: 34155.25 ± 238.21, tokens seen: 1093140480, grad norm: 0.4909
[iter 4180]loss: 3.3237, tokens/sec: 34155.25 ± 237.92, tokens seen: 1095761920, grad norm: 0.4106
[iter 4190]loss: 3.2309, tokens/sec: 34155.23 ± 237.64, tokens seen: 1098383360, grad norm: 0.3664
[iter 4200]loss: 3.1661, tokens/sec: 34155.24 ± 237.36, tokens seen: 1101004800, grad norm: 0.4560
[iter 4210]loss: 3.3920, tokens/sec: 34155.23 ± 237.07, tokens seen: 1103626240, grad norm: 0.3930
[iter 4220]loss: 3.5126, tokens/sec: 34155.24 ± 236.79, tokens seen: 1106247680, grad norm: 0.3577
[iter 4230]loss: 3.3606, tokens/sec: 34155.24 ± 236.51, tokens seen: 1108869120, grad norm: 0.3536
[iter 4240]loss: 3.5605, tokens/sec: 34155.23 ± 236.24, tokens seen: 1111490560, grad norm: 0.3841
[iter 4250]loss: 3.1869, tokens/sec: 34155.22 ± 235.96, tokens seen: 1114112000, grad norm: 0.3784
[iter 4260]loss: 3.6293, tokens/sec: 34155.22 ± 235.68, tokens seen: 1116733440, grad norm: 0.3492
[iter 4270]loss: 3.3386, tokens/sec: 34155.22 ± 235.41, tokens seen: 1119354880, grad norm: 0.3361
[iter 4280]loss: 3.2514, tokens/sec: 34155.23 ± 235.13, tokens seen: 1121976320, grad norm: 0.3994
[iter 4290]loss: 3.4123, tokens/sec: 34155.23 ± 234.86, tokens seen: 1124597760, grad norm: 0.3835
[iter 4300]loss: 3.3436, tokens/sec: 34155.23 ± 234.58, tokens seen: 1127219200, grad norm: 0.4227
[iter 4310]loss: 3.0424, tokens/sec: 34155.23 ± 234.31, tokens seen: 1129840640, grad norm: 0.4015
[iter 4320]loss: 3.4520, tokens/sec: 34155.23 ± 234.04, tokens seen: 1132462080, grad norm: 0.3240
[iter 4330]loss: 3.3803, tokens/sec: 34155.24 ± 233.77, tokens seen: 1135083520, grad norm: 0.4024
[iter 4340]loss: 3.4375, tokens/sec: 34155.23 ± 233.50, tokens seen: 1137704960, grad norm: 0.3555
[iter 4350]loss: 3.1714, tokens/sec: 34155.24 ± 233.23, tokens seen: 1140326400, grad norm: 0.4822
[iter 4360]loss: 3.3669, tokens/sec: 34155.23 ± 232.97, tokens seen: 1142947840, grad norm: 0.4717
[iter 4370]loss: 3.4374, tokens/sec: 34155.23 ± 232.70, tokens seen: 1145569280, grad norm: 0.4058
[iter 4380]loss: 3.4712, tokens/sec: 34155.22 ± 232.44, tokens seen: 1148190720, grad norm: 0.3528
[iter 4390]loss: 3.5814, tokens/sec: 34155.22 ± 232.17, tokens seen: 1150812160, grad norm: 0.4390
[iter 4400]loss: 3.5935, tokens/sec: 34155.22 ± 231.91, tokens seen: 1153433600, grad norm: 0.3436
[iter 4410]loss: 3.1606, tokens/sec: 34155.22 ± 231.65, tokens seen: 1156055040, grad norm: 0.3971
[iter 4420]loss: 3.2431, tokens/sec: 34155.22 ± 231.38, tokens seen: 1158676480, grad norm: 0.3659
[iter 4430]loss: 3.3166, tokens/sec: 34155.23 ± 231.12, tokens seen: 1161297920, grad norm: 0.4445
[iter 4440]loss: 3.4713, tokens/sec: 34155.23 ± 230.86, tokens seen: 1163919360, grad norm: 0.3629
[iter 4450]loss: 3.7397, tokens/sec: 34155.23 ± 230.60, tokens seen: 1166540800, grad norm: 0.3529
[iter 4460]loss: 3.2651, tokens/sec: 34155.23 ± 230.35, tokens seen: 1169162240, grad norm: 0.3863
[iter 4470]loss: 3.2345, tokens/sec: 34155.23 ± 230.09, tokens seen: 1171783680, grad norm: 0.4019
[iter 4480]loss: 3.5375, tokens/sec: 34155.23 ± 229.83, tokens seen: 1174405120, grad norm: 0.5068
[iter 4490]loss: 3.3306, tokens/sec: 34155.24 ± 229.58, tokens seen: 1177026560, grad norm: 0.3623
[step 4500]train loss: 3.3040, val loss: 3.3182, (avg train loss: 0.2069 ± 0.0085), (avg grad norm: 0.3930 ± 0.0478)
saving checkpoint to ./out-owt-large-mhc-lite-wsd-bs8-30000step
[iter 4500]loss: 3.1158, tokens/sec: 34155.32 ± 229.37, tokens seen: 1179648000, grad norm: 0.4065
[iter 4510]loss: 3.1939, tokens/sec: 34155.43 ± 229.13, tokens seen: 1182269440, grad norm: 0.3796
[iter 4520]loss: 3.4448, tokens/sec: 34155.45 ± 228.87, tokens seen: 1184890880, grad norm: 0.3814
[iter 4530]loss: 3.2999, tokens/sec: 34155.43 ± 228.62, tokens seen: 1187512320, grad norm: 0.3465
[iter 4540]loss: 3.3096, tokens/sec: 34155.41 ± 228.37, tokens seen: 1190133760, grad norm: 0.4744
[iter 4550]loss: 3.2881, tokens/sec: 34155.41 ± 228.12, tokens seen: 1192755200, grad norm: 0.3798
[iter 4560]loss: 3.2847, tokens/sec: 34155.41 ± 227.87, tokens seen: 1195376640, grad norm: 0.3601
[iter 4570]loss: 3.3548, tokens/sec: 34155.42 ± 227.62, tokens seen: 1197998080, grad norm: 0.3972
[iter 4580]loss: 3.3195, tokens/sec: 34155.41 ± 227.37, tokens seen: 1200619520, grad norm: 0.3862
[iter 4590]loss: 3.2944, tokens/sec: 34155.42 ± 227.13, tokens seen: 1203240960, grad norm: 0.4714
[iter 4600]loss: 3.1956, tokens/sec: 34155.43 ± 226.88, tokens seen: 1205862400, grad norm: 0.3667
[iter 4610]loss: 3.1404, tokens/sec: 34155.41 ± 226.63, tokens seen: 1208483840, grad norm: 0.3526
[iter 4620]loss: 3.2408, tokens/sec: 34155.41 ± 226.39, tokens seen: 1211105280, grad norm: 0.4401
[iter 4630]loss: 3.4525, tokens/sec: 34155.41 ± 226.14, tokens seen: 1213726720, grad norm: 0.3974
[iter 4640]loss: 3.2578, tokens/sec: 34155.41 ± 225.90, tokens seen: 1216348160, grad norm: 0.3555
[iter 4650]loss: 3.1453, tokens/sec: 34155.42 ± 225.66, tokens seen: 1218969600, grad norm: 0.3569
[iter 4660]loss: 3.3526, tokens/sec: 34155.42 ± 225.42, tokens seen: 1221591040, grad norm: 0.3537
[iter 4670]loss: 3.2882, tokens/sec: 34155.43 ± 225.18, tokens seen: 1224212480, grad norm: 0.4448
[iter 4680]loss: 3.1706, tokens/sec: 34155.44 ± 224.94, tokens seen: 1226833920, grad norm: 0.3520
[iter 4690]loss: 3.2094, tokens/sec: 34155.44 ± 224.70, tokens seen: 1229455360, grad norm: 0.3868
[iter 4700]loss: 3.3515, tokens/sec: 34155.44 ± 224.46, tokens seen: 1232076800, grad norm: 0.3484
[iter 4710]loss: 3.3986, tokens/sec: 34155.45 ± 224.22, tokens seen: 1234698240, grad norm: 0.4339
[iter 4720]loss: 3.3385, tokens/sec: 34155.45 ± 223.98, tokens seen: 1237319680, grad norm: 0.3923
[iter 4730]loss: 3.2923, tokens/sec: 34155.45 ± 223.75, tokens seen: 1239941120, grad norm: 0.3907
[iter 4740]loss: 3.1272, tokens/sec: 34155.46 ± 223.51, tokens seen: 1242562560, grad norm: 0.4583
[iter 4750]loss: 3.2954, tokens/sec: 34155.47 ± 223.27, tokens seen: 1245184000, grad norm: 0.4039
[iter 4760]loss: 3.3246, tokens/sec: 34155.46 ± 223.04, tokens seen: 1247805440, grad norm: 0.5210
[iter 4770]loss: 3.3749, tokens/sec: 34155.47 ± 222.81, tokens seen: 1250426880, grad norm: 0.3733
[iter 4780]loss: 3.2644, tokens/sec: 34155.47 ± 222.57, tokens seen: 1253048320, grad norm: 0.3258
[iter 4790]loss: 3.3243, tokens/sec: 34155.47 ± 222.34, tokens seen: 1255669760, grad norm: 0.4023
[iter 4800]loss: 3.2165, tokens/sec: 34155.48 ± 222.11, tokens seen: 1258291200, grad norm: 0.3097
[iter 4810]loss: 3.3943, tokens/sec: 34155.49 ± 221.88, tokens seen: 1260912640, grad norm: 0.3264
[iter 4820]loss: 3.3117, tokens/sec: 34155.49 ± 221.65, tokens seen: 1263534080, grad norm: 0.4153
[iter 4830]loss: 3.0373, tokens/sec: 34155.49 ± 221.42, tokens seen: 1266155520, grad norm: 0.4195
[iter 4840]loss: 3.2272, tokens/sec: 34155.49 ± 221.19, tokens seen: 1268776960, grad norm: 0.4210
[iter 4850]loss: 3.2180, tokens/sec: 34155.51 ± 220.96, tokens seen: 1271398400, grad norm: 0.5296
[iter 4860]loss: 3.1970, tokens/sec: 34155.52 ± 220.74, tokens seen: 1274019840, grad norm: 0.3649
[iter 4870]loss: 3.2938, tokens/sec: 34155.52 ± 220.51, tokens seen: 1276641280, grad norm: 0.3619
[iter 4880]loss: 3.1610, tokens/sec: 34155.52 ± 220.28, tokens seen: 1279262720, grad norm: 0.3114
[iter 4890]loss: 3.4674, tokens/sec: 34155.53 ± 220.06, tokens seen: 1281884160, grad norm: 0.4760
[iter 4900]loss: 3.0342, tokens/sec: 34155.53 ± 219.84, tokens seen: 1284505600, grad norm: 0.3530
[iter 4910]loss: 3.3523, tokens/sec: 34155.55 ± 219.61, tokens seen: 1287127040, grad norm: 0.4256
[iter 4920]loss: 3.2454, tokens/sec: 34155.55 ± 219.39, tokens seen: 1289748480, grad norm: 0.4337
[iter 4930]loss: 3.1665, tokens/sec: 34155.54 ± 219.17, tokens seen: 1292369920, grad norm: 0.3616
[iter 4940]loss: 3.3295, tokens/sec: 34155.55 ± 218.95, tokens seen: 1294991360, grad norm: 0.3830
[iter 4950]loss: 3.3069, tokens/sec: 34155.55 ± 218.72, tokens seen: 1297612800, grad norm: 0.3505
[iter 4960]loss: 3.1061, tokens/sec: 34155.56 ± 218.50, tokens seen: 1300234240, grad norm: 0.2785
[iter 4970]loss: 3.5676, tokens/sec: 34155.56 ± 218.28, tokens seen: 1302855680, grad norm: 0.3684
[iter 4980]loss: 3.1574, tokens/sec: 34155.56 ± 218.07, tokens seen: 1305477120, grad norm: 0.3631
[iter 4990]loss: 3.1017, tokens/sec: 34155.57 ± 217.85, tokens seen: 1308098560, grad norm: 0.4050
[step 5000]train loss: 3.2525, val loss: 3.2737, (avg train loss: 0.2050 ± 0.0080), (avg grad norm: 0.3800 ± 0.0513)
saving checkpoint to ./out-owt-large-mhc-lite-wsd-bs8-30000step
[iter 5000]loss: 3.3718, tokens/sec: 34155.64 ± 217.67, tokens seen: 1310720000, grad norm: 0.4450
[iter 5010]loss: 3.3983, tokens/sec: 34155.74 ± 217.47, tokens seen: 1313341440, grad norm: 0.3725
[iter 5020]loss: 3.3475, tokens/sec: 34155.76 ± 217.25, tokens seen: 1315962880, grad norm: 0.3621
[iter 5030]loss: 3.1354, tokens/sec: 34155.74 ± 217.04, tokens seen: 1318584320, grad norm: 0.3981
[iter 5040]loss: 3.2404, tokens/sec: 34155.74 ± 216.82, tokens seen: 1321205760, grad norm: 0.3527
[iter 5050]loss: 3.0729, tokens/sec: 34155.74 ± 216.61, tokens seen: 1323827200, grad norm: 0.4148
[iter 5060]loss: 3.3933, tokens/sec: 34155.74 ± 216.40, tokens seen: 1326448640, grad norm: 0.3386
[iter 5070]loss: 3.2688, tokens/sec: 34155.74 ± 216.18, tokens seen: 1329070080, grad norm: 0.3139
[iter 5080]loss: 3.3012, tokens/sec: 34155.74 ± 215.97, tokens seen: 1331691520, grad norm: 0.4019
[iter 5090]loss: 3.1944, tokens/sec: 34155.74 ± 215.76, tokens seen: 1334312960, grad norm: 0.4270
[iter 5100]loss: 3.4139, tokens/sec: 34155.75 ± 215.55, tokens seen: 1336934400, grad norm: 0.3262
[iter 5110]loss: 3.1456, tokens/sec: 34155.75 ± 215.34, tokens seen: 1339555840, grad norm: 0.4122
[iter 5120]loss: 3.2737, tokens/sec: 34155.76 ± 215.13, tokens seen: 1342177280, grad norm: 0.3451
[iter 5130]loss: 3.3965, tokens/sec: 34155.75 ± 214.92, tokens seen: 1344798720, grad norm: 0.3463
[iter 5140]loss: 3.6319, tokens/sec: 34155.76 ± 214.71, tokens seen: 1347420160, grad norm: 0.3667
[iter 5150]loss: 3.3381, tokens/sec: 34155.76 ± 214.50, tokens seen: 1350041600, grad norm: 0.3937
[iter 5160]loss: 3.1293, tokens/sec: 34155.76 ± 214.29, tokens seen: 1352663040, grad norm: 0.4936
[iter 5170]loss: 3.1401, tokens/sec: 34155.77 ± 214.09, tokens seen: 1355284480, grad norm: 0.3686
[iter 5180]loss: 3.3212, tokens/sec: 34155.78 ± 213.88, tokens seen: 1357905920, grad norm: 0.4613
[iter 5190]loss: 3.4047, tokens/sec: 34155.77 ± 213.67, tokens seen: 1360527360, grad norm: 0.3716
[iter 5200]loss: 3.2548, tokens/sec: 34155.78 ± 213.47, tokens seen: 1363148800, grad norm: 0.3534
[iter 5210]loss: 3.3731, tokens/sec: 34155.80 ± 213.26, tokens seen: 1365770240, grad norm: 0.3840
[iter 5220]loss: 3.3964, tokens/sec: 34155.80 ± 213.06, tokens seen: 1368391680, grad norm: 0.3383
[iter 5230]loss: 3.3276, tokens/sec: 34155.81 ± 212.86, tokens seen: 1371013120, grad norm: 0.3638
[iter 5240]loss: 3.3256, tokens/sec: 34155.81 ± 212.65, tokens seen: 1373634560, grad norm: 0.4120
[iter 5250]loss: 3.1779, tokens/sec: 34155.81 ± 212.45, tokens seen: 1376256000, grad norm: 0.3794
[iter 5260]loss: 3.4431, tokens/sec: 34155.81 ± 212.25, tokens seen: 1378877440, grad norm: 0.3483
[iter 5270]loss: 2.9657, tokens/sec: 34155.82 ± 212.05, tokens seen: 1381498880, grad norm: 0.4105
[iter 5280]loss: 3.6166, tokens/sec: 34155.82 ± 211.85, tokens seen: 1384120320, grad norm: 0.3468
[iter 5290]loss: 3.3836, tokens/sec: 34155.83 ± 211.65, tokens seen: 1386741760, grad norm: 0.3382
[iter 5300]loss: 2.9270, tokens/sec: 34155.83 ± 211.45, tokens seen: 1389363200, grad norm: 0.6206
[iter 5310]loss: 2.9908, tokens/sec: 34155.83 ± 211.25, tokens seen: 1391984640, grad norm: 0.4176
[iter 5320]loss: 3.2062, tokens/sec: 34155.84 ± 211.05, tokens seen: 1394606080, grad norm: 0.3338
[iter 5330]loss: 3.2015, tokens/sec: 34155.85 ± 210.85, tokens seen: 1397227520, grad norm: 0.3411
[iter 5340]loss: 3.2620, tokens/sec: 34155.86 ± 210.66, tokens seen: 1399848960, grad norm: 0.3374
[iter 5350]loss: 3.1456, tokens/sec: 34155.86 ± 210.46, tokens seen: 1402470400, grad norm: 0.3365
[iter 5360]loss: 3.0885, tokens/sec: 34155.87 ± 210.26, tokens seen: 1405091840, grad norm: 0.3588
[iter 5370]loss: 3.2357, tokens/sec: 34155.86 ± 210.07, tokens seen: 1407713280, grad norm: 0.4327
[iter 5380]loss: 3.3764, tokens/sec: 34155.86 ± 209.87, tokens seen: 1410334720, grad norm: 0.3444
[iter 5390]loss: 3.2682, tokens/sec: 34155.86 ± 209.68, tokens seen: 1412956160, grad norm: 0.5068
[iter 5400]loss: 3.1955, tokens/sec: 34155.86 ± 209.49, tokens seen: 1415577600, grad norm: 0.4582
[iter 5410]loss: 3.1772, tokens/sec: 34155.86 ± 209.29, tokens seen: 1418199040, grad norm: 0.4173
[iter 5420]loss: 3.1403, tokens/sec: 34155.86 ± 209.10, tokens seen: 1420820480, grad norm: 0.3175
[iter 5430]loss: 3.2233, tokens/sec: 34155.86 ± 208.91, tokens seen: 1423441920, grad norm: 0.3075
[iter 5440]loss: 3.2311, tokens/sec: 34155.87 ± 208.72, tokens seen: 1426063360, grad norm: 0.3450
[iter 5450]loss: 3.3220, tokens/sec: 34155.86 ± 208.52, tokens seen: 1428684800, grad norm: 0.3124
[iter 5460]loss: 3.1085, tokens/sec: 34155.86 ± 208.33, tokens seen: 1431306240, grad norm: 0.4342
[iter 5470]loss: 3.4754, tokens/sec: 34155.86 ± 208.14, tokens seen: 1433927680, grad norm: 0.4166
[iter 5480]loss: 3.2374, tokens/sec: 34155.86 ± 207.95, tokens seen: 1436549120, grad norm: 0.3693
[iter 5490]loss: 3.3942, tokens/sec: 34155.87 ± 207.77, tokens seen: 1439170560, grad norm: 0.3663
[step 5500]train loss: 3.2635, val loss: 3.2637, (avg train loss: 0.2032 ± 0.0085), (avg grad norm: 0.3741 ± 0.0486)
saving checkpoint to ./out-owt-large-mhc-lite-wsd-bs8-30000step
[iter 5500]loss: 3.3501, tokens/sec: 34155.93 ± 207.62, tokens seen: 1441792000, grad norm: 0.3461
[iter 5510]loss: 3.4852, tokens/sec: 34156.02 ± 207.44, tokens seen: 1444413440, grad norm: 0.3375
[iter 5520]loss: 3.2608, tokens/sec: 34156.05 ± 207.26, tokens seen: 1447034880, grad norm: 0.3571
[iter 5530]loss: 3.2306, tokens/sec: 34156.03 ± 207.07, tokens seen: 1449656320, grad norm: 0.3685
[iter 5540]loss: 3.2842, tokens/sec: 34156.02 ± 206.89, tokens seen: 1452277760, grad norm: 0.3868
[iter 5550]loss: 3.0745, tokens/sec: 34156.01 ± 206.70, tokens seen: 1454899200, grad norm: 0.3659
[iter 5560]loss: 3.1480, tokens/sec: 34156.01 ± 206.51, tokens seen: 1457520640, grad norm: 0.3773
[iter 5570]loss: 3.4062, tokens/sec: 34156.01 ± 206.33, tokens seen: 1460142080, grad norm: 0.3051
[iter 5580]loss: 3.0359, tokens/sec: 34156.00 ± 206.15, tokens seen: 1462763520, grad norm: 0.3742
[iter 5590]loss: 3.3818, tokens/sec: 34156.00 ± 205.96, tokens seen: 1465384960, grad norm: 0.3593
[iter 5600]loss: 3.3348, tokens/sec: 34156.00 ± 205.78, tokens seen: 1468006400, grad norm: 0.4070
[iter 5610]loss: 2.9693, tokens/sec: 34156.00 ± 205.59, tokens seen: 1470627840, grad norm: 0.4008
[iter 5620]loss: 2.9963, tokens/sec: 34155.99 ± 205.41, tokens seen: 1473249280, grad norm: 0.5105
[iter 5630]loss: 3.2776, tokens/sec: 34156.00 ± 205.23, tokens seen: 1475870720, grad norm: 0.4200
[iter 5640]loss: 3.1189, tokens/sec: 34155.99 ± 205.05, tokens seen: 1478492160, grad norm: 0.4244
[iter 5650]loss: 3.2856, tokens/sec: 34156.00 ± 204.87, tokens seen: 1481113600, grad norm: 0.3206
[iter 5660]loss: 3.1377, tokens/sec: 34156.00 ± 204.69, tokens seen: 1483735040, grad norm: 0.3467
[iter 5670]loss: 2.9714, tokens/sec: 34156.00 ± 204.51, tokens seen: 1486356480, grad norm: 0.3670
[iter 5680]loss: 3.1886, tokens/sec: 34156.00 ± 204.33, tokens seen: 1488977920, grad norm: 0.3494
[iter 5690]loss: 3.3302, tokens/sec: 34156.00 ± 204.15, tokens seen: 1491599360, grad norm: 0.3491
[iter 5700]loss: 3.4878, tokens/sec: 34156.00 ± 203.97, tokens seen: 1494220800, grad norm: 0.4442
[iter 5710]loss: 3.3174, tokens/sec: 34155.99 ± 203.79, tokens seen: 1496842240, grad norm: 0.3571
[iter 5720]loss: 3.3762, tokens/sec: 34155.98 ± 203.61, tokens seen: 1499463680, grad norm: 0.3244
[iter 5730]loss: 3.2182, tokens/sec: 34155.98 ± 203.43, tokens seen: 1502085120, grad norm: 0.4398
[iter 5740]loss: 3.2261, tokens/sec: 34155.98 ± 203.26, tokens seen: 1504706560, grad norm: 0.4537
[iter 5750]loss: 3.2920, tokens/sec: 34155.98 ± 203.08, tokens seen: 1507328000, grad norm: 0.3100
[iter 5760]loss: 3.2901, tokens/sec: 34155.99 ± 202.90, tokens seen: 1509949440, grad norm: 0.3685
[iter 5770]loss: 3.0812, tokens/sec: 34155.99 ± 202.73, tokens seen: 1512570880, grad norm: 0.3248
[iter 5780]loss: 3.1300, tokens/sec: 34155.98 ± 202.55, tokens seen: 1515192320, grad norm: 0.3384
[iter 5790]loss: 3.4591, tokens/sec: 34155.98 ± 202.38, tokens seen: 1517813760, grad norm: 0.3694
[iter 5800]loss: 3.4178, tokens/sec: 34155.97 ± 202.21, tokens seen: 1520435200, grad norm: 0.4233
[iter 5810]loss: 3.3457, tokens/sec: 34155.97 ± 202.03, tokens seen: 1523056640, grad norm: 0.3604
[iter 5820]loss: 3.3419, tokens/sec: 34155.97 ± 201.86, tokens seen: 1525678080, grad norm: 0.3854
[iter 5830]loss: 3.0090, tokens/sec: 34155.97 ± 201.69, tokens seen: 1528299520, grad norm: 0.3447
[iter 5840]loss: 3.3182, tokens/sec: 34155.97 ± 201.51, tokens seen: 1530920960, grad norm: 0.4335
[iter 5850]loss: 3.1940, tokens/sec: 34155.97 ± 201.34, tokens seen: 1533542400, grad norm: 0.3698
[iter 5860]loss: 3.1523, tokens/sec: 34155.97 ± 201.17, tokens seen: 1536163840, grad norm: 0.3438
[iter 5870]loss: 3.2212, tokens/sec: 34155.97 ± 201.00, tokens seen: 1538785280, grad norm: 0.3063
[iter 5880]loss: 3.1225, tokens/sec: 34155.96 ± 200.83, tokens seen: 1541406720, grad norm: 0.3652
[iter 5890]loss: 3.1355, tokens/sec: 34155.95 ± 200.66, tokens seen: 1544028160, grad norm: 0.3145
[iter 5900]loss: 3.2707, tokens/sec: 34155.95 ± 200.49, tokens seen: 1546649600, grad norm: 0.5537
[iter 5910]loss: 3.2010, tokens/sec: 34155.96 ± 200.32, tokens seen: 1549271040, grad norm: 0.3573
[iter 5920]loss: 3.2642, tokens/sec: 34155.95 ± 200.15, tokens seen: 1551892480, grad norm: 0.3547
[iter 5930]loss: 2.8400, tokens/sec: 34155.96 ± 199.98, tokens seen: 1554513920, grad norm: 0.4220
[iter 5940]loss: 3.1180, tokens/sec: 34155.97 ± 199.81, tokens seen: 1557135360, grad norm: 0.3178
[iter 5950]loss: 3.0950, tokens/sec: 34155.97 ± 199.65, tokens seen: 1559756800, grad norm: 0.3242
[iter 5960]loss: 2.9955, tokens/sec: 34155.97 ± 199.48, tokens seen: 1562378240, grad norm: 0.3216
[iter 5970]loss: 3.2102, tokens/sec: 34155.96 ± 199.31, tokens seen: 1564999680, grad norm: 0.3650
[iter 5980]loss: 3.0256, tokens/sec: 34155.95 ± 199.15, tokens seen: 1567621120, grad norm: 0.3906
[iter 5990]loss: 3.2518, tokens/sec: 34155.94 ± 198.98, tokens seen: 1570242560, grad norm: 0.3623
[step 6000]train loss: 3.2045, val loss: 3.2239, (avg train loss: 0.2008 ± 0.0093), (avg grad norm: 0.3667 ± 0.0393)
saving checkpoint to ./out-owt-large-mhc-lite-wsd-bs8-30000step
[iter 6000]loss: 3.2793, tokens/sec: 34156.00 ± 198.86, tokens seen: 1572864000, grad norm: 0.4572
[iter 6010]loss: 3.2256, tokens/sec: 34156.08 ± 198.70, tokens seen: 1575485440, grad norm: 0.4170
[iter 6020]loss: 3.5048, tokens/sec: 34156.09 ± 198.54, tokens seen: 1578106880, grad norm: 0.3066
[iter 6030]loss: 3.4204, tokens/sec: 34156.06 ± 198.38, tokens seen: 1580728320, grad norm: 0.3366
[iter 6040]loss: 2.9616, tokens/sec: 34156.06 ± 198.21, tokens seen: 1583349760, grad norm: 0.3265
[iter 6050]loss: 2.9628, tokens/sec: 34156.06 ± 198.05, tokens seen: 1585971200, grad norm: 0.3240
[iter 6060]loss: 3.1092, tokens/sec: 34156.05 ± 197.89, tokens seen: 1588592640, grad norm: 0.3304
[iter 6070]loss: 3.2806, tokens/sec: 34156.05 ± 197.72, tokens seen: 1591214080, grad norm: 0.3359
[iter 6080]loss: 3.2576, tokens/sec: 34156.05 ± 197.56, tokens seen: 1593835520, grad norm: 0.4311
[iter 6090]loss: 3.3551, tokens/sec: 34156.04 ± 197.40, tokens seen: 1596456960, grad norm: 0.3726
[iter 6100]loss: 3.3343, tokens/sec: 34156.04 ± 197.24, tokens seen: 1599078400, grad norm: 0.3479
[iter 6110]loss: 3.2678, tokens/sec: 34156.03 ± 197.08, tokens seen: 1601699840, grad norm: 0.3659
[iter 6120]loss: 3.0450, tokens/sec: 34156.03 ± 196.92, tokens seen: 1604321280, grad norm: 0.2837
[iter 6130]loss: 3.1534, tokens/sec: 34156.03 ± 196.76, tokens seen: 1606942720, grad norm: 0.3703
[iter 6140]loss: 3.0956, tokens/sec: 34156.03 ± 196.60, tokens seen: 1609564160, grad norm: 0.4301
[iter 6150]loss: 2.9773, tokens/sec: 34156.03 ± 196.44, tokens seen: 1612185600, grad norm: 0.3436
[iter 6160]loss: 3.1720, tokens/sec: 34156.01 ± 196.28, tokens seen: 1614807040, grad norm: 0.4023
[iter 6170]loss: 3.2062, tokens/sec: 34156.02 ± 196.12, tokens seen: 1617428480, grad norm: 0.4004
[iter 6180]loss: 3.2153, tokens/sec: 34156.02 ± 195.96, tokens seen: 1620049920, grad norm: 0.4068
[iter 6190]loss: 3.2404, tokens/sec: 34156.02 ± 195.80, tokens seen: 1622671360, grad norm: 0.3616
[iter 6200]loss: 3.2274, tokens/sec: 34156.02 ± 195.64, tokens seen: 1625292800, grad norm: 0.4264
[iter 6210]loss: 3.0934, tokens/sec: 34156.01 ± 195.49, tokens seen: 1627914240, grad norm: 0.4251
[iter 6220]loss: 3.3681, tokens/sec: 34156.01 ± 195.33, tokens seen: 1630535680, grad norm: 0.3580
[iter 6230]loss: 3.1529, tokens/sec: 34156.01 ± 195.17, tokens seen: 1633157120, grad norm: 0.3837
[iter 6240]loss: 3.4458, tokens/sec: 34156.01 ± 195.02, tokens seen: 1635778560, grad norm: 0.3564
[iter 6250]loss: 2.8217, tokens/sec: 34156.00 ± 194.86, tokens seen: 1638400000, grad norm: 0.3476
[iter 6260]loss: 3.3227, tokens/sec: 34156.01 ± 194.71, tokens seen: 1641021440, grad norm: 0.3597
[iter 6270]loss: 3.2940, tokens/sec: 34156.00 ± 194.55, tokens seen: 1643642880, grad norm: 0.3977
[iter 6280]loss: 3.0030, tokens/sec: 34156.00 ± 194.40, tokens seen: 1646264320, grad norm: 0.3473
[iter 6290]loss: 3.2581, tokens/sec: 34156.00 ± 194.24, tokens seen: 1648885760, grad norm: 0.3308
[iter 6300]loss: 3.1928, tokens/sec: 34156.00 ± 194.09, tokens seen: 1651507200, grad norm: 0.4010
[iter 6310]loss: 2.9808, tokens/sec: 34156.00 ± 193.94, tokens seen: 1654128640, grad norm: 0.4022
[iter 6320]loss: 3.1098, tokens/sec: 34156.00 ± 193.78, tokens seen: 1656750080, grad norm: 0.3523
[iter 6330]loss: 3.2724, tokens/sec: 34156.00 ± 193.63, tokens seen: 1659371520, grad norm: 0.3442
[iter 6340]loss: 3.0581, tokens/sec: 34156.00 ± 193.48, tokens seen: 1661992960, grad norm: 0.3744
[iter 6350]loss: 3.3959, tokens/sec: 34155.99 ± 193.33, tokens seen: 1664614400, grad norm: 0.4002
[iter 6360]loss: 3.2694, tokens/sec: 34155.99 ± 193.17, tokens seen: 1667235840, grad norm: 0.3178
[iter 6370]loss: 3.1242, tokens/sec: 34155.99 ± 193.02, tokens seen: 1669857280, grad norm: 0.3257
[iter 6380]loss: 3.3574, tokens/sec: 34156.00 ± 192.87, tokens seen: 1672478720, grad norm: 0.4149
[iter 6390]loss: 3.3037, tokens/sec: 34156.00 ± 192.72, tokens seen: 1675100160, grad norm: 0.3667
[iter 6400]loss: 3.4255, tokens/sec: 34156.00 ± 192.57, tokens seen: 1677721600, grad norm: 0.2958
[iter 6410]loss: 3.2846, tokens/sec: 34156.01 ± 192.42, tokens seen: 1680343040, grad norm: 0.3234
[iter 6420]loss: 3.3147, tokens/sec: 34156.01 ± 192.27, tokens seen: 1682964480, grad norm: 0.3363
[iter 6430]loss: 3.2848, tokens/sec: 34156.01 ± 192.12, tokens seen: 1685585920, grad norm: 0.3200
[iter 6440]loss: 3.1750, tokens/sec: 34156.02 ± 191.97, tokens seen: 1688207360, grad norm: 0.3666
[iter 6450]loss: 3.2292, tokens/sec: 34156.02 ± 191.82, tokens seen: 1690828800, grad norm: 0.3766
[iter 6460]loss: 3.3654, tokens/sec: 34156.03 ± 191.68, tokens seen: 1693450240, grad norm: 0.3229
[iter 6470]loss: 3.0298, tokens/sec: 34156.03 ± 191.53, tokens seen: 1696071680, grad norm: 0.3484
[iter 6480]loss: 3.2290, tokens/sec: 34156.03 ± 191.38, tokens seen: 1698693120, grad norm: 0.4100
[iter 6490]loss: 2.8408, tokens/sec: 34156.03 ± 191.23, tokens seen: 1701314560, grad norm: 0.3794
[step 6500]train loss: 3.1770, val loss: 3.1824, (avg train loss: 0.1985 ± 0.0081), (avg grad norm: 0.3757 ± 0.0434)
saving checkpoint to ./out-owt-large-mhc-lite-wsd-bs8-30000step
[iter 6500]loss: 3.2024, tokens/sec: 34156.09 ± 191.13, tokens seen: 1703936000, grad norm: 0.3460
[iter 6510]loss: 3.3362, tokens/sec: 34156.16 ± 190.99, tokens seen: 1706557440, grad norm: 0.4301
[iter 6520]loss: 3.1788, tokens/sec: 34156.17 ± 190.85, tokens seen: 1709178880, grad norm: 0.4097
[iter 6530]loss: 3.3357, tokens/sec: 34156.16 ± 190.70, tokens seen: 1711800320, grad norm: 0.5243
[iter 6540]loss: 3.0732, tokens/sec: 34156.16 ± 190.56, tokens seen: 1714421760, grad norm: 0.3948
[iter 6550]loss: 3.0511, tokens/sec: 34156.16 ± 190.41, tokens seen: 1717043200, grad norm: 0.4090
[iter 6560]loss: 3.2797, tokens/sec: 34156.15 ± 190.27, tokens seen: 1719664640, grad norm: 0.5153
[iter 6570]loss: 2.8615, tokens/sec: 34156.15 ± 190.12, tokens seen: 1722286080, grad norm: 0.4086
[iter 6580]loss: 3.1323, tokens/sec: 34156.15 ± 189.98, tokens seen: 1724907520, grad norm: 0.3152
[iter 6590]loss: 3.3173, tokens/sec: 34156.15 ± 189.83, tokens seen: 1727528960, grad norm: 0.3699
[iter 6600]loss: 3.0598, tokens/sec: 34156.15 ± 189.69, tokens seen: 1730150400, grad norm: 0.3567
[iter 6610]loss: 3.0662, tokens/sec: 34156.16 ± 189.55, tokens seen: 1732771840, grad norm: 0.3749
[iter 6620]loss: 3.2829, tokens/sec: 34156.15 ± 189.40, tokens seen: 1735393280, grad norm: 0.4114
[iter 6630]loss: 3.2223, tokens/sec: 34156.16 ± 189.26, tokens seen: 1738014720, grad norm: 0.5457
[iter 6640]loss: 3.2900, tokens/sec: 34156.16 ± 189.12, tokens seen: 1740636160, grad norm: 0.4236
[iter 6650]loss: 3.1029, tokens/sec: 34156.17 ± 188.98, tokens seen: 1743257600, grad norm: 0.3837
[iter 6660]loss: 3.2552, tokens/sec: 34156.18 ± 188.84, tokens seen: 1745879040, grad norm: 0.3908
[iter 6670]loss: 3.0074, tokens/sec: 34156.18 ± 188.69, tokens seen: 1748500480, grad norm: 0.4008
[iter 6680]loss: 3.1868, tokens/sec: 34156.18 ± 188.55, tokens seen: 1751121920, grad norm: 0.3097
[iter 6690]loss: 3.1597, tokens/sec: 34156.18 ± 188.41, tokens seen: 1753743360, grad norm: 0.4001
[iter 6700]loss: 3.3594, tokens/sec: 34156.18 ± 188.27, tokens seen: 1756364800, grad norm: 0.3403
[iter 6710]loss: 3.2770, tokens/sec: 34156.16 ± 188.13, tokens seen: 1758986240, grad norm: 0.4321
[iter 6720]loss: 2.8674, tokens/sec: 34156.17 ± 187.99, tokens seen: 1761607680, grad norm: 0.3476
[iter 6730]loss: 3.2563, tokens/sec: 34156.17 ± 187.85, tokens seen: 1764229120, grad norm: 0.3893
[iter 6740]loss: 3.2497, tokens/sec: 34156.17 ± 187.72, tokens seen: 1766850560, grad norm: 0.3760
[iter 6750]loss: 3.1639, tokens/sec: 34156.17 ± 187.58, tokens seen: 1769472000, grad norm: 0.3020
[iter 6760]loss: 3.2307, tokens/sec: 34156.18 ± 187.44, tokens seen: 1772093440, grad norm: 0.3425
[iter 6770]loss: 3.2478, tokens/sec: 34156.18 ± 187.30, tokens seen: 1774714880, grad norm: 0.3138
[iter 6780]loss: 3.1050, tokens/sec: 34156.17 ± 187.16, tokens seen: 1777336320, grad norm: 0.3094
[iter 6790]loss: 3.1294, tokens/sec: 34156.17 ± 187.03, tokens seen: 1779957760, grad norm: 0.3517
[iter 6800]loss: 3.1979, tokens/sec: 34156.17 ± 186.89, tokens seen: 1782579200, grad norm: 0.3923
[iter 6810]loss: 3.3750, tokens/sec: 34156.17 ± 186.75, tokens seen: 1785200640, grad norm: 0.4173
[iter 6820]loss: 3.0977, tokens/sec: 34156.16 ± 186.61, tokens seen: 1787822080, grad norm: 0.3607
[iter 6830]loss: 3.1749, tokens/sec: 34156.17 ± 186.48, tokens seen: 1790443520, grad norm: 0.3577
[iter 6840]loss: 3.1027, tokens/sec: 34156.16 ± 186.34, tokens seen: 1793064960, grad norm: 0.3710
[iter 6850]loss: 3.1338, tokens/sec: 34156.17 ± 186.21, tokens seen: 1795686400, grad norm: 0.3496
[iter 6860]loss: 3.2069, tokens/sec: 34156.16 ± 186.07, tokens seen: 1798307840, grad norm: 0.3206
[iter 6870]loss: 3.2850, tokens/sec: 34156.16 ± 185.94, tokens seen: 1800929280, grad norm: 0.4291
[iter 6880]loss: 3.2182, tokens/sec: 34156.16 ± 185.80, tokens seen: 1803550720, grad norm: 0.3412
[iter 6890]loss: 3.4494, tokens/sec: 34156.17 ± 185.67, tokens seen: 1806172160, grad norm: 0.4094
[iter 6900]loss: 3.1717, tokens/sec: 34156.16 ± 185.53, tokens seen: 1808793600, grad norm: 0.2967
[iter 6910]loss: 2.9441, tokens/sec: 34156.16 ± 185.40, tokens seen: 1811415040, grad norm: 0.3264
[iter 6920]loss: 3.0416, tokens/sec: 34156.16 ± 185.27, tokens seen: 1814036480, grad norm: 0.3985
[iter 6930]loss: 3.4228, tokens/sec: 34156.16 ± 185.13, tokens seen: 1816657920, grad norm: 0.3644
[iter 6940]loss: 3.3150, tokens/sec: 34156.15 ± 185.00, tokens seen: 1819279360, grad norm: 0.3774
[iter 6950]loss: 3.2233, tokens/sec: 34156.15 ± 184.87, tokens seen: 1821900800, grad norm: 0.3151
[iter 6960]loss: 3.3632, tokens/sec: 34156.15 ± 184.73, tokens seen: 1824522240, grad norm: 0.3774
[iter 6970]loss: 3.1670, tokens/sec: 34156.15 ± 184.60, tokens seen: 1827143680, grad norm: 0.3933
[iter 6980]loss: 3.0855, tokens/sec: 34156.15 ± 184.47, tokens seen: 1829765120, grad norm: 0.3341
[iter 6990]loss: 2.9704, tokens/sec: 34156.15 ± 184.34, tokens seen: 1832386560, grad norm: 0.3192
[step 7000]train loss: 3.1674, val loss: 3.1818, (avg train loss: 0.1978 ± 0.0079), (avg grad norm: 0.3683 ± 0.0435)
saving checkpoint to ./out-owt-large-mhc-lite-wsd-bs8-30000step
[iter 7000]loss: 3.0750, tokens/sec: 34156.19 ± 184.25, tokens seen: 1835008000, grad norm: 0.3718
[iter 7010]loss: 3.1168, tokens/sec: 34156.27 ± 184.12, tokens seen: 1837629440, grad norm: 0.3200
[iter 7020]loss: 3.1576, tokens/sec: 34156.28 ± 184.00, tokens seen: 1840250880, grad norm: 0.3793
[iter 7030]loss: 3.3050, tokens/sec: 34156.26 ± 183.87, tokens seen: 1842872320, grad norm: 0.3734
[iter 7040]loss: 3.0298, tokens/sec: 34156.26 ± 183.74, tokens seen: 1845493760, grad norm: 0.3012
[iter 7050]loss: 3.1441, tokens/sec: 34156.26 ± 183.61, tokens seen: 1848115200, grad norm: 0.4856
[iter 7060]loss: 3.1335, tokens/sec: 34156.25 ± 183.48, tokens seen: 1850736640, grad norm: 0.3777
[iter 7070]loss: 3.1535, tokens/sec: 34156.25 ± 183.35, tokens seen: 1853358080, grad norm: 0.4640
[iter 7080]loss: 3.4148, tokens/sec: 34156.25 ± 183.22, tokens seen: 1855979520, grad norm: 0.3754
[iter 7090]loss: 3.1210, tokens/sec: 34156.26 ± 183.09, tokens seen: 1858600960, grad norm: 0.3169
[iter 7100]loss: 3.1074, tokens/sec: 34156.25 ± 182.96, tokens seen: 1861222400, grad norm: 0.3411
[iter 7110]loss: 3.1431, tokens/sec: 34156.25 ± 182.83, tokens seen: 1863843840, grad norm: 0.3314
[iter 7120]loss: 3.1421, tokens/sec: 34156.24 ± 182.70, tokens seen: 1866465280, grad norm: 0.3556
[iter 7130]loss: 3.1895, tokens/sec: 34156.24 ± 182.58, tokens seen: 1869086720, grad norm: 0.4339
[iter 7140]loss: 3.3922, tokens/sec: 34156.24 ± 182.45, tokens seen: 1871708160, grad norm: 0.3032
[iter 7150]loss: 3.4069, tokens/sec: 34156.24 ± 182.32, tokens seen: 1874329600, grad norm: 0.3230
[iter 7160]loss: 3.1144, tokens/sec: 34156.24 ± 182.19, tokens seen: 1876951040, grad norm: 0.3183
[iter 7170]loss: 3.2630, tokens/sec: 34156.24 ± 182.07, tokens seen: 1879572480, grad norm: 0.3217
[iter 7180]loss: 3.1078, tokens/sec: 34156.24 ± 181.94, tokens seen: 1882193920, grad norm: 0.3423
[iter 7190]loss: 3.0834, tokens/sec: 34156.24 ± 181.81, tokens seen: 1884815360, grad norm: 0.3329
[iter 7200]loss: 3.1926, tokens/sec: 34156.24 ± 181.69, tokens seen: 1887436800, grad norm: 0.4296
[iter 7210]loss: 3.1141, tokens/sec: 34156.23 ± 181.56, tokens seen: 1890058240, grad norm: 0.3771
[iter 7220]loss: 3.0073, tokens/sec: 34156.23 ± 181.44, tokens seen: 1892679680, grad norm: 0.2984
[iter 7230]loss: 3.2627, tokens/sec: 34156.24 ± 181.31, tokens seen: 1895301120, grad norm: 0.4149
[iter 7240]loss: 3.3370, tokens/sec: 34156.24 ± 181.19, tokens seen: 1897922560, grad norm: 0.4388
[iter 7250]loss: 3.2676, tokens/sec: 34156.24 ± 181.06, tokens seen: 1900544000, grad norm: 0.3512
[iter 7260]loss: 3.1389, tokens/sec: 34156.24 ± 180.94, tokens seen: 1903165440, grad norm: 0.3471
[iter 7270]loss: 2.9395, tokens/sec: 34156.24 ± 180.81, tokens seen: 1905786880, grad norm: 0.4010
[iter 7280]loss: 3.1734, tokens/sec: 34156.23 ± 180.69, tokens seen: 1908408320, grad norm: 0.3267
[iter 7290]loss: 3.1459, tokens/sec: 34156.24 ± 180.57, tokens seen: 1911029760, grad norm: 0.3967
[iter 7300]loss: 3.3598, tokens/sec: 34156.23 ± 180.44, tokens seen: 1913651200, grad norm: 0.4629
[iter 7310]loss: 3.0362, tokens/sec: 34156.24 ± 180.32, tokens seen: 1916272640, grad norm: 0.4280
[iter 7320]loss: 3.1525, tokens/sec: 34156.24 ± 180.20, tokens seen: 1918894080, grad norm: 0.5312
[iter 7330]loss: 3.0653, tokens/sec: 34156.24 ± 180.07, tokens seen: 1921515520, grad norm: 0.3279
[iter 7340]loss: 3.2388, tokens/sec: 34156.24 ± 179.95, tokens seen: 1924136960, grad norm: 0.3245
[iter 7350]loss: 3.2040, tokens/sec: 34156.24 ± 179.83, tokens seen: 1926758400, grad norm: 0.3596
[iter 7360]loss: 3.1708, tokens/sec: 34156.24 ± 179.71, tokens seen: 1929379840, grad norm: 0.3756
[iter 7370]loss: 3.1202, tokens/sec: 34156.24 ± 179.59, tokens seen: 1932001280, grad norm: 0.4061
[iter 7380]loss: 3.2697, tokens/sec: 34156.23 ± 179.46, tokens seen: 1934622720, grad norm: 0.4225
[iter 7390]loss: 3.2321, tokens/sec: 34156.23 ± 179.34, tokens seen: 1937244160, grad norm: 0.4183
[iter 7400]loss: 3.2839, tokens/sec: 34156.23 ± 179.22, tokens seen: 1939865600, grad norm: 0.3739
[iter 7410]loss: 3.1808, tokens/sec: 34156.23 ± 179.10, tokens seen: 1942487040, grad norm: 0.3540
[iter 7420]loss: 3.2222, tokens/sec: 34156.22 ± 178.98, tokens seen: 1945108480, grad norm: 0.4410
[iter 7430]loss: 3.0911, tokens/sec: 34156.23 ± 178.86, tokens seen: 1947729920, grad norm: 0.3546
[iter 7440]loss: 3.1521, tokens/sec: 34156.23 ± 178.74, tokens seen: 1950351360, grad norm: 0.3753
[iter 7450]loss: 3.2057, tokens/sec: 34156.24 ± 178.62, tokens seen: 1952972800, grad norm: 0.4058
[iter 7460]loss: 3.1950, tokens/sec: 34156.24 ± 178.50, tokens seen: 1955594240, grad norm: 0.3612
[iter 7470]loss: 3.0067, tokens/sec: 34156.24 ± 178.38, tokens seen: 1958215680, grad norm: 0.3476
[iter 7480]loss: 3.1047, tokens/sec: 34156.24 ± 178.26, tokens seen: 1960837120, grad norm: 0.3210
[iter 7490]loss: 2.9614, tokens/sec: 34156.24 ± 178.14, tokens seen: 1963458560, grad norm: 0.4414
[step 7500]train loss: 3.1327, val loss: 3.1577, (avg train loss: 0.1981 ± 0.0088), (avg grad norm: 0.3788 ± 0.0505)
saving checkpoint to ./out-owt-large-mhc-lite-wsd-bs8-30000step
[iter 7500]loss: 3.2515, tokens/sec: 34156.27 ± 178.06, tokens seen: 1966080000, grad norm: 0.3481
[iter 7510]loss: 2.8608, tokens/sec: 34156.34 ± 177.95, tokens seen: 1968701440, grad norm: 0.3660
[iter 7520]loss: 3.0580, tokens/sec: 34156.35 ± 177.83, tokens seen: 1971322880, grad norm: 0.4859
[iter 7530]loss: 3.2157, tokens/sec: 34156.33 ± 177.72, tokens seen: 1973944320, grad norm: 0.3851
[iter 7540]loss: 3.0220, tokens/sec: 34156.33 ± 177.60, tokens seen: 1976565760, grad norm: 0.3189
[iter 7550]loss: 3.0996, tokens/sec: 34156.33 ± 177.48, tokens seen: 1979187200, grad norm: 0.3413
[iter 7560]loss: 3.0879, tokens/sec: 34156.33 ± 177.36, tokens seen: 1981808640, grad norm: 0.3581
[iter 7570]loss: 3.2465, tokens/sec: 34156.33 ± 177.25, tokens seen: 1984430080, grad norm: 0.3581
[iter 7580]loss: 3.1309, tokens/sec: 34156.33 ± 177.13, tokens seen: 1987051520, grad norm: 0.3221
[iter 7590]loss: 3.2474, tokens/sec: 34156.32 ± 177.01, tokens seen: 1989672960, grad norm: 0.4453
[iter 7600]loss: 2.9565, tokens/sec: 34156.32 ± 176.90, tokens seen: 1992294400, grad norm: 0.3467
[iter 7610]loss: 3.3987, tokens/sec: 34156.31 ± 176.78, tokens seen: 1994915840, grad norm: 0.2998
[iter 7620]loss: 3.3345, tokens/sec: 34156.31 ± 176.67, tokens seen: 1997537280, grad norm: 0.3322
[iter 7630]loss: 3.1289, tokens/sec: 34156.31 ± 176.55, tokens seen: 2000158720, grad norm: 0.3772
[iter 7640]loss: 3.2056, tokens/sec: 34156.31 ± 176.44, tokens seen: 2002780160, grad norm: 0.3379
[iter 7650]loss: 3.3823, tokens/sec: 34156.31 ± 176.32, tokens seen: 2005401600, grad norm: 0.3779
[iter 7660]loss: 3.2383, tokens/sec: 34156.31 ± 176.21, tokens seen: 2008023040, grad norm: 0.3192
[iter 7670]loss: 2.9493, tokens/sec: 34156.31 ± 176.09, tokens seen: 2010644480, grad norm: 0.3343
[iter 7680]loss: 3.1804, tokens/sec: 34156.31 ± 175.98, tokens seen: 2013265920, grad norm: 0.3146
[iter 7690]loss: 3.3805, tokens/sec: 34156.31 ± 175.86, tokens seen: 2015887360, grad norm: 0.3804
[iter 7700]loss: 3.1087, tokens/sec: 34156.31 ± 175.75, tokens seen: 2018508800, grad norm: 0.3661
[iter 7710]loss: 3.1153, tokens/sec: 34156.32 ± 175.64, tokens seen: 2021130240, grad norm: 0.3451
[iter 7720]loss: 3.3151, tokens/sec: 34156.32 ± 175.52, tokens seen: 2023751680, grad norm: 0.3739
[iter 7730]loss: 3.0920, tokens/sec: 34156.32 ± 175.41, tokens seen: 2026373120, grad norm: 0.4064
[iter 7740]loss: 3.2367, tokens/sec: 34156.32 ± 175.30, tokens seen: 2028994560, grad norm: 0.4096
[iter 7750]loss: 3.0817, tokens/sec: 34156.32 ± 175.18, tokens seen: 2031616000, grad norm: 0.3211
[iter 7760]loss: 3.2910, tokens/sec: 34156.31 ± 175.07, tokens seen: 2034237440, grad norm: 0.4848
[iter 7770]loss: 3.3057, tokens/sec: 34156.31 ± 174.96, tokens seen: 2036858880, grad norm: 0.3422
[iter 7780]loss: 3.1729, tokens/sec: 34156.31 ± 174.85, tokens seen: 2039480320, grad norm: 0.3436
[iter 7790]loss: 3.5397, tokens/sec: 34156.30 ± 174.73, tokens seen: 2042101760, grad norm: 0.3391
[iter 7800]loss: 3.0062, tokens/sec: 34156.30 ± 174.62, tokens seen: 2044723200, grad norm: 0.3060
[iter 7810]loss: 3.2570, tokens/sec: 34156.30 ± 174.51, tokens seen: 2047344640, grad norm: 0.3497
[iter 7820]loss: 3.0332, tokens/sec: 34156.30 ± 174.40, tokens seen: 2049966080, grad norm: 0.3085
[iter 7830]loss: 3.0264, tokens/sec: 34156.30 ± 174.29, tokens seen: 2052587520, grad norm: 0.3651
[iter 7840]loss: 2.9783, tokens/sec: 34156.30 ± 174.18, tokens seen: 2055208960, grad norm: 0.3303
[iter 7850]loss: 3.1608, tokens/sec: 34156.29 ± 174.07, tokens seen: 2057830400, grad norm: 0.4283
[iter 7860]loss: 3.2146, tokens/sec: 34156.29 ± 173.96, tokens seen: 2060451840, grad norm: 0.3587
[iter 7870]loss: 3.1931, tokens/sec: 34156.29 ± 173.85, tokens seen: 2063073280, grad norm: 0.4256
[iter 7880]loss: 3.3744, tokens/sec: 34156.29 ± 173.74, tokens seen: 2065694720, grad norm: 0.4542
[iter 7890]loss: 3.2224, tokens/sec: 34156.29 ± 173.63, tokens seen: 2068316160, grad norm: 0.4303
[iter 7900]loss: 2.9920, tokens/sec: 34156.29 ± 173.52, tokens seen: 2070937600, grad norm: 0.3652
[iter 7910]loss: 2.7801, tokens/sec: 34156.28 ± 173.41, tokens seen: 2073559040, grad norm: 0.3710
[iter 7920]loss: 3.0178, tokens/sec: 34156.28 ± 173.30, tokens seen: 2076180480, grad norm: 0.3323
[iter 7930]loss: 3.0577, tokens/sec: 34156.28 ± 173.19, tokens seen: 2078801920, grad norm: 0.3766
[iter 7940]loss: 3.1471, tokens/sec: 34156.28 ± 173.08, tokens seen: 2081423360, grad norm: 0.4772
[iter 7950]loss: 3.1330, tokens/sec: 34156.28 ± 172.97, tokens seen: 2084044800, grad norm: 0.3796
[iter 7960]loss: 3.1512, tokens/sec: 34156.28 ± 172.86, tokens seen: 2086666240, grad norm: 0.3160
[iter 7970]loss: 3.2939, tokens/sec: 34156.28 ± 172.76, tokens seen: 2089287680, grad norm: 0.3979
[iter 7980]loss: 3.0550, tokens/sec: 34156.28 ± 172.65, tokens seen: 2091909120, grad norm: 0.4084
[iter 7990]loss: 3.0954, tokens/sec: 34156.27 ± 172.54, tokens seen: 2094530560, grad norm: 0.3258
[step 8000]train loss: 3.1345, val loss: 3.1408, (avg train loss: 0.1964 ± 0.0090), (avg grad norm: 0.3668 ± 0.0412)
saving checkpoint to ./out-owt-large-mhc-lite-wsd-bs8-30000step
[iter 8000]loss: 3.0158, tokens/sec: 34156.31 ± 172.47, tokens seen: 2097152000, grad norm: 0.3271
[iter 8010]loss: 3.2617, tokens/sec: 34156.38 ± 172.37, tokens seen: 2099773440, grad norm: 0.3069
[iter 8020]loss: 3.2189, tokens/sec: 34156.39 ± 172.27, tokens seen: 2102394880, grad norm: 0.3342
[iter 8030]loss: 3.2429, tokens/sec: 34156.37 ± 172.16, tokens seen: 2105016320, grad norm: 0.3538
[iter 8040]loss: 3.0341, tokens/sec: 34156.37 ± 172.05, tokens seen: 2107637760, grad norm: 0.3305
[iter 8050]loss: 3.0292, tokens/sec: 34156.36 ± 171.95, tokens seen: 2110259200, grad norm: 0.3681
[iter 8060]loss: 2.9926, tokens/sec: 34156.36 ± 171.84, tokens seen: 2112880640, grad norm: 0.3956
[iter 8070]loss: 3.0860, tokens/sec: 34156.35 ± 171.73, tokens seen: 2115502080, grad norm: 0.5440
[iter 8080]loss: 2.8087, tokens/sec: 34156.35 ± 171.63, tokens seen: 2118123520, grad norm: 0.3093
[iter 8090]loss: 2.8377, tokens/sec: 34156.35 ± 171.52, tokens seen: 2120744960, grad norm: 0.3761
[iter 8100]loss: 3.1215, tokens/sec: 34156.34 ± 171.42, tokens seen: 2123366400, grad norm: 0.3000
[iter 8110]loss: 3.0041, tokens/sec: 34156.34 ± 171.31, tokens seen: 2125987840, grad norm: 0.3522
[iter 8120]loss: 3.1020, tokens/sec: 34156.33 ± 171.21, tokens seen: 2128609280, grad norm: 0.3303
[iter 8130]loss: 2.9713, tokens/sec: 34156.33 ± 171.10, tokens seen: 2131230720, grad norm: 0.3400
[iter 8140]loss: 3.0951, tokens/sec: 34156.33 ± 171.00, tokens seen: 2133852160, grad norm: 0.3252
[iter 8150]loss: 3.1169, tokens/sec: 34156.33 ± 170.89, tokens seen: 2136473600, grad norm: 0.2960
[iter 8160]loss: 3.1287, tokens/sec: 34156.33 ± 170.79, tokens seen: 2139095040, grad norm: 0.3746
[iter 8170]loss: 3.2427, tokens/sec: 34156.34 ± 170.68, tokens seen: 2141716480, grad norm: 0.4728
[iter 8180]loss: 3.1158, tokens/sec: 34156.34 ± 170.58, tokens seen: 2144337920, grad norm: 0.3387
[iter 8190]loss: 3.0955, tokens/sec: 34156.33 ± 170.47, tokens seen: 2146959360, grad norm: 0.3571
[iter 8200]loss: 3.2974, tokens/sec: 34156.33 ± 170.37, tokens seen: 2149580800, grad norm: 0.4016
[iter 8210]loss: 3.2390, tokens/sec: 34156.33 ± 170.27, tokens seen: 2152202240, grad norm: 0.4004
[iter 8220]loss: 3.2335, tokens/sec: 34156.33 ± 170.16, tokens seen: 2154823680, grad norm: 0.3475
[iter 8230]loss: 3.1449, tokens/sec: 34156.32 ± 170.06, tokens seen: 2157445120, grad norm: 0.3648
[iter 8240]loss: 3.1860, tokens/sec: 34156.32 ± 169.96, tokens seen: 2160066560, grad norm: 0.3792
[iter 8250]loss: 2.7294, tokens/sec: 34156.32 ± 169.86, tokens seen: 2162688000, grad norm: 0.3631
[iter 8260]loss: 3.0744, tokens/sec: 34156.32 ± 169.75, tokens seen: 2165309440, grad norm: 0.3235
[iter 8270]loss: 3.3382, tokens/sec: 34156.32 ± 169.65, tokens seen: 2167930880, grad norm: 0.3437
[iter 8280]loss: 3.2327, tokens/sec: 34156.33 ± 169.55, tokens seen: 2170552320, grad norm: 0.3791
[iter 8290]loss: 3.4972, tokens/sec: 34156.33 ± 169.45, tokens seen: 2173173760, grad norm: 0.4125
[iter 8300]loss: 3.1855, tokens/sec: 34156.33 ± 169.35, tokens seen: 2175795200, grad norm: 0.3443
[iter 8310]loss: 2.9181, tokens/sec: 34156.33 ± 169.24, tokens seen: 2178416640, grad norm: 0.3869
[iter 8320]loss: 3.1324, tokens/sec: 34156.33 ± 169.14, tokens seen: 2181038080, grad norm: 0.3668
[iter 8330]loss: 2.9905, tokens/sec: 34156.33 ± 169.04, tokens seen: 2183659520, grad norm: 0.3748
[iter 8340]loss: 2.8815, tokens/sec: 34156.33 ± 168.94, tokens seen: 2186280960, grad norm: 0.3172
[iter 8350]loss: 3.0953, tokens/sec: 34156.33 ± 168.84, tokens seen: 2188902400, grad norm: 0.3630
[iter 8360]loss: 3.1011, tokens/sec: 34156.33 ± 168.74, tokens seen: 2191523840, grad norm: 0.3416
[iter 8370]loss: 2.9712, tokens/sec: 34156.32 ± 168.64, tokens seen: 2194145280, grad norm: 0.3912
[iter 8380]loss: 3.0063, tokens/sec: 34156.32 ± 168.54, tokens seen: 2196766720, grad norm: 0.2973
[iter 8390]loss: 3.1396, tokens/sec: 34156.32 ± 168.44, tokens seen: 2199388160, grad norm: 0.3910
[iter 8400]loss: 3.1128, tokens/sec: 34156.31 ± 168.34, tokens seen: 2202009600, grad norm: 0.3679
[iter 8410]loss: 3.0177, tokens/sec: 34156.31 ± 168.24, tokens seen: 2204631040, grad norm: 0.3157
[iter 8420]loss: 3.3759, tokens/sec: 34156.31 ± 168.14, tokens seen: 2207252480, grad norm: 0.3926
[iter 8430]loss: 3.0574, tokens/sec: 34156.31 ± 168.04, tokens seen: 2209873920, grad norm: 0.3553
[iter 8440]loss: 3.2388, tokens/sec: 34156.31 ± 167.94, tokens seen: 2212495360, grad norm: 0.3120
[iter 8450]loss: 3.1108, tokens/sec: 34156.32 ± 167.84, tokens seen: 2215116800, grad norm: 0.3976
[iter 8460]loss: 3.1608, tokens/sec: 34156.32 ± 167.74, tokens seen: 2217738240, grad norm: 0.3590
[iter 8470]loss: 3.1190, tokens/sec: 34156.31 ± 167.64, tokens seen: 2220359680, grad norm: 0.3741
[iter 8480]loss: 3.2021, tokens/sec: 34156.32 ± 167.54, tokens seen: 2222981120, grad norm: 0.3847
[iter 8490]loss: 3.2127, tokens/sec: 34156.32 ± 167.45, tokens seen: 2225602560, grad norm: 0.4102
[step 8500]train loss: 3.1144, val loss: 3.1353, (avg train loss: 0.1951 ± 0.0087), (avg grad norm: 0.3678 ± 0.0465)
saving checkpoint to ./out-owt-large-mhc-lite-wsd-bs8-30000step
[iter 8500]loss: 3.1571, tokens/sec: 34156.35 ± 167.38, tokens seen: 2228224000, grad norm: 0.3777
[iter 8510]loss: 3.0106, tokens/sec: 34156.41 ± 167.29, tokens seen: 2230845440, grad norm: 0.3503
[iter 8520]loss: 3.2028, tokens/sec: 34156.42 ± 167.19, tokens seen: 2233466880, grad norm: 0.3259
[iter 8530]loss: 3.1836, tokens/sec: 34156.41 ± 167.10, tokens seen: 2236088320, grad norm: 0.3378
[iter 8540]loss: 3.1372, tokens/sec: 34156.41 ± 167.00, tokens seen: 2238709760, grad norm: 0.3509
[iter 8550]loss: 3.0466, tokens/sec: 34156.41 ± 166.90, tokens seen: 2241331200, grad norm: 0.4072
[iter 8560]loss: 3.2455, tokens/sec: 34156.41 ± 166.80, tokens seen: 2243952640, grad norm: 0.4330
[iter 8570]loss: 2.9992, tokens/sec: 34156.41 ± 166.71, tokens seen: 2246574080, grad norm: 0.4486
[iter 8580]loss: 3.1304, tokens/sec: 34156.40 ± 166.61, tokens seen: 2249195520, grad norm: 0.3444
[iter 8590]loss: 3.0698, tokens/sec: 34156.40 ± 166.51, tokens seen: 2251816960, grad norm: 0.4774
[iter 8600]loss: 3.0290, tokens/sec: 34156.40 ± 166.42, tokens seen: 2254438400, grad norm: 0.3376
[iter 8610]loss: 3.0940, tokens/sec: 34156.39 ± 166.32, tokens seen: 2257059840, grad norm: 0.3101
[iter 8620]loss: 2.9497, tokens/sec: 34156.39 ± 166.22, tokens seen: 2259681280, grad norm: 0.3438
[iter 8630]loss: 3.2657, tokens/sec: 34156.39 ± 166.13, tokens seen: 2262302720, grad norm: 0.4092
[iter 8640]loss: 3.0180, tokens/sec: 34156.40 ± 166.03, tokens seen: 2264924160, grad norm: 0.4581
[iter 8650]loss: 3.1944, tokens/sec: 34156.39 ± 165.94, tokens seen: 2267545600, grad norm: 0.3356
[iter 8660]loss: 2.9783, tokens/sec: 34156.39 ± 165.84, tokens seen: 2270167040, grad norm: 0.3779
[iter 8670]loss: 3.1832, tokens/sec: 34156.39 ± 165.75, tokens seen: 2272788480, grad norm: 0.3551
[iter 8680]loss: 3.0264, tokens/sec: 34156.39 ± 165.65, tokens seen: 2275409920, grad norm: 0.2992
[iter 8690]loss: 2.9331, tokens/sec: 34156.39 ± 165.55, tokens seen: 2278031360, grad norm: 0.3803
[iter 8700]loss: 3.0902, tokens/sec: 34156.39 ± 165.46, tokens seen: 2280652800, grad norm: 0.3738
[iter 8710]loss: 3.1186, tokens/sec: 34156.39 ± 165.37, tokens seen: 2283274240, grad norm: 0.4014
[iter 8720]loss: 3.2030, tokens/sec: 34156.39 ± 165.27, tokens seen: 2285895680, grad norm: 0.4108
[iter 8730]loss: 3.2183, tokens/sec: 34156.39 ± 165.18, tokens seen: 2288517120, grad norm: 0.3846
[iter 8740]loss: 3.3232, tokens/sec: 34156.38 ± 165.08, tokens seen: 2291138560, grad norm: 0.3966
[iter 8750]loss: 3.0519, tokens/sec: 34156.38 ± 164.99, tokens seen: 2293760000, grad norm: 0.2980
[iter 8760]loss: 3.1359, tokens/sec: 34156.38 ± 164.89, tokens seen: 2296381440, grad norm: 0.4054
[iter 8770]loss: 3.1233, tokens/sec: 34156.38 ± 164.80, tokens seen: 2299002880, grad norm: 0.3291
[iter 8780]loss: 3.1134, tokens/sec: 34156.38 ± 164.71, tokens seen: 2301624320, grad norm: 0.3274
[iter 8790]loss: 3.1666, tokens/sec: 34156.38 ± 164.61, tokens seen: 2304245760, grad norm: 0.3201
[iter 8800]loss: 2.7788, tokens/sec: 34156.38 ± 164.52, tokens seen: 2306867200, grad norm: 0.4327
[iter 8810]loss: 2.8619, tokens/sec: 34156.38 ± 164.43, tokens seen: 2309488640, grad norm: 0.3140
[iter 8820]loss: 3.2608, tokens/sec: 34156.38 ± 164.33, tokens seen: 2312110080, grad norm: 0.3217
[iter 8830]loss: 2.9272, tokens/sec: 34156.38 ± 164.24, tokens seen: 2314731520, grad norm: 0.3593
[iter 8840]loss: 3.0392, tokens/sec: 34156.38 ± 164.15, tokens seen: 2317352960, grad norm: 0.3495
[iter 8850]loss: 3.1757, tokens/sec: 34156.38 ± 164.06, tokens seen: 2319974400, grad norm: 0.3683
[iter 8860]loss: 3.0388, tokens/sec: 34156.38 ± 163.96, tokens seen: 2322595840, grad norm: 0.3937
[iter 8870]loss: 3.0844, tokens/sec: 34156.38 ± 163.87, tokens seen: 2325217280, grad norm: 0.4099
[iter 8880]loss: 3.0473, tokens/sec: 34156.38 ± 163.78, tokens seen: 2327838720, grad norm: 0.3279
[iter 8890]loss: 3.1498, tokens/sec: 34156.39 ± 163.69, tokens seen: 2330460160, grad norm: 0.3387
[iter 8900]loss: 3.1251, tokens/sec: 34156.38 ± 163.60, tokens seen: 2333081600, grad norm: 0.4071
[iter 8910]loss: 2.8063, tokens/sec: 34156.39 ± 163.50, tokens seen: 2335703040, grad norm: 0.3508
[iter 8920]loss: 3.0769, tokens/sec: 34156.39 ± 163.41, tokens seen: 2338324480, grad norm: 0.3366
[iter 8930]loss: 3.0361, tokens/sec: 34156.38 ± 163.32, tokens seen: 2340945920, grad norm: 0.3354
[iter 8940]loss: 3.0919, tokens/sec: 34156.39 ± 163.23, tokens seen: 2343567360, grad norm: 0.3460
[iter 8950]loss: 3.0518, tokens/sec: 34156.39 ± 163.14, tokens seen: 2346188800, grad norm: 0.3413
[iter 8960]loss: 2.9335, tokens/sec: 34156.39 ± 163.05, tokens seen: 2348810240, grad norm: 0.3403
[iter 8970]loss: 3.1588, tokens/sec: 34156.39 ± 162.96, tokens seen: 2351431680, grad norm: 0.3037
[iter 8980]loss: 2.8917, tokens/sec: 34156.38 ± 162.87, tokens seen: 2354053120, grad norm: 0.3150
[iter 8990]loss: 3.1870, tokens/sec: 34156.38 ± 162.78, tokens seen: 2356674560, grad norm: 0.3389
[step 9000]train loss: 3.1097, val loss: 3.1120, (avg train loss: 0.1930 ± 0.0088), (avg grad norm: 0.3646 ± 0.0427)
saving checkpoint to ./out-owt-large-mhc-lite-wsd-bs8-30000step
[iter 9000]loss: 3.0581, tokens/sec: 34156.42 ± 162.72, tokens seen: 2359296000, grad norm: 0.3654
[iter 9010]loss: 3.1926, tokens/sec: 34156.48 ± 162.64, tokens seen: 2361917440, grad norm: 0.3096
[iter 9020]loss: 3.2340, tokens/sec: 34156.49 ± 162.55, tokens seen: 2364538880, grad norm: 0.3886
[iter 9030]loss: 3.1900, tokens/sec: 34156.47 ± 162.46, tokens seen: 2367160320, grad norm: 0.3359
[iter 9040]loss: 3.3518, tokens/sec: 34156.47 ± 162.37, tokens seen: 2369781760, grad norm: 0.3774
[iter 9050]loss: 3.0706, tokens/sec: 34156.48 ± 162.28, tokens seen: 2372403200, grad norm: 0.3755
[iter 9060]loss: 3.1839, tokens/sec: 34156.48 ± 162.19, tokens seen: 2375024640, grad norm: 0.3637
[iter 9070]loss: 3.1197, tokens/sec: 34156.48 ± 162.10, tokens seen: 2377646080, grad norm: 0.4292
[iter 9080]loss: 2.9574, tokens/sec: 34156.47 ± 162.02, tokens seen: 2380267520, grad norm: 0.4273
[iter 9090]loss: 3.1519, tokens/sec: 34156.47 ± 161.93, tokens seen: 2382888960, grad norm: 0.3722
[iter 9100]loss: 3.4512, tokens/sec: 34156.46 ± 161.84, tokens seen: 2385510400, grad norm: 0.3266
[iter 9110]loss: 3.0381, tokens/sec: 34156.47 ± 161.75, tokens seen: 2388131840, grad norm: 0.3797
[iter 9120]loss: 3.1208, tokens/sec: 34156.46 ± 161.66, tokens seen: 2390753280, grad norm: 0.3479
[iter 9130]loss: 3.1859, tokens/sec: 34156.46 ± 161.57, tokens seen: 2393374720, grad norm: 0.3963
[iter 9140]loss: 3.0998, tokens/sec: 34156.46 ± 161.49, tokens seen: 2395996160, grad norm: 0.4025
[iter 9150]loss: 3.1156, tokens/sec: 34156.46 ± 161.40, tokens seen: 2398617600, grad norm: 0.4095
[iter 9160]loss: 3.0375, tokens/sec: 34156.46 ± 161.31, tokens seen: 2401239040, grad norm: 0.4261
[iter 9170]loss: 3.1159, tokens/sec: 34156.46 ± 161.22, tokens seen: 2403860480, grad norm: 0.3419
[iter 9180]loss: 3.0919, tokens/sec: 34156.46 ± 161.13, tokens seen: 2406481920, grad norm: 0.3926
[iter 9190]loss: 3.0036, tokens/sec: 34156.45 ± 161.05, tokens seen: 2409103360, grad norm: 0.3038
[iter 9200]loss: 2.9749, tokens/sec: 34156.46 ± 160.96, tokens seen: 2411724800, grad norm: 0.2846
[iter 9210]loss: 3.1543, tokens/sec: 34156.45 ± 160.87, tokens seen: 2414346240, grad norm: 0.3473
[iter 9220]loss: 2.6737, tokens/sec: 34156.44 ± 160.79, tokens seen: 2416967680, grad norm: 0.3598
[iter 9230]loss: 3.1526, tokens/sec: 34156.43 ± 160.70, tokens seen: 2419589120, grad norm: 0.3335
[iter 9240]loss: 3.0867, tokens/sec: 34156.43 ± 160.61, tokens seen: 2422210560, grad norm: 0.4237
[iter 9250]loss: 2.9815, tokens/sec: 34156.43 ± 160.53, tokens seen: 2424832000, grad norm: 0.4464
[iter 9260]loss: 2.9391, tokens/sec: 34156.43 ± 160.44, tokens seen: 2427453440, grad norm: 0.3883
[iter 9270]loss: 3.1524, tokens/sec: 34156.43 ± 160.35, tokens seen: 2430074880, grad norm: 0.3297
[iter 9280]loss: 3.1366, tokens/sec: 34156.42 ± 160.27, tokens seen: 2432696320, grad norm: 0.3326
[iter 9290]loss: 3.0400, tokens/sec: 34156.41 ± 160.18, tokens seen: 2435317760, grad norm: 0.3470
[iter 9300]loss: 3.0114, tokens/sec: 34156.41 ± 160.10, tokens seen: 2437939200, grad norm: 0.3378
[iter 9310]loss: 3.2579, tokens/sec: 34156.40 ± 160.01, tokens seen: 2440560640, grad norm: 0.3373
[iter 9320]loss: 3.0007, tokens/sec: 34156.40 ± 159.93, tokens seen: 2443182080, grad norm: 0.3528
[iter 9330]loss: 3.0535, tokens/sec: 34156.40 ± 159.84, tokens seen: 2445803520, grad norm: 0.3374
[iter 9340]loss: 3.0540, tokens/sec: 34156.40 ± 159.76, tokens seen: 2448424960, grad norm: 0.3551
[iter 9350]loss: 2.9870, tokens/sec: 34156.39 ± 159.67, tokens seen: 2451046400, grad norm: 0.3580
[iter 9360]loss: 3.2497, tokens/sec: 34156.39 ± 159.59, tokens seen: 2453667840, grad norm: 0.4105
[iter 9370]loss: 3.1830, tokens/sec: 34156.39 ± 159.50, tokens seen: 2456289280, grad norm: 0.4281
[iter 9380]loss: 2.9960, tokens/sec: 34156.39 ± 159.42, tokens seen: 2458910720, grad norm: 0.2824
[iter 9390]loss: 3.0037, tokens/sec: 34156.39 ± 159.33, tokens seen: 2461532160, grad norm: 0.3680
[iter 9400]loss: 3.2490, tokens/sec: 34156.39 ± 159.25, tokens seen: 2464153600, grad norm: 0.3407
[iter 9410]loss: 3.0603, tokens/sec: 34156.38 ± 159.16, tokens seen: 2466775040, grad norm: 0.5188
[iter 9420]loss: 3.2513, tokens/sec: 34156.38 ± 159.08, tokens seen: 2469396480, grad norm: 0.3922
[iter 9430]loss: 3.1143, tokens/sec: 34156.38 ± 158.99, tokens seen: 2472017920, grad norm: 0.3806
[iter 9440]loss: 3.1246, tokens/sec: 34156.38 ± 158.91, tokens seen: 2474639360, grad norm: 0.3857
[iter 9450]loss: 3.0927, tokens/sec: 34156.37 ± 158.83, tokens seen: 2477260800, grad norm: 0.3349
[iter 9460]loss: 3.2404, tokens/sec: 34156.37 ± 158.74, tokens seen: 2479882240, grad norm: 0.3407
[iter 9470]loss: 2.8513, tokens/sec: 34156.37 ± 158.66, tokens seen: 2482503680, grad norm: 0.3651
[iter 9480]loss: 2.9004, tokens/sec: 34156.37 ± 158.58, tokens seen: 2485125120, grad norm: 0.3779
[iter 9490]loss: 3.0940, tokens/sec: 34156.37 ± 158.49, tokens seen: 2487746560, grad norm: 0.3483
[step 9500]train loss: 3.0931, val loss: 3.1038, (avg train loss: 0.1941 ± 0.0086), (avg grad norm: 0.3575 ± 0.0462)
saving checkpoint to ./out-owt-large-mhc-lite-wsd-bs8-30000step
[iter 9500]loss: 3.3995, tokens/sec: 34156.40 ± 158.45, tokens seen: 2490368000, grad norm: 0.3142
[iter 9510]loss: 3.2076, tokens/sec: 34156.45 ± 158.37, tokens seen: 2492989440, grad norm: 0.3335
[iter 9520]loss: 3.1344, tokens/sec: 34156.46 ± 158.29, tokens seen: 2495610880, grad norm: 0.3325
[iter 9530]loss: 3.1550, tokens/sec: 34156.45 ± 158.21, tokens seen: 2498232320, grad norm: 0.4704
[iter 9540]loss: 3.2311, tokens/sec: 34156.44 ± 158.13, tokens seen: 2500853760, grad norm: 0.3607
[iter 9550]loss: 3.1567, tokens/sec: 34156.41 ± 158.07, tokens seen: 2503475200, grad norm: 0.3548
[iter 9560]loss: 3.4274, tokens/sec: 34156.29 ± 158.04, tokens seen: 2506096640, grad norm: 0.3585
[iter 9570]loss: 3.0722, tokens/sec: 34156.16 ± 158.00, tokens seen: 2508718080, grad norm: 0.3491
[iter 9580]loss: 2.9741, tokens/sec: 34156.03 ± 157.99, tokens seen: 2511339520, grad norm: 0.4140
[iter 9590]loss: 3.0807, tokens/sec: 34155.93 ± 157.94, tokens seen: 2513960960, grad norm: 0.3654
[iter 9600]loss: 3.1313, tokens/sec: 34155.83 ± 157.89, tokens seen: 2516582400, grad norm: 0.3288
[iter 9610]loss: 3.0119, tokens/sec: 34155.81 ± 157.81, tokens seen: 2519203840, grad norm: 0.3542
[iter 9620]loss: 2.9497, tokens/sec: 34155.80 ± 157.73, tokens seen: 2521825280, grad norm: 0.3172
[iter 9630]loss: 3.1617, tokens/sec: 34155.80 ± 157.65, tokens seen: 2524446720, grad norm: 0.4246
[iter 9640]loss: 3.1003, tokens/sec: 34155.79 ± 157.57, tokens seen: 2527068160, grad norm: 0.3883
[iter 9650]loss: 3.0579, tokens/sec: 34155.79 ± 157.48, tokens seen: 2529689600, grad norm: 0.3183
[iter 9660]loss: 3.1035, tokens/sec: 34155.78 ± 157.40, tokens seen: 2532311040, grad norm: 0.3377
[iter 9670]loss: 2.8777, tokens/sec: 34155.78 ± 157.32, tokens seen: 2534932480, grad norm: 0.3150
[iter 9680]loss: 2.9542, tokens/sec: 34155.77 ± 157.24, tokens seen: 2537553920, grad norm: 0.3476
[iter 9690]loss: 3.1199, tokens/sec: 34155.78 ± 157.16, tokens seen: 2540175360, grad norm: 0.4005
[iter 9700]loss: 3.2195, tokens/sec: 34155.77 ± 157.08, tokens seen: 2542796800, grad norm: 0.3288
[iter 9710]loss: 3.1814, tokens/sec: 34155.77 ± 157.00, tokens seen: 2545418240, grad norm: 0.3199
[iter 9720]loss: 3.1232, tokens/sec: 34155.77 ± 156.92, tokens seen: 2548039680, grad norm: 0.2985
[iter 9730]loss: 2.9344, tokens/sec: 34155.77 ± 156.84, tokens seen: 2550661120, grad norm: 0.3408
[iter 9740]loss: 3.1874, tokens/sec: 34155.77 ± 156.76, tokens seen: 2553282560, grad norm: 0.3155
[iter 9750]loss: 3.1402, tokens/sec: 34155.77 ± 156.68, tokens seen: 2555904000, grad norm: 0.3176
[iter 9760]loss: 3.4082, tokens/sec: 34155.76 ± 156.60, tokens seen: 2558525440, grad norm: 0.3563
[iter 9770]loss: 3.1411, tokens/sec: 34155.76 ± 156.52, tokens seen: 2561146880, grad norm: 0.3300
[iter 9780]loss: 2.9585, tokens/sec: 34155.75 ± 156.44, tokens seen: 2563768320, grad norm: 0.3661
[iter 9790]loss: 3.2804, tokens/sec: 34155.75 ± 156.36, tokens seen: 2566389760, grad norm: 0.3538
[iter 9800]loss: 3.0216, tokens/sec: 34155.75 ± 156.28, tokens seen: 2569011200, grad norm: 0.3285
[iter 9810]loss: 3.1320, tokens/sec: 34155.75 ± 156.20, tokens seen: 2571632640, grad norm: 0.2976
[iter 9820]loss: 3.1321, tokens/sec: 34155.74 ± 156.12, tokens seen: 2574254080, grad norm: 0.3449
[iter 9830]loss: 3.0909, tokens/sec: 34155.74 ± 156.04, tokens seen: 2576875520, grad norm: 0.3384
[iter 9840]loss: 3.0249, tokens/sec: 34155.74 ± 155.96, tokens seen: 2579496960, grad norm: 0.3191
[iter 9850]loss: 3.1700, tokens/sec: 34155.74 ± 155.88, tokens seen: 2582118400, grad norm: 0.4455
[iter 9860]loss: 3.0614, tokens/sec: 34155.73 ± 155.81, tokens seen: 2584739840, grad norm: 0.2777
[iter 9870]loss: 3.0380, tokens/sec: 34155.73 ± 155.73, tokens seen: 2587361280, grad norm: 0.4189
[iter 9880]loss: 3.0221, tokens/sec: 34155.73 ± 155.65, tokens seen: 2589982720, grad norm: 0.3706
[iter 9890]loss: 3.1649, tokens/sec: 34155.72 ± 155.57, tokens seen: 2592604160, grad norm: 0.3821
[iter 9900]loss: 2.9660, tokens/sec: 34155.72 ± 155.49, tokens seen: 2595225600, grad norm: 0.3765
[iter 9910]loss: 3.2843, tokens/sec: 34155.72 ± 155.41, tokens seen: 2597847040, grad norm: 0.4138
[iter 9920]loss: 3.0256, tokens/sec: 34155.72 ± 155.34, tokens seen: 2600468480, grad norm: 0.3401
[iter 9930]loss: 2.8523, tokens/sec: 34155.72 ± 155.26, tokens seen: 2603089920, grad norm: 0.3204
[iter 9940]loss: 3.0639, tokens/sec: 34155.72 ± 155.18, tokens seen: 2605711360, grad norm: 0.3990
[iter 9950]loss: 3.0572, tokens/sec: 34155.72 ± 155.10, tokens seen: 2608332800, grad norm: 0.4835
[iter 9960]loss: 3.2524, tokens/sec: 34155.71 ± 155.02, tokens seen: 2610954240, grad norm: 0.5185
[iter 9970]loss: 3.1836, tokens/sec: 34155.71 ± 154.95, tokens seen: 2613575680, grad norm: 0.6008
[iter 9980]loss: 3.0916, tokens/sec: 34155.71 ± 154.87, tokens seen: 2616197120, grad norm: 0.3628
[iter 9990]loss: 2.8945, tokens/sec: 34155.71 ± 154.79, tokens seen: 2618818560, grad norm: 0.2826
[step 10000]train loss: 3.0828, val loss: 3.0809, (avg train loss: 0.1933 ± 0.0086), (avg grad norm: 0.3682 ± 0.0569)
saving checkpoint to ./out-owt-large-mhc-lite-wsd-bs8-30000step
[iter 10000]loss: 3.1641, tokens/sec: 34155.74 ± 154.74, tokens seen: 2621440000, grad norm: 0.3349
[iter 10010]loss: 2.9139, tokens/sec: 34155.78 ± 154.67, tokens seen: 2624061440, grad norm: 0.3125
[iter 10020]loss: 3.1947, tokens/sec: 34155.79 ± 154.60, tokens seen: 2626682880, grad norm: 0.4800
[iter 10030]loss: 2.8292, tokens/sec: 34155.78 ± 154.52, tokens seen: 2629304320, grad norm: 0.4114
[iter 10040]loss: 3.2362, tokens/sec: 34155.77 ± 154.44, tokens seen: 2631925760, grad norm: 0.3819
[iter 10050]loss: 2.9773, tokens/sec: 34155.77 ± 154.37, tokens seen: 2634547200, grad norm: 0.3001
[iter 10060]loss: 3.2772, tokens/sec: 34155.77 ± 154.29, tokens seen: 2637168640, grad norm: 0.3706
[iter 10070]loss: 3.1439, tokens/sec: 34155.76 ± 154.22, tokens seen: 2639790080, grad norm: 0.2677
[iter 10080]loss: 3.1494, tokens/sec: 34155.76 ± 154.14, tokens seen: 2642411520, grad norm: 0.3892
[iter 10090]loss: 3.0287, tokens/sec: 34155.76 ± 154.06, tokens seen: 2645032960, grad norm: 0.3462
[iter 10100]loss: 3.3664, tokens/sec: 34155.76 ± 153.99, tokens seen: 2647654400, grad norm: 0.3335
[iter 10110]loss: 2.9923, tokens/sec: 34155.76 ± 153.91, tokens seen: 2650275840, grad norm: 0.3262
[iter 10120]loss: 3.1122, tokens/sec: 34155.76 ± 153.84, tokens seen: 2652897280, grad norm: 0.3688
[iter 10130]loss: 2.9934, tokens/sec: 34155.76 ± 153.76, tokens seen: 2655518720, grad norm: 0.3655
[iter 10140]loss: 3.2791, tokens/sec: 34155.76 ± 153.68, tokens seen: 2658140160, grad norm: 0.3260
[iter 10150]loss: 3.0129, tokens/sec: 34155.76 ± 153.61, tokens seen: 2660761600, grad norm: 0.3347
[iter 10160]loss: 3.2086, tokens/sec: 34155.76 ± 153.53, tokens seen: 2663383040, grad norm: 0.3351
[iter 10170]loss: 3.1647, tokens/sec: 34155.76 ± 153.46, tokens seen: 2666004480, grad norm: 0.3281
[iter 10180]loss: 3.0035, tokens/sec: 34155.76 ± 153.38, tokens seen: 2668625920, grad norm: 0.3715
[iter 10190]loss: 3.0359, tokens/sec: 34155.76 ± 153.31, tokens seen: 2671247360, grad norm: 0.4575
[iter 10200]loss: 3.2278, tokens/sec: 34155.76 ± 153.23, tokens seen: 2673868800, grad norm: 0.3236
[iter 10210]loss: 2.9869, tokens/sec: 34155.75 ± 153.16, tokens seen: 2676490240, grad norm: 0.3559
[iter 10220]loss: 3.2056, tokens/sec: 34155.75 ± 153.08, tokens seen: 2679111680, grad norm: 0.3773
[iter 10230]loss: 2.9985, tokens/sec: 34155.75 ± 153.01, tokens seen: 2681733120, grad norm: 0.3588
[iter 10240]loss: 3.0468, tokens/sec: 34155.75 ± 152.94, tokens seen: 2684354560, grad norm: 0.4486
[iter 10250]loss: 2.7347, tokens/sec: 34155.75 ± 152.86, tokens seen: 2686976000, grad norm: 0.3446
[iter 10260]loss: 2.9556, tokens/sec: 34155.75 ± 152.79, tokens seen: 2689597440, grad norm: 0.3294
[iter 10270]loss: 2.8707, tokens/sec: 34155.75 ± 152.71, tokens seen: 2692218880, grad norm: 0.4055
[iter 10280]loss: 3.0729, tokens/sec: 34155.74 ± 152.64, tokens seen: 2694840320, grad norm: 0.4525
[iter 10290]loss: 3.1385, tokens/sec: 34155.74 ± 152.57, tokens seen: 2697461760, grad norm: 0.3326
[iter 10300]loss: 3.0245, tokens/sec: 34155.74 ± 152.49, tokens seen: 2700083200, grad norm: 0.4449
[iter 10310]loss: 2.9944, tokens/sec: 34155.73 ± 152.42, tokens seen: 2702704640, grad norm: 0.3112
[iter 10320]loss: 3.2723, tokens/sec: 34155.73 ± 152.34, tokens seen: 2705326080, grad norm: 0.3536
[iter 10330]loss: 2.9012, tokens/sec: 34155.73 ± 152.27, tokens seen: 2707947520, grad norm: 0.2973
[iter 10340]loss: 2.9357, tokens/sec: 34155.72 ± 152.20, tokens seen: 2710568960, grad norm: 0.3791
[iter 10350]loss: 2.8559, tokens/sec: 34155.72 ± 152.12, tokens seen: 2713190400, grad norm: 0.2938
[iter 10360]loss: 3.1504, tokens/sec: 34155.73 ± 152.05, tokens seen: 2715811840, grad norm: 0.3482
[iter 10370]loss: 2.9619, tokens/sec: 34155.73 ± 151.98, tokens seen: 2718433280, grad norm: 0.3520
[iter 10380]loss: 2.8548, tokens/sec: 34155.72 ± 151.91, tokens seen: 2721054720, grad norm: 0.3211
[iter 10390]loss: 2.9292, tokens/sec: 34155.72 ± 151.83, tokens seen: 2723676160, grad norm: 0.3645
[iter 10400]loss: 3.1590, tokens/sec: 34155.71 ± 151.76, tokens seen: 2726297600, grad norm: 0.3786
[iter 10410]loss: 2.7927, tokens/sec: 34155.71 ± 151.69, tokens seen: 2728919040, grad norm: 0.4778
[iter 10420]loss: 3.1722, tokens/sec: 34155.71 ± 151.62, tokens seen: 2731540480, grad norm: 0.3440
[iter 10430]loss: 3.1682, tokens/sec: 34155.71 ± 151.54, tokens seen: 2734161920, grad norm: 0.3901
[iter 10440]loss: 3.1183, tokens/sec: 34155.70 ± 151.47, tokens seen: 2736783360, grad norm: 0.3884
[iter 10450]loss: 3.0304, tokens/sec: 34155.70 ± 151.40, tokens seen: 2739404800, grad norm: 0.3375
[iter 10460]loss: 2.8673, tokens/sec: 34155.70 ± 151.33, tokens seen: 2742026240, grad norm: 0.3436
[iter 10470]loss: 3.0587, tokens/sec: 34155.69 ± 151.26, tokens seen: 2744647680, grad norm: 0.3917
[iter 10480]loss: 2.9337, tokens/sec: 34155.69 ± 151.18, tokens seen: 2747269120, grad norm: 0.3118
[iter 10490]loss: 3.0845, tokens/sec: 34155.69 ± 151.11, tokens seen: 2749890560, grad norm: 0.2979
[step 10500]train loss: 3.0752, val loss: 3.0763, (avg train loss: 0.1910 ± 0.0091), (avg grad norm: 0.3610 ± 0.0454)
saving checkpoint to ./out-owt-large-mhc-lite-wsd-bs8-30000step
[iter 10500]loss: 3.1224, tokens/sec: 34155.72 ± 151.07, tokens seen: 2752512000, grad norm: 0.3253
[iter 10510]loss: 2.9218, tokens/sec: 34155.76 ± 151.01, tokens seen: 2755133440, grad norm: 0.3817
[iter 10520]loss: 2.9681, tokens/sec: 34155.77 ± 150.94, tokens seen: 2757754880, grad norm: 0.3466
[iter 10530]loss: 2.9775, tokens/sec: 34155.76 ± 150.87, tokens seen: 2760376320, grad norm: 0.3181
[iter 10540]loss: 3.2242, tokens/sec: 34155.75 ± 150.80, tokens seen: 2762997760, grad norm: 0.3235
[iter 10550]loss: 3.2637, tokens/sec: 34155.75 ± 150.72, tokens seen: 2765619200, grad norm: 0.2954
[iter 10560]loss: 2.9442, tokens/sec: 34155.75 ± 150.65, tokens seen: 2768240640, grad norm: 0.4162
[iter 10570]loss: 3.0575, tokens/sec: 34155.75 ± 150.58, tokens seen: 2770862080, grad norm: 0.3248
[iter 10580]loss: 3.1146, tokens/sec: 34155.75 ± 150.51, tokens seen: 2773483520, grad norm: 0.4389
[iter 10590]loss: 3.1471, tokens/sec: 34155.74 ± 150.44, tokens seen: 2776104960, grad norm: 0.3873
[iter 10600]loss: 2.9993, tokens/sec: 34155.74 ± 150.37, tokens seen: 2778726400, grad norm: 0.3884
[iter 10610]loss: 3.1920, tokens/sec: 34155.73 ± 150.30, tokens seen: 2781347840, grad norm: 0.3691
[iter 10620]loss: 2.9396, tokens/sec: 34155.73 ± 150.23, tokens seen: 2783969280, grad norm: 0.3656
[iter 10630]loss: 3.1171, tokens/sec: 34155.72 ± 150.16, tokens seen: 2786590720, grad norm: 0.3724
[iter 10640]loss: 3.0427, tokens/sec: 34155.72 ± 150.09, tokens seen: 2789212160, grad norm: 0.3279
[iter 10650]loss: 2.9905, tokens/sec: 34155.72 ± 150.02, tokens seen: 2791833600, grad norm: 0.2664
[iter 10660]loss: 3.2351, tokens/sec: 34155.71 ± 149.95, tokens seen: 2794455040, grad norm: 0.3796
[iter 10670]loss: 3.1067, tokens/sec: 34155.71 ± 149.88, tokens seen: 2797076480, grad norm: 0.4194
[iter 10680]loss: 2.9065, tokens/sec: 34155.71 ± 149.81, tokens seen: 2799697920, grad norm: 0.3705
[iter 10690]loss: 3.1311, tokens/sec: 34155.70 ± 149.74, tokens seen: 2802319360, grad norm: 0.3680
[iter 10700]loss: 2.9524, tokens/sec: 34155.69 ± 149.67, tokens seen: 2804940800, grad norm: 0.3302
[iter 10710]loss: 3.1111, tokens/sec: 34155.69 ± 149.60, tokens seen: 2807562240, grad norm: 0.3917
[iter 10720]loss: 2.9343, tokens/sec: 34155.68 ± 149.53, tokens seen: 2810183680, grad norm: 0.2975
[iter 10730]loss: 2.9374, tokens/sec: 34155.68 ± 149.46, tokens seen: 2812805120, grad norm: 0.3396
[iter 10740]loss: 2.9664, tokens/sec: 34155.68 ± 149.39, tokens seen: 2815426560, grad norm: 0.2991
[iter 10750]loss: 3.1915, tokens/sec: 34155.68 ± 149.32, tokens seen: 2818048000, grad norm: 0.4440
[iter 10760]loss: 3.1387, tokens/sec: 34155.68 ± 149.25, tokens seen: 2820669440, grad norm: 0.3546
[iter 10770]loss: 3.2687, tokens/sec: 34155.67 ± 149.18, tokens seen: 2823290880, grad norm: 0.3731
[iter 10780]loss: 3.0022, tokens/sec: 34155.67 ± 149.12, tokens seen: 2825912320, grad norm: 0.4194
[iter 10790]loss: 2.8197, tokens/sec: 34155.66 ± 149.05, tokens seen: 2828533760, grad norm: 0.3588
[iter 10800]loss: 2.9416, tokens/sec: 34155.66 ± 148.98, tokens seen: 2831155200, grad norm: 0.4998
[iter 10810]loss: 3.1917, tokens/sec: 34155.66 ± 148.91, tokens seen: 2833776640, grad norm: 0.3052
[iter 10820]loss: 2.9652, tokens/sec: 34155.65 ± 148.84, tokens seen: 2836398080, grad norm: 0.4094
[iter 10830]loss: 3.2297, tokens/sec: 34155.65 ± 148.77, tokens seen: 2839019520, grad norm: 0.3162
[iter 10840]loss: 3.3115, tokens/sec: 34155.64 ± 148.70, tokens seen: 2841640960, grad norm: 0.3949
[iter 10850]loss: 3.2333, tokens/sec: 34155.64 ± 148.64, tokens seen: 2844262400, grad norm: 0.3536
[iter 10860]loss: 3.1140, tokens/sec: 34155.64 ± 148.57, tokens seen: 2846883840, grad norm: 0.5045
[iter 10870]loss: 3.2015, tokens/sec: 34155.63 ± 148.50, tokens seen: 2849505280, grad norm: 0.3835
[iter 10880]loss: 2.6330, tokens/sec: 34155.63 ± 148.43, tokens seen: 2852126720, grad norm: 0.3137
[iter 10890]loss: 3.1731, tokens/sec: 34155.63 ± 148.36, tokens seen: 2854748160, grad norm: 0.3401
[iter 10900]loss: 2.8473, tokens/sec: 34155.63 ± 148.30, tokens seen: 2857369600, grad norm: 0.3085
[iter 10910]loss: 2.7952, tokens/sec: 34155.63 ± 148.23, tokens seen: 2859991040, grad norm: 0.3682
[iter 10920]loss: 3.1718, tokens/sec: 34155.62 ± 148.16, tokens seen: 2862612480, grad norm: 0.3860
[iter 10930]loss: 3.0832, tokens/sec: 34155.61 ± 148.09, tokens seen: 2865233920, grad norm: 0.4426
[iter 10940]loss: 3.1961, tokens/sec: 34155.61 ± 148.03, tokens seen: 2867855360, grad norm: 0.3587
[iter 10950]loss: 3.1945, tokens/sec: 34155.61 ± 147.96, tokens seen: 2870476800, grad norm: 0.3746
[iter 10960]loss: 2.9648, tokens/sec: 34155.61 ± 147.89, tokens seen: 2873098240, grad norm: 0.3089
[iter 10970]loss: 3.0849, tokens/sec: 34155.60 ± 147.83, tokens seen: 2875719680, grad norm: 0.3373
[iter 10980]loss: 2.7443, tokens/sec: 34155.60 ± 147.76, tokens seen: 2878341120, grad norm: 0.6016
[iter 10990]loss: 3.0698, tokens/sec: 34155.60 ± 147.69, tokens seen: 2880962560, grad norm: 0.3572
[step 11000]train loss: 3.0628, val loss: 3.0723, (avg train loss: 0.1924 ± 0.0093), (avg grad norm: 0.3666 ± 0.0494)
saving checkpoint to ./out-owt-large-mhc-lite-wsd-bs8-30000step
[iter 11000]loss: 3.0616, tokens/sec: 34155.63 ± 147.66, tokens seen: 2883584000, grad norm: 0.3957
[iter 11010]loss: 3.0657, tokens/sec: 34155.67 ± 147.60, tokens seen: 2886205440, grad norm: 0.3856
[iter 11020]loss: 2.9197, tokens/sec: 34155.69 ± 147.54, tokens seen: 2888826880, grad norm: 0.3544
[iter 11030]loss: 3.3348, tokens/sec: 34155.70 ± 147.47, tokens seen: 2891448320, grad norm: 0.3406
[iter 11040]loss: 3.0732, tokens/sec: 34155.68 ± 147.40, tokens seen: 2894069760, grad norm: 0.4402
[iter 11050]loss: 3.0900, tokens/sec: 34155.67 ± 147.34, tokens seen: 2896691200, grad norm: 0.4590
[iter 11060]loss: 3.0727, tokens/sec: 34155.67 ± 147.27, tokens seen: 2899312640, grad norm: 0.3307
[iter 11070]loss: 2.6209, tokens/sec: 34155.66 ± 147.21, tokens seen: 2901934080, grad norm: 0.3471
[iter 11080]loss: 3.2298, tokens/sec: 34155.66 ± 147.14, tokens seen: 2904555520, grad norm: 0.3933
[iter 11090]loss: 2.7607, tokens/sec: 34155.65 ± 147.07, tokens seen: 2907176960, grad norm: 0.3495
[iter 11100]loss: 3.0069, tokens/sec: 34155.65 ± 147.01, tokens seen: 2909798400, grad norm: 0.3451
[iter 11110]loss: 3.1869, tokens/sec: 34155.65 ± 146.94, tokens seen: 2912419840, grad norm: 0.3193
[iter 11120]loss: 3.0762, tokens/sec: 34155.65 ± 146.88, tokens seen: 2915041280, grad norm: 0.3415
[iter 11130]loss: 3.1541, tokens/sec: 34155.65 ± 146.81, tokens seen: 2917662720, grad norm: 0.2961
[iter 11140]loss: 2.9704, tokens/sec: 34155.64 ± 146.74, tokens seen: 2920284160, grad norm: 0.3783
[iter 11150]loss: 3.0766, tokens/sec: 34155.64 ± 146.68, tokens seen: 2922905600, grad norm: 0.3933
[iter 11160]loss: 2.9607, tokens/sec: 34155.64 ± 146.61, tokens seen: 2925527040, grad norm: 0.3035
[iter 11170]loss: 2.9675, tokens/sec: 34155.63 ± 146.55, tokens seen: 2928148480, grad norm: 0.3194
[iter 11180]loss: 3.1163, tokens/sec: 34155.63 ± 146.48, tokens seen: 2930769920, grad norm: 0.3454
[iter 11190]loss: 3.1176, tokens/sec: 34155.63 ± 146.42, tokens seen: 2933391360, grad norm: 0.3444
[iter 11200]loss: 2.9424, tokens/sec: 34155.63 ± 146.35, tokens seen: 2936012800, grad norm: 0.3440
[iter 11210]loss: 3.2878, tokens/sec: 34155.62 ± 146.29, tokens seen: 2938634240, grad norm: 0.3711
[iter 11220]loss: 3.0326, tokens/sec: 34155.62 ± 146.22, tokens seen: 2941255680, grad norm: 0.2983
[iter 11230]loss: 2.8354, tokens/sec: 34155.61 ± 146.16, tokens seen: 2943877120, grad norm: 0.3710
[iter 11240]loss: 3.2442, tokens/sec: 34155.61 ± 146.09, tokens seen: 2946498560, grad norm: 0.3632
[iter 11250]loss: 3.0429, tokens/sec: 34155.60 ± 146.03, tokens seen: 2949120000, grad norm: 0.3108
[iter 11260]loss: 3.0922, tokens/sec: 34155.59 ± 145.96, tokens seen: 2951741440, grad norm: 0.4754
[iter 11270]loss: 3.1119, tokens/sec: 34155.59 ± 145.90, tokens seen: 2954362880, grad norm: 0.3336
[iter 11280]loss: 2.9706, tokens/sec: 34155.59 ± 145.84, tokens seen: 2956984320, grad norm: 0.3149
[iter 11290]loss: 3.0118, tokens/sec: 34155.59 ± 145.77, tokens seen: 2959605760, grad norm: 0.3484
[iter 11300]loss: 3.2220, tokens/sec: 34155.59 ± 145.71, tokens seen: 2962227200, grad norm: 0.3645
[iter 11310]loss: 3.1147, tokens/sec: 34155.59 ± 145.64, tokens seen: 2964848640, grad norm: 0.4625
[iter 11320]loss: 3.0403, tokens/sec: 34155.58 ± 145.58, tokens seen: 2967470080, grad norm: 0.3477
[iter 11330]loss: 2.9607, tokens/sec: 34155.58 ± 145.51, tokens seen: 2970091520, grad norm: 0.3536
[iter 11340]loss: 2.9855, tokens/sec: 34155.57 ± 145.45, tokens seen: 2972712960, grad norm: 0.4046
[iter 11350]loss: 2.9945, tokens/sec: 34155.57 ± 145.39, tokens seen: 2975334400, grad norm: 0.3658
[iter 11360]loss: 3.0129, tokens/sec: 34155.57 ± 145.32, tokens seen: 2977955840, grad norm: 0.3998
[iter 11370]loss: 2.9883, tokens/sec: 34155.56 ± 145.26, tokens seen: 2980577280, grad norm: 0.3648
[iter 11380]loss: 3.3088, tokens/sec: 34155.56 ± 145.20, tokens seen: 2983198720, grad norm: 0.3508
[iter 11390]loss: 3.0713, tokens/sec: 34155.56 ± 145.13, tokens seen: 2985820160, grad norm: 0.3370
[iter 11400]loss: 2.8239, tokens/sec: 34155.56 ± 145.07, tokens seen: 2988441600, grad norm: 0.3497
[iter 11410]loss: 3.0763, tokens/sec: 34155.56 ± 145.01, tokens seen: 2991063040, grad norm: 0.3776
[iter 11420]loss: 3.3493, tokens/sec: 34155.55 ± 144.94, tokens seen: 2993684480, grad norm: 0.3184
[iter 11430]loss: 3.0837, tokens/sec: 34155.55 ± 144.88, tokens seen: 2996305920, grad norm: 0.3298
[iter 11440]loss: 3.1484, tokens/sec: 34155.55 ± 144.82, tokens seen: 2998927360, grad norm: 0.2772
[iter 11450]loss: 3.0687, tokens/sec: 34155.55 ± 144.75, tokens seen: 3001548800, grad norm: 0.3321
[iter 11460]loss: 3.1434, tokens/sec: 34155.54 ± 144.69, tokens seen: 3004170240, grad norm: 0.3767
[iter 11470]loss: 3.0817, tokens/sec: 34155.54 ± 144.63, tokens seen: 3006791680, grad norm: 0.3915
[iter 11480]loss: 3.0174, tokens/sec: 34155.54 ± 144.57, tokens seen: 3009413120, grad norm: 0.4025
[iter 11490]loss: 3.0026, tokens/sec: 34155.54 ± 144.50, tokens seen: 3012034560, grad norm: 0.3310
[step 11500]train loss: 3.0677, val loss: 3.0720, (avg train loss: 0.1915 ± 0.0086), (avg grad norm: 0.3599 ± 0.0521)
saving checkpoint to ./out-owt-large-mhc-lite-wsd-bs8-30000step
[iter 11500]loss: 3.0010, tokens/sec: 34155.56 ± 144.47, tokens seen: 3014656000, grad norm: 0.3137
[iter 11510]loss: 3.2793, tokens/sec: 34155.61 ± 144.42, tokens seen: 3017277440, grad norm: 0.3663
[iter 11520]loss: 2.9599, tokens/sec: 34155.61 ± 144.36, tokens seen: 3019898880, grad norm: 0.4097
[iter 11530]loss: 2.9460, tokens/sec: 34155.59 ± 144.30, tokens seen: 3022520320, grad norm: 0.2997
[iter 11540]loss: 2.9052, tokens/sec: 34155.59 ± 144.23, tokens seen: 3025141760, grad norm: 0.3530
[iter 11550]loss: 2.9359, tokens/sec: 34155.58 ± 144.17, tokens seen: 3027763200, grad norm: 0.3986
[iter 11560]loss: 2.9566, tokens/sec: 34155.58 ± 144.11, tokens seen: 3030384640, grad norm: 0.3679
[iter 11570]loss: 3.1664, tokens/sec: 34155.57 ± 144.05, tokens seen: 3033006080, grad norm: 0.4566
[iter 11580]loss: 2.9726, tokens/sec: 34155.57 ± 143.99, tokens seen: 3035627520, grad norm: 0.4577
[iter 11590]loss: 3.0834, tokens/sec: 34155.57 ± 143.93, tokens seen: 3038248960, grad norm: 0.3450
[iter 11600]loss: 2.6396, tokens/sec: 34155.57 ± 143.86, tokens seen: 3040870400, grad norm: 0.4210
[iter 11610]loss: 3.3561, tokens/sec: 34155.56 ± 143.80, tokens seen: 3043491840, grad norm: 0.3542
[iter 11620]loss: 3.0901, tokens/sec: 34155.56 ± 143.74, tokens seen: 3046113280, grad norm: 0.3225
[iter 11630]loss: 2.9773, tokens/sec: 34155.55 ± 143.68, tokens seen: 3048734720, grad norm: 0.3567
[iter 11640]loss: 2.9167, tokens/sec: 34155.55 ± 143.62, tokens seen: 3051356160, grad norm: 0.4034
[iter 11650]loss: 3.0183, tokens/sec: 34155.55 ± 143.56, tokens seen: 3053977600, grad norm: 0.3082
[iter 11660]loss: 3.1707, tokens/sec: 34155.54 ± 143.49, tokens seen: 3056599040, grad norm: 0.3849
[iter 11670]loss: 3.1205, tokens/sec: 34155.54 ± 143.43, tokens seen: 3059220480, grad norm: 0.3630
[iter 11680]loss: 3.0733, tokens/sec: 34155.54 ± 143.37, tokens seen: 3061841920, grad norm: 0.3234
[iter 11690]loss: 3.0695, tokens/sec: 34155.53 ± 143.31, tokens seen: 3064463360, grad norm: 0.5861
[iter 11700]loss: 3.2138, tokens/sec: 34155.53 ± 143.25, tokens seen: 3067084800, grad norm: 0.4529
[iter 11710]loss: 2.9498, tokens/sec: 34155.53 ± 143.19, tokens seen: 3069706240, grad norm: 0.4004
[iter 11720]loss: 3.1860, tokens/sec: 34155.53 ± 143.13, tokens seen: 3072327680, grad norm: 0.3350
[iter 11730]loss: 2.8253, tokens/sec: 34155.53 ± 143.07, tokens seen: 3074949120, grad norm: 0.3979
[iter 11740]loss: 3.0562, tokens/sec: 34155.52 ± 143.01, tokens seen: 3077570560, grad norm: 0.3812
[iter 11750]loss: 2.9001, tokens/sec: 34155.52 ± 142.95, tokens seen: 3080192000, grad norm: 0.4112
[iter 11760]loss: 2.7102, tokens/sec: 34155.52 ± 142.89, tokens seen: 3082813440, grad norm: 0.3448
[iter 11770]loss: 3.0116, tokens/sec: 34155.52 ± 142.83, tokens seen: 3085434880, grad norm: 0.3714
[iter 11780]loss: 2.9139, tokens/sec: 34155.52 ± 142.77, tokens seen: 3088056320, grad norm: 0.3113
[iter 11790]loss: 2.7648, tokens/sec: 34155.52 ± 142.71, tokens seen: 3090677760, grad norm: 0.3398
[iter 11800]loss: 3.0793, tokens/sec: 34155.51 ± 142.65, tokens seen: 3093299200, grad norm: 0.4563
[iter 11810]loss: 3.2416, tokens/sec: 34155.51 ± 142.59, tokens seen: 3095920640, grad norm: 0.3479
[iter 11820]loss: 3.0329, tokens/sec: 34155.51 ± 142.53, tokens seen: 3098542080, grad norm: 0.3207
[iter 11830]loss: 3.2036, tokens/sec: 34155.51 ± 142.47, tokens seen: 3101163520, grad norm: 0.4303
[iter 11840]loss: 3.3145, tokens/sec: 34155.50 ± 142.41, tokens seen: 3103784960, grad norm: 0.4033
[iter 11850]loss: 3.0038, tokens/sec: 34155.50 ± 142.35, tokens seen: 3106406400, grad norm: 0.4352
[iter 11860]loss: 2.9756, tokens/sec: 34155.49 ± 142.29, tokens seen: 3109027840, grad norm: 0.3796
[iter 11870]loss: 2.9138, tokens/sec: 34155.49 ± 142.23, tokens seen: 3111649280, grad norm: 0.3130
[iter 11880]loss: 2.9830, tokens/sec: 34155.49 ± 142.17, tokens seen: 3114270720, grad norm: 0.3578
[iter 11890]loss: 2.9828, tokens/sec: 34155.48 ± 142.11, tokens seen: 3116892160, grad norm: 0.3176
[iter 11900]loss: 3.1641, tokens/sec: 34155.48 ± 142.05, tokens seen: 3119513600, grad norm: 0.3108
[iter 11910]loss: 3.1781, tokens/sec: 34155.48 ± 141.99, tokens seen: 3122135040, grad norm: 0.3113
[iter 11920]loss: 2.9281, tokens/sec: 34155.48 ± 141.93, tokens seen: 3124756480, grad norm: 0.3232
[iter 11930]loss: 2.9171, tokens/sec: 34155.47 ± 141.87, tokens seen: 3127377920, grad norm: 0.3093
[iter 11940]loss: 3.0112, tokens/sec: 34155.47 ± 141.81, tokens seen: 3129999360, grad norm: 0.3107
[iter 11950]loss: 3.0225, tokens/sec: 34155.47 ± 141.75, tokens seen: 3132620800, grad norm: 0.3420
[iter 11960]loss: 3.2163, tokens/sec: 34155.47 ± 141.69, tokens seen: 3135242240, grad norm: 0.3793
[iter 11970]loss: 2.9489, tokens/sec: 34155.46 ± 141.63, tokens seen: 3137863680, grad norm: 0.3109
[iter 11980]loss: 2.8887, tokens/sec: 34155.46 ± 141.58, tokens seen: 3140485120, grad norm: 0.3525
[iter 11990]loss: 3.0897, tokens/sec: 34155.47 ± 141.52, tokens seen: 3143106560, grad norm: 0.3875
[step 12000]train loss: 3.0348, val loss: 3.0535, (avg train loss: 0.1909 ± 0.0089), (avg grad norm: 0.3667 ± 0.0462)
saving checkpoint to ./out-owt-large-mhc-lite-wsd-bs8-30000step
[iter 12000]loss: 3.2041, tokens/sec: 34155.49 ± 141.49, tokens seen: 3145728000, grad norm: 0.2914
[iter 12010]loss: 2.8596, tokens/sec: 34155.53 ± 141.43, tokens seen: 3148349440, grad norm: 0.4060
[iter 12020]loss: 3.1572, tokens/sec: 34155.54 ± 141.38, tokens seen: 3150970880, grad norm: 0.3256
[iter 12030]loss: 2.9801, tokens/sec: 34155.53 ± 141.32, tokens seen: 3153592320, grad norm: 0.4735
[iter 12040]loss: 3.1614, tokens/sec: 34155.52 ± 141.26, tokens seen: 3156213760, grad norm: 0.3762
[iter 12050]loss: 2.6892, tokens/sec: 34155.52 ± 141.20, tokens seen: 3158835200, grad norm: 0.3913
[iter 12060]loss: 2.8735, tokens/sec: 34155.52 ± 141.14, tokens seen: 3161456640, grad norm: 0.4041
[iter 12070]loss: 2.9853, tokens/sec: 34155.51 ± 141.09, tokens seen: 3164078080, grad norm: 0.3410
[iter 12080]loss: 3.0701, tokens/sec: 34155.51 ± 141.03, tokens seen: 3166699520, grad norm: 0.3267
[iter 12090]loss: 3.0984, tokens/sec: 34155.51 ± 140.97, tokens seen: 3169320960, grad norm: 0.3694
[iter 12100]loss: 3.1196, tokens/sec: 34155.51 ± 140.91, tokens seen: 3171942400, grad norm: 0.3110
[iter 12110]loss: 3.0102, tokens/sec: 34155.50 ± 140.85, tokens seen: 3174563840, grad norm: 0.3536
[iter 12120]loss: 2.8825, tokens/sec: 34155.50 ± 140.80, tokens seen: 3177185280, grad norm: 0.5004
[iter 12130]loss: 2.7095, tokens/sec: 34155.50 ± 140.74, tokens seen: 3179806720, grad norm: 0.3263
[iter 12140]loss: 2.7169, tokens/sec: 34155.50 ± 140.68, tokens seen: 3182428160, grad norm: 0.3589
[iter 12150]loss: 3.0428, tokens/sec: 34155.49 ± 140.62, tokens seen: 3185049600, grad norm: 0.2993
[iter 12160]loss: 2.9608, tokens/sec: 34155.49 ± 140.57, tokens seen: 3187671040, grad norm: 0.5006
[iter 12170]loss: 3.1044, tokens/sec: 34155.49 ± 140.51, tokens seen: 3190292480, grad norm: 0.3423
[iter 12180]loss: 2.9844, tokens/sec: 34155.48 ± 140.45, tokens seen: 3192913920, grad norm: 0.3519
[iter 12190]loss: 3.1067, tokens/sec: 34155.47 ± 140.39, tokens seen: 3195535360, grad norm: 0.3743
[iter 12200]loss: 3.0510, tokens/sec: 34155.48 ± 140.34, tokens seen: 3198156800, grad norm: 0.3598
[iter 12210]loss: 2.8654, tokens/sec: 34155.47 ± 140.28, tokens seen: 3200778240, grad norm: 0.3188
[iter 12220]loss: 3.1787, tokens/sec: 34155.46 ± 140.22, tokens seen: 3203399680, grad norm: 0.3887
[iter 12230]loss: 2.9207, tokens/sec: 34155.47 ± 140.17, tokens seen: 3206021120, grad norm: 0.3733
[iter 12240]loss: 2.7984, tokens/sec: 34155.46 ± 140.11, tokens seen: 3208642560, grad norm: 0.3089
[iter 12250]loss: 3.1313, tokens/sec: 34155.46 ± 140.05, tokens seen: 3211264000, grad norm: 0.3403
[iter 12260]loss: 3.3119, tokens/sec: 34155.46 ± 140.00, tokens seen: 3213885440, grad norm: 0.3265
[iter 12270]loss: 2.9927, tokens/sec: 34155.46 ± 139.94, tokens seen: 3216506880, grad norm: 0.3055
[iter 12280]loss: 3.1646, tokens/sec: 34155.45 ± 139.88, tokens seen: 3219128320, grad norm: 0.4343
[iter 12290]loss: 3.0104, tokens/sec: 34155.45 ± 139.83, tokens seen: 3221749760, grad norm: 0.3279
[iter 12300]loss: 2.8021, tokens/sec: 34155.45 ± 139.77, tokens seen: 3224371200, grad norm: 0.3708
[iter 12310]loss: 3.0700, tokens/sec: 34155.44 ± 139.71, tokens seen: 3226992640, grad norm: 0.3476
[iter 12320]loss: 3.1473, tokens/sec: 34155.43 ± 139.66, tokens seen: 3229614080, grad norm: 0.3569
[iter 12330]loss: 3.2946, tokens/sec: 34155.43 ± 139.60, tokens seen: 3232235520, grad norm: 0.3418
[iter 12340]loss: 3.0056, tokens/sec: 34155.43 ± 139.55, tokens seen: 3234856960, grad norm: 0.3966
[iter 12350]loss: 2.9615, tokens/sec: 34155.43 ± 139.49, tokens seen: 3237478400, grad norm: 0.3228
[iter 12360]loss: 3.2072, tokens/sec: 34155.42 ± 139.43, tokens seen: 3240099840, grad norm: 0.3108
[iter 12370]loss: 2.9957, tokens/sec: 34155.42 ± 139.38, tokens seen: 3242721280, grad norm: 0.4874
[iter 12380]loss: 3.0403, tokens/sec: 34155.42 ± 139.32, tokens seen: 3245342720, grad norm: 0.3341
[iter 12390]loss: 3.4416, tokens/sec: 34155.41 ± 139.27, tokens seen: 3247964160, grad norm: 0.3194
[iter 12400]loss: 3.1909, tokens/sec: 34155.41 ± 139.21, tokens seen: 3250585600, grad norm: 0.3159
[iter 12410]loss: 2.8493, tokens/sec: 34155.41 ± 139.15, tokens seen: 3253207040, grad norm: 0.3025
[iter 12420]loss: 2.8805, tokens/sec: 34155.41 ± 139.10, tokens seen: 3255828480, grad norm: 0.3400
[iter 12430]loss: 2.9172, tokens/sec: 34155.41 ± 139.04, tokens seen: 3258449920, grad norm: 0.3947
[iter 12440]loss: 2.8862, tokens/sec: 34155.41 ± 138.99, tokens seen: 3261071360, grad norm: 0.3871
[iter 12450]loss: 2.8389, tokens/sec: 34155.41 ± 138.93, tokens seen: 3263692800, grad norm: 0.3523
[iter 12460]loss: 3.0589, tokens/sec: 34155.40 ± 138.88, tokens seen: 3266314240, grad norm: 0.3344
[iter 12470]loss: 3.1340, tokens/sec: 34155.41 ± 138.82, tokens seen: 3268935680, grad norm: 0.3996
[iter 12480]loss: 3.0027, tokens/sec: 34155.40 ± 138.77, tokens seen: 3271557120, grad norm: 0.3433
[iter 12490]loss: 3.1041, tokens/sec: 34155.40 ± 138.71, tokens seen: 3274178560, grad norm: 0.3176
[step 12500]train loss: 3.0215, val loss: 3.0459, (avg train loss: 0.1896 ± 0.0091), (avg grad norm: 0.3676 ± 0.0518)
saving checkpoint to ./out-owt-large-mhc-lite-wsd-bs8-30000step
[iter 12500]loss: 2.9475, tokens/sec: 34155.42 ± 138.68, tokens seen: 3276800000, grad norm: 0.3390
[iter 12510]loss: 3.1243, tokens/sec: 34155.46 ± 138.63, tokens seen: 3279421440, grad norm: 0.3441
[iter 12520]loss: 3.1510, tokens/sec: 34155.47 ± 138.58, tokens seen: 3282042880, grad norm: 0.3345
[iter 12530]loss: 3.0274, tokens/sec: 34155.45 ± 138.52, tokens seen: 3284664320, grad norm: 0.3299
[iter 12540]loss: 3.0545, tokens/sec: 34155.45 ± 138.47, tokens seen: 3287285760, grad norm: 0.3991
[iter 12550]loss: 2.9688, tokens/sec: 34155.45 ± 138.41, tokens seen: 3289907200, grad norm: 0.3551
[iter 12560]loss: 2.8754, tokens/sec: 34155.45 ± 138.36, tokens seen: 3292528640, grad norm: 0.3512
[iter 12570]loss: 2.9468, tokens/sec: 34155.45 ± 138.31, tokens seen: 3295150080, grad norm: 0.4787
[iter 12580]loss: 2.9891, tokens/sec: 34155.45 ± 138.25, tokens seen: 3297771520, grad norm: 0.5212
[iter 12590]loss: 3.0859, tokens/sec: 34155.45 ± 138.20, tokens seen: 3300392960, grad norm: 0.3586
[iter 12600]loss: 2.9670, tokens/sec: 34155.44 ± 138.14, tokens seen: 3303014400, grad norm: 0.4807
[iter 12610]loss: 3.0708, tokens/sec: 34155.43 ± 138.09, tokens seen: 3305635840, grad norm: 0.2967
[iter 12620]loss: 2.9754, tokens/sec: 34155.43 ± 138.03, tokens seen: 3308257280, grad norm: 0.3004
[iter 12630]loss: 3.0978, tokens/sec: 34155.43 ± 137.98, tokens seen: 3310878720, grad norm: 0.3386
[iter 12640]loss: 3.1397, tokens/sec: 34155.43 ± 137.92, tokens seen: 3313500160, grad norm: 0.3186
[iter 12650]loss: 3.1007, tokens/sec: 34155.43 ± 137.87, tokens seen: 3316121600, grad norm: 0.3980
[iter 12660]loss: 3.1209, tokens/sec: 34155.43 ± 137.82, tokens seen: 3318743040, grad norm: 0.3317
[iter 12670]loss: 3.0610, tokens/sec: 34155.42 ± 137.76, tokens seen: 3321364480, grad norm: 0.3964
[iter 12680]loss: 2.9995, tokens/sec: 34155.42 ± 137.71, tokens seen: 3323985920, grad norm: 0.3321
[iter 12690]loss: 2.8630, tokens/sec: 34155.42 ± 137.65, tokens seen: 3326607360, grad norm: 0.2920
[iter 12700]loss: 2.9544, tokens/sec: 34155.42 ± 137.60, tokens seen: 3329228800, grad norm: 0.3130
[iter 12710]loss: 2.9486, tokens/sec: 34155.42 ± 137.55, tokens seen: 3331850240, grad norm: 0.3416
[iter 12720]loss: 2.9209, tokens/sec: 34155.41 ± 137.49, tokens seen: 3334471680, grad norm: 0.3008
[iter 12730]loss: 2.9118, tokens/sec: 34155.41 ± 137.44, tokens seen: 3337093120, grad norm: 0.3184
[iter 12740]loss: 3.2215, tokens/sec: 34155.41 ± 137.38, tokens seen: 3339714560, grad norm: 0.3441
[iter 12750]loss: 3.2007, tokens/sec: 34155.41 ± 137.33, tokens seen: 3342336000, grad norm: 0.4359
[iter 12760]loss: 3.0199, tokens/sec: 34155.40 ± 137.28, tokens seen: 3344957440, grad norm: 0.3750
[iter 12770]loss: 2.7366, tokens/sec: 34155.40 ± 137.22, tokens seen: 3347578880, grad norm: 0.3221
[iter 12780]loss: 2.6517, tokens/sec: 34155.40 ± 137.17, tokens seen: 3350200320, grad norm: 0.4849
[iter 12790]loss: 2.8345, tokens/sec: 34155.40 ± 137.12, tokens seen: 3352821760, grad norm: 0.3144
[iter 12800]loss: 2.8461, tokens/sec: 34155.40 ± 137.06, tokens seen: 3355443200, grad norm: 0.3213
[iter 12810]loss: 2.7340, tokens/sec: 34155.39 ± 137.01, tokens seen: 3358064640, grad norm: 0.4126
[iter 12820]loss: 3.0511, tokens/sec: 34155.39 ± 136.96, tokens seen: 3360686080, grad norm: 0.3789
[iter 12830]loss: 2.6948, tokens/sec: 34155.39 ± 136.90, tokens seen: 3363307520, grad norm: 0.5001
[iter 12840]loss: 3.0965, tokens/sec: 34155.38 ± 136.85, tokens seen: 3365928960, grad norm: 0.2982
[iter 12850]loss: 3.0441, tokens/sec: 34155.38 ± 136.80, tokens seen: 3368550400, grad norm: 0.3061
[iter 12860]loss: 2.9700, tokens/sec: 34155.38 ± 136.75, tokens seen: 3371171840, grad norm: 0.3141
[iter 12870]loss: 3.1079, tokens/sec: 34155.38 ± 136.69, tokens seen: 3373793280, grad norm: 0.4206
[iter 12880]loss: 2.8153, tokens/sec: 34155.37 ± 136.64, tokens seen: 3376414720, grad norm: 0.4107
[iter 12890]loss: 3.1758, tokens/sec: 34155.38 ± 136.59, tokens seen: 3379036160, grad norm: 0.2737
[iter 12900]loss: 2.9817, tokens/sec: 34155.37 ± 136.53, tokens seen: 3381657600, grad norm: 0.3307
[iter 12910]loss: 3.0717, tokens/sec: 34155.37 ± 136.48, tokens seen: 3384279040, grad norm: 0.3922
[iter 12920]loss: 3.0500, tokens/sec: 34155.37 ± 136.43, tokens seen: 3386900480, grad norm: 0.3895
[iter 12930]loss: 2.9879, tokens/sec: 34155.37 ± 136.38, tokens seen: 3389521920, grad norm: 0.4126
[iter 12940]loss: 3.0762, tokens/sec: 34155.37 ± 136.32, tokens seen: 3392143360, grad norm: 0.3700
[iter 12950]loss: 3.0357, tokens/sec: 34155.37 ± 136.27, tokens seen: 3394764800, grad norm: 1.4526
[iter 12960]loss: 3.0330, tokens/sec: 34155.36 ± 136.22, tokens seen: 3397386240, grad norm: 0.3739
[iter 12970]loss: 3.0007, tokens/sec: 34155.36 ± 136.17, tokens seen: 3400007680, grad norm: 0.3901
[iter 12980]loss: 3.0790, tokens/sec: 34155.35 ± 136.12, tokens seen: 3402629120, grad norm: 0.4858
[iter 12990]loss: 2.7845, tokens/sec: 34155.36 ± 136.06, tokens seen: 3405250560, grad norm: 0.4008
[step 13000]train loss: 3.0114, val loss: 3.0213, (avg train loss: 0.1881 ± 0.0088), (avg grad norm: 0.3776 ± 0.0982)
saving checkpoint to ./out-owt-large-mhc-lite-wsd-bs8-30000step
[iter 13000]loss: 3.0400, tokens/sec: 34155.38 ± 136.04, tokens seen: 3407872000, grad norm: 0.3291
[iter 13010]loss: 3.0980, tokens/sec: 34155.42 ± 136.00, tokens seen: 3410493440, grad norm: 0.3580
[iter 13020]loss: 3.0401, tokens/sec: 34155.44 ± 135.95, tokens seen: 3413114880, grad norm: 0.3316
[iter 13030]loss: 2.9181, tokens/sec: 34155.45 ± 135.90, tokens seen: 3415736320, grad norm: 0.4105
[iter 13040]loss: 3.1175, tokens/sec: 34155.44 ± 135.85, tokens seen: 3418357760, grad norm: 0.4092
[iter 13050]loss: 3.1921, tokens/sec: 34155.43 ± 135.80, tokens seen: 3420979200, grad norm: 0.3284
[iter 13060]loss: 3.1544, tokens/sec: 34155.43 ± 135.74, tokens seen: 3423600640, grad norm: 0.3409
[iter 13070]loss: 2.9672, tokens/sec: 34155.43 ± 135.69, tokens seen: 3426222080, grad norm: 0.4972
[iter 13080]loss: 3.1020, tokens/sec: 34155.43 ± 135.64, tokens seen: 3428843520, grad norm: 0.3497
[iter 13090]loss: 3.0482, tokens/sec: 34155.43 ± 135.59, tokens seen: 3431464960, grad norm: 0.3478
[iter 13100]loss: 3.2330, tokens/sec: 34155.43 ± 135.54, tokens seen: 3434086400, grad norm: 0.3360
[iter 13110]loss: 3.1560, tokens/sec: 34155.43 ± 135.49, tokens seen: 3436707840, grad norm: 0.3831
[iter 13120]loss: 2.9884, tokens/sec: 34155.42 ± 135.43, tokens seen: 3439329280, grad norm: 0.3356
[iter 13130]loss: 2.7829, tokens/sec: 34155.42 ± 135.38, tokens seen: 3441950720, grad norm: 0.3442
[iter 13140]loss: 2.9846, tokens/sec: 34155.42 ± 135.33, tokens seen: 3444572160, grad norm: 0.3805
[iter 13150]loss: 2.8245, tokens/sec: 34155.42 ± 135.28, tokens seen: 3447193600, grad norm: 0.3309
[iter 13160]loss: 3.0312, tokens/sec: 34155.42 ± 135.23, tokens seen: 3449815040, grad norm: 0.3794
[iter 13170]loss: 3.2467, tokens/sec: 34155.42 ± 135.18, tokens seen: 3452436480, grad norm: 0.3197
[iter 13180]loss: 2.8961, tokens/sec: 34155.42 ± 135.13, tokens seen: 3455057920, grad norm: 0.2982
[iter 13190]loss: 2.9587, tokens/sec: 34155.41 ± 135.08, tokens seen: 3457679360, grad norm: 0.3781
[iter 13200]loss: 3.2016, tokens/sec: 34155.41 ± 135.03, tokens seen: 3460300800, grad norm: 0.3807
[iter 13210]loss: 3.2200, tokens/sec: 34155.41 ± 134.98, tokens seen: 3462922240, grad norm: 0.4648
[iter 13220]loss: 3.0476, tokens/sec: 34155.42 ± 134.92, tokens seen: 3465543680, grad norm: 0.3258
[iter 13230]loss: 3.0153, tokens/sec: 34155.41 ± 134.87, tokens seen: 3468165120, grad norm: 0.4266
[iter 13240]loss: 3.1617, tokens/sec: 34155.40 ± 134.82, tokens seen: 3470786560, grad norm: 0.3204
[iter 13250]loss: 3.0535, tokens/sec: 34155.40 ± 134.77, tokens seen: 3473408000, grad norm: 0.3701
[iter 13260]loss: 3.0819, tokens/sec: 34155.40 ± 134.72, tokens seen: 3476029440, grad norm: 0.3380
[iter 13270]loss: 2.8672, tokens/sec: 34155.40 ± 134.67, tokens seen: 3478650880, grad norm: 0.4448
[iter 13280]loss: 2.9000, tokens/sec: 34155.39 ± 134.62, tokens seen: 3481272320, grad norm: 0.3036
[iter 13290]loss: 2.9064, tokens/sec: 34155.39 ± 134.57, tokens seen: 3483893760, grad norm: 0.3023
[iter 13300]loss: 3.1101, tokens/sec: 34155.39 ± 134.52, tokens seen: 3486515200, grad norm: 0.3042
[iter 13310]loss: 3.1109, tokens/sec: 34155.38 ± 134.47, tokens seen: 3489136640, grad norm: 0.3841
[iter 13320]loss: 3.0414, tokens/sec: 34155.38 ± 134.42, tokens seen: 3491758080, grad norm: 0.4271
[iter 13330]loss: 3.1821, tokens/sec: 34155.38 ± 134.37, tokens seen: 3494379520, grad norm: 0.3428
[iter 13340]loss: 2.9370, tokens/sec: 34155.37 ± 134.32, tokens seen: 3497000960, grad norm: 0.3551
[iter 13350]loss: 3.0766, tokens/sec: 34155.37 ± 134.27, tokens seen: 3499622400, grad norm: 0.2936
[iter 13360]loss: 3.0630, tokens/sec: 34155.37 ± 134.22, tokens seen: 3502243840, grad norm: 0.3635
[iter 13370]loss: 3.1238, tokens/sec: 34155.37 ± 134.17, tokens seen: 3504865280, grad norm: 0.3739
[iter 13380]loss: 3.1923, tokens/sec: 34155.36 ± 134.12, tokens seen: 3507486720, grad norm: 0.4367
[iter 13390]loss: 2.8814, tokens/sec: 34155.36 ± 134.07, tokens seen: 3510108160, grad norm: 0.4654
[iter 13400]loss: 3.1442, tokens/sec: 34155.35 ± 134.02, tokens seen: 3512729600, grad norm: 0.4237
[iter 13410]loss: 3.1189, tokens/sec: 34155.35 ± 133.97, tokens seen: 3515351040, grad norm: 0.3239
[iter 13420]loss: 3.0452, tokens/sec: 34155.34 ± 133.92, tokens seen: 3517972480, grad norm: 0.3594
[iter 13430]loss: 3.0593, tokens/sec: 34155.34 ± 133.87, tokens seen: 3520593920, grad norm: 0.3194
[iter 13440]loss: 3.0739, tokens/sec: 34155.33 ± 133.82, tokens seen: 3523215360, grad norm: 0.3479
[iter 13450]loss: 3.0942, tokens/sec: 34155.33 ± 133.77, tokens seen: 3525836800, grad norm: 0.3547
[iter 13460]loss: 3.1287, tokens/sec: 34155.33 ± 133.73, tokens seen: 3528458240, grad norm: 0.5401
[iter 13470]loss: 3.3460, tokens/sec: 34155.32 ± 133.68, tokens seen: 3531079680, grad norm: 0.3725
[iter 13480]loss: 2.6836, tokens/sec: 34155.32 ± 133.63, tokens seen: 3533701120, grad norm: 0.3420
[iter 13490]loss: 2.8254, tokens/sec: 34155.32 ± 133.58, tokens seen: 3536322560, grad norm: 0.3518
[step 13500]train loss: 3.0163, val loss: 3.0314, (avg train loss: 0.1894 ± 0.0077), (avg grad norm: 0.3724 ± 0.0543)
[iter 13500]loss: 2.9692, tokens/sec: 34155.33 ± 133.55, tokens seen: 3538944000, grad norm: 0.3412
[iter 13510]loss: 3.2095, tokens/sec: 34155.37 ± 133.51, tokens seen: 3541565440, grad norm: 0.3995
[iter 13520]loss: 3.1777, tokens/sec: 34155.37 ± 133.46, tokens seen: 3544186880, grad norm: 0.3420
[iter 13530]loss: 3.0540, tokens/sec: 34155.36 ± 133.41, tokens seen: 3546808320, grad norm: 0.5185
[iter 13540]loss: 2.9676, tokens/sec: 34155.36 ± 133.36, tokens seen: 3549429760, grad norm: 0.4069
[iter 13550]loss: 3.0336, tokens/sec: 34155.36 ± 133.31, tokens seen: 3552051200, grad norm: 0.3294
[iter 13560]loss: 3.1125, tokens/sec: 34155.36 ± 133.27, tokens seen: 3554672640, grad norm: 0.3814
[iter 13570]loss: 3.1725, tokens/sec: 34155.36 ± 133.22, tokens seen: 3557294080, grad norm: 0.3470
[iter 13580]loss: 2.9868, tokens/sec: 34155.35 ± 133.17, tokens seen: 3559915520, grad norm: 0.3421
[iter 13590]loss: 2.8488, tokens/sec: 34155.35 ± 133.12, tokens seen: 3562536960, grad norm: 0.4327
[iter 13600]loss: 3.0521, tokens/sec: 34155.35 ± 133.07, tokens seen: 3565158400, grad norm: 0.3493
[iter 13610]loss: 2.9983, tokens/sec: 34155.35 ± 133.02, tokens seen: 3567779840, grad norm: 0.3860
[iter 13620]loss: 2.9212, tokens/sec: 34155.34 ± 132.97, tokens seen: 3570401280, grad norm: 0.3499
[iter 13630]loss: 3.1506, tokens/sec: 34155.34 ± 132.93, tokens seen: 3573022720, grad norm: 0.3561
[iter 13640]loss: 3.0355, tokens/sec: 34155.34 ± 132.88, tokens seen: 3575644160, grad norm: 0.4078
[iter 13650]loss: 3.0830, tokens/sec: 34155.34 ± 132.83, tokens seen: 3578265600, grad norm: 0.3174
[iter 13660]loss: 3.0676, tokens/sec: 34155.34 ± 132.78, tokens seen: 3580887040, grad norm: 0.4463
[iter 13670]loss: 2.8848, tokens/sec: 34155.33 ± 132.73, tokens seen: 3583508480, grad norm: 0.3574
[iter 13680]loss: 3.1354, tokens/sec: 34155.33 ± 132.68, tokens seen: 3586129920, grad norm: 0.3572
[iter 13690]loss: 2.9265, tokens/sec: 34155.33 ± 132.64, tokens seen: 3588751360, grad norm: 0.4362
[iter 13700]loss: 2.9531, tokens/sec: 34155.33 ± 132.59, tokens seen: 3591372800, grad norm: 0.3573
[iter 13710]loss: 3.1870, tokens/sec: 34155.32 ± 132.54, tokens seen: 3593994240, grad norm: 0.3494
[iter 13720]loss: 3.0054, tokens/sec: 34155.32 ± 132.49, tokens seen: 3596615680, grad norm: 0.3861
[iter 13730]loss: 2.9818, tokens/sec: 34155.32 ± 132.44, tokens seen: 3599237120, grad norm: 0.3099
[iter 13740]loss: 2.9549, tokens/sec: 34155.32 ± 132.40, tokens seen: 3601858560, grad norm: 0.3026
[iter 13750]loss: 2.8992, tokens/sec: 34155.31 ± 132.35, tokens seen: 3604480000, grad norm: 0.3384
[iter 13760]loss: 3.1034, tokens/sec: 34155.31 ± 132.30, tokens seen: 3607101440, grad norm: 0.3330
[iter 13770]loss: 2.9097, tokens/sec: 34155.31 ± 132.25, tokens seen: 3609722880, grad norm: 0.4777
[iter 13780]loss: 2.8487, tokens/sec: 34155.31 ± 132.21, tokens seen: 3612344320, grad norm: 0.3714
[iter 13790]loss: 3.0021, tokens/sec: 34155.30 ± 132.16, tokens seen: 3614965760, grad norm: 0.3569
[iter 13800]loss: 3.0414, tokens/sec: 34155.30 ± 132.11, tokens seen: 3617587200, grad norm: 0.4197
[iter 13810]loss: 2.9930, tokens/sec: 34155.30 ± 132.06, tokens seen: 3620208640, grad norm: 0.4206
[iter 13820]loss: 2.8530, tokens/sec: 34155.30 ± 132.02, tokens seen: 3622830080, grad norm: 0.3913
[iter 13830]loss: 3.0012, tokens/sec: 34155.29 ± 131.97, tokens seen: 3625451520, grad norm: 0.3533
[iter 13840]loss: 2.8606, tokens/sec: 34155.29 ± 131.92, tokens seen: 3628072960, grad norm: 0.3647
[iter 13850]loss: 2.9723, tokens/sec: 34155.29 ± 131.87, tokens seen: 3630694400, grad norm: 0.3484
[iter 13860]loss: 3.1916, tokens/sec: 34155.29 ± 131.83, tokens seen: 3633315840, grad norm: 0.4766
[iter 13870]loss: 2.9452, tokens/sec: 34155.29 ± 131.78, tokens seen: 3635937280, grad norm: 0.3454
[iter 13880]loss: 3.0616, tokens/sec: 34155.29 ± 131.73, tokens seen: 3638558720, grad norm: 0.4023
[iter 13890]loss: 3.2241, tokens/sec: 34155.28 ± 131.69, tokens seen: 3641180160, grad norm: 0.3293
[iter 13900]loss: 3.0039, tokens/sec: 34155.28 ± 131.64, tokens seen: 3643801600, grad norm: 0.3933
[iter 13910]loss: 3.1208, tokens/sec: 34155.27 ± 131.59, tokens seen: 3646423040, grad norm: 0.4372
[iter 13920]loss: 3.1393, tokens/sec: 34155.27 ± 131.54, tokens seen: 3649044480, grad norm: 0.3279
[iter 13930]loss: 3.1224, tokens/sec: 34155.27 ± 131.50, tokens seen: 3651665920, grad norm: 0.3967
[iter 13940]loss: 3.0509, tokens/sec: 34155.26 ± 131.45, tokens seen: 3654287360, grad norm: 0.3564
[iter 13950]loss: 2.7734, tokens/sec: 34155.26 ± 131.40, tokens seen: 3656908800, grad norm: 0.4196
[iter 13960]loss: 3.1536, tokens/sec: 34155.26 ± 131.36, tokens seen: 3659530240, grad norm: 0.3608
[iter 13970]loss: 2.7853, tokens/sec: 34155.26 ± 131.31, tokens seen: 3662151680, grad norm: 0.2994
[iter 13980]loss: 3.0143, tokens/sec: 34155.25 ± 131.26, tokens seen: 3664773120, grad norm: 0.3427
[iter 13990]loss: 3.0244, tokens/sec: 34155.25 ± 131.22, tokens seen: 3667394560, grad norm: 0.3611
[step 14000]train loss: 3.0091, val loss: 3.0149, (avg train loss: 0.1887 ± 0.0081), (avg grad norm: 0.3614 ± 0.0480)
saving checkpoint to ./out-owt-large-mhc-lite-wsd-bs8-30000step
[iter 14000]loss: 3.2943, tokens/sec: 34155.26 ± 131.20, tokens seen: 3670016000, grad norm: 0.3281
[iter 14010]loss: 3.2760, tokens/sec: 34155.30 ± 131.16, tokens seen: 3672637440, grad norm: 0.3818
[iter 14020]loss: 3.0781, tokens/sec: 34155.30 ± 131.11, tokens seen: 3675258880, grad norm: 0.3445
[iter 14030]loss: 3.2450, tokens/sec: 34155.30 ± 131.07, tokens seen: 3677880320, grad norm: 0.2927
[iter 14040]loss: 3.0300, tokens/sec: 34155.29 ± 131.02, tokens seen: 3680501760, grad norm: 0.3652
[iter 14050]loss: 3.2092, tokens/sec: 34155.28 ± 130.98, tokens seen: 3683123200, grad norm: 0.3411
[iter 14060]loss: 2.9988, tokens/sec: 34155.28 ± 130.93, tokens seen: 3685744640, grad norm: 0.3353
[iter 14070]loss: 3.0727, tokens/sec: 34155.28 ± 130.88, tokens seen: 3688366080, grad norm: 0.3780
[iter 14080]loss: 3.1324, tokens/sec: 34155.28 ± 130.84, tokens seen: 3690987520, grad norm: 0.4474
[iter 14090]loss: 2.8464, tokens/sec: 34155.28 ± 130.79, tokens seen: 3693608960, grad norm: 0.3088
[iter 14100]loss: 2.8100, tokens/sec: 34155.27 ± 130.74, tokens seen: 3696230400, grad norm: 0.3581
[iter 14110]loss: 3.2160, tokens/sec: 34155.27 ± 130.70, tokens seen: 3698851840, grad norm: 0.3231
[iter 14120]loss: 2.8708, tokens/sec: 34155.27 ± 130.65, tokens seen: 3701473280, grad norm: 0.3419
[iter 14130]loss: 3.0625, tokens/sec: 34155.27 ± 130.61, tokens seen: 3704094720, grad norm: 0.3723
[iter 14140]loss: 2.7441, tokens/sec: 34155.26 ± 130.56, tokens seen: 3706716160, grad norm: 0.2986
[iter 14150]loss: 2.6617, tokens/sec: 34155.26 ± 130.52, tokens seen: 3709337600, grad norm: 0.3227
[iter 14160]loss: 3.0473, tokens/sec: 34155.26 ± 130.47, tokens seen: 3711959040, grad norm: 0.2903
[iter 14170]loss: 2.8229, tokens/sec: 34155.26 ± 130.42, tokens seen: 3714580480, grad norm: 0.3115
[iter 14180]loss: 3.0914, tokens/sec: 34155.25 ± 130.38, tokens seen: 3717201920, grad norm: 0.2944
[iter 14190]loss: 3.0913, tokens/sec: 34155.24 ± 130.33, tokens seen: 3719823360, grad norm: 0.4564
[iter 14200]loss: 2.9687, tokens/sec: 34155.24 ± 130.29, tokens seen: 3722444800, grad norm: 0.3122
[iter 14210]loss: 2.9910, tokens/sec: 34155.24 ± 130.24, tokens seen: 3725066240, grad norm: 0.3259
[iter 14220]loss: 3.1750, tokens/sec: 34155.23 ± 130.20, tokens seen: 3727687680, grad norm: 0.4240
[iter 14230]loss: 3.2355, tokens/sec: 34155.23 ± 130.15, tokens seen: 3730309120, grad norm: 0.3905
[iter 14240]loss: 3.2030, tokens/sec: 34155.23 ± 130.11, tokens seen: 3732930560, grad norm: 0.3699
[iter 14250]loss: 2.8951, tokens/sec: 34155.23 ± 130.06, tokens seen: 3735552000, grad norm: 0.3790
[iter 14260]loss: 3.0922, tokens/sec: 34155.22 ± 130.02, tokens seen: 3738173440, grad norm: 0.3583
[iter 14270]loss: 2.9811, tokens/sec: 34155.22 ± 129.97, tokens seen: 3740794880, grad norm: 0.2976
[iter 14280]loss: 3.0402, tokens/sec: 34155.22 ± 129.92, tokens seen: 3743416320, grad norm: 0.3558
[iter 14290]loss: 3.0114, tokens/sec: 34155.22 ± 129.88, tokens seen: 3746037760, grad norm: 0.3427
[iter 14300]loss: 3.2184, tokens/sec: 34155.22 ± 129.83, tokens seen: 3748659200, grad norm: 0.3202
[iter 14310]loss: 3.2259, tokens/sec: 34155.22 ± 129.79, tokens seen: 3751280640, grad norm: 0.3794
[iter 14320]loss: 3.0381, tokens/sec: 34155.22 ± 129.74, tokens seen: 3753902080, grad norm: 0.3195
[iter 14330]loss: 3.0330, tokens/sec: 34155.22 ± 129.70, tokens seen: 3756523520, grad norm: 0.3131
[iter 14340]loss: 2.8738, tokens/sec: 34155.22 ± 129.65, tokens seen: 3759144960, grad norm: 0.3585
[iter 14350]loss: 2.9633, tokens/sec: 34155.22 ± 129.61, tokens seen: 3761766400, grad norm: 0.3960
[iter 14360]loss: 3.2257, tokens/sec: 34155.21 ± 129.56, tokens seen: 3764387840, grad norm: 0.5075
[iter 14370]loss: 2.8332, tokens/sec: 34155.22 ± 129.52, tokens seen: 3767009280, grad norm: 0.3316
[iter 14380]loss: 2.7785, tokens/sec: 34155.22 ± 129.48, tokens seen: 3769630720, grad norm: 0.3672
[iter 14390]loss: 3.0010, tokens/sec: 34155.21 ± 129.43, tokens seen: 3772252160, grad norm: 0.3211
[iter 14400]loss: 2.9969, tokens/sec: 34155.21 ± 129.39, tokens seen: 3774873600, grad norm: 0.3263
[iter 14410]loss: 2.9196, tokens/sec: 34155.21 ± 129.34, tokens seen: 3777495040, grad norm: 0.2944
[iter 14420]loss: 2.9379, tokens/sec: 34155.21 ± 129.30, tokens seen: 3780116480, grad norm: 0.4673
[iter 14430]loss: 3.0127, tokens/sec: 34155.21 ± 129.25, tokens seen: 3782737920, grad norm: 0.3997
[iter 14440]loss: 2.7487, tokens/sec: 34155.21 ± 129.21, tokens seen: 3785359360, grad norm: 0.3716
[iter 14450]loss: 2.9955, tokens/sec: 34155.22 ± 129.16, tokens seen: 3787980800, grad norm: 0.3863
[iter 14460]loss: 3.0290, tokens/sec: 34155.21 ± 129.12, tokens seen: 3790602240, grad norm: 0.3783
[iter 14470]loss: 3.0723, tokens/sec: 34155.21 ± 129.07, tokens seen: 3793223680, grad norm: 0.4456
[iter 14480]loss: 2.9232, tokens/sec: 34155.21 ± 129.03, tokens seen: 3795845120, grad norm: 0.3583
[iter 14490]loss: 2.7325, tokens/sec: 34155.21 ± 128.99, tokens seen: 3798466560, grad norm: 0.3437
[step 14500]train loss: 3.0203, val loss: 3.0283, (avg train loss: 0.1876 ± 0.0088), (avg grad norm: 0.3680 ± 0.0500)
[iter 14500]loss: 3.1480, tokens/sec: 34155.22 ± 128.96, tokens seen: 3801088000, grad norm: 0.3343
[iter 14510]loss: 3.0897, tokens/sec: 34155.26 ± 128.93, tokens seen: 3803709440, grad norm: 0.3476
[iter 14520]loss: 2.9015, tokens/sec: 34155.26 ± 128.88, tokens seen: 3806330880, grad norm: 0.3828
[iter 14530]loss: 3.0691, tokens/sec: 34155.26 ± 128.84, tokens seen: 3808952320, grad norm: 0.3224
[iter 14540]loss: 3.0254, tokens/sec: 34155.25 ± 128.80, tokens seen: 3811573760, grad norm: 0.3082
[iter 14550]loss: 2.9530, tokens/sec: 34155.25 ± 128.75, tokens seen: 3814195200, grad norm: 0.3899
[iter 14560]loss: 2.9262, tokens/sec: 34155.25 ± 128.71, tokens seen: 3816816640, grad norm: 0.3955
[iter 14570]loss: 2.9667, tokens/sec: 34155.25 ± 128.66, tokens seen: 3819438080, grad norm: 0.3997
[iter 14580]loss: 2.9906, tokens/sec: 34155.25 ± 128.62, tokens seen: 3822059520, grad norm: 0.4003
[iter 14590]loss: 3.0039, tokens/sec: 34155.25 ± 128.58, tokens seen: 3824680960, grad norm: 0.3953
[iter 14600]loss: 2.8056, tokens/sec: 34155.25 ± 128.53, tokens seen: 3827302400, grad norm: 0.3057
[iter 14610]loss: 2.9292, tokens/sec: 34155.25 ± 128.49, tokens seen: 3829923840, grad norm: 0.3214
[iter 14620]loss: 2.9607, tokens/sec: 34155.25 ± 128.45, tokens seen: 3832545280, grad norm: 0.3973
[iter 14630]loss: 3.1104, tokens/sec: 34155.24 ± 128.40, tokens seen: 3835166720, grad norm: 0.3575
[iter 14640]loss: 2.9876, tokens/sec: 34155.24 ± 128.36, tokens seen: 3837788160, grad norm: 0.3582
[iter 14650]loss: 2.9699, tokens/sec: 34155.24 ± 128.31, tokens seen: 3840409600, grad norm: 0.3448
[iter 14660]loss: 3.0227, tokens/sec: 34155.24 ± 128.27, tokens seen: 3843031040, grad norm: 0.3280
[iter 14670]loss: 2.9386, tokens/sec: 34155.24 ± 128.23, tokens seen: 3845652480, grad norm: 0.3421
[iter 14680]loss: 2.9367, tokens/sec: 34155.23 ± 128.18, tokens seen: 3848273920, grad norm: 0.3424
[iter 14690]loss: 3.0174, tokens/sec: 34155.24 ± 128.14, tokens seen: 3850895360, grad norm: 0.4003
[iter 14700]loss: 3.0259, tokens/sec: 34155.24 ± 128.10, tokens seen: 3853516800, grad norm: 0.3650
[iter 14710]loss: 3.0153, tokens/sec: 34155.24 ± 128.06, tokens seen: 3856138240, grad norm: 0.3317
[iter 14720]loss: 3.0017, tokens/sec: 34155.23 ± 128.01, tokens seen: 3858759680, grad norm: 0.3317
[iter 14730]loss: 3.0686, tokens/sec: 34155.24 ± 127.97, tokens seen: 3861381120, grad norm: 0.3568
[iter 14740]loss: 2.9429, tokens/sec: 34155.24 ± 127.93, tokens seen: 3864002560, grad norm: 0.3321
[iter 14750]loss: 3.0629, tokens/sec: 34155.23 ± 127.88, tokens seen: 3866624000, grad norm: 0.3647
[iter 14760]loss: 2.9810, tokens/sec: 34155.23 ± 127.84, tokens seen: 3869245440, grad norm: 0.4122
[iter 14770]loss: 3.0028, tokens/sec: 34155.23 ± 127.80, tokens seen: 3871866880, grad norm: 0.3837
[iter 14780]loss: 3.0864, tokens/sec: 34155.23 ± 127.75, tokens seen: 3874488320, grad norm: 0.3846
[iter 14790]loss: 3.2856, tokens/sec: 34155.23 ± 127.71, tokens seen: 3877109760, grad norm: 0.4282
[iter 14800]loss: 3.0511, tokens/sec: 34155.23 ± 127.67, tokens seen: 3879731200, grad norm: 0.2952
[iter 14810]loss: 2.9747, tokens/sec: 34155.23 ± 127.63, tokens seen: 3882352640, grad norm: 0.3622
[iter 14820]loss: 3.0372, tokens/sec: 34155.23 ± 127.58, tokens seen: 3884974080, grad norm: 0.3571
[iter 14830]loss: 3.1691, tokens/sec: 34155.22 ± 127.54, tokens seen: 3887595520, grad norm: 0.3410
[iter 14840]loss: 3.0480, tokens/sec: 34155.22 ± 127.50, tokens seen: 3890216960, grad norm: 0.2867
[iter 14850]loss: 2.8689, tokens/sec: 34155.22 ± 127.46, tokens seen: 3892838400, grad norm: 0.4245
[iter 14860]loss: 3.0465, tokens/sec: 34155.22 ± 127.41, tokens seen: 3895459840, grad norm: 0.3692
[iter 14870]loss: 2.9597, tokens/sec: 34155.22 ± 127.37, tokens seen: 3898081280, grad norm: 0.3734
[iter 14880]loss: 3.3146, tokens/sec: 34155.22 ± 127.33, tokens seen: 3900702720, grad norm: 0.3201
[iter 14890]loss: 3.0457, tokens/sec: 34155.22 ± 127.29, tokens seen: 3903324160, grad norm: 0.2924
[iter 14900]loss: 2.9893, tokens/sec: 34155.22 ± 127.24, tokens seen: 3905945600, grad norm: 0.3167
[iter 14910]loss: 2.9695, tokens/sec: 34155.22 ± 127.20, tokens seen: 3908567040, grad norm: 0.2961
[iter 14920]loss: 3.0220, tokens/sec: 34155.22 ± 127.16, tokens seen: 3911188480, grad norm: 0.4047
[iter 14930]loss: 2.9960, tokens/sec: 34155.22 ± 127.12, tokens seen: 3913809920, grad norm: 0.4329
[iter 14940]loss: 3.0238, tokens/sec: 34155.22 ± 127.07, tokens seen: 3916431360, grad norm: 0.3804
[iter 14950]loss: 3.0178, tokens/sec: 34155.22 ± 127.03, tokens seen: 3919052800, grad norm: 0.3355
[iter 14960]loss: 2.8787, tokens/sec: 34155.23 ± 126.99, tokens seen: 3921674240, grad norm: 0.3712
[iter 14970]loss: 2.9990, tokens/sec: 34155.23 ± 126.95, tokens seen: 3924295680, grad norm: 0.3828
[iter 14980]loss: 2.8906, tokens/sec: 34155.23 ± 126.90, tokens seen: 3926917120, grad norm: 0.3675
[iter 14990]loss: 3.0143, tokens/sec: 34155.23 ± 126.86, tokens seen: 3929538560, grad norm: 0.3040
[step 15000]train loss: 3.0137, val loss: 3.0147, (avg train loss: 0.1871 ± 0.0091), (avg grad norm: 0.3580 ± 0.0419)
saving checkpoint to ./out-owt-large-mhc-lite-wsd-bs8-30000step
[iter 15000]loss: 3.0907, tokens/sec: 34155.25 ± 126.85, tokens seen: 3932160000, grad norm: 0.3347
[iter 15010]loss: 2.7965, tokens/sec: 34155.29 ± 126.81, tokens seen: 3934781440, grad norm: 0.4155
[iter 15020]loss: 3.0711, tokens/sec: 34155.29 ± 126.77, tokens seen: 3937402880, grad norm: 0.4329
[iter 15030]loss: 3.2172, tokens/sec: 34155.29 ± 126.73, tokens seen: 3940024320, grad norm: 0.3228
[iter 15040]loss: 2.9679, tokens/sec: 34155.29 ± 126.69, tokens seen: 3942645760, grad norm: 0.3289
[iter 15050]loss: 2.9398, tokens/sec: 34155.29 ± 126.65, tokens seen: 3945267200, grad norm: 0.3731
[iter 15060]loss: 2.9192, tokens/sec: 34155.29 ± 126.60, tokens seen: 3947888640, grad norm: 0.4077
[iter 15070]loss: 3.1872, tokens/sec: 34155.30 ± 126.56, tokens seen: 3950510080, grad norm: 0.3147
[iter 15080]loss: 2.9437, tokens/sec: 34155.30 ± 126.52, tokens seen: 3953131520, grad norm: 0.3211
[iter 15090]loss: 2.9777, tokens/sec: 34155.30 ± 126.48, tokens seen: 3955752960, grad norm: 0.4051
[iter 15100]loss: 2.8995, tokens/sec: 34155.30 ± 126.44, tokens seen: 3958374400, grad norm: 0.4091
[iter 15110]loss: 3.1432, tokens/sec: 34155.30 ± 126.40, tokens seen: 3960995840, grad norm: 0.3518
[iter 15120]loss: 2.6590, tokens/sec: 34155.30 ± 126.35, tokens seen: 3963617280, grad norm: 0.3578
[iter 15130]loss: 2.6492, tokens/sec: 34155.30 ± 126.31, tokens seen: 3966238720, grad norm: 0.3853
[iter 15140]loss: 2.7137, tokens/sec: 34155.30 ± 126.27, tokens seen: 3968860160, grad norm: 0.4522
[iter 15150]loss: 2.9994, tokens/sec: 34155.30 ± 126.23, tokens seen: 3971481600, grad norm: 0.3506
[iter 15160]loss: 2.9939, tokens/sec: 34155.30 ± 126.19, tokens seen: 3974103040, grad norm: 0.2822
[iter 15170]loss: 3.0460, tokens/sec: 34155.30 ± 126.15, tokens seen: 3976724480, grad norm: 0.4655
[iter 15180]loss: 2.9761, tokens/sec: 34155.30 ± 126.11, tokens seen: 3979345920, grad norm: 0.3096
[iter 15190]loss: 2.8521, tokens/sec: 34155.30 ± 126.06, tokens seen: 3981967360, grad norm: 0.3396
[iter 15200]loss: 3.0848, tokens/sec: 34155.30 ± 126.02, tokens seen: 3984588800, grad norm: 0.3057
[iter 15210]loss: 3.0479, tokens/sec: 34155.31 ± 125.98, tokens seen: 3987210240, grad norm: 0.3956
[iter 15220]loss: 2.9044, tokens/sec: 34155.31 ± 125.94, tokens seen: 3989831680, grad norm: 0.3611
[iter 15230]loss: 2.8503, tokens/sec: 34155.31 ± 125.90, tokens seen: 3992453120, grad norm: 0.3198
[iter 15240]loss: 2.9285, tokens/sec: 34155.31 ± 125.86, tokens seen: 3995074560, grad norm: 0.3317
[iter 15250]loss: 2.8934, tokens/sec: 34155.31 ± 125.82, tokens seen: 3997696000, grad norm: 0.3504
[iter 15260]loss: 2.9951, tokens/sec: 34155.31 ± 125.78, tokens seen: 4000317440, grad norm: 0.4236
[iter 15270]loss: 2.9685, tokens/sec: 34155.32 ± 125.74, tokens seen: 4002938880, grad norm: 0.3211
[iter 15280]loss: 2.8729, tokens/sec: 34155.32 ± 125.70, tokens seen: 4005560320, grad norm: 0.3645
[iter 15290]loss: 3.0480, tokens/sec: 34155.32 ± 125.65, tokens seen: 4008181760, grad norm: 0.3509
[iter 15300]loss: 3.1041, tokens/sec: 34155.32 ± 125.61, tokens seen: 4010803200, grad norm: 0.3492
[iter 15310]loss: 3.1012, tokens/sec: 34155.32 ± 125.57, tokens seen: 4013424640, grad norm: 0.3723
[iter 15320]loss: 3.0364, tokens/sec: 34155.32 ± 125.53, tokens seen: 4016046080, grad norm: 0.3545
[iter 15330]loss: 3.1007, tokens/sec: 34155.32 ± 125.49, tokens seen: 4018667520, grad norm: 0.3664
[iter 15340]loss: 3.0531, tokens/sec: 34155.32 ± 125.45, tokens seen: 4021288960, grad norm: 0.3211
[iter 15350]loss: 2.9444, tokens/sec: 34155.33 ± 125.41, tokens seen: 4023910400, grad norm: 0.3523
[iter 15360]loss: 2.8603, tokens/sec: 34155.33 ± 125.37, tokens seen: 4026531840, grad norm: 0.3505
[iter 15370]loss: 2.9474, tokens/sec: 34155.33 ± 125.33, tokens seen: 4029153280, grad norm: 0.4176
[iter 15380]loss: 3.1449, tokens/sec: 34155.33 ± 125.29, tokens seen: 4031774720, grad norm: 0.3280
[iter 15390]loss: 3.1979, tokens/sec: 34155.33 ± 125.25, tokens seen: 4034396160, grad norm: 0.3660
[iter 15400]loss: 3.0246, tokens/sec: 34155.33 ± 125.21, tokens seen: 4037017600, grad norm: 0.3149
[iter 15410]loss: 2.9240, tokens/sec: 34155.34 ± 125.17, tokens seen: 4039639040, grad norm: 0.3215
[iter 15420]loss: 2.7586, tokens/sec: 34155.33 ± 125.13, tokens seen: 4042260480, grad norm: 0.4047
[iter 15430]loss: 3.0330, tokens/sec: 34155.34 ± 125.09, tokens seen: 4044881920, grad norm: 0.3426
[iter 15440]loss: 3.1443, tokens/sec: 34155.34 ± 125.05, tokens seen: 4047503360, grad norm: 0.3251
[iter 15450]loss: 2.9489, tokens/sec: 34155.34 ± 125.01, tokens seen: 4050124800, grad norm: 0.3090
[iter 15460]loss: 3.1502, tokens/sec: 34155.34 ± 124.97, tokens seen: 4052746240, grad norm: 0.3613
[iter 15470]loss: 3.0978, tokens/sec: 34155.34 ± 124.93, tokens seen: 4055367680, grad norm: 0.4187
[iter 15480]loss: 2.9803, tokens/sec: 34155.33 ± 124.89, tokens seen: 4057989120, grad norm: 0.3083
[iter 15490]loss: 3.0084, tokens/sec: 34155.34 ± 124.85, tokens seen: 4060610560, grad norm: 0.3897
[step 15500]train loss: 2.9954, val loss: 3.0112, (avg train loss: 0.1869 ± 0.0091), (avg grad norm: 0.3609 ± 0.0443)
saving checkpoint to ./out-owt-large-mhc-lite-wsd-bs8-30000step
[iter 15500]loss: 2.9682, tokens/sec: 34155.36 ± 124.83, tokens seen: 4063232000, grad norm: 0.4360
[iter 15510]loss: 2.9276, tokens/sec: 34155.39 ± 124.80, tokens seen: 4065853440, grad norm: 0.3048
[iter 15520]loss: 3.0376, tokens/sec: 34155.40 ± 124.76, tokens seen: 4068474880, grad norm: 0.2781
[iter 15530]loss: 3.0436, tokens/sec: 34155.39 ± 124.72, tokens seen: 4071096320, grad norm: 0.3079
[iter 15540]loss: 2.8882, tokens/sec: 34155.38 ± 124.68, tokens seen: 4073717760, grad norm: 0.3387
[iter 15550]loss: 2.9272, tokens/sec: 34155.38 ± 124.64, tokens seen: 4076339200, grad norm: 0.3289
[iter 15560]loss: 3.0900, tokens/sec: 34155.38 ± 124.60, tokens seen: 4078960640, grad norm: 0.3887
[iter 15570]loss: 3.1009, tokens/sec: 34155.38 ± 124.56, tokens seen: 4081582080, grad norm: 0.3198
[iter 15580]loss: 3.2435, tokens/sec: 34155.38 ± 124.52, tokens seen: 4084203520, grad norm: 0.3262
[iter 15590]loss: 3.1097, tokens/sec: 34155.38 ± 124.48, tokens seen: 4086824960, grad norm: 0.2873
[iter 15600]loss: 2.9495, tokens/sec: 34155.38 ± 124.44, tokens seen: 4089446400, grad norm: 0.3588
[iter 15610]loss: 3.1528, tokens/sec: 34155.38 ± 124.40, tokens seen: 4092067840, grad norm: 0.3522
[iter 15620]loss: 2.6050, tokens/sec: 34155.38 ± 124.36, tokens seen: 4094689280, grad norm: 0.4334
[iter 15630]loss: 2.9506, tokens/sec: 34155.38 ± 124.32, tokens seen: 4097310720, grad norm: 0.3343
[iter 15640]loss: 3.0691, tokens/sec: 34155.38 ± 124.28, tokens seen: 4099932160, grad norm: 0.3803
[iter 15650]loss: 2.8906, tokens/sec: 34155.38 ± 124.24, tokens seen: 4102553600, grad norm: 0.4055
[iter 15660]loss: 2.7623, tokens/sec: 34155.38 ± 124.21, tokens seen: 4105175040, grad norm: 0.3361
[iter 15670]loss: 2.7531, tokens/sec: 34155.39 ± 124.17, tokens seen: 4107796480, grad norm: 0.3855
[iter 15680]loss: 2.9376, tokens/sec: 34155.38 ± 124.13, tokens seen: 4110417920, grad norm: 0.5580
[iter 15690]loss: 2.9014, tokens/sec: 34155.38 ± 124.09, tokens seen: 4113039360, grad norm: 0.4371
[iter 15700]loss: 2.5932, tokens/sec: 34155.39 ± 124.05, tokens seen: 4115660800, grad norm: 0.3774
[iter 15710]loss: 2.9185, tokens/sec: 34155.38 ± 124.01, tokens seen: 4118282240, grad norm: 0.4089
[iter 15720]loss: 3.0070, tokens/sec: 34155.39 ± 123.97, tokens seen: 4120903680, grad norm: 0.3417
[iter 15730]loss: 3.2675, tokens/sec: 34155.39 ± 123.93, tokens seen: 4123525120, grad norm: 0.3414
[iter 15740]loss: 3.0934, tokens/sec: 34155.39 ± 123.89, tokens seen: 4126146560, grad norm: 0.3738
[iter 15750]loss: 3.0223, tokens/sec: 34155.39 ± 123.85, tokens seen: 4128768000, grad norm: 0.4086
[iter 15760]loss: 2.9790, tokens/sec: 34155.38 ± 123.81, tokens seen: 4131389440, grad norm: 0.3709
[iter 15770]loss: 2.8141, tokens/sec: 34155.39 ± 123.77, tokens seen: 4134010880, grad norm: 0.2689
[iter 15780]loss: 2.9089, tokens/sec: 34155.39 ± 123.74, tokens seen: 4136632320, grad norm: 0.3791
[iter 15790]loss: 2.7869, tokens/sec: 34155.39 ± 123.70, tokens seen: 4139253760, grad norm: 0.3722
[iter 15800]loss: 3.1688, tokens/sec: 34155.39 ± 123.66, tokens seen: 4141875200, grad norm: 0.3142
[iter 15810]loss: 3.0413, tokens/sec: 34155.39 ± 123.62, tokens seen: 4144496640, grad norm: 0.3015
[iter 15820]loss: 3.1073, tokens/sec: 34155.39 ± 123.58, tokens seen: 4147118080, grad norm: 0.3958
[iter 15830]loss: 2.9709, tokens/sec: 34155.39 ± 123.54, tokens seen: 4149739520, grad norm: 0.3882
[iter 15840]loss: 2.8273, tokens/sec: 34155.39 ± 123.50, tokens seen: 4152360960, grad norm: 0.3759
[iter 15850]loss: 3.0475, tokens/sec: 34155.39 ± 123.46, tokens seen: 4154982400, grad norm: 0.2959
[iter 15860]loss: 3.0811, tokens/sec: 34155.39 ± 123.43, tokens seen: 4157603840, grad norm: 0.3371
[iter 15870]loss: 2.8316, tokens/sec: 34155.39 ± 123.39, tokens seen: 4160225280, grad norm: 0.4165
[iter 15880]loss: 3.0167, tokens/sec: 34155.39 ± 123.35, tokens seen: 4162846720, grad norm: 0.3364
[iter 15890]loss: 3.0831, tokens/sec: 34155.39 ± 123.31, tokens seen: 4165468160, grad norm: 0.2968
[iter 15900]loss: 2.9527, tokens/sec: 34155.39 ± 123.27, tokens seen: 4168089600, grad norm: 0.3576
[iter 15910]loss: 3.1287, tokens/sec: 34155.39 ± 123.23, tokens seen: 4170711040, grad norm: 0.3399
[iter 15920]loss: 3.2371, tokens/sec: 34155.39 ± 123.19, tokens seen: 4173332480, grad norm: 0.3574
[iter 15930]loss: 2.9723, tokens/sec: 34155.39 ± 123.16, tokens seen: 4175953920, grad norm: 0.3242
[iter 15940]loss: 2.8985, tokens/sec: 34155.39 ± 123.12, tokens seen: 4178575360, grad norm: 0.3581
[iter 15950]loss: 3.1154, tokens/sec: 34155.40 ± 123.08, tokens seen: 4181196800, grad norm: 0.3614
[iter 15960]loss: 3.0336, tokens/sec: 34155.40 ± 123.04, tokens seen: 4183818240, grad norm: 0.3717
[iter 15970]loss: 2.9086, tokens/sec: 34155.40 ± 123.00, tokens seen: 4186439680, grad norm: 0.3366
[iter 15980]loss: 2.7951, tokens/sec: 34155.40 ± 122.96, tokens seen: 4189061120, grad norm: 0.2912
[iter 15990]loss: 2.9738, tokens/sec: 34155.40 ± 122.93, tokens seen: 4191682560, grad norm: 0.4363
[step 16000]train loss: 2.9810, val loss: 3.0124, (avg train loss: 0.1880 ± 0.0078), (avg grad norm: 0.3603 ± 0.0446)
[iter 16000]loss: 3.0054, tokens/sec: 34155.42 ± 122.91, tokens seen: 4194304000, grad norm: 0.3256
[iter 16010]loss: 3.1630, tokens/sec: 34155.45 ± 122.88, tokens seen: 4196925440, grad norm: 0.3162
[iter 16020]loss: 3.1945, tokens/sec: 34155.46 ± 122.84, tokens seen: 4199546880, grad norm: 0.3571
[iter 16030]loss: 3.1079, tokens/sec: 34155.45 ± 122.80, tokens seen: 4202168320, grad norm: 0.3134
[iter 16040]loss: 3.0581, tokens/sec: 34155.45 ± 122.77, tokens seen: 4204789760, grad norm: 0.3372
[iter 16050]loss: 2.9237, tokens/sec: 34155.45 ± 122.73, tokens seen: 4207411200, grad norm: 0.3244
[iter 16060]loss: 3.1979, tokens/sec: 34155.45 ± 122.69, tokens seen: 4210032640, grad norm: 0.4216
[iter 16070]loss: 2.8614, tokens/sec: 34155.45 ± 122.65, tokens seen: 4212654080, grad norm: 0.3902
[iter 16080]loss: 3.1540, tokens/sec: 34155.45 ± 122.61, tokens seen: 4215275520, grad norm: 0.3509
[iter 16090]loss: 2.7075, tokens/sec: 34155.46 ± 122.58, tokens seen: 4217896960, grad norm: 0.3480
[iter 16100]loss: 3.0547, tokens/sec: 34155.46 ± 122.54, tokens seen: 4220518400, grad norm: 0.2963
[iter 16110]loss: 3.0348, tokens/sec: 34155.46 ± 122.50, tokens seen: 4223139840, grad norm: 0.3260
[iter 16120]loss: 3.0843, tokens/sec: 34155.46 ± 122.46, tokens seen: 4225761280, grad norm: 0.3537
[iter 16130]loss: 3.0664, tokens/sec: 34155.46 ± 122.42, tokens seen: 4228382720, grad norm: 0.3597
[iter 16140]loss: 3.1348, tokens/sec: 34155.46 ± 122.39, tokens seen: 4231004160, grad norm: 0.2828
[iter 16150]loss: 2.8918, tokens/sec: 34155.46 ± 122.35, tokens seen: 4233625600, grad norm: 0.3519
[iter 16160]loss: 2.9648, tokens/sec: 34155.46 ± 122.31, tokens seen: 4236247040, grad norm: 0.3542
[iter 16170]loss: 3.1454, tokens/sec: 34155.46 ± 122.27, tokens seen: 4238868480, grad norm: 0.3012
[iter 16180]loss: 3.0855, tokens/sec: 34155.46 ± 122.24, tokens seen: 4241489920, grad norm: 0.4419
[iter 16190]loss: 3.0725, tokens/sec: 34155.46 ± 122.20, tokens seen: 4244111360, grad norm: 0.3824
[iter 16200]loss: 2.8958, tokens/sec: 34155.46 ± 122.16, tokens seen: 4246732800, grad norm: 0.3208
[iter 16210]loss: 3.0723, tokens/sec: 34155.46 ± 122.12, tokens seen: 4249354240, grad norm: 0.3652
[iter 16220]loss: 2.8134, tokens/sec: 34155.46 ± 122.09, tokens seen: 4251975680, grad norm: 0.3267
[iter 16230]loss: 3.1328, tokens/sec: 34155.46 ± 122.05, tokens seen: 4254597120, grad norm: 0.3494
[iter 16240]loss: 2.9860, tokens/sec: 34155.46 ± 122.01, tokens seen: 4257218560, grad norm: 0.3313
[iter 16250]loss: 3.0812, tokens/sec: 34155.46 ± 121.98, tokens seen: 4259840000, grad norm: 0.3596
[iter 16260]loss: 3.1032, tokens/sec: 34155.46 ± 121.94, tokens seen: 4262461440, grad norm: 0.3855
[iter 16270]loss: 3.0163, tokens/sec: 34155.46 ± 121.90, tokens seen: 4265082880, grad norm: 0.3003
[iter 16280]loss: 3.0288, tokens/sec: 34155.46 ± 121.86, tokens seen: 4267704320, grad norm: 0.3288
[iter 16290]loss: 2.8887, tokens/sec: 34155.47 ± 121.83, tokens seen: 4270325760, grad norm: 0.3616
[iter 16300]loss: 3.1933, tokens/sec: 34155.47 ± 121.79, tokens seen: 4272947200, grad norm: 0.3462
[iter 16310]loss: 3.0252, tokens/sec: 34155.47 ± 121.75, tokens seen: 4275568640, grad norm: 0.4035
[iter 16320]loss: 3.0612, tokens/sec: 34155.47 ± 121.72, tokens seen: 4278190080, grad norm: 0.3635
[iter 16330]loss: 2.9036, tokens/sec: 34155.47 ± 121.68, tokens seen: 4280811520, grad norm: 0.4199
[iter 16340]loss: 2.9670, tokens/sec: 34155.47 ± 121.64, tokens seen: 4283432960, grad norm: 0.5145
[iter 16350]loss: 2.9554, tokens/sec: 34155.47 ± 121.60, tokens seen: 4286054400, grad norm: 0.3809
[iter 16360]loss: 2.9551, tokens/sec: 34155.47 ± 121.57, tokens seen: 4288675840, grad norm: 0.4366
[iter 16370]loss: 3.0052, tokens/sec: 34155.47 ± 121.53, tokens seen: 4291297280, grad norm: 0.3969
[iter 16380]loss: 2.9498, tokens/sec: 34155.47 ± 121.49, tokens seen: 4293918720, grad norm: 0.3293
[iter 16390]loss: 3.1238, tokens/sec: 34155.48 ± 121.46, tokens seen: 4296540160, grad norm: 0.3219
[iter 16400]loss: 3.3248, tokens/sec: 34155.48 ± 121.42, tokens seen: 4299161600, grad norm: 0.3340
[iter 16410]loss: 3.1446, tokens/sec: 34155.48 ± 121.38, tokens seen: 4301783040, grad norm: 0.3308
[iter 16420]loss: 2.9477, tokens/sec: 34155.48 ± 121.35, tokens seen: 4304404480, grad norm: 0.3921
[iter 16430]loss: 2.9528, tokens/sec: 34155.48 ± 121.31, tokens seen: 4307025920, grad norm: 0.3053
[iter 16440]loss: 3.0575, tokens/sec: 34155.49 ± 121.27, tokens seen: 4309647360, grad norm: 0.4738
[iter 16450]loss: 3.1086, tokens/sec: 34155.49 ± 121.24, tokens seen: 4312268800, grad norm: 0.3529
[iter 16460]loss: 3.1617, tokens/sec: 34155.49 ± 121.20, tokens seen: 4314890240, grad norm: 0.3667
[iter 16470]loss: 3.0706, tokens/sec: 34155.49 ± 121.16, tokens seen: 4317511680, grad norm: 0.3859
[iter 16480]loss: 2.8980, tokens/sec: 34155.49 ± 121.13, tokens seen: 4320133120, grad norm: 0.3917
[iter 16490]loss: 2.6752, tokens/sec: 34155.49 ± 121.09, tokens seen: 4322754560, grad norm: 0.3436
[step 16500]train loss: 2.9773, val loss: 3.0042, (avg train loss: 0.1867 ± 0.0087), (avg grad norm: 0.3699 ± 0.0547)
saving checkpoint to ./out-owt-large-mhc-lite-wsd-bs8-30000step
[iter 16500]loss: 2.8441, tokens/sec: 34155.52 ± 121.08, tokens seen: 4325376000, grad norm: 0.3001
[iter 16510]loss: 2.9008, tokens/sec: 34155.55 ± 121.05, tokens seen: 4327997440, grad norm: 0.3143
[iter 16520]loss: 2.9087, tokens/sec: 34155.56 ± 121.02, tokens seen: 4330618880, grad norm: 0.4598
[iter 16530]loss: 3.0032, tokens/sec: 34155.55 ± 120.98, tokens seen: 4333240320, grad norm: 0.3377
[iter 16540]loss: 3.0603, tokens/sec: 34155.55 ± 120.94, tokens seen: 4335861760, grad norm: 0.3676
[iter 16550]loss: 3.2286, tokens/sec: 34155.55 ± 120.91, tokens seen: 4338483200, grad norm: 0.3610
[iter 16560]loss: 3.0230, tokens/sec: 34155.55 ± 120.87, tokens seen: 4341104640, grad norm: 0.3654
[iter 16570]loss: 2.8587, tokens/sec: 34155.55 ± 120.83, tokens seen: 4343726080, grad norm: 0.4143
[iter 16580]loss: 3.1846, tokens/sec: 34155.55 ± 120.80, tokens seen: 4346347520, grad norm: 0.3077
[iter 16590]loss: 2.8631, tokens/sec: 34155.55 ± 120.76, tokens seen: 4348968960, grad norm: 0.3097
[iter 16600]loss: 2.9544, tokens/sec: 34155.55 ± 120.73, tokens seen: 4351590400, grad norm: 0.3151
[iter 16610]loss: 2.9277, tokens/sec: 34155.55 ± 120.69, tokens seen: 4354211840, grad norm: 0.3459
[iter 16620]loss: 2.9506, tokens/sec: 34155.55 ± 120.65, tokens seen: 4356833280, grad norm: 0.3893
[iter 16630]loss: 3.3155, tokens/sec: 34155.55 ± 120.62, tokens seen: 4359454720, grad norm: 0.3567
[iter 16640]loss: 2.9306, tokens/sec: 34155.55 ± 120.58, tokens seen: 4362076160, grad norm: 0.4303
[iter 16650]loss: 2.8764, tokens/sec: 34155.55 ± 120.55, tokens seen: 4364697600, grad norm: 0.3786
[iter 16660]loss: 3.0032, tokens/sec: 34155.55 ± 120.51, tokens seen: 4367319040, grad norm: 0.3227
[iter 16670]loss: 2.9802, tokens/sec: 34155.56 ± 120.47, tokens seen: 4369940480, grad norm: 0.3357
[iter 16680]loss: 3.1824, tokens/sec: 34155.56 ± 120.44, tokens seen: 4372561920, grad norm: 0.3643
[iter 16690]loss: 2.9232, tokens/sec: 34155.56 ± 120.40, tokens seen: 4375183360, grad norm: 0.3161
[iter 16700]loss: 2.9111, tokens/sec: 34155.56 ± 120.37, tokens seen: 4377804800, grad norm: 0.3233
[iter 16710]loss: 2.7940, tokens/sec: 34155.56 ± 120.33, tokens seen: 4380426240, grad norm: 0.3712
[iter 16720]loss: 2.8666, tokens/sec: 34155.56 ± 120.30, tokens seen: 4383047680, grad norm: 0.2960
[iter 16730]loss: 3.0621, tokens/sec: 34155.56 ± 120.26, tokens seen: 4385669120, grad norm: 0.3049
[iter 16740]loss: 2.9297, tokens/sec: 34155.56 ± 120.22, tokens seen: 4388290560, grad norm: 0.3175
[iter 16750]loss: 2.8746, tokens/sec: 34155.56 ± 120.19, tokens seen: 4390912000, grad norm: 0.4234
[iter 16760]loss: 3.0500, tokens/sec: 34155.56 ± 120.15, tokens seen: 4393533440, grad norm: 0.3141
[iter 16770]loss: 2.9123, tokens/sec: 34155.56 ± 120.12, tokens seen: 4396154880, grad norm: 0.3225
[iter 16780]loss: 2.8924, tokens/sec: 34155.57 ± 120.08, tokens seen: 4398776320, grad norm: 0.4404
[iter 16790]loss: 3.0449, tokens/sec: 34155.57 ± 120.05, tokens seen: 4401397760, grad norm: 0.4690
[iter 16800]loss: 2.9362, tokens/sec: 34155.57 ± 120.01, tokens seen: 4404019200, grad norm: 0.3280
[iter 16810]loss: 3.1583, tokens/sec: 34155.57 ± 119.98, tokens seen: 4406640640, grad norm: 0.3693
[iter 16820]loss: 3.0396, tokens/sec: 34155.57 ± 119.94, tokens seen: 4409262080, grad norm: 0.3934
[iter 16830]loss: 3.0774, tokens/sec: 34155.57 ± 119.90, tokens seen: 4411883520, grad norm: 0.3813
[iter 16840]loss: 3.0884, tokens/sec: 34155.57 ± 119.87, tokens seen: 4414504960, grad norm: 0.3509
[iter 16850]loss: 2.8382, tokens/sec: 34155.57 ± 119.83, tokens seen: 4417126400, grad norm: 0.2725
[iter 16860]loss: 2.8455, tokens/sec: 34155.57 ± 119.80, tokens seen: 4419747840, grad norm: 0.2878
[iter 16870]loss: 2.7729, tokens/sec: 34155.57 ± 119.76, tokens seen: 4422369280, grad norm: 0.3887
[iter 16880]loss: 2.9415, tokens/sec: 34155.57 ± 119.73, tokens seen: 4424990720, grad norm: 0.3985
[iter 16890]loss: 2.8592, tokens/sec: 34155.57 ± 119.69, tokens seen: 4427612160, grad norm: 0.3343
[iter 16900]loss: 2.8816, tokens/sec: 34155.57 ± 119.66, tokens seen: 4430233600, grad norm: 0.4356
[iter 16910]loss: 3.1704, tokens/sec: 34155.57 ± 119.62, tokens seen: 4432855040, grad norm: 0.3096
[iter 16920]loss: 3.2002, tokens/sec: 34155.57 ± 119.59, tokens seen: 4435476480, grad norm: 0.4069
[iter 16930]loss: 2.9781, tokens/sec: 34155.57 ± 119.55, tokens seen: 4438097920, grad norm: 0.3267
[iter 16940]loss: 2.7850, tokens/sec: 34155.57 ± 119.52, tokens seen: 4440719360, grad norm: 0.2736
[iter 16950]loss: 2.9468, tokens/sec: 34155.58 ± 119.48, tokens seen: 4443340800, grad norm: 0.3702
[iter 16960]loss: 2.9928, tokens/sec: 34155.58 ± 119.45, tokens seen: 4445962240, grad norm: 0.3633
[iter 16970]loss: 3.1663, tokens/sec: 34155.58 ± 119.41, tokens seen: 4448583680, grad norm: 0.3620
[iter 16980]loss: 3.1357, tokens/sec: 34155.58 ± 119.38, tokens seen: 4451205120, grad norm: 0.3879
[iter 16990]loss: 3.0885, tokens/sec: 34155.58 ± 119.34, tokens seen: 4453826560, grad norm: 0.3483
[step 17000]train loss: 2.9871, val loss: 2.9992, (avg train loss: 0.1867 ± 0.0088), (avg grad norm: 0.3688 ± 0.0540)
saving checkpoint to ./out-owt-large-mhc-lite-wsd-bs8-30000step
[iter 17000]loss: 2.9105, tokens/sec: 34155.60 ± 119.33, tokens seen: 4456448000, grad norm: 0.4109
[iter 17010]loss: 2.8994, tokens/sec: 34155.63 ± 119.31, tokens seen: 4459069440, grad norm: 0.3414
[iter 17020]loss: 3.0388, tokens/sec: 34155.64 ± 119.27, tokens seen: 4461690880, grad norm: 0.3099
[iter 17030]loss: 2.9736, tokens/sec: 34155.63 ± 119.24, tokens seen: 4464312320, grad norm: 0.3866
[iter 17040]loss: 2.6345, tokens/sec: 34155.63 ± 119.20, tokens seen: 4466933760, grad norm: 0.2934
[iter 17050]loss: 2.9445, tokens/sec: 34155.63 ± 119.17, tokens seen: 4469555200, grad norm: 0.3359
[iter 17060]loss: 2.8751, tokens/sec: 34155.63 ± 119.13, tokens seen: 4472176640, grad norm: 0.3229
[iter 17070]loss: 2.8915, tokens/sec: 34155.64 ± 119.10, tokens seen: 4474798080, grad norm: 0.3363
[iter 17080]loss: 2.8339, tokens/sec: 34155.64 ± 119.06, tokens seen: 4477419520, grad norm: 0.3306
[iter 17090]loss: 3.0809, tokens/sec: 34155.64 ± 119.03, tokens seen: 4480040960, grad norm: 0.3530
[iter 17100]loss: 3.0271, tokens/sec: 34155.64 ± 119.00, tokens seen: 4482662400, grad norm: 0.3209
[iter 17110]loss: 3.0702, tokens/sec: 34155.64 ± 118.96, tokens seen: 4485283840, grad norm: 0.3280
[iter 17120]loss: 2.9073, tokens/sec: 34155.64 ± 118.93, tokens seen: 4487905280, grad norm: 0.3094
[iter 17130]loss: 3.0693, tokens/sec: 34155.64 ± 118.89, tokens seen: 4490526720, grad norm: 0.3039
[iter 17140]loss: 3.2714, tokens/sec: 34155.65 ± 118.86, tokens seen: 4493148160, grad norm: 0.4348
[iter 17150]loss: 2.8832, tokens/sec: 34155.64 ± 118.82, tokens seen: 4495769600, grad norm: 0.4281
[iter 17160]loss: 2.8197, tokens/sec: 34155.64 ± 118.79, tokens seen: 4498391040, grad norm: 0.3721
[iter 17170]loss: 2.8823, tokens/sec: 34155.64 ± 118.75, tokens seen: 4501012480, grad norm: 0.3124
[iter 17180]loss: 2.9702, tokens/sec: 34155.64 ± 118.72, tokens seen: 4503633920, grad norm: 0.3761
[iter 17190]loss: 2.9076, tokens/sec: 34155.64 ± 118.69, tokens seen: 4506255360, grad norm: 0.3988
[iter 17200]loss: 3.0736, tokens/sec: 34155.64 ± 118.65, tokens seen: 4508876800, grad norm: 0.3169
[iter 17210]loss: 2.8480, tokens/sec: 34155.65 ± 118.62, tokens seen: 4511498240, grad norm: 0.4034
[iter 17220]loss: 3.0709, tokens/sec: 34155.65 ± 118.58, tokens seen: 4514119680, grad norm: 0.4746
[iter 17230]loss: 2.9706, tokens/sec: 34155.65 ± 118.55, tokens seen: 4516741120, grad norm: 0.3396
[iter 17240]loss: 2.9962, tokens/sec: 34155.64 ± 118.52, tokens seen: 4519362560, grad norm: 0.3387
[iter 17250]loss: 3.0337, tokens/sec: 34155.64 ± 118.48, tokens seen: 4521984000, grad norm: 0.3044
[iter 17260]loss: 2.9362, tokens/sec: 34155.64 ± 118.45, tokens seen: 4524605440, grad norm: 0.3196
[iter 17270]loss: 3.2091, tokens/sec: 34155.64 ± 118.41, tokens seen: 4527226880, grad norm: 0.3392
[iter 17280]loss: 2.8203, tokens/sec: 34155.64 ± 118.38, tokens seen: 4529848320, grad norm: 0.3355
[iter 17290]loss: 2.9600, tokens/sec: 34155.64 ± 118.35, tokens seen: 4532469760, grad norm: 0.3434
[iter 17300]loss: 2.7552, tokens/sec: 34155.64 ± 118.31, tokens seen: 4535091200, grad norm: 0.3883
[iter 17310]loss: 2.8584, tokens/sec: 34155.64 ± 118.28, tokens seen: 4537712640, grad norm: 0.4844
[iter 17320]loss: 2.8423, tokens/sec: 34155.64 ± 118.24, tokens seen: 4540334080, grad norm: 0.3899
[iter 17330]loss: 3.0507, tokens/sec: 34155.64 ± 118.21, tokens seen: 4542955520, grad norm: 0.5498
[iter 17340]loss: 3.1067, tokens/sec: 34155.64 ± 118.18, tokens seen: 4545576960, grad norm: 0.5988
[iter 17350]loss: 2.9979, tokens/sec: 34155.64 ± 118.14, tokens seen: 4548198400, grad norm: 0.3386
[iter 17360]loss: 2.8444, tokens/sec: 34155.64 ± 118.11, tokens seen: 4550819840, grad norm: 0.3558
[iter 17370]loss: 3.1530, tokens/sec: 34155.64 ± 118.07, tokens seen: 4553441280, grad norm: 0.3554
[iter 17380]loss: 3.1704, tokens/sec: 34155.64 ± 118.04, tokens seen: 4556062720, grad norm: 0.3206
[iter 17390]loss: 3.0169, tokens/sec: 34155.64 ± 118.01, tokens seen: 4558684160, grad norm: 0.3402
[iter 17400]loss: 2.9718, tokens/sec: 34155.64 ± 117.97, tokens seen: 4561305600, grad norm: 0.3750
[iter 17410]loss: 2.7674, tokens/sec: 34155.64 ± 117.94, tokens seen: 4563927040, grad norm: 0.3804
[iter 17420]loss: 2.7928, tokens/sec: 34155.64 ± 117.91, tokens seen: 4566548480, grad norm: 0.4894
[iter 17430]loss: 2.8548, tokens/sec: 34155.65 ± 117.87, tokens seen: 4569169920, grad norm: 0.3699
[iter 17440]loss: 2.8625, tokens/sec: 34155.65 ± 117.84, tokens seen: 4571791360, grad norm: 0.4040
[iter 17450]loss: 2.8657, tokens/sec: 34155.65 ± 117.81, tokens seen: 4574412800, grad norm: 0.3587
[iter 17460]loss: 2.9817, tokens/sec: 34155.65 ± 117.77, tokens seen: 4577034240, grad norm: 0.3433
[iter 17470]loss: 3.0030, tokens/sec: 34155.65 ± 117.74, tokens seen: 4579655680, grad norm: 0.3126
[iter 17480]loss: 2.8487, tokens/sec: 34155.66 ± 117.71, tokens seen: 4582277120, grad norm: 0.4107
[iter 17490]loss: 3.1368, tokens/sec: 34155.66 ± 117.67, tokens seen: 4584898560, grad norm: 0.4555
[step 17500]train loss: 2.9764, val loss: 2.9919, (avg train loss: 0.1854 ± 0.0094), (avg grad norm: 0.3630 ± 0.0551)
saving checkpoint to ./out-owt-large-mhc-lite-wsd-bs8-30000step
[iter 17500]loss: 2.8772, tokens/sec: 34155.67 ± 117.66, tokens seen: 4587520000, grad norm: 0.3959
[iter 17510]loss: 3.1598, tokens/sec: 34155.70 ± 117.64, tokens seen: 4590141440, grad norm: 0.3376
[iter 17520]loss: 3.0493, tokens/sec: 34155.71 ± 117.60, tokens seen: 4592762880, grad norm: 0.3514
[iter 17530]loss: 3.0337, tokens/sec: 34155.70 ± 117.57, tokens seen: 4595384320, grad norm: 0.3419
[iter 17540]loss: 3.1588, tokens/sec: 34155.70 ± 117.54, tokens seen: 4598005760, grad norm: 0.3496
[iter 17550]loss: 3.1103, tokens/sec: 34155.70 ± 117.50, tokens seen: 4600627200, grad norm: 0.3800
[iter 17560]loss: 2.9353, tokens/sec: 34155.70 ± 117.47, tokens seen: 4603248640, grad norm: 0.3223
[iter 17570]loss: 3.0875, tokens/sec: 34155.69 ± 117.44, tokens seen: 4605870080, grad norm: 0.3565
[iter 17580]loss: 2.9560, tokens/sec: 34155.69 ± 117.41, tokens seen: 4608491520, grad norm: 0.3728
[iter 17590]loss: 3.2004, tokens/sec: 34155.70 ± 117.37, tokens seen: 4611112960, grad norm: 0.3443
[iter 17600]loss: 2.8734, tokens/sec: 34155.70 ± 117.34, tokens seen: 4613734400, grad norm: 0.3417
[iter 17610]loss: 2.9025, tokens/sec: 34155.70 ± 117.31, tokens seen: 4616355840, grad norm: 0.3634
[iter 17620]loss: 2.7006, tokens/sec: 34155.70 ± 117.27, tokens seen: 4618977280, grad norm: 0.4094
[iter 17630]loss: 2.9376, tokens/sec: 34155.70 ± 117.24, tokens seen: 4621598720, grad norm: 0.2996
[iter 17640]loss: 2.9831, tokens/sec: 34155.70 ± 117.21, tokens seen: 4624220160, grad norm: 0.3345
[iter 17650]loss: 2.9433, tokens/sec: 34155.70 ± 117.17, tokens seen: 4626841600, grad norm: 0.3874
[iter 17660]loss: 3.0395, tokens/sec: 34155.70 ± 117.14, tokens seen: 4629463040, grad norm: 0.3234
[iter 17670]loss: 3.2400, tokens/sec: 34155.69 ± 117.11, tokens seen: 4632084480, grad norm: 0.2980
[iter 17680]loss: 3.0135, tokens/sec: 34155.69 ± 117.08, tokens seen: 4634705920, grad norm: 0.3913
[iter 17690]loss: 3.1854, tokens/sec: 34155.69 ± 117.04, tokens seen: 4637327360, grad norm: 0.3693
[iter 17700]loss: 3.0337, tokens/sec: 34155.69 ± 117.01, tokens seen: 4639948800, grad norm: 0.3730
[iter 17710]loss: 3.1926, tokens/sec: 34155.69 ± 116.98, tokens seen: 4642570240, grad norm: 0.3455
[iter 17720]loss: 2.9107, tokens/sec: 34155.69 ± 116.94, tokens seen: 4645191680, grad norm: 0.3350
[iter 17730]loss: 2.9286, tokens/sec: 34155.69 ± 116.91, tokens seen: 4647813120, grad norm: 0.3704
[iter 17740]loss: 2.9562, tokens/sec: 34155.69 ± 116.88, tokens seen: 4650434560, grad norm: 0.3392
[iter 17750]loss: 3.0924, tokens/sec: 34155.69 ± 116.85, tokens seen: 4653056000, grad norm: 0.3178
[iter 17760]loss: 3.0031, tokens/sec: 34155.69 ± 116.81, tokens seen: 4655677440, grad norm: 0.3312
[iter 17770]loss: 2.8215, tokens/sec: 34155.69 ± 116.78, tokens seen: 4658298880, grad norm: 0.3302
[iter 17780]loss: 3.0659, tokens/sec: 34155.69 ± 116.75, tokens seen: 4660920320, grad norm: 0.3178
[iter 17790]loss: 2.9199, tokens/sec: 34155.69 ± 116.72, tokens seen: 4663541760, grad norm: 0.3726
[iter 17800]loss: 3.0446, tokens/sec: 34155.70 ± 116.68, tokens seen: 4666163200, grad norm: 0.3381
[iter 17810]loss: 3.1001, tokens/sec: 34155.70 ± 116.65, tokens seen: 4668784640, grad norm: 0.3186
[iter 17820]loss: 2.9226, tokens/sec: 34155.70 ± 116.62, tokens seen: 4671406080, grad norm: 0.3843
[iter 17830]loss: 2.9655, tokens/sec: 34155.70 ± 116.59, tokens seen: 4674027520, grad norm: 0.3681
[iter 17840]loss: 3.0267, tokens/sec: 34155.70 ± 116.55, tokens seen: 4676648960, grad norm: 0.3080
[iter 17850]loss: 2.7584, tokens/sec: 34155.71 ± 116.52, tokens seen: 4679270400, grad norm: 0.3698
[iter 17860]loss: 2.9863, tokens/sec: 34155.71 ± 116.49, tokens seen: 4681891840, grad norm: 0.3923
[iter 17870]loss: 3.0184, tokens/sec: 34155.71 ± 116.46, tokens seen: 4684513280, grad norm: 0.4069
[iter 17880]loss: 3.1283, tokens/sec: 34155.71 ± 116.42, tokens seen: 4687134720, grad norm: 0.3268
[iter 17890]loss: 3.1944, tokens/sec: 34155.71 ± 116.39, tokens seen: 4689756160, grad norm: 0.3441
[iter 17900]loss: 2.9850, tokens/sec: 34155.71 ± 116.36, tokens seen: 4692377600, grad norm: 0.4442
[iter 17910]loss: 3.0133, tokens/sec: 34155.71 ± 116.33, tokens seen: 4694999040, grad norm: 0.3661
[iter 17920]loss: 2.9371, tokens/sec: 34155.71 ± 116.30, tokens seen: 4697620480, grad norm: 0.3588
[iter 17930]loss: 3.1998, tokens/sec: 34155.71 ± 116.26, tokens seen: 4700241920, grad norm: 0.4131
[iter 17940]loss: 2.8470, tokens/sec: 34155.71 ± 116.23, tokens seen: 4702863360, grad norm: 0.3469
[iter 17950]loss: 3.0569, tokens/sec: 34155.72 ± 116.20, tokens seen: 4705484800, grad norm: 0.3530
[iter 17960]loss: 2.5574, tokens/sec: 34155.72 ± 116.17, tokens seen: 4708106240, grad norm: 0.3551
[iter 17970]loss: 2.9681, tokens/sec: 34155.72 ± 116.13, tokens seen: 4710727680, grad norm: 0.3821
[iter 17980]loss: 3.1294, tokens/sec: 34155.72 ± 116.10, tokens seen: 4713349120, grad norm: 0.3937
[iter 17990]loss: 2.7109, tokens/sec: 34155.72 ± 116.07, tokens seen: 4715970560, grad norm: 0.3187
[step 18000]train loss: 2.9800, val loss: 2.9774, (avg train loss: 0.1870 ± 0.0091), (avg grad norm: 0.3649 ± 0.0476)
saving checkpoint to ./out-owt-large-mhc-lite-wsd-bs8-30000step
[iter 18000]loss: 3.0279, tokens/sec: 34155.74 ± 116.06, tokens seen: 4718592000, grad norm: 0.3894
[iter 18010]loss: 2.8616, tokens/sec: 34155.77 ± 116.04, tokens seen: 4721213440, grad norm: 0.7291
[iter 18020]loss: 3.0025, tokens/sec: 34155.78 ± 116.01, tokens seen: 4723834880, grad norm: 0.4214
[iter 18030]loss: 3.1814, tokens/sec: 34155.77 ± 115.98, tokens seen: 4726456320, grad norm: 0.3307
[iter 18040]loss: 2.8637, tokens/sec: 34155.77 ± 115.94, tokens seen: 4729077760, grad norm: 0.3672
[iter 18050]loss: 3.0226, tokens/sec: 34155.77 ± 115.91, tokens seen: 4731699200, grad norm: 0.3006
[iter 18060]loss: 2.9922, tokens/sec: 34155.77 ± 115.88, tokens seen: 4734320640, grad norm: 0.3242
[iter 18070]loss: 2.9364, tokens/sec: 34155.76 ± 115.85, tokens seen: 4736942080, grad norm: 0.4164
[iter 18080]loss: 2.8822, tokens/sec: 34155.76 ± 115.82, tokens seen: 4739563520, grad norm: 0.3720
[iter 18090]loss: 3.0013, tokens/sec: 34155.77 ± 115.78, tokens seen: 4742184960, grad norm: 0.2874
[iter 18100]loss: 3.0940, tokens/sec: 34155.77 ± 115.75, tokens seen: 4744806400, grad norm: 0.4579
[iter 18110]loss: 3.0652, tokens/sec: 34155.77 ± 115.72, tokens seen: 4747427840, grad norm: 0.4160
[iter 18120]loss: 3.1216, tokens/sec: 34155.77 ± 115.69, tokens seen: 4750049280, grad norm: 0.3905
[iter 18130]loss: 3.4172, tokens/sec: 34155.77 ± 115.66, tokens seen: 4752670720, grad norm: 0.3757
[iter 18140]loss: 3.1918, tokens/sec: 34155.77 ± 115.63, tokens seen: 4755292160, grad norm: 0.3814
[iter 18150]loss: 3.0874, tokens/sec: 34155.77 ± 115.59, tokens seen: 4757913600, grad norm: 0.3405
[iter 18160]loss: 3.2476, tokens/sec: 34155.77 ± 115.56, tokens seen: 4760535040, grad norm: 0.3635
[iter 18170]loss: 2.9018, tokens/sec: 34155.77 ± 115.53, tokens seen: 4763156480, grad norm: 0.3008
[iter 18180]loss: 3.0038, tokens/sec: 34155.77 ± 115.50, tokens seen: 4765777920, grad norm: 0.4115
[iter 18190]loss: 2.9006, tokens/sec: 34155.78 ± 115.47, tokens seen: 4768399360, grad norm: 0.3630
[iter 18200]loss: 3.0908, tokens/sec: 34155.78 ± 115.44, tokens seen: 4771020800, grad norm: 0.5037
[iter 18210]loss: 2.8984, tokens/sec: 34155.78 ± 115.40, tokens seen: 4773642240, grad norm: 0.4058
[iter 18220]loss: 2.7633, tokens/sec: 34155.78 ± 115.37, tokens seen: 4776263680, grad norm: 0.3071
[iter 18230]loss: 2.9699, tokens/sec: 34155.78 ± 115.34, tokens seen: 4778885120, grad norm: 0.4068
[iter 18240]loss: 2.8521, tokens/sec: 34155.78 ± 115.31, tokens seen: 4781506560, grad norm: 0.3853
[iter 18250]loss: 2.8933, tokens/sec: 34155.79 ± 115.28, tokens seen: 4784128000, grad norm: 0.6427
[iter 18260]loss: 2.9617, tokens/sec: 34155.78 ± 115.25, tokens seen: 4786749440, grad norm: 0.3326
[iter 18270]loss: 3.1452, tokens/sec: 34155.78 ± 115.22, tokens seen: 4789370880, grad norm: 0.4519
[iter 18280]loss: 2.8408, tokens/sec: 34155.78 ± 115.19, tokens seen: 4791992320, grad norm: 0.3730
[iter 18290]loss: 2.8239, tokens/sec: 34155.78 ± 115.15, tokens seen: 4794613760, grad norm: 0.3666
[iter 18300]loss: 2.9308, tokens/sec: 34155.78 ± 115.12, tokens seen: 4797235200, grad norm: 0.4063
[iter 18310]loss: 3.0643, tokens/sec: 34155.78 ± 115.09, tokens seen: 4799856640, grad norm: 0.3442
[iter 18320]loss: 3.0134, tokens/sec: 34155.78 ± 115.06, tokens seen: 4802478080, grad norm: 0.3633
[iter 18330]loss: 2.8517, tokens/sec: 34155.79 ± 115.03, tokens seen: 4805099520, grad norm: 0.2935
[iter 18340]loss: 2.9184, tokens/sec: 34155.79 ± 115.00, tokens seen: 4807720960, grad norm: 0.4594
[iter 18350]loss: 2.8654, tokens/sec: 34155.79 ± 114.97, tokens seen: 4810342400, grad norm: 0.3844
[iter 18360]loss: 3.1683, tokens/sec: 34155.79 ± 114.94, tokens seen: 4812963840, grad norm: 0.3706
[iter 18370]loss: 2.8753, tokens/sec: 34155.79 ± 114.91, tokens seen: 4815585280, grad norm: 0.4648
[iter 18380]loss: 2.9307, tokens/sec: 34155.79 ± 114.87, tokens seen: 4818206720, grad norm: 0.3234
[iter 18390]loss: 3.1653, tokens/sec: 34155.79 ± 114.84, tokens seen: 4820828160, grad norm: 0.4999
[iter 18400]loss: 3.0028, tokens/sec: 34155.79 ± 114.81, tokens seen: 4823449600, grad norm: 0.4579
[iter 18410]loss: 3.0094, tokens/sec: 34155.80 ± 114.78, tokens seen: 4826071040, grad norm: 0.3535
[iter 18420]loss: 3.1761, tokens/sec: 34155.80 ± 114.75, tokens seen: 4828692480, grad norm: 0.4581
[iter 18430]loss: 2.9307, tokens/sec: 34155.80 ± 114.72, tokens seen: 4831313920, grad norm: 0.4233
[iter 18440]loss: 2.8451, tokens/sec: 34155.80 ± 114.69, tokens seen: 4833935360, grad norm: 0.4135
[iter 18450]loss: 2.9004, tokens/sec: 34155.80 ± 114.66, tokens seen: 4836556800, grad norm: 0.4979
[iter 18460]loss: 2.8846, tokens/sec: 34155.81 ± 114.63, tokens seen: 4839178240, grad norm: 0.3412
[iter 18470]loss: 2.9115, tokens/sec: 34155.81 ± 114.60, tokens seen: 4841799680, grad norm: 0.3979
[iter 18480]loss: 3.3993, tokens/sec: 34155.81 ± 114.57, tokens seen: 4844421120, grad norm: 0.4014
[iter 18490]loss: 2.9415, tokens/sec: 34155.82 ± 114.54, tokens seen: 4847042560, grad norm: 0.4761
[step 18500]train loss: 2.9686, val loss: 2.9755, (avg train loss: 0.1862 ± 0.0078), (avg grad norm: 0.3997 ± 0.0714)
saving checkpoint to ./out-owt-large-mhc-lite-wsd-bs8-30000step
[iter 18500]loss: 3.1864, tokens/sec: 34155.83 ± 114.53, tokens seen: 4849664000, grad norm: 0.3480
[iter 18510]loss: 2.9192, tokens/sec: 34155.86 ± 114.50, tokens seen: 4852285440, grad norm: 0.4274
[iter 18520]loss: 3.0301, tokens/sec: 34155.87 ± 114.47, tokens seen: 4854906880, grad norm: 0.3857
[iter 18530]loss: 2.8003, tokens/sec: 34155.86 ± 114.44, tokens seen: 4857528320, grad norm: 0.3827
[iter 18540]loss: 3.0711, tokens/sec: 34155.86 ± 114.41, tokens seen: 4860149760, grad norm: 0.4315
[iter 18550]loss: 2.8553, tokens/sec: 34155.86 ± 114.38, tokens seen: 4862771200, grad norm: 0.3569
[iter 18560]loss: 2.5746, tokens/sec: 34155.86 ± 114.35, tokens seen: 4865392640, grad norm: 0.4028
[iter 18570]loss: 3.0881, tokens/sec: 34155.86 ± 114.32, tokens seen: 4868014080, grad norm: 0.3578
[iter 18580]loss: 3.0706, tokens/sec: 34155.87 ± 114.29, tokens seen: 4870635520, grad norm: 0.3987
[iter 18590]loss: 2.9854, tokens/sec: 34155.87 ± 114.26, tokens seen: 4873256960, grad norm: 0.3340
[iter 18600]loss: 3.0228, tokens/sec: 34155.86 ± 114.23, tokens seen: 4875878400, grad norm: 0.3657
[iter 18610]loss: 3.0029, tokens/sec: 34155.87 ± 114.20, tokens seen: 4878499840, grad norm: 0.4219
[iter 18620]loss: 3.1536, tokens/sec: 34155.87 ± 114.17, tokens seen: 4881121280, grad norm: 0.5020
[iter 18630]loss: 2.9116, tokens/sec: 34155.87 ± 114.14, tokens seen: 4883742720, grad norm: 0.3964
[iter 18640]loss: 3.0427, tokens/sec: 34155.87 ± 114.11, tokens seen: 4886364160, grad norm: 0.3549
[iter 18650]loss: 2.9563, tokens/sec: 34155.87 ± 114.08, tokens seen: 4888985600, grad norm: 0.3954
[iter 18660]loss: 2.7644, tokens/sec: 34155.87 ± 114.05, tokens seen: 4891607040, grad norm: 0.5013
[iter 18670]loss: 2.9036, tokens/sec: 34155.87 ± 114.02, tokens seen: 4894228480, grad norm: 0.3816
[iter 18680]loss: 3.0548, tokens/sec: 34155.88 ± 113.99, tokens seen: 4896849920, grad norm: 0.4107
[iter 18690]loss: 2.8846, tokens/sec: 34155.88 ± 113.96, tokens seen: 4899471360, grad norm: 0.3647
[iter 18700]loss: 2.9557, tokens/sec: 34155.88 ± 113.93, tokens seen: 4902092800, grad norm: 0.3844
[iter 18710]loss: 2.9890, tokens/sec: 34155.88 ± 113.90, tokens seen: 4904714240, grad norm: 0.5565
[iter 18720]loss: 3.0326, tokens/sec: 34155.88 ± 113.87, tokens seen: 4907335680, grad norm: 0.3367
[iter 18730]loss: 2.7782, tokens/sec: 34155.88 ± 113.84, tokens seen: 4909957120, grad norm: 0.4548
[iter 18740]loss: 3.0109, tokens/sec: 34155.88 ± 113.81, tokens seen: 4912578560, grad norm: 0.3727
[iter 18750]loss: 2.7890, tokens/sec: 34155.88 ± 113.78, tokens seen: 4915200000, grad norm: 0.3255
[iter 18760]loss: 3.1472, tokens/sec: 34155.88 ± 113.75, tokens seen: 4917821440, grad norm: 0.4585
[iter 18770]loss: 2.9645, tokens/sec: 34155.88 ± 113.72, tokens seen: 4920442880, grad norm: 0.4162
[iter 18780]loss: 3.0202, tokens/sec: 34155.88 ± 113.69, tokens seen: 4923064320, grad norm: 0.4248
[iter 18790]loss: 3.0739, tokens/sec: 34155.88 ± 113.66, tokens seen: 4925685760, grad norm: 0.3949
[iter 18800]loss: 2.7946, tokens/sec: 34155.88 ± 113.63, tokens seen: 4928307200, grad norm: 0.4075
[iter 18810]loss: 2.7988, tokens/sec: 34155.88 ± 113.60, tokens seen: 4930928640, grad norm: 0.3632
[iter 18820]loss: 3.0105, tokens/sec: 34155.88 ± 113.57, tokens seen: 4933550080, grad norm: 0.3926
[iter 18830]loss: 2.9590, tokens/sec: 34155.88 ± 113.54, tokens seen: 4936171520, grad norm: 0.4071
[iter 18840]loss: 2.8686, tokens/sec: 34155.88 ± 113.51, tokens seen: 4938792960, grad norm: 0.3451
[iter 18850]loss: 2.8696, tokens/sec: 34155.88 ± 113.48, tokens seen: 4941414400, grad norm: 0.3591
[iter 18860]loss: 2.9137, tokens/sec: 34155.89 ± 113.45, tokens seen: 4944035840, grad norm: 0.3732
[iter 18870]loss: 3.1013, tokens/sec: 34155.89 ± 113.42, tokens seen: 4946657280, grad norm: 0.4367
[iter 18880]loss: 2.9032, tokens/sec: 34155.89 ± 113.39, tokens seen: 4949278720, grad norm: 0.3990
[iter 18890]loss: 2.8789, tokens/sec: 34155.90 ± 113.36, tokens seen: 4951900160, grad norm: 0.3240
[iter 18900]loss: 3.1073, tokens/sec: 34155.90 ± 113.33, tokens seen: 4954521600, grad norm: 0.4780
[iter 18910]loss: 3.1374, tokens/sec: 34155.90 ± 113.30, tokens seen: 4957143040, grad norm: 0.4795
[iter 18920]loss: 2.9149, tokens/sec: 34155.90 ± 113.27, tokens seen: 4959764480, grad norm: 0.5035
[iter 18930]loss: 3.0049, tokens/sec: 34155.90 ± 113.24, tokens seen: 4962385920, grad norm: 0.3718
[iter 18940]loss: 2.8248, tokens/sec: 34155.90 ± 113.21, tokens seen: 4965007360, grad norm: 0.3264
[iter 18950]loss: 2.9940, tokens/sec: 34155.91 ± 113.18, tokens seen: 4967628800, grad norm: 0.4168
[iter 18960]loss: 3.0356, tokens/sec: 34155.91 ± 113.15, tokens seen: 4970250240, grad norm: 0.4930
[iter 18970]loss: 2.8923, tokens/sec: 34155.91 ± 113.12, tokens seen: 4972871680, grad norm: 0.3983
[iter 18980]loss: 3.1196, tokens/sec: 34155.91 ± 113.09, tokens seen: 4975493120, grad norm: 0.3565
[iter 18990]loss: 2.8817, tokens/sec: 34155.91 ± 113.06, tokens seen: 4978114560, grad norm: 0.3802
[step 19000]train loss: 2.9646, val loss: 2.9894, (avg train loss: 0.1850 ± 0.0083), (avg grad norm: 0.4030 ± 0.0628)
[iter 19000]loss: 2.8846, tokens/sec: 34155.93 ± 113.06, tokens seen: 4980736000, grad norm: 0.5253
[iter 19010]loss: 2.8701, tokens/sec: 34155.96 ± 113.03, tokens seen: 4983357440, grad norm: 0.4651
[iter 19020]loss: 2.8395, tokens/sec: 34155.96 ± 113.00, tokens seen: 4985978880, grad norm: 0.3201
[iter 19030]loss: 3.2134, tokens/sec: 34155.96 ± 112.98, tokens seen: 4988600320, grad norm: 0.3138
[iter 19040]loss: 3.0741, tokens/sec: 34155.96 ± 112.95, tokens seen: 4991221760, grad norm: 0.3549
[iter 19050]loss: 3.1599, tokens/sec: 34155.96 ± 112.92, tokens seen: 4993843200, grad norm: 0.3695
[iter 19060]loss: 2.9240, tokens/sec: 34155.96 ± 112.89, tokens seen: 4996464640, grad norm: 0.3896
[iter 19070]loss: 3.0124, tokens/sec: 34155.96 ± 112.86, tokens seen: 4999086080, grad norm: 0.3518
[iter 19080]loss: 3.0646, tokens/sec: 34155.97 ± 112.83, tokens seen: 5001707520, grad norm: 0.4069
[iter 19090]loss: 3.0138, tokens/sec: 34155.97 ± 112.80, tokens seen: 5004328960, grad norm: 0.3834
[iter 19100]loss: 3.2791, tokens/sec: 34155.97 ± 112.77, tokens seen: 5006950400, grad norm: 0.6285
[iter 19110]loss: 2.8422, tokens/sec: 34155.97 ± 112.74, tokens seen: 5009571840, grad norm: 0.3526
[iter 19120]loss: 3.1414, tokens/sec: 34155.97 ± 112.71, tokens seen: 5012193280, grad norm: 0.4125
[iter 19130]loss: 3.0000, tokens/sec: 34155.97 ± 112.68, tokens seen: 5014814720, grad norm: 0.3690
[iter 19140]loss: 3.1021, tokens/sec: 34155.97 ± 112.65, tokens seen: 5017436160, grad norm: 0.3923
[iter 19150]loss: 2.9430, tokens/sec: 34155.97 ± 112.62, tokens seen: 5020057600, grad norm: 0.3088
[iter 19160]loss: 2.9658, tokens/sec: 34155.97 ± 112.60, tokens seen: 5022679040, grad norm: 0.3815
[iter 19170]loss: 3.0727, tokens/sec: 34155.97 ± 112.57, tokens seen: 5025300480, grad norm: 0.6617
[iter 19180]loss: 3.0484, tokens/sec: 34155.97 ± 112.54, tokens seen: 5027921920, grad norm: 0.3926
[iter 19190]loss: 2.4694, tokens/sec: 34155.98 ± 112.51, tokens seen: 5030543360, grad norm: 0.4760
[iter 19200]loss: 2.7697, tokens/sec: 34155.98 ± 112.48, tokens seen: 5033164800, grad norm: 0.4875
[iter 19210]loss: 2.8886, tokens/sec: 34155.98 ± 112.45, tokens seen: 5035786240, grad norm: 0.4302
[iter 19220]loss: 3.1069, tokens/sec: 34155.98 ± 112.42, tokens seen: 5038407680, grad norm: 0.4468
[iter 19230]loss: 2.9918, tokens/sec: 34155.98 ± 112.39, tokens seen: 5041029120, grad norm: 0.3222
[iter 19240]loss: 2.9642, tokens/sec: 34155.99 ± 112.36, tokens seen: 5043650560, grad norm: 0.3857
[iter 19250]loss: 2.9793, tokens/sec: 34155.99 ± 112.34, tokens seen: 5046272000, grad norm: 0.3413
[iter 19260]loss: 3.1988, tokens/sec: 34155.99 ± 112.31, tokens seen: 5048893440, grad norm: 0.3965
[iter 19270]loss: 2.9103, tokens/sec: 34155.99 ± 112.28, tokens seen: 5051514880, grad norm: 0.4221
[iter 19280]loss: 2.7627, tokens/sec: 34155.99 ± 112.25, tokens seen: 5054136320, grad norm: 0.3864
[iter 19290]loss: 3.0339, tokens/sec: 34156.00 ± 112.22, tokens seen: 5056757760, grad norm: 0.3937
[iter 19300]loss: 3.2856, tokens/sec: 34156.00 ± 112.19, tokens seen: 5059379200, grad norm: 0.4079
[iter 19310]loss: 3.1775, tokens/sec: 34156.00 ± 112.16, tokens seen: 5062000640, grad norm: 0.4213
[iter 19320]loss: 3.0121, tokens/sec: 34156.00 ± 112.13, tokens seen: 5064622080, grad norm: 0.3935
[iter 19330]loss: 2.9136, tokens/sec: 34156.01 ± 112.10, tokens seen: 5067243520, grad norm: 0.5516
[iter 19340]loss: 2.9763, tokens/sec: 34156.01 ± 112.08, tokens seen: 5069864960, grad norm: 0.3042
[iter 19350]loss: 2.9208, tokens/sec: 34156.01 ± 112.05, tokens seen: 5072486400, grad norm: 0.4426
[iter 19360]loss: 3.0806, tokens/sec: 34156.01 ± 112.02, tokens seen: 5075107840, grad norm: 0.3690
[iter 19370]loss: 2.9111, tokens/sec: 34156.01 ± 111.99, tokens seen: 5077729280, grad norm: 0.4434
[iter 19380]loss: 2.8874, tokens/sec: 34156.02 ± 111.96, tokens seen: 5080350720, grad norm: 0.4290
[iter 19390]loss: 2.9716, tokens/sec: 34156.02 ± 111.93, tokens seen: 5082972160, grad norm: 0.4244
[iter 19400]loss: 2.9310, tokens/sec: 34156.02 ± 111.90, tokens seen: 5085593600, grad norm: 0.3906
[iter 19410]loss: 3.1132, tokens/sec: 34156.02 ± 111.88, tokens seen: 5088215040, grad norm: 0.3981
[iter 19420]loss: 3.1495, tokens/sec: 34156.02 ± 111.85, tokens seen: 5090836480, grad norm: 0.5141
[iter 19430]loss: 2.9852, tokens/sec: 34156.03 ± 111.82, tokens seen: 5093457920, grad norm: 0.4020
[iter 19440]loss: 2.9208, tokens/sec: 34156.03 ± 111.79, tokens seen: 5096079360, grad norm: 0.3352
[iter 19450]loss: 3.0428, tokens/sec: 34156.03 ± 111.76, tokens seen: 5098700800, grad norm: 0.4079
[iter 19460]loss: 2.9265, tokens/sec: 34156.03 ± 111.73, tokens seen: 5101322240, grad norm: 0.4657
[iter 19470]loss: 3.1366, tokens/sec: 34156.03 ± 111.71, tokens seen: 5103943680, grad norm: 0.4152
[iter 19480]loss: 2.8305, tokens/sec: 34156.04 ± 111.68, tokens seen: 5106565120, grad norm: 0.4054
[iter 19490]loss: 2.7963, tokens/sec: 34156.04 ± 111.65, tokens seen: 5109186560, grad norm: 0.3538
[step 19500]train loss: 2.9708, val loss: 2.9713, (avg train loss: 0.1856 ± 0.0087), (avg grad norm: 0.4249 ± 0.0702)
saving checkpoint to ./out-owt-large-mhc-lite-wsd-bs8-30000step
[iter 19500]loss: 3.0245, tokens/sec: 34156.06 ± 111.64, tokens seen: 5111808000, grad norm: 0.4897
[iter 19510]loss: 2.8030, tokens/sec: 34156.08 ± 111.62, tokens seen: 5114429440, grad norm: 0.4630
[iter 19520]loss: 3.0150, tokens/sec: 34156.09 ± 111.59, tokens seen: 5117050880, grad norm: 0.4156
[iter 19530]loss: 2.8955, tokens/sec: 34156.08 ± 111.56, tokens seen: 5119672320, grad norm: 0.3370
[iter 19540]loss: 2.7358, tokens/sec: 34156.08 ± 111.54, tokens seen: 5122293760, grad norm: 0.3837
[iter 19550]loss: 2.8408, tokens/sec: 34156.09 ± 111.51, tokens seen: 5124915200, grad norm: 0.4563
[iter 19560]loss: 2.6303, tokens/sec: 34156.09 ± 111.48, tokens seen: 5127536640, grad norm: 0.4393
[iter 19570]loss: 2.7988, tokens/sec: 34156.09 ± 111.45, tokens seen: 5130158080, grad norm: 0.4013
[iter 19580]loss: 2.8840, tokens/sec: 34156.09 ± 111.42, tokens seen: 5132779520, grad norm: 0.3755
[iter 19590]loss: 2.9284, tokens/sec: 34156.09 ± 111.40, tokens seen: 5135400960, grad norm: 0.4382
[iter 19600]loss: 2.9319, tokens/sec: 34156.09 ± 111.37, tokens seen: 5138022400, grad norm: 0.5613
[iter 19610]loss: 2.9369, tokens/sec: 34156.09 ± 111.34, tokens seen: 5140643840, grad norm: 0.6064
[iter 19620]loss: 3.1315, tokens/sec: 34156.09 ± 111.31, tokens seen: 5143265280, grad norm: 0.4152
[iter 19630]loss: 3.0786, tokens/sec: 34156.09 ± 111.28, tokens seen: 5145886720, grad norm: 0.4612
[iter 19640]loss: 3.1978, tokens/sec: 34156.10 ± 111.26, tokens seen: 5148508160, grad norm: 0.4078
[iter 19650]loss: 2.8782, tokens/sec: 34156.10 ± 111.23, tokens seen: 5151129600, grad norm: 0.4742
[iter 19660]loss: 2.9726, tokens/sec: 34156.10 ± 111.20, tokens seen: 5153751040, grad norm: 0.4606
[iter 19670]loss: 2.7676, tokens/sec: 34156.10 ± 111.17, tokens seen: 5156372480, grad norm: 0.5239
[iter 19680]loss: 2.9657, tokens/sec: 34156.10 ± 111.14, tokens seen: 5158993920, grad norm: 0.4145
[iter 19690]loss: 2.9603, tokens/sec: 34156.11 ± 111.12, tokens seen: 5161615360, grad norm: 0.4401
[iter 19700]loss: 2.7413, tokens/sec: 34156.11 ± 111.09, tokens seen: 5164236800, grad norm: 0.3877
[iter 19710]loss: 2.9196, tokens/sec: 34156.11 ± 111.06, tokens seen: 5166858240, grad norm: 0.4584
[iter 19720]loss: 2.8659, tokens/sec: 34156.11 ± 111.03, tokens seen: 5169479680, grad norm: 0.4279
[iter 19730]loss: 2.9206, tokens/sec: 34156.11 ± 111.00, tokens seen: 5172101120, grad norm: 0.3565
[iter 19740]loss: 3.0414, tokens/sec: 34156.11 ± 110.98, tokens seen: 5174722560, grad norm: 0.4265
[iter 19750]loss: 2.9866, tokens/sec: 34156.11 ± 110.95, tokens seen: 5177344000, grad norm: 0.4139
[iter 19760]loss: 2.9465, tokens/sec: 34156.12 ± 110.92, tokens seen: 5179965440, grad norm: 0.4243
[iter 19770]loss: 2.9352, tokens/sec: 34156.12 ± 110.89, tokens seen: 5182586880, grad norm: 0.3788
[iter 19780]loss: 3.2127, tokens/sec: 34156.12 ± 110.86, tokens seen: 5185208320, grad norm: 0.3984
[iter 19790]loss: 2.9676, tokens/sec: 34156.12 ± 110.84, tokens seen: 5187829760, grad norm: 0.3954
[iter 19800]loss: 2.9137, tokens/sec: 34156.12 ± 110.81, tokens seen: 5190451200, grad norm: 0.4583
[iter 19810]loss: 3.0501, tokens/sec: 34156.12 ± 110.78, tokens seen: 5193072640, grad norm: 0.3393
[iter 19820]loss: 2.9410, tokens/sec: 34156.13 ± 110.75, tokens seen: 5195694080, grad norm: 0.5157
[iter 19830]loss: 3.1278, tokens/sec: 34156.13 ± 110.73, tokens seen: 5198315520, grad norm: 0.4832
[iter 19840]loss: 3.1173, tokens/sec: 34156.13 ± 110.70, tokens seen: 5200936960, grad norm: 0.3558
[iter 19850]loss: 3.0729, tokens/sec: 34156.13 ± 110.67, tokens seen: 5203558400, grad norm: 0.4487
[iter 19860]loss: 2.8198, tokens/sec: 34156.14 ± 110.64, tokens seen: 5206179840, grad norm: 0.5258
[iter 19870]loss: 2.8617, tokens/sec: 34156.14 ± 110.62, tokens seen: 5208801280, grad norm: 0.4280
[iter 19880]loss: 2.9163, tokens/sec: 34156.14 ± 110.59, tokens seen: 5211422720, grad norm: 0.3612
[iter 19890]loss: 2.9427, tokens/sec: 34156.15 ± 110.56, tokens seen: 5214044160, grad norm: 0.3735
[iter 19900]loss: 2.9531, tokens/sec: 34156.15 ± 110.53, tokens seen: 5216665600, grad norm: 0.4063
[iter 19910]loss: 2.9831, tokens/sec: 34156.15 ± 110.51, tokens seen: 5219287040, grad norm: 0.4678
[iter 19920]loss: 3.1379, tokens/sec: 34156.16 ± 110.48, tokens seen: 5221908480, grad norm: 0.4643
[iter 19930]loss: 3.0119, tokens/sec: 34156.16 ± 110.45, tokens seen: 5224529920, grad norm: 0.3130
[iter 19940]loss: 2.8342, tokens/sec: 34156.16 ± 110.42, tokens seen: 5227151360, grad norm: 0.4895
[iter 19950]loss: 2.8368, tokens/sec: 34156.16 ± 110.40, tokens seen: 5229772800, grad norm: 0.3324
[iter 19960]loss: 2.9170, tokens/sec: 34156.16 ± 110.37, tokens seen: 5232394240, grad norm: 0.3795
[iter 19970]loss: 2.9678, tokens/sec: 34156.16 ± 110.34, tokens seen: 5235015680, grad norm: 0.3720
[iter 19980]loss: 2.9667, tokens/sec: 34156.17 ± 110.31, tokens seen: 5237637120, grad norm: 0.4016
[iter 19990]loss: 3.0540, tokens/sec: 34156.17 ± 110.29, tokens seen: 5240258560, grad norm: 0.3290
[step 20000]train loss: 2.9698, val loss: 2.9649, (avg train loss: 0.1865 ± 0.0077), (avg grad norm: 0.4145 ± 0.0627)
saving checkpoint to ./out-owt-large-mhc-lite-wsd-bs8-30000step
[iter 20000]loss: 2.9186, tokens/sec: 34156.19 ± 110.28, tokens seen: 5242880000, grad norm: 0.3725
[iter 20010]loss: 2.8707, tokens/sec: 34156.21 ± 110.26, tokens seen: 5245501440, grad norm: 0.3662
[iter 20020]loss: 3.1318, tokens/sec: 34156.22 ± 110.23, tokens seen: 5248122880, grad norm: 0.4092
[iter 20030]loss: 3.0184, tokens/sec: 34156.21 ± 110.21, tokens seen: 5250744320, grad norm: 0.7085
[iter 20040]loss: 3.2132, tokens/sec: 34156.21 ± 110.18, tokens seen: 5253365760, grad norm: 0.6512
[iter 20050]loss: 2.9660, tokens/sec: 34156.21 ± 110.15, tokens seen: 5255987200, grad norm: 0.7284
[iter 20060]loss: 3.0920, tokens/sec: 34156.21 ± 110.13, tokens seen: 5258608640, grad norm: 0.3562
[iter 20070]loss: 3.1410, tokens/sec: 34156.21 ± 110.10, tokens seen: 5261230080, grad norm: 0.4528
[iter 20080]loss: 2.7388, tokens/sec: 34156.21 ± 110.07, tokens seen: 5263851520, grad norm: 0.3951
[iter 20090]loss: 3.2787, tokens/sec: 34156.21 ± 110.04, tokens seen: 5266472960, grad norm: 0.3839
[iter 20100]loss: 3.0759, tokens/sec: 34156.21 ± 110.02, tokens seen: 5269094400, grad norm: 0.3615
[iter 20110]loss: 2.8969, tokens/sec: 34156.21 ± 109.99, tokens seen: 5271715840, grad norm: 0.3547
[iter 20120]loss: 3.0076, tokens/sec: 34156.21 ± 109.96, tokens seen: 5274337280, grad norm: 0.4458
[iter 20130]loss: 3.0434, tokens/sec: 34156.21 ± 109.94, tokens seen: 5276958720, grad norm: 0.4802
[iter 20140]loss: 3.1729, tokens/sec: 34156.21 ± 109.91, tokens seen: 5279580160, grad norm: 0.4417
[iter 20150]loss: 2.9885, tokens/sec: 34156.21 ± 109.88, tokens seen: 5282201600, grad norm: 0.4774
[iter 20160]loss: 2.9733, tokens/sec: 34156.21 ± 109.86, tokens seen: 5284823040, grad norm: 0.4106
[iter 20170]loss: 3.2107, tokens/sec: 34156.21 ± 109.83, tokens seen: 5287444480, grad norm: 0.3343
[iter 20180]loss: 3.1907, tokens/sec: 34156.21 ± 109.80, tokens seen: 5290065920, grad norm: 0.4452
[iter 20190]loss: 3.2010, tokens/sec: 34156.21 ± 109.77, tokens seen: 5292687360, grad norm: 0.3626
[iter 20200]loss: 2.8534, tokens/sec: 34156.21 ± 109.75, tokens seen: 5295308800, grad norm: 0.4432
[iter 20210]loss: 2.8815, tokens/sec: 34156.21 ± 109.72, tokens seen: 5297930240, grad norm: 0.5598
[iter 20220]loss: 2.9877, tokens/sec: 34156.21 ± 109.69, tokens seen: 5300551680, grad norm: 0.3714
[iter 20230]loss: 2.7594, tokens/sec: 34156.21 ± 109.67, tokens seen: 5303173120, grad norm: 0.4270
[iter 20240]loss: 2.9980, tokens/sec: 34156.21 ± 109.64, tokens seen: 5305794560, grad norm: 0.4140
[iter 20250]loss: 2.8508, tokens/sec: 34156.21 ± 109.61, tokens seen: 5308416000, grad norm: 0.4432
[iter 20260]loss: 2.8977, tokens/sec: 34156.21 ± 109.59, tokens seen: 5311037440, grad norm: 0.4458
[iter 20270]loss: 2.7456, tokens/sec: 34156.21 ± 109.56, tokens seen: 5313658880, grad norm: 0.4066
[iter 20280]loss: 2.9258, tokens/sec: 34156.21 ± 109.53, tokens seen: 5316280320, grad norm: 0.6252
[iter 20290]loss: 2.9159, tokens/sec: 34156.21 ± 109.51, tokens seen: 5318901760, grad norm: 0.3616
[iter 20300]loss: 2.9887, tokens/sec: 34156.21 ± 109.48, tokens seen: 5321523200, grad norm: 0.3715
[iter 20310]loss: 3.0739, tokens/sec: 34156.21 ± 109.45, tokens seen: 5324144640, grad norm: 0.3567
[iter 20320]loss: 2.8090, tokens/sec: 34156.21 ± 109.43, tokens seen: 5326766080, grad norm: 0.3706
[iter 20330]loss: 3.2992, tokens/sec: 34156.21 ± 109.40, tokens seen: 5329387520, grad norm: 0.4936
[iter 20340]loss: 3.1557, tokens/sec: 34156.21 ± 109.37, tokens seen: 5332008960, grad norm: 0.4688
[iter 20350]loss: 3.0714, tokens/sec: 34156.21 ± 109.35, tokens seen: 5334630400, grad norm: 0.5175
[iter 20360]loss: 3.1341, tokens/sec: 34156.21 ± 109.32, tokens seen: 5337251840, grad norm: 0.3949
[iter 20370]loss: 2.8546, tokens/sec: 34156.22 ± 109.29, tokens seen: 5339873280, grad norm: 0.5083
[iter 20380]loss: 2.9603, tokens/sec: 34156.22 ± 109.27, tokens seen: 5342494720, grad norm: 0.3856
[iter 20390]loss: 2.6314, tokens/sec: 34156.22 ± 109.24, tokens seen: 5345116160, grad norm: 0.6438
[iter 20400]loss: 2.9572, tokens/sec: 34156.22 ± 109.21, tokens seen: 5347737600, grad norm: 0.3485
[iter 20410]loss: 3.1567, tokens/sec: 34156.22 ± 109.19, tokens seen: 5350359040, grad norm: 0.3723
[iter 20420]loss: 3.0095, tokens/sec: 34156.22 ± 109.16, tokens seen: 5352980480, grad norm: 0.4886
[iter 20430]loss: 2.9915, tokens/sec: 34156.22 ± 109.13, tokens seen: 5355601920, grad norm: 0.4464
[iter 20440]loss: 2.9795, tokens/sec: 34156.22 ± 109.11, tokens seen: 5358223360, grad norm: 0.4275
[iter 20450]loss: 2.9849, tokens/sec: 34156.22 ± 109.08, tokens seen: 5360844800, grad norm: 0.4878
[iter 20460]loss: 3.1927, tokens/sec: 34156.22 ± 109.06, tokens seen: 5363466240, grad norm: 0.3747
[iter 20470]loss: 2.9701, tokens/sec: 34156.23 ± 109.03, tokens seen: 5366087680, grad norm: 0.3833
[iter 20480]loss: 2.8943, tokens/sec: 34156.23 ± 109.00, tokens seen: 5368709120, grad norm: 0.5180
[iter 20490]loss: 2.8179, tokens/sec: 34156.23 ± 108.98, tokens seen: 5371330560, grad norm: 0.3787
[step 20500]train loss: 2.9537, val loss: 2.9697, (avg train loss: 0.1854 ± 0.0084), (avg grad norm: 0.4528 ± 0.1470)
[iter 20500]loss: 2.9820, tokens/sec: 34156.24 ± 108.97, tokens seen: 5373952000, grad norm: 0.4433
[iter 20510]loss: 3.0199, tokens/sec: 34156.27 ± 108.95, tokens seen: 5376573440, grad norm: 0.4766
[iter 20520]loss: 2.9719, tokens/sec: 34156.28 ± 108.93, tokens seen: 5379194880, grad norm: 0.4865
[iter 20530]loss: 2.8923, tokens/sec: 34156.28 ± 108.90, tokens seen: 5381816320, grad norm: 0.4622
[iter 20540]loss: 2.9964, tokens/sec: 34156.27 ± 108.88, tokens seen: 5384437760, grad norm: 0.5046
[iter 20550]loss: 2.9377, tokens/sec: 34156.27 ± 108.85, tokens seen: 5387059200, grad norm: 0.4255
[iter 20560]loss: 2.9372, tokens/sec: 34156.27 ± 108.82, tokens seen: 5389680640, grad norm: 0.5355
[iter 20570]loss: 2.9806, tokens/sec: 34156.27 ± 108.80, tokens seen: 5392302080, grad norm: 0.4356
[iter 20580]loss: 2.9550, tokens/sec: 34156.28 ± 108.77, tokens seen: 5394923520, grad norm: 0.3488
[iter 20590]loss: 3.1583, tokens/sec: 34156.28 ± 108.75, tokens seen: 5397544960, grad norm: 0.3151
[iter 20600]loss: 2.9303, tokens/sec: 34156.28 ± 108.72, tokens seen: 5400166400, grad norm: 0.3626
[iter 20610]loss: 2.9746, tokens/sec: 34156.28 ± 108.69, tokens seen: 5402787840, grad norm: 0.3889
[iter 20620]loss: 2.7837, tokens/sec: 34156.28 ± 108.67, tokens seen: 5405409280, grad norm: 0.3896
[iter 20630]loss: 2.8224, tokens/sec: 34156.28 ± 108.64, tokens seen: 5408030720, grad norm: 0.6443
[iter 20640]loss: 2.8331, tokens/sec: 34156.28 ± 108.62, tokens seen: 5410652160, grad norm: 0.5702
[iter 20650]loss: 2.9933, tokens/sec: 34156.28 ± 108.59, tokens seen: 5413273600, grad norm: 0.4455
[iter 20660]loss: 2.9257, tokens/sec: 34156.28 ± 108.56, tokens seen: 5415895040, grad norm: 0.4499
[iter 20670]loss: 3.0574, tokens/sec: 34156.28 ± 108.54, tokens seen: 5418516480, grad norm: 0.5362
[iter 20680]loss: 2.9567, tokens/sec: 34156.28 ± 108.51, tokens seen: 5421137920, grad norm: 0.3951
[iter 20690]loss: 3.0911, tokens/sec: 34156.29 ± 108.49, tokens seen: 5423759360, grad norm: 0.3680
[iter 20700]loss: 3.0223, tokens/sec: 34156.28 ± 108.46, tokens seen: 5426380800, grad norm: 0.6081
[iter 20710]loss: 2.8842, tokens/sec: 34156.29 ± 108.43, tokens seen: 5429002240, grad norm: 0.5197
[iter 20720]loss: 2.7894, tokens/sec: 34156.29 ± 108.41, tokens seen: 5431623680, grad norm: 0.5993
[iter 20730]loss: 2.9842, tokens/sec: 34156.29 ± 108.38, tokens seen: 5434245120, grad norm: 0.6074
[iter 20740]loss: 3.1050, tokens/sec: 34156.29 ± 108.36, tokens seen: 5436866560, grad norm: 0.7164
[iter 20750]loss: 3.0669, tokens/sec: 34156.29 ± 108.33, tokens seen: 5439488000, grad norm: 0.4546
[iter 20760]loss: 2.8717, tokens/sec: 34156.29 ± 108.31, tokens seen: 5442109440, grad norm: 0.3751
[iter 20770]loss: 2.9564, tokens/sec: 34156.30 ± 108.28, tokens seen: 5444730880, grad norm: 0.4003
[iter 20780]loss: 2.8519, tokens/sec: 34156.30 ± 108.25, tokens seen: 5447352320, grad norm: 0.4121
[iter 20790]loss: 2.9099, tokens/sec: 34156.30 ± 108.23, tokens seen: 5449973760, grad norm: 0.5538
[iter 20800]loss: 3.1261, tokens/sec: 34156.30 ± 108.20, tokens seen: 5452595200, grad norm: 0.3625
[iter 20810]loss: 2.9069, tokens/sec: 34156.30 ± 108.18, tokens seen: 5455216640, grad norm: 0.3720
[iter 20820]loss: 2.7959, tokens/sec: 34156.30 ± 108.15, tokens seen: 5457838080, grad norm: 0.3904
[iter 20830]loss: 3.3974, tokens/sec: 34156.30 ± 108.12, tokens seen: 5460459520, grad norm: 0.3957
[iter 20840]loss: 2.6781, tokens/sec: 34156.30 ± 108.10, tokens seen: 5463080960, grad norm: 0.7127
[iter 20850]loss: 2.8694, tokens/sec: 34156.31 ± 108.07, tokens seen: 5465702400, grad norm: 0.4070
[iter 20860]loss: 2.8630, tokens/sec: 34156.30 ± 108.05, tokens seen: 5468323840, grad norm: 0.3944
[iter 20870]loss: 3.1168, tokens/sec: 34156.30 ± 108.02, tokens seen: 5470945280, grad norm: 0.4611
[iter 20880]loss: 3.0824, tokens/sec: 34156.31 ± 108.00, tokens seen: 5473566720, grad norm: 0.4153
[iter 20890]loss: 3.0665, tokens/sec: 34156.31 ± 107.97, tokens seen: 5476188160, grad norm: 0.6367
[iter 20900]loss: 3.0413, tokens/sec: 34156.31 ± 107.95, tokens seen: 5478809600, grad norm: 0.5293
[iter 20910]loss: 3.2532, tokens/sec: 34156.31 ± 107.92, tokens seen: 5481431040, grad norm: 0.4544
[iter 20920]loss: 3.0247, tokens/sec: 34156.31 ± 107.89, tokens seen: 5484052480, grad norm: 0.5270
[iter 20930]loss: 3.0560, tokens/sec: 34156.31 ± 107.87, tokens seen: 5486673920, grad norm: 0.5060
[iter 20940]loss: 2.8098, tokens/sec: 34156.31 ± 107.84, tokens seen: 5489295360, grad norm: 0.5684
[iter 20950]loss: 2.9009, tokens/sec: 34156.31 ± 107.82, tokens seen: 5491916800, grad norm: 0.4788
[iter 20960]loss: 2.6563, tokens/sec: 34156.31 ± 107.79, tokens seen: 5494538240, grad norm: 0.5398
[iter 20970]loss: 3.0824, tokens/sec: 34156.31 ± 107.77, tokens seen: 5497159680, grad norm: 0.5712
[iter 20980]loss: 3.0844, tokens/sec: 34156.31 ± 107.74, tokens seen: 5499781120, grad norm: 0.5103
[iter 20990]loss: 2.9261, tokens/sec: 34156.31 ± 107.72, tokens seen: 5502402560, grad norm: 0.3659
[step 21000]train loss: 2.9741, val loss: 2.9881, (avg train loss: 0.1854 ± 0.0091), (avg grad norm: 0.4972 ± 0.1092)
[iter 21000]loss: 2.5765, tokens/sec: 34156.33 ± 107.71, tokens seen: 5505024000, grad norm: 0.4630
[iter 21010]loss: 2.9271, tokens/sec: 34156.35 ± 107.69, tokens seen: 5507645440, grad norm: 0.4709
[iter 21020]loss: 2.7673, tokens/sec: 34156.36 ± 107.67, tokens seen: 5510266880, grad norm: 0.4580
[iter 21030]loss: 3.0063, tokens/sec: 34156.36 ± 107.64, tokens seen: 5512888320, grad norm: 0.8628
[iter 21040]loss: 2.7212, tokens/sec: 34156.36 ± 107.62, tokens seen: 5515509760, grad norm: 0.4268
[iter 21050]loss: 3.0594, tokens/sec: 34156.36 ± 107.59, tokens seen: 5518131200, grad norm: 0.3550
[iter 21060]loss: 2.9478, tokens/sec: 34156.36 ± 107.57, tokens seen: 5520752640, grad norm: 0.3975
[iter 21070]loss: 3.0352, tokens/sec: 34156.36 ± 107.54, tokens seen: 5523374080, grad norm: 0.4048
[iter 21080]loss: 2.9401, tokens/sec: 34156.36 ± 107.52, tokens seen: 5525995520, grad norm: 0.4464
[iter 21090]loss: 2.8412, tokens/sec: 34156.36 ± 107.49, tokens seen: 5528616960, grad norm: 0.4517
[iter 21100]loss: 3.1633, tokens/sec: 34156.36 ± 107.47, tokens seen: 5531238400, grad norm: 0.5091
[iter 21110]loss: 2.8239, tokens/sec: 34156.36 ± 107.44, tokens seen: 5533859840, grad norm: 0.5924
[iter 21120]loss: 2.8962, tokens/sec: 34156.36 ± 107.42, tokens seen: 5536481280, grad norm: 0.4994
[iter 21130]loss: 2.9469, tokens/sec: 34156.36 ± 107.39, tokens seen: 5539102720, grad norm: 0.4748
[iter 21140]loss: 2.9005, tokens/sec: 34156.36 ± 107.37, tokens seen: 5541724160, grad norm: 0.4485
[iter 21150]loss: 2.8906, tokens/sec: 34156.36 ± 107.34, tokens seen: 5544345600, grad norm: 0.4638
[iter 21160]loss: 2.6439, tokens/sec: 34156.36 ± 107.32, tokens seen: 5546967040, grad norm: 0.4312
[iter 21170]loss: 2.7733, tokens/sec: 34156.36 ± 107.29, tokens seen: 5549588480, grad norm: 0.3885
[iter 21180]loss: 3.0560, tokens/sec: 34156.37 ± 107.27, tokens seen: 5552209920, grad norm: 0.4212
[iter 21190]loss: 2.9629, tokens/sec: 34156.37 ± 107.24, tokens seen: 5554831360, grad norm: 0.7024
[iter 21200]loss: 3.0453, tokens/sec: 34156.37 ± 107.22, tokens seen: 5557452800, grad norm: 0.4484
[iter 21210]loss: 2.9043, tokens/sec: 34156.37 ± 107.19, tokens seen: 5560074240, grad norm: 0.4749
[iter 21220]loss: 3.0260, tokens/sec: 34156.37 ± 107.17, tokens seen: 5562695680, grad norm: 0.5026
[iter 21230]loss: 2.7287, tokens/sec: 34156.37 ± 107.14, tokens seen: 5565317120, grad norm: 0.4541
[iter 21240]loss: 2.9033, tokens/sec: 34156.37 ± 107.12, tokens seen: 5567938560, grad norm: 0.7437
[iter 21250]loss: 2.9416, tokens/sec: 34156.37 ± 107.09, tokens seen: 5570560000, grad norm: 0.6614
[iter 21260]loss: 3.0540, tokens/sec: 34156.37 ± 107.07, tokens seen: 5573181440, grad norm: 0.4984
[iter 21270]loss: 2.7965, tokens/sec: 34156.37 ± 107.04, tokens seen: 5575802880, grad norm: 0.4325
[iter 21280]loss: 2.7909, tokens/sec: 34156.37 ± 107.02, tokens seen: 5578424320, grad norm: 0.3841
[iter 21290]loss: 2.9481, tokens/sec: 34156.37 ± 106.99, tokens seen: 5581045760, grad norm: 0.3937
[iter 21300]loss: 2.8643, tokens/sec: 34156.37 ± 106.97, tokens seen: 5583667200, grad norm: 0.3836
[iter 21310]loss: 3.0236, tokens/sec: 34156.37 ± 106.94, tokens seen: 5586288640, grad norm: 0.5931
[iter 21320]loss: 3.1160, tokens/sec: 34156.37 ± 106.92, tokens seen: 5588910080, grad norm: 0.6351
[iter 21330]loss: 2.9862, tokens/sec: 34156.37 ± 106.89, tokens seen: 5591531520, grad norm: 0.4363
[iter 21340]loss: 3.0544, tokens/sec: 34156.37 ± 106.87, tokens seen: 5594152960, grad norm: 0.6681
[iter 21350]loss: 3.0254, tokens/sec: 34156.37 ± 106.84, tokens seen: 5596774400, grad norm: 0.4466
[iter 21360]loss: 2.9761, tokens/sec: 34156.37 ± 106.82, tokens seen: 5599395840, grad norm: 0.5983
[iter 21370]loss: 2.7807, tokens/sec: 34156.37 ± 106.79, tokens seen: 5602017280, grad norm: 0.4884
[iter 21380]loss: 3.0820, tokens/sec: 34156.37 ± 106.77, tokens seen: 5604638720, grad norm: 0.9958
[iter 21390]loss: 2.8288, tokens/sec: 34156.37 ± 106.74, tokens seen: 5607260160, grad norm: 0.5680
[iter 21400]loss: 2.6808, tokens/sec: 34156.37 ± 106.72, tokens seen: 5609881600, grad norm: 0.5470
[iter 21410]loss: 3.1347, tokens/sec: 34156.37 ± 106.70, tokens seen: 5612503040, grad norm: 0.4859
[iter 21420]loss: 3.0529, tokens/sec: 34156.37 ± 106.67, tokens seen: 5615124480, grad norm: 0.6481
[iter 21430]loss: 2.9105, tokens/sec: 34156.37 ± 106.65, tokens seen: 5617745920, grad norm: 0.3681
[iter 21440]loss: 2.7972, tokens/sec: 34156.37 ± 106.62, tokens seen: 5620367360, grad norm: 0.3980
[iter 21450]loss: 3.0925, tokens/sec: 34156.38 ± 106.60, tokens seen: 5622988800, grad norm: 0.4097
[iter 21460]loss: 2.9872, tokens/sec: 34156.38 ± 106.57, tokens seen: 5625610240, grad norm: 0.4169
[iter 21470]loss: 2.9807, tokens/sec: 34156.38 ± 106.55, tokens seen: 5628231680, grad norm: 0.4335
[iter 21480]loss: 2.8828, tokens/sec: 34156.38 ± 106.52, tokens seen: 5630853120, grad norm: 0.5074
[iter 21490]loss: 3.1036, tokens/sec: 34156.38 ± 106.50, tokens seen: 5633474560, grad norm: 0.3820
[step 21500]train loss: 2.9491, val loss: 2.9732, (avg train loss: 0.1843 ± 0.0084), (avg grad norm: 0.5399 ± 0.1890)
[iter 21500]loss: 3.0994, tokens/sec: 34156.40 ± 106.49, tokens seen: 5636096000, grad norm: 0.4294
[iter 21510]loss: 2.8437, tokens/sec: 34156.42 ± 106.48, tokens seen: 5638717440, grad norm: 0.4581
[iter 21520]loss: 3.0642, tokens/sec: 34156.42 ± 106.45, tokens seen: 5641338880, grad norm: 0.4239
[iter 21530]loss: 3.0726, tokens/sec: 34156.42 ± 106.43, tokens seen: 5643960320, grad norm: 0.4336
[iter 21540]loss: 2.9369, tokens/sec: 34156.42 ± 106.40, tokens seen: 5646581760, grad norm: 0.4262
[iter 21550]loss: 3.0439, tokens/sec: 34156.42 ± 106.38, tokens seen: 5649203200, grad norm: 0.6255
[iter 21560]loss: 2.9503, tokens/sec: 34156.42 ± 106.35, tokens seen: 5651824640, grad norm: 0.4686
[iter 21570]loss: 3.0506, tokens/sec: 34156.42 ± 106.33, tokens seen: 5654446080, grad norm: 0.3874
[iter 21580]loss: 2.9435, tokens/sec: 34156.42 ± 106.31, tokens seen: 5657067520, grad norm: 0.5068
[iter 21590]loss: 3.0590, tokens/sec: 34156.42 ± 106.28, tokens seen: 5659688960, grad norm: 0.4894
[iter 21600]loss: 3.1416, tokens/sec: 34156.42 ± 106.26, tokens seen: 5662310400, grad norm: 0.3222
[iter 21610]loss: 2.7886, tokens/sec: 34156.42 ± 106.23, tokens seen: 5664931840, grad norm: 0.4613
[iter 21620]loss: 2.9904, tokens/sec: 34156.42 ± 106.21, tokens seen: 5667553280, grad norm: 0.4675
[iter 21630]loss: 2.9661, tokens/sec: 34156.42 ± 106.18, tokens seen: 5670174720, grad norm: 0.4715
[iter 21640]loss: 2.8930, tokens/sec: 34156.42 ± 106.16, tokens seen: 5672796160, grad norm: 0.3236
[iter 21650]loss: 2.8704, tokens/sec: 34156.42 ± 106.14, tokens seen: 5675417600, grad norm: 0.6463
[iter 21660]loss: 2.9017, tokens/sec: 34156.42 ± 106.11, tokens seen: 5678039040, grad norm: 0.4580
[iter 21670]loss: 2.6078, tokens/sec: 34156.42 ± 106.09, tokens seen: 5680660480, grad norm: 0.5025
[iter 21680]loss: 2.9338, tokens/sec: 34156.42 ± 106.06, tokens seen: 5683281920, grad norm: 1.2283
[iter 21690]loss: 2.8167, tokens/sec: 34156.42 ± 106.04, tokens seen: 5685903360, grad norm: 0.4329
[iter 21700]loss: 2.8488, tokens/sec: 34156.42 ± 106.02, tokens seen: 5688524800, grad norm: 0.3908
[iter 21710]loss: 2.8258, tokens/sec: 34156.42 ± 105.99, tokens seen: 5691146240, grad norm: 0.4226
[iter 21720]loss: 2.9021, tokens/sec: 34156.42 ± 105.97, tokens seen: 5693767680, grad norm: 0.4020
[iter 21730]loss: 3.0598, tokens/sec: 34156.42 ± 105.94, tokens seen: 5696389120, grad norm: 0.5178
[iter 21740]loss: 3.2510, tokens/sec: 34156.42 ± 105.92, tokens seen: 5699010560, grad norm: 0.5273
[iter 21750]loss: 2.8191, tokens/sec: 34156.42 ± 105.90, tokens seen: 5701632000, grad norm: 0.4287
[iter 21760]loss: 2.9947, tokens/sec: 34156.42 ± 105.87, tokens seen: 5704253440, grad norm: 0.3830
[iter 21770]loss: 2.8335, tokens/sec: 34156.42 ± 105.85, tokens seen: 5706874880, grad norm: 0.5082
[iter 21780]loss: 2.8000, tokens/sec: 34156.42 ± 105.82, tokens seen: 5709496320, grad norm: 0.4888
[iter 21790]loss: 2.9948, tokens/sec: 34156.42 ± 105.80, tokens seen: 5712117760, grad norm: 0.4130
[iter 21800]loss: 2.9674, tokens/sec: 34156.41 ± 105.77, tokens seen: 5714739200, grad norm: 0.5399
[iter 21810]loss: 2.9639, tokens/sec: 34156.41 ± 105.75, tokens seen: 5717360640, grad norm: 0.4525
[iter 21820]loss: 3.0973, tokens/sec: 34156.41 ± 105.73, tokens seen: 5719982080, grad norm: 0.4079
[iter 21830]loss: 3.0860, tokens/sec: 34156.41 ± 105.70, tokens seen: 5722603520, grad norm: 0.3681
[iter 21840]loss: 2.9735, tokens/sec: 34156.41 ± 105.68, tokens seen: 5725224960, grad norm: 0.4158
[iter 21850]loss: 2.9563, tokens/sec: 34156.41 ± 105.65, tokens seen: 5727846400, grad norm: 0.3808
[iter 21860]loss: 2.9782, tokens/sec: 34156.41 ± 105.63, tokens seen: 5730467840, grad norm: 0.4101
[iter 21870]loss: 2.8735, tokens/sec: 34156.41 ± 105.61, tokens seen: 5733089280, grad norm: 0.4796
[iter 21880]loss: 2.9509, tokens/sec: 34156.41 ± 105.58, tokens seen: 5735710720, grad norm: 0.4117
[iter 21890]loss: 2.8503, tokens/sec: 34156.41 ± 105.56, tokens seen: 5738332160, grad norm: 0.3227
[iter 21900]loss: 3.0749, tokens/sec: 34156.41 ± 105.54, tokens seen: 5740953600, grad norm: 0.4850
[iter 21910]loss: 2.9406, tokens/sec: 34156.41 ± 105.51, tokens seen: 5743575040, grad norm: 0.6417
[iter 21920]loss: 2.7589, tokens/sec: 34156.41 ± 105.49, tokens seen: 5746196480, grad norm: 0.3910
[iter 21930]loss: 2.9508, tokens/sec: 34156.41 ± 105.46, tokens seen: 5748817920, grad norm: 0.4107
[iter 21940]loss: 2.8195, tokens/sec: 34156.41 ± 105.44, tokens seen: 5751439360, grad norm: 0.5322
[iter 21950]loss: 2.9984, tokens/sec: 34156.41 ± 105.42, tokens seen: 5754060800, grad norm: 0.4455
[iter 21960]loss: 2.9469, tokens/sec: 34156.41 ± 105.39, tokens seen: 5756682240, grad norm: 0.5850
[iter 21970]loss: 3.4252, tokens/sec: 34156.41 ± 105.37, tokens seen: 5759303680, grad norm: 0.4415
[iter 21980]loss: 2.7564, tokens/sec: 34156.41 ± 105.35, tokens seen: 5761925120, grad norm: 0.4283
[iter 21990]loss: 3.0581, tokens/sec: 34156.41 ± 105.32, tokens seen: 5764546560, grad norm: 0.5385
[step 22000]train loss: 2.9656, val loss: 2.9732, (avg train loss: 0.1850 ± 0.0094), (avg grad norm: 0.4879 ± 0.2185)
[iter 22000]loss: 2.8830, tokens/sec: 34156.42 ± 105.32, tokens seen: 5767168000, grad norm: 0.7013
[iter 22010]loss: 2.9148, tokens/sec: 34156.44 ± 105.30, tokens seen: 5769789440, grad norm: 0.3912
[iter 22020]loss: 2.9500, tokens/sec: 34156.45 ± 105.27, tokens seen: 5772410880, grad norm: 0.5905
[iter 22030]loss: 2.9732, tokens/sec: 34156.44 ± 105.25, tokens seen: 5775032320, grad norm: 0.4326
[iter 22040]loss: 2.7182, tokens/sec: 34156.44 ± 105.23, tokens seen: 5777653760, grad norm: 0.3645
[iter 22050]loss: 3.0432, tokens/sec: 34156.44 ± 105.20, tokens seen: 5780275200, grad norm: 0.3452
[iter 22060]loss: 2.9077, tokens/sec: 34156.44 ± 105.18, tokens seen: 5782896640, grad norm: 0.3593
[iter 22070]loss: 2.8190, tokens/sec: 34156.45 ± 105.16, tokens seen: 5785518080, grad norm: 0.3627
[iter 22080]loss: 2.7689, tokens/sec: 34156.45 ± 105.13, tokens seen: 5788139520, grad norm: 0.4001
[iter 22090]loss: 3.2403, tokens/sec: 34156.44 ± 105.11, tokens seen: 5790760960, grad norm: 0.3956
[iter 22100]loss: 3.0741, tokens/sec: 34156.44 ± 105.09, tokens seen: 5793382400, grad norm: 0.4127
[iter 22110]loss: 2.9796, tokens/sec: 34156.44 ± 105.06, tokens seen: 5796003840, grad norm: 0.3375
[iter 22120]loss: 2.9079, tokens/sec: 34156.44 ± 105.04, tokens seen: 5798625280, grad norm: 0.4227
[iter 22130]loss: 2.8316, tokens/sec: 34156.44 ± 105.02, tokens seen: 5801246720, grad norm: 0.5621
[iter 22140]loss: 2.7974, tokens/sec: 34156.44 ± 104.99, tokens seen: 5803868160, grad norm: 0.4850
[iter 22150]loss: 2.9089, tokens/sec: 34156.44 ± 104.97, tokens seen: 5806489600, grad norm: 0.4712
[iter 22160]loss: 2.9610, tokens/sec: 34156.44 ± 104.95, tokens seen: 5809111040, grad norm: 0.3308
[iter 22170]loss: 3.0927, tokens/sec: 34156.44 ± 104.92, tokens seen: 5811732480, grad norm: 0.4356
[iter 22180]loss: 2.8821, tokens/sec: 34156.44 ± 104.90, tokens seen: 5814353920, grad norm: 0.5841
[iter 22190]loss: 3.0057, tokens/sec: 34156.44 ± 104.88, tokens seen: 5816975360, grad norm: 0.4605
[iter 22200]loss: 3.0058, tokens/sec: 34156.44 ± 104.85, tokens seen: 5819596800, grad norm: 0.4479
[iter 22210]loss: 3.0516, tokens/sec: 34156.44 ± 104.83, tokens seen: 5822218240, grad norm: 0.5938
[iter 22220]loss: 2.9856, tokens/sec: 34156.44 ± 104.81, tokens seen: 5824839680, grad norm: 0.4867
[iter 22230]loss: 2.8380, tokens/sec: 34156.44 ± 104.78, tokens seen: 5827461120, grad norm: 0.5585
[iter 22240]loss: 2.8359, tokens/sec: 34156.45 ± 104.76, tokens seen: 5830082560, grad norm: 0.5938
[iter 22250]loss: 3.1545, tokens/sec: 34156.45 ± 104.74, tokens seen: 5832704000, grad norm: 0.3618
[iter 22260]loss: 2.6983, tokens/sec: 34156.44 ± 104.71, tokens seen: 5835325440, grad norm: 0.4756
[iter 22270]loss: 2.8842, tokens/sec: 34156.44 ± 104.69, tokens seen: 5837946880, grad norm: 0.4071
[iter 22280]loss: 2.8734, tokens/sec: 34156.45 ± 104.67, tokens seen: 5840568320, grad norm: 0.3872
[iter 22290]loss: 2.8629, tokens/sec: 34156.44 ± 104.64, tokens seen: 5843189760, grad norm: 0.3322
[iter 22300]loss: 3.0590, tokens/sec: 34156.44 ± 104.62, tokens seen: 5845811200, grad norm: 0.4788
[iter 22310]loss: 3.0240, tokens/sec: 34156.44 ± 104.60, tokens seen: 5848432640, grad norm: 0.8959
[iter 22320]loss: 3.1923, tokens/sec: 34156.43 ± 104.58, tokens seen: 5851054080, grad norm: 0.5422
[iter 22330]loss: 2.9229, tokens/sec: 34156.43 ± 104.56, tokens seen: 5853675520, grad norm: 0.4970
[iter 22340]loss: 2.9522, tokens/sec: 34156.43 ± 104.53, tokens seen: 5856296960, grad norm: 0.5798
[iter 22350]loss: 2.9814, tokens/sec: 34156.43 ± 104.51, tokens seen: 5858918400, grad norm: 0.4977
[iter 22360]loss: 3.0504, tokens/sec: 34156.43 ± 104.49, tokens seen: 5861539840, grad norm: 0.3584
[iter 22370]loss: 2.9455, tokens/sec: 34156.43 ± 104.46, tokens seen: 5864161280, grad norm: 0.7679
[iter 22380]loss: 2.9488, tokens/sec: 34156.43 ± 104.44, tokens seen: 5866782720, grad norm: 0.3915
[iter 22390]loss: 2.7951, tokens/sec: 34156.43 ± 104.42, tokens seen: 5869404160, grad norm: 0.4629
[iter 22400]loss: 3.0671, tokens/sec: 34156.44 ± 104.40, tokens seen: 5872025600, grad norm: 0.4384
[iter 22410]loss: 3.0816, tokens/sec: 34156.43 ± 104.37, tokens seen: 5874647040, grad norm: 0.4354
[iter 22420]loss: 2.9447, tokens/sec: 34156.43 ± 104.35, tokens seen: 5877268480, grad norm: 0.4413
[iter 22430]loss: 3.1039, tokens/sec: 34156.43 ± 104.33, tokens seen: 5879889920, grad norm: 0.3752
[iter 22440]loss: 3.1402, tokens/sec: 34156.43 ± 104.30, tokens seen: 5882511360, grad norm: 0.6085
[iter 22450]loss: 2.8993, tokens/sec: 34156.43 ± 104.28, tokens seen: 5885132800, grad norm: 0.3870
[iter 22460]loss: 2.8769, tokens/sec: 34156.43 ± 104.26, tokens seen: 5887754240, grad norm: 0.3152
[iter 22470]loss: 3.0873, tokens/sec: 34156.43 ± 104.23, tokens seen: 5890375680, grad norm: 0.6017
[iter 22480]loss: 3.2066, tokens/sec: 34156.43 ± 104.21, tokens seen: 5892997120, grad norm: 0.3706
[iter 22490]loss: 2.9049, tokens/sec: 34156.43 ± 104.19, tokens seen: 5895618560, grad norm: 0.4613
[step 22500]train loss: 2.9610, val loss: 2.9621, (avg train loss: 0.1845 ± 0.0084), (avg grad norm: 0.4674 ± 0.0964)
saving checkpoint to ./out-owt-large-mhc-lite-wsd-bs8-30000step
[iter 22500]loss: 2.9940, tokens/sec: 34156.44 ± 104.19, tokens seen: 5898240000, grad norm: 0.3611
[iter 22510]loss: 3.1292, tokens/sec: 34156.47 ± 104.17, tokens seen: 5900861440, grad norm: 0.4010
[iter 22520]loss: 2.9945, tokens/sec: 34156.47 ± 104.15, tokens seen: 5903482880, grad norm: 0.3278
[iter 22530]loss: 3.2029, tokens/sec: 34156.47 ± 104.13, tokens seen: 5906104320, grad norm: 0.4019
[iter 22540]loss: 2.9042, tokens/sec: 34156.46 ± 104.11, tokens seen: 5908725760, grad norm: 0.3331
[iter 22550]loss: 3.0891, tokens/sec: 34156.47 ± 104.08, tokens seen: 5911347200, grad norm: 0.3797
[iter 22560]loss: 3.0444, tokens/sec: 34156.46 ± 104.06, tokens seen: 5913968640, grad norm: 0.3665
[iter 22570]loss: 2.8079, tokens/sec: 34156.46 ± 104.04, tokens seen: 5916590080, grad norm: 0.5509
[iter 22580]loss: 3.0766, tokens/sec: 34156.46 ± 104.01, tokens seen: 5919211520, grad norm: 0.4937
[iter 22590]loss: 2.8025, tokens/sec: 34156.46 ± 103.99, tokens seen: 5921832960, grad norm: 0.4421
[iter 22600]loss: 3.0953, tokens/sec: 34156.46 ± 103.97, tokens seen: 5924454400, grad norm: 0.3495
[iter 22610]loss: 2.9811, tokens/sec: 34156.46 ± 103.95, tokens seen: 5927075840, grad norm: 0.4006
[iter 22620]loss: 3.1447, tokens/sec: 34156.46 ± 103.92, tokens seen: 5929697280, grad norm: 0.4538
[iter 22630]loss: 2.9186, tokens/sec: 34156.46 ± 103.90, tokens seen: 5932318720, grad norm: 0.3817
[iter 22640]loss: 3.0313, tokens/sec: 34156.46 ± 103.88, tokens seen: 5934940160, grad norm: 0.4179
[iter 22650]loss: 2.9899, tokens/sec: 34156.46 ± 103.85, tokens seen: 5937561600, grad norm: 0.4286
[iter 22660]loss: 3.0007, tokens/sec: 34156.46 ± 103.83, tokens seen: 5940183040, grad norm: 0.5229
[iter 22670]loss: 2.5980, tokens/sec: 34156.46 ± 103.81, tokens seen: 5942804480, grad norm: 0.6224
[iter 22680]loss: 2.9946, tokens/sec: 34156.45 ± 103.79, tokens seen: 5945425920, grad norm: 0.4001
[iter 22690]loss: 2.9727, tokens/sec: 34156.45 ± 103.76, tokens seen: 5948047360, grad norm: 0.5118
[iter 22700]loss: 3.1285, tokens/sec: 34156.45 ± 103.74, tokens seen: 5950668800, grad norm: 0.5482
[iter 22710]loss: 3.0222, tokens/sec: 34156.45 ± 103.72, tokens seen: 5953290240, grad norm: 0.4993
[iter 22720]loss: 2.7895, tokens/sec: 34156.45 ± 103.70, tokens seen: 5955911680, grad norm: 0.5524
[iter 22730]loss: 2.9251, tokens/sec: 34156.45 ± 103.67, tokens seen: 5958533120, grad norm: 0.4844
[iter 22740]loss: 2.8291, tokens/sec: 34156.45 ± 103.65, tokens seen: 5961154560, grad norm: 0.5002
[iter 22750]loss: 2.7546, tokens/sec: 34156.45 ± 103.63, tokens seen: 5963776000, grad norm: 0.4909
[iter 22760]loss: 2.7828, tokens/sec: 34156.44 ± 103.61, tokens seen: 5966397440, grad norm: 0.4477
[iter 22770]loss: 2.9254, tokens/sec: 34156.44 ± 103.58, tokens seen: 5969018880, grad norm: 0.7852
[iter 22780]loss: 2.9576, tokens/sec: 34156.44 ± 103.56, tokens seen: 5971640320, grad norm: 0.4706
[iter 22790]loss: 3.0690, tokens/sec: 34156.44 ± 103.54, tokens seen: 5974261760, grad norm: 0.4157
[iter 22800]loss: 3.2245, tokens/sec: 34156.44 ± 103.52, tokens seen: 5976883200, grad norm: 0.3563
[iter 22810]loss: 2.9409, tokens/sec: 34156.44 ± 103.49, tokens seen: 5979504640, grad norm: 0.6540
[iter 22820]loss: 2.9809, tokens/sec: 34156.44 ± 103.47, tokens seen: 5982126080, grad norm: 0.3712
[iter 22830]loss: 3.0296, tokens/sec: 34156.44 ± 103.45, tokens seen: 5984747520, grad norm: 0.3931
[iter 22840]loss: 2.9121, tokens/sec: 34156.44 ± 103.43, tokens seen: 5987368960, grad norm: 0.4274
[iter 22850]loss: 2.8640, tokens/sec: 34156.43 ± 103.41, tokens seen: 5989990400, grad norm: 0.5048
[iter 22860]loss: 2.9721, tokens/sec: 34156.43 ± 103.38, tokens seen: 5992611840, grad norm: 0.3960
[iter 22870]loss: 2.8009, tokens/sec: 34156.43 ± 103.36, tokens seen: 5995233280, grad norm: 0.4960
[iter 22880]loss: 2.8287, tokens/sec: 34156.43 ± 103.34, tokens seen: 5997854720, grad norm: 0.4045
[iter 22890]loss: 2.8293, tokens/sec: 34156.44 ± 103.32, tokens seen: 6000476160, grad norm: 0.4356
[iter 22900]loss: 2.8477, tokens/sec: 34156.44 ± 103.29, tokens seen: 6003097600, grad norm: 0.4631
[iter 22910]loss: 3.1038, tokens/sec: 34156.43 ± 103.27, tokens seen: 6005719040, grad norm: 0.6781
[iter 22920]loss: 2.8754, tokens/sec: 34156.43 ± 103.26, tokens seen: 6008340480, grad norm: 0.4081
[iter 22930]loss: 2.9892, tokens/sec: 34156.40 ± 103.26, tokens seen: 6010961920, grad norm: 0.6206
[iter 22940]loss: 3.0822, tokens/sec: 34156.41 ± 103.24, tokens seen: 6013583360, grad norm: 0.4569
[iter 22950]loss: 2.8995, tokens/sec: 34156.41 ± 103.22, tokens seen: 6016204800, grad norm: 0.5739
[iter 22960]loss: 3.1003, tokens/sec: 34156.41 ± 103.19, tokens seen: 6018826240, grad norm: 0.5074
[iter 22970]loss: 2.8478, tokens/sec: 34156.41 ± 103.17, tokens seen: 6021447680, grad norm: 0.6292
[iter 22980]loss: 3.1410, tokens/sec: 34156.41 ± 103.15, tokens seen: 6024069120, grad norm: 0.4707
[iter 22990]loss: 3.0452, tokens/sec: 34156.41 ± 103.13, tokens seen: 6026690560, grad norm: 0.5612
[step 23000]train loss: 2.9561, val loss: 2.9667, (avg train loss: 0.1845 ± 0.0092), (avg grad norm: 0.4881 ± 0.0942)
[iter 23000]loss: 2.8222, tokens/sec: 34156.43 ± 103.13, tokens seen: 6029312000, grad norm: 0.5872
[iter 23010]loss: 2.9426, tokens/sec: 34156.45 ± 103.11, tokens seen: 6031933440, grad norm: 0.4921
[iter 23020]loss: 2.7611, tokens/sec: 34156.46 ± 103.09, tokens seen: 6034554880, grad norm: 0.5780
[iter 23030]loss: 2.8515, tokens/sec: 34156.46 ± 103.07, tokens seen: 6037176320, grad norm: 0.5882
[iter 23040]loss: 2.9304, tokens/sec: 34156.45 ± 103.05, tokens seen: 6039797760, grad norm: 0.4918
[iter 23050]loss: 2.9639, tokens/sec: 34156.45 ± 103.02, tokens seen: 6042419200, grad norm: 0.7401
[iter 23060]loss: 3.0569, tokens/sec: 34156.45 ± 103.00, tokens seen: 6045040640, grad norm: 1.0720
[iter 23070]loss: 2.8947, tokens/sec: 34156.45 ± 102.98, tokens seen: 6047662080, grad norm: 0.6514
[iter 23080]loss: 3.0438, tokens/sec: 34156.45 ± 102.96, tokens seen: 6050283520, grad norm: 0.5755
[iter 23090]loss: 3.0386, tokens/sec: 34156.45 ± 102.94, tokens seen: 6052904960, grad norm: 0.7250
[iter 23100]loss: 2.8650, tokens/sec: 34156.45 ± 102.91, tokens seen: 6055526400, grad norm: 0.7963
[iter 23110]loss: 3.0322, tokens/sec: 34156.45 ± 102.89, tokens seen: 6058147840, grad norm: 0.6731
[iter 23120]loss: 2.9444, tokens/sec: 34156.45 ± 102.87, tokens seen: 6060769280, grad norm: 0.6308
[iter 23130]loss: 3.0570, tokens/sec: 34156.45 ± 102.85, tokens seen: 6063390720, grad norm: 1.0123
[iter 23140]loss: 3.0909, tokens/sec: 34156.45 ± 102.83, tokens seen: 6066012160, grad norm: 0.5557
[iter 23150]loss: 2.8302, tokens/sec: 34156.45 ± 102.80, tokens seen: 6068633600, grad norm: 0.6210
[iter 23160]loss: 2.9317, tokens/sec: 34156.45 ± 102.78, tokens seen: 6071255040, grad norm: 0.4554
[iter 23170]loss: 3.1028, tokens/sec: 34156.45 ± 102.76, tokens seen: 6073876480, grad norm: 0.5420
[iter 23180]loss: 2.8682, tokens/sec: 34156.45 ± 102.74, tokens seen: 6076497920, grad norm: 0.5534
[iter 23190]loss: 2.8332, tokens/sec: 34156.45 ± 102.72, tokens seen: 6079119360, grad norm: 0.7445
[iter 23200]loss: 3.0112, tokens/sec: 34156.45 ± 102.69, tokens seen: 6081740800, grad norm: 0.6316
[iter 23210]loss: 2.9255, tokens/sec: 34156.46 ± 102.67, tokens seen: 6084362240, grad norm: 0.5531
[iter 23220]loss: 2.8602, tokens/sec: 34156.46 ± 102.65, tokens seen: 6086983680, grad norm: 0.5406
[iter 23230]loss: 2.7924, tokens/sec: 34156.46 ± 102.63, tokens seen: 6089605120, grad norm: 0.7242
[iter 23240]loss: 3.0071, tokens/sec: 34156.46 ± 102.61, tokens seen: 6092226560, grad norm: 0.4713
[iter 23250]loss: 3.0679, tokens/sec: 34156.46 ± 102.59, tokens seen: 6094848000, grad norm: 0.4928
[iter 23260]loss: 2.8228, tokens/sec: 34156.46 ± 102.56, tokens seen: 6097469440, grad norm: 0.6225
[iter 23270]loss: 2.8009, tokens/sec: 34156.45 ± 102.56, tokens seen: 6100090880, grad norm: 0.6580
[iter 23280]loss: 3.0130, tokens/sec: 34156.45 ± 102.54, tokens seen: 6102712320, grad norm: 0.5017
[iter 23290]loss: 2.7796, tokens/sec: 34156.45 ± 102.51, tokens seen: 6105333760, grad norm: 0.5772
[iter 23300]loss: 3.0504, tokens/sec: 34156.43 ± 102.55, tokens seen: 6107955200, grad norm: 0.4811
[iter 23310]loss: 2.9411, tokens/sec: 34156.43 ± 102.53, tokens seen: 6110576640, grad norm: 0.5835
[iter 23320]loss: 2.7669, tokens/sec: 34156.43 ± 102.50, tokens seen: 6113198080, grad norm: 0.5473
[iter 23330]loss: 3.0760, tokens/sec: 34156.43 ± 102.48, tokens seen: 6115819520, grad norm: 0.7246
[iter 23340]loss: 2.5352, tokens/sec: 34156.43 ± 102.46, tokens seen: 6118440960, grad norm: 0.5766
[iter 23350]loss: 3.1091, tokens/sec: 34156.43 ± 102.44, tokens seen: 6121062400, grad norm: 0.5076
[iter 23360]loss: 2.7593, tokens/sec: 34156.43 ± 102.42, tokens seen: 6123683840, grad norm: 0.6513
[iter 23370]loss: 3.0989, tokens/sec: 34156.43 ± 102.40, tokens seen: 6126305280, grad norm: 0.6973
[iter 23380]loss: 3.0387, tokens/sec: 34156.43 ± 102.37, tokens seen: 6128926720, grad norm: 0.8973
[iter 23390]loss: 2.9471, tokens/sec: 34156.43 ± 102.35, tokens seen: 6131548160, grad norm: 0.6276
[iter 23400]loss: 2.9935, tokens/sec: 34156.43 ± 102.33, tokens seen: 6134169600, grad norm: 0.7534
[iter 23410]loss: 2.9557, tokens/sec: 34156.43 ± 102.31, tokens seen: 6136791040, grad norm: 0.5565
[iter 23420]loss: 2.5983, tokens/sec: 34156.43 ± 102.29, tokens seen: 6139412480, grad norm: 0.6295
[iter 23430]loss: 3.0662, tokens/sec: 34156.43 ± 102.27, tokens seen: 6142033920, grad norm: 0.5265
[iter 23440]loss: 2.9011, tokens/sec: 34156.43 ± 102.24, tokens seen: 6144655360, grad norm: 0.5568
[iter 23450]loss: 2.9232, tokens/sec: 34156.44 ± 102.22, tokens seen: 6147276800, grad norm: 0.5377
[iter 23460]loss: 2.9119, tokens/sec: 34156.43 ± 102.20, tokens seen: 6149898240, grad norm: 0.7707
[iter 23470]loss: 2.8921, tokens/sec: 34156.44 ± 102.18, tokens seen: 6152519680, grad norm: 0.7874
[iter 23480]loss: 3.1316, tokens/sec: 34156.44 ± 102.16, tokens seen: 6155141120, grad norm: 0.7126
[iter 23490]loss: 3.0662, tokens/sec: 34156.44 ± 102.14, tokens seen: 6157762560, grad norm: 0.8184
[step 23500]train loss: 2.9501, val loss: 2.9612, (avg train loss: 0.1834 ± 0.0089), (avg grad norm: 0.6547 ± 0.1438)
saving checkpoint to ./out-owt-large-mhc-lite-wsd-bs8-30000step
[iter 23500]loss: 2.8322, tokens/sec: 34156.45 ± 102.14, tokens seen: 6160384000, grad norm: 0.4972
[iter 23510]loss: 2.9851, tokens/sec: 34156.47 ± 102.12, tokens seen: 6163005440, grad norm: 0.7985
[iter 23520]loss: 3.0027, tokens/sec: 34156.48 ± 102.10, tokens seen: 6165626880, grad norm: 0.7139
[iter 23530]loss: 3.0990, tokens/sec: 34156.47 ± 102.08, tokens seen: 6168248320, grad norm: 0.5420
[iter 23540]loss: 2.9368, tokens/sec: 34156.47 ± 102.06, tokens seen: 6170869760, grad norm: 1.0679
[iter 23550]loss: 2.9015, tokens/sec: 34156.46 ± 102.04, tokens seen: 6173491200, grad norm: 0.6623
[iter 23560]loss: 2.8801, tokens/sec: 34156.46 ± 102.02, tokens seen: 6176112640, grad norm: 0.4764
[iter 23570]loss: 3.0352, tokens/sec: 34156.46 ± 102.00, tokens seen: 6178734080, grad norm: 0.5806
[iter 23580]loss: 2.6605, tokens/sec: 34156.46 ± 101.98, tokens seen: 6181355520, grad norm: 0.7493
[iter 23590]loss: 2.9916, tokens/sec: 34156.46 ± 101.96, tokens seen: 6183976960, grad norm: 0.7147
[iter 23600]loss: 3.0659, tokens/sec: 34156.46 ± 101.93, tokens seen: 6186598400, grad norm: 1.0375
[iter 23610]loss: 2.9945, tokens/sec: 34156.46 ± 101.91, tokens seen: 6189219840, grad norm: 1.1875
[iter 23620]loss: 2.8189, tokens/sec: 34156.45 ± 101.89, tokens seen: 6191841280, grad norm: 0.5820
[iter 23630]loss: 2.9558, tokens/sec: 34156.45 ± 101.87, tokens seen: 6194462720, grad norm: 0.9700
[iter 23640]loss: 3.1565, tokens/sec: 34156.45 ± 101.85, tokens seen: 6197084160, grad norm: 0.7857
[iter 23650]loss: 3.1252, tokens/sec: 34156.46 ± 101.83, tokens seen: 6199705600, grad norm: 0.7375
[iter 23660]loss: 3.0853, tokens/sec: 34156.45 ± 101.81, tokens seen: 6202327040, grad norm: 0.6018
[iter 23670]loss: 2.9721, tokens/sec: 34156.45 ± 101.79, tokens seen: 6204948480, grad norm: 0.6404
[iter 23680]loss: 2.8419, tokens/sec: 34156.45 ± 101.77, tokens seen: 6207569920, grad norm: 0.6723
[iter 23690]loss: 3.3949, tokens/sec: 34156.44 ± 101.75, tokens seen: 6210191360, grad norm: 0.4840
[iter 23700]loss: 2.9565, tokens/sec: 34156.44 ± 101.73, tokens seen: 6212812800, grad norm: 0.6841
[iter 23710]loss: 3.0303, tokens/sec: 34156.44 ± 101.71, tokens seen: 6215434240, grad norm: 0.5772
[iter 23720]loss: 2.9901, tokens/sec: 34156.44 ± 101.69, tokens seen: 6218055680, grad norm: 0.5861
[iter 23730]loss: 2.9450, tokens/sec: 34156.44 ± 101.67, tokens seen: 6220677120, grad norm: 0.5243
[iter 23740]loss: 3.1509, tokens/sec: 34156.44 ± 101.65, tokens seen: 6223298560, grad norm: 0.6824
[iter 23750]loss: 2.8792, tokens/sec: 34156.44 ± 101.63, tokens seen: 6225920000, grad norm: 0.5777
[iter 23760]loss: 3.1299, tokens/sec: 34156.44 ± 101.60, tokens seen: 6228541440, grad norm: 0.6019
[iter 23770]loss: 2.8674, tokens/sec: 34156.44 ± 101.58, tokens seen: 6231162880, grad norm: 0.6412
[iter 23780]loss: 3.2299, tokens/sec: 34156.45 ± 101.56, tokens seen: 6233784320, grad norm: 0.8739
[iter 23790]loss: 2.8447, tokens/sec: 34156.44 ± 101.54, tokens seen: 6236405760, grad norm: 1.1896
[iter 23800]loss: 2.9812, tokens/sec: 34156.45 ± 101.52, tokens seen: 6239027200, grad norm: 0.7845
[iter 23810]loss: 3.0443, tokens/sec: 34156.45 ± 101.50, tokens seen: 6241648640, grad norm: 0.6878
[iter 23820]loss: 3.0091, tokens/sec: 34156.45 ± 101.48, tokens seen: 6244270080, grad norm: 0.7632
[iter 23830]loss: 3.1608, tokens/sec: 34156.45 ± 101.46, tokens seen: 6246891520, grad norm: 0.9064
[iter 23840]loss: 2.9879, tokens/sec: 34156.45 ± 101.44, tokens seen: 6249512960, grad norm: 0.5262
[iter 23850]loss: 3.0589, tokens/sec: 34156.45 ± 101.41, tokens seen: 6252134400, grad norm: 0.8489
[iter 23860]loss: 2.9851, tokens/sec: 34156.45 ± 101.39, tokens seen: 6254755840, grad norm: 0.5830
[iter 23870]loss: 2.8354, tokens/sec: 34156.45 ± 101.37, tokens seen: 6257377280, grad norm: 0.7498
[iter 23880]loss: 3.1065, tokens/sec: 34156.45 ± 101.35, tokens seen: 6259998720, grad norm: 0.8799
[iter 23890]loss: 3.0442, tokens/sec: 34156.45 ± 101.33, tokens seen: 6262620160, grad norm: 0.5709
[iter 23900]loss: 2.8200, tokens/sec: 34156.45 ± 101.31, tokens seen: 6265241600, grad norm: 0.7824
[iter 23910]loss: 2.9866, tokens/sec: 34156.45 ± 101.29, tokens seen: 6267863040, grad norm: 0.5804
[iter 23920]loss: 2.8329, tokens/sec: 34156.45 ± 101.27, tokens seen: 6270484480, grad norm: 0.5634
[iter 23930]loss: 2.8571, tokens/sec: 34156.45 ± 101.25, tokens seen: 6273105920, grad norm: 0.7980
[iter 23940]loss: 2.6742, tokens/sec: 34156.45 ± 101.23, tokens seen: 6275727360, grad norm: 0.5309
[iter 23950]loss: 2.7502, tokens/sec: 34156.45 ± 101.20, tokens seen: 6278348800, grad norm: 0.6176
[iter 23960]loss: 3.0783, tokens/sec: 34156.44 ± 101.18, tokens seen: 6280970240, grad norm: 1.1376
[iter 23970]loss: 2.9342, tokens/sec: 34156.45 ± 101.16, tokens seen: 6283591680, grad norm: 0.7405
[iter 23980]loss: 2.9090, tokens/sec: 34156.45 ± 101.14, tokens seen: 6286213120, grad norm: 0.7406
[iter 23990]loss: 2.8347, tokens/sec: 34156.45 ± 101.12, tokens seen: 6288834560, grad norm: 0.7409
[step 24000]train loss: 2.9474, val loss: 2.9585, (avg train loss: 0.1847 ± 0.0077), (avg grad norm: 0.7171 ± 0.1676)
saving checkpoint to ./out-owt-large-mhc-lite-wsd-bs8-30000step
[iter 24000]loss: 2.8588, tokens/sec: 34156.46 ± 101.12, tokens seen: 6291456000, grad norm: 0.6500
[iter 24010]loss: 2.9603, tokens/sec: 34156.48 ± 101.11, tokens seen: 6294077440, grad norm: 0.6207
[iter 24020]loss: 3.0538, tokens/sec: 34156.48 ± 101.09, tokens seen: 6296698880, grad norm: 0.7560
[iter 24030]loss: 2.6916, tokens/sec: 34156.48 ± 101.06, tokens seen: 6299320320, grad norm: 1.2002
[iter 24040]loss: 2.8696, tokens/sec: 34156.48 ± 101.04, tokens seen: 6301941760, grad norm: 0.9081
[iter 24050]loss: 2.9977, tokens/sec: 34156.48 ± 101.02, tokens seen: 6304563200, grad norm: 0.5017
[iter 24060]loss: 2.9535, tokens/sec: 34156.48 ± 101.00, tokens seen: 6307184640, grad norm: 0.6301
[iter 24070]loss: 2.9159, tokens/sec: 34156.48 ± 100.98, tokens seen: 6309806080, grad norm: 0.8820
[iter 24080]loss: 2.9915, tokens/sec: 34156.48 ± 100.96, tokens seen: 6312427520, grad norm: 0.7131
[iter 24090]loss: 2.9149, tokens/sec: 34156.48 ± 100.94, tokens seen: 6315048960, grad norm: 0.8744
[iter 24100]loss: 2.6312, tokens/sec: 34156.48 ± 100.92, tokens seen: 6317670400, grad norm: 0.7495
[iter 24110]loss: 2.8799, tokens/sec: 34156.49 ± 100.90, tokens seen: 6320291840, grad norm: 1.2327
[iter 24120]loss: 2.9745, tokens/sec: 34156.49 ± 100.88, tokens seen: 6322913280, grad norm: 0.7347
[iter 24130]loss: 3.3530, tokens/sec: 34156.49 ± 100.86, tokens seen: 6325534720, grad norm: 0.7221
[iter 24140]loss: 2.7673, tokens/sec: 34156.49 ± 100.84, tokens seen: 6328156160, grad norm: 0.8601
[iter 24150]loss: 2.9708, tokens/sec: 34156.49 ± 100.82, tokens seen: 6330777600, grad norm: 1.0760
[iter 24160]loss: 2.7361, tokens/sec: 34156.49 ± 100.80, tokens seen: 6333399040, grad norm: 1.2991
[iter 24170]loss: 3.0515, tokens/sec: 34156.49 ± 100.77, tokens seen: 6336020480, grad norm: 0.9238
[iter 24180]loss: 3.0367, tokens/sec: 34156.49 ± 100.75, tokens seen: 6338641920, grad norm: 1.1356
[iter 24190]loss: 2.9111, tokens/sec: 34156.49 ± 100.73, tokens seen: 6341263360, grad norm: 0.7693
[iter 24200]loss: 2.8323, tokens/sec: 34156.49 ± 100.71, tokens seen: 6343884800, grad norm: 1.1430
[iter 24210]loss: 2.8855, tokens/sec: 34156.49 ± 100.69, tokens seen: 6346506240, grad norm: 0.5737
[iter 24220]loss: 3.0997, tokens/sec: 34156.49 ± 100.67, tokens seen: 6349127680, grad norm: 0.7745
[iter 24230]loss: 3.2004, tokens/sec: 34156.49 ± 100.65, tokens seen: 6351749120, grad norm: 1.4499
[iter 24240]loss: 2.8396, tokens/sec: 34156.50 ± 100.63, tokens seen: 6354370560, grad norm: 1.2276
[iter 24250]loss: 3.0038, tokens/sec: 34156.50 ± 100.61, tokens seen: 6356992000, grad norm: 0.7469
[iter 24260]loss: 3.0092, tokens/sec: 34156.50 ± 100.59, tokens seen: 6359613440, grad norm: 0.9529
[iter 24270]loss: 2.9523, tokens/sec: 34156.49 ± 100.57, tokens seen: 6362234880, grad norm: 1.1622
[iter 24280]loss: 2.9946, tokens/sec: 34156.49 ± 100.55, tokens seen: 6364856320, grad norm: 0.6522
[iter 24290]loss: 2.8170, tokens/sec: 34156.50 ± 100.53, tokens seen: 6367477760, grad norm: 0.5929
[iter 24300]loss: 3.0421, tokens/sec: 34156.50 ± 100.51, tokens seen: 6370099200, grad norm: 1.5386
[iter 24310]loss: 3.1255, tokens/sec: 34156.50 ± 100.49, tokens seen: 6372720640, grad norm: 1.1259
[iter 24320]loss: 2.7790, tokens/sec: 34156.50 ± 100.47, tokens seen: 6375342080, grad norm: 1.1128
[iter 24330]loss: 2.8109, tokens/sec: 34156.50 ± 100.45, tokens seen: 6377963520, grad norm: 2.4010
[iter 24340]loss: 3.1673, tokens/sec: 34156.51 ± 100.43, tokens seen: 6380584960, grad norm: 1.4392
[iter 24350]loss: 3.0857, tokens/sec: 34156.50 ± 100.41, tokens seen: 6383206400, grad norm: 1.4109
[iter 24360]loss: 2.9036, tokens/sec: 34156.51 ± 100.39, tokens seen: 6385827840, grad norm: 1.0978
[iter 24370]loss: 3.0986, tokens/sec: 34156.51 ± 100.37, tokens seen: 6388449280, grad norm: 1.9150
[iter 24380]loss: 2.7809, tokens/sec: 34156.51 ± 100.35, tokens seen: 6391070720, grad norm: 2.4564
[iter 24390]loss: 3.0277, tokens/sec: 34156.51 ± 100.32, tokens seen: 6393692160, grad norm: 1.4606
[iter 24400]loss: 3.0438, tokens/sec: 34156.51 ± 100.30, tokens seen: 6396313600, grad norm: 2.3897
[iter 24410]loss: 2.6362, tokens/sec: 34156.51 ± 100.28, tokens seen: 6398935040, grad norm: 2.3618
[iter 24420]loss: 2.9804, tokens/sec: 34156.51 ± 100.26, tokens seen: 6401556480, grad norm: 1.7305
[iter 24430]loss: 3.1446, tokens/sec: 34156.51 ± 100.24, tokens seen: 6404177920, grad norm: 5.4948
[iter 24440]loss: 3.1657, tokens/sec: 34156.51 ± 100.22, tokens seen: 6406799360, grad norm: 42.1622
[iter 24450]loss: 2.9837, tokens/sec: 34156.51 ± 100.20, tokens seen: 6409420800, grad norm: 3.5832
[iter 24460]loss: 2.6948, tokens/sec: 34156.51 ± 100.18, tokens seen: 6412042240, grad norm: 40.9224
[iter 24470]loss: 2.8415, tokens/sec: 34156.52 ± 100.16, tokens seen: 6414663680, grad norm: 17.5963
[iter 24480]loss: 3.5934, tokens/sec: 34156.52 ± 100.14, tokens seen: 6417285120, grad norm: 122.3635
[iter 24490]loss: 3.3307, tokens/sec: 34156.52 ± 100.12, tokens seen: 6419906560, grad norm: 25.7700
[step 24500]train loss: 3.4098, val loss: 3.4109, (avg train loss: 0.1894 ± 0.0119), (avg grad norm: 15.9060 ± 35.0150)
[iter 24500]loss: 3.3650, tokens/sec: 34156.53 ± 100.12, tokens seen: 6422528000, grad norm: 81.0907
[iter 24510]loss: 3.5383, tokens/sec: 34156.56 ± 100.11, tokens seen: 6425149440, grad norm: 115.8499
[iter 24520]loss: 3.2130, tokens/sec: 34156.56 ± 100.09, tokens seen: 6427770880, grad norm: 24.3762
[iter 24530]loss: 3.2976, tokens/sec: 34156.56 ± 100.07, tokens seen: 6430392320, grad norm: 20.8983
[iter 24540]loss: 3.3306, tokens/sec: 34156.56 ± 100.05, tokens seen: 6433013760, grad norm: 4.4206
[iter 24550]loss: 3.0254, tokens/sec: 34156.56 ± 100.03, tokens seen: 6435635200, grad norm: 5.7833
[iter 24560]loss: 3.3346, tokens/sec: 34156.56 ± 100.01, tokens seen: 6438256640, grad norm: 11.6172
[iter 24570]loss: 3.1503, tokens/sec: 34156.56 ± 99.99, tokens seen: 6440878080, grad norm: 20.2508
[iter 24580]loss: 3.2055, tokens/sec: 34156.56 ± 99.97, tokens seen: 6443499520, grad norm: 4.9959
[iter 24590]loss: 2.9900, tokens/sec: 34156.56 ± 99.95, tokens seen: 6446120960, grad norm: 5.4223
[iter 24600]loss: 3.1946, tokens/sec: 34156.56 ± 99.93, tokens seen: 6448742400, grad norm: 3.2706
[iter 24610]loss: 3.0548, tokens/sec: 34156.56 ± 99.91, tokens seen: 6451363840, grad norm: 3.6243
[iter 24620]loss: 3.1334, tokens/sec: 34156.56 ± 99.89, tokens seen: 6453985280, grad norm: 2.7221
[iter 24630]loss: 2.9301, tokens/sec: 34156.56 ± 99.87, tokens seen: 6456606720, grad norm: 3.7685
[iter 24640]loss: 2.9681, tokens/sec: 34156.56 ± 99.85, tokens seen: 6459228160, grad norm: 3.7845
[iter 24650]loss: 2.9642, tokens/sec: 34156.56 ± 99.83, tokens seen: 6461849600, grad norm: 11.4887
[iter 24660]loss: 3.0498, tokens/sec: 34156.56 ± 99.81, tokens seen: 6464471040, grad norm: 2.2703
[iter 24670]loss: 3.0624, tokens/sec: 34156.56 ± 99.79, tokens seen: 6467092480, grad norm: 3.3186
[iter 24680]loss: 3.1150, tokens/sec: 34156.56 ± 99.77, tokens seen: 6469713920, grad norm: 2.3640
[iter 24690]loss: 3.2090, tokens/sec: 34156.56 ± 99.75, tokens seen: 6472335360, grad norm: 2.9759
[iter 24700]loss: 2.9939, tokens/sec: 34156.56 ± 99.73, tokens seen: 6474956800, grad norm: 2.7332
[iter 24710]loss: 2.6627, tokens/sec: 34156.56 ± 99.71, tokens seen: 6477578240, grad norm: 1.9923
[iter 24720]loss: 3.2173, tokens/sec: 34156.56 ± 99.69, tokens seen: 6480199680, grad norm: 1.6618
[iter 24730]loss: 2.9445, tokens/sec: 34156.56 ± 99.67, tokens seen: 6482821120, grad norm: 1.5771
[iter 24740]loss: 3.1399, tokens/sec: 34156.56 ± 99.65, tokens seen: 6485442560, grad norm: 1.6324
[iter 24750]loss: 2.9586, tokens/sec: 34156.56 ± 99.63, tokens seen: 6488064000, grad norm: 2.0835
[iter 24760]loss: 3.3240, tokens/sec: 34156.56 ± 99.61, tokens seen: 6490685440, grad norm: 1.5218
[iter 24770]loss: 3.3470, tokens/sec: 34156.56 ± 99.59, tokens seen: 6493306880, grad norm: 3.2862
[iter 24780]loss: 2.8326, tokens/sec: 34156.56 ± 99.57, tokens seen: 6495928320, grad norm: 3.6645
[iter 24790]loss: 3.0201, tokens/sec: 34156.56 ± 99.55, tokens seen: 6498549760, grad norm: 1.8927
[iter 24800]loss: 2.8891, tokens/sec: 34156.56 ± 99.53, tokens seen: 6501171200, grad norm: 2.7085
[iter 24810]loss: 3.0183, tokens/sec: 34156.56 ± 99.51, tokens seen: 6503792640, grad norm: 2.6674
[iter 24820]loss: 2.8800, tokens/sec: 34156.56 ± 99.49, tokens seen: 6506414080, grad norm: 3.2948
[iter 24830]loss: 2.9847, tokens/sec: 34156.56 ± 99.47, tokens seen: 6509035520, grad norm: 1.4353
[iter 24840]loss: 2.9896, tokens/sec: 34156.56 ± 99.45, tokens seen: 6511656960, grad norm: 2.6752
[iter 24850]loss: 3.2647, tokens/sec: 34156.56 ± 99.43, tokens seen: 6514278400, grad norm: 6.5837
[iter 24860]loss: 3.0882, tokens/sec: 34156.56 ± 99.41, tokens seen: 6516899840, grad norm: 7.4222
[iter 24870]loss: 3.2452, tokens/sec: 34156.56 ± 99.39, tokens seen: 6519521280, grad norm: 6.2159
[iter 24880]loss: 2.9124, tokens/sec: 34156.56 ± 99.37, tokens seen: 6522142720, grad norm: 4.8746
[iter 24890]loss: 3.3002, tokens/sec: 34156.56 ± 99.35, tokens seen: 6524764160, grad norm: 27.5504
[iter 24900]loss: 2.9194, tokens/sec: 34156.56 ± 99.33, tokens seen: 6527385600, grad norm: 7.6233
[iter 24910]loss: 3.1818, tokens/sec: 34156.56 ± 99.31, tokens seen: 6530007040, grad norm: 5.2175
[iter 24920]loss: 3.0082, tokens/sec: 34156.56 ± 99.29, tokens seen: 6532628480, grad norm: 8.0633
[iter 24930]loss: 3.2411, tokens/sec: 34156.56 ± 99.27, tokens seen: 6535249920, grad norm: 6.0173
[iter 24940]loss: 2.9857, tokens/sec: 34156.56 ± 99.25, tokens seen: 6537871360, grad norm: 1.3949
[iter 24950]loss: 3.0880, tokens/sec: 34156.56 ± 99.23, tokens seen: 6540492800, grad norm: 4.0820
[iter 24960]loss: 3.1168, tokens/sec: 34156.56 ± 99.21, tokens seen: 6543114240, grad norm: 4.2922
[iter 24970]loss: 3.1878, tokens/sec: 34156.56 ± 99.19, tokens seen: 6545735680, grad norm: 6.9452
[iter 24980]loss: 2.9212, tokens/sec: 34156.56 ± 99.18, tokens seen: 6548357120, grad norm: 9.9651
[iter 24990]loss: 3.2268, tokens/sec: 34156.56 ± 99.16, tokens seen: 6550978560, grad norm: 7.9507
[step 25000]train loss: 3.0440, val loss: 3.0543, (avg train loss: 0.1903 ± 0.0083), (avg grad norm: 7.7427 ± 6.4118)
[iter 25000]loss: 2.8192, tokens/sec: 34156.57 ± 99.15, tokens seen: 6553600000, grad norm: 5.3337
[iter 25010]loss: 3.0689, tokens/sec: 34156.59 ± 99.14, tokens seen: 6556221440, grad norm: 1.7893
[iter 25020]loss: 3.1059, tokens/sec: 34156.60 ± 99.12, tokens seen: 6558842880, grad norm: 1.8116
[iter 25030]loss: 3.1543, tokens/sec: 34156.59 ± 99.10, tokens seen: 6561464320, grad norm: 3.3452
[iter 25040]loss: 3.2729, tokens/sec: 34156.59 ± 99.08, tokens seen: 6564085760, grad norm: 2.9945
[iter 25050]loss: 3.0493, tokens/sec: 34156.59 ± 99.06, tokens seen: 6566707200, grad norm: 4.2072
[iter 25060]loss: 3.2002, tokens/sec: 34156.59 ± 99.04, tokens seen: 6569328640, grad norm: 2.5805
[iter 25070]loss: 3.1740, tokens/sec: 34156.59 ± 99.02, tokens seen: 6571950080, grad norm: 3.7665
[iter 25080]loss: 3.0714, tokens/sec: 34156.59 ± 99.00, tokens seen: 6574571520, grad norm: 2.9801
[iter 25090]loss: 2.9964, tokens/sec: 34156.59 ± 98.98, tokens seen: 6577192960, grad norm: 2.1870
[iter 25100]loss: 2.8428, tokens/sec: 34156.58 ± 98.96, tokens seen: 6579814400, grad norm: 2.4148
[iter 25110]loss: 3.1859, tokens/sec: 34156.58 ± 98.94, tokens seen: 6582435840, grad norm: 4.5308
[iter 25120]loss: 2.8620, tokens/sec: 34156.58 ± 98.93, tokens seen: 6585057280, grad norm: 2.0781
[iter 25130]loss: 2.7720, tokens/sec: 34156.58 ± 98.91, tokens seen: 6587678720, grad norm: 2.3705
[iter 25140]loss: 3.1473, tokens/sec: 34156.58 ± 98.89, tokens seen: 6590300160, grad norm: 2.1492
[iter 25150]loss: 3.1008, tokens/sec: 34156.58 ± 98.87, tokens seen: 6592921600, grad norm: 1.3105
[iter 25160]loss: 3.0055, tokens/sec: 34156.58 ± 98.85, tokens seen: 6595543040, grad norm: 2.4004
[iter 25170]loss: 3.0327, tokens/sec: 34156.58 ± 98.83, tokens seen: 6598164480, grad norm: 21.4286
[iter 25180]loss: 3.0131, tokens/sec: 34156.58 ± 98.81, tokens seen: 6600785920, grad norm: 47.3229
[iter 25190]loss: 3.2251, tokens/sec: 34156.58 ± 98.79, tokens seen: 6603407360, grad norm: 12.8280
[iter 25200]loss: 3.0052, tokens/sec: 34156.58 ± 98.77, tokens seen: 6606028800, grad norm: 21.8147
[iter 25210]loss: 2.8848, tokens/sec: 34156.58 ± 98.75, tokens seen: 6608650240, grad norm: 46.1177
[iter 25220]loss: 2.9731, tokens/sec: 34156.58 ± 98.73, tokens seen: 6611271680, grad norm: 29.8262
[iter 25230]loss: 2.9007, tokens/sec: 34156.58 ± 98.71, tokens seen: 6613893120, grad norm: 23.8258
[iter 25240]loss: 3.2298, tokens/sec: 34156.58 ± 98.69, tokens seen: 6616514560, grad norm: 22.1389
[iter 25250]loss: 3.3329, tokens/sec: 34156.58 ± 98.68, tokens seen: 6619136000, grad norm: 4.9457
[iter 25260]loss: 3.0957, tokens/sec: 34156.58 ± 98.66, tokens seen: 6621757440, grad norm: 3.7792
[iter 25270]loss: 2.8954, tokens/sec: 34156.57 ± 98.64, tokens seen: 6624378880, grad norm: 3.4183
[iter 25280]loss: 3.0226, tokens/sec: 34156.57 ± 98.62, tokens seen: 6627000320, grad norm: 3.2037
[iter 25290]loss: 2.6320, tokens/sec: 34156.57 ± 98.60, tokens seen: 6629621760, grad norm: 3.9246
[iter 25300]loss: 3.1627, tokens/sec: 34156.57 ± 98.58, tokens seen: 6632243200, grad norm: 11.9830
[iter 25310]loss: 3.4779, tokens/sec: 34156.57 ± 98.56, tokens seen: 6634864640, grad norm: 48.0903
[iter 25320]loss: 3.1593, tokens/sec: 34156.57 ± 98.54, tokens seen: 6637486080, grad norm: 47.4350
[iter 25330]loss: 3.1733, tokens/sec: 34156.57 ± 98.52, tokens seen: 6640107520, grad norm: 47.1530
[iter 25340]loss: 3.2858, tokens/sec: 34156.57 ± 98.50, tokens seen: 6642728960, grad norm: 91.9064
[iter 25350]loss: 3.3303, tokens/sec: 34156.56 ± 98.48, tokens seen: 6645350400, grad norm: 39.7721
[iter 25360]loss: 3.1410, tokens/sec: 34156.56 ± 98.46, tokens seen: 6647971840, grad norm: 39.7058
[iter 25370]loss: 3.1652, tokens/sec: 34156.56 ± 98.44, tokens seen: 6650593280, grad norm: 59.2011
[iter 25380]loss: 2.9940, tokens/sec: 34156.56 ± 98.43, tokens seen: 6653214720, grad norm: 18.7042
[iter 25390]loss: 3.0908, tokens/sec: 34156.56 ± 98.41, tokens seen: 6655836160, grad norm: 35.3225
[iter 25400]loss: 3.3188, tokens/sec: 34156.56 ± 98.39, tokens seen: 6658457600, grad norm: 45.1886
[iter 25410]loss: 2.9871, tokens/sec: 34156.56 ± 98.37, tokens seen: 6661079040, grad norm: 22.9220
[iter 25420]loss: 2.9382, tokens/sec: 34156.56 ± 98.35, tokens seen: 6663700480, grad norm: 19.6752
[iter 25430]loss: 2.8257, tokens/sec: 34156.55 ± 98.33, tokens seen: 6666321920, grad norm: 17.4714
[iter 25440]loss: 2.9547, tokens/sec: 34156.55 ± 98.31, tokens seen: 6668943360, grad norm: 2.8229
[iter 25450]loss: 3.2014, tokens/sec: 34156.55 ± 98.29, tokens seen: 6671564800, grad norm: 4.5979
[iter 25460]loss: 3.1120, tokens/sec: 34156.55 ± 98.27, tokens seen: 6674186240, grad norm: 5.5574
[iter 25470]loss: 3.1252, tokens/sec: 34156.55 ± 98.25, tokens seen: 6676807680, grad norm: 5.8033
[iter 25480]loss: 3.0468, tokens/sec: 34156.55 ± 98.24, tokens seen: 6679429120, grad norm: 4.8392
[iter 25490]loss: 3.2772, tokens/sec: 34156.55 ± 98.22, tokens seen: 6682050560, grad norm: 3.2654
[step 25500]train loss: 3.0235, val loss: 3.0597, (avg train loss: 0.1929 ± 0.0094), (avg grad norm: 34.5978 ± 51.9244)
[iter 25500]loss: 2.7293, tokens/sec: 34156.56 ± 98.22, tokens seen: 6684672000, grad norm: 3.8002
[iter 25510]loss: 3.0321, tokens/sec: 34156.58 ± 98.20, tokens seen: 6687293440, grad norm: 5.9496
[iter 25520]loss: 2.8512, tokens/sec: 34156.58 ± 98.18, tokens seen: 6689914880, grad norm: 3.8021
[iter 25530]loss: 3.1196, tokens/sec: 34156.58 ± 98.16, tokens seen: 6692536320, grad norm: 2.8062
[iter 25540]loss: 2.9025, tokens/sec: 34156.58 ± 98.14, tokens seen: 6695157760, grad norm: 4.4113
[iter 25550]loss: 3.0950, tokens/sec: 34156.58 ± 98.13, tokens seen: 6697779200, grad norm: 8.0414
[iter 25560]loss: 3.0259, tokens/sec: 34156.58 ± 98.11, tokens seen: 6700400640, grad norm: 4.0477
[iter 25570]loss: 2.8109, tokens/sec: 34156.58 ± 98.09, tokens seen: 6703022080, grad norm: 1.5754
[iter 25580]loss: 3.1368, tokens/sec: 34156.58 ± 98.07, tokens seen: 6705643520, grad norm: 0.5325
[iter 25590]loss: 3.0398, tokens/sec: 34156.58 ± 98.05, tokens seen: 6708264960, grad norm: 0.6014
[iter 25600]loss: 3.3105, tokens/sec: 34156.58 ± 98.03, tokens seen: 6710886400, grad norm: 0.6153
[iter 25610]loss: 2.6999, tokens/sec: 34156.58 ± 98.01, tokens seen: 6713507840, grad norm: 1.1706
[iter 25620]loss: 3.2358, tokens/sec: 34156.58 ± 97.99, tokens seen: 6716129280, grad norm: 1.5019
[iter 25630]loss: 2.9288, tokens/sec: 34156.58 ± 97.98, tokens seen: 6718750720, grad norm: 0.8403
[iter 25640]loss: 2.9841, tokens/sec: 34156.58 ± 97.96, tokens seen: 6721372160, grad norm: 0.8768
[iter 25650]loss: 2.7336, tokens/sec: 34156.58 ± 97.94, tokens seen: 6723993600, grad norm: 0.8740
[iter 25660]loss: 3.0345, tokens/sec: 34156.58 ± 97.92, tokens seen: 6726615040, grad norm: 7.5061
[iter 25670]loss: 3.0374, tokens/sec: 34156.58 ± 97.90, tokens seen: 6729236480, grad norm: 0.7537
[iter 25680]loss: 2.8985, tokens/sec: 34156.58 ± 97.88, tokens seen: 6731857920, grad norm: 0.9371
[iter 25690]loss: 2.8892, tokens/sec: 34156.58 ± 97.86, tokens seen: 6734479360, grad norm: 1.3891
[iter 25700]loss: 3.0339, tokens/sec: 34156.58 ± 97.84, tokens seen: 6737100800, grad norm: 0.5828
[iter 25710]loss: 2.8366, tokens/sec: 34156.58 ± 97.83, tokens seen: 6739722240, grad norm: 0.9633
[iter 25720]loss: 3.0403, tokens/sec: 34156.58 ± 97.81, tokens seen: 6742343680, grad norm: 0.8300
[iter 25730]loss: 3.2309, tokens/sec: 34156.58 ± 97.79, tokens seen: 6744965120, grad norm: 1.4267
[iter 25740]loss: 3.1040, tokens/sec: 34156.58 ± 97.77, tokens seen: 6747586560, grad norm: 2.6623
[iter 25750]loss: 3.0586, tokens/sec: 34156.58 ± 97.75, tokens seen: 6750208000, grad norm: 1.8666
[iter 25760]loss: 2.8048, tokens/sec: 34156.58 ± 97.73, tokens seen: 6752829440, grad norm: 1.4514
[iter 25770]loss: 2.9850, tokens/sec: 34156.58 ± 97.71, tokens seen: 6755450880, grad norm: 1.4597
[iter 25780]loss: 2.9514, tokens/sec: 34156.58 ± 97.69, tokens seen: 6758072320, grad norm: 1.2790
[iter 25790]loss: 2.9346, tokens/sec: 34156.58 ± 97.68, tokens seen: 6760693760, grad norm: 0.7981
[iter 25800]loss: 3.0849, tokens/sec: 34156.58 ± 97.66, tokens seen: 6763315200, grad norm: 0.6634
[iter 25810]loss: 3.0916, tokens/sec: 34156.58 ± 97.64, tokens seen: 6765936640, grad norm: 2.1823
[iter 25820]loss: 3.0177, tokens/sec: 34156.58 ± 97.62, tokens seen: 6768558080, grad norm: 0.7574
[iter 25830]loss: 3.0779, tokens/sec: 34156.59 ± 97.60, tokens seen: 6771179520, grad norm: 0.6977
[iter 25840]loss: 3.1881, tokens/sec: 34156.59 ± 97.58, tokens seen: 6773800960, grad norm: 1.1265
[iter 25850]loss: 2.8678, tokens/sec: 34156.59 ± 97.56, tokens seen: 6776422400, grad norm: 1.6725
[iter 25860]loss: 3.0789, tokens/sec: 34156.59 ± 97.55, tokens seen: 6779043840, grad norm: 1.4816
[iter 25870]loss: 2.8459, tokens/sec: 34156.59 ± 97.53, tokens seen: 6781665280, grad norm: 0.8471
[iter 25880]loss: 2.9258, tokens/sec: 34156.59 ± 97.51, tokens seen: 6784286720, grad norm: 0.6699
[iter 25890]loss: 3.0462, tokens/sec: 34156.59 ± 97.49, tokens seen: 6786908160, grad norm: 0.8948
[iter 25900]loss: 2.8681, tokens/sec: 34156.59 ± 97.47, tokens seen: 6789529600, grad norm: 1.4123
[iter 25910]loss: 3.1996, tokens/sec: 34156.59 ± 97.45, tokens seen: 6792151040, grad norm: 1.0756
[iter 25920]loss: 3.0187, tokens/sec: 34156.59 ± 97.43, tokens seen: 6794772480, grad norm: 1.1965
[iter 25930]loss: 3.1638, tokens/sec: 34156.59 ± 97.42, tokens seen: 6797393920, grad norm: 0.5945
[iter 25940]loss: 2.7821, tokens/sec: 34156.59 ± 97.40, tokens seen: 6800015360, grad norm: 0.9314
[iter 25950]loss: 3.0039, tokens/sec: 34156.59 ± 97.38, tokens seen: 6802636800, grad norm: 1.0777
[iter 25960]loss: 2.9805, tokens/sec: 34156.59 ± 97.36, tokens seen: 6805258240, grad norm: 1.2825
[iter 25970]loss: 2.8077, tokens/sec: 34156.59 ± 97.34, tokens seen: 6807879680, grad norm: 1.3063
[iter 25980]loss: 3.1315, tokens/sec: 34156.59 ± 97.32, tokens seen: 6810501120, grad norm: 1.6161
[iter 25990]loss: 3.3371, tokens/sec: 34156.60 ± 97.30, tokens seen: 6813122560, grad norm: 1.4265
[step 26000]train loss: 2.9826, val loss: 3.0056, (avg train loss: 0.1860 ± 0.0089), (avg grad norm: 1.2442 ± 0.5735)
[iter 26000]loss: 2.8191, tokens/sec: 34156.61 ± 97.30, tokens seen: 6815744000, grad norm: 2.6141
[iter 26010]loss: 3.0959, tokens/sec: 34156.63 ± 97.29, tokens seen: 6818365440, grad norm: 1.8868
[iter 26020]loss: 3.0031, tokens/sec: 34156.62 ± 97.27, tokens seen: 6820986880, grad norm: 0.8916
[iter 26030]loss: 2.9833, tokens/sec: 34156.62 ± 97.25, tokens seen: 6823608320, grad norm: 0.6251
[iter 26040]loss: 2.8374, tokens/sec: 34156.62 ± 97.24, tokens seen: 6826229760, grad norm: 0.9399
[iter 26050]loss: 2.9634, tokens/sec: 34156.62 ± 97.22, tokens seen: 6828851200, grad norm: 0.5922
[iter 26060]loss: 3.1507, tokens/sec: 34156.62 ± 97.20, tokens seen: 6831472640, grad norm: 0.3812
[iter 26070]loss: 2.9674, tokens/sec: 34156.62 ± 97.18, tokens seen: 6834094080, grad norm: 0.4327
[iter 26080]loss: 3.0117, tokens/sec: 34156.62 ± 97.16, tokens seen: 6836715520, grad norm: 0.4087
[iter 26090]loss: 2.7508, tokens/sec: 34156.63 ± 97.15, tokens seen: 6839336960, grad norm: 0.3896
[iter 26100]loss: 2.9249, tokens/sec: 34156.63 ± 97.13, tokens seen: 6841958400, grad norm: 0.4936
[iter 26110]loss: 3.2553, tokens/sec: 34156.63 ± 97.11, tokens seen: 6844579840, grad norm: 0.4307
[iter 26120]loss: 2.7688, tokens/sec: 34156.63 ± 97.09, tokens seen: 6847201280, grad norm: 0.6419
[iter 26130]loss: 3.1335, tokens/sec: 34156.63 ± 97.07, tokens seen: 6849822720, grad norm: 0.7292
[iter 26140]loss: 3.0576, tokens/sec: 34156.63 ± 97.05, tokens seen: 6852444160, grad norm: 0.4992
[iter 26150]loss: 2.9313, tokens/sec: 34156.63 ± 97.04, tokens seen: 6855065600, grad norm: 0.3575
[iter 26160]loss: 3.0537, tokens/sec: 34156.63 ± 97.02, tokens seen: 6857687040, grad norm: 0.6001
[iter 26170]loss: 2.8359, tokens/sec: 34156.63 ± 97.00, tokens seen: 6860308480, grad norm: 0.6406
[iter 26180]loss: 2.7545, tokens/sec: 34156.64 ± 96.98, tokens seen: 6862929920, grad norm: 0.5306
[iter 26190]loss: 2.7904, tokens/sec: 34156.63 ± 96.96, tokens seen: 6865551360, grad norm: 0.3663
[iter 26200]loss: 2.9193, tokens/sec: 34156.64 ± 96.94, tokens seen: 6868172800, grad norm: 0.4806
[iter 26210]loss: 3.0567, tokens/sec: 34156.64 ± 96.93, tokens seen: 6870794240, grad norm: 0.4185
[iter 26220]loss: 2.9266, tokens/sec: 34156.63 ± 96.91, tokens seen: 6873415680, grad norm: 0.4943
[iter 26230]loss: 2.9127, tokens/sec: 34156.64 ± 96.89, tokens seen: 6876037120, grad norm: 0.4331
[iter 26240]loss: 3.0928, tokens/sec: 34156.64 ± 96.87, tokens seen: 6878658560, grad norm: 0.7885
[iter 26250]loss: 2.9917, tokens/sec: 34156.64 ± 96.85, tokens seen: 6881280000, grad norm: 0.4087
[iter 26260]loss: 2.9779, tokens/sec: 34156.64 ± 96.84, tokens seen: 6883901440, grad norm: 0.4577
[iter 26270]loss: 2.8847, tokens/sec: 34156.64 ± 96.82, tokens seen: 6886522880, grad norm: 0.3745
[iter 26280]loss: 3.1045, tokens/sec: 34156.64 ± 96.80, tokens seen: 6889144320, grad norm: 0.3509
[iter 26290]loss: 3.1323, tokens/sec: 34156.64 ± 96.78, tokens seen: 6891765760, grad norm: 0.3631
[iter 26300]loss: 3.2492, tokens/sec: 34156.64 ± 96.76, tokens seen: 6894387200, grad norm: 0.9613
[iter 26310]loss: 2.9015, tokens/sec: 34156.64 ± 96.74, tokens seen: 6897008640, grad norm: 0.3565
[iter 26320]loss: 2.9913, tokens/sec: 34156.64 ± 96.73, tokens seen: 6899630080, grad norm: 0.5258
[iter 26330]loss: 2.6584, tokens/sec: 34156.64 ± 96.71, tokens seen: 6902251520, grad norm: 0.4156
[iter 26340]loss: 2.6649, tokens/sec: 34156.64 ± 96.69, tokens seen: 6904872960, grad norm: 0.5448
[iter 26350]loss: 2.9817, tokens/sec: 34156.65 ± 96.67, tokens seen: 6907494400, grad norm: 0.8598
[iter 26360]loss: 3.0518, tokens/sec: 34156.65 ± 96.65, tokens seen: 6910115840, grad norm: 0.3353
[iter 26370]loss: 2.9418, tokens/sec: 34156.65 ± 96.64, tokens seen: 6912737280, grad norm: 0.4258
[iter 26380]loss: 3.0942, tokens/sec: 34156.65 ± 96.62, tokens seen: 6915358720, grad norm: 0.3724
[iter 26390]loss: 2.9004, tokens/sec: 34156.65 ± 96.60, tokens seen: 6917980160, grad norm: 0.9311
[iter 26400]loss: 3.0538, tokens/sec: 34156.65 ± 96.58, tokens seen: 6920601600, grad norm: 0.3942
[iter 26410]loss: 2.9128, tokens/sec: 34156.65 ± 96.56, tokens seen: 6923223040, grad norm: 0.3229
[iter 26420]loss: 2.7908, tokens/sec: 34156.65 ± 96.55, tokens seen: 6925844480, grad norm: 0.6147
[iter 26430]loss: 2.9035, tokens/sec: 34156.66 ± 96.53, tokens seen: 6928465920, grad norm: 0.5323
[iter 26440]loss: 2.7855, tokens/sec: 34156.66 ± 96.51, tokens seen: 6931087360, grad norm: 0.5050
[iter 26450]loss: 2.8878, tokens/sec: 34156.66 ± 96.49, tokens seen: 6933708800, grad norm: 0.4555
[iter 26460]loss: 2.9530, tokens/sec: 34156.66 ± 96.47, tokens seen: 6936330240, grad norm: 0.3713
[iter 26470]loss: 2.8916, tokens/sec: 34156.66 ± 96.46, tokens seen: 6938951680, grad norm: 0.4394
[iter 26480]loss: 2.8184, tokens/sec: 34156.66 ± 96.44, tokens seen: 6941573120, grad norm: 0.6765
[iter 26490]loss: 2.9678, tokens/sec: 34156.66 ± 96.42, tokens seen: 6944194560, grad norm: 0.3859
[step 26500]train loss: 2.9491, val loss: 2.9532, (avg train loss: 0.1843 ± 0.0093), (avg grad norm: 0.5007 ± 0.1396)
saving checkpoint to ./out-owt-large-mhc-lite-wsd-bs8-30000step
[iter 26500]loss: 2.8724, tokens/sec: 34156.68 ± 96.42, tokens seen: 6946816000, grad norm: 0.3866
[iter 26510]loss: 2.7544, tokens/sec: 34156.70 ± 96.41, tokens seen: 6949437440, grad norm: 0.4217
[iter 26520]loss: 2.9878, tokens/sec: 34156.70 ± 96.39, tokens seen: 6952058880, grad norm: 0.4257
[iter 26530]loss: 2.7620, tokens/sec: 34156.70 ± 96.37, tokens seen: 6954680320, grad norm: 0.9243
[iter 26540]loss: 2.9229, tokens/sec: 34156.70 ± 96.36, tokens seen: 6957301760, grad norm: 1.8037
[iter 26550]loss: 2.8652, tokens/sec: 34156.70 ± 96.34, tokens seen: 6959923200, grad norm: 1.1942
[iter 26560]loss: 2.9351, tokens/sec: 34156.70 ± 96.32, tokens seen: 6962544640, grad norm: 1.6735
[iter 26570]loss: 3.0921, tokens/sec: 34156.70 ± 96.30, tokens seen: 6965166080, grad norm: 2.4687
[iter 26580]loss: 3.2047, tokens/sec: 34156.70 ± 96.28, tokens seen: 6967787520, grad norm: 11.6089
[iter 26590]loss: 2.8532, tokens/sec: 34156.71 ± 96.27, tokens seen: 6970408960, grad norm: 2.0210
[iter 26600]loss: 3.1184, tokens/sec: 34156.71 ± 96.25, tokens seen: 6973030400, grad norm: 2.8133
[iter 26610]loss: 3.1572, tokens/sec: 34156.71 ± 96.23, tokens seen: 6975651840, grad norm: 16.8115
[iter 26620]loss: 2.8835, tokens/sec: 34156.71 ± 96.21, tokens seen: 6978273280, grad norm: 14.7506
[iter 26630]loss: 2.7807, tokens/sec: 34156.71 ± 96.20, tokens seen: 6980894720, grad norm: 10.5180
[iter 26640]loss: 2.7133, tokens/sec: 34156.71 ± 96.18, tokens seen: 6983516160, grad norm: 30.2604
[iter 26650]loss: 3.1807, tokens/sec: 34156.72 ± 96.16, tokens seen: 6986137600, grad norm: 33.3062
[iter 26660]loss: 2.9253, tokens/sec: 34156.72 ± 96.14, tokens seen: 6988759040, grad norm: 8.5260
[iter 26670]loss: 2.9610, tokens/sec: 34156.72 ± 96.12, tokens seen: 6991380480, grad norm: 14.3622
[iter 26680]loss: 2.7193, tokens/sec: 34156.72 ± 96.11, tokens seen: 6994001920, grad norm: 8.3661
[iter 26690]loss: 3.0956, tokens/sec: 34156.72 ± 96.09, tokens seen: 6996623360, grad norm: 12.9303
[iter 26700]loss: 2.7986, tokens/sec: 34156.72 ± 96.07, tokens seen: 6999244800, grad norm: 2.4445
[iter 26710]loss: 3.0213, tokens/sec: 34156.72 ± 96.05, tokens seen: 7001866240, grad norm: 9.4352
[iter 26720]loss: 2.9440, tokens/sec: 34156.73 ± 96.04, tokens seen: 7004487680, grad norm: 22.5632
[iter 26730]loss: 2.9053, tokens/sec: 34156.73 ± 96.02, tokens seen: 7007109120, grad norm: 22.4803
[iter 26740]loss: 2.9821, tokens/sec: 34156.73 ± 96.00, tokens seen: 7009730560, grad norm: 63.1242
[iter 26750]loss: 3.0384, tokens/sec: 34156.73 ± 95.98, tokens seen: 7012352000, grad norm: 17.7187
[iter 26760]loss: 2.8332, tokens/sec: 34156.73 ± 95.97, tokens seen: 7014973440, grad norm: 7.5380
[iter 26770]loss: 2.9015, tokens/sec: 34156.73 ± 95.95, tokens seen: 7017594880, grad norm: 3.2618
[iter 26780]loss: 2.8331, tokens/sec: 34156.73 ± 95.93, tokens seen: 7020216320, grad norm: 2.3463
[iter 26790]loss: 3.0463, tokens/sec: 34156.73 ± 95.91, tokens seen: 7022837760, grad norm: 5.8581
[iter 26800]loss: 2.9988, tokens/sec: 34156.74 ± 95.89, tokens seen: 7025459200, grad norm: 2.5998
[iter 26810]loss: 2.9216, tokens/sec: 34156.73 ± 95.88, tokens seen: 7028080640, grad norm: 2.6629
[iter 26820]loss: 3.0753, tokens/sec: 34156.73 ± 95.86, tokens seen: 7030702080, grad norm: 9.1895
[iter 26830]loss: 3.1562, tokens/sec: 34156.73 ± 95.84, tokens seen: 7033323520, grad norm: 19.2111
[iter 26840]loss: 3.2296, tokens/sec: 34156.73 ± 95.82, tokens seen: 7035944960, grad norm: 10.3223
[iter 26850]loss: 3.1442, tokens/sec: 34156.74 ± 95.81, tokens seen: 7038566400, grad norm: 2.3000
[iter 26860]loss: 3.0063, tokens/sec: 34156.74 ± 95.79, tokens seen: 7041187840, grad norm: 2.2614
[iter 26870]loss: 3.0403, tokens/sec: 34156.74 ± 95.77, tokens seen: 7043809280, grad norm: 1.6757
[iter 26880]loss: 3.0541, tokens/sec: 34156.74 ± 95.75, tokens seen: 7046430720, grad norm: 4.9268
[iter 26890]loss: 2.9452, tokens/sec: 34156.74 ± 95.74, tokens seen: 7049052160, grad norm: 2.4508
[iter 26900]loss: 2.9580, tokens/sec: 34156.74 ± 95.72, tokens seen: 7051673600, grad norm: 1.7988
[iter 26910]loss: 3.0303, tokens/sec: 34156.74 ± 95.70, tokens seen: 7054295040, grad norm: 1.9944
[iter 26920]loss: 3.0017, tokens/sec: 34156.74 ± 95.68, tokens seen: 7056916480, grad norm: 3.5350
[iter 26930]loss: 2.9947, tokens/sec: 34156.74 ± 95.67, tokens seen: 7059537920, grad norm: 5.7900
[iter 26940]loss: 2.9074, tokens/sec: 34156.74 ± 95.65, tokens seen: 7062159360, grad norm: 2.2168
[iter 26950]loss: 2.8624, tokens/sec: 34156.74 ± 95.63, tokens seen: 7064780800, grad norm: 3.6206
[iter 26960]loss: 3.1185, tokens/sec: 34156.75 ± 95.62, tokens seen: 7067402240, grad norm: 3.6074
[iter 26970]loss: 2.8188, tokens/sec: 34156.75 ± 95.60, tokens seen: 7070023680, grad norm: 1.5427
[iter 26980]loss: 2.8957, tokens/sec: 34156.75 ± 95.58, tokens seen: 7072645120, grad norm: 1.9139
[iter 26990]loss: 3.0243, tokens/sec: 34156.75 ± 95.56, tokens seen: 7075266560, grad norm: 2.7543
[step 27000]train loss: 2.9771, val loss: 2.9816, (avg train loss: 0.1860 ± 0.0081), (avg grad norm: 5.7732 ± 12.9905)
[iter 27000]loss: 3.1582, tokens/sec: 34156.76 ± 95.56, tokens seen: 7077888000, grad norm: 1.8697
[iter 27010]loss: 2.9661, tokens/sec: 34156.78 ± 95.55, tokens seen: 7080509440, grad norm: 3.8760
[iter 27020]loss: 2.8210, tokens/sec: 34156.78 ± 95.53, tokens seen: 7083130880, grad norm: 4.0984
[iter 27030]loss: 3.0105, tokens/sec: 34156.77 ± 95.51, tokens seen: 7085752320, grad norm: 1.7726
[iter 27040]loss: 2.9344, tokens/sec: 34156.77 ± 95.50, tokens seen: 7088373760, grad norm: 2.9172
[iter 27050]loss: 2.6732, tokens/sec: 34156.77 ± 95.48, tokens seen: 7090995200, grad norm: 2.1172
[iter 27060]loss: 3.0516, tokens/sec: 34156.78 ± 95.46, tokens seen: 7093616640, grad norm: 2.5391
[iter 27070]loss: 3.0370, tokens/sec: 34156.77 ± 95.45, tokens seen: 7096238080, grad norm: 8.5364
[iter 27080]loss: 2.9440, tokens/sec: 34156.78 ± 95.43, tokens seen: 7098859520, grad norm: 5.7733
[iter 27090]loss: 2.7939, tokens/sec: 34156.78 ± 95.41, tokens seen: 7101480960, grad norm: 2.6883
[iter 27100]loss: 2.6840, tokens/sec: 34156.77 ± 95.39, tokens seen: 7104102400, grad norm: 2.0581
[iter 27110]loss: 3.0847, tokens/sec: 34156.78 ± 95.38, tokens seen: 7106723840, grad norm: 1.9987
[iter 27120]loss: 2.9844, tokens/sec: 34156.77 ± 95.36, tokens seen: 7109345280, grad norm: 5.8345
[iter 27130]loss: 3.0305, tokens/sec: 34156.77 ± 95.34, tokens seen: 7111966720, grad norm: 13.0237
[iter 27140]loss: 3.0141, tokens/sec: 34156.77 ± 95.32, tokens seen: 7114588160, grad norm: 13.7009
[iter 27150]loss: 2.8819, tokens/sec: 34156.78 ± 95.31, tokens seen: 7117209600, grad norm: 30.6939
[iter 27160]loss: 3.2281, tokens/sec: 34156.78 ± 95.29, tokens seen: 7119831040, grad norm: 4.9527
[iter 27170]loss: 2.6380, tokens/sec: 34156.78 ± 95.27, tokens seen: 7122452480, grad norm: 5.7445
[iter 27180]loss: 2.8740, tokens/sec: 34156.78 ± 95.26, tokens seen: 7125073920, grad norm: 4.7952
[iter 27190]loss: 3.1752, tokens/sec: 34156.78 ± 95.24, tokens seen: 7127695360, grad norm: 3.3767
[iter 27200]loss: 2.8448, tokens/sec: 34156.78 ± 95.22, tokens seen: 7130316800, grad norm: 10.1562
[iter 27210]loss: 3.0696, tokens/sec: 34156.78 ± 95.20, tokens seen: 7132938240, grad norm: 11.8927
[iter 27220]loss: 3.0063, tokens/sec: 34156.78 ± 95.19, tokens seen: 7135559680, grad norm: 15.9531
[iter 27230]loss: 2.7578, tokens/sec: 34156.78 ± 95.17, tokens seen: 7138181120, grad norm: 5.1403
[iter 27240]loss: 2.9926, tokens/sec: 34156.78 ± 95.15, tokens seen: 7140802560, grad norm: 6.3385
[iter 27250]loss: 3.0141, tokens/sec: 34156.78 ± 95.13, tokens seen: 7143424000, grad norm: 9.5583
[iter 27260]loss: 2.8818, tokens/sec: 34156.78 ± 95.12, tokens seen: 7146045440, grad norm: 5.3717
[iter 27270]loss: 3.0705, tokens/sec: 34156.78 ± 95.10, tokens seen: 7148666880, grad norm: 3.9004
[iter 27280]loss: 2.9078, tokens/sec: 34156.78 ± 95.08, tokens seen: 7151288320, grad norm: 3.3629
[iter 27290]loss: 2.9177, tokens/sec: 34156.78 ± 95.07, tokens seen: 7153909760, grad norm: 4.1099
[iter 27300]loss: 3.1141, tokens/sec: 34156.78 ± 95.05, tokens seen: 7156531200, grad norm: 3.8690
[iter 27310]loss: 2.9319, tokens/sec: 34156.78 ± 95.03, tokens seen: 7159152640, grad norm: 3.0204
[iter 27320]loss: 2.9632, tokens/sec: 34156.78 ± 95.01, tokens seen: 7161774080, grad norm: 5.4553
[iter 27330]loss: 3.0743, tokens/sec: 34156.78 ± 95.00, tokens seen: 7164395520, grad norm: 10.8376
[iter 27340]loss: 2.7512, tokens/sec: 34156.78 ± 94.98, tokens seen: 7167016960, grad norm: 17.8771
[iter 27350]loss: 3.1748, tokens/sec: 34156.78 ± 94.96, tokens seen: 7169638400, grad norm: 4.0802
[iter 27360]loss: 2.9605, tokens/sec: 34156.78 ± 94.95, tokens seen: 7172259840, grad norm: 9.9017
[iter 27370]loss: 2.5731, tokens/sec: 34156.78 ± 94.93, tokens seen: 7174881280, grad norm: 5.1098
[iter 27380]loss: 2.8674, tokens/sec: 34156.78 ± 94.91, tokens seen: 7177502720, grad norm: 3.5796
[iter 27390]loss: 3.3050, tokens/sec: 34156.78 ± 94.89, tokens seen: 7180124160, grad norm: 2.8530
[iter 27400]loss: 2.9926, tokens/sec: 34156.78 ± 94.88, tokens seen: 7182745600, grad norm: 3.6157
[iter 27410]loss: 3.0781, tokens/sec: 34156.78 ± 94.86, tokens seen: 7185367040, grad norm: 4.3454
[iter 27420]loss: 3.0877, tokens/sec: 34156.78 ± 94.84, tokens seen: 7187988480, grad norm: 10.2742
[iter 27430]loss: 3.0291, tokens/sec: 34156.78 ± 94.83, tokens seen: 7190609920, grad norm: 6.6840
[iter 27440]loss: 2.9782, tokens/sec: 34156.78 ± 94.81, tokens seen: 7193231360, grad norm: 6.3292
[iter 27450]loss: 2.6899, tokens/sec: 34156.78 ± 94.79, tokens seen: 7195852800, grad norm: 8.4512
[iter 27460]loss: 2.9620, tokens/sec: 34156.78 ± 94.78, tokens seen: 7198474240, grad norm: 5.5915
[iter 27470]loss: 2.9423, tokens/sec: 34156.78 ± 94.76, tokens seen: 7201095680, grad norm: 5.3416
[iter 27480]loss: 2.8536, tokens/sec: 34156.79 ± 94.74, tokens seen: 7203717120, grad norm: 5.3994
[iter 27490]loss: 3.0202, tokens/sec: 34156.79 ± 94.72, tokens seen: 7206338560, grad norm: 4.5311
[step 27500]train loss: 2.9623, val loss: 2.9787, (avg train loss: 0.1856 ± 0.0078), (avg grad norm: 5.7682 ± 3.0085)
[iter 27500]loss: 3.2836, tokens/sec: 34156.80 ± 94.72, tokens seen: 7208960000, grad norm: 4.1066
[iter 27510]loss: 2.8517, tokens/sec: 34156.82 ± 94.71, tokens seen: 7211581440, grad norm: 9.7360
[iter 27520]loss: 3.0948, tokens/sec: 34156.82 ± 94.70, tokens seen: 7214202880, grad norm: 12.8585
[iter 27530]loss: 3.0760, tokens/sec: 34156.81 ± 94.68, tokens seen: 7216824320, grad norm: 9.1086
[iter 27540]loss: 2.9147, tokens/sec: 34156.81 ± 94.66, tokens seen: 7219445760, grad norm: 4.7824
[iter 27550]loss: 2.8990, tokens/sec: 34156.81 ± 94.65, tokens seen: 7222067200, grad norm: 8.7223
[iter 27560]loss: 2.7628, tokens/sec: 34156.81 ± 94.63, tokens seen: 7224688640, grad norm: 22.5891
[iter 27570]loss: 2.9350, tokens/sec: 34156.81 ± 94.61, tokens seen: 7227310080, grad norm: 5.5679
[iter 27580]loss: 2.9133, tokens/sec: 34156.81 ± 94.59, tokens seen: 7229931520, grad norm: 11.2945
[iter 27590]loss: 2.9488, tokens/sec: 34156.81 ± 94.58, tokens seen: 7232552960, grad norm: 8.4218
[iter 27600]loss: 2.8915, tokens/sec: 34156.81 ± 94.56, tokens seen: 7235174400, grad norm: 4.4670
[iter 27610]loss: 3.0080, tokens/sec: 34156.81 ± 94.54, tokens seen: 7237795840, grad norm: 4.4482
[iter 27620]loss: 3.0873, tokens/sec: 34156.81 ± 94.53, tokens seen: 7240417280, grad norm: 10.3100
[iter 27630]loss: 2.9743, tokens/sec: 34156.81 ± 94.51, tokens seen: 7243038720, grad norm: 5.2553
[iter 27640]loss: 3.0851, tokens/sec: 34156.81 ± 94.49, tokens seen: 7245660160, grad norm: 6.4581
[iter 27650]loss: 3.0842, tokens/sec: 34156.81 ± 94.48, tokens seen: 7248281600, grad norm: 4.4155
[iter 27660]loss: 3.0579, tokens/sec: 34156.81 ± 94.46, tokens seen: 7250903040, grad norm: 3.6111
[iter 27670]loss: 2.9860, tokens/sec: 34156.82 ± 94.44, tokens seen: 7253524480, grad norm: 4.0925
[iter 27680]loss: 2.7868, tokens/sec: 34156.82 ± 94.43, tokens seen: 7256145920, grad norm: 1.6282
[iter 27690]loss: 2.8978, tokens/sec: 34156.82 ± 94.41, tokens seen: 7258767360, grad norm: 4.1618
[iter 27700]loss: 3.2363, tokens/sec: 34156.82 ± 94.39, tokens seen: 7261388800, grad norm: 2.1267
[iter 27710]loss: 3.0818, tokens/sec: 34156.82 ± 94.38, tokens seen: 7264010240, grad norm: 1.4637
[iter 27720]loss: 2.9867, tokens/sec: 34156.82 ± 94.36, tokens seen: 7266631680, grad norm: 1.7612
[iter 27730]loss: 2.8321, tokens/sec: 34156.82 ± 94.34, tokens seen: 7269253120, grad norm: 1.2628
[iter 27740]loss: 2.8348, tokens/sec: 34156.82 ± 94.33, tokens seen: 7271874560, grad norm: 2.4328
[iter 27750]loss: 3.0108, tokens/sec: 34156.82 ± 94.31, tokens seen: 7274496000, grad norm: 3.0351
[iter 27760]loss: 2.7696, tokens/sec: 34156.82 ± 94.29, tokens seen: 7277117440, grad norm: 4.8047
[iter 27770]loss: 2.9301, tokens/sec: 34156.82 ± 94.28, tokens seen: 7279738880, grad norm: 2.5140
[iter 27780]loss: 2.9013, tokens/sec: 34156.82 ± 94.26, tokens seen: 7282360320, grad norm: 3.9525
[iter 27790]loss: 2.8835, tokens/sec: 34156.82 ± 94.24, tokens seen: 7284981760, grad norm: 13.7779
[iter 27800]loss: 2.9571, tokens/sec: 34156.82 ± 94.23, tokens seen: 7287603200, grad norm: 5.3491
[iter 27810]loss: 2.6968, tokens/sec: 34156.82 ± 94.21, tokens seen: 7290224640, grad norm: 5.4155
[iter 27820]loss: 2.9249, tokens/sec: 34156.82 ± 94.19, tokens seen: 7292846080, grad norm: 10.2639
[iter 27830]loss: 2.9024, tokens/sec: 34156.82 ± 94.18, tokens seen: 7295467520, grad norm: 12.3513
[iter 27840]loss: 2.8060, tokens/sec: 34156.82 ± 94.16, tokens seen: 7298088960, grad norm: 5.4180
[iter 27850]loss: 3.0345, tokens/sec: 34156.82 ± 94.14, tokens seen: 7300710400, grad norm: 5.1763
[iter 27860]loss: 2.8324, tokens/sec: 34156.82 ± 94.13, tokens seen: 7303331840, grad norm: 9.6937
[iter 27870]loss: 2.8745, tokens/sec: 34156.82 ± 94.11, tokens seen: 7305953280, grad norm: 8.0010
[iter 27880]loss: 2.8563, tokens/sec: 34156.82 ± 94.09, tokens seen: 7308574720, grad norm: 10.7959
[iter 27890]loss: 2.9266, tokens/sec: 34156.82 ± 94.08, tokens seen: 7311196160, grad norm: 8.3806
[iter 27900]loss: 3.0283, tokens/sec: 34156.82 ± 94.06, tokens seen: 7313817600, grad norm: 6.3881
[iter 27910]loss: 2.8526, tokens/sec: 34156.82 ± 94.04, tokens seen: 7316439040, grad norm: 5.3541
[iter 27920]loss: 3.0255, tokens/sec: 34156.82 ± 94.03, tokens seen: 7319060480, grad norm: 3.0715
[iter 27930]loss: 2.9982, tokens/sec: 34156.82 ± 94.01, tokens seen: 7321681920, grad norm: 5.0112
[iter 27940]loss: 2.8726, tokens/sec: 34156.83 ± 93.99, tokens seen: 7324303360, grad norm: 3.0249
[iter 27950]loss: 2.8515, tokens/sec: 34156.83 ± 93.98, tokens seen: 7326924800, grad norm: 3.2919
[iter 27960]loss: 2.8823, tokens/sec: 34156.83 ± 93.96, tokens seen: 7329546240, grad norm: 2.6318
[iter 27970]loss: 3.0642, tokens/sec: 34156.83 ± 93.94, tokens seen: 7332167680, grad norm: 4.3638
[iter 27980]loss: 2.7814, tokens/sec: 34156.83 ± 93.93, tokens seen: 7334789120, grad norm: 3.3388
[iter 27990]loss: 2.9582, tokens/sec: 34156.83 ± 93.91, tokens seen: 7337410560, grad norm: 2.3147
[step 28000]train loss: 2.9510, val loss: 2.9518, (avg train loss: 0.1839 ± 0.0087), (avg grad norm: 5.9605 ± 3.1539)
saving checkpoint to ./out-owt-large-mhc-lite-wsd-bs8-30000step
[iter 28000]loss: 3.0583, tokens/sec: 34156.84 ± 93.91, tokens seen: 7340032000, grad norm: 2.4876
[iter 28010]loss: 2.9084, tokens/sec: 34156.86 ± 93.90, tokens seen: 7342653440, grad norm: 2.5951
[iter 28020]loss: 2.7107, tokens/sec: 34156.86 ± 93.89, tokens seen: 7345274880, grad norm: 4.3837
[iter 28030]loss: 2.9848, tokens/sec: 34156.86 ± 93.87, tokens seen: 7347896320, grad norm: 3.3081
[iter 28040]loss: 3.0395, tokens/sec: 34156.85 ± 93.85, tokens seen: 7350517760, grad norm: 3.4436
[iter 28050]loss: 2.9722, tokens/sec: 34156.86 ± 93.84, tokens seen: 7353139200, grad norm: 4.3930
[iter 28060]loss: 3.1293, tokens/sec: 34156.86 ± 93.82, tokens seen: 7355760640, grad norm: 3.4372
[iter 28070]loss: 3.0581, tokens/sec: 34156.86 ± 93.80, tokens seen: 7358382080, grad norm: 3.5155
[iter 28080]loss: 3.0239, tokens/sec: 34156.85 ± 93.79, tokens seen: 7361003520, grad norm: 11.4436
[iter 28090]loss: 2.8818, tokens/sec: 34156.86 ± 93.77, tokens seen: 7363624960, grad norm: 5.4687
[iter 28100]loss: 2.8619, tokens/sec: 34156.85 ± 93.76, tokens seen: 7366246400, grad norm: 3.0533
[iter 28110]loss: 3.0024, tokens/sec: 34156.85 ± 93.74, tokens seen: 7368867840, grad norm: 3.7714
[iter 28120]loss: 2.9805, tokens/sec: 34156.85 ± 93.72, tokens seen: 7371489280, grad norm: 13.8809
[iter 28130]loss: 2.8080, tokens/sec: 34156.85 ± 93.71, tokens seen: 7374110720, grad norm: 2.5310
[iter 28140]loss: 2.8549, tokens/sec: 34156.85 ± 93.69, tokens seen: 7376732160, grad norm: 4.1487
[iter 28150]loss: 3.1127, tokens/sec: 34156.85 ± 93.67, tokens seen: 7379353600, grad norm: 8.4272
[iter 28160]loss: 2.9893, tokens/sec: 34156.85 ± 93.66, tokens seen: 7381975040, grad norm: 3.4096
[iter 28170]loss: 2.8124, tokens/sec: 34156.86 ± 93.64, tokens seen: 7384596480, grad norm: 4.0426
[iter 28180]loss: 3.1981, tokens/sec: 34156.86 ± 93.62, tokens seen: 7387217920, grad norm: 2.7533
[iter 28190]loss: 2.8191, tokens/sec: 34156.86 ± 93.61, tokens seen: 7389839360, grad norm: 3.0996
[iter 28200]loss: 3.0613, tokens/sec: 34156.86 ± 93.59, tokens seen: 7392460800, grad norm: 3.0742
[iter 28210]loss: 2.7656, tokens/sec: 34156.86 ± 93.58, tokens seen: 7395082240, grad norm: 4.1561
[iter 28220]loss: 2.9213, tokens/sec: 34156.86 ± 93.56, tokens seen: 7397703680, grad norm: 10.8891
[iter 28230]loss: 2.9586, tokens/sec: 34156.86 ± 93.54, tokens seen: 7400325120, grad norm: 3.6196
[iter 28240]loss: 2.8779, tokens/sec: 34156.86 ± 93.53, tokens seen: 7402946560, grad norm: 4.6319
[iter 28250]loss: 2.9234, tokens/sec: 34156.86 ± 93.51, tokens seen: 7405568000, grad norm: 4.0304
[iter 28260]loss: 3.1160, tokens/sec: 34156.86 ± 93.49, tokens seen: 7408189440, grad norm: 3.5404
[iter 28270]loss: 2.8017, tokens/sec: 34156.86 ± 93.48, tokens seen: 7410810880, grad norm: 5.3011
[iter 28280]loss: 3.1851, tokens/sec: 34156.86 ± 93.46, tokens seen: 7413432320, grad norm: 5.2145
[iter 28290]loss: 2.7450, tokens/sec: 34156.86 ± 93.44, tokens seen: 7416053760, grad norm: 7.1376
[iter 28300]loss: 2.9205, tokens/sec: 34156.86 ± 93.43, tokens seen: 7418675200, grad norm: 3.4379
[iter 28310]loss: 2.6603, tokens/sec: 34156.86 ± 93.41, tokens seen: 7421296640, grad norm: 4.3443
[iter 28320]loss: 2.9635, tokens/sec: 34156.86 ± 93.40, tokens seen: 7423918080, grad norm: 4.9222
[iter 28330]loss: 2.8096, tokens/sec: 34156.86 ± 93.38, tokens seen: 7426539520, grad norm: 4.9742
[iter 28340]loss: 2.8217, tokens/sec: 34156.86 ± 93.36, tokens seen: 7429160960, grad norm: 5.9564
[iter 28350]loss: 2.8355, tokens/sec: 34156.86 ± 93.35, tokens seen: 7431782400, grad norm: 5.2269
[iter 28360]loss: 2.7649, tokens/sec: 34156.86 ± 93.33, tokens seen: 7434403840, grad norm: 3.8887
[iter 28370]loss: 3.3213, tokens/sec: 34156.86 ± 93.32, tokens seen: 7437025280, grad norm: 5.1072
[iter 28380]loss: 2.9340, tokens/sec: 34156.86 ± 93.30, tokens seen: 7439646720, grad norm: 4.7550
[iter 28390]loss: 2.7181, tokens/sec: 34156.86 ± 93.28, tokens seen: 7442268160, grad norm: 6.4893
[iter 28400]loss: 3.0073, tokens/sec: 34156.86 ± 93.27, tokens seen: 7444889600, grad norm: 7.3339
[iter 28410]loss: 2.8406, tokens/sec: 34156.86 ± 93.25, tokens seen: 7447511040, grad norm: 5.1150
[iter 28420]loss: 3.0607, tokens/sec: 34156.86 ± 93.24, tokens seen: 7450132480, grad norm: 3.3384
[iter 28430]loss: 3.1168, tokens/sec: 34156.86 ± 93.22, tokens seen: 7452753920, grad norm: 7.2813
[iter 28440]loss: 3.1064, tokens/sec: 34156.87 ± 93.20, tokens seen: 7455375360, grad norm: 7.6894
[iter 28450]loss: 3.0105, tokens/sec: 34156.86 ± 93.19, tokens seen: 7457996800, grad norm: 4.8482
[iter 28460]loss: 2.7921, tokens/sec: 34156.86 ± 93.17, tokens seen: 7460618240, grad norm: 4.3652
[iter 28470]loss: 2.7889, tokens/sec: 34156.86 ± 93.15, tokens seen: 7463239680, grad norm: 6.0614
[iter 28480]loss: 3.0512, tokens/sec: 34156.87 ± 93.14, tokens seen: 7465861120, grad norm: 5.1336
[iter 28490]loss: 2.8641, tokens/sec: 34156.87 ± 93.12, tokens seen: 7468482560, grad norm: 5.8841
[step 28500]train loss: 2.9119, val loss: 2.9269, (avg train loss: 0.1823 ± 0.0090), (avg grad norm: 5.6536 ± 2.1670)
saving checkpoint to ./out-owt-large-mhc-lite-wsd-bs8-30000step
[iter 28500]loss: 2.8882, tokens/sec: 34156.88 ± 93.13, tokens seen: 7471104000, grad norm: 2.2947
[iter 28510]loss: 3.0368, tokens/sec: 34156.90 ± 93.11, tokens seen: 7473725440, grad norm: 5.1040
[iter 28520]loss: 2.8949, tokens/sec: 34156.90 ± 93.10, tokens seen: 7476346880, grad norm: 3.2791
[iter 28530]loss: 2.9354, tokens/sec: 34156.90 ± 93.08, tokens seen: 7478968320, grad norm: 3.7635
[iter 28540]loss: 2.8859, tokens/sec: 34156.90 ± 93.07, tokens seen: 7481589760, grad norm: 2.9800
[iter 28550]loss: 2.9704, tokens/sec: 34156.90 ± 93.05, tokens seen: 7484211200, grad norm: 4.1484
[iter 28560]loss: 2.9851, tokens/sec: 34156.90 ± 93.04, tokens seen: 7486832640, grad norm: 4.1832
[iter 28570]loss: 3.1536, tokens/sec: 34156.90 ± 93.02, tokens seen: 7489454080, grad norm: 2.9774
[iter 28580]loss: 3.0082, tokens/sec: 34156.90 ± 93.00, tokens seen: 7492075520, grad norm: 3.4534
[iter 28590]loss: 2.8325, tokens/sec: 34156.90 ± 92.99, tokens seen: 7494696960, grad norm: 4.6080
[iter 28600]loss: 3.0988, tokens/sec: 34156.90 ± 92.97, tokens seen: 7497318400, grad norm: 3.2086
[iter 28610]loss: 2.8642, tokens/sec: 34156.90 ± 92.96, tokens seen: 7499939840, grad norm: 6.6900
[iter 28620]loss: 2.9249, tokens/sec: 34156.90 ± 92.94, tokens seen: 7502561280, grad norm: 5.1585
[iter 28630]loss: 2.8537, tokens/sec: 34156.90 ± 92.92, tokens seen: 7505182720, grad norm: 5.2701
[iter 28640]loss: 3.1714, tokens/sec: 34156.90 ± 92.91, tokens seen: 7507804160, grad norm: 2.4456
[iter 28650]loss: 2.9721, tokens/sec: 34156.90 ± 92.89, tokens seen: 7510425600, grad norm: 2.0147
[iter 28660]loss: 3.0646, tokens/sec: 34156.90 ± 92.88, tokens seen: 7513047040, grad norm: 5.0681
[iter 28670]loss: 2.9678, tokens/sec: 34156.90 ± 92.86, tokens seen: 7515668480, grad norm: 4.1169
[iter 28680]loss: 2.9009, tokens/sec: 34156.90 ± 92.84, tokens seen: 7518289920, grad norm: 4.5081
[iter 28690]loss: 3.0197, tokens/sec: 34156.90 ± 92.83, tokens seen: 7520911360, grad norm: 6.3797
[iter 28700]loss: 2.7624, tokens/sec: 34156.91 ± 92.81, tokens seen: 7523532800, grad norm: 6.7802
[iter 28710]loss: 2.9344, tokens/sec: 34156.91 ± 92.80, tokens seen: 7526154240, grad norm: 4.4209
[iter 28720]loss: 2.8443, tokens/sec: 34156.90 ± 92.78, tokens seen: 7528775680, grad norm: 3.4021
[iter 28730]loss: 2.8337, tokens/sec: 34156.91 ± 92.77, tokens seen: 7531397120, grad norm: 3.0425
[iter 28740]loss: 2.7793, tokens/sec: 34156.91 ± 92.75, tokens seen: 7534018560, grad norm: 4.9578
[iter 28750]loss: 2.8608, tokens/sec: 34156.91 ± 92.73, tokens seen: 7536640000, grad norm: 3.9926
[iter 28760]loss: 3.0363, tokens/sec: 34156.91 ± 92.72, tokens seen: 7539261440, grad norm: 3.3134
[iter 28770]loss: 2.8855, tokens/sec: 34156.91 ± 92.70, tokens seen: 7541882880, grad norm: 3.7152
[iter 28780]loss: 2.6619, tokens/sec: 34156.91 ± 92.69, tokens seen: 7544504320, grad norm: 3.3061
[iter 28790]loss: 2.9696, tokens/sec: 34156.91 ± 92.67, tokens seen: 7547125760, grad norm: 8.7870
[iter 28800]loss: 2.8662, tokens/sec: 34156.91 ± 92.65, tokens seen: 7549747200, grad norm: 5.5893
[iter 28810]loss: 3.0104, tokens/sec: 34156.91 ± 92.64, tokens seen: 7552368640, grad norm: 5.7550
[iter 28820]loss: 2.8634, tokens/sec: 34156.92 ± 92.62, tokens seen: 7554990080, grad norm: 5.2498
[iter 28830]loss: 2.6825, tokens/sec: 34156.92 ± 92.61, tokens seen: 7557611520, grad norm: 5.9962
[iter 28840]loss: 2.8503, tokens/sec: 34156.92 ± 92.59, tokens seen: 7560232960, grad norm: 10.3083
[iter 28850]loss: 2.9303, tokens/sec: 34156.92 ± 92.58, tokens seen: 7562854400, grad norm: 3.9531
[iter 28860]loss: 2.8897, tokens/sec: 34156.92 ± 92.56, tokens seen: 7565475840, grad norm: 11.2872
[iter 28870]loss: 2.9264, tokens/sec: 34156.92 ± 92.54, tokens seen: 7568097280, grad norm: 3.8658
[iter 28880]loss: 2.9265, tokens/sec: 34156.92 ± 92.53, tokens seen: 7570718720, grad norm: 4.7622
[iter 28890]loss: 2.9152, tokens/sec: 34156.92 ± 92.51, tokens seen: 7573340160, grad norm: 4.4711
[iter 28900]loss: 2.8763, tokens/sec: 34156.92 ± 92.50, tokens seen: 7575961600, grad norm: 7.0566
[iter 28910]loss: 2.7013, tokens/sec: 34156.92 ± 92.48, tokens seen: 7578583040, grad norm: 5.1201
[iter 28920]loss: 2.6660, tokens/sec: 34156.92 ± 92.47, tokens seen: 7581204480, grad norm: 10.7492
[iter 28930]loss: 2.8979, tokens/sec: 34156.92 ± 92.45, tokens seen: 7583825920, grad norm: 7.9723
[iter 28940]loss: 2.9366, tokens/sec: 34156.92 ± 92.43, tokens seen: 7586447360, grad norm: 7.1683
[iter 28950]loss: 2.7577, tokens/sec: 34156.92 ± 92.42, tokens seen: 7589068800, grad norm: 8.6480
[iter 28960]loss: 2.8699, tokens/sec: 34156.93 ± 92.40, tokens seen: 7591690240, grad norm: 20.4231
[iter 28970]loss: 2.8774, tokens/sec: 34156.93 ± 92.39, tokens seen: 7594311680, grad norm: 8.8909
[iter 28980]loss: 2.8165, tokens/sec: 34156.93 ± 92.37, tokens seen: 7596933120, grad norm: 7.3208
[iter 28990]loss: 3.0186, tokens/sec: 34156.93 ± 92.36, tokens seen: 7599554560, grad norm: 22.0368
[step 29000]train loss: 2.9041, val loss: 2.9174, (avg train loss: 0.1796 ± 0.0090), (avg grad norm: 9.2476 ± 7.8108)
saving checkpoint to ./out-owt-large-mhc-lite-wsd-bs8-30000step
[iter 29000]loss: 3.0512, tokens/sec: 34156.94 ± 92.36, tokens seen: 7602176000, grad norm: 11.2586
[iter 29010]loss: 2.7961, tokens/sec: 34156.96 ± 92.35, tokens seen: 7604797440, grad norm: 9.6738
[iter 29020]loss: 2.6663, tokens/sec: 34156.96 ± 92.33, tokens seen: 7607418880, grad norm: 9.7775
[iter 29030]loss: 2.9166, tokens/sec: 34156.96 ± 92.32, tokens seen: 7610040320, grad norm: 6.7657
[iter 29040]loss: 2.8173, tokens/sec: 34156.96 ± 92.30, tokens seen: 7612661760, grad norm: 5.8566
[iter 29050]loss: 2.9654, tokens/sec: 34156.96 ± 92.29, tokens seen: 7615283200, grad norm: 4.7069
[iter 29060]loss: 2.8591, tokens/sec: 34156.96 ± 92.27, tokens seen: 7617904640, grad norm: 8.7469
[iter 29070]loss: 2.9589, tokens/sec: 34156.96 ± 92.26, tokens seen: 7620526080, grad norm: 8.9151
[iter 29080]loss: 2.6436, tokens/sec: 34156.96 ± 92.24, tokens seen: 7623147520, grad norm: 6.5392
[iter 29090]loss: 2.9433, tokens/sec: 34156.96 ± 92.22, tokens seen: 7625768960, grad norm: 4.8148
[iter 29100]loss: 2.9313, tokens/sec: 34156.96 ± 92.21, tokens seen: 7628390400, grad norm: 6.7901
[iter 29110]loss: 3.1567, tokens/sec: 34156.96 ± 92.19, tokens seen: 7631011840, grad norm: 9.0483
[iter 29120]loss: 3.1152, tokens/sec: 34156.96 ± 92.18, tokens seen: 7633633280, grad norm: 9.7750
[iter 29130]loss: 2.6971, tokens/sec: 34156.96 ± 92.16, tokens seen: 7636254720, grad norm: 13.8991
[iter 29140]loss: 3.0359, tokens/sec: 34156.96 ± 92.15, tokens seen: 7638876160, grad norm: 8.5170
[iter 29150]loss: 2.7721, tokens/sec: 34156.96 ± 92.13, tokens seen: 7641497600, grad norm: 3.9599
[iter 29160]loss: 2.8088, tokens/sec: 34156.96 ± 92.12, tokens seen: 7644119040, grad norm: 7.5612
[iter 29170]loss: 2.9548, tokens/sec: 34156.96 ± 92.10, tokens seen: 7646740480, grad norm: 5.1524
[iter 29180]loss: 2.8872, tokens/sec: 34156.97 ± 92.08, tokens seen: 7649361920, grad norm: 5.9206
[iter 29190]loss: 3.0167, tokens/sec: 34156.97 ± 92.07, tokens seen: 7651983360, grad norm: 5.6423
[iter 29200]loss: 3.1591, tokens/sec: 34156.97 ± 92.05, tokens seen: 7654604800, grad norm: 8.5094
[iter 29210]loss: 2.8092, tokens/sec: 34156.97 ± 92.04, tokens seen: 7657226240, grad norm: 6.7335
[iter 29220]loss: 2.8313, tokens/sec: 34156.97 ± 92.02, tokens seen: 7659847680, grad norm: 8.0720
[iter 29230]loss: 2.8581, tokens/sec: 34156.97 ± 92.01, tokens seen: 7662469120, grad norm: 4.8931
[iter 29240]loss: 2.6612, tokens/sec: 34156.97 ± 91.99, tokens seen: 7665090560, grad norm: 5.0413
[iter 29250]loss: 2.8674, tokens/sec: 34156.97 ± 91.98, tokens seen: 7667712000, grad norm: 4.4173
[iter 29260]loss: 2.7425, tokens/sec: 34156.97 ± 91.96, tokens seen: 7670333440, grad norm: 8.1002
[iter 29270]loss: 2.8752, tokens/sec: 34156.97 ± 91.95, tokens seen: 7672954880, grad norm: 4.3487
[iter 29280]loss: 2.7540, tokens/sec: 34156.97 ± 91.93, tokens seen: 7675576320, grad norm: 13.2821
[iter 29290]loss: 2.7541, tokens/sec: 34156.97 ± 91.91, tokens seen: 7678197760, grad norm: 5.9065
[iter 29300]loss: 2.8446, tokens/sec: 34156.97 ± 91.90, tokens seen: 7680819200, grad norm: 3.8428
[iter 29310]loss: 2.6744, tokens/sec: 34156.97 ± 91.88, tokens seen: 7683440640, grad norm: 6.6099
[iter 29320]loss: 2.9682, tokens/sec: 34156.97 ± 91.87, tokens seen: 7686062080, grad norm: 6.8766
[iter 29330]loss: 3.0889, tokens/sec: 34156.97 ± 91.85, tokens seen: 7688683520, grad norm: 4.2758
[iter 29340]loss: 2.9535, tokens/sec: 34156.97 ± 91.84, tokens seen: 7691304960, grad norm: 2.1540
[iter 29350]loss: 2.9981, tokens/sec: 34156.97 ± 91.82, tokens seen: 7693926400, grad norm: 4.2100
[iter 29360]loss: 2.8822, tokens/sec: 34156.97 ± 91.81, tokens seen: 7696547840, grad norm: 4.8804
[iter 29370]loss: 2.9387, tokens/sec: 34156.97 ± 91.79, tokens seen: 7699169280, grad norm: 8.1623
[iter 29380]loss: 3.2685, tokens/sec: 34156.97 ± 91.78, tokens seen: 7701790720, grad norm: 5.5384
[iter 29390]loss: 2.9544, tokens/sec: 34156.98 ± 91.76, tokens seen: 7704412160, grad norm: 5.7985
[iter 29400]loss: 3.0582, tokens/sec: 34156.98 ± 91.75, tokens seen: 7707033600, grad norm: 4.2689
[iter 29410]loss: 2.9011, tokens/sec: 34156.98 ± 91.73, tokens seen: 7709655040, grad norm: 6.0827
[iter 29420]loss: 2.6587, tokens/sec: 34156.97 ± 91.72, tokens seen: 7712276480, grad norm: 4.6158
[iter 29430]loss: 2.9394, tokens/sec: 34156.98 ± 91.70, tokens seen: 7714897920, grad norm: 9.3857
[iter 29440]loss: 2.7880, tokens/sec: 34156.98 ± 91.68, tokens seen: 7717519360, grad norm: 3.0441
[iter 29450]loss: 3.1013, tokens/sec: 34156.98 ± 91.67, tokens seen: 7720140800, grad norm: 3.8026
[iter 29460]loss: 2.8616, tokens/sec: 34156.98 ± 91.65, tokens seen: 7722762240, grad norm: 6.9255
[iter 29470]loss: 2.9987, tokens/sec: 34156.98 ± 91.64, tokens seen: 7725383680, grad norm: 6.1109
[iter 29480]loss: 3.0651, tokens/sec: 34156.98 ± 91.62, tokens seen: 7728005120, grad norm: 5.0486
[iter 29490]loss: 3.0156, tokens/sec: 34156.98 ± 91.61, tokens seen: 7730626560, grad norm: 4.3606
[step 29500]train loss: 2.8834, val loss: 2.8917, (avg train loss: 0.1808 ± 0.0092), (avg grad norm: 5.4868 ± 2.1747)
saving checkpoint to ./out-owt-large-mhc-lite-wsd-bs8-30000step
[iter 29500]loss: 3.0753, tokens/sec: 34156.99 ± 91.61, tokens seen: 7733248000, grad norm: 4.6773
[iter 29510]loss: 2.9289, tokens/sec: 34157.01 ± 91.60, tokens seen: 7735869440, grad norm: 3.9785
[iter 29520]loss: 2.8948, tokens/sec: 34157.01 ± 91.59, tokens seen: 7738490880, grad norm: 3.4425
[iter 29530]loss: 2.8622, tokens/sec: 34157.01 ± 91.57, tokens seen: 7741112320, grad norm: 2.7870
[iter 29540]loss: 2.8974, tokens/sec: 34157.01 ± 91.56, tokens seen: 7743733760, grad norm: 4.8576
[iter 29550]loss: 2.9551, tokens/sec: 34157.01 ± 91.54, tokens seen: 7746355200, grad norm: 4.7390
[iter 29560]loss: 2.9191, tokens/sec: 34157.01 ± 91.53, tokens seen: 7748976640, grad norm: 4.6922
[iter 29570]loss: 2.8324, tokens/sec: 34157.01 ± 91.51, tokens seen: 7751598080, grad norm: 3.2079
[iter 29580]loss: 2.9305, tokens/sec: 34157.01 ± 91.50, tokens seen: 7754219520, grad norm: 3.7722
[iter 29590]loss: 2.6658, tokens/sec: 34157.01 ± 91.48, tokens seen: 7756840960, grad norm: 5.7037
[iter 29600]loss: 3.1071, tokens/sec: 34157.01 ± 91.46, tokens seen: 7759462400, grad norm: 6.2022
[iter 29610]loss: 3.0158, tokens/sec: 34157.01 ± 91.45, tokens seen: 7762083840, grad norm: 3.5613
[iter 29620]loss: 3.0234, tokens/sec: 34157.02 ± 91.43, tokens seen: 7764705280, grad norm: 4.6325
[iter 29630]loss: 2.9649, tokens/sec: 34157.02 ± 91.42, tokens seen: 7767326720, grad norm: 5.5351
[iter 29640]loss: 3.0301, tokens/sec: 34157.02 ± 91.40, tokens seen: 7769948160, grad norm: 3.2275
[iter 29650]loss: 2.9123, tokens/sec: 34157.02 ± 91.39, tokens seen: 7772569600, grad norm: 4.0513
[iter 29660]loss: 2.6878, tokens/sec: 34157.02 ± 91.37, tokens seen: 7775191040, grad norm: 5.2664
[iter 29670]loss: 3.0363, tokens/sec: 34157.02 ± 91.36, tokens seen: 7777812480, grad norm: 8.0728
[iter 29680]loss: 3.0533, tokens/sec: 34157.02 ± 91.34, tokens seen: 7780433920, grad norm: 4.7559
[iter 29690]loss: 2.7648, tokens/sec: 34157.02 ± 91.33, tokens seen: 7783055360, grad norm: 5.4516
[iter 29700]loss: 2.7731, tokens/sec: 34157.02 ± 91.31, tokens seen: 7785676800, grad norm: 3.4449
[iter 29710]loss: 2.7120, tokens/sec: 34157.02 ± 91.30, tokens seen: 7788298240, grad norm: 6.1020
[iter 29720]loss: 2.8852, tokens/sec: 34157.02 ± 91.28, tokens seen: 7790919680, grad norm: 4.8926
[iter 29730]loss: 3.1124, tokens/sec: 34157.02 ± 91.27, tokens seen: 7793541120, grad norm: 9.8076
[iter 29740]loss: 2.8032, tokens/sec: 34157.02 ± 91.25, tokens seen: 7796162560, grad norm: 5.5406
[iter 29750]loss: 2.8265, tokens/sec: 34157.02 ± 91.24, tokens seen: 7798784000, grad norm: 7.4373
[iter 29760]loss: 2.8327, tokens/sec: 34157.02 ± 91.22, tokens seen: 7801405440, grad norm: 9.3045
[iter 29770]loss: 2.4202, tokens/sec: 34157.02 ± 91.21, tokens seen: 7804026880, grad norm: 3.0885
[iter 29780]loss: 2.8343, tokens/sec: 34157.03 ± 91.19, tokens seen: 7806648320, grad norm: 4.2634
[iter 29790]loss: 2.8833, tokens/sec: 34157.03 ± 91.18, tokens seen: 7809269760, grad norm: 8.1195
[iter 29800]loss: 2.8539, tokens/sec: 34157.03 ± 91.16, tokens seen: 7811891200, grad norm: 6.5801
[iter 29810]loss: 2.7129, tokens/sec: 34157.03 ± 91.15, tokens seen: 7814512640, grad norm: 4.6658
[iter 29820]loss: 3.0740, tokens/sec: 34157.03 ± 91.13, tokens seen: 7817134080, grad norm: 3.6388
[iter 29830]loss: 2.6781, tokens/sec: 34157.03 ± 91.12, tokens seen: 7819755520, grad norm: 8.9230
[iter 29840]loss: 3.0400, tokens/sec: 34157.03 ± 91.10, tokens seen: 7822376960, grad norm: 12.3357
[iter 29850]loss: 2.7245, tokens/sec: 34157.03 ± 91.09, tokens seen: 7824998400, grad norm: 9.6803
[iter 29860]loss: 3.0633, tokens/sec: 34157.03 ± 91.07, tokens seen: 7827619840, grad norm: 7.2362
[iter 29870]loss: 2.9635, tokens/sec: 34157.04 ± 91.06, tokens seen: 7830241280, grad norm: 17.2108
[iter 29880]loss: 2.6114, tokens/sec: 34157.04 ± 91.04, tokens seen: 7832862720, grad norm: 17.0349
[iter 29890]loss: 2.8812, tokens/sec: 34157.04 ± 91.03, tokens seen: 7835484160, grad norm: 8.0820
[iter 29900]loss: 3.0545, tokens/sec: 34157.04 ± 91.01, tokens seen: 7838105600, grad norm: 13.9689
[iter 29910]loss: 2.9117, tokens/sec: 34157.04 ± 91.00, tokens seen: 7840727040, grad norm: 8.8030
[iter 29920]loss: 3.0156, tokens/sec: 34157.04 ± 90.98, tokens seen: 7843348480, grad norm: 16.6054
[iter 29930]loss: 2.6454, tokens/sec: 34157.04 ± 90.97, tokens seen: 7845969920, grad norm: 8.6908
[iter 29940]loss: 2.5192, tokens/sec: 34157.04 ± 90.95, tokens seen: 7848591360, grad norm: 14.1002
[iter 29950]loss: 2.9954, tokens/sec: 34157.04 ± 90.94, tokens seen: 7851212800, grad norm: 8.0486
[iter 29960]loss: 2.9228, tokens/sec: 34157.04 ± 90.92, tokens seen: 7853834240, grad norm: 13.9353
[iter 29970]loss: 2.4867, tokens/sec: 34157.04 ± 90.91, tokens seen: 7856455680, grad norm: 9.2240
[iter 29980]loss: 3.0003, tokens/sec: 34157.04 ± 90.89, tokens seen: 7859077120, grad norm: 8.7067
[iter 29990]loss: 2.8874, tokens/sec: 34157.04 ± 90.88, tokens seen: 7861698560, grad norm: 15.2469
[step 30000]train loss: 2.8850, val loss: 2.9029, (avg train loss: 0.1801 ± 0.0091), (avg grad norm: 9.3831 ± 3.8502)
[iter 30000]loss: 2.9699, tokens/sec: 34157.06 ± 90.88, tokens seen: 7864320000, grad norm: 8.9524
[1;34mwandb[0m: 
[1;34mwandb[0m: 🚀 View run [33mL-mhc-lite-owt-bs8ga32-30kstep-wsd-3588[0m at: [34mhttps://wandb.ai/guotzzz-peking-university/mhc-lite/runs/do1porn2[0m
[1;34mwandb[0m: Find logs at: [1;35mwandb/run-20260817_145242-do1porn2/logs[0m
