######## 1/3 L group-lora-midnorm (in-beta) WSD  Fri Aug 14 10:56:03 CST 2026 ########

*****************************************
Setting OMP_NUM_THREADS environment variable for each process to be 1 in default, to avoid your system being overloaded, please further tune the variable for optimal performance in your application as needed. 
*****************************************
Overriding config with config/train_owt.py:
eval_interval = 500
eval_iters = 200
log_interval = 10
always_save_checkpoint = False

wandb_log = True
wandb_project = 'mhc-lite'
out_prefix_dataset = "owt"

dataset = 'openwebtext'
gradient_accumulation_steps = 8  
batch_size = 16
block_size = 1024

dtype = 'bfloat16'

Overriding config with config/large_model.py:
wandb_group = "large"
out_prefix_model = "large"

n_layer = 24
n_head = 16
n_embd = 1024
dropout = 0.0

learning_rate = 3e-4
min_lr = 3e-5
max_iters = 10000
lr_decay_iters = 10000
warmup_iters = 200
weight_decay = 0.1
beta1 = 0.9
beta2 = 0.95
grad_clip = 1.0


Overriding config with config/with_mhc_group_lora_midnorm.py:
hyper_conn_type = "mhc_group_lora_midnorm"
hyper_conn_n = 4

wandb_notes = "mhc-group-lora-midnorm (RMSNorm on LoRA rank dim, between A and B)"
out_prefix_method = "mhc-group-lora-midnorm"

Overriding: batch_size = 8
Overriding: gradient_accumulation_steps = 32
Overriding: max_iters = 30000
Overriding: warmup_iters = 500
Overriding: lr_schedule = wsd
Overriding: lr_decay_start_iters = 25500
Overriding: lr_decay_iters = 30000
Overriding: learning_rate = 0.0003
Overriding: min_lr = 3e-05
Overriding: compile = True
Overriding: out_prefix_method = mhc-group-lora-midnorm-wsd
Overriding: wandb_run_name = L-group-lora-midnorm-owt-bs8ga32-30kstep-wsd
Overriding config with config/train_owt.py:
eval_interval = 500
eval_iters = 200
log_interval = 10
always_save_checkpoint = False

wandb_log = True
wandb_project = 'mhc-lite'
out_prefix_dataset = "owt"

dataset = 'openwebtext'
gradient_accumulation_steps = 8  
batch_size = 16
block_size = 1024

dtype = 'bfloat16'

Overriding config with config/large_model.py:
wandb_group = "large"
out_prefix_model = "large"

n_layer = 24
n_head = 16
n_embd = 1024
dropout = 0.0

learning_rate = 3e-4
min_lr = 3e-5
max_iters = 10000
lr_decay_iters = 10000
warmup_iters = 200
weight_decay = 0.1
beta1 = 0.9
beta2 = 0.95
grad_clip = 1.0


Overriding config with config/with_mhc_group_lora_midnorm.py:
hyper_conn_type = "mhc_group_lora_midnorm"
hyper_conn_n = 4

wandb_notes = "mhc-group-lora-midnorm (RMSNorm on LoRA rank dim, between A and B)"
out_prefix_method = "mhc-group-lora-midnorm"

Overriding: batch_size = 8
Overriding: gradient_accumulation_steps = 32
Overriding: max_iters = 30000
Overriding: warmup_iters = 500
Overriding: lr_schedule = wsd
Overriding: lr_decay_start_iters = 25500
Overriding: lr_decay_iters = 30000
Overriding: learning_rate = 0.0003
Overriding: min_lr = 3e-05
Overriding: compile = True
Overriding: out_prefix_method = mhc-group-lora-midnorm-wsd
Overriding: wandb_run_name = L-group-lora-midnorm-owt-bs8ga32-30kstep-wsd
tokens per iteration will be: 262,144
Initializing a new model from scratch
defaulting to vocab_size of GPT-2 to 50304 (50257 rounded up for efficiency)
HYPER_CONN: USING mhc_group_lora_midnorm with 4 streams
wandb: [wandb.login()] Loaded credentials for https://api.wandb.ai from /root/.netrc.
wandb: Currently logged in as: guotzzz (guotzzz-peking-university) to https://api.wandb.ai. Use `wandb login --relogin` to force relogin
wandb: setting up run 7n0seyqz
wandb: Tracking run with wandb version 0.28.0
wandb: Run data is saved locally in /home/work/data/guotianzizhe/project/mhc-lite/wandb/run-20260814_105609-7n0seyqz
wandb: Run `wandb offline` to turn off syncing.
wandb: Syncing run L-group-lora-midnorm-owt-bs8ga32-30kstep-wsd-1885
wandb: ⭐️ View project at https://wandb.ai/guotzzz-peking-university/mhc-lite
wandb: 🚀 View run at https://wandb.ai/guotzzz-peking-university/mhc-lite/runs/7n0seyqz
tokens per iteration will be: 262,144
====================================================================================================
n_layer = 24
n_head = 16
n_embd = 1024
block_size = 1024
bias = False
vocab_size = None
dropout = 0.0
hyper_conn_n = 4
hyper_conn_type = mhc_group_lora_midnorm
====================================================================================================
Initializing a new model from scratch
defaulting to vocab_size of GPT-2 to 50304 (50257 rounded up for efficiency)
HYPER_CONN: USING mhc_group_lora_midnorm with 4 streams
number of parameters: 362.40M
num decayed parameter tensors: 386, with 361,629,376 parameters
num non-decayed parameter tensors: 337, with 1,819,984 parameters
using fused AdamW: True
compiling the model... (takes a ~minute)
number of parameters: 362.40M
num decayed parameter tensors: 386, with 361,629,376 parameters
num non-decayed parameter tensors: 337, with 1,819,984 parameters
using fused AdamW: True
compiling the model... (takes a ~minute)
[step 0]train loss: 13.4640, val loss: 13.4621, (avg train loss: 0.0000 ± 0.0000), (avg grad norm: 0.0000 ± 0.0000)
[iter 0]loss: 13.4526, tokens/sec: 2175.17 ± 0.00, tokens seen: 0, grad norm: 112.6996
[iter 10]loss: 10.1896, tokens/sec: 27056.67 ± 7868.24, tokens seen: 2621440, grad norm: 122.1640
[iter 20]loss: 9.4650, tokens/sec: 28105.15 ± 5831.47, tokens seen: 5242880, grad norm: 47.3004
[iter 30]loss: 8.7765, tokens/sec: 28572.34 ± 4847.13, tokens seen: 7864320, grad norm: 19.3411
[iter 40]loss: 8.5490, tokens/sec: 28812.19 ± 4235.87, tokens seen: 10485760, grad norm: 24.9422
[iter 50]loss: 7.7867, tokens/sec: 28958.52 ± 3809.49, tokens seen: 13107200, grad norm: 23.8138
[iter 60]loss: 7.2767, tokens/sec: 29056.39 ± 3490.28, tokens seen: 15728640, grad norm: 10.3375
[iter 70]loss: 7.2482, tokens/sec: 29126.98 ± 3239.85, tokens seen: 18350080, grad norm: 12.2624
[iter 80]loss: 6.9700, tokens/sec: 29180.14 ± 3036.58, tokens seen: 20971520, grad norm: 8.9436
[iter 90]loss: 7.1174, tokens/sec: 29221.31 ± 2867.28, tokens seen: 23592960, grad norm: 6.2285
[iter 100]loss: 6.9491, tokens/sec: 29254.38 ± 2723.46, tokens seen: 26214400, grad norm: 6.9080
[iter 110]loss: 6.9387, tokens/sec: 29281.16 ± 2599.28, tokens seen: 28835840, grad norm: 6.6177
[iter 120]loss: 6.4937, tokens/sec: 29303.55 ± 2490.68, tokens seen: 31457280, grad norm: 6.2477
[iter 130]loss: 6.4462, tokens/sec: 29305.88 ± 2400.17, tokens seen: 34078720, grad norm: 5.3247
[iter 140]loss: 6.6266, tokens/sec: 29323.31 ± 2314.35, tokens seen: 36700160, grad norm: 4.3190
[iter 150]loss: 6.5801, tokens/sec: 29338.23 ± 2237.11, tokens seen: 39321600, grad norm: 4.2234
[iter 160]loss: 6.4612, tokens/sec: 29351.14 ± 2167.10, tokens seen: 41943040, grad norm: 6.1741
[iter 170]loss: 6.5276, tokens/sec: 29362.68 ± 2103.29, tokens seen: 44564480, grad norm: 6.8353
[iter 180]loss: 6.5298, tokens/sec: 29359.12 ± 2051.77, tokens seen: 47185920, grad norm: 4.1002
[iter 190]loss: 6.2891, tokens/sec: 29368.50 ± 1997.73, tokens seen: 49807360, grad norm: 3.1244
[iter 200]loss: 6.1464, tokens/sec: 29377.19 ± 1947.77, tokens seen: 52428800, grad norm: 4.1487
[iter 210]loss: 6.3714, tokens/sec: 29379.68 ± 1901.84, tokens seen: 55050240, grad norm: 5.7519
[iter 220]loss: 6.4110, tokens/sec: 29386.22 ± 1858.60, tokens seen: 57671680, grad norm: 4.1631
[iter 230]loss: 6.0664, tokens/sec: 29392.37 ± 1818.18, tokens seen: 60293120, grad norm: 2.9145
[iter 240]loss: 5.9904, tokens/sec: 29398.68 ± 1780.32, tokens seen: 62914560, grad norm: 2.5179
[iter 250]loss: 6.3439, tokens/sec: 29404.45 ± 1744.72, tokens seen: 65536000, grad norm: 4.7050
[iter 260]loss: 6.1810, tokens/sec: 29409.83 ± 1711.19, tokens seen: 68157440, grad norm: 5.1546
[iter 270]loss: 6.1864, tokens/sec: 29407.45 ± 1683.29, tokens seen: 70778880, grad norm: 3.8264
[iter 280]loss: 6.1414, tokens/sec: 29412.40 ± 1653.27, tokens seen: 73400320, grad norm: 2.5004
[iter 290]loss: 5.9549, tokens/sec: 29416.95 ± 1624.80, tokens seen: 76021760, grad norm: 3.5945
[iter 300]loss: 6.3235, tokens/sec: 29421.23 ± 1597.74, tokens seen: 78643200, grad norm: 3.1098
[iter 310]loss: 5.8651, tokens/sec: 29425.17 ± 1572.00, tokens seen: 81264640, grad norm: 3.5109
[iter 320]loss: 6.2946, tokens/sec: 29428.38 ± 1547.42, tokens seen: 83886080, grad norm: 2.5717
[iter 330]loss: 6.0061, tokens/sec: 29430.61 ± 1523.92, tokens seen: 86507520, grad norm: 2.0285
[iter 340]loss: 5.9556, tokens/sec: 29432.54 ± 1501.46, tokens seen: 89128960, grad norm: 1.7669
[iter 350]loss: 5.8001, tokens/sec: 29422.50 ± 1492.47, tokens seen: 91750400, grad norm: 2.7013
[iter 360]loss: 5.8066, tokens/sec: 29424.41 ± 1471.73, tokens seen: 94371840, grad norm: 3.4746
[iter 370]loss: 6.0551, tokens/sec: 29426.90 ± 1451.84, tokens seen: 96993280, grad norm: 3.5054
[iter 380]loss: 6.0350, tokens/sec: 29429.07 ± 1432.73, tokens seen: 99614720, grad norm: 2.6115
[iter 390]loss: 5.9285, tokens/sec: 29431.27 ± 1414.35, tokens seen: 102236160, grad norm: 2.9182
[iter 400]loss: 5.7945, tokens/sec: 29433.15 ± 1396.66, tokens seen: 104857600, grad norm: 2.6028
[iter 410]loss: 5.6159, tokens/sec: 29428.04 ± 1385.93, tokens seen: 107479040, grad norm: 3.6118
[iter 420]loss: 5.4292, tokens/sec: 29429.88 ± 1369.43, tokens seen: 110100480, grad norm: 2.3860
[iter 430]loss: 5.7009, tokens/sec: 29431.59 ± 1353.50, tokens seen: 112721920, grad norm: 2.1339
[iter 440]loss: 5.7995, tokens/sec: 29432.96 ± 1338.10, tokens seen: 115343360, grad norm: 3.0686
[iter 450]loss: 5.7043, tokens/sec: 29434.93 ± 1323.25, tokens seen: 117964800, grad norm: 2.4702
[iter 460]loss: 5.7840, tokens/sec: 29437.09 ± 1308.90, tokens seen: 120586240, grad norm: 2.3097
[iter 470]loss: 5.5487, tokens/sec: 29439.16 ± 1295.00, tokens seen: 123207680, grad norm: 2.2233
[iter 480]loss: 5.8737, tokens/sec: 29441.19 ± 1281.55, tokens seen: 125829120, grad norm: 2.4339
[iter 490]loss: 5.6677, tokens/sec: 29443.00 ± 1268.49, tokens seen: 128450560, grad norm: 1.8517
[step 500]train loss: 5.5883, val loss: 5.5778, (avg train loss: 0.3645 ± 0.0122), (avg grad norm: 2.7043 ± 0.7696)
saving checkpoint to ./out-owt-large-mhc-group-lora-midnorm-wsd-bs8-30000step
[iter 500]loss: 5.4605, tokens/sec: 29444.94 ± 1255.84, tokens seen: 131072000, grad norm: 2.0210
[iter 510]loss: 5.4491, tokens/sec: 29442.05 ± 1247.98, tokens seen: 133693440, grad norm: 2.1377
[iter 520]loss: 5.3902, tokens/sec: 29443.98 ± 1236.03, tokens seen: 136314880, grad norm: 2.3295
[iter 530]loss: 5.4962, tokens/sec: 29445.83 ± 1224.40, tokens seen: 138936320, grad norm: 2.7668
[iter 540]loss: 5.4589, tokens/sec: 29447.61 ± 1213.10, tokens seen: 141557760, grad norm: 2.3546
[iter 550]loss: 5.4011, tokens/sec: 29445.60 ± 1205.07, tokens seen: 144179200, grad norm: 1.7685
[iter 560]loss: 5.3367, tokens/sec: 29447.31 ± 1194.35, tokens seen: 146800640, grad norm: 2.2525
[iter 570]loss: 5.6548, tokens/sec: 29448.97 ± 1183.91, tokens seen: 149422080, grad norm: 1.9773
[iter 580]loss: 5.4369, tokens/sec: 29450.61 ± 1173.74, tokens seen: 152043520, grad norm: 2.0676
[iter 590]loss: 5.2250, tokens/sec: 29451.59 ± 1163.80, tokens seen: 154664960, grad norm: 2.1372
[iter 600]loss: 5.3007, tokens/sec: 29452.18 ± 1154.09, tokens seen: 157286400, grad norm: 1.3263
[iter 610]loss: 5.4100, tokens/sec: 29452.65 ± 1144.61, tokens seen: 159907840, grad norm: 1.7694
[iter 620]loss: 5.3803, tokens/sec: 29453.39 ± 1135.38, tokens seen: 162529280, grad norm: 1.5968
[iter 630]loss: 5.0522, tokens/sec: 29453.98 ± 1126.35, tokens seen: 165150720, grad norm: 1.6161
[iter 640]loss: 5.1931, tokens/sec: 29454.66 ± 1117.55, tokens seen: 167772160, grad norm: 1.2887
[iter 650]loss: 4.8871, tokens/sec: 29455.43 ± 1108.95, tokens seen: 170393600, grad norm: 1.3091
[iter 660]loss: 4.9539, tokens/sec: 29456.16 ± 1100.55, tokens seen: 173015040, grad norm: 1.6259
[iter 670]loss: 4.9053, tokens/sec: 29456.90 ± 1092.34, tokens seen: 175636480, grad norm: 1.3341
[iter 680]loss: 5.3013, tokens/sec: 29452.09 ± 1093.36, tokens seen: 178257920, grad norm: 1.1132
[iter 690]loss: 5.0370, tokens/sec: 29449.00 ± 1089.67, tokens seen: 180879360, grad norm: 1.1570
[iter 700]loss: 5.1210, tokens/sec: 29449.65 ± 1081.88, tokens seen: 183500800, grad norm: 1.8946
[iter 710]loss: 4.9805, tokens/sec: 29450.38 ± 1074.27, tokens seen: 186122240, grad norm: 1.3208
[iter 720]loss: 4.8674, tokens/sec: 29451.65 ± 1066.84, tokens seen: 188743680, grad norm: 1.1173
[iter 730]loss: 5.0409, tokens/sec: 29452.93 ± 1059.58, tokens seen: 191365120, grad norm: 1.5016
[iter 740]loss: 4.8066, tokens/sec: 29454.13 ± 1052.45, tokens seen: 193986560, grad norm: 1.2315
[iter 750]loss: 4.9523, tokens/sec: 29454.87 ± 1045.45, tokens seen: 196608000, grad norm: 1.3568
[iter 760]loss: 4.7875, tokens/sec: 29455.41 ± 1038.57, tokens seen: 199229440, grad norm: 1.2652
[iter 770]loss: 4.6661, tokens/sec: 29455.78 ± 1031.82, tokens seen: 201850880, grad norm: 1.1306
[iter 780]loss: 4.8420, tokens/sec: 29456.45 ± 1025.21, tokens seen: 204472320, grad norm: 1.3084
[iter 790]loss: 4.8451, tokens/sec: 29456.85 ± 1018.71, tokens seen: 207093760, grad norm: 1.1826
[iter 800]loss: 4.7544, tokens/sec: 29457.85 ± 1012.38, tokens seen: 209715200, grad norm: 1.3042
[iter 810]loss: 4.5089, tokens/sec: 29458.89 ± 1006.16, tokens seen: 212336640, grad norm: 1.1913
[iter 820]loss: 4.7245, tokens/sec: 29459.87 ± 1000.05, tokens seen: 214958080, grad norm: 1.3877
[iter 830]loss: 4.6335, tokens/sec: 29458.35 ± 996.46, tokens seen: 217579520, grad norm: 1.3337
[iter 840]loss: 4.6691, tokens/sec: 29456.40 ± 993.94, tokens seen: 220200960, grad norm: 0.8391
[iter 850]loss: 4.8691, tokens/sec: 29457.38 ± 988.12, tokens seen: 222822400, grad norm: 0.9437
[iter 860]loss: 4.6918, tokens/sec: 29458.36 ± 982.41, tokens seen: 225443840, grad norm: 0.9607
[iter 870]loss: 4.5714, tokens/sec: 29459.32 ± 976.80, tokens seen: 228065280, grad norm: 1.1621
[iter 880]loss: 4.4876, tokens/sec: 29460.24 ± 971.27, tokens seen: 230686720, grad norm: 0.9002
[iter 890]loss: 4.4239, tokens/sec: 29461.16 ± 965.85, tokens seen: 233308160, grad norm: 0.8842
[iter 900]loss: 4.6106, tokens/sec: 29462.05 ± 960.51, tokens seen: 235929600, grad norm: 0.9911
[iter 910]loss: 4.4711, tokens/sec: 29462.88 ± 955.26, tokens seen: 238551040, grad norm: 0.8604
[iter 920]loss: 4.3872, tokens/sec: 29463.70 ± 950.09, tokens seen: 241172480, grad norm: 0.9364
[iter 930]loss: 4.2319, tokens/sec: 29464.53 ± 945.01, tokens seen: 243793920, grad norm: 1.1360
[iter 940]loss: 4.3992, tokens/sec: 29465.32 ± 940.00, tokens seen: 246415360, grad norm: 0.8401
[iter 950]loss: 4.4441, tokens/sec: 29466.10 ± 935.08, tokens seen: 249036800, grad norm: 0.7546
[iter 960]loss: 4.3039, tokens/sec: 29466.87 ± 930.23, tokens seen: 251658240, grad norm: 1.0238
[iter 970]loss: 4.0722, tokens/sec: 29465.50 ± 927.69, tokens seen: 254279680, grad norm: 1.0034
[iter 980]loss: 4.2422, tokens/sec: 29465.58 ± 923.07, tokens seen: 256901120, grad norm: 0.8504
[iter 990]loss: 4.3146, tokens/sec: 29466.32 ± 918.43, tokens seen: 259522560, grad norm: 0.9415
[step 1000]train loss: 4.2664, val loss: 4.2564, (avg train loss: 0.2796 ± 0.0125), (avg grad norm: 1.0421 ± 0.1765)
saving checkpoint to ./out-owt-large-mhc-group-lora-midnorm-wsd-bs8-30000step
[iter 1000]loss: 4.3424, tokens/sec: 29467.09 ± 913.86, tokens seen: 262144000, grad norm: 0.9562
[iter 1010]loss: 4.1548, tokens/sec: 29465.11 ± 913.17, tokens seen: 264765440, grad norm: 0.7761
[iter 1020]loss: 4.2179, tokens/sec: 29465.78 ± 908.71, tokens seen: 267386880, grad norm: 0.8884
[iter 1030]loss: 4.3337, tokens/sec: 29466.37 ± 904.31, tokens seen: 270008320, grad norm: 0.6358
[iter 1040]loss: 4.2061, tokens/sec: 29466.99 ± 899.98, tokens seen: 272629760, grad norm: 0.8595
[iter 1050]loss: 4.2265, tokens/sec: 29467.39 ± 895.71, tokens seen: 275251200, grad norm: 1.1962
[iter 1060]loss: 4.0840, tokens/sec: 29468.10 ± 891.50, tokens seen: 277872640, grad norm: 0.9135
[iter 1070]loss: 4.1881, tokens/sec: 29468.79 ± 887.36, tokens seen: 280494080, grad norm: 1.0442
[iter 1080]loss: 4.0486, tokens/sec: 29469.44 ± 883.27, tokens seen: 283115520, grad norm: 1.1712
[iter 1090]loss: 3.9992, tokens/sec: 29470.08 ± 879.24, tokens seen: 285736960, grad norm: 0.7601
[iter 1100]loss: 4.0259, tokens/sec: 29470.71 ± 875.26, tokens seen: 288358400, grad norm: 0.6807
[iter 1110]loss: 4.1783, tokens/sec: 29469.57 ± 873.28, tokens seen: 290979840, grad norm: 0.6644
[iter 1120]loss: 4.2183, tokens/sec: 29470.21 ± 869.40, tokens seen: 293601280, grad norm: 1.0267
[iter 1130]loss: 3.9176, tokens/sec: 29470.83 ± 865.57, tokens seen: 296222720, grad norm: 0.6877
[iter 1140]loss: 4.0451, tokens/sec: 29471.20 ± 861.79, tokens seen: 298844160, grad norm: 0.7922
[iter 1150]loss: 3.9693, tokens/sec: 29471.83 ± 858.07, tokens seen: 301465600, grad norm: 0.8821
[iter 1160]loss: 4.1417, tokens/sec: 29472.38 ± 854.39, tokens seen: 304087040, grad norm: 0.9128
[iter 1170]loss: 4.1115, tokens/sec: 29473.01 ± 850.76, tokens seen: 306708480, grad norm: 0.7687
[iter 1180]loss: 3.9960, tokens/sec: 29470.90 ± 850.47, tokens seen: 309329920, grad norm: 0.6122
[iter 1190]loss: 4.1462, tokens/sec: 29471.49 ± 846.92, tokens seen: 311951360, grad norm: 0.8121
[iter 1200]loss: 3.9087, tokens/sec: 29472.10 ± 843.41, tokens seen: 314572800, grad norm: 0.6955
[iter 1210]loss: 3.8593, tokens/sec: 29472.69 ± 839.95, tokens seen: 317194240, grad norm: 0.6267
[iter 1220]loss: 3.8707, tokens/sec: 29473.27 ± 836.52, tokens seen: 319815680, grad norm: 0.7022
[iter 1230]loss: 4.5339, tokens/sec: 29473.85 ± 833.14, tokens seen: 322437120, grad norm: 0.6759
[iter 1240]loss: 3.9687, tokens/sec: 29474.42 ± 829.80, tokens seen: 325058560, grad norm: 0.6322
[iter 1250]loss: 4.0670, tokens/sec: 29473.36 ± 828.37, tokens seen: 327680000, grad norm: 0.7076
[iter 1260]loss: 3.9283, tokens/sec: 29473.92 ± 825.11, tokens seen: 330301440, grad norm: 0.6198
[iter 1270]loss: 3.9599, tokens/sec: 29474.45 ± 821.88, tokens seen: 332922880, grad norm: 0.7562
[iter 1280]loss: 4.1919, tokens/sec: 29474.98 ± 818.68, tokens seen: 335544320, grad norm: 0.6199
[iter 1290]loss: 3.9657, tokens/sec: 29475.52 ± 815.53, tokens seen: 338165760, grad norm: 0.8071
[iter 1300]loss: 3.8823, tokens/sec: 29476.00 ± 812.41, tokens seen: 340787200, grad norm: 0.8000
[iter 1310]loss: 3.8577, tokens/sec: 29476.50 ± 809.32, tokens seen: 343408640, grad norm: 0.6600
[iter 1320]loss: 4.0734, tokens/sec: 29476.99 ± 806.28, tokens seen: 346030080, grad norm: 0.5636
[iter 1330]loss: 4.0459, tokens/sec: 29477.48 ± 803.26, tokens seen: 348651520, grad norm: 0.5313
[iter 1340]loss: 4.0572, tokens/sec: 29476.10 ± 803.02, tokens seen: 351272960, grad norm: 0.8263
[iter 1350]loss: 3.7392, tokens/sec: 29476.59 ± 800.06, tokens seen: 353894400, grad norm: 0.6364
[iter 1360]loss: 3.8074, tokens/sec: 29477.08 ± 797.14, tokens seen: 356515840, grad norm: 0.8182
[iter 1370]loss: 3.9386, tokens/sec: 29477.56 ± 794.25, tokens seen: 359137280, grad norm: 0.6240
[iter 1380]loss: 3.9915, tokens/sec: 29478.04 ± 791.39, tokens seen: 361758720, grad norm: 0.6858
[iter 1390]loss: 3.7554, tokens/sec: 29477.05 ± 790.27, tokens seen: 364380160, grad norm: 0.5785
[iter 1400]loss: 3.9587, tokens/sec: 29477.52 ± 787.46, tokens seen: 367001600, grad norm: 0.7190
[iter 1410]loss: 3.9395, tokens/sec: 29478.00 ± 784.69, tokens seen: 369623040, grad norm: 0.6830
[iter 1420]loss: 3.9875, tokens/sec: 29478.45 ± 781.94, tokens seen: 372244480, grad norm: 0.6335
[iter 1430]loss: 3.8562, tokens/sec: 29478.92 ± 779.22, tokens seen: 374865920, grad norm: 0.5984
[iter 1440]loss: 3.9893, tokens/sec: 29479.38 ± 776.54, tokens seen: 377487360, grad norm: 0.5785
[iter 1450]loss: 3.7809, tokens/sec: 29479.81 ± 773.87, tokens seen: 380108800, grad norm: 0.7405
[iter 1460]loss: 3.5027, tokens/sec: 29480.24 ± 771.24, tokens seen: 382730240, grad norm: 0.5349
[iter 1470]loss: 3.7800, tokens/sec: 29480.67 ± 768.63, tokens seen: 385351680, grad norm: 0.5911
[iter 1480]loss: 3.7586, tokens/sec: 29481.09 ± 766.05, tokens seen: 387973120, grad norm: 0.5863
[iter 1490]loss: 3.9853, tokens/sec: 29481.27 ± 763.50, tokens seen: 390594560, grad norm: 0.6059
[step 1500]train loss: 3.8368, val loss: 3.8494, (avg train loss: 0.2447 ± 0.0097), (avg grad norm: 0.6500 ± 0.1012)
saving checkpoint to ./out-owt-large-mhc-group-lora-midnorm-wsd-bs8-30000step
[iter 1500]loss: 3.7703, tokens/sec: 29481.69 ± 760.97, tokens seen: 393216000, grad norm: 0.6127
[iter 1510]loss: 3.8757, tokens/sec: 29480.43 ± 761.09, tokens seen: 395837440, grad norm: 0.5442
[iter 1520]loss: 3.4737, tokens/sec: 29480.85 ± 758.60, tokens seen: 398458880, grad norm: 0.7338
[iter 1530]loss: 3.6426, tokens/sec: 29479.94 ± 757.73, tokens seen: 401080320, grad norm: 0.5649
[iter 1540]loss: 3.6295, tokens/sec: 29480.35 ± 755.29, tokens seen: 403701760, grad norm: 0.6200
[iter 1550]loss: 3.8778, tokens/sec: 29480.76 ± 752.86, tokens seen: 406323200, grad norm: 0.6288
[iter 1560]loss: 3.5982, tokens/sec: 29481.16 ± 750.47, tokens seen: 408944640, grad norm: 0.4833
[iter 1570]loss: 3.9186, tokens/sec: 29481.55 ± 748.09, tokens seen: 411566080, grad norm: 0.5859
[iter 1580]loss: 3.7706, tokens/sec: 29481.94 ± 745.74, tokens seen: 414187520, grad norm: 0.6188
[iter 1590]loss: 3.6753, tokens/sec: 29482.33 ± 743.40, tokens seen: 416808960, grad norm: 0.5176
[iter 1600]loss: 3.7268, tokens/sec: 29482.69 ± 741.09, tokens seen: 419430400, grad norm: 1.0001
[iter 1610]loss: 3.9798, tokens/sec: 29483.06 ± 738.80, tokens seen: 422051840, grad norm: 0.5740
[iter 1620]loss: 3.9009, tokens/sec: 29483.43 ± 736.54, tokens seen: 424673280, grad norm: 0.4736
[iter 1630]loss: 3.9917, tokens/sec: 29483.80 ± 734.29, tokens seen: 427294720, grad norm: 0.7400
[iter 1640]loss: 3.5234, tokens/sec: 29484.15 ± 732.06, tokens seen: 429916160, grad norm: 0.4860
[iter 1650]loss: 3.9802, tokens/sec: 29484.50 ± 729.86, tokens seen: 432537600, grad norm: 0.6777
[iter 1660]loss: 3.7717, tokens/sec: 29484.84 ± 727.67, tokens seen: 435159040, grad norm: 0.7782
[iter 1670]loss: 3.6530, tokens/sec: 29482.35 ± 729.59, tokens seen: 437780480, grad norm: 0.4759
[iter 1680]loss: 3.7320, tokens/sec: 29482.70 ± 727.43, tokens seen: 440401920, grad norm: 0.6334
[iter 1690]loss: 3.8711, tokens/sec: 29483.05 ± 725.29, tokens seen: 443023360, grad norm: 0.4380
[iter 1700]loss: 3.5566, tokens/sec: 29483.40 ± 723.17, tokens seen: 445644800, grad norm: 0.5667
[iter 1710]loss: 3.6178, tokens/sec: 29483.74 ± 721.07, tokens seen: 448266240, grad norm: 0.5490
[iter 1720]loss: 3.7626, tokens/sec: 29484.05 ± 718.98, tokens seen: 450887680, grad norm: 0.6102
[iter 1730]loss: 3.8474, tokens/sec: 29484.37 ± 716.91, tokens seen: 453509120, grad norm: 0.5504
[iter 1740]loss: 3.7385, tokens/sec: 29484.70 ± 714.86, tokens seen: 456130560, grad norm: 0.5630
[iter 1750]loss: 3.9461, tokens/sec: 29485.03 ± 712.83, tokens seen: 458752000, grad norm: 0.5579
[iter 1760]loss: 3.3252, tokens/sec: 29485.36 ± 710.82, tokens seen: 461373440, grad norm: 0.5428
[iter 1770]loss: 3.6596, tokens/sec: 29485.68 ± 708.82, tokens seen: 463994880, grad norm: 0.6591
[iter 1780]loss: 3.5554, tokens/sec: 29485.97 ± 706.84, tokens seen: 466616320, grad norm: 0.6819
[iter 1790]loss: 3.6706, tokens/sec: 29486.27 ± 704.88, tokens seen: 469237760, grad norm: 0.6435
[iter 1800]loss: 3.6408, tokens/sec: 29486.59 ± 702.93, tokens seen: 471859200, grad norm: 0.5112
[iter 1810]loss: 3.7185, tokens/sec: 29485.77 ± 702.57, tokens seen: 474480640, grad norm: 0.4957
[iter 1820]loss: 3.8402, tokens/sec: 29486.07 ± 700.65, tokens seen: 477102080, grad norm: 0.7258
[iter 1830]loss: 3.7665, tokens/sec: 29486.35 ± 698.74, tokens seen: 479723520, grad norm: 0.6660
[iter 1840]loss: 3.6908, tokens/sec: 29485.28 ± 699.19, tokens seen: 482344960, grad norm: 0.5607
[iter 1850]loss: 3.2665, tokens/sec: 29485.59 ± 697.31, tokens seen: 484966400, grad norm: 0.5954
[iter 1860]loss: 3.7325, tokens/sec: 29485.88 ± 695.45, tokens seen: 487587840, grad norm: 0.4684
[iter 1870]loss: 3.2864, tokens/sec: 29486.17 ± 693.60, tokens seen: 490209280, grad norm: 0.7030
[iter 1880]loss: 3.6713, tokens/sec: 29486.45 ± 691.76, tokens seen: 492830720, grad norm: 0.4189
[iter 1890]loss: 3.7477, tokens/sec: 29486.74 ± 689.94, tokens seen: 495452160, grad norm: 0.7374
[iter 1900]loss: 3.7108, tokens/sec: 29487.03 ± 688.14, tokens seen: 498073600, grad norm: 0.4930
[iter 1910]loss: 3.7438, tokens/sec: 29487.32 ± 686.35, tokens seen: 500695040, grad norm: 0.5479
[iter 1920]loss: 3.7576, tokens/sec: 29486.08 ± 686.63, tokens seen: 503316480, grad norm: 0.5139
[iter 1930]loss: 3.9834, tokens/sec: 29482.93 ± 689.00, tokens seen: 505937920, grad norm: 0.5132
[iter 1940]loss: 3.7192, tokens/sec: 29483.22 ± 687.24, tokens seen: 508559360, grad norm: 0.6848
[iter 1950]loss: 3.6886, tokens/sec: 29482.47 ± 686.92, tokens seen: 511180800, grad norm: 0.5280
[iter 1960]loss: 3.6213, tokens/sec: 29482.75 ± 685.17, tokens seen: 513802240, grad norm: 0.3976
[iter 1970]loss: 3.5447, tokens/sec: 29483.05 ± 683.44, tokens seen: 516423680, grad norm: 0.6457
[iter 1980]loss: 3.4740, tokens/sec: 29483.34 ± 681.73, tokens seen: 519045120, grad norm: 0.4355
[iter 1990]loss: 3.5553, tokens/sec: 29483.63 ± 680.03, tokens seen: 521666560, grad norm: 0.5666
[step 2000]train loss: 3.6628, val loss: 3.6706, (avg train loss: 0.2314 ± 0.0099), (avg grad norm: 0.5259 ± 0.0810)
saving checkpoint to ./out-owt-large-mhc-group-lora-midnorm-wsd-bs8-30000step
[iter 2000]loss: 3.5054, tokens/sec: 29483.91 ± 678.34, tokens seen: 524288000, grad norm: 0.4711
[iter 2010]loss: 3.7490, tokens/sec: 29484.20 ± 676.66, tokens seen: 526909440, grad norm: 0.4157
[iter 2020]loss: 3.7930, tokens/sec: 29484.47 ± 675.00, tokens seen: 529530880, grad norm: 0.4887
[iter 2030]loss: 3.7278, tokens/sec: 29484.76 ± 673.35, tokens seen: 532152320, grad norm: 0.4834
[iter 2040]loss: 3.6238, tokens/sec: 29485.03 ± 671.71, tokens seen: 534773760, grad norm: 0.5089
[iter 2050]loss: 3.7037, tokens/sec: 29485.30 ± 670.08, tokens seen: 537395200, grad norm: 0.5094
[iter 2060]loss: 3.6260, tokens/sec: 29485.56 ± 668.46, tokens seen: 540016640, grad norm: 0.5585
[iter 2070]loss: 3.7923, tokens/sec: 29485.83 ± 666.86, tokens seen: 542638080, grad norm: 0.4914
[iter 2080]loss: 3.7544, tokens/sec: 29486.10 ± 665.26, tokens seen: 545259520, grad norm: 0.4843
[iter 2090]loss: 3.6812, tokens/sec: 29485.37 ± 665.13, tokens seen: 547880960, grad norm: 0.6158
[iter 2100]loss: 3.6059, tokens/sec: 29485.62 ± 663.55, tokens seen: 550502400, grad norm: 0.4657
[iter 2110]loss: 3.4113, tokens/sec: 29485.89 ± 661.99, tokens seen: 553123840, grad norm: 0.4515
[iter 2120]loss: 3.3682, tokens/sec: 29486.15 ± 660.44, tokens seen: 555745280, grad norm: 0.5684
[iter 2130]loss: 3.7512, tokens/sec: 29486.41 ± 658.90, tokens seen: 558366720, grad norm: 0.3897
[iter 2140]loss: 3.9468, tokens/sec: 29486.66 ± 657.37, tokens seen: 560988160, grad norm: 0.4936
[iter 2150]loss: 3.8306, tokens/sec: 29486.92 ± 655.85, tokens seen: 563609600, grad norm: 0.4806
[iter 2160]loss: 3.4983, tokens/sec: 29487.16 ± 654.34, tokens seen: 566231040, grad norm: 0.4866
[iter 2170]loss: 3.5722, tokens/sec: 29486.29 ± 654.85, tokens seen: 568852480, grad norm: 0.4329
[iter 2180]loss: 3.5151, tokens/sec: 29486.51 ± 653.36, tokens seen: 571473920, grad norm: 0.4822
[iter 2190]loss: 3.7585, tokens/sec: 29486.76 ± 651.88, tokens seen: 574095360, grad norm: 0.4155
[iter 2200]loss: 3.6425, tokens/sec: 29487.01 ± 650.40, tokens seen: 576716800, grad norm: 0.5937
[iter 2210]loss: 3.5721, tokens/sec: 29487.25 ± 648.94, tokens seen: 579338240, grad norm: 0.4593
[iter 2220]loss: 3.6403, tokens/sec: 29487.48 ± 647.49, tokens seen: 581959680, grad norm: 0.3834
[iter 2230]loss: 3.6766, tokens/sec: 29486.79 ± 647.44, tokens seen: 584581120, grad norm: 0.4117
[iter 2240]loss: 3.6236, tokens/sec: 29487.04 ± 646.00, tokens seen: 587202560, grad norm: 0.4584
[iter 2250]loss: 3.6445, tokens/sec: 29487.28 ± 644.57, tokens seen: 589824000, grad norm: 0.4591
[iter 2260]loss: 3.5930, tokens/sec: 29487.51 ± 643.16, tokens seen: 592445440, grad norm: 0.5337
[iter 2270]loss: 3.4548, tokens/sec: 29487.75 ± 641.75, tokens seen: 595066880, grad norm: 0.4436
[iter 2280]loss: 3.4783, tokens/sec: 29487.97 ± 640.35, tokens seen: 597688320, grad norm: 0.5848
[iter 2290]loss: 3.9190, tokens/sec: 29488.18 ± 638.96, tokens seen: 600309760, grad norm: 0.4072
[iter 2300]loss: 3.6912, tokens/sec: 29488.41 ± 637.58, tokens seen: 602931200, grad norm: 0.4404
[iter 2310]loss: 3.7096, tokens/sec: 29488.63 ± 636.21, tokens seen: 605552640, grad norm: 0.5140
[iter 2320]loss: 3.5169, tokens/sec: 29488.86 ± 634.84, tokens seen: 608174080, grad norm: 0.4017
[iter 2330]loss: 3.6127, tokens/sec: 29489.08 ± 633.49, tokens seen: 610795520, grad norm: 0.4443
[iter 2340]loss: 3.6537, tokens/sec: 29488.21 ± 634.22, tokens seen: 613416960, grad norm: 0.5155
[iter 2350]loss: 3.5389, tokens/sec: 29488.44 ± 632.87, tokens seen: 616038400, grad norm: 0.3661
[iter 2360]loss: 3.4903, tokens/sec: 29488.63 ± 631.54, tokens seen: 618659840, grad norm: 0.5059
[iter 2370]loss: 3.6679, tokens/sec: 29487.86 ± 631.48, tokens seen: 621281280, grad norm: 0.5802
[iter 2380]loss: 3.5090, tokens/sec: 29488.02 ± 630.16, tokens seen: 623902720, grad norm: 0.4305
[iter 2390]loss: 3.8793, tokens/sec: 29488.21 ± 628.84, tokens seen: 626524160, grad norm: 0.6177
[iter 2400]loss: 3.5220, tokens/sec: 29488.43 ± 627.54, tokens seen: 629145600, grad norm: 0.4031
[iter 2410]loss: 3.4368, tokens/sec: 29488.64 ± 626.25, tokens seen: 631767040, grad norm: 0.5505
[iter 2420]loss: 3.4178, tokens/sec: 29488.83 ± 624.96, tokens seen: 634388480, grad norm: 0.3834
[iter 2430]loss: 3.6235, tokens/sec: 29489.05 ± 623.68, tokens seen: 637009920, grad norm: 0.4646
[iter 2440]loss: 3.6283, tokens/sec: 29489.26 ± 622.41, tokens seen: 639631360, grad norm: 0.3985
[iter 2450]loss: 3.4919, tokens/sec: 29489.45 ± 621.15, tokens seen: 642252800, grad norm: 0.4400
[iter 2460]loss: 3.5380, tokens/sec: 29489.66 ± 619.90, tokens seen: 644874240, grad norm: 0.3684
[iter 2470]loss: 3.5505, tokens/sec: 29488.43 ± 620.90, tokens seen: 647495680, grad norm: 0.3654
[iter 2480]loss: 3.5140, tokens/sec: 29488.64 ± 619.65, tokens seen: 650117120, grad norm: 0.3948
[iter 2490]loss: 3.4833, tokens/sec: 29488.85 ± 618.42, tokens seen: 652738560, grad norm: 0.3655
[step 2500]train loss: 3.5354, val loss: 3.5384, (avg train loss: 0.2216 ± 0.0096), (avg grad norm: 0.4532 ± 0.0613)
saving checkpoint to ./out-owt-large-mhc-group-lora-midnorm-wsd-bs8-30000step
[iter 2500]loss: 3.4602, tokens/sec: 29488.98 ± 617.20, tokens seen: 655360000, grad norm: 0.3916
[iter 2510]loss: 3.6991, tokens/sec: 29488.56 ± 616.76, tokens seen: 657981440, grad norm: 0.4306
[iter 2520]loss: 3.5270, tokens/sec: 29488.77 ± 615.54, tokens seen: 660602880, grad norm: 0.3990
[iter 2530]loss: 3.5605, tokens/sec: 29488.99 ± 614.33, tokens seen: 663224320, grad norm: 0.4468
[iter 2540]loss: 3.5728, tokens/sec: 29489.19 ± 613.13, tokens seen: 665845760, grad norm: 0.3975
[iter 2550]loss: 3.6618, tokens/sec: 29489.40 ± 611.94, tokens seen: 668467200, grad norm: 0.3585
[iter 2560]loss: 3.3726, tokens/sec: 29489.60 ± 610.75, tokens seen: 671088640, grad norm: 0.4040
[iter 2570]loss: 3.6972, tokens/sec: 29489.77 ± 609.57, tokens seen: 673710080, grad norm: 0.3635
[iter 2580]loss: 3.4365, tokens/sec: 29489.97 ± 608.39, tokens seen: 676331520, grad norm: 0.4127
[iter 2590]loss: 3.8349, tokens/sec: 29490.17 ± 607.23, tokens seen: 678952960, grad norm: 0.4401
[iter 2600]loss: 3.5705, tokens/sec: 29490.37 ± 606.07, tokens seen: 681574400, grad norm: 0.3870
[iter 2610]loss: 3.5905, tokens/sec: 29490.56 ± 604.91, tokens seen: 684195840, grad norm: 0.3571
[iter 2620]loss: 3.5335, tokens/sec: 29490.77 ± 603.77, tokens seen: 686817280, grad norm: 0.4591
[iter 2630]loss: 3.6088, tokens/sec: 29490.96 ± 602.63, tokens seen: 689438720, grad norm: 0.3926
[iter 2640]loss: 3.5986, tokens/sec: 29491.15 ± 601.49, tokens seen: 692060160, grad norm: 0.4087
[iter 2650]loss: 3.4685, tokens/sec: 29490.71 ± 601.17, tokens seen: 694681600, grad norm: 0.3993
[iter 2660]loss: 3.5317, tokens/sec: 29490.87 ± 600.05, tokens seen: 697303040, grad norm: 0.4089
[iter 2670]loss: 3.5834, tokens/sec: 29490.07 ± 600.94, tokens seen: 699924480, grad norm: 0.3930
[iter 2680]loss: 3.5868, tokens/sec: 29490.27 ± 599.82, tokens seen: 702545920, grad norm: 0.3815
[iter 2690]loss: 3.4509, tokens/sec: 29490.44 ± 598.71, tokens seen: 705167360, grad norm: 0.4339
[iter 2700]loss: 3.4856, tokens/sec: 29490.62 ± 597.61, tokens seen: 707788800, grad norm: 0.5179
[iter 2710]loss: 3.6281, tokens/sec: 29490.79 ± 596.52, tokens seen: 710410240, grad norm: 0.4520
[iter 2720]loss: 3.3472, tokens/sec: 29490.97 ± 595.43, tokens seen: 713031680, grad norm: 0.3789
[iter 2730]loss: 3.5116, tokens/sec: 29491.16 ± 594.34, tokens seen: 715653120, grad norm: 0.3979
[iter 2740]loss: 3.4413, tokens/sec: 29491.34 ± 593.26, tokens seen: 718274560, grad norm: 0.3948
[iter 2750]loss: 3.6629, tokens/sec: 29491.52 ± 592.19, tokens seen: 720896000, grad norm: 0.4528
[iter 2760]loss: 3.4489, tokens/sec: 29491.70 ± 591.13, tokens seen: 723517440, grad norm: 0.4945
[iter 2770]loss: 3.1114, tokens/sec: 29491.89 ± 590.07, tokens seen: 726138880, grad norm: 0.3584
[iter 2780]loss: 3.2907, tokens/sec: 29492.06 ± 589.01, tokens seen: 728760320, grad norm: 0.3961
[iter 2790]loss: 3.4534, tokens/sec: 29492.23 ± 587.96, tokens seen: 731381760, grad norm: 0.3952
[iter 2800]loss: 3.5579, tokens/sec: 29491.82 ± 587.68, tokens seen: 734003200, grad norm: 0.3651
[iter 2810]loss: 3.4771, tokens/sec: 29492.00 ± 586.64, tokens seen: 736624640, grad norm: 0.3653
[iter 2820]loss: 3.3235, tokens/sec: 29492.17 ± 585.61, tokens seen: 739246080, grad norm: 0.3454
[iter 2830]loss: 3.4727, tokens/sec: 29492.33 ± 584.58, tokens seen: 741867520, grad norm: 0.3963
[iter 2840]loss: 3.5670, tokens/sec: 29491.44 ± 586.13, tokens seen: 744488960, grad norm: 0.4260
[iter 2850]loss: 3.5024, tokens/sec: 29491.61 ± 585.10, tokens seen: 747110400, grad norm: 0.4132
[iter 2860]loss: 3.4672, tokens/sec: 29491.75 ± 584.09, tokens seen: 749731840, grad norm: 0.4811
[iter 2870]loss: 3.2767, tokens/sec: 29491.90 ± 583.07, tokens seen: 752353280, grad norm: 0.4173
[iter 2880]loss: 3.5465, tokens/sec: 29492.07 ± 582.07, tokens seen: 754974720, grad norm: 0.3879
[iter 2890]loss: 3.4629, tokens/sec: 29492.23 ± 581.07, tokens seen: 757596160, grad norm: 0.4162
[iter 2900]loss: 3.4588, tokens/sec: 29492.40 ± 580.07, tokens seen: 760217600, grad norm: 0.3625
[iter 2910]loss: 3.6594, tokens/sec: 29492.56 ± 579.08, tokens seen: 762839040, grad norm: 0.4330
[iter 2920]loss: 3.5354, tokens/sec: 29492.73 ± 578.10, tokens seen: 765460480, grad norm: 0.5721
[iter 2930]loss: 3.3690, tokens/sec: 29492.89 ± 577.12, tokens seen: 768081920, grad norm: 0.4180
[iter 2940]loss: 3.2342, tokens/sec: 29492.46 ± 576.94, tokens seen: 770703360, grad norm: 0.3918
[iter 2950]loss: 3.5247, tokens/sec: 29492.63 ± 575.97, tokens seen: 773324800, grad norm: 0.5121
[iter 2960]loss: 3.4779, tokens/sec: 29492.78 ± 575.00, tokens seen: 775946240, grad norm: 0.4043
[iter 2970]loss: 3.6369, tokens/sec: 29492.94 ± 574.04, tokens seen: 778567680, grad norm: 0.4595
[iter 2980]loss: 3.3754, tokens/sec: 29493.10 ± 573.08, tokens seen: 781189120, grad norm: 0.3466
[iter 2990]loss: 3.5959, tokens/sec: 29493.27 ± 572.13, tokens seen: 783810560, grad norm: 0.3380
[step 3000]train loss: 3.4628, val loss: 3.4576, (avg train loss: 0.2158 ± 0.0090), (avg grad norm: 0.4113 ± 0.0571)
saving checkpoint to ./out-owt-large-mhc-group-lora-midnorm-wsd-bs8-30000step
[iter 3000]loss: 3.2483, tokens/sec: 29492.62 ± 572.88, tokens seen: 786432000, grad norm: 0.3530
[iter 3010]loss: 3.4198, tokens/sec: 29492.78 ± 571.93, tokens seen: 789053440, grad norm: 0.3831
[iter 3020]loss: 3.4410, tokens/sec: 29492.96 ± 570.99, tokens seen: 791674880, grad norm: 0.4207
[iter 3030]loss: 3.4184, tokens/sec: 29493.12 ± 570.06, tokens seen: 794296320, grad norm: 0.4836
[iter 3040]loss: 3.3530, tokens/sec: 29493.28 ± 569.13, tokens seen: 796917760, grad norm: 0.3812
[iter 3050]loss: 3.4107, tokens/sec: 29493.44 ± 568.20, tokens seen: 799539200, grad norm: 0.3837
[iter 3060]loss: 3.3751, tokens/sec: 29493.59 ± 567.28, tokens seen: 802160640, grad norm: 0.3405
[iter 3070]loss: 3.6562, tokens/sec: 29493.74 ± 566.36, tokens seen: 804782080, grad norm: 0.3748
[iter 3080]loss: 3.5476, tokens/sec: 29493.32 ± 566.17, tokens seen: 807403520, grad norm: 0.3740
[iter 3090]loss: 3.4176, tokens/sec: 29493.48 ± 565.26, tokens seen: 810024960, grad norm: 0.3895
[iter 3100]loss: 3.3703, tokens/sec: 29493.64 ± 564.36, tokens seen: 812646400, grad norm: 0.4141
[iter 3110]loss: 3.4730, tokens/sec: 29493.80 ± 563.46, tokens seen: 815267840, grad norm: 0.3987
[iter 3120]loss: 3.5275, tokens/sec: 29493.95 ± 562.56, tokens seen: 817889280, grad norm: 0.4089
[iter 3130]loss: 2.9986, tokens/sec: 29494.10 ± 561.67, tokens seen: 820510720, grad norm: 0.3622
[iter 3140]loss: 3.4401, tokens/sec: 29494.24 ± 560.78, tokens seen: 823132160, grad norm: 0.4228
[iter 3150]loss: 3.6267, tokens/sec: 29494.39 ± 559.90, tokens seen: 825753600, grad norm: 0.3551
[iter 3160]loss: 3.2033, tokens/sec: 29494.53 ± 559.01, tokens seen: 828375040, grad norm: 0.3696
[iter 3170]loss: 3.2713, tokens/sec: 29493.73 ± 560.55, tokens seen: 830996480, grad norm: 0.4002
[iter 3180]loss: 3.5460, tokens/sec: 29493.86 ± 559.68, tokens seen: 833617920, grad norm: 0.3962
[iter 3190]loss: 3.4365, tokens/sec: 29494.00 ± 558.80, tokens seen: 836239360, grad norm: 0.4047
[iter 3200]loss: 3.5378, tokens/sec: 29494.15 ± 557.94, tokens seen: 838860800, grad norm: 0.4132
[iter 3210]loss: 3.2377, tokens/sec: 29494.26 ± 557.07, tokens seen: 841482240, grad norm: 0.4288
[iter 3220]loss: 3.4330, tokens/sec: 29493.87 ± 556.93, tokens seen: 844103680, grad norm: 0.4175
[iter 3230]loss: 3.5778, tokens/sec: 29493.99 ± 556.07, tokens seen: 846725120, grad norm: 0.3942
[iter 3240]loss: 3.3955, tokens/sec: 29494.12 ± 555.22, tokens seen: 849346560, grad norm: 0.3704
[iter 3250]loss: 3.9119, tokens/sec: 29494.25 ± 554.37, tokens seen: 851968000, grad norm: 0.4182
[iter 3260]loss: 3.4495, tokens/sec: 29494.37 ± 553.52, tokens seen: 854589440, grad norm: 0.3599
[iter 3270]loss: 3.5112, tokens/sec: 29494.51 ± 552.68, tokens seen: 857210880, grad norm: 0.3671
[iter 3280]loss: 3.3973, tokens/sec: 29494.64 ± 551.84, tokens seen: 859832320, grad norm: 0.3754
[iter 3290]loss: 3.3651, tokens/sec: 29494.75 ± 551.01, tokens seen: 862453760, grad norm: 0.4086
[iter 3300]loss: 3.3369, tokens/sec: 29494.87 ± 550.18, tokens seen: 865075200, grad norm: 0.3766
[iter 3310]loss: 3.4362, tokens/sec: 29494.99 ± 549.35, tokens seen: 867696640, grad norm: 0.4476
[iter 3320]loss: 3.5328, tokens/sec: 29495.11 ± 548.53, tokens seen: 870318080, grad norm: 0.4091
[iter 3330]loss: 3.4468, tokens/sec: 29495.24 ± 547.71, tokens seen: 872939520, grad norm: 0.3595
[iter 3340]loss: 3.4186, tokens/sec: 29494.51 ± 549.08, tokens seen: 875560960, grad norm: 0.4016
[iter 3350]loss: 3.4388, tokens/sec: 29494.64 ± 548.27, tokens seen: 878182400, grad norm: 0.3927
[iter 3360]loss: 3.2355, tokens/sec: 29494.30 ± 548.12, tokens seen: 880803840, grad norm: 0.3545
[iter 3370]loss: 3.3686, tokens/sec: 29494.44 ± 547.31, tokens seen: 883425280, grad norm: 0.3576
[iter 3380]loss: 3.3926, tokens/sec: 29494.58 ± 546.50, tokens seen: 886046720, grad norm: 0.3647
[iter 3390]loss: 3.5010, tokens/sec: 29494.71 ± 545.70, tokens seen: 888668160, grad norm: 0.3858
[iter 3400]loss: 3.4352, tokens/sec: 29494.85 ± 544.91, tokens seen: 891289600, grad norm: 0.3934
[iter 3410]loss: 3.3907, tokens/sec: 29494.98 ± 544.11, tokens seen: 893911040, grad norm: 0.4079
[iter 3420]loss: 3.6776, tokens/sec: 29495.12 ± 543.32, tokens seen: 896532480, grad norm: 0.3054
[iter 3430]loss: 3.5851, tokens/sec: 29495.25 ± 542.54, tokens seen: 899153920, grad norm: 0.3762
[iter 3440]loss: 3.5030, tokens/sec: 29495.38 ± 541.75, tokens seen: 901775360, grad norm: 0.3342
[iter 3450]loss: 3.3010, tokens/sec: 29495.52 ± 540.97, tokens seen: 904396800, grad norm: 0.4683
[iter 3460]loss: 3.6949, tokens/sec: 29495.65 ± 540.20, tokens seen: 907018240, grad norm: 0.4209
[iter 3470]loss: 3.3527, tokens/sec: 29495.78 ± 539.42, tokens seen: 909639680, grad norm: 0.3671
[iter 3480]loss: 3.3300, tokens/sec: 29495.90 ± 538.65, tokens seen: 912261120, grad norm: 0.3518
[iter 3490]loss: 3.5765, tokens/sec: 29496.02 ± 537.89, tokens seen: 914882560, grad norm: 0.3501
[step 3500]train loss: 3.3905, val loss: 3.3910, (avg train loss: 0.2140 ± 0.0084), (avg grad norm: 0.3902 ± 0.0441)
saving checkpoint to ./out-owt-large-mhc-group-lora-midnorm-wsd-bs8-30000step
[iter 3500]loss: 3.4752, tokens/sec: 29494.95 ± 539.34, tokens seen: 917504000, grad norm: 0.4263
[iter 3510]loss: 3.4270, tokens/sec: 29495.09 ± 538.58, tokens seen: 920125440, grad norm: 0.3513
[iter 3520]loss: 3.4076, tokens/sec: 29495.22 ± 537.82, tokens seen: 922746880, grad norm: 0.3889
[iter 3530]loss: 3.6240, tokens/sec: 29495.35 ± 537.06, tokens seen: 925368320, grad norm: 0.3600
[iter 3540]loss: 3.2977, tokens/sec: 29495.46 ± 536.31, tokens seen: 927989760, grad norm: 0.3815
[iter 3550]loss: 3.3398, tokens/sec: 29495.59 ± 535.56, tokens seen: 930611200, grad norm: 0.3697
[iter 3560]loss: 3.0553, tokens/sec: 29495.71 ± 534.81, tokens seen: 933232640, grad norm: 0.3936
[iter 3570]loss: 3.1431, tokens/sec: 29495.83 ± 534.06, tokens seen: 935854080, grad norm: 0.3925
[iter 3580]loss: 3.4826, tokens/sec: 29495.95 ± 533.32, tokens seen: 938475520, grad norm: 0.3390
[iter 3590]loss: 3.4004, tokens/sec: 29496.07 ± 532.59, tokens seen: 941096960, grad norm: 0.3836
[iter 3600]loss: 3.6046, tokens/sec: 29496.19 ± 531.85, tokens seen: 943718400, grad norm: 0.3518
[iter 3610]loss: 3.0387, tokens/sec: 29496.31 ± 531.12, tokens seen: 946339840, grad norm: 0.3324
[iter 3620]loss: 3.3643, tokens/sec: 29496.42 ± 530.39, tokens seen: 948961280, grad norm: 0.3723
[iter 3630]loss: 3.4667, tokens/sec: 29496.55 ± 529.66, tokens seen: 951582720, grad norm: 0.3326
[iter 3640]loss: 3.2748, tokens/sec: 29496.23 ± 529.57, tokens seen: 954204160, grad norm: 0.3550
[iter 3650]loss: 3.2515, tokens/sec: 29496.35 ± 528.85, tokens seen: 956825600, grad norm: 0.3657
[iter 3660]loss: 3.3504, tokens/sec: 29495.66 ± 530.31, tokens seen: 959447040, grad norm: 0.3744
[iter 3670]loss: 3.3664, tokens/sec: 29495.77 ± 529.59, tokens seen: 962068480, grad norm: 0.4712
[iter 3680]loss: 3.5105, tokens/sec: 29495.88 ± 528.87, tokens seen: 964689920, grad norm: 0.3454
[iter 3690]loss: 3.3322, tokens/sec: 29495.97 ± 528.16, tokens seen: 967311360, grad norm: 0.3522
[iter 3700]loss: 3.5195, tokens/sec: 29496.10 ± 527.45, tokens seen: 969932800, grad norm: 0.3736
[iter 3710]loss: 3.4185, tokens/sec: 29496.22 ± 526.75, tokens seen: 972554240, grad norm: 0.3452
[iter 3720]loss: 3.5139, tokens/sec: 29496.32 ± 526.04, tokens seen: 975175680, grad norm: 0.3239
[iter 3730]loss: 3.4440, tokens/sec: 29496.42 ± 525.34, tokens seen: 977797120, grad norm: 0.3664
[iter 3740]loss: 3.5076, tokens/sec: 29496.52 ± 524.64, tokens seen: 980418560, grad norm: 0.5993
[iter 3750]loss: 3.2140, tokens/sec: 29496.62 ± 523.94, tokens seen: 983040000, grad norm: 0.3995
[iter 3760]loss: 3.4338, tokens/sec: 29496.73 ± 523.25, tokens seen: 985661440, grad norm: 0.3527
[iter 3770]loss: 3.4326, tokens/sec: 29496.83 ± 522.56, tokens seen: 988282880, grad norm: 0.4199
[iter 3780]loss: 3.3170, tokens/sec: 29496.52 ± 522.51, tokens seen: 990904320, grad norm: 0.3412
[iter 3790]loss: 3.2551, tokens/sec: 29496.64 ± 521.82, tokens seen: 993525760, grad norm: 0.4131
[iter 3800]loss: 3.1482, tokens/sec: 29496.76 ± 521.14, tokens seen: 996147200, grad norm: 0.3719
[iter 3810]loss: 3.6608, tokens/sec: 29496.89 ± 520.46, tokens seen: 998768640, grad norm: 0.3692
[iter 3820]loss: 3.4942, tokens/sec: 29497.00 ± 519.79, tokens seen: 1001390080, grad norm: 0.4179
[iter 3830]loss: 3.4337, tokens/sec: 29496.33 ± 521.35, tokens seen: 1004011520, grad norm: 0.4334
[iter 3840]loss: 3.3334, tokens/sec: 29496.45 ± 520.67, tokens seen: 1006632960, grad norm: 0.3456
[iter 3850]loss: 3.3433, tokens/sec: 29496.57 ± 520.00, tokens seen: 1009254400, grad norm: 0.3386
[iter 3860]loss: 3.1674, tokens/sec: 29496.68 ± 519.33, tokens seen: 1011875840, grad norm: 0.3443
[iter 3870]loss: 3.3908, tokens/sec: 29496.79 ± 518.67, tokens seen: 1014497280, grad norm: 0.3961
[iter 3880]loss: 3.0198, tokens/sec: 29496.92 ± 518.00, tokens seen: 1017118720, grad norm: 0.3429
[iter 3890]loss: 3.2236, tokens/sec: 29497.01 ± 517.34, tokens seen: 1019740160, grad norm: 0.4164
[iter 3900]loss: 3.3778, tokens/sec: 29497.13 ± 516.68, tokens seen: 1022361600, grad norm: 0.3370
[iter 3910]loss: 3.3528, tokens/sec: 29497.23 ± 516.03, tokens seen: 1024983040, grad norm: 0.3306
[iter 3920]loss: 2.8953, tokens/sec: 29496.92 ± 516.00, tokens seen: 1027604480, grad norm: 0.3171
[iter 3930]loss: 3.4304, tokens/sec: 29497.03 ± 515.35, tokens seen: 1030225920, grad norm: 0.3479
[iter 3940]loss: 3.3701, tokens/sec: 29497.14 ± 514.70, tokens seen: 1032847360, grad norm: 0.3363
[iter 3950]loss: 3.4227, tokens/sec: 29497.25 ± 514.05, tokens seen: 1035468800, grad norm: 0.3505
[iter 3960]loss: 3.6070, tokens/sec: 29497.36 ± 513.41, tokens seen: 1038090240, grad norm: 0.3437
[iter 3970]loss: 3.3924, tokens/sec: 29497.48 ± 512.77, tokens seen: 1040711680, grad norm: 0.4369
[iter 3980]loss: 3.3779, tokens/sec: 29497.59 ± 512.13, tokens seen: 1043333120, grad norm: 0.3218
[iter 3990]loss: 3.1739, tokens/sec: 29497.69 ± 511.49, tokens seen: 1045954560, grad norm: 0.3531
[step 4000]train loss: 3.3265, val loss: 3.3347, (avg train loss: 0.2094 ± 0.0087), (avg grad norm: 0.3744 ± 0.0573)
saving checkpoint to ./out-owt-large-mhc-group-lora-midnorm-wsd-bs8-30000step
[iter 4000]loss: 3.2405, tokens/sec: 29497.09 ± 512.70, tokens seen: 1048576000, grad norm: 0.3262
[iter 4010]loss: 3.3922, tokens/sec: 29497.18 ± 512.06, tokens seen: 1051197440, grad norm: 0.3521
[iter 4020]loss: 3.3134, tokens/sec: 29497.27 ± 511.43, tokens seen: 1053818880, grad norm: 0.4015
[iter 4030]loss: 3.0729, tokens/sec: 29497.36 ± 510.80, tokens seen: 1056440320, grad norm: 0.3734
[iter 4040]loss: 3.2765, tokens/sec: 29497.46 ± 510.17, tokens seen: 1059061760, grad norm: 0.3938
[iter 4050]loss: 3.3779, tokens/sec: 29497.53 ± 509.54, tokens seen: 1061683200, grad norm: 0.3355
[iter 4060]loss: 3.4565, tokens/sec: 29497.24 ± 509.51, tokens seen: 1064304640, grad norm: 0.3830
[iter 4070]loss: 3.3401, tokens/sec: 29497.34 ± 508.89, tokens seen: 1066926080, grad norm: 0.3380
[iter 4080]loss: 3.3569, tokens/sec: 29497.44 ± 508.27, tokens seen: 1069547520, grad norm: 0.3811
[iter 4090]loss: 3.3524, tokens/sec: 29497.54 ± 507.65, tokens seen: 1072168960, grad norm: 0.4257
[iter 4100]loss: 3.0479, tokens/sec: 29497.65 ± 507.04, tokens seen: 1074790400, grad norm: 0.3050
[iter 4110]loss: 3.4494, tokens/sec: 29497.75 ± 506.42, tokens seen: 1077411840, grad norm: 0.3310
[iter 4120]loss: 3.3990, tokens/sec: 29497.85 ± 505.81, tokens seen: 1080033280, grad norm: 0.3604
[iter 4130]loss: 3.1862, tokens/sec: 29497.94 ± 505.20, tokens seen: 1082654720, grad norm: 0.3230
[iter 4140]loss: 3.4969, tokens/sec: 29498.03 ± 504.60, tokens seen: 1085276160, grad norm: 0.3525
[iter 4150]loss: 3.3706, tokens/sec: 29498.13 ± 503.99, tokens seen: 1087897600, grad norm: 0.3716
[iter 4160]loss: 3.2213, tokens/sec: 29497.59 ± 505.08, tokens seen: 1090519040, grad norm: 0.4028
[iter 4170]loss: 3.2974, tokens/sec: 29497.70 ± 504.48, tokens seen: 1093140480, grad norm: 0.3634
[iter 4180]loss: 2.9501, tokens/sec: 29497.80 ± 503.88, tokens seen: 1095761920, grad norm: 0.3558
[iter 4190]loss: 3.1840, tokens/sec: 29497.91 ± 503.29, tokens seen: 1098383360, grad norm: 0.3198
[iter 4200]loss: 3.2555, tokens/sec: 29497.63 ± 503.27, tokens seen: 1101004800, grad norm: 0.3596
[iter 4210]loss: 3.1678, tokens/sec: 29497.73 ± 502.67, tokens seen: 1103626240, grad norm: 0.3523
[iter 4220]loss: 3.3211, tokens/sec: 29497.84 ± 502.08, tokens seen: 1106247680, grad norm: 0.3395
[iter 4230]loss: 3.3394, tokens/sec: 29497.94 ± 501.49, tokens seen: 1108869120, grad norm: 0.3109
[iter 4240]loss: 3.0733, tokens/sec: 29498.04 ± 500.91, tokens seen: 1111490560, grad norm: 0.3631
[iter 4250]loss: 3.3251, tokens/sec: 29498.15 ± 500.32, tokens seen: 1114112000, grad norm: 0.4245
[iter 4260]loss: 3.2739, tokens/sec: 29498.24 ± 499.74, tokens seen: 1116733440, grad norm: 0.3198
[iter 4270]loss: 3.5190, tokens/sec: 29498.35 ± 499.16, tokens seen: 1119354880, grad norm: 0.3971
[iter 4280]loss: 3.5340, tokens/sec: 29498.45 ± 498.58, tokens seen: 1121976320, grad norm: 0.3310
[iter 4290]loss: 3.2670, tokens/sec: 29498.55 ± 498.00, tokens seen: 1124597760, grad norm: 0.4054
[iter 4300]loss: 3.2461, tokens/sec: 29498.65 ± 497.43, tokens seen: 1127219200, grad norm: 0.4032
[iter 4310]loss: 3.3255, tokens/sec: 29498.76 ± 496.85, tokens seen: 1129840640, grad norm: 0.3828
[iter 4320]loss: 3.1634, tokens/sec: 29498.86 ± 496.28, tokens seen: 1132462080, grad norm: 0.3133
[iter 4330]loss: 3.2789, tokens/sec: 29498.32 ± 497.48, tokens seen: 1135083520, grad norm: 0.3513
[iter 4340]loss: 3.3851, tokens/sec: 29498.05 ± 497.49, tokens seen: 1137704960, grad norm: 0.3239
[iter 4350]loss: 3.0330, tokens/sec: 29498.15 ± 496.92, tokens seen: 1140326400, grad norm: 0.3652
[iter 4360]loss: 3.2443, tokens/sec: 29498.25 ± 496.36, tokens seen: 1142947840, grad norm: 0.3782
[iter 4370]loss: 3.3173, tokens/sec: 29498.35 ± 495.79, tokens seen: 1145569280, grad norm: 0.3999
[iter 4380]loss: 3.3478, tokens/sec: 29498.44 ± 495.23, tokens seen: 1148190720, grad norm: 0.3261
[iter 4390]loss: 3.4735, tokens/sec: 29498.54 ± 494.67, tokens seen: 1150812160, grad norm: 0.5101
[iter 4400]loss: 3.3440, tokens/sec: 29498.64 ± 494.12, tokens seen: 1153433600, grad norm: 0.4045
[iter 4410]loss: 3.4291, tokens/sec: 29498.75 ± 493.56, tokens seen: 1156055040, grad norm: 0.3699
[iter 4420]loss: 3.4201, tokens/sec: 29498.84 ± 493.00, tokens seen: 1158676480, grad norm: 0.3360
[iter 4430]loss: 3.3172, tokens/sec: 29498.92 ± 492.45, tokens seen: 1161297920, grad norm: 0.3375
[iter 4440]loss: 3.1940, tokens/sec: 29498.99 ± 491.90, tokens seen: 1163919360, grad norm: 0.3544
[iter 4450]loss: 3.2404, tokens/sec: 29499.08 ± 491.35, tokens seen: 1166540800, grad norm: 0.4483
[iter 4460]loss: 3.2903, tokens/sec: 29499.17 ± 490.80, tokens seen: 1169162240, grad norm: 0.3633
[iter 4470]loss: 3.3014, tokens/sec: 29499.27 ± 490.26, tokens seen: 1171783680, grad norm: 0.3319
[iter 4480]loss: 3.3833, tokens/sec: 29499.00 ± 490.27, tokens seen: 1174405120, grad norm: 0.3335
[iter 4490]loss: 2.8765, tokens/sec: 29499.09 ± 489.73, tokens seen: 1177026560, grad norm: 0.3079
[step 4500]train loss: 3.3016, val loss: 3.3116, (avg train loss: 0.2048 ± 0.0086), (avg grad norm: 0.3663 ± 0.0423)
saving checkpoint to ./out-owt-large-mhc-group-lora-midnorm-wsd-bs8-30000step
[iter 4500]loss: 3.1702, tokens/sec: 29498.54 ± 491.01, tokens seen: 1179648000, grad norm: 0.4044
[iter 4510]loss: 3.0522, tokens/sec: 29498.63 ± 490.47, tokens seen: 1182269440, grad norm: 0.3651
[iter 4520]loss: 3.3908, tokens/sec: 29498.72 ± 489.93, tokens seen: 1184890880, grad norm: 0.3118
[iter 4530]loss: 3.1295, tokens/sec: 29498.81 ± 489.39, tokens seen: 1187512320, grad norm: 0.4169
[iter 4540]loss: 3.2285, tokens/sec: 29498.90 ± 488.86, tokens seen: 1190133760, grad norm: 0.3694
[iter 4550]loss: 3.2378, tokens/sec: 29498.99 ± 488.33, tokens seen: 1192755200, grad norm: 0.3557
[iter 4560]loss: 3.2742, tokens/sec: 29499.08 ± 487.79, tokens seen: 1195376640, grad norm: 0.3462
[iter 4570]loss: 3.2973, tokens/sec: 29499.17 ± 487.26, tokens seen: 1197998080, grad norm: 0.3450
[iter 4580]loss: 3.2994, tokens/sec: 29499.26 ± 486.74, tokens seen: 1200619520, grad norm: 0.3755
[iter 4590]loss: 2.7936, tokens/sec: 29499.35 ± 486.21, tokens seen: 1203240960, grad norm: 0.3407
[iter 4600]loss: 3.2971, tokens/sec: 29499.44 ± 485.68, tokens seen: 1205862400, grad norm: 0.3131
[iter 4610]loss: 3.3121, tokens/sec: 29499.53 ± 485.16, tokens seen: 1208483840, grad norm: 0.2996
[iter 4620]loss: 3.3350, tokens/sec: 29499.27 ± 485.19, tokens seen: 1211105280, grad norm: 0.3546
[iter 4630]loss: 3.2202, tokens/sec: 29499.36 ± 484.67, tokens seen: 1213726720, grad norm: 0.3413
[iter 4640]loss: 3.3876, tokens/sec: 29499.44 ± 484.15, tokens seen: 1216348160, grad norm: 0.3549
[iter 4650]loss: 3.3503, tokens/sec: 29499.53 ± 483.63, tokens seen: 1218969600, grad norm: 0.3171
[iter 4660]loss: 3.5747, tokens/sec: 29499.03 ± 484.71, tokens seen: 1221591040, grad norm: 0.3565
[iter 4670]loss: 3.3430, tokens/sec: 29499.12 ± 484.20, tokens seen: 1224212480, grad norm: 0.4005
[iter 4680]loss: 3.4404, tokens/sec: 29499.21 ± 483.68, tokens seen: 1226833920, grad norm: 0.3329
[iter 4690]loss: 3.2645, tokens/sec: 29499.29 ± 483.17, tokens seen: 1229455360, grad norm: 0.3207
[iter 4700]loss: 3.1880, tokens/sec: 29499.38 ± 482.66, tokens seen: 1232076800, grad norm: 0.3247
[iter 4710]loss: 3.2090, tokens/sec: 29499.46 ± 482.15, tokens seen: 1234698240, grad norm: 0.3812
[iter 4720]loss: 3.3085, tokens/sec: 29499.55 ± 481.64, tokens seen: 1237319680, grad norm: 0.3325
[iter 4730]loss: 3.3475, tokens/sec: 29499.64 ± 481.14, tokens seen: 1239941120, grad norm: 0.3729
[iter 4740]loss: 3.2484, tokens/sec: 29499.72 ± 480.64, tokens seen: 1242562560, grad norm: 0.3312
[iter 4750]loss: 3.1214, tokens/sec: 29499.81 ± 480.13, tokens seen: 1245184000, grad norm: 0.3958
[iter 4760]loss: 3.2035, tokens/sec: 29499.55 ± 480.17, tokens seen: 1247805440, grad norm: 0.3906
[iter 4770]loss: 3.2087, tokens/sec: 29499.64 ± 479.67, tokens seen: 1250426880, grad norm: 0.3832
[iter 4780]loss: 3.1622, tokens/sec: 29499.72 ± 479.17, tokens seen: 1253048320, grad norm: 0.3307
[iter 4790]loss: 3.1824, tokens/sec: 29499.81 ± 478.67, tokens seen: 1255669760, grad norm: 0.4038
[iter 4800]loss: 3.3382, tokens/sec: 29499.89 ± 478.18, tokens seen: 1258291200, grad norm: 0.4037
[iter 4810]loss: 3.1781, tokens/sec: 29499.97 ± 477.68, tokens seen: 1260912640, grad norm: 0.3611
[iter 4820]loss: 3.2485, tokens/sec: 29500.05 ± 477.19, tokens seen: 1263534080, grad norm: 0.3159
[iter 4830]loss: 3.4816, tokens/sec: 29499.71 ± 477.60, tokens seen: 1266155520, grad norm: 0.3549
[iter 4840]loss: 3.2305, tokens/sec: 29499.81 ± 477.11, tokens seen: 1268776960, grad norm: 0.3552
[iter 4850]loss: 3.2690, tokens/sec: 29499.90 ± 476.63, tokens seen: 1271398400, grad norm: 0.3484
[iter 4860]loss: 3.2208, tokens/sec: 29500.00 ± 476.14, tokens seen: 1274019840, grad norm: 0.3220
[iter 4870]loss: 3.0412, tokens/sec: 29500.08 ± 475.66, tokens seen: 1276641280, grad norm: 0.3504
[iter 4880]loss: 3.1395, tokens/sec: 29500.17 ± 475.17, tokens seen: 1279262720, grad norm: 0.3426
[iter 4890]loss: 3.1044, tokens/sec: 29500.26 ± 474.69, tokens seen: 1281884160, grad norm: 0.3266
[iter 4900]loss: 3.2845, tokens/sec: 29500.02 ± 474.74, tokens seen: 1284505600, grad norm: 0.3237
[iter 4910]loss: 3.0550, tokens/sec: 29500.11 ± 474.26, tokens seen: 1287127040, grad norm: 0.3256
[iter 4920]loss: 3.2679, tokens/sec: 29500.20 ± 473.78, tokens seen: 1289748480, grad norm: 0.3878
[iter 4930]loss: 3.4365, tokens/sec: 29500.29 ± 473.30, tokens seen: 1292369920, grad norm: 0.3573
[iter 4940]loss: 3.2423, tokens/sec: 29500.38 ± 472.83, tokens seen: 1294991360, grad norm: 0.4140
[iter 4950]loss: 3.2502, tokens/sec: 29500.46 ± 472.36, tokens seen: 1297612800, grad norm: 0.4222
[iter 4960]loss: 3.3866, tokens/sec: 29500.55 ± 471.88, tokens seen: 1300234240, grad norm: 0.3803
[iter 4970]loss: 3.0215, tokens/sec: 29500.64 ± 471.41, tokens seen: 1302855680, grad norm: 0.3487
[iter 4980]loss: 3.3586, tokens/sec: 29500.72 ± 470.94, tokens seen: 1305477120, grad norm: 0.3645
[iter 4990]loss: 3.2611, tokens/sec: 29500.81 ± 470.48, tokens seen: 1308098560, grad norm: 0.3482
[step 5000]train loss: 3.2624, val loss: 3.2773, (avg train loss: 0.2048 ± 0.0092), (avg grad norm: 0.3556 ± 0.0361)
saving checkpoint to ./out-owt-large-mhc-group-lora-midnorm-wsd-bs8-30000step
[iter 5000]loss: 3.1303, tokens/sec: 29500.48 ± 470.89, tokens seen: 1310720000, grad norm: 0.4136
[iter 5010]loss: 3.4926, tokens/sec: 29500.56 ± 470.42, tokens seen: 1313341440, grad norm: 0.3703
[iter 5020]loss: 2.9795, tokens/sec: 29500.65 ± 469.96, tokens seen: 1315962880, grad norm: 0.3566
[iter 5030]loss: 3.0979, tokens/sec: 29500.73 ± 469.50, tokens seen: 1318584320, grad norm: 0.3524
[iter 5040]loss: 3.4685, tokens/sec: 29500.48 ± 469.59, tokens seen: 1321205760, grad norm: 0.3042
[iter 5050]loss: 3.1472, tokens/sec: 29500.55 ± 469.12, tokens seen: 1323827200, grad norm: 0.3258
[iter 5060]loss: 3.1121, tokens/sec: 29500.64 ± 468.67, tokens seen: 1326448640, grad norm: 0.4273
[iter 5070]loss: 3.2998, tokens/sec: 29500.72 ± 468.21, tokens seen: 1329070080, grad norm: 0.3438
[iter 5080]loss: 3.2744, tokens/sec: 29500.81 ± 467.75, tokens seen: 1331691520, grad norm: 0.4152
[iter 5090]loss: 3.3345, tokens/sec: 29500.89 ± 467.29, tokens seen: 1334312960, grad norm: 0.3343
[iter 5100]loss: 3.2717, tokens/sec: 29500.97 ± 466.84, tokens seen: 1336934400, grad norm: 0.3846
[iter 5110]loss: 3.4830, tokens/sec: 29501.06 ± 466.39, tokens seen: 1339555840, grad norm: 0.3987
[iter 5120]loss: 3.1585, tokens/sec: 29501.14 ± 465.93, tokens seen: 1342177280, grad norm: 0.2909
[iter 5130]loss: 3.1872, tokens/sec: 29501.22 ± 465.48, tokens seen: 1344798720, grad norm: 0.3364
[iter 5140]loss: 3.2920, tokens/sec: 29501.30 ± 465.03, tokens seen: 1347420160, grad norm: 0.3129
[iter 5150]loss: 3.1672, tokens/sec: 29501.38 ± 464.59, tokens seen: 1350041600, grad norm: 0.3472
[iter 5160]loss: 3.3565, tokens/sec: 29501.05 ± 465.00, tokens seen: 1352663040, grad norm: 0.3319
[iter 5170]loss: 3.0996, tokens/sec: 29501.12 ± 464.55, tokens seen: 1355284480, grad norm: 0.3380
[iter 5180]loss: 3.2587, tokens/sec: 29500.88 ± 464.63, tokens seen: 1357905920, grad norm: 0.4008
[iter 5190]loss: 3.2091, tokens/sec: 29500.95 ± 464.19, tokens seen: 1360527360, grad norm: 0.3159
[iter 5200]loss: 3.4242, tokens/sec: 29501.01 ± 463.75, tokens seen: 1363148800, grad norm: 0.4913
[iter 5210]loss: 3.2708, tokens/sec: 29501.07 ± 463.30, tokens seen: 1365770240, grad norm: 0.3742
[iter 5220]loss: 3.1877, tokens/sec: 29501.14 ± 462.86, tokens seen: 1368391680, grad norm: 0.4045
[iter 5230]loss: 3.2143, tokens/sec: 29501.21 ± 462.42, tokens seen: 1371013120, grad norm: 0.3926
[iter 5240]loss: 3.2066, tokens/sec: 29501.27 ± 461.98, tokens seen: 1373634560, grad norm: 0.3833
[iter 5250]loss: 3.3165, tokens/sec: 29501.32 ± 461.54, tokens seen: 1376256000, grad norm: 0.3091
[iter 5260]loss: 3.3734, tokens/sec: 29501.39 ± 461.11, tokens seen: 1378877440, grad norm: 0.3211
[iter 5270]loss: 3.2004, tokens/sec: 29501.47 ± 460.68, tokens seen: 1381498880, grad norm: 0.3790
[iter 5280]loss: 3.0767, tokens/sec: 29501.55 ± 460.24, tokens seen: 1384120320, grad norm: 0.3606
[iter 5290]loss: 3.3718, tokens/sec: 29501.63 ± 459.81, tokens seen: 1386741760, grad norm: 0.3157
[iter 5300]loss: 3.3872, tokens/sec: 29501.71 ± 459.38, tokens seen: 1389363200, grad norm: 0.3318
[iter 5310]loss: 3.1211, tokens/sec: 29501.78 ± 458.95, tokens seen: 1391984640, grad norm: 0.4545
[iter 5320]loss: 3.2286, tokens/sec: 29501.55 ± 459.03, tokens seen: 1394606080, grad norm: 0.3138
[iter 5330]loss: 3.3522, tokens/sec: 29501.24 ± 459.46, tokens seen: 1397227520, grad norm: 0.3692
[iter 5340]loss: 3.2629, tokens/sec: 29501.32 ± 459.04, tokens seen: 1399848960, grad norm: 0.3159
[iter 5350]loss: 3.1137, tokens/sec: 29501.40 ± 458.61, tokens seen: 1402470400, grad norm: 0.3297
[iter 5360]loss: 3.4298, tokens/sec: 29501.48 ± 458.19, tokens seen: 1405091840, grad norm: 0.3555
[iter 5370]loss: 3.3608, tokens/sec: 29501.56 ± 457.76, tokens seen: 1407713280, grad norm: 0.3750
[iter 5380]loss: 3.3790, tokens/sec: 29501.63 ± 457.34, tokens seen: 1410334720, grad norm: 0.3252
[iter 5390]loss: 3.2828, tokens/sec: 29501.70 ± 456.92, tokens seen: 1412956160, grad norm: 0.3618
[iter 5400]loss: 3.0979, tokens/sec: 29501.77 ± 456.50, tokens seen: 1415577600, grad norm: 0.4081
[iter 5410]loss: 2.9887, tokens/sec: 29501.84 ± 456.08, tokens seen: 1418199040, grad norm: 0.3186
[iter 5420]loss: 3.2930, tokens/sec: 29501.91 ± 455.66, tokens seen: 1420820480, grad norm: 0.3650
[iter 5430]loss: 3.2091, tokens/sec: 29501.98 ± 455.25, tokens seen: 1423441920, grad norm: 0.3932
[iter 5440]loss: 3.2278, tokens/sec: 29502.05 ± 454.83, tokens seen: 1426063360, grad norm: 0.3183
[iter 5450]loss: 2.9562, tokens/sec: 29502.12 ± 454.42, tokens seen: 1428684800, grad norm: 0.3784
[iter 5460]loss: 3.0263, tokens/sec: 29501.89 ± 454.50, tokens seen: 1431306240, grad norm: 0.3865
[iter 5470]loss: 3.5606, tokens/sec: 29501.96 ± 454.09, tokens seen: 1433927680, grad norm: 0.3434
[iter 5480]loss: 3.0768, tokens/sec: 29502.04 ± 453.68, tokens seen: 1436549120, grad norm: 0.3840
[iter 5490]loss: 3.1154, tokens/sec: 29501.70 ± 454.26, tokens seen: 1439170560, grad norm: 0.2993
[step 5500]train loss: 3.2241, val loss: 3.2622, (avg train loss: 0.2022 ± 0.0090), (avg grad norm: 0.3641 ± 0.1031)
saving checkpoint to ./out-owt-large-mhc-group-lora-midnorm-wsd-bs8-30000step
[iter 5500]loss: 3.2245, tokens/sec: 29501.77 ± 453.85, tokens seen: 1441792000, grad norm: 0.3773
[iter 5510]loss: 3.2651, tokens/sec: 29501.83 ± 453.44, tokens seen: 1444413440, grad norm: 0.3990
[iter 5520]loss: 3.2968, tokens/sec: 29501.90 ± 453.03, tokens seen: 1447034880, grad norm: 0.3131
[iter 5530]loss: 3.2258, tokens/sec: 29501.96 ± 452.62, tokens seen: 1449656320, grad norm: 0.3088
[iter 5540]loss: 3.3973, tokens/sec: 29502.03 ± 452.22, tokens seen: 1452277760, grad norm: 0.3552
[iter 5550]loss: 3.3980, tokens/sec: 29502.10 ± 451.81, tokens seen: 1454899200, grad norm: 0.4120
[iter 5560]loss: 3.4478, tokens/sec: 29502.16 ± 451.41, tokens seen: 1457520640, grad norm: 0.3519
[iter 5570]loss: 3.2797, tokens/sec: 29502.21 ± 451.00, tokens seen: 1460142080, grad norm: 0.3296
[iter 5580]loss: 3.2703, tokens/sec: 29502.27 ± 450.60, tokens seen: 1462763520, grad norm: 0.4550
[iter 5590]loss: 3.1812, tokens/sec: 29502.33 ± 450.20, tokens seen: 1465384960, grad norm: 0.3307
[iter 5600]loss: 3.1809, tokens/sec: 29502.10 ± 450.32, tokens seen: 1468006400, grad norm: 0.3356
[iter 5610]loss: 3.2541, tokens/sec: 29502.18 ± 449.92, tokens seen: 1470627840, grad norm: 0.3344
[iter 5620]loss: 3.2406, tokens/sec: 29502.26 ± 449.52, tokens seen: 1473249280, grad norm: 0.3281
[iter 5630]loss: 3.2593, tokens/sec: 29502.33 ± 449.13, tokens seen: 1475870720, grad norm: 0.4199
[iter 5640]loss: 3.2719, tokens/sec: 29502.41 ± 448.73, tokens seen: 1478492160, grad norm: 0.3171
[iter 5650]loss: 3.2212, tokens/sec: 29502.48 ± 448.34, tokens seen: 1481113600, grad norm: 0.3212
[iter 5660]loss: 3.0325, tokens/sec: 29502.18 ± 448.79, tokens seen: 1483735040, grad norm: 0.4084
[iter 5670]loss: 3.4220, tokens/sec: 29502.25 ± 448.40, tokens seen: 1486356480, grad norm: 0.3882
[iter 5680]loss: 3.1238, tokens/sec: 29502.32 ± 448.01, tokens seen: 1488977920, grad norm: 0.3259
[iter 5690]loss: 3.0789, tokens/sec: 29502.40 ± 447.62, tokens seen: 1491599360, grad norm: 0.3115
[iter 5700]loss: 3.4357, tokens/sec: 29502.47 ± 447.23, tokens seen: 1494220800, grad norm: 0.3194
[iter 5710]loss: 3.2460, tokens/sec: 29502.54 ± 446.84, tokens seen: 1496842240, grad norm: 0.3681
[iter 5720]loss: 3.3650, tokens/sec: 29502.61 ± 446.45, tokens seen: 1499463680, grad norm: 0.3243
[iter 5730]loss: 3.2829, tokens/sec: 29502.68 ± 446.06, tokens seen: 1502085120, grad norm: 0.4018
[iter 5740]loss: 3.1743, tokens/sec: 29502.46 ± 446.19, tokens seen: 1504706560, grad norm: 0.3220
[iter 5750]loss: 3.0019, tokens/sec: 29502.53 ± 445.81, tokens seen: 1507328000, grad norm: 0.3513
[iter 5760]loss: 3.2813, tokens/sec: 29502.60 ± 445.42, tokens seen: 1509949440, grad norm: 0.4138
[iter 5770]loss: 3.1403, tokens/sec: 29502.66 ± 445.04, tokens seen: 1512570880, grad norm: 0.3619
[iter 5780]loss: 3.2479, tokens/sec: 29502.73 ± 444.66, tokens seen: 1515192320, grad norm: 0.2890
[iter 5790]loss: 3.3598, tokens/sec: 29502.81 ± 444.28, tokens seen: 1517813760, grad norm: 0.3113
[iter 5800]loss: 3.0735, tokens/sec: 29502.87 ± 443.90, tokens seen: 1520435200, grad norm: 0.3147
[iter 5810]loss: 3.2460, tokens/sec: 29502.94 ± 443.52, tokens seen: 1523056640, grad norm: 0.3275
[iter 5820]loss: 3.3110, tokens/sec: 29502.66 ± 443.93, tokens seen: 1525678080, grad norm: 0.3374
[iter 5830]loss: 2.8915, tokens/sec: 29502.73 ± 443.56, tokens seen: 1528299520, grad norm: 0.3032
[iter 5840]loss: 3.1806, tokens/sec: 29502.80 ± 443.18, tokens seen: 1530920960, grad norm: 0.3666
[iter 5850]loss: 3.1885, tokens/sec: 29502.87 ± 442.80, tokens seen: 1533542400, grad norm: 0.3275
[iter 5860]loss: 3.2874, tokens/sec: 29502.94 ± 442.43, tokens seen: 1536163840, grad norm: 0.4402
[iter 5870]loss: 3.5067, tokens/sec: 29503.00 ± 442.05, tokens seen: 1538785280, grad norm: 0.3640
[iter 5880]loss: 3.3304, tokens/sec: 29502.78 ± 442.20, tokens seen: 1541406720, grad norm: 0.3740
[iter 5890]loss: 3.1537, tokens/sec: 29502.85 ± 441.82, tokens seen: 1544028160, grad norm: 0.3571
[iter 5900]loss: 3.0476, tokens/sec: 29502.92 ± 441.45, tokens seen: 1546649600, grad norm: 0.3083
[iter 5910]loss: 3.4460, tokens/sec: 29502.99 ± 441.08, tokens seen: 1549271040, grad norm: 0.3365
[iter 5920]loss: 3.1904, tokens/sec: 29503.05 ± 440.71, tokens seen: 1551892480, grad norm: 0.3438
[iter 5930]loss: 3.1173, tokens/sec: 29503.12 ± 440.34, tokens seen: 1554513920, grad norm: 0.4036
[iter 5940]loss: 3.2450, tokens/sec: 29503.18 ± 439.98, tokens seen: 1557135360, grad norm: 0.3803
[iter 5950]loss: 3.0941, tokens/sec: 29503.25 ± 439.61, tokens seen: 1559756800, grad norm: 0.3478
[iter 5960]loss: 3.2161, tokens/sec: 29503.31 ± 439.24, tokens seen: 1562378240, grad norm: 0.4304
[iter 5970]loss: 3.3683, tokens/sec: 29503.38 ± 438.88, tokens seen: 1564999680, grad norm: 0.3161
[iter 5980]loss: 3.1901, tokens/sec: 29503.45 ± 438.51, tokens seen: 1567621120, grad norm: 0.3362
[iter 5990]loss: 3.1304, tokens/sec: 29503.17 ± 438.93, tokens seen: 1570242560, grad norm: 0.3437
[step 6000]train loss: 3.2064, val loss: 3.2132, (avg train loss: 0.2007 ± 0.0090), (avg grad norm: 0.3517 ± 0.0386)
saving checkpoint to ./out-owt-large-mhc-group-lora-midnorm-wsd-bs8-30000step
[iter 6000]loss: 3.2142, tokens/sec: 29503.23 ± 438.57, tokens seen: 1572864000, grad norm: 0.4441
[iter 6010]loss: 3.1510, tokens/sec: 29503.30 ± 438.21, tokens seen: 1575485440, grad norm: 0.3788
[iter 6020]loss: 2.9583, tokens/sec: 29503.09 ± 438.32, tokens seen: 1578106880, grad norm: 0.2921
[iter 6030]loss: 2.6863, tokens/sec: 29503.16 ± 437.96, tokens seen: 1580728320, grad norm: 0.3376
[iter 6040]loss: 3.3010, tokens/sec: 29503.22 ± 437.60, tokens seen: 1583349760, grad norm: 0.2899
[iter 6050]loss: 3.0855, tokens/sec: 29503.29 ± 437.25, tokens seen: 1585971200, grad norm: 0.3165
[iter 6060]loss: 2.7198, tokens/sec: 29503.35 ± 436.89, tokens seen: 1588592640, grad norm: 0.3159
[iter 6070]loss: 3.3312, tokens/sec: 29503.41 ± 436.53, tokens seen: 1591214080, grad norm: 0.3095
[iter 6080]loss: 3.4252, tokens/sec: 29503.48 ± 436.17, tokens seen: 1593835520, grad norm: 0.3940
[iter 6090]loss: 3.0934, tokens/sec: 29503.54 ± 435.82, tokens seen: 1596456960, grad norm: 0.3791
[iter 6100]loss: 3.1500, tokens/sec: 29503.61 ± 435.46, tokens seen: 1599078400, grad norm: 0.3143
[iter 6110]loss: 3.0348, tokens/sec: 29503.67 ± 435.11, tokens seen: 1601699840, grad norm: 0.2875
[iter 6120]loss: 3.3697, tokens/sec: 29503.73 ± 434.76, tokens seen: 1604321280, grad norm: 0.3228
[iter 6130]loss: 3.2646, tokens/sec: 29503.79 ± 434.41, tokens seen: 1606942720, grad norm: 0.2982
[iter 6140]loss: 3.1570, tokens/sec: 29503.86 ± 434.05, tokens seen: 1609564160, grad norm: 0.3395
[iter 6150]loss: 2.9443, tokens/sec: 29503.58 ± 434.50, tokens seen: 1612185600, grad norm: 0.3786
[iter 6160]loss: 3.3268, tokens/sec: 29503.38 ± 434.63, tokens seen: 1614807040, grad norm: 0.3580
[iter 6170]loss: 3.2207, tokens/sec: 29503.44 ± 434.28, tokens seen: 1617428480, grad norm: 0.3701
[iter 6180]loss: 3.1615, tokens/sec: 29503.50 ± 433.93, tokens seen: 1620049920, grad norm: 0.3961
[iter 6190]loss: 3.2924, tokens/sec: 29503.56 ± 433.58, tokens seen: 1622671360, grad norm: 0.3274
[iter 6200]loss: 3.1389, tokens/sec: 29503.62 ± 433.23, tokens seen: 1625292800, grad norm: 0.3488
[iter 6210]loss: 3.1365, tokens/sec: 29503.69 ± 432.89, tokens seen: 1627914240, grad norm: 0.3086
[iter 6220]loss: 3.0635, tokens/sec: 29503.75 ± 432.54, tokens seen: 1630535680, grad norm: 0.3604
[iter 6230]loss: 3.3171, tokens/sec: 29503.81 ± 432.20, tokens seen: 1633157120, grad norm: 0.3397
[iter 6240]loss: 3.2132, tokens/sec: 29503.88 ± 431.85, tokens seen: 1635778560, grad norm: 0.4219
[iter 6250]loss: 3.4985, tokens/sec: 29503.94 ± 431.51, tokens seen: 1638400000, grad norm: 0.3034
[iter 6260]loss: 3.1530, tokens/sec: 29504.01 ± 431.17, tokens seen: 1641021440, grad norm: 0.3398
[iter 6270]loss: 3.1298, tokens/sec: 29504.07 ± 430.83, tokens seen: 1643642880, grad norm: 0.3532
[iter 6280]loss: 3.2863, tokens/sec: 29504.13 ± 430.49, tokens seen: 1646264320, grad norm: 0.3315
[iter 6290]loss: 3.4372, tokens/sec: 29504.19 ± 430.15, tokens seen: 1648885760, grad norm: 0.3361
[iter 6300]loss: 2.9060, tokens/sec: 29503.99 ± 430.29, tokens seen: 1651507200, grad norm: 0.3132
[iter 6310]loss: 3.3122, tokens/sec: 29504.05 ± 429.96, tokens seen: 1654128640, grad norm: 0.4195
[iter 6320]loss: 3.3631, tokens/sec: 29503.78 ± 430.41, tokens seen: 1656750080, grad norm: 0.3571
[iter 6330]loss: 3.1737, tokens/sec: 29503.84 ± 430.08, tokens seen: 1659371520, grad norm: 0.3124
[iter 6340]loss: 3.2869, tokens/sec: 29503.90 ± 429.74, tokens seen: 1661992960, grad norm: 0.3865
[iter 6350]loss: 3.2799, tokens/sec: 29503.96 ± 429.40, tokens seen: 1664614400, grad norm: 0.3419
[iter 6360]loss: 2.9177, tokens/sec: 29504.02 ± 429.07, tokens seen: 1667235840, grad norm: 0.3289
[iter 6370]loss: 3.1364, tokens/sec: 29504.07 ± 428.73, tokens seen: 1669857280, grad norm: 0.3159
[iter 6380]loss: 3.3087, tokens/sec: 29504.14 ± 428.40, tokens seen: 1672478720, grad norm: 0.3931
[iter 6390]loss: 3.2292, tokens/sec: 29504.19 ± 428.07, tokens seen: 1675100160, grad norm: 0.4186
[iter 6400]loss: 3.2761, tokens/sec: 29504.25 ± 427.74, tokens seen: 1677721600, grad norm: 0.3508
[iter 6410]loss: 3.1837, tokens/sec: 29504.31 ± 427.41, tokens seen: 1680343040, grad norm: 0.3194
[iter 6420]loss: 3.2970, tokens/sec: 29504.37 ± 427.08, tokens seen: 1682964480, grad norm: 0.3373
[iter 6430]loss: 3.2079, tokens/sec: 29504.43 ± 426.75, tokens seen: 1685585920, grad norm: 0.3691
[iter 6440]loss: 3.1671, tokens/sec: 29504.23 ± 426.92, tokens seen: 1688207360, grad norm: 0.2741
[iter 6450]loss: 3.1764, tokens/sec: 29504.28 ± 426.59, tokens seen: 1690828800, grad norm: 0.3300
[iter 6460]loss: 3.3104, tokens/sec: 29504.33 ± 426.26, tokens seen: 1693450240, grad norm: 0.3368
[iter 6470]loss: 2.9852, tokens/sec: 29504.38 ± 425.94, tokens seen: 1696071680, grad norm: 0.4203
[iter 6480]loss: 3.2173, tokens/sec: 29504.44 ± 425.61, tokens seen: 1698693120, grad norm: 0.3820
[iter 6490]loss: 3.2040, tokens/sec: 29504.17 ± 426.09, tokens seen: 1701314560, grad norm: 0.3378
[step 6500]train loss: 3.1896, val loss: 3.2019, (avg train loss: 0.1990 ± 0.0094), (avg grad norm: 0.3480 ± 0.0397)
saving checkpoint to ./out-owt-large-mhc-group-lora-midnorm-wsd-bs8-30000step
[iter 6500]loss: 2.9814, tokens/sec: 29504.23 ± 425.76, tokens seen: 1703936000, grad norm: 0.3584
[iter 6510]loss: 3.0261, tokens/sec: 29504.27 ± 425.44, tokens seen: 1706557440, grad norm: 0.3539
[iter 6520]loss: 3.2635, tokens/sec: 29504.32 ± 425.11, tokens seen: 1709178880, grad norm: 0.3092
[iter 6530]loss: 3.0615, tokens/sec: 29504.37 ± 424.79, tokens seen: 1711800320, grad norm: 0.4321
[iter 6540]loss: 2.9304, tokens/sec: 29504.42 ± 424.47, tokens seen: 1714421760, grad norm: 0.3368
[iter 6550]loss: 3.1701, tokens/sec: 29504.47 ± 424.14, tokens seen: 1717043200, grad norm: 0.3751
[iter 6560]loss: 3.1309, tokens/sec: 29504.52 ± 423.82, tokens seen: 1719664640, grad norm: 0.3617
[iter 6570]loss: 3.4422, tokens/sec: 29504.58 ± 423.50, tokens seen: 1722286080, grad norm: 0.3108
[iter 6580]loss: 3.0457, tokens/sec: 29504.38 ± 423.66, tokens seen: 1724907520, grad norm: 0.3862
[iter 6590]loss: 3.0435, tokens/sec: 29504.44 ± 423.34, tokens seen: 1727528960, grad norm: 0.3617
[iter 6600]loss: 3.2872, tokens/sec: 29504.49 ± 423.03, tokens seen: 1730150400, grad norm: 0.3338
[iter 6610]loss: 3.1330, tokens/sec: 29504.55 ± 422.71, tokens seen: 1732771840, grad norm: 0.3299
[iter 6620]loss: 3.2252, tokens/sec: 29504.61 ± 422.39, tokens seen: 1735393280, grad norm: 0.3944
[iter 6630]loss: 2.8280, tokens/sec: 29504.67 ± 422.08, tokens seen: 1738014720, grad norm: 0.3766
[iter 6640]loss: 2.9591, tokens/sec: 29504.73 ± 421.76, tokens seen: 1740636160, grad norm: 0.3306
[iter 6650]loss: 3.0745, tokens/sec: 29504.48 ± 422.17, tokens seen: 1743257600, grad norm: 0.3025
[iter 6660]loss: 2.8571, tokens/sec: 29504.53 ± 421.86, tokens seen: 1745879040, grad norm: 0.3239
[iter 6670]loss: 3.3609, tokens/sec: 29504.59 ± 421.54, tokens seen: 1748500480, grad norm: 0.3206
[iter 6680]loss: 3.1868, tokens/sec: 29504.65 ± 421.23, tokens seen: 1751121920, grad norm: 0.3132
[iter 6690]loss: 3.0454, tokens/sec: 29504.70 ± 420.92, tokens seen: 1753743360, grad norm: 0.3270
[iter 6700]loss: 3.1324, tokens/sec: 29504.76 ± 420.61, tokens seen: 1756364800, grad norm: 0.2924
[iter 6710]loss: 3.1898, tokens/sec: 29504.81 ± 420.30, tokens seen: 1758986240, grad norm: 0.3432
[iter 6720]loss: 3.1822, tokens/sec: 29504.63 ± 420.43, tokens seen: 1761607680, grad norm: 0.4124
[iter 6730]loss: 3.1993, tokens/sec: 29504.69 ± 420.12, tokens seen: 1764229120, grad norm: 0.3252
[iter 6740]loss: 3.0076, tokens/sec: 29504.74 ± 419.81, tokens seen: 1766850560, grad norm: 0.3634
[iter 6750]loss: 3.2430, tokens/sec: 29504.80 ± 419.50, tokens seen: 1769472000, grad norm: 0.3183
[iter 6760]loss: 3.1100, tokens/sec: 29504.86 ± 419.20, tokens seen: 1772093440, grad norm: 0.4004
[iter 6770]loss: 3.2926, tokens/sec: 29504.91 ± 418.89, tokens seen: 1774714880, grad norm: 0.3312
[iter 6780]loss: 3.2438, tokens/sec: 29504.97 ± 418.58, tokens seen: 1777336320, grad norm: 0.3436
[iter 6790]loss: 3.3445, tokens/sec: 29505.02 ± 418.28, tokens seen: 1779957760, grad norm: 0.3339
[iter 6800]loss: 3.0123, tokens/sec: 29505.08 ± 417.97, tokens seen: 1782579200, grad norm: 0.3104
[iter 6810]loss: 3.1974, tokens/sec: 29505.13 ± 417.67, tokens seen: 1785200640, grad norm: 0.3120
[iter 6820]loss: 3.1037, tokens/sec: 29504.88 ± 418.11, tokens seen: 1787822080, grad norm: 0.3670
[iter 6830]loss: 3.0926, tokens/sec: 29504.94 ± 417.80, tokens seen: 1790443520, grad norm: 0.2789
[iter 6840]loss: 3.1330, tokens/sec: 29505.00 ± 417.50, tokens seen: 1793064960, grad norm: 0.3635
[iter 6850]loss: 3.1348, tokens/sec: 29505.06 ± 417.20, tokens seen: 1795686400, grad norm: 0.3445
[iter 6860]loss: 2.9092, tokens/sec: 29504.88 ± 417.32, tokens seen: 1798307840, grad norm: 0.3368
[iter 6870]loss: 3.1538, tokens/sec: 29504.93 ± 417.02, tokens seen: 1800929280, grad norm: 0.4022
[iter 6880]loss: 3.2138, tokens/sec: 29504.99 ± 416.72, tokens seen: 1803550720, grad norm: 0.3552
[iter 6890]loss: 3.1324, tokens/sec: 29505.05 ± 416.42, tokens seen: 1806172160, grad norm: 0.3980
[iter 6900]loss: 3.1346, tokens/sec: 29505.10 ± 416.12, tokens seen: 1808793600, grad norm: 0.4073
[iter 6910]loss: 3.1607, tokens/sec: 29505.16 ± 415.82, tokens seen: 1811415040, grad norm: 0.3110
[iter 6920]loss: 3.2663, tokens/sec: 29505.21 ± 415.53, tokens seen: 1814036480, grad norm: 0.3554
[iter 6930]loss: 2.9926, tokens/sec: 29505.27 ± 415.23, tokens seen: 1816657920, grad norm: 0.3303
[iter 6940]loss: 3.0418, tokens/sec: 29505.32 ± 414.93, tokens seen: 1819279360, grad norm: 0.2999
[iter 6950]loss: 3.3181, tokens/sec: 29505.38 ± 414.64, tokens seen: 1821900800, grad norm: 0.3469
[iter 6960]loss: 2.9652, tokens/sec: 29505.43 ± 414.34, tokens seen: 1824522240, grad norm: 0.2958
[iter 6970]loss: 3.3554, tokens/sec: 29505.48 ± 414.05, tokens seen: 1827143680, grad norm: 0.3358
[iter 6980]loss: 2.9108, tokens/sec: 29505.54 ± 413.75, tokens seen: 1829765120, grad norm: 0.3598
[iter 6990]loss: 3.3300, tokens/sec: 29505.30 ± 414.15, tokens seen: 1832386560, grad norm: 0.3109
[step 7000]train loss: 3.1763, val loss: 3.1657, (avg train loss: 0.1972 ± 0.0086), (avg grad norm: 0.3464 ± 0.0396)
saving checkpoint to ./out-owt-large-mhc-group-lora-midnorm-wsd-bs8-30000step
[iter 7000]loss: 3.2055, tokens/sec: 29505.34 ± 413.86, tokens seen: 1835008000, grad norm: 0.3276
[iter 7010]loss: 3.0115, tokens/sec: 29505.40 ± 413.57, tokens seen: 1837629440, grad norm: 0.4158
[iter 7020]loss: 3.2237, tokens/sec: 29505.45 ± 413.28, tokens seen: 1840250880, grad norm: 0.4463
[iter 7030]loss: 2.6569, tokens/sec: 29505.51 ± 412.99, tokens seen: 1842872320, grad norm: 0.3320
[iter 7040]loss: 3.3749, tokens/sec: 29505.56 ± 412.69, tokens seen: 1845493760, grad norm: 0.3685
[iter 7050]loss: 3.1026, tokens/sec: 29505.62 ± 412.40, tokens seen: 1848115200, grad norm: 0.2712
[iter 7060]loss: 3.2732, tokens/sec: 29505.67 ± 412.11, tokens seen: 1850736640, grad norm: 0.2914
[iter 7070]loss: 3.1713, tokens/sec: 29505.72 ± 411.83, tokens seen: 1853358080, grad norm: 0.2865
[iter 7080]loss: 3.2155, tokens/sec: 29505.77 ± 411.54, tokens seen: 1855979520, grad norm: 0.3098
[iter 7090]loss: 3.0860, tokens/sec: 29505.83 ± 411.25, tokens seen: 1858600960, grad norm: 0.3115
[iter 7100]loss: 3.1089, tokens/sec: 29505.88 ± 410.96, tokens seen: 1861222400, grad norm: 0.3871
[iter 7110]loss: 3.0930, tokens/sec: 29505.93 ± 410.68, tokens seen: 1863843840, grad norm: 0.3398
[iter 7120]loss: 3.1573, tokens/sec: 29505.99 ± 410.39, tokens seen: 1866465280, grad norm: 0.4549
[iter 7130]loss: 3.2069, tokens/sec: 29506.04 ± 410.10, tokens seen: 1869086720, grad norm: 0.4061
[iter 7140]loss: 3.0644, tokens/sec: 29505.87 ± 410.24, tokens seen: 1871708160, grad norm: 0.3137
[iter 7150]loss: 2.9910, tokens/sec: 29505.63 ± 410.67, tokens seen: 1874329600, grad norm: 0.3512
[iter 7160]loss: 2.9788, tokens/sec: 29505.68 ± 410.38, tokens seen: 1876951040, grad norm: 0.3610
[iter 7170]loss: 3.2284, tokens/sec: 29505.74 ± 410.10, tokens seen: 1879572480, grad norm: 0.3025
[iter 7180]loss: 3.2896, tokens/sec: 29505.79 ± 409.81, tokens seen: 1882193920, grad norm: 0.3431
[iter 7190]loss: 3.3436, tokens/sec: 29505.84 ± 409.53, tokens seen: 1884815360, grad norm: 0.3241
[iter 7200]loss: 3.1017, tokens/sec: 29505.89 ± 409.25, tokens seen: 1887436800, grad norm: 0.3237
[iter 7210]loss: 3.2067, tokens/sec: 29505.94 ± 408.97, tokens seen: 1890058240, grad norm: 0.3276
[iter 7220]loss: 3.0301, tokens/sec: 29505.99 ± 408.69, tokens seen: 1892679680, grad norm: 0.3559
[iter 7230]loss: 3.2282, tokens/sec: 29506.04 ± 408.41, tokens seen: 1895301120, grad norm: 0.2986
[iter 7240]loss: 3.2310, tokens/sec: 29506.09 ± 408.13, tokens seen: 1897922560, grad norm: 0.3410
[iter 7250]loss: 3.2047, tokens/sec: 29506.14 ± 407.85, tokens seen: 1900544000, grad norm: 0.3573
[iter 7260]loss: 3.1039, tokens/sec: 29506.19 ± 407.57, tokens seen: 1903165440, grad norm: 0.4170
[iter 7270]loss: 3.2521, tokens/sec: 29506.24 ± 407.29, tokens seen: 1905786880, grad norm: 0.3654
[iter 7280]loss: 3.0105, tokens/sec: 29506.29 ± 407.01, tokens seen: 1908408320, grad norm: 0.3117
[iter 7290]loss: 2.9788, tokens/sec: 29506.11 ± 407.17, tokens seen: 1911029760, grad norm: 0.3161
[iter 7300]loss: 3.3495, tokens/sec: 29506.16 ± 406.89, tokens seen: 1913651200, grad norm: 0.3611
[iter 7310]loss: 3.2177, tokens/sec: 29506.20 ± 406.61, tokens seen: 1916272640, grad norm: 0.3481
[iter 7320]loss: 3.1899, tokens/sec: 29505.95 ± 407.09, tokens seen: 1918894080, grad norm: 0.3340
[iter 7330]loss: 3.1613, tokens/sec: 29505.99 ± 406.81, tokens seen: 1921515520, grad norm: 0.3510
[iter 7340]loss: 3.1171, tokens/sec: 29506.01 ± 406.53, tokens seen: 1924136960, grad norm: 0.3424
[iter 7350]loss: 3.1426, tokens/sec: 29506.05 ± 406.26, tokens seen: 1926758400, grad norm: 0.3394
[iter 7360]loss: 2.9602, tokens/sec: 29506.09 ± 405.98, tokens seen: 1929379840, grad norm: 0.3326
[iter 7370]loss: 2.8910, tokens/sec: 29506.13 ± 405.71, tokens seen: 1932001280, grad norm: 0.3359
[iter 7380]loss: 3.1216, tokens/sec: 29506.17 ± 405.44, tokens seen: 1934622720, grad norm: 0.2777
[iter 7390]loss: 3.1991, tokens/sec: 29506.20 ± 405.16, tokens seen: 1937244160, grad norm: 0.3759
[iter 7400]loss: 3.0595, tokens/sec: 29506.24 ± 404.89, tokens seen: 1939865600, grad norm: 0.3046
[iter 7410]loss: 3.2027, tokens/sec: 29506.28 ± 404.62, tokens seen: 1942487040, grad norm: 0.4020
[iter 7420]loss: 3.2449, tokens/sec: 29506.31 ± 404.35, tokens seen: 1945108480, grad norm: 0.2964
[iter 7430]loss: 3.2012, tokens/sec: 29506.14 ± 404.48, tokens seen: 1947729920, grad norm: 0.3797
[iter 7440]loss: 2.8733, tokens/sec: 29506.19 ± 404.21, tokens seen: 1950351360, grad norm: 0.3645
[iter 7450]loss: 3.0702, tokens/sec: 29506.24 ± 403.94, tokens seen: 1952972800, grad norm: 0.2892
[iter 7460]loss: 3.0691, tokens/sec: 29506.28 ± 403.68, tokens seen: 1955594240, grad norm: 0.3539
[iter 7470]loss: 3.0736, tokens/sec: 29506.32 ± 403.41, tokens seen: 1958215680, grad norm: 0.2986
[iter 7480]loss: 2.9291, tokens/sec: 29506.08 ± 403.86, tokens seen: 1960837120, grad norm: 0.3297
[iter 7490]loss: 3.2203, tokens/sec: 29506.13 ± 403.59, tokens seen: 1963458560, grad norm: 0.3226
[step 7500]train loss: 3.1500, val loss: 3.1460, (avg train loss: 0.1966 ± 0.0085), (avg grad norm: 0.3428 ± 0.0376)
saving checkpoint to ./out-owt-large-mhc-group-lora-midnorm-wsd-bs8-30000step
[iter 7500]loss: 2.7266, tokens/sec: 29506.17 ± 403.32, tokens seen: 1966080000, grad norm: 0.3396
[iter 7510]loss: 3.2143, tokens/sec: 29506.22 ± 403.06, tokens seen: 1968701440, grad norm: 0.3465
[iter 7520]loss: 3.2928, tokens/sec: 29506.25 ± 402.79, tokens seen: 1971322880, grad norm: 0.3149
[iter 7530]loss: 3.3606, tokens/sec: 29506.29 ± 402.52, tokens seen: 1973944320, grad norm: 0.3267
[iter 7540]loss: 3.1022, tokens/sec: 29506.33 ± 402.26, tokens seen: 1976565760, grad norm: 0.3666
[iter 7550]loss: 3.0600, tokens/sec: 29506.37 ± 401.99, tokens seen: 1979187200, grad norm: 0.3714
[iter 7560]loss: 3.2165, tokens/sec: 29506.41 ± 401.73, tokens seen: 1981808640, grad norm: 0.2808
[iter 7570]loss: 3.2834, tokens/sec: 29506.24 ± 401.86, tokens seen: 1984430080, grad norm: 0.3596
[iter 7580]loss: 3.0483, tokens/sec: 29506.29 ± 401.60, tokens seen: 1987051520, grad norm: 0.3338
[iter 7590]loss: 3.0918, tokens/sec: 29506.34 ± 401.33, tokens seen: 1989672960, grad norm: 0.2890
[iter 7600]loss: 2.8320, tokens/sec: 29506.38 ± 401.07, tokens seen: 1992294400, grad norm: 0.3360
[iter 7610]loss: 3.0584, tokens/sec: 29506.42 ± 400.81, tokens seen: 1994915840, grad norm: 0.2934
[iter 7620]loss: 3.2561, tokens/sec: 29506.47 ± 400.55, tokens seen: 1997537280, grad norm: 0.3317
[iter 7630]loss: 3.1418, tokens/sec: 29506.51 ± 400.29, tokens seen: 2000158720, grad norm: 0.3592
[iter 7640]loss: 3.0791, tokens/sec: 29506.55 ± 400.03, tokens seen: 2002780160, grad norm: 0.3020
[iter 7650]loss: 3.2544, tokens/sec: 29506.19 ± 401.24, tokens seen: 2005401600, grad norm: 0.3172
[iter 7660]loss: 3.1134, tokens/sec: 29506.23 ± 400.98, tokens seen: 2008023040, grad norm: 0.3747
[iter 7670]loss: 3.1143, tokens/sec: 29506.27 ± 400.72, tokens seen: 2010644480, grad norm: 0.3371
[iter 7680]loss: 3.1375, tokens/sec: 29506.31 ± 400.46, tokens seen: 2013265920, grad norm: 0.2887
[iter 7690]loss: 3.0703, tokens/sec: 29506.35 ± 400.21, tokens seen: 2015887360, grad norm: 0.3267
[iter 7700]loss: 3.1726, tokens/sec: 29506.38 ± 399.95, tokens seen: 2018508800, grad norm: 0.3208
[iter 7710]loss: 3.0849, tokens/sec: 29506.22 ± 400.08, tokens seen: 2021130240, grad norm: 0.3060
[iter 7720]loss: 2.9952, tokens/sec: 29506.26 ± 399.82, tokens seen: 2023751680, grad norm: 0.4224
[iter 7730]loss: 3.2666, tokens/sec: 29506.30 ± 399.57, tokens seen: 2026373120, grad norm: 0.3513
[iter 7740]loss: 3.1654, tokens/sec: 29506.33 ± 399.31, tokens seen: 2028994560, grad norm: 0.3282
[iter 7750]loss: 3.1113, tokens/sec: 29506.37 ± 399.05, tokens seen: 2031616000, grad norm: 0.3022
[iter 7760]loss: 2.9602, tokens/sec: 29506.40 ± 398.80, tokens seen: 2034237440, grad norm: 0.4691
[iter 7770]loss: 3.0486, tokens/sec: 29506.44 ± 398.54, tokens seen: 2036858880, grad norm: 0.3000
[iter 7780]loss: 2.9427, tokens/sec: 29506.48 ± 398.29, tokens seen: 2039480320, grad norm: 0.3614
[iter 7790]loss: 3.1731, tokens/sec: 29506.52 ± 398.03, tokens seen: 2042101760, grad norm: 0.3506
[iter 7800]loss: 3.1294, tokens/sec: 29506.56 ± 397.78, tokens seen: 2044723200, grad norm: 0.3855
[iter 7810]loss: 3.2125, tokens/sec: 29506.22 ± 398.94, tokens seen: 2047344640, grad norm: 0.3502
[iter 7820]loss: 3.2904, tokens/sec: 29506.27 ± 398.69, tokens seen: 2049966080, grad norm: 0.2870
[iter 7830]loss: 3.1276, tokens/sec: 29506.31 ± 398.43, tokens seen: 2052587520, grad norm: 0.3623
[iter 7840]loss: 3.0664, tokens/sec: 29506.36 ± 398.18, tokens seen: 2055208960, grad norm: 0.3287
[iter 7850]loss: 3.0675, tokens/sec: 29506.20 ± 398.31, tokens seen: 2057830400, grad norm: 0.3274
[iter 7860]loss: 3.0940, tokens/sec: 29506.25 ± 398.06, tokens seen: 2060451840, grad norm: 0.3113
[iter 7870]loss: 3.0615, tokens/sec: 29506.29 ± 397.81, tokens seen: 2063073280, grad norm: 0.4732
[iter 7880]loss: 3.4390, tokens/sec: 29506.34 ± 397.56, tokens seen: 2065694720, grad norm: 0.3665
[iter 7890]loss: 3.3485, tokens/sec: 29506.38 ± 397.31, tokens seen: 2068316160, grad norm: 0.2949
[iter 7900]loss: 2.9762, tokens/sec: 29506.43 ± 397.06, tokens seen: 2070937600, grad norm: 0.3322
[iter 7910]loss: 2.9138, tokens/sec: 29506.47 ± 396.81, tokens seen: 2073559040, grad norm: 0.3427
[iter 7920]loss: 3.1725, tokens/sec: 29506.51 ± 396.56, tokens seen: 2076180480, grad norm: 0.3403
[iter 7930]loss: 3.3960, tokens/sec: 29506.56 ± 396.31, tokens seen: 2078801920, grad norm: 0.3414
[iter 7940]loss: 3.1695, tokens/sec: 29506.60 ± 396.07, tokens seen: 2081423360, grad norm: 0.2859
[iter 7950]loss: 2.7589, tokens/sec: 29506.64 ± 395.82, tokens seen: 2084044800, grad norm: 0.3780
[iter 7960]loss: 2.8851, tokens/sec: 29506.68 ± 395.57, tokens seen: 2086666240, grad norm: 0.4091
[iter 7970]loss: 3.1085, tokens/sec: 29506.73 ± 395.33, tokens seen: 2089287680, grad norm: 0.4145
[iter 7980]loss: 2.9192, tokens/sec: 29506.41 ± 396.37, tokens seen: 2091909120, grad norm: 0.3519
[iter 7990]loss: 3.1409, tokens/sec: 29506.24 ± 396.53, tokens seen: 2094530560, grad norm: 0.3335
[step 8000]train loss: 3.1389, val loss: 3.1465, (avg train loss: 0.1958 ± 0.0083), (avg grad norm: 0.3430 ± 0.0434)
[iter 8000]loss: 3.1474, tokens/sec: 29506.25 ± 396.29, tokens seen: 2097152000, grad norm: 0.3604
[iter 8010]loss: 3.2561, tokens/sec: 29506.29 ± 396.05, tokens seen: 2099773440, grad norm: 0.3216
[iter 8020]loss: 2.9621, tokens/sec: 29506.33 ± 395.80, tokens seen: 2102394880, grad norm: 0.2842
[iter 8030]loss: 3.0177, tokens/sec: 29506.37 ± 395.56, tokens seen: 2105016320, grad norm: 0.3243
[iter 8040]loss: 3.0279, tokens/sec: 29506.42 ± 395.31, tokens seen: 2107637760, grad norm: 0.3626
[iter 8050]loss: 3.0602, tokens/sec: 29506.46 ± 395.07, tokens seen: 2110259200, grad norm: 0.2957
[iter 8060]loss: 3.0790, tokens/sec: 29506.51 ± 394.82, tokens seen: 2112880640, grad norm: 0.3208
[iter 8070]loss: 3.1197, tokens/sec: 29506.54 ± 394.58, tokens seen: 2115502080, grad norm: 0.3184
[iter 8080]loss: 3.0556, tokens/sec: 29506.58 ± 394.34, tokens seen: 2118123520, grad norm: 0.3728
[iter 8090]loss: 3.1200, tokens/sec: 29506.62 ± 394.10, tokens seen: 2120744960, grad norm: 0.3339
[iter 8100]loss: 3.0982, tokens/sec: 29506.66 ± 393.86, tokens seen: 2123366400, grad norm: 0.3673
[iter 8110]loss: 3.1127, tokens/sec: 29506.69 ± 393.61, tokens seen: 2125987840, grad norm: 0.3398
[iter 8120]loss: 2.9700, tokens/sec: 29506.72 ± 393.37, tokens seen: 2128609280, grad norm: 0.3380
[iter 8130]loss: 2.9537, tokens/sec: 29506.57 ± 393.52, tokens seen: 2131230720, grad norm: 0.3302
[iter 8140]loss: 3.0374, tokens/sec: 29506.61 ± 393.28, tokens seen: 2133852160, grad norm: 0.3131
[iter 8150]loss: 3.1374, tokens/sec: 29506.30 ± 394.28, tokens seen: 2136473600, grad norm: 0.3868
[iter 8160]loss: 3.0455, tokens/sec: 29506.34 ± 394.04, tokens seen: 2139095040, grad norm: 0.2957
[iter 8170]loss: 3.2616, tokens/sec: 29506.39 ± 393.80, tokens seen: 2141716480, grad norm: 0.2995
[iter 8180]loss: 3.2702, tokens/sec: 29506.43 ± 393.56, tokens seen: 2144337920, grad norm: 0.3676
[iter 8190]loss: 2.9794, tokens/sec: 29506.48 ± 393.32, tokens seen: 2146959360, grad norm: 0.2887
[iter 8200]loss: 3.1311, tokens/sec: 29506.52 ± 393.09, tokens seen: 2149580800, grad norm: 0.3170
[iter 8210]loss: 2.9607, tokens/sec: 29506.57 ± 392.85, tokens seen: 2152202240, grad norm: 0.3397
[iter 8220]loss: 3.0402, tokens/sec: 29506.61 ± 392.61, tokens seen: 2154823680, grad norm: 0.2972
[iter 8230]loss: 2.8939, tokens/sec: 29506.65 ± 392.38, tokens seen: 2157445120, grad norm: 0.4143
[iter 8240]loss: 3.2690, tokens/sec: 29506.69 ± 392.14, tokens seen: 2160066560, grad norm: 0.3450
[iter 8250]loss: 3.1884, tokens/sec: 29506.73 ± 391.90, tokens seen: 2162688000, grad norm: 0.3433
[iter 8260]loss: 3.1938, tokens/sec: 29506.77 ± 391.67, tokens seen: 2165309440, grad norm: 0.3573
[iter 8270]loss: 2.9774, tokens/sec: 29506.62 ± 391.83, tokens seen: 2167930880, grad norm: 0.3380
[iter 8280]loss: 3.0561, tokens/sec: 29506.66 ± 391.60, tokens seen: 2170552320, grad norm: 0.3024
[iter 8290]loss: 3.3727, tokens/sec: 29506.70 ± 391.36, tokens seen: 2173173760, grad norm: 0.3763
[iter 8300]loss: 3.3385, tokens/sec: 29506.73 ± 391.13, tokens seen: 2175795200, grad norm: 0.4012
[iter 8310]loss: 3.3293, tokens/sec: 29506.49 ± 391.71, tokens seen: 2178416640, grad norm: 0.2858
[iter 8320]loss: 3.0579, tokens/sec: 29506.53 ± 391.48, tokens seen: 2181038080, grad norm: 0.2765
[iter 8330]loss: 3.1730, tokens/sec: 29506.57 ± 391.24, tokens seen: 2183659520, grad norm: 0.3678
[iter 8340]loss: 3.1168, tokens/sec: 29506.60 ± 391.01, tokens seen: 2186280960, grad norm: 0.3201
[iter 8350]loss: 3.1564, tokens/sec: 29506.64 ± 390.78, tokens seen: 2188902400, grad norm: 0.2694
[iter 8360]loss: 3.2686, tokens/sec: 29506.68 ± 390.55, tokens seen: 2191523840, grad norm: 0.3465
[iter 8370]loss: 3.0948, tokens/sec: 29506.72 ± 390.31, tokens seen: 2194145280, grad norm: 0.3876
[iter 8380]loss: 3.3706, tokens/sec: 29506.77 ± 390.08, tokens seen: 2196766720, grad norm: 0.3901
[iter 8390]loss: 3.2102, tokens/sec: 29506.81 ± 389.85, tokens seen: 2199388160, grad norm: 0.3727
[iter 8400]loss: 3.1352, tokens/sec: 29506.85 ± 389.62, tokens seen: 2202009600, grad norm: 0.3479
[iter 8410]loss: 3.2418, tokens/sec: 29506.70 ± 389.79, tokens seen: 2204631040, grad norm: 0.2854
[iter 8420]loss: 2.9798, tokens/sec: 29506.74 ± 389.56, tokens seen: 2207252480, grad norm: 0.3076
[iter 8430]loss: 2.7878, tokens/sec: 29506.78 ± 389.33, tokens seen: 2209873920, grad norm: 0.3613
[iter 8440]loss: 3.0930, tokens/sec: 29506.82 ± 389.10, tokens seen: 2212495360, grad norm: 0.3304
[iter 8450]loss: 3.1413, tokens/sec: 29506.86 ± 388.87, tokens seen: 2215116800, grad norm: 0.2985
[iter 8460]loss: 3.1707, tokens/sec: 29506.90 ± 388.65, tokens seen: 2217738240, grad norm: 0.3283
[iter 8470]loss: 2.9154, tokens/sec: 29506.94 ± 388.42, tokens seen: 2220359680, grad norm: 0.3917
[iter 8480]loss: 2.8024, tokens/sec: 29506.70 ± 389.00, tokens seen: 2222981120, grad norm: 0.4098
[iter 8490]loss: 3.0688, tokens/sec: 29506.74 ± 388.78, tokens seen: 2225602560, grad norm: 0.3075
[step 8500]train loss: 3.1152, val loss: 3.1099, (avg train loss: 0.1944 ± 0.0091), (avg grad norm: 0.3388 ± 0.0354)
saving checkpoint to ./out-owt-large-mhc-group-lora-midnorm-wsd-bs8-30000step
[iter 8500]loss: 3.0882, tokens/sec: 29506.79 ± 388.55, tokens seen: 2228224000, grad norm: 0.2666
[iter 8510]loss: 2.8462, tokens/sec: 29506.83 ± 388.32, tokens seen: 2230845440, grad norm: 0.3154
[iter 8520]loss: 3.1311, tokens/sec: 29506.87 ± 388.10, tokens seen: 2233466880, grad norm: 0.3706
[iter 8530]loss: 3.3687, tokens/sec: 29506.92 ± 387.87, tokens seen: 2236088320, grad norm: 0.3237
[iter 8540]loss: 3.1296, tokens/sec: 29506.96 ± 387.65, tokens seen: 2238709760, grad norm: 0.3410
[iter 8550]loss: 3.2724, tokens/sec: 29506.80 ± 387.80, tokens seen: 2241331200, grad norm: 0.3277
[iter 8560]loss: 3.1057, tokens/sec: 29506.84 ± 387.58, tokens seen: 2243952640, grad norm: 0.4133
[iter 8570]loss: 3.3447, tokens/sec: 29506.87 ± 387.35, tokens seen: 2246574080, grad norm: 0.3263
[iter 8580]loss: 3.0592, tokens/sec: 29506.91 ± 387.13, tokens seen: 2249195520, grad norm: 0.3459
[iter 8590]loss: 3.0046, tokens/sec: 29506.96 ± 386.90, tokens seen: 2251816960, grad norm: 0.3549
[iter 8600]loss: 3.0049, tokens/sec: 29507.00 ± 386.68, tokens seen: 2254438400, grad norm: 0.3251
[iter 8610]loss: 3.0019, tokens/sec: 29507.04 ± 386.46, tokens seen: 2257059840, grad norm: 0.3579
[iter 8620]loss: 3.1689, tokens/sec: 29507.08 ± 386.24, tokens seen: 2259681280, grad norm: 0.3183
[iter 8630]loss: 3.1758, tokens/sec: 29507.12 ± 386.01, tokens seen: 2262302720, grad norm: 0.3360
[iter 8640]loss: 3.2582, tokens/sec: 29506.92 ± 386.46, tokens seen: 2264924160, grad norm: 0.3596
[iter 8650]loss: 3.1389, tokens/sec: 29506.95 ± 386.24, tokens seen: 2267545600, grad norm: 0.3506
[iter 8660]loss: 2.8416, tokens/sec: 29507.00 ± 386.02, tokens seen: 2270167040, grad norm: 0.3008
[iter 8670]loss: 2.8379, tokens/sec: 29507.04 ± 385.80, tokens seen: 2272788480, grad norm: 0.3369
[iter 8680]loss: 3.0876, tokens/sec: 29507.08 ± 385.57, tokens seen: 2275409920, grad norm: 0.4210
[iter 8690]loss: 3.2425, tokens/sec: 29506.93 ± 385.73, tokens seen: 2278031360, grad norm: 0.3315
[iter 8700]loss: 3.2073, tokens/sec: 29506.97 ± 385.51, tokens seen: 2280652800, grad norm: 0.3215
[iter 8710]loss: 3.1553, tokens/sec: 29507.01 ± 385.29, tokens seen: 2283274240, grad norm: 0.3096
[iter 8720]loss: 3.0755, tokens/sec: 29507.05 ± 385.07, tokens seen: 2285895680, grad norm: 0.3248
[iter 8730]loss: 2.9372, tokens/sec: 29507.09 ± 384.85, tokens seen: 2288517120, grad norm: 0.2943
[iter 8740]loss: 3.1758, tokens/sec: 29507.13 ± 384.63, tokens seen: 2291138560, grad norm: 0.4162
[iter 8750]loss: 3.2180, tokens/sec: 29507.17 ± 384.41, tokens seen: 2293760000, grad norm: 0.2912
[iter 8760]loss: 3.1826, tokens/sec: 29507.21 ± 384.20, tokens seen: 2296381440, grad norm: 0.3549
[iter 8770]loss: 3.1415, tokens/sec: 29507.25 ± 383.98, tokens seen: 2299002880, grad norm: 0.3174
[iter 8780]loss: 3.0318, tokens/sec: 29507.29 ± 383.76, tokens seen: 2301624320, grad norm: 0.3667
[iter 8790]loss: 3.0808, tokens/sec: 29507.33 ± 383.54, tokens seen: 2304245760, grad norm: 0.3520
[iter 8800]loss: 3.1010, tokens/sec: 29507.37 ± 383.33, tokens seen: 2306867200, grad norm: 0.3659
[iter 8810]loss: 3.2885, tokens/sec: 29507.17 ± 383.74, tokens seen: 2309488640, grad norm: 0.4310
[iter 8820]loss: 3.1938, tokens/sec: 29507.21 ± 383.53, tokens seen: 2312110080, grad norm: 0.3197
[iter 8830]loss: 3.0704, tokens/sec: 29507.06 ± 383.69, tokens seen: 2314731520, grad norm: 0.3153
[iter 8840]loss: 3.0643, tokens/sec: 29507.10 ± 383.48, tokens seen: 2317352960, grad norm: 0.3038
[iter 8850]loss: 3.0354, tokens/sec: 29507.14 ± 383.26, tokens seen: 2319974400, grad norm: 0.4100
[iter 8860]loss: 2.9677, tokens/sec: 29507.18 ± 383.05, tokens seen: 2322595840, grad norm: 0.3372
[iter 8870]loss: 2.6521, tokens/sec: 29507.22 ± 382.83, tokens seen: 2325217280, grad norm: 0.3512
[iter 8880]loss: 3.2952, tokens/sec: 29507.26 ± 382.62, tokens seen: 2327838720, grad norm: 0.3114
[iter 8890]loss: 3.0413, tokens/sec: 29507.30 ± 382.40, tokens seen: 2330460160, grad norm: 0.3186
[iter 8900]loss: 2.8760, tokens/sec: 29507.34 ± 382.19, tokens seen: 2333081600, grad norm: 0.3022
[iter 8910]loss: 3.0274, tokens/sec: 29507.38 ± 381.98, tokens seen: 2335703040, grad norm: 0.2810
[iter 8920]loss: 3.2271, tokens/sec: 29507.42 ± 381.77, tokens seen: 2338324480, grad norm: 0.3817
[iter 8930]loss: 3.3380, tokens/sec: 29507.46 ± 381.55, tokens seen: 2340945920, grad norm: 0.3905
[iter 8940]loss: 3.2653, tokens/sec: 29507.49 ± 381.34, tokens seen: 2343567360, grad norm: 0.3587
[iter 8950]loss: 3.0875, tokens/sec: 29507.53 ± 381.13, tokens seen: 2346188800, grad norm: 0.3515
[iter 8960]loss: 3.0421, tokens/sec: 29507.57 ± 380.92, tokens seen: 2348810240, grad norm: 0.3106
[iter 8970]loss: 3.1124, tokens/sec: 29507.43 ± 381.09, tokens seen: 2351431680, grad norm: 0.3542
[iter 8980]loss: 3.1644, tokens/sec: 29507.23 ± 381.45, tokens seen: 2354053120, grad norm: 0.3112
[iter 8990]loss: 2.9260, tokens/sec: 29507.27 ± 381.24, tokens seen: 2356674560, grad norm: 0.3026
[step 9000]train loss: 3.1033, val loss: 3.1160, (avg train loss: 0.1927 ± 0.0091), (avg grad norm: 0.3441 ± 0.0403)
[iter 9000]loss: 3.1480, tokens/sec: 29507.26 ± 381.03, tokens seen: 2359296000, grad norm: 0.4077
[iter 9010]loss: 3.1556, tokens/sec: 29507.29 ± 380.82, tokens seen: 2361917440, grad norm: 0.3315
[iter 9020]loss: 3.0648, tokens/sec: 29507.33 ± 380.61, tokens seen: 2364538880, grad norm: 0.3043
[iter 9030]loss: 3.2476, tokens/sec: 29507.36 ± 380.40, tokens seen: 2367160320, grad norm: 0.3334
[iter 9040]loss: 3.1742, tokens/sec: 29507.40 ± 380.19, tokens seen: 2369781760, grad norm: 0.4203
[iter 9050]loss: 3.0734, tokens/sec: 29507.43 ± 379.99, tokens seen: 2372403200, grad norm: 0.3348
[iter 9060]loss: 3.0211, tokens/sec: 29507.46 ± 379.78, tokens seen: 2375024640, grad norm: 0.3964
[iter 9070]loss: 3.0287, tokens/sec: 29507.50 ± 379.57, tokens seen: 2377646080, grad norm: 0.3397
[iter 9080]loss: 3.1260, tokens/sec: 29507.53 ± 379.36, tokens seen: 2380267520, grad norm: 0.4046
[iter 9090]loss: 2.9722, tokens/sec: 29507.56 ± 379.15, tokens seen: 2382888960, grad norm: 0.3521
[iter 9100]loss: 3.2847, tokens/sec: 29507.59 ± 378.95, tokens seen: 2385510400, grad norm: 0.3281
[iter 9110]loss: 3.2130, tokens/sec: 29507.44 ± 379.12, tokens seen: 2388131840, grad norm: 0.3601
[iter 9120]loss: 2.9314, tokens/sec: 29507.48 ± 378.91, tokens seen: 2390753280, grad norm: 0.3563
[iter 9130]loss: 3.1327, tokens/sec: 29507.52 ± 378.71, tokens seen: 2393374720, grad norm: 0.3429
[iter 9140]loss: 3.0449, tokens/sec: 29507.22 ± 379.82, tokens seen: 2395996160, grad norm: 0.3389
[iter 9150]loss: 3.1189, tokens/sec: 29507.25 ± 379.62, tokens seen: 2398617600, grad norm: 0.3209
[iter 9160]loss: 3.2177, tokens/sec: 29507.28 ± 379.41, tokens seen: 2401239040, grad norm: 0.3201
[iter 9170]loss: 3.1693, tokens/sec: 29507.31 ± 379.20, tokens seen: 2403860480, grad norm: 0.3614
[iter 9180]loss: 3.1061, tokens/sec: 29507.35 ± 379.00, tokens seen: 2406481920, grad norm: 0.4386
[iter 9190]loss: 3.2770, tokens/sec: 29507.38 ± 378.79, tokens seen: 2409103360, grad norm: 0.3347
[iter 9200]loss: 2.7893, tokens/sec: 29507.41 ± 378.59, tokens seen: 2411724800, grad norm: 0.3462
[iter 9210]loss: 3.0542, tokens/sec: 29507.45 ± 378.39, tokens seen: 2414346240, grad norm: 0.3546
[iter 9220]loss: 3.2392, tokens/sec: 29507.49 ± 378.18, tokens seen: 2416967680, grad norm: 0.3960
[iter 9230]loss: 3.1626, tokens/sec: 29507.53 ± 377.98, tokens seen: 2419589120, grad norm: 0.3387
[iter 9240]loss: 2.9949, tokens/sec: 29507.57 ± 377.78, tokens seen: 2422210560, grad norm: 0.3684
[iter 9250]loss: 2.8762, tokens/sec: 29507.43 ± 377.95, tokens seen: 2424832000, grad norm: 0.3201
[iter 9260]loss: 3.1576, tokens/sec: 29507.47 ± 377.74, tokens seen: 2427453440, grad norm: 0.3573
[iter 9270]loss: 3.1409, tokens/sec: 29507.51 ± 377.54, tokens seen: 2430074880, grad norm: 0.3222
[iter 9280]loss: 2.9802, tokens/sec: 29507.55 ± 377.34, tokens seen: 2432696320, grad norm: 0.3492
[iter 9290]loss: 3.1302, tokens/sec: 29507.59 ± 377.14, tokens seen: 2435317760, grad norm: 0.3789
[iter 9300]loss: 3.0974, tokens/sec: 29507.63 ± 376.94, tokens seen: 2437939200, grad norm: 0.3154
[iter 9310]loss: 2.7357, tokens/sec: 29507.35 ± 378.00, tokens seen: 2440560640, grad norm: 0.2997
[iter 9320]loss: 3.0827, tokens/sec: 29507.39 ± 377.80, tokens seen: 2443182080, grad norm: 0.4263
[iter 9330]loss: 2.8005, tokens/sec: 29507.43 ± 377.60, tokens seen: 2445803520, grad norm: 0.3084
[iter 9340]loss: 2.9764, tokens/sec: 29507.47 ± 377.39, tokens seen: 2448424960, grad norm: 0.3253
[iter 9350]loss: 2.9568, tokens/sec: 29507.51 ± 377.19, tokens seen: 2451046400, grad norm: 0.3365
[iter 9360]loss: 3.2102, tokens/sec: 29507.55 ± 376.99, tokens seen: 2453667840, grad norm: 0.2811
[iter 9370]loss: 3.2553, tokens/sec: 29507.58 ± 376.80, tokens seen: 2456289280, grad norm: 0.3360
[iter 9380]loss: 3.1440, tokens/sec: 29507.62 ± 376.60, tokens seen: 2458910720, grad norm: 0.3324
[iter 9390]loss: 2.8777, tokens/sec: 29507.48 ± 376.75, tokens seen: 2461532160, grad norm: 0.3496
[iter 9400]loss: 3.0906, tokens/sec: 29507.52 ± 376.55, tokens seen: 2464153600, grad norm: 0.3414
[iter 9410]loss: 3.0501, tokens/sec: 29507.56 ± 376.35, tokens seen: 2466775040, grad norm: 0.3067
[iter 9420]loss: 2.9823, tokens/sec: 29507.60 ± 376.16, tokens seen: 2469396480, grad norm: 0.3214
[iter 9430]loss: 3.0971, tokens/sec: 29507.63 ± 375.96, tokens seen: 2472017920, grad norm: 0.3477
[iter 9440]loss: 2.9461, tokens/sec: 29507.67 ± 375.76, tokens seen: 2474639360, grad norm: 0.4103
[iter 9450]loss: 3.1119, tokens/sec: 29507.70 ± 375.56, tokens seen: 2477260800, grad norm: 0.4291
[iter 9460]loss: 2.9280, tokens/sec: 29507.74 ± 375.37, tokens seen: 2479882240, grad norm: 0.3159
[iter 9470]loss: 3.2303, tokens/sec: 29507.54 ± 375.86, tokens seen: 2482503680, grad norm: 0.2966
[iter 9480]loss: 3.0420, tokens/sec: 29507.57 ± 375.66, tokens seen: 2485125120, grad norm: 0.3744
[iter 9490]loss: 2.9805, tokens/sec: 29507.61 ± 375.47, tokens seen: 2487746560, grad norm: 0.3456
[step 9500]train loss: 3.0742, val loss: 3.0828, (avg train loss: 0.1922 ± 0.0089), (avg grad norm: 0.3382 ± 0.0372)
saving checkpoint to ./out-owt-large-mhc-group-lora-midnorm-wsd-bs8-30000step
[iter 9500]loss: 3.1055, tokens/sec: 29507.64 ± 375.27, tokens seen: 2490368000, grad norm: 0.3147
[iter 9510]loss: 3.0550, tokens/sec: 29507.68 ± 375.08, tokens seen: 2492989440, grad norm: 0.2929
[iter 9520]loss: 3.1127, tokens/sec: 29507.72 ± 374.88, tokens seen: 2495610880, grad norm: 0.3345
[iter 9530]loss: 2.8260, tokens/sec: 29507.58 ± 375.04, tokens seen: 2498232320, grad norm: 0.3217
[iter 9540]loss: 2.8451, tokens/sec: 29507.62 ± 374.84, tokens seen: 2500853760, grad norm: 0.3170
[iter 9550]loss: 2.9183, tokens/sec: 29507.65 ± 374.65, tokens seen: 2503475200, grad norm: 0.3284
[iter 9560]loss: 2.8386, tokens/sec: 29507.68 ± 374.45, tokens seen: 2506096640, grad norm: 0.3592
[iter 9570]loss: 3.0670, tokens/sec: 29507.71 ± 374.26, tokens seen: 2508718080, grad norm: 0.3019
[iter 9580]loss: 3.1720, tokens/sec: 29507.75 ± 374.06, tokens seen: 2511339520, grad norm: 0.3400
[iter 9590]loss: 3.1561, tokens/sec: 29507.78 ± 373.87, tokens seen: 2513960960, grad norm: 0.3581
[iter 9600]loss: 2.9930, tokens/sec: 29507.82 ± 373.68, tokens seen: 2516582400, grad norm: 0.3589
[iter 9610]loss: 3.1325, tokens/sec: 29507.86 ± 373.48, tokens seen: 2519203840, grad norm: 0.2864
[iter 9620]loss: 2.9909, tokens/sec: 29507.89 ± 373.29, tokens seen: 2521825280, grad norm: 0.4324
[iter 9630]loss: 3.0331, tokens/sec: 29507.93 ± 373.10, tokens seen: 2524446720, grad norm: 0.3632
[iter 9640]loss: 3.0839, tokens/sec: 29507.74 ± 373.55, tokens seen: 2527068160, grad norm: 0.3390
[iter 9650]loss: 3.1980, tokens/sec: 29507.78 ± 373.36, tokens seen: 2529689600, grad norm: 0.2843
[iter 9660]loss: 3.0979, tokens/sec: 29507.82 ± 373.16, tokens seen: 2532311040, grad norm: 0.4724
[iter 9670]loss: 3.1475, tokens/sec: 29507.68 ± 373.33, tokens seen: 2534932480, grad norm: 0.3221
[iter 9680]loss: 3.0679, tokens/sec: 29507.71 ± 373.14, tokens seen: 2537553920, grad norm: 0.3451
[iter 9690]loss: 3.1872, tokens/sec: 29507.74 ± 372.94, tokens seen: 2540175360, grad norm: 0.2968
[iter 9700]loss: 3.1373, tokens/sec: 29507.78 ± 372.75, tokens seen: 2542796800, grad norm: 0.3720
[iter 9710]loss: 3.1281, tokens/sec: 29507.81 ± 372.56, tokens seen: 2545418240, grad norm: 0.4178
[iter 9720]loss: 3.1387, tokens/sec: 29507.84 ± 372.37, tokens seen: 2548039680, grad norm: 0.3552
[iter 9730]loss: 2.9573, tokens/sec: 29507.87 ± 372.18, tokens seen: 2550661120, grad norm: 0.2898
[iter 9740]loss: 3.0740, tokens/sec: 29507.90 ± 371.99, tokens seen: 2553282560, grad norm: 0.3264
[iter 9750]loss: 3.1703, tokens/sec: 29507.94 ± 371.80, tokens seen: 2555904000, grad norm: 0.3084
[iter 9760]loss: 3.2080, tokens/sec: 29507.97 ± 371.61, tokens seen: 2558525440, grad norm: 0.3352
[iter 9770]loss: 3.2081, tokens/sec: 29508.01 ± 371.43, tokens seen: 2561146880, grad norm: 0.3988
[iter 9780]loss: 2.9201, tokens/sec: 29508.04 ± 371.24, tokens seen: 2563768320, grad norm: 0.2924
[iter 9790]loss: 3.1487, tokens/sec: 29508.08 ± 371.05, tokens seen: 2566389760, grad norm: 0.2962
[iter 9800]loss: 2.8581, tokens/sec: 29508.11 ± 370.86, tokens seen: 2569011200, grad norm: 0.3136
[iter 9810]loss: 3.2233, tokens/sec: 29507.77 ± 371.59, tokens seen: 2571632640, grad norm: 0.3201
[iter 9820]loss: 3.1340, tokens/sec: 29507.80 ± 371.40, tokens seen: 2574254080, grad norm: 0.2873
[iter 9830]loss: 3.1455, tokens/sec: 29507.84 ± 371.22, tokens seen: 2576875520, grad norm: 0.4099
[iter 9840]loss: 3.2293, tokens/sec: 29507.87 ± 371.03, tokens seen: 2579496960, grad norm: 0.3475
[iter 9850]loss: 3.0243, tokens/sec: 29507.91 ± 370.84, tokens seen: 2582118400, grad norm: 0.3588
[iter 9860]loss: 3.1301, tokens/sec: 29507.94 ± 370.66, tokens seen: 2584739840, grad norm: 0.3237
[iter 9870]loss: 3.0287, tokens/sec: 29507.98 ± 370.47, tokens seen: 2587361280, grad norm: 0.3181
[iter 9880]loss: 3.3342, tokens/sec: 29508.02 ± 370.28, tokens seen: 2589982720, grad norm: 0.3674
[iter 9890]loss: 2.9851, tokens/sec: 29508.05 ± 370.10, tokens seen: 2592604160, grad norm: 0.3343
[iter 9900]loss: 3.0043, tokens/sec: 29508.09 ± 369.91, tokens seen: 2595225600, grad norm: 0.2904
[iter 9910]loss: 3.2223, tokens/sec: 29508.12 ± 369.73, tokens seen: 2597847040, grad norm: 0.3027
[iter 9920]loss: 3.1542, tokens/sec: 29508.16 ± 369.54, tokens seen: 2600468480, grad norm: 0.3504
[iter 9930]loss: 3.2196, tokens/sec: 29508.20 ± 369.36, tokens seen: 2603089920, grad norm: 0.3309
[iter 9940]loss: 3.1574, tokens/sec: 29508.23 ± 369.18, tokens seen: 2605711360, grad norm: 0.3801
[iter 9950]loss: 3.0694, tokens/sec: 29508.10 ± 369.34, tokens seen: 2608332800, grad norm: 0.3293
[iter 9960]loss: 3.1783, tokens/sec: 29508.14 ± 369.16, tokens seen: 2610954240, grad norm: 0.3707
[iter 9970]loss: 2.8433, tokens/sec: 29507.96 ± 369.54, tokens seen: 2613575680, grad norm: 0.3027
[iter 9980]loss: 3.1677, tokens/sec: 29508.00 ± 369.35, tokens seen: 2616197120, grad norm: 0.3151
[iter 9990]loss: 3.1127, tokens/sec: 29508.03 ± 369.17, tokens seen: 2618818560, grad norm: 0.3350
[step 10000]train loss: 3.0726, val loss: 3.0808, (avg train loss: 0.1926 ± 0.0083), (avg grad norm: 0.3473 ± 0.0385)
saving checkpoint to ./out-owt-large-mhc-group-lora-midnorm-wsd-bs8-30000step
[iter 10000]loss: 2.8157, tokens/sec: 29508.07 ± 368.99, tokens seen: 2621440000, grad norm: 0.3930
[iter 10010]loss: 3.2010, tokens/sec: 29508.10 ± 368.81, tokens seen: 2624061440, grad norm: 0.4413
[iter 10020]loss: 3.2853, tokens/sec: 29508.13 ± 368.62, tokens seen: 2626682880, grad norm: 0.3399
[iter 10030]loss: 2.9909, tokens/sec: 29508.16 ± 368.44, tokens seen: 2629304320, grad norm: 0.2861
[iter 10040]loss: 3.0611, tokens/sec: 29508.19 ± 368.26, tokens seen: 2631925760, grad norm: 0.3078
[iter 10050]loss: 3.2370, tokens/sec: 29508.23 ± 368.08, tokens seen: 2634547200, grad norm: 0.3362
[iter 10060]loss: 3.1179, tokens/sec: 29508.25 ± 367.90, tokens seen: 2637168640, grad norm: 0.3749
[iter 10070]loss: 3.1564, tokens/sec: 29508.28 ± 367.71, tokens seen: 2639790080, grad norm: 0.3274
[iter 10080]loss: 3.1167, tokens/sec: 29508.31 ± 367.53, tokens seen: 2642411520, grad norm: 0.3457
[iter 10090]loss: 3.3073, tokens/sec: 29508.19 ± 367.69, tokens seen: 2645032960, grad norm: 0.2967
[iter 10100]loss: 3.1130, tokens/sec: 29508.23 ± 367.51, tokens seen: 2647654400, grad norm: 0.2998
[iter 10110]loss: 3.1957, tokens/sec: 29508.26 ± 367.33, tokens seen: 2650275840, grad norm: 0.3003
[iter 10120]loss: 3.0482, tokens/sec: 29508.30 ± 367.15, tokens seen: 2652897280, grad norm: 0.3864
[iter 10130]loss: 3.1260, tokens/sec: 29508.33 ± 366.97, tokens seen: 2655518720, grad norm: 0.3129
[iter 10140]loss: 3.0720, tokens/sec: 29508.16 ± 367.33, tokens seen: 2658140160, grad norm: 0.3450
[iter 10150]loss: 3.0037, tokens/sec: 29508.20 ± 367.15, tokens seen: 2660761600, grad norm: 0.3031
[iter 10160]loss: 2.9255, tokens/sec: 29508.23 ± 366.97, tokens seen: 2663383040, grad norm: 0.3133
[iter 10170]loss: 3.2335, tokens/sec: 29508.26 ± 366.79, tokens seen: 2666004480, grad norm: 0.3116
[iter 10180]loss: 2.9895, tokens/sec: 29508.30 ± 366.61, tokens seen: 2668625920, grad norm: 0.4712
[iter 10190]loss: 3.1868, tokens/sec: 29508.33 ± 366.43, tokens seen: 2671247360, grad norm: 0.3163
[iter 10200]loss: 3.1612, tokens/sec: 29508.37 ± 366.26, tokens seen: 2673868800, grad norm: 0.4086
[iter 10210]loss: 3.2211, tokens/sec: 29508.40 ± 366.08, tokens seen: 2676490240, grad norm: 0.3121
[iter 10220]loss: 3.0854, tokens/sec: 29508.44 ± 365.90, tokens seen: 2679111680, grad norm: 0.2687
[iter 10230]loss: 3.1589, tokens/sec: 29508.31 ± 366.05, tokens seen: 2681733120, grad norm: 0.3573
[iter 10240]loss: 3.0762, tokens/sec: 29508.34 ± 365.88, tokens seen: 2684354560, grad norm: 0.3314
[iter 10250]loss: 3.1442, tokens/sec: 29508.37 ± 365.70, tokens seen: 2686976000, grad norm: 0.3329
[iter 10260]loss: 2.8353, tokens/sec: 29508.40 ± 365.52, tokens seen: 2689597440, grad norm: 0.4570
[iter 10270]loss: 2.9225, tokens/sec: 29508.43 ± 365.34, tokens seen: 2692218880, grad norm: 0.3066
[iter 10280]loss: 2.9492, tokens/sec: 29508.45 ± 365.17, tokens seen: 2694840320, grad norm: 0.2961
[iter 10290]loss: 3.2006, tokens/sec: 29508.48 ± 364.99, tokens seen: 2697461760, grad norm: 0.4764
[iter 10300]loss: 3.2199, tokens/sec: 29508.31 ± 365.35, tokens seen: 2700083200, grad norm: 0.3112
[iter 10310]loss: 3.0849, tokens/sec: 29508.34 ± 365.17, tokens seen: 2702704640, grad norm: 0.3684
[iter 10320]loss: 3.1300, tokens/sec: 29508.38 ± 365.00, tokens seen: 2705326080, grad norm: 0.2911
[iter 10330]loss: 3.1049, tokens/sec: 29508.41 ± 364.82, tokens seen: 2707947520, grad norm: 0.4556
[iter 10340]loss: 3.1576, tokens/sec: 29508.45 ± 364.65, tokens seen: 2710568960, grad norm: 0.3253
[iter 10350]loss: 2.7978, tokens/sec: 29508.48 ± 364.48, tokens seen: 2713190400, grad norm: 0.3167
[iter 10360]loss: 3.3943, tokens/sec: 29508.51 ± 364.30, tokens seen: 2715811840, grad norm: 0.4434
[iter 10370]loss: 3.0086, tokens/sec: 29508.39 ± 364.48, tokens seen: 2718433280, grad norm: 0.3685
[iter 10380]loss: 3.0627, tokens/sec: 29508.42 ± 364.30, tokens seen: 2721054720, grad norm: 0.3423
[iter 10390]loss: 2.9519, tokens/sec: 29508.45 ± 364.13, tokens seen: 2723676160, grad norm: 0.3611
[iter 10400]loss: 2.9530, tokens/sec: 29508.49 ± 363.95, tokens seen: 2726297600, grad norm: 0.3123
[iter 10410]loss: 3.0316, tokens/sec: 29508.52 ± 363.78, tokens seen: 2728919040, grad norm: 0.3055
[iter 10420]loss: 3.2283, tokens/sec: 29508.55 ± 363.61, tokens seen: 2731540480, grad norm: 0.3885
[iter 10430]loss: 3.0547, tokens/sec: 29508.59 ± 363.44, tokens seen: 2734161920, grad norm: 0.3330
[iter 10440]loss: 3.0946, tokens/sec: 29508.62 ± 363.26, tokens seen: 2736783360, grad norm: 0.3385
[iter 10450]loss: 2.9725, tokens/sec: 29508.66 ± 363.09, tokens seen: 2739404800, grad norm: 0.3693
[iter 10460]loss: 2.8437, tokens/sec: 29508.69 ± 362.92, tokens seen: 2742026240, grad norm: 0.3696
[iter 10470]loss: 2.9802, tokens/sec: 29508.53 ± 363.28, tokens seen: 2744647680, grad norm: 0.2852
[iter 10480]loss: 2.9337, tokens/sec: 29508.56 ± 363.11, tokens seen: 2747269120, grad norm: 0.3149
[iter 10490]loss: 3.0490, tokens/sec: 29508.59 ± 362.94, tokens seen: 2749890560, grad norm: 0.3039
[step 10500]train loss: 3.0662, val loss: 3.0825, (avg train loss: 0.1915 ± 0.0085), (avg grad norm: 0.3422 ± 0.0385)
[iter 10500]loss: 3.0675, tokens/sec: 29508.63 ± 362.76, tokens seen: 2752512000, grad norm: 0.4430
[iter 10510]loss: 3.2058, tokens/sec: 29508.51 ± 362.92, tokens seen: 2755133440, grad norm: 0.3253
[iter 10520]loss: 2.9241, tokens/sec: 29508.54 ± 362.75, tokens seen: 2757754880, grad norm: 0.3088
[iter 10530]loss: 3.0556, tokens/sec: 29508.58 ± 362.57, tokens seen: 2760376320, grad norm: 0.3425
[iter 10540]loss: 3.1403, tokens/sec: 29508.61 ± 362.40, tokens seen: 2762997760, grad norm: 0.3178
[iter 10550]loss: 2.8900, tokens/sec: 29508.64 ± 362.23, tokens seen: 2765619200, grad norm: 0.3480
[iter 10560]loss: 3.1640, tokens/sec: 29508.67 ± 362.06, tokens seen: 2768240640, grad norm: 0.3106
[iter 10570]loss: 2.9943, tokens/sec: 29508.71 ± 361.89, tokens seen: 2770862080, grad norm: 0.4261
[iter 10580]loss: 2.9901, tokens/sec: 29508.74 ± 361.72, tokens seen: 2773483520, grad norm: 0.3598
[iter 10590]loss: 3.1494, tokens/sec: 29508.77 ± 361.56, tokens seen: 2776104960, grad norm: 0.3778
[iter 10600]loss: 3.0206, tokens/sec: 29508.80 ± 361.39, tokens seen: 2778726400, grad norm: 0.3805
[iter 10610]loss: 3.0216, tokens/sec: 29508.83 ± 361.22, tokens seen: 2781347840, grad norm: 0.3797
[iter 10620]loss: 3.0513, tokens/sec: 29508.86 ± 361.05, tokens seen: 2783969280, grad norm: 0.4023
[iter 10630]loss: 3.0821, tokens/sec: 29508.70 ± 361.39, tokens seen: 2786590720, grad norm: 0.2914
[iter 10640]loss: 3.1089, tokens/sec: 29508.74 ± 361.22, tokens seen: 2789212160, grad norm: 0.3310
[iter 10650]loss: 3.0464, tokens/sec: 29508.62 ± 361.38, tokens seen: 2791833600, grad norm: 0.3324
[iter 10660]loss: 3.2334, tokens/sec: 29508.65 ± 361.21, tokens seen: 2794455040, grad norm: 0.3120
[iter 10670]loss: 3.0147, tokens/sec: 29508.68 ± 361.04, tokens seen: 2797076480, grad norm: 0.3022
[iter 10680]loss: 3.1712, tokens/sec: 29508.71 ± 360.87, tokens seen: 2799697920, grad norm: 0.3851
[iter 10690]loss: 2.9734, tokens/sec: 29508.74 ± 360.70, tokens seen: 2802319360, grad norm: 0.3896
[iter 10700]loss: 3.2115, tokens/sec: 29508.77 ± 360.54, tokens seen: 2804940800, grad norm: 0.3950
[iter 10710]loss: 3.3007, tokens/sec: 29508.80 ± 360.37, tokens seen: 2807562240, grad norm: 0.3498
[iter 10720]loss: 3.2348, tokens/sec: 29508.84 ± 360.20, tokens seen: 2810183680, grad norm: 0.3926
[iter 10730]loss: 3.0141, tokens/sec: 29508.87 ± 360.04, tokens seen: 2812805120, grad norm: 0.3754
[iter 10740]loss: 2.8481, tokens/sec: 29508.90 ± 359.87, tokens seen: 2815426560, grad norm: 0.3149
[iter 10750]loss: 3.1624, tokens/sec: 29508.93 ± 359.71, tokens seen: 2818048000, grad norm: 0.3746
[iter 10760]loss: 2.9621, tokens/sec: 29508.96 ± 359.54, tokens seen: 2820669440, grad norm: 0.3699
[iter 10770]loss: 3.2967, tokens/sec: 29508.99 ± 359.37, tokens seen: 2823290880, grad norm: 0.2979
[iter 10780]loss: 3.0187, tokens/sec: 29509.03 ± 359.21, tokens seen: 2825912320, grad norm: 0.4172
[iter 10790]loss: 3.0147, tokens/sec: 29508.90 ± 359.38, tokens seen: 2828533760, grad norm: 0.3934
[iter 10800]loss: 3.0330, tokens/sec: 29508.75 ± 359.72, tokens seen: 2831155200, grad norm: 0.3288
[iter 10810]loss: 3.1682, tokens/sec: 29508.77 ± 359.55, tokens seen: 2833776640, grad norm: 0.3182
[iter 10820]loss: 3.1957, tokens/sec: 29508.79 ± 359.39, tokens seen: 2836398080, grad norm: 0.3258
[iter 10830]loss: 2.9059, tokens/sec: 29508.82 ± 359.22, tokens seen: 2839019520, grad norm: 0.3555
[iter 10840]loss: 2.8192, tokens/sec: 29508.85 ± 359.06, tokens seen: 2841640960, grad norm: 0.3583
[iter 10850]loss: 2.8927, tokens/sec: 29508.87 ± 358.89, tokens seen: 2844262400, grad norm: 0.4290
[iter 10860]loss: 2.9439, tokens/sec: 29508.90 ± 358.73, tokens seen: 2846883840, grad norm: 0.3022
[iter 10870]loss: 2.8753, tokens/sec: 29508.93 ± 358.56, tokens seen: 2849505280, grad norm: 0.3241
[iter 10880]loss: 3.0765, tokens/sec: 29508.96 ± 358.40, tokens seen: 2852126720, grad norm: 0.3769
[iter 10890]loss: 3.1891, tokens/sec: 29508.99 ± 358.24, tokens seen: 2854748160, grad norm: 0.3291
[iter 10900]loss: 3.0945, tokens/sec: 29509.02 ± 358.08, tokens seen: 2857369600, grad norm: 0.3851
[iter 10910]loss: 3.0725, tokens/sec: 29509.05 ± 357.91, tokens seen: 2859991040, grad norm: 0.3355
[iter 10920]loss: 3.1044, tokens/sec: 29509.08 ± 357.75, tokens seen: 2862612480, grad norm: 0.3518
[iter 10930]loss: 3.2515, tokens/sec: 29508.96 ± 357.90, tokens seen: 2865233920, grad norm: 0.2789
[iter 10940]loss: 2.9916, tokens/sec: 29509.00 ± 357.74, tokens seen: 2867855360, grad norm: 0.2924
[iter 10950]loss: 3.0296, tokens/sec: 29509.03 ± 357.58, tokens seen: 2870476800, grad norm: 0.3016
[iter 10960]loss: 3.2366, tokens/sec: 29509.06 ± 357.42, tokens seen: 2873098240, grad norm: 0.3209
[iter 10970]loss: 3.0624, tokens/sec: 29508.90 ± 357.76, tokens seen: 2875719680, grad norm: 0.3462
[iter 10980]loss: 3.1529, tokens/sec: 29508.93 ± 357.60, tokens seen: 2878341120, grad norm: 0.3485
[iter 10990]loss: 2.9534, tokens/sec: 29508.97 ± 357.44, tokens seen: 2880962560, grad norm: 0.3582
[step 11000]train loss: 3.0576, val loss: 3.0661, (avg train loss: 0.1910 ± 0.0085), (avg grad norm: 0.3433 ± 0.0417)
saving checkpoint to ./out-owt-large-mhc-group-lora-midnorm-wsd-bs8-30000step
[iter 11000]loss: 3.0309, tokens/sec: 29509.00 ± 357.28, tokens seen: 2883584000, grad norm: 0.3581
[iter 11010]loss: 2.7212, tokens/sec: 29509.03 ± 357.12, tokens seen: 2886205440, grad norm: 0.3737
[iter 11020]loss: 3.0440, tokens/sec: 29509.06 ± 356.96, tokens seen: 2888826880, grad norm: 0.3320
[iter 11030]loss: 3.1003, tokens/sec: 29509.09 ± 356.80, tokens seen: 2891448320, grad norm: 0.3266
[iter 11040]loss: 3.1351, tokens/sec: 29509.12 ± 356.64, tokens seen: 2894069760, grad norm: 0.3274
[iter 11050]loss: 2.8497, tokens/sec: 29509.15 ± 356.48, tokens seen: 2896691200, grad norm: 0.3487
[iter 11060]loss: 2.8046, tokens/sec: 29509.18 ± 356.32, tokens seen: 2899312640, grad norm: 0.3982
[iter 11070]loss: 3.1342, tokens/sec: 29509.07 ± 356.48, tokens seen: 2901934080, grad norm: 0.3056
[iter 11080]loss: 2.9289, tokens/sec: 29509.10 ± 356.32, tokens seen: 2904555520, grad norm: 0.3312
[iter 11090]loss: 3.1498, tokens/sec: 29509.13 ± 356.16, tokens seen: 2907176960, grad norm: 0.2988
[iter 11100]loss: 2.9286, tokens/sec: 29509.16 ± 356.00, tokens seen: 2909798400, grad norm: 0.3522
[iter 11110]loss: 3.1112, tokens/sec: 29509.19 ± 355.84, tokens seen: 2912419840, grad norm: 0.3694
[iter 11120]loss: 2.9492, tokens/sec: 29509.22 ± 355.68, tokens seen: 2915041280, grad norm: 0.3424
[iter 11130]loss: 2.9743, tokens/sec: 29509.07 ± 356.01, tokens seen: 2917662720, grad norm: 0.3365
[iter 11140]loss: 2.9085, tokens/sec: 29509.10 ± 355.85, tokens seen: 2920284160, grad norm: 0.4076
[iter 11150]loss: 2.9784, tokens/sec: 29509.13 ± 355.69, tokens seen: 2922905600, grad norm: 0.3062
[iter 11160]loss: 3.0949, tokens/sec: 29509.16 ± 355.54, tokens seen: 2925527040, grad norm: 0.3010
[iter 11170]loss: 3.2043, tokens/sec: 29509.19 ± 355.38, tokens seen: 2928148480, grad norm: 0.3123
[iter 11180]loss: 3.0678, tokens/sec: 29509.22 ± 355.22, tokens seen: 2930769920, grad norm: 0.3310
[iter 11190]loss: 2.8742, tokens/sec: 29509.25 ± 355.06, tokens seen: 2933391360, grad norm: 0.3714
[iter 11200]loss: 2.7968, tokens/sec: 29509.28 ± 354.91, tokens seen: 2936012800, grad norm: 0.3134
[iter 11210]loss: 3.0719, tokens/sec: 29509.17 ± 355.06, tokens seen: 2938634240, grad norm: 0.3233
[iter 11220]loss: 3.0263, tokens/sec: 29509.20 ± 354.90, tokens seen: 2941255680, grad norm: 0.3393
[iter 11230]loss: 3.0495, tokens/sec: 29509.23 ± 354.75, tokens seen: 2943877120, grad norm: 0.2637
[iter 11240]loss: 3.2713, tokens/sec: 29509.26 ± 354.59, tokens seen: 2946498560, grad norm: 0.3478
[iter 11250]loss: 2.7971, tokens/sec: 29509.29 ± 354.43, tokens seen: 2949120000, grad norm: 0.3504
[iter 11260]loss: 2.9212, tokens/sec: 29509.32 ± 354.28, tokens seen: 2951741440, grad norm: 0.3187
[iter 11270]loss: 2.8721, tokens/sec: 29509.36 ± 354.12, tokens seen: 2954362880, grad norm: 0.3612
[iter 11280]loss: 2.9615, tokens/sec: 29509.39 ± 353.97, tokens seen: 2956984320, grad norm: 0.3369
[iter 11290]loss: 3.0658, tokens/sec: 29509.42 ± 353.81, tokens seen: 2959605760, grad norm: 0.3505
[iter 11300]loss: 2.9354, tokens/sec: 29509.27 ± 354.17, tokens seen: 2962227200, grad norm: 0.2728
[iter 11310]loss: 3.2415, tokens/sec: 29509.30 ± 354.01, tokens seen: 2964848640, grad norm: 0.3856
[iter 11320]loss: 3.0181, tokens/sec: 29509.33 ± 353.86, tokens seen: 2967470080, grad norm: 0.3151
[iter 11330]loss: 3.0388, tokens/sec: 29509.36 ± 353.70, tokens seen: 2970091520, grad norm: 0.3186
[iter 11340]loss: 3.0211, tokens/sec: 29509.39 ± 353.55, tokens seen: 2972712960, grad norm: 0.3471
[iter 11350]loss: 2.9334, tokens/sec: 29509.27 ± 353.72, tokens seen: 2975334400, grad norm: 0.3286
[iter 11360]loss: 3.1264, tokens/sec: 29509.30 ± 353.57, tokens seen: 2977955840, grad norm: 0.3605
[iter 11370]loss: 3.2251, tokens/sec: 29509.32 ± 353.41, tokens seen: 2980577280, grad norm: 0.3425
[iter 11380]loss: 3.2123, tokens/sec: 29509.35 ± 353.26, tokens seen: 2983198720, grad norm: 0.2937
[iter 11390]loss: 3.1422, tokens/sec: 29509.37 ± 353.10, tokens seen: 2985820160, grad norm: 0.2966
[iter 11400]loss: 2.8849, tokens/sec: 29509.39 ± 352.95, tokens seen: 2988441600, grad norm: 0.2923
[iter 11410]loss: 2.9358, tokens/sec: 29509.42 ± 352.80, tokens seen: 2991063040, grad norm: 0.3373
[iter 11420]loss: 2.9169, tokens/sec: 29509.44 ± 352.64, tokens seen: 2993684480, grad norm: 0.3389
[iter 11430]loss: 3.3420, tokens/sec: 29509.46 ± 352.49, tokens seen: 2996305920, grad norm: 0.3299
[iter 11440]loss: 3.2632, tokens/sec: 29509.49 ± 352.34, tokens seen: 2998927360, grad norm: 0.3907
[iter 11450]loss: 2.9839, tokens/sec: 29509.51 ± 352.18, tokens seen: 3001548800, grad norm: 0.3241
[iter 11460]loss: 2.9074, tokens/sec: 29509.36 ± 352.54, tokens seen: 3004170240, grad norm: 0.4059
[iter 11470]loss: 3.1707, tokens/sec: 29509.40 ± 352.39, tokens seen: 3006791680, grad norm: 0.3279
[iter 11480]loss: 3.0974, tokens/sec: 29509.42 ± 352.24, tokens seen: 3009413120, grad norm: 0.3067
[iter 11490]loss: 2.9745, tokens/sec: 29509.31 ± 352.42, tokens seen: 3012034560, grad norm: 0.3513
[step 11500]train loss: 3.0361, val loss: 3.0434, (avg train loss: 0.1904 ± 0.0087), (avg grad norm: 0.3381 ± 0.0380)
saving checkpoint to ./out-owt-large-mhc-group-lora-midnorm-wsd-bs8-30000step
[iter 11500]loss: 3.1688, tokens/sec: 29509.34 ± 352.27, tokens seen: 3014656000, grad norm: 0.3483
[iter 11510]loss: 3.0386, tokens/sec: 29509.37 ± 352.11, tokens seen: 3017277440, grad norm: 0.3281
[iter 11520]loss: 3.0951, tokens/sec: 29509.40 ± 351.96, tokens seen: 3019898880, grad norm: 0.3005
[iter 11530]loss: 3.1273, tokens/sec: 29509.43 ± 351.81, tokens seen: 3022520320, grad norm: 0.3574
[iter 11540]loss: 3.1305, tokens/sec: 29509.46 ± 351.66, tokens seen: 3025141760, grad norm: 0.3086
[iter 11550]loss: 3.1131, tokens/sec: 29509.48 ± 351.51, tokens seen: 3027763200, grad norm: 0.3909
[iter 11560]loss: 3.2854, tokens/sec: 29509.51 ± 351.36, tokens seen: 3030384640, grad norm: 0.3021
[iter 11570]loss: 3.0545, tokens/sec: 29509.54 ± 351.21, tokens seen: 3033006080, grad norm: 0.2966
[iter 11580]loss: 3.0206, tokens/sec: 29509.57 ± 351.06, tokens seen: 3035627520, grad norm: 0.3357
[iter 11590]loss: 3.1192, tokens/sec: 29509.60 ± 350.91, tokens seen: 3038248960, grad norm: 0.3453
[iter 11600]loss: 2.7373, tokens/sec: 29509.63 ± 350.76, tokens seen: 3040870400, grad norm: 0.3224
[iter 11610]loss: 3.0288, tokens/sec: 29509.66 ± 350.61, tokens seen: 3043491840, grad norm: 0.3746
[iter 11620]loss: 2.9041, tokens/sec: 29509.69 ± 350.46, tokens seen: 3046113280, grad norm: 0.3506
[iter 11630]loss: 2.8041, tokens/sec: 29509.39 ± 351.10, tokens seen: 3048734720, grad norm: 0.3014
[iter 11640]loss: 3.0334, tokens/sec: 29509.42 ± 350.95, tokens seen: 3051356160, grad norm: 0.3622
[iter 11650]loss: 2.9870, tokens/sec: 29509.45 ± 350.80, tokens seen: 3053977600, grad norm: 0.3337
[iter 11660]loss: 3.0181, tokens/sec: 29509.48 ± 350.65, tokens seen: 3056599040, grad norm: 0.3760
[iter 11670]loss: 3.2569, tokens/sec: 29509.51 ± 350.50, tokens seen: 3059220480, grad norm: 0.3652
[iter 11680]loss: 3.1668, tokens/sec: 29509.54 ± 350.35, tokens seen: 3061841920, grad norm: 0.3344
[iter 11690]loss: 3.0489, tokens/sec: 29509.57 ± 350.20, tokens seen: 3064463360, grad norm: 0.3824
[iter 11700]loss: 3.0438, tokens/sec: 29509.60 ± 350.05, tokens seen: 3067084800, grad norm: 0.3084
[iter 11710]loss: 3.0643, tokens/sec: 29509.63 ± 349.91, tokens seen: 3069706240, grad norm: 0.3261
[iter 11720]loss: 3.0467, tokens/sec: 29509.66 ± 349.76, tokens seen: 3072327680, grad norm: 0.3599
[iter 11730]loss: 3.3212, tokens/sec: 29509.69 ± 349.61, tokens seen: 3074949120, grad norm: 0.2899
[iter 11740]loss: 2.8952, tokens/sec: 29509.72 ± 349.46, tokens seen: 3077570560, grad norm: 0.3019
[iter 11750]loss: 2.6275, tokens/sec: 29509.75 ± 349.32, tokens seen: 3080192000, grad norm: 0.2895
[iter 11760]loss: 2.9009, tokens/sec: 29509.78 ± 349.17, tokens seen: 3082813440, grad norm: 0.3205
[iter 11770]loss: 3.2648, tokens/sec: 29509.81 ± 349.02, tokens seen: 3085434880, grad norm: 0.3448
[iter 11780]loss: 2.9714, tokens/sec: 29509.70 ± 349.17, tokens seen: 3088056320, grad norm: 0.3006
[iter 11790]loss: 3.0806, tokens/sec: 29509.56 ± 349.49, tokens seen: 3090677760, grad norm: 0.3064
[iter 11800]loss: 3.1737, tokens/sec: 29509.59 ± 349.34, tokens seen: 3093299200, grad norm: 0.4072
[iter 11810]loss: 3.1575, tokens/sec: 29509.62 ± 349.20, tokens seen: 3095920640, grad norm: 0.3097
[iter 11820]loss: 3.2952, tokens/sec: 29509.65 ± 349.05, tokens seen: 3098542080, grad norm: 0.3101
[iter 11830]loss: 3.2972, tokens/sec: 29509.68 ± 348.91, tokens seen: 3101163520, grad norm: 0.3207
[iter 11840]loss: 2.9099, tokens/sec: 29509.71 ± 348.76, tokens seen: 3103784960, grad norm: 0.3357
[iter 11850]loss: 2.6394, tokens/sec: 29509.74 ± 348.61, tokens seen: 3106406400, grad norm: 0.3187
[iter 11860]loss: 3.0549, tokens/sec: 29509.77 ± 348.47, tokens seen: 3109027840, grad norm: 0.3205
[iter 11870]loss: 3.0155, tokens/sec: 29509.79 ± 348.32, tokens seen: 3111649280, grad norm: 0.3242
[iter 11880]loss: 2.5662, tokens/sec: 29509.82 ± 348.18, tokens seen: 3114270720, grad norm: 0.3306
[iter 11890]loss: 3.1668, tokens/sec: 29509.85 ± 348.03, tokens seen: 3116892160, grad norm: 0.4157
[iter 11900]loss: 3.0479, tokens/sec: 29509.88 ± 347.89, tokens seen: 3119513600, grad norm: 0.3573
[iter 11910]loss: 3.2977, tokens/sec: 29509.91 ± 347.74, tokens seen: 3122135040, grad norm: 0.3971
[iter 11920]loss: 3.1210, tokens/sec: 29509.80 ± 347.89, tokens seen: 3124756480, grad norm: 0.3811
[iter 11930]loss: 3.0933, tokens/sec: 29509.83 ± 347.75, tokens seen: 3127377920, grad norm: 0.3525
[iter 11940]loss: 3.2687, tokens/sec: 29509.86 ± 347.61, tokens seen: 3129999360, grad norm: 0.3619
[iter 11950]loss: 3.2457, tokens/sec: 29509.88 ± 347.46, tokens seen: 3132620800, grad norm: 0.3028
[iter 11960]loss: 2.9588, tokens/sec: 29509.74 ± 347.80, tokens seen: 3135242240, grad norm: 0.3117
[iter 11970]loss: 3.2468, tokens/sec: 29509.77 ± 347.65, tokens seen: 3137863680, grad norm: 0.3144
[iter 11980]loss: 3.1088, tokens/sec: 29509.80 ± 347.51, tokens seen: 3140485120, grad norm: 0.2941
[iter 11990]loss: 3.0728, tokens/sec: 29509.83 ± 347.37, tokens seen: 3143106560, grad norm: 0.3408
[step 12000]train loss: 3.0577, val loss: 3.0337, (avg train loss: 0.1907 ± 0.0092), (avg grad norm: 0.3387 ± 0.0379)
saving checkpoint to ./out-owt-large-mhc-group-lora-midnorm-wsd-bs8-30000step
[iter 12000]loss: 3.0335, tokens/sec: 29509.86 ± 347.22, tokens seen: 3145728000, grad norm: 0.3673
[iter 12010]loss: 2.8586, tokens/sec: 29509.89 ± 347.08, tokens seen: 3148349440, grad norm: 0.3961
[iter 12020]loss: 3.1823, tokens/sec: 29509.91 ± 346.94, tokens seen: 3150970880, grad norm: 0.3907
[iter 12030]loss: 3.0562, tokens/sec: 29509.94 ± 346.80, tokens seen: 3153592320, grad norm: 0.3141
[iter 12040]loss: 3.0418, tokens/sec: 29509.97 ± 346.65, tokens seen: 3156213760, grad norm: 0.3318
[iter 12050]loss: 2.7882, tokens/sec: 29509.99 ± 346.51, tokens seen: 3158835200, grad norm: 0.3480
[iter 12060]loss: 3.0722, tokens/sec: 29509.89 ± 346.68, tokens seen: 3161456640, grad norm: 0.4136
[iter 12070]loss: 2.9594, tokens/sec: 29509.91 ± 346.54, tokens seen: 3164078080, grad norm: 0.2910
[iter 12080]loss: 2.7993, tokens/sec: 29509.94 ± 346.40, tokens seen: 3166699520, grad norm: 0.4611
[iter 12090]loss: 3.0140, tokens/sec: 29509.97 ± 346.25, tokens seen: 3169320960, grad norm: 0.2932
[iter 12100]loss: 3.1705, tokens/sec: 29510.00 ± 346.11, tokens seen: 3171942400, grad norm: 0.3687
[iter 12110]loss: 2.8553, tokens/sec: 29510.02 ± 345.97, tokens seen: 3174563840, grad norm: 0.3329
[iter 12120]loss: 3.0906, tokens/sec: 29509.85 ± 346.46, tokens seen: 3177185280, grad norm: 0.3382
[iter 12130]loss: 3.0966, tokens/sec: 29509.87 ± 346.32, tokens seen: 3179806720, grad norm: 0.3328
[iter 12140]loss: 2.8848, tokens/sec: 29509.90 ± 346.18, tokens seen: 3182428160, grad norm: 0.3353
[iter 12150]loss: 3.0281, tokens/sec: 29509.92 ± 346.04, tokens seen: 3185049600, grad norm: 0.3209
[iter 12160]loss: 3.0146, tokens/sec: 29509.94 ± 345.90, tokens seen: 3187671040, grad norm: 0.3858
[iter 12170]loss: 3.1173, tokens/sec: 29509.96 ± 345.75, tokens seen: 3190292480, grad norm: 0.3215
[iter 12180]loss: 3.3627, tokens/sec: 29509.98 ± 345.61, tokens seen: 3192913920, grad norm: 0.3314
[iter 12190]loss: 3.0343, tokens/sec: 29510.00 ± 345.47, tokens seen: 3195535360, grad norm: 0.3268
[iter 12200]loss: 3.0494, tokens/sec: 29509.89 ± 345.65, tokens seen: 3198156800, grad norm: 0.3061
[iter 12210]loss: 2.8332, tokens/sec: 29509.92 ± 345.51, tokens seen: 3200778240, grad norm: 0.3803
[iter 12220]loss: 3.0647, tokens/sec: 29509.95 ± 345.37, tokens seen: 3203399680, grad norm: 0.4236
[iter 12230]loss: 3.1110, tokens/sec: 29509.98 ± 345.23, tokens seen: 3206021120, grad norm: 0.3209
[iter 12240]loss: 3.3169, tokens/sec: 29510.00 ± 345.09, tokens seen: 3208642560, grad norm: 0.3659
[iter 12250]loss: 3.2430, tokens/sec: 29510.03 ± 344.95, tokens seen: 3211264000, grad norm: 0.3311
[iter 12260]loss: 3.1200, tokens/sec: 29510.06 ± 344.81, tokens seen: 3213885440, grad norm: 0.3373
[iter 12270]loss: 2.8333, tokens/sec: 29510.08 ± 344.67, tokens seen: 3216506880, grad norm: 0.3289
[iter 12280]loss: 3.0207, tokens/sec: 29510.11 ± 344.53, tokens seen: 3219128320, grad norm: 0.4007
[iter 12290]loss: 3.0986, tokens/sec: 29509.89 ± 345.40, tokens seen: 3221749760, grad norm: 0.3333
[iter 12300]loss: 2.9684, tokens/sec: 29509.91 ± 345.26, tokens seen: 3224371200, grad norm: 0.3770
[iter 12310]loss: 2.9393, tokens/sec: 29509.93 ± 345.12, tokens seen: 3226992640, grad norm: 0.2836
[iter 12320]loss: 3.0899, tokens/sec: 29509.96 ± 344.98, tokens seen: 3229614080, grad norm: 0.3088
[iter 12330]loss: 3.1536, tokens/sec: 29509.98 ± 344.84, tokens seen: 3232235520, grad norm: 0.3153
[iter 12340]loss: 2.8039, tokens/sec: 29509.88 ± 345.01, tokens seen: 3234856960, grad norm: 0.3581
[iter 12350]loss: 3.0761, tokens/sec: 29509.90 ± 344.87, tokens seen: 3237478400, grad norm: 0.3290
[iter 12360]loss: 2.4562, tokens/sec: 29509.93 ± 344.73, tokens seen: 3240099840, grad norm: 0.3579
[iter 12370]loss: 3.0099, tokens/sec: 29509.95 ± 344.59, tokens seen: 3242721280, grad norm: 0.3311
[iter 12380]loss: 3.0889, tokens/sec: 29509.98 ± 344.45, tokens seen: 3245342720, grad norm: 0.3216
[iter 12390]loss: 3.0155, tokens/sec: 29510.01 ± 344.31, tokens seen: 3247964160, grad norm: 0.3337
[iter 12400]loss: 3.1442, tokens/sec: 29510.03 ± 344.18, tokens seen: 3250585600, grad norm: 0.3130
[iter 12410]loss: 2.7309, tokens/sec: 29510.06 ± 344.04, tokens seen: 3253207040, grad norm: 0.4044
[iter 12420]loss: 2.9313, tokens/sec: 29510.09 ± 343.90, tokens seen: 3255828480, grad norm: 0.3424
[iter 12430]loss: 3.1840, tokens/sec: 29510.12 ± 343.77, tokens seen: 3258449920, grad norm: 0.3420
[iter 12440]loss: 3.0146, tokens/sec: 29510.14 ± 343.63, tokens seen: 3261071360, grad norm: 0.3092
[iter 12450]loss: 2.9969, tokens/sec: 29510.17 ± 343.49, tokens seen: 3263692800, grad norm: 0.3294
[iter 12460]loss: 2.8668, tokens/sec: 29510.02 ± 343.89, tokens seen: 3266314240, grad norm: 0.3978
[iter 12470]loss: 3.1629, tokens/sec: 29510.05 ± 343.75, tokens seen: 3268935680, grad norm: 0.3167
[iter 12480]loss: 3.0246, tokens/sec: 29509.94 ± 343.92, tokens seen: 3271557120, grad norm: 0.3867
[iter 12490]loss: 2.9855, tokens/sec: 29509.97 ± 343.79, tokens seen: 3274178560, grad norm: 0.2961
[step 12500]train loss: 3.0195, val loss: 3.0375, (avg train loss: 0.1892 ± 0.0077), (avg grad norm: 0.3421 ± 0.0365)
[iter 12500]loss: 2.9713, tokens/sec: 29510.00 ± 343.65, tokens seen: 3276800000, grad norm: 0.3417
[iter 12510]loss: 3.0500, tokens/sec: 29510.03 ± 343.51, tokens seen: 3279421440, grad norm: 0.3477
[iter 12520]loss: 2.9790, tokens/sec: 29510.06 ± 343.38, tokens seen: 3282042880, grad norm: 0.3570
[iter 12530]loss: 2.9579, tokens/sec: 29510.08 ± 343.24, tokens seen: 3284664320, grad norm: 0.3426
[iter 12540]loss: 2.8995, tokens/sec: 29510.11 ± 343.11, tokens seen: 3287285760, grad norm: 0.3265
[iter 12550]loss: 3.0728, tokens/sec: 29510.13 ± 342.97, tokens seen: 3289907200, grad norm: 0.3996
[iter 12560]loss: 3.0896, tokens/sec: 29510.16 ± 342.84, tokens seen: 3292528640, grad norm: 0.3887
[iter 12570]loss: 3.0022, tokens/sec: 29510.18 ± 342.70, tokens seen: 3295150080, grad norm: 0.3125
[iter 12580]loss: 3.0026, tokens/sec: 29510.20 ± 342.56, tokens seen: 3297771520, grad norm: 0.3909
[iter 12590]loss: 3.1721, tokens/sec: 29510.22 ± 342.43, tokens seen: 3300392960, grad norm: 0.3059
[iter 12600]loss: 3.1771, tokens/sec: 29510.21 ± 342.30, tokens seen: 3303014400, grad norm: 0.3496
[iter 12610]loss: 3.0946, tokens/sec: 29510.15 ± 342.17, tokens seen: 3305635840, grad norm: 0.3153
[iter 12620]loss: 3.0996, tokens/sec: 29509.50 ± 345.68, tokens seen: 3308257280, grad norm: 0.2767
[iter 12630]loss: 2.8782, tokens/sec: 29509.47 ± 345.54, tokens seen: 3310878720, grad norm: 0.2739
[iter 12640]loss: 2.8112, tokens/sec: 29509.45 ± 345.41, tokens seen: 3313500160, grad norm: 0.3252
[iter 12650]loss: 3.2209, tokens/sec: 29509.47 ± 345.27, tokens seen: 3316121600, grad norm: 0.2984
[iter 12660]loss: 2.8640, tokens/sec: 29509.50 ± 345.14, tokens seen: 3318743040, grad norm: 0.3706
[iter 12670]loss: 3.1323, tokens/sec: 29509.52 ± 345.00, tokens seen: 3321364480, grad norm: 0.3196
[iter 12680]loss: 3.1092, tokens/sec: 29509.55 ± 344.87, tokens seen: 3323985920, grad norm: 0.3478
[iter 12690]loss: 3.1730, tokens/sec: 29509.58 ± 344.74, tokens seen: 3326607360, grad norm: 0.3647
[iter 12700]loss: 2.9848, tokens/sec: 29509.60 ± 344.60, tokens seen: 3329228800, grad norm: 0.2998
[iter 12710]loss: 2.9702, tokens/sec: 29509.63 ± 344.47, tokens seen: 3331850240, grad norm: 0.3885
[iter 12720]loss: 3.1301, tokens/sec: 29509.66 ± 344.33, tokens seen: 3334471680, grad norm: 0.3431
[iter 12730]loss: 3.1849, tokens/sec: 29509.68 ± 344.20, tokens seen: 3337093120, grad norm: 0.3901
[iter 12740]loss: 2.9805, tokens/sec: 29509.71 ± 344.06, tokens seen: 3339714560, grad norm: 0.3977
[iter 12750]loss: 3.0871, tokens/sec: 29509.73 ± 343.93, tokens seen: 3342336000, grad norm: 0.3312
[iter 12760]loss: 2.9930, tokens/sec: 29509.63 ± 344.08, tokens seen: 3344957440, grad norm: 0.3707
[iter 12770]loss: 2.8282, tokens/sec: 29509.65 ± 343.95, tokens seen: 3347578880, grad norm: 0.3205
[iter 12780]loss: 2.9529, tokens/sec: 29509.68 ± 343.81, tokens seen: 3350200320, grad norm: 0.3067
[iter 12790]loss: 2.9283, tokens/sec: 29509.53 ± 344.18, tokens seen: 3352821760, grad norm: 0.4128
[iter 12800]loss: 2.8747, tokens/sec: 29509.56 ± 344.05, tokens seen: 3355443200, grad norm: 0.3359
[iter 12810]loss: 3.0748, tokens/sec: 29509.58 ± 343.92, tokens seen: 3358064640, grad norm: 0.3350
[iter 12820]loss: 3.0248, tokens/sec: 29509.61 ± 343.79, tokens seen: 3360686080, grad norm: 0.3527
[iter 12830]loss: 3.0586, tokens/sec: 29509.63 ± 343.65, tokens seen: 3363307520, grad norm: 0.3478
[iter 12840]loss: 3.1498, tokens/sec: 29509.66 ± 343.52, tokens seen: 3365928960, grad norm: 0.3563
[iter 12850]loss: 3.0266, tokens/sec: 29509.68 ± 343.39, tokens seen: 3368550400, grad norm: 0.3446
[iter 12860]loss: 2.9152, tokens/sec: 29509.71 ± 343.25, tokens seen: 3371171840, grad norm: 0.3565
[iter 12870]loss: 3.0689, tokens/sec: 29509.73 ± 343.12, tokens seen: 3373793280, grad norm: 0.3336
[iter 12880]loss: 3.0275, tokens/sec: 29509.75 ± 342.99, tokens seen: 3376414720, grad norm: 0.3587
[iter 12890]loss: 2.9683, tokens/sec: 29509.78 ± 342.86, tokens seen: 3379036160, grad norm: 0.2934
[iter 12900]loss: 3.1098, tokens/sec: 29509.68 ± 343.01, tokens seen: 3381657600, grad norm: 0.3059
[iter 12910]loss: 2.8667, tokens/sec: 29509.70 ± 342.87, tokens seen: 3384279040, grad norm: 0.3321
[iter 12920]loss: 3.0121, tokens/sec: 29509.73 ± 342.74, tokens seen: 3386900480, grad norm: 0.2921
[iter 12930]loss: 3.0573, tokens/sec: 29509.75 ± 342.61, tokens seen: 3389521920, grad norm: 0.3150
[iter 12940]loss: 2.8096, tokens/sec: 29509.77 ± 342.48, tokens seen: 3392143360, grad norm: 0.3401
[iter 12950]loss: 3.0535, tokens/sec: 29509.80 ± 342.35, tokens seen: 3394764800, grad norm: 0.3436
[iter 12960]loss: 2.8473, tokens/sec: 29509.65 ± 342.74, tokens seen: 3397386240, grad norm: 0.3221
[iter 12970]loss: 3.3242, tokens/sec: 29509.68 ± 342.61, tokens seen: 3400007680, grad norm: 0.2887
[iter 12980]loss: 2.9481, tokens/sec: 29509.70 ± 342.48, tokens seen: 3402629120, grad norm: 0.3567
[iter 12990]loss: 2.8375, tokens/sec: 29509.73 ± 342.35, tokens seen: 3405250560, grad norm: 0.3130
[step 13000]train loss: 3.0185, val loss: 3.0292, (avg train loss: 0.1894 ± 0.0084), (avg grad norm: 0.3350 ± 0.0323)
saving checkpoint to ./out-owt-large-mhc-group-lora-midnorm-wsd-bs8-30000step
[iter 13000]loss: 3.0619, tokens/sec: 29509.74 ± 342.22, tokens seen: 3407872000, grad norm: 0.3014
[iter 13010]loss: 2.9641, tokens/sec: 29509.78 ± 342.09, tokens seen: 3410493440, grad norm: 0.3275
[iter 13020]loss: 2.8995, tokens/sec: 29509.81 ± 341.96, tokens seen: 3413114880, grad norm: 0.3096
[iter 13030]loss: 2.9983, tokens/sec: 29509.83 ± 341.83, tokens seen: 3415736320, grad norm: 0.2977
[iter 13040]loss: 3.0682, tokens/sec: 29509.72 ± 342.00, tokens seen: 3418357760, grad norm: 0.4817
[iter 13050]loss: 2.9706, tokens/sec: 29509.74 ± 341.87, tokens seen: 3420979200, grad norm: 0.3287
[iter 13060]loss: 2.8034, tokens/sec: 29509.75 ± 341.74, tokens seen: 3423600640, grad norm: 0.3030
[iter 13070]loss: 3.1747, tokens/sec: 29509.77 ± 341.61, tokens seen: 3426222080, grad norm: 0.3480
[iter 13080]loss: 3.1181, tokens/sec: 29509.79 ± 341.48, tokens seen: 3428843520, grad norm: 0.3176
[iter 13090]loss: 3.1068, tokens/sec: 29509.81 ± 341.35, tokens seen: 3431464960, grad norm: 0.3366
[iter 13100]loss: 2.8699, tokens/sec: 29509.83 ± 341.22, tokens seen: 3434086400, grad norm: 0.3327
[iter 13110]loss: 3.0454, tokens/sec: 29509.85 ± 341.09, tokens seen: 3436707840, grad norm: 0.3109
[iter 13120]loss: 2.9485, tokens/sec: 29509.70 ± 341.52, tokens seen: 3439329280, grad norm: 0.3156
[iter 13130]loss: 2.9517, tokens/sec: 29509.72 ± 341.39, tokens seen: 3441950720, grad norm: 0.3216
[iter 13140]loss: 3.1283, tokens/sec: 29509.74 ± 341.26, tokens seen: 3444572160, grad norm: 0.2956
[iter 13150]loss: 3.0899, tokens/sec: 29509.77 ± 341.14, tokens seen: 3447193600, grad norm: 0.3477
[iter 13160]loss: 2.9624, tokens/sec: 29509.79 ± 341.01, tokens seen: 3449815040, grad norm: 0.2915
[iter 13170]loss: 3.0905, tokens/sec: 29509.82 ± 340.88, tokens seen: 3452436480, grad norm: 0.2874
[iter 13180]loss: 3.0297, tokens/sec: 29509.71 ± 341.04, tokens seen: 3455057920, grad norm: 0.3122
[iter 13190]loss: 2.8120, tokens/sec: 29509.74 ± 340.91, tokens seen: 3457679360, grad norm: 0.3596
[iter 13200]loss: 2.9855, tokens/sec: 29509.76 ± 340.78, tokens seen: 3460300800, grad norm: 0.3386
[iter 13210]loss: 2.7760, tokens/sec: 29509.78 ± 340.66, tokens seen: 3462922240, grad norm: 0.3053
[iter 13220]loss: 3.0872, tokens/sec: 29509.81 ± 340.53, tokens seen: 3465543680, grad norm: 0.3282
[iter 13230]loss: 3.0513, tokens/sec: 29509.83 ± 340.40, tokens seen: 3468165120, grad norm: 0.3105
[iter 13240]loss: 2.8969, tokens/sec: 29509.85 ± 340.27, tokens seen: 3470786560, grad norm: 0.3473
[iter 13250]loss: 3.0674, tokens/sec: 29509.87 ± 340.15, tokens seen: 3473408000, grad norm: 0.3053
[iter 13260]loss: 3.0190, tokens/sec: 29509.90 ± 340.02, tokens seen: 3476029440, grad norm: 0.3762
[iter 13270]loss: 3.0604, tokens/sec: 29509.92 ± 339.89, tokens seen: 3478650880, grad norm: 0.3684
[iter 13280]loss: 3.1157, tokens/sec: 29509.95 ± 339.77, tokens seen: 3481272320, grad norm: 0.3567
[iter 13290]loss: 2.9915, tokens/sec: 29509.76 ± 340.49, tokens seen: 3483893760, grad norm: 0.3506
[iter 13300]loss: 2.9124, tokens/sec: 29509.77 ± 340.37, tokens seen: 3486515200, grad norm: 0.3062
[iter 13310]loss: 2.6072, tokens/sec: 29509.79 ± 340.24, tokens seen: 3489136640, grad norm: 0.3857
[iter 13320]loss: 2.8589, tokens/sec: 29509.69 ± 340.39, tokens seen: 3491758080, grad norm: 0.3317
[iter 13330]loss: 2.8697, tokens/sec: 29509.71 ± 340.26, tokens seen: 3494379520, grad norm: 0.3813
[iter 13340]loss: 3.0209, tokens/sec: 29509.73 ± 340.13, tokens seen: 3497000960, grad norm: 0.2861
[iter 13350]loss: 3.1501, tokens/sec: 29509.75 ± 340.01, tokens seen: 3499622400, grad norm: 0.3500
[iter 13360]loss: 2.9577, tokens/sec: 29509.78 ± 339.88, tokens seen: 3502243840, grad norm: 0.3139
[iter 13370]loss: 3.1213, tokens/sec: 29509.80 ± 339.76, tokens seen: 3504865280, grad norm: 0.3763
[iter 13380]loss: 2.8738, tokens/sec: 29509.82 ± 339.63, tokens seen: 3507486720, grad norm: 0.3039
[iter 13390]loss: 3.1571, tokens/sec: 29509.85 ± 339.50, tokens seen: 3510108160, grad norm: 0.3180
[iter 13400]loss: 3.0532, tokens/sec: 29509.87 ± 339.38, tokens seen: 3512729600, grad norm: 0.3491
[iter 13410]loss: 2.9563, tokens/sec: 29509.90 ± 339.25, tokens seen: 3515351040, grad norm: 0.3420
[iter 13420]loss: 3.0437, tokens/sec: 29509.92 ± 339.13, tokens seen: 3517972480, grad norm: 0.3561
[iter 13430]loss: 3.0257, tokens/sec: 29509.94 ± 339.00, tokens seen: 3520593920, grad norm: 0.3423
[iter 13440]loss: 3.2857, tokens/sec: 29509.96 ± 338.88, tokens seen: 3523215360, grad norm: 0.3367
[iter 13450]loss: 2.9917, tokens/sec: 29509.71 ± 339.77, tokens seen: 3525836800, grad norm: 0.3822
[iter 13460]loss: 3.0460, tokens/sec: 29509.60 ± 339.94, tokens seen: 3528458240, grad norm: 0.2818
[iter 13470]loss: 3.0261, tokens/sec: 29509.63 ± 339.81, tokens seen: 3531079680, grad norm: 0.2778
[iter 13480]loss: 2.8860, tokens/sec: 29509.65 ± 339.69, tokens seen: 3533701120, grad norm: 0.3745
[iter 13490]loss: 2.8688, tokens/sec: 29509.68 ± 339.56, tokens seen: 3536322560, grad norm: 0.3082
[step 13500]train loss: 2.9955, val loss: 3.0295, (avg train loss: 0.1884 ± 0.0083), (avg grad norm: 0.3345 ± 0.0397)
[iter 13500]loss: 3.0643, tokens/sec: 29509.68 ± 339.44, tokens seen: 3538944000, grad norm: 0.3131
[iter 13510]loss: 2.9330, tokens/sec: 29509.71 ± 339.32, tokens seen: 3541565440, grad norm: 0.3421
[iter 13520]loss: 2.9461, tokens/sec: 29509.73 ± 339.19, tokens seen: 3544186880, grad norm: 0.2989
[iter 13530]loss: 3.0992, tokens/sec: 29509.75 ± 339.07, tokens seen: 3546808320, grad norm: 0.3558
[iter 13540]loss: 3.0271, tokens/sec: 29509.77 ± 338.94, tokens seen: 3549429760, grad norm: 0.3310
[iter 13550]loss: 3.1001, tokens/sec: 29509.79 ± 338.82, tokens seen: 3552051200, grad norm: 0.3467
[iter 13560]loss: 2.9713, tokens/sec: 29509.80 ± 338.70, tokens seen: 3554672640, grad norm: 0.3131
[iter 13570]loss: 3.1059, tokens/sec: 29509.82 ± 338.57, tokens seen: 3557294080, grad norm: 0.3202
[iter 13580]loss: 3.0784, tokens/sec: 29509.84 ± 338.45, tokens seen: 3559915520, grad norm: 0.3418
[iter 13590]loss: 3.1053, tokens/sec: 29509.86 ± 338.32, tokens seen: 3562536960, grad norm: 0.2988
[iter 13600]loss: 2.9347, tokens/sec: 29509.75 ± 338.52, tokens seen: 3565158400, grad norm: 0.3697
[iter 13610]loss: 3.3511, tokens/sec: 29509.77 ± 338.39, tokens seen: 3567779840, grad norm: 0.3131
[iter 13620]loss: 2.9260, tokens/sec: 29509.63 ± 338.83, tokens seen: 3570401280, grad norm: 0.3858
[iter 13630]loss: 2.8174, tokens/sec: 29509.65 ± 338.71, tokens seen: 3573022720, grad norm: 0.2940
[iter 13640]loss: 2.9986, tokens/sec: 29509.67 ± 338.58, tokens seen: 3575644160, grad norm: 0.3279
[iter 13650]loss: 2.8628, tokens/sec: 29509.70 ± 338.46, tokens seen: 3578265600, grad norm: 0.2847
[iter 13660]loss: 3.2401, tokens/sec: 29509.72 ± 338.34, tokens seen: 3580887040, grad norm: 0.3519
[iter 13670]loss: 3.2745, tokens/sec: 29509.74 ± 338.22, tokens seen: 3583508480, grad norm: 0.3791
[iter 13680]loss: 2.9776, tokens/sec: 29509.77 ± 338.09, tokens seen: 3586129920, grad norm: 0.4988
[iter 13690]loss: 2.9659, tokens/sec: 29509.79 ± 337.97, tokens seen: 3588751360, grad norm: 0.2702
[iter 13700]loss: 3.0729, tokens/sec: 29509.81 ± 337.85, tokens seen: 3591372800, grad norm: 0.3664
[iter 13710]loss: 3.0779, tokens/sec: 29509.84 ± 337.73, tokens seen: 3593994240, grad norm: 0.3556
[iter 13720]loss: 2.9014, tokens/sec: 29509.86 ± 337.60, tokens seen: 3596615680, grad norm: 0.3295
[iter 13730]loss: 3.1935, tokens/sec: 29509.88 ± 337.48, tokens seen: 3599237120, grad norm: 0.3696
[iter 13740]loss: 2.7642, tokens/sec: 29509.78 ± 337.64, tokens seen: 3601858560, grad norm: 0.3644
[iter 13750]loss: 3.0597, tokens/sec: 29509.74 ± 337.52, tokens seen: 3604480000, grad norm: 0.3344
[iter 13760]loss: 2.9956, tokens/sec: 29509.71 ± 337.40, tokens seen: 3607101440, grad norm: 0.3859
[iter 13770]loss: 2.9358, tokens/sec: 29509.68 ± 337.28, tokens seen: 3609722880, grad norm: 0.3520
[iter 13780]loss: 3.1186, tokens/sec: 29509.27 ± 340.06, tokens seen: 3612344320, grad norm: 0.3812
[iter 13790]loss: 3.0846, tokens/sec: 29509.28 ± 339.94, tokens seen: 3614965760, grad norm: 0.2765
[iter 13800]loss: 2.7465, tokens/sec: 29509.30 ± 339.81, tokens seen: 3617587200, grad norm: 0.3397
[iter 13810]loss: 2.8858, tokens/sec: 29509.32 ± 339.69, tokens seen: 3620208640, grad norm: 0.3443
[iter 13820]loss: 2.8406, tokens/sec: 29509.34 ± 339.57, tokens seen: 3622830080, grad norm: 0.3442
[iter 13830]loss: 2.8195, tokens/sec: 29509.36 ± 339.45, tokens seen: 3625451520, grad norm: 0.3785
[iter 13840]loss: 3.0966, tokens/sec: 29509.38 ± 339.33, tokens seen: 3628072960, grad norm: 0.3242
[iter 13850]loss: 3.0733, tokens/sec: 29509.41 ± 339.20, tokens seen: 3630694400, grad norm: 0.2885
[iter 13860]loss: 3.1561, tokens/sec: 29509.43 ± 339.08, tokens seen: 3633315840, grad norm: 0.2780
[iter 13870]loss: 2.9786, tokens/sec: 29509.45 ± 338.96, tokens seen: 3635937280, grad norm: 0.2909
[iter 13880]loss: 3.0603, tokens/sec: 29509.36 ± 339.12, tokens seen: 3638558720, grad norm: 0.3717
[iter 13890]loss: 2.7672, tokens/sec: 29509.38 ± 339.00, tokens seen: 3641180160, grad norm: 0.3866
[iter 13900]loss: 2.9583, tokens/sec: 29509.40 ± 338.88, tokens seen: 3643801600, grad norm: 0.3366
[iter 13910]loss: 3.0193, tokens/sec: 29509.42 ± 338.75, tokens seen: 3646423040, grad norm: 0.3987
[iter 13920]loss: 3.3039, tokens/sec: 29509.44 ± 338.63, tokens seen: 3649044480, grad norm: 0.3243
[iter 13930]loss: 3.0007, tokens/sec: 29509.47 ± 338.51, tokens seen: 3651665920, grad norm: 0.3584
[iter 13940]loss: 2.9659, tokens/sec: 29509.49 ± 338.39, tokens seen: 3654287360, grad norm: 0.2883
[iter 13950]loss: 3.1032, tokens/sec: 29509.30 ± 339.20, tokens seen: 3656908800, grad norm: 0.3330
[iter 13960]loss: 2.9773, tokens/sec: 29509.32 ± 339.08, tokens seen: 3659530240, grad norm: 0.3534
[iter 13970]loss: 2.8847, tokens/sec: 29509.34 ± 338.96, tokens seen: 3662151680, grad norm: 0.3473
[iter 13980]loss: 2.9729, tokens/sec: 29509.36 ± 338.84, tokens seen: 3664773120, grad norm: 0.3146
[iter 13990]loss: 2.9887, tokens/sec: 29509.39 ± 338.72, tokens seen: 3667394560, grad norm: 0.3344
[step 14000]train loss: 2.9983, val loss: 3.0143, (avg train loss: 0.1882 ± 0.0085), (avg grad norm: 0.3414 ± 0.0386)
saving checkpoint to ./out-owt-large-mhc-group-lora-midnorm-wsd-bs8-30000step
[iter 14000]loss: 3.1559, tokens/sec: 29509.41 ± 338.60, tokens seen: 3670016000, grad norm: 0.3081
[iter 14010]loss: 2.8758, tokens/sec: 29509.43 ± 338.48, tokens seen: 3672637440, grad norm: 0.3516
[iter 14020]loss: 2.8484, tokens/sec: 29509.33 ± 338.64, tokens seen: 3675258880, grad norm: 0.3010
[iter 14030]loss: 2.6578, tokens/sec: 29509.35 ± 338.52, tokens seen: 3677880320, grad norm: 0.4245
[iter 14040]loss: 3.2989, tokens/sec: 29509.37 ± 338.40, tokens seen: 3680501760, grad norm: 0.3254
[iter 14050]loss: 3.1827, tokens/sec: 29509.40 ± 338.28, tokens seen: 3683123200, grad norm: 0.3084
[iter 14060]loss: 2.9503, tokens/sec: 29509.42 ± 338.16, tokens seen: 3685744640, grad norm: 0.3271
[iter 14070]loss: 2.8584, tokens/sec: 29509.44 ± 338.04, tokens seen: 3688366080, grad norm: 0.3100
[iter 14080]loss: 3.1785, tokens/sec: 29509.46 ± 337.92, tokens seen: 3690987520, grad norm: 0.3246
[iter 14090]loss: 2.8535, tokens/sec: 29509.48 ± 337.80, tokens seen: 3693608960, grad norm: 0.3182
[iter 14100]loss: 3.1703, tokens/sec: 29509.50 ± 337.68, tokens seen: 3696230400, grad norm: 0.3142
[iter 14110]loss: 2.8355, tokens/sec: 29509.36 ± 338.09, tokens seen: 3698851840, grad norm: 0.3937
[iter 14120]loss: 3.1586, tokens/sec: 29509.38 ± 337.97, tokens seen: 3701473280, grad norm: 0.3319
[iter 14130]loss: 2.7813, tokens/sec: 29509.40 ± 337.85, tokens seen: 3704094720, grad norm: 0.3285
[iter 14140]loss: 3.2119, tokens/sec: 29509.43 ± 337.73, tokens seen: 3706716160, grad norm: 0.3471
[iter 14150]loss: 3.0171, tokens/sec: 29509.45 ± 337.61, tokens seen: 3709337600, grad norm: 0.3431
[iter 14160]loss: 3.0656, tokens/sec: 29509.35 ± 337.78, tokens seen: 3711959040, grad norm: 0.3132
[iter 14170]loss: 2.8256, tokens/sec: 29509.37 ± 337.66, tokens seen: 3714580480, grad norm: 0.3125
[iter 14180]loss: 2.9095, tokens/sec: 29509.40 ± 337.54, tokens seen: 3717201920, grad norm: 0.3168
[iter 14190]loss: 3.0393, tokens/sec: 29509.42 ± 337.42, tokens seen: 3719823360, grad norm: 0.3063
[iter 14200]loss: 2.7668, tokens/sec: 29509.44 ± 337.30, tokens seen: 3722444800, grad norm: 0.3701
[iter 14210]loss: 2.8832, tokens/sec: 29509.46 ± 337.19, tokens seen: 3725066240, grad norm: 0.3131
[iter 14220]loss: 2.8793, tokens/sec: 29509.49 ± 337.07, tokens seen: 3727687680, grad norm: 0.3231
[iter 14230]loss: 3.0610, tokens/sec: 29509.51 ± 336.95, tokens seen: 3730309120, grad norm: 0.3125
[iter 14240]loss: 2.9956, tokens/sec: 29509.53 ± 336.83, tokens seen: 3732930560, grad norm: 0.4000
[iter 14250]loss: 2.8685, tokens/sec: 29509.55 ± 336.72, tokens seen: 3735552000, grad norm: 0.3031
[iter 14260]loss: 2.9061, tokens/sec: 29509.58 ± 336.60, tokens seen: 3738173440, grad norm: 0.3022
[iter 14270]loss: 3.0345, tokens/sec: 29509.60 ± 336.48, tokens seen: 3740794880, grad norm: 0.4437
[iter 14280]loss: 3.1108, tokens/sec: 29509.46 ± 336.88, tokens seen: 3743416320, grad norm: 0.3249
[iter 14290]loss: 3.1161, tokens/sec: 29509.49 ± 336.76, tokens seen: 3746037760, grad norm: 0.2993
[iter 14300]loss: 3.1456, tokens/sec: 29509.39 ± 336.93, tokens seen: 3748659200, grad norm: 0.3096
[iter 14310]loss: 3.1855, tokens/sec: 29509.41 ± 336.82, tokens seen: 3751280640, grad norm: 0.3125
[iter 14320]loss: 2.9379, tokens/sec: 29509.42 ± 336.70, tokens seen: 3753902080, grad norm: 0.3840
[iter 14330]loss: 3.0499, tokens/sec: 29509.45 ± 336.58, tokens seen: 3756523520, grad norm: 0.3937
[iter 14340]loss: 3.0525, tokens/sec: 29509.47 ± 336.47, tokens seen: 3759144960, grad norm: 0.3136
[iter 14350]loss: 2.7594, tokens/sec: 29509.49 ± 336.35, tokens seen: 3761766400, grad norm: 0.2838
[iter 14360]loss: 2.8752, tokens/sec: 29509.51 ± 336.23, tokens seen: 3764387840, grad norm: 0.2936
[iter 14370]loss: 3.1743, tokens/sec: 29509.53 ± 336.12, tokens seen: 3767009280, grad norm: 0.3021
[iter 14380]loss: 3.0447, tokens/sec: 29509.55 ± 336.00, tokens seen: 3769630720, grad norm: 0.2858
[iter 14390]loss: 2.8933, tokens/sec: 29509.57 ± 335.89, tokens seen: 3772252160, grad norm: 0.3312
[iter 14400]loss: 3.0508, tokens/sec: 29509.59 ± 335.77, tokens seen: 3774873600, grad norm: 0.3223
[iter 14410]loss: 3.0014, tokens/sec: 29509.61 ± 335.65, tokens seen: 3777495040, grad norm: 0.3025
[iter 14420]loss: 3.1437, tokens/sec: 29509.62 ± 335.54, tokens seen: 3780116480, grad norm: 0.3339
[iter 14430]loss: 2.9656, tokens/sec: 29509.64 ± 335.42, tokens seen: 3782737920, grad norm: 0.3127
[iter 14440]loss: 3.2482, tokens/sec: 29509.54 ± 335.58, tokens seen: 3785359360, grad norm: 0.2956
[iter 14450]loss: 2.9465, tokens/sec: 29509.42 ± 335.90, tokens seen: 3787980800, grad norm: 0.3089
[iter 14460]loss: 2.9499, tokens/sec: 29509.44 ± 335.79, tokens seen: 3790602240, grad norm: 0.3338
[iter 14470]loss: 2.8859, tokens/sec: 29509.45 ± 335.67, tokens seen: 3793223680, grad norm: 0.5261
[iter 14480]loss: 2.8477, tokens/sec: 29509.47 ± 335.56, tokens seen: 3795845120, grad norm: 0.3082
[iter 14490]loss: 2.8030, tokens/sec: 29509.49 ± 335.44, tokens seen: 3798466560, grad norm: 0.3445
[step 14500]train loss: 2.9802, val loss: 3.0231, (avg train loss: 0.1873 ± 0.0093), (avg grad norm: 0.3413 ± 0.0443)
[iter 14500]loss: 2.8111, tokens/sec: 29509.48 ± 335.33, tokens seen: 3801088000, grad norm: 0.3261
[iter 14510]loss: 3.1616, tokens/sec: 29509.50 ± 335.22, tokens seen: 3803709440, grad norm: 0.4176
[iter 14520]loss: 2.9516, tokens/sec: 29509.52 ± 335.10, tokens seen: 3806330880, grad norm: 0.3635
[iter 14530]loss: 2.8631, tokens/sec: 29509.54 ± 334.99, tokens seen: 3808952320, grad norm: 0.3947
[iter 14540]loss: 3.1300, tokens/sec: 29509.56 ± 334.87, tokens seen: 3811573760, grad norm: 0.3189
[iter 14550]loss: 2.8409, tokens/sec: 29509.58 ± 334.76, tokens seen: 3814195200, grad norm: 0.2886
[iter 14560]loss: 3.0456, tokens/sec: 29509.61 ± 334.64, tokens seen: 3816816640, grad norm: 0.3498
[iter 14570]loss: 2.6289, tokens/sec: 29509.63 ± 334.53, tokens seen: 3819438080, grad norm: 0.4031
[iter 14580]loss: 2.8761, tokens/sec: 29509.54 ± 334.68, tokens seen: 3822059520, grad norm: 0.3589
[iter 14590]loss: 2.6860, tokens/sec: 29509.56 ± 334.57, tokens seen: 3824680960, grad norm: 0.4112
[iter 14600]loss: 2.9816, tokens/sec: 29509.58 ± 334.46, tokens seen: 3827302400, grad norm: 0.2936
[iter 14610]loss: 2.9092, tokens/sec: 29509.46 ± 334.78, tokens seen: 3829923840, grad norm: 0.3296
[iter 14620]loss: 2.9142, tokens/sec: 29509.48 ± 334.67, tokens seen: 3832545280, grad norm: 0.3158
[iter 14630]loss: 3.0301, tokens/sec: 29509.50 ± 334.55, tokens seen: 3835166720, grad norm: 0.3019
[iter 14640]loss: 3.0124, tokens/sec: 29509.52 ± 334.44, tokens seen: 3837788160, grad norm: 0.3436
[iter 14650]loss: 2.9222, tokens/sec: 29509.54 ± 334.33, tokens seen: 3840409600, grad norm: 0.3134
[iter 14660]loss: 2.7054, tokens/sec: 29509.56 ± 334.21, tokens seen: 3843031040, grad norm: 0.3167
[iter 14670]loss: 3.0988, tokens/sec: 29509.58 ± 334.10, tokens seen: 3845652480, grad norm: 0.2964
[iter 14680]loss: 3.1637, tokens/sec: 29509.60 ± 333.99, tokens seen: 3848273920, grad norm: 0.3219
[iter 14690]loss: 2.9033, tokens/sec: 29509.63 ± 333.88, tokens seen: 3850895360, grad norm: 0.3318
[iter 14700]loss: 3.0139, tokens/sec: 29509.65 ± 333.76, tokens seen: 3853516800, grad norm: 0.3327
[iter 14710]loss: 2.9270, tokens/sec: 29509.67 ± 333.65, tokens seen: 3856138240, grad norm: 0.3416
[iter 14720]loss: 2.8246, tokens/sec: 29509.58 ± 333.80, tokens seen: 3858759680, grad norm: 0.3028
[iter 14730]loss: 3.0433, tokens/sec: 29509.60 ± 333.69, tokens seen: 3861381120, grad norm: 0.3924
[iter 14740]loss: 3.0533, tokens/sec: 29509.62 ± 333.58, tokens seen: 3864002560, grad norm: 0.3293
[iter 14750]loss: 2.8396, tokens/sec: 29509.64 ± 333.47, tokens seen: 3866624000, grad norm: 0.3967
[iter 14760]loss: 3.0234, tokens/sec: 29509.66 ± 333.35, tokens seen: 3869245440, grad norm: 0.3956
[iter 14770]loss: 3.0793, tokens/sec: 29509.68 ± 333.24, tokens seen: 3871866880, grad norm: 0.3316
[iter 14780]loss: 2.7380, tokens/sec: 29509.50 ± 333.97, tokens seen: 3874488320, grad norm: 0.3081
[iter 14790]loss: 2.8477, tokens/sec: 29509.52 ± 333.86, tokens seen: 3877109760, grad norm: 0.3378
[iter 14800]loss: 3.0834, tokens/sec: 29509.53 ± 333.75, tokens seen: 3879731200, grad norm: 0.3386
[iter 14810]loss: 3.1105, tokens/sec: 29509.55 ± 333.64, tokens seen: 3882352640, grad norm: 0.3326
[iter 14820]loss: 3.0558, tokens/sec: 29509.56 ± 333.52, tokens seen: 3884974080, grad norm: 0.3262
[iter 14830]loss: 3.0390, tokens/sec: 29509.58 ± 333.41, tokens seen: 3887595520, grad norm: 0.3241
[iter 14840]loss: 2.8523, tokens/sec: 29509.59 ± 333.30, tokens seen: 3890216960, grad norm: 0.3244
[iter 14850]loss: 3.0191, tokens/sec: 29509.60 ± 333.19, tokens seen: 3892838400, grad norm: 0.3142
[iter 14860]loss: 3.2080, tokens/sec: 29509.51 ± 333.35, tokens seen: 3895459840, grad norm: 0.3328
[iter 14870]loss: 3.1787, tokens/sec: 29509.53 ± 333.24, tokens seen: 3898081280, grad norm: 0.3454
[iter 14880]loss: 3.0566, tokens/sec: 29509.55 ± 333.13, tokens seen: 3900702720, grad norm: 0.3078
[iter 14890]loss: 2.9535, tokens/sec: 29509.58 ± 333.02, tokens seen: 3903324160, grad norm: 0.3529
[iter 14900]loss: 3.0131, tokens/sec: 29509.60 ± 332.91, tokens seen: 3905945600, grad norm: 0.2977
[iter 14910]loss: 3.0171, tokens/sec: 29509.62 ± 332.80, tokens seen: 3908567040, grad norm: 0.3557
[iter 14920]loss: 2.8640, tokens/sec: 29509.64 ± 332.69, tokens seen: 3911188480, grad norm: 0.3543
[iter 14930]loss: 3.0723, tokens/sec: 29509.66 ± 332.57, tokens seen: 3913809920, grad norm: 0.3199
[iter 14940]loss: 3.2192, tokens/sec: 29509.68 ± 332.46, tokens seen: 3916431360, grad norm: 0.2946
[iter 14950]loss: 3.0484, tokens/sec: 29509.50 ± 333.16, tokens seen: 3919052800, grad norm: 0.3346
[iter 14960]loss: 2.8760, tokens/sec: 29509.52 ± 333.05, tokens seen: 3921674240, grad norm: 0.3542
[iter 14970]loss: 2.8316, tokens/sec: 29509.53 ± 332.94, tokens seen: 3924295680, grad norm: 0.3658
[iter 14980]loss: 2.8861, tokens/sec: 29509.55 ± 332.83, tokens seen: 3926917120, grad norm: 0.4338
[iter 14990]loss: 3.1397, tokens/sec: 29509.57 ± 332.72, tokens seen: 3929538560, grad norm: 0.3570
[step 15000]train loss: 2.9902, val loss: 3.0018, (avg train loss: 0.1871 ± 0.0085), (avg grad norm: 0.3382 ± 0.0358)
saving checkpoint to ./out-owt-large-mhc-group-lora-midnorm-wsd-bs8-30000step
[iter 15000]loss: 2.8900, tokens/sec: 29509.48 ± 332.86, tokens seen: 3932160000, grad norm: 0.3292
[iter 15010]loss: 3.0356, tokens/sec: 29509.50 ± 332.75, tokens seen: 3934781440, grad norm: 0.3066
[iter 15020]loss: 3.1485, tokens/sec: 29509.52 ± 332.64, tokens seen: 3937402880, grad norm: 0.3711
[iter 15030]loss: 3.0711, tokens/sec: 29509.54 ± 332.53, tokens seen: 3940024320, grad norm: 0.3180
[iter 15040]loss: 2.9288, tokens/sec: 29509.55 ± 332.42, tokens seen: 3942645760, grad norm: 0.3807
[iter 15050]loss: 3.0814, tokens/sec: 29509.57 ± 332.31, tokens seen: 3945267200, grad norm: 0.3754
[iter 15060]loss: 2.9877, tokens/sec: 29509.59 ± 332.20, tokens seen: 3947888640, grad norm: 0.3496
[iter 15070]loss: 2.8770, tokens/sec: 29509.61 ± 332.09, tokens seen: 3950510080, grad norm: 0.3629
[iter 15080]loss: 2.7947, tokens/sec: 29509.63 ± 331.98, tokens seen: 3953131520, grad norm: 0.3899
[iter 15090]loss: 2.9281, tokens/sec: 29509.65 ± 331.88, tokens seen: 3955752960, grad norm: 0.3410
[iter 15100]loss: 2.9023, tokens/sec: 29509.67 ± 331.77, tokens seen: 3958374400, grad norm: 0.3110
[iter 15110]loss: 3.0479, tokens/sec: 29509.50 ± 332.51, tokens seen: 3960995840, grad norm: 0.3915
[iter 15120]loss: 3.1264, tokens/sec: 29509.52 ± 332.40, tokens seen: 3963617280, grad norm: 0.2966
[iter 15130]loss: 3.0661, tokens/sec: 29509.54 ± 332.29, tokens seen: 3966238720, grad norm: 0.3332
[iter 15140]loss: 2.9082, tokens/sec: 29509.45 ± 332.45, tokens seen: 3968860160, grad norm: 0.3350
[iter 15150]loss: 3.0792, tokens/sec: 29509.47 ± 332.34, tokens seen: 3971481600, grad norm: 0.3657
[iter 15160]loss: 2.7780, tokens/sec: 29509.49 ± 332.23, tokens seen: 3974103040, grad norm: 0.3351
[iter 15170]loss: 2.6879, tokens/sec: 29509.51 ± 332.12, tokens seen: 3976724480, grad norm: 0.3560
[iter 15180]loss: 2.8683, tokens/sec: 29509.54 ± 332.01, tokens seen: 3979345920, grad norm: 0.2929
[iter 15190]loss: 3.0818, tokens/sec: 29509.56 ± 331.90, tokens seen: 3981967360, grad norm: 0.3963
[iter 15200]loss: 3.0543, tokens/sec: 29509.58 ± 331.80, tokens seen: 3984588800, grad norm: 0.4159
[iter 15210]loss: 2.8697, tokens/sec: 29509.60 ± 331.69, tokens seen: 3987210240, grad norm: 0.3388
[iter 15220]loss: 3.1718, tokens/sec: 29509.62 ± 331.58, tokens seen: 3989831680, grad norm: 0.3708
[iter 15230]loss: 2.9306, tokens/sec: 29509.64 ± 331.47, tokens seen: 3992453120, grad norm: 0.3123
[iter 15240]loss: 2.8498, tokens/sec: 29509.66 ± 331.36, tokens seen: 3995074560, grad norm: 0.3220
[iter 15250]loss: 3.1273, tokens/sec: 29509.68 ± 331.26, tokens seen: 3997696000, grad norm: 0.3532
[iter 15260]loss: 2.8217, tokens/sec: 29509.70 ± 331.15, tokens seen: 4000317440, grad norm: 0.2903
[iter 15270]loss: 2.6719, tokens/sec: 29509.54 ± 331.84, tokens seen: 4002938880, grad norm: 0.3547
[iter 15280]loss: 3.0901, tokens/sec: 29509.45 ± 332.00, tokens seen: 4005560320, grad norm: 0.2682
[iter 15290]loss: 3.1800, tokens/sec: 29509.46 ± 331.89, tokens seen: 4008181760, grad norm: 0.3491
[iter 15300]loss: 2.9444, tokens/sec: 29509.49 ± 331.78, tokens seen: 4010803200, grad norm: 0.3322
[iter 15310]loss: 2.8706, tokens/sec: 29509.51 ± 331.68, tokens seen: 4013424640, grad norm: 0.3617
[iter 15320]loss: 3.0473, tokens/sec: 29509.53 ± 331.57, tokens seen: 4016046080, grad norm: 0.3624
[iter 15330]loss: 3.2160, tokens/sec: 29509.55 ± 331.46, tokens seen: 4018667520, grad norm: 0.3371
[iter 15340]loss: 3.0145, tokens/sec: 29509.57 ± 331.36, tokens seen: 4021288960, grad norm: 0.3545
[iter 15350]loss: 3.0852, tokens/sec: 29509.59 ± 331.25, tokens seen: 4023910400, grad norm: 0.3004
[iter 15360]loss: 3.0889, tokens/sec: 29509.61 ± 331.14, tokens seen: 4026531840, grad norm: 0.3613
[iter 15370]loss: 3.0079, tokens/sec: 29509.63 ± 331.04, tokens seen: 4029153280, grad norm: 0.3398
[iter 15380]loss: 2.8825, tokens/sec: 29509.65 ± 330.93, tokens seen: 4031774720, grad norm: 0.3468
[iter 15390]loss: 3.0328, tokens/sec: 29509.67 ± 330.82, tokens seen: 4034396160, grad norm: 0.4520
[iter 15400]loss: 2.8808, tokens/sec: 29509.69 ± 330.72, tokens seen: 4037017600, grad norm: 0.3008
[iter 15410]loss: 2.8705, tokens/sec: 29509.71 ± 330.61, tokens seen: 4039639040, grad norm: 0.3276
[iter 15420]loss: 2.9413, tokens/sec: 29509.62 ± 330.75, tokens seen: 4042260480, grad norm: 0.4095
[iter 15430]loss: 2.9225, tokens/sec: 29509.64 ± 330.65, tokens seen: 4044881920, grad norm: 0.3155
[iter 15440]loss: 2.9335, tokens/sec: 29509.48 ± 331.25, tokens seen: 4047503360, grad norm: 0.2979
[iter 15450]loss: 3.0668, tokens/sec: 29509.50 ± 331.15, tokens seen: 4050124800, grad norm: 0.3280
[iter 15460]loss: 2.8461, tokens/sec: 29509.52 ± 331.04, tokens seen: 4052746240, grad norm: 0.2874
[iter 15470]loss: 3.0362, tokens/sec: 29509.55 ± 330.93, tokens seen: 4055367680, grad norm: 0.2912
[iter 15480]loss: 2.9529, tokens/sec: 29509.57 ± 330.83, tokens seen: 4057989120, grad norm: 0.3195
[iter 15490]loss: 2.9742, tokens/sec: 29509.59 ± 330.72, tokens seen: 4060610560, grad norm: 0.3392
[step 15500]train loss: 2.9827, val loss: 3.0059, (avg train loss: 0.1869 ± 0.0086), (avg grad norm: 0.3406 ± 0.0421)
[iter 15500]loss: 2.8985, tokens/sec: 29509.59 ± 330.62, tokens seen: 4063232000, grad norm: 0.3301
[iter 15510]loss: 3.2150, tokens/sec: 29509.61 ± 330.52, tokens seen: 4065853440, grad norm: 0.2963
[iter 15520]loss: 2.9662, tokens/sec: 29509.63 ± 330.41, tokens seen: 4068474880, grad norm: 0.3250
[iter 15530]loss: 2.8574, tokens/sec: 29509.65 ± 330.31, tokens seen: 4071096320, grad norm: 0.3382
[iter 15540]loss: 3.2013, tokens/sec: 29509.67 ± 330.20, tokens seen: 4073717760, grad norm: 0.3124
[iter 15550]loss: 3.0434, tokens/sec: 29509.69 ± 330.10, tokens seen: 4076339200, grad norm: 0.3208
[iter 15560]loss: 2.9149, tokens/sec: 29509.61 ± 330.24, tokens seen: 4078960640, grad norm: 0.3781
[iter 15570]loss: 2.8447, tokens/sec: 29509.63 ± 330.14, tokens seen: 4081582080, grad norm: 0.3316
[iter 15580]loss: 3.1470, tokens/sec: 29509.65 ± 330.03, tokens seen: 4084203520, grad norm: 0.3052
[iter 15590]loss: 2.8471, tokens/sec: 29509.67 ± 329.93, tokens seen: 4086824960, grad norm: 0.4150
[iter 15600]loss: 3.0463, tokens/sec: 29509.51 ± 330.57, tokens seen: 4089446400, grad norm: 0.3521
[iter 15610]loss: 3.0147, tokens/sec: 29509.52 ± 330.47, tokens seen: 4092067840, grad norm: 0.4290
[iter 15620]loss: 2.9442, tokens/sec: 29509.54 ± 330.36, tokens seen: 4094689280, grad norm: 0.3787
[iter 15630]loss: 2.7850, tokens/sec: 29509.55 ± 330.26, tokens seen: 4097310720, grad norm: 0.3152
[iter 15640]loss: 3.0035, tokens/sec: 29509.56 ± 330.15, tokens seen: 4099932160, grad norm: 0.2944
[iter 15650]loss: 3.0121, tokens/sec: 29509.58 ± 330.05, tokens seen: 4102553600, grad norm: 0.2735
[iter 15660]loss: 2.8273, tokens/sec: 29509.59 ± 329.94, tokens seen: 4105175040, grad norm: 0.3268
[iter 15670]loss: 2.9287, tokens/sec: 29509.61 ± 329.84, tokens seen: 4107796480, grad norm: 0.3294
[iter 15680]loss: 2.9479, tokens/sec: 29509.63 ± 329.74, tokens seen: 4110417920, grad norm: 0.3237
[iter 15690]loss: 2.9894, tokens/sec: 29509.65 ± 329.63, tokens seen: 4113039360, grad norm: 0.3076
[iter 15700]loss: 2.9560, tokens/sec: 29509.56 ± 329.79, tokens seen: 4115660800, grad norm: 0.3005
[iter 15710]loss: 2.9144, tokens/sec: 29509.58 ± 329.69, tokens seen: 4118282240, grad norm: 0.3534
[iter 15720]loss: 3.1672, tokens/sec: 29509.60 ± 329.58, tokens seen: 4120903680, grad norm: 0.3172
[iter 15730]loss: 2.9960, tokens/sec: 29509.62 ± 329.48, tokens seen: 4123525120, grad norm: 0.3697
[iter 15740]loss: 2.8076, tokens/sec: 29509.64 ± 329.38, tokens seen: 4126146560, grad norm: 0.3418
[iter 15750]loss: 2.9119, tokens/sec: 29509.66 ± 329.27, tokens seen: 4128768000, grad norm: 0.3260
[iter 15760]loss: 2.9867, tokens/sec: 29509.68 ± 329.17, tokens seen: 4131389440, grad norm: 0.3222
[iter 15770]loss: 3.0432, tokens/sec: 29509.52 ± 329.74, tokens seen: 4134010880, grad norm: 0.3708
[iter 15780]loss: 2.6321, tokens/sec: 29509.54 ± 329.64, tokens seen: 4136632320, grad norm: 0.3386
[iter 15790]loss: 3.1267, tokens/sec: 29509.56 ± 329.53, tokens seen: 4139253760, grad norm: 0.3828
[iter 15800]loss: 2.9733, tokens/sec: 29509.58 ± 329.43, tokens seen: 4141875200, grad norm: 0.3021
[iter 15810]loss: 2.9661, tokens/sec: 29509.60 ± 329.33, tokens seen: 4144496640, grad norm: 0.3298
[iter 15820]loss: 3.0397, tokens/sec: 29509.62 ± 329.22, tokens seen: 4147118080, grad norm: 0.3428
[iter 15830]loss: 2.9779, tokens/sec: 29509.63 ± 329.12, tokens seen: 4149739520, grad norm: 0.3935
[iter 15840]loss: 2.8018, tokens/sec: 29509.55 ± 329.28, tokens seen: 4152360960, grad norm: 0.3228
[iter 15850]loss: 3.0421, tokens/sec: 29509.57 ± 329.18, tokens seen: 4154982400, grad norm: 0.3478
[iter 15860]loss: 3.0010, tokens/sec: 29509.59 ± 329.08, tokens seen: 4157603840, grad norm: 0.3179
[iter 15870]loss: 2.8249, tokens/sec: 29509.61 ± 328.98, tokens seen: 4160225280, grad norm: 0.3479
[iter 15880]loss: 2.9109, tokens/sec: 29509.63 ± 328.87, tokens seen: 4162846720, grad norm: 0.3259
[iter 15890]loss: 2.9542, tokens/sec: 29509.65 ± 328.77, tokens seen: 4165468160, grad norm: 0.3553
[iter 15900]loss: 3.4091, tokens/sec: 29509.67 ± 328.67, tokens seen: 4168089600, grad norm: 0.3374
[iter 15910]loss: 2.8478, tokens/sec: 29509.69 ± 328.57, tokens seen: 4170711040, grad norm: 0.3086
[iter 15920]loss: 2.8605, tokens/sec: 29509.71 ± 328.46, tokens seen: 4173332480, grad norm: 0.3646
[iter 15930]loss: 2.7908, tokens/sec: 29509.72 ± 328.36, tokens seen: 4175953920, grad norm: 0.3557
[iter 15940]loss: 3.0857, tokens/sec: 29509.59 ± 328.87, tokens seen: 4178575360, grad norm: 0.3335
[iter 15950]loss: 3.0952, tokens/sec: 29509.60 ± 328.77, tokens seen: 4181196800, grad norm: 0.3336
[iter 15960]loss: 3.0469, tokens/sec: 29509.62 ± 328.67, tokens seen: 4183818240, grad norm: 0.3416
[iter 15970]loss: 3.1009, tokens/sec: 29509.63 ± 328.56, tokens seen: 4186439680, grad norm: 0.3037
[iter 15980]loss: 2.9217, tokens/sec: 29509.55 ± 328.70, tokens seen: 4189061120, grad norm: 0.3235
[iter 15990]loss: 2.9775, tokens/sec: 29509.57 ± 328.60, tokens seen: 4191682560, grad norm: 0.2980
[step 16000]train loss: 2.9816, val loss: 2.9965, (avg train loss: 0.1871 ± 0.0087), (avg grad norm: 0.3319 ± 0.0330)
saving checkpoint to ./out-owt-large-mhc-group-lora-midnorm-wsd-bs8-30000step
[iter 16000]loss: 2.9090, tokens/sec: 29509.59 ± 328.49, tokens seen: 4194304000, grad norm: 0.3213
[iter 16010]loss: 3.2131, tokens/sec: 29509.61 ± 328.39, tokens seen: 4196925440, grad norm: 0.3295
[iter 16020]loss: 2.8668, tokens/sec: 29509.63 ± 328.29, tokens seen: 4199546880, grad norm: 0.3571
[iter 16030]loss: 3.0617, tokens/sec: 29509.65 ± 328.19, tokens seen: 4202168320, grad norm: 0.3016
[iter 16040]loss: 3.2150, tokens/sec: 29509.67 ± 328.09, tokens seen: 4204789760, grad norm: 0.2948
[iter 16050]loss: 3.0400, tokens/sec: 29509.68 ± 327.99, tokens seen: 4207411200, grad norm: 0.3467
[iter 16060]loss: 3.0311, tokens/sec: 29509.70 ± 327.89, tokens seen: 4210032640, grad norm: 0.3076
[iter 16070]loss: 2.9359, tokens/sec: 29509.72 ± 327.78, tokens seen: 4212654080, grad norm: 0.3337
[iter 16080]loss: 2.7139, tokens/sec: 29509.74 ± 327.68, tokens seen: 4215275520, grad norm: 0.3068
[iter 16090]loss: 3.0062, tokens/sec: 29509.75 ± 327.58, tokens seen: 4217896960, grad norm: 0.3406
[iter 16100]loss: 3.0576, tokens/sec: 29509.61 ± 328.08, tokens seen: 4220518400, grad norm: 0.3629
[iter 16110]loss: 3.2110, tokens/sec: 29509.63 ± 327.98, tokens seen: 4223139840, grad norm: 0.3317
[iter 16120]loss: 2.9385, tokens/sec: 29509.55 ± 328.12, tokens seen: 4225761280, grad norm: 0.3081
[iter 16130]loss: 2.6033, tokens/sec: 29509.56 ± 328.02, tokens seen: 4228382720, grad norm: 0.3012
[iter 16140]loss: 3.0070, tokens/sec: 29509.58 ± 327.92, tokens seen: 4231004160, grad norm: 0.3247
[iter 16150]loss: 3.3192, tokens/sec: 29509.60 ± 327.82, tokens seen: 4233625600, grad norm: 0.4394
[iter 16160]loss: 3.0676, tokens/sec: 29509.62 ± 327.72, tokens seen: 4236247040, grad norm: 0.3354
[iter 16170]loss: 2.9416, tokens/sec: 29509.64 ± 327.62, tokens seen: 4238868480, grad norm: 0.3967
[iter 16180]loss: 2.8566, tokens/sec: 29509.66 ± 327.52, tokens seen: 4241489920, grad norm: 0.3617
[iter 16190]loss: 2.8854, tokens/sec: 29509.68 ± 327.42, tokens seen: 4244111360, grad norm: 0.3857
[iter 16200]loss: 2.7365, tokens/sec: 29509.70 ± 327.32, tokens seen: 4246732800, grad norm: 0.3567
[iter 16210]loss: 2.9240, tokens/sec: 29509.72 ± 327.22, tokens seen: 4249354240, grad norm: 0.3169
[iter 16220]loss: 3.0962, tokens/sec: 29509.74 ± 327.12, tokens seen: 4251975680, grad norm: 0.3435
[iter 16230]loss: 2.8673, tokens/sec: 29509.76 ± 327.02, tokens seen: 4254597120, grad norm: 0.3938
[iter 16240]loss: 2.9326, tokens/sec: 29509.78 ± 326.92, tokens seen: 4257218560, grad norm: 0.3348
[iter 16250]loss: 3.0457, tokens/sec: 29509.80 ± 326.82, tokens seen: 4259840000, grad norm: 0.3927
[iter 16260]loss: 2.8606, tokens/sec: 29509.82 ± 326.72, tokens seen: 4262461440, grad norm: 0.3846
[iter 16270]loss: 3.0502, tokens/sec: 29509.58 ± 327.45, tokens seen: 4265082880, grad norm: 0.3527
[iter 16280]loss: 3.0400, tokens/sec: 29509.60 ± 327.35, tokens seen: 4267704320, grad norm: 0.3341
[iter 16290]loss: 2.9817, tokens/sec: 29509.62 ± 327.25, tokens seen: 4270325760, grad norm: 0.3026
[iter 16300]loss: 3.0915, tokens/sec: 29509.64 ± 327.15, tokens seen: 4272947200, grad norm: 0.3047
[iter 16310]loss: 3.0165, tokens/sec: 29509.66 ± 327.05, tokens seen: 4275568640, grad norm: 0.3101
[iter 16320]loss: 2.6592, tokens/sec: 29509.68 ± 326.95, tokens seen: 4278190080, grad norm: 0.3049
[iter 16330]loss: 3.2508, tokens/sec: 29509.70 ± 326.85, tokens seen: 4280811520, grad norm: 0.3189
[iter 16340]loss: 2.7131, tokens/sec: 29509.72 ± 326.76, tokens seen: 4283432960, grad norm: 0.3572
[iter 16350]loss: 3.0449, tokens/sec: 29509.74 ± 326.66, tokens seen: 4286054400, grad norm: 0.3222
[iter 16360]loss: 2.8008, tokens/sec: 29509.76 ± 326.56, tokens seen: 4288675840, grad norm: 0.3546
[iter 16370]loss: 2.9562, tokens/sec: 29509.78 ± 326.46, tokens seen: 4291297280, grad norm: 0.3247
[iter 16380]loss: 2.9352, tokens/sec: 29509.80 ± 326.36, tokens seen: 4293918720, grad norm: 0.3634
[iter 16390]loss: 2.9950, tokens/sec: 29509.82 ± 326.26, tokens seen: 4296540160, grad norm: 0.3121
[iter 16400]loss: 2.8745, tokens/sec: 29509.84 ± 326.16, tokens seen: 4299161600, grad norm: 0.3076
[iter 16410]loss: 3.0333, tokens/sec: 29509.76 ± 326.30, tokens seen: 4301783040, grad norm: 0.3840
[iter 16420]loss: 3.1387, tokens/sec: 29509.78 ± 326.21, tokens seen: 4304404480, grad norm: 0.3336
[iter 16430]loss: 2.9390, tokens/sec: 29509.63 ± 326.82, tokens seen: 4307025920, grad norm: 0.2799
[iter 16440]loss: 3.0434, tokens/sec: 29509.65 ± 326.72, tokens seen: 4309647360, grad norm: 0.3568
[iter 16450]loss: 2.9818, tokens/sec: 29509.67 ± 326.62, tokens seen: 4312268800, grad norm: 0.3241
[iter 16460]loss: 3.0176, tokens/sec: 29509.69 ± 326.53, tokens seen: 4314890240, grad norm: 0.4132
[iter 16470]loss: 3.0328, tokens/sec: 29509.71 ± 326.43, tokens seen: 4317511680, grad norm: 0.3455
[iter 16480]loss: 2.8660, tokens/sec: 29509.73 ± 326.33, tokens seen: 4320133120, grad norm: 0.3162
[iter 16490]loss: 3.0750, tokens/sec: 29509.74 ± 326.23, tokens seen: 4322754560, grad norm: 0.3672
[step 16500]train loss: 2.9788, val loss: 2.9969, (avg train loss: 0.1863 ± 0.0083), (avg grad norm: 0.3345 ± 0.0342)
[iter 16500]loss: 3.1139, tokens/sec: 29509.75 ± 326.13, tokens seen: 4325376000, grad norm: 0.4088
[iter 16510]loss: 3.1107, tokens/sec: 29509.77 ± 326.04, tokens seen: 4327997440, grad norm: 0.3386
[iter 16520]loss: 3.0736, tokens/sec: 29509.79 ± 325.94, tokens seen: 4330618880, grad norm: 0.3085
[iter 16530]loss: 2.9477, tokens/sec: 29509.81 ± 325.84, tokens seen: 4333240320, grad norm: 0.3060
[iter 16540]loss: 2.6127, tokens/sec: 29509.82 ± 325.74, tokens seen: 4335861760, grad norm: 0.3146
[iter 16550]loss: 2.7706, tokens/sec: 29509.75 ± 325.87, tokens seen: 4338483200, grad norm: 0.3659
[iter 16560]loss: 2.7903, tokens/sec: 29509.76 ± 325.78, tokens seen: 4341104640, grad norm: 0.3274
[iter 16570]loss: 3.1924, tokens/sec: 29509.78 ± 325.68, tokens seen: 4343726080, grad norm: 0.3284
[iter 16580]loss: 3.0389, tokens/sec: 29509.80 ± 325.58, tokens seen: 4346347520, grad norm: 0.3608
[iter 16590]loss: 3.0667, tokens/sec: 29509.82 ± 325.48, tokens seen: 4348968960, grad norm: 0.3186
[iter 16600]loss: 2.7482, tokens/sec: 29509.67 ± 326.05, tokens seen: 4351590400, grad norm: 0.3573
[iter 16610]loss: 2.6008, tokens/sec: 29509.69 ± 325.95, tokens seen: 4354211840, grad norm: 0.3548
[iter 16620]loss: 2.8653, tokens/sec: 29509.70 ± 325.85, tokens seen: 4356833280, grad norm: 0.3444
[iter 16630]loss: 2.7933, tokens/sec: 29509.72 ± 325.75, tokens seen: 4359454720, grad norm: 0.3886
[iter 16640]loss: 3.0879, tokens/sec: 29509.74 ± 325.66, tokens seen: 4362076160, grad norm: 0.3319
[iter 16650]loss: 3.1327, tokens/sec: 29509.76 ± 325.56, tokens seen: 4364697600, grad norm: 0.3731
[iter 16660]loss: 2.9218, tokens/sec: 29509.77 ± 325.46, tokens seen: 4367319040, grad norm: 0.3016
[iter 16670]loss: 3.0657, tokens/sec: 29509.79 ± 325.37, tokens seen: 4369940480, grad norm: 0.3653
[iter 16680]loss: 3.1381, tokens/sec: 29509.81 ± 325.27, tokens seen: 4372561920, grad norm: 0.3032
[iter 16690]loss: 2.8610, tokens/sec: 29509.73 ± 325.41, tokens seen: 4375183360, grad norm: 0.3579
[iter 16700]loss: 2.7457, tokens/sec: 29509.74 ± 325.31, tokens seen: 4377804800, grad norm: 0.3128
[iter 16710]loss: 2.7719, tokens/sec: 29509.76 ± 325.21, tokens seen: 4380426240, grad norm: 0.2981
[iter 16720]loss: 2.8531, tokens/sec: 29509.78 ± 325.12, tokens seen: 4383047680, grad norm: 0.3710
[iter 16730]loss: 2.9220, tokens/sec: 29509.79 ± 325.02, tokens seen: 4385669120, grad norm: 0.3523
[iter 16740]loss: 3.2601, tokens/sec: 29509.81 ± 324.92, tokens seen: 4388290560, grad norm: 0.3201
[iter 16750]loss: 3.1511, tokens/sec: 29509.83 ± 324.83, tokens seen: 4390912000, grad norm: 0.3294
[iter 16760]loss: 2.8658, tokens/sec: 29509.85 ± 324.73, tokens seen: 4393533440, grad norm: 0.3036
[iter 16770]loss: 2.9579, tokens/sec: 29509.71 ± 325.23, tokens seen: 4396154880, grad norm: 0.3090
[iter 16780]loss: 3.0991, tokens/sec: 29509.73 ± 325.13, tokens seen: 4398776320, grad norm: 0.3891
[iter 16790]loss: 3.1152, tokens/sec: 29509.74 ± 325.04, tokens seen: 4401397760, grad norm: 0.3786
[iter 16800]loss: 2.8648, tokens/sec: 29509.75 ± 324.94, tokens seen: 4404019200, grad norm: 0.3842
[iter 16810]loss: 2.7204, tokens/sec: 29509.77 ± 324.84, tokens seen: 4406640640, grad norm: 0.3475
[iter 16820]loss: 2.8441, tokens/sec: 29509.78 ± 324.75, tokens seen: 4409262080, grad norm: 0.3738
[iter 16830]loss: 2.8862, tokens/sec: 29509.70 ± 324.90, tokens seen: 4411883520, grad norm: 0.3651
[iter 16840]loss: 3.1538, tokens/sec: 29509.72 ± 324.80, tokens seen: 4414504960, grad norm: 0.3388
[iter 16850]loss: 2.8839, tokens/sec: 29509.74 ± 324.71, tokens seen: 4417126400, grad norm: 0.3380
[iter 16860]loss: 2.9858, tokens/sec: 29509.76 ± 324.61, tokens seen: 4419747840, grad norm: 0.3269
[iter 16870]loss: 2.8665, tokens/sec: 29509.78 ± 324.52, tokens seen: 4422369280, grad norm: 0.3591
[iter 16880]loss: 2.9528, tokens/sec: 29509.80 ± 324.42, tokens seen: 4424990720, grad norm: 0.3701
[iter 16890]loss: 3.0789, tokens/sec: 29509.81 ± 324.33, tokens seen: 4427612160, grad norm: 0.3312
[iter 16900]loss: 2.9484, tokens/sec: 29509.83 ± 324.23, tokens seen: 4430233600, grad norm: 0.3508
[iter 16910]loss: 3.1017, tokens/sec: 29509.85 ± 324.14, tokens seen: 4432855040, grad norm: 0.2857
[iter 16920]loss: 3.3565, tokens/sec: 29509.87 ± 324.04, tokens seen: 4435476480, grad norm: 0.3847
[iter 16930]loss: 3.1503, tokens/sec: 29509.72 ± 324.65, tokens seen: 4438097920, grad norm: 0.2900
[iter 16940]loss: 3.0045, tokens/sec: 29509.74 ± 324.56, tokens seen: 4440719360, grad norm: 0.3733
[iter 16950]loss: 2.8893, tokens/sec: 29509.76 ± 324.46, tokens seen: 4443340800, grad norm: 0.3140
[iter 16960]loss: 3.1305, tokens/sec: 29509.77 ± 324.37, tokens seen: 4445962240, grad norm: 0.3929
[iter 16970]loss: 2.9599, tokens/sec: 29509.70 ± 324.51, tokens seen: 4448583680, grad norm: 0.3011
[iter 16980]loss: 2.9737, tokens/sec: 29509.71 ± 324.41, tokens seen: 4451205120, grad norm: 0.2891
[iter 16990]loss: 3.2986, tokens/sec: 29509.73 ± 324.32, tokens seen: 4453826560, grad norm: 0.3622
[step 17000]train loss: 2.9514, val loss: 2.9898, (avg train loss: 0.1848 ± 0.0088), (avg grad norm: 0.3411 ± 0.0361)
saving checkpoint to ./out-owt-large-mhc-group-lora-midnorm-wsd-bs8-30000step
[iter 17000]loss: 3.0074, tokens/sec: 29509.75 ± 324.22, tokens seen: 4456448000, grad norm: 0.3074
[iter 17010]loss: 3.1199, tokens/sec: 29509.77 ± 324.13, tokens seen: 4459069440, grad norm: 0.3516
[iter 17020]loss: 2.9331, tokens/sec: 29509.79 ± 324.03, tokens seen: 4461690880, grad norm: 0.3038
[iter 17030]loss: 2.8931, tokens/sec: 29509.81 ± 323.94, tokens seen: 4464312320, grad norm: 0.3743
[iter 17040]loss: 2.8650, tokens/sec: 29509.83 ± 323.85, tokens seen: 4466933760, grad norm: 0.2955
[iter 17050]loss: 2.8692, tokens/sec: 29509.85 ± 323.75, tokens seen: 4469555200, grad norm: 0.3554
[iter 17060]loss: 3.0011, tokens/sec: 29509.87 ± 323.66, tokens seen: 4472176640, grad norm: 0.3441
[iter 17070]loss: 2.9060, tokens/sec: 29509.89 ± 323.56, tokens seen: 4474798080, grad norm: 0.3060
[iter 17080]loss: 3.0758, tokens/sec: 29509.91 ± 323.47, tokens seen: 4477419520, grad norm: 0.3548
[iter 17090]loss: 3.0211, tokens/sec: 29509.93 ± 323.38, tokens seen: 4480040960, grad norm: 0.3714
[iter 17100]loss: 2.9259, tokens/sec: 29509.80 ± 323.78, tokens seen: 4482662400, grad norm: 0.2892
[iter 17110]loss: 2.9176, tokens/sec: 29509.72 ± 323.93, tokens seen: 4485283840, grad norm: 0.3401
[iter 17120]loss: 2.8091, tokens/sec: 29509.74 ± 323.83, tokens seen: 4487905280, grad norm: 0.2984
[iter 17130]loss: 2.9597, tokens/sec: 29509.76 ± 323.74, tokens seen: 4490526720, grad norm: 0.3944
[iter 17140]loss: 3.0415, tokens/sec: 29509.78 ± 323.65, tokens seen: 4493148160, grad norm: 0.3614
[iter 17150]loss: 2.8289, tokens/sec: 29509.79 ± 323.55, tokens seen: 4495769600, grad norm: 0.3292
[iter 17160]loss: 3.0149, tokens/sec: 29509.80 ± 323.46, tokens seen: 4498391040, grad norm: 0.2763
[iter 17170]loss: 3.0795, tokens/sec: 29509.82 ± 323.37, tokens seen: 4501012480, grad norm: 0.3111
[iter 17180]loss: 2.8152, tokens/sec: 29509.84 ± 323.27, tokens seen: 4503633920, grad norm: 0.3782
[iter 17190]loss: 2.9255, tokens/sec: 29509.86 ± 323.18, tokens seen: 4506255360, grad norm: 0.3519
[iter 17200]loss: 2.9833, tokens/sec: 29509.87 ± 323.09, tokens seen: 4508876800, grad norm: 0.2907
[iter 17210]loss: 2.9404, tokens/sec: 29509.89 ± 322.99, tokens seen: 4511498240, grad norm: 0.3162
[iter 17220]loss: 3.1405, tokens/sec: 29509.91 ± 322.90, tokens seen: 4514119680, grad norm: 0.3140
[iter 17230]loss: 3.0952, tokens/sec: 29509.93 ± 322.81, tokens seen: 4516741120, grad norm: 0.3287
[iter 17240]loss: 2.9960, tokens/sec: 29509.94 ± 322.71, tokens seen: 4519362560, grad norm: 0.3681
[iter 17250]loss: 2.9490, tokens/sec: 29509.86 ± 322.85, tokens seen: 4521984000, grad norm: 0.3057
[iter 17260]loss: 2.9230, tokens/sec: 29509.76 ± 323.15, tokens seen: 4524605440, grad norm: 0.2986
[iter 17270]loss: 3.0844, tokens/sec: 29509.78 ± 323.06, tokens seen: 4527226880, grad norm: 0.4031
[iter 17280]loss: 2.8727, tokens/sec: 29509.80 ± 322.96, tokens seen: 4529848320, grad norm: 0.3053
[iter 17290]loss: 2.7909, tokens/sec: 29509.81 ± 322.87, tokens seen: 4532469760, grad norm: 0.3278
[iter 17300]loss: 3.1830, tokens/sec: 29509.83 ± 322.78, tokens seen: 4535091200, grad norm: 0.4163
[iter 17310]loss: 3.0502, tokens/sec: 29509.85 ± 322.69, tokens seen: 4537712640, grad norm: 0.3353
[iter 17320]loss: 3.1237, tokens/sec: 29509.87 ± 322.60, tokens seen: 4540334080, grad norm: 0.3081
[iter 17330]loss: 3.0747, tokens/sec: 29509.89 ± 322.50, tokens seen: 4542955520, grad norm: 0.3090
[iter 17340]loss: 2.8254, tokens/sec: 29509.90 ± 322.41, tokens seen: 4545576960, grad norm: 0.3153
[iter 17350]loss: 3.0883, tokens/sec: 29509.92 ± 322.32, tokens seen: 4548198400, grad norm: 0.3334
[iter 17360]loss: 3.1003, tokens/sec: 29509.94 ± 322.23, tokens seen: 4550819840, grad norm: 0.3620
[iter 17370]loss: 2.9743, tokens/sec: 29509.96 ± 322.13, tokens seen: 4553441280, grad norm: 0.4005
[iter 17380]loss: 2.8180, tokens/sec: 29509.97 ± 322.04, tokens seen: 4556062720, grad norm: 0.3200
[iter 17390]loss: 3.0081, tokens/sec: 29509.90 ± 322.18, tokens seen: 4558684160, grad norm: 0.2861
[iter 17400]loss: 2.8556, tokens/sec: 29509.92 ± 322.08, tokens seen: 4561305600, grad norm: 0.2912
[iter 17410]loss: 2.8739, tokens/sec: 29509.94 ± 321.99, tokens seen: 4563927040, grad norm: 0.3160
[iter 17420]loss: 2.8157, tokens/sec: 29509.96 ± 321.90, tokens seen: 4566548480, grad norm: 0.3497
[iter 17430]loss: 3.0175, tokens/sec: 29509.83 ± 322.36, tokens seen: 4569169920, grad norm: 0.3527
[iter 17440]loss: 2.9862, tokens/sec: 29509.85 ± 322.27, tokens seen: 4571791360, grad norm: 0.3466
[iter 17450]loss: 2.9198, tokens/sec: 29509.87 ± 322.18, tokens seen: 4574412800, grad norm: 0.3273
[iter 17460]loss: 3.0905, tokens/sec: 29509.89 ± 322.09, tokens seen: 4577034240, grad norm: 0.3030
[iter 17470]loss: 3.0065, tokens/sec: 29509.90 ± 322.00, tokens seen: 4579655680, grad norm: 0.3872
[iter 17480]loss: 2.9945, tokens/sec: 29509.92 ± 321.91, tokens seen: 4582277120, grad norm: 0.3058
[iter 17490]loss: 2.8582, tokens/sec: 29509.94 ± 321.82, tokens seen: 4584898560, grad norm: 0.3031
[step 17500]train loss: 2.9531, val loss: 2.9680, (avg train loss: 0.1843 ± 0.0086), (avg grad norm: 0.3338 ± 0.0359)
saving checkpoint to ./out-owt-large-mhc-group-lora-midnorm-wsd-bs8-30000step
[iter 17500]loss: 2.9784, tokens/sec: 29509.96 ± 321.72, tokens seen: 4587520000, grad norm: 0.3467
[iter 17510]loss: 3.1611, tokens/sec: 29509.98 ± 321.63, tokens seen: 4590141440, grad norm: 0.3233
[iter 17520]loss: 3.0222, tokens/sec: 29510.00 ± 321.54, tokens seen: 4592762880, grad norm: 0.2994
[iter 17530]loss: 3.1296, tokens/sec: 29509.92 ± 321.68, tokens seen: 4595384320, grad norm: 0.2795
[iter 17540]loss: 3.0311, tokens/sec: 29509.94 ± 321.59, tokens seen: 4598005760, grad norm: 0.3207
[iter 17550]loss: 3.0520, tokens/sec: 29509.96 ± 321.50, tokens seen: 4600627200, grad norm: 0.3103
[iter 17560]loss: 3.1422, tokens/sec: 29509.98 ± 321.41, tokens seen: 4603248640, grad norm: 0.3640
[iter 17570]loss: 2.5260, tokens/sec: 29510.00 ± 321.32, tokens seen: 4605870080, grad norm: 0.3328
[iter 17580]loss: 3.0031, tokens/sec: 29510.02 ± 321.23, tokens seen: 4608491520, grad norm: 0.3227
[iter 17590]loss: 3.0664, tokens/sec: 29509.89 ± 321.67, tokens seen: 4611112960, grad norm: 0.3351
[iter 17600]loss: 2.9542, tokens/sec: 29509.91 ± 321.58, tokens seen: 4613734400, grad norm: 0.3175
[iter 17610]loss: 2.9303, tokens/sec: 29509.93 ± 321.49, tokens seen: 4616355840, grad norm: 0.3683
[iter 17620]loss: 2.7558, tokens/sec: 29509.95 ± 321.40, tokens seen: 4618977280, grad norm: 0.3331
[iter 17630]loss: 3.0805, tokens/sec: 29509.97 ± 321.31, tokens seen: 4621598720, grad norm: 0.3294
[iter 17640]loss: 2.9426, tokens/sec: 29509.99 ± 321.22, tokens seen: 4624220160, grad norm: 0.3161
[iter 17650]loss: 3.2477, tokens/sec: 29510.01 ± 321.13, tokens seen: 4626841600, grad norm: 0.3181
[iter 17660]loss: 2.9892, tokens/sec: 29510.02 ± 321.04, tokens seen: 4629463040, grad norm: 0.3630
[iter 17670]loss: 2.6400, tokens/sec: 29509.95 ± 321.18, tokens seen: 4632084480, grad norm: 0.3565
[iter 17680]loss: 3.0978, tokens/sec: 29509.97 ± 321.09, tokens seen: 4634705920, grad norm: 0.3121
[iter 17690]loss: 3.0020, tokens/sec: 29509.98 ± 321.00, tokens seen: 4637327360, grad norm: 0.3580
[iter 17700]loss: 2.9310, tokens/sec: 29510.00 ± 320.91, tokens seen: 4639948800, grad norm: 0.3444
[iter 17710]loss: 2.9204, tokens/sec: 29510.01 ± 320.82, tokens seen: 4642570240, grad norm: 0.2983
[iter 17720]loss: 3.0353, tokens/sec: 29510.03 ± 320.73, tokens seen: 4645191680, grad norm: 0.2680
[iter 17730]loss: 3.1107, tokens/sec: 29510.05 ± 320.64, tokens seen: 4647813120, grad norm: 0.3296
[iter 17740]loss: 2.8137, tokens/sec: 29510.07 ± 320.55, tokens seen: 4650434560, grad norm: 0.3337
[iter 17750]loss: 3.2074, tokens/sec: 29510.09 ± 320.46, tokens seen: 4653056000, grad norm: 0.3050
[iter 17760]loss: 2.9870, tokens/sec: 29509.95 ± 320.98, tokens seen: 4655677440, grad norm: 0.3001
[iter 17770]loss: 2.9669, tokens/sec: 29509.97 ± 320.89, tokens seen: 4658298880, grad norm: 0.3726
[iter 17780]loss: 3.0296, tokens/sec: 29509.99 ± 320.80, tokens seen: 4660920320, grad norm: 0.3047
[iter 17790]loss: 3.0257, tokens/sec: 29510.00 ± 320.71, tokens seen: 4663541760, grad norm: 0.3392
[iter 17800]loss: 3.0285, tokens/sec: 29510.02 ± 320.62, tokens seen: 4666163200, grad norm: 0.3470
[iter 17810]loss: 3.0837, tokens/sec: 29509.94 ± 320.77, tokens seen: 4668784640, grad norm: 0.4309
[iter 17820]loss: 2.8406, tokens/sec: 29509.96 ± 320.68, tokens seen: 4671406080, grad norm: 0.3523
[iter 17830]loss: 2.8515, tokens/sec: 29509.98 ± 320.59, tokens seen: 4674027520, grad norm: 0.3282
[iter 17840]loss: 3.1453, tokens/sec: 29510.00 ± 320.50, tokens seen: 4676648960, grad norm: 0.3068
[iter 17850]loss: 3.0121, tokens/sec: 29510.02 ± 320.41, tokens seen: 4679270400, grad norm: 0.3829
[iter 17860]loss: 2.9293, tokens/sec: 29510.04 ± 320.32, tokens seen: 4681891840, grad norm: 0.3137
[iter 17870]loss: 2.8286, tokens/sec: 29510.05 ± 320.24, tokens seen: 4684513280, grad norm: 0.4425
[iter 17880]loss: 2.9445, tokens/sec: 29510.07 ± 320.15, tokens seen: 4687134720, grad norm: 0.3052
[iter 17890]loss: 2.9099, tokens/sec: 29510.09 ± 320.06, tokens seen: 4689756160, grad norm: 0.3943
[iter 17900]loss: 2.8070, tokens/sec: 29510.10 ± 319.97, tokens seen: 4692377600, grad norm: 0.3415
[iter 17910]loss: 2.8083, tokens/sec: 29510.12 ± 319.88, tokens seen: 4694999040, grad norm: 0.4602
[iter 17920]loss: 2.9512, tokens/sec: 29509.98 ± 320.44, tokens seen: 4697620480, grad norm: 0.3388
[iter 17930]loss: 2.8506, tokens/sec: 29510.00 ± 320.36, tokens seen: 4700241920, grad norm: 0.2955
[iter 17940]loss: 2.9438, tokens/sec: 29510.02 ± 320.27, tokens seen: 4702863360, grad norm: 0.3382
[iter 17950]loss: 2.9956, tokens/sec: 29509.94 ± 320.42, tokens seen: 4705484800, grad norm: 0.2698
[iter 17960]loss: 3.0095, tokens/sec: 29509.96 ± 320.33, tokens seen: 4708106240, grad norm: 0.3324
[iter 17970]loss: 2.8421, tokens/sec: 29509.98 ± 320.24, tokens seen: 4710727680, grad norm: 0.3533
[iter 17980]loss: 2.8239, tokens/sec: 29510.00 ± 320.15, tokens seen: 4713349120, grad norm: 0.2912
[iter 17990]loss: 2.9575, tokens/sec: 29510.02 ± 320.06, tokens seen: 4715970560, grad norm: 0.3315
[step 18000]train loss: 2.9616, val loss: 2.9726, (avg train loss: 0.1860 ± 0.0076), (avg grad norm: 0.3409 ± 0.0361)
[iter 18000]loss: 3.0610, tokens/sec: 29510.02 ± 319.98, tokens seen: 4718592000, grad norm: 0.3125
[iter 18010]loss: 3.0206, tokens/sec: 29510.04 ± 319.89, tokens seen: 4721213440, grad norm: 0.3856
[iter 18020]loss: 2.7639, tokens/sec: 29510.05 ± 319.80, tokens seen: 4723834880, grad norm: 0.3062
[iter 18030]loss: 2.8949, tokens/sec: 29510.07 ± 319.71, tokens seen: 4726456320, grad norm: 0.2968
[iter 18040]loss: 2.9472, tokens/sec: 29510.09 ± 319.63, tokens seen: 4729077760, grad norm: 0.3176
[iter 18050]loss: 3.0158, tokens/sec: 29510.10 ± 319.54, tokens seen: 4731699200, grad norm: 0.3039
[iter 18060]loss: 3.0700, tokens/sec: 29510.12 ± 319.45, tokens seen: 4734320640, grad norm: 0.3645
[iter 18070]loss: 3.1545, tokens/sec: 29510.13 ± 319.36, tokens seen: 4736942080, grad norm: 0.3745
[iter 18080]loss: 2.9606, tokens/sec: 29510.15 ± 319.28, tokens seen: 4739563520, grad norm: 0.3178
[iter 18090]loss: 2.9411, tokens/sec: 29509.94 ± 319.94, tokens seen: 4742184960, grad norm: 0.3030
[iter 18100]loss: 2.7222, tokens/sec: 29509.95 ± 319.85, tokens seen: 4744806400, grad norm: 0.3008
[iter 18110]loss: 2.8720, tokens/sec: 29509.97 ± 319.76, tokens seen: 4747427840, grad norm: 0.3536
[iter 18120]loss: 3.0709, tokens/sec: 29509.98 ± 319.67, tokens seen: 4750049280, grad norm: 0.3454
[iter 18130]loss: 2.7381, tokens/sec: 29510.00 ± 319.58, tokens seen: 4752670720, grad norm: 0.3420
[iter 18140]loss: 3.1926, tokens/sec: 29510.02 ± 319.50, tokens seen: 4755292160, grad norm: 0.3217
[iter 18150]loss: 2.8800, tokens/sec: 29510.04 ± 319.41, tokens seen: 4757913600, grad norm: 0.3472
[iter 18160]loss: 3.0922, tokens/sec: 29510.05 ± 319.32, tokens seen: 4760535040, grad norm: 0.3774
[iter 18170]loss: 2.8814, tokens/sec: 29510.07 ± 319.24, tokens seen: 4763156480, grad norm: 0.3075
[iter 18180]loss: 3.1348, tokens/sec: 29510.08 ± 319.15, tokens seen: 4765777920, grad norm: 0.4320
[iter 18190]loss: 2.9682, tokens/sec: 29510.10 ± 319.06, tokens seen: 4768399360, grad norm: 0.3252
[iter 18200]loss: 2.9313, tokens/sec: 29510.12 ± 318.98, tokens seen: 4771020800, grad norm: 0.3242
[iter 18210]loss: 3.0936, tokens/sec: 29510.13 ± 318.89, tokens seen: 4773642240, grad norm: 0.3659
[iter 18220]loss: 2.9400, tokens/sec: 29510.15 ± 318.80, tokens seen: 4776263680, grad norm: 0.3133
[iter 18230]loss: 2.9704, tokens/sec: 29510.08 ± 318.93, tokens seen: 4778885120, grad norm: 0.3339
[iter 18240]loss: 3.0049, tokens/sec: 29510.10 ± 318.85, tokens seen: 4781506560, grad norm: 0.3499
[iter 18250]loss: 2.8820, tokens/sec: 29510.12 ± 318.76, tokens seen: 4784128000, grad norm: 0.3494
[iter 18260]loss: 3.0326, tokens/sec: 29510.01 ± 319.14, tokens seen: 4786749440, grad norm: 0.3521
[iter 18270]loss: 2.9853, tokens/sec: 29510.02 ± 319.06, tokens seen: 4789370880, grad norm: 0.3447
[iter 18280]loss: 2.8217, tokens/sec: 29510.04 ± 318.97, tokens seen: 4791992320, grad norm: 0.4089
[iter 18290]loss: 2.8308, tokens/sec: 29510.06 ± 318.88, tokens seen: 4794613760, grad norm: 0.3360
[iter 18300]loss: 2.7151, tokens/sec: 29510.07 ± 318.80, tokens seen: 4797235200, grad norm: 0.3449
[iter 18310]loss: 2.8159, tokens/sec: 29510.09 ± 318.71, tokens seen: 4799856640, grad norm: 0.3598
[iter 18320]loss: 3.0773, tokens/sec: 29510.11 ± 318.63, tokens seen: 4802478080, grad norm: 0.3308
[iter 18330]loss: 2.8718, tokens/sec: 29510.13 ± 318.54, tokens seen: 4805099520, grad norm: 0.3242
[iter 18340]loss: 3.0505, tokens/sec: 29510.15 ± 318.45, tokens seen: 4807720960, grad norm: 0.3132
[iter 18350]loss: 2.9178, tokens/sec: 29510.17 ± 318.37, tokens seen: 4810342400, grad norm: 0.3295
[iter 18360]loss: 3.2417, tokens/sec: 29510.18 ± 318.28, tokens seen: 4812963840, grad norm: 0.3129
[iter 18370]loss: 3.0984, tokens/sec: 29510.11 ± 318.42, tokens seen: 4815585280, grad norm: 0.3193
[iter 18380]loss: 3.0348, tokens/sec: 29510.13 ± 318.33, tokens seen: 4818206720, grad norm: 0.3846
[iter 18390]loss: 2.9300, tokens/sec: 29510.15 ± 318.24, tokens seen: 4820828160, grad norm: 0.3097
[iter 18400]loss: 2.8121, tokens/sec: 29510.17 ± 318.16, tokens seen: 4823449600, grad norm: 0.3448
[iter 18410]loss: 2.7487, tokens/sec: 29510.18 ± 318.07, tokens seen: 4826071040, grad norm: 0.3567
[iter 18420]loss: 2.8252, tokens/sec: 29510.03 ± 318.82, tokens seen: 4828692480, grad norm: 0.4351
[iter 18430]loss: 3.1303, tokens/sec: 29510.04 ± 318.73, tokens seen: 4831313920, grad norm: 0.2909
[iter 18440]loss: 3.0674, tokens/sec: 29510.05 ± 318.65, tokens seen: 4833935360, grad norm: 0.3100
[iter 18450]loss: 2.9914, tokens/sec: 29510.07 ± 318.56, tokens seen: 4836556800, grad norm: 0.2982
[iter 18460]loss: 3.1548, tokens/sec: 29510.08 ± 318.48, tokens seen: 4839178240, grad norm: 0.3456
[iter 18470]loss: 2.8053, tokens/sec: 29510.09 ± 318.39, tokens seen: 4841799680, grad norm: 0.3350
[iter 18480]loss: 2.9003, tokens/sec: 29510.11 ± 318.31, tokens seen: 4844421120, grad norm: 0.3034
[iter 18490]loss: 2.7276, tokens/sec: 29510.12 ± 318.22, tokens seen: 4847042560, grad norm: 0.3240
[step 18500]train loss: 2.9608, val loss: 2.9871, (avg train loss: 0.1850 ± 0.0075), (avg grad norm: 0.3437 ± 0.0348)
[iter 18500]loss: 2.9520, tokens/sec: 29510.13 ± 318.14, tokens seen: 4849664000, grad norm: 0.3840
[iter 18510]loss: 2.9131, tokens/sec: 29510.06 ± 318.26, tokens seen: 4852285440, grad norm: 0.3146
[iter 18520]loss: 2.9624, tokens/sec: 29510.08 ± 318.18, tokens seen: 4854906880, grad norm: 0.2793
[iter 18530]loss: 2.8704, tokens/sec: 29510.09 ± 318.09, tokens seen: 4857528320, grad norm: 0.3150
[iter 18540]loss: 2.9213, tokens/sec: 29510.11 ± 318.01, tokens seen: 4860149760, grad norm: 0.3045
[iter 18550]loss: 2.9583, tokens/sec: 29510.12 ± 317.92, tokens seen: 4862771200, grad norm: 0.3034
[iter 18560]loss: 3.0647, tokens/sec: 29510.14 ± 317.84, tokens seen: 4865392640, grad norm: 0.3447
[iter 18570]loss: 2.7143, tokens/sec: 29510.16 ± 317.75, tokens seen: 4868014080, grad norm: 0.3026
[iter 18580]loss: 2.9134, tokens/sec: 29510.17 ± 317.67, tokens seen: 4870635520, grad norm: 0.4724
[iter 18590]loss: 3.2224, tokens/sec: 29510.07 ± 317.98, tokens seen: 4873256960, grad norm: 0.3590
[iter 18600]loss: 2.9185, tokens/sec: 29510.08 ± 317.90, tokens seen: 4875878400, grad norm: 0.4678
[iter 18610]loss: 2.7317, tokens/sec: 29510.10 ± 317.81, tokens seen: 4878499840, grad norm: 0.3316
[iter 18620]loss: 2.9360, tokens/sec: 29510.11 ± 317.73, tokens seen: 4881121280, grad norm: 0.2891
[iter 18630]loss: 2.9286, tokens/sec: 29510.12 ± 317.64, tokens seen: 4883742720, grad norm: 0.3026
[iter 18640]loss: 3.1150, tokens/sec: 29510.13 ± 317.56, tokens seen: 4886364160, grad norm: 0.3478
[iter 18650]loss: 3.0004, tokens/sec: 29510.06 ± 317.69, tokens seen: 4888985600, grad norm: 0.3420
[iter 18660]loss: 3.0224, tokens/sec: 29510.07 ± 317.61, tokens seen: 4891607040, grad norm: 0.3250
[iter 18670]loss: 3.0923, tokens/sec: 29510.08 ± 317.52, tokens seen: 4894228480, grad norm: 0.2981
[iter 18680]loss: 2.8404, tokens/sec: 29510.10 ± 317.44, tokens seen: 4896849920, grad norm: 0.3018
[iter 18690]loss: 2.8766, tokens/sec: 29510.11 ± 317.35, tokens seen: 4899471360, grad norm: 0.3778
[iter 18700]loss: 3.0858, tokens/sec: 29510.12 ± 317.27, tokens seen: 4902092800, grad norm: 0.3350
[iter 18710]loss: 3.0116, tokens/sec: 29510.13 ± 317.18, tokens seen: 4904714240, grad norm: 0.3089
[iter 18720]loss: 2.8581, tokens/sec: 29510.14 ± 317.10, tokens seen: 4907335680, grad norm: 0.3364
[iter 18730]loss: 3.1450, tokens/sec: 29510.16 ± 317.02, tokens seen: 4909957120, grad norm: 0.3144
[iter 18740]loss: 3.1068, tokens/sec: 29510.18 ± 316.93, tokens seen: 4912578560, grad norm: 0.3287
[iter 18750]loss: 2.8884, tokens/sec: 29510.19 ± 316.85, tokens seen: 4915200000, grad norm: 0.3904
[iter 18760]loss: 2.7504, tokens/sec: 29510.06 ± 317.39, tokens seen: 4917821440, grad norm: 0.2994
[iter 18770]loss: 2.8396, tokens/sec: 29510.07 ± 317.30, tokens seen: 4920442880, grad norm: 0.3579
[iter 18780]loss: 3.0397, tokens/sec: 29510.08 ± 317.22, tokens seen: 4923064320, grad norm: 0.3625
[iter 18790]loss: 2.9857, tokens/sec: 29510.02 ± 317.35, tokens seen: 4925685760, grad norm: 0.2897
[iter 18800]loss: 2.8808, tokens/sec: 29510.03 ± 317.26, tokens seen: 4928307200, grad norm: 0.3991
[iter 18810]loss: 2.6780, tokens/sec: 29510.05 ± 317.18, tokens seen: 4930928640, grad norm: 0.3188
[iter 18820]loss: 2.8442, tokens/sec: 29510.07 ± 317.09, tokens seen: 4933550080, grad norm: 0.3457
[iter 18830]loss: 3.0164, tokens/sec: 29510.08 ± 317.01, tokens seen: 4936171520, grad norm: 0.3025
[iter 18840]loss: 3.1358, tokens/sec: 29510.10 ± 316.93, tokens seen: 4938792960, grad norm: 0.3122
[iter 18850]loss: 2.8583, tokens/sec: 29510.12 ± 316.84, tokens seen: 4941414400, grad norm: 0.3116
[iter 18860]loss: 3.0827, tokens/sec: 29510.13 ± 316.76, tokens seen: 4944035840, grad norm: 0.3092
[iter 18870]loss: 3.0448, tokens/sec: 29510.15 ± 316.68, tokens seen: 4946657280, grad norm: 0.3735
[iter 18880]loss: 2.8672, tokens/sec: 29510.16 ± 316.60, tokens seen: 4949278720, grad norm: 0.3057
[iter 18890]loss: 3.0979, tokens/sec: 29510.18 ± 316.51, tokens seen: 4951900160, grad norm: 0.3594
[iter 18900]loss: 3.0378, tokens/sec: 29510.20 ± 316.43, tokens seen: 4954521600, grad norm: 0.2898
[iter 18910]loss: 2.8823, tokens/sec: 29510.21 ± 316.35, tokens seen: 4957143040, grad norm: 0.3992
[iter 18920]loss: 3.2924, tokens/sec: 29510.07 ± 316.99, tokens seen: 4959764480, grad norm: 0.3200
[iter 18930]loss: 2.8400, tokens/sec: 29510.00 ± 317.12, tokens seen: 4962385920, grad norm: 0.3216
[iter 18940]loss: 3.0064, tokens/sec: 29510.02 ± 317.03, tokens seen: 4965007360, grad norm: 0.3282
[iter 18950]loss: 3.1295, tokens/sec: 29510.03 ± 316.95, tokens seen: 4967628800, grad norm: 0.3097
[iter 18960]loss: 3.0980, tokens/sec: 29510.05 ± 316.87, tokens seen: 4970250240, grad norm: 0.3602
[iter 18970]loss: 2.8122, tokens/sec: 29510.07 ± 316.79, tokens seen: 4972871680, grad norm: 0.3661
[iter 18980]loss: 2.9583, tokens/sec: 29510.08 ± 316.70, tokens seen: 4975493120, grad norm: 0.3028
[iter 18990]loss: 2.6871, tokens/sec: 29510.10 ± 316.62, tokens seen: 4978114560, grad norm: 0.3536
[step 19000]train loss: 2.9380, val loss: 2.9735, (avg train loss: 0.1851 ± 0.0089), (avg grad norm: 0.3401 ± 0.0354)
[iter 19000]loss: 3.0747, tokens/sec: 29510.11 ± 316.54, tokens seen: 4980736000, grad norm: 0.3192
[iter 19010]loss: 2.9400, tokens/sec: 29510.12 ± 316.46, tokens seen: 4983357440, grad norm: 0.3899
[iter 19020]loss: 3.1107, tokens/sec: 29510.14 ± 316.38, tokens seen: 4985978880, grad norm: 0.3501
[iter 19030]loss: 2.9469, tokens/sec: 29510.16 ± 316.29, tokens seen: 4988600320, grad norm: 0.3456
[iter 19040]loss: 2.8156, tokens/sec: 29510.17 ± 316.21, tokens seen: 4991221760, grad norm: 0.3253
[iter 19050]loss: 2.9492, tokens/sec: 29510.19 ± 316.13, tokens seen: 4993843200, grad norm: 0.3589
[iter 19060]loss: 2.9588, tokens/sec: 29510.21 ± 316.05, tokens seen: 4996464640, grad norm: 0.3499
[iter 19070]loss: 2.8365, tokens/sec: 29510.14 ± 316.19, tokens seen: 4999086080, grad norm: 0.3662
[iter 19080]loss: 3.0492, tokens/sec: 29510.15 ± 316.11, tokens seen: 5001707520, grad norm: 0.3550
[iter 19090]loss: 2.9320, tokens/sec: 29510.00 ± 316.82, tokens seen: 5004328960, grad norm: 0.3641
[iter 19100]loss: 2.5779, tokens/sec: 29510.01 ± 316.73, tokens seen: 5006950400, grad norm: 0.3214
[iter 19110]loss: 3.1709, tokens/sec: 29510.02 ± 316.65, tokens seen: 5009571840, grad norm: 0.3981
[iter 19120]loss: 2.8958, tokens/sec: 29510.04 ± 316.57, tokens seen: 5012193280, grad norm: 0.3680
[iter 19130]loss: 2.9097, tokens/sec: 29510.05 ± 316.49, tokens seen: 5014814720, grad norm: 0.3491
[iter 19140]loss: 2.7190, tokens/sec: 29510.07 ± 316.40, tokens seen: 5017436160, grad norm: 0.3190
[iter 19150]loss: 2.9499, tokens/sec: 29510.08 ± 316.32, tokens seen: 5020057600, grad norm: 0.3502
[iter 19160]loss: 2.9269, tokens/sec: 29510.09 ± 316.24, tokens seen: 5022679040, grad norm: 0.3307
[iter 19170]loss: 3.1056, tokens/sec: 29510.10 ± 316.16, tokens seen: 5025300480, grad norm: 0.3146
[iter 19180]loss: 2.8318, tokens/sec: 29510.12 ± 316.08, tokens seen: 5027921920, grad norm: 0.2975
[iter 19190]loss: 3.0085, tokens/sec: 29510.13 ± 316.00, tokens seen: 5030543360, grad norm: 0.3024
[iter 19200]loss: 2.9618, tokens/sec: 29510.15 ± 315.91, tokens seen: 5033164800, grad norm: 0.3970
[iter 19210]loss: 3.0378, tokens/sec: 29510.08 ± 316.05, tokens seen: 5035786240, grad norm: 0.3353
[iter 19220]loss: 3.0538, tokens/sec: 29510.09 ± 315.97, tokens seen: 5038407680, grad norm: 0.2990
[iter 19230]loss: 2.7900, tokens/sec: 29510.11 ± 315.89, tokens seen: 5041029120, grad norm: 0.3095
[iter 19240]loss: 2.8679, tokens/sec: 29510.12 ± 315.81, tokens seen: 5043650560, grad norm: 0.3465
[iter 19250]loss: 2.9993, tokens/sec: 29510.14 ± 315.73, tokens seen: 5046272000, grad norm: 0.3131
[iter 19260]loss: 2.7606, tokens/sec: 29510.01 ± 316.30, tokens seen: 5048893440, grad norm: 0.3801
[iter 19270]loss: 3.0012, tokens/sec: 29510.02 ± 316.22, tokens seen: 5051514880, grad norm: 0.3286
[iter 19280]loss: 2.8352, tokens/sec: 29510.03 ± 316.14, tokens seen: 5054136320, grad norm: 0.3599
[iter 19290]loss: 2.9010, tokens/sec: 29510.05 ± 316.06, tokens seen: 5056757760, grad norm: 0.3109
[iter 19300]loss: 3.2362, tokens/sec: 29510.06 ± 315.97, tokens seen: 5059379200, grad norm: 0.3590
[iter 19310]loss: 2.8718, tokens/sec: 29510.08 ± 315.89, tokens seen: 5062000640, grad norm: 0.3316
[iter 19320]loss: 3.1358, tokens/sec: 29510.09 ± 315.81, tokens seen: 5064622080, grad norm: 0.3484
[iter 19330]loss: 2.7991, tokens/sec: 29510.10 ± 315.73, tokens seen: 5067243520, grad norm: 0.3251
[iter 19340]loss: 2.9535, tokens/sec: 29510.12 ± 315.65, tokens seen: 5069864960, grad norm: 0.2896
[iter 19350]loss: 2.9086, tokens/sec: 29510.05 ± 315.78, tokens seen: 5072486400, grad norm: 0.3257
[iter 19360]loss: 3.0251, tokens/sec: 29510.07 ± 315.70, tokens seen: 5075107840, grad norm: 0.3766
[iter 19370]loss: 3.0251, tokens/sec: 29510.09 ± 315.62, tokens seen: 5077729280, grad norm: 0.3354
[iter 19380]loss: 3.0081, tokens/sec: 29510.10 ± 315.54, tokens seen: 5080350720, grad norm: 0.3503
[iter 19390]loss: 3.0826, tokens/sec: 29510.12 ± 315.46, tokens seen: 5082972160, grad norm: 0.3824
[iter 19400]loss: 2.8467, tokens/sec: 29510.14 ± 315.38, tokens seen: 5085593600, grad norm: 0.3303
[iter 19410]loss: 2.8351, tokens/sec: 29510.15 ± 315.30, tokens seen: 5088215040, grad norm: 0.2820
[iter 19420]loss: 3.0828, tokens/sec: 29510.02 ± 315.91, tokens seen: 5090836480, grad norm: 0.3026
[iter 19430]loss: 3.0461, tokens/sec: 29510.03 ± 315.83, tokens seen: 5093457920, grad norm: 0.3077
[iter 19440]loss: 2.7971, tokens/sec: 29510.05 ± 315.75, tokens seen: 5096079360, grad norm: 0.3416
[iter 19450]loss: 2.9253, tokens/sec: 29510.07 ± 315.67, tokens seen: 5098700800, grad norm: 0.2733
[iter 19460]loss: 2.9352, tokens/sec: 29510.08 ± 315.59, tokens seen: 5101322240, grad norm: 0.3266
[iter 19470]loss: 2.9283, tokens/sec: 29510.10 ± 315.51, tokens seen: 5103943680, grad norm: 0.3201
[iter 19480]loss: 3.0096, tokens/sec: 29510.12 ± 315.43, tokens seen: 5106565120, grad norm: 0.3105
[iter 19490]loss: 2.9239, tokens/sec: 29510.05 ± 315.56, tokens seen: 5109186560, grad norm: 0.3008
[step 19500]train loss: 2.9431, val loss: 2.9544, (avg train loss: 0.1842 ± 0.0086), (avg grad norm: 0.3375 ± 0.0349)
saving checkpoint to ./out-owt-large-mhc-group-lora-midnorm-wsd-bs8-30000step
[iter 19500]loss: 2.9623, tokens/sec: 29510.07 ± 315.48, tokens seen: 5111808000, grad norm: 0.3953
[iter 19510]loss: 2.7842, tokens/sec: 29510.08 ± 315.40, tokens seen: 5114429440, grad norm: 0.3285
[iter 19520]loss: 3.0801, tokens/sec: 29510.10 ± 315.32, tokens seen: 5117050880, grad norm: 0.3540
[iter 19530]loss: 2.6440, tokens/sec: 29510.12 ± 315.24, tokens seen: 5119672320, grad norm: 0.4163
[iter 19540]loss: 2.8196, tokens/sec: 29510.13 ± 315.16, tokens seen: 5122293760, grad norm: 0.2839
[iter 19550]loss: 3.0713, tokens/sec: 29510.15 ± 315.08, tokens seen: 5124915200, grad norm: 0.3515
[iter 19560]loss: 2.9502, tokens/sec: 29510.17 ± 315.00, tokens seen: 5127536640, grad norm: 0.2875
[iter 19570]loss: 2.7482, tokens/sec: 29510.18 ± 314.92, tokens seen: 5130158080, grad norm: 0.3202
[iter 19580]loss: 2.5903, tokens/sec: 29510.20 ± 314.84, tokens seen: 5132779520, grad norm: 0.3777
[iter 19590]loss: 3.0070, tokens/sec: 29510.11 ± 315.13, tokens seen: 5135400960, grad norm: 0.2969
[iter 19600]loss: 2.8980, tokens/sec: 29510.12 ± 315.05, tokens seen: 5138022400, grad norm: 0.3923
[iter 19610]loss: 3.0014, tokens/sec: 29510.13 ± 314.97, tokens seen: 5140643840, grad norm: 0.3415
[iter 19620]loss: 3.0828, tokens/sec: 29510.14 ± 314.89, tokens seen: 5143265280, grad norm: 0.3745
[iter 19630]loss: 3.1565, tokens/sec: 29510.07 ± 315.03, tokens seen: 5145886720, grad norm: 0.3785
[iter 19640]loss: 2.9379, tokens/sec: 29510.09 ± 314.95, tokens seen: 5148508160, grad norm: 0.3314
[iter 19650]loss: 2.8697, tokens/sec: 29510.11 ± 314.87, tokens seen: 5151129600, grad norm: 0.3765
[iter 19660]loss: 2.7534, tokens/sec: 29510.12 ± 314.79, tokens seen: 5153751040, grad norm: 0.2927
[iter 19670]loss: 3.0457, tokens/sec: 29510.14 ± 314.71, tokens seen: 5156372480, grad norm: 0.3320
[iter 19680]loss: 2.7810, tokens/sec: 29510.16 ± 314.63, tokens seen: 5158993920, grad norm: 0.3059
[iter 19690]loss: 2.8652, tokens/sec: 29510.17 ± 314.55, tokens seen: 5161615360, grad norm: 0.3834
[iter 19700]loss: 2.9352, tokens/sec: 29510.19 ± 314.47, tokens seen: 5164236800, grad norm: 0.3726
[iter 19710]loss: 3.0965, tokens/sec: 29510.21 ± 314.39, tokens seen: 5166858240, grad norm: 0.2883
[iter 19720]loss: 2.8230, tokens/sec: 29510.23 ± 314.31, tokens seen: 5169479680, grad norm: 0.3827
[iter 19730]loss: 3.0994, tokens/sec: 29510.24 ± 314.24, tokens seen: 5172101120, grad norm: 0.3227
[iter 19740]loss: 2.7616, tokens/sec: 29510.26 ± 314.16, tokens seen: 5174722560, grad norm: 0.3550
[iter 19750]loss: 2.9540, tokens/sec: 29510.17 ± 314.44, tokens seen: 5177344000, grad norm: 0.3322
[iter 19760]loss: 3.0534, tokens/sec: 29510.19 ± 314.36, tokens seen: 5179965440, grad norm: 0.3882
[iter 19770]loss: 2.9392, tokens/sec: 29510.12 ± 314.49, tokens seen: 5182586880, grad norm: 0.3260
[iter 19780]loss: 2.8784, tokens/sec: 29510.14 ± 314.41, tokens seen: 5185208320, grad norm: 0.3267
[iter 19790]loss: 2.7823, tokens/sec: 29510.16 ± 314.33, tokens seen: 5187829760, grad norm: 0.3287
[iter 19800]loss: 2.9766, tokens/sec: 29510.17 ± 314.25, tokens seen: 5190451200, grad norm: 0.3230
[iter 19810]loss: 3.0868, tokens/sec: 29510.19 ± 314.17, tokens seen: 5193072640, grad norm: 0.3036
[iter 19820]loss: 3.2536, tokens/sec: 29510.20 ± 314.09, tokens seen: 5195694080, grad norm: 0.2909
[iter 19830]loss: 2.8926, tokens/sec: 29510.22 ± 314.02, tokens seen: 5198315520, grad norm: 0.2991
[iter 19840]loss: 3.0207, tokens/sec: 29510.24 ± 313.94, tokens seen: 5200936960, grad norm: 0.2952
[iter 19850]loss: 3.0094, tokens/sec: 29510.25 ± 313.86, tokens seen: 5203558400, grad norm: 0.3246
[iter 19860]loss: 3.1199, tokens/sec: 29510.27 ± 313.78, tokens seen: 5206179840, grad norm: 0.3531
[iter 19870]loss: 3.0102, tokens/sec: 29510.29 ± 313.70, tokens seen: 5208801280, grad norm: 0.2956
[iter 19880]loss: 3.0436, tokens/sec: 29510.31 ± 313.63, tokens seen: 5211422720, grad norm: 0.3255
[iter 19890]loss: 3.0789, tokens/sec: 29510.32 ± 313.55, tokens seen: 5214044160, grad norm: 0.3574
[iter 19900]loss: 2.8294, tokens/sec: 29510.34 ± 313.47, tokens seen: 5216665600, grad norm: 0.3299
[iter 19910]loss: 2.6230, tokens/sec: 29510.27 ± 313.60, tokens seen: 5219287040, grad norm: 0.3730
[iter 19920]loss: 3.0733, tokens/sec: 29510.18 ± 313.85, tokens seen: 5221908480, grad norm: 0.3278
[iter 19930]loss: 2.9072, tokens/sec: 29510.20 ± 313.77, tokens seen: 5224529920, grad norm: 0.3690
[iter 19940]loss: 3.0242, tokens/sec: 29510.22 ± 313.69, tokens seen: 5227151360, grad norm: 0.3730
[iter 19950]loss: 2.7702, tokens/sec: 29510.24 ± 313.62, tokens seen: 5229772800, grad norm: 0.3136
[iter 19960]loss: 3.0335, tokens/sec: 29510.25 ± 313.54, tokens seen: 5232394240, grad norm: 0.3168
[iter 19970]loss: 2.6875, tokens/sec: 29510.27 ± 313.46, tokens seen: 5235015680, grad norm: 0.3533
[iter 19980]loss: 2.9221, tokens/sec: 29510.29 ± 313.38, tokens seen: 5237637120, grad norm: 0.3405
[iter 19990]loss: 2.9792, tokens/sec: 29510.30 ± 313.31, tokens seen: 5240258560, grad norm: 0.3222
[step 20000]train loss: 2.9395, val loss: 2.9591, (avg train loss: 0.1836 ± 0.0085), (avg grad norm: 0.3478 ± 0.0431)
[iter 20000]loss: 2.9697, tokens/sec: 29510.31 ± 313.23, tokens seen: 5242880000, grad norm: 0.3074
[iter 20010]loss: 2.7540, tokens/sec: 29510.33 ± 313.15, tokens seen: 5245501440, grad norm: 0.3520
[iter 20020]loss: 2.8618, tokens/sec: 29510.34 ± 313.08, tokens seen: 5248122880, grad norm: 0.3541
[iter 20030]loss: 3.2088, tokens/sec: 29510.36 ± 313.00, tokens seen: 5250744320, grad norm: 0.3059
[iter 20040]loss: 3.0721, tokens/sec: 29510.37 ± 312.92, tokens seen: 5253365760, grad norm: 0.3313
[iter 20050]loss: 2.9150, tokens/sec: 29510.31 ± 313.05, tokens seen: 5255987200, grad norm: 0.2994
[iter 20060]loss: 3.0898, tokens/sec: 29510.32 ± 312.97, tokens seen: 5258608640, grad norm: 0.2951
[iter 20070]loss: 2.8166, tokens/sec: 29510.34 ± 312.89, tokens seen: 5261230080, grad norm: 0.2934
[iter 20080]loss: 2.7472, tokens/sec: 29510.35 ± 312.81, tokens seen: 5263851520, grad norm: 0.4366
[iter 20090]loss: 2.9108, tokens/sec: 29510.25 ± 313.17, tokens seen: 5266472960, grad norm: 0.3779
[iter 20100]loss: 2.7592, tokens/sec: 29510.27 ± 313.10, tokens seen: 5269094400, grad norm: 0.3297
[iter 20110]loss: 2.8626, tokens/sec: 29510.28 ± 313.02, tokens seen: 5271715840, grad norm: 0.3463
[iter 20120]loss: 2.7188, tokens/sec: 29510.30 ± 312.94, tokens seen: 5274337280, grad norm: 0.3903
[iter 20130]loss: 2.8583, tokens/sec: 29510.32 ± 312.87, tokens seen: 5276958720, grad norm: 0.2995
[iter 20140]loss: 2.8401, tokens/sec: 29510.33 ± 312.79, tokens seen: 5279580160, grad norm: 0.3054
[iter 20150]loss: 3.0260, tokens/sec: 29510.35 ± 312.71, tokens seen: 5282201600, grad norm: 0.3919
[iter 20160]loss: 2.8007, tokens/sec: 29510.36 ± 312.64, tokens seen: 5284823040, grad norm: 0.3689
[iter 20170]loss: 3.0365, tokens/sec: 29510.38 ± 312.56, tokens seen: 5287444480, grad norm: 0.4066
[iter 20180]loss: 3.1637, tokens/sec: 29510.40 ± 312.48, tokens seen: 5290065920, grad norm: 0.4419
[iter 20190]loss: 2.7964, tokens/sec: 29510.33 ± 312.61, tokens seen: 5292687360, grad norm: 0.3419
[iter 20200]loss: 3.0078, tokens/sec: 29510.35 ± 312.54, tokens seen: 5295308800, grad norm: 0.3354
[iter 20210]loss: 3.0705, tokens/sec: 29510.36 ± 312.46, tokens seen: 5297930240, grad norm: 0.3178
[iter 20220]loss: 3.0798, tokens/sec: 29510.38 ± 312.38, tokens seen: 5300551680, grad norm: 0.3197
[iter 20230]loss: 3.1570, tokens/sec: 29510.39 ± 312.31, tokens seen: 5303173120, grad norm: 0.3205
[iter 20240]loss: 3.0516, tokens/sec: 29510.41 ± 312.23, tokens seen: 5305794560, grad norm: 0.3027
[iter 20250]loss: 2.9662, tokens/sec: 29510.30 ± 312.59, tokens seen: 5308416000, grad norm: 0.2821
[iter 20260]loss: 2.8038, tokens/sec: 29510.31 ± 312.52, tokens seen: 5311037440, grad norm: 0.3096
[iter 20270]loss: 2.8932, tokens/sec: 29510.33 ± 312.44, tokens seen: 5313658880, grad norm: 0.3229
[iter 20280]loss: 2.9773, tokens/sec: 29510.35 ± 312.36, tokens seen: 5316280320, grad norm: 0.3603
[iter 20290]loss: 2.9407, tokens/sec: 29510.36 ± 312.29, tokens seen: 5318901760, grad norm: 0.3090
[iter 20300]loss: 2.6582, tokens/sec: 29510.38 ± 312.21, tokens seen: 5321523200, grad norm: 0.3888
[iter 20310]loss: 2.9583, tokens/sec: 29510.39 ± 312.14, tokens seen: 5324144640, grad norm: 0.3323
[iter 20320]loss: 3.0068, tokens/sec: 29510.40 ± 312.06, tokens seen: 5326766080, grad norm: 0.3149
[iter 20330]loss: 2.8881, tokens/sec: 29510.34 ± 312.18, tokens seen: 5329387520, grad norm: 0.3896
[iter 20340]loss: 2.9181, tokens/sec: 29510.36 ± 312.10, tokens seen: 5332008960, grad norm: 0.3499
[iter 20350]loss: 2.9126, tokens/sec: 29510.37 ± 312.03, tokens seen: 5334630400, grad norm: 0.3188
[iter 20360]loss: 2.9178, tokens/sec: 29510.39 ± 311.95, tokens seen: 5337251840, grad norm: 0.3347
[iter 20370]loss: 2.9646, tokens/sec: 29510.40 ± 311.87, tokens seen: 5339873280, grad norm: 0.3308
[iter 20380]loss: 3.0360, tokens/sec: 29510.42 ± 311.80, tokens seen: 5342494720, grad norm: 0.3394
[iter 20390]loss: 2.8879, tokens/sec: 29510.43 ± 311.72, tokens seen: 5345116160, grad norm: 0.3754
[iter 20400]loss: 2.8780, tokens/sec: 29510.45 ± 311.65, tokens seen: 5347737600, grad norm: 0.3709
[iter 20410]loss: 3.0386, tokens/sec: 29510.46 ± 311.57, tokens seen: 5350359040, grad norm: 0.3286
[iter 20420]loss: 3.1214, tokens/sec: 29510.36 ± 311.91, tokens seen: 5352980480, grad norm: 0.3458
[iter 20430]loss: 3.0351, tokens/sec: 29510.38 ± 311.84, tokens seen: 5355601920, grad norm: 0.2941
[iter 20440]loss: 2.9360, tokens/sec: 29510.39 ± 311.76, tokens seen: 5358223360, grad norm: 0.3763
[iter 20450]loss: 3.0085, tokens/sec: 29510.41 ± 311.69, tokens seen: 5360844800, grad norm: 0.3122
[iter 20460]loss: 2.8466, tokens/sec: 29510.42 ± 311.61, tokens seen: 5363466240, grad norm: 0.3448
[iter 20470]loss: 2.9500, tokens/sec: 29510.36 ± 311.73, tokens seen: 5366087680, grad norm: 0.3364
[iter 20480]loss: 2.9986, tokens/sec: 29510.37 ± 311.66, tokens seen: 5368709120, grad norm: 0.3122
[iter 20490]loss: 2.8895, tokens/sec: 29510.39 ± 311.58, tokens seen: 5371330560, grad norm: 0.2925
[step 20500]train loss: 2.9302, val loss: 2.9622, (avg train loss: 0.1841 ± 0.0085), (avg grad norm: 0.3406 ± 0.0340)
[iter 20500]loss: 3.0868, tokens/sec: 29510.39 ± 311.51, tokens seen: 5373952000, grad norm: 0.3610
[iter 20510]loss: 3.0109, tokens/sec: 29510.41 ± 311.43, tokens seen: 5376573440, grad norm: 0.2889
[iter 20520]loss: 3.0090, tokens/sec: 29510.42 ± 311.36, tokens seen: 5379194880, grad norm: 0.3516
[iter 20530]loss: 3.0542, tokens/sec: 29510.44 ± 311.28, tokens seen: 5381816320, grad norm: 0.3049
[iter 20540]loss: 3.0662, tokens/sec: 29510.46 ± 311.21, tokens seen: 5384437760, grad norm: 0.3844
[iter 20550]loss: 3.0067, tokens/sec: 29510.47 ± 311.13, tokens seen: 5387059200, grad norm: 0.3676
[iter 20560]loss: 2.7837, tokens/sec: 29510.49 ± 311.06, tokens seen: 5389680640, grad norm: 0.3302
[iter 20570]loss: 2.9632, tokens/sec: 29510.50 ± 310.98, tokens seen: 5392302080, grad norm: 0.3499
[iter 20580]loss: 2.6975, tokens/sec: 29510.52 ± 310.91, tokens seen: 5394923520, grad norm: 0.3215
[iter 20590]loss: 3.0428, tokens/sec: 29510.42 ± 311.24, tokens seen: 5397544960, grad norm: 0.3530
[iter 20600]loss: 2.8958, tokens/sec: 29510.43 ± 311.17, tokens seen: 5400166400, grad norm: 0.3404
[iter 20610]loss: 3.0365, tokens/sec: 29510.37 ± 311.29, tokens seen: 5402787840, grad norm: 0.3634
[iter 20620]loss: 2.7752, tokens/sec: 29510.38 ± 311.21, tokens seen: 5405409280, grad norm: 0.3620
[iter 20630]loss: 2.9867, tokens/sec: 29510.39 ± 311.14, tokens seen: 5408030720, grad norm: 0.3490
[iter 20640]loss: 3.1695, tokens/sec: 29510.40 ± 311.06, tokens seen: 5410652160, grad norm: 0.3584
[iter 20650]loss: 2.8587, tokens/sec: 29510.42 ± 310.99, tokens seen: 5413273600, grad norm: 0.3189
[iter 20660]loss: 2.9238, tokens/sec: 29510.43 ± 310.91, tokens seen: 5415895040, grad norm: 0.3817
[iter 20670]loss: 2.8175, tokens/sec: 29510.44 ± 310.84, tokens seen: 5418516480, grad norm: 0.3319
[iter 20680]loss: 2.8165, tokens/sec: 29510.46 ± 310.76, tokens seen: 5421137920, grad norm: 0.2894
[iter 20690]loss: 2.9320, tokens/sec: 29510.47 ± 310.69, tokens seen: 5423759360, grad norm: 0.3153
[iter 20700]loss: 2.7951, tokens/sec: 29510.48 ± 310.61, tokens seen: 5426380800, grad norm: 0.3997
[iter 20710]loss: 2.6553, tokens/sec: 29510.50 ± 310.54, tokens seen: 5429002240, grad norm: 0.3910
[iter 20720]loss: 2.9430, tokens/sec: 29510.51 ± 310.47, tokens seen: 5431623680, grad norm: 0.3479
[iter 20730]loss: 2.9423, tokens/sec: 29510.53 ± 310.39, tokens seen: 5434245120, grad norm: 0.3829
[iter 20740]loss: 2.9876, tokens/sec: 29510.54 ± 310.32, tokens seen: 5436866560, grad norm: 0.4172
[iter 20750]loss: 3.0661, tokens/sec: 29510.44 ± 310.69, tokens seen: 5439488000, grad norm: 0.3667
[iter 20760]loss: 2.9516, tokens/sec: 29510.38 ± 310.80, tokens seen: 5442109440, grad norm: 0.3563
[iter 20770]loss: 2.7671, tokens/sec: 29510.39 ± 310.73, tokens seen: 5444730880, grad norm: 0.3397
[iter 20780]loss: 2.9028, tokens/sec: 29510.41 ± 310.66, tokens seen: 5447352320, grad norm: 0.3629
[iter 20790]loss: 2.6116, tokens/sec: 29510.42 ± 310.58, tokens seen: 5449973760, grad norm: 0.4758
[iter 20800]loss: 3.0353, tokens/sec: 29510.44 ± 310.51, tokens seen: 5452595200, grad norm: 0.3757
[iter 20810]loss: 3.0868, tokens/sec: 29510.45 ± 310.43, tokens seen: 5455216640, grad norm: 0.3494
[iter 20820]loss: 2.7548, tokens/sec: 29510.46 ± 310.36, tokens seen: 5457838080, grad norm: 0.3589
[iter 20830]loss: 3.0406, tokens/sec: 29510.48 ± 310.29, tokens seen: 5460459520, grad norm: 0.3631
[iter 20840]loss: 3.0124, tokens/sec: 29510.49 ± 310.21, tokens seen: 5463080960, grad norm: 0.3496
[iter 20850]loss: 2.8462, tokens/sec: 29510.51 ± 310.14, tokens seen: 5465702400, grad norm: 0.3548
[iter 20860]loss: 2.9819, tokens/sec: 29510.52 ± 310.07, tokens seen: 5468323840, grad norm: 0.3565
[iter 20870]loss: 3.0597, tokens/sec: 29510.54 ± 309.99, tokens seen: 5470945280, grad norm: 0.2951
[iter 20880]loss: 2.8616, tokens/sec: 29510.55 ± 309.92, tokens seen: 5473566720, grad norm: 0.3059
[iter 20890]loss: 3.0710, tokens/sec: 29510.57 ± 309.85, tokens seen: 5476188160, grad norm: 0.3279
[iter 20900]loss: 2.7406, tokens/sec: 29510.50 ± 309.96, tokens seen: 5478809600, grad norm: 0.3514
[iter 20910]loss: 3.1205, tokens/sec: 29510.52 ± 309.89, tokens seen: 5481431040, grad norm: 0.2813
[iter 20920]loss: 2.8516, tokens/sec: 29510.43 ± 310.18, tokens seen: 5484052480, grad norm: 0.3687
[iter 20930]loss: 2.7810, tokens/sec: 29510.44 ± 310.11, tokens seen: 5486673920, grad norm: 0.3456
[iter 20940]loss: 3.0470, tokens/sec: 29510.46 ± 310.04, tokens seen: 5489295360, grad norm: 0.3358
[iter 20950]loss: 3.0714, tokens/sec: 29510.47 ± 309.96, tokens seen: 5491916800, grad norm: 0.2921
[iter 20960]loss: 2.8743, tokens/sec: 29510.49 ± 309.89, tokens seen: 5494538240, grad norm: 0.3479
[iter 20970]loss: 2.8771, tokens/sec: 29510.50 ± 309.82, tokens seen: 5497159680, grad norm: 0.3073
[iter 20980]loss: 3.0848, tokens/sec: 29510.52 ± 309.74, tokens seen: 5499781120, grad norm: 0.3062
[iter 20990]loss: 2.8029, tokens/sec: 29510.53 ± 309.67, tokens seen: 5502402560, grad norm: 0.3743
[step 21000]train loss: 2.9452, val loss: 2.9618, (avg train loss: 0.1836 ± 0.0075), (avg grad norm: 0.3435 ± 0.0352)
[iter 21000]loss: 2.9067, tokens/sec: 29510.54 ± 309.60, tokens seen: 5505024000, grad norm: 0.3349
[iter 21010]loss: 3.1280, tokens/sec: 29510.55 ± 309.53, tokens seen: 5507645440, grad norm: 0.3520
[iter 21020]loss: 2.9646, tokens/sec: 29510.56 ± 309.45, tokens seen: 5510266880, grad norm: 0.3199
[iter 21030]loss: 2.9656, tokens/sec: 29510.57 ± 309.38, tokens seen: 5512888320, grad norm: 0.3433
[iter 21040]loss: 2.8629, tokens/sec: 29510.51 ± 309.51, tokens seen: 5515509760, grad norm: 0.4026
[iter 21050]loss: 2.9430, tokens/sec: 29510.52 ± 309.44, tokens seen: 5518131200, grad norm: 0.3225
[iter 21060]loss: 3.1426, tokens/sec: 29510.54 ± 309.36, tokens seen: 5520752640, grad norm: 0.3148
[iter 21070]loss: 2.7817, tokens/sec: 29510.55 ± 309.29, tokens seen: 5523374080, grad norm: 0.3593
[iter 21080]loss: 3.0207, tokens/sec: 29510.56 ± 309.22, tokens seen: 5525995520, grad norm: 0.3365
[iter 21090]loss: 3.0487, tokens/sec: 29510.45 ± 309.67, tokens seen: 5528616960, grad norm: 0.3712
[iter 21100]loss: 2.8452, tokens/sec: 29510.46 ± 309.60, tokens seen: 5531238400, grad norm: 0.3677
[iter 21110]loss: 2.7173, tokens/sec: 29510.48 ± 309.53, tokens seen: 5533859840, grad norm: 0.3510
[iter 21120]loss: 2.9928, tokens/sec: 29510.49 ± 309.46, tokens seen: 5536481280, grad norm: 0.3476
[iter 21130]loss: 2.7168, tokens/sec: 29510.51 ± 309.38, tokens seen: 5539102720, grad norm: 0.3491
[iter 21140]loss: 2.9199, tokens/sec: 29510.52 ± 309.31, tokens seen: 5541724160, grad norm: 0.3583
[iter 21150]loss: 2.9831, tokens/sec: 29510.54 ± 309.24, tokens seen: 5544345600, grad norm: 0.3212
[iter 21160]loss: 2.8675, tokens/sec: 29510.55 ± 309.17, tokens seen: 5546967040, grad norm: 0.3281
[iter 21170]loss: 2.6940, tokens/sec: 29510.56 ± 309.09, tokens seen: 5549588480, grad norm: 0.3907
[iter 21180]loss: 2.7068, tokens/sec: 29510.50 ± 309.22, tokens seen: 5552209920, grad norm: 0.3071
[iter 21190]loss: 2.8327, tokens/sec: 29510.51 ± 309.15, tokens seen: 5554831360, grad norm: 0.4332
[iter 21200]loss: 2.7941, tokens/sec: 29510.53 ± 309.08, tokens seen: 5557452800, grad norm: 0.3461
[iter 21210]loss: 2.7714, tokens/sec: 29510.54 ± 309.01, tokens seen: 5560074240, grad norm: 0.3229
[iter 21220]loss: 3.0503, tokens/sec: 29510.55 ± 308.94, tokens seen: 5562695680, grad norm: 0.2839
[iter 21230]loss: 2.7010, tokens/sec: 29510.57 ± 308.86, tokens seen: 5565317120, grad norm: 0.4170
[iter 21240]loss: 3.0285, tokens/sec: 29510.58 ± 308.79, tokens seen: 5567938560, grad norm: 0.3267
[iter 21250]loss: 3.0292, tokens/sec: 29510.48 ± 309.19, tokens seen: 5570560000, grad norm: 0.3243
[iter 21260]loss: 2.8741, tokens/sec: 29510.49 ± 309.12, tokens seen: 5573181440, grad norm: 0.3083
[iter 21270]loss: 2.9740, tokens/sec: 29510.51 ± 309.05, tokens seen: 5575802880, grad norm: 0.3191
[iter 21280]loss: 3.0528, tokens/sec: 29510.52 ± 308.97, tokens seen: 5578424320, grad norm: 0.3398
[iter 21290]loss: 3.1051, tokens/sec: 29510.54 ± 308.90, tokens seen: 5581045760, grad norm: 0.3026
[iter 21300]loss: 2.8810, tokens/sec: 29510.55 ± 308.83, tokens seen: 5583667200, grad norm: 0.3239
[iter 21310]loss: 2.9519, tokens/sec: 29510.56 ± 308.76, tokens seen: 5586288640, grad norm: 0.3152
[iter 21320]loss: 3.0287, tokens/sec: 29510.50 ± 308.88, tokens seen: 5588910080, grad norm: 0.3006
[iter 21330]loss: 2.8969, tokens/sec: 29510.52 ± 308.81, tokens seen: 5591531520, grad norm: 0.3306
[iter 21340]loss: 3.0157, tokens/sec: 29510.53 ± 308.74, tokens seen: 5594152960, grad norm: 0.3055
[iter 21350]loss: 3.1038, tokens/sec: 29510.54 ± 308.66, tokens seen: 5596774400, grad norm: 0.3386
[iter 21360]loss: 2.9854, tokens/sec: 29510.56 ± 308.59, tokens seen: 5599395840, grad norm: 0.3265
[iter 21370]loss: 3.0742, tokens/sec: 29510.57 ± 308.52, tokens seen: 5602017280, grad norm: 0.3550
[iter 21380]loss: 2.9648, tokens/sec: 29510.59 ± 308.45, tokens seen: 5604638720, grad norm: 0.3319
[iter 21390]loss: 2.7966, tokens/sec: 29510.60 ± 308.38, tokens seen: 5607260160, grad norm: 0.3406
[iter 21400]loss: 2.9114, tokens/sec: 29510.62 ± 308.31, tokens seen: 5609881600, grad norm: 0.3304
[iter 21410]loss: 3.0618, tokens/sec: 29510.63 ± 308.24, tokens seen: 5612503040, grad norm: 0.3010
[iter 21420]loss: 2.9924, tokens/sec: 29510.51 ± 308.79, tokens seen: 5615124480, grad norm: 0.3437
[iter 21430]loss: 2.9209, tokens/sec: 29510.52 ± 308.72, tokens seen: 5617745920, grad norm: 0.2919
[iter 21440]loss: 2.9540, tokens/sec: 29510.54 ± 308.65, tokens seen: 5620367360, grad norm: 0.3054
[iter 21450]loss: 2.8976, tokens/sec: 29510.55 ± 308.57, tokens seen: 5622988800, grad norm: 0.3294
[iter 21460]loss: 2.9338, tokens/sec: 29510.49 ± 308.69, tokens seen: 5625610240, grad norm: 0.4119
[iter 21470]loss: 2.7574, tokens/sec: 29510.50 ± 308.62, tokens seen: 5628231680, grad norm: 0.4203
[iter 21480]loss: 2.9394, tokens/sec: 29510.52 ± 308.55, tokens seen: 5630853120, grad norm: 0.3813
[iter 21490]loss: 2.9062, tokens/sec: 29510.53 ± 308.48, tokens seen: 5633474560, grad norm: 0.3466
[step 21500]train loss: 2.9413, val loss: 2.9524, (avg train loss: 0.1834 ± 0.0076), (avg grad norm: 0.3387 ± 0.0374)
saving checkpoint to ./out-owt-large-mhc-group-lora-midnorm-wsd-bs8-30000step
[iter 21500]loss: 3.0710, tokens/sec: 29510.55 ± 308.41, tokens seen: 5636096000, grad norm: 0.3762
[iter 21510]loss: 2.9157, tokens/sec: 29510.56 ± 308.34, tokens seen: 5638717440, grad norm: 0.3348
[iter 21520]loss: 2.9433, tokens/sec: 29510.57 ± 308.27, tokens seen: 5641338880, grad norm: 0.3342
[iter 21530]loss: 3.2111, tokens/sec: 29510.58 ± 308.20, tokens seen: 5643960320, grad norm: 0.3458
[iter 21540]loss: 3.0469, tokens/sec: 29510.59 ± 308.13, tokens seen: 5646581760, grad norm: 0.3137
[iter 21550]loss: 2.9751, tokens/sec: 29510.61 ± 308.05, tokens seen: 5649203200, grad norm: 0.3637
[iter 21560]loss: 2.9918, tokens/sec: 29510.62 ± 307.98, tokens seen: 5651824640, grad norm: 0.3465
[iter 21570]loss: 3.0634, tokens/sec: 29510.63 ± 307.91, tokens seen: 5654446080, grad norm: 0.2914
[iter 21580]loss: 2.6946, tokens/sec: 29510.51 ± 308.43, tokens seen: 5657067520, grad norm: 0.3135
[iter 21590]loss: 2.7986, tokens/sec: 29510.52 ± 308.36, tokens seen: 5659688960, grad norm: 0.4307
[iter 21600]loss: 2.7218, tokens/sec: 29510.46 ± 308.48, tokens seen: 5662310400, grad norm: 0.3346
[iter 21610]loss: 2.9496, tokens/sec: 29510.47 ± 308.41, tokens seen: 5664931840, grad norm: 0.3184
[iter 21620]loss: 2.7104, tokens/sec: 29510.48 ± 308.34, tokens seen: 5667553280, grad norm: 0.3224
[iter 21630]loss: 2.9091, tokens/sec: 29510.50 ± 308.27, tokens seen: 5670174720, grad norm: 0.3732
[iter 21640]loss: 3.0207, tokens/sec: 29510.51 ± 308.20, tokens seen: 5672796160, grad norm: 0.3466
[iter 21650]loss: 2.7543, tokens/sec: 29510.53 ± 308.13, tokens seen: 5675417600, grad norm: 0.3273
[iter 21660]loss: 2.9514, tokens/sec: 29510.54 ± 308.06, tokens seen: 5678039040, grad norm: 0.3416
[iter 21670]loss: 2.9092, tokens/sec: 29510.56 ± 307.99, tokens seen: 5680660480, grad norm: 0.3264
[iter 21680]loss: 3.0125, tokens/sec: 29510.57 ± 307.92, tokens seen: 5683281920, grad norm: 0.3708
[iter 21690]loss: 3.1104, tokens/sec: 29510.59 ± 307.85, tokens seen: 5685903360, grad norm: 0.3627
[iter 21700]loss: 3.0109, tokens/sec: 29510.60 ± 307.78, tokens seen: 5688524800, grad norm: 0.3436
[iter 21710]loss: 2.7217, tokens/sec: 29510.61 ± 307.71, tokens seen: 5691146240, grad norm: 0.3518
[iter 21720]loss: 2.9155, tokens/sec: 29510.63 ± 307.64, tokens seen: 5693767680, grad norm: 0.3313
[iter 21730]loss: 2.9845, tokens/sec: 29510.64 ± 307.57, tokens seen: 5696389120, grad norm: 0.3700
[iter 21740]loss: 3.1605, tokens/sec: 29510.58 ± 307.70, tokens seen: 5699010560, grad norm: 0.4142
[iter 21750]loss: 2.7740, tokens/sec: 29510.48 ± 308.04, tokens seen: 5701632000, grad norm: 0.4399
[iter 21760]loss: 3.0078, tokens/sec: 29510.50 ± 307.97, tokens seen: 5704253440, grad norm: 0.4598
[iter 21770]loss: 2.8722, tokens/sec: 29510.51 ± 307.90, tokens seen: 5706874880, grad norm: 0.3950
[iter 21780]loss: 3.0167, tokens/sec: 29510.53 ± 307.83, tokens seen: 5709496320, grad norm: 0.3926
[iter 21790]loss: 3.0497, tokens/sec: 29510.54 ± 307.76, tokens seen: 5712117760, grad norm: 0.3124
[iter 21800]loss: 2.8144, tokens/sec: 29510.56 ± 307.69, tokens seen: 5714739200, grad norm: 0.4169
[iter 21810]loss: 2.9581, tokens/sec: 29510.57 ± 307.62, tokens seen: 5717360640, grad norm: 0.3270
[iter 21820]loss: 2.8714, tokens/sec: 29510.59 ± 307.55, tokens seen: 5719982080, grad norm: 0.4315
[iter 21830]loss: 3.1825, tokens/sec: 29510.60 ± 307.48, tokens seen: 5722603520, grad norm: 0.3128
[iter 21840]loss: 2.7741, tokens/sec: 29510.62 ± 307.41, tokens seen: 5725224960, grad norm: 0.3015
[iter 21850]loss: 2.9280, tokens/sec: 29510.63 ± 307.34, tokens seen: 5727846400, grad norm: 0.3699
[iter 21860]loss: 2.9732, tokens/sec: 29510.65 ± 307.27, tokens seen: 5730467840, grad norm: 0.3732
[iter 21870]loss: 2.9313, tokens/sec: 29510.66 ± 307.20, tokens seen: 5733089280, grad norm: 0.3508
[iter 21880]loss: 2.9078, tokens/sec: 29510.60 ± 307.33, tokens seen: 5735710720, grad norm: 0.3050
[iter 21890]loss: 3.0267, tokens/sec: 29510.61 ± 307.26, tokens seen: 5738332160, grad norm: 0.3039
[iter 21900]loss: 2.7341, tokens/sec: 29510.63 ± 307.19, tokens seen: 5740953600, grad norm: 0.4114
[iter 21910]loss: 2.8375, tokens/sec: 29510.64 ± 307.13, tokens seen: 5743575040, grad norm: 0.3218
[iter 21920]loss: 3.0872, tokens/sec: 29510.53 ± 307.60, tokens seen: 5746196480, grad norm: 0.2913
[iter 21930]loss: 2.9352, tokens/sec: 29510.54 ± 307.53, tokens seen: 5748817920, grad norm: 0.2914
[iter 21940]loss: 2.9278, tokens/sec: 29510.56 ± 307.46, tokens seen: 5751439360, grad norm: 0.3269
[iter 21950]loss: 2.9252, tokens/sec: 29510.57 ± 307.39, tokens seen: 5754060800, grad norm: 0.3555
[iter 21960]loss: 3.0418, tokens/sec: 29510.59 ± 307.33, tokens seen: 5756682240, grad norm: 0.3957
[iter 21970]loss: 2.9842, tokens/sec: 29510.60 ± 307.26, tokens seen: 5759303680, grad norm: 0.3047
[iter 21980]loss: 3.0045, tokens/sec: 29510.62 ± 307.19, tokens seen: 5761925120, grad norm: 0.3344
[iter 21990]loss: 2.9334, tokens/sec: 29510.63 ± 307.12, tokens seen: 5764546560, grad norm: 0.3356
[step 22000]train loss: 2.9355, val loss: 2.9487, (avg train loss: 0.1826 ± 0.0085), (avg grad norm: 0.3427 ± 0.0363)
saving checkpoint to ./out-owt-large-mhc-group-lora-midnorm-wsd-bs8-30000step
[iter 22000]loss: 2.9301, tokens/sec: 29510.65 ± 307.05, tokens seen: 5767168000, grad norm: 0.3413
[iter 22010]loss: 2.7684, tokens/sec: 29510.66 ± 306.98, tokens seen: 5769789440, grad norm: 0.4146
[iter 22020]loss: 2.8469, tokens/sec: 29510.60 ± 307.10, tokens seen: 5772410880, grad norm: 0.3295
[iter 22030]loss: 2.8603, tokens/sec: 29510.61 ± 307.03, tokens seen: 5775032320, grad norm: 0.3085
[iter 22040]loss: 2.7636, tokens/sec: 29510.63 ± 306.96, tokens seen: 5777653760, grad norm: 0.3505
[iter 22050]loss: 2.9697, tokens/sec: 29510.64 ± 306.90, tokens seen: 5780275200, grad norm: 0.3313
[iter 22060]loss: 2.9450, tokens/sec: 29510.65 ± 306.83, tokens seen: 5782896640, grad norm: 0.3360
[iter 22070]loss: 2.9264, tokens/sec: 29510.67 ± 306.76, tokens seen: 5785518080, grad norm: 0.3320
[iter 22080]loss: 2.7577, tokens/sec: 29510.56 ± 307.24, tokens seen: 5788139520, grad norm: 0.3705
[iter 22090]loss: 2.8556, tokens/sec: 29510.57 ± 307.18, tokens seen: 5790760960, grad norm: 0.3967
[iter 22100]loss: 2.9590, tokens/sec: 29510.58 ± 307.11, tokens seen: 5793382400, grad norm: 0.3644
[iter 22110]loss: 2.9235, tokens/sec: 29510.59 ± 307.04, tokens seen: 5796003840, grad norm: 0.3619
[iter 22120]loss: 2.9476, tokens/sec: 29510.60 ± 306.97, tokens seen: 5798625280, grad norm: 0.3390
[iter 22130]loss: 2.6724, tokens/sec: 29510.61 ± 306.90, tokens seen: 5801246720, grad norm: 0.3986
[iter 22140]loss: 3.0896, tokens/sec: 29510.63 ± 306.83, tokens seen: 5803868160, grad norm: 0.3601
[iter 22150]loss: 2.7769, tokens/sec: 29510.64 ± 306.76, tokens seen: 5806489600, grad norm: 0.3013
[iter 22160]loss: 2.8740, tokens/sec: 29510.58 ± 306.88, tokens seen: 5809111040, grad norm: 0.3113
[iter 22170]loss: 3.0532, tokens/sec: 29510.59 ± 306.81, tokens seen: 5811732480, grad norm: 0.3661
[iter 22180]loss: 2.6877, tokens/sec: 29510.60 ± 306.74, tokens seen: 5814353920, grad norm: 0.4084
[iter 22190]loss: 2.7548, tokens/sec: 29510.62 ± 306.68, tokens seen: 5816975360, grad norm: 0.3651
[iter 22200]loss: 2.8262, tokens/sec: 29510.63 ± 306.61, tokens seen: 5819596800, grad norm: 0.3215
[iter 22210]loss: 3.0358, tokens/sec: 29510.65 ± 306.54, tokens seen: 5822218240, grad norm: 0.3597
[iter 22220]loss: 2.6669, tokens/sec: 29510.66 ± 306.47, tokens seen: 5824839680, grad norm: 0.4148
[iter 22230]loss: 2.7762, tokens/sec: 29510.67 ± 306.40, tokens seen: 5827461120, grad norm: 0.3375
[iter 22240]loss: 2.7373, tokens/sec: 29510.69 ± 306.33, tokens seen: 5830082560, grad norm: 0.3287
[iter 22250]loss: 2.5009, tokens/sec: 29510.58 ± 306.82, tokens seen: 5832704000, grad norm: 0.2868
[iter 22260]loss: 3.0283, tokens/sec: 29510.59 ± 306.75, tokens seen: 5835325440, grad norm: 0.3387
[iter 22270]loss: 2.8445, tokens/sec: 29510.61 ± 306.68, tokens seen: 5837946880, grad norm: 0.3792
[iter 22280]loss: 2.9539, tokens/sec: 29510.62 ± 306.61, tokens seen: 5840568320, grad norm: 0.3673
[iter 22290]loss: 3.0068, tokens/sec: 29510.64 ± 306.54, tokens seen: 5843189760, grad norm: 0.3863
[iter 22300]loss: 2.7630, tokens/sec: 29510.58 ± 306.66, tokens seen: 5845811200, grad norm: 0.3539
[iter 22310]loss: 2.9236, tokens/sec: 29510.59 ± 306.60, tokens seen: 5848432640, grad norm: 0.3087
[iter 22320]loss: 3.0278, tokens/sec: 29510.60 ± 306.53, tokens seen: 5851054080, grad norm: 0.3493
[iter 22330]loss: 2.7786, tokens/sec: 29510.62 ± 306.46, tokens seen: 5853675520, grad norm: 0.3069
[iter 22340]loss: 3.0494, tokens/sec: 29510.63 ± 306.39, tokens seen: 5856296960, grad norm: 0.2934
[iter 22350]loss: 2.8677, tokens/sec: 29510.64 ± 306.32, tokens seen: 5858918400, grad norm: 0.3821
[iter 22360]loss: 2.9577, tokens/sec: 29510.66 ± 306.26, tokens seen: 5861539840, grad norm: 0.2950
[iter 22370]loss: 2.9505, tokens/sec: 29510.67 ± 306.19, tokens seen: 5864161280, grad norm: 0.3325
[iter 22380]loss: 2.8268, tokens/sec: 29510.68 ± 306.12, tokens seen: 5866782720, grad norm: 0.4007
[iter 22390]loss: 3.0356, tokens/sec: 29510.70 ± 306.05, tokens seen: 5869404160, grad norm: 0.2903
[iter 22400]loss: 2.7862, tokens/sec: 29510.71 ± 305.99, tokens seen: 5872025600, grad norm: 0.3622
[iter 22410]loss: 2.8986, tokens/sec: 29510.59 ± 306.55, tokens seen: 5874647040, grad norm: 0.3067
[iter 22420]loss: 3.0158, tokens/sec: 29510.60 ± 306.48, tokens seen: 5877268480, grad norm: 0.2929
[iter 22430]loss: 2.9092, tokens/sec: 29510.62 ± 306.41, tokens seen: 5879889920, grad norm: 0.3280
[iter 22440]loss: 2.9623, tokens/sec: 29510.56 ± 306.53, tokens seen: 5882511360, grad norm: 0.3015
[iter 22450]loss: 2.9831, tokens/sec: 29510.57 ± 306.46, tokens seen: 5885132800, grad norm: 0.3178
[iter 22460]loss: 2.9174, tokens/sec: 29510.58 ± 306.39, tokens seen: 5887754240, grad norm: 0.3177
[iter 22470]loss: 3.0064, tokens/sec: 29510.60 ± 306.33, tokens seen: 5890375680, grad norm: 0.3268
[iter 22480]loss: 2.8977, tokens/sec: 29510.61 ± 306.26, tokens seen: 5892997120, grad norm: 0.3739
[iter 22490]loss: 2.7054, tokens/sec: 29510.62 ± 306.19, tokens seen: 5895618560, grad norm: 0.3278
[step 22500]train loss: 2.9376, val loss: 2.9519, (avg train loss: 0.1826 ± 0.0087), (avg grad norm: 0.3382 ± 0.0321)
[iter 22500]loss: 2.8840, tokens/sec: 29510.62 ± 306.13, tokens seen: 5898240000, grad norm: 0.4235
[iter 22510]loss: 2.8407, tokens/sec: 29510.64 ± 306.06, tokens seen: 5900861440, grad norm: 0.3178
[iter 22520]loss: 2.3216, tokens/sec: 29510.65 ± 305.99, tokens seen: 5903482880, grad norm: 0.3526
[iter 22530]loss: 2.9445, tokens/sec: 29510.66 ± 305.93, tokens seen: 5906104320, grad norm: 0.3905
[iter 22540]loss: 3.1118, tokens/sec: 29510.68 ± 305.86, tokens seen: 5908725760, grad norm: 0.3064
[iter 22550]loss: 2.8678, tokens/sec: 29510.69 ± 305.79, tokens seen: 5911347200, grad norm: 0.3502
[iter 22560]loss: 2.8484, tokens/sec: 29510.70 ± 305.72, tokens seen: 5913968640, grad norm: 0.2753
[iter 22570]loss: 2.6908, tokens/sec: 29510.71 ± 305.66, tokens seen: 5916590080, grad norm: 0.4328
[iter 22580]loss: 2.9874, tokens/sec: 29510.51 ± 306.48, tokens seen: 5919211520, grad norm: 0.3734
[iter 22590]loss: 2.9231, tokens/sec: 29510.53 ± 306.41, tokens seen: 5921832960, grad norm: 0.3287
[iter 22600]loss: 2.9505, tokens/sec: 29510.54 ± 306.34, tokens seen: 5924454400, grad norm: 0.3280
[iter 22610]loss: 2.7354, tokens/sec: 29510.55 ± 306.28, tokens seen: 5927075840, grad norm: 0.2995
[iter 22620]loss: 2.8079, tokens/sec: 29510.57 ± 306.21, tokens seen: 5929697280, grad norm: 0.3240
[iter 22630]loss: 2.8871, tokens/sec: 29510.58 ± 306.14, tokens seen: 5932318720, grad norm: 0.2874
[iter 22640]loss: 2.9316, tokens/sec: 29510.59 ± 306.08, tokens seen: 5934940160, grad norm: 0.3439
[iter 22650]loss: 2.8164, tokens/sec: 29510.61 ± 306.01, tokens seen: 5937561600, grad norm: 0.2995
[iter 22660]loss: 2.9185, tokens/sec: 29510.62 ± 305.94, tokens seen: 5940183040, grad norm: 0.3574
[iter 22670]loss: 2.9519, tokens/sec: 29510.63 ± 305.87, tokens seen: 5942804480, grad norm: 0.3841
[iter 22680]loss: 3.1374, tokens/sec: 29510.64 ± 305.81, tokens seen: 5945425920, grad norm: 0.3492
[iter 22690]loss: 2.8495, tokens/sec: 29510.66 ± 305.74, tokens seen: 5948047360, grad norm: 0.4240
[iter 22700]loss: 2.9048, tokens/sec: 29510.67 ± 305.67, tokens seen: 5950668800, grad norm: 0.3079
[iter 22710]loss: 3.0920, tokens/sec: 29510.68 ± 305.61, tokens seen: 5953290240, grad norm: 0.3236
[iter 22720]loss: 2.7697, tokens/sec: 29510.62 ± 305.74, tokens seen: 5955911680, grad norm: 0.4337
[iter 22730]loss: 2.8847, tokens/sec: 29510.63 ± 305.67, tokens seen: 5958533120, grad norm: 0.3039
[iter 22740]loss: 3.0829, tokens/sec: 29510.55 ± 305.94, tokens seen: 5961154560, grad norm: 0.4238
[iter 22750]loss: 2.7719, tokens/sec: 29510.56 ± 305.88, tokens seen: 5963776000, grad norm: 0.3960
[iter 22760]loss: 3.0984, tokens/sec: 29510.58 ± 305.81, tokens seen: 5966397440, grad norm: 0.3664
[iter 22770]loss: 3.0002, tokens/sec: 29510.59 ± 305.75, tokens seen: 5969018880, grad norm: 0.3351
[iter 22780]loss: 2.9381, tokens/sec: 29510.61 ± 305.68, tokens seen: 5971640320, grad norm: 0.2974
[iter 22790]loss: 2.8689, tokens/sec: 29510.62 ± 305.61, tokens seen: 5974261760, grad norm: 0.3474
[iter 22800]loss: 2.8232, tokens/sec: 29510.64 ± 305.55, tokens seen: 5976883200, grad norm: 0.3376
[iter 22810]loss: 2.9531, tokens/sec: 29510.65 ± 305.48, tokens seen: 5979504640, grad norm: 0.2747
[iter 22820]loss: 2.9779, tokens/sec: 29510.66 ± 305.41, tokens seen: 5982126080, grad norm: 0.3731
[iter 22830]loss: 2.9463, tokens/sec: 29510.68 ± 305.35, tokens seen: 5984747520, grad norm: 0.3403
[iter 22840]loss: 2.9639, tokens/sec: 29510.69 ± 305.28, tokens seen: 5987368960, grad norm: 0.3595
[iter 22850]loss: 2.6480, tokens/sec: 29510.71 ± 305.22, tokens seen: 5989990400, grad norm: 0.3227
[iter 22860]loss: 3.0278, tokens/sec: 29510.65 ± 305.34, tokens seen: 5992611840, grad norm: 0.3179
[iter 22870]loss: 2.9972, tokens/sec: 29510.66 ± 305.28, tokens seen: 5995233280, grad norm: 0.3640
[iter 22880]loss: 2.9765, tokens/sec: 29510.68 ± 305.21, tokens seen: 5997854720, grad norm: 0.3159
[iter 22890]loss: 2.7714, tokens/sec: 29510.69 ± 305.14, tokens seen: 6000476160, grad norm: 0.3471
[iter 22900]loss: 2.9618, tokens/sec: 29510.71 ± 305.08, tokens seen: 6003097600, grad norm: 0.3031
[iter 22910]loss: 2.8380, tokens/sec: 29510.63 ± 305.34, tokens seen: 6005719040, grad norm: 0.3288
[iter 22920]loss: 2.7389, tokens/sec: 29510.64 ± 305.28, tokens seen: 6008340480, grad norm: 0.3566
[iter 22930]loss: 2.7798, tokens/sec: 29510.65 ± 305.21, tokens seen: 6010961920, grad norm: 0.3640
[iter 22940]loss: 3.0933, tokens/sec: 29510.67 ± 305.14, tokens seen: 6013583360, grad norm: 0.4969
[iter 22950]loss: 2.8977, tokens/sec: 29510.68 ± 305.08, tokens seen: 6016204800, grad norm: 0.3108
[iter 22960]loss: 3.0325, tokens/sec: 29510.70 ± 305.01, tokens seen: 6018826240, grad norm: 0.3938
[iter 22970]loss: 2.8986, tokens/sec: 29510.71 ± 304.95, tokens seen: 6021447680, grad norm: 0.3293
[iter 22980]loss: 2.9548, tokens/sec: 29510.72 ± 304.88, tokens seen: 6024069120, grad norm: 0.3008
[iter 22990]loss: 2.8306, tokens/sec: 29510.73 ± 304.82, tokens seen: 6026690560, grad norm: 0.3281
[step 23000]train loss: 2.9198, val loss: 2.9401, (avg train loss: 0.1817 ± 0.0089), (avg grad norm: 0.3386 ± 0.0387)
saving checkpoint to ./out-owt-large-mhc-group-lora-midnorm-wsd-bs8-30000step
[iter 23000]loss: 2.9253, tokens/sec: 29510.68 ± 304.94, tokens seen: 6029312000, grad norm: 0.3424
[iter 23010]loss: 2.7449, tokens/sec: 29510.69 ± 304.87, tokens seen: 6031933440, grad norm: 0.3254
[iter 23020]loss: 2.8425, tokens/sec: 29510.70 ± 304.81, tokens seen: 6034554880, grad norm: 0.3967
[iter 23030]loss: 2.9696, tokens/sec: 29510.71 ± 304.74, tokens seen: 6037176320, grad norm: 0.3357
[iter 23040]loss: 2.8111, tokens/sec: 29510.72 ± 304.67, tokens seen: 6039797760, grad norm: 0.3206
[iter 23050]loss: 2.8194, tokens/sec: 29510.73 ± 304.61, tokens seen: 6042419200, grad norm: 0.3076
[iter 23060]loss: 3.1406, tokens/sec: 29510.75 ± 304.54, tokens seen: 6045040640, grad norm: 0.3210
[iter 23070]loss: 2.9931, tokens/sec: 29510.76 ± 304.48, tokens seen: 6047662080, grad norm: 0.3866
[iter 23080]loss: 2.9468, tokens/sec: 29510.64 ± 305.06, tokens seen: 6050283520, grad norm: 0.3729
[iter 23090]loss: 2.9432, tokens/sec: 29510.64 ± 305.00, tokens seen: 6052904960, grad norm: 0.3303
[iter 23100]loss: 3.0054, tokens/sec: 29510.66 ± 304.93, tokens seen: 6055526400, grad norm: 0.2905
[iter 23110]loss: 3.0247, tokens/sec: 29510.67 ± 304.87, tokens seen: 6058147840, grad norm: 0.2930
[iter 23120]loss: 2.7156, tokens/sec: 29510.68 ± 304.80, tokens seen: 6060769280, grad norm: 0.3525
[iter 23130]loss: 2.9339, tokens/sec: 29510.69 ± 304.73, tokens seen: 6063390720, grad norm: 0.3277
[iter 23140]loss: 2.9171, tokens/sec: 29510.64 ± 304.85, tokens seen: 6066012160, grad norm: 0.3457
[iter 23150]loss: 2.9619, tokens/sec: 29510.65 ± 304.78, tokens seen: 6068633600, grad norm: 0.4290
[iter 23160]loss: 3.0274, tokens/sec: 29510.66 ± 304.72, tokens seen: 6071255040, grad norm: 0.3083
[iter 23170]loss: 2.9545, tokens/sec: 29510.67 ± 304.65, tokens seen: 6073876480, grad norm: 0.2827
[iter 23180]loss: 2.9833, tokens/sec: 29510.68 ± 304.59, tokens seen: 6076497920, grad norm: 0.3211
[iter 23190]loss: 2.8863, tokens/sec: 29510.70 ± 304.52, tokens seen: 6079119360, grad norm: 0.3612
[iter 23200]loss: 2.9621, tokens/sec: 29510.71 ± 304.46, tokens seen: 6081740800, grad norm: 0.3077
[iter 23210]loss: 2.6893, tokens/sec: 29510.72 ± 304.39, tokens seen: 6084362240, grad norm: 0.3261
[iter 23220]loss: 2.9027, tokens/sec: 29510.73 ± 304.33, tokens seen: 6086983680, grad norm: 0.3349
[iter 23230]loss: 3.0445, tokens/sec: 29510.75 ± 304.26, tokens seen: 6089605120, grad norm: 0.3205
[iter 23240]loss: 2.8291, tokens/sec: 29510.66 ± 304.59, tokens seen: 6092226560, grad norm: 0.3551
[iter 23250]loss: 2.6419, tokens/sec: 29510.67 ± 304.53, tokens seen: 6094848000, grad norm: 0.3967
[iter 23260]loss: 2.8312, tokens/sec: 29510.68 ± 304.46, tokens seen: 6097469440, grad norm: 0.3094
[iter 23270]loss: 2.9730, tokens/sec: 29510.70 ± 304.40, tokens seen: 6100090880, grad norm: 0.3866
[iter 23280]loss: 2.9226, tokens/sec: 29510.64 ± 304.52, tokens seen: 6102712320, grad norm: 0.4364
[iter 23290]loss: 3.0401, tokens/sec: 29510.65 ± 304.45, tokens seen: 6105333760, grad norm: 0.3270
[iter 23300]loss: 2.9719, tokens/sec: 29510.66 ± 304.39, tokens seen: 6107955200, grad norm: 0.3270
[iter 23310]loss: 2.8931, tokens/sec: 29510.68 ± 304.32, tokens seen: 6110576640, grad norm: 0.3966
[iter 23320]loss: 2.9832, tokens/sec: 29510.69 ± 304.26, tokens seen: 6113198080, grad norm: 0.3544
[iter 23330]loss: 2.9423, tokens/sec: 29510.70 ± 304.19, tokens seen: 6115819520, grad norm: 0.3425
[iter 23340]loss: 3.0270, tokens/sec: 29510.71 ± 304.13, tokens seen: 6118440960, grad norm: 0.3129
[iter 23350]loss: 2.8390, tokens/sec: 29510.73 ± 304.06, tokens seen: 6121062400, grad norm: 0.4141
[iter 23360]loss: 2.7775, tokens/sec: 29510.74 ± 304.00, tokens seen: 6123683840, grad norm: 0.4006
[iter 23370]loss: 2.6966, tokens/sec: 29510.75 ± 303.93, tokens seen: 6126305280, grad norm: 0.2893
[iter 23380]loss: 2.9683, tokens/sec: 29510.77 ± 303.87, tokens seen: 6128926720, grad norm: 0.3529
[iter 23390]loss: 2.6263, tokens/sec: 29510.78 ± 303.81, tokens seen: 6131548160, grad norm: 0.3698
[iter 23400]loss: 2.7712, tokens/sec: 29510.80 ± 303.74, tokens seen: 6134169600, grad norm: 0.3001
[iter 23410]loss: 3.0469, tokens/sec: 29510.70 ± 304.09, tokens seen: 6136791040, grad norm: 0.3360
[iter 23420]loss: 3.0337, tokens/sec: 29510.64 ± 304.20, tokens seen: 6139412480, grad norm: 0.3238
[iter 23430]loss: 3.0921, tokens/sec: 29510.66 ± 304.14, tokens seen: 6142033920, grad norm: 0.3751
[iter 23440]loss: 3.0725, tokens/sec: 29510.67 ± 304.08, tokens seen: 6144655360, grad norm: 0.2982
[iter 23450]loss: 2.7351, tokens/sec: 29510.69 ± 304.01, tokens seen: 6147276800, grad norm: 0.3388
[iter 23460]loss: 2.7905, tokens/sec: 29510.70 ± 303.95, tokens seen: 6149898240, grad norm: 0.3462
[iter 23470]loss: 2.9210, tokens/sec: 29510.71 ± 303.88, tokens seen: 6152519680, grad norm: 0.3863
[iter 23480]loss: 2.8665, tokens/sec: 29510.72 ± 303.82, tokens seen: 6155141120, grad norm: 0.3221
[iter 23490]loss: 2.5020, tokens/sec: 29510.74 ± 303.76, tokens seen: 6157762560, grad norm: 0.3355
[step 23500]train loss: 2.9035, val loss: 2.9290, (avg train loss: 0.1831 ± 0.0087), (avg grad norm: 0.3369 ± 0.0333)
saving checkpoint to ./out-owt-large-mhc-group-lora-midnorm-wsd-bs8-30000step
[iter 23500]loss: 2.9434, tokens/sec: 29510.75 ± 303.69, tokens seen: 6160384000, grad norm: 0.3172
[iter 23510]loss: 2.8689, tokens/sec: 29510.76 ± 303.63, tokens seen: 6163005440, grad norm: 0.3750
[iter 23520]loss: 2.9017, tokens/sec: 29510.77 ± 303.56, tokens seen: 6165626880, grad norm: 0.3680
[iter 23530]loss: 2.8858, tokens/sec: 29510.79 ± 303.50, tokens seen: 6168248320, grad norm: 0.3368
[iter 23540]loss: 3.1092, tokens/sec: 29510.80 ± 303.44, tokens seen: 6170869760, grad norm: 0.3504
[iter 23550]loss: 2.9290, tokens/sec: 29510.81 ± 303.37, tokens seen: 6173491200, grad norm: 0.4505
[iter 23560]loss: 2.9014, tokens/sec: 29510.74 ± 303.49, tokens seen: 6176112640, grad norm: 0.3580
[iter 23570]loss: 3.1447, tokens/sec: 29510.63 ± 304.02, tokens seen: 6178734080, grad norm: 0.3989
[iter 23580]loss: 2.7800, tokens/sec: 29510.64 ± 303.96, tokens seen: 6181355520, grad norm: 0.3239
[iter 23590]loss: 3.0489, tokens/sec: 29510.66 ± 303.89, tokens seen: 6183976960, grad norm: 0.3222
[iter 23600]loss: 2.6958, tokens/sec: 29510.67 ± 303.83, tokens seen: 6186598400, grad norm: 0.3448
[iter 23610]loss: 2.6924, tokens/sec: 29510.68 ± 303.76, tokens seen: 6189219840, grad norm: 0.2952
[iter 23620]loss: 2.8289, tokens/sec: 29510.69 ± 303.70, tokens seen: 6191841280, grad norm: 0.3952
[iter 23630]loss: 2.8744, tokens/sec: 29510.70 ± 303.64, tokens seen: 6194462720, grad norm: 0.2887
[iter 23640]loss: 3.1578, tokens/sec: 29510.72 ± 303.57, tokens seen: 6197084160, grad norm: 0.3695
[iter 23650]loss: 2.8623, tokens/sec: 29510.73 ± 303.51, tokens seen: 6199705600, grad norm: 0.3587
[iter 23660]loss: 2.8689, tokens/sec: 29510.74 ± 303.45, tokens seen: 6202327040, grad norm: 0.3373
[iter 23670]loss: 2.8271, tokens/sec: 29510.75 ± 303.38, tokens seen: 6204948480, grad norm: 0.3414
[iter 23680]loss: 2.9014, tokens/sec: 29510.77 ± 303.32, tokens seen: 6207569920, grad norm: 0.3413
[iter 23690]loss: 2.7646, tokens/sec: 29510.78 ± 303.26, tokens seen: 6210191360, grad norm: 0.3169
[iter 23700]loss: 2.7085, tokens/sec: 29510.72 ± 303.38, tokens seen: 6212812800, grad norm: 0.3004
[iter 23710]loss: 2.9496, tokens/sec: 29510.74 ± 303.31, tokens seen: 6215434240, grad norm: 0.3193
[iter 23720]loss: 2.6226, tokens/sec: 29510.75 ± 303.25, tokens seen: 6218055680, grad norm: 0.3511
[iter 23730]loss: 2.8730, tokens/sec: 29510.76 ± 303.19, tokens seen: 6220677120, grad norm: 0.3571
[iter 23740]loss: 2.8042, tokens/sec: 29510.65 ± 303.69, tokens seen: 6223298560, grad norm: 0.3239
[iter 23750]loss: 2.9066, tokens/sec: 29510.66 ± 303.63, tokens seen: 6225920000, grad norm: 0.3003
[iter 23760]loss: 2.9195, tokens/sec: 29510.68 ± 303.57, tokens seen: 6228541440, grad norm: 0.3497
[iter 23770]loss: 2.5871, tokens/sec: 29510.69 ± 303.50, tokens seen: 6231162880, grad norm: 0.3246
[iter 23780]loss: 2.8994, tokens/sec: 29510.70 ± 303.44, tokens seen: 6233784320, grad norm: 0.4034
[iter 23790]loss: 2.4408, tokens/sec: 29510.72 ± 303.38, tokens seen: 6236405760, grad norm: 0.3819
[iter 23800]loss: 2.7974, tokens/sec: 29510.73 ± 303.31, tokens seen: 6239027200, grad norm: 0.3707
[iter 23810]loss: 2.8226, tokens/sec: 29510.74 ± 303.25, tokens seen: 6241648640, grad norm: 0.3597
[iter 23820]loss: 2.7830, tokens/sec: 29510.76 ± 303.19, tokens seen: 6244270080, grad norm: 0.3997
[iter 23830]loss: 2.6433, tokens/sec: 29510.77 ± 303.12, tokens seen: 6246891520, grad norm: 0.3279
[iter 23840]loss: 2.8430, tokens/sec: 29510.72 ± 303.23, tokens seen: 6249512960, grad norm: 0.3150
[iter 23850]loss: 2.7916, tokens/sec: 29510.73 ± 303.17, tokens seen: 6252134400, grad norm: 0.3267
[iter 23860]loss: 2.7034, tokens/sec: 29510.74 ± 303.11, tokens seen: 6254755840, grad norm: 0.3754
[iter 23870]loss: 3.1065, tokens/sec: 29510.76 ± 303.04, tokens seen: 6257377280, grad norm: 0.3471
[iter 23880]loss: 3.0340, tokens/sec: 29510.77 ± 302.98, tokens seen: 6259998720, grad norm: 0.3616
[iter 23890]loss: 2.9043, tokens/sec: 29510.78 ± 302.92, tokens seen: 6262620160, grad norm: 0.3310
[iter 23900]loss: 2.8258, tokens/sec: 29510.80 ± 302.86, tokens seen: 6265241600, grad norm: 0.3399
[iter 23910]loss: 3.2479, tokens/sec: 29510.71 ± 303.16, tokens seen: 6267863040, grad norm: 0.3569
[iter 23920]loss: 2.8434, tokens/sec: 29510.72 ± 303.10, tokens seen: 6270484480, grad norm: 0.3301
[iter 23930]loss: 3.0998, tokens/sec: 29510.73 ± 303.04, tokens seen: 6273105920, grad norm: 0.3227
[iter 23940]loss: 2.8149, tokens/sec: 29510.74 ± 302.97, tokens seen: 6275727360, grad norm: 0.3292
[iter 23950]loss: 2.8091, tokens/sec: 29510.74 ± 302.91, tokens seen: 6278348800, grad norm: 0.3357
[iter 23960]loss: 2.9415, tokens/sec: 29510.76 ± 302.85, tokens seen: 6280970240, grad norm: 0.2877
[iter 23970]loss: 3.0686, tokens/sec: 29510.76 ± 302.79, tokens seen: 6283591680, grad norm: 0.3451
[iter 23980]loss: 2.8348, tokens/sec: 29510.71 ± 302.90, tokens seen: 6286213120, grad norm: 0.3014
[iter 23990]loss: 2.9729, tokens/sec: 29510.72 ± 302.84, tokens seen: 6288834560, grad norm: 0.3231
[step 24000]train loss: 2.8952, val loss: 2.9334, (avg train loss: 0.1823 ± 0.0086), (avg grad norm: 0.3381 ± 0.0335)
[iter 24000]loss: 2.5673, tokens/sec: 29510.72 ± 302.77, tokens seen: 6291456000, grad norm: 0.2878
[iter 24010]loss: 3.0151, tokens/sec: 29510.74 ± 302.71, tokens seen: 6294077440, grad norm: 0.3564
[iter 24020]loss: 3.1734, tokens/sec: 29510.75 ± 302.65, tokens seen: 6296698880, grad norm: 0.2977
[iter 24030]loss: 2.9763, tokens/sec: 29510.76 ± 302.59, tokens seen: 6299320320, grad norm: 0.3272
[iter 24040]loss: 2.8232, tokens/sec: 29510.77 ± 302.53, tokens seen: 6301941760, grad norm: 0.3352
[iter 24050]loss: 2.6037, tokens/sec: 29510.78 ± 302.46, tokens seen: 6304563200, grad norm: 0.3202
[iter 24060]loss: 2.4898, tokens/sec: 29510.80 ± 302.40, tokens seen: 6307184640, grad norm: 0.3755
[iter 24070]loss: 2.9709, tokens/sec: 29510.69 ± 302.91, tokens seen: 6309806080, grad norm: 0.4193
[iter 24080]loss: 2.6876, tokens/sec: 29510.70 ± 302.85, tokens seen: 6312427520, grad norm: 0.3450
[iter 24090]loss: 2.8523, tokens/sec: 29510.71 ± 302.79, tokens seen: 6315048960, grad norm: 0.2901
[iter 24100]loss: 3.0283, tokens/sec: 29510.72 ± 302.72, tokens seen: 6317670400, grad norm: 0.3259
[iter 24110]loss: 2.6161, tokens/sec: 29510.73 ± 302.66, tokens seen: 6320291840, grad norm: 0.3484
[iter 24120]loss: 2.9397, tokens/sec: 29510.68 ± 302.78, tokens seen: 6322913280, grad norm: 0.2945
[iter 24130]loss: 3.0349, tokens/sec: 29510.69 ± 302.71, tokens seen: 6325534720, grad norm: 0.3615
[iter 24140]loss: 3.0980, tokens/sec: 29510.70 ± 302.65, tokens seen: 6328156160, grad norm: 0.3540
[iter 24150]loss: 3.0758, tokens/sec: 29510.71 ± 302.59, tokens seen: 6330777600, grad norm: 0.3316
[iter 24160]loss: 3.0540, tokens/sec: 29510.73 ± 302.53, tokens seen: 6333399040, grad norm: 0.3303
[iter 24170]loss: 2.9450, tokens/sec: 29510.74 ± 302.47, tokens seen: 6336020480, grad norm: 0.3199
[iter 24180]loss: 2.8898, tokens/sec: 29510.75 ± 302.40, tokens seen: 6338641920, grad norm: 0.3644
[iter 24190]loss: 3.1779, tokens/sec: 29510.77 ± 302.34, tokens seen: 6341263360, grad norm: 0.3346
[iter 24200]loss: 2.8749, tokens/sec: 29510.78 ± 302.28, tokens seen: 6343884800, grad norm: 0.2902
[iter 24210]loss: 3.0315, tokens/sec: 29510.79 ± 302.22, tokens seen: 6346506240, grad norm: 0.3215
[iter 24220]loss: 2.8223, tokens/sec: 29510.80 ± 302.16, tokens seen: 6349127680, grad norm: 0.3318
[iter 24230]loss: 2.9039, tokens/sec: 29510.82 ± 302.10, tokens seen: 6351749120, grad norm: 0.3730
[iter 24240]loss: 3.0629, tokens/sec: 29510.72 ± 302.50, tokens seen: 6354370560, grad norm: 0.3259
[iter 24250]loss: 2.9309, tokens/sec: 29510.73 ± 302.44, tokens seen: 6356992000, grad norm: 0.4107
[iter 24260]loss: 2.8876, tokens/sec: 29510.67 ± 302.55, tokens seen: 6359613440, grad norm: 0.2821
[iter 24270]loss: 2.8041, tokens/sec: 29510.68 ± 302.49, tokens seen: 6362234880, grad norm: 0.3168
[iter 24280]loss: 2.6468, tokens/sec: 29510.69 ± 302.43, tokens seen: 6364856320, grad norm: 0.3157
[iter 24290]loss: 2.8391, tokens/sec: 29510.71 ± 302.36, tokens seen: 6367477760, grad norm: 0.3390
[iter 24300]loss: 2.9177, tokens/sec: 29510.72 ± 302.30, tokens seen: 6370099200, grad norm: 0.3511
[iter 24310]loss: 2.7693, tokens/sec: 29510.73 ± 302.24, tokens seen: 6372720640, grad norm: 0.4047
[iter 24320]loss: 2.7066, tokens/sec: 29510.74 ± 302.18, tokens seen: 6375342080, grad norm: 0.3222
[iter 24330]loss: 2.9762, tokens/sec: 29510.75 ± 302.12, tokens seen: 6377963520, grad norm: 0.3017
[iter 24340]loss: 2.7163, tokens/sec: 29510.76 ± 302.06, tokens seen: 6380584960, grad norm: 0.3221
[iter 24350]loss: 2.9362, tokens/sec: 29510.77 ± 301.99, tokens seen: 6383206400, grad norm: 0.3828
[iter 24360]loss: 2.8734, tokens/sec: 29510.78 ± 301.93, tokens seen: 6385827840, grad norm: 0.3536
[iter 24370]loss: 2.7669, tokens/sec: 29510.79 ± 301.87, tokens seen: 6388449280, grad norm: 0.3631
[iter 24380]loss: 2.8323, tokens/sec: 29510.81 ± 301.81, tokens seen: 6391070720, grad norm: 0.3312
[iter 24390]loss: 2.8850, tokens/sec: 29510.82 ± 301.75, tokens seen: 6393692160, grad norm: 0.3564
[iter 24400]loss: 2.8082, tokens/sec: 29510.72 ± 302.20, tokens seen: 6396313600, grad norm: 0.3175
[iter 24410]loss: 2.9328, tokens/sec: 29510.73 ± 302.14, tokens seen: 6398935040, grad norm: 0.3082
[iter 24420]loss: 2.9888, tokens/sec: 29510.74 ± 302.08, tokens seen: 6401556480, grad norm: 0.4375
[iter 24430]loss: 3.0213, tokens/sec: 29510.75 ± 302.01, tokens seen: 6404177920, grad norm: 0.3370
[iter 24440]loss: 2.9163, tokens/sec: 29510.77 ± 301.95, tokens seen: 6406799360, grad norm: 0.3329
[iter 24450]loss: 2.9665, tokens/sec: 29510.78 ± 301.89, tokens seen: 6409420800, grad norm: 0.3495
[iter 24460]loss: 3.1224, tokens/sec: 29510.79 ± 301.83, tokens seen: 6412042240, grad norm: 0.2822
[iter 24470]loss: 2.8318, tokens/sec: 29510.80 ± 301.77, tokens seen: 6414663680, grad norm: 0.3809
[iter 24480]loss: 3.0690, tokens/sec: 29510.82 ± 301.71, tokens seen: 6417285120, grad norm: 0.2953
[iter 24490]loss: 2.7356, tokens/sec: 29510.83 ± 301.65, tokens seen: 6419906560, grad norm: 0.3584
[step 24500]train loss: 2.9111, val loss: 2.9179, (avg train loss: 0.1812 ± 0.0085), (avg grad norm: 0.3441 ± 0.0397)
saving checkpoint to ./out-owt-large-mhc-group-lora-midnorm-wsd-bs8-30000step
[iter 24500]loss: 2.6517, tokens/sec: 29510.84 ± 301.59, tokens seen: 6422528000, grad norm: 0.3273
[iter 24510]loss: 2.9364, tokens/sec: 29510.86 ± 301.53, tokens seen: 6425149440, grad norm: 0.3018
[iter 24520]loss: 3.1319, tokens/sec: 29510.87 ± 301.47, tokens seen: 6427770880, grad norm: 0.3427
[iter 24530]loss: 2.9513, tokens/sec: 29510.88 ± 301.40, tokens seen: 6430392320, grad norm: 0.3493
[iter 24540]loss: 3.0038, tokens/sec: 29510.82 ± 301.52, tokens seen: 6433013760, grad norm: 0.3266
[iter 24550]loss: 2.9825, tokens/sec: 29510.83 ± 301.46, tokens seen: 6435635200, grad norm: 0.2950
[iter 24560]loss: 2.7967, tokens/sec: 29510.84 ± 301.40, tokens seen: 6438256640, grad norm: 0.3659
[iter 24570]loss: 2.8428, tokens/sec: 29510.74 ± 301.90, tokens seen: 6440878080, grad norm: 0.3634
[iter 24580]loss: 2.7849, tokens/sec: 29510.75 ± 301.84, tokens seen: 6443499520, grad norm: 0.3264
[iter 24590]loss: 2.8257, tokens/sec: 29510.76 ± 301.78, tokens seen: 6446120960, grad norm: 0.3401
[iter 24600]loss: 2.8544, tokens/sec: 29510.77 ± 301.72, tokens seen: 6448742400, grad norm: 0.2781
[iter 24610]loss: 2.8706, tokens/sec: 29510.79 ± 301.66, tokens seen: 6451363840, grad norm: 0.3306
[iter 24620]loss: 2.7878, tokens/sec: 29510.80 ± 301.60, tokens seen: 6453985280, grad norm: 0.3290
[iter 24630]loss: 2.9293, tokens/sec: 29510.81 ± 301.54, tokens seen: 6456606720, grad norm: 0.3357
[iter 24640]loss: 2.8754, tokens/sec: 29510.82 ± 301.48, tokens seen: 6459228160, grad norm: 0.3562
[iter 24650]loss: 3.0334, tokens/sec: 29510.84 ± 301.42, tokens seen: 6461849600, grad norm: 0.3766
[iter 24660]loss: 2.9991, tokens/sec: 29510.85 ± 301.35, tokens seen: 6464471040, grad norm: 0.3214
[iter 24670]loss: 2.8549, tokens/sec: 29510.86 ± 301.29, tokens seen: 6467092480, grad norm: 0.3564
[iter 24680]loss: 3.1102, tokens/sec: 29510.81 ± 301.40, tokens seen: 6469713920, grad norm: 0.2945
[iter 24690]loss: 2.6579, tokens/sec: 29510.82 ± 301.34, tokens seen: 6472335360, grad norm: 0.3883
[iter 24700]loss: 3.0094, tokens/sec: 29510.83 ± 301.28, tokens seen: 6474956800, grad norm: 0.3036
[iter 24710]loss: 3.3285, tokens/sec: 29510.85 ± 301.22, tokens seen: 6477578240, grad norm: 0.4070
[iter 24720]loss: 3.1427, tokens/sec: 29510.86 ± 301.16, tokens seen: 6480199680, grad norm: 0.3168
[iter 24730]loss: 2.7099, tokens/sec: 29510.76 ± 301.54, tokens seen: 6482821120, grad norm: 0.3452
[iter 24740]loss: 2.9350, tokens/sec: 29510.77 ± 301.48, tokens seen: 6485442560, grad norm: 0.3313
[iter 24750]loss: 3.3710, tokens/sec: 29510.78 ± 301.42, tokens seen: 6488064000, grad norm: 0.3347
[iter 24760]loss: 2.8455, tokens/sec: 29510.79 ± 301.35, tokens seen: 6490685440, grad norm: 0.3027
[iter 24770]loss: 3.1206, tokens/sec: 29510.80 ± 301.29, tokens seen: 6493306880, grad norm: 0.4017
[iter 24780]loss: 2.8344, tokens/sec: 29510.81 ± 301.23, tokens seen: 6495928320, grad norm: 0.4215
[iter 24790]loss: 3.1525, tokens/sec: 29510.82 ± 301.17, tokens seen: 6498549760, grad norm: 0.3551
[iter 24800]loss: 3.1219, tokens/sec: 29510.84 ± 301.11, tokens seen: 6501171200, grad norm: 0.3525
[iter 24810]loss: 2.7068, tokens/sec: 29510.85 ± 301.05, tokens seen: 6503792640, grad norm: 0.3384
[iter 24820]loss: 2.7633, tokens/sec: 29510.79 ± 301.16, tokens seen: 6506414080, grad norm: 0.3322
[iter 24830]loss: 2.8756, tokens/sec: 29510.81 ± 301.10, tokens seen: 6509035520, grad norm: 0.3281
[iter 24840]loss: 2.9017, tokens/sec: 29510.82 ± 301.04, tokens seen: 6511656960, grad norm: 0.3481
[iter 24850]loss: 2.8133, tokens/sec: 29510.83 ± 300.98, tokens seen: 6514278400, grad norm: 0.3438
[iter 24860]loss: 2.9250, tokens/sec: 29510.84 ± 300.92, tokens seen: 6516899840, grad norm: 0.2903
[iter 24870]loss: 3.0374, tokens/sec: 29510.85 ± 300.86, tokens seen: 6519521280, grad norm: 0.3420
[iter 24880]loss: 2.9219, tokens/sec: 29510.86 ± 300.80, tokens seen: 6522142720, grad norm: 0.3064
[iter 24890]loss: 3.1244, tokens/sec: 29510.87 ± 300.74, tokens seen: 6524764160, grad norm: 0.3616
[iter 24900]loss: 2.9669, tokens/sec: 29510.78 ± 301.13, tokens seen: 6527385600, grad norm: 0.2953
[iter 24910]loss: 3.1388, tokens/sec: 29510.79 ± 301.07, tokens seen: 6530007040, grad norm: 0.3133
[iter 24920]loss: 2.9522, tokens/sec: 29510.80 ± 301.01, tokens seen: 6532628480, grad norm: 0.3096
[iter 24930]loss: 2.7011, tokens/sec: 29510.81 ± 300.95, tokens seen: 6535249920, grad norm: 0.3558
[iter 24940]loss: 2.8478, tokens/sec: 29510.82 ± 300.89, tokens seen: 6537871360, grad norm: 0.3103
[iter 24950]loss: 2.9224, tokens/sec: 29510.83 ± 300.83, tokens seen: 6540492800, grad norm: 0.2915
[iter 24960]loss: 2.9270, tokens/sec: 29510.78 ± 300.93, tokens seen: 6543114240, grad norm: 0.3473
[iter 24970]loss: 3.0585, tokens/sec: 29510.79 ± 300.87, tokens seen: 6545735680, grad norm: 0.3327
[iter 24980]loss: 3.2228, tokens/sec: 29510.80 ± 300.82, tokens seen: 6548357120, grad norm: 0.3499
[iter 24990]loss: 2.9502, tokens/sec: 29510.82 ± 300.76, tokens seen: 6550978560, grad norm: 0.3173
[step 25000]train loss: 2.9272, val loss: 2.9162, (avg train loss: 0.1811 ± 0.0085), (avg grad norm: 0.3383 ± 0.0326)
saving checkpoint to ./out-owt-large-mhc-group-lora-midnorm-wsd-bs8-30000step
[iter 25000]loss: 2.8933, tokens/sec: 29510.82 ± 300.70, tokens seen: 6553600000, grad norm: 0.2893
[iter 25010]loss: 2.9591, tokens/sec: 29510.84 ± 300.64, tokens seen: 6556221440, grad norm: 0.3404
[iter 25020]loss: 3.0591, tokens/sec: 29510.85 ± 300.58, tokens seen: 6558842880, grad norm: 0.3114
[iter 25030]loss: 2.9533, tokens/sec: 29510.86 ± 300.52, tokens seen: 6561464320, grad norm: 0.3597
[iter 25040]loss: 2.9630, tokens/sec: 29510.88 ± 300.46, tokens seen: 6564085760, grad norm: 0.2956
[iter 25050]loss: 2.7828, tokens/sec: 29510.89 ± 300.40, tokens seen: 6566707200, grad norm: 0.3341
[iter 25060]loss: 2.7359, tokens/sec: 29510.90 ± 300.34, tokens seen: 6569328640, grad norm: 0.3394
[iter 25070]loss: 2.5857, tokens/sec: 29510.79 ± 300.84, tokens seen: 6571950080, grad norm: 0.3175
[iter 25080]loss: 2.9118, tokens/sec: 29510.80 ± 300.78, tokens seen: 6574571520, grad norm: 0.3331
[iter 25090]loss: 2.7699, tokens/sec: 29510.81 ± 300.72, tokens seen: 6577192960, grad norm: 0.3162
[iter 25100]loss: 2.9295, tokens/sec: 29510.76 ± 300.83, tokens seen: 6579814400, grad norm: 0.3958
[iter 25110]loss: 2.8096, tokens/sec: 29510.77 ± 300.77, tokens seen: 6582435840, grad norm: 0.3520
[iter 25120]loss: 2.7917, tokens/sec: 29510.78 ± 300.72, tokens seen: 6585057280, grad norm: 0.3150
[iter 25130]loss: 2.9940, tokens/sec: 29510.79 ± 300.66, tokens seen: 6587678720, grad norm: 0.3105
[iter 25140]loss: 3.0382, tokens/sec: 29510.80 ± 300.60, tokens seen: 6590300160, grad norm: 0.3193
[iter 25150]loss: 2.8708, tokens/sec: 29510.81 ± 300.54, tokens seen: 6592921600, grad norm: 0.3937
[iter 25160]loss: 2.7503, tokens/sec: 29510.83 ± 300.48, tokens seen: 6595543040, grad norm: 0.2876
[iter 25170]loss: 3.0105, tokens/sec: 29510.84 ± 300.42, tokens seen: 6598164480, grad norm: 0.3536
[iter 25180]loss: 2.8781, tokens/sec: 29510.85 ± 300.36, tokens seen: 6600785920, grad norm: 0.3045
[iter 25190]loss: 2.4518, tokens/sec: 29510.86 ± 300.30, tokens seen: 6603407360, grad norm: 0.3229
[iter 25200]loss: 2.9401, tokens/sec: 29510.87 ± 300.24, tokens seen: 6606028800, grad norm: 0.3190
[iter 25210]loss: 3.0087, tokens/sec: 29510.88 ± 300.18, tokens seen: 6608650240, grad norm: 0.3357
[iter 25220]loss: 2.8952, tokens/sec: 29510.89 ± 300.12, tokens seen: 6611271680, grad norm: 0.3056
[iter 25230]loss: 3.0369, tokens/sec: 29510.79 ± 300.60, tokens seen: 6613893120, grad norm: 0.3352
[iter 25240]loss: 2.9569, tokens/sec: 29510.80 ± 300.54, tokens seen: 6616514560, grad norm: 0.3612
[iter 25250]loss: 3.0760, tokens/sec: 29510.75 ± 300.66, tokens seen: 6619136000, grad norm: 0.3613
[iter 25260]loss: 2.9906, tokens/sec: 29510.76 ± 300.60, tokens seen: 6621757440, grad norm: 0.3408
[iter 25270]loss: 2.8260, tokens/sec: 29510.77 ± 300.54, tokens seen: 6624378880, grad norm: 0.3568
[iter 25280]loss: 2.8540, tokens/sec: 29510.78 ± 300.48, tokens seen: 6627000320, grad norm: 0.3266
[iter 25290]loss: 2.9798, tokens/sec: 29510.80 ± 300.42, tokens seen: 6629621760, grad norm: 0.3116
[iter 25300]loss: 2.8262, tokens/sec: 29510.81 ± 300.36, tokens seen: 6632243200, grad norm: 0.3093
[iter 25310]loss: 2.8763, tokens/sec: 29510.82 ± 300.31, tokens seen: 6634864640, grad norm: 0.3414
[iter 25320]loss: 2.8917, tokens/sec: 29510.83 ± 300.25, tokens seen: 6637486080, grad norm: 0.3508
[iter 25330]loss: 3.0318, tokens/sec: 29510.84 ± 300.19, tokens seen: 6640107520, grad norm: 0.3423
[iter 25340]loss: 2.8866, tokens/sec: 29510.85 ± 300.13, tokens seen: 6642728960, grad norm: 0.3059
[iter 25350]loss: 2.9047, tokens/sec: 29510.86 ± 300.07, tokens seen: 6645350400, grad norm: 0.5175
[iter 25360]loss: 3.0176, tokens/sec: 29510.87 ± 300.01, tokens seen: 6647971840, grad norm: 0.3231
[iter 25370]loss: 3.0511, tokens/sec: 29510.88 ± 299.95, tokens seen: 6650593280, grad norm: 0.3699
[iter 25380]loss: 3.1355, tokens/sec: 29510.89 ± 299.90, tokens seen: 6653214720, grad norm: 0.3883
[iter 25390]loss: 3.2089, tokens/sec: 29510.84 ± 300.01, tokens seen: 6655836160, grad norm: 0.3500
[iter 25400]loss: 2.9346, tokens/sec: 29510.73 ± 300.59, tokens seen: 6658457600, grad norm: 0.3266
[iter 25410]loss: 2.9139, tokens/sec: 29510.74 ± 300.53, tokens seen: 6661079040, grad norm: 0.3250
[iter 25420]loss: 2.8395, tokens/sec: 29510.75 ± 300.47, tokens seen: 6663700480, grad norm: 0.4192
[iter 25430]loss: 2.7272, tokens/sec: 29510.76 ± 300.41, tokens seen: 6666321920, grad norm: 0.2926
[iter 25440]loss: 3.3371, tokens/sec: 29510.77 ± 300.35, tokens seen: 6668943360, grad norm: 0.3310
[iter 25450]loss: 2.5745, tokens/sec: 29510.78 ± 300.30, tokens seen: 6671564800, grad norm: 0.3353
[iter 25460]loss: 3.0006, tokens/sec: 29510.80 ± 300.24, tokens seen: 6674186240, grad norm: 0.3425
[iter 25470]loss: 2.9671, tokens/sec: 29510.81 ± 300.18, tokens seen: 6676807680, grad norm: 0.3898
[iter 25480]loss: 2.7944, tokens/sec: 29510.82 ± 300.12, tokens seen: 6679429120, grad norm: 0.3154
[iter 25490]loss: 2.8643, tokens/sec: 29510.83 ± 300.06, tokens seen: 6682050560, grad norm: 0.3033
[step 25500]train loss: 2.9098, val loss: 2.9076, (avg train loss: 0.1809 ± 0.0088), (avg grad norm: 0.3487 ± 0.0395)
saving checkpoint to ./out-owt-large-mhc-group-lora-midnorm-wsd-bs8-30000step
[iter 25500]loss: 2.6431, tokens/sec: 29510.84 ± 300.00, tokens seen: 6684672000, grad norm: 0.3565
[iter 25510]loss: 2.9228, tokens/sec: 29510.86 ± 299.95, tokens seen: 6687293440, grad norm: 0.3041
[iter 25520]loss: 3.0193, tokens/sec: 29510.87 ± 299.89, tokens seen: 6689914880, grad norm: 0.3068
[iter 25530]loss: 2.7556, tokens/sec: 29510.82 ± 300.00, tokens seen: 6692536320, grad norm: 0.3507
[iter 25540]loss: 3.1859, tokens/sec: 29510.83 ± 299.94, tokens seen: 6695157760, grad norm: 0.2883
[iter 25550]loss: 2.9608, tokens/sec: 29510.84 ± 299.88, tokens seen: 6697779200, grad norm: 0.3841
[iter 25560]loss: 2.8215, tokens/sec: 29510.76 ± 300.16, tokens seen: 6700400640, grad norm: 0.3058
[iter 25570]loss: 2.5986, tokens/sec: 29510.77 ± 300.11, tokens seen: 6703022080, grad norm: 0.3097
[iter 25580]loss: 2.9366, tokens/sec: 29510.79 ± 300.05, tokens seen: 6705643520, grad norm: 0.3366
[iter 25590]loss: 2.8652, tokens/sec: 29510.80 ± 299.99, tokens seen: 6708264960, grad norm: 0.3252
[iter 25600]loss: 2.9437, tokens/sec: 29510.81 ± 299.93, tokens seen: 6710886400, grad norm: 0.3427
[iter 25610]loss: 2.8523, tokens/sec: 29510.82 ± 299.87, tokens seen: 6713507840, grad norm: 0.2950
[iter 25620]loss: 2.8361, tokens/sec: 29510.82 ± 299.82, tokens seen: 6716129280, grad norm: 0.3408
[iter 25630]loss: 2.4200, tokens/sec: 29510.83 ± 299.76, tokens seen: 6718750720, grad norm: 0.4231
[iter 25640]loss: 3.0775, tokens/sec: 29510.84 ± 299.70, tokens seen: 6721372160, grad norm: 0.3237
[iter 25650]loss: 2.8390, tokens/sec: 29510.85 ± 299.64, tokens seen: 6723993600, grad norm: 0.3207
[iter 25660]loss: 2.6795, tokens/sec: 29510.86 ± 299.58, tokens seen: 6726615040, grad norm: 0.2953
[iter 25670]loss: 3.1738, tokens/sec: 29510.81 ± 299.69, tokens seen: 6729236480, grad norm: 0.3833
[iter 25680]loss: 2.9723, tokens/sec: 29510.82 ± 299.63, tokens seen: 6731857920, grad norm: 0.3801
[iter 25690]loss: 3.0298, tokens/sec: 29510.83 ± 299.57, tokens seen: 6734479360, grad norm: 0.3346
[iter 25700]loss: 2.9921, tokens/sec: 29510.84 ± 299.52, tokens seen: 6737100800, grad norm: 0.3154
[iter 25710]loss: 2.9003, tokens/sec: 29510.85 ± 299.46, tokens seen: 6739722240, grad norm: 0.3171
[iter 25720]loss: 2.9800, tokens/sec: 29510.86 ± 299.40, tokens seen: 6742343680, grad norm: 0.3202
[iter 25730]loss: 3.0119, tokens/sec: 29510.77 ± 299.81, tokens seen: 6744965120, grad norm: 0.3324
[iter 25740]loss: 2.8655, tokens/sec: 29510.78 ± 299.75, tokens seen: 6747586560, grad norm: 0.3640
[iter 25750]loss: 2.9044, tokens/sec: 29510.79 ± 299.69, tokens seen: 6750208000, grad norm: 0.3120
[iter 25760]loss: 2.9063, tokens/sec: 29510.80 ± 299.64, tokens seen: 6752829440, grad norm: 0.3241
[iter 25770]loss: 2.9748, tokens/sec: 29510.82 ± 299.58, tokens seen: 6755450880, grad norm: 0.3308
[iter 25780]loss: 2.9695, tokens/sec: 29510.83 ± 299.52, tokens seen: 6758072320, grad norm: 0.3654
[iter 25790]loss: 2.9108, tokens/sec: 29510.84 ± 299.46, tokens seen: 6760693760, grad norm: 0.4000
[iter 25800]loss: 2.9410, tokens/sec: 29510.85 ± 299.41, tokens seen: 6763315200, grad norm: 0.3372
[iter 25810]loss: 2.9926, tokens/sec: 29510.80 ± 299.51, tokens seen: 6765936640, grad norm: 0.3948
[iter 25820]loss: 2.9187, tokens/sec: 29510.82 ± 299.45, tokens seen: 6768558080, grad norm: 0.4428
[iter 25830]loss: 2.9601, tokens/sec: 29510.83 ± 299.39, tokens seen: 6771179520, grad norm: 0.3394
[iter 25840]loss: 2.9621, tokens/sec: 29510.84 ± 299.34, tokens seen: 6773800960, grad norm: 0.3154
[iter 25850]loss: 2.9458, tokens/sec: 29510.85 ± 299.28, tokens seen: 6776422400, grad norm: 0.3171
[iter 25860]loss: 2.8351, tokens/sec: 29510.86 ± 299.22, tokens seen: 6779043840, grad norm: 0.3270
[iter 25870]loss: 2.7609, tokens/sec: 29510.87 ± 299.16, tokens seen: 6781665280, grad norm: 0.3124
[iter 25880]loss: 3.1029, tokens/sec: 29510.88 ± 299.11, tokens seen: 6784286720, grad norm: 0.3644
[iter 25890]loss: 2.9475, tokens/sec: 29510.79 ± 299.49, tokens seen: 6786908160, grad norm: 0.3290
[iter 25900]loss: 2.9613, tokens/sec: 29510.80 ± 299.43, tokens seen: 6789529600, grad norm: 0.3344
[iter 25910]loss: 2.8632, tokens/sec: 29510.82 ± 299.37, tokens seen: 6792151040, grad norm: 0.3110
[iter 25920]loss: 2.7904, tokens/sec: 29510.83 ± 299.32, tokens seen: 6794772480, grad norm: 0.3359
[iter 25930]loss: 2.7257, tokens/sec: 29510.84 ± 299.26, tokens seen: 6797393920, grad norm: 0.3276
[iter 25940]loss: 2.9523, tokens/sec: 29510.86 ± 299.20, tokens seen: 6800015360, grad norm: 0.2990
[iter 25950]loss: 2.9333, tokens/sec: 29510.81 ± 299.31, tokens seen: 6802636800, grad norm: 0.4086
[iter 25960]loss: 3.0010, tokens/sec: 29510.82 ± 299.25, tokens seen: 6805258240, grad norm: 0.3486
[iter 25970]loss: 2.8606, tokens/sec: 29510.83 ± 299.19, tokens seen: 6807879680, grad norm: 0.3301
[iter 25980]loss: 2.8988, tokens/sec: 29510.84 ± 299.14, tokens seen: 6810501120, grad norm: 0.2773
[iter 25990]loss: 2.9960, tokens/sec: 29510.86 ± 299.08, tokens seen: 6813122560, grad norm: 0.2870
[step 26000]train loss: 2.8868, val loss: 2.9072, (avg train loss: 0.1809 ± 0.0078), (avg grad norm: 0.3339 ± 0.0344)
saving checkpoint to ./out-owt-large-mhc-group-lora-midnorm-wsd-bs8-30000step
[iter 26000]loss: 2.7388, tokens/sec: 29510.87 ± 299.02, tokens seen: 6815744000, grad norm: 0.3396
[iter 26010]loss: 2.7636, tokens/sec: 29510.88 ± 298.97, tokens seen: 6818365440, grad norm: 0.3134
[iter 26020]loss: 2.9359, tokens/sec: 29510.90 ± 298.91, tokens seen: 6820986880, grad norm: 0.3221
[iter 26030]loss: 3.0790, tokens/sec: 29510.91 ± 298.85, tokens seen: 6823608320, grad norm: 0.3112
[iter 26040]loss: 2.5821, tokens/sec: 29510.92 ± 298.80, tokens seen: 6826229760, grad norm: 0.3285
[iter 26050]loss: 2.9860, tokens/sec: 29510.94 ± 298.74, tokens seen: 6828851200, grad norm: 0.3424
[iter 26060]loss: 2.7919, tokens/sec: 29510.86 ± 299.03, tokens seen: 6831472640, grad norm: 0.3200
[iter 26070]loss: 2.8687, tokens/sec: 29510.87 ± 298.98, tokens seen: 6834094080, grad norm: 0.3159
[iter 26080]loss: 2.7095, tokens/sec: 29510.88 ± 298.92, tokens seen: 6836715520, grad norm: 0.3583
[iter 26090]loss: 2.4020, tokens/sec: 29510.83 ± 299.02, tokens seen: 6839336960, grad norm: 0.3118
[iter 26100]loss: 2.8640, tokens/sec: 29510.85 ± 298.97, tokens seen: 6841958400, grad norm: 0.3766
[iter 26110]loss: 2.5386, tokens/sec: 29510.86 ± 298.91, tokens seen: 6844579840, grad norm: 0.3477
[iter 26120]loss: 3.0099, tokens/sec: 29510.87 ± 298.85, tokens seen: 6847201280, grad norm: 0.3564
[iter 26130]loss: 3.0823, tokens/sec: 29510.88 ± 298.80, tokens seen: 6849822720, grad norm: 0.2784
[iter 26140]loss: 3.0389, tokens/sec: 29510.89 ± 298.74, tokens seen: 6852444160, grad norm: 0.3511
[iter 26150]loss: 2.8640, tokens/sec: 29510.91 ± 298.68, tokens seen: 6855065600, grad norm: 0.3061
[iter 26160]loss: 2.9347, tokens/sec: 29510.92 ± 298.63, tokens seen: 6857687040, grad norm: 0.3116
[iter 26170]loss: 3.0379, tokens/sec: 29510.93 ± 298.57, tokens seen: 6860308480, grad norm: 0.3768
[iter 26180]loss: 2.6605, tokens/sec: 29510.94 ± 298.51, tokens seen: 6862929920, grad norm: 0.4170
[iter 26190]loss: 2.7603, tokens/sec: 29510.95 ± 298.46, tokens seen: 6865551360, grad norm: 0.3299
[iter 26200]loss: 2.8954, tokens/sec: 29510.97 ± 298.40, tokens seen: 6868172800, grad norm: 0.3717
[iter 26210]loss: 2.9752, tokens/sec: 29510.98 ± 298.35, tokens seen: 6870794240, grad norm: 0.3601
[iter 26220]loss: 2.9294, tokens/sec: 29510.99 ± 298.29, tokens seen: 6873415680, grad norm: 0.3587
[iter 26230]loss: 2.9924, tokens/sec: 29510.83 ± 298.90, tokens seen: 6876037120, grad norm: 0.2946
[iter 26240]loss: 2.9683, tokens/sec: 29510.85 ± 298.84, tokens seen: 6878658560, grad norm: 0.3271
[iter 26250]loss: 2.8945, tokens/sec: 29510.86 ± 298.78, tokens seen: 6881280000, grad norm: 0.2894
[iter 26260]loss: 2.9229, tokens/sec: 29510.87 ± 298.73, tokens seen: 6883901440, grad norm: 0.3112
[iter 26270]loss: 2.6997, tokens/sec: 29510.88 ± 298.67, tokens seen: 6886522880, grad norm: 0.3122
[iter 26280]loss: 3.0292, tokens/sec: 29510.90 ± 298.62, tokens seen: 6889144320, grad norm: 0.4413
[iter 26290]loss: 2.7952, tokens/sec: 29510.91 ± 298.56, tokens seen: 6891765760, grad norm: 0.3365
[iter 26300]loss: 2.9404, tokens/sec: 29510.92 ± 298.50, tokens seen: 6894387200, grad norm: 0.3159
[iter 26310]loss: 2.8609, tokens/sec: 29510.93 ± 298.45, tokens seen: 6897008640, grad norm: 0.3528
[iter 26320]loss: 2.7831, tokens/sec: 29510.95 ± 298.39, tokens seen: 6899630080, grad norm: 0.2911
[iter 26330]loss: 2.9646, tokens/sec: 29510.96 ± 298.34, tokens seen: 6902251520, grad norm: 0.3782
[iter 26340]loss: 2.8203, tokens/sec: 29510.97 ± 298.28, tokens seen: 6904872960, grad norm: 0.3321
[iter 26350]loss: 2.8586, tokens/sec: 29510.98 ± 298.22, tokens seen: 6907494400, grad norm: 0.3478
[iter 26360]loss: 2.9234, tokens/sec: 29511.00 ± 298.17, tokens seen: 6910115840, grad norm: 0.2981
[iter 26370]loss: 2.9602, tokens/sec: 29510.95 ± 298.27, tokens seen: 6912737280, grad norm: 0.3326
[iter 26380]loss: 2.6859, tokens/sec: 29510.96 ± 298.21, tokens seen: 6915358720, grad norm: 0.3414
[iter 26390]loss: 2.9603, tokens/sec: 29510.89 ± 298.46, tokens seen: 6917980160, grad norm: 0.3512
[iter 26400]loss: 2.9121, tokens/sec: 29510.90 ± 298.40, tokens seen: 6920601600, grad norm: 0.2719
[iter 26410]loss: 3.0560, tokens/sec: 29510.91 ± 298.34, tokens seen: 6923223040, grad norm: 0.2873
[iter 26420]loss: 3.0407, tokens/sec: 29510.93 ± 298.29, tokens seen: 6925844480, grad norm: 0.3072
[iter 26430]loss: 2.8771, tokens/sec: 29510.94 ± 298.23, tokens seen: 6928465920, grad norm: 0.3590
[iter 26440]loss: 2.9830, tokens/sec: 29510.95 ± 298.18, tokens seen: 6931087360, grad norm: 0.3505
[iter 26450]loss: 2.9899, tokens/sec: 29510.96 ± 298.12, tokens seen: 6933708800, grad norm: 0.3750
[iter 26460]loss: 2.8976, tokens/sec: 29510.97 ± 298.07, tokens seen: 6936330240, grad norm: 0.2991
[iter 26470]loss: 2.8637, tokens/sec: 29510.99 ± 298.01, tokens seen: 6938951680, grad norm: 0.3241
[iter 26480]loss: 3.0472, tokens/sec: 29511.00 ± 297.95, tokens seen: 6941573120, grad norm: 0.2849
[iter 26490]loss: 2.8226, tokens/sec: 29511.01 ± 297.90, tokens seen: 6944194560, grad norm: 0.3151
[step 26500]train loss: 2.8832, val loss: 2.8995, (avg train loss: 0.1814 ± 0.0081), (avg grad norm: 0.3356 ± 0.0371)
saving checkpoint to ./out-owt-large-mhc-group-lora-midnorm-wsd-bs8-30000step
[iter 26500]loss: 3.0339, tokens/sec: 29511.02 ± 297.85, tokens seen: 6946816000, grad norm: 0.3396
[iter 26510]loss: 2.6905, tokens/sec: 29510.97 ± 297.96, tokens seen: 6949437440, grad norm: 0.3094
[iter 26520]loss: 2.7789, tokens/sec: 29510.98 ± 297.90, tokens seen: 6952058880, grad norm: 0.3375
[iter 26530]loss: 2.9733, tokens/sec: 29510.99 ± 297.85, tokens seen: 6954680320, grad norm: 0.3025
[iter 26540]loss: 2.8036, tokens/sec: 29511.00 ± 297.79, tokens seen: 6957301760, grad norm: 0.2921
[iter 26550]loss: 2.9416, tokens/sec: 29511.02 ± 297.73, tokens seen: 6959923200, grad norm: 0.3233
[iter 26560]loss: 2.7591, tokens/sec: 29510.95 ± 297.98, tokens seen: 6962544640, grad norm: 0.3441
[iter 26570]loss: 2.7972, tokens/sec: 29510.96 ± 297.92, tokens seen: 6965166080, grad norm: 0.3722
[iter 26580]loss: 2.6393, tokens/sec: 29510.97 ± 297.87, tokens seen: 6967787520, grad norm: 0.3074
[iter 26590]loss: 2.8105, tokens/sec: 29510.98 ± 297.81, tokens seen: 6970408960, grad norm: 0.3274
[iter 26600]loss: 2.7529, tokens/sec: 29511.00 ± 297.76, tokens seen: 6973030400, grad norm: 0.3252
[iter 26610]loss: 2.8060, tokens/sec: 29511.01 ± 297.70, tokens seen: 6975651840, grad norm: 0.3841
[iter 26620]loss: 2.8778, tokens/sec: 29511.02 ± 297.65, tokens seen: 6978273280, grad norm: 0.3068
[iter 26630]loss: 2.7722, tokens/sec: 29511.03 ± 297.59, tokens seen: 6980894720, grad norm: 0.2885
[iter 26640]loss: 2.9514, tokens/sec: 29511.04 ± 297.54, tokens seen: 6983516160, grad norm: 0.3036
[iter 26650]loss: 2.7428, tokens/sec: 29510.99 ± 297.65, tokens seen: 6986137600, grad norm: 0.3017
[iter 26660]loss: 2.9994, tokens/sec: 29511.01 ± 297.60, tokens seen: 6988759040, grad norm: 0.3550
[iter 26670]loss: 2.9727, tokens/sec: 29511.02 ± 297.54, tokens seen: 6991380480, grad norm: 0.2996
[iter 26680]loss: 2.8782, tokens/sec: 29511.03 ± 297.49, tokens seen: 6994001920, grad norm: 0.2764
[iter 26690]loss: 2.7272, tokens/sec: 29511.04 ± 297.43, tokens seen: 6996623360, grad norm: 0.3759
[iter 26700]loss: 2.9743, tokens/sec: 29511.05 ± 297.38, tokens seen: 6999244800, grad norm: 0.3051
[iter 26710]loss: 2.6992, tokens/sec: 29511.07 ± 297.32, tokens seen: 7001866240, grad norm: 0.3605
[iter 26720]loss: 2.7894, tokens/sec: 29511.00 ± 297.56, tokens seen: 7004487680, grad norm: 0.2758
[iter 26730]loss: 3.0360, tokens/sec: 29511.01 ± 297.50, tokens seen: 7007109120, grad norm: 0.2738
[iter 26740]loss: 2.9984, tokens/sec: 29511.02 ± 297.45, tokens seen: 7009730560, grad norm: 0.3261
[iter 26750]loss: 3.0549, tokens/sec: 29511.04 ± 297.39, tokens seen: 7012352000, grad norm: 0.3711
[iter 26760]loss: 2.9644, tokens/sec: 29511.05 ± 297.34, tokens seen: 7014973440, grad norm: 0.3403
[iter 26770]loss: 2.7239, tokens/sec: 29511.06 ± 297.28, tokens seen: 7017594880, grad norm: 0.3417
[iter 26780]loss: 2.8194, tokens/sec: 29511.07 ± 297.23, tokens seen: 7020216320, grad norm: 0.3242
[iter 26790]loss: 2.8825, tokens/sec: 29511.02 ± 297.33, tokens seen: 7022837760, grad norm: 0.2905
[iter 26800]loss: 2.8309, tokens/sec: 29511.03 ± 297.27, tokens seen: 7025459200, grad norm: 0.3332
[iter 26810]loss: 2.8366, tokens/sec: 29511.04 ± 297.22, tokens seen: 7028080640, grad norm: 0.3570
[iter 26820]loss: 2.8327, tokens/sec: 29511.05 ± 297.16, tokens seen: 7030702080, grad norm: 0.2958
[iter 26830]loss: 2.9340, tokens/sec: 29511.07 ± 297.11, tokens seen: 7033323520, grad norm: 0.3392
[iter 26840]loss: 2.9123, tokens/sec: 29511.08 ± 297.05, tokens seen: 7035944960, grad norm: 0.3516
[iter 26850]loss: 2.8855, tokens/sec: 29511.09 ± 297.00, tokens seen: 7038566400, grad norm: 0.3272
[iter 26860]loss: 2.8295, tokens/sec: 29511.10 ± 296.94, tokens seen: 7041187840, grad norm: 0.3174
[iter 26870]loss: 2.8390, tokens/sec: 29511.11 ± 296.89, tokens seen: 7043809280, grad norm: 0.3635
[iter 26880]loss: 2.8567, tokens/sec: 29511.12 ± 296.84, tokens seen: 7046430720, grad norm: 0.2878
[iter 26890]loss: 2.9030, tokens/sec: 29511.04 ± 297.11, tokens seen: 7049052160, grad norm: 0.3242
[iter 26900]loss: 2.9897, tokens/sec: 29511.05 ± 297.06, tokens seen: 7051673600, grad norm: 0.3099
[iter 26910]loss: 2.8154, tokens/sec: 29511.06 ± 297.00, tokens seen: 7054295040, grad norm: 0.3557
[iter 26920]loss: 2.7900, tokens/sec: 29511.07 ± 296.95, tokens seen: 7056916480, grad norm: 0.3258
[iter 26930]loss: 2.4478, tokens/sec: 29511.02 ± 297.06, tokens seen: 7059537920, grad norm: 0.3412
[iter 26940]loss: 2.6569, tokens/sec: 29511.04 ± 297.01, tokens seen: 7062159360, grad norm: 0.3689
[iter 26950]loss: 2.9001, tokens/sec: 29511.05 ± 296.95, tokens seen: 7064780800, grad norm: 0.3110
[iter 26960]loss: 2.8376, tokens/sec: 29511.06 ± 296.90, tokens seen: 7067402240, grad norm: 0.3575
[iter 26970]loss: 2.9891, tokens/sec: 29511.07 ± 296.84, tokens seen: 7070023680, grad norm: 0.3077
[iter 26980]loss: 2.9139, tokens/sec: 29511.08 ± 296.79, tokens seen: 7072645120, grad norm: 0.3244
[iter 26990]loss: 2.7830, tokens/sec: 29511.09 ± 296.74, tokens seen: 7075266560, grad norm: 0.3312
[step 27000]train loss: 2.8707, val loss: 2.8901, (avg train loss: 0.1798 ± 0.0082), (avg grad norm: 0.3324 ± 0.0342)
saving checkpoint to ./out-owt-large-mhc-group-lora-midnorm-wsd-bs8-30000step
[iter 27000]loss: 3.0721, tokens/sec: 29511.11 ± 296.68, tokens seen: 7077888000, grad norm: 0.3343
[iter 27010]loss: 2.9763, tokens/sec: 29511.12 ± 296.63, tokens seen: 7080509440, grad norm: 0.2895
[iter 27020]loss: 2.6298, tokens/sec: 29511.13 ± 296.57, tokens seen: 7083130880, grad norm: 0.3387
[iter 27030]loss: 3.0299, tokens/sec: 29511.14 ± 296.52, tokens seen: 7085752320, grad norm: 0.3444
[iter 27040]loss: 2.8103, tokens/sec: 29511.15 ± 296.46, tokens seen: 7088373760, grad norm: 0.3042
[iter 27050]loss: 2.8851, tokens/sec: 29511.04 ± 296.95, tokens seen: 7090995200, grad norm: 0.2966
[iter 27060]loss: 2.7505, tokens/sec: 29511.06 ± 296.90, tokens seen: 7093616640, grad norm: 0.3764
[iter 27070]loss: 2.9169, tokens/sec: 29511.01 ± 297.01, tokens seen: 7096238080, grad norm: 0.3006
[iter 27080]loss: 3.1275, tokens/sec: 29511.02 ± 296.96, tokens seen: 7098859520, grad norm: 0.3182
[iter 27090]loss: 2.9367, tokens/sec: 29511.03 ± 296.91, tokens seen: 7101480960, grad norm: 0.3144
[iter 27100]loss: 2.9314, tokens/sec: 29511.04 ± 296.85, tokens seen: 7104102400, grad norm: 0.3049
[iter 27110]loss: 2.5447, tokens/sec: 29511.05 ± 296.80, tokens seen: 7106723840, grad norm: 0.3284
[iter 27120]loss: 3.0339, tokens/sec: 29511.06 ± 296.74, tokens seen: 7109345280, grad norm: 0.3052
[iter 27130]loss: 2.9384, tokens/sec: 29511.08 ± 296.69, tokens seen: 7111966720, grad norm: 0.2957
[iter 27140]loss: 2.9027, tokens/sec: 29511.09 ± 296.64, tokens seen: 7114588160, grad norm: 0.3353
[iter 27150]loss: 2.8985, tokens/sec: 29511.10 ± 296.58, tokens seen: 7117209600, grad norm: 0.2898
[iter 27160]loss: 2.7517, tokens/sec: 29511.11 ± 296.53, tokens seen: 7119831040, grad norm: 0.2968
[iter 27170]loss: 3.0499, tokens/sec: 29511.12 ± 296.47, tokens seen: 7122452480, grad norm: 0.2884
[iter 27180]loss: 2.7423, tokens/sec: 29511.13 ± 296.42, tokens seen: 7125073920, grad norm: 0.3419
[iter 27190]loss: 2.9412, tokens/sec: 29511.15 ± 296.37, tokens seen: 7127695360, grad norm: 0.3506
[iter 27200]loss: 2.6368, tokens/sec: 29511.16 ± 296.31, tokens seen: 7130316800, grad norm: 0.3163
[iter 27210]loss: 2.5443, tokens/sec: 29511.11 ± 296.42, tokens seen: 7132938240, grad norm: 0.3773
[iter 27220]loss: 2.8042, tokens/sec: 29511.04 ± 296.65, tokens seen: 7135559680, grad norm: 0.3564
[iter 27230]loss: 2.6055, tokens/sec: 29511.06 ± 296.60, tokens seen: 7138181120, grad norm: 0.3346
[iter 27240]loss: 2.6961, tokens/sec: 29511.07 ± 296.54, tokens seen: 7140802560, grad norm: 0.3091
[iter 27250]loss: 2.9902, tokens/sec: 29511.08 ± 296.49, tokens seen: 7143424000, grad norm: 0.2992
[iter 27260]loss: 2.8428, tokens/sec: 29511.09 ± 296.44, tokens seen: 7146045440, grad norm: 0.3438
[iter 27270]loss: 2.7168, tokens/sec: 29511.10 ± 296.38, tokens seen: 7148666880, grad norm: 0.2781
[iter 27280]loss: 2.8675, tokens/sec: 29511.12 ± 296.33, tokens seen: 7151288320, grad norm: 0.3567
[iter 27290]loss: 2.9716, tokens/sec: 29511.13 ± 296.27, tokens seen: 7153909760, grad norm: 0.2901
[iter 27300]loss: 2.9721, tokens/sec: 29511.14 ± 296.22, tokens seen: 7156531200, grad norm: 0.4238
[iter 27310]loss: 3.1638, tokens/sec: 29511.15 ± 296.17, tokens seen: 7159152640, grad norm: 0.2959
[iter 27320]loss: 2.8299, tokens/sec: 29511.17 ± 296.11, tokens seen: 7161774080, grad norm: 0.3800
[iter 27330]loss: 2.7683, tokens/sec: 29511.18 ± 296.06, tokens seen: 7164395520, grad norm: 0.3282
[iter 27340]loss: 2.8896, tokens/sec: 29511.19 ± 296.01, tokens seen: 7167016960, grad norm: 0.3926
[iter 27350]loss: 2.7489, tokens/sec: 29511.14 ± 296.11, tokens seen: 7169638400, grad norm: 0.2948
[iter 27360]loss: 2.8976, tokens/sec: 29511.15 ± 296.06, tokens seen: 7172259840, grad norm: 0.3504
[iter 27370]loss: 3.0160, tokens/sec: 29511.17 ± 296.01, tokens seen: 7174881280, grad norm: 0.2924
[iter 27380]loss: 2.8017, tokens/sec: 29511.18 ± 295.95, tokens seen: 7177502720, grad norm: 0.3151
[iter 27390]loss: 2.8586, tokens/sec: 29511.11 ± 296.15, tokens seen: 7180124160, grad norm: 0.3487
[iter 27400]loss: 2.8042, tokens/sec: 29511.12 ± 296.09, tokens seen: 7182745600, grad norm: 0.2977
[iter 27410]loss: 2.7081, tokens/sec: 29511.13 ± 296.04, tokens seen: 7185367040, grad norm: 0.3285
[iter 27420]loss: 2.7602, tokens/sec: 29511.14 ± 295.99, tokens seen: 7187988480, grad norm: 0.3972
[iter 27430]loss: 2.9099, tokens/sec: 29511.15 ± 295.93, tokens seen: 7190609920, grad norm: 0.2929
[iter 27440]loss: 2.8879, tokens/sec: 29511.16 ± 295.88, tokens seen: 7193231360, grad norm: 0.3188
[iter 27450]loss: 2.7694, tokens/sec: 29511.17 ± 295.83, tokens seen: 7195852800, grad norm: 0.3330
[iter 27460]loss: 2.8698, tokens/sec: 29511.18 ± 295.77, tokens seen: 7198474240, grad norm: 0.3566
[iter 27470]loss: 2.8195, tokens/sec: 29511.19 ± 295.72, tokens seen: 7201095680, grad norm: 0.2928
[iter 27480]loss: 2.9231, tokens/sec: 29511.20 ± 295.67, tokens seen: 7203717120, grad norm: 0.4003
[iter 27490]loss: 2.7270, tokens/sec: 29511.15 ± 295.78, tokens seen: 7206338560, grad norm: 0.2998
[step 27500]train loss: 2.8558, val loss: 2.8655, (avg train loss: 0.1778 ± 0.0089), (avg grad norm: 0.3252 ± 0.0333)
saving checkpoint to ./out-owt-large-mhc-group-lora-midnorm-wsd-bs8-30000step
[iter 27500]loss: 2.8508, tokens/sec: 29511.17 ± 295.72, tokens seen: 7208960000, grad norm: 0.2800
[iter 27510]loss: 3.0282, tokens/sec: 29511.18 ± 295.67, tokens seen: 7211581440, grad norm: 0.3334
[iter 27520]loss: 2.7286, tokens/sec: 29511.19 ± 295.62, tokens seen: 7214202880, grad norm: 0.3220
[iter 27530]loss: 3.0206, tokens/sec: 29511.21 ± 295.56, tokens seen: 7216824320, grad norm: 0.3156
[iter 27540]loss: 2.8263, tokens/sec: 29511.22 ± 295.51, tokens seen: 7219445760, grad norm: 0.3343
[iter 27550]loss: 2.9642, tokens/sec: 29511.16 ± 295.70, tokens seen: 7222067200, grad norm: 0.3095
[iter 27560]loss: 2.8548, tokens/sec: 29511.17 ± 295.64, tokens seen: 7224688640, grad norm: 0.3103
[iter 27570]loss: 3.0064, tokens/sec: 29511.18 ± 295.59, tokens seen: 7227310080, grad norm: 0.2968
[iter 27580]loss: 2.8410, tokens/sec: 29511.19 ± 295.54, tokens seen: 7229931520, grad norm: 0.3167
[iter 27590]loss: 2.7866, tokens/sec: 29511.21 ± 295.49, tokens seen: 7232552960, grad norm: 0.3320
[iter 27600]loss: 2.7113, tokens/sec: 29511.22 ± 295.43, tokens seen: 7235174400, grad norm: 0.2860
[iter 27610]loss: 3.0108, tokens/sec: 29511.23 ± 295.38, tokens seen: 7237795840, grad norm: 0.3262
[iter 27620]loss: 2.9717, tokens/sec: 29511.24 ± 295.33, tokens seen: 7240417280, grad norm: 0.3290
[iter 27630]loss: 2.8405, tokens/sec: 29511.19 ± 295.44, tokens seen: 7243038720, grad norm: 0.2750
[iter 27640]loss: 2.7170, tokens/sec: 29511.21 ± 295.39, tokens seen: 7245660160, grad norm: 0.2888
[iter 27650]loss: 2.7260, tokens/sec: 29511.22 ± 295.33, tokens seen: 7248281600, grad norm: 0.2948
[iter 27660]loss: 3.0757, tokens/sec: 29511.23 ± 295.28, tokens seen: 7250903040, grad norm: 0.3011
[iter 27670]loss: 2.8978, tokens/sec: 29511.24 ± 295.23, tokens seen: 7253524480, grad norm: 0.3939
[iter 27680]loss: 2.9403, tokens/sec: 29511.25 ± 295.17, tokens seen: 7256145920, grad norm: 0.3198
[iter 27690]loss: 2.9520, tokens/sec: 29511.26 ± 295.12, tokens seen: 7258767360, grad norm: 0.3023
[iter 27700]loss: 2.9477, tokens/sec: 29511.27 ± 295.07, tokens seen: 7261388800, grad norm: 0.2920
[iter 27710]loss: 3.0102, tokens/sec: 29511.28 ± 295.02, tokens seen: 7264010240, grad norm: 0.3042
[iter 27720]loss: 2.9795, tokens/sec: 29511.22 ± 295.20, tokens seen: 7266631680, grad norm: 0.3669
[iter 27730]loss: 2.7096, tokens/sec: 29511.22 ± 295.15, tokens seen: 7269253120, grad norm: 0.3591
[iter 27740]loss: 2.8913, tokens/sec: 29511.23 ± 295.09, tokens seen: 7271874560, grad norm: 0.2990
[iter 27750]loss: 2.8889, tokens/sec: 29511.24 ± 295.04, tokens seen: 7274496000, grad norm: 0.3222
[iter 27760]loss: 2.9985, tokens/sec: 29511.25 ± 294.99, tokens seen: 7277117440, grad norm: 0.3283
[iter 27770]loss: 2.8663, tokens/sec: 29511.20 ± 295.08, tokens seen: 7279738880, grad norm: 0.3046
[iter 27780]loss: 2.7854, tokens/sec: 29511.21 ± 295.03, tokens seen: 7282360320, grad norm: 0.2941
[iter 27790]loss: 2.7872, tokens/sec: 29511.22 ± 294.98, tokens seen: 7284981760, grad norm: 0.3009
[iter 27800]loss: 2.9606, tokens/sec: 29511.24 ± 294.93, tokens seen: 7287603200, grad norm: 0.3307
[iter 27810]loss: 3.1603, tokens/sec: 29511.25 ± 294.87, tokens seen: 7290224640, grad norm: 0.3418
[iter 27820]loss: 2.8681, tokens/sec: 29511.26 ± 294.82, tokens seen: 7292846080, grad norm: 0.2890
[iter 27830]loss: 2.7751, tokens/sec: 29511.27 ± 294.77, tokens seen: 7295467520, grad norm: 0.3243
[iter 27840]loss: 2.9987, tokens/sec: 29511.28 ± 294.72, tokens seen: 7298088960, grad norm: 0.2991
[iter 27850]loss: 2.6943, tokens/sec: 29511.29 ± 294.66, tokens seen: 7300710400, grad norm: 0.3138
[iter 27860]loss: 2.7036, tokens/sec: 29511.30 ± 294.61, tokens seen: 7303331840, grad norm: 0.2899
[iter 27870]loss: 3.0014, tokens/sec: 29511.31 ± 294.56, tokens seen: 7305953280, grad norm: 0.2621
[iter 27880]loss: 2.7421, tokens/sec: 29511.25 ± 294.75, tokens seen: 7308574720, grad norm: 0.2832
[iter 27890]loss: 2.9207, tokens/sec: 29511.26 ± 294.69, tokens seen: 7311196160, grad norm: 0.2913
[iter 27900]loss: 2.7928, tokens/sec: 29511.27 ± 294.64, tokens seen: 7313817600, grad norm: 0.3087
[iter 27910]loss: 2.9725, tokens/sec: 29511.23 ± 294.75, tokens seen: 7316439040, grad norm: 0.3455
[iter 27920]loss: 2.9026, tokens/sec: 29511.24 ± 294.70, tokens seen: 7319060480, grad norm: 0.3021
[iter 27930]loss: 2.8808, tokens/sec: 29511.25 ± 294.64, tokens seen: 7321681920, grad norm: 0.3070
[iter 27940]loss: 2.8140, tokens/sec: 29511.26 ± 294.59, tokens seen: 7324303360, grad norm: 0.3023
[iter 27950]loss: 2.7977, tokens/sec: 29511.27 ± 294.54, tokens seen: 7326924800, grad norm: 0.2915
[iter 27960]loss: 2.6772, tokens/sec: 29511.29 ± 294.49, tokens seen: 7329546240, grad norm: 0.3060
[iter 27970]loss: 2.8676, tokens/sec: 29511.30 ± 294.44, tokens seen: 7332167680, grad norm: 0.2888
[iter 27980]loss: 2.8828, tokens/sec: 29511.31 ± 294.38, tokens seen: 7334789120, grad norm: 0.3025
[iter 27990]loss: 2.5471, tokens/sec: 29511.32 ± 294.33, tokens seen: 7337410560, grad norm: 0.2904
[step 28000]train loss: 2.8483, val loss: 2.8455, (avg train loss: 0.1771 ± 0.0089), (avg grad norm: 0.3068 ± 0.0231)
saving checkpoint to ./out-owt-large-mhc-group-lora-midnorm-wsd-bs8-30000step
[iter 28000]loss: 2.7730, tokens/sec: 29511.33 ± 294.28, tokens seen: 7340032000, grad norm: 0.2812
[iter 28010]loss: 2.5792, tokens/sec: 29511.35 ± 294.23, tokens seen: 7342653440, grad norm: 0.2989
[iter 28020]loss: 2.8452, tokens/sec: 29511.35 ± 294.18, tokens seen: 7345274880, grad norm: 0.3014
[iter 28030]loss: 2.8753, tokens/sec: 29511.36 ± 294.12, tokens seen: 7347896320, grad norm: 0.3085
[iter 28040]loss: 2.8581, tokens/sec: 29511.37 ± 294.07, tokens seen: 7350517760, grad norm: 0.3161
[iter 28050]loss: 3.0162, tokens/sec: 29511.26 ± 294.40, tokens seen: 7353139200, grad norm: 0.2985
[iter 28060]loss: 2.7151, tokens/sec: 29511.27 ± 294.35, tokens seen: 7355760640, grad norm: 0.3260
[iter 28070]loss: 2.7042, tokens/sec: 29511.28 ± 294.29, tokens seen: 7358382080, grad norm: 0.3528
[iter 28080]loss: 3.0073, tokens/sec: 29511.29 ± 294.24, tokens seen: 7361003520, grad norm: 0.2983
[iter 28090]loss: 2.8711, tokens/sec: 29511.31 ± 294.19, tokens seen: 7363624960, grad norm: 0.2997
[iter 28100]loss: 2.8191, tokens/sec: 29511.32 ± 294.14, tokens seen: 7366246400, grad norm: 0.2815
[iter 28110]loss: 2.9607, tokens/sec: 29511.33 ± 294.09, tokens seen: 7368867840, grad norm: 0.2813
[iter 28120]loss: 2.9839, tokens/sec: 29511.34 ± 294.04, tokens seen: 7371489280, grad norm: 0.2654
[iter 28130]loss: 2.8024, tokens/sec: 29511.35 ± 293.98, tokens seen: 7374110720, grad norm: 0.3088
[iter 28140]loss: 2.8201, tokens/sec: 29511.36 ± 293.93, tokens seen: 7376732160, grad norm: 0.3473
[iter 28150]loss: 2.8445, tokens/sec: 29511.38 ± 293.88, tokens seen: 7379353600, grad norm: 0.2881
[iter 28160]loss: 2.9146, tokens/sec: 29511.39 ± 293.83, tokens seen: 7381975040, grad norm: 0.2982
[iter 28170]loss: 2.9685, tokens/sec: 29511.40 ± 293.78, tokens seen: 7384596480, grad norm: 0.3102
[iter 28180]loss: 2.6971, tokens/sec: 29511.41 ± 293.73, tokens seen: 7387217920, grad norm: 0.2792
[iter 28190]loss: 2.8098, tokens/sec: 29511.37 ± 293.83, tokens seen: 7389839360, grad norm: 0.3251
[iter 28200]loss: 2.8845, tokens/sec: 29511.38 ± 293.77, tokens seen: 7392460800, grad norm: 0.3078
[iter 28210]loss: 2.7810, tokens/sec: 29511.39 ± 293.72, tokens seen: 7395082240, grad norm: 0.2909
[iter 28220]loss: 2.9409, tokens/sec: 29511.33 ± 293.90, tokens seen: 7397703680, grad norm: 0.3136
[iter 28230]loss: 2.8476, tokens/sec: 29511.34 ± 293.85, tokens seen: 7400325120, grad norm: 0.2964
[iter 28240]loss: 2.9431, tokens/sec: 29511.35 ± 293.80, tokens seen: 7402946560, grad norm: 0.2864
[iter 28250]loss: 2.9471, tokens/sec: 29511.37 ± 293.75, tokens seen: 7405568000, grad norm: 0.3146
[iter 28260]loss: 2.9603, tokens/sec: 29511.38 ± 293.70, tokens seen: 7408189440, grad norm: 0.3189
[iter 28270]loss: 2.9094, tokens/sec: 29511.39 ± 293.65, tokens seen: 7410810880, grad norm: 0.3015
[iter 28280]loss: 2.6110, tokens/sec: 29511.40 ± 293.60, tokens seen: 7413432320, grad norm: 0.2775
[iter 28290]loss: 2.5637, tokens/sec: 29511.41 ± 293.54, tokens seen: 7416053760, grad norm: 0.2829
[iter 28300]loss: 2.9994, tokens/sec: 29511.43 ± 293.49, tokens seen: 7418675200, grad norm: 0.3041
[iter 28310]loss: 2.6320, tokens/sec: 29511.44 ± 293.44, tokens seen: 7421296640, grad norm: 0.2681
[iter 28320]loss: 2.7487, tokens/sec: 29511.45 ± 293.39, tokens seen: 7423918080, grad norm: 0.2641
[iter 28330]loss: 2.6312, tokens/sec: 29511.41 ± 293.49, tokens seen: 7426539520, grad norm: 0.2733
[iter 28340]loss: 3.1556, tokens/sec: 29511.42 ± 293.44, tokens seen: 7429160960, grad norm: 0.3221
[iter 28350]loss: 2.6725, tokens/sec: 29511.43 ± 293.39, tokens seen: 7431782400, grad norm: 0.2933
[iter 28360]loss: 2.9629, tokens/sec: 29511.44 ± 293.33, tokens seen: 7434403840, grad norm: 0.3746
[iter 28370]loss: 2.6912, tokens/sec: 29511.45 ± 293.28, tokens seen: 7437025280, grad norm: 0.3008
[iter 28380]loss: 2.7842, tokens/sec: 29511.39 ± 293.46, tokens seen: 7439646720, grad norm: 0.3014
[iter 28390]loss: 2.8265, tokens/sec: 29511.41 ± 293.41, tokens seen: 7442268160, grad norm: 0.2826
[iter 28400]loss: 2.9294, tokens/sec: 29511.42 ± 293.36, tokens seen: 7444889600, grad norm: 0.2875
[iter 28410]loss: 2.6861, tokens/sec: 29511.43 ± 293.31, tokens seen: 7447511040, grad norm: 0.3071
[iter 28420]loss: 2.8683, tokens/sec: 29511.44 ± 293.26, tokens seen: 7450132480, grad norm: 0.3055
[iter 28430]loss: 2.9781, tokens/sec: 29511.45 ± 293.21, tokens seen: 7452753920, grad norm: 0.3211
[iter 28440]loss: 2.6580, tokens/sec: 29511.46 ± 293.16, tokens seen: 7455375360, grad norm: 0.2613
[iter 28450]loss: 2.6651, tokens/sec: 29511.48 ± 293.11, tokens seen: 7457996800, grad norm: 0.3128
[iter 28460]loss: 2.6637, tokens/sec: 29511.49 ± 293.06, tokens seen: 7460618240, grad norm: 0.2759
[iter 28470]loss: 2.9388, tokens/sec: 29511.44 ± 293.16, tokens seen: 7463239680, grad norm: 0.2803
[iter 28480]loss: 2.7286, tokens/sec: 29511.45 ± 293.11, tokens seen: 7465861120, grad norm: 0.2991
[iter 28490]loss: 2.8891, tokens/sec: 29511.45 ± 293.06, tokens seen: 7468482560, grad norm: 0.3320
[step 28500]train loss: 2.8051, val loss: 2.8242, (avg train loss: 0.1764 ± 0.0088), (avg grad norm: 0.2981 ± 0.0205)
saving checkpoint to ./out-owt-large-mhc-group-lora-midnorm-wsd-bs8-30000step
[iter 28500]loss: 2.7508, tokens/sec: 29511.46 ± 293.01, tokens seen: 7471104000, grad norm: 0.3034
[iter 28510]loss: 2.5319, tokens/sec: 29511.47 ± 292.96, tokens seen: 7473725440, grad norm: 0.2959
[iter 28520]loss: 2.8913, tokens/sec: 29511.48 ± 292.91, tokens seen: 7476346880, grad norm: 0.2770
[iter 28530]loss: 2.8502, tokens/sec: 29511.49 ± 292.86, tokens seen: 7478968320, grad norm: 0.2999
[iter 28540]loss: 2.8465, tokens/sec: 29511.50 ± 292.81, tokens seen: 7481589760, grad norm: 0.3115
[iter 28550]loss: 2.5874, tokens/sec: 29511.44 ± 292.99, tokens seen: 7484211200, grad norm: 0.3142
[iter 28560]loss: 2.7595, tokens/sec: 29511.45 ± 292.94, tokens seen: 7486832640, grad norm: 0.2799
[iter 28570]loss: 2.6747, tokens/sec: 29511.46 ± 292.89, tokens seen: 7489454080, grad norm: 0.3710
[iter 28580]loss: 2.9948, tokens/sec: 29511.47 ± 292.84, tokens seen: 7492075520, grad norm: 0.2871
[iter 28590]loss: 2.8552, tokens/sec: 29511.49 ± 292.79, tokens seen: 7494696960, grad norm: 0.2707
[iter 28600]loss: 2.8901, tokens/sec: 29511.50 ± 292.74, tokens seen: 7497318400, grad norm: 0.2959
[iter 28610]loss: 2.8147, tokens/sec: 29511.45 ± 292.83, tokens seen: 7499939840, grad norm: 0.3011
[iter 28620]loss: 2.7332, tokens/sec: 29511.46 ± 292.78, tokens seen: 7502561280, grad norm: 0.2755
[iter 28630]loss: 2.7389, tokens/sec: 29511.47 ± 292.73, tokens seen: 7505182720, grad norm: 0.3088
[iter 28640]loss: 2.7110, tokens/sec: 29511.48 ± 292.68, tokens seen: 7507804160, grad norm: 0.2622
[iter 28650]loss: 2.8108, tokens/sec: 29511.48 ± 292.63, tokens seen: 7510425600, grad norm: 0.2722
[iter 28660]loss: 2.7776, tokens/sec: 29511.49 ± 292.58, tokens seen: 7513047040, grad norm: 0.2703
[iter 28670]loss: 2.8120, tokens/sec: 29511.50 ± 292.53, tokens seen: 7515668480, grad norm: 0.3021
[iter 28680]loss: 2.8988, tokens/sec: 29511.51 ± 292.48, tokens seen: 7518289920, grad norm: 0.2579
[iter 28690]loss: 2.7859, tokens/sec: 29511.52 ± 292.43, tokens seen: 7520911360, grad norm: 0.2855
[iter 28700]loss: 2.8771, tokens/sec: 29511.53 ± 292.38, tokens seen: 7523532800, grad norm: 0.2958
[iter 28710]loss: 2.7013, tokens/sec: 29511.47 ± 292.57, tokens seen: 7526154240, grad norm: 0.2771
[iter 28720]loss: 2.7072, tokens/sec: 29511.48 ± 292.52, tokens seen: 7528775680, grad norm: 0.2789
[iter 28730]loss: 2.9645, tokens/sec: 29511.49 ± 292.47, tokens seen: 7531397120, grad norm: 0.2768
[iter 28740]loss: 2.8141, tokens/sec: 29511.50 ± 292.42, tokens seen: 7534018560, grad norm: 0.2702
[iter 28750]loss: 2.4869, tokens/sec: 29511.45 ± 292.52, tokens seen: 7536640000, grad norm: 0.3010
[iter 28760]loss: 2.6979, tokens/sec: 29511.46 ± 292.47, tokens seen: 7539261440, grad norm: 0.2854
[iter 28770]loss: 2.7227, tokens/sec: 29511.47 ± 292.42, tokens seen: 7541882880, grad norm: 0.2597
[iter 28780]loss: 2.8047, tokens/sec: 29511.48 ± 292.37, tokens seen: 7544504320, grad norm: 0.2605
[iter 28790]loss: 3.0634, tokens/sec: 29511.48 ± 292.32, tokens seen: 7547125760, grad norm: 0.2947
[iter 28800]loss: 2.9409, tokens/sec: 29511.49 ± 292.27, tokens seen: 7549747200, grad norm: 0.2843
[iter 28810]loss: 2.8658, tokens/sec: 29511.50 ± 292.22, tokens seen: 7552368640, grad norm: 0.2935
[iter 28820]loss: 2.5230, tokens/sec: 29511.51 ± 292.17, tokens seen: 7554990080, grad norm: 0.2693
[iter 28830]loss: 2.6584, tokens/sec: 29511.52 ± 292.12, tokens seen: 7557611520, grad norm: 0.3123
[iter 28840]loss: 2.9710, tokens/sec: 29511.53 ± 292.07, tokens seen: 7560232960, grad norm: 0.3053
[iter 28850]loss: 2.9120, tokens/sec: 29511.54 ± 292.02, tokens seen: 7562854400, grad norm: 0.2682
[iter 28860]loss: 2.7623, tokens/sec: 29511.55 ± 291.97, tokens seen: 7565475840, grad norm: 0.2770
[iter 28870]loss: 2.8106, tokens/sec: 29511.56 ± 291.92, tokens seen: 7568097280, grad norm: 0.3083
[iter 28880]loss: 2.6552, tokens/sec: 29511.50 ± 292.11, tokens seen: 7570718720, grad norm: 0.2656
[iter 28890]loss: 2.9447, tokens/sec: 29511.45 ± 292.22, tokens seen: 7573340160, grad norm: 0.3097
[iter 28900]loss: 2.7680, tokens/sec: 29511.46 ± 292.17, tokens seen: 7575961600, grad norm: 0.2780
[iter 28910]loss: 3.0706, tokens/sec: 29511.47 ± 292.12, tokens seen: 7578583040, grad norm: 0.3092
[iter 28920]loss: 2.6653, tokens/sec: 29511.48 ± 292.07, tokens seen: 7581204480, grad norm: 0.2796
[iter 28930]loss: 2.7373, tokens/sec: 29511.49 ± 292.02, tokens seen: 7583825920, grad norm: 0.2699
[iter 28940]loss: 2.8189, tokens/sec: 29511.50 ± 291.97, tokens seen: 7586447360, grad norm: 0.2714
[iter 28950]loss: 2.9053, tokens/sec: 29511.51 ± 291.92, tokens seen: 7589068800, grad norm: 0.2658
[iter 28960]loss: 2.7497, tokens/sec: 29511.52 ± 291.87, tokens seen: 7591690240, grad norm: 0.3603
[iter 28970]loss: 2.5917, tokens/sec: 29511.53 ± 291.82, tokens seen: 7594311680, grad norm: 0.3140
[iter 28980]loss: 2.8027, tokens/sec: 29511.54 ± 291.77, tokens seen: 7596933120, grad norm: 0.2815
[iter 28990]loss: 2.8160, tokens/sec: 29511.55 ± 291.72, tokens seen: 7599554560, grad norm: 0.2765
[step 29000]train loss: 2.8087, val loss: 2.8241, (avg train loss: 0.1751 ± 0.0095), (avg grad norm: 0.2833 ± 0.0173)
saving checkpoint to ./out-owt-large-mhc-group-lora-midnorm-wsd-bs8-30000step
[iter 29000]loss: 2.5840, tokens/sec: 29511.56 ± 291.67, tokens seen: 7602176000, grad norm: 0.3106
[iter 29010]loss: 2.8590, tokens/sec: 29511.57 ± 291.62, tokens seen: 7604797440, grad norm: 0.2950
[iter 29020]loss: 2.3679, tokens/sec: 29511.58 ± 291.58, tokens seen: 7607418880, grad norm: 0.2705
[iter 29030]loss: 2.7640, tokens/sec: 29511.53 ± 291.67, tokens seen: 7610040320, grad norm: 0.2774
[iter 29040]loss: 2.7004, tokens/sec: 29511.47 ± 291.88, tokens seen: 7612661760, grad norm: 0.2594
[iter 29050]loss: 2.6974, tokens/sec: 29511.48 ± 291.83, tokens seen: 7615283200, grad norm: 0.2675
[iter 29060]loss: 2.7180, tokens/sec: 29511.49 ± 291.78, tokens seen: 7617904640, grad norm: 0.2797
[iter 29070]loss: 2.7853, tokens/sec: 29511.50 ± 291.73, tokens seen: 7620526080, grad norm: 0.2734
[iter 29080]loss: 2.7210, tokens/sec: 29511.51 ± 291.68, tokens seen: 7623147520, grad norm: 0.3085
[iter 29090]loss: 2.8035, tokens/sec: 29511.52 ± 291.63, tokens seen: 7625768960, grad norm: 0.2698
[iter 29100]loss: 2.5109, tokens/sec: 29511.53 ± 291.58, tokens seen: 7628390400, grad norm: 0.3422
[iter 29110]loss: 2.6710, tokens/sec: 29511.54 ± 291.53, tokens seen: 7631011840, grad norm: 0.2804
[iter 29120]loss: 2.8525, tokens/sec: 29511.56 ± 291.48, tokens seen: 7633633280, grad norm: 0.2854
[iter 29130]loss: 2.6594, tokens/sec: 29511.57 ± 291.43, tokens seen: 7636254720, grad norm: 0.2966
[iter 29140]loss: 2.6130, tokens/sec: 29511.58 ± 291.38, tokens seen: 7638876160, grad norm: 0.3448
[iter 29150]loss: 2.9655, tokens/sec: 29511.59 ± 291.33, tokens seen: 7641497600, grad norm: 0.3017
[iter 29160]loss: 2.8002, tokens/sec: 29511.60 ± 291.28, tokens seen: 7644119040, grad norm: 0.2940
[iter 29170]loss: 2.6756, tokens/sec: 29511.55 ± 291.40, tokens seen: 7646740480, grad norm: 0.2768
[iter 29180]loss: 2.8364, tokens/sec: 29511.56 ± 291.35, tokens seen: 7649361920, grad norm: 0.2730
[iter 29190]loss: 2.8833, tokens/sec: 29511.56 ± 291.30, tokens seen: 7651983360, grad norm: 0.2931
[iter 29200]loss: 3.2640, tokens/sec: 29511.57 ± 291.25, tokens seen: 7654604800, grad norm: 0.2644
[iter 29210]loss: 2.8170, tokens/sec: 29511.51 ± 291.44, tokens seen: 7657226240, grad norm: 0.2579
[iter 29220]loss: 2.6157, tokens/sec: 29511.52 ± 291.40, tokens seen: 7659847680, grad norm: 0.2693
[iter 29230]loss: 2.7682, tokens/sec: 29511.53 ± 291.35, tokens seen: 7662469120, grad norm: 0.2900
[iter 29240]loss: 2.9004, tokens/sec: 29511.53 ± 291.30, tokens seen: 7665090560, grad norm: 0.2928
[iter 29250]loss: 2.9122, tokens/sec: 29511.54 ± 291.25, tokens seen: 7667712000, grad norm: 0.2835
[iter 29260]loss: 2.8013, tokens/sec: 29511.55 ± 291.20, tokens seen: 7670333440, grad norm: 0.2815
[iter 29270]loss: 2.9489, tokens/sec: 29511.56 ± 291.15, tokens seen: 7672954880, grad norm: 0.2994
[iter 29280]loss: 2.7284, tokens/sec: 29511.57 ± 291.10, tokens seen: 7675576320, grad norm: 0.2765
[iter 29290]loss: 2.8684, tokens/sec: 29511.58 ± 291.05, tokens seen: 7678197760, grad norm: 0.2648
[iter 29300]loss: 2.8196, tokens/sec: 29511.59 ± 291.00, tokens seen: 7680819200, grad norm: 0.2653
[iter 29310]loss: 2.7046, tokens/sec: 29511.55 ± 291.10, tokens seen: 7683440640, grad norm: 0.2743
[iter 29320]loss: 3.0141, tokens/sec: 29511.56 ± 291.05, tokens seen: 7686062080, grad norm: 0.2735
[iter 29330]loss: 2.8489, tokens/sec: 29511.57 ± 291.00, tokens seen: 7688683520, grad norm: 0.3004
[iter 29340]loss: 2.7357, tokens/sec: 29511.58 ± 290.95, tokens seen: 7691304960, grad norm: 0.2538
[iter 29350]loss: 2.8033, tokens/sec: 29511.59 ± 290.90, tokens seen: 7693926400, grad norm: 0.3087
[iter 29360]loss: 2.8078, tokens/sec: 29511.60 ± 290.86, tokens seen: 7696547840, grad norm: 0.2622
[iter 29370]loss: 2.6372, tokens/sec: 29511.61 ± 290.81, tokens seen: 7699169280, grad norm: 0.2861
[iter 29380]loss: 2.5319, tokens/sec: 29511.56 ± 290.99, tokens seen: 7701790720, grad norm: 0.2808
[iter 29390]loss: 2.6564, tokens/sec: 29511.57 ± 290.94, tokens seen: 7704412160, grad norm: 0.2637
[iter 29400]loss: 2.9423, tokens/sec: 29511.58 ± 290.89, tokens seen: 7707033600, grad norm: 0.2716
[iter 29410]loss: 2.8665, tokens/sec: 29511.59 ± 290.84, tokens seen: 7709655040, grad norm: 0.2912
[iter 29420]loss: 2.3942, tokens/sec: 29511.60 ± 290.79, tokens seen: 7712276480, grad norm: 0.2803
[iter 29430]loss: 2.6925, tokens/sec: 29511.61 ± 290.74, tokens seen: 7714897920, grad norm: 0.3092
[iter 29440]loss: 2.9362, tokens/sec: 29511.62 ± 290.69, tokens seen: 7717519360, grad norm: 0.3028
[iter 29450]loss: 2.7306, tokens/sec: 29511.58 ± 290.79, tokens seen: 7720140800, grad norm: 0.2712
[iter 29460]loss: 2.8349, tokens/sec: 29511.59 ± 290.75, tokens seen: 7722762240, grad norm: 0.2626
[iter 29470]loss: 2.7553, tokens/sec: 29511.60 ± 290.70, tokens seen: 7725383680, grad norm: 0.2941
[iter 29480]loss: 2.9283, tokens/sec: 29511.61 ± 290.65, tokens seen: 7728005120, grad norm: 0.2717
[iter 29490]loss: 2.7946, tokens/sec: 29511.62 ± 290.60, tokens seen: 7730626560, grad norm: 0.2583
[step 29500]train loss: 2.7888, val loss: 2.8039, (avg train loss: 0.1755 ± 0.0077), (avg grad norm: 0.2789 ± 0.0177)
saving checkpoint to ./out-owt-large-mhc-group-lora-midnorm-wsd-bs8-30000step
[iter 29500]loss: 2.4896, tokens/sec: 29511.63 ± 290.55, tokens seen: 7733248000, grad norm: 0.2538
[iter 29510]loss: 2.7375, tokens/sec: 29511.64 ± 290.50, tokens seen: 7735869440, grad norm: 0.2579
[iter 29520]loss: 2.8104, tokens/sec: 29511.65 ± 290.45, tokens seen: 7738490880, grad norm: 0.2700
[iter 29530]loss: 2.5755, tokens/sec: 29511.66 ± 290.41, tokens seen: 7741112320, grad norm: 0.2717
[iter 29540]loss: 2.7515, tokens/sec: 29511.61 ± 290.59, tokens seen: 7743733760, grad norm: 0.2909
[iter 29550]loss: 2.8101, tokens/sec: 29511.62 ± 290.54, tokens seen: 7746355200, grad norm: 0.2596
[iter 29560]loss: 3.0060, tokens/sec: 29511.63 ± 290.49, tokens seen: 7748976640, grad norm: 0.2641
[iter 29570]loss: 2.5052, tokens/sec: 29511.64 ± 290.44, tokens seen: 7751598080, grad norm: 0.2743
[iter 29580]loss: 2.8293, tokens/sec: 29511.65 ± 290.40, tokens seen: 7754219520, grad norm: 0.2738
[iter 29590]loss: 2.9149, tokens/sec: 29511.60 ± 290.51, tokens seen: 7756840960, grad norm: 0.2908
[iter 29600]loss: 2.7414, tokens/sec: 29511.61 ± 290.46, tokens seen: 7759462400, grad norm: 0.2993
[iter 29610]loss: 2.9897, tokens/sec: 29511.62 ± 290.41, tokens seen: 7762083840, grad norm: 0.2780
[iter 29620]loss: 2.9513, tokens/sec: 29511.63 ± 290.36, tokens seen: 7764705280, grad norm: 0.3056
[iter 29630]loss: 2.5834, tokens/sec: 29511.64 ± 290.31, tokens seen: 7767326720, grad norm: 0.3017
[iter 29640]loss: 2.7524, tokens/sec: 29511.66 ± 290.26, tokens seen: 7769948160, grad norm: 0.2573
[iter 29650]loss: 2.5015, tokens/sec: 29511.67 ± 290.21, tokens seen: 7772569600, grad norm: 0.3017
[iter 29660]loss: 2.7728, tokens/sec: 29511.68 ± 290.17, tokens seen: 7775191040, grad norm: 0.2845
[iter 29670]loss: 2.8194, tokens/sec: 29511.69 ± 290.12, tokens seen: 7777812480, grad norm: 0.3086
[iter 29680]loss: 2.8473, tokens/sec: 29511.70 ± 290.07, tokens seen: 7780433920, grad norm: 0.2674
[iter 29690]loss: 3.3623, tokens/sec: 29511.71 ± 290.02, tokens seen: 7783055360, grad norm: 0.3141
[iter 29700]loss: 2.9037, tokens/sec: 29511.72 ± 289.97, tokens seen: 7785676800, grad norm: 0.2730
[iter 29710]loss: 2.7660, tokens/sec: 29511.66 ± 290.16, tokens seen: 7788298240, grad norm: 0.2589
[iter 29720]loss: 2.8536, tokens/sec: 29511.66 ± 290.11, tokens seen: 7790919680, grad norm: 0.2576
[iter 29730]loss: 2.6361, tokens/sec: 29511.67 ± 290.07, tokens seen: 7793541120, grad norm: 0.2708
[iter 29740]loss: 2.4802, tokens/sec: 29511.63 ± 290.16, tokens seen: 7796162560, grad norm: 0.2581
[iter 29750]loss: 2.7023, tokens/sec: 29511.64 ± 290.11, tokens seen: 7798784000, grad norm: 0.2578
[iter 29760]loss: 2.6919, tokens/sec: 29511.65 ± 290.06, tokens seen: 7801405440, grad norm: 0.2989
[iter 29770]loss: 2.7647, tokens/sec: 29511.66 ± 290.02, tokens seen: 7804026880, grad norm: 0.2718
[iter 29780]loss: 2.6636, tokens/sec: 29511.67 ± 289.97, tokens seen: 7806648320, grad norm: 0.2853
[iter 29790]loss: 2.6992, tokens/sec: 29511.68 ± 289.92, tokens seen: 7809269760, grad norm: 0.2848
[iter 29800]loss: 2.8227, tokens/sec: 29511.69 ± 289.87, tokens seen: 7811891200, grad norm: 0.2821
[iter 29810]loss: 2.6648, tokens/sec: 29511.70 ± 289.82, tokens seen: 7814512640, grad norm: 0.2637
[iter 29820]loss: 2.8245, tokens/sec: 29511.71 ± 289.78, tokens seen: 7817134080, grad norm: 0.2945
[iter 29830]loss: 2.8151, tokens/sec: 29511.72 ± 289.73, tokens seen: 7819755520, grad norm: 0.2871
[iter 29840]loss: 2.7057, tokens/sec: 29511.73 ± 289.68, tokens seen: 7822376960, grad norm: 0.2755
[iter 29850]loss: 2.7875, tokens/sec: 29511.74 ± 289.63, tokens seen: 7824998400, grad norm: 0.2712
[iter 29860]loss: 2.8684, tokens/sec: 29511.75 ± 289.58, tokens seen: 7827619840, grad norm: 0.2746
[iter 29870]loss: 2.8756, tokens/sec: 29511.69 ± 289.77, tokens seen: 7830241280, grad norm: 0.2925
[iter 29880]loss: 2.8931, tokens/sec: 29511.65 ± 289.88, tokens seen: 7832862720, grad norm: 0.2727
[iter 29890]loss: 2.7982, tokens/sec: 29511.65 ± 289.83, tokens seen: 7835484160, grad norm: 0.2855
[iter 29900]loss: 2.9278, tokens/sec: 29511.66 ± 289.78, tokens seen: 7838105600, grad norm: 0.3080
[iter 29910]loss: 2.7810, tokens/sec: 29511.67 ± 289.73, tokens seen: 7840727040, grad norm: 0.2890
[iter 29920]loss: 2.9639, tokens/sec: 29511.68 ± 289.68, tokens seen: 7843348480, grad norm: 0.2875
[iter 29930]loss: 2.8012, tokens/sec: 29511.69 ± 289.64, tokens seen: 7845969920, grad norm: 0.2655
[iter 29940]loss: 2.7197, tokens/sec: 29511.70 ± 289.59, tokens seen: 7848591360, grad norm: 0.2568
[iter 29950]loss: 2.7774, tokens/sec: 29511.71 ± 289.54, tokens seen: 7851212800, grad norm: 0.2778
[iter 29960]loss: 2.9065, tokens/sec: 29511.72 ± 289.49, tokens seen: 7853834240, grad norm: 0.2740
[iter 29970]loss: 2.7688, tokens/sec: 29511.73 ± 289.45, tokens seen: 7856455680, grad norm: 0.2827
[iter 29980]loss: 2.7830, tokens/sec: 29511.74 ± 289.40, tokens seen: 7859077120, grad norm: 0.2526
[iter 29990]loss: 2.7379, tokens/sec: 29511.74 ± 289.35, tokens seen: 7861698560, grad norm: 0.2789
[step 30000]train loss: 2.7913, val loss: 2.8188, (avg train loss: 0.1733 ± 0.0089), (avg grad norm: 0.2734 ± 0.0138)
[iter 30000]loss: 2.9660, tokens/sec: 29511.75 ± 289.30, tokens seen: 7864320000, grad norm: 0.2659
[1;34mwandb[0m: 
[1;34mwandb[0m: 🚀 View run [33mL-group-lora-midnorm-owt-bs8ga32-30kstep-wsd-1885[0m at: [34mhttps://wandb.ai/guotzzz-peking-university/mhc-lite/runs/7n0seyqz[0m
[1;34mwandb[0m: Find logs at: [1;35mwandb/run-20260814_105609-7n0seyqz/logs[0m
######## 1/3 done exit=0  Mon Aug 17 14:52:16 CST 2026 ########
######## 2/3 L mhc-lite WSD  Mon Aug 17 14:52:36 CST 2026 ########

*****************************************
Setting OMP_NUM_THREADS environment variable for each process to be 1 in default, to avoid your system being overloaded, please further tune the variable for optimal performance in your application as needed. 
*****************************************
Overriding config with config/train_owt.py:
eval_interval = 500
eval_iters = 200
log_interval = 10
always_save_checkpoint = False

wandb_log = True
wandb_project = 'mhc-lite'
out_prefix_dataset = "owt"

dataset = 'openwebtext'
gradient_accumulation_steps = 8  
batch_size = 16
block_size = 1024

dtype = 'bfloat16'

Overriding config with config/large_model.py:
wandb_group = "large"
out_prefix_model = "large"

n_layer = 24
n_head = 16
n_embd = 1024
dropout = 0.0

learning_rate = 3e-4
min_lr = 3e-5
max_iters = 10000
lr_decay_iters = 10000
warmup_iters = 200
weight_decay = 0.1
beta1 = 0.9
beta2 = 0.95
grad_clip = 1.0


Overriding config with config/with_mhc_lite.py:
hyper_conn_type = "mhc_lite"
hyper_conn_n = 4

wandb_notes = "mhc-lite"
out_prefix_method = "mhc-lite"
Overriding: batch_size = 8
Overriding: gradient_accumulation_steps = 32
Overriding: max_iters = 30000
Overriding: warmup_iters = 500
Overriding: lr_schedule = wsd
Overriding: lr_decay_start_iters = 25500
Overriding: lr_decay_iters = 30000
Overriding: learning_rate = 0.0003
Overriding: min_lr = 3e-05
Overriding: compile = True
Overriding: out_prefix_method = mhc-lite-wsd
Overriding: wandb_run_name = L-mhc-lite-owt-bs8ga32-30kstep-wsd
Overriding config with config/train_owt.py:
eval_interval = 500
eval_iters = 200
log_interval = 10
always_save_checkpoint = False

wandb_log = True
wandb_project = 'mhc-lite'
out_prefix_dataset = "owt"

dataset = 'openwebtext'
gradient_accumulation_steps = 8  
batch_size = 16
block_size = 1024

dtype = 'bfloat16'

Overriding config with config/large_model.py:
wandb_group = "large"
out_prefix_model = "large"

n_layer = 24
n_head = 16
n_embd = 1024
dropout = 0.0

learning_rate = 3e-4
min_lr = 3e-5
max_iters = 10000
lr_decay_iters = 10000
warmup_iters = 200
weight_decay = 0.1
beta1 = 0.9
beta2 = 0.95
grad_clip = 1.0


Overriding config with config/with_mhc_lite.py:
hyper_conn_type = "mhc_lite"
hyper_conn_n = 4

wandb_notes = "mhc-lite"
out_prefix_method = "mhc-lite"
Overriding: batch_size = 8
Overriding: gradient_accumulation_steps = 32
Overriding: max_iters = 30000
Overriding: warmup_iters = 500
Overriding: lr_schedule = wsd
Overriding: lr_decay_start_iters = 25500
Overriding: lr_decay_iters = 30000
Overriding: learning_rate = 0.0003
Overriding: min_lr = 3e-05
Overriding: compile = True
Overriding: out_prefix_method = mhc-lite-wsd
Overriding: wandb_run_name = L-mhc-lite-owt-bs8ga32-30kstep-wsd
tokens per iteration will be: 262,144
Initializing a new model from scratch
defaulting to vocab_size of GPT-2 to 50304 (50257 rounded up for efficiency)
HYPER_CONN: USING mhc_lite with 4 streams
wandb: [wandb.login()] Loaded credentials for https://api.wandb.ai from /root/.netrc.
wandb: Currently logged in as: guotzzz (guotzzz-peking-university) to https://api.wandb.ai. Use `wandb login --relogin` to force relogin
wandb: setting up run do1porn2
wandb: Tracking run with wandb version 0.28.0
wandb: Run data is saved locally in /home/work/data/guotianzizhe/project/mhc-lite/wandb/run-20260817_145242-do1porn2
wandb: Run `wandb offline` to turn off syncing.
wandb: Syncing run L-mhc-lite-owt-bs8ga32-30kstep-wsd-3588
wandb: ⭐️ View project at https://wandb.ai/guotzzz-peking-university/mhc-lite
wandb: 🚀 View run at https://wandb.ai/guotzzz-peking-university/mhc-lite/runs/do1porn2
tokens per iteration will be: 262,144
====================================================================================================
n_layer = 24
n_head = 16
n_embd = 1024
block_size = 1024
bias = False
vocab_size = None
dropout = 0.0
hyper_conn_n = 4
hyper_conn_type = mhc_lite
====================================================================================================
Initializing a new model from scratch
defaulting to vocab_size of GPT-2 to 50304 (50257 rounded up for efficiency)
HYPER_CONN: USING mhc_lite with 4 streams
number of parameters: 360.04M
num decayed parameter tensors: 194, with 360,841,216 parameters
num non-decayed parameter tensors: 337, with 248,464 parameters
using fused AdamW: True
compiling the model... (takes a ~minute)
number of parameters: 360.04M
num decayed parameter tensors: 194, with 360,841,216 parameters
num non-decayed parameter tensors: 337, with 248,464 parameters
using fused AdamW: True
compiling the model... (takes a ~minute)
[step 0]train loss: 13.3495, val loss: 13.3455, (avg train loss: 0.0000 ± 0.0000), (avg grad norm: 0.0000 ± 0.0000)
[iter 0]loss: 13.3352, tokens/sec: 18816.74 ± 0.00, tokens seen: 0, grad norm: 103.6393
[iter 10]loss: 10.3399, tokens/sec: 32809.60 ± 4424.93, tokens seen: 2621440, grad norm: 53.2075
[iter 20]loss: 9.3278, tokens/sec: 33467.12 ± 3275.95, tokens seen: 5242880, grad norm: 27.6469
[iter 30]loss: 9.1847, tokens/sec: 33694.33 ± 2716.32, tokens seen: 7864320, grad norm: 37.2690
[iter 40]loss: 8.1240, tokens/sec: 33811.57 ± 2370.95, tokens seen: 10485760, grad norm: 10.9966
[iter 50]loss: 8.0632, tokens/sec: 33884.22 ± 2130.92, tokens seen: 13107200, grad norm: 48.6807
[iter 60]loss: 7.4486, tokens/sec: 33932.75 ± 1951.52, tokens seen: 15728640, grad norm: 13.6359
[iter 70]loss: 7.3018, tokens/sec: 33966.51 ± 1810.80, tokens seen: 18350080, grad norm: 7.9128
[iter 80]loss: 7.4243, tokens/sec: 33992.19 ± 1696.73, tokens seen: 20971520, grad norm: 10.4409
[iter 90]loss: 7.0535, tokens/sec: 34011.99 ± 1601.78, tokens seen: 23592960, grad norm: 7.3060
[iter 100]loss: 6.6728, tokens/sec: 34027.95 ± 1521.18, tokens seen: 26214400, grad norm: 7.4412
[iter 110]loss: 6.8947, tokens/sec: 34040.85 ± 1451.63, tokens seen: 28835840, grad norm: 7.1168
[iter 120]loss: 6.6874, tokens/sec: 34051.44 ± 1390.80, tokens seen: 31457280, grad norm: 7.9732
[iter 130]loss: 6.6313, tokens/sec: 34060.46 ± 1337.03, tokens seen: 34078720, grad norm: 7.4485
[iter 140]loss: 6.4493, tokens/sec: 34068.22 ± 1289.05, tokens seen: 36700160, grad norm: 6.3261
[iter 150]loss: 6.4773, tokens/sec: 34074.61 ± 1245.87, tokens seen: 39321600, grad norm: 4.8699
[iter 160]loss: 6.3399, tokens/sec: 34080.15 ± 1206.75, tokens seen: 41943040, grad norm: 4.3097
[iter 170]loss: 6.6674, tokens/sec: 34085.22 ± 1171.11, tokens seen: 44564480, grad norm: 3.6881
[iter 180]loss: 6.4856, tokens/sec: 34089.73 ± 1138.46, tokens seen: 47185920, grad norm: 4.6429
[iter 190]loss: 6.4603, tokens/sec: 34093.78 ± 1108.39, tokens seen: 49807360, grad norm: 4.9411
[iter 200]loss: 6.6097, tokens/sec: 34097.53 ± 1080.59, tokens seen: 52428800, grad norm: 3.8563
[iter 210]loss: 6.3341, tokens/sec: 34100.81 ± 1054.78, tokens seen: 55050240, grad norm: 5.1694
[iter 220]loss: 6.2238, tokens/sec: 34103.61 ± 1030.72, tokens seen: 57671680, grad norm: 4.4075
[iter 230]loss: 6.6292, tokens/sec: 34106.20 ± 1008.24, tokens seen: 60293120, grad norm: 5.5690
[iter 240]loss: 6.2253, tokens/sec: 34108.51 ± 987.16, tokens seen: 62914560, grad norm: 4.4001
[iter 250]loss: 6.1086, tokens/sec: 34110.91 ± 967.37, tokens seen: 65536000, grad norm: 3.5323
[iter 260]loss: 6.2522, tokens/sec: 34112.95 ± 948.71, tokens seen: 68157440, grad norm: 3.5719
[iter 270]loss: 6.2034, tokens/sec: 34114.66 ± 931.09, tokens seen: 70778880, grad norm: 7.7785
[iter 280]loss: 6.2617, tokens/sec: 34116.41 ± 914.42, tokens seen: 73400320, grad norm: 3.3343
[iter 290]loss: 6.0115, tokens/sec: 34117.93 ± 898.61, tokens seen: 76021760, grad norm: 2.2053
[iter 300]loss: 5.9499, tokens/sec: 34119.59 ± 883.60, tokens seen: 78643200, grad norm: 3.6447
[iter 310]loss: 5.9141, tokens/sec: 34120.95 ± 869.31, tokens seen: 81264640, grad norm: 3.4983
[iter 320]loss: 5.8732, tokens/sec: 34122.26 ± 855.69, tokens seen: 83886080, grad norm: 2.0497
[iter 330]loss: 5.9332, tokens/sec: 34123.35 ± 842.69, tokens seen: 86507520, grad norm: 2.8412
[iter 340]loss: 6.0680, tokens/sec: 34124.45 ± 830.27, tokens seen: 89128960, grad norm: 2.7137
[iter 350]loss: 5.9956, tokens/sec: 34125.42 ± 818.38, tokens seen: 91750400, grad norm: 2.8496
[iter 360]loss: 6.0851, tokens/sec: 34126.39 ± 806.99, tokens seen: 94371840, grad norm: 2.2738
[iter 370]loss: 6.1572, tokens/sec: 34127.33 ± 796.06, tokens seen: 96993280, grad norm: 7.8234
[iter 380]loss: 5.8075, tokens/sec: 34128.18 ± 785.56, tokens seen: 99614720, grad norm: 2.5172
[iter 390]loss: 5.7776, tokens/sec: 34129.09 ± 775.47, tokens seen: 102236160, grad norm: 1.9939
[iter 400]loss: 5.9781, tokens/sec: 34129.82 ± 765.75, tokens seen: 104857600, grad norm: 2.6460
[iter 410]loss: 6.0899, tokens/sec: 34130.64 ± 756.40, tokens seen: 107479040, grad norm: 2.8479
[iter 420]loss: 5.6112, tokens/sec: 34131.47 ± 747.38, tokens seen: 110100480, grad norm: 2.4134
[iter 430]loss: 5.6062, tokens/sec: 34132.11 ± 738.67, tokens seen: 112721920, grad norm: 2.2029
[iter 440]loss: 5.6139, tokens/sec: 34132.74 ± 730.26, tokens seen: 115343360, grad norm: 2.4970
[iter 450]loss: 5.5612, tokens/sec: 34133.48 ± 722.14, tokens seen: 117964800, grad norm: 2.6926
[iter 460]loss: 5.5587, tokens/sec: 34134.07 ± 714.27, tokens seen: 120586240, grad norm: 2.0102
[iter 470]loss: 5.9040, tokens/sec: 34134.66 ± 706.66, tokens seen: 123207680, grad norm: 2.2012
[iter 480]loss: 5.7010, tokens/sec: 34135.27 ± 699.29, tokens seen: 125829120, grad norm: 2.1816
[iter 490]loss: 5.5350, tokens/sec: 34135.82 ± 692.15, tokens seen: 128450560, grad norm: 2.3285
[step 500]train loss: 5.5539, val loss: 5.5567, (avg train loss: 0.3641 ± 0.0133), (avg grad norm: 2.7913 ± 0.8987)
saving checkpoint to ./out-owt-large-mhc-lite-wsd-bs8-30000step
[iter 500]loss: 5.1483, tokens/sec: 34136.87 ± 685.35, tokens seen: 131072000, grad norm: 1.9816
[iter 510]loss: 5.6278, tokens/sec: 34138.09 ± 678.66, tokens seen: 133693440, grad norm: 2.4126
[iter 520]loss: 5.5555, tokens/sec: 34138.78 ± 672.14, tokens seen: 136314880, grad norm: 2.1668
[iter 530]loss: 5.5302, tokens/sec: 34138.99 ± 665.78, tokens seen: 138936320, grad norm: 3.6875
[iter 540]loss: 5.4557, tokens/sec: 34139.32 ± 659.61, tokens seen: 141557760, grad norm: 1.8225
[iter 550]loss: 5.3178, tokens/sec: 34139.73 ± 653.60, tokens seen: 144179200, grad norm: 1.6977
[iter 560]loss: 5.3867, tokens/sec: 34140.12 ± 647.76, tokens seen: 146800640, grad norm: 2.5607
[iter 570]loss: 5.4888, tokens/sec: 34140.44 ± 642.07, tokens seen: 149422080, grad norm: 1.7836
[iter 580]loss: 5.8189, tokens/sec: 34140.73 ± 636.52, tokens seen: 152043520, grad norm: 2.6768
[iter 590]loss: 5.3606, tokens/sec: 34140.99 ± 631.12, tokens seen: 154664960, grad norm: 1.2902
[iter 600]loss: 5.1009, tokens/sec: 34141.32 ± 625.85, tokens seen: 157286400, grad norm: 1.1533
[iter 610]loss: 5.1660, tokens/sec: 34141.61 ± 620.71, tokens seen: 159907840, grad norm: 1.5719
[iter 620]loss: 5.5236, tokens/sec: 34141.96 ± 615.70, tokens seen: 162529280, grad norm: 1.8989
[iter 630]loss: 5.1368, tokens/sec: 34142.28 ± 610.81, tokens seen: 165150720, grad norm: 2.0267
[iter 640]loss: 5.1901, tokens/sec: 34142.55 ± 606.03, tokens seen: 167772160, grad norm: 1.1137
[iter 650]loss: 5.0591, tokens/sec: 34142.73 ± 601.36, tokens seen: 170393600, grad norm: 1.9569
[iter 660]loss: 4.9742, tokens/sec: 34143.01 ± 596.80, tokens seen: 173015040, grad norm: 1.4213
[iter 670]loss: 4.8154, tokens/sec: 34143.28 ± 592.34, tokens seen: 175636480, grad norm: 1.6744
[iter 680]loss: 4.8788, tokens/sec: 34143.46 ± 587.98, tokens seen: 178257920, grad norm: 1.8246
[iter 690]loss: 4.9044, tokens/sec: 34143.65 ± 583.71, tokens seen: 180879360, grad norm: 1.9191
[iter 700]loss: 4.8996, tokens/sec: 34143.90 ± 579.54, tokens seen: 183500800, grad norm: 1.4521
[iter 710]loss: 5.1381, tokens/sec: 34144.08 ± 575.45, tokens seen: 186122240, grad norm: 1.3697
[iter 720]loss: 5.0749, tokens/sec: 34144.34 ± 571.45, tokens seen: 188743680, grad norm: 1.1589
[iter 730]loss: 4.6108, tokens/sec: 34144.57 ± 567.53, tokens seen: 191365120, grad norm: 1.9257
[iter 740]loss: 4.8696, tokens/sec: 34144.79 ± 563.69, tokens seen: 193986560, grad norm: 1.4703
[iter 750]loss: 4.8886, tokens/sec: 34144.98 ± 559.93, tokens seen: 196608000, grad norm: 1.9539
[iter 760]loss: 4.7941, tokens/sec: 34145.20 ± 556.24, tokens seen: 199229440, grad norm: 1.4219
[iter 770]loss: 4.9552, tokens/sec: 34145.38 ± 552.63, tokens seen: 201850880, grad norm: 1.4965
[iter 780]loss: 4.4799, tokens/sec: 34145.52 ± 549.08, tokens seen: 204472320, grad norm: 1.0601
[iter 790]loss: 4.5465, tokens/sec: 34145.66 ± 545.60, tokens seen: 207093760, grad norm: 1.1604
[iter 800]loss: 4.6473, tokens/sec: 34145.82 ± 542.18, tokens seen: 209715200, grad norm: 1.2905
[iter 810]loss: 4.6424, tokens/sec: 34145.95 ± 538.83, tokens seen: 212336640, grad norm: 1.0049
[iter 820]loss: 4.4528, tokens/sec: 34146.12 ± 535.54, tokens seen: 214958080, grad norm: 1.1219
[iter 830]loss: 4.9973, tokens/sec: 34146.23 ± 532.31, tokens seen: 217579520, grad norm: 0.9002
[iter 840]loss: 4.5444, tokens/sec: 34146.44 ± 529.14, tokens seen: 220200960, grad norm: 1.2347
[iter 850]loss: 4.2564, tokens/sec: 34146.64 ± 526.03, tokens seen: 222822400, grad norm: 1.0922
[iter 860]loss: 4.7013, tokens/sec: 34146.73 ± 522.97, tokens seen: 225443840, grad norm: 1.0907
[iter 870]loss: 4.4099, tokens/sec: 34146.81 ± 519.96, tokens seen: 228065280, grad norm: 1.2267
[iter 880]loss: 4.3513, tokens/sec: 34146.94 ± 517.00, tokens seen: 230686720, grad norm: 1.0113
[iter 890]loss: 4.8169, tokens/sec: 34147.07 ± 514.09, tokens seen: 233308160, grad norm: 1.1213
[iter 900]loss: 4.3963, tokens/sec: 34147.15 ± 511.23, tokens seen: 235929600, grad norm: 1.1540
[iter 910]loss: 4.0481, tokens/sec: 34147.27 ± 508.42, tokens seen: 238551040, grad norm: 1.0595
[iter 920]loss: 4.1179, tokens/sec: 34147.41 ± 505.66, tokens seen: 241172480, grad norm: 1.0033
[iter 930]loss: 4.5545, tokens/sec: 34147.56 ± 502.94, tokens seen: 243793920, grad norm: 1.0535
[iter 940]loss: 4.3288, tokens/sec: 34147.66 ± 500.26, tokens seen: 246415360, grad norm: 1.0364
[iter 950]loss: 4.5841, tokens/sec: 34147.76 ± 497.62, tokens seen: 249036800, grad norm: 1.0357
[iter 960]loss: 4.3788, tokens/sec: 34147.85 ± 495.03, tokens seen: 251658240, grad norm: 1.1368
[iter 970]loss: 4.3216, tokens/sec: 34147.97 ± 492.47, tokens seen: 254279680, grad norm: 1.3898
[iter 980]loss: 3.9741, tokens/sec: 34148.05 ± 489.96, tokens seen: 256901120, grad norm: 1.0431
[iter 990]loss: 4.2642, tokens/sec: 34148.17 ± 487.48, tokens seen: 259522560, grad norm: 1.0461
[step 1000]train loss: 4.2516, val loss: 4.2568, (avg train loss: 0.2781 ± 0.0122), (avg grad norm: 1.1408 ± 0.1995)
saving checkpoint to ./out-owt-large-mhc-lite-wsd-bs8-30000step
[iter 1000]loss: 4.3085, tokens/sec: 34148.54 ± 485.14, tokens seen: 262144000, grad norm: 0.8865
[iter 1010]loss: 4.2784, tokens/sec: 34148.99 ± 482.76, tokens seen: 264765440, grad norm: 0.9349
[iter 1020]loss: 4.1822, tokens/sec: 34149.10 ± 480.40, tokens seen: 267386880, grad norm: 1.1251
[iter 1030]loss: 4.3839, tokens/sec: 34149.06 ± 478.06, tokens seen: 270008320, grad norm: 0.8460
[iter 1040]loss: 4.1924, tokens/sec: 34149.12 ± 475.76, tokens seen: 272629760, grad norm: 0.9083
[iter 1050]loss: 4.0190, tokens/sec: 34149.17 ± 473.49, tokens seen: 275251200, grad norm: 0.8340
[iter 1060]loss: 4.3626, tokens/sec: 34149.28 ± 471.26, tokens seen: 277872640, grad norm: 0.9227
[iter 1070]loss: 4.1755, tokens/sec: 34149.33 ± 469.06, tokens seen: 280494080, grad norm: 0.9613
[iter 1080]loss: 4.2140, tokens/sec: 34149.39 ± 466.88, tokens seen: 283115520, grad norm: 1.0652
[iter 1090]loss: 3.9800, tokens/sec: 34149.41 ± 464.74, tokens seen: 285736960, grad norm: 0.8292
[iter 1100]loss: 4.1049, tokens/sec: 34149.48 ± 462.62, tokens seen: 288358400, grad norm: 0.9885
[iter 1110]loss: 4.2130, tokens/sec: 34149.49 ± 460.54, tokens seen: 290979840, grad norm: 0.8719
[iter 1120]loss: 4.1771, tokens/sec: 34149.52 ± 458.48, tokens seen: 293601280, grad norm: 0.7112
[iter 1130]loss: 4.1038, tokens/sec: 34149.59 ± 456.45, tokens seen: 296222720, grad norm: 0.8182
[iter 1140]loss: 3.9718, tokens/sec: 34149.65 ± 454.45, tokens seen: 298844160, grad norm: 0.9126
[iter 1150]loss: 4.2107, tokens/sec: 34149.70 ± 452.47, tokens seen: 301465600, grad norm: 0.6958
[iter 1160]loss: 4.1312, tokens/sec: 34149.76 ± 450.52, tokens seen: 304087040, grad norm: 0.7916
[iter 1170]loss: 4.0959, tokens/sec: 34149.85 ± 448.59, tokens seen: 306708480, grad norm: 0.7819
[iter 1180]loss: 3.8204, tokens/sec: 34149.97 ± 446.69, tokens seen: 309329920, grad norm: 0.7303
[iter 1190]loss: 4.0150, tokens/sec: 34150.00 ± 444.81, tokens seen: 311951360, grad norm: 1.0393
[iter 1200]loss: 4.0055, tokens/sec: 34150.04 ± 442.96, tokens seen: 314572800, grad norm: 0.8125
[iter 1210]loss: 3.7484, tokens/sec: 34150.09 ± 441.13, tokens seen: 317194240, grad norm: 0.6732
[iter 1220]loss: 3.8867, tokens/sec: 34150.12 ± 439.32, tokens seen: 319815680, grad norm: 0.7903
[iter 1230]loss: 4.1011, tokens/sec: 34150.18 ± 437.53, tokens seen: 322437120, grad norm: 0.8981
[iter 1240]loss: 3.9572, tokens/sec: 34150.21 ± 435.76, tokens seen: 325058560, grad norm: 0.7386
[iter 1250]loss: 4.1269, tokens/sec: 34150.22 ± 434.02, tokens seen: 327680000, grad norm: 0.6530
[iter 1260]loss: 3.8968, tokens/sec: 34150.27 ± 432.30, tokens seen: 330301440, grad norm: 0.7313
[iter 1270]loss: 4.0500, tokens/sec: 34150.30 ± 430.59, tokens seen: 332922880, grad norm: 0.6109
[iter 1280]loss: 3.8482, tokens/sec: 34150.33 ± 428.91, tokens seen: 335544320, grad norm: 0.7996
[iter 1290]loss: 4.0427, tokens/sec: 34150.33 ± 427.25, tokens seen: 338165760, grad norm: 0.9295
[iter 1300]loss: 3.9903, tokens/sec: 34150.39 ± 425.60, tokens seen: 340787200, grad norm: 0.6557
[iter 1310]loss: 4.0759, tokens/sec: 34150.43 ± 423.98, tokens seen: 343408640, grad norm: 0.7703
[iter 1320]loss: 3.9649, tokens/sec: 34150.49 ± 422.37, tokens seen: 346030080, grad norm: 0.5819
[iter 1330]loss: 3.9210, tokens/sec: 34150.52 ± 420.78, tokens seen: 348651520, grad norm: 0.6784
[iter 1340]loss: 3.9598, tokens/sec: 34150.57 ± 419.21, tokens seen: 351272960, grad norm: 0.8775
[iter 1350]loss: 3.9109, tokens/sec: 34150.61 ± 417.66, tokens seen: 353894400, grad norm: 0.5577
[iter 1360]loss: 3.9481, tokens/sec: 34150.62 ± 416.12, tokens seen: 356515840, grad norm: 0.7498
[iter 1370]loss: 3.9082, tokens/sec: 34150.67 ± 414.60, tokens seen: 359137280, grad norm: 0.6185
[iter 1380]loss: 3.6665, tokens/sec: 34150.72 ± 413.10, tokens seen: 361758720, grad norm: 0.6276
[iter 1390]loss: 3.9251, tokens/sec: 34150.76 ± 411.61, tokens seen: 364380160, grad norm: 0.6224
[iter 1400]loss: 3.7147, tokens/sec: 34150.81 ± 410.14, tokens seen: 367001600, grad norm: 0.6817
[iter 1410]loss: 3.8477, tokens/sec: 34150.82 ± 408.68, tokens seen: 369623040, grad norm: 0.7271
[iter 1420]loss: 3.8651, tokens/sec: 34150.90 ± 407.25, tokens seen: 372244480, grad norm: 0.7699
[iter 1430]loss: 3.9839, tokens/sec: 34150.93 ± 405.82, tokens seen: 374865920, grad norm: 0.6047
[iter 1440]loss: 3.9784, tokens/sec: 34150.97 ± 404.41, tokens seen: 377487360, grad norm: 0.6907
[iter 1450]loss: 3.6778, tokens/sec: 34150.98 ± 403.02, tokens seen: 380108800, grad norm: 0.5993
[iter 1460]loss: 3.9026, tokens/sec: 34151.01 ± 401.63, tokens seen: 382730240, grad norm: 0.5435
[iter 1470]loss: 3.8863, tokens/sec: 34151.04 ± 400.27, tokens seen: 385351680, grad norm: 0.6350
[iter 1480]loss: 3.7177, tokens/sec: 34151.07 ± 398.91, tokens seen: 387973120, grad norm: 0.4948
[iter 1490]loss: 3.4370, tokens/sec: 34151.08 ± 397.58, tokens seen: 390594560, grad norm: 0.6865
[step 1500]train loss: 3.8670, val loss: 3.8388, (avg train loss: 0.2439 ± 0.0089), (avg grad norm: 0.6572 ± 0.1099)
saving checkpoint to ./out-owt-large-mhc-lite-wsd-bs8-30000step
[iter 1500]loss: 3.4544, tokens/sec: 34151.31 ± 396.33, tokens seen: 393216000, grad norm: 0.5866
[iter 1510]loss: 3.7346, tokens/sec: 34151.63 ± 395.04, tokens seen: 395837440, grad norm: 0.5367
[iter 1520]loss: 4.1191, tokens/sec: 34151.69 ± 393.74, tokens seen: 398458880, grad norm: 0.5149
[iter 1530]loss: 3.6792, tokens/sec: 34151.64 ± 392.46, tokens seen: 401080320, grad norm: 0.5868
[iter 1540]loss: 3.8331, tokens/sec: 34151.64 ± 391.18, tokens seen: 403701760, grad norm: 0.7757
[iter 1550]loss: 3.7838, tokens/sec: 34151.68 ± 389.92, tokens seen: 406323200, grad norm: 0.5194
[iter 1560]loss: 3.7558, tokens/sec: 34151.69 ± 388.67, tokens seen: 408944640, grad norm: 0.5255
[iter 1570]loss: 3.9408, tokens/sec: 34151.71 ± 387.43, tokens seen: 411566080, grad norm: 0.5465
[iter 1580]loss: 4.0106, tokens/sec: 34151.75 ± 386.20, tokens seen: 414187520, grad norm: 0.6963
[iter 1590]loss: 3.7033, tokens/sec: 34151.76 ± 384.99, tokens seen: 416808960, grad norm: 0.7154
[iter 1600]loss: 3.5533, tokens/sec: 34151.79 ± 383.79, tokens seen: 419430400, grad norm: 0.4909
[iter 1610]loss: 3.8779, tokens/sec: 34151.78 ± 382.59, tokens seen: 422051840, grad norm: 0.4499
[iter 1620]loss: 3.7226, tokens/sec: 34151.77 ± 381.41, tokens seen: 424673280, grad norm: 0.4854
[iter 1630]loss: 3.8236, tokens/sec: 34151.76 ± 380.24, tokens seen: 427294720, grad norm: 0.5468
[iter 1640]loss: 3.9967, tokens/sec: 34151.79 ± 379.08, tokens seen: 429916160, grad norm: 0.6245
[iter 1650]loss: 3.7768, tokens/sec: 34151.81 ± 377.93, tokens seen: 432537600, grad norm: 0.4604
[iter 1660]loss: 3.6020, tokens/sec: 34151.82 ± 376.79, tokens seen: 435159040, grad norm: 0.7948
[iter 1670]loss: 3.7162, tokens/sec: 34151.84 ± 375.66, tokens seen: 437780480, grad norm: 0.5843
[iter 1680]loss: 4.0144, tokens/sec: 34151.86 ± 374.55, tokens seen: 440401920, grad norm: 0.6018
[iter 1690]loss: 3.8664, tokens/sec: 34151.88 ± 373.44, tokens seen: 443023360, grad norm: 0.6114
[iter 1700]loss: 3.8599, tokens/sec: 34151.85 ± 372.34, tokens seen: 445644800, grad norm: 0.5564
[iter 1710]loss: 3.7440, tokens/sec: 34151.81 ± 371.25, tokens seen: 448266240, grad norm: 0.5274
[iter 1720]loss: 3.7535, tokens/sec: 34151.81 ± 370.17, tokens seen: 450887680, grad norm: 0.5346
[iter 1730]loss: 3.7023, tokens/sec: 34151.82 ± 369.10, tokens seen: 453509120, grad norm: 0.5133
[iter 1740]loss: 3.7907, tokens/sec: 34151.84 ± 368.04, tokens seen: 456130560, grad norm: 0.4751
[iter 1750]loss: 3.8238, tokens/sec: 34151.87 ± 366.99, tokens seen: 458752000, grad norm: 0.4574
[iter 1760]loss: 3.5040, tokens/sec: 34151.89 ± 365.95, tokens seen: 461373440, grad norm: 0.4932
[iter 1770]loss: 3.7018, tokens/sec: 34151.90 ± 364.91, tokens seen: 463994880, grad norm: 0.4862
[iter 1780]loss: 3.6816, tokens/sec: 34151.94 ± 363.89, tokens seen: 466616320, grad norm: 0.5031
[iter 1790]loss: 3.8028, tokens/sec: 34151.95 ± 362.87, tokens seen: 469237760, grad norm: 0.4580
[iter 1800]loss: 3.8669, tokens/sec: 34151.95 ± 361.86, tokens seen: 471859200, grad norm: 0.4973
[iter 1810]loss: 3.5586, tokens/sec: 34151.98 ± 360.86, tokens seen: 474480640, grad norm: 0.5552
[iter 1820]loss: 3.6924, tokens/sec: 34152.00 ± 359.87, tokens seen: 477102080, grad norm: 0.5682
[iter 1830]loss: 3.6347, tokens/sec: 34152.01 ± 358.89, tokens seen: 479723520, grad norm: 0.6145
[iter 1840]loss: 3.7074, tokens/sec: 34152.00 ± 357.91, tokens seen: 482344960, grad norm: 0.4974
[iter 1850]loss: 3.6719, tokens/sec: 34152.00 ± 356.94, tokens seen: 484966400, grad norm: 0.4830
[iter 1860]loss: 3.6579, tokens/sec: 34152.01 ± 355.98, tokens seen: 487587840, grad norm: 0.5720
[iter 1870]loss: 3.6492, tokens/sec: 34152.01 ± 355.03, tokens seen: 490209280, grad norm: 0.4893
[iter 1880]loss: 3.6001, tokens/sec: 34152.03 ± 354.09, tokens seen: 492830720, grad norm: 0.4937
[iter 1890]loss: 3.8630, tokens/sec: 34152.05 ± 353.15, tokens seen: 495452160, grad norm: 0.5120
[iter 1900]loss: 3.7738, tokens/sec: 34152.08 ± 352.22, tokens seen: 498073600, grad norm: 0.4567
[iter 1910]loss: 3.5573, tokens/sec: 34152.10 ± 351.30, tokens seen: 500695040, grad norm: 0.5676
[iter 1920]loss: 3.5811, tokens/sec: 34152.12 ± 350.39, tokens seen: 503316480, grad norm: 0.6191
[iter 1930]loss: 3.8660, tokens/sec: 34152.14 ± 349.48, tokens seen: 505937920, grad norm: 0.5514
[iter 1940]loss: 3.5622, tokens/sec: 34152.17 ± 348.58, tokens seen: 508559360, grad norm: 0.5205
[iter 1950]loss: 3.6610, tokens/sec: 34152.17 ± 347.68, tokens seen: 511180800, grad norm: 0.4545
[iter 1960]loss: 3.7177, tokens/sec: 34152.19 ± 346.80, tokens seen: 513802240, grad norm: 0.4771
[iter 1970]loss: 3.7620, tokens/sec: 34152.21 ± 345.92, tokens seen: 516423680, grad norm: 0.4918
[iter 1980]loss: 3.5823, tokens/sec: 34152.24 ± 345.04, tokens seen: 519045120, grad norm: 0.4524
[iter 1990]loss: 3.5585, tokens/sec: 34152.29 ± 344.18, tokens seen: 521666560, grad norm: 0.4333
[step 2000]train loss: 3.6491, val loss: 3.6815, (avg train loss: 0.2307 ± 0.0088), (avg grad norm: 0.5060 ± 0.0666)
saving checkpoint to ./out-owt-large-mhc-lite-wsd-bs8-30000step
[iter 2000]loss: 3.5556, tokens/sec: 34152.46 ± 343.39, tokens seen: 524288000, grad norm: 0.4671
[iter 2010]loss: 3.4936, tokens/sec: 34152.70 ± 342.55, tokens seen: 526909440, grad norm: 0.4833
[iter 2020]loss: 3.6636, tokens/sec: 34152.74 ± 341.70, tokens seen: 529530880, grad norm: 0.3895
[iter 2030]loss: 3.6249, tokens/sec: 34152.70 ± 340.86, tokens seen: 532152320, grad norm: 0.4302
[iter 2040]loss: 3.3707, tokens/sec: 34152.73 ± 340.03, tokens seen: 534773760, grad norm: 0.5055
[iter 2050]loss: 3.7094, tokens/sec: 34152.74 ± 339.20, tokens seen: 537395200, grad norm: 0.4701
[iter 2060]loss: 3.6497, tokens/sec: 34152.75 ± 338.37, tokens seen: 540016640, grad norm: 0.4316
[iter 2070]loss: 3.4822, tokens/sec: 34152.77 ± 337.56, tokens seen: 542638080, grad norm: 0.5111
[iter 2080]loss: 3.6840, tokens/sec: 34152.79 ± 336.75, tokens seen: 545259520, grad norm: 0.5227
[iter 2090]loss: 3.5646, tokens/sec: 34152.82 ± 335.94, tokens seen: 547880960, grad norm: 0.5269
[iter 2100]loss: 3.5522, tokens/sec: 34152.83 ± 335.14, tokens seen: 550502400, grad norm: 0.4035
[iter 2110]loss: 3.7252, tokens/sec: 34152.86 ± 334.35, tokens seen: 553123840, grad norm: 0.3586
[iter 2120]loss: 3.6594, tokens/sec: 34152.81 ± 333.57, tokens seen: 555745280, grad norm: 0.6409
[iter 2130]loss: 3.6378, tokens/sec: 34152.77 ± 332.78, tokens seen: 558366720, grad norm: 0.4551
[iter 2140]loss: 3.6121, tokens/sec: 34152.76 ± 332.01, tokens seen: 560988160, grad norm: 0.5500
[iter 2150]loss: 3.7323, tokens/sec: 34152.77 ± 331.23, tokens seen: 563609600, grad norm: 0.4517
[iter 2160]loss: 3.6092, tokens/sec: 34152.76 ± 330.47, tokens seen: 566231040, grad norm: 0.6785
[iter 2170]loss: 3.6947, tokens/sec: 34152.79 ± 329.71, tokens seen: 568852480, grad norm: 0.5793
[iter 2180]loss: 3.6634, tokens/sec: 34152.81 ± 328.95, tokens seen: 571473920, grad norm: 0.4306
[iter 2190]loss: 3.7225, tokens/sec: 34152.85 ± 328.20, tokens seen: 574095360, grad norm: 0.3824
[iter 2200]loss: 3.4950, tokens/sec: 34152.87 ± 327.45, tokens seen: 576716800, grad norm: 0.4713
[iter 2210]loss: 3.6811, tokens/sec: 34152.90 ± 326.71, tokens seen: 579338240, grad norm: 0.4357
[iter 2220]loss: 3.8220, tokens/sec: 34152.93 ± 325.98, tokens seen: 581959680, grad norm: 0.4120
[iter 2230]loss: 3.5590, tokens/sec: 34152.98 ± 325.25, tokens seen: 584581120, grad norm: 0.4674
[iter 2240]loss: 3.3960, tokens/sec: 34152.99 ± 324.52, tokens seen: 587202560, grad norm: 0.4290
[iter 2250]loss: 3.6615, tokens/sec: 34153.01 ± 323.80, tokens seen: 589824000, grad norm: 0.4115
[iter 2260]loss: 3.6730, tokens/sec: 34153.03 ± 323.08, tokens seen: 592445440, grad norm: 0.4336
[iter 2270]loss: 3.8219, tokens/sec: 34153.04 ± 322.37, tokens seen: 595066880, grad norm: 0.7242
[iter 2280]loss: 3.6747, tokens/sec: 34153.06 ± 321.67, tokens seen: 597688320, grad norm: 0.4580
[iter 2290]loss: 3.5539, tokens/sec: 34153.07 ± 320.96, tokens seen: 600309760, grad norm: 0.5270
[iter 2300]loss: 3.4280, tokens/sec: 34153.11 ± 320.27, tokens seen: 602931200, grad norm: 0.4284
[iter 2310]loss: 3.6829, tokens/sec: 34153.13 ± 319.57, tokens seen: 605552640, grad norm: 0.4469
[iter 2320]loss: 3.7045, tokens/sec: 34153.16 ± 318.89, tokens seen: 608174080, grad norm: 0.3913
[iter 2330]loss: 3.5288, tokens/sec: 34153.17 ± 318.20, tokens seen: 610795520, grad norm: 0.3791
[iter 2340]loss: 3.7899, tokens/sec: 34153.19 ± 317.52, tokens seen: 613416960, grad norm: 0.3690
[iter 2350]loss: 3.6280, tokens/sec: 34153.20 ± 316.85, tokens seen: 616038400, grad norm: 0.4161
[iter 2360]loss: 3.4295, tokens/sec: 34153.22 ± 316.18, tokens seen: 618659840, grad norm: 0.6562
[iter 2370]loss: 3.1332, tokens/sec: 34153.26 ± 315.51, tokens seen: 621281280, grad norm: 0.3858
[iter 2380]loss: 3.6775, tokens/sec: 34153.26 ± 314.85, tokens seen: 623902720, grad norm: 0.4664
[iter 2390]loss: 3.5627, tokens/sec: 34153.28 ± 314.19, tokens seen: 626524160, grad norm: 0.3998
[iter 2400]loss: 3.4875, tokens/sec: 34153.27 ± 313.53, tokens seen: 629145600, grad norm: 0.4073
[iter 2410]loss: 3.5924, tokens/sec: 34153.29 ± 312.88, tokens seen: 631767040, grad norm: 0.5258
[iter 2420]loss: 3.3820, tokens/sec: 34153.30 ± 312.24, tokens seen: 634388480, grad norm: 0.4165
[iter 2430]loss: 3.4976, tokens/sec: 34153.31 ± 311.59, tokens seen: 637009920, grad norm: 0.4024
[iter 2440]loss: 3.4695, tokens/sec: 34153.33 ± 310.96, tokens seen: 639631360, grad norm: 0.4248
[iter 2450]loss: 3.6205, tokens/sec: 34153.36 ± 310.32, tokens seen: 642252800, grad norm: 0.3772
[iter 2460]loss: 3.8127, tokens/sec: 34153.38 ± 309.69, tokens seen: 644874240, grad norm: 0.4231
[iter 2470]loss: 3.4676, tokens/sec: 34153.40 ± 309.06, tokens seen: 647495680, grad norm: 0.3586
[iter 2480]loss: 3.6814, tokens/sec: 34153.42 ± 308.44, tokens seen: 650117120, grad norm: 0.4556
[iter 2490]loss: 3.3605, tokens/sec: 34153.43 ± 307.82, tokens seen: 652738560, grad norm: 0.4986
[step 2500]train loss: 3.5420, val loss: 3.5528, (avg train loss: 0.2209 ± 0.0089), (avg grad norm: 0.4460 ± 0.0565)
saving checkpoint to ./out-owt-large-mhc-lite-wsd-bs8-30000step
[iter 2500]loss: 3.6616, tokens/sec: 34153.58 ± 307.27, tokens seen: 655360000, grad norm: 0.4461
[iter 2510]loss: 3.5520, tokens/sec: 34153.78 ± 306.67, tokens seen: 657981440, grad norm: 0.4090
[iter 2520]loss: 3.4435, tokens/sec: 34153.84 ± 306.07, tokens seen: 660602880, grad norm: 0.3797
[iter 2530]loss: 3.4989, tokens/sec: 34153.80 ± 305.46, tokens seen: 663224320, grad norm: 0.4743
[iter 2540]loss: 3.4933, tokens/sec: 34153.81 ± 304.86, tokens seen: 665845760, grad norm: 0.3905
[iter 2550]loss: 3.5412, tokens/sec: 34153.83 ± 304.26, tokens seen: 668467200, grad norm: 0.3825
[iter 2560]loss: 3.5958, tokens/sec: 34153.85 ± 303.67, tokens seen: 671088640, grad norm: 0.4505
[iter 2570]loss: 3.8350, tokens/sec: 34153.86 ± 303.08, tokens seen: 673710080, grad norm: 0.3976
[iter 2580]loss: 3.5372, tokens/sec: 34153.86 ± 302.49, tokens seen: 676331520, grad norm: 0.3971
[iter 2590]loss: 3.4932, tokens/sec: 34153.87 ± 301.91, tokens seen: 678952960, grad norm: 0.4057
[iter 2600]loss: 3.3602, tokens/sec: 34153.89 ± 301.33, tokens seen: 681574400, grad norm: 0.3918
[iter 2610]loss: 3.4706, tokens/sec: 34153.90 ± 300.75, tokens seen: 684195840, grad norm: 0.4096
[iter 2620]loss: 3.7139, tokens/sec: 34153.92 ± 300.18, tokens seen: 686817280, grad norm: 0.3763
[iter 2630]loss: 3.5876, tokens/sec: 34153.92 ± 299.61, tokens seen: 689438720, grad norm: 0.3821
[iter 2640]loss: 3.4275, tokens/sec: 34153.93 ± 299.04, tokens seen: 692060160, grad norm: 0.4261
[iter 2650]loss: 3.3994, tokens/sec: 34153.95 ± 298.48, tokens seen: 694681600, grad norm: 0.4472
[iter 2660]loss: 3.5321, tokens/sec: 34153.97 ± 297.91, tokens seen: 697303040, grad norm: 0.3612
[iter 2670]loss: 3.5833, tokens/sec: 34153.99 ± 297.36, tokens seen: 699924480, grad norm: 0.4152
[iter 2680]loss: 3.3744, tokens/sec: 34153.98 ± 296.80, tokens seen: 702545920, grad norm: 0.5083
[iter 2690]loss: 3.6760, tokens/sec: 34153.97 ± 296.25, tokens seen: 705167360, grad norm: 0.4182
[iter 2700]loss: 3.5088, tokens/sec: 34153.98 ± 295.70, tokens seen: 707788800, grad norm: 0.4708
[iter 2710]loss: 3.6870, tokens/sec: 34153.99 ± 295.16, tokens seen: 710410240, grad norm: 0.4032
[iter 2720]loss: 3.5076, tokens/sec: 34154.00 ± 294.61, tokens seen: 713031680, grad norm: 0.3909
[iter 2730]loss: 3.6359, tokens/sec: 34154.01 ± 294.07, tokens seen: 715653120, grad norm: 0.3889
[iter 2740]loss: 3.5624, tokens/sec: 34154.02 ± 293.54, tokens seen: 718274560, grad norm: 0.5094
[iter 2750]loss: 3.7962, tokens/sec: 34154.03 ± 293.00, tokens seen: 720896000, grad norm: 0.3690
[iter 2760]loss: 3.4711, tokens/sec: 34154.05 ± 292.47, tokens seen: 723517440, grad norm: 0.3837
[iter 2770]loss: 3.3397, tokens/sec: 34154.08 ± 291.95, tokens seen: 726138880, grad norm: 0.4254
[iter 2780]loss: 3.5575, tokens/sec: 34154.09 ± 291.42, tokens seen: 728760320, grad norm: 0.4537
[iter 2790]loss: 3.4394, tokens/sec: 34154.09 ± 290.90, tokens seen: 731381760, grad norm: 0.4067
[iter 2800]loss: 3.4408, tokens/sec: 34154.10 ± 290.38, tokens seen: 734003200, grad norm: 0.3480
[iter 2810]loss: 3.3763, tokens/sec: 34154.09 ± 289.86, tokens seen: 736624640, grad norm: 0.3608
[iter 2820]loss: 3.3846, tokens/sec: 34154.09 ± 289.35, tokens seen: 739246080, grad norm: 0.4306
[iter 2830]loss: 3.6097, tokens/sec: 34154.11 ± 288.84, tokens seen: 741867520, grad norm: 0.3929
[iter 2840]loss: 3.2790, tokens/sec: 34154.13 ± 288.33, tokens seen: 744488960, grad norm: 0.4214
[iter 2850]loss: 3.4858, tokens/sec: 34154.14 ± 287.82, tokens seen: 747110400, grad norm: 0.4633
[iter 2860]loss: 3.5089, tokens/sec: 34154.14 ± 287.32, tokens seen: 749731840, grad norm: 0.4184
[iter 2870]loss: 3.4864, tokens/sec: 34154.16 ± 286.82, tokens seen: 752353280, grad norm: 0.4375
[iter 2880]loss: 3.5619, tokens/sec: 34154.17 ± 286.32, tokens seen: 754974720, grad norm: 0.3706
[iter 2890]loss: 3.4851, tokens/sec: 34154.18 ± 285.83, tokens seen: 757596160, grad norm: 0.3528
[iter 2900]loss: 3.4568, tokens/sec: 34154.20 ± 285.34, tokens seen: 760217600, grad norm: 0.3777
[iter 2910]loss: 3.5001, tokens/sec: 34154.20 ± 284.85, tokens seen: 762839040, grad norm: 0.3871
[iter 2920]loss: 3.3305, tokens/sec: 34154.21 ± 284.36, tokens seen: 765460480, grad norm: 0.5002
[iter 2930]loss: 3.5307, tokens/sec: 34154.22 ± 283.87, tokens seen: 768081920, grad norm: 0.3489
[iter 2940]loss: 3.4163, tokens/sec: 34154.23 ± 283.39, tokens seen: 770703360, grad norm: 0.4221
[iter 2950]loss: 3.2660, tokens/sec: 34154.23 ± 282.91, tokens seen: 773324800, grad norm: 0.3890
[iter 2960]loss: 3.2759, tokens/sec: 34154.23 ± 282.43, tokens seen: 775946240, grad norm: 0.4419
[iter 2970]loss: 3.3490, tokens/sec: 34154.25 ± 281.96, tokens seen: 778567680, grad norm: 0.4590
[iter 2980]loss: 3.4109, tokens/sec: 34154.25 ± 281.49, tokens seen: 781189120, grad norm: 0.4292
[iter 2990]loss: 3.5089, tokens/sec: 34154.24 ± 281.01, tokens seen: 783810560, grad norm: 0.3925
[step 3000]train loss: 3.4538, val loss: 3.4389, (avg train loss: 0.2162 ± 0.0083), (avg grad norm: 0.4239 ± 0.0484)
saving checkpoint to ./out-owt-large-mhc-lite-wsd-bs8-30000step
[iter 3000]loss: 3.3072, tokens/sec: 34154.37 ± 280.61, tokens seen: 786432000, grad norm: 0.3510
[iter 3010]loss: 3.4559, tokens/sec: 34154.53 ± 280.15, tokens seen: 789053440, grad norm: 0.3909
[iter 3020]loss: 3.7236, tokens/sec: 34154.57 ± 279.69, tokens seen: 791674880, grad norm: 0.3928
[iter 3030]loss: 3.6056, tokens/sec: 34154.52 ± 279.23, tokens seen: 794296320, grad norm: 0.3874
[iter 3040]loss: 3.2714, tokens/sec: 34154.52 ± 278.77, tokens seen: 796917760, grad norm: 0.4649
[iter 3050]loss: 3.4844, tokens/sec: 34154.51 ± 278.32, tokens seen: 799539200, grad norm: 0.4344
[iter 3060]loss: 3.3516, tokens/sec: 34154.54 ± 277.86, tokens seen: 802160640, grad norm: 0.3947
[iter 3070]loss: 3.4807, tokens/sec: 34154.53 ± 277.41, tokens seen: 804782080, grad norm: 0.4566
[iter 3080]loss: 3.4023, tokens/sec: 34154.54 ± 276.96, tokens seen: 807403520, grad norm: 0.3431
[iter 3090]loss: 3.7285, tokens/sec: 34154.54 ± 276.51, tokens seen: 810024960, grad norm: 0.4167
[iter 3100]loss: 3.4114, tokens/sec: 34154.53 ± 276.07, tokens seen: 812646400, grad norm: 0.3971
[iter 3110]loss: 3.1212, tokens/sec: 34154.53 ± 275.62, tokens seen: 815267840, grad norm: 0.4322
[iter 3120]loss: 3.5968, tokens/sec: 34154.53 ± 275.18, tokens seen: 817889280, grad norm: 0.4035
[iter 3130]loss: 3.3238, tokens/sec: 34154.54 ± 274.74, tokens seen: 820510720, grad norm: 0.3628
[iter 3140]loss: 3.3573, tokens/sec: 34154.55 ± 274.30, tokens seen: 823132160, grad norm: 0.5276
[iter 3150]loss: 3.2753, tokens/sec: 34154.55 ± 273.87, tokens seen: 825753600, grad norm: 0.4712
[iter 3160]loss: 3.0941, tokens/sec: 34154.55 ± 273.44, tokens seen: 828375040, grad norm: 0.3898
[iter 3170]loss: 3.2307, tokens/sec: 34154.55 ± 273.00, tokens seen: 830996480, grad norm: 0.3866
[iter 3180]loss: 3.5801, tokens/sec: 34154.56 ± 272.58, tokens seen: 833617920, grad norm: 0.4279
[iter 3190]loss: 3.1761, tokens/sec: 34154.56 ± 272.15, tokens seen: 836239360, grad norm: 0.4004
[iter 3200]loss: 3.4990, tokens/sec: 34154.57 ± 271.72, tokens seen: 838860800, grad norm: 0.5449
[iter 3210]loss: 3.3440, tokens/sec: 34154.58 ± 271.30, tokens seen: 841482240, grad norm: 0.3944
[iter 3220]loss: 3.3261, tokens/sec: 34154.57 ± 270.88, tokens seen: 844103680, grad norm: 0.4090
[iter 3230]loss: 3.5783, tokens/sec: 34154.57 ± 270.46, tokens seen: 846725120, grad norm: 0.3284
[iter 3240]loss: 3.6117, tokens/sec: 34154.57 ± 270.04, tokens seen: 849346560, grad norm: 0.3580
[iter 3250]loss: 3.5353, tokens/sec: 34154.57 ± 269.63, tokens seen: 851968000, grad norm: 0.3658
[iter 3260]loss: 3.5008, tokens/sec: 34154.56 ± 269.22, tokens seen: 854589440, grad norm: 0.3972
[iter 3270]loss: 3.4570, tokens/sec: 34154.56 ± 268.80, tokens seen: 857210880, grad norm: 0.3707
[iter 3280]loss: 3.6141, tokens/sec: 34154.56 ± 268.39, tokens seen: 859832320, grad norm: 0.3981
[iter 3290]loss: 3.5483, tokens/sec: 34154.57 ± 267.99, tokens seen: 862453760, grad norm: 0.4131
[iter 3300]loss: 3.4504, tokens/sec: 34154.57 ± 267.58, tokens seen: 865075200, grad norm: 0.3648
[iter 3310]loss: 3.2624, tokens/sec: 34154.59 ± 267.18, tokens seen: 867696640, grad norm: 0.3702
[iter 3320]loss: 3.3606, tokens/sec: 34154.60 ± 266.77, tokens seen: 870318080, grad norm: 0.4828
[iter 3330]loss: 3.2837, tokens/sec: 34154.59 ± 266.37, tokens seen: 872939520, grad norm: 0.5705
[iter 3340]loss: 3.2584, tokens/sec: 34154.59 ± 265.98, tokens seen: 875560960, grad norm: 0.4209
[iter 3350]loss: 3.5641, tokens/sec: 34154.60 ± 265.58, tokens seen: 878182400, grad norm: 0.4068
[iter 3360]loss: 3.3844, tokens/sec: 34154.61 ± 265.18, tokens seen: 880803840, grad norm: 0.4060
[iter 3370]loss: 3.3049, tokens/sec: 34154.61 ± 264.79, tokens seen: 883425280, grad norm: 0.3532
[iter 3380]loss: 3.3660, tokens/sec: 34154.61 ± 264.40, tokens seen: 886046720, grad norm: 0.3542
[iter 3390]loss: 3.3757, tokens/sec: 34154.60 ± 264.01, tokens seen: 888668160, grad norm: 0.4114
[iter 3400]loss: 3.1706, tokens/sec: 34154.60 ± 263.62, tokens seen: 891289600, grad norm: 0.3999
[iter 3410]loss: 3.0792, tokens/sec: 34154.61 ± 263.23, tokens seen: 893911040, grad norm: 0.4127
[iter 3420]loss: 3.4939, tokens/sec: 34154.62 ± 262.85, tokens seen: 896532480, grad norm: 0.3783
[iter 3430]loss: 3.4769, tokens/sec: 34154.63 ± 262.47, tokens seen: 899153920, grad norm: 0.3928
[iter 3440]loss: 3.5887, tokens/sec: 34154.62 ± 262.09, tokens seen: 901775360, grad norm: 0.3561
[iter 3450]loss: 3.4677, tokens/sec: 34154.63 ± 261.71, tokens seen: 904396800, grad norm: 0.4014
[iter 3460]loss: 3.3269, tokens/sec: 34154.64 ± 261.33, tokens seen: 907018240, grad norm: 0.4101
[iter 3470]loss: 3.3591, tokens/sec: 34154.64 ± 260.95, tokens seen: 909639680, grad norm: 0.3719
[iter 3480]loss: 3.5925, tokens/sec: 34154.65 ± 260.58, tokens seen: 912261120, grad norm: 0.3802
[iter 3490]loss: 3.3042, tokens/sec: 34154.65 ± 260.20, tokens seen: 914882560, grad norm: 0.3654
[step 3500]train loss: 3.3975, val loss: 3.3999, (avg train loss: 0.2120 ± 0.0097), (avg grad norm: 0.4000 ± 0.0500)
saving checkpoint to ./out-owt-large-mhc-lite-wsd-bs8-30000step
[iter 3500]loss: 3.4132, tokens/sec: 34154.75 ± 259.89, tokens seen: 917504000, grad norm: 0.3652
[iter 3510]loss: 3.3933, tokens/sec: 34154.89 ± 259.53, tokens seen: 920125440, grad norm: 0.3960
[iter 3520]loss: 3.3038, tokens/sec: 34154.91 ± 259.17, tokens seen: 922746880, grad norm: 0.3342
[iter 3530]loss: 3.5183, tokens/sec: 34154.89 ± 258.80, tokens seen: 925368320, grad norm: 0.3942
[iter 3540]loss: 3.4341, tokens/sec: 34154.89 ± 258.44, tokens seen: 927989760, grad norm: 0.5357
[iter 3550]loss: 3.3732, tokens/sec: 34154.90 ± 258.07, tokens seen: 930611200, grad norm: 0.4345
[iter 3560]loss: 3.4251, tokens/sec: 34154.90 ± 257.71, tokens seen: 933232640, grad norm: 0.3389
[iter 3570]loss: 3.2374, tokens/sec: 34154.89 ± 257.35, tokens seen: 935854080, grad norm: 0.4053
[iter 3580]loss: 3.4116, tokens/sec: 34154.89 ± 256.99, tokens seen: 938475520, grad norm: 0.4018
[iter 3590]loss: 3.4921, tokens/sec: 34154.90 ± 256.63, tokens seen: 941096960, grad norm: 0.3360
[iter 3600]loss: 3.5442, tokens/sec: 34154.90 ± 256.28, tokens seen: 943718400, grad norm: 0.3492
[iter 3610]loss: 3.4633, tokens/sec: 34154.89 ± 255.92, tokens seen: 946339840, grad norm: 0.3718
[iter 3620]loss: 3.3760, tokens/sec: 34154.90 ± 255.57, tokens seen: 948961280, grad norm: 0.3572
[iter 3630]loss: 3.4294, tokens/sec: 34154.91 ± 255.22, tokens seen: 951582720, grad norm: 0.4665
[iter 3640]loss: 3.2934, tokens/sec: 34154.91 ± 254.87, tokens seen: 954204160, grad norm: 0.3865
[iter 3650]loss: 3.3332, tokens/sec: 34154.92 ± 254.52, tokens seen: 956825600, grad norm: 0.4715
[iter 3660]loss: 3.3945, tokens/sec: 34154.90 ± 254.17, tokens seen: 959447040, grad norm: 0.4149
[iter 3670]loss: 3.3609, tokens/sec: 34154.90 ± 253.82, tokens seen: 962068480, grad norm: 0.3598
[iter 3680]loss: 3.2904, tokens/sec: 34154.90 ± 253.48, tokens seen: 964689920, grad norm: 0.3558
[iter 3690]loss: 3.4417, tokens/sec: 34154.91 ± 253.14, tokens seen: 967311360, grad norm: 0.3588
[iter 3700]loss: 3.5333, tokens/sec: 34154.89 ± 252.79, tokens seen: 969932800, grad norm: 0.3579
[iter 3710]loss: 3.4481, tokens/sec: 34154.89 ± 252.45, tokens seen: 972554240, grad norm: 0.5279
[iter 3720]loss: 3.4086, tokens/sec: 34154.89 ± 252.12, tokens seen: 975175680, grad norm: 0.3269
[iter 3730]loss: 3.0703, tokens/sec: 34154.90 ± 251.78, tokens seen: 977797120, grad norm: 0.3855
[iter 3740]loss: 3.2634, tokens/sec: 34154.91 ± 251.44, tokens seen: 980418560, grad norm: 0.4771
[iter 3750]loss: 3.3331, tokens/sec: 34154.92 ± 251.11, tokens seen: 983040000, grad norm: 0.4696
[iter 3760]loss: 3.3893, tokens/sec: 34154.93 ± 250.77, tokens seen: 985661440, grad norm: 0.3539
[iter 3770]loss: 3.3693, tokens/sec: 34154.93 ± 250.44, tokens seen: 988282880, grad norm: 0.3555
[iter 3780]loss: 3.3858, tokens/sec: 34154.93 ± 250.11, tokens seen: 990904320, grad norm: 0.3069
[iter 3790]loss: 3.4247, tokens/sec: 34154.94 ± 249.78, tokens seen: 993525760, grad norm: 0.3589
[iter 3800]loss: 3.3157, tokens/sec: 34154.94 ± 249.45, tokens seen: 996147200, grad norm: 0.3632
[iter 3810]loss: 3.4260, tokens/sec: 34154.95 ± 249.12, tokens seen: 998768640, grad norm: 0.3998
[iter 3820]loss: 3.5128, tokens/sec: 34154.94 ± 248.80, tokens seen: 1001390080, grad norm: 0.3794
[iter 3830]loss: 3.4438, tokens/sec: 34154.95 ± 248.47, tokens seen: 1004011520, grad norm: 0.3614
[iter 3840]loss: 3.2332, tokens/sec: 34154.95 ± 248.15, tokens seen: 1006632960, grad norm: 0.3722
[iter 3850]loss: 3.5095, tokens/sec: 34154.95 ± 247.83, tokens seen: 1009254400, grad norm: 0.3381
[iter 3860]loss: 3.4581, tokens/sec: 34154.96 ± 247.51, tokens seen: 1011875840, grad norm: 0.3968
[iter 3870]loss: 3.2992, tokens/sec: 34154.96 ± 247.19, tokens seen: 1014497280, grad norm: 0.4093
[iter 3880]loss: 2.8760, tokens/sec: 34154.96 ± 246.87, tokens seen: 1017118720, grad norm: 0.3710
[iter 3890]loss: 3.4221, tokens/sec: 34154.97 ± 246.55, tokens seen: 1019740160, grad norm: 0.3956
[iter 3900]loss: 3.2215, tokens/sec: 34154.98 ± 246.24, tokens seen: 1022361600, grad norm: 0.3390
[iter 3910]loss: 3.1945, tokens/sec: 34154.99 ± 245.92, tokens seen: 1024983040, grad norm: 0.3291
[iter 3920]loss: 3.4586, tokens/sec: 34155.00 ± 245.61, tokens seen: 1027604480, grad norm: 0.4140
[iter 3930]loss: 3.4655, tokens/sec: 34155.00 ± 245.30, tokens seen: 1030225920, grad norm: 0.3506
[iter 3940]loss: 3.5743, tokens/sec: 34155.00 ± 244.99, tokens seen: 1032847360, grad norm: 0.4028
[iter 3950]loss: 3.2619, tokens/sec: 34155.01 ± 244.68, tokens seen: 1035468800, grad norm: 0.4113
[iter 3960]loss: 3.2675, tokens/sec: 34155.02 ± 244.37, tokens seen: 1038090240, grad norm: 0.3300
[iter 3970]loss: 3.6017, tokens/sec: 34155.02 ± 244.06, tokens seen: 1040711680, grad norm: 0.3244
[iter 3980]loss: 3.3994, tokens/sec: 34155.02 ± 243.75, tokens seen: 1043333120, grad norm: 0.3848
[iter 3990]loss: 3.4282, tokens/sec: 34155.02 ± 243.45, tokens seen: 1045954560, grad norm: 0.3807
[step 4000]train loss: 3.3365, val loss: 3.3588, (avg train loss: 0.2095 ± 0.0085), (avg grad norm: 0.3963 ± 0.0488)
saving checkpoint to ./out-owt-large-mhc-lite-wsd-bs8-30000step
[iter 4000]loss: 3.3085, tokens/sec: 34155.10 ± 243.19, tokens seen: 1048576000, grad norm: 0.4068
[iter 4010]loss: 3.0722, tokens/sec: 34155.22 ± 242.90, tokens seen: 1051197440, grad norm: 0.3538
[iter 4020]loss: 3.0171, tokens/sec: 34155.25 ± 242.60, tokens seen: 1053818880, grad norm: 0.5670
[iter 4030]loss: 3.3510, tokens/sec: 34155.22 ± 242.30, tokens seen: 1056440320, grad norm: 0.3470
[iter 4040]loss: 3.4294, tokens/sec: 34155.22 ± 242.00, tokens seen: 1059061760, grad norm: 0.3806
[iter 4050]loss: 3.6285, tokens/sec: 34155.23 ± 241.71, tokens seen: 1061683200, grad norm: 0.3799
[iter 4060]loss: 3.1842, tokens/sec: 34155.23 ± 241.41, tokens seen: 1064304640, grad norm: 0.3527
[iter 4070]loss: 3.4512, tokens/sec: 34155.22 ± 241.11, tokens seen: 1066926080, grad norm: 0.3439
[iter 4080]loss: 3.3107, tokens/sec: 34155.23 ± 240.82, tokens seen: 1069547520, grad norm: 0.3380
[iter 4090]loss: 3.2565, tokens/sec: 34155.24 ± 240.52, tokens seen: 1072168960, grad norm: 0.3680
[iter 4100]loss: 3.3636, tokens/sec: 34155.24 ± 240.23, tokens seen: 1074790400, grad norm: 0.3460
[iter 4110]loss: 3.3208, tokens/sec: 34155.24 ± 239.94, tokens seen: 1077411840, grad norm: 0.4431
[iter 4120]loss: 3.1583, tokens/sec: 34155.24 ± 239.65, tokens seen: 1080033280, grad norm: 0.4043
[iter 4130]loss: 3.3795, tokens/sec: 34155.25 ± 239.36, tokens seen: 1082654720, grad norm: 0.4562
[iter 4140]loss: 3.5008, tokens/sec: 34155.26 ± 239.07, tokens seen: 1085276160, grad norm: 0.3465
[iter 4150]loss: 3.1473, tokens/sec: 34155.25 ± 238.78, tokens seen: 1087897600, grad norm: 0.3364
[iter 4160]loss: 3.4089, tokens/sec: 34155.26 ± 238.49, tokens seen: 1090519040, grad norm: 0.4639
[iter 4170]loss: 3.5866, tokens/sec: 34155.25 ± 238.21, tokens seen: 1093140480, grad norm: 0.4909
[iter 4180]loss: 3.3237, tokens/sec: 34155.25 ± 237.92, tokens seen: 1095761920, grad norm: 0.4106
[iter 4190]loss: 3.2309, tokens/sec: 34155.23 ± 237.64, tokens seen: 1098383360, grad norm: 0.3664
[iter 4200]loss: 3.1661, tokens/sec: 34155.24 ± 237.36, tokens seen: 1101004800, grad norm: 0.4560
[iter 4210]loss: 3.3920, tokens/sec: 34155.23 ± 237.07, tokens seen: 1103626240, grad norm: 0.3930
[iter 4220]loss: 3.5126, tokens/sec: 34155.24 ± 236.79, tokens seen: 1106247680, grad norm: 0.3577
[iter 4230]loss: 3.3606, tokens/sec: 34155.24 ± 236.51, tokens seen: 1108869120, grad norm: 0.3536
[iter 4240]loss: 3.5605, tokens/sec: 34155.23 ± 236.24, tokens seen: 1111490560, grad norm: 0.3841
[iter 4250]loss: 3.1869, tokens/sec: 34155.22 ± 235.96, tokens seen: 1114112000, grad norm: 0.3784
[iter 4260]loss: 3.6293, tokens/sec: 34155.22 ± 235.68, tokens seen: 1116733440, grad norm: 0.3492
[iter 4270]loss: 3.3386, tokens/sec: 34155.22 ± 235.41, tokens seen: 1119354880, grad norm: 0.3361
[iter 4280]loss: 3.2514, tokens/sec: 34155.23 ± 235.13, tokens seen: 1121976320, grad norm: 0.3994
[iter 4290]loss: 3.4123, tokens/sec: 34155.23 ± 234.86, tokens seen: 1124597760, grad norm: 0.3835
[iter 4300]loss: 3.3436, tokens/sec: 34155.23 ± 234.58, tokens seen: 1127219200, grad norm: 0.4227
[iter 4310]loss: 3.0424, tokens/sec: 34155.23 ± 234.31, tokens seen: 1129840640, grad norm: 0.4015
[iter 4320]loss: 3.4520, tokens/sec: 34155.23 ± 234.04, tokens seen: 1132462080, grad norm: 0.3240
[iter 4330]loss: 3.3803, tokens/sec: 34155.24 ± 233.77, tokens seen: 1135083520, grad norm: 0.4024
[iter 4340]loss: 3.4375, tokens/sec: 34155.23 ± 233.50, tokens seen: 1137704960, grad norm: 0.3555
[iter 4350]loss: 3.1714, tokens/sec: 34155.24 ± 233.23, tokens seen: 1140326400, grad norm: 0.4822
[iter 4360]loss: 3.3669, tokens/sec: 34155.23 ± 232.97, tokens seen: 1142947840, grad norm: 0.4717
[iter 4370]loss: 3.4374, tokens/sec: 34155.23 ± 232.70, tokens seen: 1145569280, grad norm: 0.4058
[iter 4380]loss: 3.4712, tokens/sec: 34155.22 ± 232.44, tokens seen: 1148190720, grad norm: 0.3528
[iter 4390]loss: 3.5814, tokens/sec: 34155.22 ± 232.17, tokens seen: 1150812160, grad norm: 0.4390
[iter 4400]loss: 3.5935, tokens/sec: 34155.22 ± 231.91, tokens seen: 1153433600, grad norm: 0.3436
[iter 4410]loss: 3.1606, tokens/sec: 34155.22 ± 231.65, tokens seen: 1156055040, grad norm: 0.3971
[iter 4420]loss: 3.2431, tokens/sec: 34155.22 ± 231.38, tokens seen: 1158676480, grad norm: 0.3659
[iter 4430]loss: 3.3166, tokens/sec: 34155.23 ± 231.12, tokens seen: 1161297920, grad norm: 0.4445
[iter 4440]loss: 3.4713, tokens/sec: 34155.23 ± 230.86, tokens seen: 1163919360, grad norm: 0.3629
[iter 4450]loss: 3.7397, tokens/sec: 34155.23 ± 230.60, tokens seen: 1166540800, grad norm: 0.3529
[iter 4460]loss: 3.2651, tokens/sec: 34155.23 ± 230.35, tokens seen: 1169162240, grad norm: 0.3863
[iter 4470]loss: 3.2345, tokens/sec: 34155.23 ± 230.09, tokens seen: 1171783680, grad norm: 0.4019
[iter 4480]loss: 3.5375, tokens/sec: 34155.23 ± 229.83, tokens seen: 1174405120, grad norm: 0.5068
[iter 4490]loss: 3.3306, tokens/sec: 34155.24 ± 229.58, tokens seen: 1177026560, grad norm: 0.3623
[step 4500]train loss: 3.3040, val loss: 3.3182, (avg train loss: 0.2069 ± 0.0085), (avg grad norm: 0.3930 ± 0.0478)
saving checkpoint to ./out-owt-large-mhc-lite-wsd-bs8-30000step
[iter 4500]loss: 3.1158, tokens/sec: 34155.32 ± 229.37, tokens seen: 1179648000, grad norm: 0.4065
[iter 4510]loss: 3.1939, tokens/sec: 34155.43 ± 229.13, tokens seen: 1182269440, grad norm: 0.3796
[iter 4520]loss: 3.4448, tokens/sec: 34155.45 ± 228.87, tokens seen: 1184890880, grad norm: 0.3814
[iter 4530]loss: 3.2999, tokens/sec: 34155.43 ± 228.62, tokens seen: 1187512320, grad norm: 0.3465
[iter 4540]loss: 3.3096, tokens/sec: 34155.41 ± 228.37, tokens seen: 1190133760, grad norm: 0.4744
[iter 4550]loss: 3.2881, tokens/sec: 34155.41 ± 228.12, tokens seen: 1192755200, grad norm: 0.3798
[iter 4560]loss: 3.2847, tokens/sec: 34155.41 ± 227.87, tokens seen: 1195376640, grad norm: 0.3601
[iter 4570]loss: 3.3548, tokens/sec: 34155.42 ± 227.62, tokens seen: 1197998080, grad norm: 0.3972
[iter 4580]loss: 3.3195, tokens/sec: 34155.41 ± 227.37, tokens seen: 1200619520, grad norm: 0.3862
[iter 4590]loss: 3.2944, tokens/sec: 34155.42 ± 227.13, tokens seen: 1203240960, grad norm: 0.4714
[iter 4600]loss: 3.1956, tokens/sec: 34155.43 ± 226.88, tokens seen: 1205862400, grad norm: 0.3667
[iter 4610]loss: 3.1404, tokens/sec: 34155.41 ± 226.63, tokens seen: 1208483840, grad norm: 0.3526
[iter 4620]loss: 3.2408, tokens/sec: 34155.41 ± 226.39, tokens seen: 1211105280, grad norm: 0.4401
[iter 4630]loss: 3.4525, tokens/sec: 34155.41 ± 226.14, tokens seen: 1213726720, grad norm: 0.3974
[iter 4640]loss: 3.2578, tokens/sec: 34155.41 ± 225.90, tokens seen: 1216348160, grad norm: 0.3555
[iter 4650]loss: 3.1453, tokens/sec: 34155.42 ± 225.66, tokens seen: 1218969600, grad norm: 0.3569
[iter 4660]loss: 3.3526, tokens/sec: 34155.42 ± 225.42, tokens seen: 1221591040, grad norm: 0.3537
[iter 4670]loss: 3.2882, tokens/sec: 34155.43 ± 225.18, tokens seen: 1224212480, grad norm: 0.4448
[iter 4680]loss: 3.1706, tokens/sec: 34155.44 ± 224.94, tokens seen: 1226833920, grad norm: 0.3520
[iter 4690]loss: 3.2094, tokens/sec: 34155.44 ± 224.70, tokens seen: 1229455360, grad norm: 0.3868
[iter 4700]loss: 3.3515, tokens/sec: 34155.44 ± 224.46, tokens seen: 1232076800, grad norm: 0.3484
[iter 4710]loss: 3.3986, tokens/sec: 34155.45 ± 224.22, tokens seen: 1234698240, grad norm: 0.4339
[iter 4720]loss: 3.3385, tokens/sec: 34155.45 ± 223.98, tokens seen: 1237319680, grad norm: 0.3923
[iter 4730]loss: 3.2923, tokens/sec: 34155.45 ± 223.75, tokens seen: 1239941120, grad norm: 0.3907
[iter 4740]loss: 3.1272, tokens/sec: 34155.46 ± 223.51, tokens seen: 1242562560, grad norm: 0.4583
[iter 4750]loss: 3.2954, tokens/sec: 34155.47 ± 223.27, tokens seen: 1245184000, grad norm: 0.4039
[iter 4760]loss: 3.3246, tokens/sec: 34155.46 ± 223.04, tokens seen: 1247805440, grad norm: 0.5210
[iter 4770]loss: 3.3749, tokens/sec: 34155.47 ± 222.81, tokens seen: 1250426880, grad norm: 0.3733
[iter 4780]loss: 3.2644, tokens/sec: 34155.47 ± 222.57, tokens seen: 1253048320, grad norm: 0.3258
[iter 4790]loss: 3.3243, tokens/sec: 34155.47 ± 222.34, tokens seen: 1255669760, grad norm: 0.4023
[iter 4800]loss: 3.2165, tokens/sec: 34155.48 ± 222.11, tokens seen: 1258291200, grad norm: 0.3097
[iter 4810]loss: 3.3943, tokens/sec: 34155.49 ± 221.88, tokens seen: 1260912640, grad norm: 0.3264
[iter 4820]loss: 3.3117, tokens/sec: 34155.49 ± 221.65, tokens seen: 1263534080, grad norm: 0.4153
[iter 4830]loss: 3.0373, tokens/sec: 34155.49 ± 221.42, tokens seen: 1266155520, grad norm: 0.4195
[iter 4840]loss: 3.2272, tokens/sec: 34155.49 ± 221.19, tokens seen: 1268776960, grad norm: 0.4210
[iter 4850]loss: 3.2180, tokens/sec: 34155.51 ± 220.96, tokens seen: 1271398400, grad norm: 0.5296
[iter 4860]loss: 3.1970, tokens/sec: 34155.52 ± 220.74, tokens seen: 1274019840, grad norm: 0.3649
[iter 4870]loss: 3.2938, tokens/sec: 34155.52 ± 220.51, tokens seen: 1276641280, grad norm: 0.3619
[iter 4880]loss: 3.1610, tokens/sec: 34155.52 ± 220.28, tokens seen: 1279262720, grad norm: 0.3114
[iter 4890]loss: 3.4674, tokens/sec: 34155.53 ± 220.06, tokens seen: 1281884160, grad norm: 0.4760
[iter 4900]loss: 3.0342, tokens/sec: 34155.53 ± 219.84, tokens seen: 1284505600, grad norm: 0.3530
[iter 4910]loss: 3.3523, tokens/sec: 34155.55 ± 219.61, tokens seen: 1287127040, grad norm: 0.4256
[iter 4920]loss: 3.2454, tokens/sec: 34155.55 ± 219.39, tokens seen: 1289748480, grad norm: 0.4337
[iter 4930]loss: 3.1665, tokens/sec: 34155.54 ± 219.17, tokens seen: 1292369920, grad norm: 0.3616
[iter 4940]loss: 3.3295, tokens/sec: 34155.55 ± 218.95, tokens seen: 1294991360, grad norm: 0.3830
[iter 4950]loss: 3.3069, tokens/sec: 34155.55 ± 218.72, tokens seen: 1297612800, grad norm: 0.3505
[iter 4960]loss: 3.1061, tokens/sec: 34155.56 ± 218.50, tokens seen: 1300234240, grad norm: 0.2785
[iter 4970]loss: 3.5676, tokens/sec: 34155.56 ± 218.28, tokens seen: 1302855680, grad norm: 0.3684
[iter 4980]loss: 3.1574, tokens/sec: 34155.56 ± 218.07, tokens seen: 1305477120, grad norm: 0.3631
[iter 4990]loss: 3.1017, tokens/sec: 34155.57 ± 217.85, tokens seen: 1308098560, grad norm: 0.4050
[step 5000]train loss: 3.2525, val loss: 3.2737, (avg train loss: 0.2050 ± 0.0080), (avg grad norm: 0.3800 ± 0.0513)
saving checkpoint to ./out-owt-large-mhc-lite-wsd-bs8-30000step
[iter 5000]loss: 3.3718, tokens/sec: 34155.64 ± 217.67, tokens seen: 1310720000, grad norm: 0.4450
[iter 5010]loss: 3.3983, tokens/sec: 34155.74 ± 217.47, tokens seen: 1313341440, grad norm: 0.3725
[iter 5020]loss: 3.3475, tokens/sec: 34155.76 ± 217.25, tokens seen: 1315962880, grad norm: 0.3621
[iter 5030]loss: 3.1354, tokens/sec: 34155.74 ± 217.04, tokens seen: 1318584320, grad norm: 0.3981
[iter 5040]loss: 3.2404, tokens/sec: 34155.74 ± 216.82, tokens seen: 1321205760, grad norm: 0.3527
[iter 5050]loss: 3.0729, tokens/sec: 34155.74 ± 216.61, tokens seen: 1323827200, grad norm: 0.4148
[iter 5060]loss: 3.3933, tokens/sec: 34155.74 ± 216.40, tokens seen: 1326448640, grad norm: 0.3386
[iter 5070]loss: 3.2688, tokens/sec: 34155.74 ± 216.18, tokens seen: 1329070080, grad norm: 0.3139
[iter 5080]loss: 3.3012, tokens/sec: 34155.74 ± 215.97, tokens seen: 1331691520, grad norm: 0.4019
[iter 5090]loss: 3.1944, tokens/sec: 34155.74 ± 215.76, tokens seen: 1334312960, grad norm: 0.4270
[iter 5100]loss: 3.4139, tokens/sec: 34155.75 ± 215.55, tokens seen: 1336934400, grad norm: 0.3262
[iter 5110]loss: 3.1456, tokens/sec: 34155.75 ± 215.34, tokens seen: 1339555840, grad norm: 0.4122
[iter 5120]loss: 3.2737, tokens/sec: 34155.76 ± 215.13, tokens seen: 1342177280, grad norm: 0.3451
[iter 5130]loss: 3.3965, tokens/sec: 34155.75 ± 214.92, tokens seen: 1344798720, grad norm: 0.3463
[iter 5140]loss: 3.6319, tokens/sec: 34155.76 ± 214.71, tokens seen: 1347420160, grad norm: 0.3667
[iter 5150]loss: 3.3381, tokens/sec: 34155.76 ± 214.50, tokens seen: 1350041600, grad norm: 0.3937
[iter 5160]loss: 3.1293, tokens/sec: 34155.76 ± 214.29, tokens seen: 1352663040, grad norm: 0.4936
[iter 5170]loss: 3.1401, tokens/sec: 34155.77 ± 214.09, tokens seen: 1355284480, grad norm: 0.3686
[iter 5180]loss: 3.3212, tokens/sec: 34155.78 ± 213.88, tokens seen: 1357905920, grad norm: 0.4613
[iter 5190]loss: 3.4047, tokens/sec: 34155.77 ± 213.67, tokens seen: 1360527360, grad norm: 0.3716
[iter 5200]loss: 3.2548, tokens/sec: 34155.78 ± 213.47, tokens seen: 1363148800, grad norm: 0.3534
[iter 5210]loss: 3.3731, tokens/sec: 34155.80 ± 213.26, tokens seen: 1365770240, grad norm: 0.3840
[iter 5220]loss: 3.3964, tokens/sec: 34155.80 ± 213.06, tokens seen: 1368391680, grad norm: 0.3383
[iter 5230]loss: 3.3276, tokens/sec: 34155.81 ± 212.86, tokens seen: 1371013120, grad norm: 0.3638
[iter 5240]loss: 3.3256, tokens/sec: 34155.81 ± 212.65, tokens seen: 1373634560, grad norm: 0.4120
[iter 5250]loss: 3.1779, tokens/sec: 34155.81 ± 212.45, tokens seen: 1376256000, grad norm: 0.3794
[iter 5260]loss: 3.4431, tokens/sec: 34155.81 ± 212.25, tokens seen: 1378877440, grad norm: 0.3483
[iter 5270]loss: 2.9657, tokens/sec: 34155.82 ± 212.05, tokens seen: 1381498880, grad norm: 0.4105
[iter 5280]loss: 3.6166, tokens/sec: 34155.82 ± 211.85, tokens seen: 1384120320, grad norm: 0.3468
[iter 5290]loss: 3.3836, tokens/sec: 34155.83 ± 211.65, tokens seen: 1386741760, grad norm: 0.3382
[iter 5300]loss: 2.9270, tokens/sec: 34155.83 ± 211.45, tokens seen: 1389363200, grad norm: 0.6206
[iter 5310]loss: 2.9908, tokens/sec: 34155.83 ± 211.25, tokens seen: 1391984640, grad norm: 0.4176
[iter 5320]loss: 3.2062, tokens/sec: 34155.84 ± 211.05, tokens seen: 1394606080, grad norm: 0.3338
[iter 5330]loss: 3.2015, tokens/sec: 34155.85 ± 210.85, tokens seen: 1397227520, grad norm: 0.3411
[iter 5340]loss: 3.2620, tokens/sec: 34155.86 ± 210.66, tokens seen: 1399848960, grad norm: 0.3374
[iter 5350]loss: 3.1456, tokens/sec: 34155.86 ± 210.46, tokens seen: 1402470400, grad norm: 0.3365
[iter 5360]loss: 3.0885, tokens/sec: 34155.87 ± 210.26, tokens seen: 1405091840, grad norm: 0.3588
[iter 5370]loss: 3.2357, tokens/sec: 34155.86 ± 210.07, tokens seen: 1407713280, grad norm: 0.4327
[iter 5380]loss: 3.3764, tokens/sec: 34155.86 ± 209.87, tokens seen: 1410334720, grad norm: 0.3444
[iter 5390]loss: 3.2682, tokens/sec: 34155.86 ± 209.68, tokens seen: 1412956160, grad norm: 0.5068
[iter 5400]loss: 3.1955, tokens/sec: 34155.86 ± 209.49, tokens seen: 1415577600, grad norm: 0.4582
[iter 5410]loss: 3.1772, tokens/sec: 34155.86 ± 209.29, tokens seen: 1418199040, grad norm: 0.4173
[iter 5420]loss: 3.1403, tokens/sec: 34155.86 ± 209.10, tokens seen: 1420820480, grad norm: 0.3175
[iter 5430]loss: 3.2233, tokens/sec: 34155.86 ± 208.91, tokens seen: 1423441920, grad norm: 0.3075
[iter 5440]loss: 3.2311, tokens/sec: 34155.87 ± 208.72, tokens seen: 1426063360, grad norm: 0.3450
[iter 5450]loss: 3.3220, tokens/sec: 34155.86 ± 208.52, tokens seen: 1428684800, grad norm: 0.3124
[iter 5460]loss: 3.1085, tokens/sec: 34155.86 ± 208.33, tokens seen: 1431306240, grad norm: 0.4342
[iter 5470]loss: 3.4754, tokens/sec: 34155.86 ± 208.14, tokens seen: 1433927680, grad norm: 0.4166
[iter 5480]loss: 3.2374, tokens/sec: 34155.86 ± 207.95, tokens seen: 1436549120, grad norm: 0.3693
[iter 5490]loss: 3.3942, tokens/sec: 34155.87 ± 207.77, tokens seen: 1439170560, grad norm: 0.3663
[step 5500]train loss: 3.2635, val loss: 3.2637, (avg train loss: 0.2032 ± 0.0085), (avg grad norm: 0.3741 ± 0.0486)
saving checkpoint to ./out-owt-large-mhc-lite-wsd-bs8-30000step
[iter 5500]loss: 3.3501, tokens/sec: 34155.93 ± 207.62, tokens seen: 1441792000, grad norm: 0.3461
[iter 5510]loss: 3.4852, tokens/sec: 34156.02 ± 207.44, tokens seen: 1444413440, grad norm: 0.3375
[iter 5520]loss: 3.2608, tokens/sec: 34156.05 ± 207.26, tokens seen: 1447034880, grad norm: 0.3571
[iter 5530]loss: 3.2306, tokens/sec: 34156.03 ± 207.07, tokens seen: 1449656320, grad norm: 0.3685
[iter 5540]loss: 3.2842, tokens/sec: 34156.02 ± 206.89, tokens seen: 1452277760, grad norm: 0.3868
[iter 5550]loss: 3.0745, tokens/sec: 34156.01 ± 206.70, tokens seen: 1454899200, grad norm: 0.3659
[iter 5560]loss: 3.1480, tokens/sec: 34156.01 ± 206.51, tokens seen: 1457520640, grad norm: 0.3773
[iter 5570]loss: 3.4062, tokens/sec: 34156.01 ± 206.33, tokens seen: 1460142080, grad norm: 0.3051
[iter 5580]loss: 3.0359, tokens/sec: 34156.00 ± 206.15, tokens seen: 1462763520, grad norm: 0.3742
[iter 5590]loss: 3.3818, tokens/sec: 34156.00 ± 205.96, tokens seen: 1465384960, grad norm: 0.3593
[iter 5600]loss: 3.3348, tokens/sec: 34156.00 ± 205.78, tokens seen: 1468006400, grad norm: 0.4070
[iter 5610]loss: 2.9693, tokens/sec: 34156.00 ± 205.59, tokens seen: 1470627840, grad norm: 0.4008
[iter 5620]loss: 2.9963, tokens/sec: 34155.99 ± 205.41, tokens seen: 1473249280, grad norm: 0.5105
[iter 5630]loss: 3.2776, tokens/sec: 34156.00 ± 205.23, tokens seen: 1475870720, grad norm: 0.4200
[iter 5640]loss: 3.1189, tokens/sec: 34155.99 ± 205.05, tokens seen: 1478492160, grad norm: 0.4244
[iter 5650]loss: 3.2856, tokens/sec: 34156.00 ± 204.87, tokens seen: 1481113600, grad norm: 0.3206
[iter 5660]loss: 3.1377, tokens/sec: 34156.00 ± 204.69, tokens seen: 1483735040, grad norm: 0.3467
[iter 5670]loss: 2.9714, tokens/sec: 34156.00 ± 204.51, tokens seen: 1486356480, grad norm: 0.3670
[iter 5680]loss: 3.1886, tokens/sec: 34156.00 ± 204.33, tokens seen: 1488977920, grad norm: 0.3494
[iter 5690]loss: 3.3302, tokens/sec: 34156.00 ± 204.15, tokens seen: 1491599360, grad norm: 0.3491
[iter 5700]loss: 3.4878, tokens/sec: 34156.00 ± 203.97, tokens seen: 1494220800, grad norm: 0.4442
[iter 5710]loss: 3.3174, tokens/sec: 34155.99 ± 203.79, tokens seen: 1496842240, grad norm: 0.3571
[iter 5720]loss: 3.3762, tokens/sec: 34155.98 ± 203.61, tokens seen: 1499463680, grad norm: 0.3244
[iter 5730]loss: 3.2182, tokens/sec: 34155.98 ± 203.43, tokens seen: 1502085120, grad norm: 0.4398
[iter 5740]loss: 3.2261, tokens/sec: 34155.98 ± 203.26, tokens seen: 1504706560, grad norm: 0.4537
[iter 5750]loss: 3.2920, tokens/sec: 34155.98 ± 203.08, tokens seen: 1507328000, grad norm: 0.3100
[iter 5760]loss: 3.2901, tokens/sec: 34155.99 ± 202.90, tokens seen: 1509949440, grad norm: 0.3685
[iter 5770]loss: 3.0812, tokens/sec: 34155.99 ± 202.73, tokens seen: 1512570880, grad norm: 0.3248
[iter 5780]loss: 3.1300, tokens/sec: 34155.98 ± 202.55, tokens seen: 1515192320, grad norm: 0.3384
[iter 5790]loss: 3.4591, tokens/sec: 34155.98 ± 202.38, tokens seen: 1517813760, grad norm: 0.3694
[iter 5800]loss: 3.4178, tokens/sec: 34155.97 ± 202.21, tokens seen: 1520435200, grad norm: 0.4233
[iter 5810]loss: 3.3457, tokens/sec: 34155.97 ± 202.03, tokens seen: 1523056640, grad norm: 0.3604
[iter 5820]loss: 3.3419, tokens/sec: 34155.97 ± 201.86, tokens seen: 1525678080, grad norm: 0.3854
[iter 5830]loss: 3.0090, tokens/sec: 34155.97 ± 201.69, tokens seen: 1528299520, grad norm: 0.3447
[iter 5840]loss: 3.3182, tokens/sec: 34155.97 ± 201.51, tokens seen: 1530920960, grad norm: 0.4335
[iter 5850]loss: 3.1940, tokens/sec: 34155.97 ± 201.34, tokens seen: 1533542400, grad norm: 0.3698
[iter 5860]loss: 3.1523, tokens/sec: 34155.97 ± 201.17, tokens seen: 1536163840, grad norm: 0.3438
[iter 5870]loss: 3.2212, tokens/sec: 34155.97 ± 201.00, tokens seen: 1538785280, grad norm: 0.3063
[iter 5880]loss: 3.1225, tokens/sec: 34155.96 ± 200.83, tokens seen: 1541406720, grad norm: 0.3652
[iter 5890]loss: 3.1355, tokens/sec: 34155.95 ± 200.66, tokens seen: 1544028160, grad norm: 0.3145
[iter 5900]loss: 3.2707, tokens/sec: 34155.95 ± 200.49, tokens seen: 1546649600, grad norm: 0.5537
[iter 5910]loss: 3.2010, tokens/sec: 34155.96 ± 200.32, tokens seen: 1549271040, grad norm: 0.3573
[iter 5920]loss: 3.2642, tokens/sec: 34155.95 ± 200.15, tokens seen: 1551892480, grad norm: 0.3547
[iter 5930]loss: 2.8400, tokens/sec: 34155.96 ± 199.98, tokens seen: 1554513920, grad norm: 0.4220
[iter 5940]loss: 3.1180, tokens/sec: 34155.97 ± 199.81, tokens seen: 1557135360, grad norm: 0.3178
[iter 5950]loss: 3.0950, tokens/sec: 34155.97 ± 199.65, tokens seen: 1559756800, grad norm: 0.3242
[iter 5960]loss: 2.9955, tokens/sec: 34155.97 ± 199.48, tokens seen: 1562378240, grad norm: 0.3216
[iter 5970]loss: 3.2102, tokens/sec: 34155.96 ± 199.31, tokens seen: 1564999680, grad norm: 0.3650
[iter 5980]loss: 3.0256, tokens/sec: 34155.95 ± 199.15, tokens seen: 1567621120, grad norm: 0.3906
[iter 5990]loss: 3.2518, tokens/sec: 34155.94 ± 198.98, tokens seen: 1570242560, grad norm: 0.3623
[step 6000]train loss: 3.2045, val loss: 3.2239, (avg train loss: 0.2008 ± 0.0093), (avg grad norm: 0.3667 ± 0.0393)
saving checkpoint to ./out-owt-large-mhc-lite-wsd-bs8-30000step
[iter 6000]loss: 3.2793, tokens/sec: 34156.00 ± 198.86, tokens seen: 1572864000, grad norm: 0.4572
[iter 6010]loss: 3.2256, tokens/sec: 34156.08 ± 198.70, tokens seen: 1575485440, grad norm: 0.4170
[iter 6020]loss: 3.5048, tokens/sec: 34156.09 ± 198.54, tokens seen: 1578106880, grad norm: 0.3066
[iter 6030]loss: 3.4204, tokens/sec: 34156.06 ± 198.38, tokens seen: 1580728320, grad norm: 0.3366
[iter 6040]loss: 2.9616, tokens/sec: 34156.06 ± 198.21, tokens seen: 1583349760, grad norm: 0.3265
[iter 6050]loss: 2.9628, tokens/sec: 34156.06 ± 198.05, tokens seen: 1585971200, grad norm: 0.3240
[iter 6060]loss: 3.1092, tokens/sec: 34156.05 ± 197.89, tokens seen: 1588592640, grad norm: 0.3304
[iter 6070]loss: 3.2806, tokens/sec: 34156.05 ± 197.72, tokens seen: 1591214080, grad norm: 0.3359
[iter 6080]loss: 3.2576, tokens/sec: 34156.05 ± 197.56, tokens seen: 1593835520, grad norm: 0.4311
[iter 6090]loss: 3.3551, tokens/sec: 34156.04 ± 197.40, tokens seen: 1596456960, grad norm: 0.3726
[iter 6100]loss: 3.3343, tokens/sec: 34156.04 ± 197.24, tokens seen: 1599078400, grad norm: 0.3479
[iter 6110]loss: 3.2678, tokens/sec: 34156.03 ± 197.08, tokens seen: 1601699840, grad norm: 0.3659
[iter 6120]loss: 3.0450, tokens/sec: 34156.03 ± 196.92, tokens seen: 1604321280, grad norm: 0.2837
[iter 6130]loss: 3.1534, tokens/sec: 34156.03 ± 196.76, tokens seen: 1606942720, grad norm: 0.3703
[iter 6140]loss: 3.0956, tokens/sec: 34156.03 ± 196.60, tokens seen: 1609564160, grad norm: 0.4301
[iter 6150]loss: 2.9773, tokens/sec: 34156.03 ± 196.44, tokens seen: 1612185600, grad norm: 0.3436
[iter 6160]loss: 3.1720, tokens/sec: 34156.01 ± 196.28, tokens seen: 1614807040, grad norm: 0.4023
[iter 6170]loss: 3.2062, tokens/sec: 34156.02 ± 196.12, tokens seen: 1617428480, grad norm: 0.4004
[iter 6180]loss: 3.2153, tokens/sec: 34156.02 ± 195.96, tokens seen: 1620049920, grad norm: 0.4068
[iter 6190]loss: 3.2404, tokens/sec: 34156.02 ± 195.80, tokens seen: 1622671360, grad norm: 0.3616
[iter 6200]loss: 3.2274, tokens/sec: 34156.02 ± 195.64, tokens seen: 1625292800, grad norm: 0.4264
[iter 6210]loss: 3.0934, tokens/sec: 34156.01 ± 195.49, tokens seen: 1627914240, grad norm: 0.4251
[iter 6220]loss: 3.3681, tokens/sec: 34156.01 ± 195.33, tokens seen: 1630535680, grad norm: 0.3580
[iter 6230]loss: 3.1529, tokens/sec: 34156.01 ± 195.17, tokens seen: 1633157120, grad norm: 0.3837
[iter 6240]loss: 3.4458, tokens/sec: 34156.01 ± 195.02, tokens seen: 1635778560, grad norm: 0.3564
[iter 6250]loss: 2.8217, tokens/sec: 34156.00 ± 194.86, tokens seen: 1638400000, grad norm: 0.3476
[iter 6260]loss: 3.3227, tokens/sec: 34156.01 ± 194.71, tokens seen: 1641021440, grad norm: 0.3597
[iter 6270]loss: 3.2940, tokens/sec: 34156.00 ± 194.55, tokens seen: 1643642880, grad norm: 0.3977
[iter 6280]loss: 3.0030, tokens/sec: 34156.00 ± 194.40, tokens seen: 1646264320, grad norm: 0.3473
[iter 6290]loss: 3.2581, tokens/sec: 34156.00 ± 194.24, tokens seen: 1648885760, grad norm: 0.3308
[iter 6300]loss: 3.1928, tokens/sec: 34156.00 ± 194.09, tokens seen: 1651507200, grad norm: 0.4010
[iter 6310]loss: 2.9808, tokens/sec: 34156.00 ± 193.94, tokens seen: 1654128640, grad norm: 0.4022
[iter 6320]loss: 3.1098, tokens/sec: 34156.00 ± 193.78, tokens seen: 1656750080, grad norm: 0.3523
[iter 6330]loss: 3.2724, tokens/sec: 34156.00 ± 193.63, tokens seen: 1659371520, grad norm: 0.3442
[iter 6340]loss: 3.0581, tokens/sec: 34156.00 ± 193.48, tokens seen: 1661992960, grad norm: 0.3744
[iter 6350]loss: 3.3959, tokens/sec: 34155.99 ± 193.33, tokens seen: 1664614400, grad norm: 0.4002
[iter 6360]loss: 3.2694, tokens/sec: 34155.99 ± 193.17, tokens seen: 1667235840, grad norm: 0.3178
[iter 6370]loss: 3.1242, tokens/sec: 34155.99 ± 193.02, tokens seen: 1669857280, grad norm: 0.3257
[iter 6380]loss: 3.3574, tokens/sec: 34156.00 ± 192.87, tokens seen: 1672478720, grad norm: 0.4149
[iter 6390]loss: 3.3037, tokens/sec: 34156.00 ± 192.72, tokens seen: 1675100160, grad norm: 0.3667
[iter 6400]loss: 3.4255, tokens/sec: 34156.00 ± 192.57, tokens seen: 1677721600, grad norm: 0.2958
[iter 6410]loss: 3.2846, tokens/sec: 34156.01 ± 192.42, tokens seen: 1680343040, grad norm: 0.3234
[iter 6420]loss: 3.3147, tokens/sec: 34156.01 ± 192.27, tokens seen: 1682964480, grad norm: 0.3363
[iter 6430]loss: 3.2848, tokens/sec: 34156.01 ± 192.12, tokens seen: 1685585920, grad norm: 0.3200
[iter 6440]loss: 3.1750, tokens/sec: 34156.02 ± 191.97, tokens seen: 1688207360, grad norm: 0.3666
[iter 6450]loss: 3.2292, tokens/sec: 34156.02 ± 191.82, tokens seen: 1690828800, grad norm: 0.3766
[iter 6460]loss: 3.3654, tokens/sec: 34156.03 ± 191.68, tokens seen: 1693450240, grad norm: 0.3229
[iter 6470]loss: 3.0298, tokens/sec: 34156.03 ± 191.53, tokens seen: 1696071680, grad norm: 0.3484
[iter 6480]loss: 3.2290, tokens/sec: 34156.03 ± 191.38, tokens seen: 1698693120, grad norm: 0.4100
[iter 6490]loss: 2.8408, tokens/sec: 34156.03 ± 191.23, tokens seen: 1701314560, grad norm: 0.3794
[step 6500]train loss: 3.1770, val loss: 3.1824, (avg train loss: 0.1985 ± 0.0081), (avg grad norm: 0.3757 ± 0.0434)
saving checkpoint to ./out-owt-large-mhc-lite-wsd-bs8-30000step
[iter 6500]loss: 3.2024, tokens/sec: 34156.09 ± 191.13, tokens seen: 1703936000, grad norm: 0.3460
[iter 6510]loss: 3.3362, tokens/sec: 34156.16 ± 190.99, tokens seen: 1706557440, grad norm: 0.4301
[iter 6520]loss: 3.1788, tokens/sec: 34156.17 ± 190.85, tokens seen: 1709178880, grad norm: 0.4097
[iter 6530]loss: 3.3357, tokens/sec: 34156.16 ± 190.70, tokens seen: 1711800320, grad norm: 0.5243
[iter 6540]loss: 3.0732, tokens/sec: 34156.16 ± 190.56, tokens seen: 1714421760, grad norm: 0.3948
[iter 6550]loss: 3.0511, tokens/sec: 34156.16 ± 190.41, tokens seen: 1717043200, grad norm: 0.4090
[iter 6560]loss: 3.2797, tokens/sec: 34156.15 ± 190.27, tokens seen: 1719664640, grad norm: 0.5153
[iter 6570]loss: 2.8615, tokens/sec: 34156.15 ± 190.12, tokens seen: 1722286080, grad norm: 0.4086
[iter 6580]loss: 3.1323, tokens/sec: 34156.15 ± 189.98, tokens seen: 1724907520, grad norm: 0.3152
[iter 6590]loss: 3.3173, tokens/sec: 34156.15 ± 189.83, tokens seen: 1727528960, grad norm: 0.3699
[iter 6600]loss: 3.0598, tokens/sec: 34156.15 ± 189.69, tokens seen: 1730150400, grad norm: 0.3567
[iter 6610]loss: 3.0662, tokens/sec: 34156.16 ± 189.55, tokens seen: 1732771840, grad norm: 0.3749
[iter 6620]loss: 3.2829, tokens/sec: 34156.15 ± 189.40, tokens seen: 1735393280, grad norm: 0.4114
[iter 6630]loss: 3.2223, tokens/sec: 34156.16 ± 189.26, tokens seen: 1738014720, grad norm: 0.5457
[iter 6640]loss: 3.2900, tokens/sec: 34156.16 ± 189.12, tokens seen: 1740636160, grad norm: 0.4236
[iter 6650]loss: 3.1029, tokens/sec: 34156.17 ± 188.98, tokens seen: 1743257600, grad norm: 0.3837
[iter 6660]loss: 3.2552, tokens/sec: 34156.18 ± 188.84, tokens seen: 1745879040, grad norm: 0.3908
[iter 6670]loss: 3.0074, tokens/sec: 34156.18 ± 188.69, tokens seen: 1748500480, grad norm: 0.4008
[iter 6680]loss: 3.1868, tokens/sec: 34156.18 ± 188.55, tokens seen: 1751121920, grad norm: 0.3097
[iter 6690]loss: 3.1597, tokens/sec: 34156.18 ± 188.41, tokens seen: 1753743360, grad norm: 0.4001
[iter 6700]loss: 3.3594, tokens/sec: 34156.18 ± 188.27, tokens seen: 1756364800, grad norm: 0.3403
[iter 6710]loss: 3.2770, tokens/sec: 34156.16 ± 188.13, tokens seen: 1758986240, grad norm: 0.4321
[iter 6720]loss: 2.8674, tokens/sec: 34156.17 ± 187.99, tokens seen: 1761607680, grad norm: 0.3476
[iter 6730]loss: 3.2563, tokens/sec: 34156.17 ± 187.85, tokens seen: 1764229120, grad norm: 0.3893
[iter 6740]loss: 3.2497, tokens/sec: 34156.17 ± 187.72, tokens seen: 1766850560, grad norm: 0.3760
[iter 6750]loss: 3.1639, tokens/sec: 34156.17 ± 187.58, tokens seen: 1769472000, grad norm: 0.3020
[iter 6760]loss: 3.2307, tokens/sec: 34156.18 ± 187.44, tokens seen: 1772093440, grad norm: 0.3425
[iter 6770]loss: 3.2478, tokens/sec: 34156.18 ± 187.30, tokens seen: 1774714880, grad norm: 0.3138
[iter 6780]loss: 3.1050, tokens/sec: 34156.17 ± 187.16, tokens seen: 1777336320, grad norm: 0.3094
[iter 6790]loss: 3.1294, tokens/sec: 34156.17 ± 187.03, tokens seen: 1779957760, grad norm: 0.3517
[iter 6800]loss: 3.1979, tokens/sec: 34156.17 ± 186.89, tokens seen: 1782579200, grad norm: 0.3923
[iter 6810]loss: 3.3750, tokens/sec: 34156.17 ± 186.75, tokens seen: 1785200640, grad norm: 0.4173
[iter 6820]loss: 3.0977, tokens/sec: 34156.16 ± 186.61, tokens seen: 1787822080, grad norm: 0.3607
[iter 6830]loss: 3.1749, tokens/sec: 34156.17 ± 186.48, tokens seen: 1790443520, grad norm: 0.3577
[iter 6840]loss: 3.1027, tokens/sec: 34156.16 ± 186.34, tokens seen: 1793064960, grad norm: 0.3710
[iter 6850]loss: 3.1338, tokens/sec: 34156.17 ± 186.21, tokens seen: 1795686400, grad norm: 0.3496
[iter 6860]loss: 3.2069, tokens/sec: 34156.16 ± 186.07, tokens seen: 1798307840, grad norm: 0.3206
[iter 6870]loss: 3.2850, tokens/sec: 34156.16 ± 185.94, tokens seen: 1800929280, grad norm: 0.4291
[iter 6880]loss: 3.2182, tokens/sec: 34156.16 ± 185.80, tokens seen: 1803550720, grad norm: 0.3412
[iter 6890]loss: 3.4494, tokens/sec: 34156.17 ± 185.67, tokens seen: 1806172160, grad norm: 0.4094
[iter 6900]loss: 3.1717, tokens/sec: 34156.16 ± 185.53, tokens seen: 1808793600, grad norm: 0.2967
[iter 6910]loss: 2.9441, tokens/sec: 34156.16 ± 185.40, tokens seen: 1811415040, grad norm: 0.3264
[iter 6920]loss: 3.0416, tokens/sec: 34156.16 ± 185.27, tokens seen: 1814036480, grad norm: 0.3985
[iter 6930]loss: 3.4228, tokens/sec: 34156.16 ± 185.13, tokens seen: 1816657920, grad norm: 0.3644
[iter 6940]loss: 3.3150, tokens/sec: 34156.15 ± 185.00, tokens seen: 1819279360, grad norm: 0.3774
[iter 6950]loss: 3.2233, tokens/sec: 34156.15 ± 184.87, tokens seen: 1821900800, grad norm: 0.3151
[iter 6960]loss: 3.3632, tokens/sec: 34156.15 ± 184.73, tokens seen: 1824522240, grad norm: 0.3774
[iter 6970]loss: 3.1670, tokens/sec: 34156.15 ± 184.60, tokens seen: 1827143680, grad norm: 0.3933
[iter 6980]loss: 3.0855, tokens/sec: 34156.15 ± 184.47, tokens seen: 1829765120, grad norm: 0.3341
[iter 6990]loss: 2.9704, tokens/sec: 34156.15 ± 184.34, tokens seen: 1832386560, grad norm: 0.3192
[step 7000]train loss: 3.1674, val loss: 3.1818, (avg train loss: 0.1978 ± 0.0079), (avg grad norm: 0.3683 ± 0.0435)
saving checkpoint to ./out-owt-large-mhc-lite-wsd-bs8-30000step
[iter 7000]loss: 3.0750, tokens/sec: 34156.19 ± 184.25, tokens seen: 1835008000, grad norm: 0.3718
[iter 7010]loss: 3.1168, tokens/sec: 34156.27 ± 184.12, tokens seen: 1837629440, grad norm: 0.3200
[iter 7020]loss: 3.1576, tokens/sec: 34156.28 ± 184.00, tokens seen: 1840250880, grad norm: 0.3793
[iter 7030]loss: 3.3050, tokens/sec: 34156.26 ± 183.87, tokens seen: 1842872320, grad norm: 0.3734
[iter 7040]loss: 3.0298, tokens/sec: 34156.26 ± 183.74, tokens seen: 1845493760, grad norm: 0.3012
[iter 7050]loss: 3.1441, tokens/sec: 34156.26 ± 183.61, tokens seen: 1848115200, grad norm: 0.4856
[iter 7060]loss: 3.1335, tokens/sec: 34156.25 ± 183.48, tokens seen: 1850736640, grad norm: 0.3777
[iter 7070]loss: 3.1535, tokens/sec: 34156.25 ± 183.35, tokens seen: 1853358080, grad norm: 0.4640
[iter 7080]loss: 3.4148, tokens/sec: 34156.25 ± 183.22, tokens seen: 1855979520, grad norm: 0.3754
[iter 7090]loss: 3.1210, tokens/sec: 34156.26 ± 183.09, tokens seen: 1858600960, grad norm: 0.3169
[iter 7100]loss: 3.1074, tokens/sec: 34156.25 ± 182.96, tokens seen: 1861222400, grad norm: 0.3411
[iter 7110]loss: 3.1431, tokens/sec: 34156.25 ± 182.83, tokens seen: 1863843840, grad norm: 0.3314
[iter 7120]loss: 3.1421, tokens/sec: 34156.24 ± 182.70, tokens seen: 1866465280, grad norm: 0.3556
[iter 7130]loss: 3.1895, tokens/sec: 34156.24 ± 182.58, tokens seen: 1869086720, grad norm: 0.4339
[iter 7140]loss: 3.3922, tokens/sec: 34156.24 ± 182.45, tokens seen: 1871708160, grad norm: 0.3032
[iter 7150]loss: 3.4069, tokens/sec: 34156.24 ± 182.32, tokens seen: 1874329600, grad norm: 0.3230
[iter 7160]loss: 3.1144, tokens/sec: 34156.24 ± 182.19, tokens seen: 1876951040, grad norm: 0.3183
[iter 7170]loss: 3.2630, tokens/sec: 34156.24 ± 182.07, tokens seen: 1879572480, grad norm: 0.3217
[iter 7180]loss: 3.1078, tokens/sec: 34156.24 ± 181.94, tokens seen: 1882193920, grad norm: 0.3423
[iter 7190]loss: 3.0834, tokens/sec: 34156.24 ± 181.81, tokens seen: 1884815360, grad norm: 0.3329
[iter 7200]loss: 3.1926, tokens/sec: 34156.24 ± 181.69, tokens seen: 1887436800, grad norm: 0.4296
[iter 7210]loss: 3.1141, tokens/sec: 34156.23 ± 181.56, tokens seen: 1890058240, grad norm: 0.3771
[iter 7220]loss: 3.0073, tokens/sec: 34156.23 ± 181.44, tokens seen: 1892679680, grad norm: 0.2984
[iter 7230]loss: 3.2627, tokens/sec: 34156.24 ± 181.31, tokens seen: 1895301120, grad norm: 0.4149
[iter 7240]loss: 3.3370, tokens/sec: 34156.24 ± 181.19, tokens seen: 1897922560, grad norm: 0.4388
[iter 7250]loss: 3.2676, tokens/sec: 34156.24 ± 181.06, tokens seen: 1900544000, grad norm: 0.3512
[iter 7260]loss: 3.1389, tokens/sec: 34156.24 ± 180.94, tokens seen: 1903165440, grad norm: 0.3471
[iter 7270]loss: 2.9395, tokens/sec: 34156.24 ± 180.81, tokens seen: 1905786880, grad norm: 0.4010
[iter 7280]loss: 3.1734, tokens/sec: 34156.23 ± 180.69, tokens seen: 1908408320, grad norm: 0.3267
[iter 7290]loss: 3.1459, tokens/sec: 34156.24 ± 180.57, tokens seen: 1911029760, grad norm: 0.3967
[iter 7300]loss: 3.3598, tokens/sec: 34156.23 ± 180.44, tokens seen: 1913651200, grad norm: 0.4629
[iter 7310]loss: 3.0362, tokens/sec: 34156.24 ± 180.32, tokens seen: 1916272640, grad norm: 0.4280
[iter 7320]loss: 3.1525, tokens/sec: 34156.24 ± 180.20, tokens seen: 1918894080, grad norm: 0.5312
[iter 7330]loss: 3.0653, tokens/sec: 34156.24 ± 180.07, tokens seen: 1921515520, grad norm: 0.3279
[iter 7340]loss: 3.2388, tokens/sec: 34156.24 ± 179.95, tokens seen: 1924136960, grad norm: 0.3245
[iter 7350]loss: 3.2040, tokens/sec: 34156.24 ± 179.83, tokens seen: 1926758400, grad norm: 0.3596
[iter 7360]loss: 3.1708, tokens/sec: 34156.24 ± 179.71, tokens seen: 1929379840, grad norm: 0.3756
[iter 7370]loss: 3.1202, tokens/sec: 34156.24 ± 179.59, tokens seen: 1932001280, grad norm: 0.4061
[iter 7380]loss: 3.2697, tokens/sec: 34156.23 ± 179.46, tokens seen: 1934622720, grad norm: 0.4225
[iter 7390]loss: 3.2321, tokens/sec: 34156.23 ± 179.34, tokens seen: 1937244160, grad norm: 0.4183
[iter 7400]loss: 3.2839, tokens/sec: 34156.23 ± 179.22, tokens seen: 1939865600, grad norm: 0.3739
[iter 7410]loss: 3.1808, tokens/sec: 34156.23 ± 179.10, tokens seen: 1942487040, grad norm: 0.3540
[iter 7420]loss: 3.2222, tokens/sec: 34156.22 ± 178.98, tokens seen: 1945108480, grad norm: 0.4410
[iter 7430]loss: 3.0911, tokens/sec: 34156.23 ± 178.86, tokens seen: 1947729920, grad norm: 0.3546
[iter 7440]loss: 3.1521, tokens/sec: 34156.23 ± 178.74, tokens seen: 1950351360, grad norm: 0.3753
[iter 7450]loss: 3.2057, tokens/sec: 34156.24 ± 178.62, tokens seen: 1952972800, grad norm: 0.4058
[iter 7460]loss: 3.1950, tokens/sec: 34156.24 ± 178.50, tokens seen: 1955594240, grad norm: 0.3612
[iter 7470]loss: 3.0067, tokens/sec: 34156.24 ± 178.38, tokens seen: 1958215680, grad norm: 0.3476
[iter 7480]loss: 3.1047, tokens/sec: 34156.24 ± 178.26, tokens seen: 1960837120, grad norm: 0.3210
[iter 7490]loss: 2.9614, tokens/sec: 34156.24 ± 178.14, tokens seen: 1963458560, grad norm: 0.4414
[step 7500]train loss: 3.1327, val loss: 3.1577, (avg train loss: 0.1981 ± 0.0088), (avg grad norm: 0.3788 ± 0.0505)
saving checkpoint to ./out-owt-large-mhc-lite-wsd-bs8-30000step
[iter 7500]loss: 3.2515, tokens/sec: 34156.27 ± 178.06, tokens seen: 1966080000, grad norm: 0.3481
[iter 7510]loss: 2.8608, tokens/sec: 34156.34 ± 177.95, tokens seen: 1968701440, grad norm: 0.3660
[iter 7520]loss: 3.0580, tokens/sec: 34156.35 ± 177.83, tokens seen: 1971322880, grad norm: 0.4859
[iter 7530]loss: 3.2157, tokens/sec: 34156.33 ± 177.72, tokens seen: 1973944320, grad norm: 0.3851
[iter 7540]loss: 3.0220, tokens/sec: 34156.33 ± 177.60, tokens seen: 1976565760, grad norm: 0.3189
[iter 7550]loss: 3.0996, tokens/sec: 34156.33 ± 177.48, tokens seen: 1979187200, grad norm: 0.3413
[iter 7560]loss: 3.0879, tokens/sec: 34156.33 ± 177.36, tokens seen: 1981808640, grad norm: 0.3581
[iter 7570]loss: 3.2465, tokens/sec: 34156.33 ± 177.25, tokens seen: 1984430080, grad norm: 0.3581
[iter 7580]loss: 3.1309, tokens/sec: 34156.33 ± 177.13, tokens seen: 1987051520, grad norm: 0.3221
[iter 7590]loss: 3.2474, tokens/sec: 34156.32 ± 177.01, tokens seen: 1989672960, grad norm: 0.4453
[iter 7600]loss: 2.9565, tokens/sec: 34156.32 ± 176.90, tokens seen: 1992294400, grad norm: 0.3467
[iter 7610]loss: 3.3987, tokens/sec: 34156.31 ± 176.78, tokens seen: 1994915840, grad norm: 0.2998
[iter 7620]loss: 3.3345, tokens/sec: 34156.31 ± 176.67, tokens seen: 1997537280, grad norm: 0.3322
[iter 7630]loss: 3.1289, tokens/sec: 34156.31 ± 176.55, tokens seen: 2000158720, grad norm: 0.3772
[iter 7640]loss: 3.2056, tokens/sec: 34156.31 ± 176.44, tokens seen: 2002780160, grad norm: 0.3379
[iter 7650]loss: 3.3823, tokens/sec: 34156.31 ± 176.32, tokens seen: 2005401600, grad norm: 0.3779
[iter 7660]loss: 3.2383, tokens/sec: 34156.31 ± 176.21, tokens seen: 2008023040, grad norm: 0.3192
[iter 7670]loss: 2.9493, tokens/sec: 34156.31 ± 176.09, tokens seen: 2010644480, grad norm: 0.3343
[iter 7680]loss: 3.1804, tokens/sec: 34156.31 ± 175.98, tokens seen: 2013265920, grad norm: 0.3146
[iter 7690]loss: 3.3805, tokens/sec: 34156.31 ± 175.86, tokens seen: 2015887360, grad norm: 0.3804
[iter 7700]loss: 3.1087, tokens/sec: 34156.31 ± 175.75, tokens seen: 2018508800, grad norm: 0.3661
[iter 7710]loss: 3.1153, tokens/sec: 34156.32 ± 175.64, tokens seen: 2021130240, grad norm: 0.3451
[iter 7720]loss: 3.3151, tokens/sec: 34156.32 ± 175.52, tokens seen: 2023751680, grad norm: 0.3739
[iter 7730]loss: 3.0920, tokens/sec: 34156.32 ± 175.41, tokens seen: 2026373120, grad norm: 0.4064
[iter 7740]loss: 3.2367, tokens/sec: 34156.32 ± 175.30, tokens seen: 2028994560, grad norm: 0.4096
[iter 7750]loss: 3.0817, tokens/sec: 34156.32 ± 175.18, tokens seen: 2031616000, grad norm: 0.3211
[iter 7760]loss: 3.2910, tokens/sec: 34156.31 ± 175.07, tokens seen: 2034237440, grad norm: 0.4848
[iter 7770]loss: 3.3057, tokens/sec: 34156.31 ± 174.96, tokens seen: 2036858880, grad norm: 0.3422
[iter 7780]loss: 3.1729, tokens/sec: 34156.31 ± 174.85, tokens seen: 2039480320, grad norm: 0.3436
[iter 7790]loss: 3.5397, tokens/sec: 34156.30 ± 174.73, tokens seen: 2042101760, grad norm: 0.3391
[iter 7800]loss: 3.0062, tokens/sec: 34156.30 ± 174.62, tokens seen: 2044723200, grad norm: 0.3060
[iter 7810]loss: 3.2570, tokens/sec: 34156.30 ± 174.51, tokens seen: 2047344640, grad norm: 0.3497
[iter 7820]loss: 3.0332, tokens/sec: 34156.30 ± 174.40, tokens seen: 2049966080, grad norm: 0.3085
[iter 7830]loss: 3.0264, tokens/sec: 34156.30 ± 174.29, tokens seen: 2052587520, grad norm: 0.3651
[iter 7840]loss: 2.9783, tokens/sec: 34156.30 ± 174.18, tokens seen: 2055208960, grad norm: 0.3303
[iter 7850]loss: 3.1608, tokens/sec: 34156.29 ± 174.07, tokens seen: 2057830400, grad norm: 0.4283
[iter 7860]loss: 3.2146, tokens/sec: 34156.29 ± 173.96, tokens seen: 2060451840, grad norm: 0.3587
[iter 7870]loss: 3.1931, tokens/sec: 34156.29 ± 173.85, tokens seen: 2063073280, grad norm: 0.4256
[iter 7880]loss: 3.3744, tokens/sec: 34156.29 ± 173.74, tokens seen: 2065694720, grad norm: 0.4542
[iter 7890]loss: 3.2224, tokens/sec: 34156.29 ± 173.63, tokens seen: 2068316160, grad norm: 0.4303
[iter 7900]loss: 2.9920, tokens/sec: 34156.29 ± 173.52, tokens seen: 2070937600, grad norm: 0.3652
[iter 7910]loss: 2.7801, tokens/sec: 34156.28 ± 173.41, tokens seen: 2073559040, grad norm: 0.3710
[iter 7920]loss: 3.0178, tokens/sec: 34156.28 ± 173.30, tokens seen: 2076180480, grad norm: 0.3323
[iter 7930]loss: 3.0577, tokens/sec: 34156.28 ± 173.19, tokens seen: 2078801920, grad norm: 0.3766
[iter 7940]loss: 3.1471, tokens/sec: 34156.28 ± 173.08, tokens seen: 2081423360, grad norm: 0.4772
[iter 7950]loss: 3.1330, tokens/sec: 34156.28 ± 172.97, tokens seen: 2084044800, grad norm: 0.3796
[iter 7960]loss: 3.1512, tokens/sec: 34156.28 ± 172.86, tokens seen: 2086666240, grad norm: 0.3160
[iter 7970]loss: 3.2939, tokens/sec: 34156.28 ± 172.76, tokens seen: 2089287680, grad norm: 0.3979
[iter 7980]loss: 3.0550, tokens/sec: 34156.28 ± 172.65, tokens seen: 2091909120, grad norm: 0.4084
[iter 7990]loss: 3.0954, tokens/sec: 34156.27 ± 172.54, tokens seen: 2094530560, grad norm: 0.3258
[step 8000]train loss: 3.1345, val loss: 3.1408, (avg train loss: 0.1964 ± 0.0090), (avg grad norm: 0.3668 ± 0.0412)
saving checkpoint to ./out-owt-large-mhc-lite-wsd-bs8-30000step
[iter 8000]loss: 3.0158, tokens/sec: 34156.31 ± 172.47, tokens seen: 2097152000, grad norm: 0.3271
[iter 8010]loss: 3.2617, tokens/sec: 34156.38 ± 172.37, tokens seen: 2099773440, grad norm: 0.3069
[iter 8020]loss: 3.2189, tokens/sec: 34156.39 ± 172.27, tokens seen: 2102394880, grad norm: 0.3342
[iter 8030]loss: 3.2429, tokens/sec: 34156.37 ± 172.16, tokens seen: 2105016320, grad norm: 0.3538
[iter 8040]loss: 3.0341, tokens/sec: 34156.37 ± 172.05, tokens seen: 2107637760, grad norm: 0.3305
[iter 8050]loss: 3.0292, tokens/sec: 34156.36 ± 171.95, tokens seen: 2110259200, grad norm: 0.3681
[iter 8060]loss: 2.9926, tokens/sec: 34156.36 ± 171.84, tokens seen: 2112880640, grad norm: 0.3956
[iter 8070]loss: 3.0860, tokens/sec: 34156.35 ± 171.73, tokens seen: 2115502080, grad norm: 0.5440
[iter 8080]loss: 2.8087, tokens/sec: 34156.35 ± 171.63, tokens seen: 2118123520, grad norm: 0.3093
[iter 8090]loss: 2.8377, tokens/sec: 34156.35 ± 171.52, tokens seen: 2120744960, grad norm: 0.3761
[iter 8100]loss: 3.1215, tokens/sec: 34156.34 ± 171.42, tokens seen: 2123366400, grad norm: 0.3000
[iter 8110]loss: 3.0041, tokens/sec: 34156.34 ± 171.31, tokens seen: 2125987840, grad norm: 0.3522
[iter 8120]loss: 3.1020, tokens/sec: 34156.33 ± 171.21, tokens seen: 2128609280, grad norm: 0.3303
[iter 8130]loss: 2.9713, tokens/sec: 34156.33 ± 171.10, tokens seen: 2131230720, grad norm: 0.3400
[iter 8140]loss: 3.0951, tokens/sec: 34156.33 ± 171.00, tokens seen: 2133852160, grad norm: 0.3252
[iter 8150]loss: 3.1169, tokens/sec: 34156.33 ± 170.89, tokens seen: 2136473600, grad norm: 0.2960
[iter 8160]loss: 3.1287, tokens/sec: 34156.33 ± 170.79, tokens seen: 2139095040, grad norm: 0.3746
[iter 8170]loss: 3.2427, tokens/sec: 34156.34 ± 170.68, tokens seen: 2141716480, grad norm: 0.4728
[iter 8180]loss: 3.1158, tokens/sec: 34156.34 ± 170.58, tokens seen: 2144337920, grad norm: 0.3387
[iter 8190]loss: 3.0955, tokens/sec: 34156.33 ± 170.47, tokens seen: 2146959360, grad norm: 0.3571
[iter 8200]loss: 3.2974, tokens/sec: 34156.33 ± 170.37, tokens seen: 2149580800, grad norm: 0.4016
[iter 8210]loss: 3.2390, tokens/sec: 34156.33 ± 170.27, tokens seen: 2152202240, grad norm: 0.4004
[iter 8220]loss: 3.2335, tokens/sec: 34156.33 ± 170.16, tokens seen: 2154823680, grad norm: 0.3475
[iter 8230]loss: 3.1449, tokens/sec: 34156.32 ± 170.06, tokens seen: 2157445120, grad norm: 0.3648
[iter 8240]loss: 3.1860, tokens/sec: 34156.32 ± 169.96, tokens seen: 2160066560, grad norm: 0.3792
[iter 8250]loss: 2.7294, tokens/sec: 34156.32 ± 169.86, tokens seen: 2162688000, grad norm: 0.3631
[iter 8260]loss: 3.0744, tokens/sec: 34156.32 ± 169.75, tokens seen: 2165309440, grad norm: 0.3235
[iter 8270]loss: 3.3382, tokens/sec: 34156.32 ± 169.65, tokens seen: 2167930880, grad norm: 0.3437
[iter 8280]loss: 3.2327, tokens/sec: 34156.33 ± 169.55, tokens seen: 2170552320, grad norm: 0.3791
[iter 8290]loss: 3.4972, tokens/sec: 34156.33 ± 169.45, tokens seen: 2173173760, grad norm: 0.4125
[iter 8300]loss: 3.1855, tokens/sec: 34156.33 ± 169.35, tokens seen: 2175795200, grad norm: 0.3443
[iter 8310]loss: 2.9181, tokens/sec: 34156.33 ± 169.24, tokens seen: 2178416640, grad norm: 0.3869
[iter 8320]loss: 3.1324, tokens/sec: 34156.33 ± 169.14, tokens seen: 2181038080, grad norm: 0.3668
[iter 8330]loss: 2.9905, tokens/sec: 34156.33 ± 169.04, tokens seen: 2183659520, grad norm: 0.3748
[iter 8340]loss: 2.8815, tokens/sec: 34156.33 ± 168.94, tokens seen: 2186280960, grad norm: 0.3172
[iter 8350]loss: 3.0953, tokens/sec: 34156.33 ± 168.84, tokens seen: 2188902400, grad norm: 0.3630
[iter 8360]loss: 3.1011, tokens/sec: 34156.33 ± 168.74, tokens seen: 2191523840, grad norm: 0.3416
[iter 8370]loss: 2.9712, tokens/sec: 34156.32 ± 168.64, tokens seen: 2194145280, grad norm: 0.3912
[iter 8380]loss: 3.0063, tokens/sec: 34156.32 ± 168.54, tokens seen: 2196766720, grad norm: 0.2973
[iter 8390]loss: 3.1396, tokens/sec: 34156.32 ± 168.44, tokens seen: 2199388160, grad norm: 0.3910
[iter 8400]loss: 3.1128, tokens/sec: 34156.31 ± 168.34, tokens seen: 2202009600, grad norm: 0.3679
[iter 8410]loss: 3.0177, tokens/sec: 34156.31 ± 168.24, tokens seen: 2204631040, grad norm: 0.3157
[iter 8420]loss: 3.3759, tokens/sec: 34156.31 ± 168.14, tokens seen: 2207252480, grad norm: 0.3926
[iter 8430]loss: 3.0574, tokens/sec: 34156.31 ± 168.04, tokens seen: 2209873920, grad norm: 0.3553
[iter 8440]loss: 3.2388, tokens/sec: 34156.31 ± 167.94, tokens seen: 2212495360, grad norm: 0.3120
[iter 8450]loss: 3.1108, tokens/sec: 34156.32 ± 167.84, tokens seen: 2215116800, grad norm: 0.3976
[iter 8460]loss: 3.1608, tokens/sec: 34156.32 ± 167.74, tokens seen: 2217738240, grad norm: 0.3590
[iter 8470]loss: 3.1190, tokens/sec: 34156.31 ± 167.64, tokens seen: 2220359680, grad norm: 0.3741
[iter 8480]loss: 3.2021, tokens/sec: 34156.32 ± 167.54, tokens seen: 2222981120, grad norm: 0.3847
[iter 8490]loss: 3.2127, tokens/sec: 34156.32 ± 167.45, tokens seen: 2225602560, grad norm: 0.4102
[step 8500]train loss: 3.1144, val loss: 3.1353, (avg train loss: 0.1951 ± 0.0087), (avg grad norm: 0.3678 ± 0.0465)
saving checkpoint to ./out-owt-large-mhc-lite-wsd-bs8-30000step
[iter 8500]loss: 3.1571, tokens/sec: 34156.35 ± 167.38, tokens seen: 2228224000, grad norm: 0.3777
[iter 8510]loss: 3.0106, tokens/sec: 34156.41 ± 167.29, tokens seen: 2230845440, grad norm: 0.3503
[iter 8520]loss: 3.2028, tokens/sec: 34156.42 ± 167.19, tokens seen: 2233466880, grad norm: 0.3259
[iter 8530]loss: 3.1836, tokens/sec: 34156.41 ± 167.10, tokens seen: 2236088320, grad norm: 0.3378
[iter 8540]loss: 3.1372, tokens/sec: 34156.41 ± 167.00, tokens seen: 2238709760, grad norm: 0.3509
[iter 8550]loss: 3.0466, tokens/sec: 34156.41 ± 166.90, tokens seen: 2241331200, grad norm: 0.4072
[iter 8560]loss: 3.2455, tokens/sec: 34156.41 ± 166.80, tokens seen: 2243952640, grad norm: 0.4330
[iter 8570]loss: 2.9992, tokens/sec: 34156.41 ± 166.71, tokens seen: 2246574080, grad norm: 0.4486
[iter 8580]loss: 3.1304, tokens/sec: 34156.40 ± 166.61, tokens seen: 2249195520, grad norm: 0.3444
[iter 8590]loss: 3.0698, tokens/sec: 34156.40 ± 166.51, tokens seen: 2251816960, grad norm: 0.4774
[iter 8600]loss: 3.0290, tokens/sec: 34156.40 ± 166.42, tokens seen: 2254438400, grad norm: 0.3376
[iter 8610]loss: 3.0940, tokens/sec: 34156.39 ± 166.32, tokens seen: 2257059840, grad norm: 0.3101
[iter 8620]loss: 2.9497, tokens/sec: 34156.39 ± 166.22, tokens seen: 2259681280, grad norm: 0.3438
[iter 8630]loss: 3.2657, tokens/sec: 34156.39 ± 166.13, tokens seen: 2262302720, grad norm: 0.4092
[iter 8640]loss: 3.0180, tokens/sec: 34156.40 ± 166.03, tokens seen: 2264924160, grad norm: 0.4581
[iter 8650]loss: 3.1944, tokens/sec: 34156.39 ± 165.94, tokens seen: 2267545600, grad norm: 0.3356
[iter 8660]loss: 2.9783, tokens/sec: 34156.39 ± 165.84, tokens seen: 2270167040, grad norm: 0.3779
[iter 8670]loss: 3.1832, tokens/sec: 34156.39 ± 165.75, tokens seen: 2272788480, grad norm: 0.3551
[iter 8680]loss: 3.0264, tokens/sec: 34156.39 ± 165.65, tokens seen: 2275409920, grad norm: 0.2992
[iter 8690]loss: 2.9331, tokens/sec: 34156.39 ± 165.55, tokens seen: 2278031360, grad norm: 0.3803
[iter 8700]loss: 3.0902, tokens/sec: 34156.39 ± 165.46, tokens seen: 2280652800, grad norm: 0.3738
[iter 8710]loss: 3.1186, tokens/sec: 34156.39 ± 165.37, tokens seen: 2283274240, grad norm: 0.4014
[iter 8720]loss: 3.2030, tokens/sec: 34156.39 ± 165.27, tokens seen: 2285895680, grad norm: 0.4108
[iter 8730]loss: 3.2183, tokens/sec: 34156.39 ± 165.18, tokens seen: 2288517120, grad norm: 0.3846
[iter 8740]loss: 3.3232, tokens/sec: 34156.38 ± 165.08, tokens seen: 2291138560, grad norm: 0.3966
[iter 8750]loss: 3.0519, tokens/sec: 34156.38 ± 164.99, tokens seen: 2293760000, grad norm: 0.2980
[iter 8760]loss: 3.1359, tokens/sec: 34156.38 ± 164.89, tokens seen: 2296381440, grad norm: 0.4054
[iter 8770]loss: 3.1233, tokens/sec: 34156.38 ± 164.80, tokens seen: 2299002880, grad norm: 0.3291
[iter 8780]loss: 3.1134, tokens/sec: 34156.38 ± 164.71, tokens seen: 2301624320, grad norm: 0.3274
[iter 8790]loss: 3.1666, tokens/sec: 34156.38 ± 164.61, tokens seen: 2304245760, grad norm: 0.3201
[iter 8800]loss: 2.7788, tokens/sec: 34156.38 ± 164.52, tokens seen: 2306867200, grad norm: 0.4327
[iter 8810]loss: 2.8619, tokens/sec: 34156.38 ± 164.43, tokens seen: 2309488640, grad norm: 0.3140
[iter 8820]loss: 3.2608, tokens/sec: 34156.38 ± 164.33, tokens seen: 2312110080, grad norm: 0.3217
[iter 8830]loss: 2.9272, tokens/sec: 34156.38 ± 164.24, tokens seen: 2314731520, grad norm: 0.3593
[iter 8840]loss: 3.0392, tokens/sec: 34156.38 ± 164.15, tokens seen: 2317352960, grad norm: 0.3495
[iter 8850]loss: 3.1757, tokens/sec: 34156.38 ± 164.06, tokens seen: 2319974400, grad norm: 0.3683
[iter 8860]loss: 3.0388, tokens/sec: 34156.38 ± 163.96, tokens seen: 2322595840, grad norm: 0.3937
[iter 8870]loss: 3.0844, tokens/sec: 34156.38 ± 163.87, tokens seen: 2325217280, grad norm: 0.4099
[iter 8880]loss: 3.0473, tokens/sec: 34156.38 ± 163.78, tokens seen: 2327838720, grad norm: 0.3279
[iter 8890]loss: 3.1498, tokens/sec: 34156.39 ± 163.69, tokens seen: 2330460160, grad norm: 0.3387
[iter 8900]loss: 3.1251, tokens/sec: 34156.38 ± 163.60, tokens seen: 2333081600, grad norm: 0.4071
[iter 8910]loss: 2.8063, tokens/sec: 34156.39 ± 163.50, tokens seen: 2335703040, grad norm: 0.3508
[iter 8920]loss: 3.0769, tokens/sec: 34156.39 ± 163.41, tokens seen: 2338324480, grad norm: 0.3366
[iter 8930]loss: 3.0361, tokens/sec: 34156.38 ± 163.32, tokens seen: 2340945920, grad norm: 0.3354
[iter 8940]loss: 3.0919, tokens/sec: 34156.39 ± 163.23, tokens seen: 2343567360, grad norm: 0.3460
[iter 8950]loss: 3.0518, tokens/sec: 34156.39 ± 163.14, tokens seen: 2346188800, grad norm: 0.3413
[iter 8960]loss: 2.9335, tokens/sec: 34156.39 ± 163.05, tokens seen: 2348810240, grad norm: 0.3403
[iter 8970]loss: 3.1588, tokens/sec: 34156.39 ± 162.96, tokens seen: 2351431680, grad norm: 0.3037
[iter 8980]loss: 2.8917, tokens/sec: 34156.38 ± 162.87, tokens seen: 2354053120, grad norm: 0.3150
[iter 8990]loss: 3.1870, tokens/sec: 34156.38 ± 162.78, tokens seen: 2356674560, grad norm: 0.3389
[step 9000]train loss: 3.1097, val loss: 3.1120, (avg train loss: 0.1930 ± 0.0088), (avg grad norm: 0.3646 ± 0.0427)
saving checkpoint to ./out-owt-large-mhc-lite-wsd-bs8-30000step
[iter 9000]loss: 3.0581, tokens/sec: 34156.42 ± 162.72, tokens seen: 2359296000, grad norm: 0.3654
[iter 9010]loss: 3.1926, tokens/sec: 34156.48 ± 162.64, tokens seen: 2361917440, grad norm: 0.3096
[iter 9020]loss: 3.2340, tokens/sec: 34156.49 ± 162.55, tokens seen: 2364538880, grad norm: 0.3886
[iter 9030]loss: 3.1900, tokens/sec: 34156.47 ± 162.46, tokens seen: 2367160320, grad norm: 0.3359
[iter 9040]loss: 3.3518, tokens/sec: 34156.47 ± 162.37, tokens seen: 2369781760, grad norm: 0.3774
[iter 9050]loss: 3.0706, tokens/sec: 34156.48 ± 162.28, tokens seen: 2372403200, grad norm: 0.3755
[iter 9060]loss: 3.1839, tokens/sec: 34156.48 ± 162.19, tokens seen: 2375024640, grad norm: 0.3637
[iter 9070]loss: 3.1197, tokens/sec: 34156.48 ± 162.10, tokens seen: 2377646080, grad norm: 0.4292
[iter 9080]loss: 2.9574, tokens/sec: 34156.47 ± 162.02, tokens seen: 2380267520, grad norm: 0.4273
[iter 9090]loss: 3.1519, tokens/sec: 34156.47 ± 161.93, tokens seen: 2382888960, grad norm: 0.3722
[iter 9100]loss: 3.4512, tokens/sec: 34156.46 ± 161.84, tokens seen: 2385510400, grad norm: 0.3266
[iter 9110]loss: 3.0381, tokens/sec: 34156.47 ± 161.75, tokens seen: 2388131840, grad norm: 0.3797
[iter 9120]loss: 3.1208, tokens/sec: 34156.46 ± 161.66, tokens seen: 2390753280, grad norm: 0.3479
[iter 9130]loss: 3.1859, tokens/sec: 34156.46 ± 161.57, tokens seen: 2393374720, grad norm: 0.3963
[iter 9140]loss: 3.0998, tokens/sec: 34156.46 ± 161.49, tokens seen: 2395996160, grad norm: 0.4025
[iter 9150]loss: 3.1156, tokens/sec: 34156.46 ± 161.40, tokens seen: 2398617600, grad norm: 0.4095
[iter 9160]loss: 3.0375, tokens/sec: 34156.46 ± 161.31, tokens seen: 2401239040, grad norm: 0.4261
[iter 9170]loss: 3.1159, tokens/sec: 34156.46 ± 161.22, tokens seen: 2403860480, grad norm: 0.3419
[iter 9180]loss: 3.0919, tokens/sec: 34156.46 ± 161.13, tokens seen: 2406481920, grad norm: 0.3926
[iter 9190]loss: 3.0036, tokens/sec: 34156.45 ± 161.05, tokens seen: 2409103360, grad norm: 0.3038
[iter 9200]loss: 2.9749, tokens/sec: 34156.46 ± 160.96, tokens seen: 2411724800, grad norm: 0.2846
[iter 9210]loss: 3.1543, tokens/sec: 34156.45 ± 160.87, tokens seen: 2414346240, grad norm: 0.3473
[iter 9220]loss: 2.6737, tokens/sec: 34156.44 ± 160.79, tokens seen: 2416967680, grad norm: 0.3598
[iter 9230]loss: 3.1526, tokens/sec: 34156.43 ± 160.70, tokens seen: 2419589120, grad norm: 0.3335
[iter 9240]loss: 3.0867, tokens/sec: 34156.43 ± 160.61, tokens seen: 2422210560, grad norm: 0.4237
[iter 9250]loss: 2.9815, tokens/sec: 34156.43 ± 160.53, tokens seen: 2424832000, grad norm: 0.4464
[iter 9260]loss: 2.9391, tokens/sec: 34156.43 ± 160.44, tokens seen: 2427453440, grad norm: 0.3883
[iter 9270]loss: 3.1524, tokens/sec: 34156.43 ± 160.35, tokens seen: 2430074880, grad norm: 0.3297
[iter 9280]loss: 3.1366, tokens/sec: 34156.42 ± 160.27, tokens seen: 2432696320, grad norm: 0.3326
[iter 9290]loss: 3.0400, tokens/sec: 34156.41 ± 160.18, tokens seen: 2435317760, grad norm: 0.3470
[iter 9300]loss: 3.0114, tokens/sec: 34156.41 ± 160.10, tokens seen: 2437939200, grad norm: 0.3378
[iter 9310]loss: 3.2579, tokens/sec: 34156.40 ± 160.01, tokens seen: 2440560640, grad norm: 0.3373
[iter 9320]loss: 3.0007, tokens/sec: 34156.40 ± 159.93, tokens seen: 2443182080, grad norm: 0.3528
[iter 9330]loss: 3.0535, tokens/sec: 34156.40 ± 159.84, tokens seen: 2445803520, grad norm: 0.3374
[iter 9340]loss: 3.0540, tokens/sec: 34156.40 ± 159.76, tokens seen: 2448424960, grad norm: 0.3551
[iter 9350]loss: 2.9870, tokens/sec: 34156.39 ± 159.67, tokens seen: 2451046400, grad norm: 0.3580
[iter 9360]loss: 3.2497, tokens/sec: 34156.39 ± 159.59, tokens seen: 2453667840, grad norm: 0.4105
[iter 9370]loss: 3.1830, tokens/sec: 34156.39 ± 159.50, tokens seen: 2456289280, grad norm: 0.4281
[iter 9380]loss: 2.9960, tokens/sec: 34156.39 ± 159.42, tokens seen: 2458910720, grad norm: 0.2824
[iter 9390]loss: 3.0037, tokens/sec: 34156.39 ± 159.33, tokens seen: 2461532160, grad norm: 0.3680
[iter 9400]loss: 3.2490, tokens/sec: 34156.39 ± 159.25, tokens seen: 2464153600, grad norm: 0.3407
[iter 9410]loss: 3.0603, tokens/sec: 34156.38 ± 159.16, tokens seen: 2466775040, grad norm: 0.5188
[iter 9420]loss: 3.2513, tokens/sec: 34156.38 ± 159.08, tokens seen: 2469396480, grad norm: 0.3922
[iter 9430]loss: 3.1143, tokens/sec: 34156.38 ± 158.99, tokens seen: 2472017920, grad norm: 0.3806
[iter 9440]loss: 3.1246, tokens/sec: 34156.38 ± 158.91, tokens seen: 2474639360, grad norm: 0.3857
[iter 9450]loss: 3.0927, tokens/sec: 34156.37 ± 158.83, tokens seen: 2477260800, grad norm: 0.3349
[iter 9460]loss: 3.2404, tokens/sec: 34156.37 ± 158.74, tokens seen: 2479882240, grad norm: 0.3407
[iter 9470]loss: 2.8513, tokens/sec: 34156.37 ± 158.66, tokens seen: 2482503680, grad norm: 0.3651
[iter 9480]loss: 2.9004, tokens/sec: 34156.37 ± 158.58, tokens seen: 2485125120, grad norm: 0.3779
[iter 9490]loss: 3.0940, tokens/sec: 34156.37 ± 158.49, tokens seen: 2487746560, grad norm: 0.3483
[step 9500]train loss: 3.0931, val loss: 3.1038, (avg train loss: 0.1941 ± 0.0086), (avg grad norm: 0.3575 ± 0.0462)
saving checkpoint to ./out-owt-large-mhc-lite-wsd-bs8-30000step
[iter 9500]loss: 3.3995, tokens/sec: 34156.40 ± 158.45, tokens seen: 2490368000, grad norm: 0.3142
[iter 9510]loss: 3.2076, tokens/sec: 34156.45 ± 158.37, tokens seen: 2492989440, grad norm: 0.3335
[iter 9520]loss: 3.1344, tokens/sec: 34156.46 ± 158.29, tokens seen: 2495610880, grad norm: 0.3325
[iter 9530]loss: 3.1550, tokens/sec: 34156.45 ± 158.21, tokens seen: 2498232320, grad norm: 0.4704
[iter 9540]loss: 3.2311, tokens/sec: 34156.44 ± 158.13, tokens seen: 2500853760, grad norm: 0.3607
[iter 9550]loss: 3.1567, tokens/sec: 34156.41 ± 158.07, tokens seen: 2503475200, grad norm: 0.3548
[iter 9560]loss: 3.4274, tokens/sec: 34156.29 ± 158.04, tokens seen: 2506096640, grad norm: 0.3585
[iter 9570]loss: 3.0722, tokens/sec: 34156.16 ± 158.00, tokens seen: 2508718080, grad norm: 0.3491
[iter 9580]loss: 2.9741, tokens/sec: 34156.03 ± 157.99, tokens seen: 2511339520, grad norm: 0.4140
[iter 9590]loss: 3.0807, tokens/sec: 34155.93 ± 157.94, tokens seen: 2513960960, grad norm: 0.3654
[iter 9600]loss: 3.1313, tokens/sec: 34155.83 ± 157.89, tokens seen: 2516582400, grad norm: 0.3288
[iter 9610]loss: 3.0119, tokens/sec: 34155.81 ± 157.81, tokens seen: 2519203840, grad norm: 0.3542
[iter 9620]loss: 2.9497, tokens/sec: 34155.80 ± 157.73, tokens seen: 2521825280, grad norm: 0.3172
[iter 9630]loss: 3.1617, tokens/sec: 34155.80 ± 157.65, tokens seen: 2524446720, grad norm: 0.4246
[iter 9640]loss: 3.1003, tokens/sec: 34155.79 ± 157.57, tokens seen: 2527068160, grad norm: 0.3883
[iter 9650]loss: 3.0579, tokens/sec: 34155.79 ± 157.48, tokens seen: 2529689600, grad norm: 0.3183
[iter 9660]loss: 3.1035, tokens/sec: 34155.78 ± 157.40, tokens seen: 2532311040, grad norm: 0.3377
[iter 9670]loss: 2.8777, tokens/sec: 34155.78 ± 157.32, tokens seen: 2534932480, grad norm: 0.3150
[iter 9680]loss: 2.9542, tokens/sec: 34155.77 ± 157.24, tokens seen: 2537553920, grad norm: 0.3476
[iter 9690]loss: 3.1199, tokens/sec: 34155.78 ± 157.16, tokens seen: 2540175360, grad norm: 0.4005
[iter 9700]loss: 3.2195, tokens/sec: 34155.77 ± 157.08, tokens seen: 2542796800, grad norm: 0.3288
[iter 9710]loss: 3.1814, tokens/sec: 34155.77 ± 157.00, tokens seen: 2545418240, grad norm: 0.3199
[iter 9720]loss: 3.1232, tokens/sec: 34155.77 ± 156.92, tokens seen: 2548039680, grad norm: 0.2985
[iter 9730]loss: 2.9344, tokens/sec: 34155.77 ± 156.84, tokens seen: 2550661120, grad norm: 0.3408
[iter 9740]loss: 3.1874, tokens/sec: 34155.77 ± 156.76, tokens seen: 2553282560, grad norm: 0.3155
[iter 9750]loss: 3.1402, tokens/sec: 34155.77 ± 156.68, tokens seen: 2555904000, grad norm: 0.3176
[iter 9760]loss: 3.4082, tokens/sec: 34155.76 ± 156.60, tokens seen: 2558525440, grad norm: 0.3563
[iter 9770]loss: 3.1411, tokens/sec: 34155.76 ± 156.52, tokens seen: 2561146880, grad norm: 0.3300
[iter 9780]loss: 2.9585, tokens/sec: 34155.75 ± 156.44, tokens seen: 2563768320, grad norm: 0.3661
[iter 9790]loss: 3.2804, tokens/sec: 34155.75 ± 156.36, tokens seen: 2566389760, grad norm: 0.3538
[iter 9800]loss: 3.0216, tokens/sec: 34155.75 ± 156.28, tokens seen: 2569011200, grad norm: 0.3285
[iter 9810]loss: 3.1320, tokens/sec: 34155.75 ± 156.20, tokens seen: 2571632640, grad norm: 0.2976
[iter 9820]loss: 3.1321, tokens/sec: 34155.74 ± 156.12, tokens seen: 2574254080, grad norm: 0.3449
[iter 9830]loss: 3.0909, tokens/sec: 34155.74 ± 156.04, tokens seen: 2576875520, grad norm: 0.3384
[iter 9840]loss: 3.0249, tokens/sec: 34155.74 ± 155.96, tokens seen: 2579496960, grad norm: 0.3191
[iter 9850]loss: 3.1700, tokens/sec: 34155.74 ± 155.88, tokens seen: 2582118400, grad norm: 0.4455
[iter 9860]loss: 3.0614, tokens/sec: 34155.73 ± 155.81, tokens seen: 2584739840, grad norm: 0.2777
[iter 9870]loss: 3.0380, tokens/sec: 34155.73 ± 155.73, tokens seen: 2587361280, grad norm: 0.4189
[iter 9880]loss: 3.0221, tokens/sec: 34155.73 ± 155.65, tokens seen: 2589982720, grad norm: 0.3706
[iter 9890]loss: 3.1649, tokens/sec: 34155.72 ± 155.57, tokens seen: 2592604160, grad norm: 0.3821
[iter 9900]loss: 2.9660, tokens/sec: 34155.72 ± 155.49, tokens seen: 2595225600, grad norm: 0.3765
[iter 9910]loss: 3.2843, tokens/sec: 34155.72 ± 155.41, tokens seen: 2597847040, grad norm: 0.4138
[iter 9920]loss: 3.0256, tokens/sec: 34155.72 ± 155.34, tokens seen: 2600468480, grad norm: 0.3401
[iter 9930]loss: 2.8523, tokens/sec: 34155.72 ± 155.26, tokens seen: 2603089920, grad norm: 0.3204
[iter 9940]loss: 3.0639, tokens/sec: 34155.72 ± 155.18, tokens seen: 2605711360, grad norm: 0.3990
[iter 9950]loss: 3.0572, tokens/sec: 34155.72 ± 155.10, tokens seen: 2608332800, grad norm: 0.4835
[iter 9960]loss: 3.2524, tokens/sec: 34155.71 ± 155.02, tokens seen: 2610954240, grad norm: 0.5185
[iter 9970]loss: 3.1836, tokens/sec: 34155.71 ± 154.95, tokens seen: 2613575680, grad norm: 0.6008
[iter 9980]loss: 3.0916, tokens/sec: 34155.71 ± 154.87, tokens seen: 2616197120, grad norm: 0.3628
[iter 9990]loss: 2.8945, tokens/sec: 34155.71 ± 154.79, tokens seen: 2618818560, grad norm: 0.2826
[step 10000]train loss: 3.0828, val loss: 3.0809, (avg train loss: 0.1933 ± 0.0086), (avg grad norm: 0.3682 ± 0.0569)
saving checkpoint to ./out-owt-large-mhc-lite-wsd-bs8-30000step
[iter 10000]loss: 3.1641, tokens/sec: 34155.74 ± 154.74, tokens seen: 2621440000, grad norm: 0.3349
[iter 10010]loss: 2.9139, tokens/sec: 34155.78 ± 154.67, tokens seen: 2624061440, grad norm: 0.3125
[iter 10020]loss: 3.1947, tokens/sec: 34155.79 ± 154.60, tokens seen: 2626682880, grad norm: 0.4800
[iter 10030]loss: 2.8292, tokens/sec: 34155.78 ± 154.52, tokens seen: 2629304320, grad norm: 0.4114
[iter 10040]loss: 3.2362, tokens/sec: 34155.77 ± 154.44, tokens seen: 2631925760, grad norm: 0.3819
[iter 10050]loss: 2.9773, tokens/sec: 34155.77 ± 154.37, tokens seen: 2634547200, grad norm: 0.3001
[iter 10060]loss: 3.2772, tokens/sec: 34155.77 ± 154.29, tokens seen: 2637168640, grad norm: 0.3706
[iter 10070]loss: 3.1439, tokens/sec: 34155.76 ± 154.22, tokens seen: 2639790080, grad norm: 0.2677
[iter 10080]loss: 3.1494, tokens/sec: 34155.76 ± 154.14, tokens seen: 2642411520, grad norm: 0.3892
[iter 10090]loss: 3.0287, tokens/sec: 34155.76 ± 154.06, tokens seen: 2645032960, grad norm: 0.3462
[iter 10100]loss: 3.3664, tokens/sec: 34155.76 ± 153.99, tokens seen: 2647654400, grad norm: 0.3335
[iter 10110]loss: 2.9923, tokens/sec: 34155.76 ± 153.91, tokens seen: 2650275840, grad norm: 0.3262
[iter 10120]loss: 3.1122, tokens/sec: 34155.76 ± 153.84, tokens seen: 2652897280, grad norm: 0.3688
[iter 10130]loss: 2.9934, tokens/sec: 34155.76 ± 153.76, tokens seen: 2655518720, grad norm: 0.3655
[iter 10140]loss: 3.2791, tokens/sec: 34155.76 ± 153.68, tokens seen: 2658140160, grad norm: 0.3260
[iter 10150]loss: 3.0129, tokens/sec: 34155.76 ± 153.61, tokens seen: 2660761600, grad norm: 0.3347
[iter 10160]loss: 3.2086, tokens/sec: 34155.76 ± 153.53, tokens seen: 2663383040, grad norm: 0.3351
[iter 10170]loss: 3.1647, tokens/sec: 34155.76 ± 153.46, tokens seen: 2666004480, grad norm: 0.3281
[iter 10180]loss: 3.0035, tokens/sec: 34155.76 ± 153.38, tokens seen: 2668625920, grad norm: 0.3715
[iter 10190]loss: 3.0359, tokens/sec: 34155.76 ± 153.31, tokens seen: 2671247360, grad norm: 0.4575
[iter 10200]loss: 3.2278, tokens/sec: 34155.76 ± 153.23, tokens seen: 2673868800, grad norm: 0.3236
[iter 10210]loss: 2.9869, tokens/sec: 34155.75 ± 153.16, tokens seen: 2676490240, grad norm: 0.3559
[iter 10220]loss: 3.2056, tokens/sec: 34155.75 ± 153.08, tokens seen: 2679111680, grad norm: 0.3773
[iter 10230]loss: 2.9985, tokens/sec: 34155.75 ± 153.01, tokens seen: 2681733120, grad norm: 0.3588
[iter 10240]loss: 3.0468, tokens/sec: 34155.75 ± 152.94, tokens seen: 2684354560, grad norm: 0.4486
[iter 10250]loss: 2.7347, tokens/sec: 34155.75 ± 152.86, tokens seen: 2686976000, grad norm: 0.3446
[iter 10260]loss: 2.9556, tokens/sec: 34155.75 ± 152.79, tokens seen: 2689597440, grad norm: 0.3294
[iter 10270]loss: 2.8707, tokens/sec: 34155.75 ± 152.71, tokens seen: 2692218880, grad norm: 0.4055
[iter 10280]loss: 3.0729, tokens/sec: 34155.74 ± 152.64, tokens seen: 2694840320, grad norm: 0.4525
[iter 10290]loss: 3.1385, tokens/sec: 34155.74 ± 152.57, tokens seen: 2697461760, grad norm: 0.3326
[iter 10300]loss: 3.0245, tokens/sec: 34155.74 ± 152.49, tokens seen: 2700083200, grad norm: 0.4449
[iter 10310]loss: 2.9944, tokens/sec: 34155.73 ± 152.42, tokens seen: 2702704640, grad norm: 0.3112
[iter 10320]loss: 3.2723, tokens/sec: 34155.73 ± 152.34, tokens seen: 2705326080, grad norm: 0.3536
[iter 10330]loss: 2.9012, tokens/sec: 34155.73 ± 152.27, tokens seen: 2707947520, grad norm: 0.2973
[iter 10340]loss: 2.9357, tokens/sec: 34155.72 ± 152.20, tokens seen: 2710568960, grad norm: 0.3791
[iter 10350]loss: 2.8559, tokens/sec: 34155.72 ± 152.12, tokens seen: 2713190400, grad norm: 0.2938
[iter 10360]loss: 3.1504, tokens/sec: 34155.73 ± 152.05, tokens seen: 2715811840, grad norm: 0.3482
[iter 10370]loss: 2.9619, tokens/sec: 34155.73 ± 151.98, tokens seen: 2718433280, grad norm: 0.3520
[iter 10380]loss: 2.8548, tokens/sec: 34155.72 ± 151.91, tokens seen: 2721054720, grad norm: 0.3211
[iter 10390]loss: 2.9292, tokens/sec: 34155.72 ± 151.83, tokens seen: 2723676160, grad norm: 0.3645
[iter 10400]loss: 3.1590, tokens/sec: 34155.71 ± 151.76, tokens seen: 2726297600, grad norm: 0.3786
[iter 10410]loss: 2.7927, tokens/sec: 34155.71 ± 151.69, tokens seen: 2728919040, grad norm: 0.4778
[iter 10420]loss: 3.1722, tokens/sec: 34155.71 ± 151.62, tokens seen: 2731540480, grad norm: 0.3440
[iter 10430]loss: 3.1682, tokens/sec: 34155.71 ± 151.54, tokens seen: 2734161920, grad norm: 0.3901
[iter 10440]loss: 3.1183, tokens/sec: 34155.70 ± 151.47, tokens seen: 2736783360, grad norm: 0.3884
[iter 10450]loss: 3.0304, tokens/sec: 34155.70 ± 151.40, tokens seen: 2739404800, grad norm: 0.3375
[iter 10460]loss: 2.8673, tokens/sec: 34155.70 ± 151.33, tokens seen: 2742026240, grad norm: 0.3436
[iter 10470]loss: 3.0587, tokens/sec: 34155.69 ± 151.26, tokens seen: 2744647680, grad norm: 0.3917
[iter 10480]loss: 2.9337, tokens/sec: 34155.69 ± 151.18, tokens seen: 2747269120, grad norm: 0.3118
[iter 10490]loss: 3.0845, tokens/sec: 34155.69 ± 151.11, tokens seen: 2749890560, grad norm: 0.2979
[step 10500]train loss: 3.0752, val loss: 3.0763, (avg train loss: 0.1910 ± 0.0091), (avg grad norm: 0.3610 ± 0.0454)
saving checkpoint to ./out-owt-large-mhc-lite-wsd-bs8-30000step
[iter 10500]loss: 3.1224, tokens/sec: 34155.72 ± 151.07, tokens seen: 2752512000, grad norm: 0.3253
[iter 10510]loss: 2.9218, tokens/sec: 34155.76 ± 151.01, tokens seen: 2755133440, grad norm: 0.3817
[iter 10520]loss: 2.9681, tokens/sec: 34155.77 ± 150.94, tokens seen: 2757754880, grad norm: 0.3466
[iter 10530]loss: 2.9775, tokens/sec: 34155.76 ± 150.87, tokens seen: 2760376320, grad norm: 0.3181
[iter 10540]loss: 3.2242, tokens/sec: 34155.75 ± 150.80, tokens seen: 2762997760, grad norm: 0.3235
[iter 10550]loss: 3.2637, tokens/sec: 34155.75 ± 150.72, tokens seen: 2765619200, grad norm: 0.2954
[iter 10560]loss: 2.9442, tokens/sec: 34155.75 ± 150.65, tokens seen: 2768240640, grad norm: 0.4162
[iter 10570]loss: 3.0575, tokens/sec: 34155.75 ± 150.58, tokens seen: 2770862080, grad norm: 0.3248
[iter 10580]loss: 3.1146, tokens/sec: 34155.75 ± 150.51, tokens seen: 2773483520, grad norm: 0.4389
[iter 10590]loss: 3.1471, tokens/sec: 34155.74 ± 150.44, tokens seen: 2776104960, grad norm: 0.3873
[iter 10600]loss: 2.9993, tokens/sec: 34155.74 ± 150.37, tokens seen: 2778726400, grad norm: 0.3884
[iter 10610]loss: 3.1920, tokens/sec: 34155.73 ± 150.30, tokens seen: 2781347840, grad norm: 0.3691
[iter 10620]loss: 2.9396, tokens/sec: 34155.73 ± 150.23, tokens seen: 2783969280, grad norm: 0.3656
[iter 10630]loss: 3.1171, tokens/sec: 34155.72 ± 150.16, tokens seen: 2786590720, grad norm: 0.3724
[iter 10640]loss: 3.0427, tokens/sec: 34155.72 ± 150.09, tokens seen: 2789212160, grad norm: 0.3279
[iter 10650]loss: 2.9905, tokens/sec: 34155.72 ± 150.02, tokens seen: 2791833600, grad norm: 0.2664
[iter 10660]loss: 3.2351, tokens/sec: 34155.71 ± 149.95, tokens seen: 2794455040, grad norm: 0.3796
[iter 10670]loss: 3.1067, tokens/sec: 34155.71 ± 149.88, tokens seen: 2797076480, grad norm: 0.4194
[iter 10680]loss: 2.9065, tokens/sec: 34155.71 ± 149.81, tokens seen: 2799697920, grad norm: 0.3705
[iter 10690]loss: 3.1311, tokens/sec: 34155.70 ± 149.74, tokens seen: 2802319360, grad norm: 0.3680
[iter 10700]loss: 2.9524, tokens/sec: 34155.69 ± 149.67, tokens seen: 2804940800, grad norm: 0.3302
[iter 10710]loss: 3.1111, tokens/sec: 34155.69 ± 149.60, tokens seen: 2807562240, grad norm: 0.3917
[iter 10720]loss: 2.9343, tokens/sec: 34155.68 ± 149.53, tokens seen: 2810183680, grad norm: 0.2975
[iter 10730]loss: 2.9374, tokens/sec: 34155.68 ± 149.46, tokens seen: 2812805120, grad norm: 0.3396
[iter 10740]loss: 2.9664, tokens/sec: 34155.68 ± 149.39, tokens seen: 2815426560, grad norm: 0.2991
[iter 10750]loss: 3.1915, tokens/sec: 34155.68 ± 149.32, tokens seen: 2818048000, grad norm: 0.4440
[iter 10760]loss: 3.1387, tokens/sec: 34155.68 ± 149.25, tokens seen: 2820669440, grad norm: 0.3546
[iter 10770]loss: 3.2687, tokens/sec: 34155.67 ± 149.18, tokens seen: 2823290880, grad norm: 0.3731
[iter 10780]loss: 3.0022, tokens/sec: 34155.67 ± 149.12, tokens seen: 2825912320, grad norm: 0.4194
[iter 10790]loss: 2.8197, tokens/sec: 34155.66 ± 149.05, tokens seen: 2828533760, grad norm: 0.3588
[iter 10800]loss: 2.9416, tokens/sec: 34155.66 ± 148.98, tokens seen: 2831155200, grad norm: 0.4998
[iter 10810]loss: 3.1917, tokens/sec: 34155.66 ± 148.91, tokens seen: 2833776640, grad norm: 0.3052
[iter 10820]loss: 2.9652, tokens/sec: 34155.65 ± 148.84, tokens seen: 2836398080, grad norm: 0.4094
[iter 10830]loss: 3.2297, tokens/sec: 34155.65 ± 148.77, tokens seen: 2839019520, grad norm: 0.3162
[iter 10840]loss: 3.3115, tokens/sec: 34155.64 ± 148.70, tokens seen: 2841640960, grad norm: 0.3949
[iter 10850]loss: 3.2333, tokens/sec: 34155.64 ± 148.64, tokens seen: 2844262400, grad norm: 0.3536
[iter 10860]loss: 3.1140, tokens/sec: 34155.64 ± 148.57, tokens seen: 2846883840, grad norm: 0.5045
[iter 10870]loss: 3.2015, tokens/sec: 34155.63 ± 148.50, tokens seen: 2849505280, grad norm: 0.3835
[iter 10880]loss: 2.6330, tokens/sec: 34155.63 ± 148.43, tokens seen: 2852126720, grad norm: 0.3137
[iter 10890]loss: 3.1731, tokens/sec: 34155.63 ± 148.36, tokens seen: 2854748160, grad norm: 0.3401
[iter 10900]loss: 2.8473, tokens/sec: 34155.63 ± 148.30, tokens seen: 2857369600, grad norm: 0.3085
[iter 10910]loss: 2.7952, tokens/sec: 34155.63 ± 148.23, tokens seen: 2859991040, grad norm: 0.3682
[iter 10920]loss: 3.1718, tokens/sec: 34155.62 ± 148.16, tokens seen: 2862612480, grad norm: 0.3860
[iter 10930]loss: 3.0832, tokens/sec: 34155.61 ± 148.09, tokens seen: 2865233920, grad norm: 0.4426
[iter 10940]loss: 3.1961, tokens/sec: 34155.61 ± 148.03, tokens seen: 2867855360, grad norm: 0.3587
[iter 10950]loss: 3.1945, tokens/sec: 34155.61 ± 147.96, tokens seen: 2870476800, grad norm: 0.3746
[iter 10960]loss: 2.9648, tokens/sec: 34155.61 ± 147.89, tokens seen: 2873098240, grad norm: 0.3089
[iter 10970]loss: 3.0849, tokens/sec: 34155.60 ± 147.83, tokens seen: 2875719680, grad norm: 0.3373
[iter 10980]loss: 2.7443, tokens/sec: 34155.60 ± 147.76, tokens seen: 2878341120, grad norm: 0.6016
[iter 10990]loss: 3.0698, tokens/sec: 34155.60 ± 147.69, tokens seen: 2880962560, grad norm: 0.3572
[step 11000]train loss: 3.0628, val loss: 3.0723, (avg train loss: 0.1924 ± 0.0093), (avg grad norm: 0.3666 ± 0.0494)
saving checkpoint to ./out-owt-large-mhc-lite-wsd-bs8-30000step
[iter 11000]loss: 3.0616, tokens/sec: 34155.63 ± 147.66, tokens seen: 2883584000, grad norm: 0.3957
[iter 11010]loss: 3.0657, tokens/sec: 34155.67 ± 147.60, tokens seen: 2886205440, grad norm: 0.3856
[iter 11020]loss: 2.9197, tokens/sec: 34155.69 ± 147.54, tokens seen: 2888826880, grad norm: 0.3544
[iter 11030]loss: 3.3348, tokens/sec: 34155.70 ± 147.47, tokens seen: 2891448320, grad norm: 0.3406
[iter 11040]loss: 3.0732, tokens/sec: 34155.68 ± 147.40, tokens seen: 2894069760, grad norm: 0.4402
[iter 11050]loss: 3.0900, tokens/sec: 34155.67 ± 147.34, tokens seen: 2896691200, grad norm: 0.4590
[iter 11060]loss: 3.0727, tokens/sec: 34155.67 ± 147.27, tokens seen: 2899312640, grad norm: 0.3307
[iter 11070]loss: 2.6209, tokens/sec: 34155.66 ± 147.21, tokens seen: 2901934080, grad norm: 0.3471
[iter 11080]loss: 3.2298, tokens/sec: 34155.66 ± 147.14, tokens seen: 2904555520, grad norm: 0.3933
[iter 11090]loss: 2.7607, tokens/sec: 34155.65 ± 147.07, tokens seen: 2907176960, grad norm: 0.3495
[iter 11100]loss: 3.0069, tokens/sec: 34155.65 ± 147.01, tokens seen: 2909798400, grad norm: 0.3451
[iter 11110]loss: 3.1869, tokens/sec: 34155.65 ± 146.94, tokens seen: 2912419840, grad norm: 0.3193
[iter 11120]loss: 3.0762, tokens/sec: 34155.65 ± 146.88, tokens seen: 2915041280, grad norm: 0.3415
[iter 11130]loss: 3.1541, tokens/sec: 34155.65 ± 146.81, tokens seen: 2917662720, grad norm: 0.2961
[iter 11140]loss: 2.9704, tokens/sec: 34155.64 ± 146.74, tokens seen: 2920284160, grad norm: 0.3783
[iter 11150]loss: 3.0766, tokens/sec: 34155.64 ± 146.68, tokens seen: 2922905600, grad norm: 0.3933
[iter 11160]loss: 2.9607, tokens/sec: 34155.64 ± 146.61, tokens seen: 2925527040, grad norm: 0.3035
[iter 11170]loss: 2.9675, tokens/sec: 34155.63 ± 146.55, tokens seen: 2928148480, grad norm: 0.3194
[iter 11180]loss: 3.1163, tokens/sec: 34155.63 ± 146.48, tokens seen: 2930769920, grad norm: 0.3454
[iter 11190]loss: 3.1176, tokens/sec: 34155.63 ± 146.42, tokens seen: 2933391360, grad norm: 0.3444
[iter 11200]loss: 2.9424, tokens/sec: 34155.63 ± 146.35, tokens seen: 2936012800, grad norm: 0.3440
[iter 11210]loss: 3.2878, tokens/sec: 34155.62 ± 146.29, tokens seen: 2938634240, grad norm: 0.3711
[iter 11220]loss: 3.0326, tokens/sec: 34155.62 ± 146.22, tokens seen: 2941255680, grad norm: 0.2983
[iter 11230]loss: 2.8354, tokens/sec: 34155.61 ± 146.16, tokens seen: 2943877120, grad norm: 0.3710
[iter 11240]loss: 3.2442, tokens/sec: 34155.61 ± 146.09, tokens seen: 2946498560, grad norm: 0.3632
[iter 11250]loss: 3.0429, tokens/sec: 34155.60 ± 146.03, tokens seen: 2949120000, grad norm: 0.3108
[iter 11260]loss: 3.0922, tokens/sec: 34155.59 ± 145.96, tokens seen: 2951741440, grad norm: 0.4754
[iter 11270]loss: 3.1119, tokens/sec: 34155.59 ± 145.90, tokens seen: 2954362880, grad norm: 0.3336
[iter 11280]loss: 2.9706, tokens/sec: 34155.59 ± 145.84, tokens seen: 2956984320, grad norm: 0.3149
[iter 11290]loss: 3.0118, tokens/sec: 34155.59 ± 145.77, tokens seen: 2959605760, grad norm: 0.3484
[iter 11300]loss: 3.2220, tokens/sec: 34155.59 ± 145.71, tokens seen: 2962227200, grad norm: 0.3645
[iter 11310]loss: 3.1147, tokens/sec: 34155.59 ± 145.64, tokens seen: 2964848640, grad norm: 0.4625
[iter 11320]loss: 3.0403, tokens/sec: 34155.58 ± 145.58, tokens seen: 2967470080, grad norm: 0.3477
[iter 11330]loss: 2.9607, tokens/sec: 34155.58 ± 145.51, tokens seen: 2970091520, grad norm: 0.3536
[iter 11340]loss: 2.9855, tokens/sec: 34155.57 ± 145.45, tokens seen: 2972712960, grad norm: 0.4046
[iter 11350]loss: 2.9945, tokens/sec: 34155.57 ± 145.39, tokens seen: 2975334400, grad norm: 0.3658
[iter 11360]loss: 3.0129, tokens/sec: 34155.57 ± 145.32, tokens seen: 2977955840, grad norm: 0.3998
[iter 11370]loss: 2.9883, tokens/sec: 34155.56 ± 145.26, tokens seen: 2980577280, grad norm: 0.3648
[iter 11380]loss: 3.3088, tokens/sec: 34155.56 ± 145.20, tokens seen: 2983198720, grad norm: 0.3508
[iter 11390]loss: 3.0713, tokens/sec: 34155.56 ± 145.13, tokens seen: 2985820160, grad norm: 0.3370
[iter 11400]loss: 2.8239, tokens/sec: 34155.56 ± 145.07, tokens seen: 2988441600, grad norm: 0.3497
[iter 11410]loss: 3.0763, tokens/sec: 34155.56 ± 145.01, tokens seen: 2991063040, grad norm: 0.3776
[iter 11420]loss: 3.3493, tokens/sec: 34155.55 ± 144.94, tokens seen: 2993684480, grad norm: 0.3184
[iter 11430]loss: 3.0837, tokens/sec: 34155.55 ± 144.88, tokens seen: 2996305920, grad norm: 0.3298
[iter 11440]loss: 3.1484, tokens/sec: 34155.55 ± 144.82, tokens seen: 2998927360, grad norm: 0.2772
[iter 11450]loss: 3.0687, tokens/sec: 34155.55 ± 144.75, tokens seen: 3001548800, grad norm: 0.3321
[iter 11460]loss: 3.1434, tokens/sec: 34155.54 ± 144.69, tokens seen: 3004170240, grad norm: 0.3767
[iter 11470]loss: 3.0817, tokens/sec: 34155.54 ± 144.63, tokens seen: 3006791680, grad norm: 0.3915
[iter 11480]loss: 3.0174, tokens/sec: 34155.54 ± 144.57, tokens seen: 3009413120, grad norm: 0.4025
[iter 11490]loss: 3.0026, tokens/sec: 34155.54 ± 144.50, tokens seen: 3012034560, grad norm: 0.3310
[step 11500]train loss: 3.0677, val loss: 3.0720, (avg train loss: 0.1915 ± 0.0086), (avg grad norm: 0.3599 ± 0.0521)
saving checkpoint to ./out-owt-large-mhc-lite-wsd-bs8-30000step
[iter 11500]loss: 3.0010, tokens/sec: 34155.56 ± 144.47, tokens seen: 3014656000, grad norm: 0.3137
[iter 11510]loss: 3.2793, tokens/sec: 34155.61 ± 144.42, tokens seen: 3017277440, grad norm: 0.3663
[iter 11520]loss: 2.9599, tokens/sec: 34155.61 ± 144.36, tokens seen: 3019898880, grad norm: 0.4097
[iter 11530]loss: 2.9460, tokens/sec: 34155.59 ± 144.30, tokens seen: 3022520320, grad norm: 0.2997
[iter 11540]loss: 2.9052, tokens/sec: 34155.59 ± 144.23, tokens seen: 3025141760, grad norm: 0.3530
[iter 11550]loss: 2.9359, tokens/sec: 34155.58 ± 144.17, tokens seen: 3027763200, grad norm: 0.3986
[iter 11560]loss: 2.9566, tokens/sec: 34155.58 ± 144.11, tokens seen: 3030384640, grad norm: 0.3679
[iter 11570]loss: 3.1664, tokens/sec: 34155.57 ± 144.05, tokens seen: 3033006080, grad norm: 0.4566
[iter 11580]loss: 2.9726, tokens/sec: 34155.57 ± 143.99, tokens seen: 3035627520, grad norm: 0.4577
[iter 11590]loss: 3.0834, tokens/sec: 34155.57 ± 143.93, tokens seen: 3038248960, grad norm: 0.3450
[iter 11600]loss: 2.6396, tokens/sec: 34155.57 ± 143.86, tokens seen: 3040870400, grad norm: 0.4210
[iter 11610]loss: 3.3561, tokens/sec: 34155.56 ± 143.80, tokens seen: 3043491840, grad norm: 0.3542
[iter 11620]loss: 3.0901, tokens/sec: 34155.56 ± 143.74, tokens seen: 3046113280, grad norm: 0.3225
[iter 11630]loss: 2.9773, tokens/sec: 34155.55 ± 143.68, tokens seen: 3048734720, grad norm: 0.3567
[iter 11640]loss: 2.9167, tokens/sec: 34155.55 ± 143.62, tokens seen: 3051356160, grad norm: 0.4034
[iter 11650]loss: 3.0183, tokens/sec: 34155.55 ± 143.56, tokens seen: 3053977600, grad norm: 0.3082
[iter 11660]loss: 3.1707, tokens/sec: 34155.54 ± 143.49, tokens seen: 3056599040, grad norm: 0.3849
[iter 11670]loss: 3.1205, tokens/sec: 34155.54 ± 143.43, tokens seen: 3059220480, grad norm: 0.3630
[iter 11680]loss: 3.0733, tokens/sec: 34155.54 ± 143.37, tokens seen: 3061841920, grad norm: 0.3234
[iter 11690]loss: 3.0695, tokens/sec: 34155.53 ± 143.31, tokens seen: 3064463360, grad norm: 0.5861
[iter 11700]loss: 3.2138, tokens/sec: 34155.53 ± 143.25, tokens seen: 3067084800, grad norm: 0.4529
[iter 11710]loss: 2.9498, tokens/sec: 34155.53 ± 143.19, tokens seen: 3069706240, grad norm: 0.4004
[iter 11720]loss: 3.1860, tokens/sec: 34155.53 ± 143.13, tokens seen: 3072327680, grad norm: 0.3350
[iter 11730]loss: 2.8253, tokens/sec: 34155.53 ± 143.07, tokens seen: 3074949120, grad norm: 0.3979
[iter 11740]loss: 3.0562, tokens/sec: 34155.52 ± 143.01, tokens seen: 3077570560, grad norm: 0.3812
[iter 11750]loss: 2.9001, tokens/sec: 34155.52 ± 142.95, tokens seen: 3080192000, grad norm: 0.4112
[iter 11760]loss: 2.7102, tokens/sec: 34155.52 ± 142.89, tokens seen: 3082813440, grad norm: 0.3448
[iter 11770]loss: 3.0116, tokens/sec: 34155.52 ± 142.83, tokens seen: 3085434880, grad norm: 0.3714
[iter 11780]loss: 2.9139, tokens/sec: 34155.52 ± 142.77, tokens seen: 3088056320, grad norm: 0.3113
[iter 11790]loss: 2.7648, tokens/sec: 34155.52 ± 142.71, tokens seen: 3090677760, grad norm: 0.3398
[iter 11800]loss: 3.0793, tokens/sec: 34155.51 ± 142.65, tokens seen: 3093299200, grad norm: 0.4563
[iter 11810]loss: 3.2416, tokens/sec: 34155.51 ± 142.59, tokens seen: 3095920640, grad norm: 0.3479
[iter 11820]loss: 3.0329, tokens/sec: 34155.51 ± 142.53, tokens seen: 3098542080, grad norm: 0.3207
[iter 11830]loss: 3.2036, tokens/sec: 34155.51 ± 142.47, tokens seen: 3101163520, grad norm: 0.4303
[iter 11840]loss: 3.3145, tokens/sec: 34155.50 ± 142.41, tokens seen: 3103784960, grad norm: 0.4033
[iter 11850]loss: 3.0038, tokens/sec: 34155.50 ± 142.35, tokens seen: 3106406400, grad norm: 0.4352
[iter 11860]loss: 2.9756, tokens/sec: 34155.49 ± 142.29, tokens seen: 3109027840, grad norm: 0.3796
[iter 11870]loss: 2.9138, tokens/sec: 34155.49 ± 142.23, tokens seen: 3111649280, grad norm: 0.3130
[iter 11880]loss: 2.9830, tokens/sec: 34155.49 ± 142.17, tokens seen: 3114270720, grad norm: 0.3578
[iter 11890]loss: 2.9828, tokens/sec: 34155.48 ± 142.11, tokens seen: 3116892160, grad norm: 0.3176
[iter 11900]loss: 3.1641, tokens/sec: 34155.48 ± 142.05, tokens seen: 3119513600, grad norm: 0.3108
[iter 11910]loss: 3.1781, tokens/sec: 34155.48 ± 141.99, tokens seen: 3122135040, grad norm: 0.3113
[iter 11920]loss: 2.9281, tokens/sec: 34155.48 ± 141.93, tokens seen: 3124756480, grad norm: 0.3232
[iter 11930]loss: 2.9171, tokens/sec: 34155.47 ± 141.87, tokens seen: 3127377920, grad norm: 0.3093
[iter 11940]loss: 3.0112, tokens/sec: 34155.47 ± 141.81, tokens seen: 3129999360, grad norm: 0.3107
[iter 11950]loss: 3.0225, tokens/sec: 34155.47 ± 141.75, tokens seen: 3132620800, grad norm: 0.3420
[iter 11960]loss: 3.2163, tokens/sec: 34155.47 ± 141.69, tokens seen: 3135242240, grad norm: 0.3793
[iter 11970]loss: 2.9489, tokens/sec: 34155.46 ± 141.63, tokens seen: 3137863680, grad norm: 0.3109
[iter 11980]loss: 2.8887, tokens/sec: 34155.46 ± 141.58, tokens seen: 3140485120, grad norm: 0.3525
[iter 11990]loss: 3.0897, tokens/sec: 34155.47 ± 141.52, tokens seen: 3143106560, grad norm: 0.3875
[step 12000]train loss: 3.0348, val loss: 3.0535, (avg train loss: 0.1909 ± 0.0089), (avg grad norm: 0.3667 ± 0.0462)
saving checkpoint to ./out-owt-large-mhc-lite-wsd-bs8-30000step
[iter 12000]loss: 3.2041, tokens/sec: 34155.49 ± 141.49, tokens seen: 3145728000, grad norm: 0.2914
[iter 12010]loss: 2.8596, tokens/sec: 34155.53 ± 141.43, tokens seen: 3148349440, grad norm: 0.4060
[iter 12020]loss: 3.1572, tokens/sec: 34155.54 ± 141.38, tokens seen: 3150970880, grad norm: 0.3256
[iter 12030]loss: 2.9801, tokens/sec: 34155.53 ± 141.32, tokens seen: 3153592320, grad norm: 0.4735
[iter 12040]loss: 3.1614, tokens/sec: 34155.52 ± 141.26, tokens seen: 3156213760, grad norm: 0.3762
[iter 12050]loss: 2.6892, tokens/sec: 34155.52 ± 141.20, tokens seen: 3158835200, grad norm: 0.3913
[iter 12060]loss: 2.8735, tokens/sec: 34155.52 ± 141.14, tokens seen: 3161456640, grad norm: 0.4041
[iter 12070]loss: 2.9853, tokens/sec: 34155.51 ± 141.09, tokens seen: 3164078080, grad norm: 0.3410
[iter 12080]loss: 3.0701, tokens/sec: 34155.51 ± 141.03, tokens seen: 3166699520, grad norm: 0.3267
[iter 12090]loss: 3.0984, tokens/sec: 34155.51 ± 140.97, tokens seen: 3169320960, grad norm: 0.3694
[iter 12100]loss: 3.1196, tokens/sec: 34155.51 ± 140.91, tokens seen: 3171942400, grad norm: 0.3110
[iter 12110]loss: 3.0102, tokens/sec: 34155.50 ± 140.85, tokens seen: 3174563840, grad norm: 0.3536
[iter 12120]loss: 2.8825, tokens/sec: 34155.50 ± 140.80, tokens seen: 3177185280, grad norm: 0.5004
[iter 12130]loss: 2.7095, tokens/sec: 34155.50 ± 140.74, tokens seen: 3179806720, grad norm: 0.3263
[iter 12140]loss: 2.7169, tokens/sec: 34155.50 ± 140.68, tokens seen: 3182428160, grad norm: 0.3589
[iter 12150]loss: 3.0428, tokens/sec: 34155.49 ± 140.62, tokens seen: 3185049600, grad norm: 0.2993
[iter 12160]loss: 2.9608, tokens/sec: 34155.49 ± 140.57, tokens seen: 3187671040, grad norm: 0.5006
[iter 12170]loss: 3.1044, tokens/sec: 34155.49 ± 140.51, tokens seen: 3190292480, grad norm: 0.3423
[iter 12180]loss: 2.9844, tokens/sec: 34155.48 ± 140.45, tokens seen: 3192913920, grad norm: 0.3519
[iter 12190]loss: 3.1067, tokens/sec: 34155.47 ± 140.39, tokens seen: 3195535360, grad norm: 0.3743
[iter 12200]loss: 3.0510, tokens/sec: 34155.48 ± 140.34, tokens seen: 3198156800, grad norm: 0.3598
[iter 12210]loss: 2.8654, tokens/sec: 34155.47 ± 140.28, tokens seen: 3200778240, grad norm: 0.3188
[iter 12220]loss: 3.1787, tokens/sec: 34155.46 ± 140.22, tokens seen: 3203399680, grad norm: 0.3887
[iter 12230]loss: 2.9207, tokens/sec: 34155.47 ± 140.17, tokens seen: 3206021120, grad norm: 0.3733
[iter 12240]loss: 2.7984, tokens/sec: 34155.46 ± 140.11, tokens seen: 3208642560, grad norm: 0.3089
[iter 12250]loss: 3.1313, tokens/sec: 34155.46 ± 140.05, tokens seen: 3211264000, grad norm: 0.3403
[iter 12260]loss: 3.3119, tokens/sec: 34155.46 ± 140.00, tokens seen: 3213885440, grad norm: 0.3265
[iter 12270]loss: 2.9927, tokens/sec: 34155.46 ± 139.94, tokens seen: 3216506880, grad norm: 0.3055
[iter 12280]loss: 3.1646, tokens/sec: 34155.45 ± 139.88, tokens seen: 3219128320, grad norm: 0.4343
[iter 12290]loss: 3.0104, tokens/sec: 34155.45 ± 139.83, tokens seen: 3221749760, grad norm: 0.3279
[iter 12300]loss: 2.8021, tokens/sec: 34155.45 ± 139.77, tokens seen: 3224371200, grad norm: 0.3708
[iter 12310]loss: 3.0700, tokens/sec: 34155.44 ± 139.71, tokens seen: 3226992640, grad norm: 0.3476
[iter 12320]loss: 3.1473, tokens/sec: 34155.43 ± 139.66, tokens seen: 3229614080, grad norm: 0.3569
[iter 12330]loss: 3.2946, tokens/sec: 34155.43 ± 139.60, tokens seen: 3232235520, grad norm: 0.3418
[iter 12340]loss: 3.0056, tokens/sec: 34155.43 ± 139.55, tokens seen: 3234856960, grad norm: 0.3966
[iter 12350]loss: 2.9615, tokens/sec: 34155.43 ± 139.49, tokens seen: 3237478400, grad norm: 0.3228
[iter 12360]loss: 3.2072, tokens/sec: 34155.42 ± 139.43, tokens seen: 3240099840, grad norm: 0.3108
[iter 12370]loss: 2.9957, tokens/sec: 34155.42 ± 139.38, tokens seen: 3242721280, grad norm: 0.4874
[iter 12380]loss: 3.0403, tokens/sec: 34155.42 ± 139.32, tokens seen: 3245342720, grad norm: 0.3341
[iter 12390]loss: 3.4416, tokens/sec: 34155.41 ± 139.27, tokens seen: 3247964160, grad norm: 0.3194
[iter 12400]loss: 3.1909, tokens/sec: 34155.41 ± 139.21, tokens seen: 3250585600, grad norm: 0.3159
[iter 12410]loss: 2.8493, tokens/sec: 34155.41 ± 139.15, tokens seen: 3253207040, grad norm: 0.3025
[iter 12420]loss: 2.8805, tokens/sec: 34155.41 ± 139.10, tokens seen: 3255828480, grad norm: 0.3400
[iter 12430]loss: 2.9172, tokens/sec: 34155.41 ± 139.04, tokens seen: 3258449920, grad norm: 0.3947
[iter 12440]loss: 2.8862, tokens/sec: 34155.41 ± 138.99, tokens seen: 3261071360, grad norm: 0.3871
[iter 12450]loss: 2.8389, tokens/sec: 34155.41 ± 138.93, tokens seen: 3263692800, grad norm: 0.3523
[iter 12460]loss: 3.0589, tokens/sec: 34155.40 ± 138.88, tokens seen: 3266314240, grad norm: 0.3344
[iter 12470]loss: 3.1340, tokens/sec: 34155.41 ± 138.82, tokens seen: 3268935680, grad norm: 0.3996
[iter 12480]loss: 3.0027, tokens/sec: 34155.40 ± 138.77, tokens seen: 3271557120, grad norm: 0.3433
[iter 12490]loss: 3.1041, tokens/sec: 34155.40 ± 138.71, tokens seen: 3274178560, grad norm: 0.3176
[step 12500]train loss: 3.0215, val loss: 3.0459, (avg train loss: 0.1896 ± 0.0091), (avg grad norm: 0.3676 ± 0.0518)
saving checkpoint to ./out-owt-large-mhc-lite-wsd-bs8-30000step
[iter 12500]loss: 2.9475, tokens/sec: 34155.42 ± 138.68, tokens seen: 3276800000, grad norm: 0.3390
[iter 12510]loss: 3.1243, tokens/sec: 34155.46 ± 138.63, tokens seen: 3279421440, grad norm: 0.3441
[iter 12520]loss: 3.1510, tokens/sec: 34155.47 ± 138.58, tokens seen: 3282042880, grad norm: 0.3345
[iter 12530]loss: 3.0274, tokens/sec: 34155.45 ± 138.52, tokens seen: 3284664320, grad norm: 0.3299
[iter 12540]loss: 3.0545, tokens/sec: 34155.45 ± 138.47, tokens seen: 3287285760, grad norm: 0.3991
[iter 12550]loss: 2.9688, tokens/sec: 34155.45 ± 138.41, tokens seen: 3289907200, grad norm: 0.3551
[iter 12560]loss: 2.8754, tokens/sec: 34155.45 ± 138.36, tokens seen: 3292528640, grad norm: 0.3512
[iter 12570]loss: 2.9468, tokens/sec: 34155.45 ± 138.31, tokens seen: 3295150080, grad norm: 0.4787
[iter 12580]loss: 2.9891, tokens/sec: 34155.45 ± 138.25, tokens seen: 3297771520, grad norm: 0.5212
[iter 12590]loss: 3.0859, tokens/sec: 34155.45 ± 138.20, tokens seen: 3300392960, grad norm: 0.3586
[iter 12600]loss: 2.9670, tokens/sec: 34155.44 ± 138.14, tokens seen: 3303014400, grad norm: 0.4807
[iter 12610]loss: 3.0708, tokens/sec: 34155.43 ± 138.09, tokens seen: 3305635840, grad norm: 0.2967
[iter 12620]loss: 2.9754, tokens/sec: 34155.43 ± 138.03, tokens seen: 3308257280, grad norm: 0.3004
[iter 12630]loss: 3.0978, tokens/sec: 34155.43 ± 137.98, tokens seen: 3310878720, grad norm: 0.3386
[iter 12640]loss: 3.1397, tokens/sec: 34155.43 ± 137.92, tokens seen: 3313500160, grad norm: 0.3186
[iter 12650]loss: 3.1007, tokens/sec: 34155.43 ± 137.87, tokens seen: 3316121600, grad norm: 0.3980
[iter 12660]loss: 3.1209, tokens/sec: 34155.43 ± 137.82, tokens seen: 3318743040, grad norm: 0.3317
[iter 12670]loss: 3.0610, tokens/sec: 34155.42 ± 137.76, tokens seen: 3321364480, grad norm: 0.3964
[iter 12680]loss: 2.9995, tokens/sec: 34155.42 ± 137.71, tokens seen: 3323985920, grad norm: 0.3321
[iter 12690]loss: 2.8630, tokens/sec: 34155.42 ± 137.65, tokens seen: 3326607360, grad norm: 0.2920
[iter 12700]loss: 2.9544, tokens/sec: 34155.42 ± 137.60, tokens seen: 3329228800, grad norm: 0.3130
[iter 12710]loss: 2.9486, tokens/sec: 34155.42 ± 137.55, tokens seen: 3331850240, grad norm: 0.3416
[iter 12720]loss: 2.9209, tokens/sec: 34155.41 ± 137.49, tokens seen: 3334471680, grad norm: 0.3008
[iter 12730]loss: 2.9118, tokens/sec: 34155.41 ± 137.44, tokens seen: 3337093120, grad norm: 0.3184
[iter 12740]loss: 3.2215, tokens/sec: 34155.41 ± 137.38, tokens seen: 3339714560, grad norm: 0.3441
[iter 12750]loss: 3.2007, tokens/sec: 34155.41 ± 137.33, tokens seen: 3342336000, grad norm: 0.4359
[iter 12760]loss: 3.0199, tokens/sec: 34155.40 ± 137.28, tokens seen: 3344957440, grad norm: 0.3750
[iter 12770]loss: 2.7366, tokens/sec: 34155.40 ± 137.22, tokens seen: 3347578880, grad norm: 0.3221
[iter 12780]loss: 2.6517, tokens/sec: 34155.40 ± 137.17, tokens seen: 3350200320, grad norm: 0.4849
[iter 12790]loss: 2.8345, tokens/sec: 34155.40 ± 137.12, tokens seen: 3352821760, grad norm: 0.3144
[iter 12800]loss: 2.8461, tokens/sec: 34155.40 ± 137.06, tokens seen: 3355443200, grad norm: 0.3213
[iter 12810]loss: 2.7340, tokens/sec: 34155.39 ± 137.01, tokens seen: 3358064640, grad norm: 0.4126
[iter 12820]loss: 3.0511, tokens/sec: 34155.39 ± 136.96, tokens seen: 3360686080, grad norm: 0.3789
[iter 12830]loss: 2.6948, tokens/sec: 34155.39 ± 136.90, tokens seen: 3363307520, grad norm: 0.5001
[iter 12840]loss: 3.0965, tokens/sec: 34155.38 ± 136.85, tokens seen: 3365928960, grad norm: 0.2982
[iter 12850]loss: 3.0441, tokens/sec: 34155.38 ± 136.80, tokens seen: 3368550400, grad norm: 0.3061
[iter 12860]loss: 2.9700, tokens/sec: 34155.38 ± 136.75, tokens seen: 3371171840, grad norm: 0.3141
[iter 12870]loss: 3.1079, tokens/sec: 34155.38 ± 136.69, tokens seen: 3373793280, grad norm: 0.4206
[iter 12880]loss: 2.8153, tokens/sec: 34155.37 ± 136.64, tokens seen: 3376414720, grad norm: 0.4107
[iter 12890]loss: 3.1758, tokens/sec: 34155.38 ± 136.59, tokens seen: 3379036160, grad norm: 0.2737
[iter 12900]loss: 2.9817, tokens/sec: 34155.37 ± 136.53, tokens seen: 3381657600, grad norm: 0.3307
[iter 12910]loss: 3.0717, tokens/sec: 34155.37 ± 136.48, tokens seen: 3384279040, grad norm: 0.3922
[iter 12920]loss: 3.0500, tokens/sec: 34155.37 ± 136.43, tokens seen: 3386900480, grad norm: 0.3895
[iter 12930]loss: 2.9879, tokens/sec: 34155.37 ± 136.38, tokens seen: 3389521920, grad norm: 0.4126
[iter 12940]loss: 3.0762, tokens/sec: 34155.37 ± 136.32, tokens seen: 3392143360, grad norm: 0.3700
[iter 12950]loss: 3.0357, tokens/sec: 34155.37 ± 136.27, tokens seen: 3394764800, grad norm: 1.4526
[iter 12960]loss: 3.0330, tokens/sec: 34155.36 ± 136.22, tokens seen: 3397386240, grad norm: 0.3739
[iter 12970]loss: 3.0007, tokens/sec: 34155.36 ± 136.17, tokens seen: 3400007680, grad norm: 0.3901
[iter 12980]loss: 3.0790, tokens/sec: 34155.35 ± 136.12, tokens seen: 3402629120, grad norm: 0.4858
[iter 12990]loss: 2.7845, tokens/sec: 34155.36 ± 136.06, tokens seen: 3405250560, grad norm: 0.4008
[step 13000]train loss: 3.0114, val loss: 3.0213, (avg train loss: 0.1881 ± 0.0088), (avg grad norm: 0.3776 ± 0.0982)
saving checkpoint to ./out-owt-large-mhc-lite-wsd-bs8-30000step
[iter 13000]loss: 3.0400, tokens/sec: 34155.38 ± 136.04, tokens seen: 3407872000, grad norm: 0.3291
[iter 13010]loss: 3.0980, tokens/sec: 34155.42 ± 136.00, tokens seen: 3410493440, grad norm: 0.3580
[iter 13020]loss: 3.0401, tokens/sec: 34155.44 ± 135.95, tokens seen: 3413114880, grad norm: 0.3316
[iter 13030]loss: 2.9181, tokens/sec: 34155.45 ± 135.90, tokens seen: 3415736320, grad norm: 0.4105
[iter 13040]loss: 3.1175, tokens/sec: 34155.44 ± 135.85, tokens seen: 3418357760, grad norm: 0.4092
[iter 13050]loss: 3.1921, tokens/sec: 34155.43 ± 135.80, tokens seen: 3420979200, grad norm: 0.3284
[iter 13060]loss: 3.1544, tokens/sec: 34155.43 ± 135.74, tokens seen: 3423600640, grad norm: 0.3409
[iter 13070]loss: 2.9672, tokens/sec: 34155.43 ± 135.69, tokens seen: 3426222080, grad norm: 0.4972
[iter 13080]loss: 3.1020, tokens/sec: 34155.43 ± 135.64, tokens seen: 3428843520, grad norm: 0.3497
[iter 13090]loss: 3.0482, tokens/sec: 34155.43 ± 135.59, tokens seen: 3431464960, grad norm: 0.3478
[iter 13100]loss: 3.2330, tokens/sec: 34155.43 ± 135.54, tokens seen: 3434086400, grad norm: 0.3360
[iter 13110]loss: 3.1560, tokens/sec: 34155.43 ± 135.49, tokens seen: 3436707840, grad norm: 0.3831
[iter 13120]loss: 2.9884, tokens/sec: 34155.42 ± 135.43, tokens seen: 3439329280, grad norm: 0.3356
[iter 13130]loss: 2.7829, tokens/sec: 34155.42 ± 135.38, tokens seen: 3441950720, grad norm: 0.3442
[iter 13140]loss: 2.9846, tokens/sec: 34155.42 ± 135.33, tokens seen: 3444572160, grad norm: 0.3805
[iter 13150]loss: 2.8245, tokens/sec: 34155.42 ± 135.28, tokens seen: 3447193600, grad norm: 0.3309
[iter 13160]loss: 3.0312, tokens/sec: 34155.42 ± 135.23, tokens seen: 3449815040, grad norm: 0.3794
[iter 13170]loss: 3.2467, tokens/sec: 34155.42 ± 135.18, tokens seen: 3452436480, grad norm: 0.3197
[iter 13180]loss: 2.8961, tokens/sec: 34155.42 ± 135.13, tokens seen: 3455057920, grad norm: 0.2982
[iter 13190]loss: 2.9587, tokens/sec: 34155.41 ± 135.08, tokens seen: 3457679360, grad norm: 0.3781
[iter 13200]loss: 3.2016, tokens/sec: 34155.41 ± 135.03, tokens seen: 3460300800, grad norm: 0.3807
[iter 13210]loss: 3.2200, tokens/sec: 34155.41 ± 134.98, tokens seen: 3462922240, grad norm: 0.4648
[iter 13220]loss: 3.0476, tokens/sec: 34155.42 ± 134.92, tokens seen: 3465543680, grad norm: 0.3258
[iter 13230]loss: 3.0153, tokens/sec: 34155.41 ± 134.87, tokens seen: 3468165120, grad norm: 0.4266
[iter 13240]loss: 3.1617, tokens/sec: 34155.40 ± 134.82, tokens seen: 3470786560, grad norm: 0.3204
[iter 13250]loss: 3.0535, tokens/sec: 34155.40 ± 134.77, tokens seen: 3473408000, grad norm: 0.3701
[iter 13260]loss: 3.0819, tokens/sec: 34155.40 ± 134.72, tokens seen: 3476029440, grad norm: 0.3380
[iter 13270]loss: 2.8672, tokens/sec: 34155.40 ± 134.67, tokens seen: 3478650880, grad norm: 0.4448
[iter 13280]loss: 2.9000, tokens/sec: 34155.39 ± 134.62, tokens seen: 3481272320, grad norm: 0.3036
[iter 13290]loss: 2.9064, tokens/sec: 34155.39 ± 134.57, tokens seen: 3483893760, grad norm: 0.3023
[iter 13300]loss: 3.1101, tokens/sec: 34155.39 ± 134.52, tokens seen: 3486515200, grad norm: 0.3042
[iter 13310]loss: 3.1109, tokens/sec: 34155.38 ± 134.47, tokens seen: 3489136640, grad norm: 0.3841
[iter 13320]loss: 3.0414, tokens/sec: 34155.38 ± 134.42, tokens seen: 3491758080, grad norm: 0.4271
[iter 13330]loss: 3.1821, tokens/sec: 34155.38 ± 134.37, tokens seen: 3494379520, grad norm: 0.3428
[iter 13340]loss: 2.9370, tokens/sec: 34155.37 ± 134.32, tokens seen: 3497000960, grad norm: 0.3551
[iter 13350]loss: 3.0766, tokens/sec: 34155.37 ± 134.27, tokens seen: 3499622400, grad norm: 0.2936
[iter 13360]loss: 3.0630, tokens/sec: 34155.37 ± 134.22, tokens seen: 3502243840, grad norm: 0.3635
[iter 13370]loss: 3.1238, tokens/sec: 34155.37 ± 134.17, tokens seen: 3504865280, grad norm: 0.3739
[iter 13380]loss: 3.1923, tokens/sec: 34155.36 ± 134.12, tokens seen: 3507486720, grad norm: 0.4367
[iter 13390]loss: 2.8814, tokens/sec: 34155.36 ± 134.07, tokens seen: 3510108160, grad norm: 0.4654
[iter 13400]loss: 3.1442, tokens/sec: 34155.35 ± 134.02, tokens seen: 3512729600, grad norm: 0.4237
[iter 13410]loss: 3.1189, tokens/sec: 34155.35 ± 133.97, tokens seen: 3515351040, grad norm: 0.3239
[iter 13420]loss: 3.0452, tokens/sec: 34155.34 ± 133.92, tokens seen: 3517972480, grad norm: 0.3594
[iter 13430]loss: 3.0593, tokens/sec: 34155.34 ± 133.87, tokens seen: 3520593920, grad norm: 0.3194
[iter 13440]loss: 3.0739, tokens/sec: 34155.33 ± 133.82, tokens seen: 3523215360, grad norm: 0.3479
[iter 13450]loss: 3.0942, tokens/sec: 34155.33 ± 133.77, tokens seen: 3525836800, grad norm: 0.3547
[iter 13460]loss: 3.1287, tokens/sec: 34155.33 ± 133.73, tokens seen: 3528458240, grad norm: 0.5401
[iter 13470]loss: 3.3460, tokens/sec: 34155.32 ± 133.68, tokens seen: 3531079680, grad norm: 0.3725
[iter 13480]loss: 2.6836, tokens/sec: 34155.32 ± 133.63, tokens seen: 3533701120, grad norm: 0.3420
[iter 13490]loss: 2.8254, tokens/sec: 34155.32 ± 133.58, tokens seen: 3536322560, grad norm: 0.3518
[step 13500]train loss: 3.0163, val loss: 3.0314, (avg train loss: 0.1894 ± 0.0077), (avg grad norm: 0.3724 ± 0.0543)
[iter 13500]loss: 2.9692, tokens/sec: 34155.33 ± 133.55, tokens seen: 3538944000, grad norm: 0.3412
[iter 13510]loss: 3.2095, tokens/sec: 34155.37 ± 133.51, tokens seen: 3541565440, grad norm: 0.3995
[iter 13520]loss: 3.1777, tokens/sec: 34155.37 ± 133.46, tokens seen: 3544186880, grad norm: 0.3420
[iter 13530]loss: 3.0540, tokens/sec: 34155.36 ± 133.41, tokens seen: 3546808320, grad norm: 0.5185
[iter 13540]loss: 2.9676, tokens/sec: 34155.36 ± 133.36, tokens seen: 3549429760, grad norm: 0.4069
[iter 13550]loss: 3.0336, tokens/sec: 34155.36 ± 133.31, tokens seen: 3552051200, grad norm: 0.3294
[iter 13560]loss: 3.1125, tokens/sec: 34155.36 ± 133.27, tokens seen: 3554672640, grad norm: 0.3814
[iter 13570]loss: 3.1725, tokens/sec: 34155.36 ± 133.22, tokens seen: 3557294080, grad norm: 0.3470
[iter 13580]loss: 2.9868, tokens/sec: 34155.35 ± 133.17, tokens seen: 3559915520, grad norm: 0.3421
[iter 13590]loss: 2.8488, tokens/sec: 34155.35 ± 133.12, tokens seen: 3562536960, grad norm: 0.4327
[iter 13600]loss: 3.0521, tokens/sec: 34155.35 ± 133.07, tokens seen: 3565158400, grad norm: 0.3493
[iter 13610]loss: 2.9983, tokens/sec: 34155.35 ± 133.02, tokens seen: 3567779840, grad norm: 0.3860
[iter 13620]loss: 2.9212, tokens/sec: 34155.34 ± 132.97, tokens seen: 3570401280, grad norm: 0.3499
[iter 13630]loss: 3.1506, tokens/sec: 34155.34 ± 132.93, tokens seen: 3573022720, grad norm: 0.3561
[iter 13640]loss: 3.0355, tokens/sec: 34155.34 ± 132.88, tokens seen: 3575644160, grad norm: 0.4078
[iter 13650]loss: 3.0830, tokens/sec: 34155.34 ± 132.83, tokens seen: 3578265600, grad norm: 0.3174
[iter 13660]loss: 3.0676, tokens/sec: 34155.34 ± 132.78, tokens seen: 3580887040, grad norm: 0.4463
[iter 13670]loss: 2.8848, tokens/sec: 34155.33 ± 132.73, tokens seen: 3583508480, grad norm: 0.3574
[iter 13680]loss: 3.1354, tokens/sec: 34155.33 ± 132.68, tokens seen: 3586129920, grad norm: 0.3572
[iter 13690]loss: 2.9265, tokens/sec: 34155.33 ± 132.64, tokens seen: 3588751360, grad norm: 0.4362
[iter 13700]loss: 2.9531, tokens/sec: 34155.33 ± 132.59, tokens seen: 3591372800, grad norm: 0.3573
[iter 13710]loss: 3.1870, tokens/sec: 34155.32 ± 132.54, tokens seen: 3593994240, grad norm: 0.3494
[iter 13720]loss: 3.0054, tokens/sec: 34155.32 ± 132.49, tokens seen: 3596615680, grad norm: 0.3861
[iter 13730]loss: 2.9818, tokens/sec: 34155.32 ± 132.44, tokens seen: 3599237120, grad norm: 0.3099
[iter 13740]loss: 2.9549, tokens/sec: 34155.32 ± 132.40, tokens seen: 3601858560, grad norm: 0.3026
[iter 13750]loss: 2.8992, tokens/sec: 34155.31 ± 132.35, tokens seen: 3604480000, grad norm: 0.3384
[iter 13760]loss: 3.1034, tokens/sec: 34155.31 ± 132.30, tokens seen: 3607101440, grad norm: 0.3330
[iter 13770]loss: 2.9097, tokens/sec: 34155.31 ± 132.25, tokens seen: 3609722880, grad norm: 0.4777
[iter 13780]loss: 2.8487, tokens/sec: 34155.31 ± 132.21, tokens seen: 3612344320, grad norm: 0.3714
[iter 13790]loss: 3.0021, tokens/sec: 34155.30 ± 132.16, tokens seen: 3614965760, grad norm: 0.3569
[iter 13800]loss: 3.0414, tokens/sec: 34155.30 ± 132.11, tokens seen: 3617587200, grad norm: 0.4197
[iter 13810]loss: 2.9930, tokens/sec: 34155.30 ± 132.06, tokens seen: 3620208640, grad norm: 0.4206
[iter 13820]loss: 2.8530, tokens/sec: 34155.30 ± 132.02, tokens seen: 3622830080, grad norm: 0.3913
[iter 13830]loss: 3.0012, tokens/sec: 34155.29 ± 131.97, tokens seen: 3625451520, grad norm: 0.3533
[iter 13840]loss: 2.8606, tokens/sec: 34155.29 ± 131.92, tokens seen: 3628072960, grad norm: 0.3647
[iter 13850]loss: 2.9723, tokens/sec: 34155.29 ± 131.87, tokens seen: 3630694400, grad norm: 0.3484
[iter 13860]loss: 3.1916, tokens/sec: 34155.29 ± 131.83, tokens seen: 3633315840, grad norm: 0.4766
[iter 13870]loss: 2.9452, tokens/sec: 34155.29 ± 131.78, tokens seen: 3635937280, grad norm: 0.3454
[iter 13880]loss: 3.0616, tokens/sec: 34155.29 ± 131.73, tokens seen: 3638558720, grad norm: 0.4023
[iter 13890]loss: 3.2241, tokens/sec: 34155.28 ± 131.69, tokens seen: 3641180160, grad norm: 0.3293
[iter 13900]loss: 3.0039, tokens/sec: 34155.28 ± 131.64, tokens seen: 3643801600, grad norm: 0.3933
[iter 13910]loss: 3.1208, tokens/sec: 34155.27 ± 131.59, tokens seen: 3646423040, grad norm: 0.4372
[iter 13920]loss: 3.1393, tokens/sec: 34155.27 ± 131.54, tokens seen: 3649044480, grad norm: 0.3279
[iter 13930]loss: 3.1224, tokens/sec: 34155.27 ± 131.50, tokens seen: 3651665920, grad norm: 0.3967
[iter 13940]loss: 3.0509, tokens/sec: 34155.26 ± 131.45, tokens seen: 3654287360, grad norm: 0.3564
[iter 13950]loss: 2.7734, tokens/sec: 34155.26 ± 131.40, tokens seen: 3656908800, grad norm: 0.4196
[iter 13960]loss: 3.1536, tokens/sec: 34155.26 ± 131.36, tokens seen: 3659530240, grad norm: 0.3608
[iter 13970]loss: 2.7853, tokens/sec: 34155.26 ± 131.31, tokens seen: 3662151680, grad norm: 0.2994
[iter 13980]loss: 3.0143, tokens/sec: 34155.25 ± 131.26, tokens seen: 3664773120, grad norm: 0.3427
[iter 13990]loss: 3.0244, tokens/sec: 34155.25 ± 131.22, tokens seen: 3667394560, grad norm: 0.3611
[step 14000]train loss: 3.0091, val loss: 3.0149, (avg train loss: 0.1887 ± 0.0081), (avg grad norm: 0.3614 ± 0.0480)
saving checkpoint to ./out-owt-large-mhc-lite-wsd-bs8-30000step
[iter 14000]loss: 3.2943, tokens/sec: 34155.26 ± 131.20, tokens seen: 3670016000, grad norm: 0.3281
[iter 14010]loss: 3.2760, tokens/sec: 34155.30 ± 131.16, tokens seen: 3672637440, grad norm: 0.3818
[iter 14020]loss: 3.0781, tokens/sec: 34155.30 ± 131.11, tokens seen: 3675258880, grad norm: 0.3445
[iter 14030]loss: 3.2450, tokens/sec: 34155.30 ± 131.07, tokens seen: 3677880320, grad norm: 0.2927
[iter 14040]loss: 3.0300, tokens/sec: 34155.29 ± 131.02, tokens seen: 3680501760, grad norm: 0.3652
[iter 14050]loss: 3.2092, tokens/sec: 34155.28 ± 130.98, tokens seen: 3683123200, grad norm: 0.3411
[iter 14060]loss: 2.9988, tokens/sec: 34155.28 ± 130.93, tokens seen: 3685744640, grad norm: 0.3353
[iter 14070]loss: 3.0727, tokens/sec: 34155.28 ± 130.88, tokens seen: 3688366080, grad norm: 0.3780
[iter 14080]loss: 3.1324, tokens/sec: 34155.28 ± 130.84, tokens seen: 3690987520, grad norm: 0.4474
[iter 14090]loss: 2.8464, tokens/sec: 34155.28 ± 130.79, tokens seen: 3693608960, grad norm: 0.3088
[iter 14100]loss: 2.8100, tokens/sec: 34155.27 ± 130.74, tokens seen: 3696230400, grad norm: 0.3581
[iter 14110]loss: 3.2160, tokens/sec: 34155.27 ± 130.70, tokens seen: 3698851840, grad norm: 0.3231
[iter 14120]loss: 2.8708, tokens/sec: 34155.27 ± 130.65, tokens seen: 3701473280, grad norm: 0.3419
[iter 14130]loss: 3.0625, tokens/sec: 34155.27 ± 130.61, tokens seen: 3704094720, grad norm: 0.3723
[iter 14140]loss: 2.7441, tokens/sec: 34155.26 ± 130.56, tokens seen: 3706716160, grad norm: 0.2986
[iter 14150]loss: 2.6617, tokens/sec: 34155.26 ± 130.52, tokens seen: 3709337600, grad norm: 0.3227
[iter 14160]loss: 3.0473, tokens/sec: 34155.26 ± 130.47, tokens seen: 3711959040, grad norm: 0.2903
[iter 14170]loss: 2.8229, tokens/sec: 34155.26 ± 130.42, tokens seen: 3714580480, grad norm: 0.3115
[iter 14180]loss: 3.0914, tokens/sec: 34155.25 ± 130.38, tokens seen: 3717201920, grad norm: 0.2944
[iter 14190]loss: 3.0913, tokens/sec: 34155.24 ± 130.33, tokens seen: 3719823360, grad norm: 0.4564
[iter 14200]loss: 2.9687, tokens/sec: 34155.24 ± 130.29, tokens seen: 3722444800, grad norm: 0.3122
[iter 14210]loss: 2.9910, tokens/sec: 34155.24 ± 130.24, tokens seen: 3725066240, grad norm: 0.3259
[iter 14220]loss: 3.1750, tokens/sec: 34155.23 ± 130.20, tokens seen: 3727687680, grad norm: 0.4240
[iter 14230]loss: 3.2355, tokens/sec: 34155.23 ± 130.15, tokens seen: 3730309120, grad norm: 0.3905
[iter 14240]loss: 3.2030, tokens/sec: 34155.23 ± 130.11, tokens seen: 3732930560, grad norm: 0.3699
[iter 14250]loss: 2.8951, tokens/sec: 34155.23 ± 130.06, tokens seen: 3735552000, grad norm: 0.3790
[iter 14260]loss: 3.0922, tokens/sec: 34155.22 ± 130.02, tokens seen: 3738173440, grad norm: 0.3583
[iter 14270]loss: 2.9811, tokens/sec: 34155.22 ± 129.97, tokens seen: 3740794880, grad norm: 0.2976
[iter 14280]loss: 3.0402, tokens/sec: 34155.22 ± 129.92, tokens seen: 3743416320, grad norm: 0.3558
[iter 14290]loss: 3.0114, tokens/sec: 34155.22 ± 129.88, tokens seen: 3746037760, grad norm: 0.3427
[iter 14300]loss: 3.2184, tokens/sec: 34155.22 ± 129.83, tokens seen: 3748659200, grad norm: 0.3202
[iter 14310]loss: 3.2259, tokens/sec: 34155.22 ± 129.79, tokens seen: 3751280640, grad norm: 0.3794
[iter 14320]loss: 3.0381, tokens/sec: 34155.22 ± 129.74, tokens seen: 3753902080, grad norm: 0.3195
[iter 14330]loss: 3.0330, tokens/sec: 34155.22 ± 129.70, tokens seen: 3756523520, grad norm: 0.3131
[iter 14340]loss: 2.8738, tokens/sec: 34155.22 ± 129.65, tokens seen: 3759144960, grad norm: 0.3585
[iter 14350]loss: 2.9633, tokens/sec: 34155.22 ± 129.61, tokens seen: 3761766400, grad norm: 0.3960
[iter 14360]loss: 3.2257, tokens/sec: 34155.21 ± 129.56, tokens seen: 3764387840, grad norm: 0.5075
[iter 14370]loss: 2.8332, tokens/sec: 34155.22 ± 129.52, tokens seen: 3767009280, grad norm: 0.3316
[iter 14380]loss: 2.7785, tokens/sec: 34155.22 ± 129.48, tokens seen: 3769630720, grad norm: 0.3672
[iter 14390]loss: 3.0010, tokens/sec: 34155.21 ± 129.43, tokens seen: 3772252160, grad norm: 0.3211
[iter 14400]loss: 2.9969, tokens/sec: 34155.21 ± 129.39, tokens seen: 3774873600, grad norm: 0.3263
[iter 14410]loss: 2.9196, tokens/sec: 34155.21 ± 129.34, tokens seen: 3777495040, grad norm: 0.2944
[iter 14420]loss: 2.9379, tokens/sec: 34155.21 ± 129.30, tokens seen: 3780116480, grad norm: 0.4673
[iter 14430]loss: 3.0127, tokens/sec: 34155.21 ± 129.25, tokens seen: 3782737920, grad norm: 0.3997
[iter 14440]loss: 2.7487, tokens/sec: 34155.21 ± 129.21, tokens seen: 3785359360, grad norm: 0.3716
[iter 14450]loss: 2.9955, tokens/sec: 34155.22 ± 129.16, tokens seen: 3787980800, grad norm: 0.3863
[iter 14460]loss: 3.0290, tokens/sec: 34155.21 ± 129.12, tokens seen: 3790602240, grad norm: 0.3783
[iter 14470]loss: 3.0723, tokens/sec: 34155.21 ± 129.07, tokens seen: 3793223680, grad norm: 0.4456
[iter 14480]loss: 2.9232, tokens/sec: 34155.21 ± 129.03, tokens seen: 3795845120, grad norm: 0.3583
[iter 14490]loss: 2.7325, tokens/sec: 34155.21 ± 128.99, tokens seen: 3798466560, grad norm: 0.3437
[step 14500]train loss: 3.0203, val loss: 3.0283, (avg train loss: 0.1876 ± 0.0088), (avg grad norm: 0.3680 ± 0.0500)
[iter 14500]loss: 3.1480, tokens/sec: 34155.22 ± 128.96, tokens seen: 3801088000, grad norm: 0.3343
[iter 14510]loss: 3.0897, tokens/sec: 34155.26 ± 128.93, tokens seen: 3803709440, grad norm: 0.3476
[iter 14520]loss: 2.9015, tokens/sec: 34155.26 ± 128.88, tokens seen: 3806330880, grad norm: 0.3828
[iter 14530]loss: 3.0691, tokens/sec: 34155.26 ± 128.84, tokens seen: 3808952320, grad norm: 0.3224
[iter 14540]loss: 3.0254, tokens/sec: 34155.25 ± 128.80, tokens seen: 3811573760, grad norm: 0.3082
[iter 14550]loss: 2.9530, tokens/sec: 34155.25 ± 128.75, tokens seen: 3814195200, grad norm: 0.3899
[iter 14560]loss: 2.9262, tokens/sec: 34155.25 ± 128.71, tokens seen: 3816816640, grad norm: 0.3955
[iter 14570]loss: 2.9667, tokens/sec: 34155.25 ± 128.66, tokens seen: 3819438080, grad norm: 0.3997
[iter 14580]loss: 2.9906, tokens/sec: 34155.25 ± 128.62, tokens seen: 3822059520, grad norm: 0.4003
[iter 14590]loss: 3.0039, tokens/sec: 34155.25 ± 128.58, tokens seen: 3824680960, grad norm: 0.3953
[iter 14600]loss: 2.8056, tokens/sec: 34155.25 ± 128.53, tokens seen: 3827302400, grad norm: 0.3057
[iter 14610]loss: 2.9292, tokens/sec: 34155.25 ± 128.49, tokens seen: 3829923840, grad norm: 0.3214
[iter 14620]loss: 2.9607, tokens/sec: 34155.25 ± 128.45, tokens seen: 3832545280, grad norm: 0.3973
[iter 14630]loss: 3.1104, tokens/sec: 34155.24 ± 128.40, tokens seen: 3835166720, grad norm: 0.3575
[iter 14640]loss: 2.9876, tokens/sec: 34155.24 ± 128.36, tokens seen: 3837788160, grad norm: 0.3582
[iter 14650]loss: 2.9699, tokens/sec: 34155.24 ± 128.31, tokens seen: 3840409600, grad norm: 0.3448
[iter 14660]loss: 3.0227, tokens/sec: 34155.24 ± 128.27, tokens seen: 3843031040, grad norm: 0.3280
[iter 14670]loss: 2.9386, tokens/sec: 34155.24 ± 128.23, tokens seen: 3845652480, grad norm: 0.3421
[iter 14680]loss: 2.9367, tokens/sec: 34155.23 ± 128.18, tokens seen: 3848273920, grad norm: 0.3424
[iter 14690]loss: 3.0174, tokens/sec: 34155.24 ± 128.14, tokens seen: 3850895360, grad norm: 0.4003
[iter 14700]loss: 3.0259, tokens/sec: 34155.24 ± 128.10, tokens seen: 3853516800, grad norm: 0.3650
[iter 14710]loss: 3.0153, tokens/sec: 34155.24 ± 128.06, tokens seen: 3856138240, grad norm: 0.3317
[iter 14720]loss: 3.0017, tokens/sec: 34155.23 ± 128.01, tokens seen: 3858759680, grad norm: 0.3317
[iter 14730]loss: 3.0686, tokens/sec: 34155.24 ± 127.97, tokens seen: 3861381120, grad norm: 0.3568
[iter 14740]loss: 2.9429, tokens/sec: 34155.24 ± 127.93, tokens seen: 3864002560, grad norm: 0.3321
[iter 14750]loss: 3.0629, tokens/sec: 34155.23 ± 127.88, tokens seen: 3866624000, grad norm: 0.3647
[iter 14760]loss: 2.9810, tokens/sec: 34155.23 ± 127.84, tokens seen: 3869245440, grad norm: 0.4122
[iter 14770]loss: 3.0028, tokens/sec: 34155.23 ± 127.80, tokens seen: 3871866880, grad norm: 0.3837
[iter 14780]loss: 3.0864, tokens/sec: 34155.23 ± 127.75, tokens seen: 3874488320, grad norm: 0.3846
[iter 14790]loss: 3.2856, tokens/sec: 34155.23 ± 127.71, tokens seen: 3877109760, grad norm: 0.4282
[iter 14800]loss: 3.0511, tokens/sec: 34155.23 ± 127.67, tokens seen: 3879731200, grad norm: 0.2952
[iter 14810]loss: 2.9747, tokens/sec: 34155.23 ± 127.63, tokens seen: 3882352640, grad norm: 0.3622
[iter 14820]loss: 3.0372, tokens/sec: 34155.23 ± 127.58, tokens seen: 3884974080, grad norm: 0.3571
[iter 14830]loss: 3.1691, tokens/sec: 34155.22 ± 127.54, tokens seen: 3887595520, grad norm: 0.3410
[iter 14840]loss: 3.0480, tokens/sec: 34155.22 ± 127.50, tokens seen: 3890216960, grad norm: 0.2867
[iter 14850]loss: 2.8689, tokens/sec: 34155.22 ± 127.46, tokens seen: 3892838400, grad norm: 0.4245
[iter 14860]loss: 3.0465, tokens/sec: 34155.22 ± 127.41, tokens seen: 3895459840, grad norm: 0.3692
[iter 14870]loss: 2.9597, tokens/sec: 34155.22 ± 127.37, tokens seen: 3898081280, grad norm: 0.3734
[iter 14880]loss: 3.3146, tokens/sec: 34155.22 ± 127.33, tokens seen: 3900702720, grad norm: 0.3201
[iter 14890]loss: 3.0457, tokens/sec: 34155.22 ± 127.29, tokens seen: 3903324160, grad norm: 0.2924
[iter 14900]loss: 2.9893, tokens/sec: 34155.22 ± 127.24, tokens seen: 3905945600, grad norm: 0.3167
[iter 14910]loss: 2.9695, tokens/sec: 34155.22 ± 127.20, tokens seen: 3908567040, grad norm: 0.2961
[iter 14920]loss: 3.0220, tokens/sec: 34155.22 ± 127.16, tokens seen: 3911188480, grad norm: 0.4047
[iter 14930]loss: 2.9960, tokens/sec: 34155.22 ± 127.12, tokens seen: 3913809920, grad norm: 0.4329
[iter 14940]loss: 3.0238, tokens/sec: 34155.22 ± 127.07, tokens seen: 3916431360, grad norm: 0.3804
[iter 14950]loss: 3.0178, tokens/sec: 34155.22 ± 127.03, tokens seen: 3919052800, grad norm: 0.3355
[iter 14960]loss: 2.8787, tokens/sec: 34155.23 ± 126.99, tokens seen: 3921674240, grad norm: 0.3712
[iter 14970]loss: 2.9990, tokens/sec: 34155.23 ± 126.95, tokens seen: 3924295680, grad norm: 0.3828
[iter 14980]loss: 2.8906, tokens/sec: 34155.23 ± 126.90, tokens seen: 3926917120, grad norm: 0.3675
[iter 14990]loss: 3.0143, tokens/sec: 34155.23 ± 126.86, tokens seen: 3929538560, grad norm: 0.3040
[step 15000]train loss: 3.0137, val loss: 3.0147, (avg train loss: 0.1871 ± 0.0091), (avg grad norm: 0.3580 ± 0.0419)
saving checkpoint to ./out-owt-large-mhc-lite-wsd-bs8-30000step
[iter 15000]loss: 3.0907, tokens/sec: 34155.25 ± 126.85, tokens seen: 3932160000, grad norm: 0.3347
[iter 15010]loss: 2.7965, tokens/sec: 34155.29 ± 126.81, tokens seen: 3934781440, grad norm: 0.4155
[iter 15020]loss: 3.0711, tokens/sec: 34155.29 ± 126.77, tokens seen: 3937402880, grad norm: 0.4329
[iter 15030]loss: 3.2172, tokens/sec: 34155.29 ± 126.73, tokens seen: 3940024320, grad norm: 0.3228
[iter 15040]loss: 2.9679, tokens/sec: 34155.29 ± 126.69, tokens seen: 3942645760, grad norm: 0.3289
[iter 15050]loss: 2.9398, tokens/sec: 34155.29 ± 126.65, tokens seen: 3945267200, grad norm: 0.3731
[iter 15060]loss: 2.9192, tokens/sec: 34155.29 ± 126.60, tokens seen: 3947888640, grad norm: 0.4077
[iter 15070]loss: 3.1872, tokens/sec: 34155.30 ± 126.56, tokens seen: 3950510080, grad norm: 0.3147
[iter 15080]loss: 2.9437, tokens/sec: 34155.30 ± 126.52, tokens seen: 3953131520, grad norm: 0.3211
[iter 15090]loss: 2.9777, tokens/sec: 34155.30 ± 126.48, tokens seen: 3955752960, grad norm: 0.4051
[iter 15100]loss: 2.8995, tokens/sec: 34155.30 ± 126.44, tokens seen: 3958374400, grad norm: 0.4091
[iter 15110]loss: 3.1432, tokens/sec: 34155.30 ± 126.40, tokens seen: 3960995840, grad norm: 0.3518
[iter 15120]loss: 2.6590, tokens/sec: 34155.30 ± 126.35, tokens seen: 3963617280, grad norm: 0.3578
[iter 15130]loss: 2.6492, tokens/sec: 34155.30 ± 126.31, tokens seen: 3966238720, grad norm: 0.3853
[iter 15140]loss: 2.7137, tokens/sec: 34155.30 ± 126.27, tokens seen: 3968860160, grad norm: 0.4522
[iter 15150]loss: 2.9994, tokens/sec: 34155.30 ± 126.23, tokens seen: 3971481600, grad norm: 0.3506
[iter 15160]loss: 2.9939, tokens/sec: 34155.30 ± 126.19, tokens seen: 3974103040, grad norm: 0.2822
[iter 15170]loss: 3.0460, tokens/sec: 34155.30 ± 126.15, tokens seen: 3976724480, grad norm: 0.4655
[iter 15180]loss: 2.9761, tokens/sec: 34155.30 ± 126.11, tokens seen: 3979345920, grad norm: 0.3096
[iter 15190]loss: 2.8521, tokens/sec: 34155.30 ± 126.06, tokens seen: 3981967360, grad norm: 0.3396
[iter 15200]loss: 3.0848, tokens/sec: 34155.30 ± 126.02, tokens seen: 3984588800, grad norm: 0.3057
[iter 15210]loss: 3.0479, tokens/sec: 34155.31 ± 125.98, tokens seen: 3987210240, grad norm: 0.3956
[iter 15220]loss: 2.9044, tokens/sec: 34155.31 ± 125.94, tokens seen: 3989831680, grad norm: 0.3611
[iter 15230]loss: 2.8503, tokens/sec: 34155.31 ± 125.90, tokens seen: 3992453120, grad norm: 0.3198
[iter 15240]loss: 2.9285, tokens/sec: 34155.31 ± 125.86, tokens seen: 3995074560, grad norm: 0.3317
[iter 15250]loss: 2.8934, tokens/sec: 34155.31 ± 125.82, tokens seen: 3997696000, grad norm: 0.3504
[iter 15260]loss: 2.9951, tokens/sec: 34155.31 ± 125.78, tokens seen: 4000317440, grad norm: 0.4236
[iter 15270]loss: 2.9685, tokens/sec: 34155.32 ± 125.74, tokens seen: 4002938880, grad norm: 0.3211
[iter 15280]loss: 2.8729, tokens/sec: 34155.32 ± 125.70, tokens seen: 4005560320, grad norm: 0.3645
[iter 15290]loss: 3.0480, tokens/sec: 34155.32 ± 125.65, tokens seen: 4008181760, grad norm: 0.3509
[iter 15300]loss: 3.1041, tokens/sec: 34155.32 ± 125.61, tokens seen: 4010803200, grad norm: 0.3492
[iter 15310]loss: 3.1012, tokens/sec: 34155.32 ± 125.57, tokens seen: 4013424640, grad norm: 0.3723
[iter 15320]loss: 3.0364, tokens/sec: 34155.32 ± 125.53, tokens seen: 4016046080, grad norm: 0.3545
[iter 15330]loss: 3.1007, tokens/sec: 34155.32 ± 125.49, tokens seen: 4018667520, grad norm: 0.3664
[iter 15340]loss: 3.0531, tokens/sec: 34155.32 ± 125.45, tokens seen: 4021288960, grad norm: 0.3211
[iter 15350]loss: 2.9444, tokens/sec: 34155.33 ± 125.41, tokens seen: 4023910400, grad norm: 0.3523
[iter 15360]loss: 2.8603, tokens/sec: 34155.33 ± 125.37, tokens seen: 4026531840, grad norm: 0.3505
[iter 15370]loss: 2.9474, tokens/sec: 34155.33 ± 125.33, tokens seen: 4029153280, grad norm: 0.4176
[iter 15380]loss: 3.1449, tokens/sec: 34155.33 ± 125.29, tokens seen: 4031774720, grad norm: 0.3280
[iter 15390]loss: 3.1979, tokens/sec: 34155.33 ± 125.25, tokens seen: 4034396160, grad norm: 0.3660
[iter 15400]loss: 3.0246, tokens/sec: 34155.33 ± 125.21, tokens seen: 4037017600, grad norm: 0.3149
[iter 15410]loss: 2.9240, tokens/sec: 34155.34 ± 125.17, tokens seen: 4039639040, grad norm: 0.3215
[iter 15420]loss: 2.7586, tokens/sec: 34155.33 ± 125.13, tokens seen: 4042260480, grad norm: 0.4047
[iter 15430]loss: 3.0330, tokens/sec: 34155.34 ± 125.09, tokens seen: 4044881920, grad norm: 0.3426
[iter 15440]loss: 3.1443, tokens/sec: 34155.34 ± 125.05, tokens seen: 4047503360, grad norm: 0.3251
[iter 15450]loss: 2.9489, tokens/sec: 34155.34 ± 125.01, tokens seen: 4050124800, grad norm: 0.3090
[iter 15460]loss: 3.1502, tokens/sec: 34155.34 ± 124.97, tokens seen: 4052746240, grad norm: 0.3613
[iter 15470]loss: 3.0978, tokens/sec: 34155.34 ± 124.93, tokens seen: 4055367680, grad norm: 0.4187
[iter 15480]loss: 2.9803, tokens/sec: 34155.33 ± 124.89, tokens seen: 4057989120, grad norm: 0.3083
[iter 15490]loss: 3.0084, tokens/sec: 34155.34 ± 124.85, tokens seen: 4060610560, grad norm: 0.3897
[step 15500]train loss: 2.9954, val loss: 3.0112, (avg train loss: 0.1869 ± 0.0091), (avg grad norm: 0.3609 ± 0.0443)
saving checkpoint to ./out-owt-large-mhc-lite-wsd-bs8-30000step
[iter 15500]loss: 2.9682, tokens/sec: 34155.36 ± 124.83, tokens seen: 4063232000, grad norm: 0.4360
[iter 15510]loss: 2.9276, tokens/sec: 34155.39 ± 124.80, tokens seen: 4065853440, grad norm: 0.3048
[iter 15520]loss: 3.0376, tokens/sec: 34155.40 ± 124.76, tokens seen: 4068474880, grad norm: 0.2781
[iter 15530]loss: 3.0436, tokens/sec: 34155.39 ± 124.72, tokens seen: 4071096320, grad norm: 0.3079
[iter 15540]loss: 2.8882, tokens/sec: 34155.38 ± 124.68, tokens seen: 4073717760, grad norm: 0.3387
[iter 15550]loss: 2.9272, tokens/sec: 34155.38 ± 124.64, tokens seen: 4076339200, grad norm: 0.3289
[iter 15560]loss: 3.0900, tokens/sec: 34155.38 ± 124.60, tokens seen: 4078960640, grad norm: 0.3887
[iter 15570]loss: 3.1009, tokens/sec: 34155.38 ± 124.56, tokens seen: 4081582080, grad norm: 0.3198
[iter 15580]loss: 3.2435, tokens/sec: 34155.38 ± 124.52, tokens seen: 4084203520, grad norm: 0.3262
[iter 15590]loss: 3.1097, tokens/sec: 34155.38 ± 124.48, tokens seen: 4086824960, grad norm: 0.2873
[iter 15600]loss: 2.9495, tokens/sec: 34155.38 ± 124.44, tokens seen: 4089446400, grad norm: 0.3588
[iter 15610]loss: 3.1528, tokens/sec: 34155.38 ± 124.40, tokens seen: 4092067840, grad norm: 0.3522
[iter 15620]loss: 2.6050, tokens/sec: 34155.38 ± 124.36, tokens seen: 4094689280, grad norm: 0.4334
[iter 15630]loss: 2.9506, tokens/sec: 34155.38 ± 124.32, tokens seen: 4097310720, grad norm: 0.3343
[iter 15640]loss: 3.0691, tokens/sec: 34155.38 ± 124.28, tokens seen: 4099932160, grad norm: 0.3803
[iter 15650]loss: 2.8906, tokens/sec: 34155.38 ± 124.24, tokens seen: 4102553600, grad norm: 0.4055
[iter 15660]loss: 2.7623, tokens/sec: 34155.38 ± 124.21, tokens seen: 4105175040, grad norm: 0.3361
[iter 15670]loss: 2.7531, tokens/sec: 34155.39 ± 124.17, tokens seen: 4107796480, grad norm: 0.3855
[iter 15680]loss: 2.9376, tokens/sec: 34155.38 ± 124.13, tokens seen: 4110417920, grad norm: 0.5580
[iter 15690]loss: 2.9014, tokens/sec: 34155.38 ± 124.09, tokens seen: 4113039360, grad norm: 0.4371
[iter 15700]loss: 2.5932, tokens/sec: 34155.39 ± 124.05, tokens seen: 4115660800, grad norm: 0.3774
[iter 15710]loss: 2.9185, tokens/sec: 34155.38 ± 124.01, tokens seen: 4118282240, grad norm: 0.4089
[iter 15720]loss: 3.0070, tokens/sec: 34155.39 ± 123.97, tokens seen: 4120903680, grad norm: 0.3417
[iter 15730]loss: 3.2675, tokens/sec: 34155.39 ± 123.93, tokens seen: 4123525120, grad norm: 0.3414
[iter 15740]loss: 3.0934, tokens/sec: 34155.39 ± 123.89, tokens seen: 4126146560, grad norm: 0.3738
[iter 15750]loss: 3.0223, tokens/sec: 34155.39 ± 123.85, tokens seen: 4128768000, grad norm: 0.4086
[iter 15760]loss: 2.9790, tokens/sec: 34155.38 ± 123.81, tokens seen: 4131389440, grad norm: 0.3709
[iter 15770]loss: 2.8141, tokens/sec: 34155.39 ± 123.77, tokens seen: 4134010880, grad norm: 0.2689
[iter 15780]loss: 2.9089, tokens/sec: 34155.39 ± 123.74, tokens seen: 4136632320, grad norm: 0.3791
[iter 15790]loss: 2.7869, tokens/sec: 34155.39 ± 123.70, tokens seen: 4139253760, grad norm: 0.3722
[iter 15800]loss: 3.1688, tokens/sec: 34155.39 ± 123.66, tokens seen: 4141875200, grad norm: 0.3142
[iter 15810]loss: 3.0413, tokens/sec: 34155.39 ± 123.62, tokens seen: 4144496640, grad norm: 0.3015
[iter 15820]loss: 3.1073, tokens/sec: 34155.39 ± 123.58, tokens seen: 4147118080, grad norm: 0.3958
[iter 15830]loss: 2.9709, tokens/sec: 34155.39 ± 123.54, tokens seen: 4149739520, grad norm: 0.3882
[iter 15840]loss: 2.8273, tokens/sec: 34155.39 ± 123.50, tokens seen: 4152360960, grad norm: 0.3759
[iter 15850]loss: 3.0475, tokens/sec: 34155.39 ± 123.46, tokens seen: 4154982400, grad norm: 0.2959
[iter 15860]loss: 3.0811, tokens/sec: 34155.39 ± 123.43, tokens seen: 4157603840, grad norm: 0.3371
[iter 15870]loss: 2.8316, tokens/sec: 34155.39 ± 123.39, tokens seen: 4160225280, grad norm: 0.4165
[iter 15880]loss: 3.0167, tokens/sec: 34155.39 ± 123.35, tokens seen: 4162846720, grad norm: 0.3364
[iter 15890]loss: 3.0831, tokens/sec: 34155.39 ± 123.31, tokens seen: 4165468160, grad norm: 0.2968
[iter 15900]loss: 2.9527, tokens/sec: 34155.39 ± 123.27, tokens seen: 4168089600, grad norm: 0.3576
[iter 15910]loss: 3.1287, tokens/sec: 34155.39 ± 123.23, tokens seen: 4170711040, grad norm: 0.3399
[iter 15920]loss: 3.2371, tokens/sec: 34155.39 ± 123.19, tokens seen: 4173332480, grad norm: 0.3574
[iter 15930]loss: 2.9723, tokens/sec: 34155.39 ± 123.16, tokens seen: 4175953920, grad norm: 0.3242
[iter 15940]loss: 2.8985, tokens/sec: 34155.39 ± 123.12, tokens seen: 4178575360, grad norm: 0.3581
[iter 15950]loss: 3.1154, tokens/sec: 34155.40 ± 123.08, tokens seen: 4181196800, grad norm: 0.3614
[iter 15960]loss: 3.0336, tokens/sec: 34155.40 ± 123.04, tokens seen: 4183818240, grad norm: 0.3717
[iter 15970]loss: 2.9086, tokens/sec: 34155.40 ± 123.00, tokens seen: 4186439680, grad norm: 0.3366
[iter 15980]loss: 2.7951, tokens/sec: 34155.40 ± 122.96, tokens seen: 4189061120, grad norm: 0.2912
[iter 15990]loss: 2.9738, tokens/sec: 34155.40 ± 122.93, tokens seen: 4191682560, grad norm: 0.4363
[step 16000]train loss: 2.9810, val loss: 3.0124, (avg train loss: 0.1880 ± 0.0078), (avg grad norm: 0.3603 ± 0.0446)
[iter 16000]loss: 3.0054, tokens/sec: 34155.42 ± 122.91, tokens seen: 4194304000, grad norm: 0.3256
[iter 16010]loss: 3.1630, tokens/sec: 34155.45 ± 122.88, tokens seen: 4196925440, grad norm: 0.3162
[iter 16020]loss: 3.1945, tokens/sec: 34155.46 ± 122.84, tokens seen: 4199546880, grad norm: 0.3571
[iter 16030]loss: 3.1079, tokens/sec: 34155.45 ± 122.80, tokens seen: 4202168320, grad norm: 0.3134
[iter 16040]loss: 3.0581, tokens/sec: 34155.45 ± 122.77, tokens seen: 4204789760, grad norm: 0.3372
[iter 16050]loss: 2.9237, tokens/sec: 34155.45 ± 122.73, tokens seen: 4207411200, grad norm: 0.3244
[iter 16060]loss: 3.1979, tokens/sec: 34155.45 ± 122.69, tokens seen: 4210032640, grad norm: 0.4216
[iter 16070]loss: 2.8614, tokens/sec: 34155.45 ± 122.65, tokens seen: 4212654080, grad norm: 0.3902
[iter 16080]loss: 3.1540, tokens/sec: 34155.45 ± 122.61, tokens seen: 4215275520, grad norm: 0.3509
[iter 16090]loss: 2.7075, tokens/sec: 34155.46 ± 122.58, tokens seen: 4217896960, grad norm: 0.3480
[iter 16100]loss: 3.0547, tokens/sec: 34155.46 ± 122.54, tokens seen: 4220518400, grad norm: 0.2963
[iter 16110]loss: 3.0348, tokens/sec: 34155.46 ± 122.50, tokens seen: 4223139840, grad norm: 0.3260
[iter 16120]loss: 3.0843, tokens/sec: 34155.46 ± 122.46, tokens seen: 4225761280, grad norm: 0.3537
[iter 16130]loss: 3.0664, tokens/sec: 34155.46 ± 122.42, tokens seen: 4228382720, grad norm: 0.3597
[iter 16140]loss: 3.1348, tokens/sec: 34155.46 ± 122.39, tokens seen: 4231004160, grad norm: 0.2828
[iter 16150]loss: 2.8918, tokens/sec: 34155.46 ± 122.35, tokens seen: 4233625600, grad norm: 0.3519
[iter 16160]loss: 2.9648, tokens/sec: 34155.46 ± 122.31, tokens seen: 4236247040, grad norm: 0.3542
[iter 16170]loss: 3.1454, tokens/sec: 34155.46 ± 122.27, tokens seen: 4238868480, grad norm: 0.3012
[iter 16180]loss: 3.0855, tokens/sec: 34155.46 ± 122.24, tokens seen: 4241489920, grad norm: 0.4419
[iter 16190]loss: 3.0725, tokens/sec: 34155.46 ± 122.20, tokens seen: 4244111360, grad norm: 0.3824
[iter 16200]loss: 2.8958, tokens/sec: 34155.46 ± 122.16, tokens seen: 4246732800, grad norm: 0.3208
[iter 16210]loss: 3.0723, tokens/sec: 34155.46 ± 122.12, tokens seen: 4249354240, grad norm: 0.3652
[iter 16220]loss: 2.8134, tokens/sec: 34155.46 ± 122.09, tokens seen: 4251975680, grad norm: 0.3267
[iter 16230]loss: 3.1328, tokens/sec: 34155.46 ± 122.05, tokens seen: 4254597120, grad norm: 0.3494
[iter 16240]loss: 2.9860, tokens/sec: 34155.46 ± 122.01, tokens seen: 4257218560, grad norm: 0.3313
[iter 16250]loss: 3.0812, tokens/sec: 34155.46 ± 121.98, tokens seen: 4259840000, grad norm: 0.3596
[iter 16260]loss: 3.1032, tokens/sec: 34155.46 ± 121.94, tokens seen: 4262461440, grad norm: 0.3855
[iter 16270]loss: 3.0163, tokens/sec: 34155.46 ± 121.90, tokens seen: 4265082880, grad norm: 0.3003
[iter 16280]loss: 3.0288, tokens/sec: 34155.46 ± 121.86, tokens seen: 4267704320, grad norm: 0.3288
[iter 16290]loss: 2.8887, tokens/sec: 34155.47 ± 121.83, tokens seen: 4270325760, grad norm: 0.3616
[iter 16300]loss: 3.1933, tokens/sec: 34155.47 ± 121.79, tokens seen: 4272947200, grad norm: 0.3462
[iter 16310]loss: 3.0252, tokens/sec: 34155.47 ± 121.75, tokens seen: 4275568640, grad norm: 0.4035
[iter 16320]loss: 3.0612, tokens/sec: 34155.47 ± 121.72, tokens seen: 4278190080, grad norm: 0.3635
[iter 16330]loss: 2.9036, tokens/sec: 34155.47 ± 121.68, tokens seen: 4280811520, grad norm: 0.4199
[iter 16340]loss: 2.9670, tokens/sec: 34155.47 ± 121.64, tokens seen: 4283432960, grad norm: 0.5145
[iter 16350]loss: 2.9554, tokens/sec: 34155.47 ± 121.60, tokens seen: 4286054400, grad norm: 0.3809
[iter 16360]loss: 2.9551, tokens/sec: 34155.47 ± 121.57, tokens seen: 4288675840, grad norm: 0.4366
[iter 16370]loss: 3.0052, tokens/sec: 34155.47 ± 121.53, tokens seen: 4291297280, grad norm: 0.3969
[iter 16380]loss: 2.9498, tokens/sec: 34155.47 ± 121.49, tokens seen: 4293918720, grad norm: 0.3293
[iter 16390]loss: 3.1238, tokens/sec: 34155.48 ± 121.46, tokens seen: 4296540160, grad norm: 0.3219
[iter 16400]loss: 3.3248, tokens/sec: 34155.48 ± 121.42, tokens seen: 4299161600, grad norm: 0.3340
[iter 16410]loss: 3.1446, tokens/sec: 34155.48 ± 121.38, tokens seen: 4301783040, grad norm: 0.3308
[iter 16420]loss: 2.9477, tokens/sec: 34155.48 ± 121.35, tokens seen: 4304404480, grad norm: 0.3921
[iter 16430]loss: 2.9528, tokens/sec: 34155.48 ± 121.31, tokens seen: 4307025920, grad norm: 0.3053
[iter 16440]loss: 3.0575, tokens/sec: 34155.49 ± 121.27, tokens seen: 4309647360, grad norm: 0.4738
[iter 16450]loss: 3.1086, tokens/sec: 34155.49 ± 121.24, tokens seen: 4312268800, grad norm: 0.3529
[iter 16460]loss: 3.1617, tokens/sec: 34155.49 ± 121.20, tokens seen: 4314890240, grad norm: 0.3667
[iter 16470]loss: 3.0706, tokens/sec: 34155.49 ± 121.16, tokens seen: 4317511680, grad norm: 0.3859
[iter 16480]loss: 2.8980, tokens/sec: 34155.49 ± 121.13, tokens seen: 4320133120, grad norm: 0.3917
[iter 16490]loss: 2.6752, tokens/sec: 34155.49 ± 121.09, tokens seen: 4322754560, grad norm: 0.3436
[step 16500]train loss: 2.9773, val loss: 3.0042, (avg train loss: 0.1867 ± 0.0087), (avg grad norm: 0.3699 ± 0.0547)
saving checkpoint to ./out-owt-large-mhc-lite-wsd-bs8-30000step
[iter 16500]loss: 2.8441, tokens/sec: 34155.52 ± 121.08, tokens seen: 4325376000, grad norm: 0.3001
[iter 16510]loss: 2.9008, tokens/sec: 34155.55 ± 121.05, tokens seen: 4327997440, grad norm: 0.3143
[iter 16520]loss: 2.9087, tokens/sec: 34155.56 ± 121.02, tokens seen: 4330618880, grad norm: 0.4598
[iter 16530]loss: 3.0032, tokens/sec: 34155.55 ± 120.98, tokens seen: 4333240320, grad norm: 0.3377
[iter 16540]loss: 3.0603, tokens/sec: 34155.55 ± 120.94, tokens seen: 4335861760, grad norm: 0.3676
[iter 16550]loss: 3.2286, tokens/sec: 34155.55 ± 120.91, tokens seen: 4338483200, grad norm: 0.3610
[iter 16560]loss: 3.0230, tokens/sec: 34155.55 ± 120.87, tokens seen: 4341104640, grad norm: 0.3654
[iter 16570]loss: 2.8587, tokens/sec: 34155.55 ± 120.83, tokens seen: 4343726080, grad norm: 0.4143
[iter 16580]loss: 3.1846, tokens/sec: 34155.55 ± 120.80, tokens seen: 4346347520, grad norm: 0.3077
[iter 16590]loss: 2.8631, tokens/sec: 34155.55 ± 120.76, tokens seen: 4348968960, grad norm: 0.3097
[iter 16600]loss: 2.9544, tokens/sec: 34155.55 ± 120.73, tokens seen: 4351590400, grad norm: 0.3151
[iter 16610]loss: 2.9277, tokens/sec: 34155.55 ± 120.69, tokens seen: 4354211840, grad norm: 0.3459
[iter 16620]loss: 2.9506, tokens/sec: 34155.55 ± 120.65, tokens seen: 4356833280, grad norm: 0.3893
[iter 16630]loss: 3.3155, tokens/sec: 34155.55 ± 120.62, tokens seen: 4359454720, grad norm: 0.3567
[iter 16640]loss: 2.9306, tokens/sec: 34155.55 ± 120.58, tokens seen: 4362076160, grad norm: 0.4303
[iter 16650]loss: 2.8764, tokens/sec: 34155.55 ± 120.55, tokens seen: 4364697600, grad norm: 0.3786
[iter 16660]loss: 3.0032, tokens/sec: 34155.55 ± 120.51, tokens seen: 4367319040, grad norm: 0.3227
[iter 16670]loss: 2.9802, tokens/sec: 34155.56 ± 120.47, tokens seen: 4369940480, grad norm: 0.3357
[iter 16680]loss: 3.1824, tokens/sec: 34155.56 ± 120.44, tokens seen: 4372561920, grad norm: 0.3643
[iter 16690]loss: 2.9232, tokens/sec: 34155.56 ± 120.40, tokens seen: 4375183360, grad norm: 0.3161
[iter 16700]loss: 2.9111, tokens/sec: 34155.56 ± 120.37, tokens seen: 4377804800, grad norm: 0.3233
[iter 16710]loss: 2.7940, tokens/sec: 34155.56 ± 120.33, tokens seen: 4380426240, grad norm: 0.3712
[iter 16720]loss: 2.8666, tokens/sec: 34155.56 ± 120.30, tokens seen: 4383047680, grad norm: 0.2960
[iter 16730]loss: 3.0621, tokens/sec: 34155.56 ± 120.26, tokens seen: 4385669120, grad norm: 0.3049
[iter 16740]loss: 2.9297, tokens/sec: 34155.56 ± 120.22, tokens seen: 4388290560, grad norm: 0.3175
[iter 16750]loss: 2.8746, tokens/sec: 34155.56 ± 120.19, tokens seen: 4390912000, grad norm: 0.4234
[iter 16760]loss: 3.0500, tokens/sec: 34155.56 ± 120.15, tokens seen: 4393533440, grad norm: 0.3141
[iter 16770]loss: 2.9123, tokens/sec: 34155.56 ± 120.12, tokens seen: 4396154880, grad norm: 0.3225
[iter 16780]loss: 2.8924, tokens/sec: 34155.57 ± 120.08, tokens seen: 4398776320, grad norm: 0.4404
[iter 16790]loss: 3.0449, tokens/sec: 34155.57 ± 120.05, tokens seen: 4401397760, grad norm: 0.4690
[iter 16800]loss: 2.9362, tokens/sec: 34155.57 ± 120.01, tokens seen: 4404019200, grad norm: 0.3280
[iter 16810]loss: 3.1583, tokens/sec: 34155.57 ± 119.98, tokens seen: 4406640640, grad norm: 0.3693
[iter 16820]loss: 3.0396, tokens/sec: 34155.57 ± 119.94, tokens seen: 4409262080, grad norm: 0.3934
[iter 16830]loss: 3.0774, tokens/sec: 34155.57 ± 119.90, tokens seen: 4411883520, grad norm: 0.3813
[iter 16840]loss: 3.0884, tokens/sec: 34155.57 ± 119.87, tokens seen: 4414504960, grad norm: 0.3509
[iter 16850]loss: 2.8382, tokens/sec: 34155.57 ± 119.83, tokens seen: 4417126400, grad norm: 0.2725
[iter 16860]loss: 2.8455, tokens/sec: 34155.57 ± 119.80, tokens seen: 4419747840, grad norm: 0.2878
[iter 16870]loss: 2.7729, tokens/sec: 34155.57 ± 119.76, tokens seen: 4422369280, grad norm: 0.3887
[iter 16880]loss: 2.9415, tokens/sec: 34155.57 ± 119.73, tokens seen: 4424990720, grad norm: 0.3985
[iter 16890]loss: 2.8592, tokens/sec: 34155.57 ± 119.69, tokens seen: 4427612160, grad norm: 0.3343
[iter 16900]loss: 2.8816, tokens/sec: 34155.57 ± 119.66, tokens seen: 4430233600, grad norm: 0.4356
[iter 16910]loss: 3.1704, tokens/sec: 34155.57 ± 119.62, tokens seen: 4432855040, grad norm: 0.3096
[iter 16920]loss: 3.2002, tokens/sec: 34155.57 ± 119.59, tokens seen: 4435476480, grad norm: 0.4069
[iter 16930]loss: 2.9781, tokens/sec: 34155.57 ± 119.55, tokens seen: 4438097920, grad norm: 0.3267
[iter 16940]loss: 2.7850, tokens/sec: 34155.57 ± 119.52, tokens seen: 4440719360, grad norm: 0.2736
[iter 16950]loss: 2.9468, tokens/sec: 34155.58 ± 119.48, tokens seen: 4443340800, grad norm: 0.3702
[iter 16960]loss: 2.9928, tokens/sec: 34155.58 ± 119.45, tokens seen: 4445962240, grad norm: 0.3633
[iter 16970]loss: 3.1663, tokens/sec: 34155.58 ± 119.41, tokens seen: 4448583680, grad norm: 0.3620
[iter 16980]loss: 3.1357, tokens/sec: 34155.58 ± 119.38, tokens seen: 4451205120, grad norm: 0.3879
[iter 16990]loss: 3.0885, tokens/sec: 34155.58 ± 119.34, tokens seen: 4453826560, grad norm: 0.3483
[step 17000]train loss: 2.9871, val loss: 2.9992, (avg train loss: 0.1867 ± 0.0088), (avg grad norm: 0.3688 ± 0.0540)
saving checkpoint to ./out-owt-large-mhc-lite-wsd-bs8-30000step
[iter 17000]loss: 2.9105, tokens/sec: 34155.60 ± 119.33, tokens seen: 4456448000, grad norm: 0.4109
[iter 17010]loss: 2.8994, tokens/sec: 34155.63 ± 119.31, tokens seen: 4459069440, grad norm: 0.3414
[iter 17020]loss: 3.0388, tokens/sec: 34155.64 ± 119.27, tokens seen: 4461690880, grad norm: 0.3099
[iter 17030]loss: 2.9736, tokens/sec: 34155.63 ± 119.24, tokens seen: 4464312320, grad norm: 0.3866
[iter 17040]loss: 2.6345, tokens/sec: 34155.63 ± 119.20, tokens seen: 4466933760, grad norm: 0.2934
[iter 17050]loss: 2.9445, tokens/sec: 34155.63 ± 119.17, tokens seen: 4469555200, grad norm: 0.3359
[iter 17060]loss: 2.8751, tokens/sec: 34155.63 ± 119.13, tokens seen: 4472176640, grad norm: 0.3229
[iter 17070]loss: 2.8915, tokens/sec: 34155.64 ± 119.10, tokens seen: 4474798080, grad norm: 0.3363
[iter 17080]loss: 2.8339, tokens/sec: 34155.64 ± 119.06, tokens seen: 4477419520, grad norm: 0.3306
[iter 17090]loss: 3.0809, tokens/sec: 34155.64 ± 119.03, tokens seen: 4480040960, grad norm: 0.3530
[iter 17100]loss: 3.0271, tokens/sec: 34155.64 ± 119.00, tokens seen: 4482662400, grad norm: 0.3209
[iter 17110]loss: 3.0702, tokens/sec: 34155.64 ± 118.96, tokens seen: 4485283840, grad norm: 0.3280
[iter 17120]loss: 2.9073, tokens/sec: 34155.64 ± 118.93, tokens seen: 4487905280, grad norm: 0.3094
[iter 17130]loss: 3.0693, tokens/sec: 34155.64 ± 118.89, tokens seen: 4490526720, grad norm: 0.3039
[iter 17140]loss: 3.2714, tokens/sec: 34155.65 ± 118.86, tokens seen: 4493148160, grad norm: 0.4348
[iter 17150]loss: 2.8832, tokens/sec: 34155.64 ± 118.82, tokens seen: 4495769600, grad norm: 0.4281
[iter 17160]loss: 2.8197, tokens/sec: 34155.64 ± 118.79, tokens seen: 4498391040, grad norm: 0.3721
[iter 17170]loss: 2.8823, tokens/sec: 34155.64 ± 118.75, tokens seen: 4501012480, grad norm: 0.3124
[iter 17180]loss: 2.9702, tokens/sec: 34155.64 ± 118.72, tokens seen: 4503633920, grad norm: 0.3761
[iter 17190]loss: 2.9076, tokens/sec: 34155.64 ± 118.69, tokens seen: 4506255360, grad norm: 0.3988
[iter 17200]loss: 3.0736, tokens/sec: 34155.64 ± 118.65, tokens seen: 4508876800, grad norm: 0.3169
[iter 17210]loss: 2.8480, tokens/sec: 34155.65 ± 118.62, tokens seen: 4511498240, grad norm: 0.4034
[iter 17220]loss: 3.0709, tokens/sec: 34155.65 ± 118.58, tokens seen: 4514119680, grad norm: 0.4746
[iter 17230]loss: 2.9706, tokens/sec: 34155.65 ± 118.55, tokens seen: 4516741120, grad norm: 0.3396
[iter 17240]loss: 2.9962, tokens/sec: 34155.64 ± 118.52, tokens seen: 4519362560, grad norm: 0.3387
[iter 17250]loss: 3.0337, tokens/sec: 34155.64 ± 118.48, tokens seen: 4521984000, grad norm: 0.3044
[iter 17260]loss: 2.9362, tokens/sec: 34155.64 ± 118.45, tokens seen: 4524605440, grad norm: 0.3196
[iter 17270]loss: 3.2091, tokens/sec: 34155.64 ± 118.41, tokens seen: 4527226880, grad norm: 0.3392
[iter 17280]loss: 2.8203, tokens/sec: 34155.64 ± 118.38, tokens seen: 4529848320, grad norm: 0.3355
[iter 17290]loss: 2.9600, tokens/sec: 34155.64 ± 118.35, tokens seen: 4532469760, grad norm: 0.3434
[iter 17300]loss: 2.7552, tokens/sec: 34155.64 ± 118.31, tokens seen: 4535091200, grad norm: 0.3883
[iter 17310]loss: 2.8584, tokens/sec: 34155.64 ± 118.28, tokens seen: 4537712640, grad norm: 0.4844
[iter 17320]loss: 2.8423, tokens/sec: 34155.64 ± 118.24, tokens seen: 4540334080, grad norm: 0.3899
[iter 17330]loss: 3.0507, tokens/sec: 34155.64 ± 118.21, tokens seen: 4542955520, grad norm: 0.5498
[iter 17340]loss: 3.1067, tokens/sec: 34155.64 ± 118.18, tokens seen: 4545576960, grad norm: 0.5988
[iter 17350]loss: 2.9979, tokens/sec: 34155.64 ± 118.14, tokens seen: 4548198400, grad norm: 0.3386
[iter 17360]loss: 2.8444, tokens/sec: 34155.64 ± 118.11, tokens seen: 4550819840, grad norm: 0.3558
[iter 17370]loss: 3.1530, tokens/sec: 34155.64 ± 118.07, tokens seen: 4553441280, grad norm: 0.3554
[iter 17380]loss: 3.1704, tokens/sec: 34155.64 ± 118.04, tokens seen: 4556062720, grad norm: 0.3206
[iter 17390]loss: 3.0169, tokens/sec: 34155.64 ± 118.01, tokens seen: 4558684160, grad norm: 0.3402
[iter 17400]loss: 2.9718, tokens/sec: 34155.64 ± 117.97, tokens seen: 4561305600, grad norm: 0.3750
[iter 17410]loss: 2.7674, tokens/sec: 34155.64 ± 117.94, tokens seen: 4563927040, grad norm: 0.3804
[iter 17420]loss: 2.7928, tokens/sec: 34155.64 ± 117.91, tokens seen: 4566548480, grad norm: 0.4894
[iter 17430]loss: 2.8548, tokens/sec: 34155.65 ± 117.87, tokens seen: 4569169920, grad norm: 0.3699
[iter 17440]loss: 2.8625, tokens/sec: 34155.65 ± 117.84, tokens seen: 4571791360, grad norm: 0.4040
[iter 17450]loss: 2.8657, tokens/sec: 34155.65 ± 117.81, tokens seen: 4574412800, grad norm: 0.3587
[iter 17460]loss: 2.9817, tokens/sec: 34155.65 ± 117.77, tokens seen: 4577034240, grad norm: 0.3433
[iter 17470]loss: 3.0030, tokens/sec: 34155.65 ± 117.74, tokens seen: 4579655680, grad norm: 0.3126
[iter 17480]loss: 2.8487, tokens/sec: 34155.66 ± 117.71, tokens seen: 4582277120, grad norm: 0.4107
[iter 17490]loss: 3.1368, tokens/sec: 34155.66 ± 117.67, tokens seen: 4584898560, grad norm: 0.4555
[step 17500]train loss: 2.9764, val loss: 2.9919, (avg train loss: 0.1854 ± 0.0094), (avg grad norm: 0.3630 ± 0.0551)
saving checkpoint to ./out-owt-large-mhc-lite-wsd-bs8-30000step
[iter 17500]loss: 2.8772, tokens/sec: 34155.67 ± 117.66, tokens seen: 4587520000, grad norm: 0.3959
[iter 17510]loss: 3.1598, tokens/sec: 34155.70 ± 117.64, tokens seen: 4590141440, grad norm: 0.3376
[iter 17520]loss: 3.0493, tokens/sec: 34155.71 ± 117.60, tokens seen: 4592762880, grad norm: 0.3514
[iter 17530]loss: 3.0337, tokens/sec: 34155.70 ± 117.57, tokens seen: 4595384320, grad norm: 0.3419
[iter 17540]loss: 3.1588, tokens/sec: 34155.70 ± 117.54, tokens seen: 4598005760, grad norm: 0.3496
[iter 17550]loss: 3.1103, tokens/sec: 34155.70 ± 117.50, tokens seen: 4600627200, grad norm: 0.3800
[iter 17560]loss: 2.9353, tokens/sec: 34155.70 ± 117.47, tokens seen: 4603248640, grad norm: 0.3223
[iter 17570]loss: 3.0875, tokens/sec: 34155.69 ± 117.44, tokens seen: 4605870080, grad norm: 0.3565
[iter 17580]loss: 2.9560, tokens/sec: 34155.69 ± 117.41, tokens seen: 4608491520, grad norm: 0.3728
[iter 17590]loss: 3.2004, tokens/sec: 34155.70 ± 117.37, tokens seen: 4611112960, grad norm: 0.3443
[iter 17600]loss: 2.8734, tokens/sec: 34155.70 ± 117.34, tokens seen: 4613734400, grad norm: 0.3417
[iter 17610]loss: 2.9025, tokens/sec: 34155.70 ± 117.31, tokens seen: 4616355840, grad norm: 0.3634
[iter 17620]loss: 2.7006, tokens/sec: 34155.70 ± 117.27, tokens seen: 4618977280, grad norm: 0.4094
[iter 17630]loss: 2.9376, tokens/sec: 34155.70 ± 117.24, tokens seen: 4621598720, grad norm: 0.2996
[iter 17640]loss: 2.9831, tokens/sec: 34155.70 ± 117.21, tokens seen: 4624220160, grad norm: 0.3345
[iter 17650]loss: 2.9433, tokens/sec: 34155.70 ± 117.17, tokens seen: 4626841600, grad norm: 0.3874
[iter 17660]loss: 3.0395, tokens/sec: 34155.70 ± 117.14, tokens seen: 4629463040, grad norm: 0.3234
[iter 17670]loss: 3.2400, tokens/sec: 34155.69 ± 117.11, tokens seen: 4632084480, grad norm: 0.2980
[iter 17680]loss: 3.0135, tokens/sec: 34155.69 ± 117.08, tokens seen: 4634705920, grad norm: 0.3913
[iter 17690]loss: 3.1854, tokens/sec: 34155.69 ± 117.04, tokens seen: 4637327360, grad norm: 0.3693
[iter 17700]loss: 3.0337, tokens/sec: 34155.69 ± 117.01, tokens seen: 4639948800, grad norm: 0.3730
[iter 17710]loss: 3.1926, tokens/sec: 34155.69 ± 116.98, tokens seen: 4642570240, grad norm: 0.3455
[iter 17720]loss: 2.9107, tokens/sec: 34155.69 ± 116.94, tokens seen: 4645191680, grad norm: 0.3350
[iter 17730]loss: 2.9286, tokens/sec: 34155.69 ± 116.91, tokens seen: 4647813120, grad norm: 0.3704
[iter 17740]loss: 2.9562, tokens/sec: 34155.69 ± 116.88, tokens seen: 4650434560, grad norm: 0.3392
[iter 17750]loss: 3.0924, tokens/sec: 34155.69 ± 116.85, tokens seen: 4653056000, grad norm: 0.3178
[iter 17760]loss: 3.0031, tokens/sec: 34155.69 ± 116.81, tokens seen: 4655677440, grad norm: 0.3312
[iter 17770]loss: 2.8215, tokens/sec: 34155.69 ± 116.78, tokens seen: 4658298880, grad norm: 0.3302
[iter 17780]loss: 3.0659, tokens/sec: 34155.69 ± 116.75, tokens seen: 4660920320, grad norm: 0.3178
[iter 17790]loss: 2.9199, tokens/sec: 34155.69 ± 116.72, tokens seen: 4663541760, grad norm: 0.3726
[iter 17800]loss: 3.0446, tokens/sec: 34155.70 ± 116.68, tokens seen: 4666163200, grad norm: 0.3381
[iter 17810]loss: 3.1001, tokens/sec: 34155.70 ± 116.65, tokens seen: 4668784640, grad norm: 0.3186
[iter 17820]loss: 2.9226, tokens/sec: 34155.70 ± 116.62, tokens seen: 4671406080, grad norm: 0.3843
[iter 17830]loss: 2.9655, tokens/sec: 34155.70 ± 116.59, tokens seen: 4674027520, grad norm: 0.3681
[iter 17840]loss: 3.0267, tokens/sec: 34155.70 ± 116.55, tokens seen: 4676648960, grad norm: 0.3080
[iter 17850]loss: 2.7584, tokens/sec: 34155.71 ± 116.52, tokens seen: 4679270400, grad norm: 0.3698
[iter 17860]loss: 2.9863, tokens/sec: 34155.71 ± 116.49, tokens seen: 4681891840, grad norm: 0.3923
[iter 17870]loss: 3.0184, tokens/sec: 34155.71 ± 116.46, tokens seen: 4684513280, grad norm: 0.4069
[iter 17880]loss: 3.1283, tokens/sec: 34155.71 ± 116.42, tokens seen: 4687134720, grad norm: 0.3268
[iter 17890]loss: 3.1944, tokens/sec: 34155.71 ± 116.39, tokens seen: 4689756160, grad norm: 0.3441
[iter 17900]loss: 2.9850, tokens/sec: 34155.71 ± 116.36, tokens seen: 4692377600, grad norm: 0.4442
[iter 17910]loss: 3.0133, tokens/sec: 34155.71 ± 116.33, tokens seen: 4694999040, grad norm: 0.3661
[iter 17920]loss: 2.9371, tokens/sec: 34155.71 ± 116.30, tokens seen: 4697620480, grad norm: 0.3588
[iter 17930]loss: 3.1998, tokens/sec: 34155.71 ± 116.26, tokens seen: 4700241920, grad norm: 0.4131
[iter 17940]loss: 2.8470, tokens/sec: 34155.71 ± 116.23, tokens seen: 4702863360, grad norm: 0.3469
[iter 17950]loss: 3.0569, tokens/sec: 34155.72 ± 116.20, tokens seen: 4705484800, grad norm: 0.3530
[iter 17960]loss: 2.5574, tokens/sec: 34155.72 ± 116.17, tokens seen: 4708106240, grad norm: 0.3551
[iter 17970]loss: 2.9681, tokens/sec: 34155.72 ± 116.13, tokens seen: 4710727680, grad norm: 0.3821
[iter 17980]loss: 3.1294, tokens/sec: 34155.72 ± 116.10, tokens seen: 4713349120, grad norm: 0.3937
[iter 17990]loss: 2.7109, tokens/sec: 34155.72 ± 116.07, tokens seen: 4715970560, grad norm: 0.3187
[step 18000]train loss: 2.9800, val loss: 2.9774, (avg train loss: 0.1870 ± 0.0091), (avg grad norm: 0.3649 ± 0.0476)
saving checkpoint to ./out-owt-large-mhc-lite-wsd-bs8-30000step
[iter 18000]loss: 3.0279, tokens/sec: 34155.74 ± 116.06, tokens seen: 4718592000, grad norm: 0.3894
[iter 18010]loss: 2.8616, tokens/sec: 34155.77 ± 116.04, tokens seen: 4721213440, grad norm: 0.7291
[iter 18020]loss: 3.0025, tokens/sec: 34155.78 ± 116.01, tokens seen: 4723834880, grad norm: 0.4214
[iter 18030]loss: 3.1814, tokens/sec: 34155.77 ± 115.98, tokens seen: 4726456320, grad norm: 0.3307
[iter 18040]loss: 2.8637, tokens/sec: 34155.77 ± 115.94, tokens seen: 4729077760, grad norm: 0.3672
[iter 18050]loss: 3.0226, tokens/sec: 34155.77 ± 115.91, tokens seen: 4731699200, grad norm: 0.3006
[iter 18060]loss: 2.9922, tokens/sec: 34155.77 ± 115.88, tokens seen: 4734320640, grad norm: 0.3242
[iter 18070]loss: 2.9364, tokens/sec: 34155.76 ± 115.85, tokens seen: 4736942080, grad norm: 0.4164
[iter 18080]loss: 2.8822, tokens/sec: 34155.76 ± 115.82, tokens seen: 4739563520, grad norm: 0.3720
[iter 18090]loss: 3.0013, tokens/sec: 34155.77 ± 115.78, tokens seen: 4742184960, grad norm: 0.2874
[iter 18100]loss: 3.0940, tokens/sec: 34155.77 ± 115.75, tokens seen: 4744806400, grad norm: 0.4579
[iter 18110]loss: 3.0652, tokens/sec: 34155.77 ± 115.72, tokens seen: 4747427840, grad norm: 0.4160
[iter 18120]loss: 3.1216, tokens/sec: 34155.77 ± 115.69, tokens seen: 4750049280, grad norm: 0.3905
[iter 18130]loss: 3.4172, tokens/sec: 34155.77 ± 115.66, tokens seen: 4752670720, grad norm: 0.3757
[iter 18140]loss: 3.1918, tokens/sec: 34155.77 ± 115.63, tokens seen: 4755292160, grad norm: 0.3814
[iter 18150]loss: 3.0874, tokens/sec: 34155.77 ± 115.59, tokens seen: 4757913600, grad norm: 0.3405
[iter 18160]loss: 3.2476, tokens/sec: 34155.77 ± 115.56, tokens seen: 4760535040, grad norm: 0.3635
[iter 18170]loss: 2.9018, tokens/sec: 34155.77 ± 115.53, tokens seen: 4763156480, grad norm: 0.3008
[iter 18180]loss: 3.0038, tokens/sec: 34155.77 ± 115.50, tokens seen: 4765777920, grad norm: 0.4115
[iter 18190]loss: 2.9006, tokens/sec: 34155.78 ± 115.47, tokens seen: 4768399360, grad norm: 0.3630
[iter 18200]loss: 3.0908, tokens/sec: 34155.78 ± 115.44, tokens seen: 4771020800, grad norm: 0.5037
[iter 18210]loss: 2.8984, tokens/sec: 34155.78 ± 115.40, tokens seen: 4773642240, grad norm: 0.4058
[iter 18220]loss: 2.7633, tokens/sec: 34155.78 ± 115.37, tokens seen: 4776263680, grad norm: 0.3071
[iter 18230]loss: 2.9699, tokens/sec: 34155.78 ± 115.34, tokens seen: 4778885120, grad norm: 0.4068
[iter 18240]loss: 2.8521, tokens/sec: 34155.78 ± 115.31, tokens seen: 4781506560, grad norm: 0.3853
[iter 18250]loss: 2.8933, tokens/sec: 34155.79 ± 115.28, tokens seen: 4784128000, grad norm: 0.6427
[iter 18260]loss: 2.9617, tokens/sec: 34155.78 ± 115.25, tokens seen: 4786749440, grad norm: 0.3326
[iter 18270]loss: 3.1452, tokens/sec: 34155.78 ± 115.22, tokens seen: 4789370880, grad norm: 0.4519
[iter 18280]loss: 2.8408, tokens/sec: 34155.78 ± 115.19, tokens seen: 4791992320, grad norm: 0.3730
[iter 18290]loss: 2.8239, tokens/sec: 34155.78 ± 115.15, tokens seen: 4794613760, grad norm: 0.3666
[iter 18300]loss: 2.9308, tokens/sec: 34155.78 ± 115.12, tokens seen: 4797235200, grad norm: 0.4063
[iter 18310]loss: 3.0643, tokens/sec: 34155.78 ± 115.09, tokens seen: 4799856640, grad norm: 0.3442
[iter 18320]loss: 3.0134, tokens/sec: 34155.78 ± 115.06, tokens seen: 4802478080, grad norm: 0.3633
[iter 18330]loss: 2.8517, tokens/sec: 34155.79 ± 115.03, tokens seen: 4805099520, grad norm: 0.2935
[iter 18340]loss: 2.9184, tokens/sec: 34155.79 ± 115.00, tokens seen: 4807720960, grad norm: 0.4594
[iter 18350]loss: 2.8654, tokens/sec: 34155.79 ± 114.97, tokens seen: 4810342400, grad norm: 0.3844
[iter 18360]loss: 3.1683, tokens/sec: 34155.79 ± 114.94, tokens seen: 4812963840, grad norm: 0.3706
[iter 18370]loss: 2.8753, tokens/sec: 34155.79 ± 114.91, tokens seen: 4815585280, grad norm: 0.4648
[iter 18380]loss: 2.9307, tokens/sec: 34155.79 ± 114.87, tokens seen: 4818206720, grad norm: 0.3234
[iter 18390]loss: 3.1653, tokens/sec: 34155.79 ± 114.84, tokens seen: 4820828160, grad norm: 0.4999
[iter 18400]loss: 3.0028, tokens/sec: 34155.79 ± 114.81, tokens seen: 4823449600, grad norm: 0.4579
[iter 18410]loss: 3.0094, tokens/sec: 34155.80 ± 114.78, tokens seen: 4826071040, grad norm: 0.3535
[iter 18420]loss: 3.1761, tokens/sec: 34155.80 ± 114.75, tokens seen: 4828692480, grad norm: 0.4581
[iter 18430]loss: 2.9307, tokens/sec: 34155.80 ± 114.72, tokens seen: 4831313920, grad norm: 0.4233
[iter 18440]loss: 2.8451, tokens/sec: 34155.80 ± 114.69, tokens seen: 4833935360, grad norm: 0.4135
[iter 18450]loss: 2.9004, tokens/sec: 34155.80 ± 114.66, tokens seen: 4836556800, grad norm: 0.4979
[iter 18460]loss: 2.8846, tokens/sec: 34155.81 ± 114.63, tokens seen: 4839178240, grad norm: 0.3412
[iter 18470]loss: 2.9115, tokens/sec: 34155.81 ± 114.60, tokens seen: 4841799680, grad norm: 0.3979
[iter 18480]loss: 3.3993, tokens/sec: 34155.81 ± 114.57, tokens seen: 4844421120, grad norm: 0.4014
[iter 18490]loss: 2.9415, tokens/sec: 34155.82 ± 114.54, tokens seen: 4847042560, grad norm: 0.4761
[step 18500]train loss: 2.9686, val loss: 2.9755, (avg train loss: 0.1862 ± 0.0078), (avg grad norm: 0.3997 ± 0.0714)
saving checkpoint to ./out-owt-large-mhc-lite-wsd-bs8-30000step
[iter 18500]loss: 3.1864, tokens/sec: 34155.83 ± 114.53, tokens seen: 4849664000, grad norm: 0.3480
[iter 18510]loss: 2.9192, tokens/sec: 34155.86 ± 114.50, tokens seen: 4852285440, grad norm: 0.4274
[iter 18520]loss: 3.0301, tokens/sec: 34155.87 ± 114.47, tokens seen: 4854906880, grad norm: 0.3857
[iter 18530]loss: 2.8003, tokens/sec: 34155.86 ± 114.44, tokens seen: 4857528320, grad norm: 0.3827
[iter 18540]loss: 3.0711, tokens/sec: 34155.86 ± 114.41, tokens seen: 4860149760, grad norm: 0.4315
[iter 18550]loss: 2.8553, tokens/sec: 34155.86 ± 114.38, tokens seen: 4862771200, grad norm: 0.3569
[iter 18560]loss: 2.5746, tokens/sec: 34155.86 ± 114.35, tokens seen: 4865392640, grad norm: 0.4028
[iter 18570]loss: 3.0881, tokens/sec: 34155.86 ± 114.32, tokens seen: 4868014080, grad norm: 0.3578
[iter 18580]loss: 3.0706, tokens/sec: 34155.87 ± 114.29, tokens seen: 4870635520, grad norm: 0.3987
[iter 18590]loss: 2.9854, tokens/sec: 34155.87 ± 114.26, tokens seen: 4873256960, grad norm: 0.3340
[iter 18600]loss: 3.0228, tokens/sec: 34155.86 ± 114.23, tokens seen: 4875878400, grad norm: 0.3657
[iter 18610]loss: 3.0029, tokens/sec: 34155.87 ± 114.20, tokens seen: 4878499840, grad norm: 0.4219
[iter 18620]loss: 3.1536, tokens/sec: 34155.87 ± 114.17, tokens seen: 4881121280, grad norm: 0.5020
[iter 18630]loss: 2.9116, tokens/sec: 34155.87 ± 114.14, tokens seen: 4883742720, grad norm: 0.3964
[iter 18640]loss: 3.0427, tokens/sec: 34155.87 ± 114.11, tokens seen: 4886364160, grad norm: 0.3549
[iter 18650]loss: 2.9563, tokens/sec: 34155.87 ± 114.08, tokens seen: 4888985600, grad norm: 0.3954
[iter 18660]loss: 2.7644, tokens/sec: 34155.87 ± 114.05, tokens seen: 4891607040, grad norm: 0.5013
[iter 18670]loss: 2.9036, tokens/sec: 34155.87 ± 114.02, tokens seen: 4894228480, grad norm: 0.3816
[iter 18680]loss: 3.0548, tokens/sec: 34155.88 ± 113.99, tokens seen: 4896849920, grad norm: 0.4107
[iter 18690]loss: 2.8846, tokens/sec: 34155.88 ± 113.96, tokens seen: 4899471360, grad norm: 0.3647
[iter 18700]loss: 2.9557, tokens/sec: 34155.88 ± 113.93, tokens seen: 4902092800, grad norm: 0.3844
[iter 18710]loss: 2.9890, tokens/sec: 34155.88 ± 113.90, tokens seen: 4904714240, grad norm: 0.5565
[iter 18720]loss: 3.0326, tokens/sec: 34155.88 ± 113.87, tokens seen: 4907335680, grad norm: 0.3367
[iter 18730]loss: 2.7782, tokens/sec: 34155.88 ± 113.84, tokens seen: 4909957120, grad norm: 0.4548
[iter 18740]loss: 3.0109, tokens/sec: 34155.88 ± 113.81, tokens seen: 4912578560, grad norm: 0.3727
[iter 18750]loss: 2.7890, tokens/sec: 34155.88 ± 113.78, tokens seen: 4915200000, grad norm: 0.3255
[iter 18760]loss: 3.1472, tokens/sec: 34155.88 ± 113.75, tokens seen: 4917821440, grad norm: 0.4585
[iter 18770]loss: 2.9645, tokens/sec: 34155.88 ± 113.72, tokens seen: 4920442880, grad norm: 0.4162
[iter 18780]loss: 3.0202, tokens/sec: 34155.88 ± 113.69, tokens seen: 4923064320, grad norm: 0.4248
[iter 18790]loss: 3.0739, tokens/sec: 34155.88 ± 113.66, tokens seen: 4925685760, grad norm: 0.3949
[iter 18800]loss: 2.7946, tokens/sec: 34155.88 ± 113.63, tokens seen: 4928307200, grad norm: 0.4075
[iter 18810]loss: 2.7988, tokens/sec: 34155.88 ± 113.60, tokens seen: 4930928640, grad norm: 0.3632
[iter 18820]loss: 3.0105, tokens/sec: 34155.88 ± 113.57, tokens seen: 4933550080, grad norm: 0.3926
[iter 18830]loss: 2.9590, tokens/sec: 34155.88 ± 113.54, tokens seen: 4936171520, grad norm: 0.4071
[iter 18840]loss: 2.8686, tokens/sec: 34155.88 ± 113.51, tokens seen: 4938792960, grad norm: 0.3451
[iter 18850]loss: 2.8696, tokens/sec: 34155.88 ± 113.48, tokens seen: 4941414400, grad norm: 0.3591
[iter 18860]loss: 2.9137, tokens/sec: 34155.89 ± 113.45, tokens seen: 4944035840, grad norm: 0.3732
[iter 18870]loss: 3.1013, tokens/sec: 34155.89 ± 113.42, tokens seen: 4946657280, grad norm: 0.4367
[iter 18880]loss: 2.9032, tokens/sec: 34155.89 ± 113.39, tokens seen: 4949278720, grad norm: 0.3990
[iter 18890]loss: 2.8789, tokens/sec: 34155.90 ± 113.36, tokens seen: 4951900160, grad norm: 0.3240
[iter 18900]loss: 3.1073, tokens/sec: 34155.90 ± 113.33, tokens seen: 4954521600, grad norm: 0.4780
[iter 18910]loss: 3.1374, tokens/sec: 34155.90 ± 113.30, tokens seen: 4957143040, grad norm: 0.4795
[iter 18920]loss: 2.9149, tokens/sec: 34155.90 ± 113.27, tokens seen: 4959764480, grad norm: 0.5035
[iter 18930]loss: 3.0049, tokens/sec: 34155.90 ± 113.24, tokens seen: 4962385920, grad norm: 0.3718
[iter 18940]loss: 2.8248, tokens/sec: 34155.90 ± 113.21, tokens seen: 4965007360, grad norm: 0.3264
[iter 18950]loss: 2.9940, tokens/sec: 34155.91 ± 113.18, tokens seen: 4967628800, grad norm: 0.4168
[iter 18960]loss: 3.0356, tokens/sec: 34155.91 ± 113.15, tokens seen: 4970250240, grad norm: 0.4930
[iter 18970]loss: 2.8923, tokens/sec: 34155.91 ± 113.12, tokens seen: 4972871680, grad norm: 0.3983
[iter 18980]loss: 3.1196, tokens/sec: 34155.91 ± 113.09, tokens seen: 4975493120, grad norm: 0.3565
[iter 18990]loss: 2.8817, tokens/sec: 34155.91 ± 113.06, tokens seen: 4978114560, grad norm: 0.3802
[step 19000]train loss: 2.9646, val loss: 2.9894, (avg train loss: 0.1850 ± 0.0083), (avg grad norm: 0.4030 ± 0.0628)
[iter 19000]loss: 2.8846, tokens/sec: 34155.93 ± 113.06, tokens seen: 4980736000, grad norm: 0.5253
[iter 19010]loss: 2.8701, tokens/sec: 34155.96 ± 113.03, tokens seen: 4983357440, grad norm: 0.4651
[iter 19020]loss: 2.8395, tokens/sec: 34155.96 ± 113.00, tokens seen: 4985978880, grad norm: 0.3201
[iter 19030]loss: 3.2134, tokens/sec: 34155.96 ± 112.98, tokens seen: 4988600320, grad norm: 0.3138
[iter 19040]loss: 3.0741, tokens/sec: 34155.96 ± 112.95, tokens seen: 4991221760, grad norm: 0.3549
[iter 19050]loss: 3.1599, tokens/sec: 34155.96 ± 112.92, tokens seen: 4993843200, grad norm: 0.3695
[iter 19060]loss: 2.9240, tokens/sec: 34155.96 ± 112.89, tokens seen: 4996464640, grad norm: 0.3896
[iter 19070]loss: 3.0124, tokens/sec: 34155.96 ± 112.86, tokens seen: 4999086080, grad norm: 0.3518
[iter 19080]loss: 3.0646, tokens/sec: 34155.97 ± 112.83, tokens seen: 5001707520, grad norm: 0.4069
[iter 19090]loss: 3.0138, tokens/sec: 34155.97 ± 112.80, tokens seen: 5004328960, grad norm: 0.3834
[iter 19100]loss: 3.2791, tokens/sec: 34155.97 ± 112.77, tokens seen: 5006950400, grad norm: 0.6285
[iter 19110]loss: 2.8422, tokens/sec: 34155.97 ± 112.74, tokens seen: 5009571840, grad norm: 0.3526
[iter 19120]loss: 3.1414, tokens/sec: 34155.97 ± 112.71, tokens seen: 5012193280, grad norm: 0.4125
[iter 19130]loss: 3.0000, tokens/sec: 34155.97 ± 112.68, tokens seen: 5014814720, grad norm: 0.3690
[iter 19140]loss: 3.1021, tokens/sec: 34155.97 ± 112.65, tokens seen: 5017436160, grad norm: 0.3923
[iter 19150]loss: 2.9430, tokens/sec: 34155.97 ± 112.62, tokens seen: 5020057600, grad norm: 0.3088
[iter 19160]loss: 2.9658, tokens/sec: 34155.97 ± 112.60, tokens seen: 5022679040, grad norm: 0.3815
[iter 19170]loss: 3.0727, tokens/sec: 34155.97 ± 112.57, tokens seen: 5025300480, grad norm: 0.6617
[iter 19180]loss: 3.0484, tokens/sec: 34155.97 ± 112.54, tokens seen: 5027921920, grad norm: 0.3926
[iter 19190]loss: 2.4694, tokens/sec: 34155.98 ± 112.51, tokens seen: 5030543360, grad norm: 0.4760
[iter 19200]loss: 2.7697, tokens/sec: 34155.98 ± 112.48, tokens seen: 5033164800, grad norm: 0.4875
[iter 19210]loss: 2.8886, tokens/sec: 34155.98 ± 112.45, tokens seen: 5035786240, grad norm: 0.4302
[iter 19220]loss: 3.1069, tokens/sec: 34155.98 ± 112.42, tokens seen: 5038407680, grad norm: 0.4468
[iter 19230]loss: 2.9918, tokens/sec: 34155.98 ± 112.39, tokens seen: 5041029120, grad norm: 0.3222
[iter 19240]loss: 2.9642, tokens/sec: 34155.99 ± 112.36, tokens seen: 5043650560, grad norm: 0.3857
[iter 19250]loss: 2.9793, tokens/sec: 34155.99 ± 112.34, tokens seen: 5046272000, grad norm: 0.3413
[iter 19260]loss: 3.1988, tokens/sec: 34155.99 ± 112.31, tokens seen: 5048893440, grad norm: 0.3965
[iter 19270]loss: 2.9103, tokens/sec: 34155.99 ± 112.28, tokens seen: 5051514880, grad norm: 0.4221
[iter 19280]loss: 2.7627, tokens/sec: 34155.99 ± 112.25, tokens seen: 5054136320, grad norm: 0.3864
[iter 19290]loss: 3.0339, tokens/sec: 34156.00 ± 112.22, tokens seen: 5056757760, grad norm: 0.3937
[iter 19300]loss: 3.2856, tokens/sec: 34156.00 ± 112.19, tokens seen: 5059379200, grad norm: 0.4079
[iter 19310]loss: 3.1775, tokens/sec: 34156.00 ± 112.16, tokens seen: 5062000640, grad norm: 0.4213
[iter 19320]loss: 3.0121, tokens/sec: 34156.00 ± 112.13, tokens seen: 5064622080, grad norm: 0.3935
[iter 19330]loss: 2.9136, tokens/sec: 34156.01 ± 112.10, tokens seen: 5067243520, grad norm: 0.5516
[iter 19340]loss: 2.9763, tokens/sec: 34156.01 ± 112.08, tokens seen: 5069864960, grad norm: 0.3042
[iter 19350]loss: 2.9208, tokens/sec: 34156.01 ± 112.05, tokens seen: 5072486400, grad norm: 0.4426
[iter 19360]loss: 3.0806, tokens/sec: 34156.01 ± 112.02, tokens seen: 5075107840, grad norm: 0.3690
[iter 19370]loss: 2.9111, tokens/sec: 34156.01 ± 111.99, tokens seen: 5077729280, grad norm: 0.4434
[iter 19380]loss: 2.8874, tokens/sec: 34156.02 ± 111.96, tokens seen: 5080350720, grad norm: 0.4290
[iter 19390]loss: 2.9716, tokens/sec: 34156.02 ± 111.93, tokens seen: 5082972160, grad norm: 0.4244
[iter 19400]loss: 2.9310, tokens/sec: 34156.02 ± 111.90, tokens seen: 5085593600, grad norm: 0.3906
[iter 19410]loss: 3.1132, tokens/sec: 34156.02 ± 111.88, tokens seen: 5088215040, grad norm: 0.3981
[iter 19420]loss: 3.1495, tokens/sec: 34156.02 ± 111.85, tokens seen: 5090836480, grad norm: 0.5141
[iter 19430]loss: 2.9852, tokens/sec: 34156.03 ± 111.82, tokens seen: 5093457920, grad norm: 0.4020
[iter 19440]loss: 2.9208, tokens/sec: 34156.03 ± 111.79, tokens seen: 5096079360, grad norm: 0.3352
[iter 19450]loss: 3.0428, tokens/sec: 34156.03 ± 111.76, tokens seen: 5098700800, grad norm: 0.4079
[iter 19460]loss: 2.9265, tokens/sec: 34156.03 ± 111.73, tokens seen: 5101322240, grad norm: 0.4657
[iter 19470]loss: 3.1366, tokens/sec: 34156.03 ± 111.71, tokens seen: 5103943680, grad norm: 0.4152
[iter 19480]loss: 2.8305, tokens/sec: 34156.04 ± 111.68, tokens seen: 5106565120, grad norm: 0.4054
[iter 19490]loss: 2.7963, tokens/sec: 34156.04 ± 111.65, tokens seen: 5109186560, grad norm: 0.3538
[step 19500]train loss: 2.9708, val loss: 2.9713, (avg train loss: 0.1856 ± 0.0087), (avg grad norm: 0.4249 ± 0.0702)
saving checkpoint to ./out-owt-large-mhc-lite-wsd-bs8-30000step
[iter 19500]loss: 3.0245, tokens/sec: 34156.06 ± 111.64, tokens seen: 5111808000, grad norm: 0.4897
[iter 19510]loss: 2.8030, tokens/sec: 34156.08 ± 111.62, tokens seen: 5114429440, grad norm: 0.4630
[iter 19520]loss: 3.0150, tokens/sec: 34156.09 ± 111.59, tokens seen: 5117050880, grad norm: 0.4156
[iter 19530]loss: 2.8955, tokens/sec: 34156.08 ± 111.56, tokens seen: 5119672320, grad norm: 0.3370
[iter 19540]loss: 2.7358, tokens/sec: 34156.08 ± 111.54, tokens seen: 5122293760, grad norm: 0.3837
[iter 19550]loss: 2.8408, tokens/sec: 34156.09 ± 111.51, tokens seen: 5124915200, grad norm: 0.4563
[iter 19560]loss: 2.6303, tokens/sec: 34156.09 ± 111.48, tokens seen: 5127536640, grad norm: 0.4393
[iter 19570]loss: 2.7988, tokens/sec: 34156.09 ± 111.45, tokens seen: 5130158080, grad norm: 0.4013
[iter 19580]loss: 2.8840, tokens/sec: 34156.09 ± 111.42, tokens seen: 5132779520, grad norm: 0.3755
[iter 19590]loss: 2.9284, tokens/sec: 34156.09 ± 111.40, tokens seen: 5135400960, grad norm: 0.4382
[iter 19600]loss: 2.9319, tokens/sec: 34156.09 ± 111.37, tokens seen: 5138022400, grad norm: 0.5613
[iter 19610]loss: 2.9369, tokens/sec: 34156.09 ± 111.34, tokens seen: 5140643840, grad norm: 0.6064
[iter 19620]loss: 3.1315, tokens/sec: 34156.09 ± 111.31, tokens seen: 5143265280, grad norm: 0.4152
[iter 19630]loss: 3.0786, tokens/sec: 34156.09 ± 111.28, tokens seen: 5145886720, grad norm: 0.4612
[iter 19640]loss: 3.1978, tokens/sec: 34156.10 ± 111.26, tokens seen: 5148508160, grad norm: 0.4078
[iter 19650]loss: 2.8782, tokens/sec: 34156.10 ± 111.23, tokens seen: 5151129600, grad norm: 0.4742
[iter 19660]loss: 2.9726, tokens/sec: 34156.10 ± 111.20, tokens seen: 5153751040, grad norm: 0.4606
[iter 19670]loss: 2.7676, tokens/sec: 34156.10 ± 111.17, tokens seen: 5156372480, grad norm: 0.5239
[iter 19680]loss: 2.9657, tokens/sec: 34156.10 ± 111.14, tokens seen: 5158993920, grad norm: 0.4145
[iter 19690]loss: 2.9603, tokens/sec: 34156.11 ± 111.12, tokens seen: 5161615360, grad norm: 0.4401
[iter 19700]loss: 2.7413, tokens/sec: 34156.11 ± 111.09, tokens seen: 5164236800, grad norm: 0.3877
[iter 19710]loss: 2.9196, tokens/sec: 34156.11 ± 111.06, tokens seen: 5166858240, grad norm: 0.4584
[iter 19720]loss: 2.8659, tokens/sec: 34156.11 ± 111.03, tokens seen: 5169479680, grad norm: 0.4279
[iter 19730]loss: 2.9206, tokens/sec: 34156.11 ± 111.00, tokens seen: 5172101120, grad norm: 0.3565
[iter 19740]loss: 3.0414, tokens/sec: 34156.11 ± 110.98, tokens seen: 5174722560, grad norm: 0.4265
[iter 19750]loss: 2.9866, tokens/sec: 34156.11 ± 110.95, tokens seen: 5177344000, grad norm: 0.4139
[iter 19760]loss: 2.9465, tokens/sec: 34156.12 ± 110.92, tokens seen: 5179965440, grad norm: 0.4243
[iter 19770]loss: 2.9352, tokens/sec: 34156.12 ± 110.89, tokens seen: 5182586880, grad norm: 0.3788
[iter 19780]loss: 3.2127, tokens/sec: 34156.12 ± 110.86, tokens seen: 5185208320, grad norm: 0.3984
[iter 19790]loss: 2.9676, tokens/sec: 34156.12 ± 110.84, tokens seen: 5187829760, grad norm: 0.3954
[iter 19800]loss: 2.9137, tokens/sec: 34156.12 ± 110.81, tokens seen: 5190451200, grad norm: 0.4583
[iter 19810]loss: 3.0501, tokens/sec: 34156.12 ± 110.78, tokens seen: 5193072640, grad norm: 0.3393
[iter 19820]loss: 2.9410, tokens/sec: 34156.13 ± 110.75, tokens seen: 5195694080, grad norm: 0.5157
[iter 19830]loss: 3.1278, tokens/sec: 34156.13 ± 110.73, tokens seen: 5198315520, grad norm: 0.4832
[iter 19840]loss: 3.1173, tokens/sec: 34156.13 ± 110.70, tokens seen: 5200936960, grad norm: 0.3558
[iter 19850]loss: 3.0729, tokens/sec: 34156.13 ± 110.67, tokens seen: 5203558400, grad norm: 0.4487
[iter 19860]loss: 2.8198, tokens/sec: 34156.14 ± 110.64, tokens seen: 5206179840, grad norm: 0.5258
[iter 19870]loss: 2.8617, tokens/sec: 34156.14 ± 110.62, tokens seen: 5208801280, grad norm: 0.4280
[iter 19880]loss: 2.9163, tokens/sec: 34156.14 ± 110.59, tokens seen: 5211422720, grad norm: 0.3612
[iter 19890]loss: 2.9427, tokens/sec: 34156.15 ± 110.56, tokens seen: 5214044160, grad norm: 0.3735
[iter 19900]loss: 2.9531, tokens/sec: 34156.15 ± 110.53, tokens seen: 5216665600, grad norm: 0.4063
[iter 19910]loss: 2.9831, tokens/sec: 34156.15 ± 110.51, tokens seen: 5219287040, grad norm: 0.4678
[iter 19920]loss: 3.1379, tokens/sec: 34156.16 ± 110.48, tokens seen: 5221908480, grad norm: 0.4643
[iter 19930]loss: 3.0119, tokens/sec: 34156.16 ± 110.45, tokens seen: 5224529920, grad norm: 0.3130
[iter 19940]loss: 2.8342, tokens/sec: 34156.16 ± 110.42, tokens seen: 5227151360, grad norm: 0.4895
[iter 19950]loss: 2.8368, tokens/sec: 34156.16 ± 110.40, tokens seen: 5229772800, grad norm: 0.3324
[iter 19960]loss: 2.9170, tokens/sec: 34156.16 ± 110.37, tokens seen: 5232394240, grad norm: 0.3795
[iter 19970]loss: 2.9678, tokens/sec: 34156.16 ± 110.34, tokens seen: 5235015680, grad norm: 0.3720
[iter 19980]loss: 2.9667, tokens/sec: 34156.17 ± 110.31, tokens seen: 5237637120, grad norm: 0.4016
[iter 19990]loss: 3.0540, tokens/sec: 34156.17 ± 110.29, tokens seen: 5240258560, grad norm: 0.3290
[step 20000]train loss: 2.9698, val loss: 2.9649, (avg train loss: 0.1865 ± 0.0077), (avg grad norm: 0.4145 ± 0.0627)
saving checkpoint to ./out-owt-large-mhc-lite-wsd-bs8-30000step
[iter 20000]loss: 2.9186, tokens/sec: 34156.19 ± 110.28, tokens seen: 5242880000, grad norm: 0.3725
[iter 20010]loss: 2.8707, tokens/sec: 34156.21 ± 110.26, tokens seen: 5245501440, grad norm: 0.3662
[iter 20020]loss: 3.1318, tokens/sec: 34156.22 ± 110.23, tokens seen: 5248122880, grad norm: 0.4092
[iter 20030]loss: 3.0184, tokens/sec: 34156.21 ± 110.21, tokens seen: 5250744320, grad norm: 0.7085
[iter 20040]loss: 3.2132, tokens/sec: 34156.21 ± 110.18, tokens seen: 5253365760, grad norm: 0.6512
[iter 20050]loss: 2.9660, tokens/sec: 34156.21 ± 110.15, tokens seen: 5255987200, grad norm: 0.7284
[iter 20060]loss: 3.0920, tokens/sec: 34156.21 ± 110.13, tokens seen: 5258608640, grad norm: 0.3562
[iter 20070]loss: 3.1410, tokens/sec: 34156.21 ± 110.10, tokens seen: 5261230080, grad norm: 0.4528
[iter 20080]loss: 2.7388, tokens/sec: 34156.21 ± 110.07, tokens seen: 5263851520, grad norm: 0.3951
[iter 20090]loss: 3.2787, tokens/sec: 34156.21 ± 110.04, tokens seen: 5266472960, grad norm: 0.3839
[iter 20100]loss: 3.0759, tokens/sec: 34156.21 ± 110.02, tokens seen: 5269094400, grad norm: 0.3615
[iter 20110]loss: 2.8969, tokens/sec: 34156.21 ± 109.99, tokens seen: 5271715840, grad norm: 0.3547
[iter 20120]loss: 3.0076, tokens/sec: 34156.21 ± 109.96, tokens seen: 5274337280, grad norm: 0.4458
[iter 20130]loss: 3.0434, tokens/sec: 34156.21 ± 109.94, tokens seen: 5276958720, grad norm: 0.4802
[iter 20140]loss: 3.1729, tokens/sec: 34156.21 ± 109.91, tokens seen: 5279580160, grad norm: 0.4417
[iter 20150]loss: 2.9885, tokens/sec: 34156.21 ± 109.88, tokens seen: 5282201600, grad norm: 0.4774
[iter 20160]loss: 2.9733, tokens/sec: 34156.21 ± 109.86, tokens seen: 5284823040, grad norm: 0.4106
[iter 20170]loss: 3.2107, tokens/sec: 34156.21 ± 109.83, tokens seen: 5287444480, grad norm: 0.3343
[iter 20180]loss: 3.1907, tokens/sec: 34156.21 ± 109.80, tokens seen: 5290065920, grad norm: 0.4452
[iter 20190]loss: 3.2010, tokens/sec: 34156.21 ± 109.77, tokens seen: 5292687360, grad norm: 0.3626
[iter 20200]loss: 2.8534, tokens/sec: 34156.21 ± 109.75, tokens seen: 5295308800, grad norm: 0.4432
[iter 20210]loss: 2.8815, tokens/sec: 34156.21 ± 109.72, tokens seen: 5297930240, grad norm: 0.5598
[iter 20220]loss: 2.9877, tokens/sec: 34156.21 ± 109.69, tokens seen: 5300551680, grad norm: 0.3714
[iter 20230]loss: 2.7594, tokens/sec: 34156.21 ± 109.67, tokens seen: 5303173120, grad norm: 0.4270
[iter 20240]loss: 2.9980, tokens/sec: 34156.21 ± 109.64, tokens seen: 5305794560, grad norm: 0.4140
[iter 20250]loss: 2.8508, tokens/sec: 34156.21 ± 109.61, tokens seen: 5308416000, grad norm: 0.4432
[iter 20260]loss: 2.8977, tokens/sec: 34156.21 ± 109.59, tokens seen: 5311037440, grad norm: 0.4458
[iter 20270]loss: 2.7456, tokens/sec: 34156.21 ± 109.56, tokens seen: 5313658880, grad norm: 0.4066
[iter 20280]loss: 2.9258, tokens/sec: 34156.21 ± 109.53, tokens seen: 5316280320, grad norm: 0.6252
[iter 20290]loss: 2.9159, tokens/sec: 34156.21 ± 109.51, tokens seen: 5318901760, grad norm: 0.3616
[iter 20300]loss: 2.9887, tokens/sec: 34156.21 ± 109.48, tokens seen: 5321523200, grad norm: 0.3715
[iter 20310]loss: 3.0739, tokens/sec: 34156.21 ± 109.45, tokens seen: 5324144640, grad norm: 0.3567
[iter 20320]loss: 2.8090, tokens/sec: 34156.21 ± 109.43, tokens seen: 5326766080, grad norm: 0.3706
[iter 20330]loss: 3.2992, tokens/sec: 34156.21 ± 109.40, tokens seen: 5329387520, grad norm: 0.4936
[iter 20340]loss: 3.1557, tokens/sec: 34156.21 ± 109.37, tokens seen: 5332008960, grad norm: 0.4688
[iter 20350]loss: 3.0714, tokens/sec: 34156.21 ± 109.35, tokens seen: 5334630400, grad norm: 0.5175
[iter 20360]loss: 3.1341, tokens/sec: 34156.21 ± 109.32, tokens seen: 5337251840, grad norm: 0.3949
[iter 20370]loss: 2.8546, tokens/sec: 34156.22 ± 109.29, tokens seen: 5339873280, grad norm: 0.5083
[iter 20380]loss: 2.9603, tokens/sec: 34156.22 ± 109.27, tokens seen: 5342494720, grad norm: 0.3856
[iter 20390]loss: 2.6314, tokens/sec: 34156.22 ± 109.24, tokens seen: 5345116160, grad norm: 0.6438
[iter 20400]loss: 2.9572, tokens/sec: 34156.22 ± 109.21, tokens seen: 5347737600, grad norm: 0.3485
[iter 20410]loss: 3.1567, tokens/sec: 34156.22 ± 109.19, tokens seen: 5350359040, grad norm: 0.3723
[iter 20420]loss: 3.0095, tokens/sec: 34156.22 ± 109.16, tokens seen: 5352980480, grad norm: 0.4886
[iter 20430]loss: 2.9915, tokens/sec: 34156.22 ± 109.13, tokens seen: 5355601920, grad norm: 0.4464
[iter 20440]loss: 2.9795, tokens/sec: 34156.22 ± 109.11, tokens seen: 5358223360, grad norm: 0.4275
[iter 20450]loss: 2.9849, tokens/sec: 34156.22 ± 109.08, tokens seen: 5360844800, grad norm: 0.4878
[iter 20460]loss: 3.1927, tokens/sec: 34156.22 ± 109.06, tokens seen: 5363466240, grad norm: 0.3747
[iter 20470]loss: 2.9701, tokens/sec: 34156.23 ± 109.03, tokens seen: 5366087680, grad norm: 0.3833
[iter 20480]loss: 2.8943, tokens/sec: 34156.23 ± 109.00, tokens seen: 5368709120, grad norm: 0.5180
[iter 20490]loss: 2.8179, tokens/sec: 34156.23 ± 108.98, tokens seen: 5371330560, grad norm: 0.3787
[step 20500]train loss: 2.9537, val loss: 2.9697, (avg train loss: 0.1854 ± 0.0084), (avg grad norm: 0.4528 ± 0.1470)
[iter 20500]loss: 2.9820, tokens/sec: 34156.24 ± 108.97, tokens seen: 5373952000, grad norm: 0.4433
[iter 20510]loss: 3.0199, tokens/sec: 34156.27 ± 108.95, tokens seen: 5376573440, grad norm: 0.4766
[iter 20520]loss: 2.9719, tokens/sec: 34156.28 ± 108.93, tokens seen: 5379194880, grad norm: 0.4865
[iter 20530]loss: 2.8923, tokens/sec: 34156.28 ± 108.90, tokens seen: 5381816320, grad norm: 0.4622
[iter 20540]loss: 2.9964, tokens/sec: 34156.27 ± 108.88, tokens seen: 5384437760, grad norm: 0.5046
[iter 20550]loss: 2.9377, tokens/sec: 34156.27 ± 108.85, tokens seen: 5387059200, grad norm: 0.4255
[iter 20560]loss: 2.9372, tokens/sec: 34156.27 ± 108.82, tokens seen: 5389680640, grad norm: 0.5355
[iter 20570]loss: 2.9806, tokens/sec: 34156.27 ± 108.80, tokens seen: 5392302080, grad norm: 0.4356
[iter 20580]loss: 2.9550, tokens/sec: 34156.28 ± 108.77, tokens seen: 5394923520, grad norm: 0.3488
[iter 20590]loss: 3.1583, tokens/sec: 34156.28 ± 108.75, tokens seen: 5397544960, grad norm: 0.3151
[iter 20600]loss: 2.9303, tokens/sec: 34156.28 ± 108.72, tokens seen: 5400166400, grad norm: 0.3626
[iter 20610]loss: 2.9746, tokens/sec: 34156.28 ± 108.69, tokens seen: 5402787840, grad norm: 0.3889
[iter 20620]loss: 2.7837, tokens/sec: 34156.28 ± 108.67, tokens seen: 5405409280, grad norm: 0.3896
[iter 20630]loss: 2.8224, tokens/sec: 34156.28 ± 108.64, tokens seen: 5408030720, grad norm: 0.6443
[iter 20640]loss: 2.8331, tokens/sec: 34156.28 ± 108.62, tokens seen: 5410652160, grad norm: 0.5702
[iter 20650]loss: 2.9933, tokens/sec: 34156.28 ± 108.59, tokens seen: 5413273600, grad norm: 0.4455
[iter 20660]loss: 2.9257, tokens/sec: 34156.28 ± 108.56, tokens seen: 5415895040, grad norm: 0.4499
[iter 20670]loss: 3.0574, tokens/sec: 34156.28 ± 108.54, tokens seen: 5418516480, grad norm: 0.5362
[iter 20680]loss: 2.9567, tokens/sec: 34156.28 ± 108.51, tokens seen: 5421137920, grad norm: 0.3951
[iter 20690]loss: 3.0911, tokens/sec: 34156.29 ± 108.49, tokens seen: 5423759360, grad norm: 0.3680
[iter 20700]loss: 3.0223, tokens/sec: 34156.28 ± 108.46, tokens seen: 5426380800, grad norm: 0.6081
[iter 20710]loss: 2.8842, tokens/sec: 34156.29 ± 108.43, tokens seen: 5429002240, grad norm: 0.5197
[iter 20720]loss: 2.7894, tokens/sec: 34156.29 ± 108.41, tokens seen: 5431623680, grad norm: 0.5993
[iter 20730]loss: 2.9842, tokens/sec: 34156.29 ± 108.38, tokens seen: 5434245120, grad norm: 0.6074
[iter 20740]loss: 3.1050, tokens/sec: 34156.29 ± 108.36, tokens seen: 5436866560, grad norm: 0.7164
[iter 20750]loss: 3.0669, tokens/sec: 34156.29 ± 108.33, tokens seen: 5439488000, grad norm: 0.4546
[iter 20760]loss: 2.8717, tokens/sec: 34156.29 ± 108.31, tokens seen: 5442109440, grad norm: 0.3751
[iter 20770]loss: 2.9564, tokens/sec: 34156.30 ± 108.28, tokens seen: 5444730880, grad norm: 0.4003
[iter 20780]loss: 2.8519, tokens/sec: 34156.30 ± 108.25, tokens seen: 5447352320, grad norm: 0.4121
[iter 20790]loss: 2.9099, tokens/sec: 34156.30 ± 108.23, tokens seen: 5449973760, grad norm: 0.5538
[iter 20800]loss: 3.1261, tokens/sec: 34156.30 ± 108.20, tokens seen: 5452595200, grad norm: 0.3625
[iter 20810]loss: 2.9069, tokens/sec: 34156.30 ± 108.18, tokens seen: 5455216640, grad norm: 0.3720
[iter 20820]loss: 2.7959, tokens/sec: 34156.30 ± 108.15, tokens seen: 5457838080, grad norm: 0.3904
[iter 20830]loss: 3.3974, tokens/sec: 34156.30 ± 108.12, tokens seen: 5460459520, grad norm: 0.3957
[iter 20840]loss: 2.6781, tokens/sec: 34156.30 ± 108.10, tokens seen: 5463080960, grad norm: 0.7127
[iter 20850]loss: 2.8694, tokens/sec: 34156.31 ± 108.07, tokens seen: 5465702400, grad norm: 0.4070
[iter 20860]loss: 2.8630, tokens/sec: 34156.30 ± 108.05, tokens seen: 5468323840, grad norm: 0.3944
[iter 20870]loss: 3.1168, tokens/sec: 34156.30 ± 108.02, tokens seen: 5470945280, grad norm: 0.4611
[iter 20880]loss: 3.0824, tokens/sec: 34156.31 ± 108.00, tokens seen: 5473566720, grad norm: 0.4153
[iter 20890]loss: 3.0665, tokens/sec: 34156.31 ± 107.97, tokens seen: 5476188160, grad norm: 0.6367
[iter 20900]loss: 3.0413, tokens/sec: 34156.31 ± 107.95, tokens seen: 5478809600, grad norm: 0.5293
[iter 20910]loss: 3.2532, tokens/sec: 34156.31 ± 107.92, tokens seen: 5481431040, grad norm: 0.4544
[iter 20920]loss: 3.0247, tokens/sec: 34156.31 ± 107.89, tokens seen: 5484052480, grad norm: 0.5270
[iter 20930]loss: 3.0560, tokens/sec: 34156.31 ± 107.87, tokens seen: 5486673920, grad norm: 0.5060
[iter 20940]loss: 2.8098, tokens/sec: 34156.31 ± 107.84, tokens seen: 5489295360, grad norm: 0.5684
[iter 20950]loss: 2.9009, tokens/sec: 34156.31 ± 107.82, tokens seen: 5491916800, grad norm: 0.4788
[iter 20960]loss: 2.6563, tokens/sec: 34156.31 ± 107.79, tokens seen: 5494538240, grad norm: 0.5398
[iter 20970]loss: 3.0824, tokens/sec: 34156.31 ± 107.77, tokens seen: 5497159680, grad norm: 0.5712
[iter 20980]loss: 3.0844, tokens/sec: 34156.31 ± 107.74, tokens seen: 5499781120, grad norm: 0.5103
[iter 20990]loss: 2.9261, tokens/sec: 34156.31 ± 107.72, tokens seen: 5502402560, grad norm: 0.3659
[step 21000]train loss: 2.9741, val loss: 2.9881, (avg train loss: 0.1854 ± 0.0091), (avg grad norm: 0.4972 ± 0.1092)
[iter 21000]loss: 2.5765, tokens/sec: 34156.33 ± 107.71, tokens seen: 5505024000, grad norm: 0.4630
[iter 21010]loss: 2.9271, tokens/sec: 34156.35 ± 107.69, tokens seen: 5507645440, grad norm: 0.4709
[iter 21020]loss: 2.7673, tokens/sec: 34156.36 ± 107.67, tokens seen: 5510266880, grad norm: 0.4580
[iter 21030]loss: 3.0063, tokens/sec: 34156.36 ± 107.64, tokens seen: 5512888320, grad norm: 0.8628
[iter 21040]loss: 2.7212, tokens/sec: 34156.36 ± 107.62, tokens seen: 5515509760, grad norm: 0.4268
[iter 21050]loss: 3.0594, tokens/sec: 34156.36 ± 107.59, tokens seen: 5518131200, grad norm: 0.3550
[iter 21060]loss: 2.9478, tokens/sec: 34156.36 ± 107.57, tokens seen: 5520752640, grad norm: 0.3975
[iter 21070]loss: 3.0352, tokens/sec: 34156.36 ± 107.54, tokens seen: 5523374080, grad norm: 0.4048
[iter 21080]loss: 2.9401, tokens/sec: 34156.36 ± 107.52, tokens seen: 5525995520, grad norm: 0.4464
[iter 21090]loss: 2.8412, tokens/sec: 34156.36 ± 107.49, tokens seen: 5528616960, grad norm: 0.4517
[iter 21100]loss: 3.1633, tokens/sec: 34156.36 ± 107.47, tokens seen: 5531238400, grad norm: 0.5091
[iter 21110]loss: 2.8239, tokens/sec: 34156.36 ± 107.44, tokens seen: 5533859840, grad norm: 0.5924
[iter 21120]loss: 2.8962, tokens/sec: 34156.36 ± 107.42, tokens seen: 5536481280, grad norm: 0.4994
[iter 21130]loss: 2.9469, tokens/sec: 34156.36 ± 107.39, tokens seen: 5539102720, grad norm: 0.4748
[iter 21140]loss: 2.9005, tokens/sec: 34156.36 ± 107.37, tokens seen: 5541724160, grad norm: 0.4485
[iter 21150]loss: 2.8906, tokens/sec: 34156.36 ± 107.34, tokens seen: 5544345600, grad norm: 0.4638
[iter 21160]loss: 2.6439, tokens/sec: 34156.36 ± 107.32, tokens seen: 5546967040, grad norm: 0.4312
[iter 21170]loss: 2.7733, tokens/sec: 34156.36 ± 107.29, tokens seen: 5549588480, grad norm: 0.3885
[iter 21180]loss: 3.0560, tokens/sec: 34156.37 ± 107.27, tokens seen: 5552209920, grad norm: 0.4212
[iter 21190]loss: 2.9629, tokens/sec: 34156.37 ± 107.24, tokens seen: 5554831360, grad norm: 0.7024
[iter 21200]loss: 3.0453, tokens/sec: 34156.37 ± 107.22, tokens seen: 5557452800, grad norm: 0.4484
[iter 21210]loss: 2.9043, tokens/sec: 34156.37 ± 107.19, tokens seen: 5560074240, grad norm: 0.4749
[iter 21220]loss: 3.0260, tokens/sec: 34156.37 ± 107.17, tokens seen: 5562695680, grad norm: 0.5026
[iter 21230]loss: 2.7287, tokens/sec: 34156.37 ± 107.14, tokens seen: 5565317120, grad norm: 0.4541
[iter 21240]loss: 2.9033, tokens/sec: 34156.37 ± 107.12, tokens seen: 5567938560, grad norm: 0.7437
[iter 21250]loss: 2.9416, tokens/sec: 34156.37 ± 107.09, tokens seen: 5570560000, grad norm: 0.6614
[iter 21260]loss: 3.0540, tokens/sec: 34156.37 ± 107.07, tokens seen: 5573181440, grad norm: 0.4984
[iter 21270]loss: 2.7965, tokens/sec: 34156.37 ± 107.04, tokens seen: 5575802880, grad norm: 0.4325
[iter 21280]loss: 2.7909, tokens/sec: 34156.37 ± 107.02, tokens seen: 5578424320, grad norm: 0.3841
[iter 21290]loss: 2.9481, tokens/sec: 34156.37 ± 106.99, tokens seen: 5581045760, grad norm: 0.3937
[iter 21300]loss: 2.8643, tokens/sec: 34156.37 ± 106.97, tokens seen: 5583667200, grad norm: 0.3836
[iter 21310]loss: 3.0236, tokens/sec: 34156.37 ± 106.94, tokens seen: 5586288640, grad norm: 0.5931
[iter 21320]loss: 3.1160, tokens/sec: 34156.37 ± 106.92, tokens seen: 5588910080, grad norm: 0.6351
[iter 21330]loss: 2.9862, tokens/sec: 34156.37 ± 106.89, tokens seen: 5591531520, grad norm: 0.4363
[iter 21340]loss: 3.0544, tokens/sec: 34156.37 ± 106.87, tokens seen: 5594152960, grad norm: 0.6681
[iter 21350]loss: 3.0254, tokens/sec: 34156.37 ± 106.84, tokens seen: 5596774400, grad norm: 0.4466
[iter 21360]loss: 2.9761, tokens/sec: 34156.37 ± 106.82, tokens seen: 5599395840, grad norm: 0.5983
[iter 21370]loss: 2.7807, tokens/sec: 34156.37 ± 106.79, tokens seen: 5602017280, grad norm: 0.4884
[iter 21380]loss: 3.0820, tokens/sec: 34156.37 ± 106.77, tokens seen: 5604638720, grad norm: 0.9958
[iter 21390]loss: 2.8288, tokens/sec: 34156.37 ± 106.74, tokens seen: 5607260160, grad norm: 0.5680
[iter 21400]loss: 2.6808, tokens/sec: 34156.37 ± 106.72, tokens seen: 5609881600, grad norm: 0.5470
[iter 21410]loss: 3.1347, tokens/sec: 34156.37 ± 106.70, tokens seen: 5612503040, grad norm: 0.4859
[iter 21420]loss: 3.0529, tokens/sec: 34156.37 ± 106.67, tokens seen: 5615124480, grad norm: 0.6481
[iter 21430]loss: 2.9105, tokens/sec: 34156.37 ± 106.65, tokens seen: 5617745920, grad norm: 0.3681
[iter 21440]loss: 2.7972, tokens/sec: 34156.37 ± 106.62, tokens seen: 5620367360, grad norm: 0.3980
[iter 21450]loss: 3.0925, tokens/sec: 34156.38 ± 106.60, tokens seen: 5622988800, grad norm: 0.4097
[iter 21460]loss: 2.9872, tokens/sec: 34156.38 ± 106.57, tokens seen: 5625610240, grad norm: 0.4169
[iter 21470]loss: 2.9807, tokens/sec: 34156.38 ± 106.55, tokens seen: 5628231680, grad norm: 0.4335
[iter 21480]loss: 2.8828, tokens/sec: 34156.38 ± 106.52, tokens seen: 5630853120, grad norm: 0.5074
[iter 21490]loss: 3.1036, tokens/sec: 34156.38 ± 106.50, tokens seen: 5633474560, grad norm: 0.3820
[step 21500]train loss: 2.9491, val loss: 2.9732, (avg train loss: 0.1843 ± 0.0084), (avg grad norm: 0.5399 ± 0.1890)
[iter 21500]loss: 3.0994, tokens/sec: 34156.40 ± 106.49, tokens seen: 5636096000, grad norm: 0.4294
[iter 21510]loss: 2.8437, tokens/sec: 34156.42 ± 106.48, tokens seen: 5638717440, grad norm: 0.4581
[iter 21520]loss: 3.0642, tokens/sec: 34156.42 ± 106.45, tokens seen: 5641338880, grad norm: 0.4239
[iter 21530]loss: 3.0726, tokens/sec: 34156.42 ± 106.43, tokens seen: 5643960320, grad norm: 0.4336
[iter 21540]loss: 2.9369, tokens/sec: 34156.42 ± 106.40, tokens seen: 5646581760, grad norm: 0.4262
[iter 21550]loss: 3.0439, tokens/sec: 34156.42 ± 106.38, tokens seen: 5649203200, grad norm: 0.6255
[iter 21560]loss: 2.9503, tokens/sec: 34156.42 ± 106.35, tokens seen: 5651824640, grad norm: 0.4686
[iter 21570]loss: 3.0506, tokens/sec: 34156.42 ± 106.33, tokens seen: 5654446080, grad norm: 0.3874
[iter 21580]loss: 2.9435, tokens/sec: 34156.42 ± 106.31, tokens seen: 5657067520, grad norm: 0.5068
[iter 21590]loss: 3.0590, tokens/sec: 34156.42 ± 106.28, tokens seen: 5659688960, grad norm: 0.4894
[iter 21600]loss: 3.1416, tokens/sec: 34156.42 ± 106.26, tokens seen: 5662310400, grad norm: 0.3222
[iter 21610]loss: 2.7886, tokens/sec: 34156.42 ± 106.23, tokens seen: 5664931840, grad norm: 0.4613
[iter 21620]loss: 2.9904, tokens/sec: 34156.42 ± 106.21, tokens seen: 5667553280, grad norm: 0.4675
[iter 21630]loss: 2.9661, tokens/sec: 34156.42 ± 106.18, tokens seen: 5670174720, grad norm: 0.4715
[iter 21640]loss: 2.8930, tokens/sec: 34156.42 ± 106.16, tokens seen: 5672796160, grad norm: 0.3236
[iter 21650]loss: 2.8704, tokens/sec: 34156.42 ± 106.14, tokens seen: 5675417600, grad norm: 0.6463
[iter 21660]loss: 2.9017, tokens/sec: 34156.42 ± 106.11, tokens seen: 5678039040, grad norm: 0.4580
[iter 21670]loss: 2.6078, tokens/sec: 34156.42 ± 106.09, tokens seen: 5680660480, grad norm: 0.5025
[iter 21680]loss: 2.9338, tokens/sec: 34156.42 ± 106.06, tokens seen: 5683281920, grad norm: 1.2283
[iter 21690]loss: 2.8167, tokens/sec: 34156.42 ± 106.04, tokens seen: 5685903360, grad norm: 0.4329
[iter 21700]loss: 2.8488, tokens/sec: 34156.42 ± 106.02, tokens seen: 5688524800, grad norm: 0.3908
[iter 21710]loss: 2.8258, tokens/sec: 34156.42 ± 105.99, tokens seen: 5691146240, grad norm: 0.4226
[iter 21720]loss: 2.9021, tokens/sec: 34156.42 ± 105.97, tokens seen: 5693767680, grad norm: 0.4020
[iter 21730]loss: 3.0598, tokens/sec: 34156.42 ± 105.94, tokens seen: 5696389120, grad norm: 0.5178
[iter 21740]loss: 3.2510, tokens/sec: 34156.42 ± 105.92, tokens seen: 5699010560, grad norm: 0.5273
[iter 21750]loss: 2.8191, tokens/sec: 34156.42 ± 105.90, tokens seen: 5701632000, grad norm: 0.4287
[iter 21760]loss: 2.9947, tokens/sec: 34156.42 ± 105.87, tokens seen: 5704253440, grad norm: 0.3830
[iter 21770]loss: 2.8335, tokens/sec: 34156.42 ± 105.85, tokens seen: 5706874880, grad norm: 0.5082
[iter 21780]loss: 2.8000, tokens/sec: 34156.42 ± 105.82, tokens seen: 5709496320, grad norm: 0.4888
[iter 21790]loss: 2.9948, tokens/sec: 34156.42 ± 105.80, tokens seen: 5712117760, grad norm: 0.4130
[iter 21800]loss: 2.9674, tokens/sec: 34156.41 ± 105.77, tokens seen: 5714739200, grad norm: 0.5399
[iter 21810]loss: 2.9639, tokens/sec: 34156.41 ± 105.75, tokens seen: 5717360640, grad norm: 0.4525
[iter 21820]loss: 3.0973, tokens/sec: 34156.41 ± 105.73, tokens seen: 5719982080, grad norm: 0.4079
[iter 21830]loss: 3.0860, tokens/sec: 34156.41 ± 105.70, tokens seen: 5722603520, grad norm: 0.3681
[iter 21840]loss: 2.9735, tokens/sec: 34156.41 ± 105.68, tokens seen: 5725224960, grad norm: 0.4158
[iter 21850]loss: 2.9563, tokens/sec: 34156.41 ± 105.65, tokens seen: 5727846400, grad norm: 0.3808
[iter 21860]loss: 2.9782, tokens/sec: 34156.41 ± 105.63, tokens seen: 5730467840, grad norm: 0.4101
[iter 21870]loss: 2.8735, tokens/sec: 34156.41 ± 105.61, tokens seen: 5733089280, grad norm: 0.4796
[iter 21880]loss: 2.9509, tokens/sec: 34156.41 ± 105.58, tokens seen: 5735710720, grad norm: 0.4117
[iter 21890]loss: 2.8503, tokens/sec: 34156.41 ± 105.56, tokens seen: 5738332160, grad norm: 0.3227
[iter 21900]loss: 3.0749, tokens/sec: 34156.41 ± 105.54, tokens seen: 5740953600, grad norm: 0.4850
[iter 21910]loss: 2.9406, tokens/sec: 34156.41 ± 105.51, tokens seen: 5743575040, grad norm: 0.6417
[iter 21920]loss: 2.7589, tokens/sec: 34156.41 ± 105.49, tokens seen: 5746196480, grad norm: 0.3910
[iter 21930]loss: 2.9508, tokens/sec: 34156.41 ± 105.46, tokens seen: 5748817920, grad norm: 0.4107
[iter 21940]loss: 2.8195, tokens/sec: 34156.41 ± 105.44, tokens seen: 5751439360, grad norm: 0.5322
[iter 21950]loss: 2.9984, tokens/sec: 34156.41 ± 105.42, tokens seen: 5754060800, grad norm: 0.4455
[iter 21960]loss: 2.9469, tokens/sec: 34156.41 ± 105.39, tokens seen: 5756682240, grad norm: 0.5850
[iter 21970]loss: 3.4252, tokens/sec: 34156.41 ± 105.37, tokens seen: 5759303680, grad norm: 0.4415
[iter 21980]loss: 2.7564, tokens/sec: 34156.41 ± 105.35, tokens seen: 5761925120, grad norm: 0.4283
[iter 21990]loss: 3.0581, tokens/sec: 34156.41 ± 105.32, tokens seen: 5764546560, grad norm: 0.5385
[step 22000]train loss: 2.9656, val loss: 2.9732, (avg train loss: 0.1850 ± 0.0094), (avg grad norm: 0.4879 ± 0.2185)
[iter 22000]loss: 2.8830, tokens/sec: 34156.42 ± 105.32, tokens seen: 5767168000, grad norm: 0.7013
[iter 22010]loss: 2.9148, tokens/sec: 34156.44 ± 105.30, tokens seen: 5769789440, grad norm: 0.3912
[iter 22020]loss: 2.9500, tokens/sec: 34156.45 ± 105.27, tokens seen: 5772410880, grad norm: 0.5905
[iter 22030]loss: 2.9732, tokens/sec: 34156.44 ± 105.25, tokens seen: 5775032320, grad norm: 0.4326
[iter 22040]loss: 2.7182, tokens/sec: 34156.44 ± 105.23, tokens seen: 5777653760, grad norm: 0.3645
[iter 22050]loss: 3.0432, tokens/sec: 34156.44 ± 105.20, tokens seen: 5780275200, grad norm: 0.3452
[iter 22060]loss: 2.9077, tokens/sec: 34156.44 ± 105.18, tokens seen: 5782896640, grad norm: 0.3593
[iter 22070]loss: 2.8190, tokens/sec: 34156.45 ± 105.16, tokens seen: 5785518080, grad norm: 0.3627
[iter 22080]loss: 2.7689, tokens/sec: 34156.45 ± 105.13, tokens seen: 5788139520, grad norm: 0.4001
[iter 22090]loss: 3.2403, tokens/sec: 34156.44 ± 105.11, tokens seen: 5790760960, grad norm: 0.3956
[iter 22100]loss: 3.0741, tokens/sec: 34156.44 ± 105.09, tokens seen: 5793382400, grad norm: 0.4127
[iter 22110]loss: 2.9796, tokens/sec: 34156.44 ± 105.06, tokens seen: 5796003840, grad norm: 0.3375
[iter 22120]loss: 2.9079, tokens/sec: 34156.44 ± 105.04, tokens seen: 5798625280, grad norm: 0.4227
[iter 22130]loss: 2.8316, tokens/sec: 34156.44 ± 105.02, tokens seen: 5801246720, grad norm: 0.5621
[iter 22140]loss: 2.7974, tokens/sec: 34156.44 ± 104.99, tokens seen: 5803868160, grad norm: 0.4850
[iter 22150]loss: 2.9089, tokens/sec: 34156.44 ± 104.97, tokens seen: 5806489600, grad norm: 0.4712
[iter 22160]loss: 2.9610, tokens/sec: 34156.44 ± 104.95, tokens seen: 5809111040, grad norm: 0.3308
[iter 22170]loss: 3.0927, tokens/sec: 34156.44 ± 104.92, tokens seen: 5811732480, grad norm: 0.4356
[iter 22180]loss: 2.8821, tokens/sec: 34156.44 ± 104.90, tokens seen: 5814353920, grad norm: 0.5841
[iter 22190]loss: 3.0057, tokens/sec: 34156.44 ± 104.88, tokens seen: 5816975360, grad norm: 0.4605
[iter 22200]loss: 3.0058, tokens/sec: 34156.44 ± 104.85, tokens seen: 5819596800, grad norm: 0.4479
[iter 22210]loss: 3.0516, tokens/sec: 34156.44 ± 104.83, tokens seen: 5822218240, grad norm: 0.5938
[iter 22220]loss: 2.9856, tokens/sec: 34156.44 ± 104.81, tokens seen: 5824839680, grad norm: 0.4867
[iter 22230]loss: 2.8380, tokens/sec: 34156.44 ± 104.78, tokens seen: 5827461120, grad norm: 0.5585
[iter 22240]loss: 2.8359, tokens/sec: 34156.45 ± 104.76, tokens seen: 5830082560, grad norm: 0.5938
[iter 22250]loss: 3.1545, tokens/sec: 34156.45 ± 104.74, tokens seen: 5832704000, grad norm: 0.3618
[iter 22260]loss: 2.6983, tokens/sec: 34156.44 ± 104.71, tokens seen: 5835325440, grad norm: 0.4756
[iter 22270]loss: 2.8842, tokens/sec: 34156.44 ± 104.69, tokens seen: 5837946880, grad norm: 0.4071
[iter 22280]loss: 2.8734, tokens/sec: 34156.45 ± 104.67, tokens seen: 5840568320, grad norm: 0.3872
[iter 22290]loss: 2.8629, tokens/sec: 34156.44 ± 104.64, tokens seen: 5843189760, grad norm: 0.3322
[iter 22300]loss: 3.0590, tokens/sec: 34156.44 ± 104.62, tokens seen: 5845811200, grad norm: 0.4788
[iter 22310]loss: 3.0240, tokens/sec: 34156.44 ± 104.60, tokens seen: 5848432640, grad norm: 0.8959
[iter 22320]loss: 3.1923, tokens/sec: 34156.43 ± 104.58, tokens seen: 5851054080, grad norm: 0.5422
[iter 22330]loss: 2.9229, tokens/sec: 34156.43 ± 104.56, tokens seen: 5853675520, grad norm: 0.4970
[iter 22340]loss: 2.9522, tokens/sec: 34156.43 ± 104.53, tokens seen: 5856296960, grad norm: 0.5798
[iter 22350]loss: 2.9814, tokens/sec: 34156.43 ± 104.51, tokens seen: 5858918400, grad norm: 0.4977
[iter 22360]loss: 3.0504, tokens/sec: 34156.43 ± 104.49, tokens seen: 5861539840, grad norm: 0.3584
[iter 22370]loss: 2.9455, tokens/sec: 34156.43 ± 104.46, tokens seen: 5864161280, grad norm: 0.7679
[iter 22380]loss: 2.9488, tokens/sec: 34156.43 ± 104.44, tokens seen: 5866782720, grad norm: 0.3915
[iter 22390]loss: 2.7951, tokens/sec: 34156.43 ± 104.42, tokens seen: 5869404160, grad norm: 0.4629
[iter 22400]loss: 3.0671, tokens/sec: 34156.44 ± 104.40, tokens seen: 5872025600, grad norm: 0.4384
[iter 22410]loss: 3.0816, tokens/sec: 34156.43 ± 104.37, tokens seen: 5874647040, grad norm: 0.4354
[iter 22420]loss: 2.9447, tokens/sec: 34156.43 ± 104.35, tokens seen: 5877268480, grad norm: 0.4413
[iter 22430]loss: 3.1039, tokens/sec: 34156.43 ± 104.33, tokens seen: 5879889920, grad norm: 0.3752
[iter 22440]loss: 3.1402, tokens/sec: 34156.43 ± 104.30, tokens seen: 5882511360, grad norm: 0.6085
[iter 22450]loss: 2.8993, tokens/sec: 34156.43 ± 104.28, tokens seen: 5885132800, grad norm: 0.3870
[iter 22460]loss: 2.8769, tokens/sec: 34156.43 ± 104.26, tokens seen: 5887754240, grad norm: 0.3152
[iter 22470]loss: 3.0873, tokens/sec: 34156.43 ± 104.23, tokens seen: 5890375680, grad norm: 0.6017
[iter 22480]loss: 3.2066, tokens/sec: 34156.43 ± 104.21, tokens seen: 5892997120, grad norm: 0.3706
[iter 22490]loss: 2.9049, tokens/sec: 34156.43 ± 104.19, tokens seen: 5895618560, grad norm: 0.4613
[step 22500]train loss: 2.9610, val loss: 2.9621, (avg train loss: 0.1845 ± 0.0084), (avg grad norm: 0.4674 ± 0.0964)
saving checkpoint to ./out-owt-large-mhc-lite-wsd-bs8-30000step
[iter 22500]loss: 2.9940, tokens/sec: 34156.44 ± 104.19, tokens seen: 5898240000, grad norm: 0.3611
[iter 22510]loss: 3.1292, tokens/sec: 34156.47 ± 104.17, tokens seen: 5900861440, grad norm: 0.4010
[iter 22520]loss: 2.9945, tokens/sec: 34156.47 ± 104.15, tokens seen: 5903482880, grad norm: 0.3278
[iter 22530]loss: 3.2029, tokens/sec: 34156.47 ± 104.13, tokens seen: 5906104320, grad norm: 0.4019
[iter 22540]loss: 2.9042, tokens/sec: 34156.46 ± 104.11, tokens seen: 5908725760, grad norm: 0.3331
[iter 22550]loss: 3.0891, tokens/sec: 34156.47 ± 104.08, tokens seen: 5911347200, grad norm: 0.3797
[iter 22560]loss: 3.0444, tokens/sec: 34156.46 ± 104.06, tokens seen: 5913968640, grad norm: 0.3665
[iter 22570]loss: 2.8079, tokens/sec: 34156.46 ± 104.04, tokens seen: 5916590080, grad norm: 0.5509
[iter 22580]loss: 3.0766, tokens/sec: 34156.46 ± 104.01, tokens seen: 5919211520, grad norm: 0.4937
[iter 22590]loss: 2.8025, tokens/sec: 34156.46 ± 103.99, tokens seen: 5921832960, grad norm: 0.4421
[iter 22600]loss: 3.0953, tokens/sec: 34156.46 ± 103.97, tokens seen: 5924454400, grad norm: 0.3495
[iter 22610]loss: 2.9811, tokens/sec: 34156.46 ± 103.95, tokens seen: 5927075840, grad norm: 0.4006
[iter 22620]loss: 3.1447, tokens/sec: 34156.46 ± 103.92, tokens seen: 5929697280, grad norm: 0.4538
[iter 22630]loss: 2.9186, tokens/sec: 34156.46 ± 103.90, tokens seen: 5932318720, grad norm: 0.3817
[iter 22640]loss: 3.0313, tokens/sec: 34156.46 ± 103.88, tokens seen: 5934940160, grad norm: 0.4179
[iter 22650]loss: 2.9899, tokens/sec: 34156.46 ± 103.85, tokens seen: 5937561600, grad norm: 0.4286
[iter 22660]loss: 3.0007, tokens/sec: 34156.46 ± 103.83, tokens seen: 5940183040, grad norm: 0.5229
[iter 22670]loss: 2.5980, tokens/sec: 34156.46 ± 103.81, tokens seen: 5942804480, grad norm: 0.6224
[iter 22680]loss: 2.9946, tokens/sec: 34156.45 ± 103.79, tokens seen: 5945425920, grad norm: 0.4001
[iter 22690]loss: 2.9727, tokens/sec: 34156.45 ± 103.76, tokens seen: 5948047360, grad norm: 0.5118
[iter 22700]loss: 3.1285, tokens/sec: 34156.45 ± 103.74, tokens seen: 5950668800, grad norm: 0.5482
[iter 22710]loss: 3.0222, tokens/sec: 34156.45 ± 103.72, tokens seen: 5953290240, grad norm: 0.4993
[iter 22720]loss: 2.7895, tokens/sec: 34156.45 ± 103.70, tokens seen: 5955911680, grad norm: 0.5524
[iter 22730]loss: 2.9251, tokens/sec: 34156.45 ± 103.67, tokens seen: 5958533120, grad norm: 0.4844
[iter 22740]loss: 2.8291, tokens/sec: 34156.45 ± 103.65, tokens seen: 5961154560, grad norm: 0.5002
[iter 22750]loss: 2.7546, tokens/sec: 34156.45 ± 103.63, tokens seen: 5963776000, grad norm: 0.4909
[iter 22760]loss: 2.7828, tokens/sec: 34156.44 ± 103.61, tokens seen: 5966397440, grad norm: 0.4477
[iter 22770]loss: 2.9254, tokens/sec: 34156.44 ± 103.58, tokens seen: 5969018880, grad norm: 0.7852
[iter 22780]loss: 2.9576, tokens/sec: 34156.44 ± 103.56, tokens seen: 5971640320, grad norm: 0.4706
[iter 22790]loss: 3.0690, tokens/sec: 34156.44 ± 103.54, tokens seen: 5974261760, grad norm: 0.4157
[iter 22800]loss: 3.2245, tokens/sec: 34156.44 ± 103.52, tokens seen: 5976883200, grad norm: 0.3563
[iter 22810]loss: 2.9409, tokens/sec: 34156.44 ± 103.49, tokens seen: 5979504640, grad norm: 0.6540
[iter 22820]loss: 2.9809, tokens/sec: 34156.44 ± 103.47, tokens seen: 5982126080, grad norm: 0.3712
[iter 22830]loss: 3.0296, tokens/sec: 34156.44 ± 103.45, tokens seen: 5984747520, grad norm: 0.3931
[iter 22840]loss: 2.9121, tokens/sec: 34156.44 ± 103.43, tokens seen: 5987368960, grad norm: 0.4274
[iter 22850]loss: 2.8640, tokens/sec: 34156.43 ± 103.41, tokens seen: 5989990400, grad norm: 0.5048
[iter 22860]loss: 2.9721, tokens/sec: 34156.43 ± 103.38, tokens seen: 5992611840, grad norm: 0.3960
[iter 22870]loss: 2.8009, tokens/sec: 34156.43 ± 103.36, tokens seen: 5995233280, grad norm: 0.4960
[iter 22880]loss: 2.8287, tokens/sec: 34156.43 ± 103.34, tokens seen: 5997854720, grad norm: 0.4045
[iter 22890]loss: 2.8293, tokens/sec: 34156.44 ± 103.32, tokens seen: 6000476160, grad norm: 0.4356
[iter 22900]loss: 2.8477, tokens/sec: 34156.44 ± 103.29, tokens seen: 6003097600, grad norm: 0.4631
[iter 22910]loss: 3.1038, tokens/sec: 34156.43 ± 103.27, tokens seen: 6005719040, grad norm: 0.6781
[iter 22920]loss: 2.8754, tokens/sec: 34156.43 ± 103.26, tokens seen: 6008340480, grad norm: 0.4081
[iter 22930]loss: 2.9892, tokens/sec: 34156.40 ± 103.26, tokens seen: 6010961920, grad norm: 0.6206
[iter 22940]loss: 3.0822, tokens/sec: 34156.41 ± 103.24, tokens seen: 6013583360, grad norm: 0.4569
[iter 22950]loss: 2.8995, tokens/sec: 34156.41 ± 103.22, tokens seen: 6016204800, grad norm: 0.5739
[iter 22960]loss: 3.1003, tokens/sec: 34156.41 ± 103.19, tokens seen: 6018826240, grad norm: 0.5074
[iter 22970]loss: 2.8478, tokens/sec: 34156.41 ± 103.17, tokens seen: 6021447680, grad norm: 0.6292
[iter 22980]loss: 3.1410, tokens/sec: 34156.41 ± 103.15, tokens seen: 6024069120, grad norm: 0.4707
[iter 22990]loss: 3.0452, tokens/sec: 34156.41 ± 103.13, tokens seen: 6026690560, grad norm: 0.5612
[step 23000]train loss: 2.9561, val loss: 2.9667, (avg train loss: 0.1845 ± 0.0092), (avg grad norm: 0.4881 ± 0.0942)
[iter 23000]loss: 2.8222, tokens/sec: 34156.43 ± 103.13, tokens seen: 6029312000, grad norm: 0.5872
[iter 23010]loss: 2.9426, tokens/sec: 34156.45 ± 103.11, tokens seen: 6031933440, grad norm: 0.4921
[iter 23020]loss: 2.7611, tokens/sec: 34156.46 ± 103.09, tokens seen: 6034554880, grad norm: 0.5780
[iter 23030]loss: 2.8515, tokens/sec: 34156.46 ± 103.07, tokens seen: 6037176320, grad norm: 0.5882
[iter 23040]loss: 2.9304, tokens/sec: 34156.45 ± 103.05, tokens seen: 6039797760, grad norm: 0.4918
[iter 23050]loss: 2.9639, tokens/sec: 34156.45 ± 103.02, tokens seen: 6042419200, grad norm: 0.7401
[iter 23060]loss: 3.0569, tokens/sec: 34156.45 ± 103.00, tokens seen: 6045040640, grad norm: 1.0720
[iter 23070]loss: 2.8947, tokens/sec: 34156.45 ± 102.98, tokens seen: 6047662080, grad norm: 0.6514
[iter 23080]loss: 3.0438, tokens/sec: 34156.45 ± 102.96, tokens seen: 6050283520, grad norm: 0.5755
[iter 23090]loss: 3.0386, tokens/sec: 34156.45 ± 102.94, tokens seen: 6052904960, grad norm: 0.7250
[iter 23100]loss: 2.8650, tokens/sec: 34156.45 ± 102.91, tokens seen: 6055526400, grad norm: 0.7963
[iter 23110]loss: 3.0322, tokens/sec: 34156.45 ± 102.89, tokens seen: 6058147840, grad norm: 0.6731
[iter 23120]loss: 2.9444, tokens/sec: 34156.45 ± 102.87, tokens seen: 6060769280, grad norm: 0.6308
[iter 23130]loss: 3.0570, tokens/sec: 34156.45 ± 102.85, tokens seen: 6063390720, grad norm: 1.0123
[iter 23140]loss: 3.0909, tokens/sec: 34156.45 ± 102.83, tokens seen: 6066012160, grad norm: 0.5557
[iter 23150]loss: 2.8302, tokens/sec: 34156.45 ± 102.80, tokens seen: 6068633600, grad norm: 0.6210
[iter 23160]loss: 2.9317, tokens/sec: 34156.45 ± 102.78, tokens seen: 6071255040, grad norm: 0.4554
[iter 23170]loss: 3.1028, tokens/sec: 34156.45 ± 102.76, tokens seen: 6073876480, grad norm: 0.5420
[iter 23180]loss: 2.8682, tokens/sec: 34156.45 ± 102.74, tokens seen: 6076497920, grad norm: 0.5534
[iter 23190]loss: 2.8332, tokens/sec: 34156.45 ± 102.72, tokens seen: 6079119360, grad norm: 0.7445
[iter 23200]loss: 3.0112, tokens/sec: 34156.45 ± 102.69, tokens seen: 6081740800, grad norm: 0.6316
[iter 23210]loss: 2.9255, tokens/sec: 34156.46 ± 102.67, tokens seen: 6084362240, grad norm: 0.5531
[iter 23220]loss: 2.8602, tokens/sec: 34156.46 ± 102.65, tokens seen: 6086983680, grad norm: 0.5406
[iter 23230]loss: 2.7924, tokens/sec: 34156.46 ± 102.63, tokens seen: 6089605120, grad norm: 0.7242
[iter 23240]loss: 3.0071, tokens/sec: 34156.46 ± 102.61, tokens seen: 6092226560, grad norm: 0.4713
[iter 23250]loss: 3.0679, tokens/sec: 34156.46 ± 102.59, tokens seen: 6094848000, grad norm: 0.4928
[iter 23260]loss: 2.8228, tokens/sec: 34156.46 ± 102.56, tokens seen: 6097469440, grad norm: 0.6225
[iter 23270]loss: 2.8009, tokens/sec: 34156.45 ± 102.56, tokens seen: 6100090880, grad norm: 0.6580
[iter 23280]loss: 3.0130, tokens/sec: 34156.45 ± 102.54, tokens seen: 6102712320, grad norm: 0.5017
[iter 23290]loss: 2.7796, tokens/sec: 34156.45 ± 102.51, tokens seen: 6105333760, grad norm: 0.5772
[iter 23300]loss: 3.0504, tokens/sec: 34156.43 ± 102.55, tokens seen: 6107955200, grad norm: 0.4811
[iter 23310]loss: 2.9411, tokens/sec: 34156.43 ± 102.53, tokens seen: 6110576640, grad norm: 0.5835
[iter 23320]loss: 2.7669, tokens/sec: 34156.43 ± 102.50, tokens seen: 6113198080, grad norm: 0.5473
[iter 23330]loss: 3.0760, tokens/sec: 34156.43 ± 102.48, tokens seen: 6115819520, grad norm: 0.7246
[iter 23340]loss: 2.5352, tokens/sec: 34156.43 ± 102.46, tokens seen: 6118440960, grad norm: 0.5766
[iter 23350]loss: 3.1091, tokens/sec: 34156.43 ± 102.44, tokens seen: 6121062400, grad norm: 0.5076
[iter 23360]loss: 2.7593, tokens/sec: 34156.43 ± 102.42, tokens seen: 6123683840, grad norm: 0.6513
[iter 23370]loss: 3.0989, tokens/sec: 34156.43 ± 102.40, tokens seen: 6126305280, grad norm: 0.6973
[iter 23380]loss: 3.0387, tokens/sec: 34156.43 ± 102.37, tokens seen: 6128926720, grad norm: 0.8973
[iter 23390]loss: 2.9471, tokens/sec: 34156.43 ± 102.35, tokens seen: 6131548160, grad norm: 0.6276
[iter 23400]loss: 2.9935, tokens/sec: 34156.43 ± 102.33, tokens seen: 6134169600, grad norm: 0.7534
[iter 23410]loss: 2.9557, tokens/sec: 34156.43 ± 102.31, tokens seen: 6136791040, grad norm: 0.5565
[iter 23420]loss: 2.5983, tokens/sec: 34156.43 ± 102.29, tokens seen: 6139412480, grad norm: 0.6295
[iter 23430]loss: 3.0662, tokens/sec: 34156.43 ± 102.27, tokens seen: 6142033920, grad norm: 0.5265
[iter 23440]loss: 2.9011, tokens/sec: 34156.43 ± 102.24, tokens seen: 6144655360, grad norm: 0.5568
[iter 23450]loss: 2.9232, tokens/sec: 34156.44 ± 102.22, tokens seen: 6147276800, grad norm: 0.5377
[iter 23460]loss: 2.9119, tokens/sec: 34156.43 ± 102.20, tokens seen: 6149898240, grad norm: 0.7707
[iter 23470]loss: 2.8921, tokens/sec: 34156.44 ± 102.18, tokens seen: 6152519680, grad norm: 0.7874
[iter 23480]loss: 3.1316, tokens/sec: 34156.44 ± 102.16, tokens seen: 6155141120, grad norm: 0.7126
[iter 23490]loss: 3.0662, tokens/sec: 34156.44 ± 102.14, tokens seen: 6157762560, grad norm: 0.8184
[step 23500]train loss: 2.9501, val loss: 2.9612, (avg train loss: 0.1834 ± 0.0089), (avg grad norm: 0.6547 ± 0.1438)
saving checkpoint to ./out-owt-large-mhc-lite-wsd-bs8-30000step
[iter 23500]loss: 2.8322, tokens/sec: 34156.45 ± 102.14, tokens seen: 6160384000, grad norm: 0.4972
[iter 23510]loss: 2.9851, tokens/sec: 34156.47 ± 102.12, tokens seen: 6163005440, grad norm: 0.7985
[iter 23520]loss: 3.0027, tokens/sec: 34156.48 ± 102.10, tokens seen: 6165626880, grad norm: 0.7139
[iter 23530]loss: 3.0990, tokens/sec: 34156.47 ± 102.08, tokens seen: 6168248320, grad norm: 0.5420
[iter 23540]loss: 2.9368, tokens/sec: 34156.47 ± 102.06, tokens seen: 6170869760, grad norm: 1.0679
[iter 23550]loss: 2.9015, tokens/sec: 34156.46 ± 102.04, tokens seen: 6173491200, grad norm: 0.6623
[iter 23560]loss: 2.8801, tokens/sec: 34156.46 ± 102.02, tokens seen: 6176112640, grad norm: 0.4764
[iter 23570]loss: 3.0352, tokens/sec: 34156.46 ± 102.00, tokens seen: 6178734080, grad norm: 0.5806
[iter 23580]loss: 2.6605, tokens/sec: 34156.46 ± 101.98, tokens seen: 6181355520, grad norm: 0.7493
[iter 23590]loss: 2.9916, tokens/sec: 34156.46 ± 101.96, tokens seen: 6183976960, grad norm: 0.7147
[iter 23600]loss: 3.0659, tokens/sec: 34156.46 ± 101.93, tokens seen: 6186598400, grad norm: 1.0375
[iter 23610]loss: 2.9945, tokens/sec: 34156.46 ± 101.91, tokens seen: 6189219840, grad norm: 1.1875
[iter 23620]loss: 2.8189, tokens/sec: 34156.45 ± 101.89, tokens seen: 6191841280, grad norm: 0.5820
[iter 23630]loss: 2.9558, tokens/sec: 34156.45 ± 101.87, tokens seen: 6194462720, grad norm: 0.9700
[iter 23640]loss: 3.1565, tokens/sec: 34156.45 ± 101.85, tokens seen: 6197084160, grad norm: 0.7857
[iter 23650]loss: 3.1252, tokens/sec: 34156.46 ± 101.83, tokens seen: 6199705600, grad norm: 0.7375
[iter 23660]loss: 3.0853, tokens/sec: 34156.45 ± 101.81, tokens seen: 6202327040, grad norm: 0.6018
[iter 23670]loss: 2.9721, tokens/sec: 34156.45 ± 101.79, tokens seen: 6204948480, grad norm: 0.6404
[iter 23680]loss: 2.8419, tokens/sec: 34156.45 ± 101.77, tokens seen: 6207569920, grad norm: 0.6723
[iter 23690]loss: 3.3949, tokens/sec: 34156.44 ± 101.75, tokens seen: 6210191360, grad norm: 0.4840
[iter 23700]loss: 2.9565, tokens/sec: 34156.44 ± 101.73, tokens seen: 6212812800, grad norm: 0.6841
[iter 23710]loss: 3.0303, tokens/sec: 34156.44 ± 101.71, tokens seen: 6215434240, grad norm: 0.5772
[iter 23720]loss: 2.9901, tokens/sec: 34156.44 ± 101.69, tokens seen: 6218055680, grad norm: 0.5861
[iter 23730]loss: 2.9450, tokens/sec: 34156.44 ± 101.67, tokens seen: 6220677120, grad norm: 0.5243
[iter 23740]loss: 3.1509, tokens/sec: 34156.44 ± 101.65, tokens seen: 6223298560, grad norm: 0.6824
[iter 23750]loss: 2.8792, tokens/sec: 34156.44 ± 101.63, tokens seen: 6225920000, grad norm: 0.5777
[iter 23760]loss: 3.1299, tokens/sec: 34156.44 ± 101.60, tokens seen: 6228541440, grad norm: 0.6019
[iter 23770]loss: 2.8674, tokens/sec: 34156.44 ± 101.58, tokens seen: 6231162880, grad norm: 0.6412
[iter 23780]loss: 3.2299, tokens/sec: 34156.45 ± 101.56, tokens seen: 6233784320, grad norm: 0.8739
[iter 23790]loss: 2.8447, tokens/sec: 34156.44 ± 101.54, tokens seen: 6236405760, grad norm: 1.1896
[iter 23800]loss: 2.9812, tokens/sec: 34156.45 ± 101.52, tokens seen: 6239027200, grad norm: 0.7845
[iter 23810]loss: 3.0443, tokens/sec: 34156.45 ± 101.50, tokens seen: 6241648640, grad norm: 0.6878
[iter 23820]loss: 3.0091, tokens/sec: 34156.45 ± 101.48, tokens seen: 6244270080, grad norm: 0.7632
[iter 23830]loss: 3.1608, tokens/sec: 34156.45 ± 101.46, tokens seen: 6246891520, grad norm: 0.9064
[iter 23840]loss: 2.9879, tokens/sec: 34156.45 ± 101.44, tokens seen: 6249512960, grad norm: 0.5262
[iter 23850]loss: 3.0589, tokens/sec: 34156.45 ± 101.41, tokens seen: 6252134400, grad norm: 0.8489
[iter 23860]loss: 2.9851, tokens/sec: 34156.45 ± 101.39, tokens seen: 6254755840, grad norm: 0.5830
[iter 23870]loss: 2.8354, tokens/sec: 34156.45 ± 101.37, tokens seen: 6257377280, grad norm: 0.7498
[iter 23880]loss: 3.1065, tokens/sec: 34156.45 ± 101.35, tokens seen: 6259998720, grad norm: 0.8799
[iter 23890]loss: 3.0442, tokens/sec: 34156.45 ± 101.33, tokens seen: 6262620160, grad norm: 0.5709
[iter 23900]loss: 2.8200, tokens/sec: 34156.45 ± 101.31, tokens seen: 6265241600, grad norm: 0.7824
[iter 23910]loss: 2.9866, tokens/sec: 34156.45 ± 101.29, tokens seen: 6267863040, grad norm: 0.5804
[iter 23920]loss: 2.8329, tokens/sec: 34156.45 ± 101.27, tokens seen: 6270484480, grad norm: 0.5634
[iter 23930]loss: 2.8571, tokens/sec: 34156.45 ± 101.25, tokens seen: 6273105920, grad norm: 0.7980
[iter 23940]loss: 2.6742, tokens/sec: 34156.45 ± 101.23, tokens seen: 6275727360, grad norm: 0.5309
[iter 23950]loss: 2.7502, tokens/sec: 34156.45 ± 101.20, tokens seen: 6278348800, grad norm: 0.6176
[iter 23960]loss: 3.0783, tokens/sec: 34156.44 ± 101.18, tokens seen: 6280970240, grad norm: 1.1376
[iter 23970]loss: 2.9342, tokens/sec: 34156.45 ± 101.16, tokens seen: 6283591680, grad norm: 0.7405
[iter 23980]loss: 2.9090, tokens/sec: 34156.45 ± 101.14, tokens seen: 6286213120, grad norm: 0.7406
[iter 23990]loss: 2.8347, tokens/sec: 34156.45 ± 101.12, tokens seen: 6288834560, grad norm: 0.7409
[step 24000]train loss: 2.9474, val loss: 2.9585, (avg train loss: 0.1847 ± 0.0077), (avg grad norm: 0.7171 ± 0.1676)
saving checkpoint to ./out-owt-large-mhc-lite-wsd-bs8-30000step
[iter 24000]loss: 2.8588, tokens/sec: 34156.46 ± 101.12, tokens seen: 6291456000, grad norm: 0.6500
[iter 24010]loss: 2.9603, tokens/sec: 34156.48 ± 101.11, tokens seen: 6294077440, grad norm: 0.6207
[iter 24020]loss: 3.0538, tokens/sec: 34156.48 ± 101.09, tokens seen: 6296698880, grad norm: 0.7560
[iter 24030]loss: 2.6916, tokens/sec: 34156.48 ± 101.06, tokens seen: 6299320320, grad norm: 1.2002
[iter 24040]loss: 2.8696, tokens/sec: 34156.48 ± 101.04, tokens seen: 6301941760, grad norm: 0.9081
[iter 24050]loss: 2.9977, tokens/sec: 34156.48 ± 101.02, tokens seen: 6304563200, grad norm: 0.5017
[iter 24060]loss: 2.9535, tokens/sec: 34156.48 ± 101.00, tokens seen: 6307184640, grad norm: 0.6301
[iter 24070]loss: 2.9159, tokens/sec: 34156.48 ± 100.98, tokens seen: 6309806080, grad norm: 0.8820
[iter 24080]loss: 2.9915, tokens/sec: 34156.48 ± 100.96, tokens seen: 6312427520, grad norm: 0.7131
[iter 24090]loss: 2.9149, tokens/sec: 34156.48 ± 100.94, tokens seen: 6315048960, grad norm: 0.8744
[iter 24100]loss: 2.6312, tokens/sec: 34156.48 ± 100.92, tokens seen: 6317670400, grad norm: 0.7495
[iter 24110]loss: 2.8799, tokens/sec: 34156.49 ± 100.90, tokens seen: 6320291840, grad norm: 1.2327
[iter 24120]loss: 2.9745, tokens/sec: 34156.49 ± 100.88, tokens seen: 6322913280, grad norm: 0.7347
[iter 24130]loss: 3.3530, tokens/sec: 34156.49 ± 100.86, tokens seen: 6325534720, grad norm: 0.7221
[iter 24140]loss: 2.7673, tokens/sec: 34156.49 ± 100.84, tokens seen: 6328156160, grad norm: 0.8601
[iter 24150]loss: 2.9708, tokens/sec: 34156.49 ± 100.82, tokens seen: 6330777600, grad norm: 1.0760
[iter 24160]loss: 2.7361, tokens/sec: 34156.49 ± 100.80, tokens seen: 6333399040, grad norm: 1.2991
[iter 24170]loss: 3.0515, tokens/sec: 34156.49 ± 100.77, tokens seen: 6336020480, grad norm: 0.9238
[iter 24180]loss: 3.0367, tokens/sec: 34156.49 ± 100.75, tokens seen: 6338641920, grad norm: 1.1356
[iter 24190]loss: 2.9111, tokens/sec: 34156.49 ± 100.73, tokens seen: 6341263360, grad norm: 0.7693
[iter 24200]loss: 2.8323, tokens/sec: 34156.49 ± 100.71, tokens seen: 6343884800, grad norm: 1.1430
[iter 24210]loss: 2.8855, tokens/sec: 34156.49 ± 100.69, tokens seen: 6346506240, grad norm: 0.5737
[iter 24220]loss: 3.0997, tokens/sec: 34156.49 ± 100.67, tokens seen: 6349127680, grad norm: 0.7745
[iter 24230]loss: 3.2004, tokens/sec: 34156.49 ± 100.65, tokens seen: 6351749120, grad norm: 1.4499
[iter 24240]loss: 2.8396, tokens/sec: 34156.50 ± 100.63, tokens seen: 6354370560, grad norm: 1.2276
[iter 24250]loss: 3.0038, tokens/sec: 34156.50 ± 100.61, tokens seen: 6356992000, grad norm: 0.7469
[iter 24260]loss: 3.0092, tokens/sec: 34156.50 ± 100.59, tokens seen: 6359613440, grad norm: 0.9529
[iter 24270]loss: 2.9523, tokens/sec: 34156.49 ± 100.57, tokens seen: 6362234880, grad norm: 1.1622
[iter 24280]loss: 2.9946, tokens/sec: 34156.49 ± 100.55, tokens seen: 6364856320, grad norm: 0.6522
[iter 24290]loss: 2.8170, tokens/sec: 34156.50 ± 100.53, tokens seen: 6367477760, grad norm: 0.5929
[iter 24300]loss: 3.0421, tokens/sec: 34156.50 ± 100.51, tokens seen: 6370099200, grad norm: 1.5386
[iter 24310]loss: 3.1255, tokens/sec: 34156.50 ± 100.49, tokens seen: 6372720640, grad norm: 1.1259
[iter 24320]loss: 2.7790, tokens/sec: 34156.50 ± 100.47, tokens seen: 6375342080, grad norm: 1.1128
[iter 24330]loss: 2.8109, tokens/sec: 34156.50 ± 100.45, tokens seen: 6377963520, grad norm: 2.4010
[iter 24340]loss: 3.1673, tokens/sec: 34156.51 ± 100.43, tokens seen: 6380584960, grad norm: 1.4392
[iter 24350]loss: 3.0857, tokens/sec: 34156.50 ± 100.41, tokens seen: 6383206400, grad norm: 1.4109
[iter 24360]loss: 2.9036, tokens/sec: 34156.51 ± 100.39, tokens seen: 6385827840, grad norm: 1.0978
[iter 24370]loss: 3.0986, tokens/sec: 34156.51 ± 100.37, tokens seen: 6388449280, grad norm: 1.9150
[iter 24380]loss: 2.7809, tokens/sec: 34156.51 ± 100.35, tokens seen: 6391070720, grad norm: 2.4564
[iter 24390]loss: 3.0277, tokens/sec: 34156.51 ± 100.32, tokens seen: 6393692160, grad norm: 1.4606
[iter 24400]loss: 3.0438, tokens/sec: 34156.51 ± 100.30, tokens seen: 6396313600, grad norm: 2.3897
[iter 24410]loss: 2.6362, tokens/sec: 34156.51 ± 100.28, tokens seen: 6398935040, grad norm: 2.3618
[iter 24420]loss: 2.9804, tokens/sec: 34156.51 ± 100.26, tokens seen: 6401556480, grad norm: 1.7305
[iter 24430]loss: 3.1446, tokens/sec: 34156.51 ± 100.24, tokens seen: 6404177920, grad norm: 5.4948
[iter 24440]loss: 3.1657, tokens/sec: 34156.51 ± 100.22, tokens seen: 6406799360, grad norm: 42.1622
[iter 24450]loss: 2.9837, tokens/sec: 34156.51 ± 100.20, tokens seen: 6409420800, grad norm: 3.5832
[iter 24460]loss: 2.6948, tokens/sec: 34156.51 ± 100.18, tokens seen: 6412042240, grad norm: 40.9224
[iter 24470]loss: 2.8415, tokens/sec: 34156.52 ± 100.16, tokens seen: 6414663680, grad norm: 17.5963
[iter 24480]loss: 3.5934, tokens/sec: 34156.52 ± 100.14, tokens seen: 6417285120, grad norm: 122.3635
[iter 24490]loss: 3.3307, tokens/sec: 34156.52 ± 100.12, tokens seen: 6419906560, grad norm: 25.7700
[step 24500]train loss: 3.4098, val loss: 3.4109, (avg train loss: 0.1894 ± 0.0119), (avg grad norm: 15.9060 ± 35.0150)
[iter 24500]loss: 3.3650, tokens/sec: 34156.53 ± 100.12, tokens seen: 6422528000, grad norm: 81.0907
[iter 24510]loss: 3.5383, tokens/sec: 34156.56 ± 100.11, tokens seen: 6425149440, grad norm: 115.8499
[iter 24520]loss: 3.2130, tokens/sec: 34156.56 ± 100.09, tokens seen: 6427770880, grad norm: 24.3762
[iter 24530]loss: 3.2976, tokens/sec: 34156.56 ± 100.07, tokens seen: 6430392320, grad norm: 20.8983
[iter 24540]loss: 3.3306, tokens/sec: 34156.56 ± 100.05, tokens seen: 6433013760, grad norm: 4.4206
[iter 24550]loss: 3.0254, tokens/sec: 34156.56 ± 100.03, tokens seen: 6435635200, grad norm: 5.7833
[iter 24560]loss: 3.3346, tokens/sec: 34156.56 ± 100.01, tokens seen: 6438256640, grad norm: 11.6172
[iter 24570]loss: 3.1503, tokens/sec: 34156.56 ± 99.99, tokens seen: 6440878080, grad norm: 20.2508
[iter 24580]loss: 3.2055, tokens/sec: 34156.56 ± 99.97, tokens seen: 6443499520, grad norm: 4.9959
[iter 24590]loss: 2.9900, tokens/sec: 34156.56 ± 99.95, tokens seen: 6446120960, grad norm: 5.4223
[iter 24600]loss: 3.1946, tokens/sec: 34156.56 ± 99.93, tokens seen: 6448742400, grad norm: 3.2706
[iter 24610]loss: 3.0548, tokens/sec: 34156.56 ± 99.91, tokens seen: 6451363840, grad norm: 3.6243
[iter 24620]loss: 3.1334, tokens/sec: 34156.56 ± 99.89, tokens seen: 6453985280, grad norm: 2.7221
[iter 24630]loss: 2.9301, tokens/sec: 34156.56 ± 99.87, tokens seen: 6456606720, grad norm: 3.7685
[iter 24640]loss: 2.9681, tokens/sec: 34156.56 ± 99.85, tokens seen: 6459228160, grad norm: 3.7845
[iter 24650]loss: 2.9642, tokens/sec: 34156.56 ± 99.83, tokens seen: 6461849600, grad norm: 11.4887
[iter 24660]loss: 3.0498, tokens/sec: 34156.56 ± 99.81, tokens seen: 6464471040, grad norm: 2.2703
[iter 24670]loss: 3.0624, tokens/sec: 34156.56 ± 99.79, tokens seen: 6467092480, grad norm: 3.3186
[iter 24680]loss: 3.1150, tokens/sec: 34156.56 ± 99.77, tokens seen: 6469713920, grad norm: 2.3640
[iter 24690]loss: 3.2090, tokens/sec: 34156.56 ± 99.75, tokens seen: 6472335360, grad norm: 2.9759
[iter 24700]loss: 2.9939, tokens/sec: 34156.56 ± 99.73, tokens seen: 6474956800, grad norm: 2.7332
[iter 24710]loss: 2.6627, tokens/sec: 34156.56 ± 99.71, tokens seen: 6477578240, grad norm: 1.9923
[iter 24720]loss: 3.2173, tokens/sec: 34156.56 ± 99.69, tokens seen: 6480199680, grad norm: 1.6618
[iter 24730]loss: 2.9445, tokens/sec: 34156.56 ± 99.67, tokens seen: 6482821120, grad norm: 1.5771
[iter 24740]loss: 3.1399, tokens/sec: 34156.56 ± 99.65, tokens seen: 6485442560, grad norm: 1.6324
[iter 24750]loss: 2.9586, tokens/sec: 34156.56 ± 99.63, tokens seen: 6488064000, grad norm: 2.0835
[iter 24760]loss: 3.3240, tokens/sec: 34156.56 ± 99.61, tokens seen: 6490685440, grad norm: 1.5218
[iter 24770]loss: 3.3470, tokens/sec: 34156.56 ± 99.59, tokens seen: 6493306880, grad norm: 3.2862
[iter 24780]loss: 2.8326, tokens/sec: 34156.56 ± 99.57, tokens seen: 6495928320, grad norm: 3.6645
[iter 24790]loss: 3.0201, tokens/sec: 34156.56 ± 99.55, tokens seen: 6498549760, grad norm: 1.8927
[iter 24800]loss: 2.8891, tokens/sec: 34156.56 ± 99.53, tokens seen: 6501171200, grad norm: 2.7085
[iter 24810]loss: 3.0183, tokens/sec: 34156.56 ± 99.51, tokens seen: 6503792640, grad norm: 2.6674
[iter 24820]loss: 2.8800, tokens/sec: 34156.56 ± 99.49, tokens seen: 6506414080, grad norm: 3.2948
[iter 24830]loss: 2.9847, tokens/sec: 34156.56 ± 99.47, tokens seen: 6509035520, grad norm: 1.4353
[iter 24840]loss: 2.9896, tokens/sec: 34156.56 ± 99.45, tokens seen: 6511656960, grad norm: 2.6752
[iter 24850]loss: 3.2647, tokens/sec: 34156.56 ± 99.43, tokens seen: 6514278400, grad norm: 6.5837
[iter 24860]loss: 3.0882, tokens/sec: 34156.56 ± 99.41, tokens seen: 6516899840, grad norm: 7.4222
[iter 24870]loss: 3.2452, tokens/sec: 34156.56 ± 99.39, tokens seen: 6519521280, grad norm: 6.2159
[iter 24880]loss: 2.9124, tokens/sec: 34156.56 ± 99.37, tokens seen: 6522142720, grad norm: 4.8746
[iter 24890]loss: 3.3002, tokens/sec: 34156.56 ± 99.35, tokens seen: 6524764160, grad norm: 27.5504
[iter 24900]loss: 2.9194, tokens/sec: 34156.56 ± 99.33, tokens seen: 6527385600, grad norm: 7.6233
[iter 24910]loss: 3.1818, tokens/sec: 34156.56 ± 99.31, tokens seen: 6530007040, grad norm: 5.2175
[iter 24920]loss: 3.0082, tokens/sec: 34156.56 ± 99.29, tokens seen: 6532628480, grad norm: 8.0633
[iter 24930]loss: 3.2411, tokens/sec: 34156.56 ± 99.27, tokens seen: 6535249920, grad norm: 6.0173
[iter 24940]loss: 2.9857, tokens/sec: 34156.56 ± 99.25, tokens seen: 6537871360, grad norm: 1.3949
[iter 24950]loss: 3.0880, tokens/sec: 34156.56 ± 99.23, tokens seen: 6540492800, grad norm: 4.0820
[iter 24960]loss: 3.1168, tokens/sec: 34156.56 ± 99.21, tokens seen: 6543114240, grad norm: 4.2922
[iter 24970]loss: 3.1878, tokens/sec: 34156.56 ± 99.19, tokens seen: 6545735680, grad norm: 6.9452
[iter 24980]loss: 2.9212, tokens/sec: 34156.56 ± 99.18, tokens seen: 6548357120, grad norm: 9.9651
[iter 24990]loss: 3.2268, tokens/sec: 34156.56 ± 99.16, tokens seen: 6550978560, grad norm: 7.9507
[step 25000]train loss: 3.0440, val loss: 3.0543, (avg train loss: 0.1903 ± 0.0083), (avg grad norm: 7.7427 ± 6.4118)
[iter 25000]loss: 2.8192, tokens/sec: 34156.57 ± 99.15, tokens seen: 6553600000, grad norm: 5.3337
[iter 25010]loss: 3.0689, tokens/sec: 34156.59 ± 99.14, tokens seen: 6556221440, grad norm: 1.7893
[iter 25020]loss: 3.1059, tokens/sec: 34156.60 ± 99.12, tokens seen: 6558842880, grad norm: 1.8116
[iter 25030]loss: 3.1543, tokens/sec: 34156.59 ± 99.10, tokens seen: 6561464320, grad norm: 3.3452
[iter 25040]loss: 3.2729, tokens/sec: 34156.59 ± 99.08, tokens seen: 6564085760, grad norm: 2.9945
[iter 25050]loss: 3.0493, tokens/sec: 34156.59 ± 99.06, tokens seen: 6566707200, grad norm: 4.2072
[iter 25060]loss: 3.2002, tokens/sec: 34156.59 ± 99.04, tokens seen: 6569328640, grad norm: 2.5805
[iter 25070]loss: 3.1740, tokens/sec: 34156.59 ± 99.02, tokens seen: 6571950080, grad norm: 3.7665
[iter 25080]loss: 3.0714, tokens/sec: 34156.59 ± 99.00, tokens seen: 6574571520, grad norm: 2.9801
[iter 25090]loss: 2.9964, tokens/sec: 34156.59 ± 98.98, tokens seen: 6577192960, grad norm: 2.1870
[iter 25100]loss: 2.8428, tokens/sec: 34156.58 ± 98.96, tokens seen: 6579814400, grad norm: 2.4148
[iter 25110]loss: 3.1859, tokens/sec: 34156.58 ± 98.94, tokens seen: 6582435840, grad norm: 4.5308
[iter 25120]loss: 2.8620, tokens/sec: 34156.58 ± 98.93, tokens seen: 6585057280, grad norm: 2.0781
[iter 25130]loss: 2.7720, tokens/sec: 34156.58 ± 98.91, tokens seen: 6587678720, grad norm: 2.3705
[iter 25140]loss: 3.1473, tokens/sec: 34156.58 ± 98.89, tokens seen: 6590300160, grad norm: 2.1492
[iter 25150]loss: 3.1008, tokens/sec: 34156.58 ± 98.87, tokens seen: 6592921600, grad norm: 1.3105
[iter 25160]loss: 3.0055, tokens/sec: 34156.58 ± 98.85, tokens seen: 6595543040, grad norm: 2.4004
[iter 25170]loss: 3.0327, tokens/sec: 34156.58 ± 98.83, tokens seen: 6598164480, grad norm: 21.4286
[iter 25180]loss: 3.0131, tokens/sec: 34156.58 ± 98.81, tokens seen: 6600785920, grad norm: 47.3229
[iter 25190]loss: 3.2251, tokens/sec: 34156.58 ± 98.79, tokens seen: 6603407360, grad norm: 12.8280
[iter 25200]loss: 3.0052, tokens/sec: 34156.58 ± 98.77, tokens seen: 6606028800, grad norm: 21.8147
[iter 25210]loss: 2.8848, tokens/sec: 34156.58 ± 98.75, tokens seen: 6608650240, grad norm: 46.1177
[iter 25220]loss: 2.9731, tokens/sec: 34156.58 ± 98.73, tokens seen: 6611271680, grad norm: 29.8262
[iter 25230]loss: 2.9007, tokens/sec: 34156.58 ± 98.71, tokens seen: 6613893120, grad norm: 23.8258
[iter 25240]loss: 3.2298, tokens/sec: 34156.58 ± 98.69, tokens seen: 6616514560, grad norm: 22.1389
[iter 25250]loss: 3.3329, tokens/sec: 34156.58 ± 98.68, tokens seen: 6619136000, grad norm: 4.9457
[iter 25260]loss: 3.0957, tokens/sec: 34156.58 ± 98.66, tokens seen: 6621757440, grad norm: 3.7792
[iter 25270]loss: 2.8954, tokens/sec: 34156.57 ± 98.64, tokens seen: 6624378880, grad norm: 3.4183
[iter 25280]loss: 3.0226, tokens/sec: 34156.57 ± 98.62, tokens seen: 6627000320, grad norm: 3.2037
[iter 25290]loss: 2.6320, tokens/sec: 34156.57 ± 98.60, tokens seen: 6629621760, grad norm: 3.9246
[iter 25300]loss: 3.1627, tokens/sec: 34156.57 ± 98.58, tokens seen: 6632243200, grad norm: 11.9830
[iter 25310]loss: 3.4779, tokens/sec: 34156.57 ± 98.56, tokens seen: 6634864640, grad norm: 48.0903
[iter 25320]loss: 3.1593, tokens/sec: 34156.57 ± 98.54, tokens seen: 6637486080, grad norm: 47.4350
[iter 25330]loss: 3.1733, tokens/sec: 34156.57 ± 98.52, tokens seen: 6640107520, grad norm: 47.1530
[iter 25340]loss: 3.2858, tokens/sec: 34156.57 ± 98.50, tokens seen: 6642728960, grad norm: 91.9064
[iter 25350]loss: 3.3303, tokens/sec: 34156.56 ± 98.48, tokens seen: 6645350400, grad norm: 39.7721
[iter 25360]loss: 3.1410, tokens/sec: 34156.56 ± 98.46, tokens seen: 6647971840, grad norm: 39.7058
[iter 25370]loss: 3.1652, tokens/sec: 34156.56 ± 98.44, tokens seen: 6650593280, grad norm: 59.2011
[iter 25380]loss: 2.9940, tokens/sec: 34156.56 ± 98.43, tokens seen: 6653214720, grad norm: 18.7042
[iter 25390]loss: 3.0908, tokens/sec: 34156.56 ± 98.41, tokens seen: 6655836160, grad norm: 35.3225
[iter 25400]loss: 3.3188, tokens/sec: 34156.56 ± 98.39, tokens seen: 6658457600, grad norm: 45.1886
[iter 25410]loss: 2.9871, tokens/sec: 34156.56 ± 98.37, tokens seen: 6661079040, grad norm: 22.9220
[iter 25420]loss: 2.9382, tokens/sec: 34156.56 ± 98.35, tokens seen: 6663700480, grad norm: 19.6752
[iter 25430]loss: 2.8257, tokens/sec: 34156.55 ± 98.33, tokens seen: 6666321920, grad norm: 17.4714
[iter 25440]loss: 2.9547, tokens/sec: 34156.55 ± 98.31, tokens seen: 6668943360, grad norm: 2.8229
[iter 25450]loss: 3.2014, tokens/sec: 34156.55 ± 98.29, tokens seen: 6671564800, grad norm: 4.5979
[iter 25460]loss: 3.1120, tokens/sec: 34156.55 ± 98.27, tokens seen: 6674186240, grad norm: 5.5574
[iter 25470]loss: 3.1252, tokens/sec: 34156.55 ± 98.25, tokens seen: 6676807680, grad norm: 5.8033
[iter 25480]loss: 3.0468, tokens/sec: 34156.55 ± 98.24, tokens seen: 6679429120, grad norm: 4.8392
[iter 25490]loss: 3.2772, tokens/sec: 34156.55 ± 98.22, tokens seen: 6682050560, grad norm: 3.2654
[step 25500]train loss: 3.0235, val loss: 3.0597, (avg train loss: 0.1929 ± 0.0094), (avg grad norm: 34.5978 ± 51.9244)
[iter 25500]loss: 2.7293, tokens/sec: 34156.56 ± 98.22, tokens seen: 6684672000, grad norm: 3.8002
[iter 25510]loss: 3.0321, tokens/sec: 34156.58 ± 98.20, tokens seen: 6687293440, grad norm: 5.9496
[iter 25520]loss: 2.8512, tokens/sec: 34156.58 ± 98.18, tokens seen: 6689914880, grad norm: 3.8021
[iter 25530]loss: 3.1196, tokens/sec: 34156.58 ± 98.16, tokens seen: 6692536320, grad norm: 2.8062
[iter 25540]loss: 2.9025, tokens/sec: 34156.58 ± 98.14, tokens seen: 6695157760, grad norm: 4.4113
[iter 25550]loss: 3.0950, tokens/sec: 34156.58 ± 98.13, tokens seen: 6697779200, grad norm: 8.0414
[iter 25560]loss: 3.0259, tokens/sec: 34156.58 ± 98.11, tokens seen: 6700400640, grad norm: 4.0477
[iter 25570]loss: 2.8109, tokens/sec: 34156.58 ± 98.09, tokens seen: 6703022080, grad norm: 1.5754
[iter 25580]loss: 3.1368, tokens/sec: 34156.58 ± 98.07, tokens seen: 6705643520, grad norm: 0.5325
[iter 25590]loss: 3.0398, tokens/sec: 34156.58 ± 98.05, tokens seen: 6708264960, grad norm: 0.6014
[iter 25600]loss: 3.3105, tokens/sec: 34156.58 ± 98.03, tokens seen: 6710886400, grad norm: 0.6153
[iter 25610]loss: 2.6999, tokens/sec: 34156.58 ± 98.01, tokens seen: 6713507840, grad norm: 1.1706
[iter 25620]loss: 3.2358, tokens/sec: 34156.58 ± 97.99, tokens seen: 6716129280, grad norm: 1.5019
[iter 25630]loss: 2.9288, tokens/sec: 34156.58 ± 97.98, tokens seen: 6718750720, grad norm: 0.8403
[iter 25640]loss: 2.9841, tokens/sec: 34156.58 ± 97.96, tokens seen: 6721372160, grad norm: 0.8768
[iter 25650]loss: 2.7336, tokens/sec: 34156.58 ± 97.94, tokens seen: 6723993600, grad norm: 0.8740
[iter 25660]loss: 3.0345, tokens/sec: 34156.58 ± 97.92, tokens seen: 6726615040, grad norm: 7.5061
[iter 25670]loss: 3.0374, tokens/sec: 34156.58 ± 97.90, tokens seen: 6729236480, grad norm: 0.7537
[iter 25680]loss: 2.8985, tokens/sec: 34156.58 ± 97.88, tokens seen: 6731857920, grad norm: 0.9371
[iter 25690]loss: 2.8892, tokens/sec: 34156.58 ± 97.86, tokens seen: 6734479360, grad norm: 1.3891
[iter 25700]loss: 3.0339, tokens/sec: 34156.58 ± 97.84, tokens seen: 6737100800, grad norm: 0.5828
[iter 25710]loss: 2.8366, tokens/sec: 34156.58 ± 97.83, tokens seen: 6739722240, grad norm: 0.9633
[iter 25720]loss: 3.0403, tokens/sec: 34156.58 ± 97.81, tokens seen: 6742343680, grad norm: 0.8300
[iter 25730]loss: 3.2309, tokens/sec: 34156.58 ± 97.79, tokens seen: 6744965120, grad norm: 1.4267
[iter 25740]loss: 3.1040, tokens/sec: 34156.58 ± 97.77, tokens seen: 6747586560, grad norm: 2.6623
[iter 25750]loss: 3.0586, tokens/sec: 34156.58 ± 97.75, tokens seen: 6750208000, grad norm: 1.8666
[iter 25760]loss: 2.8048, tokens/sec: 34156.58 ± 97.73, tokens seen: 6752829440, grad norm: 1.4514
[iter 25770]loss: 2.9850, tokens/sec: 34156.58 ± 97.71, tokens seen: 6755450880, grad norm: 1.4597
[iter 25780]loss: 2.9514, tokens/sec: 34156.58 ± 97.69, tokens seen: 6758072320, grad norm: 1.2790
[iter 25790]loss: 2.9346, tokens/sec: 34156.58 ± 97.68, tokens seen: 6760693760, grad norm: 0.7981
[iter 25800]loss: 3.0849, tokens/sec: 34156.58 ± 97.66, tokens seen: 6763315200, grad norm: 0.6634
[iter 25810]loss: 3.0916, tokens/sec: 34156.58 ± 97.64, tokens seen: 6765936640, grad norm: 2.1823
[iter 25820]loss: 3.0177, tokens/sec: 34156.58 ± 97.62, tokens seen: 6768558080, grad norm: 0.7574
[iter 25830]loss: 3.0779, tokens/sec: 34156.59 ± 97.60, tokens seen: 6771179520, grad norm: 0.6977
[iter 25840]loss: 3.1881, tokens/sec: 34156.59 ± 97.58, tokens seen: 6773800960, grad norm: 1.1265
[iter 25850]loss: 2.8678, tokens/sec: 34156.59 ± 97.56, tokens seen: 6776422400, grad norm: 1.6725
[iter 25860]loss: 3.0789, tokens/sec: 34156.59 ± 97.55, tokens seen: 6779043840, grad norm: 1.4816
[iter 25870]loss: 2.8459, tokens/sec: 34156.59 ± 97.53, tokens seen: 6781665280, grad norm: 0.8471
[iter 25880]loss: 2.9258, tokens/sec: 34156.59 ± 97.51, tokens seen: 6784286720, grad norm: 0.6699
[iter 25890]loss: 3.0462, tokens/sec: 34156.59 ± 97.49, tokens seen: 6786908160, grad norm: 0.8948
[iter 25900]loss: 2.8681, tokens/sec: 34156.59 ± 97.47, tokens seen: 6789529600, grad norm: 1.4123
[iter 25910]loss: 3.1996, tokens/sec: 34156.59 ± 97.45, tokens seen: 6792151040, grad norm: 1.0756
[iter 25920]loss: 3.0187, tokens/sec: 34156.59 ± 97.43, tokens seen: 6794772480, grad norm: 1.1965
[iter 25930]loss: 3.1638, tokens/sec: 34156.59 ± 97.42, tokens seen: 6797393920, grad norm: 0.5945
[iter 25940]loss: 2.7821, tokens/sec: 34156.59 ± 97.40, tokens seen: 6800015360, grad norm: 0.9314
[iter 25950]loss: 3.0039, tokens/sec: 34156.59 ± 97.38, tokens seen: 6802636800, grad norm: 1.0777
[iter 25960]loss: 2.9805, tokens/sec: 34156.59 ± 97.36, tokens seen: 6805258240, grad norm: 1.2825
[iter 25970]loss: 2.8077, tokens/sec: 34156.59 ± 97.34, tokens seen: 6807879680, grad norm: 1.3063
[iter 25980]loss: 3.1315, tokens/sec: 34156.59 ± 97.32, tokens seen: 6810501120, grad norm: 1.6161
[iter 25990]loss: 3.3371, tokens/sec: 34156.60 ± 97.30, tokens seen: 6813122560, grad norm: 1.4265
[step 26000]train loss: 2.9826, val loss: 3.0056, (avg train loss: 0.1860 ± 0.0089), (avg grad norm: 1.2442 ± 0.5735)
[iter 26000]loss: 2.8191, tokens/sec: 34156.61 ± 97.30, tokens seen: 6815744000, grad norm: 2.6141
[iter 26010]loss: 3.0959, tokens/sec: 34156.63 ± 97.29, tokens seen: 6818365440, grad norm: 1.8868
[iter 26020]loss: 3.0031, tokens/sec: 34156.62 ± 97.27, tokens seen: 6820986880, grad norm: 0.8916
[iter 26030]loss: 2.9833, tokens/sec: 34156.62 ± 97.25, tokens seen: 6823608320, grad norm: 0.6251
[iter 26040]loss: 2.8374, tokens/sec: 34156.62 ± 97.24, tokens seen: 6826229760, grad norm: 0.9399
[iter 26050]loss: 2.9634, tokens/sec: 34156.62 ± 97.22, tokens seen: 6828851200, grad norm: 0.5922
[iter 26060]loss: 3.1507, tokens/sec: 34156.62 ± 97.20, tokens seen: 6831472640, grad norm: 0.3812
[iter 26070]loss: 2.9674, tokens/sec: 34156.62 ± 97.18, tokens seen: 6834094080, grad norm: 0.4327
[iter 26080]loss: 3.0117, tokens/sec: 34156.62 ± 97.16, tokens seen: 6836715520, grad norm: 0.4087
[iter 26090]loss: 2.7508, tokens/sec: 34156.63 ± 97.15, tokens seen: 6839336960, grad norm: 0.3896
[iter 26100]loss: 2.9249, tokens/sec: 34156.63 ± 97.13, tokens seen: 6841958400, grad norm: 0.4936
[iter 26110]loss: 3.2553, tokens/sec: 34156.63 ± 97.11, tokens seen: 6844579840, grad norm: 0.4307
[iter 26120]loss: 2.7688, tokens/sec: 34156.63 ± 97.09, tokens seen: 6847201280, grad norm: 0.6419
[iter 26130]loss: 3.1335, tokens/sec: 34156.63 ± 97.07, tokens seen: 6849822720, grad norm: 0.7292
[iter 26140]loss: 3.0576, tokens/sec: 34156.63 ± 97.05, tokens seen: 6852444160, grad norm: 0.4992
[iter 26150]loss: 2.9313, tokens/sec: 34156.63 ± 97.04, tokens seen: 6855065600, grad norm: 0.3575
[iter 26160]loss: 3.0537, tokens/sec: 34156.63 ± 97.02, tokens seen: 6857687040, grad norm: 0.6001
[iter 26170]loss: 2.8359, tokens/sec: 34156.63 ± 97.00, tokens seen: 6860308480, grad norm: 0.6406
[iter 26180]loss: 2.7545, tokens/sec: 34156.64 ± 96.98, tokens seen: 6862929920, grad norm: 0.5306
[iter 26190]loss: 2.7904, tokens/sec: 34156.63 ± 96.96, tokens seen: 6865551360, grad norm: 0.3663
[iter 26200]loss: 2.9193, tokens/sec: 34156.64 ± 96.94, tokens seen: 6868172800, grad norm: 0.4806
[iter 26210]loss: 3.0567, tokens/sec: 34156.64 ± 96.93, tokens seen: 6870794240, grad norm: 0.4185
[iter 26220]loss: 2.9266, tokens/sec: 34156.63 ± 96.91, tokens seen: 6873415680, grad norm: 0.4943
[iter 26230]loss: 2.9127, tokens/sec: 34156.64 ± 96.89, tokens seen: 6876037120, grad norm: 0.4331
[iter 26240]loss: 3.0928, tokens/sec: 34156.64 ± 96.87, tokens seen: 6878658560, grad norm: 0.7885
[iter 26250]loss: 2.9917, tokens/sec: 34156.64 ± 96.85, tokens seen: 6881280000, grad norm: 0.4087
[iter 26260]loss: 2.9779, tokens/sec: 34156.64 ± 96.84, tokens seen: 6883901440, grad norm: 0.4577
[iter 26270]loss: 2.8847, tokens/sec: 34156.64 ± 96.82, tokens seen: 6886522880, grad norm: 0.3745
[iter 26280]loss: 3.1045, tokens/sec: 34156.64 ± 96.80, tokens seen: 6889144320, grad norm: 0.3509
[iter 26290]loss: 3.1323, tokens/sec: 34156.64 ± 96.78, tokens seen: 6891765760, grad norm: 0.3631
[iter 26300]loss: 3.2492, tokens/sec: 34156.64 ± 96.76, tokens seen: 6894387200, grad norm: 0.9613
[iter 26310]loss: 2.9015, tokens/sec: 34156.64 ± 96.74, tokens seen: 6897008640, grad norm: 0.3565
[iter 26320]loss: 2.9913, tokens/sec: 34156.64 ± 96.73, tokens seen: 6899630080, grad norm: 0.5258
[iter 26330]loss: 2.6584, tokens/sec: 34156.64 ± 96.71, tokens seen: 6902251520, grad norm: 0.4156
[iter 26340]loss: 2.6649, tokens/sec: 34156.64 ± 96.69, tokens seen: 6904872960, grad norm: 0.5448
[iter 26350]loss: 2.9817, tokens/sec: 34156.65 ± 96.67, tokens seen: 6907494400, grad norm: 0.8598
[iter 26360]loss: 3.0518, tokens/sec: 34156.65 ± 96.65, tokens seen: 6910115840, grad norm: 0.3353
[iter 26370]loss: 2.9418, tokens/sec: 34156.65 ± 96.64, tokens seen: 6912737280, grad norm: 0.4258
[iter 26380]loss: 3.0942, tokens/sec: 34156.65 ± 96.62, tokens seen: 6915358720, grad norm: 0.3724
[iter 26390]loss: 2.9004, tokens/sec: 34156.65 ± 96.60, tokens seen: 6917980160, grad norm: 0.9311
[iter 26400]loss: 3.0538, tokens/sec: 34156.65 ± 96.58, tokens seen: 6920601600, grad norm: 0.3942
[iter 26410]loss: 2.9128, tokens/sec: 34156.65 ± 96.56, tokens seen: 6923223040, grad norm: 0.3229
[iter 26420]loss: 2.7908, tokens/sec: 34156.65 ± 96.55, tokens seen: 6925844480, grad norm: 0.6147
[iter 26430]loss: 2.9035, tokens/sec: 34156.66 ± 96.53, tokens seen: 6928465920, grad norm: 0.5323
[iter 26440]loss: 2.7855, tokens/sec: 34156.66 ± 96.51, tokens seen: 6931087360, grad norm: 0.5050
[iter 26450]loss: 2.8878, tokens/sec: 34156.66 ± 96.49, tokens seen: 6933708800, grad norm: 0.4555
[iter 26460]loss: 2.9530, tokens/sec: 34156.66 ± 96.47, tokens seen: 6936330240, grad norm: 0.3713
[iter 26470]loss: 2.8916, tokens/sec: 34156.66 ± 96.46, tokens seen: 6938951680, grad norm: 0.4394
[iter 26480]loss: 2.8184, tokens/sec: 34156.66 ± 96.44, tokens seen: 6941573120, grad norm: 0.6765
[iter 26490]loss: 2.9678, tokens/sec: 34156.66 ± 96.42, tokens seen: 6944194560, grad norm: 0.3859
[step 26500]train loss: 2.9491, val loss: 2.9532, (avg train loss: 0.1843 ± 0.0093), (avg grad norm: 0.5007 ± 0.1396)
saving checkpoint to ./out-owt-large-mhc-lite-wsd-bs8-30000step
[iter 26500]loss: 2.8724, tokens/sec: 34156.68 ± 96.42, tokens seen: 6946816000, grad norm: 0.3866
[iter 26510]loss: 2.7544, tokens/sec: 34156.70 ± 96.41, tokens seen: 6949437440, grad norm: 0.4217
[iter 26520]loss: 2.9878, tokens/sec: 34156.70 ± 96.39, tokens seen: 6952058880, grad norm: 0.4257
[iter 26530]loss: 2.7620, tokens/sec: 34156.70 ± 96.37, tokens seen: 6954680320, grad norm: 0.9243
[iter 26540]loss: 2.9229, tokens/sec: 34156.70 ± 96.36, tokens seen: 6957301760, grad norm: 1.8037
[iter 26550]loss: 2.8652, tokens/sec: 34156.70 ± 96.34, tokens seen: 6959923200, grad norm: 1.1942
[iter 26560]loss: 2.9351, tokens/sec: 34156.70 ± 96.32, tokens seen: 6962544640, grad norm: 1.6735
[iter 26570]loss: 3.0921, tokens/sec: 34156.70 ± 96.30, tokens seen: 6965166080, grad norm: 2.4687
[iter 26580]loss: 3.2047, tokens/sec: 34156.70 ± 96.28, tokens seen: 6967787520, grad norm: 11.6089
[iter 26590]loss: 2.8532, tokens/sec: 34156.71 ± 96.27, tokens seen: 6970408960, grad norm: 2.0210
[iter 26600]loss: 3.1184, tokens/sec: 34156.71 ± 96.25, tokens seen: 6973030400, grad norm: 2.8133
[iter 26610]loss: 3.1572, tokens/sec: 34156.71 ± 96.23, tokens seen: 6975651840, grad norm: 16.8115
[iter 26620]loss: 2.8835, tokens/sec: 34156.71 ± 96.21, tokens seen: 6978273280, grad norm: 14.7506
[iter 26630]loss: 2.7807, tokens/sec: 34156.71 ± 96.20, tokens seen: 6980894720, grad norm: 10.5180
[iter 26640]loss: 2.7133, tokens/sec: 34156.71 ± 96.18, tokens seen: 6983516160, grad norm: 30.2604
[iter 26650]loss: 3.1807, tokens/sec: 34156.72 ± 96.16, tokens seen: 6986137600, grad norm: 33.3062
[iter 26660]loss: 2.9253, tokens/sec: 34156.72 ± 96.14, tokens seen: 6988759040, grad norm: 8.5260
[iter 26670]loss: 2.9610, tokens/sec: 34156.72 ± 96.12, tokens seen: 6991380480, grad norm: 14.3622
[iter 26680]loss: 2.7193, tokens/sec: 34156.72 ± 96.11, tokens seen: 6994001920, grad norm: 8.3661
[iter 26690]loss: 3.0956, tokens/sec: 34156.72 ± 96.09, tokens seen: 6996623360, grad norm: 12.9303
[iter 26700]loss: 2.7986, tokens/sec: 34156.72 ± 96.07, tokens seen: 6999244800, grad norm: 2.4445
[iter 26710]loss: 3.0213, tokens/sec: 34156.72 ± 96.05, tokens seen: 7001866240, grad norm: 9.4352
[iter 26720]loss: 2.9440, tokens/sec: 34156.73 ± 96.04, tokens seen: 7004487680, grad norm: 22.5632
[iter 26730]loss: 2.9053, tokens/sec: 34156.73 ± 96.02, tokens seen: 7007109120, grad norm: 22.4803
[iter 26740]loss: 2.9821, tokens/sec: 34156.73 ± 96.00, tokens seen: 7009730560, grad norm: 63.1242
[iter 26750]loss: 3.0384, tokens/sec: 34156.73 ± 95.98, tokens seen: 7012352000, grad norm: 17.7187
[iter 26760]loss: 2.8332, tokens/sec: 34156.73 ± 95.97, tokens seen: 7014973440, grad norm: 7.5380
[iter 26770]loss: 2.9015, tokens/sec: 34156.73 ± 95.95, tokens seen: 7017594880, grad norm: 3.2618
[iter 26780]loss: 2.8331, tokens/sec: 34156.73 ± 95.93, tokens seen: 7020216320, grad norm: 2.3463
[iter 26790]loss: 3.0463, tokens/sec: 34156.73 ± 95.91, tokens seen: 7022837760, grad norm: 5.8581
[iter 26800]loss: 2.9988, tokens/sec: 34156.74 ± 95.89, tokens seen: 7025459200, grad norm: 2.5998
[iter 26810]loss: 2.9216, tokens/sec: 34156.73 ± 95.88, tokens seen: 7028080640, grad norm: 2.6629
[iter 26820]loss: 3.0753, tokens/sec: 34156.73 ± 95.86, tokens seen: 7030702080, grad norm: 9.1895
[iter 26830]loss: 3.1562, tokens/sec: 34156.73 ± 95.84, tokens seen: 7033323520, grad norm: 19.2111
[iter 26840]loss: 3.2296, tokens/sec: 34156.73 ± 95.82, tokens seen: 7035944960, grad norm: 10.3223
[iter 26850]loss: 3.1442, tokens/sec: 34156.74 ± 95.81, tokens seen: 7038566400, grad norm: 2.3000
[iter 26860]loss: 3.0063, tokens/sec: 34156.74 ± 95.79, tokens seen: 7041187840, grad norm: 2.2614
[iter 26870]loss: 3.0403, tokens/sec: 34156.74 ± 95.77, tokens seen: 7043809280, grad norm: 1.6757
[iter 26880]loss: 3.0541, tokens/sec: 34156.74 ± 95.75, tokens seen: 7046430720, grad norm: 4.9268
[iter 26890]loss: 2.9452, tokens/sec: 34156.74 ± 95.74, tokens seen: 7049052160, grad norm: 2.4508
[iter 26900]loss: 2.9580, tokens/sec: 34156.74 ± 95.72, tokens seen: 7051673600, grad norm: 1.7988
[iter 26910]loss: 3.0303, tokens/sec: 34156.74 ± 95.70, tokens seen: 7054295040, grad norm: 1.9944
[iter 26920]loss: 3.0017, tokens/sec: 34156.74 ± 95.68, tokens seen: 7056916480, grad norm: 3.5350
[iter 26930]loss: 2.9947, tokens/sec: 34156.74 ± 95.67, tokens seen: 7059537920, grad norm: 5.7900
[iter 26940]loss: 2.9074, tokens/sec: 34156.74 ± 95.65, tokens seen: 7062159360, grad norm: 2.2168
[iter 26950]loss: 2.8624, tokens/sec: 34156.74 ± 95.63, tokens seen: 7064780800, grad norm: 3.6206
[iter 26960]loss: 3.1185, tokens/sec: 34156.75 ± 95.62, tokens seen: 7067402240, grad norm: 3.6074
[iter 26970]loss: 2.8188, tokens/sec: 34156.75 ± 95.60, tokens seen: 7070023680, grad norm: 1.5427
[iter 26980]loss: 2.8957, tokens/sec: 34156.75 ± 95.58, tokens seen: 7072645120, grad norm: 1.9139
[iter 26990]loss: 3.0243, tokens/sec: 34156.75 ± 95.56, tokens seen: 7075266560, grad norm: 2.7543
[step 27000]train loss: 2.9771, val loss: 2.9816, (avg train loss: 0.1860 ± 0.0081), (avg grad norm: 5.7732 ± 12.9905)
[iter 27000]loss: 3.1582, tokens/sec: 34156.76 ± 95.56, tokens seen: 7077888000, grad norm: 1.8697
[iter 27010]loss: 2.9661, tokens/sec: 34156.78 ± 95.55, tokens seen: 7080509440, grad norm: 3.8760
[iter 27020]loss: 2.8210, tokens/sec: 34156.78 ± 95.53, tokens seen: 7083130880, grad norm: 4.0984
[iter 27030]loss: 3.0105, tokens/sec: 34156.77 ± 95.51, tokens seen: 7085752320, grad norm: 1.7726
[iter 27040]loss: 2.9344, tokens/sec: 34156.77 ± 95.50, tokens seen: 7088373760, grad norm: 2.9172
[iter 27050]loss: 2.6732, tokens/sec: 34156.77 ± 95.48, tokens seen: 7090995200, grad norm: 2.1172
[iter 27060]loss: 3.0516, tokens/sec: 34156.78 ± 95.46, tokens seen: 7093616640, grad norm: 2.5391
[iter 27070]loss: 3.0370, tokens/sec: 34156.77 ± 95.45, tokens seen: 7096238080, grad norm: 8.5364
[iter 27080]loss: 2.9440, tokens/sec: 34156.78 ± 95.43, tokens seen: 7098859520, grad norm: 5.7733
[iter 27090]loss: 2.7939, tokens/sec: 34156.78 ± 95.41, tokens seen: 7101480960, grad norm: 2.6883
[iter 27100]loss: 2.6840, tokens/sec: 34156.77 ± 95.39, tokens seen: 7104102400, grad norm: 2.0581
[iter 27110]loss: 3.0847, tokens/sec: 34156.78 ± 95.38, tokens seen: 7106723840, grad norm: 1.9987
[iter 27120]loss: 2.9844, tokens/sec: 34156.77 ± 95.36, tokens seen: 7109345280, grad norm: 5.8345
[iter 27130]loss: 3.0305, tokens/sec: 34156.77 ± 95.34, tokens seen: 7111966720, grad norm: 13.0237
[iter 27140]loss: 3.0141, tokens/sec: 34156.77 ± 95.32, tokens seen: 7114588160, grad norm: 13.7009
[iter 27150]loss: 2.8819, tokens/sec: 34156.78 ± 95.31, tokens seen: 7117209600, grad norm: 30.6939
[iter 27160]loss: 3.2281, tokens/sec: 34156.78 ± 95.29, tokens seen: 7119831040, grad norm: 4.9527
[iter 27170]loss: 2.6380, tokens/sec: 34156.78 ± 95.27, tokens seen: 7122452480, grad norm: 5.7445
[iter 27180]loss: 2.8740, tokens/sec: 34156.78 ± 95.26, tokens seen: 7125073920, grad norm: 4.7952
[iter 27190]loss: 3.1752, tokens/sec: 34156.78 ± 95.24, tokens seen: 7127695360, grad norm: 3.3767
[iter 27200]loss: 2.8448, tokens/sec: 34156.78 ± 95.22, tokens seen: 7130316800, grad norm: 10.1562
[iter 27210]loss: 3.0696, tokens/sec: 34156.78 ± 95.20, tokens seen: 7132938240, grad norm: 11.8927
[iter 27220]loss: 3.0063, tokens/sec: 34156.78 ± 95.19, tokens seen: 7135559680, grad norm: 15.9531
[iter 27230]loss: 2.7578, tokens/sec: 34156.78 ± 95.17, tokens seen: 7138181120, grad norm: 5.1403
[iter 27240]loss: 2.9926, tokens/sec: 34156.78 ± 95.15, tokens seen: 7140802560, grad norm: 6.3385
[iter 27250]loss: 3.0141, tokens/sec: 34156.78 ± 95.13, tokens seen: 7143424000, grad norm: 9.5583
[iter 27260]loss: 2.8818, tokens/sec: 34156.78 ± 95.12, tokens seen: 7146045440, grad norm: 5.3717
[iter 27270]loss: 3.0705, tokens/sec: 34156.78 ± 95.10, tokens seen: 7148666880, grad norm: 3.9004
[iter 27280]loss: 2.9078, tokens/sec: 34156.78 ± 95.08, tokens seen: 7151288320, grad norm: 3.3629
[iter 27290]loss: 2.9177, tokens/sec: 34156.78 ± 95.07, tokens seen: 7153909760, grad norm: 4.1099
[iter 27300]loss: 3.1141, tokens/sec: 34156.78 ± 95.05, tokens seen: 7156531200, grad norm: 3.8690
[iter 27310]loss: 2.9319, tokens/sec: 34156.78 ± 95.03, tokens seen: 7159152640, grad norm: 3.0204
[iter 27320]loss: 2.9632, tokens/sec: 34156.78 ± 95.01, tokens seen: 7161774080, grad norm: 5.4553
[iter 27330]loss: 3.0743, tokens/sec: 34156.78 ± 95.00, tokens seen: 7164395520, grad norm: 10.8376
[iter 27340]loss: 2.7512, tokens/sec: 34156.78 ± 94.98, tokens seen: 7167016960, grad norm: 17.8771
[iter 27350]loss: 3.1748, tokens/sec: 34156.78 ± 94.96, tokens seen: 7169638400, grad norm: 4.0802
[iter 27360]loss: 2.9605, tokens/sec: 34156.78 ± 94.95, tokens seen: 7172259840, grad norm: 9.9017
[iter 27370]loss: 2.5731, tokens/sec: 34156.78 ± 94.93, tokens seen: 7174881280, grad norm: 5.1098
[iter 27380]loss: 2.8674, tokens/sec: 34156.78 ± 94.91, tokens seen: 7177502720, grad norm: 3.5796
[iter 27390]loss: 3.3050, tokens/sec: 34156.78 ± 94.89, tokens seen: 7180124160, grad norm: 2.8530
[iter 27400]loss: 2.9926, tokens/sec: 34156.78 ± 94.88, tokens seen: 7182745600, grad norm: 3.6157
[iter 27410]loss: 3.0781, tokens/sec: 34156.78 ± 94.86, tokens seen: 7185367040, grad norm: 4.3454
[iter 27420]loss: 3.0877, tokens/sec: 34156.78 ± 94.84, tokens seen: 7187988480, grad norm: 10.2742
[iter 27430]loss: 3.0291, tokens/sec: 34156.78 ± 94.83, tokens seen: 7190609920, grad norm: 6.6840
[iter 27440]loss: 2.9782, tokens/sec: 34156.78 ± 94.81, tokens seen: 7193231360, grad norm: 6.3292
[iter 27450]loss: 2.6899, tokens/sec: 34156.78 ± 94.79, tokens seen: 7195852800, grad norm: 8.4512
[iter 27460]loss: 2.9620, tokens/sec: 34156.78 ± 94.78, tokens seen: 7198474240, grad norm: 5.5915
[iter 27470]loss: 2.9423, tokens/sec: 34156.78 ± 94.76, tokens seen: 7201095680, grad norm: 5.3416
[iter 27480]loss: 2.8536, tokens/sec: 34156.79 ± 94.74, tokens seen: 7203717120, grad norm: 5.3994
[iter 27490]loss: 3.0202, tokens/sec: 34156.79 ± 94.72, tokens seen: 7206338560, grad norm: 4.5311
[step 27500]train loss: 2.9623, val loss: 2.9787, (avg train loss: 0.1856 ± 0.0078), (avg grad norm: 5.7682 ± 3.0085)
[iter 27500]loss: 3.2836, tokens/sec: 34156.80 ± 94.72, tokens seen: 7208960000, grad norm: 4.1066
[iter 27510]loss: 2.8517, tokens/sec: 34156.82 ± 94.71, tokens seen: 7211581440, grad norm: 9.7360
[iter 27520]loss: 3.0948, tokens/sec: 34156.82 ± 94.70, tokens seen: 7214202880, grad norm: 12.8585
[iter 27530]loss: 3.0760, tokens/sec: 34156.81 ± 94.68, tokens seen: 7216824320, grad norm: 9.1086
[iter 27540]loss: 2.9147, tokens/sec: 34156.81 ± 94.66, tokens seen: 7219445760, grad norm: 4.7824
[iter 27550]loss: 2.8990, tokens/sec: 34156.81 ± 94.65, tokens seen: 7222067200, grad norm: 8.7223
[iter 27560]loss: 2.7628, tokens/sec: 34156.81 ± 94.63, tokens seen: 7224688640, grad norm: 22.5891
[iter 27570]loss: 2.9350, tokens/sec: 34156.81 ± 94.61, tokens seen: 7227310080, grad norm: 5.5679
[iter 27580]loss: 2.9133, tokens/sec: 34156.81 ± 94.59, tokens seen: 7229931520, grad norm: 11.2945
[iter 27590]loss: 2.9488, tokens/sec: 34156.81 ± 94.58, tokens seen: 7232552960, grad norm: 8.4218
[iter 27600]loss: 2.8915, tokens/sec: 34156.81 ± 94.56, tokens seen: 7235174400, grad norm: 4.4670
[iter 27610]loss: 3.0080, tokens/sec: 34156.81 ± 94.54, tokens seen: 7237795840, grad norm: 4.4482
[iter 27620]loss: 3.0873, tokens/sec: 34156.81 ± 94.53, tokens seen: 7240417280, grad norm: 10.3100
[iter 27630]loss: 2.9743, tokens/sec: 34156.81 ± 94.51, tokens seen: 7243038720, grad norm: 5.2553
[iter 27640]loss: 3.0851, tokens/sec: 34156.81 ± 94.49, tokens seen: 7245660160, grad norm: 6.4581
[iter 27650]loss: 3.0842, tokens/sec: 34156.81 ± 94.48, tokens seen: 7248281600, grad norm: 4.4155
[iter 27660]loss: 3.0579, tokens/sec: 34156.81 ± 94.46, tokens seen: 7250903040, grad norm: 3.6111
[iter 27670]loss: 2.9860, tokens/sec: 34156.82 ± 94.44, tokens seen: 7253524480, grad norm: 4.0925
[iter 27680]loss: 2.7868, tokens/sec: 34156.82 ± 94.43, tokens seen: 7256145920, grad norm: 1.6282
[iter 27690]loss: 2.8978, tokens/sec: 34156.82 ± 94.41, tokens seen: 7258767360, grad norm: 4.1618
[iter 27700]loss: 3.2363, tokens/sec: 34156.82 ± 94.39, tokens seen: 7261388800, grad norm: 2.1267
[iter 27710]loss: 3.0818, tokens/sec: 34156.82 ± 94.38, tokens seen: 7264010240, grad norm: 1.4637
[iter 27720]loss: 2.9867, tokens/sec: 34156.82 ± 94.36, tokens seen: 7266631680, grad norm: 1.7612
[iter 27730]loss: 2.8321, tokens/sec: 34156.82 ± 94.34, tokens seen: 7269253120, grad norm: 1.2628
[iter 27740]loss: 2.8348, tokens/sec: 34156.82 ± 94.33, tokens seen: 7271874560, grad norm: 2.4328
[iter 27750]loss: 3.0108, tokens/sec: 34156.82 ± 94.31, tokens seen: 7274496000, grad norm: 3.0351
[iter 27760]loss: 2.7696, tokens/sec: 34156.82 ± 94.29, tokens seen: 7277117440, grad norm: 4.8047
[iter 27770]loss: 2.9301, tokens/sec: 34156.82 ± 94.28, tokens seen: 7279738880, grad norm: 2.5140
[iter 27780]loss: 2.9013, tokens/sec: 34156.82 ± 94.26, tokens seen: 7282360320, grad norm: 3.9525
[iter 27790]loss: 2.8835, tokens/sec: 34156.82 ± 94.24, tokens seen: 7284981760, grad norm: 13.7779
[iter 27800]loss: 2.9571, tokens/sec: 34156.82 ± 94.23, tokens seen: 7287603200, grad norm: 5.3491
[iter 27810]loss: 2.6968, tokens/sec: 34156.82 ± 94.21, tokens seen: 7290224640, grad norm: 5.4155
[iter 27820]loss: 2.9249, tokens/sec: 34156.82 ± 94.19, tokens seen: 7292846080, grad norm: 10.2639
[iter 27830]loss: 2.9024, tokens/sec: 34156.82 ± 94.18, tokens seen: 7295467520, grad norm: 12.3513
[iter 27840]loss: 2.8060, tokens/sec: 34156.82 ± 94.16, tokens seen: 7298088960, grad norm: 5.4180
[iter 27850]loss: 3.0345, tokens/sec: 34156.82 ± 94.14, tokens seen: 7300710400, grad norm: 5.1763
[iter 27860]loss: 2.8324, tokens/sec: 34156.82 ± 94.13, tokens seen: 7303331840, grad norm: 9.6937
[iter 27870]loss: 2.8745, tokens/sec: 34156.82 ± 94.11, tokens seen: 7305953280, grad norm: 8.0010
[iter 27880]loss: 2.8563, tokens/sec: 34156.82 ± 94.09, tokens seen: 7308574720, grad norm: 10.7959
[iter 27890]loss: 2.9266, tokens/sec: 34156.82 ± 94.08, tokens seen: 7311196160, grad norm: 8.3806
[iter 27900]loss: 3.0283, tokens/sec: 34156.82 ± 94.06, tokens seen: 7313817600, grad norm: 6.3881
[iter 27910]loss: 2.8526, tokens/sec: 34156.82 ± 94.04, tokens seen: 7316439040, grad norm: 5.3541
[iter 27920]loss: 3.0255, tokens/sec: 34156.82 ± 94.03, tokens seen: 7319060480, grad norm: 3.0715
[iter 27930]loss: 2.9982, tokens/sec: 34156.82 ± 94.01, tokens seen: 7321681920, grad norm: 5.0112
[iter 27940]loss: 2.8726, tokens/sec: 34156.83 ± 93.99, tokens seen: 7324303360, grad norm: 3.0249
[iter 27950]loss: 2.8515, tokens/sec: 34156.83 ± 93.98, tokens seen: 7326924800, grad norm: 3.2919
[iter 27960]loss: 2.8823, tokens/sec: 34156.83 ± 93.96, tokens seen: 7329546240, grad norm: 2.6318
[iter 27970]loss: 3.0642, tokens/sec: 34156.83 ± 93.94, tokens seen: 7332167680, grad norm: 4.3638
[iter 27980]loss: 2.7814, tokens/sec: 34156.83 ± 93.93, tokens seen: 7334789120, grad norm: 3.3388
[iter 27990]loss: 2.9582, tokens/sec: 34156.83 ± 93.91, tokens seen: 7337410560, grad norm: 2.3147
[step 28000]train loss: 2.9510, val loss: 2.9518, (avg train loss: 0.1839 ± 0.0087), (avg grad norm: 5.9605 ± 3.1539)
saving checkpoint to ./out-owt-large-mhc-lite-wsd-bs8-30000step
[iter 28000]loss: 3.0583, tokens/sec: 34156.84 ± 93.91, tokens seen: 7340032000, grad norm: 2.4876
[iter 28010]loss: 2.9084, tokens/sec: 34156.86 ± 93.90, tokens seen: 7342653440, grad norm: 2.5951
[iter 28020]loss: 2.7107, tokens/sec: 34156.86 ± 93.89, tokens seen: 7345274880, grad norm: 4.3837
[iter 28030]loss: 2.9848, tokens/sec: 34156.86 ± 93.87, tokens seen: 7347896320, grad norm: 3.3081
[iter 28040]loss: 3.0395, tokens/sec: 34156.85 ± 93.85, tokens seen: 7350517760, grad norm: 3.4436
[iter 28050]loss: 2.9722, tokens/sec: 34156.86 ± 93.84, tokens seen: 7353139200, grad norm: 4.3930
[iter 28060]loss: 3.1293, tokens/sec: 34156.86 ± 93.82, tokens seen: 7355760640, grad norm: 3.4372
[iter 28070]loss: 3.0581, tokens/sec: 34156.86 ± 93.80, tokens seen: 7358382080, grad norm: 3.5155
[iter 28080]loss: 3.0239, tokens/sec: 34156.85 ± 93.79, tokens seen: 7361003520, grad norm: 11.4436
[iter 28090]loss: 2.8818, tokens/sec: 34156.86 ± 93.77, tokens seen: 7363624960, grad norm: 5.4687
[iter 28100]loss: 2.8619, tokens/sec: 34156.85 ± 93.76, tokens seen: 7366246400, grad norm: 3.0533
[iter 28110]loss: 3.0024, tokens/sec: 34156.85 ± 93.74, tokens seen: 7368867840, grad norm: 3.7714
[iter 28120]loss: 2.9805, tokens/sec: 34156.85 ± 93.72, tokens seen: 7371489280, grad norm: 13.8809
[iter 28130]loss: 2.8080, tokens/sec: 34156.85 ± 93.71, tokens seen: 7374110720, grad norm: 2.5310
[iter 28140]loss: 2.8549, tokens/sec: 34156.85 ± 93.69, tokens seen: 7376732160, grad norm: 4.1487
[iter 28150]loss: 3.1127, tokens/sec: 34156.85 ± 93.67, tokens seen: 7379353600, grad norm: 8.4272
[iter 28160]loss: 2.9893, tokens/sec: 34156.85 ± 93.66, tokens seen: 7381975040, grad norm: 3.4096
[iter 28170]loss: 2.8124, tokens/sec: 34156.86 ± 93.64, tokens seen: 7384596480, grad norm: 4.0426
[iter 28180]loss: 3.1981, tokens/sec: 34156.86 ± 93.62, tokens seen: 7387217920, grad norm: 2.7533
[iter 28190]loss: 2.8191, tokens/sec: 34156.86 ± 93.61, tokens seen: 7389839360, grad norm: 3.0996
[iter 28200]loss: 3.0613, tokens/sec: 34156.86 ± 93.59, tokens seen: 7392460800, grad norm: 3.0742
[iter 28210]loss: 2.7656, tokens/sec: 34156.86 ± 93.58, tokens seen: 7395082240, grad norm: 4.1561
[iter 28220]loss: 2.9213, tokens/sec: 34156.86 ± 93.56, tokens seen: 7397703680, grad norm: 10.8891
[iter 28230]loss: 2.9586, tokens/sec: 34156.86 ± 93.54, tokens seen: 7400325120, grad norm: 3.6196
[iter 28240]loss: 2.8779, tokens/sec: 34156.86 ± 93.53, tokens seen: 7402946560, grad norm: 4.6319
[iter 28250]loss: 2.9234, tokens/sec: 34156.86 ± 93.51, tokens seen: 7405568000, grad norm: 4.0304
[iter 28260]loss: 3.1160, tokens/sec: 34156.86 ± 93.49, tokens seen: 7408189440, grad norm: 3.5404
[iter 28270]loss: 2.8017, tokens/sec: 34156.86 ± 93.48, tokens seen: 7410810880, grad norm: 5.3011
[iter 28280]loss: 3.1851, tokens/sec: 34156.86 ± 93.46, tokens seen: 7413432320, grad norm: 5.2145
[iter 28290]loss: 2.7450, tokens/sec: 34156.86 ± 93.44, tokens seen: 7416053760, grad norm: 7.1376
[iter 28300]loss: 2.9205, tokens/sec: 34156.86 ± 93.43, tokens seen: 7418675200, grad norm: 3.4379
[iter 28310]loss: 2.6603, tokens/sec: 34156.86 ± 93.41, tokens seen: 7421296640, grad norm: 4.3443
[iter 28320]loss: 2.9635, tokens/sec: 34156.86 ± 93.40, tokens seen: 7423918080, grad norm: 4.9222
[iter 28330]loss: 2.8096, tokens/sec: 34156.86 ± 93.38, tokens seen: 7426539520, grad norm: 4.9742
[iter 28340]loss: 2.8217, tokens/sec: 34156.86 ± 93.36, tokens seen: 7429160960, grad norm: 5.9564
[iter 28350]loss: 2.8355, tokens/sec: 34156.86 ± 93.35, tokens seen: 7431782400, grad norm: 5.2269
[iter 28360]loss: 2.7649, tokens/sec: 34156.86 ± 93.33, tokens seen: 7434403840, grad norm: 3.8887
[iter 28370]loss: 3.3213, tokens/sec: 34156.86 ± 93.32, tokens seen: 7437025280, grad norm: 5.1072
[iter 28380]loss: 2.9340, tokens/sec: 34156.86 ± 93.30, tokens seen: 7439646720, grad norm: 4.7550
[iter 28390]loss: 2.7181, tokens/sec: 34156.86 ± 93.28, tokens seen: 7442268160, grad norm: 6.4893
[iter 28400]loss: 3.0073, tokens/sec: 34156.86 ± 93.27, tokens seen: 7444889600, grad norm: 7.3339
[iter 28410]loss: 2.8406, tokens/sec: 34156.86 ± 93.25, tokens seen: 7447511040, grad norm: 5.1150
[iter 28420]loss: 3.0607, tokens/sec: 34156.86 ± 93.24, tokens seen: 7450132480, grad norm: 3.3384
[iter 28430]loss: 3.1168, tokens/sec: 34156.86 ± 93.22, tokens seen: 7452753920, grad norm: 7.2813
[iter 28440]loss: 3.1064, tokens/sec: 34156.87 ± 93.20, tokens seen: 7455375360, grad norm: 7.6894
[iter 28450]loss: 3.0105, tokens/sec: 34156.86 ± 93.19, tokens seen: 7457996800, grad norm: 4.8482
[iter 28460]loss: 2.7921, tokens/sec: 34156.86 ± 93.17, tokens seen: 7460618240, grad norm: 4.3652
[iter 28470]loss: 2.7889, tokens/sec: 34156.86 ± 93.15, tokens seen: 7463239680, grad norm: 6.0614
[iter 28480]loss: 3.0512, tokens/sec: 34156.87 ± 93.14, tokens seen: 7465861120, grad norm: 5.1336
[iter 28490]loss: 2.8641, tokens/sec: 34156.87 ± 93.12, tokens seen: 7468482560, grad norm: 5.8841
[step 28500]train loss: 2.9119, val loss: 2.9269, (avg train loss: 0.1823 ± 0.0090), (avg grad norm: 5.6536 ± 2.1670)
saving checkpoint to ./out-owt-large-mhc-lite-wsd-bs8-30000step
[iter 28500]loss: 2.8882, tokens/sec: 34156.88 ± 93.13, tokens seen: 7471104000, grad norm: 2.2947
[iter 28510]loss: 3.0368, tokens/sec: 34156.90 ± 93.11, tokens seen: 7473725440, grad norm: 5.1040
[iter 28520]loss: 2.8949, tokens/sec: 34156.90 ± 93.10, tokens seen: 7476346880, grad norm: 3.2791
[iter 28530]loss: 2.9354, tokens/sec: 34156.90 ± 93.08, tokens seen: 7478968320, grad norm: 3.7635
[iter 28540]loss: 2.8859, tokens/sec: 34156.90 ± 93.07, tokens seen: 7481589760, grad norm: 2.9800
[iter 28550]loss: 2.9704, tokens/sec: 34156.90 ± 93.05, tokens seen: 7484211200, grad norm: 4.1484
[iter 28560]loss: 2.9851, tokens/sec: 34156.90 ± 93.04, tokens seen: 7486832640, grad norm: 4.1832
[iter 28570]loss: 3.1536, tokens/sec: 34156.90 ± 93.02, tokens seen: 7489454080, grad norm: 2.9774
[iter 28580]loss: 3.0082, tokens/sec: 34156.90 ± 93.00, tokens seen: 7492075520, grad norm: 3.4534
[iter 28590]loss: 2.8325, tokens/sec: 34156.90 ± 92.99, tokens seen: 7494696960, grad norm: 4.6080
[iter 28600]loss: 3.0988, tokens/sec: 34156.90 ± 92.97, tokens seen: 7497318400, grad norm: 3.2086
[iter 28610]loss: 2.8642, tokens/sec: 34156.90 ± 92.96, tokens seen: 7499939840, grad norm: 6.6900
[iter 28620]loss: 2.9249, tokens/sec: 34156.90 ± 92.94, tokens seen: 7502561280, grad norm: 5.1585
[iter 28630]loss: 2.8537, tokens/sec: 34156.90 ± 92.92, tokens seen: 7505182720, grad norm: 5.2701
[iter 28640]loss: 3.1714, tokens/sec: 34156.90 ± 92.91, tokens seen: 7507804160, grad norm: 2.4456
[iter 28650]loss: 2.9721, tokens/sec: 34156.90 ± 92.89, tokens seen: 7510425600, grad norm: 2.0147
[iter 28660]loss: 3.0646, tokens/sec: 34156.90 ± 92.88, tokens seen: 7513047040, grad norm: 5.0681
[iter 28670]loss: 2.9678, tokens/sec: 34156.90 ± 92.86, tokens seen: 7515668480, grad norm: 4.1169
[iter 28680]loss: 2.9009, tokens/sec: 34156.90 ± 92.84, tokens seen: 7518289920, grad norm: 4.5081
[iter 28690]loss: 3.0197, tokens/sec: 34156.90 ± 92.83, tokens seen: 7520911360, grad norm: 6.3797
[iter 28700]loss: 2.7624, tokens/sec: 34156.91 ± 92.81, tokens seen: 7523532800, grad norm: 6.7802
[iter 28710]loss: 2.9344, tokens/sec: 34156.91 ± 92.80, tokens seen: 7526154240, grad norm: 4.4209
[iter 28720]loss: 2.8443, tokens/sec: 34156.90 ± 92.78, tokens seen: 7528775680, grad norm: 3.4021
[iter 28730]loss: 2.8337, tokens/sec: 34156.91 ± 92.77, tokens seen: 7531397120, grad norm: 3.0425
[iter 28740]loss: 2.7793, tokens/sec: 34156.91 ± 92.75, tokens seen: 7534018560, grad norm: 4.9578
[iter 28750]loss: 2.8608, tokens/sec: 34156.91 ± 92.73, tokens seen: 7536640000, grad norm: 3.9926
[iter 28760]loss: 3.0363, tokens/sec: 34156.91 ± 92.72, tokens seen: 7539261440, grad norm: 3.3134
[iter 28770]loss: 2.8855, tokens/sec: 34156.91 ± 92.70, tokens seen: 7541882880, grad norm: 3.7152
[iter 28780]loss: 2.6619, tokens/sec: 34156.91 ± 92.69, tokens seen: 7544504320, grad norm: 3.3061
[iter 28790]loss: 2.9696, tokens/sec: 34156.91 ± 92.67, tokens seen: 7547125760, grad norm: 8.7870
[iter 28800]loss: 2.8662, tokens/sec: 34156.91 ± 92.65, tokens seen: 7549747200, grad norm: 5.5893
[iter 28810]loss: 3.0104, tokens/sec: 34156.91 ± 92.64, tokens seen: 7552368640, grad norm: 5.7550
[iter 28820]loss: 2.8634, tokens/sec: 34156.92 ± 92.62, tokens seen: 7554990080, grad norm: 5.2498
[iter 28830]loss: 2.6825, tokens/sec: 34156.92 ± 92.61, tokens seen: 7557611520, grad norm: 5.9962
[iter 28840]loss: 2.8503, tokens/sec: 34156.92 ± 92.59, tokens seen: 7560232960, grad norm: 10.3083
[iter 28850]loss: 2.9303, tokens/sec: 34156.92 ± 92.58, tokens seen: 7562854400, grad norm: 3.9531
[iter 28860]loss: 2.8897, tokens/sec: 34156.92 ± 92.56, tokens seen: 7565475840, grad norm: 11.2872
[iter 28870]loss: 2.9264, tokens/sec: 34156.92 ± 92.54, tokens seen: 7568097280, grad norm: 3.8658
[iter 28880]loss: 2.9265, tokens/sec: 34156.92 ± 92.53, tokens seen: 7570718720, grad norm: 4.7622
[iter 28890]loss: 2.9152, tokens/sec: 34156.92 ± 92.51, tokens seen: 7573340160, grad norm: 4.4711
[iter 28900]loss: 2.8763, tokens/sec: 34156.92 ± 92.50, tokens seen: 7575961600, grad norm: 7.0566
[iter 28910]loss: 2.7013, tokens/sec: 34156.92 ± 92.48, tokens seen: 7578583040, grad norm: 5.1201
[iter 28920]loss: 2.6660, tokens/sec: 34156.92 ± 92.47, tokens seen: 7581204480, grad norm: 10.7492
[iter 28930]loss: 2.8979, tokens/sec: 34156.92 ± 92.45, tokens seen: 7583825920, grad norm: 7.9723
[iter 28940]loss: 2.9366, tokens/sec: 34156.92 ± 92.43, tokens seen: 7586447360, grad norm: 7.1683
[iter 28950]loss: 2.7577, tokens/sec: 34156.92 ± 92.42, tokens seen: 7589068800, grad norm: 8.6480
[iter 28960]loss: 2.8699, tokens/sec: 34156.93 ± 92.40, tokens seen: 7591690240, grad norm: 20.4231
[iter 28970]loss: 2.8774, tokens/sec: 34156.93 ± 92.39, tokens seen: 7594311680, grad norm: 8.8909
[iter 28980]loss: 2.8165, tokens/sec: 34156.93 ± 92.37, tokens seen: 7596933120, grad norm: 7.3208
[iter 28990]loss: 3.0186, tokens/sec: 34156.93 ± 92.36, tokens seen: 7599554560, grad norm: 22.0368
[step 29000]train loss: 2.9041, val loss: 2.9174, (avg train loss: 0.1796 ± 0.0090), (avg grad norm: 9.2476 ± 7.8108)
saving checkpoint to ./out-owt-large-mhc-lite-wsd-bs8-30000step
[iter 29000]loss: 3.0512, tokens/sec: 34156.94 ± 92.36, tokens seen: 7602176000, grad norm: 11.2586
[iter 29010]loss: 2.7961, tokens/sec: 34156.96 ± 92.35, tokens seen: 7604797440, grad norm: 9.6738
[iter 29020]loss: 2.6663, tokens/sec: 34156.96 ± 92.33, tokens seen: 7607418880, grad norm: 9.7775
[iter 29030]loss: 2.9166, tokens/sec: 34156.96 ± 92.32, tokens seen: 7610040320, grad norm: 6.7657
[iter 29040]loss: 2.8173, tokens/sec: 34156.96 ± 92.30, tokens seen: 7612661760, grad norm: 5.8566
[iter 29050]loss: 2.9654, tokens/sec: 34156.96 ± 92.29, tokens seen: 7615283200, grad norm: 4.7069
[iter 29060]loss: 2.8591, tokens/sec: 34156.96 ± 92.27, tokens seen: 7617904640, grad norm: 8.7469
[iter 29070]loss: 2.9589, tokens/sec: 34156.96 ± 92.26, tokens seen: 7620526080, grad norm: 8.9151
[iter 29080]loss: 2.6436, tokens/sec: 34156.96 ± 92.24, tokens seen: 7623147520, grad norm: 6.5392
[iter 29090]loss: 2.9433, tokens/sec: 34156.96 ± 92.22, tokens seen: 7625768960, grad norm: 4.8148
[iter 29100]loss: 2.9313, tokens/sec: 34156.96 ± 92.21, tokens seen: 7628390400, grad norm: 6.7901
[iter 29110]loss: 3.1567, tokens/sec: 34156.96 ± 92.19, tokens seen: 7631011840, grad norm: 9.0483
[iter 29120]loss: 3.1152, tokens/sec: 34156.96 ± 92.18, tokens seen: 7633633280, grad norm: 9.7750
[iter 29130]loss: 2.6971, tokens/sec: 34156.96 ± 92.16, tokens seen: 7636254720, grad norm: 13.8991
[iter 29140]loss: 3.0359, tokens/sec: 34156.96 ± 92.15, tokens seen: 7638876160, grad norm: 8.5170
[iter 29150]loss: 2.7721, tokens/sec: 34156.96 ± 92.13, tokens seen: 7641497600, grad norm: 3.9599
[iter 29160]loss: 2.8088, tokens/sec: 34156.96 ± 92.12, tokens seen: 7644119040, grad norm: 7.5612
[iter 29170]loss: 2.9548, tokens/sec: 34156.96 ± 92.10, tokens seen: 7646740480, grad norm: 5.1524
[iter 29180]loss: 2.8872, tokens/sec: 34156.97 ± 92.08, tokens seen: 7649361920, grad norm: 5.9206
[iter 29190]loss: 3.0167, tokens/sec: 34156.97 ± 92.07, tokens seen: 7651983360, grad norm: 5.6423
[iter 29200]loss: 3.1591, tokens/sec: 34156.97 ± 92.05, tokens seen: 7654604800, grad norm: 8.5094
[iter 29210]loss: 2.8092, tokens/sec: 34156.97 ± 92.04, tokens seen: 7657226240, grad norm: 6.7335
[iter 29220]loss: 2.8313, tokens/sec: 34156.97 ± 92.02, tokens seen: 7659847680, grad norm: 8.0720
[iter 29230]loss: 2.8581, tokens/sec: 34156.97 ± 92.01, tokens seen: 7662469120, grad norm: 4.8931
[iter 29240]loss: 2.6612, tokens/sec: 34156.97 ± 91.99, tokens seen: 7665090560, grad norm: 5.0413
[iter 29250]loss: 2.8674, tokens/sec: 34156.97 ± 91.98, tokens seen: 7667712000, grad norm: 4.4173
[iter 29260]loss: 2.7425, tokens/sec: 34156.97 ± 91.96, tokens seen: 7670333440, grad norm: 8.1002
[iter 29270]loss: 2.8752, tokens/sec: 34156.97 ± 91.95, tokens seen: 7672954880, grad norm: 4.3487
[iter 29280]loss: 2.7540, tokens/sec: 34156.97 ± 91.93, tokens seen: 7675576320, grad norm: 13.2821
[iter 29290]loss: 2.7541, tokens/sec: 34156.97 ± 91.91, tokens seen: 7678197760, grad norm: 5.9065
[iter 29300]loss: 2.8446, tokens/sec: 34156.97 ± 91.90, tokens seen: 7680819200, grad norm: 3.8428
[iter 29310]loss: 2.6744, tokens/sec: 34156.97 ± 91.88, tokens seen: 7683440640, grad norm: 6.6099
[iter 29320]loss: 2.9682, tokens/sec: 34156.97 ± 91.87, tokens seen: 7686062080, grad norm: 6.8766
[iter 29330]loss: 3.0889, tokens/sec: 34156.97 ± 91.85, tokens seen: 7688683520, grad norm: 4.2758
[iter 29340]loss: 2.9535, tokens/sec: 34156.97 ± 91.84, tokens seen: 7691304960, grad norm: 2.1540
[iter 29350]loss: 2.9981, tokens/sec: 34156.97 ± 91.82, tokens seen: 7693926400, grad norm: 4.2100
[iter 29360]loss: 2.8822, tokens/sec: 34156.97 ± 91.81, tokens seen: 7696547840, grad norm: 4.8804
[iter 29370]loss: 2.9387, tokens/sec: 34156.97 ± 91.79, tokens seen: 7699169280, grad norm: 8.1623
[iter 29380]loss: 3.2685, tokens/sec: 34156.97 ± 91.78, tokens seen: 7701790720, grad norm: 5.5384
[iter 29390]loss: 2.9544, tokens/sec: 34156.98 ± 91.76, tokens seen: 7704412160, grad norm: 5.7985
[iter 29400]loss: 3.0582, tokens/sec: 34156.98 ± 91.75, tokens seen: 7707033600, grad norm: 4.2689
[iter 29410]loss: 2.9011, tokens/sec: 34156.98 ± 91.73, tokens seen: 7709655040, grad norm: 6.0827
[iter 29420]loss: 2.6587, tokens/sec: 34156.97 ± 91.72, tokens seen: 7712276480, grad norm: 4.6158
[iter 29430]loss: 2.9394, tokens/sec: 34156.98 ± 91.70, tokens seen: 7714897920, grad norm: 9.3857
[iter 29440]loss: 2.7880, tokens/sec: 34156.98 ± 91.68, tokens seen: 7717519360, grad norm: 3.0441
[iter 29450]loss: 3.1013, tokens/sec: 34156.98 ± 91.67, tokens seen: 7720140800, grad norm: 3.8026
[iter 29460]loss: 2.8616, tokens/sec: 34156.98 ± 91.65, tokens seen: 7722762240, grad norm: 6.9255
[iter 29470]loss: 2.9987, tokens/sec: 34156.98 ± 91.64, tokens seen: 7725383680, grad norm: 6.1109
[iter 29480]loss: 3.0651, tokens/sec: 34156.98 ± 91.62, tokens seen: 7728005120, grad norm: 5.0486
[iter 29490]loss: 3.0156, tokens/sec: 34156.98 ± 91.61, tokens seen: 7730626560, grad norm: 4.3606
[step 29500]train loss: 2.8834, val loss: 2.8917, (avg train loss: 0.1808 ± 0.0092), (avg grad norm: 5.4868 ± 2.1747)
saving checkpoint to ./out-owt-large-mhc-lite-wsd-bs8-30000step
[iter 29500]loss: 3.0753, tokens/sec: 34156.99 ± 91.61, tokens seen: 7733248000, grad norm: 4.6773
[iter 29510]loss: 2.9289, tokens/sec: 34157.01 ± 91.60, tokens seen: 7735869440, grad norm: 3.9785
[iter 29520]loss: 2.8948, tokens/sec: 34157.01 ± 91.59, tokens seen: 7738490880, grad norm: 3.4425
[iter 29530]loss: 2.8622, tokens/sec: 34157.01 ± 91.57, tokens seen: 7741112320, grad norm: 2.7870
[iter 29540]loss: 2.8974, tokens/sec: 34157.01 ± 91.56, tokens seen: 7743733760, grad norm: 4.8576
[iter 29550]loss: 2.9551, tokens/sec: 34157.01 ± 91.54, tokens seen: 7746355200, grad norm: 4.7390
[iter 29560]loss: 2.9191, tokens/sec: 34157.01 ± 91.53, tokens seen: 7748976640, grad norm: 4.6922
[iter 29570]loss: 2.8324, tokens/sec: 34157.01 ± 91.51, tokens seen: 7751598080, grad norm: 3.2079
[iter 29580]loss: 2.9305, tokens/sec: 34157.01 ± 91.50, tokens seen: 7754219520, grad norm: 3.7722
[iter 29590]loss: 2.6658, tokens/sec: 34157.01 ± 91.48, tokens seen: 7756840960, grad norm: 5.7037
[iter 29600]loss: 3.1071, tokens/sec: 34157.01 ± 91.46, tokens seen: 7759462400, grad norm: 6.2022
[iter 29610]loss: 3.0158, tokens/sec: 34157.01 ± 91.45, tokens seen: 7762083840, grad norm: 3.5613
[iter 29620]loss: 3.0234, tokens/sec: 34157.02 ± 91.43, tokens seen: 7764705280, grad norm: 4.6325
[iter 29630]loss: 2.9649, tokens/sec: 34157.02 ± 91.42, tokens seen: 7767326720, grad norm: 5.5351
[iter 29640]loss: 3.0301, tokens/sec: 34157.02 ± 91.40, tokens seen: 7769948160, grad norm: 3.2275
[iter 29650]loss: 2.9123, tokens/sec: 34157.02 ± 91.39, tokens seen: 7772569600, grad norm: 4.0513
[iter 29660]loss: 2.6878, tokens/sec: 34157.02 ± 91.37, tokens seen: 7775191040, grad norm: 5.2664
[iter 29670]loss: 3.0363, tokens/sec: 34157.02 ± 91.36, tokens seen: 7777812480, grad norm: 8.0728
[iter 29680]loss: 3.0533, tokens/sec: 34157.02 ± 91.34, tokens seen: 7780433920, grad norm: 4.7559
[iter 29690]loss: 2.7648, tokens/sec: 34157.02 ± 91.33, tokens seen: 7783055360, grad norm: 5.4516
[iter 29700]loss: 2.7731, tokens/sec: 34157.02 ± 91.31, tokens seen: 7785676800, grad norm: 3.4449
[iter 29710]loss: 2.7120, tokens/sec: 34157.02 ± 91.30, tokens seen: 7788298240, grad norm: 6.1020
[iter 29720]loss: 2.8852, tokens/sec: 34157.02 ± 91.28, tokens seen: 7790919680, grad norm: 4.8926
[iter 29730]loss: 3.1124, tokens/sec: 34157.02 ± 91.27, tokens seen: 7793541120, grad norm: 9.8076
[iter 29740]loss: 2.8032, tokens/sec: 34157.02 ± 91.25, tokens seen: 7796162560, grad norm: 5.5406
[iter 29750]loss: 2.8265, tokens/sec: 34157.02 ± 91.24, tokens seen: 7798784000, grad norm: 7.4373
[iter 29760]loss: 2.8327, tokens/sec: 34157.02 ± 91.22, tokens seen: 7801405440, grad norm: 9.3045
[iter 29770]loss: 2.4202, tokens/sec: 34157.02 ± 91.21, tokens seen: 7804026880, grad norm: 3.0885
[iter 29780]loss: 2.8343, tokens/sec: 34157.03 ± 91.19, tokens seen: 7806648320, grad norm: 4.2634
[iter 29790]loss: 2.8833, tokens/sec: 34157.03 ± 91.18, tokens seen: 7809269760, grad norm: 8.1195
[iter 29800]loss: 2.8539, tokens/sec: 34157.03 ± 91.16, tokens seen: 7811891200, grad norm: 6.5801
[iter 29810]loss: 2.7129, tokens/sec: 34157.03 ± 91.15, tokens seen: 7814512640, grad norm: 4.6658
[iter 29820]loss: 3.0740, tokens/sec: 34157.03 ± 91.13, tokens seen: 7817134080, grad norm: 3.6388
[iter 29830]loss: 2.6781, tokens/sec: 34157.03 ± 91.12, tokens seen: 7819755520, grad norm: 8.9230
[iter 29840]loss: 3.0400, tokens/sec: 34157.03 ± 91.10, tokens seen: 7822376960, grad norm: 12.3357
[iter 29850]loss: 2.7245, tokens/sec: 34157.03 ± 91.09, tokens seen: 7824998400, grad norm: 9.6803
[iter 29860]loss: 3.0633, tokens/sec: 34157.03 ± 91.07, tokens seen: 7827619840, grad norm: 7.2362
[iter 29870]loss: 2.9635, tokens/sec: 34157.04 ± 91.06, tokens seen: 7830241280, grad norm: 17.2108
[iter 29880]loss: 2.6114, tokens/sec: 34157.04 ± 91.04, tokens seen: 7832862720, grad norm: 17.0349
[iter 29890]loss: 2.8812, tokens/sec: 34157.04 ± 91.03, tokens seen: 7835484160, grad norm: 8.0820
[iter 29900]loss: 3.0545, tokens/sec: 34157.04 ± 91.01, tokens seen: 7838105600, grad norm: 13.9689
[iter 29910]loss: 2.9117, tokens/sec: 34157.04 ± 91.00, tokens seen: 7840727040, grad norm: 8.8030
[iter 29920]loss: 3.0156, tokens/sec: 34157.04 ± 90.98, tokens seen: 7843348480, grad norm: 16.6054
[iter 29930]loss: 2.6454, tokens/sec: 34157.04 ± 90.97, tokens seen: 7845969920, grad norm: 8.6908
[iter 29940]loss: 2.5192, tokens/sec: 34157.04 ± 90.95, tokens seen: 7848591360, grad norm: 14.1002
[iter 29950]loss: 2.9954, tokens/sec: 34157.04 ± 90.94, tokens seen: 7851212800, grad norm: 8.0486
[iter 29960]loss: 2.9228, tokens/sec: 34157.04 ± 90.92, tokens seen: 7853834240, grad norm: 13.9353
[iter 29970]loss: 2.4867, tokens/sec: 34157.04 ± 90.91, tokens seen: 7856455680, grad norm: 9.2240
[iter 29980]loss: 3.0003, tokens/sec: 34157.04 ± 90.89, tokens seen: 7859077120, grad norm: 8.7067
[iter 29990]loss: 2.8874, tokens/sec: 34157.04 ± 90.88, tokens seen: 7861698560, grad norm: 15.2469
[step 30000]train loss: 2.8850, val loss: 2.9029, (avg train loss: 0.1801 ± 0.0091), (avg grad norm: 9.3831 ± 3.8502)
[iter 30000]loss: 2.9699, tokens/sec: 34157.06 ± 90.88, tokens seen: 7864320000, grad norm: 8.9524
[1;34mwandb[0m: 
[1;34mwandb[0m: 🚀 View run [33mL-mhc-lite-owt-bs8ga32-30kstep-wsd-3588[0m at: [34mhttps://wandb.ai/guotzzz-peking-university/mhc-lite/runs/do1porn2[0m
[1;34mwandb[0m: Find logs at: [1;35mwandb/run-20260817_145242-do1porn2/logs[0m
######## 2/3 done exit=0  Thu Aug 20 08:29:45 CST 2026 ########
######## 3/3 M mhc-lite (cosine, bs16 ga12)  Thu Aug 20 08:30:05 CST 2026 ########

*****************************************
Setting OMP_NUM_THREADS environment variable for each process to be 1 in default, to avoid your system being overloaded, please further tune the variable for optimal performance in your application as needed. 
*****************************************
Overriding config with config/train_owt.py:
eval_interval = 500
eval_iters = 200
log_interval = 10
always_save_checkpoint = False

wandb_log = True
wandb_project = 'mhc-lite'
out_prefix_dataset = "owt"

dataset = 'openwebtext'
gradient_accumulation_steps = 8  
batch_size = 16
block_size = 1024

dtype = 'bfloat16'

Overriding config with config/medium_model.py:
wandb_group = "medium"
out_prefix_model = "medium"

n_layer = 12
n_head = 12
n_embd = 768
dropout = 0.0

learning_rate = 6e-4
min_lr = 6e-5
max_iters = 10000
lr_decay_iters = 10000
warmup_iters = 200
weight_decay = 0.1
beta1 = 0.9
beta2 = 0.95
grad_clip = 1.0

Overriding config with config/with_mhc_lite.py:
hyper_conn_type = "mhc_lite"
hyper_conn_n = 4

wandb_notes = "mhc-lite"
out_prefix_method = "mhc-lite"
Overriding: batch_size = 16
Overriding: gradient_accumulation_steps = 12
Overriding: max_iters = 18000
Overriding: lr_decay_iters = 18000
Overriding: warmup_iters = 200
Overriding: compile = True
Overriding: wandb_run_name = M-mhc-lite-owt-bs16ga12-18kstep
Overriding config with config/train_owt.py:
eval_interval = 500
eval_iters = 200
log_interval = 10
always_save_checkpoint = False

wandb_log = True
wandb_project = 'mhc-lite'
out_prefix_dataset = "owt"

dataset = 'openwebtext'
gradient_accumulation_steps = 8  
batch_size = 16
block_size = 1024

dtype = 'bfloat16'

Overriding config with config/medium_model.py:
wandb_group = "medium"
out_prefix_model = "medium"

n_layer = 12
n_head = 12
n_embd = 768
dropout = 0.0

learning_rate = 6e-4
min_lr = 6e-5
max_iters = 10000
lr_decay_iters = 10000
warmup_iters = 200
weight_decay = 0.1
beta1 = 0.9
beta2 = 0.95
grad_clip = 1.0

Overriding config with config/with_mhc_lite.py:
hyper_conn_type = "mhc_lite"
hyper_conn_n = 4

wandb_notes = "mhc-lite"
out_prefix_method = "mhc-lite"
Overriding: batch_size = 16
Overriding: gradient_accumulation_steps = 12
Overriding: max_iters = 18000
Overriding: lr_decay_iters = 18000
Overriding: warmup_iters = 200
Overriding: compile = True
Overriding: wandb_run_name = M-mhc-lite-owt-bs16ga12-18kstep
tokens per iteration will be: 196,608
Initializing a new model from scratch
defaulting to vocab_size of GPT-2 to 50304 (50257 rounded up for efficiency)
HYPER_CONN: USING mhc_lite with 4 streams
wandb: [wandb.login()] Loaded credentials for https://api.wandb.ai from /root/.netrc.
wandb: Currently logged in as: guotzzz (guotzzz-peking-university) to https://api.wandb.ai. Use `wandb login --relogin` to force relogin
number of parameters: 126.02M
num decayed parameter tensors: 98, with 126,713,856 parameters
num non-decayed parameter tensors: 169, with 93,768 parameters
using fused AdamW: True
compiling the model... (takes a ~minute)
wandb: setting up run vj97f0mo
wandb: Tracking run with wandb version 0.28.0
wandb: Run data is saved locally in /home/work/data/guotianzizhe/project/mhc-lite/wandb/run-20260820_083012-vj97f0mo
wandb: Run `wandb offline` to turn off syncing.
wandb: Syncing run M-mhc-lite-owt-bs16ga12-18kstep-2626
wandb: ⭐️ View project at https://wandb.ai/guotzzz-peking-university/mhc-lite
wandb: 🚀 View run at https://wandb.ai/guotzzz-peking-university/mhc-lite/runs/vj97f0mo
tokens per iteration will be: 196,608
====================================================================================================
n_layer = 12
n_head = 12
n_embd = 768
block_size = 1024
bias = False
vocab_size = None
dropout = 0.0
hyper_conn_n = 4
hyper_conn_type = mhc_lite
====================================================================================================
Initializing a new model from scratch
defaulting to vocab_size of GPT-2 to 50304 (50257 rounded up for efficiency)
HYPER_CONN: USING mhc_lite with 4 streams
number of parameters: 126.02M
num decayed parameter tensors: 98, with 126,713,856 parameters
num non-decayed parameter tensors: 169, with 93,768 parameters
using fused AdamW: True
compiling the model... (takes a ~minute)
[step 0]train loss: 12.8127, val loss: 12.8182, (avg train loss: 0.0000 ± 0.0000), (avg grad norm: 0.0000 ± 0.0000)
[iter 0]loss: 12.8658, tokens/sec: 8620.46 ± 0.00, tokens seen: 0, grad norm: 55.1677
[iter 10]loss: 10.0453, tokens/sec: 80551.59 ± 22746.66, tokens seen: 1966080, grad norm: 29.3136
[iter 20]loss: 8.5851, tokens/sec: 83994.49 ± 16854.22, tokens seen: 3932160, grad norm: 13.7441
[iter 30]loss: 7.6863, tokens/sec: 85210.46 ± 13983.43, tokens seen: 5898240, grad norm: 8.3955
[iter 40]loss: 7.3449, tokens/sec: 85825.24 ± 12207.24, tokens seen: 7864320, grad norm: 4.7482
[iter 50]loss: 7.4788, tokens/sec: 86197.82 ± 10971.20, tokens seen: 9830400, grad norm: 6.1579
[iter 60]loss: 7.1616, tokens/sec: 86443.69 ± 10047.07, tokens seen: 11796480, grad norm: 7.4687
[iter 70]loss: 6.9315, tokens/sec: 86617.79 ± 9322.62, tokens seen: 13762560, grad norm: 5.0606
[iter 80]loss: 6.6795, tokens/sec: 86745.43 ± 8734.85, tokens seen: 15728640, grad norm: 4.7354
[iter 90]loss: 6.7355, tokens/sec: 86842.19 ± 8245.56, tokens seen: 17694720, grad norm: 4.5731
[iter 100]loss: 6.5840, tokens/sec: 86919.69 ± 7830.23, tokens seen: 19660800, grad norm: 5.0368
[iter 110]loss: 6.7341, tokens/sec: 86983.50 ± 7471.95, tokens seen: 21626880, grad norm: 3.6441
[iter 120]loss: 6.2296, tokens/sec: 87037.16 ± 7158.78, tokens seen: 23592960, grad norm: 3.7132
[iter 130]loss: 6.0967, tokens/sec: 87082.16 ± 6881.90, tokens seen: 25559040, grad norm: 3.7809
[iter 140]loss: 6.4597, tokens/sec: 87121.09 ± 6634.88, tokens seen: 27525120, grad norm: 1.8337
[iter 150]loss: 6.2123, tokens/sec: 87154.96 ± 6412.68, tokens seen: 29491200, grad norm: 3.0679
[iter 160]loss: 6.2825, tokens/sec: 87184.60 ± 6211.41, tokens seen: 31457280, grad norm: 3.5981
[iter 170]loss: 6.1978, tokens/sec: 87210.57 ± 6027.96, tokens seen: 33423360, grad norm: 2.7887
[iter 180]loss: 6.2240, tokens/sec: 87234.22 ± 5859.90, tokens seen: 35389440, grad norm: 2.1652
[iter 190]loss: 6.0891, tokens/sec: 87255.00 ± 5705.13, tokens seen: 37355520, grad norm: 2.4873
[iter 200]loss: 6.0353, tokens/sec: 87273.82 ± 5562.01, tokens seen: 39321600, grad norm: 3.0312
[iter 210]loss: 5.7800, tokens/sec: 87290.52 ± 5429.13, tokens seen: 41287680, grad norm: 2.6296
[iter 220]loss: 5.8495, tokens/sec: 87305.73 ± 5305.34, tokens seen: 43253760, grad norm: 3.8694
[iter 230]loss: 5.6702, tokens/sec: 87319.66 ± 5189.65, tokens seen: 45219840, grad norm: 1.5365
[iter 240]loss: 5.8366, tokens/sec: 87332.46 ± 5081.22, tokens seen: 47185920, grad norm: 3.3500
[iter 250]loss: 5.7132, tokens/sec: 87344.57 ± 4979.33, tokens seen: 49152000, grad norm: 2.9666
[iter 260]loss: 6.0998, tokens/sec: 87355.35 ± 4883.31, tokens seen: 51118080, grad norm: 1.3120
[iter 270]loss: 5.7793, tokens/sec: 87365.40 ± 4792.65, tokens seen: 53084160, grad norm: 1.9078
[iter 280]loss: 5.6848, tokens/sec: 87375.14 ± 4706.87, tokens seen: 55050240, grad norm: 1.2561
[iter 290]loss: 5.7527, tokens/sec: 87384.15 ± 4625.54, tokens seen: 57016320, grad norm: 1.1269
[iter 300]loss: 5.5364, tokens/sec: 87392.74 ± 4548.30, tokens seen: 58982400, grad norm: 1.4639
[iter 310]loss: 5.6388, tokens/sec: 87400.47 ± 4474.79, tokens seen: 60948480, grad norm: 1.6990
[iter 320]loss: 5.5856, tokens/sec: 87407.89 ± 4404.73, tokens seen: 62914560, grad norm: 1.2898
[iter 330]loss: 5.4803, tokens/sec: 87414.99 ± 4337.88, tokens seen: 64880640, grad norm: 1.1246
[iter 340]loss: 5.3880, tokens/sec: 87421.46 ± 4273.96, tokens seen: 66846720, grad norm: 1.1512
[iter 350]loss: 5.4437, tokens/sec: 87427.68 ± 4212.80, tokens seen: 68812800, grad norm: 1.6560
[iter 360]loss: 5.2903, tokens/sec: 87433.58 ± 4154.19, tokens seen: 70778880, grad norm: 0.9314
[iter 370]loss: 5.4036, tokens/sec: 87439.07 ± 4097.96, tokens seen: 72744960, grad norm: 1.7082
[iter 380]loss: 5.4618, tokens/sec: 87444.39 ± 4043.95, tokens seen: 74711040, grad norm: 1.5742
[iter 390]loss: 5.4724, tokens/sec: 87449.32 ± 3992.02, tokens seen: 76677120, grad norm: 1.2001
[iter 400]loss: 5.5562, tokens/sec: 87454.18 ± 3942.05, tokens seen: 78643200, grad norm: 1.0978
[iter 410]loss: 5.4487, tokens/sec: 87458.56 ± 3893.90, tokens seen: 80609280, grad norm: 0.9880
[iter 420]loss: 5.3873, tokens/sec: 87462.80 ± 3847.48, tokens seen: 82575360, grad norm: 1.4762
[iter 430]loss: 5.0139, tokens/sec: 87466.95 ± 3802.68, tokens seen: 84541440, grad norm: 0.8127
[iter 440]loss: 5.1955, tokens/sec: 87470.83 ± 3759.41, tokens seen: 86507520, grad norm: 1.0558
[iter 450]loss: 5.0217, tokens/sec: 87474.53 ± 3717.58, tokens seen: 88473600, grad norm: 0.8541
[iter 460]loss: 5.2591, tokens/sec: 87478.21 ± 3677.12, tokens seen: 90439680, grad norm: 0.9049
[iter 470]loss: 5.0710, tokens/sec: 87481.40 ± 3637.94, tokens seen: 92405760, grad norm: 1.2849
[iter 480]loss: 5.1951, tokens/sec: 87484.67 ± 3600.00, tokens seen: 94371840, grad norm: 0.7765
[iter 490]loss: 5.0036, tokens/sec: 87487.78 ± 3563.22, tokens seen: 96337920, grad norm: 0.9118
[step 500]train loss: 4.9379, val loss: 4.9480, (avg train loss: 0.8837 ± 0.0379), (avg grad norm: 1.1544 ± 0.3302)
saving checkpoint to ./out-owt-medium-mhc-lite-bs16-18000step
[iter 500]loss: 4.9700, tokens/sec: 87493.45 ± 3528.13, tokens seen: 98304000, grad norm: 0.6735
[iter 510]loss: 4.7419, tokens/sec: 87498.45 ± 3493.62, tokens seen: 100270080, grad norm: 0.7138
[iter 520]loss: 5.0753, tokens/sec: 87502.42 ± 3460.05, tokens seen: 102236160, grad norm: 0.8501
[iter 530]loss: 4.9451, tokens/sec: 87506.02 ± 3427.42, tokens seen: 104202240, grad norm: 0.6137
[iter 540]loss: 4.7952, tokens/sec: 87509.48 ± 3395.69, tokens seen: 106168320, grad norm: 0.5878
[iter 550]loss: 4.8008, tokens/sec: 87511.78 ± 3364.78, tokens seen: 108134400, grad norm: 0.8548
[iter 560]loss: 4.7643, tokens/sec: 87514.03 ± 3334.70, tokens seen: 110100480, grad norm: 0.6067
[iter 570]loss: 4.9948, tokens/sec: 87516.09 ± 3305.42, tokens seen: 112066560, grad norm: 0.8857
[iter 580]loss: 4.8122, tokens/sec: 87517.88 ± 3276.88, tokens seen: 114032640, grad norm: 0.8046
[iter 590]loss: 4.7693, tokens/sec: 87519.91 ± 3249.08, tokens seen: 115998720, grad norm: 0.9019
[iter 600]loss: 4.7005, tokens/sec: 87521.66 ± 3221.96, tokens seen: 117964800, grad norm: 0.7302
[iter 610]loss: 4.8072, tokens/sec: 87523.53 ± 3195.52, tokens seen: 119930880, grad norm: 0.8787
[iter 620]loss: 4.5029, tokens/sec: 87525.11 ± 3169.72, tokens seen: 121896960, grad norm: 0.7557
[iter 630]loss: 4.6403, tokens/sec: 87526.88 ± 3144.54, tokens seen: 123863040, grad norm: 0.7097
[iter 640]loss: 4.6635, tokens/sec: 87528.48 ± 3119.94, tokens seen: 125829120, grad norm: 0.8690
[iter 650]loss: 4.5716, tokens/sec: 87530.08 ± 3095.91, tokens seen: 127795200, grad norm: 0.7594
[iter 660]loss: 4.7167, tokens/sec: 87531.74 ± 3072.44, tokens seen: 129761280, grad norm: 0.6468
[iter 670]loss: 4.5372, tokens/sec: 87533.35 ± 3049.49, tokens seen: 131727360, grad norm: 0.7939
[iter 680]loss: 4.4966, tokens/sec: 87534.88 ± 3027.04, tokens seen: 133693440, grad norm: 0.8243
[iter 690]loss: 4.2836, tokens/sec: 87536.41 ± 3005.09, tokens seen: 135659520, grad norm: 0.8769
[iter 700]loss: 4.5104, tokens/sec: 87537.84 ± 2983.60, tokens seen: 137625600, grad norm: 0.6164
[iter 710]loss: 4.4728, tokens/sec: 87539.25 ± 2962.57, tokens seen: 139591680, grad norm: 0.6224
[iter 720]loss: 4.2796, tokens/sec: 87540.60 ± 2941.98, tokens seen: 141557760, grad norm: 0.8172
[iter 730]loss: 4.2377, tokens/sec: 87541.95 ± 2921.81, tokens seen: 143523840, grad norm: 0.6062
[iter 740]loss: 4.3599, tokens/sec: 87543.29 ± 2902.06, tokens seen: 145489920, grad norm: 0.7808
[iter 750]loss: 4.4652, tokens/sec: 87544.44 ± 2882.69, tokens seen: 147456000, grad norm: 0.6568
[iter 760]loss: 4.3358, tokens/sec: 87545.75 ± 2863.71, tokens seen: 149422080, grad norm: 0.6074
[iter 770]loss: 4.3572, tokens/sec: 87546.91 ± 2845.10, tokens seen: 151388160, grad norm: 0.7443
[iter 780]loss: 4.0927, tokens/sec: 87548.10 ± 2826.85, tokens seen: 153354240, grad norm: 0.5778
[iter 790]loss: 4.1348, tokens/sec: 87549.24 ± 2808.95, tokens seen: 155320320, grad norm: 0.5811
[iter 800]loss: 4.2432, tokens/sec: 87550.32 ± 2791.38, tokens seen: 157286400, grad norm: 0.5766
[iter 810]loss: 4.2793, tokens/sec: 87551.35 ± 2774.13, tokens seen: 159252480, grad norm: 0.7653
[iter 820]loss: 4.3039, tokens/sec: 87552.36 ± 2757.20, tokens seen: 161218560, grad norm: 0.6798
[iter 830]loss: 4.2129, tokens/sec: 87553.44 ± 2740.58, tokens seen: 163184640, grad norm: 0.5902
[iter 840]loss: 4.1788, tokens/sec: 87554.44 ± 2724.26, tokens seen: 165150720, grad norm: 0.5424
[iter 850]loss: 4.1570, tokens/sec: 87555.52 ± 2708.23, tokens seen: 167116800, grad norm: 0.5779
[iter 860]loss: 4.2527, tokens/sec: 87556.40 ± 2692.47, tokens seen: 169082880, grad norm: 0.5044
[iter 870]loss: 4.1184, tokens/sec: 87557.32 ± 2676.98, tokens seen: 171048960, grad norm: 0.5196
[iter 880]loss: 4.0977, tokens/sec: 87558.18 ± 2661.76, tokens seen: 173015040, grad norm: 0.5717
[iter 890]loss: 4.0580, tokens/sec: 87559.14 ± 2646.80, tokens seen: 174981120, grad norm: 0.5810
[iter 900]loss: 4.1155, tokens/sec: 87560.02 ± 2632.08, tokens seen: 176947200, grad norm: 0.6972
[iter 910]loss: 3.9971, tokens/sec: 87560.85 ± 2617.61, tokens seen: 178913280, grad norm: 0.6547
[iter 920]loss: 4.0213, tokens/sec: 87561.68 ± 2603.38, tokens seen: 180879360, grad norm: 0.5738
[iter 930]loss: 4.0265, tokens/sec: 87562.56 ± 2589.37, tokens seen: 182845440, grad norm: 0.5168
[iter 940]loss: 4.2265, tokens/sec: 87563.28 ± 2575.59, tokens seen: 184811520, grad norm: 0.5375
[iter 950]loss: 3.9887, tokens/sec: 87564.09 ± 2562.03, tokens seen: 186777600, grad norm: 0.7243
[iter 960]loss: 4.0739, tokens/sec: 87564.86 ± 2548.67, tokens seen: 188743680, grad norm: 0.4762
[iter 970]loss: 4.0212, tokens/sec: 87565.62 ± 2535.53, tokens seen: 190709760, grad norm: 0.6058
[iter 980]loss: 4.0972, tokens/sec: 87566.34 ± 2522.59, tokens seen: 192675840, grad norm: 0.5288
[iter 990]loss: 4.0267, tokens/sec: 87567.12 ± 2509.84, tokens seen: 194641920, grad norm: 0.4598
[step 1000]train loss: 4.0621, val loss: 4.0858, (avg train loss: 0.6923 ± 0.0176), (avg grad norm: 0.5827 ± 0.0932)
saving checkpoint to ./out-owt-medium-mhc-lite-bs16-18000step
[iter 1000]loss: 3.9887, tokens/sec: 87569.11 ± 2497.66, tokens seen: 196608000, grad norm: 0.4914
[iter 1010]loss: 4.0543, tokens/sec: 87570.99 ± 2485.35, tokens seen: 198574080, grad norm: 0.5123
[iter 1020]loss: 3.9963, tokens/sec: 87572.31 ± 2473.18, tokens seen: 200540160, grad norm: 0.5510
[iter 1030]loss: 4.1154, tokens/sec: 87573.20 ± 2461.18, tokens seen: 202506240, grad norm: 0.4845
[iter 1040]loss: 4.0175, tokens/sec: 87574.18 ± 2449.35, tokens seen: 204472320, grad norm: 0.4648
[iter 1050]loss: 4.0216, tokens/sec: 87574.99 ± 2437.69, tokens seen: 206438400, grad norm: 0.4787
[iter 1060]loss: 3.8701, tokens/sec: 87575.52 ± 2426.18, tokens seen: 208404480, grad norm: 0.5446
[iter 1070]loss: 3.9647, tokens/sec: 87576.13 ± 2414.84, tokens seen: 210370560, grad norm: 0.4700
[iter 1080]loss: 3.9922, tokens/sec: 87576.64 ± 2403.65, tokens seen: 212336640, grad norm: 0.5803
[iter 1090]loss: 3.9950, tokens/sec: 87577.17 ± 2392.62, tokens seen: 214302720, grad norm: 0.4560
[iter 1100]loss: 4.2271, tokens/sec: 87577.76 ± 2381.74, tokens seen: 216268800, grad norm: 0.4656
[iter 1110]loss: 3.9636, tokens/sec: 87578.33 ± 2371.00, tokens seen: 218234880, grad norm: 0.4533
[iter 1120]loss: 3.9487, tokens/sec: 87578.81 ± 2360.41, tokens seen: 220200960, grad norm: 0.4241
[iter 1130]loss: 3.9214, tokens/sec: 87579.34 ± 2349.96, tokens seen: 222167040, grad norm: 0.5398
[iter 1140]loss: 3.9685, tokens/sec: 87579.85 ± 2339.65, tokens seen: 224133120, grad norm: 0.5527
[iter 1150]loss: 4.2433, tokens/sec: 87580.35 ± 2329.48, tokens seen: 226099200, grad norm: 0.6195
[iter 1160]loss: 3.9273, tokens/sec: 87580.88 ± 2319.43, tokens seen: 228065280, grad norm: 0.5058
[iter 1170]loss: 3.8675, tokens/sec: 87581.32 ± 2309.51, tokens seen: 230031360, grad norm: 0.4166
[iter 1180]loss: 3.8881, tokens/sec: 87581.79 ± 2299.72, tokens seen: 231997440, grad norm: 0.4702
[iter 1190]loss: 4.0719, tokens/sec: 87582.28 ± 2290.06, tokens seen: 233963520, grad norm: 0.4414
[iter 1200]loss: 3.9478, tokens/sec: 87582.81 ± 2280.51, tokens seen: 235929600, grad norm: 0.5553
[iter 1210]loss: 3.8434, tokens/sec: 87583.22 ± 2271.08, tokens seen: 237895680, grad norm: 0.4434
[iter 1220]loss: 3.9334, tokens/sec: 87583.63 ± 2261.77, tokens seen: 239861760, grad norm: 0.5145
[iter 1230]loss: 4.0249, tokens/sec: 87584.06 ± 2252.57, tokens seen: 241827840, grad norm: 0.5025
[iter 1240]loss: 4.0002, tokens/sec: 87584.51 ± 2243.48, tokens seen: 243793920, grad norm: 0.4678
[iter 1250]loss: 3.9911, tokens/sec: 87584.99 ± 2234.51, tokens seen: 245760000, grad norm: 0.4357
[iter 1260]loss: 3.8280, tokens/sec: 87585.35 ± 2225.64, tokens seen: 247726080, grad norm: 0.4478
[iter 1270]loss: 3.9678, tokens/sec: 87585.81 ± 2216.87, tokens seen: 249692160, grad norm: 0.4590
[iter 1280]loss: 3.8066, tokens/sec: 87586.17 ± 2208.21, tokens seen: 251658240, grad norm: 0.4808
[iter 1290]loss: 3.8371, tokens/sec: 87586.62 ± 2199.65, tokens seen: 253624320, grad norm: 0.5835
[iter 1300]loss: 3.6739, tokens/sec: 87587.04 ± 2191.18, tokens seen: 255590400, grad norm: 0.4787
[iter 1310]loss: 3.7970, tokens/sec: 87587.39 ± 2182.81, tokens seen: 257556480, grad norm: 0.4785
[iter 1320]loss: 3.7363, tokens/sec: 87587.74 ± 2174.54, tokens seen: 259522560, grad norm: 0.5633
[iter 1330]loss: 4.0138, tokens/sec: 87588.16 ± 2166.36, tokens seen: 261488640, grad norm: 0.4510
[iter 1340]loss: 3.5755, tokens/sec: 87588.55 ± 2158.28, tokens seen: 263454720, grad norm: 0.3974
[iter 1350]loss: 3.8958, tokens/sec: 87588.86 ± 2150.28, tokens seen: 265420800, grad norm: 0.4831
[iter 1360]loss: 3.9328, tokens/sec: 87589.26 ± 2142.37, tokens seen: 267386880, grad norm: 0.4195
[iter 1370]loss: 3.8526, tokens/sec: 87589.56 ± 2134.55, tokens seen: 269352960, grad norm: 0.4563
[iter 1380]loss: 3.7324, tokens/sec: 87589.94 ± 2126.81, tokens seen: 271319040, grad norm: 0.4196
[iter 1390]loss: 3.9605, tokens/sec: 87590.27 ± 2119.16, tokens seen: 273285120, grad norm: 0.4068
[iter 1400]loss: 3.9809, tokens/sec: 87590.62 ± 2111.59, tokens seen: 275251200, grad norm: 0.4636
[iter 1410]loss: 3.8876, tokens/sec: 87590.96 ± 2104.10, tokens seen: 277217280, grad norm: 0.4748
[iter 1420]loss: 4.1218, tokens/sec: 87591.28 ± 2096.69, tokens seen: 279183360, grad norm: 0.5320
[iter 1430]loss: 3.8870, tokens/sec: 87591.58 ± 2089.35, tokens seen: 281149440, grad norm: 0.4346
[iter 1440]loss: 3.8776, tokens/sec: 87591.92 ± 2082.10, tokens seen: 283115520, grad norm: 0.4061
[iter 1450]loss: 3.8840, tokens/sec: 87592.23 ± 2074.91, tokens seen: 285081600, grad norm: 0.4064
[iter 1460]loss: 3.8685, tokens/sec: 87592.54 ± 2067.81, tokens seen: 287047680, grad norm: 0.4522
[iter 1470]loss: 3.8203, tokens/sec: 87592.85 ± 2060.77, tokens seen: 289013760, grad norm: 0.4201
[iter 1480]loss: 3.8008, tokens/sec: 87593.11 ± 2053.81, tokens seen: 290979840, grad norm: 0.6236
[iter 1490]loss: 3.7206, tokens/sec: 87593.47 ± 2046.92, tokens seen: 292945920, grad norm: 0.4300
[step 1500]train loss: 3.8115, val loss: 3.8345, (avg train loss: 0.6426 ± 0.0174), (avg grad norm: 0.4569 ± 0.0668)
saving checkpoint to ./out-owt-medium-mhc-lite-bs16-18000step
[iter 1500]loss: 3.8696, tokens/sec: 87594.65 ± 2040.40, tokens seen: 294912000, grad norm: 0.3754
[iter 1510]loss: 3.7390, tokens/sec: 87595.68 ± 2033.68, tokens seen: 296878080, grad norm: 0.4905
[iter 1520]loss: 3.7736, tokens/sec: 87596.61 ± 2027.01, tokens seen: 298844160, grad norm: 0.3831
[iter 1530]loss: 3.7787, tokens/sec: 87597.17 ± 2020.40, tokens seen: 300810240, grad norm: 0.4125
[iter 1540]loss: 3.8362, tokens/sec: 87597.41 ± 2013.83, tokens seen: 302776320, grad norm: 0.5159
[iter 1550]loss: 3.7500, tokens/sec: 87597.72 ± 2007.34, tokens seen: 304742400, grad norm: 0.4186
[iter 1560]loss: 3.6611, tokens/sec: 87598.15 ± 2000.90, tokens seen: 306708480, grad norm: 0.3796
[iter 1570]loss: 3.8104, tokens/sec: 87598.38 ± 1994.53, tokens seen: 308674560, grad norm: 0.6327
[iter 1580]loss: 3.5405, tokens/sec: 87598.63 ± 1988.21, tokens seen: 310640640, grad norm: 0.4910
[iter 1590]loss: 3.9180, tokens/sec: 87598.89 ± 1981.96, tokens seen: 312606720, grad norm: 0.3813
[iter 1600]loss: 3.9507, tokens/sec: 87599.10 ± 1975.76, tokens seen: 314572800, grad norm: 0.4044
[iter 1610]loss: 3.7517, tokens/sec: 87599.34 ± 1969.63, tokens seen: 316538880, grad norm: 0.4150
[iter 1620]loss: 3.6033, tokens/sec: 87599.58 ± 1963.54, tokens seen: 318504960, grad norm: 0.4387
[iter 1630]loss: 3.8365, tokens/sec: 87599.79 ± 1957.52, tokens seen: 320471040, grad norm: 0.4864
[iter 1640]loss: 3.7330, tokens/sec: 87600.05 ± 1951.55, tokens seen: 322437120, grad norm: 0.4545
[iter 1650]loss: 3.6901, tokens/sec: 87600.32 ± 1945.64, tokens seen: 324403200, grad norm: 0.4127
[iter 1660]loss: 3.6678, tokens/sec: 87600.51 ± 1939.78, tokens seen: 326369280, grad norm: 0.6623
[iter 1670]loss: 3.7467, tokens/sec: 87600.68 ± 1933.97, tokens seen: 328335360, grad norm: 0.4311
[iter 1680]loss: 3.9239, tokens/sec: 87600.90 ± 1928.21, tokens seen: 330301440, grad norm: 0.3771
[iter 1690]loss: 3.8583, tokens/sec: 87601.15 ± 1922.50, tokens seen: 332267520, grad norm: 0.4699
[iter 1700]loss: 3.6927, tokens/sec: 87601.37 ± 1916.85, tokens seen: 334233600, grad norm: 0.4151
[iter 1710]loss: 3.7838, tokens/sec: 87601.57 ± 1911.24, tokens seen: 336199680, grad norm: 0.3635
[iter 1720]loss: 3.6057, tokens/sec: 87601.74 ± 1905.69, tokens seen: 338165760, grad norm: 0.3981
[iter 1730]loss: 3.7039, tokens/sec: 87602.04 ± 1900.18, tokens seen: 340131840, grad norm: 0.3895
[iter 1740]loss: 3.8347, tokens/sec: 87602.19 ± 1894.72, tokens seen: 342097920, grad norm: 0.4728
[iter 1750]loss: 3.8088, tokens/sec: 87602.37 ± 1889.30, tokens seen: 344064000, grad norm: 0.4965
[iter 1760]loss: 3.6900, tokens/sec: 87602.58 ± 1883.93, tokens seen: 346030080, grad norm: 0.4502
[iter 1770]loss: 3.6793, tokens/sec: 87602.77 ± 1878.61, tokens seen: 347996160, grad norm: 0.3805
[iter 1780]loss: 3.9039, tokens/sec: 87603.01 ± 1873.33, tokens seen: 349962240, grad norm: 0.4284
[iter 1790]loss: 3.5145, tokens/sec: 87603.18 ± 1868.10, tokens seen: 351928320, grad norm: 0.4028
[iter 1800]loss: 3.7393, tokens/sec: 87603.33 ± 1862.91, tokens seen: 353894400, grad norm: 0.5245
[iter 1810]loss: 3.8031, tokens/sec: 87603.57 ± 1857.77, tokens seen: 355860480, grad norm: 0.3688
[iter 1820]loss: 3.5318, tokens/sec: 87603.74 ± 1852.66, tokens seen: 357826560, grad norm: 0.3808
[iter 1830]loss: 3.7322, tokens/sec: 87603.94 ± 1847.60, tokens seen: 359792640, grad norm: 0.4496
[iter 1840]loss: 3.8326, tokens/sec: 87604.12 ± 1842.58, tokens seen: 361758720, grad norm: 0.4304
[iter 1850]loss: 3.7856, tokens/sec: 87604.31 ± 1837.59, tokens seen: 363724800, grad norm: 0.3994
[iter 1860]loss: 3.6411, tokens/sec: 87604.49 ± 1832.65, tokens seen: 365690880, grad norm: 0.3595
[iter 1870]loss: 3.6952, tokens/sec: 87604.68 ± 1827.75, tokens seen: 367656960, grad norm: 0.4735
[iter 1880]loss: 3.4939, tokens/sec: 87604.83 ± 1822.89, tokens seen: 369623040, grad norm: 0.3973
[iter 1890]loss: 3.5986, tokens/sec: 87605.03 ± 1818.07, tokens seen: 371589120, grad norm: 0.3519
[iter 1900]loss: 3.7324, tokens/sec: 87605.16 ± 1813.28, tokens seen: 373555200, grad norm: 0.3355
[iter 1910]loss: 3.6703, tokens/sec: 87605.39 ± 1808.54, tokens seen: 375521280, grad norm: 0.4482
[iter 1920]loss: 3.5612, tokens/sec: 87605.56 ± 1803.83, tokens seen: 377487360, grad norm: 0.3974
[iter 1930]loss: 3.7136, tokens/sec: 87605.68 ± 1799.15, tokens seen: 379453440, grad norm: 0.4358
[iter 1940]loss: 3.8135, tokens/sec: 87605.86 ± 1794.51, tokens seen: 381419520, grad norm: 0.3568
[iter 1950]loss: 3.7175, tokens/sec: 87606.01 ± 1789.91, tokens seen: 383385600, grad norm: 0.3856
[iter 1960]loss: 3.7650, tokens/sec: 87606.18 ± 1785.35, tokens seen: 385351680, grad norm: 0.4364
[iter 1970]loss: 3.7462, tokens/sec: 87606.33 ± 1780.81, tokens seen: 387317760, grad norm: 0.3968
[iter 1980]loss: 3.5804, tokens/sec: 87606.52 ± 1776.32, tokens seen: 389283840, grad norm: 0.4529
[iter 1990]loss: 3.7326, tokens/sec: 87606.66 ± 1771.85, tokens seen: 391249920, grad norm: 0.4038
[step 2000]train loss: 3.6878, val loss: 3.7077, (avg train loss: 0.6183 ± 0.0168), (avg grad norm: 0.4086 ± 0.0413)
saving checkpoint to ./out-owt-medium-mhc-lite-bs16-18000step
[iter 2000]loss: 3.6878, tokens/sec: 87607.50 ± 1767.68, tokens seen: 393216000, grad norm: 0.3568
[iter 2010]loss: 3.7004, tokens/sec: 87608.29 ± 1763.32, tokens seen: 395182080, grad norm: 0.3614
[iter 2020]loss: 3.8329, tokens/sec: 87608.81 ± 1758.97, tokens seen: 397148160, grad norm: 0.4498
[iter 2030]loss: 3.6367, tokens/sec: 87609.19 ± 1754.64, tokens seen: 399114240, grad norm: 0.3565
[iter 2040]loss: 3.5567, tokens/sec: 87609.48 ± 1750.35, tokens seen: 401080320, grad norm: 0.3584
[iter 2050]loss: 3.7623, tokens/sec: 87609.75 ± 1746.08, tokens seen: 403046400, grad norm: 0.4071
[iter 2060]loss: 3.8128, tokens/sec: 87609.89 ± 1741.84, tokens seen: 405012480, grad norm: 0.3393
[iter 2070]loss: 3.6737, tokens/sec: 87610.02 ± 1737.63, tokens seen: 406978560, grad norm: 0.4231
[iter 2080]loss: 3.7614, tokens/sec: 87610.14 ± 1733.46, tokens seen: 408944640, grad norm: 0.3978
[iter 2090]loss: 3.5258, tokens/sec: 87610.28 ± 1729.31, tokens seen: 410910720, grad norm: 0.5013
[iter 2100]loss: 3.6008, tokens/sec: 87610.37 ± 1725.19, tokens seen: 412876800, grad norm: 0.3398
[iter 2110]loss: 3.5789, tokens/sec: 87610.51 ± 1721.10, tokens seen: 414842880, grad norm: 0.3717
[iter 2120]loss: 3.6497, tokens/sec: 87610.66 ± 1717.04, tokens seen: 416808960, grad norm: 0.5869
[iter 2130]loss: 3.5411, tokens/sec: 87610.78 ± 1713.01, tokens seen: 418775040, grad norm: 0.3658
[iter 2140]loss: 3.6663, tokens/sec: 87610.89 ± 1709.01, tokens seen: 420741120, grad norm: 0.4195
[iter 2150]loss: 3.5922, tokens/sec: 87611.00 ± 1705.04, tokens seen: 422707200, grad norm: 0.3660
[iter 2160]loss: 3.7015, tokens/sec: 87611.15 ± 1701.09, tokens seen: 424673280, grad norm: 0.3577
[iter 2170]loss: 3.6790, tokens/sec: 87611.27 ± 1697.17, tokens seen: 426639360, grad norm: 0.4194
[iter 2180]loss: 3.6080, tokens/sec: 87611.40 ± 1693.28, tokens seen: 428605440, grad norm: 0.3427
[iter 2190]loss: 3.3954, tokens/sec: 87611.52 ± 1689.41, tokens seen: 430571520, grad norm: 0.4145
[iter 2200]loss: 3.6518, tokens/sec: 87611.62 ± 1685.57, tokens seen: 432537600, grad norm: 0.3729
[iter 2210]loss: 3.6636, tokens/sec: 87611.75 ± 1681.76, tokens seen: 434503680, grad norm: 0.3390
[iter 2220]loss: 3.5567, tokens/sec: 87611.88 ± 1677.97, tokens seen: 436469760, grad norm: 0.3897
[iter 2230]loss: 3.7295, tokens/sec: 87611.99 ± 1674.21, tokens seen: 438435840, grad norm: 0.3575
[iter 2240]loss: 3.7314, tokens/sec: 87612.11 ± 1670.47, tokens seen: 440401920, grad norm: 0.3405
[iter 2250]loss: 3.7315, tokens/sec: 87612.22 ± 1666.76, tokens seen: 442368000, grad norm: 0.3560
[iter 2260]loss: 3.4967, tokens/sec: 87612.34 ± 1663.07, tokens seen: 444334080, grad norm: 0.4495
[iter 2270]loss: 3.8038, tokens/sec: 87612.45 ± 1659.41, tokens seen: 446300160, grad norm: 0.3445
[iter 2280]loss: 3.6153, tokens/sec: 87612.53 ± 1655.77, tokens seen: 448266240, grad norm: 0.3645
[iter 2290]loss: 3.7102, tokens/sec: 87612.66 ± 1652.15, tokens seen: 450232320, grad norm: 0.3899
[iter 2300]loss: 3.7873, tokens/sec: 87612.81 ± 1648.56, tokens seen: 452198400, grad norm: 0.3811
[iter 2310]loss: 3.6041, tokens/sec: 87612.87 ± 1644.99, tokens seen: 454164480, grad norm: 0.3872
[iter 2320]loss: 3.5414, tokens/sec: 87612.97 ± 1641.45, tokens seen: 456130560, grad norm: 0.3418
[iter 2330]loss: 3.5591, tokens/sec: 87613.06 ± 1637.92, tokens seen: 458096640, grad norm: 0.3370
[iter 2340]loss: 3.5271, tokens/sec: 87613.14 ± 1634.42, tokens seen: 460062720, grad norm: 0.3222
[iter 2350]loss: 3.5528, tokens/sec: 87613.26 ± 1630.94, tokens seen: 462028800, grad norm: 0.5980
[iter 2360]loss: 3.7165, tokens/sec: 87613.38 ± 1627.49, tokens seen: 463994880, grad norm: 0.3733
[iter 2370]loss: 3.7316, tokens/sec: 87613.46 ± 1624.06, tokens seen: 465960960, grad norm: 0.3456
[iter 2380]loss: 3.7308, tokens/sec: 87613.56 ± 1620.64, tokens seen: 467927040, grad norm: 0.4010
[iter 2390]loss: 3.6015, tokens/sec: 87613.66 ± 1617.25, tokens seen: 469893120, grad norm: 0.4675
[iter 2400]loss: 3.3510, tokens/sec: 87613.76 ± 1613.88, tokens seen: 471859200, grad norm: 0.3834
[iter 2410]loss: 3.6789, tokens/sec: 87613.85 ± 1610.54, tokens seen: 473825280, grad norm: 0.3753
[iter 2420]loss: 3.7265, tokens/sec: 87613.95 ± 1607.21, tokens seen: 475791360, grad norm: 0.3497
[iter 2430]loss: 3.6024, tokens/sec: 87614.05 ± 1603.90, tokens seen: 477757440, grad norm: 0.3161
[iter 2440]loss: 3.6819, tokens/sec: 87614.15 ± 1600.61, tokens seen: 479723520, grad norm: 0.3434
[iter 2450]loss: 3.2852, tokens/sec: 87614.25 ± 1597.35, tokens seen: 481689600, grad norm: 0.3449
[iter 2460]loss: 3.8348, tokens/sec: 87614.34 ± 1594.10, tokens seen: 483655680, grad norm: 0.3798
[iter 2470]loss: 3.5925, tokens/sec: 87614.43 ± 1590.88, tokens seen: 485621760, grad norm: 0.3251
[iter 2480]loss: 3.5720, tokens/sec: 87614.55 ± 1587.67, tokens seen: 487587840, grad norm: 0.4006
[iter 2490]loss: 3.6208, tokens/sec: 87614.63 ± 1584.48, tokens seen: 489553920, grad norm: 0.3477
[step 2500]train loss: 3.6016, val loss: 3.5961, (avg train loss: 0.6036 ± 0.0165), (avg grad norm: 0.3730 ± 0.0400)
saving checkpoint to ./out-owt-medium-mhc-lite-bs16-18000step
[iter 2500]loss: 3.3736, tokens/sec: 87615.22 ± 1581.52, tokens seen: 491520000, grad norm: 0.4079
[iter 2510]loss: 3.2638, tokens/sec: 87615.76 ± 1578.40, tokens seen: 493486080, grad norm: 0.3671
[iter 2520]loss: 3.4748, tokens/sec: 87616.22 ± 1575.28, tokens seen: 495452160, grad norm: 0.4052
[iter 2530]loss: 3.6189, tokens/sec: 87616.55 ± 1572.18, tokens seen: 497418240, grad norm: 0.3480
[iter 2540]loss: 3.6443, tokens/sec: 87616.76 ± 1569.09, tokens seen: 499384320, grad norm: 0.3866
[iter 2550]loss: 3.6269, tokens/sec: 87616.82 ± 1566.01, tokens seen: 501350400, grad norm: 0.4613
[iter 2560]loss: 3.7509, tokens/sec: 87616.92 ± 1562.95, tokens seen: 503316480, grad norm: 0.3937
[iter 2570]loss: 3.4626, tokens/sec: 87616.95 ± 1559.91, tokens seen: 505282560, grad norm: 0.3918
[iter 2580]loss: 3.4512, tokens/sec: 87617.03 ± 1556.89, tokens seen: 507248640, grad norm: 0.3559
[iter 2590]loss: 3.5495, tokens/sec: 87617.11 ± 1553.88, tokens seen: 509214720, grad norm: 0.3285
[iter 2600]loss: 3.2703, tokens/sec: 87617.19 ± 1550.89, tokens seen: 511180800, grad norm: 0.3794
[iter 2610]loss: 3.5678, tokens/sec: 87617.28 ± 1547.92, tokens seen: 513146880, grad norm: 0.3878
[iter 2620]loss: 3.7079, tokens/sec: 87617.33 ± 1544.97, tokens seen: 515112960, grad norm: 0.4193
[iter 2630]loss: 3.3822, tokens/sec: 87617.41 ± 1542.03, tokens seen: 517079040, grad norm: 0.3455
[iter 2640]loss: 3.4190, tokens/sec: 87617.50 ± 1539.11, tokens seen: 519045120, grad norm: 0.3435
[iter 2650]loss: 3.4994, tokens/sec: 87617.59 ± 1536.21, tokens seen: 521011200, grad norm: 0.3885
[iter 2660]loss: 3.5065, tokens/sec: 87617.67 ± 1533.32, tokens seen: 522977280, grad norm: 0.4422
[iter 2670]loss: 3.6396, tokens/sec: 87617.72 ± 1530.45, tokens seen: 524943360, grad norm: 0.3280
[iter 2680]loss: 3.5242, tokens/sec: 87617.79 ± 1527.59, tokens seen: 526909440, grad norm: 0.3298
[iter 2690]loss: 3.6901, tokens/sec: 87617.87 ± 1524.75, tokens seen: 528875520, grad norm: 0.3928
[iter 2700]loss: 3.6663, tokens/sec: 87617.95 ± 1521.93, tokens seen: 530841600, grad norm: 0.3966
[iter 2710]loss: 3.4650, tokens/sec: 87618.02 ± 1519.12, tokens seen: 532807680, grad norm: 0.3691
[iter 2720]loss: 3.5959, tokens/sec: 87618.08 ± 1516.33, tokens seen: 534773760, grad norm: 0.3975
[iter 2730]loss: 3.6623, tokens/sec: 87618.15 ± 1513.55, tokens seen: 536739840, grad norm: 0.3655
[iter 2740]loss: 3.6841, tokens/sec: 87618.24 ± 1510.79, tokens seen: 538705920, grad norm: 0.3317
[iter 2750]loss: 3.5766, tokens/sec: 87618.31 ± 1508.04, tokens seen: 540672000, grad norm: 0.3630
[iter 2760]loss: 3.5974, tokens/sec: 87618.39 ± 1505.31, tokens seen: 542638080, grad norm: 0.3906
[iter 2770]loss: 3.5494, tokens/sec: 87618.46 ± 1502.60, tokens seen: 544604160, grad norm: 0.4052
[iter 2780]loss: 3.4514, tokens/sec: 87618.53 ± 1499.90, tokens seen: 546570240, grad norm: 0.3304
[iter 2790]loss: 3.7607, tokens/sec: 87618.60 ± 1497.21, tokens seen: 548536320, grad norm: 0.3641
[iter 2800]loss: 3.5813, tokens/sec: 87618.66 ± 1494.53, tokens seen: 550502400, grad norm: 0.3616
[iter 2810]loss: 3.5747, tokens/sec: 87618.73 ± 1491.87, tokens seen: 552468480, grad norm: 0.3445
[iter 2820]loss: 3.5978, tokens/sec: 87618.79 ± 1489.23, tokens seen: 554434560, grad norm: 0.3211
[iter 2830]loss: 3.6935, tokens/sec: 87618.87 ± 1486.60, tokens seen: 556400640, grad norm: 0.3627
[iter 2840]loss: 3.5629, tokens/sec: 87618.94 ± 1483.98, tokens seen: 558366720, grad norm: 0.3139
[iter 2850]loss: 3.4690, tokens/sec: 87619.00 ± 1481.38, tokens seen: 560332800, grad norm: 0.3980
[iter 2860]loss: 3.5102, tokens/sec: 87619.08 ± 1478.79, tokens seen: 562298880, grad norm: 0.3218
[iter 2870]loss: 3.5845, tokens/sec: 87619.15 ± 1476.22, tokens seen: 564264960, grad norm: 0.3175
[iter 2880]loss: 3.5165, tokens/sec: 87619.23 ± 1473.65, tokens seen: 566231040, grad norm: 0.3333
[iter 2890]loss: 3.7071, tokens/sec: 87619.31 ± 1471.10, tokens seen: 568197120, grad norm: 0.3586
[iter 2900]loss: 3.6061, tokens/sec: 87619.38 ± 1468.57, tokens seen: 570163200, grad norm: 0.3299
[iter 2910]loss: 3.6029, tokens/sec: 87619.46 ± 1466.04, tokens seen: 572129280, grad norm: 0.3433
[iter 2920]loss: 3.4940, tokens/sec: 87619.54 ± 1463.53, tokens seen: 574095360, grad norm: 0.3347
[iter 2930]loss: 3.6524, tokens/sec: 87619.60 ± 1461.04, tokens seen: 576061440, grad norm: 0.3266
[iter 2940]loss: 3.5807, tokens/sec: 87619.65 ± 1458.55, tokens seen: 578027520, grad norm: 0.3497
[iter 2950]loss: 3.4898, tokens/sec: 87619.73 ± 1456.08, tokens seen: 579993600, grad norm: 0.3508
[iter 2960]loss: 3.5573, tokens/sec: 87619.81 ± 1453.62, tokens seen: 581959680, grad norm: 0.3520
[iter 2970]loss: 3.6028, tokens/sec: 87619.87 ± 1451.18, tokens seen: 583925760, grad norm: 0.3429
[iter 2980]loss: 3.6272, tokens/sec: 87619.97 ± 1448.74, tokens seen: 585891840, grad norm: 0.3537
[iter 2990]loss: 3.4935, tokens/sec: 87620.02 ± 1446.32, tokens seen: 587857920, grad norm: 0.3451
[step 3000]train loss: 3.5296, val loss: 3.5491, (avg train loss: 0.5946 ± 0.0154), (avg grad norm: 0.3620 ± 0.0321)
saving checkpoint to ./out-owt-medium-mhc-lite-bs16-18000step
[iter 3000]loss: 3.6076, tokens/sec: 87620.55 ± 1444.14, tokens seen: 589824000, grad norm: 0.3512
[iter 3010]loss: 3.5536, tokens/sec: 87621.03 ± 1441.76, tokens seen: 591790080, grad norm: 0.3566
[iter 3020]loss: 3.6546, tokens/sec: 87621.33 ± 1439.39, tokens seen: 593756160, grad norm: 0.3682
[iter 3030]loss: 3.5774, tokens/sec: 87621.57 ± 1437.02, tokens seen: 595722240, grad norm: 0.3207
[iter 3040]loss: 3.5762, tokens/sec: 87621.75 ± 1434.66, tokens seen: 597688320, grad norm: 0.3444
[iter 3050]loss: 3.6971, tokens/sec: 87621.81 ± 1432.31, tokens seen: 599654400, grad norm: 0.3313
[iter 3060]loss: 3.4630, tokens/sec: 87621.86 ± 1429.97, tokens seen: 601620480, grad norm: 0.3373
[iter 3070]loss: 3.4285, tokens/sec: 87621.95 ± 1427.64, tokens seen: 603586560, grad norm: 0.3486
[iter 3080]loss: 3.5295, tokens/sec: 87621.97 ± 1425.32, tokens seen: 605552640, grad norm: 0.3329
[iter 3090]loss: 3.6218, tokens/sec: 87622.03 ± 1423.02, tokens seen: 607518720, grad norm: 0.3672
[iter 3100]loss: 3.7886, tokens/sec: 87622.08 ± 1420.72, tokens seen: 609484800, grad norm: 0.3580
[iter 3110]loss: 3.3688, tokens/sec: 87622.15 ± 1418.44, tokens seen: 611450880, grad norm: 0.3460
[iter 3120]loss: 3.5583, tokens/sec: 87622.21 ± 1416.16, tokens seen: 613416960, grad norm: 0.4526
[iter 3130]loss: 3.4720, tokens/sec: 87622.27 ± 1413.91, tokens seen: 615383040, grad norm: 0.3435
[iter 3140]loss: 3.5850, tokens/sec: 87622.32 ± 1411.66, tokens seen: 617349120, grad norm: 0.3865
[iter 3150]loss: 3.5361, tokens/sec: 87622.38 ± 1409.41, tokens seen: 619315200, grad norm: 0.3382
[iter 3160]loss: 3.5396, tokens/sec: 87622.45 ± 1407.19, tokens seen: 621281280, grad norm: 0.3305
[iter 3170]loss: 3.6042, tokens/sec: 87622.52 ± 1404.97, tokens seen: 623247360, grad norm: 0.4526
[iter 3180]loss: 3.4295, tokens/sec: 87622.57 ± 1402.76, tokens seen: 625213440, grad norm: 0.3552
[iter 3190]loss: 3.5451, tokens/sec: 87622.64 ± 1400.56, tokens seen: 627179520, grad norm: 0.3194
[iter 3200]loss: 3.3463, tokens/sec: 87622.69 ± 1398.37, tokens seen: 629145600, grad norm: 0.4083
[iter 3210]loss: 3.3149, tokens/sec: 87622.74 ± 1396.19, tokens seen: 631111680, grad norm: 0.3336
[iter 3220]loss: 3.5887, tokens/sec: 87622.80 ± 1394.03, tokens seen: 633077760, grad norm: 0.2930
[iter 3230]loss: 3.5431, tokens/sec: 87622.85 ± 1391.87, tokens seen: 635043840, grad norm: 0.3470
[iter 3240]loss: 3.2860, tokens/sec: 87622.91 ± 1389.72, tokens seen: 637009920, grad norm: 0.3794
[iter 3250]loss: 3.5231, tokens/sec: 87622.98 ± 1387.59, tokens seen: 638976000, grad norm: 0.3465
[iter 3260]loss: 3.6475, tokens/sec: 87623.04 ± 1385.46, tokens seen: 640942080, grad norm: 0.4066
[iter 3270]loss: 3.6648, tokens/sec: 87623.11 ± 1383.34, tokens seen: 642908160, grad norm: 0.3588
[iter 3280]loss: 3.6573, tokens/sec: 87623.15 ± 1381.23, tokens seen: 644874240, grad norm: 0.3571
[iter 3290]loss: 3.5117, tokens/sec: 87623.22 ± 1379.14, tokens seen: 646840320, grad norm: 0.4074
[iter 3300]loss: 3.5097, tokens/sec: 87623.28 ± 1377.05, tokens seen: 648806400, grad norm: 0.3170
[iter 3310]loss: 3.6073, tokens/sec: 87623.35 ± 1374.97, tokens seen: 650772480, grad norm: 0.3535
[iter 3320]loss: 3.5331, tokens/sec: 87623.42 ± 1372.90, tokens seen: 652738560, grad norm: 0.3293
[iter 3330]loss: 3.4746, tokens/sec: 87623.45 ± 1370.84, tokens seen: 654704640, grad norm: 0.3369
[iter 3340]loss: 3.5915, tokens/sec: 87623.53 ± 1368.79, tokens seen: 656670720, grad norm: 0.3486
[iter 3350]loss: 3.4676, tokens/sec: 87623.56 ± 1366.74, tokens seen: 658636800, grad norm: 0.3287
[iter 3360]loss: 3.4228, tokens/sec: 87623.62 ± 1364.71, tokens seen: 660602880, grad norm: 0.3105
[iter 3370]loss: 3.4327, tokens/sec: 87623.68 ± 1362.69, tokens seen: 662568960, grad norm: 0.2964
[iter 3380]loss: 3.6233, tokens/sec: 87623.73 ± 1360.67, tokens seen: 664535040, grad norm: 0.3612
[iter 3390]loss: 3.5511, tokens/sec: 87623.80 ± 1358.67, tokens seen: 666501120, grad norm: 0.3194
[iter 3400]loss: 3.4718, tokens/sec: 87623.84 ± 1356.67, tokens seen: 668467200, grad norm: 0.3484
[iter 3410]loss: 3.4592, tokens/sec: 87623.89 ± 1354.68, tokens seen: 670433280, grad norm: 0.3594
[iter 3420]loss: 3.7185, tokens/sec: 87623.95 ± 1352.70, tokens seen: 672399360, grad norm: 0.3518
[iter 3430]loss: 3.5262, tokens/sec: 87623.98 ± 1350.73, tokens seen: 674365440, grad norm: 0.3590
[iter 3440]loss: 3.4244, tokens/sec: 87624.05 ± 1348.77, tokens seen: 676331520, grad norm: 0.3318
[iter 3450]loss: 3.5228, tokens/sec: 87624.09 ± 1346.81, tokens seen: 678297600, grad norm: 0.3845
[iter 3460]loss: 3.5847, tokens/sec: 87624.16 ± 1344.87, tokens seen: 680263680, grad norm: 0.3176
[iter 3470]loss: 3.3927, tokens/sec: 87624.25 ± 1342.93, tokens seen: 682229760, grad norm: 0.3048
[iter 3480]loss: 3.3087, tokens/sec: 87624.35 ± 1341.00, tokens seen: 684195840, grad norm: 0.4468
[iter 3490]loss: 3.6645, tokens/sec: 87624.40 ± 1339.08, tokens seen: 686161920, grad norm: 0.3203
[step 3500]train loss: 3.4844, val loss: 3.4995, (avg train loss: 0.5820 ± 0.0176), (avg grad norm: 0.3506 ± 0.0338)
saving checkpoint to ./out-owt-medium-mhc-lite-bs16-18000step
[iter 3500]loss: 3.3532, tokens/sec: 87624.85 ± 1337.36, tokens seen: 688128000, grad norm: 0.3285
[iter 3510]loss: 3.4332, tokens/sec: 87625.30 ± 1335.49, tokens seen: 690094080, grad norm: 0.3709
[iter 3520]loss: 3.6209, tokens/sec: 87625.59 ± 1333.60, tokens seen: 692060160, grad norm: 0.4153
[iter 3530]loss: 3.3146, tokens/sec: 87625.76 ± 1331.72, tokens seen: 694026240, grad norm: 0.3055
[iter 3540]loss: 3.2372, tokens/sec: 87625.94 ± 1329.84, tokens seen: 695992320, grad norm: 0.3255
[iter 3550]loss: 3.4689, tokens/sec: 87626.07 ± 1327.97, tokens seen: 697958400, grad norm: 0.3359
[iter 3560]loss: 3.4769, tokens/sec: 87626.17 ± 1326.11, tokens seen: 699924480, grad norm: 0.3186
[iter 3570]loss: 3.4964, tokens/sec: 87626.24 ± 1324.25, tokens seen: 701890560, grad norm: 0.3066
[iter 3580]loss: 3.6354, tokens/sec: 87626.27 ± 1322.40, tokens seen: 703856640, grad norm: 0.3683
[iter 3590]loss: 3.5964, tokens/sec: 87626.30 ± 1320.56, tokens seen: 705822720, grad norm: 0.3320
[iter 3600]loss: 3.3784, tokens/sec: 87626.35 ± 1318.73, tokens seen: 707788800, grad norm: 0.3913
[iter 3610]loss: 3.5064, tokens/sec: 87626.39 ± 1316.91, tokens seen: 709754880, grad norm: 0.3339
[iter 3620]loss: 3.6095, tokens/sec: 87626.43 ± 1315.09, tokens seen: 711720960, grad norm: 0.3845
[iter 3630]loss: 3.4705, tokens/sec: 87626.46 ± 1313.28, tokens seen: 713687040, grad norm: 0.3418
[iter 3640]loss: 3.5621, tokens/sec: 87626.51 ± 1311.47, tokens seen: 715653120, grad norm: 0.3288
[iter 3650]loss: 3.6429, tokens/sec: 87626.56 ± 1309.68, tokens seen: 717619200, grad norm: 0.3199
[iter 3660]loss: 3.4454, tokens/sec: 87626.59 ± 1307.89, tokens seen: 719585280, grad norm: 0.3343
[iter 3670]loss: 3.4874, tokens/sec: 87626.61 ± 1306.11, tokens seen: 721551360, grad norm: 0.3273
[iter 3680]loss: 3.3629, tokens/sec: 87626.67 ± 1304.33, tokens seen: 723517440, grad norm: 0.3397
[iter 3690]loss: 3.5553, tokens/sec: 87626.69 ± 1302.57, tokens seen: 725483520, grad norm: 0.2973
[iter 3700]loss: 3.4427, tokens/sec: 87626.74 ± 1300.81, tokens seen: 727449600, grad norm: 0.3004
[iter 3710]loss: 3.4787, tokens/sec: 87626.78 ± 1299.06, tokens seen: 729415680, grad norm: 0.3685
[iter 3720]loss: 3.4815, tokens/sec: 87626.81 ± 1297.31, tokens seen: 731381760, grad norm: 0.3195
[iter 3730]loss: 3.3705, tokens/sec: 87626.84 ± 1295.57, tokens seen: 733347840, grad norm: 0.3569
[iter 3740]loss: 3.4037, tokens/sec: 87626.87 ± 1293.84, tokens seen: 735313920, grad norm: 0.3296
[iter 3750]loss: 3.4555, tokens/sec: 87626.90 ± 1292.12, tokens seen: 737280000, grad norm: 0.3432
[iter 3760]loss: 3.4639, tokens/sec: 87626.94 ± 1290.40, tokens seen: 739246080, grad norm: 0.3709
[iter 3770]loss: 3.5285, tokens/sec: 87627.00 ± 1288.69, tokens seen: 741212160, grad norm: 0.3979
[iter 3780]loss: 3.4979, tokens/sec: 87627.03 ± 1286.99, tokens seen: 743178240, grad norm: 0.3243
[iter 3790]loss: 3.2759, tokens/sec: 87627.07 ± 1285.29, tokens seen: 745144320, grad norm: 0.3533
[iter 3800]loss: 3.2918, tokens/sec: 87627.09 ± 1283.60, tokens seen: 747110400, grad norm: 0.3476
[iter 3810]loss: 3.4591, tokens/sec: 87627.15 ± 1281.92, tokens seen: 749076480, grad norm: 0.3694
[iter 3820]loss: 3.4233, tokens/sec: 87627.18 ± 1280.24, tokens seen: 751042560, grad norm: 0.3144
[iter 3830]loss: 3.4078, tokens/sec: 87627.19 ± 1278.57, tokens seen: 753008640, grad norm: 0.3580
[iter 3840]loss: 3.4837, tokens/sec: 87627.23 ± 1276.90, tokens seen: 754974720, grad norm: 0.3500
[iter 3850]loss: 3.4061, tokens/sec: 87627.27 ± 1275.25, tokens seen: 756940800, grad norm: 0.4177
[iter 3860]loss: 3.5355, tokens/sec: 87627.29 ± 1273.59, tokens seen: 758906880, grad norm: 0.3405
[iter 3870]loss: 3.4201, tokens/sec: 87627.34 ± 1271.95, tokens seen: 760872960, grad norm: 0.2934
[iter 3880]loss: 3.4029, tokens/sec: 87627.35 ± 1270.31, tokens seen: 762839040, grad norm: 0.4229
[iter 3890]loss: 3.3759, tokens/sec: 87627.40 ± 1268.68, tokens seen: 764805120, grad norm: 0.3267
[iter 3900]loss: 3.5918, tokens/sec: 87627.43 ± 1267.05, tokens seen: 766771200, grad norm: 0.3790
[iter 3910]loss: 3.6455, tokens/sec: 87627.46 ± 1265.43, tokens seen: 768737280, grad norm: 0.3804
[iter 3920]loss: 3.4362, tokens/sec: 87627.51 ± 1263.82, tokens seen: 770703360, grad norm: 0.3251
[iter 3930]loss: 3.4785, tokens/sec: 87627.56 ± 1262.22, tokens seen: 772669440, grad norm: 0.3295
[iter 3940]loss: 3.5200, tokens/sec: 87627.60 ± 1260.61, tokens seen: 774635520, grad norm: 0.3107
[iter 3950]loss: 3.3809, tokens/sec: 87627.62 ± 1259.02, tokens seen: 776601600, grad norm: 0.3498
[iter 3960]loss: 3.5429, tokens/sec: 87627.64 ± 1257.43, tokens seen: 778567680, grad norm: 0.3629
[iter 3970]loss: 3.5829, tokens/sec: 87627.67 ± 1255.85, tokens seen: 780533760, grad norm: 0.3682
[iter 3980]loss: 3.3166, tokens/sec: 87627.71 ± 1254.27, tokens seen: 782499840, grad norm: 0.4045
[iter 3990]loss: 3.6465, tokens/sec: 87627.74 ± 1252.70, tokens seen: 784465920, grad norm: 0.3471
[step 4000]train loss: 3.4447, val loss: 3.4599, (avg train loss: 0.5755 ± 0.0161), (avg grad norm: 0.3500 ± 0.0345)
saving checkpoint to ./out-owt-medium-mhc-lite-bs16-18000step
[iter 4000]loss: 3.4722, tokens/sec: 87628.11 ± 1251.31, tokens seen: 786432000, grad norm: 0.3100
[iter 4010]loss: 3.3984, tokens/sec: 87628.50 ± 1249.78, tokens seen: 788398080, grad norm: 0.3411
[iter 4020]loss: 3.3252, tokens/sec: 87628.69 ± 1248.23, tokens seen: 790364160, grad norm: 0.3344
[iter 4030]loss: 3.4322, tokens/sec: 87628.81 ± 1246.69, tokens seen: 792330240, grad norm: 0.3948
[iter 4040]loss: 3.3358, tokens/sec: 87628.96 ± 1245.15, tokens seen: 794296320, grad norm: 0.3674
[iter 4050]loss: 3.4091, tokens/sec: 87629.06 ± 1243.61, tokens seen: 796262400, grad norm: 0.3079
[iter 4060]loss: 3.4896, tokens/sec: 87629.09 ± 1242.08, tokens seen: 798228480, grad norm: 0.3237
[iter 4070]loss: 3.4015, tokens/sec: 87629.12 ± 1240.56, tokens seen: 800194560, grad norm: 0.3166
[iter 4080]loss: 3.5941, tokens/sec: 87629.17 ± 1239.04, tokens seen: 802160640, grad norm: 0.3497
[iter 4090]loss: 3.5454, tokens/sec: 87629.26 ± 1237.52, tokens seen: 804126720, grad norm: 0.3409
[iter 4100]loss: 3.3692, tokens/sec: 87629.28 ± 1236.02, tokens seen: 806092800, grad norm: 0.3080
[iter 4110]loss: 3.5755, tokens/sec: 87629.32 ± 1234.51, tokens seen: 808058880, grad norm: 0.3162
[iter 4120]loss: 3.5000, tokens/sec: 87629.34 ± 1233.01, tokens seen: 810024960, grad norm: 0.3494
[iter 4130]loss: 3.3142, tokens/sec: 87629.37 ± 1231.52, tokens seen: 811991040, grad norm: 0.3065
[iter 4140]loss: 3.3379, tokens/sec: 87629.37 ± 1230.04, tokens seen: 813957120, grad norm: 0.3008
[iter 4150]loss: 3.3797, tokens/sec: 87629.41 ± 1228.56, tokens seen: 815923200, grad norm: 0.3031
[iter 4160]loss: 3.6187, tokens/sec: 87629.43 ± 1227.08, tokens seen: 817889280, grad norm: 0.3341
[iter 4170]loss: 3.4049, tokens/sec: 87629.46 ± 1225.61, tokens seen: 819855360, grad norm: 0.3221
[iter 4180]loss: 3.5221, tokens/sec: 87629.50 ± 1224.15, tokens seen: 821821440, grad norm: 0.3323
[iter 4190]loss: 3.5427, tokens/sec: 87629.54 ± 1222.69, tokens seen: 823787520, grad norm: 0.3779
[iter 4200]loss: 3.4413, tokens/sec: 87629.54 ± 1221.23, tokens seen: 825753600, grad norm: 0.3204
[iter 4210]loss: 3.3475, tokens/sec: 87629.58 ± 1219.78, tokens seen: 827719680, grad norm: 0.3330
[iter 4220]loss: 3.5265, tokens/sec: 87629.61 ± 1218.34, tokens seen: 829685760, grad norm: 0.3496
[iter 4230]loss: 3.5000, tokens/sec: 87629.63 ± 1216.90, tokens seen: 831651840, grad norm: 0.3286
[iter 4240]loss: 3.4456, tokens/sec: 87629.66 ± 1215.46, tokens seen: 833617920, grad norm: 0.3880
[iter 4250]loss: 3.3532, tokens/sec: 87629.67 ± 1214.03, tokens seen: 835584000, grad norm: 0.3187
[iter 4260]loss: 3.6119, tokens/sec: 87629.67 ± 1212.61, tokens seen: 837550080, grad norm: 0.3021
[iter 4270]loss: 3.3619, tokens/sec: 87629.72 ± 1211.19, tokens seen: 839516160, grad norm: 0.3340
[iter 4280]loss: 3.3840, tokens/sec: 87629.74 ± 1209.77, tokens seen: 841482240, grad norm: 0.3026
[iter 4290]loss: 3.6818, tokens/sec: 87629.76 ± 1208.36, tokens seen: 843448320, grad norm: 0.3144
[iter 4300]loss: 3.3391, tokens/sec: 87629.79 ± 1206.96, tokens seen: 845414400, grad norm: 0.3542
[iter 4310]loss: 3.4453, tokens/sec: 87629.81 ± 1205.56, tokens seen: 847380480, grad norm: 0.2997
[iter 4320]loss: 3.5174, tokens/sec: 87629.83 ± 1204.17, tokens seen: 849346560, grad norm: 0.3337
[iter 4330]loss: 3.4160, tokens/sec: 87629.88 ± 1202.78, tokens seen: 851312640, grad norm: 0.3206
[iter 4340]loss: 3.3790, tokens/sec: 87629.89 ± 1201.39, tokens seen: 853278720, grad norm: 0.3017
[iter 4350]loss: 3.3842, tokens/sec: 87629.91 ± 1200.01, tokens seen: 855244800, grad norm: 0.3308
[iter 4360]loss: 3.4010, tokens/sec: 87629.96 ± 1198.64, tokens seen: 857210880, grad norm: 0.3857
[iter 4370]loss: 3.4918, tokens/sec: 87629.96 ± 1197.27, tokens seen: 859176960, grad norm: 0.3496
[iter 4380]loss: 3.5524, tokens/sec: 87629.99 ± 1195.90, tokens seen: 861143040, grad norm: 0.3427
[iter 4390]loss: 3.3767, tokens/sec: 87630.03 ± 1194.54, tokens seen: 863109120, grad norm: 0.3359
[iter 4400]loss: 3.5395, tokens/sec: 87630.05 ± 1193.18, tokens seen: 865075200, grad norm: 0.3241
[iter 4410]loss: 3.4332, tokens/sec: 87630.07 ± 1191.83, tokens seen: 867041280, grad norm: 0.3273
[iter 4420]loss: 3.3747, tokens/sec: 87630.09 ± 1190.48, tokens seen: 869007360, grad norm: 0.3665
[iter 4430]loss: 3.4816, tokens/sec: 87630.11 ± 1189.14, tokens seen: 870973440, grad norm: 0.3268
[iter 4440]loss: 3.2866, tokens/sec: 87630.14 ± 1187.80, tokens seen: 872939520, grad norm: 0.3522
[iter 4450]loss: 3.4074, tokens/sec: 87630.16 ± 1186.47, tokens seen: 874905600, grad norm: 0.3758
[iter 4460]loss: 3.5463, tokens/sec: 87630.19 ± 1185.14, tokens seen: 876871680, grad norm: 0.3619
[iter 4470]loss: 3.2627, tokens/sec: 87630.20 ± 1183.82, tokens seen: 878837760, grad norm: 0.3136
[iter 4480]loss: 3.4162, tokens/sec: 87630.23 ± 1182.49, tokens seen: 880803840, grad norm: 0.3405
[iter 4490]loss: 3.3370, tokens/sec: 87630.26 ± 1181.18, tokens seen: 882769920, grad norm: 0.3338
[step 4500]train loss: 3.4099, val loss: 3.4304, (avg train loss: 0.5691 ± 0.0171), (avg grad norm: 0.3421 ± 0.0307)
saving checkpoint to ./out-owt-medium-mhc-lite-bs16-18000step
[iter 4500]loss: 3.5260, tokens/sec: 87630.60 ± 1180.05, tokens seen: 884736000, grad norm: 0.3095
[iter 4510]loss: 3.3591, tokens/sec: 87630.93 ± 1178.76, tokens seen: 886702080, grad norm: 0.3344
[iter 4520]loss: 3.3636, tokens/sec: 87631.17 ± 1177.47, tokens seen: 888668160, grad norm: 0.3156
[iter 4530]loss: 3.6376, tokens/sec: 87631.31 ± 1176.17, tokens seen: 890634240, grad norm: 0.3180
[iter 4540]loss: 3.4073, tokens/sec: 87631.42 ± 1174.88, tokens seen: 892600320, grad norm: 0.3205
[iter 4550]loss: 3.4820, tokens/sec: 87631.44 ± 1173.59, tokens seen: 894566400, grad norm: 0.3251
[iter 4560]loss: 3.5171, tokens/sec: 87631.46 ± 1172.31, tokens seen: 896532480, grad norm: 0.3816
[iter 4570]loss: 3.4508, tokens/sec: 87631.48 ± 1171.02, tokens seen: 898498560, grad norm: 0.3682
[iter 4580]loss: 3.4410, tokens/sec: 87631.50 ± 1169.75, tokens seen: 900464640, grad norm: 0.3272
[iter 4590]loss: 3.4558, tokens/sec: 87631.50 ± 1168.47, tokens seen: 902430720, grad norm: 0.3333
[iter 4600]loss: 3.3415, tokens/sec: 87631.52 ± 1167.20, tokens seen: 904396800, grad norm: 0.3071
[iter 4610]loss: 3.3193, tokens/sec: 87631.52 ± 1165.94, tokens seen: 906362880, grad norm: 0.2865
[iter 4620]loss: 3.3754, tokens/sec: 87631.56 ± 1164.68, tokens seen: 908328960, grad norm: 0.3242
[iter 4630]loss: 3.3249, tokens/sec: 87631.59 ± 1163.42, tokens seen: 910295040, grad norm: 0.3118
[iter 4640]loss: 3.4738, tokens/sec: 87631.60 ± 1162.17, tokens seen: 912261120, grad norm: 0.3438
[iter 4650]loss: 3.4078, tokens/sec: 87631.63 ± 1160.92, tokens seen: 914227200, grad norm: 0.3351
[iter 4660]loss: 3.3636, tokens/sec: 87631.64 ± 1159.67, tokens seen: 916193280, grad norm: 0.3312
[iter 4670]loss: 3.4330, tokens/sec: 87631.66 ± 1158.43, tokens seen: 918159360, grad norm: 0.4168
[iter 4680]loss: 3.3283, tokens/sec: 87631.68 ± 1157.19, tokens seen: 920125440, grad norm: 0.3788
[iter 4690]loss: 3.3969, tokens/sec: 87631.71 ± 1155.96, tokens seen: 922091520, grad norm: 0.3167
[iter 4700]loss: 3.4449, tokens/sec: 87631.72 ± 1154.73, tokens seen: 924057600, grad norm: 0.3439
[iter 4710]loss: 3.4423, tokens/sec: 87631.73 ± 1153.51, tokens seen: 926023680, grad norm: 0.3222
[iter 4720]loss: 3.4645, tokens/sec: 87631.77 ± 1152.28, tokens seen: 927989760, grad norm: 0.3827
[iter 4730]loss: 3.5187, tokens/sec: 87631.78 ± 1151.07, tokens seen: 929955840, grad norm: 0.3013
[iter 4740]loss: 3.5388, tokens/sec: 87631.80 ± 1149.85, tokens seen: 931921920, grad norm: 0.3384
[iter 4750]loss: 3.4888, tokens/sec: 87631.82 ± 1148.64, tokens seen: 933888000, grad norm: 0.3232
[iter 4760]loss: 3.3514, tokens/sec: 87631.84 ± 1147.44, tokens seen: 935854080, grad norm: 0.3119
[iter 4770]loss: 3.3507, tokens/sec: 87631.86 ± 1146.24, tokens seen: 937820160, grad norm: 0.3536
[iter 4780]loss: 3.2762, tokens/sec: 87631.87 ± 1145.04, tokens seen: 939786240, grad norm: 0.3415
[iter 4790]loss: 3.2674, tokens/sec: 87631.88 ± 1143.84, tokens seen: 941752320, grad norm: 0.3937
[iter 4800]loss: 3.3354, tokens/sec: 87631.92 ± 1142.65, tokens seen: 943718400, grad norm: 0.3272
[iter 4810]loss: 3.3194, tokens/sec: 87631.93 ± 1141.47, tokens seen: 945684480, grad norm: 0.3738
[iter 4820]loss: 3.4108, tokens/sec: 87631.94 ± 1140.28, tokens seen: 947650560, grad norm: 0.3681
[iter 4830]loss: 3.3256, tokens/sec: 87631.96 ± 1139.10, tokens seen: 949616640, grad norm: 0.3605
[iter 4840]loss: 3.3446, tokens/sec: 87631.99 ± 1137.93, tokens seen: 951582720, grad norm: 0.3588
[iter 4850]loss: 3.4102, tokens/sec: 87631.99 ± 1136.76, tokens seen: 953548800, grad norm: 0.2939
[iter 4860]loss: 3.2003, tokens/sec: 87632.02 ± 1135.59, tokens seen: 955514880, grad norm: 0.3312
[iter 4870]loss: 3.2718, tokens/sec: 87632.04 ± 1134.42, tokens seen: 957480960, grad norm: 0.3871
[iter 4880]loss: 3.3095, tokens/sec: 87632.07 ± 1133.26, tokens seen: 959447040, grad norm: 0.3285
[iter 4890]loss: 3.4892, tokens/sec: 87632.08 ± 1132.10, tokens seen: 961413120, grad norm: 0.3243
[iter 4900]loss: 3.2799, tokens/sec: 87632.11 ± 1130.95, tokens seen: 963379200, grad norm: 0.3249
[iter 4910]loss: 3.3287, tokens/sec: 87632.12 ± 1129.80, tokens seen: 965345280, grad norm: 0.3296
[iter 4920]loss: 3.3715, tokens/sec: 87632.13 ± 1128.65, tokens seen: 967311360, grad norm: 0.3551
[iter 4930]loss: 3.4301, tokens/sec: 87632.16 ± 1127.50, tokens seen: 969277440, grad norm: 0.3332
[iter 4940]loss: 3.0558, tokens/sec: 87632.17 ± 1126.36, tokens seen: 971243520, grad norm: 0.5002
[iter 4950]loss: 3.4916, tokens/sec: 87632.20 ± 1125.23, tokens seen: 973209600, grad norm: 0.3322
[iter 4960]loss: 3.1289, tokens/sec: 87632.21 ± 1124.09, tokens seen: 975175680, grad norm: 0.3015
[iter 4970]loss: 3.5646, tokens/sec: 87632.23 ± 1122.97, tokens seen: 977141760, grad norm: 0.3209
[iter 4980]loss: 3.5099, tokens/sec: 87632.25 ± 1121.84, tokens seen: 979107840, grad norm: 0.3574
[iter 4990]loss: 3.3589, tokens/sec: 87632.26 ± 1120.72, tokens seen: 981073920, grad norm: 0.3152
[step 5000]train loss: 3.3982, val loss: 3.4004, (avg train loss: 0.5662 ± 0.0181), (avg grad norm: 0.3400 ± 0.0303)
saving checkpoint to ./out-owt-medium-mhc-lite-bs16-18000step
[iter 5000]loss: 3.4926, tokens/sec: 87632.56 ± 1119.76, tokens seen: 983040000, grad norm: 0.3590
[iter 5010]loss: 3.3415, tokens/sec: 87632.83 ± 1118.66, tokens seen: 985006080, grad norm: 0.3082
[iter 5020]loss: 3.1147, tokens/sec: 87633.00 ± 1117.56, tokens seen: 986972160, grad norm: 0.3351
[iter 5030]loss: 3.4107, tokens/sec: 87633.14 ± 1116.45, tokens seen: 988938240, grad norm: 0.4274
[iter 5040]loss: 3.3296, tokens/sec: 87633.25 ± 1115.35, tokens seen: 990904320, grad norm: 0.3748
[iter 5050]loss: 3.4645, tokens/sec: 87633.28 ± 1114.24, tokens seen: 992870400, grad norm: 0.3509
[iter 5060]loss: 3.4091, tokens/sec: 87633.33 ± 1113.15, tokens seen: 994836480, grad norm: 0.3662
[iter 5070]loss: 3.4296, tokens/sec: 87633.35 ± 1112.05, tokens seen: 996802560, grad norm: 0.2858
[iter 5080]loss: 3.5476, tokens/sec: 87633.36 ± 1110.96, tokens seen: 998768640, grad norm: 0.3109
[iter 5090]loss: 3.3154, tokens/sec: 87633.36 ± 1109.87, tokens seen: 1000734720, grad norm: 0.3291
[iter 5100]loss: 3.5302, tokens/sec: 87633.39 ± 1108.78, tokens seen: 1002700800, grad norm: 0.3764
[iter 5110]loss: 3.3358, tokens/sec: 87633.40 ± 1107.70, tokens seen: 1004666880, grad norm: 0.3027
[iter 5120]loss: 3.3165, tokens/sec: 87633.44 ± 1106.61, tokens seen: 1006632960, grad norm: 0.3186
[iter 5130]loss: 3.3995, tokens/sec: 87633.44 ± 1105.54, tokens seen: 1008599040, grad norm: 0.3107
[iter 5140]loss: 3.3461, tokens/sec: 87633.47 ± 1104.46, tokens seen: 1010565120, grad norm: 0.3463
[iter 5150]loss: 3.2554, tokens/sec: 87633.47 ± 1103.39, tokens seen: 1012531200, grad norm: 0.3233
[iter 5160]loss: 3.4106, tokens/sec: 87633.50 ± 1102.32, tokens seen: 1014497280, grad norm: 0.2961
[iter 5170]loss: 3.4203, tokens/sec: 87633.53 ± 1101.26, tokens seen: 1016463360, grad norm: 0.3042
[iter 5180]loss: 3.3774, tokens/sec: 87633.54 ± 1100.20, tokens seen: 1018429440, grad norm: 0.3316
[iter 5190]loss: 3.6612, tokens/sec: 87633.55 ± 1099.14, tokens seen: 1020395520, grad norm: 0.3655
[iter 5200]loss: 3.6084, tokens/sec: 87633.57 ± 1098.08, tokens seen: 1022361600, grad norm: 0.3041
[iter 5210]loss: 3.4846, tokens/sec: 87633.58 ± 1097.03, tokens seen: 1024327680, grad norm: 0.3455
[iter 5220]loss: 3.3645, tokens/sec: 87633.59 ± 1095.98, tokens seen: 1026293760, grad norm: 0.2978
[iter 5230]loss: 3.4121, tokens/sec: 87633.61 ± 1094.93, tokens seen: 1028259840, grad norm: 0.3565
[iter 5240]loss: 3.4613, tokens/sec: 87633.61 ± 1093.89, tokens seen: 1030225920, grad norm: 0.3706
[iter 5250]loss: 3.4985, tokens/sec: 87633.64 ± 1092.85, tokens seen: 1032192000, grad norm: 0.3131
[iter 5260]loss: 3.3939, tokens/sec: 87633.65 ± 1091.81, tokens seen: 1034158080, grad norm: 0.3188
[iter 5270]loss: 3.4685, tokens/sec: 87633.67 ± 1090.77, tokens seen: 1036124160, grad norm: 0.3508
[iter 5280]loss: 3.4424, tokens/sec: 87633.68 ± 1089.74, tokens seen: 1038090240, grad norm: 0.3377
[iter 5290]loss: 3.3060, tokens/sec: 87633.70 ± 1088.71, tokens seen: 1040056320, grad norm: 0.3773
[iter 5300]loss: 3.0395, tokens/sec: 87633.71 ± 1087.68, tokens seen: 1042022400, grad norm: 0.3569
[iter 5310]loss: 3.4434, tokens/sec: 87633.72 ± 1086.66, tokens seen: 1043988480, grad norm: 0.3215
[iter 5320]loss: 3.4261, tokens/sec: 87633.74 ± 1085.64, tokens seen: 1045954560, grad norm: 0.3440
[iter 5330]loss: 3.4834, tokens/sec: 87633.76 ± 1084.62, tokens seen: 1047920640, grad norm: 0.3063
[iter 5340]loss: 3.2575, tokens/sec: 87633.77 ± 1083.61, tokens seen: 1049886720, grad norm: 0.3067
[iter 5350]loss: 3.3565, tokens/sec: 87633.77 ± 1082.60, tokens seen: 1051852800, grad norm: 0.3013
[iter 5360]loss: 3.2257, tokens/sec: 87633.80 ± 1081.59, tokens seen: 1053818880, grad norm: 0.3277
[iter 5370]loss: 3.2852, tokens/sec: 87633.81 ± 1080.58, tokens seen: 1055784960, grad norm: 0.3394
[iter 5380]loss: 3.3725, tokens/sec: 87633.82 ± 1079.58, tokens seen: 1057751040, grad norm: 0.3362
[iter 5390]loss: 3.2293, tokens/sec: 87633.83 ± 1078.58, tokens seen: 1059717120, grad norm: 0.3673
[iter 5400]loss: 3.4416, tokens/sec: 87633.85 ± 1077.58, tokens seen: 1061683200, grad norm: 0.3948
[iter 5410]loss: 3.5419, tokens/sec: 87633.86 ± 1076.58, tokens seen: 1063649280, grad norm: 0.3103
[iter 5420]loss: 3.4092, tokens/sec: 87633.88 ± 1075.59, tokens seen: 1065615360, grad norm: 0.3173
[iter 5430]loss: 3.3313, tokens/sec: 87633.89 ± 1074.60, tokens seen: 1067581440, grad norm: 0.3396
[iter 5440]loss: 3.3003, tokens/sec: 87633.92 ± 1073.61, tokens seen: 1069547520, grad norm: 0.3306
[iter 5450]loss: 3.2416, tokens/sec: 87633.93 ± 1072.63, tokens seen: 1071513600, grad norm: 0.4788
[iter 5460]loss: 3.2786, tokens/sec: 87633.93 ± 1071.65, tokens seen: 1073479680, grad norm: 0.3302
[iter 5470]loss: 3.4089, tokens/sec: 87633.95 ± 1070.67, tokens seen: 1075445760, grad norm: 0.3401
[iter 5480]loss: 3.3676, tokens/sec: 87633.96 ± 1069.69, tokens seen: 1077411840, grad norm: 0.3122
[iter 5490]loss: 3.3041, tokens/sec: 87633.97 ± 1068.72, tokens seen: 1079377920, grad norm: 0.3202
[step 5500]train loss: 3.3604, val loss: 3.3688, (avg train loss: 0.5598 ± 0.0178), (avg grad norm: 0.3343 ± 0.0285)
saving checkpoint to ./out-owt-medium-mhc-lite-bs16-18000step
[iter 5500]loss: 3.3786, tokens/sec: 87634.23 ± 1067.91, tokens seen: 1081344000, grad norm: 0.3147
[iter 5510]loss: 3.1180, tokens/sec: 87634.49 ± 1066.96, tokens seen: 1083310080, grad norm: 0.3169
[iter 5520]loss: 3.2514, tokens/sec: 87634.66 ± 1066.00, tokens seen: 1085276160, grad norm: 0.4239
[iter 5530]loss: 3.0635, tokens/sec: 87634.77 ± 1065.04, tokens seen: 1087242240, grad norm: 0.3025
[iter 5540]loss: 3.2632, tokens/sec: 87634.85 ± 1064.08, tokens seen: 1089208320, grad norm: 0.2919
[iter 5550]loss: 3.0831, tokens/sec: 87634.88 ± 1063.12, tokens seen: 1091174400, grad norm: 0.3313
[iter 5560]loss: 3.4236, tokens/sec: 87634.94 ± 1062.17, tokens seen: 1093140480, grad norm: 0.3159
[iter 5570]loss: 3.2918, tokens/sec: 87634.95 ± 1061.22, tokens seen: 1095106560, grad norm: 0.3321
[iter 5580]loss: 3.2897, tokens/sec: 87634.96 ± 1060.27, tokens seen: 1097072640, grad norm: 0.3220
[iter 5590]loss: 3.3225, tokens/sec: 87634.98 ± 1059.32, tokens seen: 1099038720, grad norm: 0.3408
[iter 5600]loss: 3.2144, tokens/sec: 87634.99 ± 1058.38, tokens seen: 1101004800, grad norm: 0.3589
[iter 5610]loss: 3.5584, tokens/sec: 87635.00 ± 1057.43, tokens seen: 1102970880, grad norm: 0.3693
[iter 5620]loss: 3.4612, tokens/sec: 87635.00 ± 1056.49, tokens seen: 1104936960, grad norm: 0.3718
[iter 5630]loss: 3.4401, tokens/sec: 87635.02 ± 1055.56, tokens seen: 1106903040, grad norm: 0.3207
[iter 5640]loss: 3.3138, tokens/sec: 87635.04 ± 1054.62, tokens seen: 1108869120, grad norm: 0.3281
[iter 5650]loss: 3.3257, tokens/sec: 87635.04 ± 1053.69, tokens seen: 1110835200, grad norm: 0.3865
[iter 5660]loss: 3.4250, tokens/sec: 87635.06 ± 1052.76, tokens seen: 1112801280, grad norm: 0.3191
[iter 5670]loss: 3.2778, tokens/sec: 87635.06 ± 1051.83, tokens seen: 1114767360, grad norm: 0.3004
[iter 5680]loss: 3.4542, tokens/sec: 87635.06 ± 1050.91, tokens seen: 1116733440, grad norm: 0.4133
[iter 5690]loss: 3.3315, tokens/sec: 87635.08 ± 1049.98, tokens seen: 1118699520, grad norm: 0.2847
[iter 5700]loss: 3.3815, tokens/sec: 87635.09 ± 1049.06, tokens seen: 1120665600, grad norm: 0.3224
[iter 5710]loss: 3.2631, tokens/sec: 87635.10 ± 1048.15, tokens seen: 1122631680, grad norm: 0.3305
[iter 5720]loss: 3.3238, tokens/sec: 87635.12 ± 1047.23, tokens seen: 1124597760, grad norm: 0.3551
[iter 5730]loss: 3.4301, tokens/sec: 87635.13 ± 1046.32, tokens seen: 1126563840, grad norm: 0.3289
[iter 5740]loss: 3.3572, tokens/sec: 87635.14 ± 1045.41, tokens seen: 1128529920, grad norm: 0.3436
[iter 5750]loss: 3.3905, tokens/sec: 87635.15 ± 1044.50, tokens seen: 1130496000, grad norm: 0.3181
[iter 5760]loss: 3.4080, tokens/sec: 87635.17 ± 1043.59, tokens seen: 1132462080, grad norm: 0.3340
[iter 5770]loss: 3.3260, tokens/sec: 87635.17 ± 1042.69, tokens seen: 1134428160, grad norm: 0.3163
[iter 5780]loss: 3.3245, tokens/sec: 87635.18 ± 1041.79, tokens seen: 1136394240, grad norm: 0.3056
[iter 5790]loss: 3.3741, tokens/sec: 87635.19 ± 1040.89, tokens seen: 1138360320, grad norm: 0.3420
[iter 5800]loss: 3.2685, tokens/sec: 87635.21 ± 1039.99, tokens seen: 1140326400, grad norm: 0.2951
[iter 5810]loss: 3.3145, tokens/sec: 87635.21 ± 1039.10, tokens seen: 1142292480, grad norm: 0.3228
[iter 5820]loss: 3.3544, tokens/sec: 87635.21 ± 1038.20, tokens seen: 1144258560, grad norm: 0.3038
[iter 5830]loss: 3.4241, tokens/sec: 87635.23 ± 1037.32, tokens seen: 1146224640, grad norm: 0.3334
[iter 5840]loss: 3.2353, tokens/sec: 87635.25 ± 1036.43, tokens seen: 1148190720, grad norm: 0.2990
[iter 5850]loss: 3.4352, tokens/sec: 87635.25 ± 1035.54, tokens seen: 1150156800, grad norm: 0.3056
[iter 5860]loss: 3.2859, tokens/sec: 87635.26 ± 1034.66, tokens seen: 1152122880, grad norm: 0.3208
[iter 5870]loss: 3.1839, tokens/sec: 87635.28 ± 1033.78, tokens seen: 1154088960, grad norm: 0.3414
[iter 5880]loss: 3.6498, tokens/sec: 87635.30 ± 1032.90, tokens seen: 1156055040, grad norm: 0.3298
[iter 5890]loss: 3.2955, tokens/sec: 87635.31 ± 1032.03, tokens seen: 1158021120, grad norm: 0.3147
[iter 5900]loss: 3.2673, tokens/sec: 87635.33 ± 1031.15, tokens seen: 1159987200, grad norm: 0.3898
[iter 5910]loss: 3.2034, tokens/sec: 87635.33 ± 1030.28, tokens seen: 1161953280, grad norm: 0.3843
[iter 5920]loss: 3.4581, tokens/sec: 87635.35 ± 1029.41, tokens seen: 1163919360, grad norm: 0.3547
[iter 5930]loss: 3.3920, tokens/sec: 87635.36 ± 1028.55, tokens seen: 1165885440, grad norm: 0.3027
[iter 5940]loss: 3.2232, tokens/sec: 87635.37 ± 1027.68, tokens seen: 1167851520, grad norm: 0.3013
[iter 5950]loss: 3.2701, tokens/sec: 87635.39 ± 1026.82, tokens seen: 1169817600, grad norm: 0.3588
[iter 5960]loss: 3.5091, tokens/sec: 87635.39 ± 1025.96, tokens seen: 1171783680, grad norm: 0.3083
[iter 5970]loss: 3.3797, tokens/sec: 87635.41 ± 1025.10, tokens seen: 1173749760, grad norm: 0.3400
[iter 5980]loss: 3.2124, tokens/sec: 87635.42 ± 1024.25, tokens seen: 1175715840, grad norm: 0.4062
[iter 5990]loss: 3.3318, tokens/sec: 87635.43 ± 1023.39, tokens seen: 1177681920, grad norm: 0.3115
[step 6000]train loss: 3.3496, val loss: 3.3383, (avg train loss: 0.5550 ± 0.0179), (avg grad norm: 0.3330 ± 0.0330)
saving checkpoint to ./out-owt-medium-mhc-lite-bs16-18000step
[iter 6000]loss: 3.2539, tokens/sec: 87635.66 ± 1022.68, tokens seen: 1179648000, grad norm: 0.3238
[iter 6010]loss: 3.2795, tokens/sec: 87635.93 ± 1021.85, tokens seen: 1181614080, grad norm: 0.3875
[iter 6020]loss: 3.4353, tokens/sec: 87636.10 ± 1021.01, tokens seen: 1183580160, grad norm: 0.3402
[iter 6030]loss: 3.4585, tokens/sec: 87636.21 ± 1020.17, tokens seen: 1185546240, grad norm: 0.3383
[iter 6040]loss: 3.4471, tokens/sec: 87636.28 ± 1019.33, tokens seen: 1187512320, grad norm: 0.3127
[iter 6050]loss: 3.4029, tokens/sec: 87636.31 ± 1018.49, tokens seen: 1189478400, grad norm: 0.3413
[iter 6060]loss: 3.2687, tokens/sec: 87636.32 ± 1017.65, tokens seen: 1191444480, grad norm: 0.3398
[iter 6070]loss: 3.2685, tokens/sec: 87636.32 ± 1016.81, tokens seen: 1193410560, grad norm: 0.3189
[iter 6080]loss: 3.3032, tokens/sec: 87636.33 ± 1015.98, tokens seen: 1195376640, grad norm: 0.2985
[iter 6090]loss: 3.3563, tokens/sec: 87636.34 ± 1015.14, tokens seen: 1197342720, grad norm: 0.3695
[iter 6100]loss: 3.2983, tokens/sec: 87636.34 ± 1014.31, tokens seen: 1199308800, grad norm: 0.3605
[iter 6110]loss: 3.4144, tokens/sec: 87636.35 ± 1013.48, tokens seen: 1201274880, grad norm: 0.3305
[iter 6120]loss: 3.4057, tokens/sec: 87636.37 ± 1012.66, tokens seen: 1203240960, grad norm: 0.4070
[iter 6130]loss: 3.3557, tokens/sec: 87636.37 ± 1011.83, tokens seen: 1205207040, grad norm: 0.3603
[iter 6140]loss: 3.4683, tokens/sec: 87636.38 ± 1011.01, tokens seen: 1207173120, grad norm: 0.3208
[iter 6150]loss: 3.3033, tokens/sec: 87636.39 ± 1010.19, tokens seen: 1209139200, grad norm: 0.3120
[iter 6160]loss: 3.3151, tokens/sec: 87636.40 ± 1009.37, tokens seen: 1211105280, grad norm: 0.3577
[iter 6170]loss: 3.2672, tokens/sec: 87636.41 ± 1008.55, tokens seen: 1213071360, grad norm: 0.3729
[iter 6180]loss: 3.2122, tokens/sec: 87636.42 ± 1007.74, tokens seen: 1215037440, grad norm: 0.3549
[iter 6190]loss: 3.4755, tokens/sec: 87636.44 ± 1006.92, tokens seen: 1217003520, grad norm: 0.3019
[iter 6200]loss: 3.4518, tokens/sec: 87636.44 ± 1006.11, tokens seen: 1218969600, grad norm: 0.3448
[iter 6210]loss: 3.0876, tokens/sec: 87636.46 ± 1005.30, tokens seen: 1220935680, grad norm: 0.3100
[iter 6220]loss: 3.3422, tokens/sec: 87636.46 ± 1004.50, tokens seen: 1222901760, grad norm: 0.3059
[iter 6230]loss: 3.2156, tokens/sec: 87636.47 ± 1003.69, tokens seen: 1224867840, grad norm: 0.3689
[iter 6240]loss: 3.4098, tokens/sec: 87636.48 ± 1002.89, tokens seen: 1226833920, grad norm: 0.3252
[iter 6250]loss: 3.3903, tokens/sec: 87636.48 ± 1002.09, tokens seen: 1228800000, grad norm: 0.3492
[iter 6260]loss: 3.1641, tokens/sec: 87636.50 ± 1001.29, tokens seen: 1230766080, grad norm: 0.3287
[iter 6270]loss: 3.3168, tokens/sec: 87636.51 ± 1000.49, tokens seen: 1232732160, grad norm: 0.2947
[iter 6280]loss: 3.3022, tokens/sec: 87636.52 ± 999.69, tokens seen: 1234698240, grad norm: 0.3377
[iter 6290]loss: 3.3657, tokens/sec: 87636.53 ± 998.90, tokens seen: 1236664320, grad norm: 0.3494
[iter 6300]loss: 3.4268, tokens/sec: 87636.53 ± 998.11, tokens seen: 1238630400, grad norm: 0.3426
[iter 6310]loss: 3.4874, tokens/sec: 87636.54 ± 997.32, tokens seen: 1240596480, grad norm: 0.3065
[iter 6320]loss: 3.3963, tokens/sec: 87636.55 ± 996.53, tokens seen: 1242562560, grad norm: 0.3197
[iter 6330]loss: 3.2597, tokens/sec: 87636.57 ± 995.74, tokens seen: 1244528640, grad norm: 0.3225
[iter 6340]loss: 3.2892, tokens/sec: 87636.56 ± 994.96, tokens seen: 1246494720, grad norm: 0.3748
[iter 6350]loss: 3.5408, tokens/sec: 87636.58 ± 994.18, tokens seen: 1248460800, grad norm: 0.3742
[iter 6360]loss: 3.2680, tokens/sec: 87636.59 ± 993.40, tokens seen: 1250426880, grad norm: 0.3246
[iter 6370]loss: 3.2923, tokens/sec: 87636.60 ± 992.62, tokens seen: 1252392960, grad norm: 0.3303
[iter 6380]loss: 3.1575, tokens/sec: 87636.61 ± 991.84, tokens seen: 1254359040, grad norm: 0.3503
[iter 6390]loss: 3.2843, tokens/sec: 87636.62 ± 991.07, tokens seen: 1256325120, grad norm: 0.3267
[iter 6400]loss: 3.2507, tokens/sec: 87636.62 ± 990.29, tokens seen: 1258291200, grad norm: 0.3231
[iter 6410]loss: 3.4069, tokens/sec: 87636.62 ± 989.52, tokens seen: 1260257280, grad norm: 0.3564
[iter 6420]loss: 3.3561, tokens/sec: 87636.64 ± 988.75, tokens seen: 1262223360, grad norm: 0.3224
[iter 6430]loss: 3.4704, tokens/sec: 87636.65 ± 987.98, tokens seen: 1264189440, grad norm: 0.2994
[iter 6440]loss: 3.2397, tokens/sec: 87636.66 ± 987.22, tokens seen: 1266155520, grad norm: 0.3521
[iter 6450]loss: 3.4482, tokens/sec: 87636.67 ± 986.45, tokens seen: 1268121600, grad norm: 0.3317
[iter 6460]loss: 3.4223, tokens/sec: 87636.69 ± 985.69, tokens seen: 1270087680, grad norm: 0.3206
[iter 6470]loss: 3.2925, tokens/sec: 87636.70 ± 984.93, tokens seen: 1272053760, grad norm: 0.3319
[iter 6480]loss: 3.2680, tokens/sec: 87636.71 ± 984.17, tokens seen: 1274019840, grad norm: 0.3126
[iter 6490]loss: 3.3444, tokens/sec: 87636.71 ± 983.41, tokens seen: 1275985920, grad norm: 0.2951
[step 6500]train loss: 3.3177, val loss: 3.3185, (avg train loss: 0.5543 ± 0.0155), (avg grad norm: 0.3353 ± 0.0289)
saving checkpoint to ./out-owt-medium-mhc-lite-bs16-18000step
[iter 6500]loss: 3.3530, tokens/sec: 87636.94 ± 982.80, tokens seen: 1277952000, grad norm: 0.3016
[iter 6510]loss: 3.1423, tokens/sec: 87637.15 ± 982.06, tokens seen: 1279918080, grad norm: 0.2989
[iter 6520]loss: 3.2648, tokens/sec: 87637.30 ± 981.32, tokens seen: 1281884160, grad norm: 0.3066
[iter 6530]loss: 3.3747, tokens/sec: 87637.40 ± 980.57, tokens seen: 1283850240, grad norm: 0.3586
[iter 6540]loss: 3.1426, tokens/sec: 87637.46 ± 979.83, tokens seen: 1285816320, grad norm: 0.3247
[iter 6550]loss: 3.4724, tokens/sec: 87637.47 ± 979.08, tokens seen: 1287782400, grad norm: 0.3090
[iter 6560]loss: 3.3846, tokens/sec: 87637.47 ± 978.34, tokens seen: 1289748480, grad norm: 0.3424
[iter 6570]loss: 3.2279, tokens/sec: 87637.49 ± 977.59, tokens seen: 1291714560, grad norm: 0.3235
[iter 6580]loss: 3.3815, tokens/sec: 87637.48 ± 976.85, tokens seen: 1293680640, grad norm: 0.3200
[iter 6590]loss: 3.4022, tokens/sec: 87637.49 ± 976.11, tokens seen: 1295646720, grad norm: 0.3377
[iter 6600]loss: 3.3403, tokens/sec: 87637.50 ± 975.37, tokens seen: 1297612800, grad norm: 0.3013
[iter 6610]loss: 3.3502, tokens/sec: 87637.49 ± 974.63, tokens seen: 1299578880, grad norm: 0.3105
[iter 6620]loss: 3.3868, tokens/sec: 87637.51 ± 973.90, tokens seen: 1301544960, grad norm: 0.3454
[iter 6630]loss: 3.1547, tokens/sec: 87637.52 ± 973.17, tokens seen: 1303511040, grad norm: 0.3042
[iter 6640]loss: 3.2446, tokens/sec: 87637.52 ± 972.43, tokens seen: 1305477120, grad norm: 0.3050
[iter 6650]loss: 3.3116, tokens/sec: 87637.52 ± 971.70, tokens seen: 1307443200, grad norm: 0.3264
[iter 6660]loss: 3.3928, tokens/sec: 87637.53 ± 970.98, tokens seen: 1309409280, grad norm: 0.3106
[iter 6670]loss: 3.3402, tokens/sec: 87637.55 ± 970.25, tokens seen: 1311375360, grad norm: 0.3244
[iter 6680]loss: 3.2936, tokens/sec: 87637.56 ± 969.52, tokens seen: 1313341440, grad norm: 0.3220
[iter 6690]loss: 3.2260, tokens/sec: 87637.56 ± 968.80, tokens seen: 1315307520, grad norm: 0.3193
[iter 6700]loss: 3.2941, tokens/sec: 87637.57 ± 968.08, tokens seen: 1317273600, grad norm: 0.3361
[iter 6710]loss: 3.2442, tokens/sec: 87637.58 ± 967.36, tokens seen: 1319239680, grad norm: 0.3431
[iter 6720]loss: 3.2917, tokens/sec: 87637.59 ± 966.64, tokens seen: 1321205760, grad norm: 0.3584
[iter 6730]loss: 3.4126, tokens/sec: 87637.62 ± 965.92, tokens seen: 1323171840, grad norm: 0.3450
[iter 6740]loss: 3.5803, tokens/sec: 87637.62 ± 965.21, tokens seen: 1325137920, grad norm: 0.3098
[iter 6750]loss: 3.1432, tokens/sec: 87637.61 ± 964.49, tokens seen: 1327104000, grad norm: 0.3499
[iter 6760]loss: 3.3220, tokens/sec: 87637.63 ± 963.78, tokens seen: 1329070080, grad norm: 0.3392
[iter 6770]loss: 3.3491, tokens/sec: 87637.63 ± 963.07, tokens seen: 1331036160, grad norm: 0.2843
[iter 6780]loss: 3.4324, tokens/sec: 87637.65 ± 962.36, tokens seen: 1333002240, grad norm: 0.3016
[iter 6790]loss: 3.2824, tokens/sec: 87637.65 ± 961.66, tokens seen: 1334968320, grad norm: 0.3431
[iter 6800]loss: 3.3086, tokens/sec: 87637.65 ± 960.95, tokens seen: 1336934400, grad norm: 0.3064
[iter 6810]loss: 3.1517, tokens/sec: 87637.67 ± 960.24, tokens seen: 1338900480, grad norm: 0.3636
[iter 6820]loss: 3.3785, tokens/sec: 87637.67 ± 959.54, tokens seen: 1340866560, grad norm: 0.3886
[iter 6830]loss: 3.3285, tokens/sec: 87637.68 ± 958.84, tokens seen: 1342832640, grad norm: 0.3875
[iter 6840]loss: 3.3759, tokens/sec: 87637.70 ± 958.14, tokens seen: 1344798720, grad norm: 0.3204
[iter 6850]loss: 3.3524, tokens/sec: 87637.70 ± 957.44, tokens seen: 1346764800, grad norm: 0.3039
[iter 6860]loss: 3.2816, tokens/sec: 87637.71 ± 956.74, tokens seen: 1348730880, grad norm: 0.3275
[iter 6870]loss: 3.2513, tokens/sec: 87637.71 ± 956.05, tokens seen: 1350696960, grad norm: 0.2967
[iter 6880]loss: 3.4755, tokens/sec: 87637.71 ± 955.36, tokens seen: 1352663040, grad norm: 0.2888
[iter 6890]loss: 3.4243, tokens/sec: 87637.72 ± 954.66, tokens seen: 1354629120, grad norm: 0.3240
[iter 6900]loss: 3.2303, tokens/sec: 87637.71 ± 953.97, tokens seen: 1356595200, grad norm: 0.3263
[iter 6910]loss: 3.3550, tokens/sec: 87637.71 ± 953.28, tokens seen: 1358561280, grad norm: 0.2960
[iter 6920]loss: 3.2187, tokens/sec: 87637.72 ± 952.60, tokens seen: 1360527360, grad norm: 0.3018
[iter 6930]loss: 3.4712, tokens/sec: 87637.73 ± 951.91, tokens seen: 1362493440, grad norm: 0.2889
[iter 6940]loss: 3.1374, tokens/sec: 87637.63 ± 951.25, tokens seen: 1364459520, grad norm: 0.3228
[iter 6950]loss: 3.3567, tokens/sec: 87637.69 ± 950.58, tokens seen: 1366425600, grad norm: 0.3666
[iter 6960]loss: 3.3369, tokens/sec: 87637.70 ± 949.90, tokens seen: 1368391680, grad norm: 0.3096
[iter 6970]loss: 3.3932, tokens/sec: 87637.70 ± 949.22, tokens seen: 1370357760, grad norm: 0.3427
[iter 6980]loss: 3.4754, tokens/sec: 87637.71 ± 948.54, tokens seen: 1372323840, grad norm: 0.2878
[iter 6990]loss: 3.3912, tokens/sec: 87637.72 ± 947.86, tokens seen: 1374289920, grad norm: 0.4253
[step 7000]train loss: 3.2987, val loss: 3.3036, (avg train loss: 0.5486 ± 0.0172), (avg grad norm: 0.3297 ± 0.0264)
saving checkpoint to ./out-owt-medium-mhc-lite-bs16-18000step
[iter 7000]loss: 3.2255, tokens/sec: 87637.92 ± 947.32, tokens seen: 1376256000, grad norm: 0.3290
[iter 7010]loss: 3.3810, tokens/sec: 87638.12 ± 946.66, tokens seen: 1378222080, grad norm: 0.3184
[iter 7020]loss: 3.3081, tokens/sec: 87638.21 ± 945.99, tokens seen: 1380188160, grad norm: 0.3357
[iter 7030]loss: 3.2139, tokens/sec: 87638.30 ± 945.32, tokens seen: 1382154240, grad norm: 0.3222
[iter 7040]loss: 3.2470, tokens/sec: 87638.39 ± 944.66, tokens seen: 1384120320, grad norm: 0.3495
[iter 7050]loss: 3.3019, tokens/sec: 87638.40 ± 943.99, tokens seen: 1386086400, grad norm: 0.3474
[iter 7060]loss: 3.1611, tokens/sec: 87638.40 ± 943.32, tokens seen: 1388052480, grad norm: 0.3343
[iter 7070]loss: 3.2239, tokens/sec: 87638.41 ± 942.65, tokens seen: 1390018560, grad norm: 0.3579
[iter 7080]loss: 3.4768, tokens/sec: 87638.43 ± 941.99, tokens seen: 1391984640, grad norm: 0.3153
[iter 7090]loss: 3.1930, tokens/sec: 87638.43 ± 941.33, tokens seen: 1393950720, grad norm: 0.3375
[iter 7100]loss: 3.2385, tokens/sec: 87638.43 ± 940.66, tokens seen: 1395916800, grad norm: 0.3300
[iter 7110]loss: 3.1274, tokens/sec: 87638.44 ± 940.00, tokens seen: 1397882880, grad norm: 0.2894
[iter 7120]loss: 3.4379, tokens/sec: 87638.44 ± 939.34, tokens seen: 1399848960, grad norm: 0.3198
[iter 7130]loss: 3.2672, tokens/sec: 87638.44 ± 938.69, tokens seen: 1401815040, grad norm: 0.3438
[iter 7140]loss: 3.3286, tokens/sec: 87638.45 ± 938.03, tokens seen: 1403781120, grad norm: 0.3479
[iter 7150]loss: 3.2492, tokens/sec: 87638.45 ± 937.37, tokens seen: 1405747200, grad norm: 0.3058
[iter 7160]loss: 3.4010, tokens/sec: 87638.46 ± 936.72, tokens seen: 1407713280, grad norm: 0.3242
[iter 7170]loss: 3.2437, tokens/sec: 87638.47 ± 936.07, tokens seen: 1409679360, grad norm: 0.3681
[iter 7180]loss: 3.4425, tokens/sec: 87638.49 ± 935.42, tokens seen: 1411645440, grad norm: 0.3558
[iter 7190]loss: 3.3477, tokens/sec: 87638.48 ± 934.77, tokens seen: 1413611520, grad norm: 0.3360
[iter 7200]loss: 3.1675, tokens/sec: 87638.50 ± 934.12, tokens seen: 1415577600, grad norm: 0.3667
[iter 7210]loss: 3.4721, tokens/sec: 87638.50 ± 933.47, tokens seen: 1417543680, grad norm: 0.3389
[iter 7220]loss: 3.2765, tokens/sec: 87638.49 ± 932.83, tokens seen: 1419509760, grad norm: 0.3061
[iter 7230]loss: 3.2866, tokens/sec: 87638.49 ± 932.18, tokens seen: 1421475840, grad norm: 0.3797
[iter 7240]loss: 3.2964, tokens/sec: 87638.49 ± 931.54, tokens seen: 1423441920, grad norm: 0.3244
[iter 7250]loss: 3.3241, tokens/sec: 87638.50 ± 930.90, tokens seen: 1425408000, grad norm: 0.3000
[iter 7260]loss: 3.0769, tokens/sec: 87638.51 ± 930.26, tokens seen: 1427374080, grad norm: 0.3236
[iter 7270]loss: 3.2678, tokens/sec: 87638.52 ± 929.62, tokens seen: 1429340160, grad norm: 0.3274
[iter 7280]loss: 3.1086, tokens/sec: 87638.52 ± 928.98, tokens seen: 1431306240, grad norm: 0.3395
[iter 7290]loss: 3.3974, tokens/sec: 87638.52 ± 928.34, tokens seen: 1433272320, grad norm: 0.3532
[iter 7300]loss: 3.1631, tokens/sec: 87638.52 ± 927.71, tokens seen: 1435238400, grad norm: 0.3271
[iter 7310]loss: 3.1908, tokens/sec: 87638.53 ± 927.07, tokens seen: 1437204480, grad norm: 0.3264
[iter 7320]loss: 3.2820, tokens/sec: 87638.54 ± 926.44, tokens seen: 1439170560, grad norm: 0.3281
[iter 7330]loss: 3.3133, tokens/sec: 87638.55 ± 925.81, tokens seen: 1441136640, grad norm: 0.3493
[iter 7340]loss: 3.4172, tokens/sec: 87638.54 ± 925.18, tokens seen: 1443102720, grad norm: 0.3463
[iter 7350]loss: 3.2635, tokens/sec: 87638.55 ± 924.55, tokens seen: 1445068800, grad norm: 0.3355
[iter 7360]loss: 3.3887, tokens/sec: 87638.56 ± 923.92, tokens seen: 1447034880, grad norm: 0.3373
[iter 7370]loss: 3.2206, tokens/sec: 87638.56 ± 923.30, tokens seen: 1449000960, grad norm: 0.3894
[iter 7380]loss: 3.3164, tokens/sec: 87638.56 ± 922.67, tokens seen: 1450967040, grad norm: 0.3522
[iter 7390]loss: 3.3452, tokens/sec: 87638.57 ± 922.05, tokens seen: 1452933120, grad norm: 0.3282
[iter 7400]loss: 3.3576, tokens/sec: 87638.57 ± 921.43, tokens seen: 1454899200, grad norm: 0.3507
[iter 7410]loss: 3.1282, tokens/sec: 87638.58 ± 920.81, tokens seen: 1456865280, grad norm: 0.3798
[iter 7420]loss: 3.2298, tokens/sec: 87638.59 ± 920.19, tokens seen: 1458831360, grad norm: 0.3453
[iter 7430]loss: 3.1851, tokens/sec: 87638.59 ± 919.57, tokens seen: 1460797440, grad norm: 0.3343
[iter 7440]loss: 3.3797, tokens/sec: 87638.59 ± 918.95, tokens seen: 1462763520, grad norm: 0.2980
[iter 7450]loss: 3.3483, tokens/sec: 87638.60 ± 918.34, tokens seen: 1464729600, grad norm: 0.3406
[iter 7460]loss: 3.3197, tokens/sec: 87638.60 ± 917.72, tokens seen: 1466695680, grad norm: 0.3131
[iter 7470]loss: 3.2323, tokens/sec: 87638.61 ± 917.11, tokens seen: 1468661760, grad norm: 0.3358
[iter 7480]loss: 3.2552, tokens/sec: 87638.62 ± 916.50, tokens seen: 1470627840, grad norm: 0.3168
[iter 7490]loss: 3.1925, tokens/sec: 87638.61 ± 915.89, tokens seen: 1472593920, grad norm: 0.3841
[step 7500]train loss: 3.2890, val loss: 3.2960, (avg train loss: 0.5445 ± 0.0155), (avg grad norm: 0.3368 ± 0.0294)
saving checkpoint to ./out-owt-medium-mhc-lite-bs16-18000step
[iter 7500]loss: 3.2067, tokens/sec: 87638.81 ± 915.42, tokens seen: 1474560000, grad norm: 0.3729
[iter 7510]loss: 3.3789, tokens/sec: 87638.98 ± 914.82, tokens seen: 1476526080, grad norm: 0.3000
[iter 7520]loss: 3.3443, tokens/sec: 87639.10 ± 914.22, tokens seen: 1478492160, grad norm: 0.3192
[iter 7530]loss: 3.3384, tokens/sec: 87639.19 ± 913.62, tokens seen: 1480458240, grad norm: 0.3302
[iter 7540]loss: 3.4041, tokens/sec: 87639.25 ± 913.01, tokens seen: 1482424320, grad norm: 0.3233
[iter 7550]loss: 3.2914, tokens/sec: 87639.26 ± 912.41, tokens seen: 1484390400, grad norm: 0.3391
[iter 7560]loss: 3.1839, tokens/sec: 87639.26 ± 911.81, tokens seen: 1486356480, grad norm: 0.3198
[iter 7570]loss: 3.3450, tokens/sec: 87639.26 ± 911.21, tokens seen: 1488322560, grad norm: 0.4044
[iter 7580]loss: 3.2591, tokens/sec: 87639.26 ± 910.61, tokens seen: 1490288640, grad norm: 0.3275
[iter 7590]loss: 3.1440, tokens/sec: 87639.27 ± 910.01, tokens seen: 1492254720, grad norm: 0.3002
[iter 7600]loss: 3.3082, tokens/sec: 87639.27 ± 909.41, tokens seen: 1494220800, grad norm: 0.3412
[iter 7610]loss: 3.2491, tokens/sec: 87639.29 ± 908.81, tokens seen: 1496186880, grad norm: 0.3764
[iter 7620]loss: 3.2866, tokens/sec: 87639.29 ± 908.22, tokens seen: 1498152960, grad norm: 0.3442
[iter 7630]loss: 3.2880, tokens/sec: 87639.29 ± 907.62, tokens seen: 1500119040, grad norm: 0.3386
[iter 7640]loss: 3.3135, tokens/sec: 87639.29 ± 907.03, tokens seen: 1502085120, grad norm: 0.3363
[iter 7650]loss: 3.2667, tokens/sec: 87639.30 ± 906.44, tokens seen: 1504051200, grad norm: 0.4129
[iter 7660]loss: 3.3354, tokens/sec: 87639.30 ± 905.85, tokens seen: 1506017280, grad norm: 0.3188
[iter 7670]loss: 3.3337, tokens/sec: 87639.31 ± 905.26, tokens seen: 1507983360, grad norm: 0.3138
[iter 7680]loss: 3.3032, tokens/sec: 87639.31 ± 904.67, tokens seen: 1509949440, grad norm: 0.3039
[iter 7690]loss: 3.2273, tokens/sec: 87639.31 ± 904.08, tokens seen: 1511915520, grad norm: 0.3615
[iter 7700]loss: 3.3671, tokens/sec: 87639.32 ± 903.50, tokens seen: 1513881600, grad norm: 0.3330
[iter 7710]loss: 3.2874, tokens/sec: 87639.32 ± 902.91, tokens seen: 1515847680, grad norm: 0.3186
[iter 7720]loss: 3.3309, tokens/sec: 87639.32 ± 902.33, tokens seen: 1517813760, grad norm: 0.3379
[iter 7730]loss: 3.1401, tokens/sec: 87639.33 ± 901.74, tokens seen: 1519779840, grad norm: 0.3041
[iter 7740]loss: 3.2918, tokens/sec: 87639.33 ± 901.16, tokens seen: 1521745920, grad norm: 0.3007
[iter 7750]loss: 3.1955, tokens/sec: 87639.33 ± 900.58, tokens seen: 1523712000, grad norm: 0.3233
[iter 7760]loss: 3.2123, tokens/sec: 87639.33 ± 900.00, tokens seen: 1525678080, grad norm: 0.3493
[iter 7770]loss: 3.2342, tokens/sec: 87639.35 ± 899.43, tokens seen: 1527644160, grad norm: 0.3142
[iter 7780]loss: 3.2644, tokens/sec: 87639.35 ± 898.85, tokens seen: 1529610240, grad norm: 0.3800
[iter 7790]loss: 3.1333, tokens/sec: 87639.36 ± 898.27, tokens seen: 1531576320, grad norm: 0.3235
[iter 7800]loss: 3.2965, tokens/sec: 87639.36 ± 897.70, tokens seen: 1533542400, grad norm: 0.3529
[iter 7810]loss: 3.2505, tokens/sec: 87639.36 ± 897.13, tokens seen: 1535508480, grad norm: 0.3143
[iter 7820]loss: 3.3136, tokens/sec: 87639.36 ± 896.55, tokens seen: 1537474560, grad norm: 0.2943
[iter 7830]loss: 3.4110, tokens/sec: 87639.36 ± 895.98, tokens seen: 1539440640, grad norm: 0.2992
[iter 7840]loss: 3.1426, tokens/sec: 87639.37 ± 895.41, tokens seen: 1541406720, grad norm: 0.3099
[iter 7850]loss: 3.0517, tokens/sec: 87639.38 ± 894.84, tokens seen: 1543372800, grad norm: 0.3522
[iter 7860]loss: 3.2353, tokens/sec: 87639.38 ± 894.27, tokens seen: 1545338880, grad norm: 0.3156
[iter 7870]loss: 3.2396, tokens/sec: 87639.38 ± 893.71, tokens seen: 1547304960, grad norm: 0.3289
[iter 7880]loss: 3.2097, tokens/sec: 87639.39 ± 893.14, tokens seen: 1549271040, grad norm: 0.2950
[iter 7890]loss: 3.2065, tokens/sec: 87639.39 ± 892.58, tokens seen: 1551237120, grad norm: 0.3553
[iter 7900]loss: 3.3677, tokens/sec: 87639.40 ± 892.01, tokens seen: 1553203200, grad norm: 0.3558
[iter 7910]loss: 3.2417, tokens/sec: 87639.41 ± 891.45, tokens seen: 1555169280, grad norm: 0.3342
[iter 7920]loss: 3.3516, tokens/sec: 87639.40 ± 890.89, tokens seen: 1557135360, grad norm: 0.3277
[iter 7930]loss: 3.2957, tokens/sec: 87639.41 ± 890.33, tokens seen: 1559101440, grad norm: 0.3445
[iter 7940]loss: 3.3106, tokens/sec: 87639.42 ± 889.77, tokens seen: 1561067520, grad norm: 0.3129
[iter 7950]loss: 3.3177, tokens/sec: 87639.42 ± 889.21, tokens seen: 1563033600, grad norm: 0.3403
[iter 7960]loss: 3.2459, tokens/sec: 87639.42 ± 888.65, tokens seen: 1564999680, grad norm: 0.3510
[iter 7970]loss: 3.2826, tokens/sec: 87639.43 ± 888.09, tokens seen: 1566965760, grad norm: 0.3020
[iter 7980]loss: 3.2023, tokens/sec: 87639.43 ± 887.54, tokens seen: 1568931840, grad norm: 0.3785
[iter 7990]loss: 3.3359, tokens/sec: 87639.44 ± 886.98, tokens seen: 1570897920, grad norm: 0.3029
[step 8000]train loss: 3.2628, val loss: 3.2789, (avg train loss: 0.5469 ± 0.0157), (avg grad norm: 0.3273 ± 0.0254)
saving checkpoint to ./out-owt-medium-mhc-lite-bs16-18000step
[iter 8000]loss: 3.3018, tokens/sec: 87639.61 ± 886.55, tokens seen: 1572864000, grad norm: 0.2991
[iter 8010]loss: 3.2073, tokens/sec: 87639.74 ± 886.00, tokens seen: 1574830080, grad norm: 0.3199
[iter 8020]loss: 3.0705, tokens/sec: 87639.85 ± 885.46, tokens seen: 1576796160, grad norm: 0.3471
[iter 8030]loss: 3.2693, tokens/sec: 87639.91 ± 884.91, tokens seen: 1578762240, grad norm: 0.2845
[iter 8040]loss: 3.1046, tokens/sec: 87639.97 ± 884.36, tokens seen: 1580728320, grad norm: 0.3308
[iter 8050]loss: 3.1800, tokens/sec: 87639.97 ± 883.81, tokens seen: 1582694400, grad norm: 0.3829
[iter 8060]loss: 3.0911, tokens/sec: 87639.96 ± 883.27, tokens seen: 1584660480, grad norm: 0.3202
[iter 8070]loss: 3.1127, tokens/sec: 87639.97 ± 882.72, tokens seen: 1586626560, grad norm: 0.3417
[iter 8080]loss: 3.3175, tokens/sec: 87639.98 ± 882.18, tokens seen: 1588592640, grad norm: 0.3140
[iter 8090]loss: 3.2572, tokens/sec: 87639.98 ± 881.63, tokens seen: 1590558720, grad norm: 0.3488
[iter 8100]loss: 3.4063, tokens/sec: 87639.97 ± 881.09, tokens seen: 1592524800, grad norm: 0.2988
[iter 8110]loss: 3.3664, tokens/sec: 87639.98 ± 880.54, tokens seen: 1594490880, grad norm: 0.3357
[iter 8120]loss: 3.2954, tokens/sec: 87639.98 ± 880.00, tokens seen: 1596456960, grad norm: 0.3528
[iter 8130]loss: 3.2585, tokens/sec: 87639.99 ± 879.46, tokens seen: 1598423040, grad norm: 0.3232
[iter 8140]loss: 3.3862, tokens/sec: 87640.00 ± 878.92, tokens seen: 1600389120, grad norm: 0.3247
[iter 8150]loss: 3.1398, tokens/sec: 87640.00 ± 878.39, tokens seen: 1602355200, grad norm: 0.3138
[iter 8160]loss: 3.1234, tokens/sec: 87640.00 ± 877.85, tokens seen: 1604321280, grad norm: 0.3308
[iter 8170]loss: 3.1818, tokens/sec: 87640.00 ± 877.31, tokens seen: 1606287360, grad norm: 0.2914
[iter 8180]loss: 3.1673, tokens/sec: 87640.00 ± 876.78, tokens seen: 1608253440, grad norm: 0.3329
[iter 8190]loss: 3.2790, tokens/sec: 87640.01 ± 876.24, tokens seen: 1610219520, grad norm: 0.3193
[iter 8200]loss: 3.2250, tokens/sec: 87640.01 ± 875.71, tokens seen: 1612185600, grad norm: 0.3271
[iter 8210]loss: 3.3167, tokens/sec: 87640.02 ± 875.18, tokens seen: 1614151680, grad norm: 0.3459
[iter 8220]loss: 3.2224, tokens/sec: 87640.03 ± 874.64, tokens seen: 1616117760, grad norm: 0.3281
[iter 8230]loss: 3.1661, tokens/sec: 87640.03 ± 874.11, tokens seen: 1618083840, grad norm: 0.3667
[iter 8240]loss: 3.4024, tokens/sec: 87640.03 ± 873.58, tokens seen: 1620049920, grad norm: 0.2987
[iter 8250]loss: 3.1944, tokens/sec: 87640.04 ± 873.06, tokens seen: 1622016000, grad norm: 0.3333
[iter 8260]loss: 3.3817, tokens/sec: 87640.04 ± 872.53, tokens seen: 1623982080, grad norm: 0.3062
[iter 8270]loss: 3.3488, tokens/sec: 87640.04 ± 872.00, tokens seen: 1625948160, grad norm: 0.3234
[iter 8280]loss: 3.2626, tokens/sec: 87640.04 ± 871.48, tokens seen: 1627914240, grad norm: 0.3436
[iter 8290]loss: 3.4509, tokens/sec: 87640.05 ± 870.95, tokens seen: 1629880320, grad norm: 0.3212
[iter 8300]loss: 3.2351, tokens/sec: 87640.06 ± 870.43, tokens seen: 1631846400, grad norm: 0.3269
[iter 8310]loss: 3.4120, tokens/sec: 87640.06 ± 869.91, tokens seen: 1633812480, grad norm: 0.3143
[iter 8320]loss: 3.3463, tokens/sec: 87640.06 ± 869.38, tokens seen: 1635778560, grad norm: 0.3613
[iter 8330]loss: 3.3447, tokens/sec: 87640.07 ± 868.86, tokens seen: 1637744640, grad norm: 0.3338
[iter 8340]loss: 3.3162, tokens/sec: 87640.07 ± 868.34, tokens seen: 1639710720, grad norm: 0.3443
[iter 8350]loss: 3.3307, tokens/sec: 87640.08 ± 867.82, tokens seen: 1641676800, grad norm: 0.3541
[iter 8360]loss: 3.1343, tokens/sec: 87640.08 ± 867.30, tokens seen: 1643642880, grad norm: 0.3210
[iter 8370]loss: 3.2356, tokens/sec: 87640.08 ± 866.79, tokens seen: 1645608960, grad norm: 0.3912
[iter 8380]loss: 3.3656, tokens/sec: 87640.08 ± 866.27, tokens seen: 1647575040, grad norm: 0.3680
[iter 8390]loss: 3.1644, tokens/sec: 87640.09 ± 865.76, tokens seen: 1649541120, grad norm: 0.3597
[iter 8400]loss: 3.1501, tokens/sec: 87640.10 ± 865.24, tokens seen: 1651507200, grad norm: 0.3193
[iter 8410]loss: 3.3431, tokens/sec: 87640.09 ± 864.73, tokens seen: 1653473280, grad norm: 0.3705
[iter 8420]loss: 3.1606, tokens/sec: 87640.09 ± 864.21, tokens seen: 1655439360, grad norm: 0.2898
[iter 8430]loss: 3.2342, tokens/sec: 87640.09 ± 863.70, tokens seen: 1657405440, grad norm: 0.3553
[iter 8440]loss: 3.2941, tokens/sec: 87640.10 ± 863.19, tokens seen: 1659371520, grad norm: 0.3034
[iter 8450]loss: 3.4552, tokens/sec: 87640.10 ± 862.68, tokens seen: 1661337600, grad norm: 0.3188
[iter 8460]loss: 3.2576, tokens/sec: 87640.11 ± 862.18, tokens seen: 1663303680, grad norm: 0.3389
[iter 8470]loss: 3.3915, tokens/sec: 87640.11 ± 861.67, tokens seen: 1665269760, grad norm: 0.3282
[iter 8480]loss: 3.1386, tokens/sec: 87640.11 ± 861.16, tokens seen: 1667235840, grad norm: 0.3323
[iter 8490]loss: 3.1970, tokens/sec: 87640.12 ± 860.66, tokens seen: 1669201920, grad norm: 0.3250
[step 8500]train loss: 3.2513, val loss: 3.2441, (avg train loss: 0.5438 ± 0.0161), (avg grad norm: 0.3361 ± 0.0255)
saving checkpoint to ./out-owt-medium-mhc-lite-bs16-18000step
[iter 8500]loss: 3.2642, tokens/sec: 87640.28 ± 860.28, tokens seen: 1671168000, grad norm: 0.3280
[iter 8510]loss: 3.3265, tokens/sec: 87640.43 ± 859.78, tokens seen: 1673134080, grad norm: 0.3380
[iter 8520]loss: 3.2341, tokens/sec: 87640.55 ± 859.29, tokens seen: 1675100160, grad norm: 0.3179
[iter 8530]loss: 3.3846, tokens/sec: 87640.62 ± 858.79, tokens seen: 1677066240, grad norm: 0.3564
[iter 8540]loss: 3.2584, tokens/sec: 87640.66 ± 858.29, tokens seen: 1679032320, grad norm: 0.3178
[iter 8550]loss: 3.0868, tokens/sec: 87640.67 ± 857.78, tokens seen: 1680998400, grad norm: 0.3119
[iter 8560]loss: 3.3228, tokens/sec: 87640.68 ± 857.28, tokens seen: 1682964480, grad norm: 0.3496
[iter 8570]loss: 3.1144, tokens/sec: 87640.67 ± 856.79, tokens seen: 1684930560, grad norm: 0.3022
[iter 8580]loss: 3.2686, tokens/sec: 87640.67 ± 856.29, tokens seen: 1686896640, grad norm: 0.3587
[iter 8590]loss: 3.0974, tokens/sec: 87640.67 ± 855.79, tokens seen: 1688862720, grad norm: 0.3178
[iter 8600]loss: 3.2109, tokens/sec: 87640.68 ± 855.29, tokens seen: 1690828800, grad norm: 0.3467
[iter 8610]loss: 3.2293, tokens/sec: 87640.67 ± 854.80, tokens seen: 1692794880, grad norm: 0.3541
[iter 8620]loss: 3.2645, tokens/sec: 87640.68 ± 854.30, tokens seen: 1694760960, grad norm: 0.3606
[iter 8630]loss: 3.3020, tokens/sec: 87640.69 ± 853.81, tokens seen: 1696727040, grad norm: 0.3350
[iter 8640]loss: 3.3499, tokens/sec: 87640.69 ± 853.31, tokens seen: 1698693120, grad norm: 0.3291
[iter 8650]loss: 3.3227, tokens/sec: 87640.69 ± 852.82, tokens seen: 1700659200, grad norm: 0.3015
[iter 8660]loss: 3.3956, tokens/sec: 87640.70 ± 852.33, tokens seen: 1702625280, grad norm: 0.3366
[iter 8670]loss: 3.3476, tokens/sec: 87640.70 ± 851.84, tokens seen: 1704591360, grad norm: 0.3335
[iter 8680]loss: 3.2192, tokens/sec: 87640.70 ± 851.35, tokens seen: 1706557440, grad norm: 0.3778
[iter 8690]loss: 3.2189, tokens/sec: 87640.70 ± 850.86, tokens seen: 1708523520, grad norm: 0.3908
[iter 8700]loss: 3.3003, tokens/sec: 87640.70 ± 850.37, tokens seen: 1710489600, grad norm: 0.2844
[iter 8710]loss: 3.2731, tokens/sec: 87640.71 ± 849.89, tokens seen: 1712455680, grad norm: 0.3570
[iter 8720]loss: 3.2615, tokens/sec: 87640.71 ± 849.40, tokens seen: 1714421760, grad norm: 0.3681
[iter 8730]loss: 3.1581, tokens/sec: 87640.72 ± 848.91, tokens seen: 1716387840, grad norm: 0.3576
[iter 8740]loss: 3.2889, tokens/sec: 87640.72 ± 848.43, tokens seen: 1718353920, grad norm: 0.3444
[iter 8750]loss: 3.1086, tokens/sec: 87640.72 ± 847.95, tokens seen: 1720320000, grad norm: 0.3398
[iter 8760]loss: 3.0410, tokens/sec: 87640.72 ± 847.46, tokens seen: 1722286080, grad norm: 0.3148
[iter 8770]loss: 3.0939, tokens/sec: 87640.72 ± 846.98, tokens seen: 1724252160, grad norm: 0.3713
[iter 8780]loss: 3.3593, tokens/sec: 87640.72 ± 846.50, tokens seen: 1726218240, grad norm: 0.3192
[iter 8790]loss: 3.4550, tokens/sec: 87640.73 ± 846.02, tokens seen: 1728184320, grad norm: 0.3349
[iter 8800]loss: 3.1084, tokens/sec: 87640.73 ± 845.54, tokens seen: 1730150400, grad norm: 0.3831
[iter 8810]loss: 3.1505, tokens/sec: 87640.73 ± 845.06, tokens seen: 1732116480, grad norm: 0.3567
[iter 8820]loss: 3.2831, tokens/sec: 87640.73 ± 844.58, tokens seen: 1734082560, grad norm: 0.3772
[iter 8830]loss: 3.2750, tokens/sec: 87640.73 ± 844.10, tokens seen: 1736048640, grad norm: 0.3336
[iter 8840]loss: 3.1479, tokens/sec: 87640.74 ± 843.63, tokens seen: 1738014720, grad norm: 0.3252
[iter 8850]loss: 3.3983, tokens/sec: 87640.74 ± 843.15, tokens seen: 1739980800, grad norm: 0.3236
[iter 8860]loss: 3.2525, tokens/sec: 87640.75 ± 842.68, tokens seen: 1741946880, grad norm: 0.3129
[iter 8870]loss: 3.3162, tokens/sec: 87640.74 ± 842.20, tokens seen: 1743912960, grad norm: 0.3264
[iter 8880]loss: 3.1783, tokens/sec: 87640.75 ± 841.73, tokens seen: 1745879040, grad norm: 0.2937
[iter 8890]loss: 3.3822, tokens/sec: 87640.74 ± 841.26, tokens seen: 1747845120, grad norm: 0.3291
[iter 8900]loss: 3.3607, tokens/sec: 87640.75 ± 840.79, tokens seen: 1749811200, grad norm: 0.3473
[iter 8910]loss: 3.2507, tokens/sec: 87640.76 ± 840.32, tokens seen: 1751777280, grad norm: 0.3322
[iter 8920]loss: 3.1051, tokens/sec: 87640.77 ± 839.85, tokens seen: 1753743360, grad norm: 0.3467
[iter 8930]loss: 3.2798, tokens/sec: 87640.76 ± 839.38, tokens seen: 1755709440, grad norm: 0.3270
[iter 8940]loss: 3.1119, tokens/sec: 87640.77 ± 838.91, tokens seen: 1757675520, grad norm: 0.3464
[iter 8950]loss: 3.3697, tokens/sec: 87640.77 ± 838.44, tokens seen: 1759641600, grad norm: 0.3663
[iter 8960]loss: 3.1215, tokens/sec: 87640.78 ± 837.98, tokens seen: 1761607680, grad norm: 0.3331
[iter 8970]loss: 3.3070, tokens/sec: 87640.78 ± 837.51, tokens seen: 1763573760, grad norm: 0.3651
[iter 8980]loss: 3.1750, tokens/sec: 87640.78 ± 837.05, tokens seen: 1765539840, grad norm: 0.3948
[iter 8990]loss: 3.2616, tokens/sec: 87640.79 ± 836.58, tokens seen: 1767505920, grad norm: 0.3270
[step 9000]train loss: 3.2332, val loss: 3.2370, (avg train loss: 0.5394 ± 0.0157), (avg grad norm: 0.3344 ± 0.0237)
saving checkpoint to ./out-owt-medium-mhc-lite-bs16-18000step
[iter 9000]loss: 3.1119, tokens/sec: 87640.95 ± 836.25, tokens seen: 1769472000, grad norm: 0.3475
[iter 9010]loss: 3.1848, tokens/sec: 87641.09 ± 835.79, tokens seen: 1771438080, grad norm: 0.3434
[iter 9020]loss: 3.1977, tokens/sec: 87641.21 ± 835.34, tokens seen: 1773404160, grad norm: 0.3055
[iter 9030]loss: 3.3614, tokens/sec: 87641.33 ± 834.89, tokens seen: 1775370240, grad norm: 0.3118
[iter 9040]loss: 3.3338, tokens/sec: 87641.41 ± 834.43, tokens seen: 1777336320, grad norm: 0.3561
[iter 9050]loss: 3.1964, tokens/sec: 87641.44 ± 833.97, tokens seen: 1779302400, grad norm: 0.4192
[iter 9060]loss: 3.3500, tokens/sec: 87641.45 ± 833.51, tokens seen: 1781268480, grad norm: 0.3538
[iter 9070]loss: 3.1761, tokens/sec: 87641.50 ± 833.05, tokens seen: 1783234560, grad norm: 0.3169
[iter 9080]loss: 3.2119, tokens/sec: 87641.59 ± 832.60, tokens seen: 1785200640, grad norm: 0.3225
[iter 9090]loss: 3.3788, tokens/sec: 87641.64 ± 832.14, tokens seen: 1787166720, grad norm: 0.3244
[iter 9100]loss: 3.2385, tokens/sec: 87641.68 ± 831.69, tokens seen: 1789132800, grad norm: 0.3741
[iter 9110]loss: 3.1750, tokens/sec: 87641.70 ± 831.23, tokens seen: 1791098880, grad norm: 0.3205
[iter 9120]loss: 3.2792, tokens/sec: 87641.74 ± 830.78, tokens seen: 1793064960, grad norm: 0.3334
[iter 9130]loss: 3.1405, tokens/sec: 87641.76 ± 830.33, tokens seen: 1795031040, grad norm: 0.3092
[iter 9140]loss: 3.1738, tokens/sec: 87641.77 ± 829.88, tokens seen: 1796997120, grad norm: 0.4122
[iter 9150]loss: 3.2955, tokens/sec: 87641.77 ± 829.42, tokens seen: 1798963200, grad norm: 0.3145
[iter 9160]loss: 3.0547, tokens/sec: 87641.77 ± 828.97, tokens seen: 1800929280, grad norm: 0.3126
[iter 9170]loss: 3.2150, tokens/sec: 87641.81 ± 828.52, tokens seen: 1802895360, grad norm: 0.3393
[iter 9180]loss: 3.3408, tokens/sec: 87641.86 ± 828.07, tokens seen: 1804861440, grad norm: 0.3661
[iter 9190]loss: 3.3271, tokens/sec: 87641.91 ± 827.63, tokens seen: 1806827520, grad norm: 0.3705
[iter 9200]loss: 3.1032, tokens/sec: 87641.96 ± 827.18, tokens seen: 1808793600, grad norm: 0.3409
[iter 9210]loss: 3.1348, tokens/sec: 87641.99 ± 826.73, tokens seen: 1810759680, grad norm: 0.3505
[iter 9220]loss: 3.1297, tokens/sec: 87641.98 ± 826.29, tokens seen: 1812725760, grad norm: 0.3204
[iter 9230]loss: 3.0460, tokens/sec: 87642.00 ± 825.84, tokens seen: 1814691840, grad norm: 0.3371
[iter 9240]loss: 3.3461, tokens/sec: 87642.00 ± 825.39, tokens seen: 1816657920, grad norm: 0.3446
[iter 9250]loss: 3.0942, tokens/sec: 87642.04 ± 824.95, tokens seen: 1818624000, grad norm: 0.3438
[iter 9260]loss: 3.1378, tokens/sec: 87642.05 ± 824.50, tokens seen: 1820590080, grad norm: 0.3486
[iter 9270]loss: 3.2815, tokens/sec: 87642.07 ± 824.06, tokens seen: 1822556160, grad norm: 0.3275
[iter 9280]loss: 3.3186, tokens/sec: 87642.10 ± 823.62, tokens seen: 1824522240, grad norm: 0.3084
[iter 9290]loss: 3.0777, tokens/sec: 87642.13 ± 823.18, tokens seen: 1826488320, grad norm: 0.3447
[iter 9300]loss: 3.2247, tokens/sec: 87642.13 ± 822.74, tokens seen: 1828454400, grad norm: 0.3343
[iter 9310]loss: 3.2773, tokens/sec: 87642.12 ± 822.30, tokens seen: 1830420480, grad norm: 0.2909
[iter 9320]loss: 3.1590, tokens/sec: 87642.16 ± 821.86, tokens seen: 1832386560, grad norm: 0.3270
[iter 9330]loss: 3.2636, tokens/sec: 87642.18 ± 821.42, tokens seen: 1834352640, grad norm: 0.3146
[iter 9340]loss: 3.2104, tokens/sec: 87642.21 ± 820.98, tokens seen: 1836318720, grad norm: 0.3164
[iter 9350]loss: 3.1466, tokens/sec: 87642.24 ± 820.55, tokens seen: 1838284800, grad norm: 0.3150
[iter 9360]loss: 3.1822, tokens/sec: 87642.28 ± 820.11, tokens seen: 1840250880, grad norm: 0.3339
[iter 9370]loss: 3.4128, tokens/sec: 87642.30 ± 819.68, tokens seen: 1842216960, grad norm: 0.3160
[iter 9380]loss: 3.2278, tokens/sec: 87642.33 ± 819.24, tokens seen: 1844183040, grad norm: 0.3121
[iter 9390]loss: 3.1793, tokens/sec: 87642.34 ± 818.81, tokens seen: 1846149120, grad norm: 0.3385
[iter 9400]loss: 3.0274, tokens/sec: 87642.34 ± 818.37, tokens seen: 1848115200, grad norm: 0.3592
[iter 9410]loss: 3.3266, tokens/sec: 87642.33 ± 817.94, tokens seen: 1850081280, grad norm: 0.3595
[iter 9420]loss: 3.2680, tokens/sec: 87642.33 ± 817.51, tokens seen: 1852047360, grad norm: 0.3085
[iter 9430]loss: 3.2163, tokens/sec: 87642.33 ± 817.07, tokens seen: 1854013440, grad norm: 0.3190
[iter 9440]loss: 3.1796, tokens/sec: 87642.34 ± 816.64, tokens seen: 1855979520, grad norm: 0.3146
[iter 9450]loss: 3.1128, tokens/sec: 87642.34 ± 816.21, tokens seen: 1857945600, grad norm: 0.3174
[iter 9460]loss: 3.1315, tokens/sec: 87642.34 ± 815.78, tokens seen: 1859911680, grad norm: 0.2978
[iter 9470]loss: 3.1870, tokens/sec: 87642.34 ± 815.35, tokens seen: 1861877760, grad norm: 0.3177
[iter 9480]loss: 3.2547, tokens/sec: 87642.35 ± 814.92, tokens seen: 1863843840, grad norm: 0.3078
[iter 9490]loss: 3.1475, tokens/sec: 87642.35 ± 814.49, tokens seen: 1865809920, grad norm: 0.3055
[step 9500]train loss: 3.2228, val loss: 3.2285, (avg train loss: 0.5362 ± 0.0166), (avg grad norm: 0.3324 ± 0.0255)
saving checkpoint to ./out-owt-medium-mhc-lite-bs16-18000step
[iter 9500]loss: 3.2439, tokens/sec: 87642.50 ± 814.19, tokens seen: 1867776000, grad norm: 0.2971
[iter 9510]loss: 3.0707, tokens/sec: 87642.64 ± 813.77, tokens seen: 1869742080, grad norm: 0.3063
[iter 9520]loss: 3.2965, tokens/sec: 87642.69 ± 813.35, tokens seen: 1871708160, grad norm: 0.3366
[iter 9530]loss: 3.2452, tokens/sec: 87642.72 ± 812.92, tokens seen: 1873674240, grad norm: 0.3882
[iter 9540]loss: 3.1225, tokens/sec: 87642.72 ± 812.50, tokens seen: 1875640320, grad norm: 0.3264
[iter 9550]loss: 2.9555, tokens/sec: 87642.71 ± 812.07, tokens seen: 1877606400, grad norm: 0.3330
[iter 9560]loss: 3.2291, tokens/sec: 87642.72 ± 811.65, tokens seen: 1879572480, grad norm: 0.3168
[iter 9570]loss: 3.2959, tokens/sec: 87642.72 ± 811.23, tokens seen: 1881538560, grad norm: 0.3353
[iter 9580]loss: 3.2652, tokens/sec: 87642.71 ± 810.80, tokens seen: 1883504640, grad norm: 0.3362
[iter 9590]loss: 3.1903, tokens/sec: 87642.71 ± 810.38, tokens seen: 1885470720, grad norm: 0.3432
[iter 9600]loss: 3.1576, tokens/sec: 87642.71 ± 809.96, tokens seen: 1887436800, grad norm: 0.2954
[iter 9610]loss: 3.3732, tokens/sec: 87642.71 ± 809.54, tokens seen: 1889402880, grad norm: 0.3612
[iter 9620]loss: 3.1660, tokens/sec: 87642.71 ± 809.12, tokens seen: 1891368960, grad norm: 0.3478
[iter 9630]loss: 3.1612, tokens/sec: 87642.71 ± 808.70, tokens seen: 1893335040, grad norm: 0.3175
[iter 9640]loss: 3.2171, tokens/sec: 87642.72 ± 808.28, tokens seen: 1895301120, grad norm: 0.3080
[iter 9650]loss: 3.0597, tokens/sec: 87642.71 ± 807.87, tokens seen: 1897267200, grad norm: 0.3309
[iter 9660]loss: 2.9396, tokens/sec: 87642.71 ± 807.45, tokens seen: 1899233280, grad norm: 0.3734
[iter 9670]loss: 3.1069, tokens/sec: 87642.72 ± 807.03, tokens seen: 1901199360, grad norm: 0.3692
[iter 9680]loss: 3.1847, tokens/sec: 87642.72 ± 806.62, tokens seen: 1903165440, grad norm: 0.3121
[iter 9690]loss: 3.2593, tokens/sec: 87642.72 ± 806.20, tokens seen: 1905131520, grad norm: 0.3984
[iter 9700]loss: 3.1795, tokens/sec: 87642.74 ± 805.79, tokens seen: 1907097600, grad norm: 0.3499
[iter 9710]loss: 3.1288, tokens/sec: 87642.76 ± 805.37, tokens seen: 1909063680, grad norm: 0.3430
[iter 9720]loss: 2.9768, tokens/sec: 87642.81 ± 804.96, tokens seen: 1911029760, grad norm: 0.3345
[iter 9730]loss: 3.3573, tokens/sec: 87642.86 ± 804.55, tokens seen: 1912995840, grad norm: 0.3289
[iter 9740]loss: 3.1516, tokens/sec: 87642.91 ± 804.14, tokens seen: 1914961920, grad norm: 0.3516
[iter 9750]loss: 3.3106, tokens/sec: 87642.96 ± 803.73, tokens seen: 1916928000, grad norm: 0.3312
[iter 9760]loss: 3.2826, tokens/sec: 87642.97 ± 803.32, tokens seen: 1918894080, grad norm: 0.3289
[iter 9770]loss: 3.2386, tokens/sec: 87643.00 ± 802.91, tokens seen: 1920860160, grad norm: 0.3503
[iter 9780]loss: 3.1905, tokens/sec: 87643.01 ± 802.50, tokens seen: 1922826240, grad norm: 0.3472
[iter 9790]loss: 3.2392, tokens/sec: 87643.04 ± 802.09, tokens seen: 1924792320, grad norm: 0.3088
[iter 9800]loss: 3.2798, tokens/sec: 87643.08 ± 801.69, tokens seen: 1926758400, grad norm: 0.3241
[iter 9810]loss: 3.2370, tokens/sec: 87643.13 ± 801.28, tokens seen: 1928724480, grad norm: 0.2947
[iter 9820]loss: 3.2019, tokens/sec: 87643.14 ± 800.88, tokens seen: 1930690560, grad norm: 0.3024
[iter 9830]loss: 3.0905, tokens/sec: 87643.17 ± 800.47, tokens seen: 1932656640, grad norm: 0.3456
[iter 9840]loss: 2.9850, tokens/sec: 87643.16 ± 800.06, tokens seen: 1934622720, grad norm: 0.3422
[iter 9850]loss: 3.2014, tokens/sec: 87643.16 ± 799.66, tokens seen: 1936588800, grad norm: 0.3495
[iter 9860]loss: 3.0929, tokens/sec: 87643.16 ± 799.25, tokens seen: 1938554880, grad norm: 0.3332
[iter 9870]loss: 3.1775, tokens/sec: 87643.16 ± 798.85, tokens seen: 1940520960, grad norm: 0.3054
[iter 9880]loss: 3.0413, tokens/sec: 87643.16 ± 798.45, tokens seen: 1942487040, grad norm: 0.3246
[iter 9890]loss: 3.2632, tokens/sec: 87643.15 ± 798.04, tokens seen: 1944453120, grad norm: 0.3608
[iter 9900]loss: 2.9640, tokens/sec: 87643.19 ± 797.64, tokens seen: 1946419200, grad norm: 0.3199
[iter 9910]loss: 3.2591, tokens/sec: 87643.21 ± 797.24, tokens seen: 1948385280, grad norm: 0.3251
[iter 9920]loss: 3.2080, tokens/sec: 87643.24 ± 796.84, tokens seen: 1950351360, grad norm: 0.3260
[iter 9930]loss: 3.1883, tokens/sec: 87643.24 ± 796.44, tokens seen: 1952317440, grad norm: 0.3359
[iter 9940]loss: 3.3013, tokens/sec: 87643.28 ± 796.05, tokens seen: 1954283520, grad norm: 0.3341
[iter 9950]loss: 3.2970, tokens/sec: 87643.28 ± 795.65, tokens seen: 1956249600, grad norm: 0.3635
[iter 9960]loss: 3.2403, tokens/sec: 87643.33 ± 795.25, tokens seen: 1958215680, grad norm: 0.3319
[iter 9970]loss: 3.2365, tokens/sec: 87643.39 ± 794.85, tokens seen: 1960181760, grad norm: 0.3256
[iter 9980]loss: 3.1831, tokens/sec: 87643.43 ± 794.46, tokens seen: 1962147840, grad norm: 0.3663
[iter 9990]loss: 3.0036, tokens/sec: 87643.44 ± 794.06, tokens seen: 1964113920, grad norm: 0.3416
[step 10000]train loss: 3.2117, val loss: 3.2320, (avg train loss: 0.5359 ± 0.0172), (avg grad norm: 0.3325 ± 0.0203)
[iter 10000]loss: 3.1514, tokens/sec: 87643.62 ± 793.79, tokens seen: 1966080000, grad norm: 0.3393
[iter 10010]loss: 3.2612, tokens/sec: 87643.77 ± 793.41, tokens seen: 1968046080, grad norm: 0.3155
[iter 10020]loss: 3.1877, tokens/sec: 87643.92 ± 793.03, tokens seen: 1970012160, grad norm: 0.3787
[iter 10030]loss: 3.1076, tokens/sec: 87643.99 ± 792.64, tokens seen: 1971978240, grad norm: 0.3635
[iter 10040]loss: 3.1454, tokens/sec: 87644.04 ± 792.26, tokens seen: 1973944320, grad norm: 0.3427
[iter 10050]loss: 3.2802, tokens/sec: 87644.12 ± 791.87, tokens seen: 1975910400, grad norm: 0.3728
[iter 10060]loss: 3.1983, tokens/sec: 87644.19 ± 791.48, tokens seen: 1977876480, grad norm: 0.3114
[iter 10070]loss: 3.1825, tokens/sec: 87644.24 ± 791.09, tokens seen: 1979842560, grad norm: 0.3059
[iter 10080]loss: 3.1554, tokens/sec: 87644.29 ± 790.71, tokens seen: 1981808640, grad norm: 0.4005
[iter 10090]loss: 3.1716, tokens/sec: 87644.29 ± 790.32, tokens seen: 1983774720, grad norm: 0.3294
[iter 10100]loss: 3.2683, tokens/sec: 87644.29 ± 789.93, tokens seen: 1985740800, grad norm: 0.3475
[iter 10110]loss: 3.2069, tokens/sec: 87644.29 ± 789.54, tokens seen: 1987706880, grad norm: 0.3404
[iter 10120]loss: 3.1799, tokens/sec: 87644.29 ± 789.15, tokens seen: 1989672960, grad norm: 0.3407
[iter 10130]loss: 3.1754, tokens/sec: 87644.30 ± 788.76, tokens seen: 1991639040, grad norm: 0.3181
[iter 10140]loss: 3.2197, tokens/sec: 87644.33 ± 788.37, tokens seen: 1993605120, grad norm: 0.3715
[iter 10150]loss: 3.3764, tokens/sec: 87644.34 ± 787.99, tokens seen: 1995571200, grad norm: 0.3308
[iter 10160]loss: 3.3070, tokens/sec: 87644.33 ± 787.60, tokens seen: 1997537280, grad norm: 0.3497
[iter 10170]loss: 3.2273, tokens/sec: 87644.33 ± 787.21, tokens seen: 1999503360, grad norm: 0.3047
[iter 10180]loss: 3.1811, tokens/sec: 87644.32 ± 786.83, tokens seen: 2001469440, grad norm: 0.3164
[iter 10190]loss: 3.1200, tokens/sec: 87644.32 ± 786.44, tokens seen: 2003435520, grad norm: 0.3487
[iter 10200]loss: 3.0888, tokens/sec: 87644.36 ± 786.06, tokens seen: 2005401600, grad norm: 0.3386
[iter 10210]loss: 3.3562, tokens/sec: 87644.37 ± 785.68, tokens seen: 2007367680, grad norm: 0.3756
[iter 10220]loss: 3.1722, tokens/sec: 87644.40 ± 785.29, tokens seen: 2009333760, grad norm: 0.3422
[iter 10230]loss: 3.1645, tokens/sec: 87644.44 ± 784.91, tokens seen: 2011299840, grad norm: 0.3083
[iter 10240]loss: 3.1832, tokens/sec: 87644.48 ± 784.53, tokens seen: 2013265920, grad norm: 0.3597
[iter 10250]loss: 3.0762, tokens/sec: 87644.51 ± 784.15, tokens seen: 2015232000, grad norm: 0.3893
[iter 10260]loss: 3.2165, tokens/sec: 87644.51 ± 783.77, tokens seen: 2017198080, grad norm: 0.3347
[iter 10270]loss: 3.0486, tokens/sec: 87644.50 ± 783.39, tokens seen: 2019164160, grad norm: 0.3120
[iter 10280]loss: 3.0713, tokens/sec: 87644.54 ± 783.01, tokens seen: 2021130240, grad norm: 0.3164
[iter 10290]loss: 3.2299, tokens/sec: 87644.55 ± 782.63, tokens seen: 2023096320, grad norm: 0.3451
[iter 10300]loss: 3.1947, tokens/sec: 87644.58 ± 782.25, tokens seen: 2025062400, grad norm: 0.3513
[iter 10310]loss: 3.1639, tokens/sec: 87644.61 ± 781.88, tokens seen: 2027028480, grad norm: 0.3103
[iter 10320]loss: 3.2652, tokens/sec: 87644.65 ± 781.50, tokens seen: 2028994560, grad norm: 0.3273
[iter 10330]loss: 3.1376, tokens/sec: 87644.69 ± 781.12, tokens seen: 2030960640, grad norm: 0.3350
[iter 10340]loss: 3.1163, tokens/sec: 87644.73 ± 780.75, tokens seen: 2032926720, grad norm: 0.3108
[iter 10350]loss: 3.2451, tokens/sec: 87644.75 ± 780.37, tokens seen: 2034892800, grad norm: 0.3476
[iter 10360]loss: 3.2494, tokens/sec: 87644.73 ± 780.00, tokens seen: 2036858880, grad norm: 0.3625
[iter 10370]loss: 3.2823, tokens/sec: 87644.74 ± 779.62, tokens seen: 2038824960, grad norm: 0.3207
[iter 10380]loss: 3.1345, tokens/sec: 87644.74 ± 779.25, tokens seen: 2040791040, grad norm: 0.3377
[iter 10390]loss: 3.2408, tokens/sec: 87644.74 ± 778.87, tokens seen: 2042757120, grad norm: 0.3405
[iter 10400]loss: 3.2381, tokens/sec: 87644.74 ± 778.50, tokens seen: 2044723200, grad norm: 0.3395
[iter 10410]loss: 3.2182, tokens/sec: 87644.75 ± 778.13, tokens seen: 2046689280, grad norm: 0.3610
[iter 10420]loss: 3.1621, tokens/sec: 87644.78 ± 777.76, tokens seen: 2048655360, grad norm: 0.3356
[iter 10430]loss: 3.1409, tokens/sec: 87644.78 ± 777.38, tokens seen: 2050621440, grad norm: 0.3594
[iter 10440]loss: 3.2039, tokens/sec: 87644.78 ± 777.01, tokens seen: 2052587520, grad norm: 0.3402
[iter 10450]loss: 3.3696, tokens/sec: 87644.80 ± 776.64, tokens seen: 2054553600, grad norm: 0.3899
[iter 10460]loss: 3.1757, tokens/sec: 87644.84 ± 776.27, tokens seen: 2056519680, grad norm: 0.3424
[iter 10470]loss: 3.1677, tokens/sec: 87644.87 ± 775.90, tokens seen: 2058485760, grad norm: 0.3431
[iter 10480]loss: 3.2560, tokens/sec: 87644.89 ± 775.54, tokens seen: 2060451840, grad norm: 0.3360
[iter 10490]loss: 3.1341, tokens/sec: 87644.93 ± 775.17, tokens seen: 2062417920, grad norm: 0.3075
[step 10500]train loss: 3.2041, val loss: 3.2142, (avg train loss: 0.5325 ± 0.0191), (avg grad norm: 0.3407 ± 0.0249)
saving checkpoint to ./out-owt-medium-mhc-lite-bs16-18000step
[iter 10500]loss: 3.1911, tokens/sec: 87645.11 ± 774.92, tokens seen: 2064384000, grad norm: 0.3453
[iter 10510]loss: 3.2807, tokens/sec: 87645.27 ± 774.57, tokens seen: 2066350080, grad norm: 0.3448
[iter 10520]loss: 3.0679, tokens/sec: 87645.38 ± 774.21, tokens seen: 2068316160, grad norm: 0.3391
[iter 10530]loss: 3.1986, tokens/sec: 87645.49 ± 773.85, tokens seen: 2070282240, grad norm: 0.3621
[iter 10540]loss: 3.3598, tokens/sec: 87645.55 ± 773.49, tokens seen: 2072248320, grad norm: 0.3122
[iter 10550]loss: 3.1637, tokens/sec: 87645.58 ± 773.13, tokens seen: 2074214400, grad norm: 0.3498
[iter 10560]loss: 3.1435, tokens/sec: 87645.64 ± 772.76, tokens seen: 2076180480, grad norm: 0.3502
[iter 10570]loss: 3.1730, tokens/sec: 87645.67 ± 772.40, tokens seen: 2078146560, grad norm: 0.3521
[iter 10580]loss: 3.1035, tokens/sec: 87645.71 ± 772.04, tokens seen: 2080112640, grad norm: 0.3602
[iter 10590]loss: 3.1710, tokens/sec: 87645.70 ± 771.67, tokens seen: 2082078720, grad norm: 0.3185
[iter 10600]loss: 3.2548, tokens/sec: 87645.70 ± 771.31, tokens seen: 2084044800, grad norm: 0.3117
[iter 10610]loss: 3.1966, tokens/sec: 87645.70 ± 770.95, tokens seen: 2086010880, grad norm: 0.3812
[iter 10620]loss: 3.2454, tokens/sec: 87645.70 ± 770.58, tokens seen: 2087976960, grad norm: 0.3376
[iter 10630]loss: 3.3003, tokens/sec: 87645.71 ± 770.22, tokens seen: 2089943040, grad norm: 0.3199
[iter 10640]loss: 3.1246, tokens/sec: 87645.76 ± 769.86, tokens seen: 2091909120, grad norm: 0.3207
[iter 10650]loss: 3.0932, tokens/sec: 87645.77 ± 769.50, tokens seen: 2093875200, grad norm: 0.3435
[iter 10660]loss: 3.3492, tokens/sec: 87645.77 ± 769.14, tokens seen: 2095841280, grad norm: 0.3193
[iter 10670]loss: 3.3144, tokens/sec: 87645.79 ± 768.79, tokens seen: 2097807360, grad norm: 0.3879
[iter 10680]loss: 3.2782, tokens/sec: 87645.80 ± 768.43, tokens seen: 2099773440, grad norm: 0.3874
[iter 10690]loss: 3.2178, tokens/sec: 87645.81 ± 768.07, tokens seen: 2101739520, grad norm: 0.3224
[iter 10700]loss: 2.9486, tokens/sec: 87645.84 ± 767.71, tokens seen: 2103705600, grad norm: 0.3189
[iter 10710]loss: 3.0951, tokens/sec: 87645.89 ± 767.36, tokens seen: 2105671680, grad norm: 0.3365
[iter 10720]loss: 3.2696, tokens/sec: 87645.94 ± 767.00, tokens seen: 2107637760, grad norm: 0.3341
[iter 10730]loss: 3.1537, tokens/sec: 87645.94 ± 766.65, tokens seen: 2109603840, grad norm: 0.3253
[iter 10740]loss: 3.1948, tokens/sec: 87645.98 ± 766.29, tokens seen: 2111569920, grad norm: 0.3432
[iter 10750]loss: 3.3941, tokens/sec: 87646.00 ± 765.94, tokens seen: 2113536000, grad norm: 0.3397
[iter 10760]loss: 3.3684, tokens/sec: 87646.04 ± 765.58, tokens seen: 2115502080, grad norm: 0.3230
[iter 10770]loss: 3.2563, tokens/sec: 87646.09 ± 765.23, tokens seen: 2117468160, grad norm: 0.3142
[iter 10780]loss: 3.1643, tokens/sec: 87646.12 ± 764.88, tokens seen: 2119434240, grad norm: 0.3500
[iter 10790]loss: 3.2032, tokens/sec: 87646.17 ± 764.53, tokens seen: 2121400320, grad norm: 0.3453
[iter 10800]loss: 3.1514, tokens/sec: 87646.19 ± 764.18, tokens seen: 2123366400, grad norm: 0.3097
[iter 10810]loss: 3.1491, tokens/sec: 87646.23 ± 763.82, tokens seen: 2125332480, grad norm: 0.3587
[iter 10820]loss: 3.2497, tokens/sec: 87646.25 ± 763.47, tokens seen: 2127298560, grad norm: 0.3568
[iter 10830]loss: 3.1849, tokens/sec: 87646.29 ± 763.12, tokens seen: 2129264640, grad norm: 0.3309
[iter 10840]loss: 3.2832, tokens/sec: 87646.33 ± 762.77, tokens seen: 2131230720, grad norm: 0.3935
[iter 10850]loss: 3.1746, tokens/sec: 87646.31 ± 762.44, tokens seen: 2133196800, grad norm: 0.3316
[iter 10860]loss: 3.3502, tokens/sec: 87646.33 ± 762.10, tokens seen: 2135162880, grad norm: 0.3339
[iter 10870]loss: 3.2515, tokens/sec: 87646.33 ± 761.75, tokens seen: 2137128960, grad norm: 0.3128
[iter 10880]loss: 3.2101, tokens/sec: 87646.33 ± 761.40, tokens seen: 2139095040, grad norm: 0.3206
[iter 10890]loss: 3.2122, tokens/sec: 87646.33 ± 761.05, tokens seen: 2141061120, grad norm: 0.3868
[iter 10900]loss: 3.1117, tokens/sec: 87646.34 ± 760.70, tokens seen: 2143027200, grad norm: 0.3300
[iter 10910]loss: 3.3067, tokens/sec: 87646.33 ± 760.36, tokens seen: 2144993280, grad norm: 0.3558
[iter 10920]loss: 3.2466, tokens/sec: 87646.35 ± 760.01, tokens seen: 2146959360, grad norm: 0.3368
[iter 10930]loss: 3.1442, tokens/sec: 87646.39 ± 759.67, tokens seen: 2148925440, grad norm: 0.3140
[iter 10940]loss: 3.3945, tokens/sec: 87646.39 ± 759.32, tokens seen: 2150891520, grad norm: 0.2986
[iter 10950]loss: 3.2945, tokens/sec: 87646.40 ± 758.97, tokens seen: 2152857600, grad norm: 0.3450
[iter 10960]loss: 3.2922, tokens/sec: 87646.45 ± 758.63, tokens seen: 2154823680, grad norm: 0.3411
[iter 10970]loss: 3.2928, tokens/sec: 87646.49 ± 758.29, tokens seen: 2156789760, grad norm: 0.3639
[iter 10980]loss: 3.2920, tokens/sec: 87646.52 ± 757.95, tokens seen: 2158755840, grad norm: 0.3357
[iter 10990]loss: 2.9834, tokens/sec: 87646.56 ± 757.60, tokens seen: 2160721920, grad norm: 0.3403
[step 11000]train loss: 3.1826, val loss: 3.1881, (avg train loss: 0.5311 ± 0.0172), (avg grad norm: 0.3418 ± 0.0261)
saving checkpoint to ./out-owt-medium-mhc-lite-bs16-18000step
[iter 11000]loss: 3.1257, tokens/sec: 87646.71 ± 757.37, tokens seen: 2162688000, grad norm: 0.3348
[iter 11010]loss: 3.2163, tokens/sec: 87646.87 ± 757.05, tokens seen: 2164654080, grad norm: 0.3152
[iter 11020]loss: 3.1542, tokens/sec: 87646.97 ± 756.72, tokens seen: 2166620160, grad norm: 0.3203
[iter 11030]loss: 3.2522, tokens/sec: 87647.06 ± 756.38, tokens seen: 2168586240, grad norm: 0.3316
[iter 11040]loss: 3.1180, tokens/sec: 87647.13 ± 756.04, tokens seen: 2170552320, grad norm: 0.3314
[iter 11050]loss: 3.0838, tokens/sec: 87647.19 ± 755.70, tokens seen: 2172518400, grad norm: 0.3521
[iter 11060]loss: 3.0361, tokens/sec: 87647.23 ± 755.37, tokens seen: 2174484480, grad norm: 0.3228
[iter 11070]loss: 3.2730, tokens/sec: 87647.26 ± 755.03, tokens seen: 2176450560, grad norm: 0.3190
[iter 11080]loss: 3.2331, tokens/sec: 87647.32 ± 754.69, tokens seen: 2178416640, grad norm: 0.3727
[iter 11090]loss: 3.2194, tokens/sec: 87647.32 ± 754.35, tokens seen: 2180382720, grad norm: 0.3545
[iter 11100]loss: 3.1865, tokens/sec: 87647.31 ± 754.01, tokens seen: 2182348800, grad norm: 0.3399
[iter 11110]loss: 3.2058, tokens/sec: 87647.31 ± 753.67, tokens seen: 2184314880, grad norm: 0.3251
[iter 11120]loss: 3.1943, tokens/sec: 87647.31 ± 753.34, tokens seen: 2186280960, grad norm: 0.3443
[iter 11130]loss: 3.2021, tokens/sec: 87647.32 ± 753.00, tokens seen: 2188247040, grad norm: 0.3312
[iter 11140]loss: 3.0535, tokens/sec: 87647.35 ± 752.66, tokens seen: 2190213120, grad norm: 0.4006
[iter 11150]loss: 3.3794, tokens/sec: 87647.38 ± 752.32, tokens seen: 2192179200, grad norm: 0.3506
[iter 11160]loss: 3.2340, tokens/sec: 87647.41 ± 751.99, tokens seen: 2194145280, grad norm: 0.3107
[iter 11170]loss: 3.1593, tokens/sec: 87647.45 ± 751.65, tokens seen: 2196111360, grad norm: 0.3312
[iter 11180]loss: 3.1774, tokens/sec: 87647.47 ± 751.32, tokens seen: 2198077440, grad norm: 0.3195
[iter 11190]loss: 3.0133, tokens/sec: 87647.50 ± 750.99, tokens seen: 2200043520, grad norm: 0.3418
[iter 11200]loss: 3.2367, tokens/sec: 87647.53 ± 750.65, tokens seen: 2202009600, grad norm: 0.3203
[iter 11210]loss: 2.9675, tokens/sec: 87647.54 ± 750.32, tokens seen: 2203975680, grad norm: 0.3276
[iter 11220]loss: 3.4237, tokens/sec: 87647.56 ± 749.99, tokens seen: 2205941760, grad norm: 0.3756
[iter 11230]loss: 3.3205, tokens/sec: 87647.58 ± 749.65, tokens seen: 2207907840, grad norm: 0.3335
[iter 11240]loss: 3.2286, tokens/sec: 87647.60 ± 749.32, tokens seen: 2209873920, grad norm: 0.3610
[iter 11250]loss: 3.0692, tokens/sec: 87647.63 ± 748.99, tokens seen: 2211840000, grad norm: 0.3574
[iter 11260]loss: 3.2547, tokens/sec: 87647.66 ± 748.66, tokens seen: 2213806080, grad norm: 0.3787
[iter 11270]loss: 3.3744, tokens/sec: 87647.68 ± 748.33, tokens seen: 2215772160, grad norm: 0.3449
[iter 11280]loss: 3.2773, tokens/sec: 87647.72 ± 748.00, tokens seen: 2217738240, grad norm: 0.3865
[iter 11290]loss: 3.1463, tokens/sec: 87647.74 ± 747.67, tokens seen: 2219704320, grad norm: 0.3462
[iter 11300]loss: 3.0219, tokens/sec: 87647.77 ± 747.34, tokens seen: 2221670400, grad norm: 0.3068
[iter 11310]loss: 3.3101, tokens/sec: 87647.79 ± 747.02, tokens seen: 2223636480, grad norm: 0.3485
[iter 11320]loss: 3.0173, tokens/sec: 87647.81 ± 746.69, tokens seen: 2225602560, grad norm: 0.3431
[iter 11330]loss: 3.1136, tokens/sec: 87647.84 ± 746.36, tokens seen: 2227568640, grad norm: 0.3661
[iter 11340]loss: 3.1890, tokens/sec: 87647.87 ± 746.03, tokens seen: 2229534720, grad norm: 0.3277
[iter 11350]loss: 3.2273, tokens/sec: 87647.85 ± 745.71, tokens seen: 2231500800, grad norm: 0.3435
[iter 11360]loss: 3.2783, tokens/sec: 87647.84 ± 745.38, tokens seen: 2233466880, grad norm: 0.3780
[iter 11370]loss: 2.8507, tokens/sec: 87647.81 ± 745.05, tokens seen: 2235432960, grad norm: 0.3532
[iter 11380]loss: 3.1009, tokens/sec: 87647.81 ± 744.73, tokens seen: 2237399040, grad norm: 0.3082
[iter 11390]loss: 3.2607, tokens/sec: 87647.80 ± 744.40, tokens seen: 2239365120, grad norm: 0.3355
[iter 11400]loss: 3.2092, tokens/sec: 87647.82 ± 744.08, tokens seen: 2241331200, grad norm: 0.3732
[iter 11410]loss: 3.2073, tokens/sec: 87647.85 ± 743.75, tokens seen: 2243297280, grad norm: 0.3465
[iter 11420]loss: 3.1476, tokens/sec: 87647.87 ± 743.43, tokens seen: 2245263360, grad norm: 0.3937
[iter 11430]loss: 3.1243, tokens/sec: 87647.87 ± 743.11, tokens seen: 2247229440, grad norm: 0.3526
[iter 11440]loss: 3.2514, tokens/sec: 87647.88 ± 742.78, tokens seen: 2249195520, grad norm: 0.3275
[iter 11450]loss: 3.1558, tokens/sec: 87647.90 ± 742.46, tokens seen: 2251161600, grad norm: 0.3417
[iter 11460]loss: 3.0381, tokens/sec: 87647.90 ± 742.14, tokens seen: 2253127680, grad norm: 0.3425
[iter 11470]loss: 3.1540, tokens/sec: 87647.94 ± 741.82, tokens seen: 2255093760, grad norm: 0.3569
[iter 11480]loss: 3.0381, tokens/sec: 87647.96 ± 741.50, tokens seen: 2257059840, grad norm: 0.3741
[iter 11490]loss: 3.3709, tokens/sec: 87647.95 ± 741.18, tokens seen: 2259025920, grad norm: 0.3231
[step 11500]train loss: 3.1713, val loss: 3.1822, (avg train loss: 0.5303 ± 0.0158), (avg grad norm: 0.3450 ± 0.0225)
saving checkpoint to ./out-owt-medium-mhc-lite-bs16-18000step
[iter 11500]loss: 3.2412, tokens/sec: 87648.09 ± 740.97, tokens seen: 2260992000, grad norm: 0.3039
[iter 11510]loss: 3.2585, tokens/sec: 87648.24 ± 740.67, tokens seen: 2262958080, grad norm: 0.3184
[iter 11520]loss: 3.1183, tokens/sec: 87648.35 ± 740.35, tokens seen: 2264924160, grad norm: 0.3324
[iter 11530]loss: 3.2628, tokens/sec: 87648.44 ± 740.04, tokens seen: 2266890240, grad norm: 0.3567
[iter 11540]loss: 3.2669, tokens/sec: 87648.52 ± 739.73, tokens seen: 2268856320, grad norm: 0.3328
[iter 11550]loss: 3.2143, tokens/sec: 87648.55 ± 739.41, tokens seen: 2270822400, grad norm: 0.3306
[iter 11560]loss: 3.1096, tokens/sec: 87648.59 ± 739.09, tokens seen: 2272788480, grad norm: 0.3842
[iter 11570]loss: 3.1302, tokens/sec: 87648.64 ± 738.78, tokens seen: 2274754560, grad norm: 0.3219
[iter 11580]loss: 3.1642, tokens/sec: 87648.67 ± 738.46, tokens seen: 2276720640, grad norm: 0.3592
[iter 11590]loss: 3.2497, tokens/sec: 87648.67 ± 738.14, tokens seen: 2278686720, grad norm: 0.3211
[iter 11600]loss: 3.2056, tokens/sec: 87648.66 ± 737.83, tokens seen: 2280652800, grad norm: 0.3426
[iter 11610]loss: 3.2045, tokens/sec: 87648.66 ± 737.51, tokens seen: 2282618880, grad norm: 0.3182
[iter 11620]loss: 3.1119, tokens/sec: 87648.65 ± 737.19, tokens seen: 2284584960, grad norm: 0.3172
[iter 11630]loss: 3.3446, tokens/sec: 87648.65 ± 736.88, tokens seen: 2286551040, grad norm: 0.3216
[iter 11640]loss: 3.1755, tokens/sec: 87648.65 ± 736.56, tokens seen: 2288517120, grad norm: 0.3098
[iter 11650]loss: 3.2011, tokens/sec: 87648.68 ± 736.25, tokens seen: 2290483200, grad norm: 0.3423
[iter 11660]loss: 3.1924, tokens/sec: 87648.69 ± 735.93, tokens seen: 2292449280, grad norm: 0.3606
[iter 11670]loss: 2.9884, tokens/sec: 87648.74 ± 735.62, tokens seen: 2294415360, grad norm: 0.3264
[iter 11680]loss: 3.1966, tokens/sec: 87648.77 ± 735.31, tokens seen: 2296381440, grad norm: 0.3149
[iter 11690]loss: 3.2147, tokens/sec: 87648.76 ± 734.99, tokens seen: 2298347520, grad norm: 0.3017
[iter 11700]loss: 3.1088, tokens/sec: 87648.80 ± 734.68, tokens seen: 2300313600, grad norm: 0.3516
[iter 11710]loss: 3.1745, tokens/sec: 87648.82 ± 734.37, tokens seen: 2302279680, grad norm: 0.3449
[iter 11720]loss: 3.1976, tokens/sec: 87648.85 ± 734.06, tokens seen: 2304245760, grad norm: 0.3101
[iter 11730]loss: 3.0669, tokens/sec: 87648.86 ± 733.75, tokens seen: 2306211840, grad norm: 0.3753
[iter 11740]loss: 3.2652, tokens/sec: 87648.90 ± 733.44, tokens seen: 2308177920, grad norm: 0.3199
[iter 11750]loss: 3.1265, tokens/sec: 87648.93 ± 733.13, tokens seen: 2310144000, grad norm: 0.3512
[iter 11760]loss: 3.0055, tokens/sec: 87648.96 ± 732.82, tokens seen: 2312110080, grad norm: 0.3187
[iter 11770]loss: 2.9823, tokens/sec: 87648.99 ± 732.51, tokens seen: 2314076160, grad norm: 0.3410
[iter 11780]loss: 3.2025, tokens/sec: 87649.03 ± 732.20, tokens seen: 2316042240, grad norm: 0.3387
[iter 11790]loss: 3.1393, tokens/sec: 87649.05 ± 731.89, tokens seen: 2318008320, grad norm: 0.3202
[iter 11800]loss: 3.1323, tokens/sec: 87649.06 ± 731.58, tokens seen: 2319974400, grad norm: 0.3428
[iter 11810]loss: 3.3858, tokens/sec: 87649.08 ± 731.27, tokens seen: 2321940480, grad norm: 0.3299
[iter 11820]loss: 3.1528, tokens/sec: 87649.10 ± 730.97, tokens seen: 2323906560, grad norm: 0.3822
[iter 11830]loss: 3.2095, tokens/sec: 87649.10 ± 730.66, tokens seen: 2325872640, grad norm: 0.3281
[iter 11840]loss: 3.1606, tokens/sec: 87649.12 ± 730.35, tokens seen: 2327838720, grad norm: 0.3816
[iter 11850]loss: 3.2574, tokens/sec: 87649.12 ± 730.05, tokens seen: 2329804800, grad norm: 0.3341
[iter 11860]loss: 3.1987, tokens/sec: 87649.11 ± 729.74, tokens seen: 2331770880, grad norm: 0.3421
[iter 11870]loss: 3.4077, tokens/sec: 87649.11 ± 729.43, tokens seen: 2333736960, grad norm: 0.3652
[iter 11880]loss: 3.1717, tokens/sec: 87649.10 ± 729.13, tokens seen: 2335703040, grad norm: 0.3299
[iter 11890]loss: 3.2775, tokens/sec: 87649.11 ± 728.82, tokens seen: 2337669120, grad norm: 0.3435
[iter 11900]loss: 2.9993, tokens/sec: 87649.13 ± 728.52, tokens seen: 2339635200, grad norm: 0.3029
[iter 11910]loss: 2.9967, tokens/sec: 87649.12 ± 728.21, tokens seen: 2341601280, grad norm: 0.3401
[iter 11920]loss: 3.2170, tokens/sec: 87649.10 ± 727.91, tokens seen: 2343567360, grad norm: 0.3605
[iter 11930]loss: 3.1646, tokens/sec: 87649.07 ± 727.61, tokens seen: 2345533440, grad norm: 0.3481
[iter 11940]loss: 3.2503, tokens/sec: 87649.07 ± 727.30, tokens seen: 2347499520, grad norm: 0.3336
[iter 11950]loss: 3.1016, tokens/sec: 87649.06 ± 727.00, tokens seen: 2349465600, grad norm: 0.3188
[iter 11960]loss: 3.2324, tokens/sec: 87649.06 ± 726.70, tokens seen: 2351431680, grad norm: 0.3772
[iter 11970]loss: 3.0255, tokens/sec: 87649.06 ± 726.39, tokens seen: 2353397760, grad norm: 0.3564
[iter 11980]loss: 3.0946, tokens/sec: 87649.06 ± 726.09, tokens seen: 2355363840, grad norm: 0.3291
[iter 11990]loss: 3.1171, tokens/sec: 87649.05 ± 725.79, tokens seen: 2357329920, grad norm: 0.3360
[step 12000]train loss: 3.1608, val loss: 3.1757, (avg train loss: 0.5294 ± 0.0166), (avg grad norm: 0.3437 ± 0.0236)
saving checkpoint to ./out-owt-medium-mhc-lite-bs16-18000step
[iter 12000]loss: 3.1813, tokens/sec: 87649.17 ± 725.60, tokens seen: 2359296000, grad norm: 0.3365
[iter 12010]loss: 3.1360, tokens/sec: 87649.26 ± 725.30, tokens seen: 2361262080, grad norm: 0.3574
[iter 12020]loss: 3.1981, tokens/sec: 87649.31 ± 725.00, tokens seen: 2363228160, grad norm: 0.4090
[iter 12030]loss: 3.1479, tokens/sec: 87649.36 ± 724.71, tokens seen: 2365194240, grad norm: 0.3395
[iter 12040]loss: 3.2430, tokens/sec: 87649.36 ± 724.41, tokens seen: 2367160320, grad norm: 0.3152
[iter 12050]loss: 3.1065, tokens/sec: 87649.38 ± 724.11, tokens seen: 2369126400, grad norm: 0.3415
[iter 12060]loss: 3.1767, tokens/sec: 87649.38 ± 723.81, tokens seen: 2371092480, grad norm: 0.3473
[iter 12070]loss: 3.0897, tokens/sec: 87649.38 ± 723.51, tokens seen: 2373058560, grad norm: 0.3425
[iter 12080]loss: 3.4672, tokens/sec: 87649.37 ± 723.21, tokens seen: 2375024640, grad norm: 0.3146
[iter 12090]loss: 3.3750, tokens/sec: 87649.37 ± 722.91, tokens seen: 2376990720, grad norm: 0.3224
[iter 12100]loss: 3.0828, tokens/sec: 87649.36 ± 722.61, tokens seen: 2378956800, grad norm: 0.3972
[iter 12110]loss: 3.0739, tokens/sec: 87649.36 ± 722.32, tokens seen: 2380922880, grad norm: 0.3971
[iter 12120]loss: 3.0539, tokens/sec: 87649.36 ± 722.02, tokens seen: 2382888960, grad norm: 0.3146
[iter 12130]loss: 2.9651, tokens/sec: 87649.35 ± 721.72, tokens seen: 2384855040, grad norm: 0.3704
[iter 12140]loss: 3.0096, tokens/sec: 87649.35 ± 721.43, tokens seen: 2386821120, grad norm: 0.3203
[iter 12150]loss: 3.0103, tokens/sec: 87649.35 ± 721.13, tokens seen: 2388787200, grad norm: 0.3222
[iter 12160]loss: 3.0706, tokens/sec: 87649.35 ± 720.84, tokens seen: 2390753280, grad norm: 0.4299
[iter 12170]loss: 3.1586, tokens/sec: 87649.34 ± 720.54, tokens seen: 2392719360, grad norm: 0.3333
[iter 12180]loss: 3.1265, tokens/sec: 87649.34 ± 720.25, tokens seen: 2394685440, grad norm: 0.3442
[iter 12190]loss: 3.0545, tokens/sec: 87649.33 ± 719.95, tokens seen: 2396651520, grad norm: 0.3503
[iter 12200]loss: 3.2482, tokens/sec: 87649.33 ± 719.66, tokens seen: 2398617600, grad norm: 0.3401
[iter 12210]loss: 3.2013, tokens/sec: 87649.32 ± 719.37, tokens seen: 2400583680, grad norm: 0.3260
[iter 12220]loss: 3.1227, tokens/sec: 87649.32 ± 719.07, tokens seen: 2402549760, grad norm: 0.3035
[iter 12230]loss: 3.0859, tokens/sec: 87649.32 ± 718.78, tokens seen: 2404515840, grad norm: 0.3303
[iter 12240]loss: 3.1547, tokens/sec: 87649.32 ± 718.49, tokens seen: 2406481920, grad norm: 0.3201
[iter 12250]loss: 3.1703, tokens/sec: 87649.31 ± 718.19, tokens seen: 2408448000, grad norm: 0.3384
[iter 12260]loss: 3.0616, tokens/sec: 87649.31 ± 717.90, tokens seen: 2410414080, grad norm: 0.3683
[iter 12270]loss: 3.2336, tokens/sec: 87649.30 ± 717.61, tokens seen: 2412380160, grad norm: 0.3442
[iter 12280]loss: 3.1569, tokens/sec: 87649.30 ± 717.32, tokens seen: 2414346240, grad norm: 0.3784
[iter 12290]loss: 3.2965, tokens/sec: 87649.30 ± 717.03, tokens seen: 2416312320, grad norm: 0.3278
[iter 12300]loss: 3.2008, tokens/sec: 87649.29 ± 716.74, tokens seen: 2418278400, grad norm: 0.3558
[iter 12310]loss: 3.0979, tokens/sec: 87649.29 ± 716.45, tokens seen: 2420244480, grad norm: 0.3299
[iter 12320]loss: 3.2386, tokens/sec: 87649.29 ± 716.16, tokens seen: 2422210560, grad norm: 0.3401
[iter 12330]loss: 3.0933, tokens/sec: 87649.28 ± 715.87, tokens seen: 2424176640, grad norm: 0.3216
[iter 12340]loss: 3.2297, tokens/sec: 87649.28 ± 715.58, tokens seen: 2426142720, grad norm: 0.3430
[iter 12350]loss: 3.1474, tokens/sec: 87649.28 ± 715.29, tokens seen: 2428108800, grad norm: 0.3556
[iter 12360]loss: 3.1063, tokens/sec: 87649.27 ± 715.00, tokens seen: 2430074880, grad norm: 0.3281
[iter 12370]loss: 3.1661, tokens/sec: 87649.27 ± 714.72, tokens seen: 2432040960, grad norm: 0.3703
[iter 12380]loss: 3.2448, tokens/sec: 87649.26 ± 714.43, tokens seen: 2434007040, grad norm: 0.3137
[iter 12390]loss: 3.0188, tokens/sec: 87649.27 ± 714.14, tokens seen: 2435973120, grad norm: 0.3455
[iter 12400]loss: 3.2905, tokens/sec: 87649.26 ± 713.85, tokens seen: 2437939200, grad norm: 0.3363
[iter 12410]loss: 3.0790, tokens/sec: 87649.26 ± 713.57, tokens seen: 2439905280, grad norm: 0.3353
[iter 12420]loss: 3.2350, tokens/sec: 87649.25 ± 713.28, tokens seen: 2441871360, grad norm: 0.3421
[iter 12430]loss: 3.1781, tokens/sec: 87649.25 ± 713.00, tokens seen: 2443837440, grad norm: 0.3496
[iter 12440]loss: 3.0590, tokens/sec: 87649.24 ± 712.71, tokens seen: 2445803520, grad norm: 0.3483
[iter 12450]loss: 2.9784, tokens/sec: 87649.24 ± 712.42, tokens seen: 2447769600, grad norm: 0.3184
[iter 12460]loss: 2.8771, tokens/sec: 87649.23 ± 712.14, tokens seen: 2449735680, grad norm: 0.3612
[iter 12470]loss: 3.2121, tokens/sec: 87649.23 ± 711.85, tokens seen: 2451701760, grad norm: 0.3587
[iter 12480]loss: 3.2535, tokens/sec: 87649.23 ± 711.57, tokens seen: 2453667840, grad norm: 0.3603
[iter 12490]loss: 3.1929, tokens/sec: 87649.23 ± 711.29, tokens seen: 2455633920, grad norm: 0.3582
[step 12500]train loss: 3.1501, val loss: 3.1537, (avg train loss: 0.5257 ± 0.0164), (avg grad norm: 0.3466 ± 0.0199)
saving checkpoint to ./out-owt-medium-mhc-lite-bs16-18000step
[iter 12500]loss: 3.0707, tokens/sec: 87649.33 ± 711.09, tokens seen: 2457600000, grad norm: 0.3765
[iter 12510]loss: 2.9990, tokens/sec: 87649.43 ± 710.82, tokens seen: 2459566080, grad norm: 0.3811
[iter 12520]loss: 3.1645, tokens/sec: 87649.49 ± 710.54, tokens seen: 2461532160, grad norm: 0.3398
[iter 12530]loss: 3.2433, tokens/sec: 87649.50 ± 710.26, tokens seen: 2463498240, grad norm: 0.3569
[iter 12540]loss: 3.1783, tokens/sec: 87649.50 ± 709.98, tokens seen: 2465464320, grad norm: 0.3801
[iter 12550]loss: 3.3257, tokens/sec: 87649.49 ± 709.70, tokens seen: 2467430400, grad norm: 0.4092
[iter 12560]loss: 3.2428, tokens/sec: 87649.49 ± 709.41, tokens seen: 2469396480, grad norm: 0.4003
[iter 12570]loss: 3.1846, tokens/sec: 87649.49 ± 709.13, tokens seen: 2471362560, grad norm: 0.3203
[iter 12580]loss: 3.0180, tokens/sec: 87649.48 ± 708.85, tokens seen: 2473328640, grad norm: 0.3634
[iter 12590]loss: 3.1684, tokens/sec: 87649.48 ± 708.57, tokens seen: 2475294720, grad norm: 0.3699
[iter 12600]loss: 3.1516, tokens/sec: 87649.47 ± 708.29, tokens seen: 2477260800, grad norm: 0.3275
[iter 12610]loss: 3.3009, tokens/sec: 87649.47 ± 708.01, tokens seen: 2479226880, grad norm: 0.3289
[iter 12620]loss: 3.1748, tokens/sec: 87649.46 ± 707.73, tokens seen: 2481192960, grad norm: 0.3375
[iter 12630]loss: 3.0002, tokens/sec: 87649.46 ± 707.45, tokens seen: 2483159040, grad norm: 0.3323
[iter 12640]loss: 3.1970, tokens/sec: 87649.45 ± 707.17, tokens seen: 2485125120, grad norm: 0.3656
[iter 12650]loss: 3.1828, tokens/sec: 87649.46 ± 706.90, tokens seen: 2487091200, grad norm: 0.3484
[iter 12660]loss: 3.1117, tokens/sec: 87649.45 ± 706.62, tokens seen: 2489057280, grad norm: 0.3817
[iter 12670]loss: 3.1441, tokens/sec: 87649.44 ± 706.34, tokens seen: 2491023360, grad norm: 0.3560
[iter 12680]loss: 3.1258, tokens/sec: 87649.45 ± 706.06, tokens seen: 2492989440, grad norm: 0.3387
[iter 12690]loss: 3.2069, tokens/sec: 87649.44 ± 705.78, tokens seen: 2494955520, grad norm: 0.3336
[iter 12700]loss: 3.1664, tokens/sec: 87649.43 ± 705.51, tokens seen: 2496921600, grad norm: 0.3457
[iter 12710]loss: 3.0229, tokens/sec: 87649.43 ± 705.23, tokens seen: 2498887680, grad norm: 0.3465
[iter 12720]loss: 3.1096, tokens/sec: 87649.43 ± 704.96, tokens seen: 2500853760, grad norm: 0.3145
[iter 12730]loss: 3.2249, tokens/sec: 87649.42 ± 704.68, tokens seen: 2502819840, grad norm: 0.3451
[iter 12740]loss: 3.0574, tokens/sec: 87649.42 ± 704.40, tokens seen: 2504785920, grad norm: 0.3293
[iter 12750]loss: 3.1288, tokens/sec: 87649.42 ± 704.13, tokens seen: 2506752000, grad norm: 0.3514
[iter 12760]loss: 3.1903, tokens/sec: 87649.41 ± 703.85, tokens seen: 2508718080, grad norm: 0.3320
[iter 12770]loss: 3.2176, tokens/sec: 87649.41 ± 703.58, tokens seen: 2510684160, grad norm: 0.3675
[iter 12780]loss: 2.9951, tokens/sec: 87649.41 ± 703.30, tokens seen: 2512650240, grad norm: 0.3415
[iter 12790]loss: 3.0696, tokens/sec: 87649.40 ± 703.03, tokens seen: 2514616320, grad norm: 0.3216
[iter 12800]loss: 2.9583, tokens/sec: 87649.40 ± 702.76, tokens seen: 2516582400, grad norm: 0.3405
[iter 12810]loss: 3.1016, tokens/sec: 87649.39 ± 702.48, tokens seen: 2518548480, grad norm: 0.3718
[iter 12820]loss: 3.2314, tokens/sec: 87649.39 ± 702.21, tokens seen: 2520514560, grad norm: 0.3489
[iter 12830]loss: 3.1796, tokens/sec: 87649.39 ± 701.94, tokens seen: 2522480640, grad norm: 0.3740
[iter 12840]loss: 3.2070, tokens/sec: 87649.38 ± 701.66, tokens seen: 2524446720, grad norm: 0.3797
[iter 12850]loss: 3.0835, tokens/sec: 87649.38 ± 701.39, tokens seen: 2526412800, grad norm: 0.3578
[iter 12860]loss: 3.0343, tokens/sec: 87649.38 ± 701.12, tokens seen: 2528378880, grad norm: 0.3597
[iter 12870]loss: 3.1978, tokens/sec: 87649.37 ± 700.85, tokens seen: 2530344960, grad norm: 0.3341
[iter 12880]loss: 3.1191, tokens/sec: 87649.37 ± 700.58, tokens seen: 2532311040, grad norm: 0.3774
[iter 12890]loss: 3.2050, tokens/sec: 87649.37 ± 700.31, tokens seen: 2534277120, grad norm: 0.3199
[iter 12900]loss: 3.1895, tokens/sec: 87649.36 ± 700.04, tokens seen: 2536243200, grad norm: 0.3388
[iter 12910]loss: 3.1114, tokens/sec: 87649.36 ± 699.77, tokens seen: 2538209280, grad norm: 0.3175
[iter 12920]loss: 3.2341, tokens/sec: 87649.36 ± 699.50, tokens seen: 2540175360, grad norm: 0.3711
[iter 12930]loss: 3.2238, tokens/sec: 87649.36 ± 699.23, tokens seen: 2542141440, grad norm: 0.3516
[iter 12940]loss: 3.0577, tokens/sec: 87649.35 ± 698.96, tokens seen: 2544107520, grad norm: 0.3656
[iter 12950]loss: 3.2806, tokens/sec: 87649.35 ± 698.69, tokens seen: 2546073600, grad norm: 0.3505
[iter 12960]loss: 2.9740, tokens/sec: 87649.35 ± 698.42, tokens seen: 2548039680, grad norm: 0.3246
[iter 12970]loss: 3.2201, tokens/sec: 87649.34 ± 698.15, tokens seen: 2550005760, grad norm: 0.3353
[iter 12980]loss: 3.1628, tokens/sec: 87649.33 ± 697.88, tokens seen: 2551971840, grad norm: 0.3235
[iter 12990]loss: 3.2243, tokens/sec: 87649.33 ± 697.62, tokens seen: 2553937920, grad norm: 0.3409
[step 13000]train loss: 3.1459, val loss: 3.1457, (avg train loss: 0.5248 ± 0.0175), (avg grad norm: 0.3461 ± 0.0216)
saving checkpoint to ./out-owt-medium-mhc-lite-bs16-18000step
[iter 13000]loss: 3.1390, tokens/sec: 87649.43 ± 697.45, tokens seen: 2555904000, grad norm: 0.3483
[iter 13010]loss: 3.1930, tokens/sec: 87649.53 ± 697.19, tokens seen: 2557870080, grad norm: 0.3340
[iter 13020]loss: 3.1667, tokens/sec: 87649.59 ± 696.93, tokens seen: 2559836160, grad norm: 0.3337
[iter 13030]loss: 3.1428, tokens/sec: 87649.63 ± 696.66, tokens seen: 2561802240, grad norm: 0.3220
[iter 13040]loss: 3.2515, tokens/sec: 87649.64 ± 696.40, tokens seen: 2563768320, grad norm: 0.3616
[iter 13050]loss: 3.1246, tokens/sec: 87649.64 ± 696.13, tokens seen: 2565734400, grad norm: 0.3376
[iter 13060]loss: 3.1557, tokens/sec: 87649.64 ± 695.87, tokens seen: 2567700480, grad norm: 0.3620
[iter 13070]loss: 3.0818, tokens/sec: 87649.63 ± 695.60, tokens seen: 2569666560, grad norm: 0.3240
[iter 13080]loss: 3.0452, tokens/sec: 87649.62 ± 695.34, tokens seen: 2571632640, grad norm: 0.3339
[iter 13090]loss: 3.1309, tokens/sec: 87649.62 ± 695.07, tokens seen: 2573598720, grad norm: 0.3668
[iter 13100]loss: 3.1899, tokens/sec: 87649.61 ± 694.81, tokens seen: 2575564800, grad norm: 0.3230
[iter 13110]loss: 3.1238, tokens/sec: 87649.62 ± 694.55, tokens seen: 2577530880, grad norm: 0.3627
[iter 13120]loss: 3.1531, tokens/sec: 87649.61 ± 694.28, tokens seen: 2579496960, grad norm: 0.3468
[iter 13130]loss: 3.1134, tokens/sec: 87649.61 ± 694.02, tokens seen: 2581463040, grad norm: 0.3396
[iter 13140]loss: 3.1299, tokens/sec: 87649.60 ± 693.76, tokens seen: 2583429120, grad norm: 0.3434
[iter 13150]loss: 2.9491, tokens/sec: 87649.60 ± 693.49, tokens seen: 2585395200, grad norm: 0.3575
[iter 13160]loss: 3.1188, tokens/sec: 87649.59 ± 693.23, tokens seen: 2587361280, grad norm: 0.3388
[iter 13170]loss: 3.1375, tokens/sec: 87649.59 ± 692.97, tokens seen: 2589327360, grad norm: 0.3234
[iter 13180]loss: 3.0492, tokens/sec: 87649.59 ± 692.71, tokens seen: 2591293440, grad norm: 0.3214
[iter 13190]loss: 3.2129, tokens/sec: 87649.58 ± 692.44, tokens seen: 2593259520, grad norm: 0.3229
[iter 13200]loss: 2.9464, tokens/sec: 87649.58 ± 692.18, tokens seen: 2595225600, grad norm: 0.3177
[iter 13210]loss: 3.2054, tokens/sec: 87649.58 ± 691.92, tokens seen: 2597191680, grad norm: 0.3557
[iter 13220]loss: 3.1871, tokens/sec: 87649.57 ± 691.66, tokens seen: 2599157760, grad norm: 0.3333
[iter 13230]loss: 3.1302, tokens/sec: 87649.57 ± 691.40, tokens seen: 2601123840, grad norm: 0.3492
[iter 13240]loss: 3.0225, tokens/sec: 87649.57 ± 691.14, tokens seen: 2603089920, grad norm: 0.4045
[iter 13250]loss: 3.2222, tokens/sec: 87649.57 ± 690.88, tokens seen: 2605056000, grad norm: 0.3374
[iter 13260]loss: 3.1393, tokens/sec: 87649.44 ± 690.69, tokens seen: 2607022080, grad norm: 0.3584
[iter 13270]loss: 3.1677, tokens/sec: 87649.41 ± 690.43, tokens seen: 2608988160, grad norm: 0.3780
[iter 13280]loss: 3.3221, tokens/sec: 87649.38 ± 690.17, tokens seen: 2610954240, grad norm: 0.3384
[iter 13290]loss: 3.1145, tokens/sec: 87649.38 ± 689.91, tokens seen: 2612920320, grad norm: 0.3378
[iter 13300]loss: 3.0268, tokens/sec: 87649.38 ± 689.66, tokens seen: 2614886400, grad norm: 0.3489
[iter 13310]loss: 3.0992, tokens/sec: 87649.38 ± 689.40, tokens seen: 2616852480, grad norm: 0.3564
[iter 13320]loss: 3.1907, tokens/sec: 87649.38 ± 689.14, tokens seen: 2618818560, grad norm: 0.3767
[iter 13330]loss: 3.2738, tokens/sec: 87649.37 ± 688.88, tokens seen: 2620784640, grad norm: 0.4011
[iter 13340]loss: 3.0976, tokens/sec: 87649.37 ± 688.63, tokens seen: 2622750720, grad norm: 0.3444
[iter 13350]loss: 3.1242, tokens/sec: 87649.37 ± 688.37, tokens seen: 2624716800, grad norm: 0.3286
[iter 13360]loss: 3.1224, tokens/sec: 87649.37 ± 688.11, tokens seen: 2626682880, grad norm: 0.3301
[iter 13370]loss: 3.0084, tokens/sec: 87649.36 ± 687.86, tokens seen: 2628648960, grad norm: 0.3480
[iter 13380]loss: 3.0266, tokens/sec: 87649.36 ± 687.60, tokens seen: 2630615040, grad norm: 0.3312
[iter 13390]loss: 3.0232, tokens/sec: 87649.35 ± 687.35, tokens seen: 2632581120, grad norm: 0.3448
[iter 13400]loss: 3.0674, tokens/sec: 87649.35 ± 687.09, tokens seen: 2634547200, grad norm: 0.3253
[iter 13410]loss: 3.0791, tokens/sec: 87649.33 ± 686.84, tokens seen: 2636513280, grad norm: 0.3501
[iter 13420]loss: 3.0016, tokens/sec: 87649.33 ± 686.58, tokens seen: 2638479360, grad norm: 0.3735
[iter 13430]loss: 3.1712, tokens/sec: 87649.33 ± 686.33, tokens seen: 2640445440, grad norm: 0.3651
[iter 13440]loss: 3.2389, tokens/sec: 87649.33 ± 686.07, tokens seen: 2642411520, grad norm: 0.3608
[iter 13450]loss: 3.1045, tokens/sec: 87649.33 ± 685.82, tokens seen: 2644377600, grad norm: 0.3204
[iter 13460]loss: 3.0482, tokens/sec: 87649.32 ± 685.57, tokens seen: 2646343680, grad norm: 0.3224
[iter 13470]loss: 3.1752, tokens/sec: 87649.33 ± 685.31, tokens seen: 2648309760, grad norm: 0.3624
[iter 13480]loss: 3.2300, tokens/sec: 87649.32 ± 685.06, tokens seen: 2650275840, grad norm: 0.3570
[iter 13490]loss: 2.9387, tokens/sec: 87649.32 ± 684.81, tokens seen: 2652241920, grad norm: 0.3443
[step 13500]train loss: 3.1246, val loss: 3.1357, (avg train loss: 0.5226 ± 0.0163), (avg grad norm: 0.3496 ± 0.0194)
saving checkpoint to ./out-owt-medium-mhc-lite-bs16-18000step
[iter 13500]loss: 3.0468, tokens/sec: 87649.42 ± 684.66, tokens seen: 2654208000, grad norm: 0.4097
[iter 13510]loss: 3.1056, tokens/sec: 87649.51 ± 684.41, tokens seen: 2656174080, grad norm: 0.3717
[iter 13520]loss: 3.1851, tokens/sec: 87649.56 ± 684.16, tokens seen: 2658140160, grad norm: 0.3576
[iter 13530]loss: 2.9885, tokens/sec: 87649.59 ± 683.91, tokens seen: 2660106240, grad norm: 0.3598
[iter 13540]loss: 3.0198, tokens/sec: 87649.61 ± 683.66, tokens seen: 2662072320, grad norm: 0.3459
[iter 13550]loss: 3.0297, tokens/sec: 87649.61 ± 683.41, tokens seen: 2664038400, grad norm: 0.3390
[iter 13560]loss: 3.0734, tokens/sec: 87649.60 ± 683.16, tokens seen: 2666004480, grad norm: 0.3824
[iter 13570]loss: 3.2092, tokens/sec: 87649.60 ± 682.91, tokens seen: 2667970560, grad norm: 0.3582
[iter 13580]loss: 3.0131, tokens/sec: 87649.59 ± 682.66, tokens seen: 2669936640, grad norm: 0.3434
[iter 13590]loss: 3.1432, tokens/sec: 87649.60 ± 682.41, tokens seen: 2671902720, grad norm: 0.3615
[iter 13600]loss: 3.1029, tokens/sec: 87649.59 ± 682.16, tokens seen: 2673868800, grad norm: 0.3408
[iter 13610]loss: 3.1547, tokens/sec: 87649.59 ± 681.91, tokens seen: 2675834880, grad norm: 0.3497
[iter 13620]loss: 3.1705, tokens/sec: 87649.59 ± 681.66, tokens seen: 2677800960, grad norm: 0.3443
[iter 13630]loss: 3.1956, tokens/sec: 87649.59 ± 681.42, tokens seen: 2679767040, grad norm: 0.3462
[iter 13640]loss: 3.1504, tokens/sec: 87649.58 ± 681.17, tokens seen: 2681733120, grad norm: 0.3424
[iter 13650]loss: 3.2100, tokens/sec: 87649.59 ± 680.92, tokens seen: 2683699200, grad norm: 0.3097
[iter 13660]loss: 3.1229, tokens/sec: 87649.58 ± 680.67, tokens seen: 2685665280, grad norm: 0.3715
[iter 13670]loss: 3.0782, tokens/sec: 87649.57 ± 680.42, tokens seen: 2687631360, grad norm: 0.3539
[iter 13680]loss: 3.1587, tokens/sec: 87649.58 ± 680.18, tokens seen: 2689597440, grad norm: 0.3452
[iter 13690]loss: 3.2672, tokens/sec: 87649.57 ± 679.93, tokens seen: 2691563520, grad norm: 0.3604
[iter 13700]loss: 2.9948, tokens/sec: 87649.57 ± 679.68, tokens seen: 2693529600, grad norm: 0.3534
[iter 13710]loss: 3.1406, tokens/sec: 87649.57 ± 679.43, tokens seen: 2695495680, grad norm: 0.3462
[iter 13720]loss: 3.1210, tokens/sec: 87649.56 ± 679.19, tokens seen: 2697461760, grad norm: 0.3297
[iter 13730]loss: 3.1434, tokens/sec: 87649.56 ± 678.94, tokens seen: 2699427840, grad norm: 0.3604
[iter 13740]loss: 3.0481, tokens/sec: 87649.56 ± 678.70, tokens seen: 2701393920, grad norm: 0.3389
[iter 13750]loss: 3.2458, tokens/sec: 87649.56 ± 678.45, tokens seen: 2703360000, grad norm: 0.3443
[iter 13760]loss: 3.2879, tokens/sec: 87649.55 ± 678.21, tokens seen: 2705326080, grad norm: 0.3750
[iter 13770]loss: 3.2134, tokens/sec: 87649.55 ± 677.96, tokens seen: 2707292160, grad norm: 0.3306
[iter 13780]loss: 3.0946, tokens/sec: 87649.55 ± 677.72, tokens seen: 2709258240, grad norm: 0.3655
[iter 13790]loss: 3.3419, tokens/sec: 87649.55 ± 677.47, tokens seen: 2711224320, grad norm: 0.3443
[iter 13800]loss: 3.2858, tokens/sec: 87649.54 ± 677.23, tokens seen: 2713190400, grad norm: 0.3237
[iter 13810]loss: 3.0835, tokens/sec: 87649.54 ± 676.98, tokens seen: 2715156480, grad norm: 0.3229
[iter 13820]loss: 3.2535, tokens/sec: 87649.54 ± 676.74, tokens seen: 2717122560, grad norm: 0.3461
[iter 13830]loss: 3.1239, tokens/sec: 87649.54 ± 676.50, tokens seen: 2719088640, grad norm: 0.3503
[iter 13840]loss: 3.0710, tokens/sec: 87649.52 ± 676.25, tokens seen: 2721054720, grad norm: 0.3667
[iter 13850]loss: 3.0827, tokens/sec: 87649.53 ± 676.01, tokens seen: 2723020800, grad norm: 0.3627
[iter 13860]loss: 3.1601, tokens/sec: 87649.53 ± 675.77, tokens seen: 2724986880, grad norm: 0.3255
[iter 13870]loss: 3.1603, tokens/sec: 87649.52 ± 675.53, tokens seen: 2726952960, grad norm: 0.3505
[iter 13880]loss: 3.2652, tokens/sec: 87649.52 ± 675.28, tokens seen: 2728919040, grad norm: 0.3570
[iter 13890]loss: 3.0344, tokens/sec: 87649.52 ± 675.04, tokens seen: 2730885120, grad norm: 0.3451
[iter 13900]loss: 3.0590, tokens/sec: 87649.52 ± 674.80, tokens seen: 2732851200, grad norm: 0.4109
[iter 13910]loss: 3.0689, tokens/sec: 87649.51 ± 674.56, tokens seen: 2734817280, grad norm: 0.3814
[iter 13920]loss: 3.2776, tokens/sec: 87649.51 ± 674.32, tokens seen: 2736783360, grad norm: 0.3502
[iter 13930]loss: 3.0150, tokens/sec: 87649.51 ± 674.08, tokens seen: 2738749440, grad norm: 0.3332
[iter 13940]loss: 3.0770, tokens/sec: 87649.51 ± 673.84, tokens seen: 2740715520, grad norm: 0.3212
[iter 13950]loss: 3.0832, tokens/sec: 87649.51 ± 673.60, tokens seen: 2742681600, grad norm: 0.3661
[iter 13960]loss: 3.2852, tokens/sec: 87649.51 ± 673.36, tokens seen: 2744647680, grad norm: 0.3444
[iter 13970]loss: 3.2571, tokens/sec: 87649.51 ± 673.12, tokens seen: 2746613760, grad norm: 0.3448
[iter 13980]loss: 2.9876, tokens/sec: 87649.50 ± 672.88, tokens seen: 2748579840, grad norm: 0.3907
[iter 13990]loss: 3.0423, tokens/sec: 87649.50 ± 672.64, tokens seen: 2750545920, grad norm: 0.3903
[step 14000]train loss: 3.1175, val loss: 3.1388, (avg train loss: 0.5205 ± 0.0160), (avg grad norm: 0.3502 ± 0.0199)
[iter 14000]loss: 2.9409, tokens/sec: 87649.60 ± 672.50, tokens seen: 2752512000, grad norm: 0.3296
[iter 14010]loss: 3.2402, tokens/sec: 87649.69 ± 672.27, tokens seen: 2754478080, grad norm: 0.3363
[iter 14020]loss: 3.0743, tokens/sec: 87649.74 ± 672.03, tokens seen: 2756444160, grad norm: 0.3343
[iter 14030]loss: 2.9485, tokens/sec: 87649.76 ± 671.79, tokens seen: 2758410240, grad norm: 0.3161
[iter 14040]loss: 3.1339, tokens/sec: 87649.76 ± 671.56, tokens seen: 2760376320, grad norm: 0.3478
[iter 14050]loss: 3.1373, tokens/sec: 87649.76 ± 671.32, tokens seen: 2762342400, grad norm: 0.3767
[iter 14060]loss: 3.2832, tokens/sec: 87649.75 ± 671.08, tokens seen: 2764308480, grad norm: 0.3316
[iter 14070]loss: 3.0420, tokens/sec: 87649.74 ± 670.84, tokens seen: 2766274560, grad norm: 0.3687
[iter 14080]loss: 3.1328, tokens/sec: 87649.74 ± 670.61, tokens seen: 2768240640, grad norm: 0.3623
[iter 14090]loss: 3.1619, tokens/sec: 87649.75 ± 670.37, tokens seen: 2770206720, grad norm: 0.3240
[iter 14100]loss: 3.1149, tokens/sec: 87649.74 ± 670.13, tokens seen: 2772172800, grad norm: 0.3319
[iter 14110]loss: 3.0930, tokens/sec: 87649.74 ± 669.90, tokens seen: 2774138880, grad norm: 0.3448
[iter 14120]loss: 3.1567, tokens/sec: 87649.74 ± 669.66, tokens seen: 2776104960, grad norm: 0.3299
[iter 14130]loss: 3.0908, tokens/sec: 87649.74 ± 669.43, tokens seen: 2778071040, grad norm: 0.3559
[iter 14140]loss: 2.9377, tokens/sec: 87649.73 ± 669.19, tokens seen: 2780037120, grad norm: 0.3511
[iter 14150]loss: 3.0818, tokens/sec: 87649.73 ± 668.96, tokens seen: 2782003200, grad norm: 0.3312
[iter 14160]loss: 3.1294, tokens/sec: 87649.73 ± 668.72, tokens seen: 2783969280, grad norm: 0.3670
[iter 14170]loss: 3.1491, tokens/sec: 87649.73 ± 668.49, tokens seen: 2785935360, grad norm: 0.3484
[iter 14180]loss: 3.1821, tokens/sec: 87649.73 ± 668.25, tokens seen: 2787901440, grad norm: 0.3533
[iter 14190]loss: 3.1260, tokens/sec: 87649.73 ± 668.02, tokens seen: 2789867520, grad norm: 0.3478
[iter 14200]loss: 3.0390, tokens/sec: 87649.73 ± 667.78, tokens seen: 2791833600, grad norm: 0.3472
[iter 14210]loss: 3.1588, tokens/sec: 87649.72 ± 667.55, tokens seen: 2793799680, grad norm: 0.3350
[iter 14220]loss: 3.2864, tokens/sec: 87649.72 ± 667.32, tokens seen: 2795765760, grad norm: 0.3394
[iter 14230]loss: 3.1563, tokens/sec: 87649.72 ± 667.08, tokens seen: 2797731840, grad norm: 0.3696
[iter 14240]loss: 3.1578, tokens/sec: 87649.72 ± 666.85, tokens seen: 2799697920, grad norm: 0.3332
[iter 14250]loss: 3.1168, tokens/sec: 87649.72 ± 666.62, tokens seen: 2801664000, grad norm: 0.3405
[iter 14260]loss: 3.1409, tokens/sec: 87649.72 ± 666.39, tokens seen: 2803630080, grad norm: 0.3462
[iter 14270]loss: 3.2137, tokens/sec: 87649.71 ± 666.15, tokens seen: 2805596160, grad norm: 0.3237
[iter 14280]loss: 3.0938, tokens/sec: 87649.71 ± 665.92, tokens seen: 2807562240, grad norm: 0.3401
[iter 14290]loss: 3.0079, tokens/sec: 87649.71 ± 665.69, tokens seen: 2809528320, grad norm: 0.3394
[iter 14300]loss: 3.1588, tokens/sec: 87649.71 ± 665.46, tokens seen: 2811494400, grad norm: 0.3363
[iter 14310]loss: 3.1179, tokens/sec: 87649.71 ± 665.23, tokens seen: 2813460480, grad norm: 0.3208
[iter 14320]loss: 3.0973, tokens/sec: 87649.71 ± 665.00, tokens seen: 2815426560, grad norm: 0.3345
[iter 14330]loss: 3.1496, tokens/sec: 87649.70 ± 664.77, tokens seen: 2817392640, grad norm: 0.3216
[iter 14340]loss: 3.2241, tokens/sec: 87649.70 ± 664.54, tokens seen: 2819358720, grad norm: 0.3266
[iter 14350]loss: 3.1084, tokens/sec: 87649.70 ± 664.31, tokens seen: 2821324800, grad norm: 0.3244
[iter 14360]loss: 3.2975, tokens/sec: 87649.69 ± 664.08, tokens seen: 2823290880, grad norm: 0.3333
[iter 14370]loss: 2.9941, tokens/sec: 87649.69 ± 663.85, tokens seen: 2825256960, grad norm: 0.3384
[iter 14380]loss: 3.1731, tokens/sec: 87649.69 ± 663.62, tokens seen: 2827223040, grad norm: 0.3494
[iter 14390]loss: 3.1633, tokens/sec: 87649.69 ± 663.39, tokens seen: 2829189120, grad norm: 0.3207
[iter 14400]loss: 3.1090, tokens/sec: 87649.68 ± 663.16, tokens seen: 2831155200, grad norm: 0.3541
[iter 14410]loss: 3.1928, tokens/sec: 87649.69 ± 662.93, tokens seen: 2833121280, grad norm: 0.3286
[iter 14420]loss: 3.3339, tokens/sec: 87649.69 ± 662.70, tokens seen: 2835087360, grad norm: 0.3291
[iter 14430]loss: 3.1525, tokens/sec: 87649.68 ± 662.48, tokens seen: 2837053440, grad norm: 0.3881
[iter 14440]loss: 3.1849, tokens/sec: 87649.68 ± 662.25, tokens seen: 2839019520, grad norm: 0.3541
[iter 14450]loss: 2.9944, tokens/sec: 87649.68 ± 662.02, tokens seen: 2840985600, grad norm: 0.3373
[iter 14460]loss: 3.1626, tokens/sec: 87649.68 ± 661.79, tokens seen: 2842951680, grad norm: 0.3487
[iter 14470]loss: 3.2260, tokens/sec: 87649.68 ± 661.57, tokens seen: 2844917760, grad norm: 0.3351
[iter 14480]loss: 3.0286, tokens/sec: 87649.68 ± 661.34, tokens seen: 2846883840, grad norm: 0.3442
[iter 14490]loss: 3.1879, tokens/sec: 87649.67 ± 661.11, tokens seen: 2848849920, grad norm: 0.3131
[step 14500]train loss: 3.1139, val loss: 3.1214, (avg train loss: 0.5203 ± 0.0171), (avg grad norm: 0.3441 ± 0.0179)
saving checkpoint to ./out-owt-medium-mhc-lite-bs16-18000step
[iter 14500]loss: 3.2115, tokens/sec: 87649.76 ± 660.97, tokens seen: 2850816000, grad norm: 0.3544
[iter 14510]loss: 3.1857, tokens/sec: 87649.84 ± 660.75, tokens seen: 2852782080, grad norm: 0.3393
[iter 14520]loss: 3.1257, tokens/sec: 87649.88 ± 660.53, tokens seen: 2854748160, grad norm: 0.3451
[iter 14530]loss: 3.2984, tokens/sec: 87649.92 ± 660.31, tokens seen: 2856714240, grad norm: 0.3457
[iter 14540]loss: 3.2605, tokens/sec: 87649.93 ± 660.08, tokens seen: 2858680320, grad norm: 0.3541
[iter 14550]loss: 3.2780, tokens/sec: 87649.93 ± 659.86, tokens seen: 2860646400, grad norm: 0.3479
[iter 14560]loss: 3.1187, tokens/sec: 87649.93 ± 659.63, tokens seen: 2862612480, grad norm: 0.3622
[iter 14570]loss: 3.1225, tokens/sec: 87649.92 ± 659.41, tokens seen: 2864578560, grad norm: 0.3192
[iter 14580]loss: 3.2910, tokens/sec: 87649.92 ± 659.18, tokens seen: 2866544640, grad norm: 0.3261
[iter 14590]loss: 3.0751, tokens/sec: 87649.91 ± 658.96, tokens seen: 2868510720, grad norm: 0.3484
[iter 14600]loss: 2.9660, tokens/sec: 87649.91 ± 658.73, tokens seen: 2870476800, grad norm: 0.3354
[iter 14610]loss: 3.1400, tokens/sec: 87649.91 ± 658.51, tokens seen: 2872442880, grad norm: 0.3448
[iter 14620]loss: 3.1943, tokens/sec: 87649.91 ± 658.28, tokens seen: 2874408960, grad norm: 0.3834
[iter 14630]loss: 2.8626, tokens/sec: 87649.91 ± 658.06, tokens seen: 2876375040, grad norm: 0.3571
[iter 14640]loss: 3.0162, tokens/sec: 87649.90 ± 657.84, tokens seen: 2878341120, grad norm: 0.3409
[iter 14650]loss: 3.1523, tokens/sec: 87649.90 ± 657.61, tokens seen: 2880307200, grad norm: 0.3514
[iter 14660]loss: 3.1509, tokens/sec: 87649.90 ± 657.39, tokens seen: 2882273280, grad norm: 0.3299
[iter 14670]loss: 3.1747, tokens/sec: 87649.89 ± 657.17, tokens seen: 2884239360, grad norm: 0.3485
[iter 14680]loss: 3.2526, tokens/sec: 87649.89 ± 656.94, tokens seen: 2886205440, grad norm: 0.3573
[iter 14690]loss: 2.9194, tokens/sec: 87649.89 ± 656.72, tokens seen: 2888171520, grad norm: 0.3312
[iter 14700]loss: 3.0100, tokens/sec: 87649.88 ± 656.50, tokens seen: 2890137600, grad norm: 0.3535
[iter 14710]loss: 3.1309, tokens/sec: 87649.89 ± 656.28, tokens seen: 2892103680, grad norm: 0.3279
[iter 14720]loss: 2.9303, tokens/sec: 87649.88 ± 656.05, tokens seen: 2894069760, grad norm: 0.3513
[iter 14730]loss: 3.1877, tokens/sec: 87649.88 ± 655.83, tokens seen: 2896035840, grad norm: 0.3462
[iter 14740]loss: 3.2663, tokens/sec: 87649.88 ± 655.61, tokens seen: 2898001920, grad norm: 0.3404
[iter 14750]loss: 3.2732, tokens/sec: 87649.88 ± 655.39, tokens seen: 2899968000, grad norm: 0.3430
[iter 14760]loss: 3.3387, tokens/sec: 87649.87 ± 655.17, tokens seen: 2901934080, grad norm: 0.3416
[iter 14770]loss: 2.9679, tokens/sec: 87649.88 ± 654.95, tokens seen: 2903900160, grad norm: 0.3667
[iter 14780]loss: 3.1627, tokens/sec: 87649.87 ± 654.73, tokens seen: 2905866240, grad norm: 0.3574
[iter 14790]loss: 3.1976, tokens/sec: 87649.87 ± 654.51, tokens seen: 2907832320, grad norm: 0.3349
[iter 14800]loss: 3.2231, tokens/sec: 87649.87 ± 654.29, tokens seen: 2909798400, grad norm: 0.3586
[iter 14810]loss: 2.9703, tokens/sec: 87649.87 ± 654.07, tokens seen: 2911764480, grad norm: 0.3552
[iter 14820]loss: 3.2687, tokens/sec: 87649.86 ± 653.85, tokens seen: 2913730560, grad norm: 0.3592
[iter 14830]loss: 3.0460, tokens/sec: 87649.85 ± 653.63, tokens seen: 2915696640, grad norm: 0.4332
[iter 14840]loss: 3.1288, tokens/sec: 87649.84 ± 653.41, tokens seen: 2917662720, grad norm: 0.3404
[iter 14850]loss: 3.1109, tokens/sec: 87649.84 ± 653.20, tokens seen: 2919628800, grad norm: 0.3728
[iter 14860]loss: 3.0658, tokens/sec: 87649.84 ± 652.98, tokens seen: 2921594880, grad norm: 0.3528
[iter 14870]loss: 3.2015, tokens/sec: 87649.84 ± 652.76, tokens seen: 2923560960, grad norm: 0.3325
[iter 14880]loss: 3.0107, tokens/sec: 87649.84 ± 652.54, tokens seen: 2925527040, grad norm: 0.3334
[iter 14890]loss: 3.1201, tokens/sec: 87649.84 ± 652.32, tokens seen: 2927493120, grad norm: 0.3464
[iter 14900]loss: 3.2346, tokens/sec: 87649.84 ± 652.11, tokens seen: 2929459200, grad norm: 0.3557
[iter 14910]loss: 3.3744, tokens/sec: 87649.84 ± 651.89, tokens seen: 2931425280, grad norm: 0.3386
[iter 14920]loss: 3.1492, tokens/sec: 87649.83 ± 651.67, tokens seen: 2933391360, grad norm: 0.3299
[iter 14930]loss: 3.1553, tokens/sec: 87649.83 ± 651.45, tokens seen: 2935357440, grad norm: 0.3576
[iter 14940]loss: 3.0529, tokens/sec: 87649.83 ± 651.24, tokens seen: 2937323520, grad norm: 0.3352
[iter 14950]loss: 2.9750, tokens/sec: 87649.83 ± 651.02, tokens seen: 2939289600, grad norm: 0.3522
[iter 14960]loss: 3.0815, tokens/sec: 87649.83 ± 650.80, tokens seen: 2941255680, grad norm: 0.3580
[iter 14970]loss: 3.0766, tokens/sec: 87649.83 ± 650.59, tokens seen: 2943221760, grad norm: 0.3552
[iter 14980]loss: 3.0687, tokens/sec: 87649.83 ± 650.37, tokens seen: 2945187840, grad norm: 0.3418
[iter 14990]loss: 3.2152, tokens/sec: 87649.82 ± 650.16, tokens seen: 2947153920, grad norm: 0.3392
[step 15000]train loss: 3.1091, val loss: 3.1273, (avg train loss: 0.5183 ± 0.0148), (avg grad norm: 0.3502 ± 0.0185)
[iter 15000]loss: 3.0944, tokens/sec: 87649.91 ± 650.02, tokens seen: 2949120000, grad norm: 0.3298
[iter 15010]loss: 3.2132, tokens/sec: 87649.99 ± 649.82, tokens seen: 2951086080, grad norm: 0.3351
[iter 15020]loss: 3.2333, tokens/sec: 87650.04 ± 649.60, tokens seen: 2953052160, grad norm: 0.3752
[iter 15030]loss: 2.9401, tokens/sec: 87650.05 ± 649.39, tokens seen: 2955018240, grad norm: 0.3537
[iter 15040]loss: 3.0550, tokens/sec: 87650.06 ± 649.17, tokens seen: 2956984320, grad norm: 0.3537
[iter 15050]loss: 3.0641, tokens/sec: 87650.06 ± 648.96, tokens seen: 2958950400, grad norm: 0.3330
[iter 15060]loss: 3.0509, tokens/sec: 87650.05 ± 648.75, tokens seen: 2960916480, grad norm: 0.3640
[iter 15070]loss: 3.1730, tokens/sec: 87650.05 ± 648.53, tokens seen: 2962882560, grad norm: 0.3359
[iter 15080]loss: 3.0671, tokens/sec: 87650.05 ± 648.32, tokens seen: 2964848640, grad norm: 0.3493
[iter 15090]loss: 3.0525, tokens/sec: 87650.05 ± 648.10, tokens seen: 2966814720, grad norm: 0.3600
[iter 15100]loss: 2.9722, tokens/sec: 87650.04 ± 647.89, tokens seen: 2968780800, grad norm: 0.3445
[iter 15110]loss: 3.0041, tokens/sec: 87650.04 ± 647.68, tokens seen: 2970746880, grad norm: 0.3432
[iter 15120]loss: 3.0527, tokens/sec: 87650.04 ± 647.46, tokens seen: 2972712960, grad norm: 0.3309
[iter 15130]loss: 3.1688, tokens/sec: 87650.03 ± 647.25, tokens seen: 2974679040, grad norm: 0.3547
[iter 15140]loss: 3.3423, tokens/sec: 87650.03 ± 647.04, tokens seen: 2976645120, grad norm: 0.3285
[iter 15150]loss: 3.0657, tokens/sec: 87650.03 ± 646.82, tokens seen: 2978611200, grad norm: 0.3469
[iter 15160]loss: 3.0239, tokens/sec: 87650.03 ± 646.61, tokens seen: 2980577280, grad norm: 0.3368
[iter 15170]loss: 3.1323, tokens/sec: 87650.02 ± 646.40, tokens seen: 2982543360, grad norm: 0.3555
[iter 15180]loss: 3.0237, tokens/sec: 87650.02 ± 646.19, tokens seen: 2984509440, grad norm: 0.3585
[iter 15190]loss: 3.0630, tokens/sec: 87650.02 ± 645.98, tokens seen: 2986475520, grad norm: 0.3627
[iter 15200]loss: 2.9804, tokens/sec: 87650.02 ± 645.77, tokens seen: 2988441600, grad norm: 0.3600
[iter 15210]loss: 3.2358, tokens/sec: 87650.02 ± 645.55, tokens seen: 2990407680, grad norm: 0.3442
[iter 15220]loss: 3.0816, tokens/sec: 87650.01 ± 645.34, tokens seen: 2992373760, grad norm: 0.3445
[iter 15230]loss: 3.1959, tokens/sec: 87650.01 ± 645.13, tokens seen: 2994339840, grad norm: 0.3601
[iter 15240]loss: 3.2637, tokens/sec: 87650.01 ± 644.92, tokens seen: 2996305920, grad norm: 0.3842
[iter 15250]loss: 3.1672, tokens/sec: 87650.00 ± 644.71, tokens seen: 2998272000, grad norm: 0.3421
[iter 15260]loss: 3.1466, tokens/sec: 87650.00 ± 644.50, tokens seen: 3000238080, grad norm: 0.3489
[iter 15270]loss: 3.0788, tokens/sec: 87649.99 ± 644.29, tokens seen: 3002204160, grad norm: 0.3416
[iter 15280]loss: 3.0222, tokens/sec: 87649.99 ± 644.08, tokens seen: 3004170240, grad norm: 0.3478
[iter 15290]loss: 3.1792, tokens/sec: 87649.99 ± 643.87, tokens seen: 3006136320, grad norm: 0.3371
[iter 15300]loss: 3.1456, tokens/sec: 87649.98 ± 643.66, tokens seen: 3008102400, grad norm: 0.3254
[iter 15310]loss: 3.0718, tokens/sec: 87649.98 ± 643.45, tokens seen: 3010068480, grad norm: 0.3421
[iter 15320]loss: 3.0852, tokens/sec: 87649.98 ± 643.24, tokens seen: 3012034560, grad norm: 0.3521
[iter 15330]loss: 3.1779, tokens/sec: 87649.98 ± 643.03, tokens seen: 3014000640, grad norm: 0.3473
[iter 15340]loss: 3.0393, tokens/sec: 87649.97 ± 642.83, tokens seen: 3015966720, grad norm: 0.3711
[iter 15350]loss: 3.1523, tokens/sec: 87649.97 ± 642.62, tokens seen: 3017932800, grad norm: 0.3362
[iter 15360]loss: 3.0834, tokens/sec: 87649.97 ± 642.41, tokens seen: 3019898880, grad norm: 0.3345
[iter 15370]loss: 3.0678, tokens/sec: 87649.97 ± 642.20, tokens seen: 3021864960, grad norm: 0.3352
[iter 15380]loss: 3.1455, tokens/sec: 87649.96 ± 641.99, tokens seen: 3023831040, grad norm: 0.3401
[iter 15390]loss: 3.2532, tokens/sec: 87649.96 ± 641.79, tokens seen: 3025797120, grad norm: 0.3350
[iter 15400]loss: 2.9423, tokens/sec: 87649.96 ± 641.58, tokens seen: 3027763200, grad norm: 0.3563
[iter 15410]loss: 3.0865, tokens/sec: 87649.95 ± 641.37, tokens seen: 3029729280, grad norm: 0.3289
[iter 15420]loss: 3.0309, tokens/sec: 87649.95 ± 641.17, tokens seen: 3031695360, grad norm: 0.3332
[iter 15430]loss: 3.0086, tokens/sec: 87649.95 ± 640.96, tokens seen: 3033661440, grad norm: 0.3516
[iter 15440]loss: 3.1384, tokens/sec: 87649.95 ± 640.75, tokens seen: 3035627520, grad norm: 0.3355
[iter 15450]loss: 3.1887, tokens/sec: 87649.95 ± 640.55, tokens seen: 3037593600, grad norm: 0.3255
[iter 15460]loss: 3.2078, tokens/sec: 87649.94 ± 640.34, tokens seen: 3039559680, grad norm: 0.3419
[iter 15470]loss: 3.1847, tokens/sec: 87649.94 ± 640.14, tokens seen: 3041525760, grad norm: 0.3482
[iter 15480]loss: 3.2385, tokens/sec: 87649.94 ± 639.93, tokens seen: 3043491840, grad norm: 0.3364
[iter 15490]loss: 3.0408, tokens/sec: 87649.93 ± 639.73, tokens seen: 3045457920, grad norm: 0.3451
[step 15500]train loss: 3.1113, val loss: 3.1169, (avg train loss: 0.5188 ± 0.0155), (avg grad norm: 0.3477 ± 0.0150)
saving checkpoint to ./out-owt-medium-mhc-lite-bs16-18000step
[iter 15500]loss: 2.9754, tokens/sec: 87650.02 ± 639.61, tokens seen: 3047424000, grad norm: 0.3430
[iter 15510]loss: 3.0239, tokens/sec: 87650.10 ± 639.41, tokens seen: 3049390080, grad norm: 0.3327
[iter 15520]loss: 2.8307, tokens/sec: 87650.15 ± 639.21, tokens seen: 3051356160, grad norm: 0.3343
[iter 15530]loss: 3.1844, tokens/sec: 87650.18 ± 639.01, tokens seen: 3053322240, grad norm: 0.3293
[iter 15540]loss: 3.2260, tokens/sec: 87650.19 ± 638.81, tokens seen: 3055288320, grad norm: 0.3320
[iter 15550]loss: 3.1869, tokens/sec: 87650.18 ± 638.60, tokens seen: 3057254400, grad norm: 0.3259
[iter 15560]loss: 3.1608, tokens/sec: 87650.17 ± 638.40, tokens seen: 3059220480, grad norm: 0.3265
[iter 15570]loss: 3.1301, tokens/sec: 87650.17 ± 638.19, tokens seen: 3061186560, grad norm: 0.3360
[iter 15580]loss: 3.2108, tokens/sec: 87650.17 ± 637.99, tokens seen: 3063152640, grad norm: 0.3223
[iter 15590]loss: 3.0813, tokens/sec: 87650.16 ± 637.79, tokens seen: 3065118720, grad norm: 0.3477
[iter 15600]loss: 3.1634, tokens/sec: 87650.16 ± 637.58, tokens seen: 3067084800, grad norm: 0.3315
[iter 15610]loss: 2.8684, tokens/sec: 87650.16 ± 637.38, tokens seen: 3069050880, grad norm: 0.3435
[iter 15620]loss: 3.0417, tokens/sec: 87650.16 ± 637.18, tokens seen: 3071016960, grad norm: 0.3317
[iter 15630]loss: 3.1252, tokens/sec: 87650.15 ± 636.97, tokens seen: 3072983040, grad norm: 0.3305
[iter 15640]loss: 2.9635, tokens/sec: 87650.16 ± 636.77, tokens seen: 3074949120, grad norm: 0.3461
[iter 15650]loss: 3.1414, tokens/sec: 87650.16 ± 636.57, tokens seen: 3076915200, grad norm: 0.3312
[iter 15660]loss: 3.0407, tokens/sec: 87650.16 ± 636.37, tokens seen: 3078881280, grad norm: 0.3559
[iter 15670]loss: 3.1628, tokens/sec: 87650.15 ± 636.17, tokens seen: 3080847360, grad norm: 0.3417
[iter 15680]loss: 2.8707, tokens/sec: 87650.15 ± 635.96, tokens seen: 3082813440, grad norm: 0.3299
[iter 15690]loss: 3.1931, tokens/sec: 87650.15 ± 635.76, tokens seen: 3084779520, grad norm: 0.3539
[iter 15700]loss: 3.0817, tokens/sec: 87650.15 ± 635.56, tokens seen: 3086745600, grad norm: 0.3440
[iter 15710]loss: 3.0923, tokens/sec: 87650.14 ± 635.36, tokens seen: 3088711680, grad norm: 0.3459
[iter 15720]loss: 2.9966, tokens/sec: 87650.15 ± 635.16, tokens seen: 3090677760, grad norm: 0.3507
[iter 15730]loss: 3.1846, tokens/sec: 87650.14 ± 634.96, tokens seen: 3092643840, grad norm: 0.3390
[iter 15740]loss: 3.0253, tokens/sec: 87650.14 ± 634.76, tokens seen: 3094609920, grad norm: 0.3340
[iter 15750]loss: 3.2365, tokens/sec: 87650.14 ± 634.56, tokens seen: 3096576000, grad norm: 0.3489
[iter 15760]loss: 2.9525, tokens/sec: 87650.14 ± 634.36, tokens seen: 3098542080, grad norm: 0.3477
[iter 15770]loss: 3.0241, tokens/sec: 87650.14 ± 634.16, tokens seen: 3100508160, grad norm: 0.3506
[iter 15780]loss: 3.0253, tokens/sec: 87650.13 ± 633.96, tokens seen: 3102474240, grad norm: 0.3526
[iter 15790]loss: 3.0589, tokens/sec: 87650.13 ± 633.76, tokens seen: 3104440320, grad norm: 0.3241
[iter 15800]loss: 3.0777, tokens/sec: 87650.13 ± 633.56, tokens seen: 3106406400, grad norm: 0.3345
[iter 15810]loss: 3.1399, tokens/sec: 87650.13 ± 633.36, tokens seen: 3108372480, grad norm: 0.3651
[iter 15820]loss: 3.0659, tokens/sec: 87650.13 ± 633.16, tokens seen: 3110338560, grad norm: 0.3677
[iter 15830]loss: 3.0913, tokens/sec: 87650.12 ± 632.96, tokens seen: 3112304640, grad norm: 0.3315
[iter 15840]loss: 3.0866, tokens/sec: 87650.12 ± 632.76, tokens seen: 3114270720, grad norm: 0.3532
[iter 15850]loss: 3.1680, tokens/sec: 87650.12 ± 632.57, tokens seen: 3116236800, grad norm: 0.3465
[iter 15860]loss: 3.2070, tokens/sec: 87650.12 ± 632.37, tokens seen: 3118202880, grad norm: 0.3772
[iter 15870]loss: 3.2697, tokens/sec: 87650.11 ± 632.17, tokens seen: 3120168960, grad norm: 0.3565
[iter 15880]loss: 3.0556, tokens/sec: 87650.12 ± 631.97, tokens seen: 3122135040, grad norm: 0.3429
[iter 15890]loss: 3.0984, tokens/sec: 87650.11 ± 631.77, tokens seen: 3124101120, grad norm: 0.3445
[iter 15900]loss: 2.9540, tokens/sec: 87650.11 ± 631.58, tokens seen: 3126067200, grad norm: 0.3418
[iter 15910]loss: 3.0548, tokens/sec: 87650.11 ± 631.38, tokens seen: 3128033280, grad norm: 0.3410
[iter 15920]loss: 3.0811, tokens/sec: 87650.11 ± 631.18, tokens seen: 3129999360, grad norm: 0.3358
[iter 15930]loss: 3.1655, tokens/sec: 87650.11 ± 630.99, tokens seen: 3131965440, grad norm: 0.3430
[iter 15940]loss: 2.9817, tokens/sec: 87650.11 ± 630.79, tokens seen: 3133931520, grad norm: 0.3505
[iter 15950]loss: 3.0931, tokens/sec: 87650.11 ± 630.59, tokens seen: 3135897600, grad norm: 0.3308
[iter 15960]loss: 2.9862, tokens/sec: 87650.10 ± 630.40, tokens seen: 3137863680, grad norm: 0.3457
[iter 15970]loss: 3.2134, tokens/sec: 87650.10 ± 630.20, tokens seen: 3139829760, grad norm: 0.3401
[iter 15980]loss: 3.1631, tokens/sec: 87650.08 ± 630.01, tokens seen: 3141795840, grad norm: 0.3734
[iter 15990]loss: 3.2086, tokens/sec: 87650.08 ± 629.81, tokens seen: 3143761920, grad norm: 0.3481
[step 16000]train loss: 3.0902, val loss: 3.1158, (avg train loss: 0.5158 ± 0.0151), (avg grad norm: 0.3496 ± 0.0142)
saving checkpoint to ./out-owt-medium-mhc-lite-bs16-18000step
[iter 16000]loss: 3.2168, tokens/sec: 87650.17 ± 629.71, tokens seen: 3145728000, grad norm: 0.3768
[iter 16010]loss: 2.8658, tokens/sec: 87650.23 ± 629.52, tokens seen: 3147694080, grad norm: 0.3300
[iter 16020]loss: 3.0191, tokens/sec: 87650.27 ± 629.32, tokens seen: 3149660160, grad norm: 0.3363
[iter 16030]loss: 3.1268, tokens/sec: 87650.30 ± 629.13, tokens seen: 3151626240, grad norm: 0.3517
[iter 16040]loss: 3.1784, tokens/sec: 87650.32 ± 628.94, tokens seen: 3153592320, grad norm: 0.3688
[iter 16050]loss: 3.0312, tokens/sec: 87650.33 ± 628.74, tokens seen: 3155558400, grad norm: 0.3235
[iter 16060]loss: 3.3318, tokens/sec: 87650.33 ± 628.55, tokens seen: 3157524480, grad norm: 0.3481
[iter 16070]loss: 3.2622, tokens/sec: 87650.32 ± 628.35, tokens seen: 3159490560, grad norm: 0.3730
[iter 16080]loss: 3.0451, tokens/sec: 87650.32 ± 628.16, tokens seen: 3161456640, grad norm: 0.3582
[iter 16090]loss: 2.8776, tokens/sec: 87650.31 ± 627.97, tokens seen: 3163422720, grad norm: 0.3477
[iter 16100]loss: 3.1567, tokens/sec: 87650.31 ± 627.77, tokens seen: 3165388800, grad norm: 0.3616
[iter 16110]loss: 3.0806, tokens/sec: 87650.31 ± 627.58, tokens seen: 3167354880, grad norm: 0.3524
[iter 16120]loss: 3.0637, tokens/sec: 87650.31 ± 627.39, tokens seen: 3169320960, grad norm: 0.3594
[iter 16130]loss: 2.9609, tokens/sec: 87650.31 ± 627.19, tokens seen: 3171287040, grad norm: 0.3481
[iter 16140]loss: 3.2105, tokens/sec: 87650.31 ± 627.00, tokens seen: 3173253120, grad norm: 0.3457
[iter 16150]loss: 2.9558, tokens/sec: 87650.30 ± 626.81, tokens seen: 3175219200, grad norm: 0.3254
[iter 16160]loss: 3.2056, tokens/sec: 87650.30 ± 626.61, tokens seen: 3177185280, grad norm: 0.3366
[iter 16170]loss: 3.1001, tokens/sec: 87650.30 ± 626.42, tokens seen: 3179151360, grad norm: 0.3681
[iter 16180]loss: 3.0992, tokens/sec: 87650.30 ± 626.23, tokens seen: 3181117440, grad norm: 0.3296
[iter 16190]loss: 3.0116, tokens/sec: 87650.30 ± 626.04, tokens seen: 3183083520, grad norm: 0.3453
[iter 16200]loss: 2.9925, tokens/sec: 87650.29 ± 625.84, tokens seen: 3185049600, grad norm: 0.3606
[iter 16210]loss: 2.9588, tokens/sec: 87650.29 ± 625.65, tokens seen: 3187015680, grad norm: 0.3548
[iter 16220]loss: 3.1656, tokens/sec: 87650.29 ± 625.46, tokens seen: 3188981760, grad norm: 0.3276
[iter 16230]loss: 3.1624, tokens/sec: 87650.29 ± 625.27, tokens seen: 3190947840, grad norm: 0.3352
[iter 16240]loss: 3.0682, tokens/sec: 87650.29 ± 625.08, tokens seen: 3192913920, grad norm: 0.3582
[iter 16250]loss: 2.9931, tokens/sec: 87650.28 ± 624.89, tokens seen: 3194880000, grad norm: 0.3482
[iter 16260]loss: 3.1104, tokens/sec: 87650.28 ± 624.70, tokens seen: 3196846080, grad norm: 0.3330
[iter 16270]loss: 3.1401, tokens/sec: 87650.28 ± 624.50, tokens seen: 3198812160, grad norm: 0.3426
[iter 16280]loss: 3.1590, tokens/sec: 87650.28 ± 624.31, tokens seen: 3200778240, grad norm: 0.3344
[iter 16290]loss: 3.1932, tokens/sec: 87650.27 ± 624.12, tokens seen: 3202744320, grad norm: 0.3482
[iter 16300]loss: 3.0217, tokens/sec: 87650.27 ± 623.93, tokens seen: 3204710400, grad norm: 0.3911
[iter 16310]loss: 2.9777, tokens/sec: 87650.27 ± 623.74, tokens seen: 3206676480, grad norm: 0.3418
[iter 16320]loss: 3.1600, tokens/sec: 87650.27 ± 623.55, tokens seen: 3208642560, grad norm: 0.3248
[iter 16330]loss: 3.0198, tokens/sec: 87650.26 ± 623.36, tokens seen: 3210608640, grad norm: 0.3427
[iter 16340]loss: 3.0216, tokens/sec: 87650.27 ± 623.17, tokens seen: 3212574720, grad norm: 0.3680
[iter 16350]loss: 3.1511, tokens/sec: 87650.26 ± 622.98, tokens seen: 3214540800, grad norm: 0.3602
[iter 16360]loss: 3.1350, tokens/sec: 87650.26 ± 622.79, tokens seen: 3216506880, grad norm: 0.3436
[iter 16370]loss: 3.0109, tokens/sec: 87650.26 ± 622.60, tokens seen: 3218472960, grad norm: 0.3384
[iter 16380]loss: 3.0384, tokens/sec: 87650.25 ± 622.42, tokens seen: 3220439040, grad norm: 0.3473
[iter 16390]loss: 3.1705, tokens/sec: 87650.25 ± 622.23, tokens seen: 3222405120, grad norm: 0.3656
[iter 16400]loss: 2.9579, tokens/sec: 87650.25 ± 622.04, tokens seen: 3224371200, grad norm: 0.3658
[iter 16410]loss: 3.1487, tokens/sec: 87650.25 ± 621.85, tokens seen: 3226337280, grad norm: 0.3371
[iter 16420]loss: 3.0070, tokens/sec: 87650.25 ± 621.66, tokens seen: 3228303360, grad norm: 0.3391
[iter 16430]loss: 3.0476, tokens/sec: 87650.24 ± 621.47, tokens seen: 3230269440, grad norm: 0.3471
[iter 16440]loss: 3.0980, tokens/sec: 87650.24 ± 621.29, tokens seen: 3232235520, grad norm: 0.3615
[iter 16450]loss: 3.0014, tokens/sec: 87650.24 ± 621.10, tokens seen: 3234201600, grad norm: 0.3865
[iter 16460]loss: 3.0077, tokens/sec: 87650.24 ± 620.91, tokens seen: 3236167680, grad norm: 0.3268
[iter 16470]loss: 3.2194, tokens/sec: 87650.24 ± 620.73, tokens seen: 3238133760, grad norm: 0.3390
[iter 16480]loss: 3.1299, tokens/sec: 87650.24 ± 620.54, tokens seen: 3240099840, grad norm: 0.3428
[iter 16490]loss: 2.9857, tokens/sec: 87650.23 ± 620.35, tokens seen: 3242065920, grad norm: 0.3269
[step 16500]train loss: 3.0999, val loss: 3.0984, (avg train loss: 0.5144 ± 0.0146), (avg grad norm: 0.3483 ± 0.0146)
saving checkpoint to ./out-owt-medium-mhc-lite-bs16-18000step
[iter 16500]loss: 3.0429, tokens/sec: 87650.31 ± 620.25, tokens seen: 3244032000, grad norm: 0.3521
[iter 16510]loss: 3.1548, tokens/sec: 87650.39 ± 620.07, tokens seen: 3245998080, grad norm: 0.3406
[iter 16520]loss: 3.0995, tokens/sec: 87650.43 ± 619.88, tokens seen: 3247964160, grad norm: 0.3445
[iter 16530]loss: 3.0889, tokens/sec: 87650.43 ± 619.70, tokens seen: 3249930240, grad norm: 0.3490
[iter 16540]loss: 3.1273, tokens/sec: 87650.46 ± 619.51, tokens seen: 3251896320, grad norm: 0.3603
[iter 16550]loss: 2.9744, tokens/sec: 87650.46 ± 619.33, tokens seen: 3253862400, grad norm: 0.3684
[iter 16560]loss: 2.9987, tokens/sec: 87650.46 ± 619.14, tokens seen: 3255828480, grad norm: 0.3511
[iter 16570]loss: 3.0632, tokens/sec: 87650.46 ± 618.95, tokens seen: 3257794560, grad norm: 0.3519
[iter 16580]loss: 3.1970, tokens/sec: 87650.46 ± 618.77, tokens seen: 3259760640, grad norm: 0.3400
[iter 16590]loss: 2.9076, tokens/sec: 87650.46 ± 618.58, tokens seen: 3261726720, grad norm: 0.3387
[iter 16600]loss: 3.1785, tokens/sec: 87650.46 ± 618.40, tokens seen: 3263692800, grad norm: 0.3317
[iter 16610]loss: 3.0181, tokens/sec: 87650.46 ± 618.21, tokens seen: 3265658880, grad norm: 0.3359
[iter 16620]loss: 3.0957, tokens/sec: 87650.45 ± 618.03, tokens seen: 3267624960, grad norm: 0.3301
[iter 16630]loss: 3.2803, tokens/sec: 87650.45 ± 617.84, tokens seen: 3269591040, grad norm: 0.3386
[iter 16640]loss: 3.0850, tokens/sec: 87650.45 ± 617.66, tokens seen: 3271557120, grad norm: 0.3352
[iter 16650]loss: 3.1972, tokens/sec: 87650.45 ± 617.47, tokens seen: 3273523200, grad norm: 0.3355
[iter 16660]loss: 3.1256, tokens/sec: 87650.44 ± 617.29, tokens seen: 3275489280, grad norm: 0.3327
[iter 16670]loss: 2.9927, tokens/sec: 87650.44 ± 617.10, tokens seen: 3277455360, grad norm: 0.3577
[iter 16680]loss: 2.9710, tokens/sec: 87650.44 ± 616.92, tokens seen: 3279421440, grad norm: 0.3469
[iter 16690]loss: 3.0803, tokens/sec: 87650.43 ± 616.74, tokens seen: 3281387520, grad norm: 0.3900
[iter 16700]loss: 3.2265, tokens/sec: 87650.43 ± 616.55, tokens seen: 3283353600, grad norm: 0.3518
[iter 16710]loss: 3.0066, tokens/sec: 87650.42 ± 616.37, tokens seen: 3285319680, grad norm: 0.3297
[iter 16720]loss: 3.0041, tokens/sec: 87650.42 ± 616.19, tokens seen: 3287285760, grad norm: 0.3755
[iter 16730]loss: 3.2033, tokens/sec: 87650.43 ± 616.01, tokens seen: 3289251840, grad norm: 0.3569
[iter 16740]loss: 3.0371, tokens/sec: 87650.42 ± 615.82, tokens seen: 3291217920, grad norm: 0.3536
[iter 16750]loss: 3.0143, tokens/sec: 87650.42 ± 615.64, tokens seen: 3293184000, grad norm: 0.3289
[iter 16760]loss: 3.1243, tokens/sec: 87650.28 ± 615.61, tokens seen: 3295150080, grad norm: 0.3292
[iter 16770]loss: 3.0508, tokens/sec: 87650.22 ± 615.44, tokens seen: 3297116160, grad norm: 0.3553
[iter 16780]loss: 3.2065, tokens/sec: 87650.21 ± 615.26, tokens seen: 3299082240, grad norm: 0.3506
[iter 16790]loss: 3.1447, tokens/sec: 87650.21 ± 615.08, tokens seen: 3301048320, grad norm: 0.3376
[iter 16800]loss: 3.3464, tokens/sec: 87650.21 ± 614.90, tokens seen: 3303014400, grad norm: 0.3217
[iter 16810]loss: 3.1381, tokens/sec: 87650.21 ± 614.72, tokens seen: 3304980480, grad norm: 0.3492
[iter 16820]loss: 3.0991, tokens/sec: 87650.20 ± 614.54, tokens seen: 3306946560, grad norm: 0.3635
[iter 16830]loss: 3.1052, tokens/sec: 87650.21 ± 614.35, tokens seen: 3308912640, grad norm: 0.3524
[iter 16840]loss: 3.3136, tokens/sec: 87650.21 ± 614.17, tokens seen: 3310878720, grad norm: 0.3355
[iter 16850]loss: 2.8955, tokens/sec: 87650.21 ± 613.99, tokens seen: 3312844800, grad norm: 0.3596
[iter 16860]loss: 2.9715, tokens/sec: 87650.20 ± 613.81, tokens seen: 3314810880, grad norm: 0.3437
[iter 16870]loss: 3.1309, tokens/sec: 87650.20 ± 613.63, tokens seen: 3316776960, grad norm: 0.3572
[iter 16880]loss: 3.1893, tokens/sec: 87650.20 ± 613.45, tokens seen: 3318743040, grad norm: 0.3352
[iter 16890]loss: 3.1665, tokens/sec: 87650.20 ± 613.27, tokens seen: 3320709120, grad norm: 0.3527
[iter 16900]loss: 3.3153, tokens/sec: 87650.20 ± 613.09, tokens seen: 3322675200, grad norm: 0.3528
[iter 16910]loss: 3.0303, tokens/sec: 87650.20 ± 612.91, tokens seen: 3324641280, grad norm: 0.3418
[iter 16920]loss: 3.0349, tokens/sec: 87650.19 ± 612.73, tokens seen: 3326607360, grad norm: 0.3459
[iter 16930]loss: 2.8107, tokens/sec: 87650.19 ± 612.55, tokens seen: 3328573440, grad norm: 0.3468
[iter 16940]loss: 2.8996, tokens/sec: 87650.19 ± 612.37, tokens seen: 3330539520, grad norm: 0.3556
[iter 16950]loss: 3.0665, tokens/sec: 87650.17 ± 612.19, tokens seen: 3332505600, grad norm: 0.3407
[iter 16960]loss: 3.1136, tokens/sec: 87650.17 ± 612.02, tokens seen: 3334471680, grad norm: 0.3394
[iter 16970]loss: 2.8460, tokens/sec: 87650.17 ± 611.84, tokens seen: 3336437760, grad norm: 0.3506
[iter 16980]loss: 3.0920, tokens/sec: 87650.17 ± 611.66, tokens seen: 3338403840, grad norm: 0.3662
[iter 16990]loss: 3.1794, tokens/sec: 87650.17 ± 611.48, tokens seen: 3340369920, grad norm: 0.3519
[step 17000]train loss: 3.0923, val loss: 3.0971, (avg train loss: 0.5144 ± 0.0193), (avg grad norm: 0.3492 ± 0.0131)
saving checkpoint to ./out-owt-medium-mhc-lite-bs16-18000step
[iter 17000]loss: 3.3087, tokens/sec: 87650.25 ± 611.38, tokens seen: 3342336000, grad norm: 0.3439
[iter 17010]loss: 2.8759, tokens/sec: 87650.33 ± 611.21, tokens seen: 3344302080, grad norm: 0.3668
[iter 17020]loss: 3.0735, tokens/sec: 87650.40 ± 611.04, tokens seen: 3346268160, grad norm: 0.3762
[iter 17030]loss: 2.9224, tokens/sec: 87650.46 ± 610.87, tokens seen: 3348234240, grad norm: 0.3691
[iter 17040]loss: 3.0497, tokens/sec: 87650.50 ± 610.70, tokens seen: 3350200320, grad norm: 0.3513
[iter 17050]loss: 3.1236, tokens/sec: 87650.54 ± 610.52, tokens seen: 3352166400, grad norm: 0.3555
[iter 17060]loss: 3.1041, tokens/sec: 87650.58 ± 610.35, tokens seen: 3354132480, grad norm: 0.3323
[iter 17070]loss: 3.2714, tokens/sec: 87650.58 ± 610.17, tokens seen: 3356098560, grad norm: 0.3696
[iter 17080]loss: 2.9888, tokens/sec: 87650.57 ± 609.99, tokens seen: 3358064640, grad norm: 0.3352
[iter 17090]loss: 3.1957, tokens/sec: 87650.57 ± 609.81, tokens seen: 3360030720, grad norm: 0.3531
[iter 17100]loss: 3.0506, tokens/sec: 87650.57 ± 609.64, tokens seen: 3361996800, grad norm: 0.3380
[iter 17110]loss: 3.0763, tokens/sec: 87650.56 ± 609.46, tokens seen: 3363962880, grad norm: 0.3832
[iter 17120]loss: 3.1634, tokens/sec: 87650.56 ± 609.28, tokens seen: 3365928960, grad norm: 0.3692
[iter 17130]loss: 2.9809, tokens/sec: 87650.56 ± 609.10, tokens seen: 3367895040, grad norm: 0.3310
[iter 17140]loss: 3.0568, tokens/sec: 87650.56 ± 608.93, tokens seen: 3369861120, grad norm: 0.3398
[iter 17150]loss: 3.0013, tokens/sec: 87650.56 ± 608.75, tokens seen: 3371827200, grad norm: 0.3308
[iter 17160]loss: 3.0961, tokens/sec: 87650.56 ± 608.58, tokens seen: 3373793280, grad norm: 0.3612
[iter 17170]loss: 3.1755, tokens/sec: 87650.55 ± 608.40, tokens seen: 3375759360, grad norm: 0.3482
[iter 17180]loss: 3.0986, tokens/sec: 87650.56 ± 608.22, tokens seen: 3377725440, grad norm: 0.3375
[iter 17190]loss: 3.1199, tokens/sec: 87650.55 ± 608.05, tokens seen: 3379691520, grad norm: 0.3292
[iter 17200]loss: 3.0167, tokens/sec: 87650.55 ± 607.87, tokens seen: 3381657600, grad norm: 0.3557
[iter 17210]loss: 3.1347, tokens/sec: 87650.55 ± 607.70, tokens seen: 3383623680, grad norm: 0.3520
[iter 17220]loss: 3.1413, tokens/sec: 87650.55 ± 607.52, tokens seen: 3385589760, grad norm: 0.3725
[iter 17230]loss: 3.0915, tokens/sec: 87650.55 ± 607.35, tokens seen: 3387555840, grad norm: 0.3662
[iter 17240]loss: 3.1748, tokens/sec: 87650.55 ± 607.17, tokens seen: 3389521920, grad norm: 0.3296
[iter 17250]loss: 3.2406, tokens/sec: 87650.55 ± 607.00, tokens seen: 3391488000, grad norm: 0.3280
[iter 17260]loss: 3.0299, tokens/sec: 87650.54 ± 606.82, tokens seen: 3393454080, grad norm: 0.3550
[iter 17270]loss: 3.1154, tokens/sec: 87650.54 ± 606.65, tokens seen: 3395420160, grad norm: 0.3663
[iter 17280]loss: 3.0506, tokens/sec: 87650.54 ± 606.47, tokens seen: 3397386240, grad norm: 0.3445
[iter 17290]loss: 3.1295, tokens/sec: 87650.54 ± 606.30, tokens seen: 3399352320, grad norm: 0.3493
[iter 17300]loss: 3.2158, tokens/sec: 87650.54 ± 606.12, tokens seen: 3401318400, grad norm: 0.3489
[iter 17310]loss: 3.1224, tokens/sec: 87650.54 ± 605.95, tokens seen: 3403284480, grad norm: 0.3632
[iter 17320]loss: 3.0025, tokens/sec: 87650.54 ± 605.78, tokens seen: 3405250560, grad norm: 0.3438
[iter 17330]loss: 3.2291, tokens/sec: 87650.54 ± 605.60, tokens seen: 3407216640, grad norm: 0.3450
[iter 17340]loss: 3.1068, tokens/sec: 87650.54 ± 605.43, tokens seen: 3409182720, grad norm: 0.3584
[iter 17350]loss: 3.0714, tokens/sec: 87650.54 ± 605.26, tokens seen: 3411148800, grad norm: 0.3789
[iter 17360]loss: 3.1813, tokens/sec: 87650.54 ± 605.09, tokens seen: 3413114880, grad norm: 0.3402
[iter 17370]loss: 3.0926, tokens/sec: 87650.53 ± 604.91, tokens seen: 3415080960, grad norm: 0.3449
[iter 17380]loss: 3.1881, tokens/sec: 87650.53 ± 604.74, tokens seen: 3417047040, grad norm: 0.3438
[iter 17390]loss: 3.0536, tokens/sec: 87650.53 ± 604.57, tokens seen: 3419013120, grad norm: 0.3352
[iter 17400]loss: 2.9559, tokens/sec: 87650.53 ± 604.39, tokens seen: 3420979200, grad norm: 0.3542
[iter 17410]loss: 3.0243, tokens/sec: 87650.53 ± 604.22, tokens seen: 3422945280, grad norm: 0.3376
[iter 17420]loss: 3.0101, tokens/sec: 87650.53 ± 604.05, tokens seen: 3424911360, grad norm: 0.3536
[iter 17430]loss: 3.1256, tokens/sec: 87650.53 ± 603.88, tokens seen: 3426877440, grad norm: 0.3558
[iter 17440]loss: 3.1448, tokens/sec: 87650.53 ± 603.71, tokens seen: 3428843520, grad norm: 0.3858
[iter 17450]loss: 3.1206, tokens/sec: 87650.53 ± 603.53, tokens seen: 3430809600, grad norm: 0.3448
[iter 17460]loss: 3.1002, tokens/sec: 87650.52 ± 603.36, tokens seen: 3432775680, grad norm: 0.3494
[iter 17470]loss: 3.0376, tokens/sec: 87650.52 ± 603.19, tokens seen: 3434741760, grad norm: 0.3517
[iter 17480]loss: 3.1118, tokens/sec: 87650.52 ± 603.02, tokens seen: 3436707840, grad norm: 0.3535
[iter 17490]loss: 3.1324, tokens/sec: 87650.52 ± 602.85, tokens seen: 3438673920, grad norm: 0.3513
[step 17500]train loss: 3.0824, val loss: 3.1004, (avg train loss: 0.5152 ± 0.0137), (avg grad norm: 0.3501 ± 0.0126)
[iter 17500]loss: 3.1638, tokens/sec: 87650.60 ± 602.76, tokens seen: 3440640000, grad norm: 0.3676
[iter 17510]loss: 3.0851, tokens/sec: 87650.67 ± 602.60, tokens seen: 3442606080, grad norm: 0.3295
[iter 17520]loss: 2.8139, tokens/sec: 87650.70 ± 602.43, tokens seen: 3444572160, grad norm: 0.3470
[iter 17530]loss: 3.1535, tokens/sec: 87650.72 ± 602.26, tokens seen: 3446538240, grad norm: 0.3510
[iter 17540]loss: 3.1993, tokens/sec: 87650.71 ± 602.09, tokens seen: 3448504320, grad norm: 0.3915
[iter 17550]loss: 2.8524, tokens/sec: 87650.71 ± 601.92, tokens seen: 3450470400, grad norm: 0.3310
[iter 17560]loss: 3.0390, tokens/sec: 87650.72 ± 601.75, tokens seen: 3452436480, grad norm: 0.3575
[iter 17570]loss: 3.0647, tokens/sec: 87650.73 ± 601.58, tokens seen: 3454402560, grad norm: 0.3522
[iter 17580]loss: 3.2037, tokens/sec: 87650.73 ± 601.41, tokens seen: 3456368640, grad norm: 0.3814
[iter 17590]loss: 2.8415, tokens/sec: 87650.72 ± 601.24, tokens seen: 3458334720, grad norm: 0.3393
[iter 17600]loss: 3.1782, tokens/sec: 87650.72 ± 601.07, tokens seen: 3460300800, grad norm: 0.3614
[iter 17610]loss: 3.0033, tokens/sec: 87650.72 ± 600.90, tokens seen: 3462266880, grad norm: 0.3379
[iter 17620]loss: 3.1046, tokens/sec: 87650.72 ± 600.73, tokens seen: 3464232960, grad norm: 0.3863
[iter 17630]loss: 3.0266, tokens/sec: 87650.71 ± 600.56, tokens seen: 3466199040, grad norm: 0.3535
[iter 17640]loss: 3.2227, tokens/sec: 87650.71 ± 600.39, tokens seen: 3468165120, grad norm: 0.3528
[iter 17650]loss: 2.9741, tokens/sec: 87650.71 ± 600.22, tokens seen: 3470131200, grad norm: 0.3564
[iter 17660]loss: 3.1498, tokens/sec: 87650.71 ± 600.05, tokens seen: 3472097280, grad norm: 0.3587
[iter 17670]loss: 3.1481, tokens/sec: 87650.71 ± 599.89, tokens seen: 3474063360, grad norm: 0.3472
[iter 17680]loss: 2.9202, tokens/sec: 87650.71 ± 599.72, tokens seen: 3476029440, grad norm: 0.3499
[iter 17690]loss: 3.2485, tokens/sec: 87650.70 ± 599.55, tokens seen: 3477995520, grad norm: 0.3683
[iter 17700]loss: 2.9315, tokens/sec: 87650.70 ± 599.38, tokens seen: 3479961600, grad norm: 0.3605
[iter 17710]loss: 2.8856, tokens/sec: 87650.70 ± 599.21, tokens seen: 3481927680, grad norm: 0.3548
[iter 17720]loss: 3.1947, tokens/sec: 87650.70 ± 599.05, tokens seen: 3483893760, grad norm: 0.3490
[iter 17730]loss: 3.0500, tokens/sec: 87650.70 ± 598.88, tokens seen: 3485859840, grad norm: 0.3543
[iter 17740]loss: 3.1978, tokens/sec: 87650.70 ± 598.71, tokens seen: 3487825920, grad norm: 0.3639
[iter 17750]loss: 3.0724, tokens/sec: 87650.70 ± 598.55, tokens seen: 3489792000, grad norm: 0.3493
[iter 17760]loss: 3.1402, tokens/sec: 87650.70 ± 598.38, tokens seen: 3491758080, grad norm: 0.3713
[iter 17770]loss: 3.1460, tokens/sec: 87650.70 ± 598.21, tokens seen: 3493724160, grad norm: 0.3491
[iter 17780]loss: 3.1368, tokens/sec: 87650.70 ± 598.04, tokens seen: 3495690240, grad norm: 0.3565
[iter 17790]loss: 3.1961, tokens/sec: 87650.70 ± 597.88, tokens seen: 3497656320, grad norm: 0.3448
[iter 17800]loss: 3.1379, tokens/sec: 87650.69 ± 597.71, tokens seen: 3499622400, grad norm: 0.3416
[iter 17810]loss: 3.2124, tokens/sec: 87650.69 ± 597.54, tokens seen: 3501588480, grad norm: 0.3974
[iter 17820]loss: 3.1899, tokens/sec: 87650.69 ± 597.38, tokens seen: 3503554560, grad norm: 0.3464
[iter 17830]loss: 3.0780, tokens/sec: 87650.69 ± 597.21, tokens seen: 3505520640, grad norm: 0.3472
[iter 17840]loss: 3.0831, tokens/sec: 87650.69 ± 597.05, tokens seen: 3507486720, grad norm: 0.3355
[iter 17850]loss: 3.0881, tokens/sec: 87650.69 ± 596.88, tokens seen: 3509452800, grad norm: 0.3580
[iter 17860]loss: 2.9351, tokens/sec: 87650.68 ± 596.71, tokens seen: 3511418880, grad norm: 0.3499
[iter 17870]loss: 3.0289, tokens/sec: 87650.68 ± 596.55, tokens seen: 3513384960, grad norm: 0.3447
[iter 17880]loss: 2.9857, tokens/sec: 87650.68 ± 596.38, tokens seen: 3515351040, grad norm: 0.3490
[iter 17890]loss: 3.0398, tokens/sec: 87650.67 ± 596.22, tokens seen: 3517317120, grad norm: 0.3286
[iter 17900]loss: 3.1415, tokens/sec: 87650.68 ± 596.05, tokens seen: 3519283200, grad norm: 0.3625
[iter 17910]loss: 3.0657, tokens/sec: 87650.68 ± 595.89, tokens seen: 3521249280, grad norm: 0.3487
[iter 17920]loss: 3.1066, tokens/sec: 87650.67 ± 595.72, tokens seen: 3523215360, grad norm: 0.3499
[iter 17930]loss: 3.0036, tokens/sec: 87650.67 ± 595.56, tokens seen: 3525181440, grad norm: 0.3431
[iter 17940]loss: 3.1407, tokens/sec: 87650.67 ± 595.39, tokens seen: 3527147520, grad norm: 0.3503
[iter 17950]loss: 3.1352, tokens/sec: 87650.67 ± 595.23, tokens seen: 3529113600, grad norm: 0.3531
[iter 17960]loss: 2.9605, tokens/sec: 87650.66 ± 595.06, tokens seen: 3531079680, grad norm: 0.3560
[iter 17970]loss: 3.1105, tokens/sec: 87650.66 ± 594.90, tokens seen: 3533045760, grad norm: 0.3420
[iter 17980]loss: 3.1575, tokens/sec: 87650.66 ± 594.73, tokens seen: 3535011840, grad norm: 0.3593
[iter 17990]loss: 3.0922, tokens/sec: 87650.66 ± 594.57, tokens seen: 3536977920, grad norm: 0.3585
[step 18000]train loss: 3.0833, val loss: 3.0950, (avg train loss: 0.5136 ± 0.0162), (avg grad norm: 0.3521 ± 0.0130)
saving checkpoint to ./out-owt-medium-mhc-lite-bs16-18000step
[iter 18000]loss: 3.1578, tokens/sec: 87650.74 ± 594.49, tokens seen: 3538944000, grad norm: 0.3439
[1;34mwandb[0m: 
[1;34mwandb[0m: 🚀 View run [33mM-mhc-lite-owt-bs16ga12-18kstep-2626[0m at: [34mhttps://wandb.ai/guotzzz-peking-university/mhc-lite/runs/vj97f0mo[0m
[1;34mwandb[0m: Find logs at: [1;35mwandb/run-20260820_083012-vj97f0mo/logs[0m
######## 3/3 done exit=0  Thu Aug 20 20:21:05 CST 2026 ########
ALL DONE Thu Aug 20 20:21:05 CST 2026
