W0722 09:56:34.320000 3386483 torch/distributed/run.py:766] 
W0722 09:56:34.320000 3386483 torch/distributed/run.py:766] *****************************************
W0722 09:56:34.320000 3386483 torch/distributed/run.py:766] Setting OMP_NUM_THREADS environment variable for each process to be 1 in default, to avoid your system being overloaded, please further tune the variable for optimal performance in your application as needed. 
W0722 09:56:34.320000 3386483 torch/distributed/run.py:766] *****************************************
Overriding config with config/train_owt.py:
eval_interval = 500
eval_iters = 200
log_interval = 10
always_save_checkpoint = False

wandb_log = True
wandb_project = 'mhc-lite'
out_prefix_dataset = "owt"

dataset = 'openwebtext'
gradient_accumulation_steps = 8  
batch_size = 16
block_size = 1024

dtype = 'bfloat16'

Overriding config with config/medium_model.py:
wandb_group = "medium"
out_prefix_model = "medium"

n_layer = 12
n_head = 12
n_embd = 768
dropout = 0.0

learning_rate = 6e-4
min_lr = 6e-5
max_iters = 10000
lr_decay_iters = 10000
warmup_iters = 200
weight_decay = 0.1
beta1 = 0.9
beta2 = 0.95
grad_clip = 1.0

Overriding config with config/with_mhc_group_lora_midnorm.py:
hyper_conn_type = "mhc_group_lora_midnorm"
hyper_conn_n = 4

wandb_notes = "mhc-group-lora-midnorm (RMSNorm on LoRA rank dim, between A and B)"
out_prefix_method = "mhc-group-lora-midnorm"

Overriding: batch_size = 16
Overriding: max_iters = 10000
Overriding: lr_decay_iters = 10000
Overriding: compile = True
Overriding: out_prefix_method = mhc-group-lora-midnorm-inbeta
Overriding: wandb_run_name = M-group_lora_midnorm-inbeta-owt-bs16-10kstep
Overriding config with config/train_owt.py:
eval_interval = 500
eval_iters = 200
log_interval = 10
always_save_checkpoint = False

wandb_log = True
wandb_project = 'mhc-lite'
out_prefix_dataset = "owt"

dataset = 'openwebtext'
gradient_accumulation_steps = 8  
batch_size = 16
block_size = 1024

dtype = 'bfloat16'

Overriding config with config/medium_model.py:
wandb_group = "medium"
out_prefix_model = "medium"

n_layer = 12
n_head = 12
n_embd = 768
dropout = 0.0

learning_rate = 6e-4
min_lr = 6e-5
max_iters = 10000
lr_decay_iters = 10000
warmup_iters = 200
weight_decay = 0.1
beta1 = 0.9
beta2 = 0.95
grad_clip = 1.0

Overriding config with config/with_mhc_group_lora_midnorm.py:
hyper_conn_type = "mhc_group_lora_midnorm"
hyper_conn_n = 4

wandb_notes = "mhc-group-lora-midnorm (RMSNorm on LoRA rank dim, between A and B)"
out_prefix_method = "mhc-group-lora-midnorm"

Overriding: batch_size = 16
Overriding: max_iters = 10000
Overriding: lr_decay_iters = 10000
Overriding: compile = True
Overriding: out_prefix_method = mhc-group-lora-midnorm-inbeta
Overriding: wandb_run_name = M-group_lora_midnorm-inbeta-owt-bs16-10kstep
tokens per iteration will be: 131,072
Initializing a new model from scratch
defaulting to vocab_size of GPT-2 to 50304 (50257 rounded up for efficiency)
HYPER_CONN: USING mhc_group_lora_midnorm with 4 streams
wandb: [wandb.login()] Loaded credentials for https://api.wandb.ai from /root/.netrc.
wandb: Currently logged in as: guotzzz (guotzzz-peking-university) to https://api.wandb.ai. Use `wandb login --relogin` to force relogin
number of parameters: 126.91M
num decayed parameter tensors: 194, with 127,009,632 parameters
num non-decayed parameter tensors: 169, with 682,920 parameters
using fused AdamW: True
compiling the model... (takes a ~minute)
wandb: setting up run 68ftd7nl
wandb: Tracking run with wandb version 0.28.0
wandb: Run data is saved locally in /home/work/data/guotianzizhe/project/mhc-lite/wandb/run-20260722_095638-68ftd7nl
wandb: Run `wandb offline` to turn off syncing.
wandb: Syncing run M-group_lora_midnorm-inbeta-owt-bs16-10kstep-8009
wandb: ⭐️ View project at https://wandb.ai/guotzzz-peking-university/mhc-lite
wandb: 🚀 View run at https://wandb.ai/guotzzz-peking-university/mhc-lite/runs/68ftd7nl
tokens per iteration will be: 131,072
====================================================================================================
n_layer = 12
n_head = 12
n_embd = 768
block_size = 1024
bias = False
vocab_size = None
dropout = 0.0
hyper_conn_n = 4
hyper_conn_type = mhc_group_lora_midnorm
====================================================================================================
Initializing a new model from scratch
defaulting to vocab_size of GPT-2 to 50304 (50257 rounded up for efficiency)
HYPER_CONN: USING mhc_group_lora_midnorm with 4 streams
number of parameters: 126.91M
num decayed parameter tensors: 194, with 127,009,632 parameters
num non-decayed parameter tensors: 169, with 682,920 parameters
using fused AdamW: True
compiling the model... (takes a ~minute)
[step 0]train loss: 12.9042, val loss: 12.9014, (avg train loss: 0.0000 ± 0.0000), (avg grad norm: 0.0000 ± 0.0000)
[iter 0]loss: 12.9001, tokens/sec: 1120.45 ± 0.00, tokens seen: 0, grad norm: 50.9496
[iter 10]loss: 9.7168, tokens/sec: 63394.91 ± 19693.24, tokens seen: 1310720, grad norm: 23.6728
[iter 20]loss: 8.4514, tokens/sec: 66377.14 ± 14592.09, tokens seen: 2621440, grad norm: 13.7324
[iter 30]loss: 7.7360, tokens/sec: 67421.50 ± 12105.08, tokens seen: 3932160, grad norm: 6.1731
[iter 40]loss: 7.2321, tokens/sec: 67949.71 ± 10566.89, tokens seen: 5242880, grad norm: 7.4165
[iter 50]loss: 7.3741, tokens/sec: 68268.49 ± 9496.45, tokens seen: 6553600, grad norm: 7.9877
[iter 60]loss: 6.9899, tokens/sec: 68483.18 ± 8696.78, tokens seen: 7864320, grad norm: 4.2745
[iter 70]loss: 6.8615, tokens/sec: 68638.44 ± 8070.22, tokens seen: 9175040, grad norm: 5.3575
[iter 80]loss: 6.9878, tokens/sec: 68751.97 ± 7561.72, tokens seen: 10485760, grad norm: 3.1540
[iter 90]loss: 6.7736, tokens/sec: 68840.89 ± 7138.65, tokens seen: 11796480, grad norm: 4.4925
[iter 100]loss: 6.6170, tokens/sec: 68913.05 ± 6779.54, tokens seen: 13107200, grad norm: 6.3499
[iter 110]loss: 6.7799, tokens/sec: 68968.51 ± 6469.36, tokens seen: 14417920, grad norm: 3.2372
[iter 120]loss: 6.4439, tokens/sec: 69015.57 ± 6198.27, tokens seen: 15728640, grad norm: 2.9987
[iter 130]loss: 6.2785, tokens/sec: 69055.47 ± 5958.63, tokens seen: 17039360, grad norm: 2.1719
[iter 140]loss: 6.1791, tokens/sec: 69089.59 ± 5744.78, tokens seen: 18350080, grad norm: 3.0029
[iter 150]loss: 6.4012, tokens/sec: 69119.65 ± 5552.45, tokens seen: 19660800, grad norm: 2.8923
[iter 160]loss: 6.1061, tokens/sec: 69146.41 ± 5378.27, tokens seen: 20971520, grad norm: 2.5963
[iter 170]loss: 6.4291, tokens/sec: 69169.63 ± 5219.48, tokens seen: 22282240, grad norm: 4.1202
[iter 180]loss: 6.2769, tokens/sec: 69192.43 ± 5074.13, tokens seen: 23592960, grad norm: 2.4538
[iter 190]loss: 6.0104, tokens/sec: 69211.30 ± 4940.17, tokens seen: 24903680, grad norm: 1.5915
[iter 200]loss: 6.1373, tokens/sec: 69227.33 ± 4816.23, tokens seen: 26214400, grad norm: 2.1956
[iter 210]loss: 5.9377, tokens/sec: 69242.41 ± 4701.20, tokens seen: 27525120, grad norm: 1.9539
[iter 220]loss: 5.8850, tokens/sec: 69256.90 ± 4594.09, tokens seen: 28835840, grad norm: 1.8921
[iter 230]loss: 5.9394, tokens/sec: 69270.92 ± 4494.04, tokens seen: 30146560, grad norm: 1.5872
[iter 240]loss: 5.9198, tokens/sec: 69282.68 ± 4400.18, tokens seen: 31457280, grad norm: 1.8876
[iter 250]loss: 5.9234, tokens/sec: 69293.53 ± 4311.97, tokens seen: 32768000, grad norm: 2.2912
[iter 260]loss: 5.8153, tokens/sec: 69303.11 ± 4228.84, tokens seen: 34078720, grad norm: 2.0250
[iter 270]loss: 5.6603, tokens/sec: 69311.86 ± 4150.34, tokens seen: 35389440, grad norm: 1.1659
[iter 280]loss: 5.6350, tokens/sec: 69321.69 ± 4076.14, tokens seen: 36700160, grad norm: 1.0731
[iter 290]loss: 5.7472, tokens/sec: 69329.24 ± 4005.70, tokens seen: 38010880, grad norm: 1.1744
[iter 300]loss: 5.6376, tokens/sec: 69336.14 ± 3938.79, tokens seen: 39321600, grad norm: 1.2944
[iter 310]loss: 5.6854, tokens/sec: 69342.67 ± 3875.11, tokens seen: 40632320, grad norm: 1.0367
[iter 320]loss: 5.5761, tokens/sec: 69350.00 ± 3814.50, tokens seen: 41943040, grad norm: 1.0249
[iter 330]loss: 5.6609, tokens/sec: 69356.79 ± 3756.64, tokens seen: 43253760, grad norm: 0.7155
[iter 340]loss: 5.5094, tokens/sec: 69363.10 ± 3701.33, tokens seen: 44564480, grad norm: 0.7547
[iter 350]loss: 5.5080, tokens/sec: 69368.51 ± 3648.37, tokens seen: 45875200, grad norm: 1.4310
[iter 360]loss: 5.5355, tokens/sec: 69372.72 ± 3597.58, tokens seen: 47185920, grad norm: 0.7692
[iter 370]loss: 5.5361, tokens/sec: 69377.99 ± 3548.91, tokens seen: 48496640, grad norm: 0.6104
[iter 380]loss: 5.6327, tokens/sec: 69383.12 ± 3502.17, tokens seen: 49807360, grad norm: 0.8972
[iter 390]loss: 5.5185, tokens/sec: 69387.31 ± 3457.20, tokens seen: 51118080, grad norm: 0.7447
[iter 400]loss: 5.4842, tokens/sec: 69390.60 ± 3413.89, tokens seen: 52428800, grad norm: 0.8163
[iter 410]loss: 5.3371, tokens/sec: 69394.53 ± 3372.19, tokens seen: 53739520, grad norm: 0.9384
[iter 420]loss: 5.4702, tokens/sec: 69398.72 ± 3332.01, tokens seen: 55050240, grad norm: 0.9366
[iter 430]loss: 5.4120, tokens/sec: 69402.20 ± 3293.21, tokens seen: 56360960, grad norm: 0.7118
[iter 440]loss: 5.2750, tokens/sec: 69405.32 ± 3255.73, tokens seen: 57671680, grad norm: 1.0008
[iter 450]loss: 5.2691, tokens/sec: 69408.83 ± 3219.52, tokens seen: 58982400, grad norm: 0.6766
[iter 460]loss: 5.1998, tokens/sec: 69411.71 ± 3184.47, tokens seen: 60293120, grad norm: 0.6137
[iter 470]loss: 5.1338, tokens/sec: 69415.54 ± 3150.60, tokens seen: 61603840, grad norm: 0.5971
[iter 480]loss: 5.1625, tokens/sec: 69418.39 ± 3117.74, tokens seen: 62914560, grad norm: 0.7970
[iter 490]loss: 4.9982, tokens/sec: 69420.85 ± 3085.88, tokens seen: 64225280, grad norm: 0.6818
[step 500]train loss: 5.1057, val loss: 5.0866, (avg train loss: 1.3532 ± 0.0562), (avg grad norm: 0.8816 ± 0.2192)
saving checkpoint to ./out-owt-medium-mhc-group-lora-midnorm-inbeta-bs16-10000step
[iter 500]loss: 5.0028, tokens/sec: 69423.45 ± 3054.99, tokens seen: 65536000, grad norm: 0.7263
[iter 510]loss: 4.9253, tokens/sec: 69426.44 ± 3025.03, tokens seen: 66846720, grad norm: 0.8036
[iter 520]loss: 5.0590, tokens/sec: 69429.77 ± 2995.95, tokens seen: 68157440, grad norm: 0.7127
[iter 530]loss: 5.2112, tokens/sec: 69432.56 ± 2967.68, tokens seen: 69468160, grad norm: 0.7463
[iter 540]loss: 5.0714, tokens/sec: 69435.02 ± 2940.19, tokens seen: 70778880, grad norm: 0.7726
[iter 550]loss: 4.9714, tokens/sec: 69437.87 ± 2913.47, tokens seen: 72089600, grad norm: 0.6572
[iter 560]loss: 4.8433, tokens/sec: 69440.08 ± 2887.43, tokens seen: 73400320, grad norm: 0.9200
[iter 570]loss: 4.9461, tokens/sec: 69442.19 ± 2862.08, tokens seen: 74711040, grad norm: 0.6522
[iter 580]loss: 4.9226, tokens/sec: 69444.01 ± 2837.38, tokens seen: 76021760, grad norm: 0.6750
[iter 590]loss: 4.7548, tokens/sec: 69445.63 ± 2813.31, tokens seen: 77332480, grad norm: 0.6589
[iter 600]loss: 5.0548, tokens/sec: 69447.35 ± 2789.85, tokens seen: 78643200, grad norm: 0.7641
[iter 610]loss: 4.7498, tokens/sec: 69449.15 ± 2766.96, tokens seen: 79953920, grad norm: 0.5852
[iter 620]loss: 4.8721, tokens/sec: 69450.46 ± 2744.62, tokens seen: 81264640, grad norm: 0.5801
[iter 630]loss: 4.7539, tokens/sec: 69451.85 ± 2722.81, tokens seen: 82575360, grad norm: 0.6786
[iter 640]loss: 4.7956, tokens/sec: 69453.77 ± 2701.53, tokens seen: 83886080, grad norm: 0.7539
[iter 650]loss: 4.9449, tokens/sec: 69455.18 ± 2680.73, tokens seen: 85196800, grad norm: 0.7047
[iter 660]loss: 4.7498, tokens/sec: 69456.64 ± 2660.40, tokens seen: 86507520, grad norm: 0.5505
[iter 670]loss: 4.8439, tokens/sec: 69458.09 ± 2640.53, tokens seen: 87818240, grad norm: 0.7856
[iter 680]loss: 4.7505, tokens/sec: 69459.28 ± 2621.09, tokens seen: 89128960, grad norm: 0.7834
[iter 690]loss: 4.8322, tokens/sec: 69460.65 ± 2602.08, tokens seen: 90439680, grad norm: 0.8705
[iter 700]loss: 4.8022, tokens/sec: 69462.16 ± 2583.49, tokens seen: 91750400, grad norm: 0.6259
[iter 710]loss: 4.5231, tokens/sec: 69462.95 ± 2565.27, tokens seen: 93061120, grad norm: 0.6853
[iter 720]loss: 4.7209, tokens/sec: 69464.05 ± 2547.44, tokens seen: 94371840, grad norm: 0.8192
[iter 730]loss: 4.7063, tokens/sec: 69465.17 ± 2529.98, tokens seen: 95682560, grad norm: 0.6327
[iter 740]loss: 4.5961, tokens/sec: 69466.29 ± 2512.87, tokens seen: 96993280, grad norm: 0.7688
[iter 750]loss: 4.5335, tokens/sec: 69467.44 ± 2496.11, tokens seen: 98304000, grad norm: 0.6020
[iter 760]loss: 4.5550, tokens/sec: 69468.35 ± 2479.67, tokens seen: 99614720, grad norm: 0.6131
[iter 770]loss: 4.3990, tokens/sec: 69469.21 ± 2463.55, tokens seen: 100925440, grad norm: 0.7367
[iter 780]loss: 4.5786, tokens/sec: 69470.03 ± 2447.74, tokens seen: 102236160, grad norm: 0.6010
[iter 790]loss: 4.4169, tokens/sec: 69470.88 ± 2432.24, tokens seen: 103546880, grad norm: 0.7656
[iter 800]loss: 4.2938, tokens/sec: 69471.95 ± 2417.03, tokens seen: 104857600, grad norm: 0.6031
[iter 810]loss: 4.4964, tokens/sec: 69472.87 ± 2402.10, tokens seen: 106168320, grad norm: 0.6439
[iter 820]loss: 4.3160, tokens/sec: 69473.83 ± 2387.44, tokens seen: 107479040, grad norm: 0.5757
[iter 830]loss: 4.3913, tokens/sec: 69474.57 ± 2373.05, tokens seen: 108789760, grad norm: 0.6468
[iter 840]loss: 4.3932, tokens/sec: 69474.86 ± 2358.92, tokens seen: 110100480, grad norm: 0.6316
[iter 850]loss: 4.4147, tokens/sec: 69475.41 ± 2345.03, tokens seen: 111411200, grad norm: 0.7770
[iter 860]loss: 4.2038, tokens/sec: 69475.95 ± 2331.39, tokens seen: 112721920, grad norm: 0.6082
[iter 870]loss: 4.1171, tokens/sec: 69476.85 ± 2317.98, tokens seen: 114032640, grad norm: 0.5725
[iter 880]loss: 4.3253, tokens/sec: 69477.70 ± 2304.80, tokens seen: 115343360, grad norm: 0.5891
[iter 890]loss: 4.2593, tokens/sec: 69478.33 ± 2291.85, tokens seen: 116654080, grad norm: 0.5364
[iter 900]loss: 4.2683, tokens/sec: 69479.00 ± 2279.11, tokens seen: 117964800, grad norm: 0.6372
[iter 910]loss: 4.3159, tokens/sec: 69479.49 ± 2266.58, tokens seen: 119275520, grad norm: 0.6054
[iter 920]loss: 4.3200, tokens/sec: 69479.86 ± 2254.26, tokens seen: 120586240, grad norm: 0.5501
[iter 930]loss: 4.3509, tokens/sec: 69480.39 ± 2242.14, tokens seen: 121896960, grad norm: 0.5604
[iter 940]loss: 4.2762, tokens/sec: 69480.97 ± 2230.20, tokens seen: 123207680, grad norm: 0.7403
[iter 950]loss: 4.3140, tokens/sec: 69481.85 ± 2218.46, tokens seen: 124518400, grad norm: 0.5459
[iter 960]loss: 4.0969, tokens/sec: 69482.34 ± 2206.90, tokens seen: 125829120, grad norm: 0.4865
[iter 970]loss: 4.0248, tokens/sec: 69482.88 ± 2195.52, tokens seen: 127139840, grad norm: 0.5102
[iter 980]loss: 4.2581, tokens/sec: 69483.65 ± 2184.33, tokens seen: 128450560, grad norm: 0.5142
[iter 990]loss: 4.1283, tokens/sec: 69484.17 ± 2173.29, tokens seen: 129761280, grad norm: 0.6843
[step 1000]train loss: 4.2164, val loss: 4.2217, (avg train loss: 1.0748 ± 0.0296), (avg grad norm: 0.6231 ± 0.0954)
saving checkpoint to ./out-owt-medium-mhc-group-lora-midnorm-inbeta-bs16-10000step
[iter 1000]loss: 4.2992, tokens/sec: 69484.71 ± 2162.42, tokens seen: 131072000, grad norm: 0.5052
[iter 1010]loss: 4.3432, tokens/sec: 69485.82 ± 2151.73, tokens seen: 132382720, grad norm: 0.5677
[iter 1020]loss: 4.1804, tokens/sec: 69486.96 ± 2141.20, tokens seen: 133693440, grad norm: 0.6295
[iter 1030]loss: 4.1310, tokens/sec: 69487.75 ± 2130.81, tokens seen: 135004160, grad norm: 0.5492
[iter 1040]loss: 4.0750, tokens/sec: 69488.23 ± 2120.56, tokens seen: 136314880, grad norm: 0.4841
[iter 1050]loss: 4.1090, tokens/sec: 69488.34 ± 2110.46, tokens seen: 137625600, grad norm: 0.4670
[iter 1060]loss: 4.0409, tokens/sec: 69488.95 ± 2100.50, tokens seen: 138936320, grad norm: 0.6751
[iter 1070]loss: 4.2022, tokens/sec: 69489.42 ± 2090.68, tokens seen: 140247040, grad norm: 0.6210
[iter 1080]loss: 4.1201, tokens/sec: 69489.96 ± 2081.00, tokens seen: 141557760, grad norm: 0.4757
[iter 1090]loss: 4.1528, tokens/sec: 69490.10 ± 2071.44, tokens seen: 142868480, grad norm: 0.4804
[iter 1100]loss: 4.1120, tokens/sec: 69490.38 ± 2062.02, tokens seen: 144179200, grad norm: 0.5156
[iter 1110]loss: 4.1335, tokens/sec: 69491.08 ± 2052.73, tokens seen: 145489920, grad norm: 0.4492
[iter 1120]loss: 4.2177, tokens/sec: 69491.76 ± 2043.57, tokens seen: 146800640, grad norm: 0.6853
[iter 1130]loss: 4.1524, tokens/sec: 69491.98 ± 2034.52, tokens seen: 148111360, grad norm: 0.4634
[iter 1140]loss: 4.0536, tokens/sec: 69492.23 ± 2025.60, tokens seen: 149422080, grad norm: 0.4954
[iter 1150]loss: 4.1459, tokens/sec: 69492.63 ± 2016.78, tokens seen: 150732800, grad norm: 0.5744
[iter 1160]loss: 4.0212, tokens/sec: 69492.99 ± 2008.08, tokens seen: 152043520, grad norm: 0.5118
[iter 1170]loss: 3.9812, tokens/sec: 69493.16 ± 1999.50, tokens seen: 153354240, grad norm: 0.4603
[iter 1180]loss: 3.9679, tokens/sec: 69493.74 ± 1991.03, tokens seen: 154664960, grad norm: 0.5127
[iter 1190]loss: 4.1137, tokens/sec: 69494.28 ± 1982.66, tokens seen: 155975680, grad norm: 0.9488
[iter 1200]loss: 4.1377, tokens/sec: 69494.72 ± 1974.40, tokens seen: 157286400, grad norm: 0.4746
[iter 1210]loss: 4.0225, tokens/sec: 69495.10 ± 1966.24, tokens seen: 158597120, grad norm: 0.5589
[iter 1220]loss: 3.9802, tokens/sec: 69495.55 ± 1958.18, tokens seen: 159907840, grad norm: 0.4519
[iter 1230]loss: 3.9326, tokens/sec: 69495.82 ± 1950.22, tokens seen: 161218560, grad norm: 0.5436
[iter 1240]loss: 4.0303, tokens/sec: 69496.10 ± 1942.35, tokens seen: 162529280, grad norm: 0.5119
[iter 1250]loss: 4.0062, tokens/sec: 69496.44 ± 1934.57, tokens seen: 163840000, grad norm: 0.4651
[iter 1260]loss: 4.1663, tokens/sec: 69496.96 ± 1926.90, tokens seen: 165150720, grad norm: 0.5068
[iter 1270]loss: 4.0117, tokens/sec: 69497.48 ± 1919.31, tokens seen: 166461440, grad norm: 0.4990
[iter 1280]loss: 4.0367, tokens/sec: 69498.01 ± 1911.82, tokens seen: 167772160, grad norm: 0.5580
[iter 1290]loss: 3.9878, tokens/sec: 69498.42 ± 1904.41, tokens seen: 169082880, grad norm: 0.4337
[iter 1300]loss: 3.9338, tokens/sec: 69498.95 ± 1897.09, tokens seen: 170393600, grad norm: 0.5513
[iter 1310]loss: 4.0356, tokens/sec: 69499.34 ± 1889.84, tokens seen: 171704320, grad norm: 0.5291
[iter 1320]loss: 4.0908, tokens/sec: 69499.53 ± 1882.68, tokens seen: 173015040, grad norm: 0.4821
[iter 1330]loss: 3.9149, tokens/sec: 69499.87 ± 1875.60, tokens seen: 174325760, grad norm: 0.4031
[iter 1340]loss: 4.0141, tokens/sec: 69500.12 ± 1868.60, tokens seen: 175636480, grad norm: 0.4467
[iter 1350]loss: 3.8451, tokens/sec: 69500.41 ± 1861.68, tokens seen: 176947200, grad norm: 0.5543
[iter 1360]loss: 4.0466, tokens/sec: 69500.74 ± 1854.83, tokens seen: 178257920, grad norm: 0.4822
[iter 1370]loss: 4.1160, tokens/sec: 69501.04 ± 1848.07, tokens seen: 179568640, grad norm: 0.4737
[iter 1380]loss: 4.0473, tokens/sec: 69501.31 ± 1841.37, tokens seen: 180879360, grad norm: 0.4188
[iter 1390]loss: 3.9920, tokens/sec: 69501.56 ± 1834.74, tokens seen: 182190080, grad norm: 0.4229
[iter 1400]loss: 3.9723, tokens/sec: 69501.78 ± 1828.19, tokens seen: 183500800, grad norm: 0.4267
[iter 1410]loss: 4.0762, tokens/sec: 69502.03 ± 1821.70, tokens seen: 184811520, grad norm: 0.4948
[iter 1420]loss: 3.9392, tokens/sec: 69502.31 ± 1815.29, tokens seen: 186122240, grad norm: 0.6035
[iter 1430]loss: 3.9949, tokens/sec: 69502.50 ± 1808.95, tokens seen: 187432960, grad norm: 0.4264
[iter 1440]loss: 4.0304, tokens/sec: 69502.91 ± 1802.67, tokens seen: 188743680, grad norm: 0.5159
[iter 1450]loss: 3.9139, tokens/sec: 69503.10 ± 1796.45, tokens seen: 190054400, grad norm: 0.4723
[iter 1460]loss: 4.0269, tokens/sec: 69503.54 ± 1790.30, tokens seen: 191365120, grad norm: 0.4234
[iter 1470]loss: 4.0496, tokens/sec: 69503.85 ± 1784.21, tokens seen: 192675840, grad norm: 0.4731
[iter 1480]loss: 4.1027, tokens/sec: 69504.17 ± 1778.18, tokens seen: 193986560, grad norm: 0.4538
[iter 1490]loss: 3.9730, tokens/sec: 69504.35 ± 1772.21, tokens seen: 195297280, grad norm: 0.3948
[step 1500]train loss: 3.9413, val loss: 3.9338, (avg train loss: 0.9958 ± 0.0253), (avg grad norm: 0.4755 ± 0.0478)
saving checkpoint to ./out-owt-medium-mhc-group-lora-midnorm-inbeta-bs16-10000step
[iter 1500]loss: 3.8785, tokens/sec: 69504.59 ± 1766.31, tokens seen: 196608000, grad norm: 0.4823
[iter 1510]loss: 3.8735, tokens/sec: 69505.25 ± 1760.48, tokens seen: 197918720, grad norm: 0.4260
[iter 1520]loss: 4.0125, tokens/sec: 69505.87 ± 1754.70, tokens seen: 199229440, grad norm: 0.4102
[iter 1530]loss: 3.8425, tokens/sec: 69506.50 ± 1748.98, tokens seen: 200540160, grad norm: 0.6226
[iter 1540]loss: 3.9053, tokens/sec: 69506.86 ± 1743.30, tokens seen: 201850880, grad norm: 0.4824
[iter 1550]loss: 3.9571, tokens/sec: 69507.16 ± 1737.68, tokens seen: 203161600, grad norm: 0.3944
[iter 1560]loss: 4.0825, tokens/sec: 69507.46 ± 1732.11, tokens seen: 204472320, grad norm: 0.4123
[iter 1570]loss: 3.8120, tokens/sec: 69507.77 ± 1726.59, tokens seen: 205783040, grad norm: 0.4323
[iter 1580]loss: 3.9436, tokens/sec: 69508.19 ± 1721.13, tokens seen: 207093760, grad norm: 0.4569
[iter 1590]loss: 3.9165, tokens/sec: 69508.37 ± 1715.72, tokens seen: 208404480, grad norm: 0.4417
[iter 1600]loss: 3.9587, tokens/sec: 69508.64 ± 1710.36, tokens seen: 209715200, grad norm: 0.4437
[iter 1610]loss: 3.6549, tokens/sec: 69508.90 ± 1705.05, tokens seen: 211025920, grad norm: 0.5585
[iter 1620]loss: 3.9658, tokens/sec: 69509.13 ± 1699.79, tokens seen: 212336640, grad norm: 0.4260
[iter 1630]loss: 3.7673, tokens/sec: 69509.28 ± 1694.57, tokens seen: 213647360, grad norm: 0.4784
[iter 1640]loss: 3.9407, tokens/sec: 69509.59 ± 1689.41, tokens seen: 214958080, grad norm: 0.4581
[iter 1650]loss: 3.9531, tokens/sec: 69509.76 ± 1684.29, tokens seen: 216268800, grad norm: 0.4075
[iter 1660]loss: 3.8436, tokens/sec: 69509.90 ± 1679.22, tokens seen: 217579520, grad norm: 0.4656
[iter 1670]loss: 3.9096, tokens/sec: 69510.05 ± 1674.19, tokens seen: 218890240, grad norm: 0.5291
[iter 1680]loss: 3.8148, tokens/sec: 69510.23 ± 1669.21, tokens seen: 220200960, grad norm: 0.4631
[iter 1690]loss: 3.8717, tokens/sec: 69510.37 ± 1664.27, tokens seen: 221511680, grad norm: 0.4103
[iter 1700]loss: 3.7812, tokens/sec: 69510.57 ± 1659.37, tokens seen: 222822400, grad norm: 0.5212
[iter 1710]loss: 3.8118, tokens/sec: 69510.75 ± 1654.52, tokens seen: 224133120, grad norm: 0.4104
[iter 1720]loss: 3.7782, tokens/sec: 69511.07 ± 1649.72, tokens seen: 225443840, grad norm: 0.4218
[iter 1730]loss: 3.9562, tokens/sec: 69511.33 ± 1644.95, tokens seen: 226754560, grad norm: 0.4730
[iter 1740]loss: 3.6533, tokens/sec: 69511.59 ± 1640.22, tokens seen: 228065280, grad norm: 0.4469
[iter 1750]loss: 3.8710, tokens/sec: 69511.82 ± 1635.54, tokens seen: 229376000, grad norm: 0.3990
[iter 1760]loss: 3.7506, tokens/sec: 69512.04 ± 1630.89, tokens seen: 230686720, grad norm: 0.4015
[iter 1770]loss: 3.9017, tokens/sec: 69512.32 ± 1626.29, tokens seen: 231997440, grad norm: 0.3866
[iter 1780]loss: 3.8678, tokens/sec: 69512.51 ± 1621.73, tokens seen: 233308160, grad norm: 0.4392
[iter 1790]loss: 3.8217, tokens/sec: 69512.75 ± 1617.21, tokens seen: 234618880, grad norm: 0.3984
[iter 1800]loss: 3.7418, tokens/sec: 69513.02 ± 1612.72, tokens seen: 235929600, grad norm: 0.3948
[iter 1810]loss: 3.6266, tokens/sec: 69513.27 ± 1608.26, tokens seen: 237240320, grad norm: 0.3922
[iter 1820]loss: 3.9737, tokens/sec: 69513.43 ± 1603.85, tokens seen: 238551040, grad norm: 0.4312
[iter 1830]loss: 3.7753, tokens/sec: 69513.64 ± 1599.47, tokens seen: 239861760, grad norm: 0.3889
[iter 1840]loss: 3.9552, tokens/sec: 69513.84 ± 1595.12, tokens seen: 241172480, grad norm: 0.4141
[iter 1850]loss: 3.9794, tokens/sec: 69513.88 ± 1590.81, tokens seen: 242483200, grad norm: 0.4031
[iter 1860]loss: 3.7334, tokens/sec: 69513.94 ± 1586.53, tokens seen: 243793920, grad norm: 0.4024
[iter 1870]loss: 3.7934, tokens/sec: 69514.01 ± 1582.29, tokens seen: 245104640, grad norm: 0.4541
[iter 1880]loss: 3.6544, tokens/sec: 69514.04 ± 1578.08, tokens seen: 246415360, grad norm: 0.4086
[iter 1890]loss: 3.7650, tokens/sec: 69514.20 ± 1573.91, tokens seen: 247726080, grad norm: 0.4054
[iter 1900]loss: 3.8504, tokens/sec: 69514.27 ± 1569.77, tokens seen: 249036800, grad norm: 0.3845
[iter 1910]loss: 3.7956, tokens/sec: 69514.34 ± 1565.66, tokens seen: 250347520, grad norm: 0.3836
[iter 1920]loss: 4.0129, tokens/sec: 69514.28 ± 1561.58, tokens seen: 251658240, grad norm: 0.3893
[iter 1930]loss: 3.7964, tokens/sec: 69514.54 ± 1557.54, tokens seen: 252968960, grad norm: 0.4087
[iter 1940]loss: 3.8461, tokens/sec: 69514.72 ± 1553.53, tokens seen: 254279680, grad norm: 0.4647
[iter 1950]loss: 3.7555, tokens/sec: 69514.85 ± 1549.54, tokens seen: 255590400, grad norm: 0.3895
[iter 1960]loss: 3.7281, tokens/sec: 69515.12 ± 1545.59, tokens seen: 256901120, grad norm: 0.4014
[iter 1970]loss: 3.6350, tokens/sec: 69515.22 ± 1541.67, tokens seen: 258211840, grad norm: 0.4149
[iter 1980]loss: 3.8410, tokens/sec: 69515.42 ± 1537.78, tokens seen: 259522560, grad norm: 0.4735
[iter 1990]loss: 3.7022, tokens/sec: 69515.49 ± 1533.92, tokens seen: 260833280, grad norm: 0.4124
[step 2000]train loss: 3.7982, val loss: 3.8030, (avg train loss: 0.9550 ± 0.0265), (avg grad norm: 0.4149 ± 0.0349)
saving checkpoint to ./out-owt-medium-mhc-group-lora-midnorm-inbeta-bs16-10000step
[iter 2000]loss: 3.7467, tokens/sec: 69515.55 ± 1530.08, tokens seen: 262144000, grad norm: 0.3971
[iter 2010]loss: 3.6866, tokens/sec: 69515.73 ± 1526.28, tokens seen: 263454720, grad norm: 0.3846
[iter 2020]loss: 3.7297, tokens/sec: 69516.09 ± 1522.51, tokens seen: 264765440, grad norm: 0.4012
[iter 2030]loss: 3.7526, tokens/sec: 69516.50 ± 1518.77, tokens seen: 266076160, grad norm: 0.4013
[iter 2040]loss: 3.9013, tokens/sec: 69516.87 ± 1515.06, tokens seen: 267386880, grad norm: 0.4139
[iter 2050]loss: 3.7951, tokens/sec: 69517.19 ± 1511.37, tokens seen: 268697600, grad norm: 0.3992
[iter 2060]loss: 3.7908, tokens/sec: 69517.33 ± 1507.70, tokens seen: 270008320, grad norm: 0.4136
[iter 2070]loss: 3.9383, tokens/sec: 69517.46 ± 1504.06, tokens seen: 271319040, grad norm: 0.4121
[iter 2080]loss: 3.6771, tokens/sec: 69517.69 ± 1500.45, tokens seen: 272629760, grad norm: 0.4113
[iter 2090]loss: 3.7344, tokens/sec: 69517.93 ± 1496.86, tokens seen: 273940480, grad norm: 0.4029
[iter 2100]loss: 3.8667, tokens/sec: 69518.08 ± 1493.30, tokens seen: 275251200, grad norm: 0.3938
[iter 2110]loss: 3.7298, tokens/sec: 69518.16 ± 1489.76, tokens seen: 276561920, grad norm: 0.3839
[iter 2120]loss: 3.6791, tokens/sec: 69518.24 ± 1486.25, tokens seen: 277872640, grad norm: 0.3628
[iter 2130]loss: 3.6726, tokens/sec: 69518.36 ± 1482.76, tokens seen: 279183360, grad norm: 0.4131
[iter 2140]loss: 3.7953, tokens/sec: 69518.44 ± 1479.29, tokens seen: 280494080, grad norm: 0.4684
[iter 2150]loss: 3.7991, tokens/sec: 69518.58 ± 1475.85, tokens seen: 281804800, grad norm: 0.3753
[iter 2160]loss: 3.7475, tokens/sec: 69518.70 ± 1472.44, tokens seen: 283115520, grad norm: 0.3806
[iter 2170]loss: 3.7011, tokens/sec: 69518.78 ± 1469.05, tokens seen: 284426240, grad norm: 0.4213
[iter 2180]loss: 3.7596, tokens/sec: 69518.90 ± 1465.68, tokens seen: 285736960, grad norm: 0.4283
[iter 2190]loss: 3.7013, tokens/sec: 69519.08 ± 1462.33, tokens seen: 287047680, grad norm: 0.4119
[iter 2200]loss: 3.8611, tokens/sec: 69519.34 ± 1459.01, tokens seen: 288358400, grad norm: 0.4424
[iter 2210]loss: 3.6821, tokens/sec: 69519.45 ± 1455.71, tokens seen: 289669120, grad norm: 0.3612
[iter 2220]loss: 3.6496, tokens/sec: 69519.46 ± 1452.43, tokens seen: 290979840, grad norm: 0.4260
[iter 2230]loss: 3.6241, tokens/sec: 69519.65 ± 1449.18, tokens seen: 292290560, grad norm: 0.3883
[iter 2240]loss: 3.7740, tokens/sec: 69519.84 ± 1445.95, tokens seen: 293601280, grad norm: 0.5165
[iter 2250]loss: 3.8267, tokens/sec: 69520.06 ± 1442.74, tokens seen: 294912000, grad norm: 0.3648
[iter 2260]loss: 3.4504, tokens/sec: 69520.12 ± 1439.55, tokens seen: 296222720, grad norm: 0.3818
[iter 2270]loss: 3.6578, tokens/sec: 69520.27 ± 1436.38, tokens seen: 297533440, grad norm: 0.4281
[iter 2280]loss: 3.8626, tokens/sec: 69520.49 ± 1433.23, tokens seen: 298844160, grad norm: 0.4237
[iter 2290]loss: 3.8229, tokens/sec: 69520.58 ± 1430.11, tokens seen: 300154880, grad norm: 0.3764
[iter 2300]loss: 3.7979, tokens/sec: 69520.68 ± 1427.00, tokens seen: 301465600, grad norm: 0.3835
[iter 2310]loss: 3.7676, tokens/sec: 69520.81 ± 1423.91, tokens seen: 302776320, grad norm: 0.3987
[iter 2320]loss: 3.6390, tokens/sec: 69520.92 ± 1420.84, tokens seen: 304087040, grad norm: 0.3533
[iter 2330]loss: 3.6194, tokens/sec: 69521.00 ± 1417.80, tokens seen: 305397760, grad norm: 0.3593
[iter 2340]loss: 3.6707, tokens/sec: 69521.08 ± 1414.77, tokens seen: 306708480, grad norm: 0.3848
[iter 2350]loss: 3.7317, tokens/sec: 69521.24 ± 1411.76, tokens seen: 308019200, grad norm: 0.4303
[iter 2360]loss: 3.7002, tokens/sec: 69521.37 ± 1408.77, tokens seen: 309329920, grad norm: 0.4442
[iter 2370]loss: 3.5916, tokens/sec: 69521.54 ± 1405.80, tokens seen: 310640640, grad norm: 0.3993
[iter 2380]loss: 3.7868, tokens/sec: 69521.70 ± 1402.85, tokens seen: 311951360, grad norm: 0.4715
[iter 2390]loss: 3.6833, tokens/sec: 69521.70 ± 1399.91, tokens seen: 313262080, grad norm: 0.3553
[iter 2400]loss: 3.7425, tokens/sec: 69521.73 ± 1397.00, tokens seen: 314572800, grad norm: 0.4272
[iter 2410]loss: 3.7353, tokens/sec: 69521.77 ± 1394.10, tokens seen: 315883520, grad norm: 0.5263
[iter 2420]loss: 3.7667, tokens/sec: 69521.82 ± 1391.22, tokens seen: 317194240, grad norm: 0.3438
[iter 2430]loss: 3.7902, tokens/sec: 69521.87 ± 1388.36, tokens seen: 318504960, grad norm: 0.3819
[iter 2440]loss: 3.6687, tokens/sec: 69522.00 ± 1385.52, tokens seen: 319815680, grad norm: 0.3612
[iter 2450]loss: 3.7875, tokens/sec: 69522.01 ± 1382.70, tokens seen: 321126400, grad norm: 0.5609
[iter 2460]loss: 3.8150, tokens/sec: 69522.08 ± 1379.88, tokens seen: 322437120, grad norm: 0.4094
[iter 2470]loss: 3.6904, tokens/sec: 69522.18 ± 1377.09, tokens seen: 323747840, grad norm: 0.4146
[iter 2480]loss: 3.4353, tokens/sec: 69522.22 ± 1374.32, tokens seen: 325058560, grad norm: 0.5077
[iter 2490]loss: 3.6820, tokens/sec: 69522.40 ± 1371.56, tokens seen: 326369280, grad norm: 0.3763
[step 2500]train loss: 3.7018, val loss: 3.6956, (avg train loss: 0.9262 ± 0.0246), (avg grad norm: 0.4048 ± 0.0501)
saving checkpoint to ./out-owt-medium-mhc-group-lora-midnorm-inbeta-bs16-10000step
[iter 2500]loss: 3.6169, tokens/sec: 69522.52 ± 1368.82, tokens seen: 327680000, grad norm: 0.3626
[iter 2510]loss: 3.7503, tokens/sec: 69522.81 ± 1366.10, tokens seen: 328990720, grad norm: 0.3533
[iter 2520]loss: 3.6961, tokens/sec: 69523.02 ± 1363.39, tokens seen: 330301440, grad norm: 0.3633
[iter 2530]loss: 3.5051, tokens/sec: 69523.10 ± 1360.70, tokens seen: 331612160, grad norm: 0.3466
[iter 2540]loss: 3.7181, tokens/sec: 69523.26 ± 1358.02, tokens seen: 332922880, grad norm: 0.3768
[iter 2550]loss: 3.6322, tokens/sec: 69523.46 ± 1355.37, tokens seen: 334233600, grad norm: 0.4294
[iter 2560]loss: 3.6124, tokens/sec: 69523.64 ± 1352.72, tokens seen: 335544320, grad norm: 0.3730
[iter 2570]loss: 3.7148, tokens/sec: 69523.82 ± 1350.09, tokens seen: 336855040, grad norm: 0.3434
[iter 2580]loss: 3.7221, tokens/sec: 69523.85 ± 1347.47, tokens seen: 338165760, grad norm: 0.3922
[iter 2590]loss: 3.6034, tokens/sec: 69523.89 ± 1344.88, tokens seen: 339476480, grad norm: 0.3684
[iter 2600]loss: 3.6680, tokens/sec: 69524.04 ± 1342.30, tokens seen: 340787200, grad norm: 0.3842
[iter 2610]loss: 3.7365, tokens/sec: 69524.10 ± 1339.73, tokens seen: 342097920, grad norm: 0.3832
[iter 2620]loss: 3.6773, tokens/sec: 69524.08 ± 1337.17, tokens seen: 343408640, grad norm: 0.4189
[iter 2630]loss: 3.7187, tokens/sec: 69523.96 ± 1334.63, tokens seen: 344719360, grad norm: 0.3373
[iter 2640]loss: 3.7265, tokens/sec: 69524.07 ± 1332.11, tokens seen: 346030080, grad norm: 0.3840
[iter 2650]loss: 3.5990, tokens/sec: 69524.14 ± 1329.59, tokens seen: 347340800, grad norm: 0.3722
[iter 2660]loss: 3.4177, tokens/sec: 69524.20 ± 1327.10, tokens seen: 348651520, grad norm: 0.3311
[iter 2670]loss: 3.6088, tokens/sec: 69524.19 ± 1324.61, tokens seen: 349962240, grad norm: 0.3877
[iter 2680]loss: 3.5190, tokens/sec: 69524.21 ± 1322.14, tokens seen: 351272960, grad norm: 0.3490
[iter 2690]loss: 3.4320, tokens/sec: 69524.28 ± 1319.68, tokens seen: 352583680, grad norm: 0.3781
[iter 2700]loss: 3.4797, tokens/sec: 69524.31 ± 1317.24, tokens seen: 353894400, grad norm: 0.4067
[iter 2710]loss: 3.6760, tokens/sec: 69524.34 ± 1314.82, tokens seen: 355205120, grad norm: 0.3477
[iter 2720]loss: 3.6520, tokens/sec: 69524.34 ± 1312.40, tokens seen: 356515840, grad norm: 0.3555
[iter 2730]loss: 3.7120, tokens/sec: 69524.34 ± 1310.01, tokens seen: 357826560, grad norm: 0.3797
[iter 2740]loss: 3.4816, tokens/sec: 69524.35 ± 1307.62, tokens seen: 359137280, grad norm: 0.3437
[iter 2750]loss: 3.6729, tokens/sec: 69524.45 ± 1305.24, tokens seen: 360448000, grad norm: 0.3759
[iter 2760]loss: 3.6608, tokens/sec: 69524.49 ± 1302.88, tokens seen: 361758720, grad norm: 0.4267
[iter 2770]loss: 3.6067, tokens/sec: 69524.57 ± 1300.53, tokens seen: 363069440, grad norm: 0.4412
[iter 2780]loss: 3.7639, tokens/sec: 69524.72 ± 1298.19, tokens seen: 364380160, grad norm: 0.4336
[iter 2790]loss: 3.6709, tokens/sec: 69524.85 ± 1295.87, tokens seen: 365690880, grad norm: 0.4269
[iter 2800]loss: 3.7531, tokens/sec: 69525.03 ± 1293.56, tokens seen: 367001600, grad norm: 0.3578
[iter 2810]loss: 3.6281, tokens/sec: 69525.10 ± 1291.26, tokens seen: 368312320, grad norm: 0.3887
[iter 2820]loss: 3.6052, tokens/sec: 69525.19 ± 1288.97, tokens seen: 369623040, grad norm: 0.3666
[iter 2830]loss: 3.6230, tokens/sec: 69525.26 ± 1286.69, tokens seen: 370933760, grad norm: 0.4058
[iter 2840]loss: 3.5757, tokens/sec: 69525.20 ± 1284.44, tokens seen: 372244480, grad norm: 0.3894
[iter 2850]loss: 3.5851, tokens/sec: 69525.23 ± 1282.18, tokens seen: 373555200, grad norm: 0.4364
[iter 2860]loss: 3.5396, tokens/sec: 69525.26 ± 1279.94, tokens seen: 374865920, grad norm: 0.3705
[iter 2870]loss: 3.6762, tokens/sec: 69525.27 ± 1277.71, tokens seen: 376176640, grad norm: 0.3586
[iter 2880]loss: 3.8519, tokens/sec: 69525.27 ± 1275.50, tokens seen: 377487360, grad norm: 0.3947
[iter 2890]loss: 3.3927, tokens/sec: 69525.44 ± 1273.29, tokens seen: 378798080, grad norm: 0.4518
[iter 2900]loss: 3.4914, tokens/sec: 69525.51 ± 1271.10, tokens seen: 380108800, grad norm: 0.3810
[iter 2910]loss: 3.6433, tokens/sec: 69525.49 ± 1268.92, tokens seen: 381419520, grad norm: 0.3757
[iter 2920]loss: 3.6611, tokens/sec: 69525.63 ± 1266.75, tokens seen: 382730240, grad norm: 0.3543
[iter 2930]loss: 3.6266, tokens/sec: 69525.72 ± 1264.59, tokens seen: 384040960, grad norm: 0.3787
[iter 2940]loss: 3.6449, tokens/sec: 69525.84 ± 1262.44, tokens seen: 385351680, grad norm: 0.3826
[iter 2950]loss: 3.6223, tokens/sec: 69525.92 ± 1260.30, tokens seen: 386662400, grad norm: 0.3832
[iter 2960]loss: 3.7734, tokens/sec: 69526.02 ± 1258.17, tokens seen: 387973120, grad norm: 0.4056
[iter 2970]loss: 3.5879, tokens/sec: 69526.13 ± 1256.06, tokens seen: 389283840, grad norm: 0.3690
[iter 2980]loss: 3.6115, tokens/sec: 69526.22 ± 1253.95, tokens seen: 390594560, grad norm: 0.3522
[iter 2990]loss: 3.7213, tokens/sec: 69526.29 ± 1251.86, tokens seen: 391905280, grad norm: 0.4053
[step 3000]train loss: 3.6240, val loss: 3.6346, (avg train loss: 0.9070 ± 0.0250), (avg grad norm: 0.3891 ± 0.0309)
saving checkpoint to ./out-owt-medium-mhc-group-lora-midnorm-inbeta-bs16-10000step
[iter 3000]loss: 3.7817, tokens/sec: 69526.41 ± 1249.77, tokens seen: 393216000, grad norm: 0.4473
[iter 3010]loss: 3.6161, tokens/sec: 69526.60 ± 1247.71, tokens seen: 394526720, grad norm: 0.3779
[iter 3020]loss: 3.5620, tokens/sec: 69526.61 ± 1245.64, tokens seen: 395837440, grad norm: 0.3925
[iter 3030]loss: 3.5579, tokens/sec: 69526.56 ± 1243.60, tokens seen: 397148160, grad norm: 0.4366
[iter 3040]loss: 3.6702, tokens/sec: 69526.69 ± 1241.55, tokens seen: 398458880, grad norm: 0.4650
[iter 3050]loss: 3.7317, tokens/sec: 69526.80 ± 1239.52, tokens seen: 399769600, grad norm: 0.3701
[iter 3060]loss: 3.6232, tokens/sec: 69526.89 ± 1237.50, tokens seen: 401080320, grad norm: 0.3628
[iter 3070]loss: 3.7007, tokens/sec: 69526.97 ± 1235.48, tokens seen: 402391040, grad norm: 0.4197
[iter 3080]loss: 3.7400, tokens/sec: 69527.09 ± 1233.48, tokens seen: 403701760, grad norm: 0.3895
[iter 3090]loss: 3.4267, tokens/sec: 69527.07 ± 1231.48, tokens seen: 405012480, grad norm: 0.4372
[iter 3100]loss: 3.6341, tokens/sec: 69527.15 ± 1229.50, tokens seen: 406323200, grad norm: 0.4524
[iter 3110]loss: 3.7603, tokens/sec: 69527.24 ± 1227.52, tokens seen: 407633920, grad norm: 0.3930
[iter 3120]loss: 3.5538, tokens/sec: 69527.35 ± 1225.56, tokens seen: 408944640, grad norm: 0.3846
[iter 3130]loss: 3.8463, tokens/sec: 69527.40 ± 1223.61, tokens seen: 410255360, grad norm: 0.3725
[iter 3140]loss: 3.4661, tokens/sec: 69527.41 ± 1221.66, tokens seen: 411566080, grad norm: 0.3695
[iter 3150]loss: 3.5849, tokens/sec: 69527.45 ± 1219.72, tokens seen: 412876800, grad norm: 0.3781
[iter 3160]loss: 3.4378, tokens/sec: 69527.44 ± 1217.79, tokens seen: 414187520, grad norm: 0.3472
[iter 3170]loss: 3.6132, tokens/sec: 69527.56 ± 1215.87, tokens seen: 415498240, grad norm: 0.3906
[iter 3180]loss: 3.8185, tokens/sec: 69527.64 ± 1213.96, tokens seen: 416808960, grad norm: 0.3689
[iter 3190]loss: 3.5855, tokens/sec: 69527.65 ± 1212.06, tokens seen: 418119680, grad norm: 0.3711
[iter 3200]loss: 3.5575, tokens/sec: 69527.71 ± 1210.17, tokens seen: 419430400, grad norm: 0.3756
[iter 3210]loss: 3.7042, tokens/sec: 69527.83 ± 1208.29, tokens seen: 420741120, grad norm: 0.3574
[iter 3220]loss: 3.8602, tokens/sec: 69527.92 ± 1206.41, tokens seen: 422051840, grad norm: 0.4856
[iter 3230]loss: 3.4059, tokens/sec: 69528.01 ± 1204.55, tokens seen: 423362560, grad norm: 0.4069
[iter 3240]loss: 3.5644, tokens/sec: 69528.03 ± 1202.69, tokens seen: 424673280, grad norm: 0.4017
[iter 3250]loss: 3.7490, tokens/sec: 69528.06 ± 1200.84, tokens seen: 425984000, grad norm: 0.3978
[iter 3260]loss: 3.6042, tokens/sec: 69528.01 ± 1199.00, tokens seen: 427294720, grad norm: 0.3679
[iter 3270]loss: 3.5968, tokens/sec: 69528.04 ± 1197.17, tokens seen: 428605440, grad norm: 0.3843
[iter 3280]loss: 3.6478, tokens/sec: 69528.04 ± 1195.34, tokens seen: 429916160, grad norm: 0.3750
[iter 3290]loss: 3.7897, tokens/sec: 69528.11 ± 1193.53, tokens seen: 431226880, grad norm: 0.3780
[iter 3300]loss: 3.6343, tokens/sec: 69528.19 ± 1191.72, tokens seen: 432537600, grad norm: 0.3617
[iter 3310]loss: 3.5579, tokens/sec: 69528.26 ± 1189.92, tokens seen: 433848320, grad norm: 0.3516
[iter 3320]loss: 3.6432, tokens/sec: 69528.32 ± 1188.13, tokens seen: 435159040, grad norm: 0.3425
[iter 3330]loss: 3.4928, tokens/sec: 69528.32 ± 1186.35, tokens seen: 436469760, grad norm: 0.3900
[iter 3340]loss: 3.6583, tokens/sec: 69528.42 ± 1184.57, tokens seen: 437780480, grad norm: 0.4040
[iter 3350]loss: 3.4940, tokens/sec: 69528.43 ± 1182.80, tokens seen: 439091200, grad norm: 0.3702
[iter 3360]loss: 3.6675, tokens/sec: 69528.51 ± 1181.05, tokens seen: 440401920, grad norm: 0.3964
[iter 3370]loss: 3.4439, tokens/sec: 69528.56 ± 1179.29, tokens seen: 441712640, grad norm: 0.3724
[iter 3380]loss: 3.5082, tokens/sec: 69528.65 ± 1177.55, tokens seen: 443023360, grad norm: 0.4072
[iter 3390]loss: 3.7505, tokens/sec: 69528.74 ± 1175.82, tokens seen: 444334080, grad norm: 0.3551
[iter 3400]loss: 3.7135, tokens/sec: 69528.80 ± 1174.09, tokens seen: 445644800, grad norm: 0.4029
[iter 3410]loss: 3.5680, tokens/sec: 69528.92 ± 1172.37, tokens seen: 446955520, grad norm: 0.3817
[iter 3420]loss: 3.5061, tokens/sec: 69528.97 ± 1170.66, tokens seen: 448266240, grad norm: 0.4293
[iter 3430]loss: 3.5716, tokens/sec: 69528.96 ± 1168.95, tokens seen: 449576960, grad norm: 0.3601
[iter 3440]loss: 3.5390, tokens/sec: 69528.92 ± 1167.26, tokens seen: 450887680, grad norm: 0.3811
[iter 3450]loss: 3.6349, tokens/sec: 69528.94 ± 1165.57, tokens seen: 452198400, grad norm: 0.3407
[iter 3460]loss: 3.5402, tokens/sec: 69529.02 ± 1163.88, tokens seen: 453509120, grad norm: 0.3550
[iter 3470]loss: 3.5496, tokens/sec: 69529.10 ± 1162.21, tokens seen: 454819840, grad norm: 0.3325
[iter 3480]loss: 3.5655, tokens/sec: 69529.16 ± 1160.54, tokens seen: 456130560, grad norm: 0.4802
[iter 3490]loss: 3.4459, tokens/sec: 69529.18 ± 1158.88, tokens seen: 457441280, grad norm: 0.3645
[step 3500]train loss: 3.5721, val loss: 3.5595, (avg train loss: 0.8943 ± 0.0259), (avg grad norm: 0.3841 ± 0.0369)
saving checkpoint to ./out-owt-medium-mhc-group-lora-midnorm-inbeta-bs16-10000step
[iter 3500]loss: 3.5551, tokens/sec: 69529.26 ± 1157.22, tokens seen: 458752000, grad norm: 0.3596
[iter 3510]loss: 3.6031, tokens/sec: 69529.41 ± 1155.58, tokens seen: 460062720, grad norm: 0.4240
[iter 3520]loss: 3.1741, tokens/sec: 69529.56 ± 1153.95, tokens seen: 461373440, grad norm: 0.3809
[iter 3530]loss: 3.6813, tokens/sec: 69529.69 ± 1152.31, tokens seen: 462684160, grad norm: 0.3481
[iter 3540]loss: 3.4714, tokens/sec: 69529.77 ± 1150.69, tokens seen: 463994880, grad norm: 0.3889
[iter 3550]loss: 3.6908, tokens/sec: 69529.91 ± 1149.07, tokens seen: 465305600, grad norm: 0.3632
[iter 3560]loss: 3.4452, tokens/sec: 69530.00 ± 1147.46, tokens seen: 466616320, grad norm: 0.3380
[iter 3570]loss: 3.4991, tokens/sec: 69529.97 ± 1145.85, tokens seen: 467927040, grad norm: 0.3775
[iter 3580]loss: 3.5326, tokens/sec: 69529.85 ± 1144.26, tokens seen: 469237760, grad norm: 0.3835
[iter 3590]loss: 3.5583, tokens/sec: 69529.89 ± 1142.67, tokens seen: 470548480, grad norm: 0.4065
[iter 3600]loss: 3.5092, tokens/sec: 69529.91 ± 1141.08, tokens seen: 471859200, grad norm: 0.3886
[iter 3610]loss: 3.4390, tokens/sec: 69529.90 ± 1139.50, tokens seen: 473169920, grad norm: 0.3552
[iter 3620]loss: 3.4730, tokens/sec: 69529.91 ± 1137.93, tokens seen: 474480640, grad norm: 0.3608
[iter 3630]loss: 3.3705, tokens/sec: 69529.89 ± 1136.37, tokens seen: 475791360, grad norm: 0.3624
[iter 3640]loss: 3.2883, tokens/sec: 69529.85 ± 1134.81, tokens seen: 477102080, grad norm: 0.3700
[iter 3650]loss: 3.5330, tokens/sec: 69529.80 ± 1133.25, tokens seen: 478412800, grad norm: 0.3715
[iter 3660]loss: 3.6502, tokens/sec: 69529.76 ± 1131.71, tokens seen: 479723520, grad norm: 0.3757
[iter 3670]loss: 3.5615, tokens/sec: 69529.74 ± 1130.17, tokens seen: 481034240, grad norm: 0.4247
[iter 3680]loss: 3.5490, tokens/sec: 69529.74 ± 1128.63, tokens seen: 482344960, grad norm: 0.3986
[iter 3690]loss: 3.5167, tokens/sec: 69529.75 ± 1127.10, tokens seen: 483655680, grad norm: 0.4243
[iter 3700]loss: 3.4984, tokens/sec: 69529.83 ± 1125.58, tokens seen: 484966400, grad norm: 0.3864
[iter 3710]loss: 3.4917, tokens/sec: 69529.87 ± 1124.07, tokens seen: 486277120, grad norm: 0.3805
[iter 3720]loss: 3.3944, tokens/sec: 69529.86 ± 1122.56, tokens seen: 487587840, grad norm: 0.3663
[iter 3730]loss: 3.4856, tokens/sec: 69529.91 ± 1121.05, tokens seen: 488898560, grad norm: 0.3768
[iter 3740]loss: 3.4825, tokens/sec: 69529.96 ± 1119.56, tokens seen: 490209280, grad norm: 0.3639
[iter 3750]loss: 3.4609, tokens/sec: 69530.00 ± 1118.06, tokens seen: 491520000, grad norm: 0.4389
[iter 3760]loss: 3.7933, tokens/sec: 69529.94 ± 1116.58, tokens seen: 492830720, grad norm: 0.3584
[iter 3770]loss: 3.6034, tokens/sec: 69529.95 ± 1115.10, tokens seen: 494141440, grad norm: 0.4178
[iter 3780]loss: 3.6155, tokens/sec: 69529.93 ± 1113.63, tokens seen: 495452160, grad norm: 0.3688
[iter 3790]loss: 3.6718, tokens/sec: 69529.96 ± 1112.16, tokens seen: 496762880, grad norm: 0.4315
[iter 3800]loss: 3.6445, tokens/sec: 69529.97 ± 1110.69, tokens seen: 498073600, grad norm: 0.4441
[iter 3810]loss: 3.6255, tokens/sec: 69529.98 ± 1109.24, tokens seen: 499384320, grad norm: 0.4257
[iter 3820]loss: 3.4728, tokens/sec: 69529.92 ± 1107.79, tokens seen: 500695040, grad norm: 0.3764
[iter 3830]loss: 3.4083, tokens/sec: 69529.97 ± 1106.34, tokens seen: 502005760, grad norm: 0.3668
[iter 3840]loss: 3.5750, tokens/sec: 69530.01 ± 1104.90, tokens seen: 503316480, grad norm: 0.4270
[iter 3850]loss: 3.6276, tokens/sec: 69530.04 ± 1103.47, tokens seen: 504627200, grad norm: 0.4085
[iter 3860]loss: 3.4948, tokens/sec: 69530.07 ± 1102.04, tokens seen: 505937920, grad norm: 0.4183
[iter 3870]loss: 3.3481, tokens/sec: 69530.08 ± 1100.62, tokens seen: 507248640, grad norm: 0.4038
[iter 3880]loss: 3.3591, tokens/sec: 69530.16 ± 1099.20, tokens seen: 508559360, grad norm: 0.4106
[iter 3890]loss: 3.6760, tokens/sec: 69530.22 ± 1097.79, tokens seen: 509870080, grad norm: 0.4137
[iter 3900]loss: 3.5924, tokens/sec: 69530.29 ± 1096.38, tokens seen: 511180800, grad norm: 0.3813
[iter 3910]loss: 3.5725, tokens/sec: 69530.28 ± 1094.98, tokens seen: 512491520, grad norm: 0.4355
[iter 3920]loss: 3.7189, tokens/sec: 69530.28 ± 1093.59, tokens seen: 513802240, grad norm: 0.3930
[iter 3930]loss: 3.5633, tokens/sec: 69530.33 ± 1092.20, tokens seen: 515112960, grad norm: 0.3978
[iter 3940]loss: 3.5602, tokens/sec: 69530.33 ± 1090.81, tokens seen: 516423680, grad norm: 0.3537
[iter 3950]loss: 3.4593, tokens/sec: 69530.34 ± 1089.44, tokens seen: 517734400, grad norm: 0.3840
[iter 3960]loss: 3.6122, tokens/sec: 69530.35 ± 1088.06, tokens seen: 519045120, grad norm: 0.3792
[iter 3970]loss: 3.4885, tokens/sec: 69530.44 ± 1086.69, tokens seen: 520355840, grad norm: 0.4126
[iter 3980]loss: 3.6265, tokens/sec: 69530.49 ± 1085.33, tokens seen: 521666560, grad norm: 0.3586
[iter 3990]loss: 3.4577, tokens/sec: 69530.54 ± 1083.97, tokens seen: 522977280, grad norm: 0.3776
[step 4000]train loss: 3.5312, val loss: 3.5249, (avg train loss: 0.8801 ± 0.0247), (avg grad norm: 0.3968 ± 0.0586)
saving checkpoint to ./out-owt-medium-mhc-group-lora-midnorm-inbeta-bs16-10000step
[iter 4000]loss: 3.5353, tokens/sec: 69530.55 ± 1082.62, tokens seen: 524288000, grad norm: 0.3649
[iter 4010]loss: 3.3648, tokens/sec: 69530.72 ± 1081.27, tokens seen: 525598720, grad norm: 0.3719
[iter 4020]loss: 3.4906, tokens/sec: 69530.85 ± 1079.93, tokens seen: 526909440, grad norm: 0.3918
[iter 4030]loss: 3.4096, tokens/sec: 69530.92 ± 1078.60, tokens seen: 528220160, grad norm: 0.3886
[iter 4040]loss: 3.6090, tokens/sec: 69531.04 ± 1077.26, tokens seen: 529530880, grad norm: 0.3908
[iter 4050]loss: 3.4917, tokens/sec: 69531.12 ± 1075.93, tokens seen: 530841600, grad norm: 0.3372
[iter 4060]loss: 3.7388, tokens/sec: 69531.22 ± 1074.61, tokens seen: 532152320, grad norm: 0.3577
[iter 4070]loss: 3.4665, tokens/sec: 69531.27 ± 1073.29, tokens seen: 533463040, grad norm: 0.3778
[iter 4080]loss: 3.3209, tokens/sec: 69531.35 ± 1071.98, tokens seen: 534773760, grad norm: 0.3749
[iter 4090]loss: 3.1852, tokens/sec: 69531.40 ± 1070.67, tokens seen: 536084480, grad norm: 0.4781
[iter 4100]loss: 3.6328, tokens/sec: 69531.45 ± 1069.37, tokens seen: 537395200, grad norm: 0.4117
[iter 4110]loss: 3.5369, tokens/sec: 69531.47 ± 1068.07, tokens seen: 538705920, grad norm: 0.3479
[iter 4120]loss: 3.4391, tokens/sec: 69531.51 ± 1066.77, tokens seen: 540016640, grad norm: 0.3770
[iter 4130]loss: 3.2029, tokens/sec: 69531.62 ± 1065.48, tokens seen: 541327360, grad norm: 0.3716
[iter 4140]loss: 3.3330, tokens/sec: 69531.69 ± 1064.20, tokens seen: 542638080, grad norm: 0.3969
[iter 4150]loss: 3.3632, tokens/sec: 69531.72 ± 1062.92, tokens seen: 543948800, grad norm: 0.3523
[iter 4160]loss: 3.6718, tokens/sec: 69531.77 ± 1061.64, tokens seen: 545259520, grad norm: 0.3980
[iter 4170]loss: 3.3521, tokens/sec: 69531.80 ± 1060.37, tokens seen: 546570240, grad norm: 0.3652
[iter 4180]loss: 3.3928, tokens/sec: 69531.85 ± 1059.10, tokens seen: 547880960, grad norm: 0.3676
[iter 4190]loss: 3.4063, tokens/sec: 69531.85 ± 1057.84, tokens seen: 549191680, grad norm: 0.3616
[iter 4200]loss: 3.3968, tokens/sec: 69531.87 ± 1056.58, tokens seen: 550502400, grad norm: 0.4014
[iter 4210]loss: 3.6499, tokens/sec: 69531.92 ± 1055.33, tokens seen: 551813120, grad norm: 0.3674
[iter 4220]loss: 3.4694, tokens/sec: 69531.96 ± 1054.08, tokens seen: 553123840, grad norm: 0.3804
[iter 4230]loss: 3.4399, tokens/sec: 69531.98 ± 1052.83, tokens seen: 554434560, grad norm: 0.3866
[iter 4240]loss: 3.4241, tokens/sec: 69532.04 ± 1051.59, tokens seen: 555745280, grad norm: 0.3702
[iter 4250]loss: 3.5844, tokens/sec: 69532.07 ± 1050.36, tokens seen: 557056000, grad norm: 0.3961
[iter 4260]loss: 3.5118, tokens/sec: 69532.13 ± 1049.12, tokens seen: 558366720, grad norm: 0.4292
[iter 4270]loss: 3.4867, tokens/sec: 69532.20 ± 1047.90, tokens seen: 559677440, grad norm: 0.4206
[iter 4280]loss: 3.6357, tokens/sec: 69532.28 ± 1046.67, tokens seen: 560988160, grad norm: 0.3636
[iter 4290]loss: 3.4510, tokens/sec: 69532.32 ± 1045.46, tokens seen: 562298880, grad norm: 0.3967
[iter 4300]loss: 3.6745, tokens/sec: 69532.39 ± 1044.24, tokens seen: 563609600, grad norm: 0.3563
[iter 4310]loss: 3.5058, tokens/sec: 69532.45 ± 1043.03, tokens seen: 564920320, grad norm: 0.4139
[iter 4320]loss: 3.4615, tokens/sec: 69532.57 ± 1041.83, tokens seen: 566231040, grad norm: 0.4433
[iter 4330]loss: 3.5507, tokens/sec: 69532.60 ± 1040.62, tokens seen: 567541760, grad norm: 0.3970
[iter 4340]loss: 3.5345, tokens/sec: 69532.67 ± 1039.43, tokens seen: 568852480, grad norm: 0.5582
[iter 4350]loss: 3.5353, tokens/sec: 69532.70 ± 1038.23, tokens seen: 570163200, grad norm: 0.4166
[iter 4360]loss: 3.4023, tokens/sec: 69532.72 ± 1037.04, tokens seen: 571473920, grad norm: 0.3880
[iter 4370]loss: 3.5372, tokens/sec: 69532.79 ± 1035.86, tokens seen: 572784640, grad norm: 0.3612
[iter 4380]loss: 3.4922, tokens/sec: 69532.81 ± 1034.68, tokens seen: 574095360, grad norm: 0.4034
[iter 4390]loss: 3.3491, tokens/sec: 69532.83 ± 1033.50, tokens seen: 575406080, grad norm: 0.4890
[iter 4400]loss: 3.2213, tokens/sec: 69532.89 ± 1032.33, tokens seen: 576716800, grad norm: 0.4199
[iter 4410]loss: 3.4767, tokens/sec: 69532.84 ± 1031.16, tokens seen: 578027520, grad norm: 0.3977
[iter 4420]loss: 3.5874, tokens/sec: 69532.76 ± 1030.00, tokens seen: 579338240, grad norm: 0.3711
[iter 4430]loss: 3.4187, tokens/sec: 69532.73 ± 1028.84, tokens seen: 580648960, grad norm: 0.3713
[iter 4440]loss: 3.4137, tokens/sec: 69532.72 ± 1027.69, tokens seen: 581959680, grad norm: 0.3764
[iter 4450]loss: 3.5935, tokens/sec: 69532.66 ± 1026.53, tokens seen: 583270400, grad norm: 0.4229
[iter 4460]loss: 3.4269, tokens/sec: 69532.65 ± 1025.38, tokens seen: 584581120, grad norm: 0.3947
[iter 4470]loss: 3.4028, tokens/sec: 69532.65 ± 1024.24, tokens seen: 585891840, grad norm: 0.4331
[iter 4480]loss: 3.4638, tokens/sec: 69532.68 ± 1023.10, tokens seen: 587202560, grad norm: 0.3969
[iter 4490]loss: 3.2271, tokens/sec: 69532.68 ± 1021.96, tokens seen: 588513280, grad norm: 0.4338
[step 4500]train loss: 3.4760, val loss: 3.4855, (avg train loss: 0.8703 ± 0.0263), (avg grad norm: 0.3998 ± 0.0350)
saving checkpoint to ./out-owt-medium-mhc-group-lora-midnorm-inbeta-bs16-10000step
[iter 4500]loss: 3.4780, tokens/sec: 69532.66 ± 1020.82, tokens seen: 589824000, grad norm: 0.3927
[iter 4510]loss: 3.4223, tokens/sec: 69532.62 ± 1019.70, tokens seen: 591134720, grad norm: 0.4408
[iter 4520]loss: 3.6670, tokens/sec: 69532.68 ± 1018.58, tokens seen: 592445440, grad norm: 0.3858
[iter 4530]loss: 3.4313, tokens/sec: 69532.83 ± 1017.46, tokens seen: 593756160, grad norm: 0.4116
[iter 4540]loss: 3.3706, tokens/sec: 69532.86 ± 1016.34, tokens seen: 595066880, grad norm: 0.3973
[iter 4550]loss: 3.3974, tokens/sec: 69532.95 ± 1015.22, tokens seen: 596377600, grad norm: 0.4453
[iter 4560]loss: 3.4728, tokens/sec: 69532.99 ± 1014.11, tokens seen: 597688320, grad norm: 0.4007
[iter 4570]loss: 3.5258, tokens/sec: 69532.95 ± 1013.01, tokens seen: 598999040, grad norm: 0.4332
[iter 4580]loss: 3.5545, tokens/sec: 69532.96 ± 1011.90, tokens seen: 600309760, grad norm: 0.3945
[iter 4590]loss: 3.5796, tokens/sec: 69532.97 ± 1010.80, tokens seen: 601620480, grad norm: 0.3973
[iter 4600]loss: 3.4731, tokens/sec: 69532.99 ± 1009.70, tokens seen: 602931200, grad norm: 0.3847
[iter 4610]loss: 3.6229, tokens/sec: 69532.98 ± 1008.61, tokens seen: 604241920, grad norm: 0.4221
[iter 4620]loss: 3.5226, tokens/sec: 69532.98 ± 1007.52, tokens seen: 605552640, grad norm: 0.4111
[iter 4630]loss: 3.5993, tokens/sec: 69532.99 ± 1006.43, tokens seen: 606863360, grad norm: 0.6089
[iter 4640]loss: 3.5280, tokens/sec: 69532.96 ± 1005.35, tokens seen: 608174080, grad norm: 0.4217
[iter 4650]loss: 3.5428, tokens/sec: 69532.97 ± 1004.27, tokens seen: 609484800, grad norm: 0.4107
[iter 4660]loss: 3.5674, tokens/sec: 69533.00 ± 1003.19, tokens seen: 610795520, grad norm: 0.3820
[iter 4670]loss: 3.3845, tokens/sec: 69532.97 ± 1002.12, tokens seen: 612106240, grad norm: 0.3995
[iter 4680]loss: 3.4320, tokens/sec: 69533.01 ± 1001.05, tokens seen: 613416960, grad norm: 0.3633
[iter 4690]loss: 3.6376, tokens/sec: 69533.12 ± 999.99, tokens seen: 614727680, grad norm: 0.4293
[iter 4700]loss: 3.4125, tokens/sec: 69533.20 ± 998.93, tokens seen: 616038400, grad norm: 0.4124
[iter 4710]loss: 3.4074, tokens/sec: 69533.18 ± 997.87, tokens seen: 617349120, grad norm: 0.4917
[iter 4720]loss: 3.4872, tokens/sec: 69533.18 ± 996.82, tokens seen: 618659840, grad norm: 0.4335
[iter 4730]loss: 3.3753, tokens/sec: 69533.20 ± 995.77, tokens seen: 619970560, grad norm: 0.3830
[iter 4740]loss: 3.4529, tokens/sec: 69533.24 ± 994.72, tokens seen: 621281280, grad norm: 0.4125
[iter 4750]loss: 3.4885, tokens/sec: 69533.27 ± 993.67, tokens seen: 622592000, grad norm: 0.4177
[iter 4760]loss: 3.3488, tokens/sec: 69533.24 ± 992.63, tokens seen: 623902720, grad norm: 0.3806
[iter 4770]loss: 3.5065, tokens/sec: 69533.19 ± 991.59, tokens seen: 625213440, grad norm: 0.4231
[iter 4780]loss: 3.5855, tokens/sec: 69533.19 ± 990.56, tokens seen: 626524160, grad norm: 0.3848
[iter 4790]loss: 3.4867, tokens/sec: 69533.22 ± 989.53, tokens seen: 627834880, grad norm: 0.4734
[iter 4800]loss: 3.5727, tokens/sec: 69533.23 ± 988.50, tokens seen: 629145600, grad norm: 0.3976
[iter 4810]loss: 3.4377, tokens/sec: 69533.32 ± 987.47, tokens seen: 630456320, grad norm: 0.3793
[iter 4820]loss: 3.4616, tokens/sec: 69533.35 ± 986.45, tokens seen: 631767040, grad norm: 0.3690
[iter 4830]loss: 3.3278, tokens/sec: 69533.40 ± 985.43, tokens seen: 633077760, grad norm: 0.4213
[iter 4840]loss: 3.4687, tokens/sec: 69533.42 ± 984.41, tokens seen: 634388480, grad norm: 0.4243
[iter 4850]loss: 3.4566, tokens/sec: 69533.45 ± 983.40, tokens seen: 635699200, grad norm: 0.3933
[iter 4860]loss: 3.4181, tokens/sec: 69533.51 ± 982.39, tokens seen: 637009920, grad norm: 0.4140
[iter 4870]loss: 3.4820, tokens/sec: 69533.49 ± 981.38, tokens seen: 638320640, grad norm: 0.4554
[iter 4880]loss: 3.4212, tokens/sec: 69533.44 ± 980.38, tokens seen: 639631360, grad norm: 0.4253
[iter 4890]loss: 3.4852, tokens/sec: 69533.52 ± 979.38, tokens seen: 640942080, grad norm: 0.3841
[iter 4900]loss: 3.3203, tokens/sec: 69533.57 ± 978.38, tokens seen: 642252800, grad norm: 0.3924
[iter 4910]loss: 3.4377, tokens/sec: 69533.60 ± 977.39, tokens seen: 643563520, grad norm: 0.4051
[iter 4920]loss: 3.4006, tokens/sec: 69533.61 ± 976.40, tokens seen: 644874240, grad norm: 0.3928
[iter 4930]loss: 3.5307, tokens/sec: 69533.65 ± 975.41, tokens seen: 646184960, grad norm: 0.4412
[iter 4940]loss: 3.4893, tokens/sec: 69533.66 ± 974.43, tokens seen: 647495680, grad norm: 0.3963
[iter 4950]loss: 3.3805, tokens/sec: 69533.69 ± 973.44, tokens seen: 648806400, grad norm: 0.4492
[iter 4960]loss: 3.4307, tokens/sec: 69533.69 ± 972.46, tokens seen: 650117120, grad norm: 0.4456
[iter 4970]loss: 3.4358, tokens/sec: 69533.74 ± 971.49, tokens seen: 651427840, grad norm: 0.3737
[iter 4980]loss: 3.5303, tokens/sec: 69533.78 ± 970.51, tokens seen: 652738560, grad norm: 0.4534
[iter 4990]loss: 3.3901, tokens/sec: 69533.79 ± 969.54, tokens seen: 654049280, grad norm: 0.3884
[step 5000]train loss: 3.4448, val loss: 3.4472, (avg train loss: 0.8618 ± 0.0234), (avg grad norm: 0.4197 ± 0.0356)
saving checkpoint to ./out-owt-medium-mhc-group-lora-midnorm-inbeta-bs16-10000step
[iter 5000]loss: 3.5232, tokens/sec: 69533.84 ± 968.57, tokens seen: 655360000, grad norm: 0.3984
[iter 5010]loss: 3.4747, tokens/sec: 69533.95 ± 967.61, tokens seen: 656670720, grad norm: 0.3722
[iter 5020]loss: 3.6095, tokens/sec: 69534.05 ± 966.65, tokens seen: 657981440, grad norm: 0.3816
[iter 5030]loss: 3.3345, tokens/sec: 69534.15 ± 965.69, tokens seen: 659292160, grad norm: 0.4071
[iter 5040]loss: 3.5014, tokens/sec: 69534.21 ± 964.73, tokens seen: 660602880, grad norm: 0.4247
[iter 5050]loss: 3.3951, tokens/sec: 69534.26 ± 963.78, tokens seen: 661913600, grad norm: 0.3830
[iter 5060]loss: 3.3644, tokens/sec: 69534.34 ± 962.83, tokens seen: 663224320, grad norm: 0.4155
[iter 5070]loss: 3.5159, tokens/sec: 69534.35 ± 961.88, tokens seen: 664535040, grad norm: 0.3842
[iter 5080]loss: 3.3124, tokens/sec: 69534.35 ± 960.94, tokens seen: 665845760, grad norm: 0.4333
[iter 5090]loss: 3.4044, tokens/sec: 69534.25 ± 960.00, tokens seen: 667156480, grad norm: 0.3886
[iter 5100]loss: 3.3317, tokens/sec: 69534.24 ± 959.06, tokens seen: 668467200, grad norm: 0.4183
[iter 5110]loss: 3.4239, tokens/sec: 69534.28 ± 958.12, tokens seen: 669777920, grad norm: 0.4482
[iter 5120]loss: 3.2830, tokens/sec: 69534.28 ± 957.19, tokens seen: 671088640, grad norm: 0.4087
[iter 5130]loss: 3.5209, tokens/sec: 69534.26 ± 956.26, tokens seen: 672399360, grad norm: 0.4374
[iter 5140]loss: 3.4509, tokens/sec: 69534.28 ± 955.33, tokens seen: 673710080, grad norm: 0.3991
[iter 5150]loss: 3.3352, tokens/sec: 69534.30 ± 954.41, tokens seen: 675020800, grad norm: 0.3737
[iter 5160]loss: 3.4658, tokens/sec: 69534.34 ± 953.49, tokens seen: 676331520, grad norm: 0.3954
[iter 5170]loss: 3.3974, tokens/sec: 69534.35 ± 952.57, tokens seen: 677642240, grad norm: 0.5387
[iter 5180]loss: 3.5483, tokens/sec: 69534.32 ± 951.66, tokens seen: 678952960, grad norm: 0.3968
[iter 5190]loss: 3.4437, tokens/sec: 69534.23 ± 950.75, tokens seen: 680263680, grad norm: 0.3679
[iter 5200]loss: 3.3645, tokens/sec: 69534.25 ± 949.84, tokens seen: 681574400, grad norm: 0.4807
[iter 5210]loss: 3.3492, tokens/sec: 69534.29 ± 948.93, tokens seen: 682885120, grad norm: 0.4055
[iter 5220]loss: 3.4697, tokens/sec: 69534.26 ± 948.02, tokens seen: 684195840, grad norm: 0.4361
[iter 5230]loss: 3.5620, tokens/sec: 69534.23 ± 947.12, tokens seen: 685506560, grad norm: 0.4267
[iter 5240]loss: 3.2251, tokens/sec: 69534.26 ± 946.22, tokens seen: 686817280, grad norm: 0.3834
[iter 5250]loss: 3.3482, tokens/sec: 69534.24 ± 945.32, tokens seen: 688128000, grad norm: 0.4135
[iter 5260]loss: 3.5856, tokens/sec: 69534.25 ± 944.42, tokens seen: 689438720, grad norm: 0.4221
[iter 5270]loss: 3.3679, tokens/sec: 69534.25 ± 943.53, tokens seen: 690749440, grad norm: 0.4183
[iter 5280]loss: 3.3456, tokens/sec: 69534.27 ± 942.64, tokens seen: 692060160, grad norm: 0.4194
[iter 5290]loss: 3.4641, tokens/sec: 69534.27 ± 941.75, tokens seen: 693370880, grad norm: 0.4300
[iter 5300]loss: 3.4190, tokens/sec: 69534.22 ± 940.86, tokens seen: 694681600, grad norm: 0.4035
[iter 5310]loss: 3.5104, tokens/sec: 69534.23 ± 939.98, tokens seen: 695992320, grad norm: 0.4117
[iter 5320]loss: 3.4494, tokens/sec: 69534.21 ± 939.09, tokens seen: 697303040, grad norm: 0.3752
[iter 5330]loss: 3.5723, tokens/sec: 69534.20 ± 938.22, tokens seen: 698613760, grad norm: 0.3844
[iter 5340]loss: 3.4350, tokens/sec: 69534.25 ± 937.34, tokens seen: 699924480, grad norm: 0.3982
[iter 5350]loss: 3.1583, tokens/sec: 69534.27 ± 936.47, tokens seen: 701235200, grad norm: 0.4419
[iter 5360]loss: 3.3354, tokens/sec: 69534.32 ± 935.59, tokens seen: 702545920, grad norm: 0.3782
[iter 5370]loss: 3.3418, tokens/sec: 69534.33 ± 934.72, tokens seen: 703856640, grad norm: 0.5071
[iter 5380]loss: 3.2524, tokens/sec: 69534.27 ± 933.86, tokens seen: 705167360, grad norm: 0.4224
[iter 5390]loss: 3.1709, tokens/sec: 69534.30 ± 932.99, tokens seen: 706478080, grad norm: 0.4599
[iter 5400]loss: 3.1367, tokens/sec: 69534.32 ± 932.13, tokens seen: 707788800, grad norm: 0.4730
[iter 5410]loss: 3.4428, tokens/sec: 69534.35 ± 931.27, tokens seen: 709099520, grad norm: 0.4328
[iter 5420]loss: 3.3456, tokens/sec: 69534.38 ± 930.42, tokens seen: 710410240, grad norm: 0.3726
[iter 5430]loss: 3.3769, tokens/sec: 69534.38 ± 929.56, tokens seen: 711720960, grad norm: 0.4138
[iter 5440]loss: 3.5954, tokens/sec: 69534.41 ± 928.71, tokens seen: 713031680, grad norm: 0.3941
[iter 5450]loss: 3.5224, tokens/sec: 69534.43 ± 927.86, tokens seen: 714342400, grad norm: 0.3793
[iter 5460]loss: 3.3285, tokens/sec: 69534.46 ± 927.01, tokens seen: 715653120, grad norm: 0.4587
[iter 5470]loss: 3.4560, tokens/sec: 69534.53 ± 926.17, tokens seen: 716963840, grad norm: 0.4618
[iter 5480]loss: 3.3072, tokens/sec: 69534.54 ± 925.32, tokens seen: 718274560, grad norm: 0.4125
[iter 5490]loss: 3.6005, tokens/sec: 69534.52 ± 924.48, tokens seen: 719585280, grad norm: 0.3850
[step 5500]train loss: 3.4086, val loss: 3.4266, (avg train loss: 0.8551 ± 0.0255), (avg grad norm: 0.4255 ± 0.0516)
saving checkpoint to ./out-owt-medium-mhc-group-lora-midnorm-inbeta-bs16-10000step
[iter 5500]loss: 3.3983, tokens/sec: 69534.54 ± 923.65, tokens seen: 720896000, grad norm: 0.3814
[iter 5510]loss: 3.4469, tokens/sec: 69534.60 ± 922.81, tokens seen: 722206720, grad norm: 0.4021
[iter 5520]loss: 3.5159, tokens/sec: 69534.66 ± 921.98, tokens seen: 723517440, grad norm: 0.4357
[iter 5530]loss: 3.3204, tokens/sec: 69534.71 ± 921.15, tokens seen: 724828160, grad norm: 0.3993
[iter 5540]loss: 2.9526, tokens/sec: 69534.76 ± 920.32, tokens seen: 726138880, grad norm: 0.4022
[iter 5550]loss: 3.4992, tokens/sec: 69534.84 ± 919.49, tokens seen: 727449600, grad norm: 0.4299
[iter 5560]loss: 3.6415, tokens/sec: 69534.90 ± 918.67, tokens seen: 728760320, grad norm: 0.3575
[iter 5570]loss: 3.5299, tokens/sec: 69534.92 ± 917.85, tokens seen: 730071040, grad norm: 0.4108
[iter 5580]loss: 3.4636, tokens/sec: 69534.96 ± 917.03, tokens seen: 731381760, grad norm: 0.5095
[iter 5590]loss: 3.4186, tokens/sec: 69534.97 ± 916.21, tokens seen: 732692480, grad norm: 0.4248
[iter 5600]loss: 3.4196, tokens/sec: 69535.04 ± 915.39, tokens seen: 734003200, grad norm: 0.3779
[iter 5610]loss: 3.4323, tokens/sec: 69535.05 ± 914.58, tokens seen: 735313920, grad norm: 0.4632
[iter 5620]loss: 3.4442, tokens/sec: 69535.08 ± 913.76, tokens seen: 736624640, grad norm: 0.4184
[iter 5630]loss: 3.4735, tokens/sec: 69535.12 ± 912.95, tokens seen: 737935360, grad norm: 0.4279
[iter 5640]loss: 3.4221, tokens/sec: 69535.12 ± 912.14, tokens seen: 739246080, grad norm: 0.4289
[iter 5650]loss: 3.4916, tokens/sec: 69535.09 ± 911.34, tokens seen: 740556800, grad norm: 0.4404
[iter 5660]loss: 3.4773, tokens/sec: 69535.07 ± 910.53, tokens seen: 741867520, grad norm: 0.3835
[iter 5670]loss: 3.4337, tokens/sec: 69535.08 ± 909.73, tokens seen: 743178240, grad norm: 0.4033
[iter 5680]loss: 3.3688, tokens/sec: 69535.10 ± 908.93, tokens seen: 744488960, grad norm: 0.4775
[iter 5690]loss: 3.4734, tokens/sec: 69535.14 ± 908.14, tokens seen: 745799680, grad norm: 0.3938
[iter 5700]loss: 3.5204, tokens/sec: 69535.14 ± 907.34, tokens seen: 747110400, grad norm: 0.4462
[iter 5710]loss: 3.5494, tokens/sec: 69535.15 ± 906.55, tokens seen: 748421120, grad norm: 0.4716
[iter 5720]loss: 3.4302, tokens/sec: 69535.13 ± 905.76, tokens seen: 749731840, grad norm: 0.3736
[iter 5730]loss: 3.4134, tokens/sec: 69535.13 ± 904.97, tokens seen: 751042560, grad norm: 0.4367
[iter 5740]loss: 3.4058, tokens/sec: 69535.08 ± 904.19, tokens seen: 752353280, grad norm: 0.4799
[iter 5750]loss: 3.4163, tokens/sec: 69535.09 ± 903.40, tokens seen: 753664000, grad norm: 0.4332
[iter 5760]loss: 3.4575, tokens/sec: 69535.08 ± 902.62, tokens seen: 754974720, grad norm: 0.4088
[iter 5770]loss: 3.4837, tokens/sec: 69535.10 ± 901.84, tokens seen: 756285440, grad norm: 0.4552
[iter 5780]loss: 3.4280, tokens/sec: 69535.08 ± 901.06, tokens seen: 757596160, grad norm: 0.3894
[iter 5790]loss: 3.3270, tokens/sec: 69535.04 ± 900.28, tokens seen: 758906880, grad norm: 0.4635
[iter 5800]loss: 3.5347, tokens/sec: 69535.06 ± 899.51, tokens seen: 760217600, grad norm: 0.3883
[iter 5810]loss: 3.4357, tokens/sec: 69535.08 ± 898.74, tokens seen: 761528320, grad norm: 0.4380
[iter 5820]loss: 3.4330, tokens/sec: 69535.09 ± 897.96, tokens seen: 762839040, grad norm: 0.4152
[iter 5830]loss: 3.4419, tokens/sec: 69535.03 ± 897.20, tokens seen: 764149760, grad norm: 0.4036
[iter 5840]loss: 3.1244, tokens/sec: 69534.97 ± 896.44, tokens seen: 765460480, grad norm: 0.4009
[iter 5850]loss: 3.2819, tokens/sec: 69534.98 ± 895.68, tokens seen: 766771200, grad norm: 0.4520
[iter 5860]loss: 3.6361, tokens/sec: 69535.01 ± 894.91, tokens seen: 768081920, grad norm: 0.3970
[iter 5870]loss: 3.4078, tokens/sec: 69535.00 ± 894.16, tokens seen: 769392640, grad norm: 0.4272
[iter 5880]loss: 3.4677, tokens/sec: 69534.99 ± 893.40, tokens seen: 770703360, grad norm: 0.4122
[iter 5890]loss: 3.4481, tokens/sec: 69534.97 ± 892.64, tokens seen: 772014080, grad norm: 0.3946
[iter 5900]loss: 3.4495, tokens/sec: 69534.91 ± 891.89, tokens seen: 773324800, grad norm: 0.4627
[iter 5910]loss: 3.2595, tokens/sec: 69534.86 ± 891.14, tokens seen: 774635520, grad norm: 0.4516
[iter 5920]loss: 3.3182, tokens/sec: 69534.86 ± 890.39, tokens seen: 775946240, grad norm: 0.4310
[iter 5930]loss: 3.4006, tokens/sec: 69534.79 ± 889.65, tokens seen: 777256960, grad norm: 0.4173
[iter 5940]loss: 3.3884, tokens/sec: 69534.74 ± 888.90, tokens seen: 778567680, grad norm: 0.4166
[iter 5950]loss: 3.3162, tokens/sec: 69534.79 ± 888.16, tokens seen: 779878400, grad norm: 0.4312
[iter 5960]loss: 3.3850, tokens/sec: 69534.72 ± 887.42, tokens seen: 781189120, grad norm: 0.4275
[iter 5970]loss: 3.2501, tokens/sec: 69534.65 ± 886.68, tokens seen: 782499840, grad norm: 0.4069
[iter 5980]loss: 3.4023, tokens/sec: 69534.59 ± 885.95, tokens seen: 783810560, grad norm: 0.4644
[iter 5990]loss: 3.3135, tokens/sec: 69534.59 ± 885.21, tokens seen: 785121280, grad norm: 0.4190
[step 6000]train loss: 3.3888, val loss: 3.3917, (avg train loss: 0.8441 ± 0.0267), (avg grad norm: 0.4230 ± 0.0319)
saving checkpoint to ./out-owt-medium-mhc-group-lora-midnorm-inbeta-bs16-10000step
[iter 6000]loss: 3.3986, tokens/sec: 69534.61 ± 884.47, tokens seen: 786432000, grad norm: 0.4553
[iter 6010]loss: 3.5272, tokens/sec: 69534.74 ± 883.74, tokens seen: 787742720, grad norm: 0.3926
[iter 6020]loss: 3.4295, tokens/sec: 69534.85 ± 883.01, tokens seen: 789053440, grad norm: 0.4971
[iter 6030]loss: 3.3066, tokens/sec: 69534.93 ± 882.28, tokens seen: 790364160, grad norm: 0.4426
[iter 6040]loss: 3.4136, tokens/sec: 69534.96 ± 881.55, tokens seen: 791674880, grad norm: 0.4389
[iter 6050]loss: 3.3874, tokens/sec: 69535.00 ± 880.83, tokens seen: 792985600, grad norm: 0.4513
[iter 6060]loss: 3.3622, tokens/sec: 69534.94 ± 880.11, tokens seen: 794296320, grad norm: 0.4259
[iter 6070]loss: 3.3757, tokens/sec: 69534.92 ± 879.39, tokens seen: 795607040, grad norm: 0.3933
[iter 6080]loss: 3.4814, tokens/sec: 69534.93 ± 878.67, tokens seen: 796917760, grad norm: 0.4199
[iter 6090]loss: 3.3614, tokens/sec: 69534.87 ± 877.95, tokens seen: 798228480, grad norm: 0.4644
[iter 6100]loss: 3.4672, tokens/sec: 69534.83 ± 877.23, tokens seen: 799539200, grad norm: 0.4161
[iter 6110]loss: 3.4509, tokens/sec: 69534.83 ± 876.52, tokens seen: 800849920, grad norm: 0.4159
[iter 6120]loss: 3.5531, tokens/sec: 69534.83 ± 875.81, tokens seen: 802160640, grad norm: 0.3944
[iter 6130]loss: 3.4281, tokens/sec: 69534.79 ± 875.10, tokens seen: 803471360, grad norm: 0.4219
[iter 6140]loss: 3.3806, tokens/sec: 69534.80 ± 874.39, tokens seen: 804782080, grad norm: 0.4029
[iter 6150]loss: 3.3083, tokens/sec: 69534.72 ± 873.69, tokens seen: 806092800, grad norm: 0.4299
[iter 6160]loss: 3.4639, tokens/sec: 69534.71 ± 872.98, tokens seen: 807403520, grad norm: 0.3853
[iter 6170]loss: 3.1700, tokens/sec: 69534.70 ± 872.27, tokens seen: 808714240, grad norm: 0.4063
[iter 6180]loss: 3.3619, tokens/sec: 69534.63 ± 871.57, tokens seen: 810024960, grad norm: 0.5002
[iter 6190]loss: 3.4047, tokens/sec: 69534.58 ± 870.88, tokens seen: 811335680, grad norm: 0.4115
[iter 6200]loss: 3.4972, tokens/sec: 69534.59 ± 870.18, tokens seen: 812646400, grad norm: 0.4361
[iter 6210]loss: 3.2822, tokens/sec: 69534.58 ± 869.48, tokens seen: 813957120, grad norm: 0.4102
[iter 6220]loss: 3.4933, tokens/sec: 69534.63 ± 868.78, tokens seen: 815267840, grad norm: 0.4257
[iter 6230]loss: 3.3434, tokens/sec: 69534.63 ± 868.09, tokens seen: 816578560, grad norm: 0.4001
[iter 6240]loss: 3.5059, tokens/sec: 69534.55 ± 867.40, tokens seen: 817889280, grad norm: 0.3870
[iter 6250]loss: 3.2188, tokens/sec: 69534.54 ± 866.71, tokens seen: 819200000, grad norm: 0.4354
[iter 6260]loss: 3.3996, tokens/sec: 69534.51 ± 866.03, tokens seen: 820510720, grad norm: 0.4401
[iter 6270]loss: 3.2871, tokens/sec: 69534.46 ± 865.34, tokens seen: 821821440, grad norm: 0.4167
[iter 6280]loss: 3.3306, tokens/sec: 69534.48 ± 864.65, tokens seen: 823132160, grad norm: 0.4637
[iter 6290]loss: 3.3982, tokens/sec: 69534.47 ± 863.97, tokens seen: 824442880, grad norm: 0.4164
[iter 6300]loss: 3.4998, tokens/sec: 69534.49 ± 863.28, tokens seen: 825753600, grad norm: 0.4812
[iter 6310]loss: 3.3371, tokens/sec: 69534.50 ± 862.60, tokens seen: 827064320, grad norm: 0.4403
[iter 6320]loss: 3.4537, tokens/sec: 69534.50 ± 861.92, tokens seen: 828375040, grad norm: 0.5045
[iter 6330]loss: 3.3984, tokens/sec: 69534.51 ± 861.24, tokens seen: 829685760, grad norm: 0.4309
[iter 6340]loss: 3.3714, tokens/sec: 69534.51 ± 860.56, tokens seen: 830996480, grad norm: 0.4915
[iter 6350]loss: 3.4094, tokens/sec: 69534.50 ± 859.89, tokens seen: 832307200, grad norm: 0.4095
[iter 6360]loss: 3.4569, tokens/sec: 69534.51 ± 859.21, tokens seen: 833617920, grad norm: 0.4356
[iter 6370]loss: 3.5099, tokens/sec: 69534.55 ± 858.54, tokens seen: 834928640, grad norm: 0.3964
[iter 6380]loss: 3.3670, tokens/sec: 69534.56 ± 857.87, tokens seen: 836239360, grad norm: 0.4521
[iter 6390]loss: 3.4897, tokens/sec: 69534.56 ± 857.20, tokens seen: 837550080, grad norm: 0.4154
[iter 6400]loss: 3.3190, tokens/sec: 69534.58 ± 856.53, tokens seen: 838860800, grad norm: 0.4274
[iter 6410]loss: 3.3746, tokens/sec: 69534.56 ± 855.86, tokens seen: 840171520, grad norm: 0.4010
[iter 6420]loss: 3.3512, tokens/sec: 69534.58 ± 855.20, tokens seen: 841482240, grad norm: 0.3806
[iter 6430]loss: 3.3742, tokens/sec: 69534.60 ± 854.53, tokens seen: 842792960, grad norm: 0.4697
[iter 6440]loss: 3.4548, tokens/sec: 69534.60 ± 853.87, tokens seen: 844103680, grad norm: 0.3809
[iter 6450]loss: 3.1709, tokens/sec: 69534.60 ± 853.21, tokens seen: 845414400, grad norm: 0.5048
[iter 6460]loss: 3.3101, tokens/sec: 69534.60 ± 852.55, tokens seen: 846725120, grad norm: 0.4435
[iter 6470]loss: 3.5803, tokens/sec: 69534.59 ± 851.90, tokens seen: 848035840, grad norm: 0.4349
[iter 6480]loss: 3.4237, tokens/sec: 69534.59 ± 851.24, tokens seen: 849346560, grad norm: 0.4547
[iter 6490]loss: 3.3986, tokens/sec: 69534.59 ± 850.59, tokens seen: 850657280, grad norm: 0.4132
[step 6500]train loss: 3.3517, val loss: 3.3633, (avg train loss: 0.8384 ± 0.0258), (avg grad norm: 0.4325 ± 0.0333)
saving checkpoint to ./out-owt-medium-mhc-group-lora-midnorm-inbeta-bs16-10000step
[iter 6500]loss: 3.2049, tokens/sec: 69534.67 ± 849.94, tokens seen: 851968000, grad norm: 0.4077
[iter 6510]loss: 3.3738, tokens/sec: 69534.75 ± 849.29, tokens seen: 853278720, grad norm: 0.4805
[iter 6520]loss: 3.4800, tokens/sec: 69534.83 ± 848.64, tokens seen: 854589440, grad norm: 0.4330
[iter 6530]loss: 3.3623, tokens/sec: 69534.89 ± 848.00, tokens seen: 855900160, grad norm: 0.4198
[iter 6540]loss: 3.3440, tokens/sec: 69534.96 ± 847.35, tokens seen: 857210880, grad norm: 0.4123
[iter 6550]loss: 3.3845, tokens/sec: 69534.98 ± 846.70, tokens seen: 858521600, grad norm: 0.4113
[iter 6560]loss: 3.2968, tokens/sec: 69535.01 ± 846.06, tokens seen: 859832320, grad norm: 0.4151
[iter 6570]loss: 3.3287, tokens/sec: 69535.03 ± 845.42, tokens seen: 861143040, grad norm: 0.4001
[iter 6580]loss: 3.3454, tokens/sec: 69535.03 ± 844.77, tokens seen: 862453760, grad norm: 0.3831
[iter 6590]loss: 3.2429, tokens/sec: 69535.06 ± 844.14, tokens seen: 863764480, grad norm: 0.4676
[iter 6600]loss: 3.3142, tokens/sec: 69535.05 ± 843.50, tokens seen: 865075200, grad norm: 0.4158
[iter 6610]loss: 3.3729, tokens/sec: 69535.05 ± 842.86, tokens seen: 866385920, grad norm: 0.4131
[iter 6620]loss: 3.2109, tokens/sec: 69535.04 ± 842.22, tokens seen: 867696640, grad norm: 0.4023
[iter 6630]loss: 3.4709, tokens/sec: 69535.05 ± 841.59, tokens seen: 869007360, grad norm: 0.4310
[iter 6640]loss: 3.2606, tokens/sec: 69535.09 ± 840.96, tokens seen: 870318080, grad norm: 0.4411
[iter 6650]loss: 3.2092, tokens/sec: 69535.08 ± 840.33, tokens seen: 871628800, grad norm: 0.4710
[iter 6660]loss: 3.3277, tokens/sec: 69535.07 ± 839.70, tokens seen: 872939520, grad norm: 0.4157
[iter 6670]loss: 3.3097, tokens/sec: 69535.07 ± 839.07, tokens seen: 874250240, grad norm: 0.4166
[iter 6680]loss: 3.2532, tokens/sec: 69535.09 ± 838.44, tokens seen: 875560960, grad norm: 0.4257
[iter 6690]loss: 3.2621, tokens/sec: 69535.11 ± 837.82, tokens seen: 876871680, grad norm: 0.4364
[iter 6700]loss: 3.2087, tokens/sec: 69535.15 ± 837.19, tokens seen: 878182400, grad norm: 0.4385
[iter 6710]loss: 3.3556, tokens/sec: 69535.15 ± 836.57, tokens seen: 879493120, grad norm: 0.4606
[iter 6720]loss: 3.4233, tokens/sec: 69535.20 ± 835.95, tokens seen: 880803840, grad norm: 0.4192
[iter 6730]loss: 3.4093, tokens/sec: 69535.21 ± 835.33, tokens seen: 882114560, grad norm: 0.3995
[iter 6740]loss: 3.4466, tokens/sec: 69535.20 ± 834.71, tokens seen: 883425280, grad norm: 0.4217
[iter 6750]loss: 3.2997, tokens/sec: 69535.21 ± 834.10, tokens seen: 884736000, grad norm: 0.4216
[iter 6760]loss: 3.2637, tokens/sec: 69535.22 ± 833.48, tokens seen: 886046720, grad norm: 0.3969
[iter 6770]loss: 3.3621, tokens/sec: 69535.21 ± 832.87, tokens seen: 887357440, grad norm: 0.4357
[iter 6780]loss: 3.2031, tokens/sec: 69535.23 ± 832.25, tokens seen: 888668160, grad norm: 0.4342
[iter 6790]loss: 3.3970, tokens/sec: 69535.27 ± 831.64, tokens seen: 889978880, grad norm: 0.4082
[iter 6800]loss: 3.3770, tokens/sec: 69535.32 ± 831.03, tokens seen: 891289600, grad norm: 0.4466
[iter 6810]loss: 3.2860, tokens/sec: 69535.31 ± 830.43, tokens seen: 892600320, grad norm: 0.3876
[iter 6820]loss: 3.4106, tokens/sec: 69535.34 ± 829.82, tokens seen: 893911040, grad norm: 0.4397
[iter 6830]loss: 3.2312, tokens/sec: 69535.35 ± 829.21, tokens seen: 895221760, grad norm: 0.4345
[iter 6840]loss: 3.4389, tokens/sec: 69535.39 ± 828.61, tokens seen: 896532480, grad norm: 0.4108
[iter 6850]loss: 3.1761, tokens/sec: 69535.40 ± 828.00, tokens seen: 897843200, grad norm: 0.4096
[iter 6860]loss: 3.5098, tokens/sec: 69535.43 ± 827.40, tokens seen: 899153920, grad norm: 0.4977
[iter 6870]loss: 3.4418, tokens/sec: 69535.47 ± 826.80, tokens seen: 900464640, grad norm: 0.4366
[iter 6880]loss: 3.3761, tokens/sec: 69535.49 ± 826.20, tokens seen: 901775360, grad norm: 0.4503
[iter 6890]loss: 3.3968, tokens/sec: 69535.51 ± 825.60, tokens seen: 903086080, grad norm: 0.4425
[iter 6900]loss: 3.4075, tokens/sec: 69535.49 ± 825.00, tokens seen: 904396800, grad norm: 0.4711
[iter 6910]loss: 3.4105, tokens/sec: 69535.52 ± 824.41, tokens seen: 905707520, grad norm: 0.4513
[iter 6920]loss: 3.1123, tokens/sec: 69535.56 ± 823.81, tokens seen: 907018240, grad norm: 0.4699
[iter 6930]loss: 3.3533, tokens/sec: 69535.55 ± 823.22, tokens seen: 908328960, grad norm: 0.4235
[iter 6940]loss: 3.4130, tokens/sec: 69535.56 ± 822.63, tokens seen: 909639680, grad norm: 0.4960
[iter 6950]loss: 3.4872, tokens/sec: 69535.53 ± 822.04, tokens seen: 910950400, grad norm: 0.4584
[iter 6960]loss: 3.2264, tokens/sec: 69535.48 ± 821.45, tokens seen: 912261120, grad norm: 0.4149
[iter 6970]loss: 3.3540, tokens/sec: 69535.48 ± 820.87, tokens seen: 913571840, grad norm: 0.4022
[iter 6980]loss: 3.4244, tokens/sec: 69535.48 ± 820.28, tokens seen: 914882560, grad norm: 0.4477
[iter 6990]loss: 3.4360, tokens/sec: 69535.48 ± 819.69, tokens seen: 916193280, grad norm: 0.4677
[step 7000]train loss: 3.3431, val loss: 3.3478, (avg train loss: 0.8338 ± 0.0248), (avg grad norm: 0.4447 ± 0.0325)
saving checkpoint to ./out-owt-medium-mhc-group-lora-midnorm-inbeta-bs16-10000step
[iter 7000]loss: 3.2605, tokens/sec: 69535.43 ± 819.11, tokens seen: 917504000, grad norm: 0.4200
[iter 7010]loss: 3.5891, tokens/sec: 69535.40 ± 818.53, tokens seen: 918814720, grad norm: 0.4322
[iter 7020]loss: 3.3790, tokens/sec: 69535.42 ± 817.95, tokens seen: 920125440, grad norm: 0.4625
[iter 7030]loss: 3.2926, tokens/sec: 69535.43 ± 817.37, tokens seen: 921436160, grad norm: 0.4337
[iter 7040]loss: 3.3557, tokens/sec: 69535.46 ± 816.79, tokens seen: 922746880, grad norm: 0.4267
[iter 7050]loss: 3.4257, tokens/sec: 69535.46 ± 816.22, tokens seen: 924057600, grad norm: 0.4411
[iter 7060]loss: 3.0939, tokens/sec: 69535.48 ± 815.64, tokens seen: 925368320, grad norm: 0.5121
[iter 7070]loss: 3.3647, tokens/sec: 69535.49 ± 815.06, tokens seen: 926679040, grad norm: 0.4438
[iter 7080]loss: 3.1934, tokens/sec: 69535.48 ± 814.49, tokens seen: 927989760, grad norm: 0.4594
[iter 7090]loss: 3.3070, tokens/sec: 69535.49 ± 813.91, tokens seen: 929300480, grad norm: 0.4562
[iter 7100]loss: 3.3811, tokens/sec: 69535.48 ± 813.34, tokens seen: 930611200, grad norm: 0.4259
[iter 7110]loss: 3.1625, tokens/sec: 69535.41 ± 812.78, tokens seen: 931921920, grad norm: 0.4392
[iter 7120]loss: 3.2463, tokens/sec: 69535.40 ± 812.21, tokens seen: 933232640, grad norm: 0.4443
[iter 7130]loss: 3.4653, tokens/sec: 69535.34 ± 811.64, tokens seen: 934543360, grad norm: 0.4909
[iter 7140]loss: 3.3874, tokens/sec: 69535.33 ± 811.07, tokens seen: 935854080, grad norm: 0.4352
[iter 7150]loss: 3.3034, tokens/sec: 69535.31 ± 810.51, tokens seen: 937164800, grad norm: 0.4529
[iter 7160]loss: 3.2082, tokens/sec: 69535.29 ± 809.94, tokens seen: 938475520, grad norm: 0.4499
[iter 7170]loss: 3.2325, tokens/sec: 69535.25 ± 809.38, tokens seen: 939786240, grad norm: 0.4969
[iter 7180]loss: 3.3335, tokens/sec: 69535.20 ± 808.82, tokens seen: 941096960, grad norm: 0.4437
[iter 7190]loss: 3.2940, tokens/sec: 69535.18 ± 808.26, tokens seen: 942407680, grad norm: 0.3988
[iter 7200]loss: 3.5428, tokens/sec: 69535.14 ± 807.70, tokens seen: 943718400, grad norm: 0.4343
[iter 7210]loss: 3.2834, tokens/sec: 69535.11 ± 807.14, tokens seen: 945029120, grad norm: 0.4522
[iter 7220]loss: 3.1744, tokens/sec: 69535.13 ± 806.58, tokens seen: 946339840, grad norm: 0.4526
[iter 7230]loss: 3.3529, tokens/sec: 69535.13 ± 806.02, tokens seen: 947650560, grad norm: 0.4735
[iter 7240]loss: 3.4915, tokens/sec: 69535.16 ± 805.47, tokens seen: 948961280, grad norm: 0.4313
[iter 7250]loss: 3.4141, tokens/sec: 69535.18 ± 804.91, tokens seen: 950272000, grad norm: 0.4204
[iter 7260]loss: 3.2277, tokens/sec: 69535.14 ± 804.36, tokens seen: 951582720, grad norm: 0.4829
[iter 7270]loss: 3.2847, tokens/sec: 69535.13 ± 803.81, tokens seen: 952893440, grad norm: 0.4867
[iter 7280]loss: 3.1964, tokens/sec: 69535.13 ± 803.26, tokens seen: 954204160, grad norm: 0.4451
[iter 7290]loss: 3.3990, tokens/sec: 69535.11 ± 802.71, tokens seen: 955514880, grad norm: 0.4632
[iter 7300]loss: 3.2537, tokens/sec: 69535.11 ± 802.16, tokens seen: 956825600, grad norm: 0.4856
[iter 7310]loss: 3.3789, tokens/sec: 69535.08 ± 801.62, tokens seen: 958136320, grad norm: 0.4148
[iter 7320]loss: 3.6364, tokens/sec: 69535.08 ± 801.07, tokens seen: 959447040, grad norm: 0.3942
[iter 7330]loss: 3.2968, tokens/sec: 69535.12 ± 800.53, tokens seen: 960757760, grad norm: 0.4555
[iter 7340]loss: 3.2609, tokens/sec: 69535.16 ± 799.98, tokens seen: 962068480, grad norm: 0.4397
[iter 7350]loss: 3.2800, tokens/sec: 69535.19 ± 799.44, tokens seen: 963379200, grad norm: 0.4634
[iter 7360]loss: 3.3209, tokens/sec: 69535.22 ± 798.90, tokens seen: 964689920, grad norm: 0.4638
[iter 7370]loss: 3.3268, tokens/sec: 69535.23 ± 798.36, tokens seen: 966000640, grad norm: 0.4511
[iter 7380]loss: 3.2396, tokens/sec: 69535.25 ± 797.82, tokens seen: 967311360, grad norm: 0.4138
[iter 7390]loss: 3.2145, tokens/sec: 69535.27 ± 797.28, tokens seen: 968622080, grad norm: 0.4395
[iter 7400]loss: 3.4117, tokens/sec: 69535.30 ± 796.74, tokens seen: 969932800, grad norm: 0.4508
[iter 7410]loss: 3.2877, tokens/sec: 69535.29 ± 796.20, tokens seen: 971243520, grad norm: 0.4606
[iter 7420]loss: 3.3042, tokens/sec: 69535.26 ± 795.67, tokens seen: 972554240, grad norm: 0.3988
[iter 7430]loss: 3.3333, tokens/sec: 69535.30 ± 795.14, tokens seen: 973864960, grad norm: 0.4068
[iter 7440]loss: 3.2463, tokens/sec: 69535.29 ± 794.60, tokens seen: 975175680, grad norm: 0.4275
[iter 7450]loss: 3.2008, tokens/sec: 69535.27 ± 794.07, tokens seen: 976486400, grad norm: 0.4309
[iter 7460]loss: 3.2370, tokens/sec: 69535.25 ± 793.54, tokens seen: 977797120, grad norm: 0.4555
[iter 7470]loss: 3.2610, tokens/sec: 69535.26 ± 793.01, tokens seen: 979107840, grad norm: 0.4419
[iter 7480]loss: 3.1797, tokens/sec: 69535.26 ± 792.48, tokens seen: 980418560, grad norm: 0.4332
[iter 7490]loss: 3.3432, tokens/sec: 69535.26 ± 791.95, tokens seen: 981729280, grad norm: 0.4080
[step 7500]train loss: 3.3077, val loss: 3.3144, (avg train loss: 0.8289 ± 0.0242), (avg grad norm: 0.4429 ± 0.0302)
saving checkpoint to ./out-owt-medium-mhc-group-lora-midnorm-inbeta-bs16-10000step
[iter 7500]loss: 3.1484, tokens/sec: 69535.26 ± 791.42, tokens seen: 983040000, grad norm: 0.4593
[iter 7510]loss: 3.3909, tokens/sec: 69535.35 ± 790.90, tokens seen: 984350720, grad norm: 0.5035
[iter 7520]loss: 3.1751, tokens/sec: 69535.40 ± 790.38, tokens seen: 985661440, grad norm: 0.4220
[iter 7530]loss: 3.4556, tokens/sec: 69535.44 ± 789.86, tokens seen: 986972160, grad norm: 0.4859
[iter 7540]loss: 3.4281, tokens/sec: 69535.48 ± 789.34, tokens seen: 988282880, grad norm: 0.4232
[iter 7550]loss: 3.3323, tokens/sec: 69535.54 ± 788.82, tokens seen: 989593600, grad norm: 0.4447
[iter 7560]loss: 3.3975, tokens/sec: 69535.57 ± 788.30, tokens seen: 990904320, grad norm: 0.4379
[iter 7570]loss: 3.4048, tokens/sec: 69535.62 ± 787.78, tokens seen: 992215040, grad norm: 0.4773
[iter 7580]loss: 3.4303, tokens/sec: 69535.60 ± 787.26, tokens seen: 993525760, grad norm: 0.5053
[iter 7590]loss: 3.3376, tokens/sec: 69535.61 ± 786.74, tokens seen: 994836480, grad norm: 0.4603
[iter 7600]loss: 3.2189, tokens/sec: 69535.60 ± 786.23, tokens seen: 996147200, grad norm: 0.4366
[iter 7610]loss: 3.3654, tokens/sec: 69535.63 ± 785.71, tokens seen: 997457920, grad norm: 0.4418
[iter 7620]loss: 3.1945, tokens/sec: 69535.61 ± 785.20, tokens seen: 998768640, grad norm: 0.4549
[iter 7630]loss: 3.3373, tokens/sec: 69535.62 ± 784.68, tokens seen: 1000079360, grad norm: 0.3992
[iter 7640]loss: 3.4452, tokens/sec: 69535.64 ± 784.17, tokens seen: 1001390080, grad norm: 0.4442
[iter 7650]loss: 3.4131, tokens/sec: 69535.62 ± 783.66, tokens seen: 1002700800, grad norm: 0.4403
[iter 7660]loss: 3.1178, tokens/sec: 69535.64 ± 783.15, tokens seen: 1004011520, grad norm: 0.4887
[iter 7670]loss: 3.4135, tokens/sec: 69535.63 ± 782.64, tokens seen: 1005322240, grad norm: 0.4083
[iter 7680]loss: 3.3868, tokens/sec: 69535.65 ± 782.13, tokens seen: 1006632960, grad norm: 0.4514
[iter 7690]loss: 3.3437, tokens/sec: 69535.66 ± 781.62, tokens seen: 1007943680, grad norm: 0.4969
[iter 7700]loss: 3.1199, tokens/sec: 69535.66 ± 781.11, tokens seen: 1009254400, grad norm: 0.4685
[iter 7710]loss: 3.2710, tokens/sec: 69535.68 ± 780.61, tokens seen: 1010565120, grad norm: 0.4540
[iter 7720]loss: 3.3742, tokens/sec: 69535.68 ± 780.10, tokens seen: 1011875840, grad norm: 0.4085
[iter 7730]loss: 3.3282, tokens/sec: 69535.66 ± 779.60, tokens seen: 1013186560, grad norm: 0.4520
[iter 7740]loss: 3.3168, tokens/sec: 69535.68 ± 779.10, tokens seen: 1014497280, grad norm: 0.4232
[iter 7750]loss: 3.3890, tokens/sec: 69535.71 ± 778.60, tokens seen: 1015808000, grad norm: 0.4804
[iter 7760]loss: 3.2774, tokens/sec: 69535.74 ± 778.10, tokens seen: 1017118720, grad norm: 0.4327
[iter 7770]loss: 3.2358, tokens/sec: 69535.72 ± 777.60, tokens seen: 1018429440, grad norm: 0.4293
[iter 7780]loss: 3.2470, tokens/sec: 69535.74 ± 777.10, tokens seen: 1019740160, grad norm: 0.4280
[iter 7790]loss: 3.3982, tokens/sec: 69535.76 ± 776.60, tokens seen: 1021050880, grad norm: 0.5338
[iter 7800]loss: 3.1588, tokens/sec: 69535.80 ± 776.10, tokens seen: 1022361600, grad norm: 0.4620
[iter 7810]loss: 3.2183, tokens/sec: 69535.82 ± 775.61, tokens seen: 1023672320, grad norm: 0.4831
[iter 7820]loss: 3.2821, tokens/sec: 69535.80 ± 775.11, tokens seen: 1024983040, grad norm: 0.4743
[iter 7830]loss: 3.2701, tokens/sec: 69535.80 ± 774.62, tokens seen: 1026293760, grad norm: 0.4307
[iter 7840]loss: 3.3560, tokens/sec: 69535.79 ± 774.13, tokens seen: 1027604480, grad norm: 0.4804
[iter 7850]loss: 3.3438, tokens/sec: 69535.80 ± 773.63, tokens seen: 1028915200, grad norm: 0.4108
[iter 7860]loss: 3.1290, tokens/sec: 69535.84 ± 773.14, tokens seen: 1030225920, grad norm: 0.4947
[iter 7870]loss: 3.1348, tokens/sec: 69535.84 ± 772.65, tokens seen: 1031536640, grad norm: 0.4301
[iter 7880]loss: 3.0993, tokens/sec: 69535.86 ± 772.16, tokens seen: 1032847360, grad norm: 0.4504
[iter 7890]loss: 3.2918, tokens/sec: 69535.90 ± 771.68, tokens seen: 1034158080, grad norm: 0.4891
[iter 7900]loss: 3.2904, tokens/sec: 69535.92 ± 771.19, tokens seen: 1035468800, grad norm: 0.4032
[iter 7910]loss: 3.3304, tokens/sec: 69535.94 ± 770.70, tokens seen: 1036779520, grad norm: 0.4778
[iter 7920]loss: 3.2587, tokens/sec: 69535.95 ± 770.22, tokens seen: 1038090240, grad norm: 0.4656
[iter 7930]loss: 3.4078, tokens/sec: 69535.98 ± 769.73, tokens seen: 1039400960, grad norm: 0.4447
[iter 7940]loss: 3.1612, tokens/sec: 69535.99 ± 769.25, tokens seen: 1040711680, grad norm: 0.4438
[iter 7950]loss: 3.2768, tokens/sec: 69536.02 ± 768.77, tokens seen: 1042022400, grad norm: 0.4488
[iter 7960]loss: 3.2845, tokens/sec: 69536.03 ± 768.29, tokens seen: 1043333120, grad norm: 0.4910
[iter 7970]loss: 3.1553, tokens/sec: 69536.04 ± 767.81, tokens seen: 1044643840, grad norm: 0.4159
[iter 7980]loss: 3.1980, tokens/sec: 69536.00 ± 767.33, tokens seen: 1045954560, grad norm: 0.4516
[iter 7990]loss: 3.1642, tokens/sec: 69535.99 ± 766.85, tokens seen: 1047265280, grad norm: 0.4109
[step 8000]train loss: 3.2891, val loss: 3.3054, (avg train loss: 0.8243 ± 0.0256), (avg grad norm: 0.4567 ± 0.0330)
saving checkpoint to ./out-owt-medium-mhc-group-lora-midnorm-inbeta-bs16-10000step
[iter 8000]loss: 3.4388, tokens/sec: 69535.96 ± 766.38, tokens seen: 1048576000, grad norm: 0.4530
[iter 8010]loss: 3.2319, tokens/sec: 69535.98 ± 765.90, tokens seen: 1049886720, grad norm: 0.4631
[iter 8020]loss: 3.4242, tokens/sec: 69536.04 ± 765.43, tokens seen: 1051197440, grad norm: 0.4112
[iter 8030]loss: 3.3978, tokens/sec: 69536.07 ± 764.95, tokens seen: 1052508160, grad norm: 0.4292
[iter 8040]loss: 3.3145, tokens/sec: 69536.09 ± 764.48, tokens seen: 1053818880, grad norm: 0.4756
[iter 8050]loss: 3.3740, tokens/sec: 69536.13 ± 764.00, tokens seen: 1055129600, grad norm: 0.4465
[iter 8060]loss: 3.3872, tokens/sec: 69536.14 ± 763.53, tokens seen: 1056440320, grad norm: 0.4429
[iter 8070]loss: 3.3312, tokens/sec: 69536.17 ± 763.06, tokens seen: 1057751040, grad norm: 0.4414
[iter 8080]loss: 3.2443, tokens/sec: 69536.18 ± 762.59, tokens seen: 1059061760, grad norm: 0.4657
[iter 8090]loss: 3.2859, tokens/sec: 69536.18 ± 762.12, tokens seen: 1060372480, grad norm: 0.4764
[iter 8100]loss: 3.2164, tokens/sec: 69536.19 ± 761.65, tokens seen: 1061683200, grad norm: 0.4516
[iter 8110]loss: 3.2763, tokens/sec: 69536.21 ± 761.18, tokens seen: 1062993920, grad norm: 0.4474
[iter 8120]loss: 3.2937, tokens/sec: 69536.21 ± 760.71, tokens seen: 1064304640, grad norm: 0.4458
[iter 8130]loss: 3.2890, tokens/sec: 69536.20 ± 760.24, tokens seen: 1065615360, grad norm: 0.4524
[iter 8140]loss: 3.1806, tokens/sec: 69536.20 ± 759.78, tokens seen: 1066926080, grad norm: 0.4128
[iter 8150]loss: 3.2554, tokens/sec: 69536.19 ± 759.31, tokens seen: 1068236800, grad norm: 0.4732
[iter 8160]loss: 3.3877, tokens/sec: 69536.17 ± 758.85, tokens seen: 1069547520, grad norm: 0.4501
[iter 8170]loss: 3.2565, tokens/sec: 69536.16 ± 758.39, tokens seen: 1070858240, grad norm: 0.5072
[iter 8180]loss: 3.2852, tokens/sec: 69536.16 ± 757.92, tokens seen: 1072168960, grad norm: 0.4614
[iter 8190]loss: 3.2278, tokens/sec: 69536.17 ± 757.46, tokens seen: 1073479680, grad norm: 0.5236
[iter 8200]loss: 3.3315, tokens/sec: 69536.14 ± 757.00, tokens seen: 1074790400, grad norm: 0.4321
[iter 8210]loss: 3.3705, tokens/sec: 69536.16 ± 756.54, tokens seen: 1076101120, grad norm: 0.4610
[iter 8220]loss: 3.2663, tokens/sec: 69536.14 ± 756.08, tokens seen: 1077411840, grad norm: 0.4350
[iter 8230]loss: 3.2108, tokens/sec: 69536.11 ± 755.63, tokens seen: 1078722560, grad norm: 0.4150
[iter 8240]loss: 3.2774, tokens/sec: 69536.09 ± 755.17, tokens seen: 1080033280, grad norm: 0.5008
[iter 8250]loss: 3.2195, tokens/sec: 69536.08 ± 754.72, tokens seen: 1081344000, grad norm: 0.4887
[iter 8260]loss: 3.3725, tokens/sec: 69536.08 ± 754.26, tokens seen: 1082654720, grad norm: 0.4917
[iter 8270]loss: 3.2984, tokens/sec: 69536.10 ± 753.81, tokens seen: 1083965440, grad norm: 0.4196
[iter 8280]loss: 3.3674, tokens/sec: 69536.08 ± 753.35, tokens seen: 1085276160, grad norm: 0.4454
[iter 8290]loss: 3.2269, tokens/sec: 69536.09 ± 752.90, tokens seen: 1086586880, grad norm: 0.4806
[iter 8300]loss: 3.2076, tokens/sec: 69536.10 ± 752.45, tokens seen: 1087897600, grad norm: 0.4455
[iter 8310]loss: 3.1971, tokens/sec: 69536.10 ± 751.99, tokens seen: 1089208320, grad norm: 0.4429
[iter 8320]loss: 3.3585, tokens/sec: 69536.11 ± 751.54, tokens seen: 1090519040, grad norm: 0.4075
[iter 8330]loss: 3.3539, tokens/sec: 69536.13 ± 751.09, tokens seen: 1091829760, grad norm: 0.4706
[iter 8340]loss: 3.2575, tokens/sec: 69536.13 ± 750.64, tokens seen: 1093140480, grad norm: 0.4479
[iter 8350]loss: 3.2724, tokens/sec: 69536.13 ± 750.19, tokens seen: 1094451200, grad norm: 0.4057
[iter 8360]loss: 3.4699, tokens/sec: 69536.13 ± 749.75, tokens seen: 1095761920, grad norm: 0.4041
[iter 8370]loss: 3.3181, tokens/sec: 69536.16 ± 749.30, tokens seen: 1097072640, grad norm: 0.4330
[iter 8380]loss: 3.1994, tokens/sec: 69536.17 ± 748.86, tokens seen: 1098383360, grad norm: 0.4634
[iter 8390]loss: 3.3426, tokens/sec: 69536.15 ± 748.41, tokens seen: 1099694080, grad norm: 0.4760
[iter 8400]loss: 3.2484, tokens/sec: 69536.15 ± 747.97, tokens seen: 1101004800, grad norm: 0.4436
[iter 8410]loss: 3.1941, tokens/sec: 69536.16 ± 747.52, tokens seen: 1102315520, grad norm: 0.4693
[iter 8420]loss: 3.2617, tokens/sec: 69536.16 ± 747.08, tokens seen: 1103626240, grad norm: 0.4643
[iter 8430]loss: 3.3587, tokens/sec: 69536.14 ± 746.64, tokens seen: 1104936960, grad norm: 0.5188
[iter 8440]loss: 3.4091, tokens/sec: 69536.15 ± 746.20, tokens seen: 1106247680, grad norm: 0.4328
[iter 8450]loss: 3.4176, tokens/sec: 69536.19 ± 745.76, tokens seen: 1107558400, grad norm: 0.4738
[iter 8460]loss: 3.1537, tokens/sec: 69536.20 ± 745.32, tokens seen: 1108869120, grad norm: 0.4479
[iter 8470]loss: 3.2966, tokens/sec: 69536.19 ± 744.88, tokens seen: 1110179840, grad norm: 0.4197
[iter 8480]loss: 3.3687, tokens/sec: 69536.18 ± 744.44, tokens seen: 1111490560, grad norm: 0.5082
[iter 8490]loss: 3.3902, tokens/sec: 69536.21 ± 744.00, tokens seen: 1112801280, grad norm: 0.4815
[step 8500]train loss: 3.2814, val loss: 3.2819, (avg train loss: 0.8206 ± 0.0227), (avg grad norm: 0.4563 ± 0.0317)
saving checkpoint to ./out-owt-medium-mhc-group-lora-midnorm-inbeta-bs16-10000step
[iter 8500]loss: 3.1348, tokens/sec: 69536.23 ± 743.57, tokens seen: 1114112000, grad norm: 0.4657
[iter 8510]loss: 3.2506, tokens/sec: 69536.30 ± 743.13, tokens seen: 1115422720, grad norm: 0.4091
[iter 8520]loss: 2.8879, tokens/sec: 69536.35 ± 742.70, tokens seen: 1116733440, grad norm: 0.4318
[iter 8530]loss: 3.3479, tokens/sec: 69536.42 ± 742.27, tokens seen: 1118044160, grad norm: 0.4526
[iter 8540]loss: 3.3479, tokens/sec: 69536.47 ± 741.84, tokens seen: 1119354880, grad norm: 0.5305
[iter 8550]loss: 3.3848, tokens/sec: 69536.49 ± 741.40, tokens seen: 1120665600, grad norm: 0.4627
[iter 8560]loss: 3.1128, tokens/sec: 69536.53 ± 740.97, tokens seen: 1121976320, grad norm: 0.4521
[iter 8570]loss: 3.1587, tokens/sec: 69536.53 ± 740.54, tokens seen: 1123287040, grad norm: 0.4195
[iter 8580]loss: 3.3261, tokens/sec: 69536.51 ± 740.11, tokens seen: 1124597760, grad norm: 0.4266
[iter 8590]loss: 3.3151, tokens/sec: 69536.50 ± 739.68, tokens seen: 1125908480, grad norm: 0.5348
[iter 8600]loss: 3.3624, tokens/sec: 69536.52 ± 739.26, tokens seen: 1127219200, grad norm: 0.4894
[iter 8610]loss: 3.2661, tokens/sec: 69536.47 ± 738.83, tokens seen: 1128529920, grad norm: 0.4381
[iter 8620]loss: 3.3146, tokens/sec: 69536.43 ± 738.41, tokens seen: 1129840640, grad norm: 0.4304
[iter 8630]loss: 3.1514, tokens/sec: 69536.40 ± 737.98, tokens seen: 1131151360, grad norm: 2.0714
[iter 8640]loss: 3.2724, tokens/sec: 69536.36 ± 737.56, tokens seen: 1132462080, grad norm: 0.4706
[iter 8650]loss: 3.3516, tokens/sec: 69536.33 ± 737.14, tokens seen: 1133772800, grad norm: 0.4409
[iter 8660]loss: 3.2547, tokens/sec: 69536.32 ± 736.71, tokens seen: 1135083520, grad norm: 0.4681
[iter 8670]loss: 3.2716, tokens/sec: 69536.31 ± 736.29, tokens seen: 1136394240, grad norm: 0.4755
[iter 8680]loss: 3.2933, tokens/sec: 69536.27 ± 735.87, tokens seen: 1137704960, grad norm: 0.4761
[iter 8690]loss: 3.1515, tokens/sec: 69536.24 ± 735.45, tokens seen: 1139015680, grad norm: 0.4553
[iter 8700]loss: 3.1643, tokens/sec: 69536.23 ± 735.03, tokens seen: 1140326400, grad norm: 0.4720
[iter 8710]loss: 3.4325, tokens/sec: 69536.19 ± 734.61, tokens seen: 1141637120, grad norm: 0.4775
[iter 8720]loss: 3.3408, tokens/sec: 69536.17 ± 734.19, tokens seen: 1142947840, grad norm: 0.4914
[iter 8730]loss: 3.1867, tokens/sec: 69536.21 ± 733.77, tokens seen: 1144258560, grad norm: 0.4531
[iter 8740]loss: 3.2482, tokens/sec: 69536.19 ± 733.35, tokens seen: 1145569280, grad norm: 0.4885
[iter 8750]loss: 3.4162, tokens/sec: 69536.18 ± 732.94, tokens seen: 1146880000, grad norm: 0.4152
[iter 8760]loss: 3.2498, tokens/sec: 69536.19 ± 732.52, tokens seen: 1148190720, grad norm: 0.4783
[iter 8770]loss: 3.2320, tokens/sec: 69536.17 ± 732.10, tokens seen: 1149501440, grad norm: 0.4663
[iter 8780]loss: 3.2283, tokens/sec: 69536.20 ± 731.69, tokens seen: 1150812160, grad norm: 0.4641
[iter 8790]loss: 3.2953, tokens/sec: 69536.19 ± 731.27, tokens seen: 1152122880, grad norm: 0.4237
[iter 8800]loss: 3.0025, tokens/sec: 69536.13 ± 730.87, tokens seen: 1153433600, grad norm: 0.5012
[iter 8810]loss: 3.3222, tokens/sec: 69536.11 ± 730.45, tokens seen: 1154744320, grad norm: 0.5608
[iter 8820]loss: 3.3003, tokens/sec: 69536.10 ± 730.04, tokens seen: 1156055040, grad norm: 0.4952
[iter 8830]loss: 3.3279, tokens/sec: 69536.08 ± 729.63, tokens seen: 1157365760, grad norm: 0.4733
[iter 8840]loss: 3.1003, tokens/sec: 69536.08 ± 729.22, tokens seen: 1158676480, grad norm: 0.4865
[iter 8850]loss: 3.1959, tokens/sec: 69536.08 ± 728.81, tokens seen: 1159987200, grad norm: 0.4026
[iter 8860]loss: 3.3562, tokens/sec: 69536.08 ± 728.40, tokens seen: 1161297920, grad norm: 0.4647
[iter 8870]loss: 3.1346, tokens/sec: 69536.09 ± 727.99, tokens seen: 1162608640, grad norm: 0.4228
[iter 8880]loss: 3.2020, tokens/sec: 69536.08 ± 727.58, tokens seen: 1163919360, grad norm: 0.4458
[iter 8890]loss: 3.4162, tokens/sec: 69536.09 ± 727.17, tokens seen: 1165230080, grad norm: 0.4860
[iter 8900]loss: 3.2655, tokens/sec: 69536.06 ± 726.77, tokens seen: 1166540800, grad norm: 0.4551
[iter 8910]loss: 3.3419, tokens/sec: 69536.06 ± 726.36, tokens seen: 1167851520, grad norm: 0.4884
[iter 8920]loss: 2.9765, tokens/sec: 69536.08 ± 725.95, tokens seen: 1169162240, grad norm: 0.4524
[iter 8930]loss: 3.4129, tokens/sec: 69536.08 ± 725.55, tokens seen: 1170472960, grad norm: 0.5359
[iter 8940]loss: 3.2800, tokens/sec: 69536.07 ± 725.14, tokens seen: 1171783680, grad norm: 0.5138
[iter 8950]loss: 3.2033, tokens/sec: 69536.05 ± 724.74, tokens seen: 1173094400, grad norm: 0.4615
[iter 8960]loss: 3.2334, tokens/sec: 69536.02 ± 724.34, tokens seen: 1174405120, grad norm: 0.4922
[iter 8970]loss: 3.4267, tokens/sec: 69536.00 ± 723.94, tokens seen: 1175715840, grad norm: 0.5838
[iter 8980]loss: 3.4167, tokens/sec: 69536.00 ± 723.54, tokens seen: 1177026560, grad norm: 0.4683
[iter 8990]loss: 3.3440, tokens/sec: 69535.98 ± 723.14, tokens seen: 1178337280, grad norm: 0.4923
[step 9000]train loss: 3.2608, val loss: 3.2735, (avg train loss: 0.8152 ± 0.0270), (avg grad norm: 0.4737 ± 0.0449)
saving checkpoint to ./out-owt-medium-mhc-group-lora-midnorm-inbeta-bs16-10000step
[iter 9000]loss: 3.3247, tokens/sec: 69535.98 ± 722.74, tokens seen: 1179648000, grad norm: 0.4821
[iter 9010]loss: 3.2417, tokens/sec: 69536.02 ± 722.34, tokens seen: 1180958720, grad norm: 0.5830
[iter 9020]loss: 3.1418, tokens/sec: 69536.05 ± 721.94, tokens seen: 1182269440, grad norm: 0.5084
[iter 9030]loss: 3.2960, tokens/sec: 69536.11 ± 721.55, tokens seen: 1183580160, grad norm: 0.5955
[iter 9040]loss: 3.2909, tokens/sec: 69536.16 ± 721.15, tokens seen: 1184890880, grad norm: 0.5070
[iter 9050]loss: 3.3137, tokens/sec: 69536.16 ± 720.75, tokens seen: 1186201600, grad norm: 0.5040
[iter 9060]loss: 3.1722, tokens/sec: 69536.17 ± 720.35, tokens seen: 1187512320, grad norm: 0.5179
[iter 9070]loss: 3.3913, tokens/sec: 69536.17 ± 719.96, tokens seen: 1188823040, grad norm: 0.4887
[iter 9080]loss: 3.4173, tokens/sec: 69536.19 ± 719.56, tokens seen: 1190133760, grad norm: 0.5303
[iter 9090]loss: 3.2781, tokens/sec: 69536.18 ± 719.17, tokens seen: 1191444480, grad norm: 0.5382
[iter 9100]loss: 3.1157, tokens/sec: 69536.15 ± 718.78, tokens seen: 1192755200, grad norm: 0.4466
[iter 9110]loss: 3.2533, tokens/sec: 69536.15 ± 718.39, tokens seen: 1194065920, grad norm: 0.4476
[iter 9120]loss: 3.2511, tokens/sec: 69536.16 ± 717.99, tokens seen: 1195376640, grad norm: 0.5037
[iter 9130]loss: 3.2004, tokens/sec: 69536.16 ± 717.60, tokens seen: 1196687360, grad norm: 0.4630
[iter 9140]loss: 3.2121, tokens/sec: 69536.13 ± 717.21, tokens seen: 1197998080, grad norm: 0.4815
[iter 9150]loss: 3.2019, tokens/sec: 69536.13 ± 716.82, tokens seen: 1199308800, grad norm: 0.4527
[iter 9160]loss: 3.4237, tokens/sec: 69536.13 ± 716.43, tokens seen: 1200619520, grad norm: 0.4467
[iter 9170]loss: 3.3714, tokens/sec: 69536.13 ± 716.04, tokens seen: 1201930240, grad norm: 0.4882
[iter 9180]loss: 3.1295, tokens/sec: 69536.14 ± 715.65, tokens seen: 1203240960, grad norm: 0.5545
[iter 9190]loss: 3.3378, tokens/sec: 69536.15 ± 715.26, tokens seen: 1204551680, grad norm: 0.4971
[iter 9200]loss: 3.2967, tokens/sec: 69536.15 ± 714.87, tokens seen: 1205862400, grad norm: 0.4562
[iter 9210]loss: 3.2648, tokens/sec: 69536.15 ± 714.49, tokens seen: 1207173120, grad norm: 0.5131
[iter 9220]loss: 3.2768, tokens/sec: 69536.16 ± 714.10, tokens seen: 1208483840, grad norm: 0.4915
[iter 9230]loss: 3.2473, tokens/sec: 69536.16 ± 713.72, tokens seen: 1209794560, grad norm: 0.4759
[iter 9240]loss: 3.2485, tokens/sec: 69536.17 ± 713.33, tokens seen: 1211105280, grad norm: 0.4883
[iter 9250]loss: 3.3181, tokens/sec: 69536.16 ± 712.95, tokens seen: 1212416000, grad norm: 0.4424
[iter 9260]loss: 3.4053, tokens/sec: 69536.17 ± 712.56, tokens seen: 1213726720, grad norm: 0.4463
[iter 9270]loss: 3.2987, tokens/sec: 69536.17 ± 712.18, tokens seen: 1215037440, grad norm: 0.4707
[iter 9280]loss: 3.2501, tokens/sec: 69536.18 ± 711.80, tokens seen: 1216348160, grad norm: 0.4840
[iter 9290]loss: 3.2597, tokens/sec: 69536.17 ± 711.41, tokens seen: 1217658880, grad norm: 0.4362
[iter 9300]loss: 3.2213, tokens/sec: 69536.15 ± 711.04, tokens seen: 1218969600, grad norm: 0.4748
[iter 9310]loss: 3.2937, tokens/sec: 69536.16 ± 710.65, tokens seen: 1220280320, grad norm: 0.4683
[iter 9320]loss: 3.3001, tokens/sec: 69536.16 ± 710.27, tokens seen: 1221591040, grad norm: 0.4694
[iter 9330]loss: 3.1522, tokens/sec: 69536.18 ± 709.89, tokens seen: 1222901760, grad norm: 0.5514
[iter 9340]loss: 3.3869, tokens/sec: 69536.18 ± 709.52, tokens seen: 1224212480, grad norm: 0.4182
[iter 9350]loss: 3.2503, tokens/sec: 69536.22 ± 709.14, tokens seen: 1225523200, grad norm: 0.4545
[iter 9360]loss: 3.2415, tokens/sec: 69536.22 ± 708.76, tokens seen: 1226833920, grad norm: 0.4504
[iter 9370]loss: 3.0925, tokens/sec: 69536.25 ± 708.38, tokens seen: 1228144640, grad norm: 0.5028
[iter 9380]loss: 3.3359, tokens/sec: 69536.26 ± 708.01, tokens seen: 1229455360, grad norm: 0.5383
[iter 9390]loss: 3.2707, tokens/sec: 69536.28 ± 707.63, tokens seen: 1230766080, grad norm: 0.5468
[iter 9400]loss: 3.2618, tokens/sec: 69536.29 ± 707.25, tokens seen: 1232076800, grad norm: 0.5013
[iter 9410]loss: 3.1291, tokens/sec: 69536.32 ± 706.88, tokens seen: 1233387520, grad norm: 0.5026
[iter 9420]loss: 3.1304, tokens/sec: 69536.34 ± 706.51, tokens seen: 1234698240, grad norm: 0.4472
[iter 9430]loss: 3.1841, tokens/sec: 69536.33 ± 706.13, tokens seen: 1236008960, grad norm: 0.4152
[iter 9440]loss: 3.2577, tokens/sec: 69536.35 ± 705.76, tokens seen: 1237319680, grad norm: 0.5129
[iter 9450]loss: 3.4312, tokens/sec: 69536.35 ± 705.39, tokens seen: 1238630400, grad norm: 0.5739
[iter 9460]loss: 3.3664, tokens/sec: 69536.37 ± 705.02, tokens seen: 1239941120, grad norm: 0.4554
[iter 9470]loss: 3.2765, tokens/sec: 69536.38 ± 704.65, tokens seen: 1241251840, grad norm: 0.5066
[iter 9480]loss: 3.2135, tokens/sec: 69536.39 ± 704.28, tokens seen: 1242562560, grad norm: 0.4452
[iter 9490]loss: 3.3946, tokens/sec: 69536.40 ± 703.90, tokens seen: 1243873280, grad norm: 0.4668
[step 9500]train loss: 3.2456, val loss: 3.2601, (avg train loss: 0.8166 ± 0.0246), (avg grad norm: 0.4938 ± 0.0514)
saving checkpoint to ./out-owt-medium-mhc-group-lora-midnorm-inbeta-bs16-10000step
[iter 9500]loss: 3.3284, tokens/sec: 69536.42 ± 703.54, tokens seen: 1245184000, grad norm: 0.4395
[iter 9510]loss: 3.1287, tokens/sec: 69536.46 ± 703.17, tokens seen: 1246494720, grad norm: 0.4183
[iter 9520]loss: 3.3796, tokens/sec: 69536.52 ± 702.81, tokens seen: 1247805440, grad norm: 0.4936
[iter 9530]loss: 3.1297, tokens/sec: 69536.56 ± 702.44, tokens seen: 1249116160, grad norm: 0.4550
[iter 9540]loss: 3.2766, tokens/sec: 69536.59 ± 702.07, tokens seen: 1250426880, grad norm: 0.5159
[iter 9550]loss: 3.3822, tokens/sec: 69536.63 ± 701.71, tokens seen: 1251737600, grad norm: 0.4315
[iter 9560]loss: 3.4347, tokens/sec: 69536.66 ± 701.34, tokens seen: 1253048320, grad norm: 0.4812
[iter 9570]loss: 3.2489, tokens/sec: 69536.68 ± 700.97, tokens seen: 1254359040, grad norm: 0.4358
[iter 9580]loss: 3.3357, tokens/sec: 69536.69 ± 700.61, tokens seen: 1255669760, grad norm: 0.5013
[iter 9590]loss: 3.3008, tokens/sec: 69536.73 ± 700.24, tokens seen: 1256980480, grad norm: 0.4726
[iter 9600]loss: 3.0332, tokens/sec: 69536.72 ± 699.88, tokens seen: 1258291200, grad norm: 0.4888
[iter 9610]loss: 3.4352, tokens/sec: 69536.71 ± 699.52, tokens seen: 1259601920, grad norm: 0.4743
[iter 9620]loss: 3.2423, tokens/sec: 69536.71 ± 699.16, tokens seen: 1260912640, grad norm: 0.4899
[iter 9630]loss: 3.2578, tokens/sec: 69536.71 ± 698.79, tokens seen: 1262223360, grad norm: 0.4395
[iter 9640]loss: 3.3156, tokens/sec: 69536.72 ± 698.43, tokens seen: 1263534080, grad norm: 0.4351
[iter 9650]loss: 3.2387, tokens/sec: 69536.74 ± 698.07, tokens seen: 1264844800, grad norm: 0.6452
[iter 9660]loss: 3.2495, tokens/sec: 69536.74 ± 697.71, tokens seen: 1266155520, grad norm: 0.5564
[iter 9670]loss: 3.4109, tokens/sec: 69536.74 ± 697.35, tokens seen: 1267466240, grad norm: 0.4478
[iter 9680]loss: 3.5512, tokens/sec: 69536.79 ± 696.99, tokens seen: 1268776960, grad norm: 0.4470
[iter 9690]loss: 3.3066, tokens/sec: 69536.76 ± 696.64, tokens seen: 1270087680, grad norm: 0.6777
[iter 9700]loss: 3.3883, tokens/sec: 69536.75 ± 696.28, tokens seen: 1271398400, grad norm: 0.5065
[iter 9710]loss: 3.1825, tokens/sec: 69536.75 ± 695.92, tokens seen: 1272709120, grad norm: 0.4789
[iter 9720]loss: 3.2892, tokens/sec: 69536.74 ± 695.57, tokens seen: 1274019840, grad norm: 0.4525
[iter 9730]loss: 3.2240, tokens/sec: 69536.75 ± 695.21, tokens seen: 1275330560, grad norm: 0.5255
[iter 9740]loss: 3.1310, tokens/sec: 69536.75 ± 694.85, tokens seen: 1276641280, grad norm: 0.4506
[iter 9750]loss: 3.1833, tokens/sec: 69536.78 ± 694.50, tokens seen: 1277952000, grad norm: 0.5741
[iter 9760]loss: 3.3609, tokens/sec: 69536.76 ± 694.14, tokens seen: 1279262720, grad norm: 0.5668
[iter 9770]loss: 3.2850, tokens/sec: 69536.78 ± 693.79, tokens seen: 1280573440, grad norm: 0.4931
[iter 9780]loss: 3.1396, tokens/sec: 69536.76 ± 693.44, tokens seen: 1281884160, grad norm: 0.4695
[iter 9790]loss: 3.2195, tokens/sec: 69536.77 ± 693.08, tokens seen: 1283194880, grad norm: 0.5073
[iter 9800]loss: 3.3112, tokens/sec: 69536.76 ± 692.73, tokens seen: 1284505600, grad norm: 0.4922
[iter 9810]loss: 3.3244, tokens/sec: 69536.73 ± 692.38, tokens seen: 1285816320, grad norm: 0.4762
[iter 9820]loss: 3.1997, tokens/sec: 69536.70 ± 692.04, tokens seen: 1287127040, grad norm: 0.4952
[iter 9830]loss: 3.1961, tokens/sec: 69536.69 ± 691.69, tokens seen: 1288437760, grad norm: 0.4667
[iter 9840]loss: 3.2421, tokens/sec: 69536.72 ± 691.34, tokens seen: 1289748480, grad norm: 0.4794
[iter 9850]loss: 3.0563, tokens/sec: 69536.73 ± 690.99, tokens seen: 1291059200, grad norm: 0.6199
[iter 9860]loss: 3.2325, tokens/sec: 69536.74 ± 690.64, tokens seen: 1292369920, grad norm: 0.4802
[iter 9870]loss: 3.0559, tokens/sec: 69536.73 ± 690.29, tokens seen: 1293680640, grad norm: 0.6280
[iter 9880]loss: 3.2096, tokens/sec: 69536.76 ± 689.94, tokens seen: 1294991360, grad norm: 0.4192
[iter 9890]loss: 3.2242, tokens/sec: 69536.76 ± 689.60, tokens seen: 1296302080, grad norm: 0.5598
[iter 9900]loss: 3.3319, tokens/sec: 69536.75 ± 689.25, tokens seen: 1297612800, grad norm: 0.4905
[iter 9910]loss: 3.2876, tokens/sec: 69536.76 ± 688.90, tokens seen: 1298923520, grad norm: 0.5066
[iter 9920]loss: 3.2034, tokens/sec: 69536.73 ± 688.56, tokens seen: 1300234240, grad norm: 0.5074
[iter 9930]loss: 3.2644, tokens/sec: 69536.77 ± 688.21, tokens seen: 1301544960, grad norm: 0.6604
[iter 9940]loss: 3.2183, tokens/sec: 69536.79 ± 687.87, tokens seen: 1302855680, grad norm: 0.5810
[iter 9950]loss: 3.3917, tokens/sec: 69536.79 ± 687.52, tokens seen: 1304166400, grad norm: 0.5176
[iter 9960]loss: 3.2562, tokens/sec: 69536.77 ± 687.18, tokens seen: 1305477120, grad norm: 0.6437
[iter 9970]loss: 3.2247, tokens/sec: 69536.74 ± 686.84, tokens seen: 1306787840, grad norm: 0.4466
[iter 9980]loss: 3.2479, tokens/sec: 69536.72 ± 686.50, tokens seen: 1308098560, grad norm: 0.4488
[iter 9990]loss: 3.4028, tokens/sec: 69536.73 ± 686.15, tokens seen: 1309409280, grad norm: 0.5410
[step 10000]train loss: 3.2551, val loss: 3.2601, (avg train loss: 0.8104 ± 0.0249), (avg grad norm: 0.5152 ± 0.0656)
[iter 10000]loss: 3.2124, tokens/sec: 69536.73 ± 685.81, tokens seen: 1310720000, grad norm: 0.4854
[1;34mwandb[0m: 
[1;34mwandb[0m: 🚀 View run [33mM-group_lora_midnorm-inbeta-owt-bs16-10kstep-8009[0m at: [34mhttps://wandb.ai/guotzzz-peking-university/mhc-lite/runs/68ftd7nl[0m
[1;34mwandb[0m: Find logs at: [1;35mwandb/run-20260722_095638-68ftd7nl/logs[0m
