W0720 22:00:12.397000 2985100 torch/distributed/run.py:766] 
W0720 22:00:12.397000 2985100 torch/distributed/run.py:766] *****************************************
W0720 22:00:12.397000 2985100 torch/distributed/run.py:766] Setting OMP_NUM_THREADS environment variable for each process to be 1 in default, to avoid your system being overloaded, please further tune the variable for optimal performance in your application as needed. 
W0720 22:00:12.397000 2985100 torch/distributed/run.py:766] *****************************************
Overriding config with config/train_owt.py:
eval_interval = 500
eval_iters = 200
log_interval = 10
always_save_checkpoint = False

wandb_log = True
wandb_project = 'mhc-lite'
out_prefix_dataset = "owt"

dataset = 'openwebtext'
gradient_accumulation_steps = 8  
batch_size = 16
block_size = 1024

dtype = 'bfloat16'

Overriding config with config/large_model.py:
wandb_group = "large"
out_prefix_model = "large"

n_layer = 24
n_head = 16
n_embd = 1024
dropout = 0.0

learning_rate = 3e-4
min_lr = 3e-5
max_iters = 10000
lr_decay_iters = 10000
warmup_iters = 200
weight_decay = 0.1
beta1 = 0.9
beta2 = 0.95
grad_clip = 1.0


Overriding config with config/with_mhc_lora_residual_midnorm.py:
hyper_conn_type = "mhc_lora_residual_midnorm"
hyper_conn_n = 4

wandb_notes = "mhc-lora-residual-midnorm (RMSNorm on LoRA rank dim, between A and B)"
out_prefix_method = "mhc-lora-residual-midnorm"

Overriding: compile = True
Overriding: batch_size = 8
Overriding: max_iters = 20000
Overriding: lr_decay_iters = 20000
tokens per iteration will be: 65,536
Initializing a new model from scratch
defaulting to vocab_size of GPT-2 to 50304 (50257 rounded up for efficiency)
HYPER_CONN: USING mhc_lora_residual_midnorm with 4 streams
Overriding config with config/train_owt.py:
eval_interval = 500
eval_iters = 200
log_interval = 10
always_save_checkpoint = False

wandb_log = True
wandb_project = 'mhc-lite'
out_prefix_dataset = "owt"

dataset = 'openwebtext'
gradient_accumulation_steps = 8  
batch_size = 16
block_size = 1024

dtype = 'bfloat16'

Overriding config with config/large_model.py:
wandb_group = "large"
out_prefix_model = "large"

n_layer = 24
n_head = 16
n_embd = 1024
dropout = 0.0

learning_rate = 3e-4
min_lr = 3e-5
max_iters = 10000
lr_decay_iters = 10000
warmup_iters = 200
weight_decay = 0.1
beta1 = 0.9
beta2 = 0.95
grad_clip = 1.0


Overriding config with config/with_mhc_lora_residual_midnorm.py:
hyper_conn_type = "mhc_lora_residual_midnorm"
hyper_conn_n = 4

wandb_notes = "mhc-lora-residual-midnorm (RMSNorm on LoRA rank dim, between A and B)"
out_prefix_method = "mhc-lora-residual-midnorm"

Overriding: compile = True
Overriding: batch_size = 8
Overriding: max_iters = 20000
Overriding: lr_decay_iters = 20000
wandb: [wandb.login()] Loaded credentials for https://api.wandb.ai from /root/.netrc.
wandb: Currently logged in as: guotzzz (guotzzz-peking-university) to https://api.wandb.ai. Use `wandb login --relogin` to force relogin
wandb: setting up run cqripb7g
wandb: Tracking run with wandb version 0.28.0
wandb: Run data is saved locally in /home/work/data/guotianzizhe/project/mhc-lite/wandb/run-20260720_220019-cqripb7g
wandb: Run `wandb offline` to turn off syncing.
wandb: Syncing run exp-2519
wandb: ⭐️ View project at https://wandb.ai/guotzzz-peking-university/mhc-lite
wandb: 🚀 View run at https://wandb.ai/guotzzz-peking-university/mhc-lite/runs/cqripb7g
tokens per iteration will be: 65,536
====================================================================================================
n_layer = 24
n_head = 16
n_embd = 1024
block_size = 1024
bias = False
vocab_size = None
dropout = 0.0
hyper_conn_n = 4
hyper_conn_type = mhc_lora_residual_midnorm
====================================================================================================
Initializing a new model from scratch
defaulting to vocab_size of GPT-2 to 50304 (50257 rounded up for efficiency)
HYPER_CONN: USING mhc_lora_residual_midnorm with 4 streams
number of parameters: 361.61M
num decayed parameter tensors: 290, with 360,842,176 parameters
num non-decayed parameter tensors: 337, with 1,819,984 parameters
using fused AdamW: True
compiling the model... (takes a ~minute)
number of parameters: 361.61M
num decayed parameter tensors: 290, with 360,842,176 parameters
num non-decayed parameter tensors: 337, with 1,819,984 parameters
using fused AdamW: True
compiling the model... (takes a ~minute)
[step 0]train loss: 13.5255, val loss: 13.5231, (avg train loss: 0.0000 ± 0.0000), (avg grad norm: 0.0000 ± 0.0000)
[iter 0]loss: 13.5152, tokens/sec: 464.89 ± 0.00, tokens seen: 0, grad norm: 117.3874
[iter 10]loss: 10.8482, tokens/sec: 26534.68 ± 8405.75, tokens seen: 655360, grad norm: 36.9049
[iter 20]loss: 9.6020, tokens/sec: 27104.62 ± 6152.04, tokens seen: 1310720, grad norm: 23.6907
[iter 30]loss: 8.4734, tokens/sec: 27661.15 ± 5258.05, tokens seen: 1966080, grad norm: 23.7283
[iter 40]loss: 7.8932, tokens/sec: 27961.56 ± 4721.92, tokens seen: 2621440, grad norm: 8.3513
[iter 50]loss: 7.5636, tokens/sec: 28327.18 ± 4423.30, tokens seen: 3276800, grad norm: 7.2490
[iter 60]loss: 7.0261, tokens/sec: 28149.82 ± 4273.42, tokens seen: 3932160, grad norm: 6.9987
[iter 70]loss: 7.3582, tokens/sec: 27741.74 ± 4191.90, tokens seen: 4587520, grad norm: 4.3404
[iter 80]loss: 6.9552, tokens/sec: 27951.04 ± 4005.89, tokens seen: 5242880, grad norm: 7.5175
[iter 90]loss: 6.8864, tokens/sec: 28078.21 ± 4005.10, tokens seen: 5898240, grad norm: 6.5048
[iter 100]loss: 7.0877, tokens/sec: 27975.29 ± 3884.40, tokens seen: 6553600, grad norm: 8.6537
[iter 110]loss: 6.7671, tokens/sec: 27776.41 ± 3819.69, tokens seen: 7208960, grad norm: 4.6118
[iter 120]loss: 6.7506, tokens/sec: 27799.13 ± 3709.45, tokens seen: 7864320, grad norm: 3.4007
[iter 130]loss: 6.6551, tokens/sec: 27608.34 ± 3690.56, tokens seen: 8519680, grad norm: 4.9600
[iter 140]loss: 6.7985, tokens/sec: 27595.25 ± 3652.89, tokens seen: 9175040, grad norm: 8.1436
[iter 150]loss: 6.8754, tokens/sec: 27627.25 ± 3609.72, tokens seen: 9830400, grad norm: 3.7494
[iter 160]loss: 6.8604, tokens/sec: 27585.94 ± 3545.33, tokens seen: 10485760, grad norm: 4.5789
[iter 170]loss: 6.7619, tokens/sec: 27764.82 ± 3525.10, tokens seen: 11141120, grad norm: 5.8991
[iter 180]loss: 6.4153, tokens/sec: 27753.11 ± 3505.27, tokens seen: 11796480, grad norm: 2.9651
[iter 190]loss: 6.5138, tokens/sec: 27795.58 ± 3511.19, tokens seen: 12451840, grad norm: 5.5861
[iter 200]loss: 6.3236, tokens/sec: 27697.29 ± 3503.42, tokens seen: 13107200, grad norm: 4.6496
[iter 210]loss: 6.4420, tokens/sec: 27669.06 ± 3450.78, tokens seen: 13762560, grad norm: 3.1675
[iter 220]loss: 6.3515, tokens/sec: 27549.24 ± 3447.65, tokens seen: 14417920, grad norm: 3.9938
[iter 230]loss: 6.3704, tokens/sec: 27384.10 ± 3482.21, tokens seen: 15073280, grad norm: 2.9567
[iter 240]loss: 6.5528, tokens/sec: 27211.07 ± 3519.14, tokens seen: 15728640, grad norm: 3.2541
[iter 250]loss: 6.4486, tokens/sec: 27074.50 ± 3527.69, tokens seen: 16384000, grad norm: 3.2580
[iter 260]loss: 6.2335, tokens/sec: 26908.66 ± 3563.17, tokens seen: 17039360, grad norm: 2.5042
[iter 270]loss: 6.0312, tokens/sec: 26786.78 ± 3569.25, tokens seen: 17694720, grad norm: 3.2293
[iter 280]loss: 6.0633, tokens/sec: 26674.57 ± 3579.52, tokens seen: 18350080, grad norm: 2.2890
[iter 290]loss: 6.3042, tokens/sec: 26560.32 ± 3577.28, tokens seen: 19005440, grad norm: 3.0154
[iter 300]loss: 5.8299, tokens/sec: 26474.35 ± 3582.60, tokens seen: 19660800, grad norm: 2.3890
[iter 310]loss: 6.0661, tokens/sec: 26369.80 ± 3578.30, tokens seen: 20316160, grad norm: 1.8017
[iter 320]loss: 6.3344, tokens/sec: 26242.55 ± 3593.99, tokens seen: 20971520, grad norm: 2.0710
[iter 330]loss: 6.1435, tokens/sec: 26176.16 ± 3569.09, tokens seen: 21626880, grad norm: 2.8635
[iter 340]loss: 5.7670, tokens/sec: 26080.84 ± 3563.51, tokens seen: 22282240, grad norm: 1.8074
[iter 350]loss: 5.9372, tokens/sec: 26094.81 ± 3553.81, tokens seen: 22937600, grad norm: 1.8540
[iter 360]loss: 5.7040, tokens/sec: 26029.44 ± 3534.93, tokens seen: 23592960, grad norm: 1.8422
[iter 370]loss: 5.8143, tokens/sec: 25997.39 ± 3507.41, tokens seen: 24248320, grad norm: 1.6602
[iter 380]loss: 5.9803, tokens/sec: 25922.89 ± 3497.52, tokens seen: 24903680, grad norm: 1.3463
[iter 390]loss: 5.8833, tokens/sec: 25838.67 ± 3492.41, tokens seen: 25559040, grad norm: 2.8341
[iter 400]loss: 5.9208, tokens/sec: 25807.52 ± 3485.86, tokens seen: 26214400, grad norm: 1.6346
[iter 410]loss: 5.9937, tokens/sec: 25754.87 ± 3479.60, tokens seen: 26869760, grad norm: 1.5715
[iter 420]loss: 6.1047, tokens/sec: 25735.71 ± 3456.52, tokens seen: 27525120, grad norm: 1.5837
[iter 430]loss: 5.6854, tokens/sec: 25729.63 ± 3446.83, tokens seen: 28180480, grad norm: 1.6498
[iter 440]loss: 6.1131, tokens/sec: 25691.11 ± 3422.41, tokens seen: 28835840, grad norm: 2.2250
[iter 450]loss: 5.6981, tokens/sec: 25653.98 ± 3402.33, tokens seen: 29491200, grad norm: 2.1530
[iter 460]loss: 5.8130, tokens/sec: 25585.70 ± 3399.18, tokens seen: 30146560, grad norm: 1.4507
[iter 470]loss: 5.5085, tokens/sec: 25541.55 ± 3387.89, tokens seen: 30801920, grad norm: 2.1265
[iter 480]loss: 5.5311, tokens/sec: 25524.11 ± 3384.20, tokens seen: 31457280, grad norm: 1.5869
[iter 490]loss: 5.6638, tokens/sec: 25465.52 ± 3376.77, tokens seen: 32112640, grad norm: 1.5259
[step 500]train loss: 5.5871, val loss: 5.5818, (avg train loss: 1.4581 ± 0.0488), (avg grad norm: 2.0405 ± 0.5332)
saving checkpoint to ./out-owt-large-mhc-lora-residual-midnorm-bs8-20000step
[iter 500]loss: 5.6993, tokens/sec: 25422.90 ± 3362.70, tokens seen: 32768000, grad norm: 1.6454
[iter 510]loss: 5.5431, tokens/sec: 25389.67 ± 3352.25, tokens seen: 33423360, grad norm: 2.2158
[iter 520]loss: 5.4543, tokens/sec: 25344.35 ± 3341.93, tokens seen: 34078720, grad norm: 1.6632
[iter 530]loss: 5.4971, tokens/sec: 25287.49 ± 3338.15, tokens seen: 34734080, grad norm: 1.9825
[iter 540]loss: 5.4877, tokens/sec: 25252.66 ± 3329.26, tokens seen: 35389440, grad norm: 1.4594
[iter 550]loss: 6.0437, tokens/sec: 25211.03 ± 3319.73, tokens seen: 36044800, grad norm: 1.2204
[iter 560]loss: 5.1589, tokens/sec: 25171.58 ± 3313.31, tokens seen: 36700160, grad norm: 1.4384
[iter 570]loss: 5.5652, tokens/sec: 25131.94 ± 3300.95, tokens seen: 37355520, grad norm: 1.6498
[iter 580]loss: 5.2536, tokens/sec: 25126.94 ± 3294.63, tokens seen: 38010880, grad norm: 2.3096
[iter 590]loss: 5.5169, tokens/sec: 25125.77 ± 3276.78, tokens seen: 38666240, grad norm: 1.6092
[iter 600]loss: 5.2269, tokens/sec: 25110.93 ± 3284.10, tokens seen: 39321600, grad norm: 1.4648
[iter 610]loss: 5.2389, tokens/sec: 25075.16 ± 3272.92, tokens seen: 39976960, grad norm: 1.5236
[iter 620]loss: 5.2107, tokens/sec: 25047.58 ± 3258.99, tokens seen: 40632320, grad norm: 1.4728
[iter 630]loss: 5.1390, tokens/sec: 25020.78 ± 3249.00, tokens seen: 41287680, grad norm: 1.8135
[iter 640]loss: 5.2007, tokens/sec: 25029.76 ± 3255.39, tokens seen: 41943040, grad norm: 1.3917
[iter 650]loss: 5.4025, tokens/sec: 25069.35 ± 3255.29, tokens seen: 42598400, grad norm: 1.3601
[iter 660]loss: 5.3623, tokens/sec: 25038.75 ± 3241.88, tokens seen: 43253760, grad norm: 1.3148
[iter 670]loss: 4.9681, tokens/sec: 25005.85 ± 3247.52, tokens seen: 43909120, grad norm: 1.3504
[iter 680]loss: 5.3761, tokens/sec: 24970.54 ± 3237.94, tokens seen: 44564480, grad norm: 1.2715
[iter 690]loss: 5.1295, tokens/sec: 24964.77 ± 3225.43, tokens seen: 45219840, grad norm: 1.2433
[iter 700]loss: 5.1254, tokens/sec: 24927.75 ± 3217.42, tokens seen: 45875200, grad norm: 1.2466
[iter 710]loss: 5.0447, tokens/sec: 24921.54 ± 3202.27, tokens seen: 46530560, grad norm: 1.2215
[iter 720]loss: 5.2820, tokens/sec: 24897.32 ± 3191.46, tokens seen: 47185920, grad norm: 1.4538
[iter 730]loss: 5.1426, tokens/sec: 24875.99 ± 3181.06, tokens seen: 47841280, grad norm: 1.3443
[iter 740]loss: 5.1270, tokens/sec: 24842.99 ± 3173.95, tokens seen: 48496640, grad norm: 1.4022
[iter 750]loss: 5.0624, tokens/sec: 24834.64 ± 3174.13, tokens seen: 49152000, grad norm: 1.0532
[iter 760]loss: 5.0112, tokens/sec: 24806.33 ± 3166.00, tokens seen: 49807360, grad norm: 1.3946
[iter 770]loss: 5.1253, tokens/sec: 24871.67 ± 3209.54, tokens seen: 50462720, grad norm: 1.1549
[iter 780]loss: 4.9581, tokens/sec: 24850.05 ± 3199.09, tokens seen: 51118080, grad norm: 1.2916
[iter 790]loss: 4.8517, tokens/sec: 24858.48 ± 3189.82, tokens seen: 51773440, grad norm: 1.3232
[iter 800]loss: 4.9656, tokens/sec: 24837.91 ± 3179.79, tokens seen: 52428800, grad norm: 1.2118
[iter 810]loss: 5.0258, tokens/sec: 24834.96 ± 3174.06, tokens seen: 53084160, grad norm: 1.4907
[iter 820]loss: 4.8876, tokens/sec: 24809.84 ± 3165.37, tokens seen: 53739520, grad norm: 1.4993
[iter 830]loss: 4.9690, tokens/sec: 24789.24 ± 3154.92, tokens seen: 54394880, grad norm: 1.3335
[iter 840]loss: 4.7340, tokens/sec: 24771.80 ± 3151.72, tokens seen: 55050240, grad norm: 1.2451
[iter 850]loss: 5.2099, tokens/sec: 24758.89 ± 3141.19, tokens seen: 55705600, grad norm: 1.2433
[iter 860]loss: 4.9249, tokens/sec: 24746.19 ± 3137.42, tokens seen: 56360960, grad norm: 1.2989
[iter 870]loss: 4.9405, tokens/sec: 24719.46 ± 3131.24, tokens seen: 57016320, grad norm: 1.7414
[iter 880]loss: 4.9211, tokens/sec: 24702.83 ± 3121.38, tokens seen: 57671680, grad norm: 1.3253
[iter 890]loss: 5.0754, tokens/sec: 24689.62 ± 3111.92, tokens seen: 58327040, grad norm: 1.2562
[iter 900]loss: 5.1105, tokens/sec: 24708.39 ± 3122.38, tokens seen: 58982400, grad norm: 1.3477
[iter 910]loss: 4.9209, tokens/sec: 24693.18 ± 3113.54, tokens seen: 59637760, grad norm: 1.1290
[iter 920]loss: 4.9393, tokens/sec: 24702.53 ± 3117.83, tokens seen: 60293120, grad norm: 1.1652
[iter 930]loss: 4.8679, tokens/sec: 24666.60 ± 3120.71, tokens seen: 60948480, grad norm: 1.2877
[iter 940]loss: 4.8241, tokens/sec: 24659.88 ± 3116.71, tokens seen: 61603840, grad norm: 1.3272
[iter 950]loss: 4.8759, tokens/sec: 24640.40 ± 3108.72, tokens seen: 62259200, grad norm: 1.3226
[iter 960]loss: 4.7666, tokens/sec: 24627.85 ± 3101.46, tokens seen: 62914560, grad norm: 1.3117
[iter 970]loss: 4.7890, tokens/sec: 24619.49 ± 3094.80, tokens seen: 63569920, grad norm: 1.1667
[iter 980]loss: 4.7876, tokens/sec: 24621.61 ± 3088.63, tokens seen: 64225280, grad norm: 1.4598
[iter 990]loss: 4.5929, tokens/sec: 24607.19 ± 3079.99, tokens seen: 64880640, grad norm: 1.3619
[step 1000]train loss: 4.7141, val loss: 4.7264, (avg train loss: 1.2191 ± 0.0440), (avg grad norm: 1.2832 ± 0.1743)
saving checkpoint to ./out-owt-large-mhc-lora-residual-midnorm-bs8-20000step
[iter 1000]loss: 4.9691, tokens/sec: 24595.48 ± 3080.09, tokens seen: 65536000, grad norm: 1.6047
[iter 1010]loss: 4.6980, tokens/sec: 24582.60 ± 3070.16, tokens seen: 66191360, grad norm: 1.2858
[iter 1020]loss: 4.3208, tokens/sec: 24570.25 ± 3060.40, tokens seen: 66846720, grad norm: 1.4336
[iter 1030]loss: 4.6332, tokens/sec: 24562.76 ± 3053.58, tokens seen: 67502080, grad norm: 1.5918
[iter 1040]loss: 4.5171, tokens/sec: 24553.31 ± 3041.48, tokens seen: 68157440, grad norm: 1.2262
[iter 1050]loss: 4.6737, tokens/sec: 24568.68 ± 3037.37, tokens seen: 68812800, grad norm: 1.1477
[iter 1060]loss: 4.5011, tokens/sec: 24558.79 ± 3030.19, tokens seen: 69468160, grad norm: 1.2147
[iter 1070]loss: 4.3330, tokens/sec: 24551.27 ± 3024.12, tokens seen: 70123520, grad norm: 1.5471
[iter 1080]loss: 4.5332, tokens/sec: 24533.58 ± 3016.62, tokens seen: 70778880, grad norm: 1.3988
[iter 1090]loss: 4.5601, tokens/sec: 24520.61 ± 3012.60, tokens seen: 71434240, grad norm: 1.5734
[iter 1100]loss: 4.4402, tokens/sec: 24506.02 ± 3005.18, tokens seen: 72089600, grad norm: 1.1981
[iter 1110]loss: 4.5101, tokens/sec: 24497.38 ± 2998.19, tokens seen: 72744960, grad norm: 1.4756
[iter 1120]loss: 4.4586, tokens/sec: 24479.31 ± 2991.78, tokens seen: 73400320, grad norm: 1.4679
[iter 1130]loss: 4.4619, tokens/sec: 24463.62 ± 2984.33, tokens seen: 74055680, grad norm: 1.2854
[iter 1140]loss: 4.7067, tokens/sec: 24467.18 ± 2982.98, tokens seen: 74711040, grad norm: 1.2164
[iter 1150]loss: 4.5952, tokens/sec: 24450.58 ± 2976.52, tokens seen: 75366400, grad norm: 1.3907
[iter 1160]loss: 4.8138, tokens/sec: 24491.54 ± 3010.33, tokens seen: 76021760, grad norm: 1.3047
[iter 1170]loss: 4.2468, tokens/sec: 24478.39 ± 3004.09, tokens seen: 76677120, grad norm: 1.3333
[iter 1180]loss: 4.2682, tokens/sec: 24480.68 ± 2998.41, tokens seen: 77332480, grad norm: 1.6589
[iter 1190]loss: 4.5221, tokens/sec: 24475.49 ± 2992.76, tokens seen: 77987840, grad norm: 1.1730
[iter 1200]loss: 4.4715, tokens/sec: 24478.88 ± 2991.58, tokens seen: 78643200, grad norm: 1.4298
[iter 1210]loss: 4.5988, tokens/sec: 24454.22 ± 3000.38, tokens seen: 79298560, grad norm: 1.6644
[iter 1220]loss: 4.5763, tokens/sec: 24444.78 ± 2992.74, tokens seen: 79953920, grad norm: 1.1450
[iter 1230]loss: 4.4103, tokens/sec: 24442.11 ± 3013.04, tokens seen: 80609280, grad norm: 1.4146
[iter 1240]loss: 4.5462, tokens/sec: 24429.81 ± 3005.64, tokens seen: 81264640, grad norm: 1.2594
[iter 1250]loss: 4.3973, tokens/sec: 24417.40 ± 2997.25, tokens seen: 81920000, grad norm: 1.2794
[iter 1260]loss: 4.5227, tokens/sec: 24408.65 ± 2988.51, tokens seen: 82575360, grad norm: 1.5387
[iter 1270]loss: 4.5203, tokens/sec: 24421.14 ± 2999.40, tokens seen: 83230720, grad norm: 1.4282
[iter 1280]loss: 4.5912, tokens/sec: 24406.84 ± 2993.47, tokens seen: 83886080, grad norm: 1.3375
[iter 1290]loss: 4.5497, tokens/sec: 24394.04 ± 2987.75, tokens seen: 84541440, grad norm: 1.3832
[iter 1300]loss: 4.2726, tokens/sec: 24383.03 ± 2981.04, tokens seen: 85196800, grad norm: 1.4659
[iter 1310]loss: 4.5010, tokens/sec: 24373.70 ± 2978.70, tokens seen: 85852160, grad norm: 1.3327
[iter 1320]loss: 4.3068, tokens/sec: 24370.07 ± 2974.62, tokens seen: 86507520, grad norm: 1.3294
[iter 1330]loss: 4.2524, tokens/sec: 24362.63 ± 2970.54, tokens seen: 87162880, grad norm: 0.9695
[iter 1340]loss: 4.4841, tokens/sec: 24383.52 ± 2985.29, tokens seen: 87818240, grad norm: 1.4181
[iter 1350]loss: 4.1768, tokens/sec: 24376.27 ± 2978.23, tokens seen: 88473600, grad norm: 1.3765
[iter 1360]loss: 4.5372, tokens/sec: 24355.93 ± 2981.25, tokens seen: 89128960, grad norm: 1.0100
[iter 1370]loss: 4.3342, tokens/sec: 24354.89 ± 2977.06, tokens seen: 89784320, grad norm: 1.4099
[iter 1380]loss: 4.2927, tokens/sec: 24349.61 ± 2971.28, tokens seen: 90439680, grad norm: 1.0911
[iter 1390]loss: 4.4057, tokens/sec: 24348.83 ± 2976.26, tokens seen: 91095040, grad norm: 1.7127
[iter 1400]loss: 4.4450, tokens/sec: 24345.59 ± 2974.38, tokens seen: 91750400, grad norm: 0.9645
[iter 1410]loss: 4.3092, tokens/sec: 24334.41 ± 2967.22, tokens seen: 92405760, grad norm: 1.1873
[iter 1420]loss: 4.1863, tokens/sec: 24334.90 ± 2971.28, tokens seen: 93061120, grad norm: 1.1396
[iter 1430]loss: 4.4044, tokens/sec: 24332.07 ± 2969.31, tokens seen: 93716480, grad norm: 1.3397
[iter 1440]loss: 4.2625, tokens/sec: 24325.01 ± 2961.39, tokens seen: 94371840, grad norm: 1.0527
[iter 1450]loss: 4.2798, tokens/sec: 24317.00 ± 2955.08, tokens seen: 95027200, grad norm: 1.3183
[iter 1460]loss: 4.1282, tokens/sec: 24325.59 ± 2954.13, tokens seen: 95682560, grad norm: 1.3826
[iter 1470]loss: 4.3418, tokens/sec: 24315.80 ± 2947.28, tokens seen: 96337920, grad norm: 1.0447
[iter 1480]loss: 3.5507, tokens/sec: 24316.13 ± 2947.90, tokens seen: 96993280, grad norm: 1.3083
[iter 1490]loss: 4.2374, tokens/sec: 24310.41 ± 2945.37, tokens seen: 97648640, grad norm: 0.9822
[step 1500]train loss: 4.2557, val loss: 4.2789, (avg train loss: 1.0817 ± 0.0366), (avg grad norm: 1.2897 ± 0.2123)
saving checkpoint to ./out-owt-large-mhc-lora-residual-midnorm-bs8-20000step
[iter 1500]loss: 4.2484, tokens/sec: 24306.56 ± 2943.66, tokens seen: 98304000, grad norm: 1.0633
[iter 1510]loss: 4.1019, tokens/sec: 24323.56 ± 2959.39, tokens seen: 98959360, grad norm: 1.5080
[iter 1520]loss: 4.2717, tokens/sec: 24312.83 ± 2954.01, tokens seen: 99614720, grad norm: 1.3748
[iter 1530]loss: 3.9578, tokens/sec: 24309.40 ± 2956.23, tokens seen: 100270080, grad norm: 1.3839
[iter 1540]loss: 4.1285, tokens/sec: 24295.37 ± 2953.23, tokens seen: 100925440, grad norm: 1.1843
[iter 1550]loss: 4.0826, tokens/sec: 24291.18 ± 2949.19, tokens seen: 101580800, grad norm: 1.3106
[iter 1560]loss: 4.4048, tokens/sec: 24291.30 ± 2946.24, tokens seen: 102236160, grad norm: 0.9637
[iter 1570]loss: 4.2923, tokens/sec: 24289.31 ± 2945.98, tokens seen: 102891520, grad norm: 1.5712
[iter 1580]loss: 3.8170, tokens/sec: 24278.27 ± 2941.16, tokens seen: 103546880, grad norm: 1.0944
[iter 1590]loss: 4.1300, tokens/sec: 24266.23 ± 2936.93, tokens seen: 104202240, grad norm: 1.0597
[iter 1600]loss: 4.2990, tokens/sec: 24269.33 ± 2938.26, tokens seen: 104857600, grad norm: 0.9896
[iter 1610]loss: 4.2570, tokens/sec: 24267.86 ± 2934.37, tokens seen: 105512960, grad norm: 1.1319
[iter 1620]loss: 4.2154, tokens/sec: 24263.86 ± 2930.32, tokens seen: 106168320, grad norm: 1.2853
[iter 1630]loss: 4.1629, tokens/sec: 24257.47 ± 2925.89, tokens seen: 106823680, grad norm: 1.2380
[iter 1640]loss: 4.2752, tokens/sec: 24255.53 ± 2923.79, tokens seen: 107479040, grad norm: 1.3188
[iter 1650]loss: 4.2702, tokens/sec: 24248.99 ± 2920.77, tokens seen: 108134400, grad norm: 1.4899
[iter 1660]loss: 4.1952, tokens/sec: 24237.80 ± 2916.12, tokens seen: 108789760, grad norm: 1.2318
[iter 1670]loss: 4.0228, tokens/sec: 24236.48 ± 2915.49, tokens seen: 109445120, grad norm: 1.0675
[iter 1680]loss: 4.3808, tokens/sec: 24230.92 ± 2914.30, tokens seen: 110100480, grad norm: 1.0627
[iter 1690]loss: 4.1495, tokens/sec: 24223.19 ± 2908.53, tokens seen: 110755840, grad norm: 1.1819
[iter 1700]loss: 4.0528, tokens/sec: 24216.97 ± 2907.22, tokens seen: 111411200, grad norm: 0.9975
[iter 1710]loss: 4.1053, tokens/sec: 24224.99 ± 2910.20, tokens seen: 112066560, grad norm: 1.1082
[iter 1720]loss: 4.0493, tokens/sec: 24223.48 ± 2906.06, tokens seen: 112721920, grad norm: 1.0643
[iter 1730]loss: 4.0495, tokens/sec: 24217.97 ± 2901.59, tokens seen: 113377280, grad norm: 1.0900
[iter 1740]loss: 4.1576, tokens/sec: 24212.43 ± 2896.93, tokens seen: 114032640, grad norm: 1.2751
[iter 1750]loss: 4.1831, tokens/sec: 24220.51 ± 2900.93, tokens seen: 114688000, grad norm: 1.2847
[iter 1760]loss: 4.0390, tokens/sec: 24214.58 ± 2895.75, tokens seen: 115343360, grad norm: 1.1214
[iter 1770]loss: 4.0527, tokens/sec: 24207.89 ± 2891.23, tokens seen: 115998720, grad norm: 0.9600
[iter 1780]loss: 4.2981, tokens/sec: 24197.92 ± 2888.72, tokens seen: 116654080, grad norm: 0.9357
[iter 1790]loss: 3.9462, tokens/sec: 24180.95 ± 2890.63, tokens seen: 117309440, grad norm: 1.3125
[iter 1800]loss: 4.0340, tokens/sec: 24160.53 ± 2901.90, tokens seen: 117964800, grad norm: 0.9244
[iter 1810]loss: 3.9705, tokens/sec: 24142.88 ± 2907.37, tokens seen: 118620160, grad norm: 1.2494
[iter 1820]loss: 4.2468, tokens/sec: 24122.06 ± 2914.32, tokens seen: 119275520, grad norm: 0.9725
[iter 1830]loss: 4.1928, tokens/sec: 24099.36 ± 2923.26, tokens seen: 119930880, grad norm: 1.2371
[iter 1840]loss: 4.1627, tokens/sec: 24077.53 ± 2930.60, tokens seen: 120586240, grad norm: 1.1408
[iter 1850]loss: 4.1197, tokens/sec: 24065.58 ± 2931.90, tokens seen: 121241600, grad norm: 1.2612
[iter 1860]loss: 4.4263, tokens/sec: 24048.67 ± 2944.02, tokens seen: 121896960, grad norm: 0.9646
[iter 1870]loss: 4.2274, tokens/sec: 24033.38 ± 2945.33, tokens seen: 122552320, grad norm: 1.2327
[iter 1880]loss: 4.1539, tokens/sec: 24032.11 ± 2950.19, tokens seen: 123207680, grad norm: 1.1594
[iter 1890]loss: 3.8876, tokens/sec: 24018.53 ± 2951.55, tokens seen: 123863040, grad norm: 1.0718
[iter 1900]loss: 4.1165, tokens/sec: 23999.49 ± 2956.16, tokens seen: 124518400, grad norm: 1.2603
[iter 1910]loss: 3.9979, tokens/sec: 23986.01 ± 2958.43, tokens seen: 125173760, grad norm: 1.0353
[iter 1920]loss: 4.1542, tokens/sec: 23970.14 ± 2960.49, tokens seen: 125829120, grad norm: 1.1839
[iter 1930]loss: 3.9121, tokens/sec: 23963.43 ± 2963.90, tokens seen: 126484480, grad norm: 0.8703
[iter 1940]loss: 3.6672, tokens/sec: 23946.32 ± 2966.74, tokens seen: 127139840, grad norm: 2.0292
[iter 1950]loss: 4.2391, tokens/sec: 23939.03 ± 2971.89, tokens seen: 127795200, grad norm: 0.9884
[iter 1960]loss: 4.0583, tokens/sec: 23922.17 ± 2974.99, tokens seen: 128450560, grad norm: 1.0935
[iter 1970]loss: 4.0424, tokens/sec: 23914.42 ± 2974.75, tokens seen: 129105920, grad norm: 1.0311
[iter 1980]loss: 3.9616, tokens/sec: 23909.40 ± 2976.98, tokens seen: 129761280, grad norm: 1.0139
[iter 1990]loss: 4.0433, tokens/sec: 23906.49 ± 2987.82, tokens seen: 130416640, grad norm: 1.0780
[step 2000]train loss: 4.0462, val loss: 4.0686, (avg train loss: 1.0181 ± 0.0364), (avg grad norm: 1.1136 ± 0.1530)
saving checkpoint to ./out-owt-large-mhc-lora-residual-midnorm-bs8-20000step
[iter 2000]loss: 4.1712, tokens/sec: 23894.95 ± 2991.13, tokens seen: 131072000, grad norm: 1.1718
[iter 2010]loss: 4.0059, tokens/sec: 23879.35 ± 2993.55, tokens seen: 131727360, grad norm: 1.1575
[iter 2020]loss: 4.0865, tokens/sec: 23880.25 ± 2990.34, tokens seen: 132382720, grad norm: 1.0239
[iter 2030]loss: 4.2858, tokens/sec: 23882.42 ± 2992.73, tokens seen: 133038080, grad norm: 0.8965
[iter 2040]loss: 3.8463, tokens/sec: 23867.04 ± 2995.41, tokens seen: 133693440, grad norm: 1.1797
[iter 2050]loss: 3.9530, tokens/sec: 23859.10 ± 3000.26, tokens seen: 134348800, grad norm: 1.1411
[iter 2060]loss: 3.9145, tokens/sec: 23845.83 ± 3001.40, tokens seen: 135004160, grad norm: 0.9455
[iter 2070]loss: 4.0085, tokens/sec: 23838.52 ± 3005.11, tokens seen: 135659520, grad norm: 1.0295
[iter 2080]loss: 3.9818, tokens/sec: 23821.71 ± 3007.83, tokens seen: 136314880, grad norm: 1.0359
[iter 2090]loss: 4.3962, tokens/sec: 23819.73 ± 3005.62, tokens seen: 136970240, grad norm: 1.0264
[iter 2100]loss: 3.9758, tokens/sec: 23804.85 ± 3006.99, tokens seen: 137625600, grad norm: 1.0802
[iter 2110]loss: 4.1630, tokens/sec: 23799.63 ± 3009.36, tokens seen: 138280960, grad norm: 1.0446
[iter 2120]loss: 3.8626, tokens/sec: 23792.28 ± 3013.75, tokens seen: 138936320, grad norm: 0.8981
[iter 2130]loss: 4.2828, tokens/sec: 23776.02 ± 3016.17, tokens seen: 139591680, grad norm: 1.0264
[iter 2140]loss: 3.8505, tokens/sec: 23769.86 ± 3013.26, tokens seen: 140247040, grad norm: 1.3396
[iter 2150]loss: 4.1000, tokens/sec: 23759.95 ± 3010.99, tokens seen: 140902400, grad norm: 1.1051
[iter 2160]loss: 3.8760, tokens/sec: 23751.87 ± 3009.35, tokens seen: 141557760, grad norm: 0.9654
[iter 2170]loss: 3.9277, tokens/sec: 23737.87 ± 3010.11, tokens seen: 142213120, grad norm: 1.0854
[iter 2180]loss: 4.0055, tokens/sec: 23735.22 ± 3014.19, tokens seen: 142868480, grad norm: 1.1795
[iter 2190]loss: 4.0298, tokens/sec: 23728.85 ± 3019.78, tokens seen: 143523840, grad norm: 1.0868
[iter 2200]loss: 3.8392, tokens/sec: 23715.34 ± 3021.28, tokens seen: 144179200, grad norm: 1.0016
[iter 2210]loss: 4.0928, tokens/sec: 23711.17 ± 3026.43, tokens seen: 144834560, grad norm: 0.9428
[iter 2220]loss: 3.9635, tokens/sec: 23694.49 ± 3030.76, tokens seen: 145489920, grad norm: 1.1512
[iter 2230]loss: 3.8813, tokens/sec: 23682.26 ± 3036.39, tokens seen: 146145280, grad norm: 1.0468
[iter 2240]loss: 4.0288, tokens/sec: 23669.00 ± 3039.29, tokens seen: 146800640, grad norm: 0.9472
[iter 2250]loss: 3.8797, tokens/sec: 23655.66 ± 3045.69, tokens seen: 147456000, grad norm: 1.0183
[iter 2260]loss: 3.8656, tokens/sec: 23652.07 ± 3047.47, tokens seen: 148111360, grad norm: 0.8774
[iter 2270]loss: 3.5886, tokens/sec: 23637.14 ± 3050.39, tokens seen: 148766720, grad norm: 0.9712
[iter 2280]loss: 3.8851, tokens/sec: 23627.60 ± 3051.39, tokens seen: 149422080, grad norm: 0.9933
[iter 2290]loss: 3.9737, tokens/sec: 23609.67 ± 3060.98, tokens seen: 150077440, grad norm: 0.9670
[iter 2300]loss: 3.8747, tokens/sec: 23604.23 ± 3061.48, tokens seen: 150732800, grad norm: 0.8981
[iter 2310]loss: 3.8832, tokens/sec: 23592.79 ± 3061.35, tokens seen: 151388160, grad norm: 0.8602
[iter 2320]loss: 4.1080, tokens/sec: 23588.03 ± 3062.19, tokens seen: 152043520, grad norm: 0.9336
[iter 2330]loss: 4.0309, tokens/sec: 23582.63 ± 3063.00, tokens seen: 152698880, grad norm: 1.0216
[iter 2340]loss: 4.0063, tokens/sec: 23571.26 ± 3062.63, tokens seen: 153354240, grad norm: 0.9381
[iter 2350]loss: 4.1142, tokens/sec: 23571.51 ± 3067.18, tokens seen: 154009600, grad norm: 1.0098
[iter 2360]loss: 3.9022, tokens/sec: 23560.70 ± 3066.14, tokens seen: 154664960, grad norm: 0.9147
[iter 2370]loss: 3.9956, tokens/sec: 23549.79 ± 3064.83, tokens seen: 155320320, grad norm: 0.9933
[iter 2380]loss: 3.9886, tokens/sec: 23542.02 ± 3068.53, tokens seen: 155975680, grad norm: 0.9490
[iter 2390]loss: 3.9512, tokens/sec: 23539.03 ± 3067.76, tokens seen: 156631040, grad norm: 1.1082
[iter 2400]loss: 3.8971, tokens/sec: 23529.00 ± 3066.71, tokens seen: 157286400, grad norm: 1.2391
[iter 2410]loss: 4.0229, tokens/sec: 23526.88 ± 3067.48, tokens seen: 157941760, grad norm: 0.9357
[iter 2420]loss: 4.0841, tokens/sec: 23516.09 ± 3068.24, tokens seen: 158597120, grad norm: 1.0330
[iter 2430]loss: 3.9140, tokens/sec: 23510.65 ± 3068.50, tokens seen: 159252480, grad norm: 0.9369
[iter 2440]loss: 4.1705, tokens/sec: 23500.61 ± 3066.83, tokens seen: 159907840, grad norm: 0.9610
[iter 2450]loss: 4.0362, tokens/sec: 23506.53 ± 3071.50, tokens seen: 160563200, grad norm: 1.1770
[iter 2460]loss: 4.0389, tokens/sec: 23508.93 ± 3072.51, tokens seen: 161218560, grad norm: 1.1535
[iter 2470]loss: 3.8008, tokens/sec: 23504.93 ± 3079.82, tokens seen: 161873920, grad norm: 1.1049
[iter 2480]loss: 3.9155, tokens/sec: 23501.48 ± 3079.56, tokens seen: 162529280, grad norm: 1.2405
[iter 2490]loss: 3.8396, tokens/sec: 23492.84 ± 3081.26, tokens seen: 163184640, grad norm: 0.9642
[step 2500]train loss: 3.9067, val loss: 3.9151, (avg train loss: 0.9817 ± 0.0347), (avg grad norm: 1.0408 ± 0.3664)
saving checkpoint to ./out-owt-large-mhc-lora-residual-midnorm-bs8-20000step
[iter 2500]loss: 3.8021, tokens/sec: 23487.73 ± 3085.36, tokens seen: 163840000, grad norm: 0.8455
[iter 2510]loss: 4.1223, tokens/sec: 23519.83 ± 3121.03, tokens seen: 164495360, grad norm: 0.9004
[iter 2520]loss: 3.8512, tokens/sec: 23552.55 ± 3157.78, tokens seen: 165150720, grad norm: 1.0520
[iter 2530]loss: 3.9247, tokens/sec: 23585.58 ± 3194.87, tokens seen: 165806080, grad norm: 1.0870
[iter 2540]loss: 4.0656, tokens/sec: 23618.40 ± 3231.04, tokens seen: 166461440, grad norm: 1.0253
[iter 2550]loss: 3.9094, tokens/sec: 23650.86 ± 3265.97, tokens seen: 167116800, grad norm: 0.8240
[iter 2560]loss: 3.9821, tokens/sec: 23683.13 ± 3300.07, tokens seen: 167772160, grad norm: 1.0667
[iter 2570]loss: 4.2474, tokens/sec: 23715.11 ± 3333.18, tokens seen: 168427520, grad norm: 0.9847
[iter 2580]loss: 3.9615, tokens/sec: 23746.87 ± 3365.47, tokens seen: 169082880, grad norm: 1.0435
[iter 2590]loss: 3.9727, tokens/sec: 23778.39 ± 3396.93, tokens seen: 169738240, grad norm: 0.8599
[iter 2600]loss: 3.8129, tokens/sec: 23809.62 ± 3427.44, tokens seen: 170393600, grad norm: 0.7743
[iter 2610]loss: 3.9859, tokens/sec: 23840.61 ± 3457.20, tokens seen: 171048960, grad norm: 0.8013
[iter 2620]loss: 3.7719, tokens/sec: 23871.41 ± 3486.30, tokens seen: 171704320, grad norm: 0.8456
[iter 2630]loss: 3.7869, tokens/sec: 23901.97 ± 3514.67, tokens seen: 172359680, grad norm: 0.8501
[iter 2640]loss: 3.8631, tokens/sec: 23932.37 ± 3542.50, tokens seen: 173015040, grad norm: 0.8701
[iter 2650]loss: 3.6158, tokens/sec: 23962.45 ± 3569.44, tokens seen: 173670400, grad norm: 1.0009
[iter 2660]loss: 3.9610, tokens/sec: 23992.35 ± 3595.84, tokens seen: 174325760, grad norm: 1.0506
[iter 2670]loss: 3.9300, tokens/sec: 24022.04 ± 3621.62, tokens seen: 174981120, grad norm: 0.8893
[iter 2680]loss: 4.0780, tokens/sec: 24051.53 ± 3646.85, tokens seen: 175636480, grad norm: 0.9248
[iter 2690]loss: 3.7313, tokens/sec: 24080.75 ± 3671.37, tokens seen: 176291840, grad norm: 0.8711
[iter 2700]loss: 3.8097, tokens/sec: 24109.77 ± 3695.36, tokens seen: 176947200, grad norm: 0.8474
[iter 2710]loss: 3.6558, tokens/sec: 24138.59 ± 3718.84, tokens seen: 177602560, grad norm: 0.8962
[iter 2720]loss: 3.5989, tokens/sec: 24167.16 ± 3741.67, tokens seen: 178257920, grad norm: 0.8720
[iter 2730]loss: 3.8794, tokens/sec: 24195.55 ± 3764.06, tokens seen: 178913280, grad norm: 0.9719
[iter 2740]loss: 3.7751, tokens/sec: 24223.72 ± 3785.93, tokens seen: 179568640, grad norm: 0.9959
[iter 2750]loss: 4.0357, tokens/sec: 24251.65 ± 3807.22, tokens seen: 180224000, grad norm: 0.9041
[iter 2760]loss: 3.9150, tokens/sec: 24279.39 ± 3828.08, tokens seen: 180879360, grad norm: 0.9711
[iter 2770]loss: 3.7389, tokens/sec: 24306.94 ± 3848.48, tokens seen: 181534720, grad norm: 0.9071
[iter 2780]loss: 3.9929, tokens/sec: 24334.32 ± 3868.50, tokens seen: 182190080, grad norm: 1.0752
[iter 2790]loss: 3.7133, tokens/sec: 24361.48 ± 3888.03, tokens seen: 182845440, grad norm: 0.9774
[iter 2800]loss: 3.5322, tokens/sec: 24388.44 ± 3907.13, tokens seen: 183500800, grad norm: 0.8215
[iter 2810]loss: 4.0348, tokens/sec: 24415.23 ± 3925.87, tokens seen: 184156160, grad norm: 0.9815
[iter 2820]loss: 3.6386, tokens/sec: 24441.81 ± 3944.17, tokens seen: 184811520, grad norm: 1.0441
[iter 2830]loss: 4.0877, tokens/sec: 24464.88 ± 3959.66, tokens seen: 185466880, grad norm: 0.8993
[iter 2840]loss: 3.7717, tokens/sec: 24491.13 ± 3977.29, tokens seen: 186122240, grad norm: 0.8507
[iter 2850]loss: 3.7820, tokens/sec: 24517.18 ± 3994.51, tokens seen: 186777600, grad norm: 0.7960
[iter 2860]loss: 3.7608, tokens/sec: 24543.04 ± 4011.36, tokens seen: 187432960, grad norm: 0.7576
[iter 2870]loss: 3.6329, tokens/sec: 24568.72 ± 4027.86, tokens seen: 188088320, grad norm: 1.0783
[iter 2880]loss: 3.8585, tokens/sec: 24594.24 ± 4044.04, tokens seen: 188743680, grad norm: 0.9560
[iter 2890]loss: 3.7896, tokens/sec: 24619.61 ± 4059.95, tokens seen: 189399040, grad norm: 0.9685
[iter 2900]loss: 3.9660, tokens/sec: 24644.78 ± 4075.48, tokens seen: 190054400, grad norm: 0.9981
[iter 2910]loss: 3.8501, tokens/sec: 24669.78 ± 4090.70, tokens seen: 190709760, grad norm: 0.9037
[iter 2920]loss: 3.8775, tokens/sec: 24694.59 ± 4105.57, tokens seen: 191365120, grad norm: 0.7788
[iter 2930]loss: 3.7206, tokens/sec: 24719.19 ± 4120.06, tokens seen: 192020480, grad norm: 0.9047
[iter 2940]loss: 3.9489, tokens/sec: 24743.69 ± 4134.39, tokens seen: 192675840, grad norm: 0.8912
[iter 2950]loss: 3.7727, tokens/sec: 24768.02 ± 4148.41, tokens seen: 193331200, grad norm: 0.8727
[iter 2960]loss: 4.0441, tokens/sec: 24792.19 ± 4162.16, tokens seen: 193986560, grad norm: 0.7709
[iter 2970]loss: 3.6984, tokens/sec: 24816.16 ± 4175.58, tokens seen: 194641920, grad norm: 0.8822
[iter 2980]loss: 3.6247, tokens/sec: 24839.99 ± 4188.74, tokens seen: 195297280, grad norm: 0.9119
[iter 2990]loss: 3.7558, tokens/sec: 24863.68 ± 4201.69, tokens seen: 195952640, grad norm: 0.8364
[step 3000]train loss: 3.8313, val loss: 3.8283, (avg train loss: 0.9582 ± 0.0384), (avg grad norm: 0.9632 ± 0.6719)
saving checkpoint to ./out-owt-large-mhc-lora-residual-midnorm-bs8-20000step
[iter 3000]loss: 3.7853, tokens/sec: 24887.14 ± 4214.27, tokens seen: 196608000, grad norm: 0.8032
[iter 3010]loss: 3.8238, tokens/sec: 24910.48 ± 4226.66, tokens seen: 197263360, grad norm: 0.8516
[iter 3020]loss: 3.9275, tokens/sec: 24933.67 ± 4238.80, tokens seen: 197918720, grad norm: 1.0661
[iter 3030]loss: 3.8955, tokens/sec: 24956.73 ± 4250.73, tokens seen: 198574080, grad norm: 0.8437
[iter 3040]loss: 3.8762, tokens/sec: 24979.66 ± 4262.48, tokens seen: 199229440, grad norm: 0.9094
[iter 3050]loss: 3.7797, tokens/sec: 25002.42 ± 4273.95, tokens seen: 199884800, grad norm: 0.9137
[iter 3060]loss: 3.8434, tokens/sec: 25025.01 ± 4285.17, tokens seen: 200540160, grad norm: 1.0188
[iter 3070]loss: 3.8159, tokens/sec: 25047.50 ± 4296.25, tokens seen: 201195520, grad norm: 0.8741
[iter 3080]loss: 3.6905, tokens/sec: 25069.83 ± 4307.08, tokens seen: 201850880, grad norm: 1.0265
[iter 3090]loss: 3.7616, tokens/sec: 25091.98 ± 4317.64, tokens seen: 202506240, grad norm: 0.9626
[iter 3100]loss: 3.9693, tokens/sec: 25113.97 ± 4327.99, tokens seen: 203161600, grad norm: 0.9810
[iter 3110]loss: 3.8114, tokens/sec: 25135.85 ± 4338.17, tokens seen: 203816960, grad norm: 0.9667
[iter 3120]loss: 3.6998, tokens/sec: 25157.58 ± 4348.14, tokens seen: 204472320, grad norm: 0.8642
[iter 3130]loss: 3.6704, tokens/sec: 25179.21 ± 4357.97, tokens seen: 205127680, grad norm: 0.8151
[iter 3140]loss: 3.7216, tokens/sec: 25197.86 ± 4366.10, tokens seen: 205783040, grad norm: 0.8019
[iter 3150]loss: 4.0613, tokens/sec: 25219.22 ± 4375.57, tokens seen: 206438400, grad norm: 0.9025
[iter 3160]loss: 3.6427, tokens/sec: 25240.42 ± 4384.81, tokens seen: 207093760, grad norm: 0.9802
[iter 3170]loss: 3.8401, tokens/sec: 25261.53 ± 4393.96, tokens seen: 207749120, grad norm: 0.8087
[iter 3180]loss: 3.8678, tokens/sec: 25282.46 ± 4402.86, tokens seen: 208404480, grad norm: 1.0148
[iter 3190]loss: 3.8294, tokens/sec: 25303.24 ± 4411.54, tokens seen: 209059840, grad norm: 0.7634
[iter 3200]loss: 3.8860, tokens/sec: 25323.89 ± 4420.07, tokens seen: 209715200, grad norm: 0.8607
[iter 3210]loss: 3.8208, tokens/sec: 25344.43 ± 4428.45, tokens seen: 210370560, grad norm: 0.8760
[iter 3220]loss: 3.5511, tokens/sec: 25364.85 ± 4436.69, tokens seen: 211025920, grad norm: 0.7840
[iter 3230]loss: 3.8132, tokens/sec: 25385.17 ± 4444.81, tokens seen: 211681280, grad norm: 0.8868
[iter 3240]loss: 3.8831, tokens/sec: 25405.35 ± 4452.74, tokens seen: 212336640, grad norm: 0.8567
[iter 3250]loss: 3.8940, tokens/sec: 25425.41 ± 4460.53, tokens seen: 212992000, grad norm: 0.8868
[iter 3260]loss: 3.5965, tokens/sec: 25445.32 ± 4468.13, tokens seen: 213647360, grad norm: 0.8887
[iter 3270]loss: 3.6007, tokens/sec: 25465.15 ± 4475.64, tokens seen: 214302720, grad norm: 0.8780
[iter 3280]loss: 3.7710, tokens/sec: 25484.83 ± 4482.98, tokens seen: 214958080, grad norm: 0.7954
[iter 3290]loss: 3.7798, tokens/sec: 25504.41 ± 4490.18, tokens seen: 215613440, grad norm: 0.8660
[iter 3300]loss: 3.7616, tokens/sec: 25523.85 ± 4497.22, tokens seen: 216268800, grad norm: 0.8117
[iter 3310]loss: 3.8923, tokens/sec: 25543.17 ± 4504.12, tokens seen: 216924160, grad norm: 0.8922
[iter 3320]loss: 3.8443, tokens/sec: 25562.37 ± 4510.89, tokens seen: 217579520, grad norm: 0.7362
[iter 3330]loss: 3.8293, tokens/sec: 25581.49 ± 4517.57, tokens seen: 218234880, grad norm: 0.9127
[iter 3340]loss: 3.8846, tokens/sec: 25600.46 ± 4524.07, tokens seen: 218890240, grad norm: 1.0723
[iter 3350]loss: 3.9015, tokens/sec: 25619.31 ± 4530.44, tokens seen: 219545600, grad norm: 0.8950
[iter 3360]loss: 4.0345, tokens/sec: 25638.09 ± 4536.74, tokens seen: 220200960, grad norm: 0.8170
[iter 3370]loss: 3.8953, tokens/sec: 25654.55 ± 4541.61, tokens seen: 220856320, grad norm: 0.9649
[iter 3380]loss: 3.7991, tokens/sec: 25673.06 ± 4547.61, tokens seen: 221511680, grad norm: 1.0454
[iter 3390]loss: 3.7038, tokens/sec: 25691.50 ± 4553.54, tokens seen: 222167040, grad norm: 1.0547
[iter 3400]loss: 3.7858, tokens/sec: 25709.82 ± 4559.34, tokens seen: 222822400, grad norm: 0.8214
[iter 3410]loss: 3.8985, tokens/sec: 25728.04 ± 4565.04, tokens seen: 223477760, grad norm: 0.9955
[iter 3420]loss: 3.7516, tokens/sec: 25746.18 ± 4570.65, tokens seen: 224133120, grad norm: 0.9373
[iter 3430]loss: 3.6189, tokens/sec: 25764.19 ± 4576.13, tokens seen: 224788480, grad norm: 0.8009
[iter 3440]loss: 3.5717, tokens/sec: 25782.09 ± 4581.49, tokens seen: 225443840, grad norm: 0.7647
[iter 3450]loss: 3.4428, tokens/sec: 25799.88 ± 4586.74, tokens seen: 226099200, grad norm: 1.1700
[iter 3460]loss: 3.7285, tokens/sec: 25817.57 ± 4591.87, tokens seen: 226754560, grad norm: 0.8033
[iter 3470]loss: 3.7957, tokens/sec: 25835.18 ± 4596.94, tokens seen: 227409920, grad norm: 0.7034
[iter 3480]loss: 3.9195, tokens/sec: 25852.60 ± 4601.80, tokens seen: 228065280, grad norm: 0.7145
[iter 3490]loss: 3.7910, tokens/sec: 25869.96 ± 4606.61, tokens seen: 228720640, grad norm: 0.7613
[step 3500]train loss: 3.7557, val loss: 3.7603, (avg train loss: 0.9418 ± 0.0335), (avg grad norm: 0.8690 ± 0.0781)
saving checkpoint to ./out-owt-large-mhc-lora-residual-midnorm-bs8-20000step
[iter 3500]loss: 3.7224, tokens/sec: 25887.24 ± 4611.33, tokens seen: 229376000, grad norm: 0.8974
[iter 3510]loss: 3.6301, tokens/sec: 25904.41 ± 4615.96, tokens seen: 230031360, grad norm: 0.9385
[iter 3520]loss: 3.6152, tokens/sec: 25921.45 ± 4620.44, tokens seen: 230686720, grad norm: 0.9068
[iter 3530]loss: 4.0610, tokens/sec: 25938.38 ± 4624.82, tokens seen: 231342080, grad norm: 0.7667
[iter 3540]loss: 3.6721, tokens/sec: 25955.26 ± 4629.16, tokens seen: 231997440, grad norm: 0.7881
[iter 3550]loss: 3.6214, tokens/sec: 25972.05 ± 4633.42, tokens seen: 232652800, grad norm: 0.8862
[iter 3560]loss: 3.4305, tokens/sec: 25988.72 ± 4637.57, tokens seen: 233308160, grad norm: 0.8761
[iter 3570]loss: 3.7900, tokens/sec: 26005.31 ± 4641.64, tokens seen: 233963520, grad norm: 0.8544
[iter 3580]loss: 3.8030, tokens/sec: 26021.83 ± 4645.65, tokens seen: 234618880, grad norm: 0.8179
[iter 3590]loss: 3.8697, tokens/sec: 26038.21 ± 4649.52, tokens seen: 235274240, grad norm: 0.8632
[iter 3600]loss: 3.5668, tokens/sec: 26054.52 ± 4653.34, tokens seen: 235929600, grad norm: 0.8231
[iter 3610]loss: 3.8070, tokens/sec: 26070.75 ± 4657.09, tokens seen: 236584960, grad norm: 0.7954
[iter 3620]loss: 3.9656, tokens/sec: 26086.90 ± 4660.76, tokens seen: 237240320, grad norm: 0.9012
[iter 3630]loss: 4.1931, tokens/sec: 26102.95 ± 4664.36, tokens seen: 237895680, grad norm: 0.7884
[iter 3640]loss: 3.7279, tokens/sec: 26118.91 ± 4667.86, tokens seen: 238551040, grad norm: 0.8251
[iter 3650]loss: 3.6889, tokens/sec: 26134.77 ± 4671.29, tokens seen: 239206400, grad norm: 0.7410
[iter 3660]loss: 3.6019, tokens/sec: 26150.54 ± 4674.62, tokens seen: 239861760, grad norm: 0.7194
[iter 3670]loss: 3.5812, tokens/sec: 26166.25 ± 4677.92, tokens seen: 240517120, grad norm: 0.9904
[iter 3680]loss: 3.7391, tokens/sec: 26181.86 ± 4681.12, tokens seen: 241172480, grad norm: 0.7711
[iter 3690]loss: 3.4343, tokens/sec: 26197.42 ± 4684.30, tokens seen: 241827840, grad norm: 0.8911
[iter 3700]loss: 3.5813, tokens/sec: 26212.86 ± 4687.37, tokens seen: 242483200, grad norm: 0.8153
[iter 3710]loss: 3.6373, tokens/sec: 26228.27 ± 4690.41, tokens seen: 243138560, grad norm: 0.7412
[iter 3720]loss: 3.7095, tokens/sec: 26243.54 ± 4693.34, tokens seen: 243793920, grad norm: 0.9728
[iter 3730]loss: 3.9611, tokens/sec: 26258.78 ± 4696.26, tokens seen: 244449280, grad norm: 0.8007
[iter 3740]loss: 3.6530, tokens/sec: 26273.91 ± 4699.07, tokens seen: 245104640, grad norm: 0.8533
[iter 3750]loss: 3.5958, tokens/sec: 26288.96 ± 4701.82, tokens seen: 245760000, grad norm: 0.8609
[iter 3760]loss: 3.7102, tokens/sec: 26303.92 ± 4704.50, tokens seen: 246415360, grad norm: 0.7487
[iter 3770]loss: 3.7573, tokens/sec: 26318.79 ± 4707.10, tokens seen: 247070720, grad norm: 0.8845
[iter 3780]loss: 3.7874, tokens/sec: 26331.24 ± 4709.09, tokens seen: 247726080, grad norm: 0.8868
[iter 3790]loss: 3.6081, tokens/sec: 26345.96 ± 4711.58, tokens seen: 248381440, grad norm: 0.7630
[iter 3800]loss: 3.6723, tokens/sec: 26360.62 ± 4714.02, tokens seen: 249036800, grad norm: 1.0296
[iter 3810]loss: 3.7900, tokens/sec: 26375.22 ± 4716.44, tokens seen: 249692160, grad norm: 0.8091
[iter 3820]loss: 3.7574, tokens/sec: 26389.73 ± 4718.77, tokens seen: 250347520, grad norm: 0.8209
[iter 3830]loss: 3.8179, tokens/sec: 26404.18 ± 4721.06, tokens seen: 251002880, grad norm: 0.9562
[iter 3840]loss: 3.6133, tokens/sec: 26418.54 ± 4723.28, tokens seen: 251658240, grad norm: 0.7222
[iter 3850]loss: 3.4193, tokens/sec: 26432.81 ± 4725.42, tokens seen: 252313600, grad norm: 0.8040
[iter 3860]loss: 3.7166, tokens/sec: 26447.01 ± 4727.53, tokens seen: 252968960, grad norm: 0.8749
[iter 3870]loss: 3.6379, tokens/sec: 26461.14 ± 4729.57, tokens seen: 253624320, grad norm: 0.9363
[iter 3880]loss: 3.6711, tokens/sec: 26475.21 ± 4731.57, tokens seen: 254279680, grad norm: 0.8333
[iter 3890]loss: 3.7303, tokens/sec: 26489.21 ± 4733.53, tokens seen: 254935040, grad norm: 0.8173
[iter 3900]loss: 3.6559, tokens/sec: 26503.12 ± 4735.42, tokens seen: 255590400, grad norm: 0.9058
[iter 3910]loss: 3.6020, tokens/sec: 26516.93 ± 4737.22, tokens seen: 256245760, grad norm: 0.8140
[iter 3920]loss: 3.5792, tokens/sec: 26528.85 ± 4738.28, tokens seen: 256901120, grad norm: 0.8741
[iter 3930]loss: 3.6927, tokens/sec: 26542.54 ± 4740.01, tokens seen: 257556480, grad norm: 0.7670
[iter 3940]loss: 3.8547, tokens/sec: 26556.15 ± 4741.68, tokens seen: 258211840, grad norm: 0.7764
[iter 3950]loss: 3.5764, tokens/sec: 26569.73 ± 4743.34, tokens seen: 258867200, grad norm: 0.7653
[iter 3960]loss: 3.6243, tokens/sec: 26583.21 ± 4744.92, tokens seen: 259522560, grad norm: 0.8318
[iter 3970]loss: 3.5982, tokens/sec: 26596.64 ± 4746.47, tokens seen: 260177920, grad norm: 0.7741
[iter 3980]loss: 3.7159, tokens/sec: 26609.98 ± 4747.96, tokens seen: 260833280, grad norm: 0.8004
[iter 3990]loss: 3.7077, tokens/sec: 26623.27 ± 4749.41, tokens seen: 261488640, grad norm: 0.7455
[step 4000]train loss: 3.6785, val loss: 3.7025, (avg train loss: 0.9221 ± 0.0345), (avg grad norm: 0.8197 ± 0.0730)
saving checkpoint to ./out-owt-large-mhc-lora-residual-midnorm-bs8-20000step
[iter 4000]loss: 3.7563, tokens/sec: 26636.50 ± 4750.83, tokens seen: 262144000, grad norm: 0.7435
[iter 4010]loss: 3.6395, tokens/sec: 26649.67 ± 4752.22, tokens seen: 262799360, grad norm: 0.7785
[iter 4020]loss: 3.5454, tokens/sec: 26662.76 ± 4753.54, tokens seen: 263454720, grad norm: 0.8500
[iter 4030]loss: 3.7495, tokens/sec: 26675.77 ± 4754.80, tokens seen: 264110080, grad norm: 0.8057
[iter 4040]loss: 3.5238, tokens/sec: 26688.74 ± 4756.05, tokens seen: 264765440, grad norm: 0.8432
[iter 4050]loss: 3.7085, tokens/sec: 26701.67 ± 4757.28, tokens seen: 265420800, grad norm: 0.8213
[iter 4060]loss: 3.7463, tokens/sec: 26714.51 ± 4758.44, tokens seen: 266076160, grad norm: 0.7091
[iter 4070]loss: 3.8098, tokens/sec: 26727.26 ± 4759.53, tokens seen: 266731520, grad norm: 0.8561
[iter 4080]loss: 3.7302, tokens/sec: 26739.96 ± 4760.60, tokens seen: 267386880, grad norm: 0.8620
[iter 4090]loss: 3.5847, tokens/sec: 26752.61 ± 4761.64, tokens seen: 268042240, grad norm: 0.8093
[iter 4100]loss: 3.4834, tokens/sec: 26765.17 ± 4762.61, tokens seen: 268697600, grad norm: 0.7005
[iter 4110]loss: 3.6169, tokens/sec: 26777.69 ± 4763.57, tokens seen: 269352960, grad norm: 0.7506
[iter 4120]loss: 3.6787, tokens/sec: 26790.14 ± 4764.48, tokens seen: 270008320, grad norm: 0.6788
[iter 4130]loss: 3.9208, tokens/sec: 26802.52 ± 4765.34, tokens seen: 270663680, grad norm: 1.3117
[iter 4140]loss: 3.6876, tokens/sec: 26814.87 ± 4766.19, tokens seen: 271319040, grad norm: 0.8577
[iter 4150]loss: 3.8766, tokens/sec: 26827.16 ± 4767.02, tokens seen: 271974400, grad norm: 0.7801
[iter 4160]loss: 3.6053, tokens/sec: 26839.39 ± 4767.80, tokens seen: 272629760, grad norm: 0.8795
[iter 4170]loss: 3.8890, tokens/sec: 26851.53 ± 4768.52, tokens seen: 273285120, grad norm: 0.8783
[iter 4180]loss: 3.5091, tokens/sec: 26863.62 ± 4769.21, tokens seen: 273940480, grad norm: 0.7475
[iter 4190]loss: 3.9128, tokens/sec: 26875.64 ± 4769.85, tokens seen: 274595840, grad norm: 0.9519
[iter 4200]loss: 3.6546, tokens/sec: 26887.64 ± 4770.50, tokens seen: 275251200, grad norm: 0.7951
[iter 4210]loss: 3.6373, tokens/sec: 26899.58 ± 4771.11, tokens seen: 275906560, grad norm: 0.7985
[iter 4220]loss: 3.6485, tokens/sec: 26911.41 ± 4771.64, tokens seen: 276561920, grad norm: 0.7946
[iter 4230]loss: 3.5092, tokens/sec: 26923.23 ± 4772.18, tokens seen: 277217280, grad norm: 0.8183
[iter 4240]loss: 3.6115, tokens/sec: 26935.02 ± 4772.71, tokens seen: 277872640, grad norm: 0.7105
[iter 4250]loss: 3.6622, tokens/sec: 26946.73 ± 4773.19, tokens seen: 278528000, grad norm: 0.7552
[iter 4260]loss: 3.6197, tokens/sec: 26958.37 ± 4773.62, tokens seen: 279183360, grad norm: 0.9082
[iter 4270]loss: 3.5638, tokens/sec: 26969.97 ± 4774.04, tokens seen: 279838720, grad norm: 0.7941
[iter 4280]loss: 3.5946, tokens/sec: 26981.53 ± 4774.44, tokens seen: 280494080, grad norm: 0.7776
[iter 4290]loss: 3.7492, tokens/sec: 26993.01 ± 4774.79, tokens seen: 281149440, grad norm: 0.7087
[iter 4300]loss: 3.7274, tokens/sec: 27004.45 ± 4775.12, tokens seen: 281804800, grad norm: 0.7767
[iter 4310]loss: 3.8466, tokens/sec: 27015.83 ± 4775.41, tokens seen: 282460160, grad norm: 0.7665
[iter 4320]loss: 3.3025, tokens/sec: 27027.17 ± 4775.69, tokens seen: 283115520, grad norm: 0.6715
[iter 4330]loss: 3.5980, tokens/sec: 27038.47 ± 4775.95, tokens seen: 283770880, grad norm: 0.8020
[iter 4340]loss: 3.5675, tokens/sec: 27049.70 ± 4776.18, tokens seen: 284426240, grad norm: 0.8376
[iter 4350]loss: 3.5832, tokens/sec: 27060.87 ± 4776.35, tokens seen: 285081600, grad norm: 0.8370
[iter 4360]loss: 3.7738, tokens/sec: 27071.99 ± 4776.51, tokens seen: 285736960, grad norm: 0.8018
[iter 4370]loss: 3.7978, tokens/sec: 27083.06 ± 4776.64, tokens seen: 286392320, grad norm: 0.8342
[iter 4380]loss: 3.9353, tokens/sec: 27094.08 ± 4776.74, tokens seen: 287047680, grad norm: 0.7852
[iter 4390]loss: 3.6738, tokens/sec: 27105.06 ± 4776.83, tokens seen: 287703040, grad norm: 0.8545
[iter 4400]loss: 3.8883, tokens/sec: 27115.99 ± 4776.90, tokens seen: 288358400, grad norm: 0.9238
[iter 4410]loss: 3.6487, tokens/sec: 27126.88 ± 4776.95, tokens seen: 289013760, grad norm: 0.8146
[iter 4420]loss: 3.6877, tokens/sec: 27135.70 ± 4776.83, tokens seen: 289669120, grad norm: 0.7943
[iter 4430]loss: 3.7051, tokens/sec: 27146.48 ± 4776.82, tokens seen: 290324480, grad norm: 0.7315
[iter 4440]loss: 3.6685, tokens/sec: 27157.24 ± 4776.80, tokens seen: 290979840, grad norm: 0.7134
[iter 4450]loss: 3.8053, tokens/sec: 27167.90 ± 4776.72, tokens seen: 291635200, grad norm: 0.8129
[iter 4460]loss: 3.6105, tokens/sec: 27176.88 ± 4776.25, tokens seen: 292290560, grad norm: 0.8205
[iter 4470]loss: 3.6371, tokens/sec: 27187.46 ± 4776.14, tokens seen: 292945920, grad norm: 0.8386
[iter 4480]loss: 3.6189, tokens/sec: 27198.00 ± 4776.01, tokens seen: 293601280, grad norm: 0.8238
[iter 4490]loss: 3.4151, tokens/sec: 27208.48 ± 4775.84, tokens seen: 294256640, grad norm: 0.7023
[step 4500]train loss: 3.6320, val loss: 3.6508, (avg train loss: 0.9157 ± 0.0373), (avg grad norm: 0.7897 ± 0.0580)
saving checkpoint to ./out-owt-large-mhc-lora-residual-midnorm-bs8-20000step
[iter 4500]loss: 3.9191, tokens/sec: 27218.93 ± 4775.67, tokens seen: 294912000, grad norm: 0.8078
[iter 4510]loss: 3.7850, tokens/sec: 27229.37 ± 4775.51, tokens seen: 295567360, grad norm: 0.6915
[iter 4520]loss: 3.5308, tokens/sec: 27239.73 ± 4775.30, tokens seen: 296222720, grad norm: 0.8031
[iter 4530]loss: 3.6602, tokens/sec: 27250.07 ± 4775.09, tokens seen: 296878080, grad norm: 0.8702
[iter 4540]loss: 3.7186, tokens/sec: 27260.34 ± 4774.84, tokens seen: 297533440, grad norm: 0.7540
[iter 4550]loss: 3.8911, tokens/sec: 27270.57 ± 4774.57, tokens seen: 298188800, grad norm: 0.7555
[iter 4560]loss: 3.7051, tokens/sec: 27280.74 ± 4774.27, tokens seen: 298844160, grad norm: 0.7326
[iter 4570]loss: 3.3767, tokens/sec: 27290.90 ± 4773.97, tokens seen: 299499520, grad norm: 0.7772
[iter 4580]loss: 3.7038, tokens/sec: 27301.00 ± 4773.65, tokens seen: 300154880, grad norm: 0.7523
[iter 4590]loss: 3.5934, tokens/sec: 27311.06 ± 4773.30, tokens seen: 300810240, grad norm: 0.9099
[iter 4600]loss: 3.6689, tokens/sec: 27321.03 ± 4772.90, tokens seen: 301465600, grad norm: 0.7296
[iter 4610]loss: 3.5069, tokens/sec: 27330.99 ± 4772.50, tokens seen: 302120960, grad norm: 0.8055
[iter 4620]loss: 3.7174, tokens/sec: 27340.89 ± 4772.07, tokens seen: 302776320, grad norm: 0.7150
[iter 4630]loss: 3.4126, tokens/sec: 27350.74 ± 4771.62, tokens seen: 303431680, grad norm: 0.8773
[iter 4640]loss: 3.7642, tokens/sec: 27360.58 ± 4771.17, tokens seen: 304087040, grad norm: 0.7885
[iter 4650]loss: 3.7159, tokens/sec: 27370.35 ± 4770.69, tokens seen: 304742400, grad norm: 0.8461
[iter 4660]loss: 3.7244, tokens/sec: 27380.07 ± 4770.18, tokens seen: 305397760, grad norm: 0.7213
[iter 4670]loss: 3.5839, tokens/sec: 27389.75 ± 4769.65, tokens seen: 306053120, grad norm: 0.7863
[iter 4680]loss: 3.7276, tokens/sec: 27399.40 ± 4769.12, tokens seen: 306708480, grad norm: 0.7905
[iter 4690]loss: 3.5922, tokens/sec: 27408.99 ± 4768.54, tokens seen: 307363840, grad norm: 0.7859
[iter 4700]loss: 3.5562, tokens/sec: 27418.55 ± 4767.97, tokens seen: 308019200, grad norm: 0.7743
[iter 4710]loss: 3.6758, tokens/sec: 27428.09 ± 4767.40, tokens seen: 308674560, grad norm: 0.6990
[iter 4720]loss: 3.6267, tokens/sec: 27437.58 ± 4766.80, tokens seen: 309329920, grad norm: 0.7541
[iter 4730]loss: 3.7374, tokens/sec: 27447.04 ± 4766.19, tokens seen: 309985280, grad norm: 0.7599
[iter 4740]loss: 3.7757, tokens/sec: 27456.45 ± 4765.56, tokens seen: 310640640, grad norm: 0.8346
[iter 4750]loss: 3.8234, tokens/sec: 27465.83 ± 4764.92, tokens seen: 311296000, grad norm: 0.8434
[iter 4760]loss: 3.8994, tokens/sec: 27475.15 ± 4764.25, tokens seen: 311951360, grad norm: 0.7239
[iter 4770]loss: 3.5464, tokens/sec: 27484.46 ± 4763.58, tokens seen: 312606720, grad norm: 0.8332
[iter 4780]loss: 3.7769, tokens/sec: 27493.71 ± 4762.89, tokens seen: 313262080, grad norm: 0.8245
[iter 4790]loss: 3.7820, tokens/sec: 27502.94 ± 4762.19, tokens seen: 313917440, grad norm: 0.7758
[iter 4800]loss: 3.6642, tokens/sec: 27512.13 ± 4761.48, tokens seen: 314572800, grad norm: 0.7429
[iter 4810]loss: 3.5207, tokens/sec: 27521.28 ± 4760.75, tokens seen: 315228160, grad norm: 0.7105
[iter 4820]loss: 3.4393, tokens/sec: 27530.39 ± 4760.01, tokens seen: 315883520, grad norm: 0.7999
[iter 4830]loss: 3.5218, tokens/sec: 27539.46 ± 4759.25, tokens seen: 316538880, grad norm: 0.8404
[iter 4840]loss: 3.6602, tokens/sec: 27548.50 ± 4758.48, tokens seen: 317194240, grad norm: 0.8484
[iter 4850]loss: 3.6463, tokens/sec: 27557.47 ± 4757.67, tokens seen: 317849600, grad norm: 0.8176
[iter 4860]loss: 3.6916, tokens/sec: 27566.45 ± 4756.89, tokens seen: 318504960, grad norm: 0.8481
[iter 4870]loss: 3.7186, tokens/sec: 27575.36 ± 4756.06, tokens seen: 319160320, grad norm: 0.7915
[iter 4880]loss: 3.5541, tokens/sec: 27584.26 ± 4755.24, tokens seen: 319815680, grad norm: 0.8758
[iter 4890]loss: 3.5550, tokens/sec: 27593.12 ± 4754.41, tokens seen: 320471040, grad norm: 0.7559
[iter 4900]loss: 3.5431, tokens/sec: 27601.93 ± 4753.55, tokens seen: 321126400, grad norm: 0.9063
[iter 4910]loss: 3.5510, tokens/sec: 27610.68 ± 4752.66, tokens seen: 321781760, grad norm: 0.6952
[iter 4920]loss: 3.4485, tokens/sec: 27619.40 ± 4751.76, tokens seen: 322437120, grad norm: 0.7251
[iter 4930]loss: 3.7243, tokens/sec: 27628.08 ± 4750.85, tokens seen: 323092480, grad norm: 0.7022
[iter 4940]loss: 3.4419, tokens/sec: 27636.75 ± 4749.94, tokens seen: 323747840, grad norm: 0.7362
[iter 4950]loss: 3.7528, tokens/sec: 27645.39 ± 4749.02, tokens seen: 324403200, grad norm: 0.7478
[iter 4960]loss: 3.5688, tokens/sec: 27653.97 ± 4748.08, tokens seen: 325058560, grad norm: 0.7756
[iter 4970]loss: 3.6120, tokens/sec: 27662.53 ± 4747.12, tokens seen: 325713920, grad norm: 0.7950
[iter 4980]loss: 3.6312, tokens/sec: 27671.04 ± 4746.15, tokens seen: 326369280, grad norm: 0.8324
[iter 4990]loss: 3.5822, tokens/sec: 27679.52 ± 4745.17, tokens seen: 327024640, grad norm: 0.8291
[step 5000]train loss: 3.5832, val loss: 3.6155, (avg train loss: 0.9012 ± 0.0367), (avg grad norm: 0.7681 ± 0.0686)
saving checkpoint to ./out-owt-large-mhc-lora-residual-midnorm-bs8-20000step
[iter 5000]loss: 3.7018, tokens/sec: 27686.30 ± 4743.82, tokens seen: 327680000, grad norm: 0.6816
[iter 5010]loss: 3.6572, tokens/sec: 27694.76 ± 4742.85, tokens seen: 328335360, grad norm: 0.7435
[iter 5020]loss: 3.5951, tokens/sec: 27703.16 ± 4741.86, tokens seen: 328990720, grad norm: 0.7487
[iter 5030]loss: 3.6778, tokens/sec: 27711.53 ± 4740.85, tokens seen: 329646080, grad norm: 0.7315
[iter 5040]loss: 3.3854, tokens/sec: 27719.87 ± 4739.84, tokens seen: 330301440, grad norm: 0.6932
[iter 5050]loss: 3.6837, tokens/sec: 27728.17 ± 4738.81, tokens seen: 330956800, grad norm: 0.7276
[iter 5060]loss: 3.8425, tokens/sec: 27734.69 ± 4737.88, tokens seen: 331612160, grad norm: 0.8260
[iter 5070]loss: 3.6358, tokens/sec: 27742.93 ± 4736.84, tokens seen: 332267520, grad norm: 0.7875
[iter 5080]loss: 3.5006, tokens/sec: 27751.13 ± 4735.78, tokens seen: 332922880, grad norm: 0.7564
[iter 5090]loss: 3.6527, tokens/sec: 27759.31 ± 4734.71, tokens seen: 333578240, grad norm: 0.8029
[iter 5100]loss: 3.4804, tokens/sec: 27767.45 ± 4733.63, tokens seen: 334233600, grad norm: 0.7779
[iter 5110]loss: 3.7936, tokens/sec: 27775.54 ± 4732.53, tokens seen: 334888960, grad norm: 0.8199
[iter 5120]loss: 3.8292, tokens/sec: 27783.60 ± 4731.42, tokens seen: 335544320, grad norm: 0.8044
[iter 5130]loss: 3.5944, tokens/sec: 27791.65 ± 4730.31, tokens seen: 336199680, grad norm: 0.7425
[iter 5140]loss: 3.2163, tokens/sec: 27799.67 ± 4729.20, tokens seen: 336855040, grad norm: 0.8732
[iter 5150]loss: 3.4718, tokens/sec: 27807.65 ± 4728.07, tokens seen: 337510400, grad norm: 0.7202
[iter 5160]loss: 3.6410, tokens/sec: 27815.60 ± 4726.93, tokens seen: 338165760, grad norm: 0.8869
[iter 5170]loss: 3.5558, tokens/sec: 27823.52 ± 4725.79, tokens seen: 338821120, grad norm: 0.7475
[iter 5180]loss: 3.5979, tokens/sec: 27831.41 ± 4724.63, tokens seen: 339476480, grad norm: 0.6765
[iter 5190]loss: 3.4256, tokens/sec: 27839.26 ± 4723.46, tokens seen: 340131840, grad norm: 0.8443
[iter 5200]loss: 3.5362, tokens/sec: 27847.08 ± 4722.28, tokens seen: 340787200, grad norm: 0.7248
[iter 5210]loss: 3.4686, tokens/sec: 27854.88 ± 4721.10, tokens seen: 341442560, grad norm: 0.9052
[iter 5220]loss: 3.6838, tokens/sec: 27862.66 ± 4719.92, tokens seen: 342097920, grad norm: 0.7860
[iter 5230]loss: 3.9036, tokens/sec: 27870.40 ± 4718.72, tokens seen: 342753280, grad norm: 0.7726
[iter 5240]loss: 3.5972, tokens/sec: 27878.11 ± 4717.51, tokens seen: 343408640, grad norm: 0.8092
[iter 5250]loss: 3.5267, tokens/sec: 27885.76 ± 4716.27, tokens seen: 344064000, grad norm: 0.6692
[iter 5260]loss: 3.6701, tokens/sec: 27893.43 ± 4715.07, tokens seen: 344719360, grad norm: 0.8102
[iter 5270]loss: 3.5165, tokens/sec: 27901.04 ± 4713.83, tokens seen: 345374720, grad norm: 0.7184
[iter 5280]loss: 3.5281, tokens/sec: 27908.65 ± 4712.60, tokens seen: 346030080, grad norm: 0.7385
[iter 5290]loss: 3.4948, tokens/sec: 27916.21 ± 4711.35, tokens seen: 346685440, grad norm: 0.6627
[iter 5300]loss: 3.5659, tokens/sec: 27923.75 ± 4710.10, tokens seen: 347340800, grad norm: 0.8483
[iter 5310]loss: 3.3907, tokens/sec: 27931.26 ± 4708.83, tokens seen: 347996160, grad norm: 0.7095
[iter 5320]loss: 3.5041, tokens/sec: 27938.74 ± 4707.57, tokens seen: 348651520, grad norm: 0.8374
[iter 5330]loss: 3.4371, tokens/sec: 27946.19 ± 4706.29, tokens seen: 349306880, grad norm: 0.7005
[iter 5340]loss: 3.5249, tokens/sec: 27953.61 ± 4705.00, tokens seen: 349962240, grad norm: 0.7107
[iter 5350]loss: 3.7377, tokens/sec: 27961.01 ± 4703.71, tokens seen: 350617600, grad norm: 0.8531
[iter 5360]loss: 3.5908, tokens/sec: 27968.37 ± 4702.41, tokens seen: 351272960, grad norm: 0.7383
[iter 5370]loss: 3.5534, tokens/sec: 27975.72 ± 4701.11, tokens seen: 351928320, grad norm: 0.7653
[iter 5380]loss: 3.7407, tokens/sec: 27983.04 ± 4699.80, tokens seen: 352583680, grad norm: 0.7116
[iter 5390]loss: 3.5799, tokens/sec: 27990.32 ± 4698.48, tokens seen: 353239040, grad norm: 0.7231
[iter 5400]loss: 3.4705, tokens/sec: 27997.59 ± 4697.16, tokens seen: 353894400, grad norm: 0.7560
[iter 5410]loss: 3.5206, tokens/sec: 28004.83 ± 4695.83, tokens seen: 354549760, grad norm: 0.7342
[iter 5420]loss: 3.7732, tokens/sec: 28012.02 ± 4694.48, tokens seen: 355205120, grad norm: 0.7492
[iter 5430]loss: 3.6458, tokens/sec: 28019.20 ± 4693.13, tokens seen: 355860480, grad norm: 0.7989
[iter 5440]loss: 3.5968, tokens/sec: 28026.35 ± 4691.78, tokens seen: 356515840, grad norm: 0.8585
[iter 5450]loss: 3.4952, tokens/sec: 28033.48 ± 4690.42, tokens seen: 357171200, grad norm: 0.6912
[iter 5460]loss: 3.6504, tokens/sec: 28040.57 ± 4689.05, tokens seen: 357826560, grad norm: 0.7258
[iter 5470]loss: 3.5038, tokens/sec: 28047.64 ± 4687.67, tokens seen: 358481920, grad norm: 0.7497
[iter 5480]loss: 3.5642, tokens/sec: 28054.69 ± 4686.29, tokens seen: 359137280, grad norm: 0.6850
[iter 5490]loss: 3.3380, tokens/sec: 28061.71 ± 4684.91, tokens seen: 359792640, grad norm: 0.7620
[step 5500]train loss: 3.5724, val loss: 3.5726, (avg train loss: 0.8910 ± 0.0351), (avg grad norm: 0.7590 ± 0.0526)
saving checkpoint to ./out-owt-large-mhc-lora-residual-midnorm-bs8-20000step
[iter 5500]loss: 3.4247, tokens/sec: 28068.71 ± 4683.52, tokens seen: 360448000, grad norm: 0.7984
[iter 5510]loss: 3.5227, tokens/sec: 28075.69 ± 4682.13, tokens seen: 361103360, grad norm: 0.7299
[iter 5520]loss: 3.3541, tokens/sec: 28082.62 ± 4680.72, tokens seen: 361758720, grad norm: 0.7710
[iter 5530]loss: 3.4829, tokens/sec: 28089.54 ± 4679.31, tokens seen: 362414080, grad norm: 0.7504
[iter 5540]loss: 3.5746, tokens/sec: 28096.47 ± 4677.93, tokens seen: 363069440, grad norm: 0.7516
[iter 5550]loss: 3.5677, tokens/sec: 28102.05 ± 4676.45, tokens seen: 363724800, grad norm: 0.7632
[iter 5560]loss: 3.5586, tokens/sec: 28108.92 ± 4675.05, tokens seen: 364380160, grad norm: 0.6810
[iter 5570]loss: 3.7061, tokens/sec: 28115.74 ± 4673.62, tokens seen: 365035520, grad norm: 0.6688
[iter 5580]loss: 3.5521, tokens/sec: 28122.53 ± 4672.18, tokens seen: 365690880, grad norm: 0.6846
[iter 5590]loss: 3.4406, tokens/sec: 28129.32 ± 4670.76, tokens seen: 366346240, grad norm: 0.7103
[iter 5600]loss: 3.7150, tokens/sec: 28136.07 ± 4669.31, tokens seen: 367001600, grad norm: 0.7971
[iter 5610]loss: 3.2665, tokens/sec: 28142.79 ± 4667.86, tokens seen: 367656960, grad norm: 0.7456
[iter 5620]loss: 3.6132, tokens/sec: 28149.48 ± 4666.40, tokens seen: 368312320, grad norm: 0.7530
[iter 5630]loss: 3.3783, tokens/sec: 28156.15 ± 4664.93, tokens seen: 368967680, grad norm: 0.7713
[iter 5640]loss: 3.6821, tokens/sec: 28162.81 ± 4663.48, tokens seen: 369623040, grad norm: 0.8395
[iter 5650]loss: 3.6557, tokens/sec: 28169.44 ± 4662.00, tokens seen: 370278400, grad norm: 0.7973
[iter 5660]loss: 3.6789, tokens/sec: 28176.03 ± 4660.52, tokens seen: 370933760, grad norm: 0.6865
[iter 5670]loss: 3.4828, tokens/sec: 28182.61 ± 4659.05, tokens seen: 371589120, grad norm: 0.8386
[iter 5680]loss: 3.4837, tokens/sec: 28189.16 ± 4657.56, tokens seen: 372244480, grad norm: 0.7894
[iter 5690]loss: 3.5515, tokens/sec: 28194.17 ± 4656.29, tokens seen: 372899840, grad norm: 0.7193
[iter 5700]loss: 3.5949, tokens/sec: 28200.69 ± 4654.80, tokens seen: 373555200, grad norm: 0.7992
[iter 5710]loss: 3.5705, tokens/sec: 28207.17 ± 4653.31, tokens seen: 374210560, grad norm: 0.6790
[iter 5720]loss: 3.3952, tokens/sec: 28213.65 ± 4651.81, tokens seen: 374865920, grad norm: 0.6880
[iter 5730]loss: 3.4172, tokens/sec: 28220.11 ± 4650.32, tokens seen: 375521280, grad norm: 0.6751
[iter 5740]loss: 3.5368, tokens/sec: 28226.53 ± 4648.81, tokens seen: 376176640, grad norm: 0.7665
[iter 5750]loss: 3.4720, tokens/sec: 28232.94 ± 4647.30, tokens seen: 376832000, grad norm: 0.8534
[iter 5760]loss: 3.6724, tokens/sec: 28239.31 ± 4645.78, tokens seen: 377487360, grad norm: 0.7719
[iter 5770]loss: 3.4590, tokens/sec: 28245.64 ± 4644.24, tokens seen: 378142720, grad norm: 0.7836
[iter 5780]loss: 3.6383, tokens/sec: 28251.95 ± 4642.70, tokens seen: 378798080, grad norm: 0.7610
[iter 5790]loss: 3.6859, tokens/sec: 28258.29 ± 4641.19, tokens seen: 379453440, grad norm: 0.7331
[iter 5800]loss: 3.9302, tokens/sec: 28264.61 ± 4639.68, tokens seen: 380108800, grad norm: 0.7859
[iter 5810]loss: 3.2899, tokens/sec: 28270.87 ± 4638.14, tokens seen: 380764160, grad norm: 0.7960
[iter 5820]loss: 3.3096, tokens/sec: 28277.12 ± 4636.60, tokens seen: 381419520, grad norm: 0.7407
[iter 5830]loss: 3.5435, tokens/sec: 28283.34 ± 4635.05, tokens seen: 382074880, grad norm: 0.7526
[iter 5840]loss: 3.5191, tokens/sec: 28289.54 ± 4633.51, tokens seen: 382730240, grad norm: 0.6915
[iter 5850]loss: 3.5223, tokens/sec: 28295.72 ± 4631.95, tokens seen: 383385600, grad norm: 0.8154
[iter 5860]loss: 3.6442, tokens/sec: 28301.87 ± 4630.39, tokens seen: 384040960, grad norm: 0.8145
[iter 5870]loss: 3.5190, tokens/sec: 28308.00 ± 4628.83, tokens seen: 384696320, grad norm: 0.7553
[iter 5880]loss: 3.7148, tokens/sec: 28314.15 ± 4627.29, tokens seen: 385351680, grad norm: 0.7509
[iter 5890]loss: 3.5697, tokens/sec: 28320.25 ± 4625.72, tokens seen: 386007040, grad norm: 0.7483
[iter 5900]loss: 3.6952, tokens/sec: 28326.35 ± 4624.17, tokens seen: 386662400, grad norm: 0.7287
[iter 5910]loss: 3.6726, tokens/sec: 28332.41 ± 4622.61, tokens seen: 387317760, grad norm: 0.8869
[iter 5920]loss: 3.7378, tokens/sec: 28338.43 ± 4621.02, tokens seen: 387973120, grad norm: 0.8093
[iter 5930]loss: 3.5457, tokens/sec: 28344.45 ± 4619.44, tokens seen: 388628480, grad norm: 0.7662
[iter 5940]loss: 3.5359, tokens/sec: 28350.44 ± 4617.86, tokens seen: 389283840, grad norm: 0.7442
[iter 5950]loss: 3.4748, tokens/sec: 28356.40 ± 4616.27, tokens seen: 389939200, grad norm: 0.7412
[iter 5960]loss: 3.5729, tokens/sec: 28362.38 ± 4614.69, tokens seen: 390594560, grad norm: 0.7287
[iter 5970]loss: 3.6185, tokens/sec: 28368.32 ± 4613.11, tokens seen: 391249920, grad norm: 0.7365
[iter 5980]loss: 3.4270, tokens/sec: 28374.23 ± 4611.52, tokens seen: 391905280, grad norm: 0.7296
[iter 5990]loss: 3.6384, tokens/sec: 28380.14 ± 4609.93, tokens seen: 392560640, grad norm: 0.7201
[step 6000]train loss: 3.5185, val loss: 3.5387, (avg train loss: 0.8830 ± 0.0337), (avg grad norm: 0.7637 ± 0.0605)
saving checkpoint to ./out-owt-large-mhc-lora-residual-midnorm-bs8-20000step
[iter 6000]loss: 3.4095, tokens/sec: 28386.01 ± 4608.33, tokens seen: 393216000, grad norm: 0.7706
[iter 6010]loss: 3.6437, tokens/sec: 28391.88 ± 4606.74, tokens seen: 393871360, grad norm: 0.8083
[iter 6020]loss: 3.4010, tokens/sec: 28397.74 ± 4605.15, tokens seen: 394526720, grad norm: 0.8009
[iter 6030]loss: 3.5092, tokens/sec: 28403.57 ± 4603.56, tokens seen: 395182080, grad norm: 0.7134
[iter 6040]loss: 3.3011, tokens/sec: 28409.37 ± 4601.95, tokens seen: 395837440, grad norm: 0.7240
[iter 6050]loss: 3.6742, tokens/sec: 28415.14 ± 4600.34, tokens seen: 396492800, grad norm: 0.7819
[iter 6060]loss: 3.5846, tokens/sec: 28420.91 ± 4598.73, tokens seen: 397148160, grad norm: 0.7929
[iter 6070]loss: 3.3821, tokens/sec: 28426.65 ± 4597.11, tokens seen: 397803520, grad norm: 0.7458
[iter 6080]loss: 3.7335, tokens/sec: 28432.38 ± 4595.50, tokens seen: 398458880, grad norm: 0.8248
[iter 6090]loss: 3.4792, tokens/sec: 28436.91 ± 4593.93, tokens seen: 399114240, grad norm: 0.8009
[iter 6100]loss: 3.3122, tokens/sec: 28442.62 ± 4592.33, tokens seen: 399769600, grad norm: 0.7041
[iter 6110]loss: 3.7670, tokens/sec: 28448.31 ± 4590.72, tokens seen: 400424960, grad norm: 0.7046
[iter 6120]loss: 3.5790, tokens/sec: 28453.97 ± 4589.10, tokens seen: 401080320, grad norm: 0.7394
[iter 6130]loss: 3.4833, tokens/sec: 28459.60 ± 4587.48, tokens seen: 401735680, grad norm: 0.8191
[iter 6140]loss: 3.7485, tokens/sec: 28465.21 ± 4585.84, tokens seen: 402391040, grad norm: 0.7321
[iter 6150]loss: 3.5264, tokens/sec: 28470.82 ± 4584.22, tokens seen: 403046400, grad norm: 0.6991
[iter 6160]loss: 3.4322, tokens/sec: 28476.38 ± 4582.58, tokens seen: 403701760, grad norm: 0.7307
[iter 6170]loss: 3.5379, tokens/sec: 28481.94 ± 4580.94, tokens seen: 404357120, grad norm: 0.7989
[iter 6180]loss: 3.4221, tokens/sec: 28487.47 ± 4579.30, tokens seen: 405012480, grad norm: 0.6787
[iter 6190]loss: 3.4945, tokens/sec: 28493.01 ± 4577.66, tokens seen: 405667840, grad norm: 0.8747
[iter 6200]loss: 3.5585, tokens/sec: 28498.52 ± 4576.03, tokens seen: 406323200, grad norm: 0.6975
[iter 6210]loss: 3.4322, tokens/sec: 28504.01 ± 4574.38, tokens seen: 406978560, grad norm: 0.7001
[iter 6220]loss: 3.6178, tokens/sec: 28509.49 ± 4572.74, tokens seen: 407633920, grad norm: 0.7142
[iter 6230]loss: 3.5897, tokens/sec: 28514.95 ± 4571.11, tokens seen: 408289280, grad norm: 0.7727
[iter 6240]loss: 3.6248, tokens/sec: 28520.39 ± 4569.46, tokens seen: 408944640, grad norm: 0.6936
[iter 6250]loss: 3.5822, tokens/sec: 28525.80 ± 4567.80, tokens seen: 409600000, grad norm: 0.7709
[iter 6260]loss: 3.5199, tokens/sec: 28531.20 ± 4566.15, tokens seen: 410255360, grad norm: 0.8382
[iter 6270]loss: 3.6529, tokens/sec: 28536.58 ± 4564.49, tokens seen: 410910720, grad norm: 0.7815
[iter 6280]loss: 3.5582, tokens/sec: 28541.94 ± 4562.83, tokens seen: 411566080, grad norm: 0.8417
[iter 6290]loss: 3.5680, tokens/sec: 28547.30 ± 4561.18, tokens seen: 412221440, grad norm: 0.8407
[iter 6300]loss: 3.4944, tokens/sec: 28552.62 ± 4559.52, tokens seen: 412876800, grad norm: 0.8663
[iter 6310]loss: 3.5539, tokens/sec: 28557.93 ± 4557.85, tokens seen: 413532160, grad norm: 0.7215
[iter 6320]loss: 3.6490, tokens/sec: 28561.82 ± 4556.53, tokens seen: 414187520, grad norm: 0.8163
[iter 6330]loss: 3.3410, tokens/sec: 28567.11 ± 4554.87, tokens seen: 414842880, grad norm: 0.7623
[iter 6340]loss: 3.1950, tokens/sec: 28572.36 ± 4553.20, tokens seen: 415498240, grad norm: 0.7540
[iter 6350]loss: 3.3216, tokens/sec: 28577.63 ± 4551.54, tokens seen: 416153600, grad norm: 0.8492
[iter 6360]loss: 3.3215, tokens/sec: 28582.86 ± 4549.88, tokens seen: 416808960, grad norm: 0.7337
[iter 6370]loss: 3.4864, tokens/sec: 28588.08 ± 4548.21, tokens seen: 417464320, grad norm: 0.7404
[iter 6380]loss: 3.4717, tokens/sec: 28593.28 ± 4546.54, tokens seen: 418119680, grad norm: 0.7937
[iter 6390]loss: 3.5560, tokens/sec: 28598.47 ± 4544.87, tokens seen: 418775040, grad norm: 0.8101
[iter 6400]loss: 3.3231, tokens/sec: 28603.64 ± 4543.20, tokens seen: 419430400, grad norm: 0.7576
[iter 6410]loss: 3.5709, tokens/sec: 28608.80 ± 4541.54, tokens seen: 420085760, grad norm: 0.8191
[iter 6420]loss: 3.2906, tokens/sec: 28613.93 ± 4539.86, tokens seen: 420741120, grad norm: 0.8008
[iter 6430]loss: 3.5775, tokens/sec: 28619.06 ± 4538.18, tokens seen: 421396480, grad norm: 0.8871
[iter 6440]loss: 3.4678, tokens/sec: 28624.18 ± 4536.52, tokens seen: 422051840, grad norm: 0.8040
[iter 6450]loss: 3.5118, tokens/sec: 28629.26 ± 4534.83, tokens seen: 422707200, grad norm: 0.7365
[iter 6460]loss: 3.4979, tokens/sec: 28634.34 ± 4533.16, tokens seen: 423362560, grad norm: 0.7605
[iter 6470]loss: 3.6106, tokens/sec: 28639.40 ± 4531.48, tokens seen: 424017920, grad norm: 0.7676
[iter 6480]loss: 3.3794, tokens/sec: 28644.44 ± 4529.80, tokens seen: 424673280, grad norm: 0.8270
[iter 6490]loss: 3.6776, tokens/sec: 28649.47 ± 4528.12, tokens seen: 425328640, grad norm: 0.7389
[step 6500]train loss: 3.4947, val loss: 3.4890, (avg train loss: 0.8729 ± 0.0390), (avg grad norm: 0.7800 ± 0.0925)
saving checkpoint to ./out-owt-large-mhc-lora-residual-midnorm-bs8-20000step
[iter 6500]loss: 3.4844, tokens/sec: 28654.30 ± 4526.33, tokens seen: 425984000, grad norm: 0.9715
[iter 6510]loss: 3.6784, tokens/sec: 28659.32 ± 4524.66, tokens seen: 426639360, grad norm: 0.7176
[iter 6520]loss: 3.7955, tokens/sec: 28664.31 ± 4522.98, tokens seen: 427294720, grad norm: 0.7705
[iter 6530]loss: 3.5794, tokens/sec: 28669.28 ± 4521.30, tokens seen: 427950080, grad norm: 0.7047
[iter 6540]loss: 3.6240, tokens/sec: 28674.23 ± 4519.61, tokens seen: 428605440, grad norm: 0.7493
[iter 6550]loss: 3.6459, tokens/sec: 28679.17 ± 4517.93, tokens seen: 429260800, grad norm: 0.8124
[iter 6560]loss: 3.4907, tokens/sec: 28684.10 ± 4516.25, tokens seen: 429916160, grad norm: 0.7266
[iter 6570]loss: 3.1258, tokens/sec: 28689.02 ± 4514.57, tokens seen: 430571520, grad norm: 0.7759
[iter 6580]loss: 3.6633, tokens/sec: 28693.90 ± 4512.87, tokens seen: 431226880, grad norm: 0.8959
[iter 6590]loss: 3.4512, tokens/sec: 28698.78 ± 4511.18, tokens seen: 431882240, grad norm: 0.7076
[iter 6600]loss: 3.5768, tokens/sec: 28703.66 ± 4509.51, tokens seen: 432537600, grad norm: 0.7858
[iter 6610]loss: 3.6271, tokens/sec: 28708.51 ± 4507.82, tokens seen: 433192960, grad norm: 0.6856
[iter 6620]loss: 3.1985, tokens/sec: 28713.35 ± 4506.13, tokens seen: 433848320, grad norm: 0.7544
[iter 6630]loss: 3.4649, tokens/sec: 28717.05 ± 4504.56, tokens seen: 434503680, grad norm: 0.7143
[iter 6640]loss: 3.5615, tokens/sec: 28721.85 ± 4502.87, tokens seen: 435159040, grad norm: 0.7544
[iter 6650]loss: 3.2246, tokens/sec: 28726.65 ± 4501.18, tokens seen: 435814400, grad norm: 0.8025
[iter 6660]loss: 3.6326, tokens/sec: 28731.43 ± 4499.49, tokens seen: 436469760, grad norm: 0.8369
[iter 6670]loss: 3.4451, tokens/sec: 28736.20 ± 4497.81, tokens seen: 437125120, grad norm: 0.7355
[iter 6680]loss: 3.6700, tokens/sec: 28740.97 ± 4496.13, tokens seen: 437780480, grad norm: 0.7885
[iter 6690]loss: 3.5170, tokens/sec: 28745.72 ± 4494.44, tokens seen: 438435840, grad norm: 0.8060
[iter 6700]loss: 3.5543, tokens/sec: 28750.43 ± 4492.74, tokens seen: 439091200, grad norm: 0.6799
[iter 6710]loss: 3.4761, tokens/sec: 28755.14 ± 4491.04, tokens seen: 439746560, grad norm: 0.6807
[iter 6720]loss: 3.6220, tokens/sec: 28759.83 ± 4489.35, tokens seen: 440401920, grad norm: 0.7219
[iter 6730]loss: 3.5708, tokens/sec: 28764.52 ± 4487.66, tokens seen: 441057280, grad norm: 0.7305
[iter 6740]loss: 3.6360, tokens/sec: 28769.18 ± 4485.96, tokens seen: 441712640, grad norm: 0.8162
[iter 6750]loss: 3.6565, tokens/sec: 28773.83 ± 4484.26, tokens seen: 442368000, grad norm: 0.7528
[iter 6760]loss: 3.5908, tokens/sec: 28778.47 ± 4482.57, tokens seen: 443023360, grad norm: 0.6921
[iter 6770]loss: 3.4803, tokens/sec: 28783.10 ± 4480.87, tokens seen: 443678720, grad norm: 0.7546
[iter 6780]loss: 3.3240, tokens/sec: 28787.72 ± 4479.18, tokens seen: 444334080, grad norm: 0.7904
[iter 6790]loss: 3.4198, tokens/sec: 28792.31 ± 4477.48, tokens seen: 444989440, grad norm: 0.6918
[iter 6800]loss: 3.5865, tokens/sec: 28796.92 ± 4475.79, tokens seen: 445644800, grad norm: 0.6967
[iter 6810]loss: 3.3274, tokens/sec: 28801.49 ± 4474.10, tokens seen: 446300160, grad norm: 0.8085
[iter 6820]loss: 3.3571, tokens/sec: 28806.06 ± 4472.40, tokens seen: 446955520, grad norm: 0.7232
[iter 6830]loss: 3.7051, tokens/sec: 28810.60 ± 4470.71, tokens seen: 447610880, grad norm: 0.7488
[iter 6840]loss: 3.1656, tokens/sec: 28815.12 ± 4469.00, tokens seen: 448266240, grad norm: 0.8202
[iter 6850]loss: 3.6340, tokens/sec: 28819.66 ± 4467.31, tokens seen: 448921600, grad norm: 0.7576
[iter 6860]loss: 3.2343, tokens/sec: 28824.16 ± 4465.61, tokens seen: 449576960, grad norm: 0.8496
[iter 6870]loss: 3.5227, tokens/sec: 28828.66 ± 4463.91, tokens seen: 450232320, grad norm: 0.7702
[iter 6880]loss: 3.6389, tokens/sec: 28833.14 ± 4462.22, tokens seen: 450887680, grad norm: 0.8103
[iter 6890]loss: 3.7117, tokens/sec: 28837.62 ± 4460.52, tokens seen: 451543040, grad norm: 0.7897
[iter 6900]loss: 3.5742, tokens/sec: 28842.06 ± 4458.81, tokens seen: 452198400, grad norm: 0.6574
[iter 6910]loss: 3.4276, tokens/sec: 28846.49 ± 4457.11, tokens seen: 452853760, grad norm: 0.7742
[iter 6920]loss: 3.4827, tokens/sec: 28850.90 ± 4455.40, tokens seen: 453509120, grad norm: 0.7107
[iter 6930]loss: 3.5175, tokens/sec: 28855.29 ± 4453.68, tokens seen: 454164480, grad norm: 0.7596
[iter 6940]loss: 3.4625, tokens/sec: 28859.70 ± 4451.98, tokens seen: 454819840, grad norm: 0.9191
[iter 6950]loss: 3.4191, tokens/sec: 28864.10 ± 4450.29, tokens seen: 455475200, grad norm: 0.7503
[iter 6960]loss: 3.5527, tokens/sec: 28867.25 ± 4448.96, tokens seen: 456130560, grad norm: 0.8145
[iter 6970]loss: 3.3660, tokens/sec: 28871.61 ± 4447.25, tokens seen: 456785920, grad norm: 0.7503
[iter 6980]loss: 3.1441, tokens/sec: 28875.96 ± 4445.56, tokens seen: 457441280, grad norm: 0.7478
[iter 6990]loss: 3.3715, tokens/sec: 28880.31 ± 4443.86, tokens seen: 458096640, grad norm: 0.6965
[step 7000]train loss: 3.4681, val loss: 3.4929, (avg train loss: 0.8733 ± 0.0343), (avg grad norm: 0.7707 ± 0.0538)
[iter 7000]loss: 3.4975, tokens/sec: 28884.63 ± 4442.16, tokens seen: 458752000, grad norm: 0.7028
[iter 7010]loss: 3.4008, tokens/sec: 28888.94 ± 4440.45, tokens seen: 459407360, grad norm: 0.7647
[iter 7020]loss: 3.6217, tokens/sec: 28893.24 ± 4438.75, tokens seen: 460062720, grad norm: 0.7852
[iter 7030]loss: 3.5042, tokens/sec: 28897.52 ± 4437.04, tokens seen: 460718080, grad norm: 0.7393
[iter 7040]loss: 3.1315, tokens/sec: 28901.80 ± 4435.34, tokens seen: 461373440, grad norm: 0.7745
[iter 7050]loss: 3.6935, tokens/sec: 28906.09 ± 4433.65, tokens seen: 462028800, grad norm: 0.7770
[iter 7060]loss: 3.4898, tokens/sec: 28910.34 ± 4431.95, tokens seen: 462684160, grad norm: 0.7528
[iter 7070]loss: 3.5900, tokens/sec: 28914.59 ± 4430.26, tokens seen: 463339520, grad norm: 0.7733
[iter 7080]loss: 3.6169, tokens/sec: 28918.81 ± 4428.55, tokens seen: 463994880, grad norm: 0.7382
[iter 7090]loss: 3.3619, tokens/sec: 28923.01 ± 4426.84, tokens seen: 464650240, grad norm: 0.7970
[iter 7100]loss: 3.5705, tokens/sec: 28927.22 ± 4425.14, tokens seen: 465305600, grad norm: 0.9332
[iter 7110]loss: 3.5080, tokens/sec: 28931.40 ± 4423.43, tokens seen: 465960960, grad norm: 0.7281
[iter 7120]loss: 3.4417, tokens/sec: 28935.59 ± 4421.73, tokens seen: 466616320, grad norm: 0.7220
[iter 7130]loss: 3.3919, tokens/sec: 28939.75 ± 4420.02, tokens seen: 467271680, grad norm: 0.7506
[iter 7140]loss: 3.3413, tokens/sec: 28943.90 ± 4418.32, tokens seen: 467927040, grad norm: 0.7102
[iter 7150]loss: 3.2936, tokens/sec: 28948.05 ± 4416.62, tokens seen: 468582400, grad norm: 0.7872
[iter 7160]loss: 3.4097, tokens/sec: 28952.20 ± 4414.93, tokens seen: 469237760, grad norm: 0.8027
[iter 7170]loss: 3.4589, tokens/sec: 28956.31 ± 4413.22, tokens seen: 469893120, grad norm: 0.6928
[iter 7180]loss: 3.4981, tokens/sec: 28959.40 ± 4411.68, tokens seen: 470548480, grad norm: 0.8099
[iter 7190]loss: 3.5602, tokens/sec: 28963.51 ± 4409.99, tokens seen: 471203840, grad norm: 0.8376
[iter 7200]loss: 3.4874, tokens/sec: 28967.61 ± 4408.29, tokens seen: 471859200, grad norm: 0.7710
[iter 7210]loss: 3.4856, tokens/sec: 28971.70 ± 4406.60, tokens seen: 472514560, grad norm: 0.7099
[iter 7220]loss: 3.3977, tokens/sec: 28975.77 ± 4404.91, tokens seen: 473169920, grad norm: 0.8437
[iter 7230]loss: 3.2128, tokens/sec: 28979.84 ± 4403.22, tokens seen: 473825280, grad norm: 0.7671
[iter 7240]loss: 3.3421, tokens/sec: 28983.91 ± 4401.54, tokens seen: 474480640, grad norm: 0.7513
[iter 7250]loss: 3.2779, tokens/sec: 28987.96 ± 4399.85, tokens seen: 475136000, grad norm: 0.8724
[iter 7260]loss: 3.5322, tokens/sec: 28991.98 ± 4398.15, tokens seen: 475791360, grad norm: 0.8256
[iter 7270]loss: 3.5638, tokens/sec: 28995.99 ± 4396.46, tokens seen: 476446720, grad norm: 0.7564
[iter 7280]loss: 3.4501, tokens/sec: 28999.99 ± 4394.76, tokens seen: 477102080, grad norm: 0.7346
[iter 7290]loss: 3.5516, tokens/sec: 29003.97 ± 4393.06, tokens seen: 477757440, grad norm: 0.8089
[iter 7300]loss: 3.5989, tokens/sec: 29007.96 ± 4391.37, tokens seen: 478412800, grad norm: 0.7987
[iter 7310]loss: 3.5816, tokens/sec: 29011.94 ± 4389.68, tokens seen: 479068160, grad norm: 0.7347
[iter 7320]loss: 3.1899, tokens/sec: 29015.91 ± 4388.00, tokens seen: 479723520, grad norm: 0.8597
[iter 7330]loss: 3.4902, tokens/sec: 29019.86 ± 4386.31, tokens seen: 480378880, grad norm: 0.8876
[iter 7340]loss: 3.3443, tokens/sec: 29023.80 ± 4384.61, tokens seen: 481034240, grad norm: 0.7781
[iter 7350]loss: 3.2812, tokens/sec: 29027.73 ± 4382.92, tokens seen: 481689600, grad norm: 0.7688
[iter 7360]loss: 3.4206, tokens/sec: 29031.65 ± 4381.23, tokens seen: 482344960, grad norm: 0.8627
[iter 7370]loss: 3.4084, tokens/sec: 29035.56 ± 4379.55, tokens seen: 483000320, grad norm: 0.8314
[iter 7380]loss: 3.3674, tokens/sec: 29039.46 ± 4377.86, tokens seen: 483655680, grad norm: 0.7503
[iter 7390]loss: 3.4412, tokens/sec: 29043.35 ± 4376.17, tokens seen: 484311040, grad norm: 0.7526
[iter 7400]loss: 3.4134, tokens/sec: 29047.23 ± 4374.49, tokens seen: 484966400, grad norm: 0.7344
[iter 7410]loss: 3.3256, tokens/sec: 29051.10 ± 4372.80, tokens seen: 485621760, grad norm: 0.7359
[iter 7420]loss: 3.3933, tokens/sec: 29054.95 ± 4371.12, tokens seen: 486277120, grad norm: 0.7304
[iter 7430]loss: 3.4939, tokens/sec: 29058.80 ± 4369.43, tokens seen: 486932480, grad norm: 0.8529
[iter 7440]loss: 3.4965, tokens/sec: 29062.62 ± 4367.74, tokens seen: 487587840, grad norm: 0.7400
[iter 7450]loss: 3.4190, tokens/sec: 29066.45 ± 4366.05, tokens seen: 488243200, grad norm: 0.7888
[iter 7460]loss: 3.5184, tokens/sec: 29070.26 ± 4364.37, tokens seen: 488898560, grad norm: 0.8990
[iter 7470]loss: 3.4278, tokens/sec: 29074.07 ± 4362.69, tokens seen: 489553920, grad norm: 0.8104
[iter 7480]loss: 3.4883, tokens/sec: 29077.86 ± 4361.00, tokens seen: 490209280, grad norm: 0.8300
[iter 7490]loss: 3.4374, tokens/sec: 29081.64 ± 4359.32, tokens seen: 490864640, grad norm: 0.7525
[step 7500]train loss: 3.4479, val loss: 3.4507, (avg train loss: 0.8629 ± 0.0346), (avg grad norm: 0.7952 ± 0.0856)
saving checkpoint to ./out-owt-large-mhc-lora-residual-midnorm-bs8-20000step
[iter 7500]loss: 3.3909, tokens/sec: 29085.41 ± 4357.63, tokens seen: 491520000, grad norm: 0.8045
[iter 7510]loss: 3.3859, tokens/sec: 29089.20 ± 4355.96, tokens seen: 492175360, grad norm: 0.8485
[iter 7520]loss: 3.4725, tokens/sec: 29092.95 ± 4354.28, tokens seen: 492830720, grad norm: 0.7796
[iter 7530]loss: 3.7673, tokens/sec: 29096.70 ± 4352.61, tokens seen: 493486080, grad norm: 0.8886
[iter 7540]loss: 3.5528, tokens/sec: 29100.44 ± 4350.93, tokens seen: 494141440, grad norm: 0.8509
[iter 7550]loss: 3.5745, tokens/sec: 29104.17 ± 4349.25, tokens seen: 494796800, grad norm: 0.7131
[iter 7560]loss: 3.7250, tokens/sec: 29107.88 ± 4347.57, tokens seen: 495452160, grad norm: 0.7605
[iter 7570]loss: 3.3398, tokens/sec: 29111.60 ± 4345.90, tokens seen: 496107520, grad norm: 0.7888
[iter 7580]loss: 3.4513, tokens/sec: 29115.29 ± 4344.22, tokens seen: 496762880, grad norm: 0.7480
[iter 7590]loss: 3.4377, tokens/sec: 29117.84 ± 4342.96, tokens seen: 497418240, grad norm: 0.7712
[iter 7600]loss: 3.3494, tokens/sec: 29121.53 ± 4341.29, tokens seen: 498073600, grad norm: 0.7760
[iter 7610]loss: 3.3552, tokens/sec: 29125.21 ± 4339.63, tokens seen: 498728960, grad norm: 0.7961
[iter 7620]loss: 3.4167, tokens/sec: 29128.88 ± 4337.96, tokens seen: 499384320, grad norm: 0.7632
[iter 7630]loss: 3.5866, tokens/sec: 29132.53 ± 4336.29, tokens seen: 500039680, grad norm: 0.8422
[iter 7640]loss: 3.4142, tokens/sec: 29136.18 ± 4334.62, tokens seen: 500695040, grad norm: 0.8063
[iter 7650]loss: 3.2349, tokens/sec: 29139.83 ± 4332.96, tokens seen: 501350400, grad norm: 0.7332
[iter 7660]loss: 3.1413, tokens/sec: 29143.45 ± 4331.30, tokens seen: 502005760, grad norm: 0.7563
[iter 7670]loss: 3.3493, tokens/sec: 29147.06 ± 4329.63, tokens seen: 502661120, grad norm: 0.7473
[iter 7680]loss: 3.6289, tokens/sec: 29150.67 ± 4327.96, tokens seen: 503316480, grad norm: 0.8865
[iter 7690]loss: 3.3765, tokens/sec: 29154.27 ± 4326.30, tokens seen: 503971840, grad norm: 0.8089
[iter 7700]loss: 3.6358, tokens/sec: 29157.87 ± 4324.64, tokens seen: 504627200, grad norm: 0.8194
[iter 7710]loss: 3.7062, tokens/sec: 29161.44 ± 4322.97, tokens seen: 505282560, grad norm: 0.7673
[iter 7720]loss: 3.5312, tokens/sec: 29164.06 ± 4321.51, tokens seen: 505937920, grad norm: 0.6851
[iter 7730]loss: 3.5308, tokens/sec: 29167.62 ± 4319.84, tokens seen: 506593280, grad norm: 0.8019
[iter 7740]loss: 3.4597, tokens/sec: 29171.17 ± 4318.18, tokens seen: 507248640, grad norm: 0.8573
[iter 7750]loss: 3.4560, tokens/sec: 29174.71 ± 4316.52, tokens seen: 507904000, grad norm: 0.8170
[iter 7760]loss: 3.2650, tokens/sec: 29178.24 ± 4314.85, tokens seen: 508559360, grad norm: 0.8411
[iter 7770]loss: 3.2301, tokens/sec: 29181.76 ± 4313.19, tokens seen: 509214720, grad norm: 0.8577
[iter 7780]loss: 3.4195, tokens/sec: 29185.27 ± 4311.53, tokens seen: 509870080, grad norm: 0.7627
[iter 7790]loss: 3.4705, tokens/sec: 29188.80 ± 4309.89, tokens seen: 510525440, grad norm: 0.7187
[iter 7800]loss: 3.3810, tokens/sec: 29192.29 ± 4308.23, tokens seen: 511180800, grad norm: 0.8340
[iter 7810]loss: 3.6297, tokens/sec: 29195.79 ± 4306.58, tokens seen: 511836160, grad norm: 0.7484
[iter 7820]loss: 3.5967, tokens/sec: 29199.28 ± 4304.93, tokens seen: 512491520, grad norm: 0.7859
[iter 7830]loss: 3.4999, tokens/sec: 29202.74 ± 4303.27, tokens seen: 513146880, grad norm: 0.7775
[iter 7840]loss: 3.4666, tokens/sec: 29206.22 ± 4301.63, tokens seen: 513802240, grad norm: 0.7247
[iter 7850]loss: 3.3596, tokens/sec: 29209.67 ± 4299.97, tokens seen: 514457600, grad norm: 0.8117
[iter 7860]loss: 3.3583, tokens/sec: 29213.11 ± 4298.31, tokens seen: 515112960, grad norm: 0.8145
[iter 7870]loss: 3.3761, tokens/sec: 29216.56 ± 4296.67, tokens seen: 515768320, grad norm: 0.9369
[iter 7880]loss: 3.3237, tokens/sec: 29219.99 ± 4295.02, tokens seen: 516423680, grad norm: 0.8624
[iter 7890]loss: 2.9362, tokens/sec: 29223.40 ± 4293.37, tokens seen: 517079040, grad norm: 0.9581
[iter 7900]loss: 3.3361, tokens/sec: 29226.82 ± 4291.73, tokens seen: 517734400, grad norm: 0.7754
[iter 7910]loss: 3.5669, tokens/sec: 29230.23 ± 4290.08, tokens seen: 518389760, grad norm: 0.7999
[iter 7920]loss: 3.5423, tokens/sec: 29233.61 ± 4288.43, tokens seen: 519045120, grad norm: 0.7824
[iter 7930]loss: 3.3363, tokens/sec: 29237.01 ± 4286.79, tokens seen: 519700480, grad norm: 1.0050
[iter 7940]loss: 3.1863, tokens/sec: 29240.37 ± 4285.14, tokens seen: 520355840, grad norm: 0.7399
[iter 7950]loss: 3.3612, tokens/sec: 29243.75 ± 4283.50, tokens seen: 521011200, grad norm: 0.8253
[iter 7960]loss: 3.4948, tokens/sec: 29247.11 ± 4281.86, tokens seen: 521666560, grad norm: 0.9108
[iter 7970]loss: 3.4515, tokens/sec: 29250.46 ± 4280.22, tokens seen: 522321920, grad norm: 0.7743
[iter 7980]loss: 3.4656, tokens/sec: 29253.80 ± 4278.57, tokens seen: 522977280, grad norm: 0.7782
[iter 7990]loss: 3.3413, tokens/sec: 29257.14 ± 4276.93, tokens seen: 523632640, grad norm: 0.7865
[step 8000]train loss: 3.4376, val loss: 3.4527, (avg train loss: 0.8597 ± 0.0373), (avg grad norm: 0.8077 ± 0.0689)
[iter 8000]loss: 3.4490, tokens/sec: 29260.45 ± 4275.29, tokens seen: 524288000, grad norm: 0.8120
[iter 8010]loss: 2.9970, tokens/sec: 29263.76 ± 4273.65, tokens seen: 524943360, grad norm: 0.7878
[iter 8020]loss: 3.3624, tokens/sec: 29267.07 ± 4272.00, tokens seen: 525598720, grad norm: 0.7558
[iter 8030]loss: 3.3678, tokens/sec: 29270.37 ± 4270.37, tokens seen: 526254080, grad norm: 0.7763
[iter 8040]loss: 3.3239, tokens/sec: 29273.67 ± 4268.74, tokens seen: 526909440, grad norm: 0.7480
[iter 8050]loss: 3.3395, tokens/sec: 29276.97 ± 4267.11, tokens seen: 527564800, grad norm: 0.8452
[iter 8060]loss: 3.4535, tokens/sec: 29280.25 ± 4265.48, tokens seen: 528220160, grad norm: 0.7378
[iter 8070]loss: 3.3572, tokens/sec: 29283.53 ± 4263.85, tokens seen: 528875520, grad norm: 0.8293
[iter 8080]loss: 3.2590, tokens/sec: 29286.78 ± 4262.22, tokens seen: 529530880, grad norm: 0.7626
[iter 8090]loss: 3.5816, tokens/sec: 29290.04 ± 4260.59, tokens seen: 530186240, grad norm: 0.7598
[iter 8100]loss: 3.2343, tokens/sec: 29293.29 ± 4258.96, tokens seen: 530841600, grad norm: 0.7385
[iter 8110]loss: 3.4359, tokens/sec: 29296.54 ± 4257.34, tokens seen: 531496960, grad norm: 0.7315
[iter 8120]loss: 3.1281, tokens/sec: 29299.79 ± 4255.72, tokens seen: 532152320, grad norm: 0.8082
[iter 8130]loss: 3.2531, tokens/sec: 29303.02 ± 4254.10, tokens seen: 532807680, grad norm: 0.7715
[iter 8140]loss: 3.3221, tokens/sec: 29306.23 ± 4252.48, tokens seen: 533463040, grad norm: 0.7582
[iter 8150]loss: 3.3541, tokens/sec: 29309.45 ± 4250.86, tokens seen: 534118400, grad norm: 0.7309
[iter 8160]loss: 3.6059, tokens/sec: 29312.64 ± 4249.23, tokens seen: 534773760, grad norm: 0.7476
[iter 8170]loss: 3.3681, tokens/sec: 29315.83 ± 4247.61, tokens seen: 535429120, grad norm: 0.8009
[iter 8180]loss: 3.3336, tokens/sec: 29319.01 ± 4245.98, tokens seen: 536084480, grad norm: 0.7997
[iter 8190]loss: 3.3002, tokens/sec: 29322.18 ± 4244.36, tokens seen: 536739840, grad norm: 0.8404
[iter 8200]loss: 3.3314, tokens/sec: 29325.34 ± 4242.74, tokens seen: 537395200, grad norm: 0.8310
[iter 8210]loss: 3.2884, tokens/sec: 29328.48 ± 4241.11, tokens seen: 538050560, grad norm: 1.0985
[iter 8220]loss: 3.0449, tokens/sec: 29331.65 ± 4239.50, tokens seen: 538705920, grad norm: 0.7967
[iter 8230]loss: 3.3553, tokens/sec: 29333.72 ± 4238.37, tokens seen: 539361280, grad norm: 0.8722
[iter 8240]loss: 3.3667, tokens/sec: 29336.84 ± 4236.75, tokens seen: 540016640, grad norm: 0.8146
[iter 8250]loss: 3.2916, tokens/sec: 29339.98 ± 4235.13, tokens seen: 540672000, grad norm: 0.8651
[iter 8260]loss: 3.5616, tokens/sec: 29342.24 ± 4233.75, tokens seen: 541327360, grad norm: 0.7786
[iter 8270]loss: 3.4288, tokens/sec: 29345.36 ± 4232.14, tokens seen: 541982720, grad norm: 0.7390
[iter 8280]loss: 3.5222, tokens/sec: 29348.45 ± 4230.51, tokens seen: 542638080, grad norm: 0.8338
[iter 8290]loss: 3.3344, tokens/sec: 29351.56 ± 4228.91, tokens seen: 543293440, grad norm: 0.7594
[iter 8300]loss: 3.7808, tokens/sec: 29354.65 ± 4227.29, tokens seen: 543948800, grad norm: 0.8105
[iter 8310]loss: 3.5203, tokens/sec: 29357.73 ± 4225.68, tokens seen: 544604160, grad norm: 0.9149
[iter 8320]loss: 3.1253, tokens/sec: 29360.81 ± 4224.08, tokens seen: 545259520, grad norm: 0.8634
[iter 8330]loss: 3.3662, tokens/sec: 29363.88 ± 4222.47, tokens seen: 545914880, grad norm: 0.7873
[iter 8340]loss: 3.2917, tokens/sec: 29366.93 ± 4220.86, tokens seen: 546570240, grad norm: 0.8189
[iter 8350]loss: 3.4155, tokens/sec: 29369.98 ± 4219.25, tokens seen: 547225600, grad norm: 0.7634
[iter 8360]loss: 3.5152, tokens/sec: 29373.04 ± 4217.65, tokens seen: 547880960, grad norm: 0.8779
[iter 8370]loss: 3.5173, tokens/sec: 29376.08 ± 4216.05, tokens seen: 548536320, grad norm: 0.7909
[iter 8380]loss: 3.2262, tokens/sec: 29379.09 ± 4214.43, tokens seen: 549191680, grad norm: 0.8086
[iter 8390]loss: 3.1329, tokens/sec: 29382.13 ± 4212.84, tokens seen: 549847040, grad norm: 0.7482
[iter 8400]loss: 3.5878, tokens/sec: 29385.15 ± 4211.24, tokens seen: 550502400, grad norm: 0.9451
[iter 8410]loss: 3.5479, tokens/sec: 29388.17 ± 4209.64, tokens seen: 551157760, grad norm: 0.8364
[iter 8420]loss: 3.2865, tokens/sec: 29391.17 ± 4208.04, tokens seen: 551813120, grad norm: 0.7509
[iter 8430]loss: 3.4345, tokens/sec: 29394.16 ± 4206.45, tokens seen: 552468480, grad norm: 0.7830
[iter 8440]loss: 3.2297, tokens/sec: 29397.15 ± 4204.85, tokens seen: 553123840, grad norm: 0.8596
[iter 8450]loss: 3.4732, tokens/sec: 29400.14 ± 4203.26, tokens seen: 553779200, grad norm: 0.8113
[iter 8460]loss: 3.3366, tokens/sec: 29403.11 ± 4201.66, tokens seen: 554434560, grad norm: 0.7858
[iter 8470]loss: 3.4039, tokens/sec: 29406.08 ± 4200.07, tokens seen: 555089920, grad norm: 0.8073
[iter 8480]loss: 3.6095, tokens/sec: 29409.05 ± 4198.48, tokens seen: 555745280, grad norm: 0.7346
[iter 8490]loss: 3.1986, tokens/sec: 29412.00 ± 4196.89, tokens seen: 556400640, grad norm: 0.8649
[step 8500]train loss: 3.3971, val loss: 3.4105, (avg train loss: 0.8512 ± 0.0365), (avg grad norm: 0.8459 ± 0.0839)
saving checkpoint to ./out-owt-large-mhc-lora-residual-midnorm-bs8-20000step
[iter 8500]loss: 3.5143, tokens/sec: 29414.94 ± 4195.29, tokens seen: 557056000, grad norm: 0.8042
[iter 8510]loss: 3.4078, tokens/sec: 29417.88 ± 4193.70, tokens seen: 557711360, grad norm: 0.9534
[iter 8520]loss: 3.3317, tokens/sec: 29420.81 ± 4192.11, tokens seen: 558366720, grad norm: 0.9093
[iter 8530]loss: 3.3062, tokens/sec: 29423.74 ± 4190.53, tokens seen: 559022080, grad norm: 0.8416
[iter 8540]loss: 3.4097, tokens/sec: 29426.66 ± 4188.94, tokens seen: 559677440, grad norm: 0.7307
[iter 8550]loss: 3.3066, tokens/sec: 29429.58 ± 4187.36, tokens seen: 560332800, grad norm: 0.8635
[iter 8560]loss: 3.5323, tokens/sec: 29432.48 ± 4185.78, tokens seen: 560988160, grad norm: 0.9624
[iter 8570]loss: 3.5590, tokens/sec: 29435.38 ± 4184.19, tokens seen: 561643520, grad norm: 0.9294
[iter 8580]loss: 3.2754, tokens/sec: 29438.28 ± 4182.62, tokens seen: 562298880, grad norm: 0.8230
[iter 8590]loss: 3.2690, tokens/sec: 29441.15 ± 4181.03, tokens seen: 562954240, grad norm: 0.8112
[iter 8600]loss: 3.5710, tokens/sec: 29444.02 ± 4179.44, tokens seen: 563609600, grad norm: 0.9989
[iter 8610]loss: 3.1035, tokens/sec: 29446.89 ± 4177.86, tokens seen: 564264960, grad norm: 1.3060
[iter 8620]loss: 3.4836, tokens/sec: 29449.75 ± 4176.28, tokens seen: 564920320, grad norm: 0.8736
[iter 8630]loss: 3.5449, tokens/sec: 29452.60 ± 4174.70, tokens seen: 565575680, grad norm: 0.7999
[iter 8640]loss: 3.2894, tokens/sec: 29455.46 ± 4173.13, tokens seen: 566231040, grad norm: 0.7920
[iter 8650]loss: 3.4758, tokens/sec: 29458.30 ± 4171.55, tokens seen: 566886400, grad norm: 0.8243
[iter 8660]loss: 3.4318, tokens/sec: 29461.14 ± 4169.98, tokens seen: 567541760, grad norm: 0.8665
[iter 8670]loss: 3.2400, tokens/sec: 29463.97 ± 4168.41, tokens seen: 568197120, grad norm: 0.8076
[iter 8680]loss: 3.2845, tokens/sec: 29466.79 ± 4166.84, tokens seen: 568852480, grad norm: 0.8434
[iter 8690]loss: 3.5079, tokens/sec: 29469.61 ± 4165.27, tokens seen: 569507840, grad norm: 0.9164
[iter 8700]loss: 3.6368, tokens/sec: 29472.42 ± 4163.70, tokens seen: 570163200, grad norm: 0.9726
[iter 8710]loss: 3.6568, tokens/sec: 29475.23 ± 4162.13, tokens seen: 570818560, grad norm: 0.8611
[iter 8720]loss: 3.5449, tokens/sec: 29478.02 ± 4160.56, tokens seen: 571473920, grad norm: 0.7954
[iter 8730]loss: 3.3547, tokens/sec: 29480.81 ± 4158.99, tokens seen: 572129280, grad norm: 0.7813
[iter 8740]loss: 3.2564, tokens/sec: 29483.58 ± 4157.42, tokens seen: 572784640, grad norm: 0.8131
[iter 8750]loss: 3.3923, tokens/sec: 29486.36 ± 4155.85, tokens seen: 573440000, grad norm: 0.8595
[iter 8760]loss: 3.4047, tokens/sec: 29489.13 ± 4154.29, tokens seen: 574095360, grad norm: 0.7804
[iter 8770]loss: 3.6232, tokens/sec: 29491.89 ± 4152.72, tokens seen: 574750720, grad norm: 0.8579
[iter 8780]loss: 3.4293, tokens/sec: 29494.63 ± 4151.15, tokens seen: 575406080, grad norm: 0.8945
[iter 8790]loss: 2.9587, tokens/sec: 29497.39 ± 4149.59, tokens seen: 576061440, grad norm: 0.9767
[iter 8800]loss: 3.5900, tokens/sec: 29499.31 ± 4148.28, tokens seen: 576716800, grad norm: 0.8581
[iter 8810]loss: 3.3646, tokens/sec: 29502.05 ± 4146.72, tokens seen: 577372160, grad norm: 0.7861
[iter 8820]loss: 3.3835, tokens/sec: 29504.77 ± 4145.16, tokens seen: 578027520, grad norm: 0.9706
[iter 8830]loss: 3.3678, tokens/sec: 29507.50 ± 4143.60, tokens seen: 578682880, grad norm: 0.9652
[iter 8840]loss: 3.5960, tokens/sec: 29510.22 ± 4142.04, tokens seen: 579338240, grad norm: 0.8940
[iter 8850]loss: 3.3758, tokens/sec: 29512.92 ± 4140.48, tokens seen: 579993600, grad norm: 0.8500
[iter 8860]loss: 3.4507, tokens/sec: 29515.63 ± 4138.93, tokens seen: 580648960, grad norm: 0.8304
[iter 8870]loss: 3.2779, tokens/sec: 29517.32 ± 4137.88, tokens seen: 581304320, grad norm: 1.0235
[iter 8880]loss: 3.3452, tokens/sec: 29520.01 ± 4136.33, tokens seen: 581959680, grad norm: 0.8696
[iter 8890]loss: 3.3719, tokens/sec: 29522.70 ± 4134.78, tokens seen: 582615040, grad norm: 1.0345
[iter 8900]loss: 3.6128, tokens/sec: 29525.39 ± 4133.23, tokens seen: 583270400, grad norm: 0.8310
[iter 8910]loss: 3.3221, tokens/sec: 29528.06 ± 4131.68, tokens seen: 583925760, grad norm: 0.8501
[iter 8920]loss: 3.5447, tokens/sec: 29530.74 ± 4130.14, tokens seen: 584581120, grad norm: 1.0136
[iter 8930]loss: 3.2719, tokens/sec: 29533.41 ± 4128.60, tokens seen: 585236480, grad norm: 0.7910
[iter 8940]loss: 3.4750, tokens/sec: 29536.07 ± 4127.05, tokens seen: 585891840, grad norm: 0.7907
[iter 8950]loss: 3.2107, tokens/sec: 29538.72 ± 4125.51, tokens seen: 586547200, grad norm: 0.8927
[iter 8960]loss: 3.5188, tokens/sec: 29541.36 ± 4123.96, tokens seen: 587202560, grad norm: 0.7685
[iter 8970]loss: 3.4583, tokens/sec: 29543.99 ± 4122.41, tokens seen: 587857920, grad norm: 0.8879
[iter 8980]loss: 3.4586, tokens/sec: 29546.61 ± 4120.87, tokens seen: 588513280, grad norm: 0.9516
[iter 8990]loss: 3.6421, tokens/sec: 29549.23 ± 4119.32, tokens seen: 589168640, grad norm: 1.0155
[step 9000]train loss: 3.3887, val loss: 3.3888, (avg train loss: 0.8499 ± 0.0325), (avg grad norm: 0.8692 ± 0.0852)
saving checkpoint to ./out-owt-large-mhc-lora-residual-midnorm-bs8-20000step
[iter 9000]loss: 3.5449, tokens/sec: 29551.74 ± 4117.73, tokens seen: 589824000, grad norm: 0.9530
[iter 9010]loss: 3.2499, tokens/sec: 29554.37 ± 4116.21, tokens seen: 590479360, grad norm: 0.8941
[iter 9020]loss: 3.3665, tokens/sec: 29556.98 ± 4114.67, tokens seen: 591134720, grad norm: 0.7628
[iter 9030]loss: 3.2954, tokens/sec: 29559.60 ± 4113.14, tokens seen: 591790080, grad norm: 0.8560
[iter 9040]loss: 3.2148, tokens/sec: 29562.21 ± 4111.61, tokens seen: 592445440, grad norm: 0.7981
[iter 9050]loss: 3.5058, tokens/sec: 29564.80 ± 4110.08, tokens seen: 593100800, grad norm: 0.9755
[iter 9060]loss: 3.3857, tokens/sec: 29567.38 ± 4108.55, tokens seen: 593756160, grad norm: 0.9542
[iter 9070]loss: 3.5486, tokens/sec: 29569.97 ± 4107.02, tokens seen: 594411520, grad norm: 0.8962
[iter 9080]loss: 3.5493, tokens/sec: 29572.55 ± 4105.49, tokens seen: 595066880, grad norm: 0.7995
[iter 9090]loss: 3.5404, tokens/sec: 29575.14 ± 4103.97, tokens seen: 595722240, grad norm: 0.7600
[iter 9100]loss: 3.5174, tokens/sec: 29577.70 ± 4102.45, tokens seen: 596377600, grad norm: 0.7888
[iter 9110]loss: 3.4288, tokens/sec: 29580.25 ± 4100.92, tokens seen: 597032960, grad norm: 0.8817
[iter 9120]loss: 3.4351, tokens/sec: 29582.80 ± 4099.39, tokens seen: 597688320, grad norm: 0.8910
[iter 9130]loss: 3.1106, tokens/sec: 29585.35 ± 4097.87, tokens seen: 598343680, grad norm: 0.8573
[iter 9140]loss: 3.1954, tokens/sec: 29587.90 ± 4096.35, tokens seen: 598999040, grad norm: 0.8740
[iter 9150]loss: 3.2866, tokens/sec: 29590.44 ± 4094.83, tokens seen: 599654400, grad norm: 0.7627
[iter 9160]loss: 3.5060, tokens/sec: 29592.95 ± 4093.30, tokens seen: 600309760, grad norm: 0.8020
[iter 9170]loss: 3.3344, tokens/sec: 29595.48 ± 4091.79, tokens seen: 600965120, grad norm: 0.7584
[iter 9180]loss: 3.3407, tokens/sec: 29598.01 ± 4090.27, tokens seen: 601620480, grad norm: 0.8873
[iter 9190]loss: 3.0786, tokens/sec: 29600.53 ± 4088.76, tokens seen: 602275840, grad norm: 0.8291
[iter 9200]loss: 3.4230, tokens/sec: 29603.04 ± 4087.25, tokens seen: 602931200, grad norm: 0.8803
[iter 9210]loss: 3.3504, tokens/sec: 29605.55 ± 4085.74, tokens seen: 603586560, grad norm: 0.8497
[iter 9220]loss: 3.6279, tokens/sec: 29608.06 ± 4084.23, tokens seen: 604241920, grad norm: 0.7808
[iter 9230]loss: 3.4713, tokens/sec: 29610.55 ± 4082.72, tokens seen: 604897280, grad norm: 0.8633
[iter 9240]loss: 3.4230, tokens/sec: 29613.04 ± 4081.21, tokens seen: 605552640, grad norm: 0.9069
[iter 9250]loss: 3.5211, tokens/sec: 29615.53 ± 4079.71, tokens seen: 606208000, grad norm: 0.8742
[iter 9260]loss: 3.5084, tokens/sec: 29618.01 ± 4078.20, tokens seen: 606863360, grad norm: 0.7844
[iter 9270]loss: 3.2981, tokens/sec: 29620.48 ± 4076.70, tokens seen: 607518720, grad norm: 0.8991
[iter 9280]loss: 3.5143, tokens/sec: 29622.93 ± 4075.19, tokens seen: 608174080, grad norm: 0.8995
[iter 9290]loss: 3.2845, tokens/sec: 29625.40 ± 4073.68, tokens seen: 608829440, grad norm: 1.6161
[iter 9300]loss: 3.4610, tokens/sec: 29627.86 ± 4072.18, tokens seen: 609484800, grad norm: 0.8666
[iter 9310]loss: 3.5318, tokens/sec: 29630.32 ± 4070.69, tokens seen: 610140160, grad norm: 0.7685
[iter 9320]loss: 3.5513, tokens/sec: 29632.76 ± 4069.18, tokens seen: 610795520, grad norm: 0.8305
[iter 9330]loss: 3.0718, tokens/sec: 29635.21 ± 4067.69, tokens seen: 611450880, grad norm: 0.8090
[iter 9340]loss: 3.2798, tokens/sec: 29637.64 ± 4066.19, tokens seen: 612106240, grad norm: 0.7448
[iter 9350]loss: 3.4005, tokens/sec: 29639.29 ± 4064.96, tokens seen: 612761600, grad norm: 0.8378
[iter 9360]loss: 3.1257, tokens/sec: 29641.71 ± 4063.46, tokens seen: 613416960, grad norm: 1.0146
[iter 9370]loss: 3.1460, tokens/sec: 29644.13 ± 4061.97, tokens seen: 614072320, grad norm: 0.8435
[iter 9380]loss: 3.2186, tokens/sec: 29646.54 ± 4060.47, tokens seen: 614727680, grad norm: 0.8325
[iter 9390]loss: 3.3293, tokens/sec: 29648.95 ± 4058.98, tokens seen: 615383040, grad norm: 0.7795
[iter 9400]loss: 3.4126, tokens/sec: 29651.36 ± 4057.50, tokens seen: 616038400, grad norm: 0.9661
[iter 9410]loss: 3.4946, tokens/sec: 29653.76 ± 4056.00, tokens seen: 616693760, grad norm: 0.8014
[iter 9420]loss: 3.2797, tokens/sec: 29656.15 ± 4054.52, tokens seen: 617349120, grad norm: 0.9344
[iter 9430]loss: 3.4415, tokens/sec: 29658.53 ± 4053.03, tokens seen: 618004480, grad norm: 0.8881
[iter 9440]loss: 3.3578, tokens/sec: 29660.94 ± 4051.55, tokens seen: 618659840, grad norm: 0.8371
[iter 9450]loss: 3.4434, tokens/sec: 29663.31 ± 4050.06, tokens seen: 619315200, grad norm: 0.8800
[iter 9460]loss: 3.2873, tokens/sec: 29665.69 ± 4048.58, tokens seen: 619970560, grad norm: 0.8459
[iter 9470]loss: 3.3494, tokens/sec: 29668.05 ± 4047.10, tokens seen: 620625920, grad norm: 0.7826
[iter 9480]loss: 3.1789, tokens/sec: 29670.41 ± 4045.61, tokens seen: 621281280, grad norm: 0.9057
[iter 9490]loss: 3.4792, tokens/sec: 29672.75 ± 4044.13, tokens seen: 621936640, grad norm: 0.8229
[step 9500]train loss: 3.3676, val loss: 3.3824, (avg train loss: 0.8453 ± 0.0348), (avg grad norm: 0.8918 ± 0.1171)
saving checkpoint to ./out-owt-large-mhc-lora-residual-midnorm-bs8-20000step
[iter 9500]loss: 3.0279, tokens/sec: 29674.18 ± 4043.14, tokens seen: 622592000, grad norm: 0.8361
[iter 9510]loss: 3.2855, tokens/sec: 29676.53 ± 4041.66, tokens seen: 623247360, grad norm: 1.0887
[iter 9520]loss: 3.3598, tokens/sec: 29678.89 ± 4040.19, tokens seen: 623902720, grad norm: 0.9508
[iter 9530]loss: 3.3763, tokens/sec: 29681.23 ± 4038.72, tokens seen: 624558080, grad norm: 0.7742
[iter 9540]loss: 3.3407, tokens/sec: 29683.58 ± 4037.25, tokens seen: 625213440, grad norm: 1.2616
[iter 9550]loss: 3.4922, tokens/sec: 29685.91 ± 4035.78, tokens seen: 625868800, grad norm: 0.9413
[iter 9560]loss: 3.4244, tokens/sec: 29688.25 ± 4034.32, tokens seen: 626524160, grad norm: 0.8229
[iter 9570]loss: 2.9674, tokens/sec: 29690.57 ± 4032.85, tokens seen: 627179520, grad norm: 0.8447
[iter 9580]loss: 3.1106, tokens/sec: 29692.89 ± 4031.38, tokens seen: 627834880, grad norm: 1.1652
[iter 9590]loss: 3.5466, tokens/sec: 29695.19 ± 4029.91, tokens seen: 628490240, grad norm: 0.8435
[iter 9600]loss: 3.3859, tokens/sec: 29697.50 ± 4028.44, tokens seen: 629145600, grad norm: 1.0537
[iter 9610]loss: 3.4318, tokens/sec: 29699.80 ± 4026.98, tokens seen: 629800960, grad norm: 0.8446
[iter 9620]loss: 3.3346, tokens/sec: 29702.09 ± 4025.51, tokens seen: 630456320, grad norm: 0.9112
[iter 9630]loss: 3.3267, tokens/sec: 29704.38 ± 4024.05, tokens seen: 631111680, grad norm: 1.0274
[iter 9640]loss: 3.4076, tokens/sec: 29706.67 ± 4022.59, tokens seen: 631767040, grad norm: 0.8603
[iter 9650]loss: 3.5506, tokens/sec: 29708.95 ± 4021.13, tokens seen: 632422400, grad norm: 0.8721
[iter 9660]loss: 3.4204, tokens/sec: 29711.22 ± 4019.67, tokens seen: 633077760, grad norm: 0.7477
[iter 9670]loss: 3.4286, tokens/sec: 29713.48 ± 4018.20, tokens seen: 633733120, grad norm: 0.8240
[iter 9680]loss: 3.2739, tokens/sec: 29715.75 ± 4016.74, tokens seen: 634388480, grad norm: 0.7695
[iter 9690]loss: 3.2435, tokens/sec: 29718.02 ± 4015.29, tokens seen: 635043840, grad norm: 0.8820
[iter 9700]loss: 3.2800, tokens/sec: 29720.27 ± 4013.83, tokens seen: 635699200, grad norm: 0.8356
[iter 9710]loss: 3.3462, tokens/sec: 29722.52 ± 4012.38, tokens seen: 636354560, grad norm: 0.8464
[iter 9720]loss: 3.4078, tokens/sec: 29724.77 ± 4010.93, tokens seen: 637009920, grad norm: 0.9549
[iter 9730]loss: 3.4706, tokens/sec: 29727.02 ± 4009.48, tokens seen: 637665280, grad norm: 0.8298
[iter 9740]loss: 3.4006, tokens/sec: 29729.26 ± 4008.03, tokens seen: 638320640, grad norm: 0.8620
[iter 9750]loss: 3.5913, tokens/sec: 29731.49 ± 4006.58, tokens seen: 638976000, grad norm: 0.9269
[iter 9760]loss: 3.5524, tokens/sec: 29733.71 ± 4005.13, tokens seen: 639631360, grad norm: 0.9187
[iter 9770]loss: 3.2289, tokens/sec: 29735.94 ± 4003.68, tokens seen: 640286720, grad norm: 1.0034
[iter 9780]loss: 3.4454, tokens/sec: 29738.16 ± 4002.24, tokens seen: 640942080, grad norm: 0.7888
[iter 9790]loss: 3.4787, tokens/sec: 29740.38 ± 4000.80, tokens seen: 641597440, grad norm: 0.8037
[iter 9800]loss: 3.2766, tokens/sec: 29742.60 ± 3999.36, tokens seen: 642252800, grad norm: 0.9194
[iter 9810]loss: 3.3471, tokens/sec: 29744.81 ± 3997.92, tokens seen: 642908160, grad norm: 0.8989
[iter 9820]loss: 3.3542, tokens/sec: 29747.03 ± 3996.49, tokens seen: 643563520, grad norm: 0.8295
[iter 9830]loss: 3.4943, tokens/sec: 29749.22 ± 3995.04, tokens seen: 644218880, grad norm: 1.0282
[iter 9840]loss: 3.3537, tokens/sec: 29751.42 ± 3993.61, tokens seen: 644874240, grad norm: 1.0457
[iter 9850]loss: 3.5465, tokens/sec: 29753.61 ± 3992.17, tokens seen: 645529600, grad norm: 0.8609
[iter 9860]loss: 3.7123, tokens/sec: 29755.80 ± 3990.74, tokens seen: 646184960, grad norm: 0.8956
[iter 9870]loss: 3.4683, tokens/sec: 29757.98 ± 3989.30, tokens seen: 646840320, grad norm: 0.7933
[iter 9880]loss: 3.2923, tokens/sec: 29760.15 ± 3987.87, tokens seen: 647495680, grad norm: 0.8344
[iter 9890]loss: 3.2602, tokens/sec: 29761.58 ± 3986.72, tokens seen: 648151040, grad norm: 0.8504
[iter 9900]loss: 3.2575, tokens/sec: 29763.76 ± 3985.30, tokens seen: 648806400, grad norm: 0.9153
[iter 9910]loss: 3.4052, tokens/sec: 29765.93 ± 3983.87, tokens seen: 649461760, grad norm: 0.9759
[iter 9920]loss: 3.4706, tokens/sec: 29768.09 ± 3982.44, tokens seen: 650117120, grad norm: 0.8492
[iter 9930]loss: 3.5460, tokens/sec: 29770.24 ± 3981.01, tokens seen: 650772480, grad norm: 0.8553
[iter 9940]loss: 3.2875, tokens/sec: 29772.39 ± 3979.59, tokens seen: 651427840, grad norm: 0.9554
[iter 9950]loss: 3.3037, tokens/sec: 29774.53 ± 3978.16, tokens seen: 652083200, grad norm: 1.3763
[iter 9960]loss: 3.0917, tokens/sec: 29776.67 ± 3976.74, tokens seen: 652738560, grad norm: 1.0132
[iter 9970]loss: 3.4421, tokens/sec: 29778.81 ± 3975.31, tokens seen: 653393920, grad norm: 0.8679
[iter 9980]loss: 3.3150, tokens/sec: 29780.95 ± 3973.90, tokens seen: 654049280, grad norm: 1.0248
[iter 9990]loss: 3.3480, tokens/sec: 29783.08 ± 3972.48, tokens seen: 654704640, grad norm: 0.8820
[step 10000]train loss: 3.3455, val loss: 3.3609, (avg train loss: 0.8378 ± 0.0384), (avg grad norm: 0.9204 ± 0.1061)
saving checkpoint to ./out-owt-large-mhc-lora-residual-midnorm-bs8-20000step
[iter 10000]loss: 3.4825, tokens/sec: 29785.20 ± 3971.05, tokens seen: 655360000, grad norm: 0.9040
[iter 10010]loss: 3.2328, tokens/sec: 29787.33 ± 3969.65, tokens seen: 656015360, grad norm: 1.0548
[iter 10020]loss: 3.2006, tokens/sec: 29789.46 ± 3968.24, tokens seen: 656670720, grad norm: 0.8261
[iter 10030]loss: 3.4261, tokens/sec: 29791.57 ± 3966.82, tokens seen: 657326080, grad norm: 0.9520
[iter 10040]loss: 3.3887, tokens/sec: 29793.68 ± 3965.41, tokens seen: 657981440, grad norm: 1.0449
[iter 10050]loss: 3.3109, tokens/sec: 29795.79 ± 3964.00, tokens seen: 658636800, grad norm: 1.0111
[iter 10060]loss: 3.3991, tokens/sec: 29797.89 ± 3962.59, tokens seen: 659292160, grad norm: 1.4283
[iter 10070]loss: 3.4131, tokens/sec: 29799.99 ± 3961.18, tokens seen: 659947520, grad norm: 0.8709
[iter 10080]loss: 3.2855, tokens/sec: 29802.09 ± 3959.78, tokens seen: 660602880, grad norm: 0.8722
[iter 10090]loss: 3.5429, tokens/sec: 29804.18 ± 3958.37, tokens seen: 661258240, grad norm: 0.7796
[iter 10100]loss: 3.3930, tokens/sec: 29806.25 ± 3956.96, tokens seen: 661913600, grad norm: 0.9174
[iter 10110]loss: 3.3576, tokens/sec: 29808.33 ± 3955.55, tokens seen: 662568960, grad norm: 0.9023
[iter 10120]loss: 3.3166, tokens/sec: 29810.40 ± 3954.14, tokens seen: 663224320, grad norm: 0.8918
[iter 10130]loss: 3.4261, tokens/sec: 29811.59 ± 3953.27, tokens seen: 663879680, grad norm: 0.9175
[iter 10140]loss: 3.3392, tokens/sec: 29813.65 ± 3951.86, tokens seen: 664535040, grad norm: 0.8820
[iter 10150]loss: 3.4455, tokens/sec: 29815.73 ± 3950.47, tokens seen: 665190400, grad norm: 0.9086
[iter 10160]loss: 3.3260, tokens/sec: 29817.78 ± 3949.06, tokens seen: 665845760, grad norm: 0.9079
[iter 10170]loss: 3.3517, tokens/sec: 29819.84 ± 3947.67, tokens seen: 666501120, grad norm: 0.9786
[iter 10180]loss: 3.3097, tokens/sec: 29821.90 ± 3946.28, tokens seen: 667156480, grad norm: 1.1270
[iter 10190]loss: 3.2956, tokens/sec: 29823.95 ± 3944.88, tokens seen: 667811840, grad norm: 0.7593
[iter 10200]loss: 3.4590, tokens/sec: 29825.99 ± 3943.49, tokens seen: 668467200, grad norm: 0.9410
[iter 10210]loss: 3.4213, tokens/sec: 29828.03 ± 3942.09, tokens seen: 669122560, grad norm: 0.7882
[iter 10220]loss: 3.4266, tokens/sec: 29830.08 ± 3940.71, tokens seen: 669777920, grad norm: 0.8885
[iter 10230]loss: 3.3987, tokens/sec: 29832.12 ± 3939.32, tokens seen: 670433280, grad norm: 0.8967
[iter 10240]loss: 3.2522, tokens/sec: 29834.14 ± 3937.93, tokens seen: 671088640, grad norm: 0.8772
[iter 10250]loss: 3.4689, tokens/sec: 29836.16 ± 3936.54, tokens seen: 671744000, grad norm: 1.5153
[iter 10260]loss: 3.0641, tokens/sec: 29838.18 ± 3935.15, tokens seen: 672399360, grad norm: 1.0136
[iter 10270]loss: 3.3361, tokens/sec: 29840.20 ± 3933.77, tokens seen: 673054720, grad norm: 0.8603
[iter 10280]loss: 3.1506, tokens/sec: 29842.21 ± 3932.38, tokens seen: 673710080, grad norm: 0.9012
[iter 10290]loss: 3.4337, tokens/sec: 29844.22 ± 3931.00, tokens seen: 674365440, grad norm: 0.9058
[iter 10300]loss: 3.3032, tokens/sec: 29846.23 ± 3929.62, tokens seen: 675020800, grad norm: 0.9608
[iter 10310]loss: 3.2693, tokens/sec: 29848.22 ± 3928.23, tokens seen: 675676160, grad norm: 0.9208
[iter 10320]loss: 3.5068, tokens/sec: 29850.21 ± 3926.85, tokens seen: 676331520, grad norm: 1.0704
[iter 10330]loss: 3.1286, tokens/sec: 29852.21 ± 3925.47, tokens seen: 676986880, grad norm: 0.9498
[iter 10340]loss: 3.2659, tokens/sec: 29854.20 ± 3924.10, tokens seen: 677642240, grad norm: 0.8540
[iter 10350]loss: 3.4983, tokens/sec: 29856.19 ± 3922.72, tokens seen: 678297600, grad norm: 0.8071
[iter 10360]loss: 3.1665, tokens/sec: 29858.15 ± 3921.34, tokens seen: 678952960, grad norm: 0.9163
[iter 10370]loss: 3.4164, tokens/sec: 29860.12 ± 3919.96, tokens seen: 679608320, grad norm: 1.0362
[iter 10380]loss: 3.5505, tokens/sec: 29862.10 ± 3918.59, tokens seen: 680263680, grad norm: 1.0957
[iter 10390]loss: 3.0697, tokens/sec: 29864.07 ± 3917.22, tokens seen: 680919040, grad norm: 0.9822
[iter 10400]loss: 3.3838, tokens/sec: 29866.04 ± 3915.85, tokens seen: 681574400, grad norm: 1.0395
[iter 10410]loss: 3.3043, tokens/sec: 29868.01 ± 3914.48, tokens seen: 682229760, grad norm: 1.0692
[iter 10420]loss: 3.3263, tokens/sec: 29869.96 ± 3913.11, tokens seen: 682885120, grad norm: 0.8163
[iter 10430]loss: 3.2778, tokens/sec: 29871.21 ± 3912.04, tokens seen: 683540480, grad norm: 0.9856
[iter 10440]loss: 3.4158, tokens/sec: 29873.16 ± 3910.67, tokens seen: 684195840, grad norm: 0.8986
[iter 10450]loss: 3.4539, tokens/sec: 29875.11 ± 3909.31, tokens seen: 684851200, grad norm: 0.9323
[iter 10460]loss: 3.0351, tokens/sec: 29877.07 ± 3907.96, tokens seen: 685506560, grad norm: 0.8969
[iter 10470]loss: 3.4116, tokens/sec: 29879.01 ± 3906.59, tokens seen: 686161920, grad norm: 0.9333
[iter 10480]loss: 3.4237, tokens/sec: 29880.94 ± 3905.23, tokens seen: 686817280, grad norm: 0.9633
[iter 10490]loss: 3.3355, tokens/sec: 29882.87 ± 3903.87, tokens seen: 687472640, grad norm: 0.8099
[step 10500]train loss: 3.3197, val loss: 3.3261, (avg train loss: 0.8320 ± 0.0369), (avg grad norm: 0.9236 ± 0.1048)
saving checkpoint to ./out-owt-large-mhc-lora-residual-midnorm-bs8-20000step
[iter 10500]loss: 3.3119, tokens/sec: 29884.80 ± 3902.51, tokens seen: 688128000, grad norm: 0.8604
[iter 10510]loss: 3.3247, tokens/sec: 29886.74 ± 3901.16, tokens seen: 688783360, grad norm: 0.8268
[iter 10520]loss: 3.3194, tokens/sec: 29888.66 ± 3899.80, tokens seen: 689438720, grad norm: 0.7893
[iter 10530]loss: 3.2861, tokens/sec: 29890.58 ± 3898.45, tokens seen: 690094080, grad norm: 1.0983
[iter 10540]loss: 3.3356, tokens/sec: 29892.50 ± 3897.10, tokens seen: 690749440, grad norm: 0.9624
[iter 10550]loss: 3.3627, tokens/sec: 29894.41 ± 3895.74, tokens seen: 691404800, grad norm: 1.1785
[iter 10560]loss: 3.3634, tokens/sec: 29896.30 ± 3894.38, tokens seen: 692060160, grad norm: 0.9027
[iter 10570]loss: 3.3679, tokens/sec: 29898.21 ± 3893.04, tokens seen: 692715520, grad norm: 0.9415
[iter 10580]loss: 3.3566, tokens/sec: 29900.11 ± 3891.68, tokens seen: 693370880, grad norm: 1.0575
[iter 10590]loss: 3.2811, tokens/sec: 29902.00 ± 3890.33, tokens seen: 694026240, grad norm: 0.9599
[iter 10600]loss: 3.4785, tokens/sec: 29903.89 ± 3888.98, tokens seen: 694681600, grad norm: 0.9727
[iter 10610]loss: 3.3864, tokens/sec: 29905.76 ± 3887.63, tokens seen: 695336960, grad norm: 0.9491
[iter 10620]loss: 3.3867, tokens/sec: 29907.64 ± 3886.28, tokens seen: 695992320, grad norm: 0.9052
[iter 10630]loss: 3.2064, tokens/sec: 29909.52 ± 3884.93, tokens seen: 696647680, grad norm: 0.8836
[iter 10640]loss: 3.4491, tokens/sec: 29911.39 ± 3883.59, tokens seen: 697303040, grad norm: 0.8537
[iter 10650]loss: 3.2543, tokens/sec: 29913.26 ± 3882.24, tokens seen: 697958400, grad norm: 1.0969
[iter 10660]loss: 3.1599, tokens/sec: 29915.12 ± 3880.90, tokens seen: 698613760, grad norm: 0.8856
[iter 10670]loss: 3.0265, tokens/sec: 29916.98 ± 3879.56, tokens seen: 699269120, grad norm: 0.7492
[iter 10680]loss: 3.3408, tokens/sec: 29918.85 ± 3878.22, tokens seen: 699924480, grad norm: 0.8880
[iter 10690]loss: 3.4581, tokens/sec: 29920.70 ± 3876.88, tokens seen: 700579840, grad norm: 0.8037
[iter 10700]loss: 3.4412, tokens/sec: 29922.56 ± 3875.54, tokens seen: 701235200, grad norm: 0.8781
[iter 10710]loss: 3.3522, tokens/sec: 29924.41 ± 3874.20, tokens seen: 701890560, grad norm: 1.0120
[iter 10720]loss: 3.4182, tokens/sec: 29926.26 ± 3872.87, tokens seen: 702545920, grad norm: 0.9050
[iter 10730]loss: 3.4912, tokens/sec: 29928.10 ± 3871.54, tokens seen: 703201280, grad norm: 0.7599
[iter 10740]loss: 3.3544, tokens/sec: 29929.94 ± 3870.20, tokens seen: 703856640, grad norm: 0.8639
[iter 10750]loss: 3.2142, tokens/sec: 29931.77 ± 3868.87, tokens seen: 704512000, grad norm: 0.8554
[iter 10760]loss: 3.4069, tokens/sec: 29933.60 ± 3867.53, tokens seen: 705167360, grad norm: 0.8749
[iter 10770]loss: 3.4832, tokens/sec: 29934.61 ± 3866.71, tokens seen: 705822720, grad norm: 0.9345
[iter 10780]loss: 3.4426, tokens/sec: 29936.45 ± 3865.38, tokens seen: 706478080, grad norm: 0.9865
[iter 10790]loss: 3.2942, tokens/sec: 29938.28 ± 3864.06, tokens seen: 707133440, grad norm: 0.9822
[iter 10800]loss: 3.4793, tokens/sec: 29940.10 ± 3862.74, tokens seen: 707788800, grad norm: 0.8931
[iter 10810]loss: 3.3770, tokens/sec: 29941.93 ± 3861.42, tokens seen: 708444160, grad norm: 0.8355
[iter 10820]loss: 3.2976, tokens/sec: 29943.75 ± 3860.09, tokens seen: 709099520, grad norm: 0.9462
[iter 10830]loss: 3.1840, tokens/sec: 29945.56 ± 3858.77, tokens seen: 709754880, grad norm: 0.9199
[iter 10840]loss: 3.2242, tokens/sec: 29947.37 ± 3857.45, tokens seen: 710410240, grad norm: 0.9537
[iter 10850]loss: 3.2458, tokens/sec: 29949.18 ± 3856.13, tokens seen: 711065600, grad norm: 0.9848
[iter 10860]loss: 3.3286, tokens/sec: 29950.98 ± 3854.81, tokens seen: 711720960, grad norm: 0.9509
[iter 10870]loss: 3.1525, tokens/sec: 29952.77 ± 3853.49, tokens seen: 712376320, grad norm: 0.8330
[iter 10880]loss: 3.2512, tokens/sec: 29954.58 ± 3852.19, tokens seen: 713031680, grad norm: 0.9192
[iter 10890]loss: 3.1865, tokens/sec: 29956.39 ± 3850.88, tokens seen: 713687040, grad norm: 1.0153
[iter 10900]loss: 3.4286, tokens/sec: 29958.18 ± 3849.56, tokens seen: 714342400, grad norm: 0.8823
[iter 10910]loss: 3.3744, tokens/sec: 29959.96 ± 3848.25, tokens seen: 714997760, grad norm: 0.9206
[iter 10920]loss: 3.4808, tokens/sec: 29961.75 ± 3846.94, tokens seen: 715653120, grad norm: 0.9632
[iter 10930]loss: 3.3442, tokens/sec: 29963.53 ± 3845.63, tokens seen: 716308480, grad norm: 0.8917
[iter 10940]loss: 3.3757, tokens/sec: 29965.30 ± 3844.32, tokens seen: 716963840, grad norm: 0.8790
[iter 10950]loss: 3.2666, tokens/sec: 29967.07 ± 3843.01, tokens seen: 717619200, grad norm: 0.9254
[iter 10960]loss: 3.3799, tokens/sec: 29968.84 ± 3841.70, tokens seen: 718274560, grad norm: 1.0643
[iter 10970]loss: 3.2484, tokens/sec: 29970.60 ± 3840.39, tokens seen: 718929920, grad norm: 0.8791
[iter 10980]loss: 3.5269, tokens/sec: 29971.70 ± 3839.39, tokens seen: 719585280, grad norm: 1.4290
[iter 10990]loss: 3.3228, tokens/sec: 29973.46 ± 3838.08, tokens seen: 720240640, grad norm: 0.8580
[step 11000]train loss: 3.2997, val loss: 3.3106, (avg train loss: 0.8315 ± 0.0330), (avg grad norm: 0.9631 ± 0.2695)
saving checkpoint to ./out-owt-large-mhc-lora-residual-midnorm-bs8-20000step
[iter 11000]loss: 3.5649, tokens/sec: 29975.21 ± 3836.78, tokens seen: 720896000, grad norm: 1.0101
[iter 11010]loss: 3.0442, tokens/sec: 29976.98 ± 3835.48, tokens seen: 721551360, grad norm: 0.8805
[iter 11020]loss: 3.2084, tokens/sec: 29978.73 ± 3834.18, tokens seen: 722206720, grad norm: 1.0636
[iter 11030]loss: 3.2164, tokens/sec: 29980.47 ± 3832.88, tokens seen: 722862080, grad norm: 0.9120
[iter 11040]loss: 3.0458, tokens/sec: 29982.22 ± 3831.58, tokens seen: 723517440, grad norm: 1.0473
[iter 11050]loss: 3.3420, tokens/sec: 29983.97 ± 3830.29, tokens seen: 724172800, grad norm: 1.0043
[iter 11060]loss: 3.1989, tokens/sec: 29985.71 ± 3829.00, tokens seen: 724828160, grad norm: 1.1740
[iter 11070]loss: 3.1744, tokens/sec: 29987.44 ± 3827.70, tokens seen: 725483520, grad norm: 0.9001
[iter 11080]loss: 3.3998, tokens/sec: 29989.18 ± 3826.41, tokens seen: 726138880, grad norm: 0.9909
[iter 11090]loss: 3.4431, tokens/sec: 29990.91 ± 3825.12, tokens seen: 726794240, grad norm: 0.9069
[iter 11100]loss: 3.3957, tokens/sec: 29992.63 ± 3823.82, tokens seen: 727449600, grad norm: 0.8467
[iter 11110]loss: 3.3554, tokens/sec: 29994.35 ± 3822.53, tokens seen: 728104960, grad norm: 0.7905
[iter 11120]loss: 3.2330, tokens/sec: 29996.07 ± 3821.24, tokens seen: 728760320, grad norm: 0.9816
[iter 11130]loss: 3.0640, tokens/sec: 29997.79 ± 3819.96, tokens seen: 729415680, grad norm: 0.8755
[iter 11140]loss: 3.2851, tokens/sec: 29999.50 ± 3818.67, tokens seen: 730071040, grad norm: 0.8648
[iter 11150]loss: 3.4530, tokens/sec: 30001.22 ± 3817.39, tokens seen: 730726400, grad norm: 0.8175
[iter 11160]loss: 3.5933, tokens/sec: 30002.93 ± 3816.10, tokens seen: 731381760, grad norm: 0.8897
[iter 11170]loss: 3.2026, tokens/sec: 30004.63 ± 3814.82, tokens seen: 732037120, grad norm: 0.9538
[iter 11180]loss: 3.1190, tokens/sec: 30006.33 ± 3813.54, tokens seen: 732692480, grad norm: 1.0561
[iter 11190]loss: 3.2288, tokens/sec: 30008.04 ± 3812.26, tokens seen: 733347840, grad norm: 0.8640
[iter 11200]loss: 3.4692, tokens/sec: 30009.74 ± 3810.98, tokens seen: 734003200, grad norm: 0.7937
[iter 11210]loss: 3.3294, tokens/sec: 30011.43 ± 3809.70, tokens seen: 734658560, grad norm: 0.8121
[iter 11220]loss: 3.2939, tokens/sec: 30013.12 ± 3808.42, tokens seen: 735313920, grad norm: 1.1244
[iter 11230]loss: 3.2753, tokens/sec: 30014.81 ± 3807.15, tokens seen: 735969280, grad norm: 0.9722
[iter 11240]loss: 3.4135, tokens/sec: 30016.50 ± 3805.88, tokens seen: 736624640, grad norm: 0.8472
[iter 11250]loss: 3.4161, tokens/sec: 30018.17 ± 3804.60, tokens seen: 737280000, grad norm: 1.0815
[iter 11260]loss: 3.3790, tokens/sec: 30019.85 ± 3803.32, tokens seen: 737935360, grad norm: 0.8856
[iter 11270]loss: 3.3703, tokens/sec: 30021.52 ± 3802.05, tokens seen: 738590720, grad norm: 0.8832
[iter 11280]loss: 3.2324, tokens/sec: 30023.19 ± 3800.78, tokens seen: 739246080, grad norm: 0.9993
[iter 11290]loss: 3.3785, tokens/sec: 30024.87 ± 3799.51, tokens seen: 739901440, grad norm: 0.9082
[iter 11300]loss: 3.4839, tokens/sec: 30026.53 ± 3798.24, tokens seen: 740556800, grad norm: 0.8171
[iter 11310]loss: 3.2876, tokens/sec: 30028.20 ± 3796.98, tokens seen: 741212160, grad norm: 0.9507
[iter 11320]loss: 3.5059, tokens/sec: 30029.85 ± 3795.71, tokens seen: 741867520, grad norm: 0.9368
[iter 11330]loss: 3.4674, tokens/sec: 30031.50 ± 3794.44, tokens seen: 742522880, grad norm: 0.8428
[iter 11340]loss: 3.3995, tokens/sec: 30033.17 ± 3793.18, tokens seen: 743178240, grad norm: 0.9843
[iter 11350]loss: 3.0891, tokens/sec: 30034.82 ± 3791.92, tokens seen: 743833600, grad norm: 0.8685
[iter 11360]loss: 3.4035, tokens/sec: 30036.47 ± 3790.66, tokens seen: 744488960, grad norm: 1.1373
[iter 11370]loss: 3.1004, tokens/sec: 30038.11 ± 3789.39, tokens seen: 745144320, grad norm: 0.9000
[iter 11380]loss: 3.3729, tokens/sec: 30039.76 ± 3788.13, tokens seen: 745799680, grad norm: 0.8273
[iter 11390]loss: 3.3489, tokens/sec: 30041.39 ± 3786.87, tokens seen: 746455040, grad norm: 0.8779
[iter 11400]loss: 3.3335, tokens/sec: 30043.03 ± 3785.61, tokens seen: 747110400, grad norm: 0.9492
[iter 11410]loss: 3.3078, tokens/sec: 30043.88 ± 3784.90, tokens seen: 747765760, grad norm: 1.2912
[iter 11420]loss: 3.1701, tokens/sec: 30045.51 ± 3783.65, tokens seen: 748421120, grad norm: 0.9513
[iter 11430]loss: 3.4514, tokens/sec: 30047.14 ± 3782.39, tokens seen: 749076480, grad norm: 1.0681
[iter 11440]loss: 3.3095, tokens/sec: 30048.78 ± 3781.14, tokens seen: 749731840, grad norm: 1.1063
[iter 11450]loss: 3.3508, tokens/sec: 30050.39 ± 3779.89, tokens seen: 750387200, grad norm: 0.9703
[iter 11460]loss: 3.2776, tokens/sec: 30052.01 ± 3778.63, tokens seen: 751042560, grad norm: 0.9450
[iter 11470]loss: 3.4273, tokens/sec: 30053.63 ± 3777.39, tokens seen: 751697920, grad norm: 1.0439
[iter 11480]loss: 3.2758, tokens/sec: 30055.24 ± 3776.13, tokens seen: 752353280, grad norm: 0.9514
[iter 11490]loss: 3.2010, tokens/sec: 30056.85 ± 3774.88, tokens seen: 753008640, grad norm: 0.8489
[step 11500]train loss: 3.3051, val loss: 3.3082, (avg train loss: 0.8245 ± 0.0353), (avg grad norm: 0.9469 ± 0.1476)
saving checkpoint to ./out-owt-large-mhc-lora-residual-midnorm-bs8-20000step
[iter 11500]loss: 2.9779, tokens/sec: 30058.45 ± 3773.63, tokens seen: 753664000, grad norm: 0.8731
[iter 11510]loss: 3.4242, tokens/sec: 30060.08 ± 3772.40, tokens seen: 754319360, grad norm: 1.3638
[iter 11520]loss: 3.2809, tokens/sec: 30061.05 ± 3771.45, tokens seen: 754974720, grad norm: 0.9808
[iter 11530]loss: 3.0307, tokens/sec: 30062.65 ± 3770.21, tokens seen: 755630080, grad norm: 0.8052
[iter 11540]loss: 3.2693, tokens/sec: 30064.26 ± 3768.97, tokens seen: 756285440, grad norm: 0.9723
[iter 11550]loss: 3.4913, tokens/sec: 30065.86 ± 3767.73, tokens seen: 756940800, grad norm: 0.9109
[iter 11560]loss: 3.3003, tokens/sec: 30067.45 ± 3766.49, tokens seen: 757596160, grad norm: 0.9785
[iter 11570]loss: 3.3101, tokens/sec: 30069.05 ± 3765.25, tokens seen: 758251520, grad norm: 0.9497
[iter 11580]loss: 3.2397, tokens/sec: 30070.64 ± 3764.02, tokens seen: 758906880, grad norm: 0.8894
[iter 11590]loss: 3.4161, tokens/sec: 30072.22 ± 3762.78, tokens seen: 759562240, grad norm: 1.1190
[iter 11600]loss: 3.1785, tokens/sec: 30073.81 ± 3761.55, tokens seen: 760217600, grad norm: 1.0841
[iter 11610]loss: 3.1245, tokens/sec: 30075.39 ± 3760.31, tokens seen: 760872960, grad norm: 0.9595
[iter 11620]loss: 3.3015, tokens/sec: 30076.96 ± 3759.07, tokens seen: 761528320, grad norm: 0.8253
[iter 11630]loss: 3.2666, tokens/sec: 30078.53 ± 3757.84, tokens seen: 762183680, grad norm: 1.0085
[iter 11640]loss: 3.3039, tokens/sec: 30080.11 ± 3756.61, tokens seen: 762839040, grad norm: 0.9217
[iter 11650]loss: 3.3230, tokens/sec: 30081.69 ± 3755.38, tokens seen: 763494400, grad norm: 0.9692
[iter 11660]loss: 3.3301, tokens/sec: 30083.26 ± 3754.16, tokens seen: 764149760, grad norm: 1.1103
[iter 11670]loss: 3.3779, tokens/sec: 30084.83 ± 3752.93, tokens seen: 764805120, grad norm: 1.1140
[iter 11680]loss: 3.1464, tokens/sec: 30086.39 ± 3751.70, tokens seen: 765460480, grad norm: 0.9756
[iter 11690]loss: 3.1586, tokens/sec: 30087.94 ± 3750.47, tokens seen: 766115840, grad norm: 0.9257
[iter 11700]loss: 3.2449, tokens/sec: 30089.49 ± 3749.24, tokens seen: 766771200, grad norm: 0.9116
[iter 11710]loss: 3.3532, tokens/sec: 30091.05 ± 3748.02, tokens seen: 767426560, grad norm: 1.0595
[iter 11720]loss: 3.1379, tokens/sec: 30092.60 ± 3746.80, tokens seen: 768081920, grad norm: 0.7958
[iter 11730]loss: 3.2217, tokens/sec: 30094.14 ± 3745.57, tokens seen: 768737280, grad norm: 0.8635
[iter 11740]loss: 3.3995, tokens/sec: 30095.69 ± 3744.35, tokens seen: 769392640, grad norm: 1.0089
[iter 11750]loss: 3.2282, tokens/sec: 30097.23 ± 3743.13, tokens seen: 770048000, grad norm: 0.8940
[iter 11760]loss: 2.8870, tokens/sec: 30098.78 ± 3741.92, tokens seen: 770703360, grad norm: 0.9532
[iter 11770]loss: 3.1813, tokens/sec: 30100.32 ± 3740.70, tokens seen: 771358720, grad norm: 0.9754
[iter 11780]loss: 3.2529, tokens/sec: 30101.86 ± 3739.49, tokens seen: 772014080, grad norm: 1.0149
[iter 11790]loss: 3.3190, tokens/sec: 30103.39 ± 3738.27, tokens seen: 772669440, grad norm: 1.0020
[iter 11800]loss: 3.3440, tokens/sec: 30104.92 ± 3737.05, tokens seen: 773324800, grad norm: 1.1267
[iter 11810]loss: 3.1392, tokens/sec: 30106.45 ± 3735.84, tokens seen: 773980160, grad norm: 0.7779
[iter 11820]loss: 3.3301, tokens/sec: 30107.98 ± 3734.63, tokens seen: 774635520, grad norm: 0.8881
[iter 11830]loss: 3.2630, tokens/sec: 30109.50 ± 3733.42, tokens seen: 775290880, grad norm: 1.0734
[iter 11840]loss: 3.1570, tokens/sec: 30111.02 ± 3732.21, tokens seen: 775946240, grad norm: 0.9092
[iter 11850]loss: 3.4001, tokens/sec: 30112.54 ± 3731.00, tokens seen: 776601600, grad norm: 0.8982
[iter 11860]loss: 3.3062, tokens/sec: 30114.05 ± 3729.79, tokens seen: 777256960, grad norm: 1.1119
[iter 11870]loss: 3.1165, tokens/sec: 30115.56 ± 3728.58, tokens seen: 777912320, grad norm: 0.9872
[iter 11880]loss: 2.9866, tokens/sec: 30117.06 ± 3727.37, tokens seen: 778567680, grad norm: 0.9477
[iter 11890]loss: 3.1241, tokens/sec: 30118.58 ± 3726.17, tokens seen: 779223040, grad norm: 0.9182
[iter 11900]loss: 3.4066, tokens/sec: 30120.09 ± 3724.97, tokens seen: 779878400, grad norm: 1.1098
[iter 11910]loss: 3.3041, tokens/sec: 30121.59 ± 3723.76, tokens seen: 780533760, grad norm: 1.0912
[iter 11920]loss: 3.0940, tokens/sec: 30123.08 ± 3722.56, tokens seen: 781189120, grad norm: 0.8155
[iter 11930]loss: 3.3211, tokens/sec: 30124.58 ± 3721.35, tokens seen: 781844480, grad norm: 1.3052
[iter 11940]loss: 3.4306, tokens/sec: 30126.08 ± 3720.16, tokens seen: 782499840, grad norm: 0.9655
[iter 11950]loss: 3.2465, tokens/sec: 30127.56 ± 3718.95, tokens seen: 783155200, grad norm: 1.0378
[iter 11960]loss: 3.3186, tokens/sec: 30129.05 ± 3717.76, tokens seen: 783810560, grad norm: 0.9780
[iter 11970]loss: 3.2603, tokens/sec: 30130.54 ± 3716.56, tokens seen: 784465920, grad norm: 0.9656
[iter 11980]loss: 3.3494, tokens/sec: 30132.03 ± 3715.37, tokens seen: 785121280, grad norm: 0.8555
[iter 11990]loss: 3.5455, tokens/sec: 30133.51 ± 3714.17, tokens seen: 785776640, grad norm: 1.1046
[step 12000]train loss: 3.2952, val loss: 3.2806, (avg train loss: 0.8215 ± 0.0365), (avg grad norm: 0.9812 ± 0.1681)
saving checkpoint to ./out-owt-large-mhc-lora-residual-midnorm-bs8-20000step
[iter 12000]loss: 3.3480, tokens/sec: 30134.99 ± 3712.98, tokens seen: 786432000, grad norm: 0.8480
[iter 12010]loss: 3.3545, tokens/sec: 30136.48 ± 3711.79, tokens seen: 787087360, grad norm: 0.8659
[iter 12020]loss: 3.3771, tokens/sec: 30137.96 ± 3710.60, tokens seen: 787742720, grad norm: 0.9506
[iter 12030]loss: 3.1758, tokens/sec: 30139.43 ± 3709.41, tokens seen: 788398080, grad norm: 0.9157
[iter 12040]loss: 3.2964, tokens/sec: 30140.91 ± 3708.22, tokens seen: 789053440, grad norm: 1.0809
[iter 12050]loss: 3.0520, tokens/sec: 30141.66 ± 3707.55, tokens seen: 789708800, grad norm: 1.0260
[iter 12060]loss: 3.2056, tokens/sec: 30142.53 ± 3706.67, tokens seen: 790364160, grad norm: 0.9549
[iter 12070]loss: 3.3448, tokens/sec: 30144.00 ± 3705.49, tokens seen: 791019520, grad norm: 1.6584
[iter 12080]loss: 3.1314, tokens/sec: 30145.46 ± 3704.30, tokens seen: 791674880, grad norm: 0.8870
[iter 12090]loss: 3.2760, tokens/sec: 30146.93 ± 3703.12, tokens seen: 792330240, grad norm: 0.9093
[iter 12100]loss: 3.3457, tokens/sec: 30148.38 ± 3701.93, tokens seen: 792985600, grad norm: 0.9782
[iter 12110]loss: 3.5438, tokens/sec: 30149.82 ± 3700.75, tokens seen: 793640960, grad norm: 1.0571
[iter 12120]loss: 3.3346, tokens/sec: 30151.28 ± 3699.56, tokens seen: 794296320, grad norm: 1.0594
[iter 12130]loss: 2.9921, tokens/sec: 30152.72 ± 3698.38, tokens seen: 794951680, grad norm: 1.0358
[iter 12140]loss: 3.4702, tokens/sec: 30154.17 ± 3697.20, tokens seen: 795607040, grad norm: 0.9475
[iter 12150]loss: 3.1625, tokens/sec: 30155.61 ± 3696.02, tokens seen: 796262400, grad norm: 0.8783
[iter 12160]loss: 3.3038, tokens/sec: 30157.05 ± 3694.84, tokens seen: 796917760, grad norm: 0.9718
[iter 12170]loss: 3.3221, tokens/sec: 30158.48 ± 3693.66, tokens seen: 797573120, grad norm: 0.9478
[iter 12180]loss: 3.6023, tokens/sec: 30159.92 ± 3692.49, tokens seen: 798228480, grad norm: 0.8863
[iter 12190]loss: 3.1354, tokens/sec: 30161.36 ± 3691.31, tokens seen: 798883840, grad norm: 1.2688
[iter 12200]loss: 3.2170, tokens/sec: 30162.79 ± 3690.14, tokens seen: 799539200, grad norm: 0.8615
[iter 12210]loss: 3.3817, tokens/sec: 30164.23 ± 3688.97, tokens seen: 800194560, grad norm: 0.8874
[iter 12220]loss: 3.2250, tokens/sec: 30165.66 ± 3687.80, tokens seen: 800849920, grad norm: 1.0141
[iter 12230]loss: 3.4159, tokens/sec: 30167.09 ± 3686.63, tokens seen: 801505280, grad norm: 0.9850
[iter 12240]loss: 3.2819, tokens/sec: 30168.52 ± 3685.46, tokens seen: 802160640, grad norm: 0.8637
[iter 12250]loss: 3.2381, tokens/sec: 30169.94 ± 3684.29, tokens seen: 802816000, grad norm: 0.8872
[iter 12260]loss: 3.2066, tokens/sec: 30171.35 ± 3683.12, tokens seen: 803471360, grad norm: 1.0466
[iter 12270]loss: 3.2445, tokens/sec: 30172.77 ± 3681.96, tokens seen: 804126720, grad norm: 0.9697
[iter 12280]loss: 3.1347, tokens/sec: 30174.18 ± 3680.79, tokens seen: 804782080, grad norm: 0.8844
[iter 12290]loss: 2.9493, tokens/sec: 30175.59 ± 3679.62, tokens seen: 805437440, grad norm: 0.9715
[iter 12300]loss: 3.2461, tokens/sec: 30177.01 ± 3678.46, tokens seen: 806092800, grad norm: 0.8856
[iter 12310]loss: 3.1125, tokens/sec: 30178.42 ± 3677.30, tokens seen: 806748160, grad norm: 0.8412
[iter 12320]loss: 3.1499, tokens/sec: 30179.82 ± 3676.14, tokens seen: 807403520, grad norm: 1.0998
[iter 12330]loss: 3.2703, tokens/sec: 30181.22 ± 3674.98, tokens seen: 808058880, grad norm: 0.9401
[iter 12340]loss: 3.1026, tokens/sec: 30182.63 ± 3673.82, tokens seen: 808714240, grad norm: 0.8875
[iter 12350]loss: 3.2678, tokens/sec: 30184.03 ± 3672.66, tokens seen: 809369600, grad norm: 1.0631
[iter 12360]loss: 3.3549, tokens/sec: 30185.42 ± 3671.50, tokens seen: 810024960, grad norm: 0.8515
[iter 12370]loss: 3.3643, tokens/sec: 30186.81 ± 3670.34, tokens seen: 810680320, grad norm: 0.9948
[iter 12380]loss: 3.3539, tokens/sec: 30188.21 ± 3669.19, tokens seen: 811335680, grad norm: 0.9161
[iter 12390]loss: 3.2814, tokens/sec: 30189.60 ± 3668.03, tokens seen: 811991040, grad norm: 0.7981
[iter 12400]loss: 3.2831, tokens/sec: 30190.99 ± 3666.88, tokens seen: 812646400, grad norm: 0.9397
[iter 12410]loss: 3.3692, tokens/sec: 30192.38 ± 3665.73, tokens seen: 813301760, grad norm: 0.8275
[iter 12420]loss: 2.9905, tokens/sec: 30193.76 ± 3664.58, tokens seen: 813957120, grad norm: 1.0440
[iter 12430]loss: 3.2161, tokens/sec: 30195.14 ± 3663.43, tokens seen: 814612480, grad norm: 1.0705
[iter 12440]loss: 3.5304, tokens/sec: 30196.53 ± 3662.28, tokens seen: 815267840, grad norm: 0.7913
[iter 12450]loss: 3.2311, tokens/sec: 30197.91 ± 3661.13, tokens seen: 815923200, grad norm: 1.0564
[iter 12460]loss: 3.1259, tokens/sec: 30199.29 ± 3659.99, tokens seen: 816578560, grad norm: 0.9120
[iter 12470]loss: 3.2205, tokens/sec: 30200.66 ± 3658.84, tokens seen: 817233920, grad norm: 0.8947
[iter 12480]loss: 3.2062, tokens/sec: 30202.04 ± 3657.70, tokens seen: 817889280, grad norm: 1.0797
[iter 12490]loss: 3.1230, tokens/sec: 30203.41 ± 3656.56, tokens seen: 818544640, grad norm: 1.1294
[step 12500]train loss: 3.2729, val loss: 3.2692, (avg train loss: 0.8179 ± 0.0325), (avg grad norm: 0.9586 ± 0.1138)
saving checkpoint to ./out-owt-large-mhc-lora-residual-midnorm-bs8-20000step
[iter 12500]loss: 3.2561, tokens/sec: 30204.78 ± 3655.41, tokens seen: 819200000, grad norm: 1.1449
[iter 12510]loss: 3.4979, tokens/sec: 30206.15 ± 3654.28, tokens seen: 819855360, grad norm: 0.9613
[iter 12520]loss: 3.2834, tokens/sec: 30207.52 ± 3653.13, tokens seen: 820510720, grad norm: 0.8487
[iter 12530]loss: 3.2888, tokens/sec: 30208.89 ± 3652.00, tokens seen: 821166080, grad norm: 0.9642
[iter 12540]loss: 3.3849, tokens/sec: 30210.26 ± 3650.87, tokens seen: 821821440, grad norm: 0.9217
[iter 12550]loss: 3.4790, tokens/sec: 30211.64 ± 3649.74, tokens seen: 822476800, grad norm: 0.9986
[iter 12560]loss: 3.2300, tokens/sec: 30213.00 ± 3648.60, tokens seen: 823132160, grad norm: 3.2472
[iter 12570]loss: 2.9346, tokens/sec: 30214.36 ± 3647.47, tokens seen: 823787520, grad norm: 1.4094
[iter 12580]loss: 3.3258, tokens/sec: 30215.71 ± 3646.34, tokens seen: 824442880, grad norm: 1.1282
[iter 12590]loss: 2.9647, tokens/sec: 30217.07 ± 3645.20, tokens seen: 825098240, grad norm: 1.5305
[iter 12600]loss: 3.3323, tokens/sec: 30218.41 ± 3644.07, tokens seen: 825753600, grad norm: 1.0922
[iter 12610]loss: 3.1754, tokens/sec: 30219.18 ± 3643.25, tokens seen: 826408960, grad norm: 1.3290
[iter 12620]loss: 3.1252, tokens/sec: 30220.52 ± 3642.12, tokens seen: 827064320, grad norm: 1.0751
[iter 12630]loss: 3.1435, tokens/sec: 30221.87 ± 3640.99, tokens seen: 827719680, grad norm: 0.9829
[iter 12640]loss: 3.4482, tokens/sec: 30223.21 ± 3639.86, tokens seen: 828375040, grad norm: 0.9190
[iter 12650]loss: 3.0466, tokens/sec: 30224.55 ± 3638.74, tokens seen: 829030400, grad norm: 1.0130
[iter 12660]loss: 3.5171, tokens/sec: 30225.90 ± 3637.62, tokens seen: 829685760, grad norm: 0.8094
[iter 12670]loss: 3.2499, tokens/sec: 30227.23 ± 3636.49, tokens seen: 830341120, grad norm: 0.8595
[iter 12680]loss: 3.2191, tokens/sec: 30228.57 ± 3635.37, tokens seen: 830996480, grad norm: 0.9039
[iter 12690]loss: 3.3902, tokens/sec: 30229.20 ± 3634.77, tokens seen: 831651840, grad norm: 0.9526
[iter 12700]loss: 3.0968, tokens/sec: 30230.53 ± 3633.65, tokens seen: 832307200, grad norm: 0.9515
[iter 12710]loss: 3.2537, tokens/sec: 30231.86 ± 3632.53, tokens seen: 832962560, grad norm: 0.8600
[iter 12720]loss: 3.0676, tokens/sec: 30233.18 ± 3631.41, tokens seen: 833617920, grad norm: 0.9995
[iter 12730]loss: 3.2041, tokens/sec: 30234.52 ± 3630.30, tokens seen: 834273280, grad norm: 1.2575
[iter 12740]loss: 3.2225, tokens/sec: 30235.84 ± 3629.18, tokens seen: 834928640, grad norm: 1.0170
[iter 12750]loss: 3.1235, tokens/sec: 30237.16 ± 3628.06, tokens seen: 835584000, grad norm: 1.1297
[iter 12760]loss: 3.2379, tokens/sec: 30238.48 ± 3626.94, tokens seen: 836239360, grad norm: 0.9262
[iter 12770]loss: 3.3546, tokens/sec: 30239.80 ± 3625.83, tokens seen: 836894720, grad norm: 0.9193
[iter 12780]loss: 3.0824, tokens/sec: 30241.11 ± 3624.71, tokens seen: 837550080, grad norm: 0.8372
[iter 12790]loss: 3.5241, tokens/sec: 30242.43 ± 3623.60, tokens seen: 838205440, grad norm: 0.9158
[iter 12800]loss: 3.3385, tokens/sec: 30243.74 ± 3622.49, tokens seen: 838860800, grad norm: 1.0228
[iter 12810]loss: 3.0905, tokens/sec: 30245.04 ± 3621.38, tokens seen: 839516160, grad norm: 1.1341
[iter 12820]loss: 3.3812, tokens/sec: 30246.35 ± 3620.27, tokens seen: 840171520, grad norm: 0.9706
[iter 12830]loss: 3.3366, tokens/sec: 30247.66 ± 3619.16, tokens seen: 840826880, grad norm: 1.0997
[iter 12840]loss: 3.4866, tokens/sec: 30248.95 ± 3618.05, tokens seen: 841482240, grad norm: 0.9518
[iter 12850]loss: 3.1444, tokens/sec: 30250.26 ± 3616.94, tokens seen: 842137600, grad norm: 1.1355
[iter 12860]loss: 3.1080, tokens/sec: 30251.55 ± 3615.83, tokens seen: 842792960, grad norm: 1.0208
[iter 12870]loss: 3.2834, tokens/sec: 30252.84 ± 3614.72, tokens seen: 843448320, grad norm: 0.9673
[iter 12880]loss: 3.3262, tokens/sec: 30254.14 ± 3613.62, tokens seen: 844103680, grad norm: 0.9907
[iter 12890]loss: 3.1512, tokens/sec: 30255.42 ± 3612.51, tokens seen: 844759040, grad norm: 0.9314
[iter 12900]loss: 3.1259, tokens/sec: 30256.71 ± 3611.41, tokens seen: 845414400, grad norm: 0.9820
[iter 12910]loss: 3.5399, tokens/sec: 30258.00 ± 3610.31, tokens seen: 846069760, grad norm: 1.0277
[iter 12920]loss: 3.3196, tokens/sec: 30259.29 ± 3609.21, tokens seen: 846725120, grad norm: 1.0246
[iter 12930]loss: 2.9308, tokens/sec: 30260.57 ± 3608.10, tokens seen: 847380480, grad norm: 1.0660
[iter 12940]loss: 3.2701, tokens/sec: 30261.85 ± 3607.00, tokens seen: 848035840, grad norm: 1.3411
[iter 12950]loss: 3.1388, tokens/sec: 30263.13 ± 3605.90, tokens seen: 848691200, grad norm: 0.8589
[iter 12960]loss: 3.1476, tokens/sec: 30264.40 ± 3604.80, tokens seen: 849346560, grad norm: 0.9165
[iter 12970]loss: 3.3665, tokens/sec: 30265.68 ± 3603.71, tokens seen: 850001920, grad norm: 0.9012
[iter 12980]loss: 3.4280, tokens/sec: 30266.96 ± 3602.61, tokens seen: 850657280, grad norm: 0.9137
[iter 12990]loss: 2.9259, tokens/sec: 30268.23 ± 3601.52, tokens seen: 851312640, grad norm: 0.7988
[step 13000]train loss: 3.2665, val loss: 3.2584, (avg train loss: 0.8115 ± 0.0379), (avg grad norm: 0.9710 ± 0.1410)
saving checkpoint to ./out-owt-large-mhc-lora-residual-midnorm-bs8-20000step
[iter 13000]loss: 3.0547, tokens/sec: 30269.49 ± 3600.42, tokens seen: 851968000, grad norm: 0.8123
[iter 13010]loss: 3.2804, tokens/sec: 30270.77 ± 3599.33, tokens seen: 852623360, grad norm: 0.8298
[iter 13020]loss: 3.1520, tokens/sec: 30272.04 ± 3598.24, tokens seen: 853278720, grad norm: 0.8738
[iter 13030]loss: 2.9961, tokens/sec: 30273.30 ± 3597.15, tokens seen: 853934080, grad norm: 1.0697
[iter 13040]loss: 3.6230, tokens/sec: 30274.56 ± 3596.06, tokens seen: 854589440, grad norm: 0.9169
[iter 13050]loss: 3.4509, tokens/sec: 30275.83 ± 3594.97, tokens seen: 855244800, grad norm: 0.9764
[iter 13060]loss: 3.2215, tokens/sec: 30277.09 ± 3593.88, tokens seen: 855900160, grad norm: 0.9928
[iter 13070]loss: 2.9378, tokens/sec: 30278.34 ± 3592.79, tokens seen: 856555520, grad norm: 0.9173
[iter 13080]loss: 3.1908, tokens/sec: 30279.59 ± 3591.70, tokens seen: 857210880, grad norm: 0.8566
[iter 13090]loss: 3.1660, tokens/sec: 30280.84 ± 3590.62, tokens seen: 857866240, grad norm: 0.9218
[iter 13100]loss: 2.8694, tokens/sec: 30282.10 ± 3589.53, tokens seen: 858521600, grad norm: 1.0514
[iter 13110]loss: 3.1432, tokens/sec: 30283.34 ± 3588.45, tokens seen: 859176960, grad norm: 1.1087
[iter 13120]loss: 3.2609, tokens/sec: 30284.59 ± 3587.36, tokens seen: 859832320, grad norm: 0.8532
[iter 13130]loss: 3.2728, tokens/sec: 30285.83 ± 3586.28, tokens seen: 860487680, grad norm: 1.0000
[iter 13140]loss: 3.2437, tokens/sec: 30287.06 ± 3585.19, tokens seen: 861143040, grad norm: 0.9412
[iter 13150]loss: 3.2630, tokens/sec: 30287.74 ± 3584.41, tokens seen: 861798400, grad norm: 1.0326
[iter 13160]loss: 3.1729, tokens/sec: 30288.97 ± 3583.33, tokens seen: 862453760, grad norm: 1.0541
[iter 13170]loss: 3.3713, tokens/sec: 30290.20 ± 3582.25, tokens seen: 863109120, grad norm: 0.9000
[iter 13180]loss: 3.2150, tokens/sec: 30291.44 ± 3581.17, tokens seen: 863764480, grad norm: 0.8980
[iter 13190]loss: 3.3234, tokens/sec: 30292.67 ± 3580.09, tokens seen: 864419840, grad norm: 0.8647
[iter 13200]loss: 3.3071, tokens/sec: 30293.90 ± 3579.01, tokens seen: 865075200, grad norm: 1.0518
[iter 13210]loss: 3.2841, tokens/sec: 30295.13 ± 3577.94, tokens seen: 865730560, grad norm: 0.8277
[iter 13220]loss: 3.2317, tokens/sec: 30296.36 ± 3576.86, tokens seen: 866385920, grad norm: 1.0285
[iter 13230]loss: 3.2208, tokens/sec: 30297.59 ± 3575.79, tokens seen: 867041280, grad norm: 0.9613
[iter 13240]loss: 3.3860, tokens/sec: 30298.81 ± 3574.72, tokens seen: 867696640, grad norm: 0.9302
[iter 13250]loss: 3.3609, tokens/sec: 30300.03 ± 3573.64, tokens seen: 868352000, grad norm: 0.8074
[iter 13260]loss: 3.2085, tokens/sec: 30301.25 ± 3572.57, tokens seen: 869007360, grad norm: 0.9401
[iter 13270]loss: 3.4031, tokens/sec: 30302.46 ± 3571.50, tokens seen: 869662720, grad norm: 1.1627
[iter 13280]loss: 3.1616, tokens/sec: 30303.68 ± 3570.43, tokens seen: 870318080, grad norm: 0.9346
[iter 13290]loss: 3.3277, tokens/sec: 30304.89 ± 3569.36, tokens seen: 870973440, grad norm: 0.9410
[iter 13300]loss: 3.0982, tokens/sec: 30306.10 ± 3568.29, tokens seen: 871628800, grad norm: 1.1184
[iter 13310]loss: 3.1999, tokens/sec: 30307.32 ± 3567.22, tokens seen: 872284160, grad norm: 0.9150
[iter 13320]loss: 3.2790, tokens/sec: 30308.52 ± 3566.15, tokens seen: 872939520, grad norm: 1.1394
[iter 13330]loss: 3.4402, tokens/sec: 30309.06 ± 3565.61, tokens seen: 873594880, grad norm: 0.9491
[iter 13340]loss: 3.2823, tokens/sec: 30310.26 ± 3564.54, tokens seen: 874250240, grad norm: 0.9995
[iter 13350]loss: 3.4187, tokens/sec: 30311.45 ± 3563.47, tokens seen: 874905600, grad norm: 1.0652
[iter 13360]loss: 3.4309, tokens/sec: 30312.64 ± 3562.40, tokens seen: 875560960, grad norm: 0.9288
[iter 13370]loss: 3.2733, tokens/sec: 30313.83 ± 3561.34, tokens seen: 876216320, grad norm: 1.0825
[iter 13380]loss: 3.3317, tokens/sec: 30315.02 ± 3560.27, tokens seen: 876871680, grad norm: 0.9152
[iter 13390]loss: 3.4102, tokens/sec: 30316.22 ± 3559.21, tokens seen: 877527040, grad norm: 1.0623
[iter 13400]loss: 3.3378, tokens/sec: 30317.41 ± 3558.15, tokens seen: 878182400, grad norm: 0.9001
[iter 13410]loss: 3.2309, tokens/sec: 30318.60 ± 3557.09, tokens seen: 878837760, grad norm: 1.1148
[iter 13420]loss: 3.3394, tokens/sec: 30319.79 ± 3556.03, tokens seen: 879493120, grad norm: 1.0845
[iter 13430]loss: 3.1595, tokens/sec: 30320.97 ± 3554.97, tokens seen: 880148480, grad norm: 1.0714
[iter 13440]loss: 3.3635, tokens/sec: 30322.16 ± 3553.92, tokens seen: 880803840, grad norm: 0.9293
[iter 13450]loss: 3.3102, tokens/sec: 30323.34 ± 3552.86, tokens seen: 881459200, grad norm: 1.0239
[iter 13460]loss: 3.1864, tokens/sec: 30324.53 ± 3551.81, tokens seen: 882114560, grad norm: 0.9593
[iter 13470]loss: 3.4714, tokens/sec: 30325.71 ± 3550.75, tokens seen: 882769920, grad norm: 0.8505
[iter 13480]loss: 3.2449, tokens/sec: 30326.89 ± 3549.70, tokens seen: 883425280, grad norm: 1.0792
[iter 13490]loss: 3.2548, tokens/sec: 30328.06 ± 3548.64, tokens seen: 884080640, grad norm: 0.9192
[step 13500]train loss: 3.2510, val loss: 3.2652, (avg train loss: 0.8175 ± 0.0361), (avg grad norm: 1.0673 ± 0.2315)
[iter 13500]loss: 3.1328, tokens/sec: 30329.24 ± 3547.59, tokens seen: 884736000, grad norm: 0.9804
[iter 13510]loss: 3.4158, tokens/sec: 30330.41 ± 3546.54, tokens seen: 885391360, grad norm: 0.8971
[iter 13520]loss: 3.0180, tokens/sec: 30331.59 ± 3545.50, tokens seen: 886046720, grad norm: 1.0189
[iter 13530]loss: 3.3878, tokens/sec: 30332.77 ± 3544.45, tokens seen: 886702080, grad norm: 0.9454
[iter 13540]loss: 3.1663, tokens/sec: 30333.94 ± 3543.40, tokens seen: 887357440, grad norm: 1.0358
[iter 13550]loss: 2.9994, tokens/sec: 30335.11 ± 3542.35, tokens seen: 888012800, grad norm: 0.9312
[iter 13560]loss: 3.4799, tokens/sec: 30336.28 ± 3541.31, tokens seen: 888668160, grad norm: 0.8995
[iter 13570]loss: 3.1593, tokens/sec: 30337.44 ± 3540.26, tokens seen: 889323520, grad norm: 0.9937
[iter 13580]loss: 3.0661, tokens/sec: 30338.59 ± 3539.22, tokens seen: 889978880, grad norm: 1.0225
[iter 13590]loss: 3.2380, tokens/sec: 30339.74 ± 3538.17, tokens seen: 890634240, grad norm: 0.9514
[iter 13600]loss: 3.3834, tokens/sec: 30340.89 ± 3537.12, tokens seen: 891289600, grad norm: 1.0306
[iter 13610]loss: 3.0767, tokens/sec: 30342.04 ± 3536.08, tokens seen: 891944960, grad norm: 1.0635
[iter 13620]loss: 3.2791, tokens/sec: 30343.20 ± 3535.03, tokens seen: 892600320, grad norm: 0.8492
[iter 13630]loss: 3.3036, tokens/sec: 30344.34 ± 3533.99, tokens seen: 893255680, grad norm: 0.9463
[iter 13640]loss: 3.1588, tokens/sec: 30345.49 ± 3532.95, tokens seen: 893911040, grad norm: 0.9988
[iter 13650]loss: 3.3691, tokens/sec: 30346.64 ± 3531.91, tokens seen: 894566400, grad norm: 0.8622
[iter 13660]loss: 3.1060, tokens/sec: 30347.79 ± 3530.87, tokens seen: 895221760, grad norm: 0.9207
[iter 13670]loss: 3.4747, tokens/sec: 30348.94 ± 3529.84, tokens seen: 895877120, grad norm: 1.1896
[iter 13680]loss: 3.4038, tokens/sec: 30350.08 ± 3528.80, tokens seen: 896532480, grad norm: 0.9671
[iter 13690]loss: 3.1673, tokens/sec: 30350.69 ± 3528.07, tokens seen: 897187840, grad norm: 1.1311
[iter 13700]loss: 3.1593, tokens/sec: 30351.83 ± 3527.04, tokens seen: 897843200, grad norm: 1.0620
[iter 13710]loss: 3.2042, tokens/sec: 30352.96 ± 3526.00, tokens seen: 898498560, grad norm: 0.8996
[iter 13720]loss: 3.3781, tokens/sec: 30354.10 ± 3524.97, tokens seen: 899153920, grad norm: 0.8628
[iter 13730]loss: 3.3731, tokens/sec: 30355.23 ± 3523.94, tokens seen: 899809280, grad norm: 0.9378
[iter 13740]loss: 3.2939, tokens/sec: 30356.37 ± 3522.90, tokens seen: 900464640, grad norm: 1.0252
[iter 13750]loss: 3.1625, tokens/sec: 30357.50 ± 3521.87, tokens seen: 901120000, grad norm: 1.1110
[iter 13760]loss: 3.0088, tokens/sec: 30358.63 ± 3520.84, tokens seen: 901775360, grad norm: 0.8668
[iter 13770]loss: 3.3973, tokens/sec: 30359.76 ± 3519.82, tokens seen: 902430720, grad norm: 0.8766
[iter 13780]loss: 3.2624, tokens/sec: 30360.89 ± 3518.79, tokens seen: 903086080, grad norm: 1.0675
[iter 13790]loss: 3.1222, tokens/sec: 30362.01 ± 3517.76, tokens seen: 903741440, grad norm: 0.9305
[iter 13800]loss: 3.3980, tokens/sec: 30363.14 ± 3516.73, tokens seen: 904396800, grad norm: 1.0575
[iter 13810]loss: 3.2062, tokens/sec: 30364.26 ± 3515.71, tokens seen: 905052160, grad norm: 0.9180
[iter 13820]loss: 3.2505, tokens/sec: 30365.38 ± 3514.68, tokens seen: 905707520, grad norm: 0.9671
[iter 13830]loss: 3.3640, tokens/sec: 30366.50 ± 3513.66, tokens seen: 906362880, grad norm: 1.1194
[iter 13840]loss: 3.2396, tokens/sec: 30367.62 ± 3512.63, tokens seen: 907018240, grad norm: 1.0755
[iter 13850]loss: 3.1556, tokens/sec: 30368.73 ± 3511.61, tokens seen: 907673600, grad norm: 0.9041
[iter 13860]loss: 3.0489, tokens/sec: 30369.83 ± 3510.58, tokens seen: 908328960, grad norm: 0.9660
[iter 13870]loss: 3.1482, tokens/sec: 30370.94 ± 3509.56, tokens seen: 908984320, grad norm: 0.8880
[iter 13880]loss: 3.2876, tokens/sec: 30372.06 ± 3508.54, tokens seen: 909639680, grad norm: 0.8636
[iter 13890]loss: 3.0616, tokens/sec: 30373.17 ± 3507.52, tokens seen: 910295040, grad norm: 1.0156
[iter 13900]loss: 3.4234, tokens/sec: 30374.28 ± 3506.50, tokens seen: 910950400, grad norm: 0.9784
[iter 13910]loss: 3.2266, tokens/sec: 30375.38 ± 3505.48, tokens seen: 911605760, grad norm: 0.9137
[iter 13920]loss: 3.2163, tokens/sec: 30376.49 ± 3504.47, tokens seen: 912261120, grad norm: 0.9044
[iter 13930]loss: 3.2953, tokens/sec: 30377.59 ± 3503.45, tokens seen: 912916480, grad norm: 1.0269
[iter 13940]loss: 2.9284, tokens/sec: 30378.69 ± 3502.43, tokens seen: 913571840, grad norm: 0.9766
[iter 13950]loss: 3.2324, tokens/sec: 30379.79 ± 3501.42, tokens seen: 914227200, grad norm: 0.9560
[iter 13960]loss: 3.0391, tokens/sec: 30380.89 ± 3500.41, tokens seen: 914882560, grad norm: 0.9464
[iter 13970]loss: 3.1533, tokens/sec: 30381.35 ± 3499.91, tokens seen: 915537920, grad norm: 1.1595
[iter 13980]loss: 3.2722, tokens/sec: 30382.44 ± 3498.89, tokens seen: 916193280, grad norm: 0.8727
[iter 13990]loss: 3.0447, tokens/sec: 30383.54 ± 3497.88, tokens seen: 916848640, grad norm: 0.9786
[step 14000]train loss: 3.2287, val loss: 3.2447, (avg train loss: 0.8041 ± 0.0381), (avg grad norm: 0.9661 ± 0.0829)
saving checkpoint to ./out-owt-large-mhc-lora-residual-midnorm-bs8-20000step
[iter 14000]loss: 2.9949, tokens/sec: 30384.56 ± 3496.85, tokens seen: 917504000, grad norm: 1.0504
[iter 14010]loss: 3.1976, tokens/sec: 30385.66 ± 3495.85, tokens seen: 918159360, grad norm: 1.0490
[iter 14020]loss: 2.9889, tokens/sec: 30386.75 ± 3494.84, tokens seen: 918814720, grad norm: 0.9210
[iter 14030]loss: 3.1629, tokens/sec: 30387.85 ± 3493.83, tokens seen: 919470080, grad norm: 1.0587
[iter 14040]loss: 3.2371, tokens/sec: 30388.94 ± 3492.83, tokens seen: 920125440, grad norm: 0.8766
[iter 14050]loss: 3.2977, tokens/sec: 30390.03 ± 3491.82, tokens seen: 920780800, grad norm: 0.9350
[iter 14060]loss: 3.4439, tokens/sec: 30391.11 ± 3490.81, tokens seen: 921436160, grad norm: 1.1241
[iter 14070]loss: 2.9983, tokens/sec: 30392.19 ± 3489.81, tokens seen: 922091520, grad norm: 0.9697
[iter 14080]loss: 3.2274, tokens/sec: 30393.26 ± 3488.80, tokens seen: 922746880, grad norm: 1.1249
[iter 14090]loss: 3.1892, tokens/sec: 30394.33 ± 3487.80, tokens seen: 923402240, grad norm: 0.9473
[iter 14100]loss: 3.2259, tokens/sec: 30395.41 ± 3486.79, tokens seen: 924057600, grad norm: 1.1106
[iter 14110]loss: 3.3971, tokens/sec: 30396.48 ± 3485.79, tokens seen: 924712960, grad norm: 0.9259
[iter 14120]loss: 3.3915, tokens/sec: 30397.55 ± 3484.79, tokens seen: 925368320, grad norm: 0.9662
[iter 14130]loss: 3.1489, tokens/sec: 30398.63 ± 3483.79, tokens seen: 926023680, grad norm: 0.8574
[iter 14140]loss: 3.0207, tokens/sec: 30399.70 ± 3482.79, tokens seen: 926679040, grad norm: 1.1495
[iter 14150]loss: 3.1979, tokens/sec: 30400.77 ± 3481.79, tokens seen: 927334400, grad norm: 0.8937
[iter 14160]loss: 3.2313, tokens/sec: 30401.84 ± 3480.79, tokens seen: 927989760, grad norm: 1.1790
[iter 14170]loss: 3.3245, tokens/sec: 30402.89 ± 3479.79, tokens seen: 928645120, grad norm: 1.0167
[iter 14180]loss: 3.3614, tokens/sec: 30403.96 ± 3478.80, tokens seen: 929300480, grad norm: 1.0754
[iter 14190]loss: 3.3108, tokens/sec: 30405.01 ± 3477.80, tokens seen: 929955840, grad norm: 0.8928
[iter 14200]loss: 3.2673, tokens/sec: 30406.07 ± 3476.80, tokens seen: 930611200, grad norm: 0.8702
[iter 14210]loss: 3.1274, tokens/sec: 30407.11 ± 3475.80, tokens seen: 931266560, grad norm: 1.0638
[iter 14220]loss: 3.0289, tokens/sec: 30408.16 ± 3474.80, tokens seen: 931921920, grad norm: 0.9365
[iter 14230]loss: 3.0429, tokens/sec: 30409.21 ± 3473.81, tokens seen: 932577280, grad norm: 1.1442
[iter 14240]loss: 3.3231, tokens/sec: 30409.75 ± 3473.14, tokens seen: 933232640, grad norm: 0.8863
[iter 14250]loss: 3.2013, tokens/sec: 30410.79 ± 3472.14, tokens seen: 933888000, grad norm: 0.9167
[iter 14260]loss: 3.1192, tokens/sec: 30411.85 ± 3471.16, tokens seen: 934543360, grad norm: 1.2666
[iter 14270]loss: 3.2614, tokens/sec: 30412.89 ± 3470.16, tokens seen: 935198720, grad norm: 0.9200
[iter 14280]loss: 3.2393, tokens/sec: 30413.94 ± 3469.17, tokens seen: 935854080, grad norm: 0.8691
[iter 14290]loss: 3.1568, tokens/sec: 30414.98 ± 3468.18, tokens seen: 936509440, grad norm: 0.9162
[iter 14300]loss: 3.0294, tokens/sec: 30416.03 ± 3467.19, tokens seen: 937164800, grad norm: 0.9754
[iter 14310]loss: 3.2260, tokens/sec: 30417.06 ± 3466.20, tokens seen: 937820160, grad norm: 0.8520
[iter 14320]loss: 3.1814, tokens/sec: 30418.11 ± 3465.22, tokens seen: 938475520, grad norm: 1.0461
[iter 14330]loss: 3.1845, tokens/sec: 30419.14 ± 3464.23, tokens seen: 939130880, grad norm: 0.9662
[iter 14340]loss: 3.2930, tokens/sec: 30420.18 ± 3463.25, tokens seen: 939786240, grad norm: 0.9378
[iter 14350]loss: 2.8923, tokens/sec: 30421.22 ± 3462.26, tokens seen: 940441600, grad norm: 0.9678
[iter 14360]loss: 3.2590, tokens/sec: 30422.26 ± 3461.28, tokens seen: 941096960, grad norm: 1.0170
[iter 14370]loss: 3.3881, tokens/sec: 30423.29 ± 3460.30, tokens seen: 941752320, grad norm: 1.0265
[iter 14380]loss: 3.1668, tokens/sec: 30424.33 ± 3459.32, tokens seen: 942407680, grad norm: 0.9250
[iter 14390]loss: 3.2961, tokens/sec: 30425.36 ± 3458.34, tokens seen: 943063040, grad norm: 1.0762
[iter 14400]loss: 3.1389, tokens/sec: 30426.39 ± 3457.36, tokens seen: 943718400, grad norm: 0.8771
[iter 14410]loss: 3.2506, tokens/sec: 30427.41 ± 3456.38, tokens seen: 944373760, grad norm: 1.1568
[iter 14420]loss: 2.9183, tokens/sec: 30428.44 ± 3455.40, tokens seen: 945029120, grad norm: 0.9081
[iter 14430]loss: 2.9182, tokens/sec: 30429.46 ± 3454.42, tokens seen: 945684480, grad norm: 1.0038
[iter 14440]loss: 3.3232, tokens/sec: 30430.48 ± 3453.44, tokens seen: 946339840, grad norm: 1.1857
[iter 14450]loss: 2.8589, tokens/sec: 30431.51 ± 3452.46, tokens seen: 946995200, grad norm: 0.8982
[iter 14460]loss: 3.3244, tokens/sec: 30432.53 ± 3451.49, tokens seen: 947650560, grad norm: 1.0604
[iter 14470]loss: 3.1314, tokens/sec: 30433.55 ± 3450.52, tokens seen: 948305920, grad norm: 0.9887
[iter 14480]loss: 3.1749, tokens/sec: 30434.57 ± 3449.54, tokens seen: 948961280, grad norm: 0.9665
[iter 14490]loss: 3.2775, tokens/sec: 30435.59 ± 3448.57, tokens seen: 949616640, grad norm: 1.2009
[step 14500]train loss: 3.2133, val loss: 3.2307, (avg train loss: 0.8030 ± 0.0393), (avg grad norm: 0.9996 ± 0.1086)
saving checkpoint to ./out-owt-large-mhc-lora-residual-midnorm-bs8-20000step
[iter 14500]loss: 3.3253, tokens/sec: 30436.61 ± 3447.60, tokens seen: 950272000, grad norm: 0.9016
[iter 14510]loss: 3.2373, tokens/sec: 30437.63 ± 3446.63, tokens seen: 950927360, grad norm: 0.8452
[iter 14520]loss: 3.2532, tokens/sec: 30438.65 ± 3445.66, tokens seen: 951582720, grad norm: 0.9594
[iter 14530]loss: 2.9882, tokens/sec: 30439.67 ± 3444.70, tokens seen: 952238080, grad norm: 0.9872
[iter 14540]loss: 3.3865, tokens/sec: 30440.69 ± 3443.73, tokens seen: 952893440, grad norm: 0.9370
[iter 14550]loss: 3.1840, tokens/sec: 30441.70 ± 3442.76, tokens seen: 953548800, grad norm: 1.0365
[iter 14560]loss: 3.3597, tokens/sec: 30442.70 ± 3441.79, tokens seen: 954204160, grad norm: 1.0683
[iter 14570]loss: 3.3279, tokens/sec: 30443.72 ± 3440.83, tokens seen: 954859520, grad norm: 0.8844
[iter 14580]loss: 3.1466, tokens/sec: 30444.72 ± 3439.86, tokens seen: 955514880, grad norm: 0.9474
[iter 14590]loss: 3.1803, tokens/sec: 30445.71 ± 3438.89, tokens seen: 956170240, grad norm: 1.1918
[iter 14600]loss: 3.2011, tokens/sec: 30446.72 ± 3437.93, tokens seen: 956825600, grad norm: 0.9981
[iter 14610]loss: 3.3853, tokens/sec: 30447.11 ± 3437.50, tokens seen: 957480960, grad norm: 0.9843
[iter 14620]loss: 3.0113, tokens/sec: 30448.10 ± 3436.54, tokens seen: 958136320, grad norm: 1.0299
[iter 14630]loss: 3.0286, tokens/sec: 30449.10 ± 3435.58, tokens seen: 958791680, grad norm: 1.0643
[iter 14640]loss: 3.1650, tokens/sec: 30450.10 ± 3434.61, tokens seen: 959447040, grad norm: 1.3107
[iter 14650]loss: 3.4089, tokens/sec: 30451.09 ± 3433.65, tokens seen: 960102400, grad norm: 0.9774
[iter 14660]loss: 3.0829, tokens/sec: 30452.08 ± 3432.69, tokens seen: 960757760, grad norm: 0.9609
[iter 14670]loss: 3.4244, tokens/sec: 30453.07 ± 3431.73, tokens seen: 961413120, grad norm: 0.9828
[iter 14680]loss: 3.1071, tokens/sec: 30454.06 ± 3430.77, tokens seen: 962068480, grad norm: 0.9184
[iter 14690]loss: 3.4042, tokens/sec: 30455.05 ± 3429.81, tokens seen: 962723840, grad norm: 1.0243
[iter 14700]loss: 3.2421, tokens/sec: 30456.04 ± 3428.85, tokens seen: 963379200, grad norm: 0.9221
[iter 14710]loss: 3.2147, tokens/sec: 30457.02 ± 3427.89, tokens seen: 964034560, grad norm: 1.0338
[iter 14720]loss: 3.2144, tokens/sec: 30458.01 ± 3426.94, tokens seen: 964689920, grad norm: 1.1073
[iter 14730]loss: 3.3128, tokens/sec: 30458.99 ± 3425.98, tokens seen: 965345280, grad norm: 1.1752
[iter 14740]loss: 3.1614, tokens/sec: 30459.97 ± 3425.03, tokens seen: 966000640, grad norm: 1.0010
[iter 14750]loss: 3.2741, tokens/sec: 30460.95 ± 3424.07, tokens seen: 966656000, grad norm: 0.9324
[iter 14760]loss: 3.1342, tokens/sec: 30461.93 ± 3423.12, tokens seen: 967311360, grad norm: 0.9385
[iter 14770]loss: 3.1987, tokens/sec: 30462.90 ± 3422.16, tokens seen: 967966720, grad norm: 0.8888
[iter 14780]loss: 3.2613, tokens/sec: 30463.39 ± 3421.52, tokens seen: 968622080, grad norm: 1.0714
[iter 14790]loss: 3.0994, tokens/sec: 30464.36 ± 3420.57, tokens seen: 969277440, grad norm: 1.1357
[iter 14800]loss: 3.2877, tokens/sec: 30465.33 ± 3419.62, tokens seen: 969932800, grad norm: 0.9383
[iter 14810]loss: 2.8063, tokens/sec: 30466.31 ± 3418.67, tokens seen: 970588160, grad norm: 0.8678
[iter 14820]loss: 3.2338, tokens/sec: 30467.28 ± 3417.72, tokens seen: 971243520, grad norm: 1.1452
[iter 14830]loss: 3.1778, tokens/sec: 30468.25 ± 3416.77, tokens seen: 971898880, grad norm: 1.0391
[iter 14840]loss: 3.0571, tokens/sec: 30469.22 ± 3415.83, tokens seen: 972554240, grad norm: 1.0285
[iter 14850]loss: 3.1838, tokens/sec: 30470.19 ± 3414.88, tokens seen: 973209600, grad norm: 0.8511
[iter 14860]loss: 3.1983, tokens/sec: 30471.14 ± 3413.93, tokens seen: 973864960, grad norm: 0.9489
[iter 14870]loss: 3.1047, tokens/sec: 30472.11 ± 3412.98, tokens seen: 974520320, grad norm: 1.2306
[iter 14880]loss: 3.3364, tokens/sec: 30473.08 ± 3412.04, tokens seen: 975175680, grad norm: 1.0314
[iter 14890]loss: 3.1739, tokens/sec: 30474.04 ± 3411.10, tokens seen: 975831040, grad norm: 1.0533
[iter 14900]loss: 3.0615, tokens/sec: 30475.00 ± 3410.15, tokens seen: 976486400, grad norm: 1.1180
[iter 14910]loss: 3.2291, tokens/sec: 30475.96 ± 3409.21, tokens seen: 977141760, grad norm: 1.1261
[iter 14920]loss: 3.2858, tokens/sec: 30476.91 ± 3408.27, tokens seen: 977797120, grad norm: 1.1300
[iter 14930]loss: 3.4636, tokens/sec: 30477.87 ± 3407.33, tokens seen: 978452480, grad norm: 0.9493
[iter 14940]loss: 3.3684, tokens/sec: 30478.83 ± 3406.39, tokens seen: 979107840, grad norm: 1.2532
[iter 14950]loss: 2.6626, tokens/sec: 30479.79 ± 3405.45, tokens seen: 979763200, grad norm: 1.1240
[iter 14960]loss: 3.3922, tokens/sec: 30480.74 ± 3404.51, tokens seen: 980418560, grad norm: 1.1719
[iter 14970]loss: 3.3009, tokens/sec: 30481.69 ± 3403.57, tokens seen: 981073920, grad norm: 0.9668
[iter 14980]loss: 3.2499, tokens/sec: 30482.64 ± 3402.64, tokens seen: 981729280, grad norm: 1.0725
[iter 14990]loss: 3.1245, tokens/sec: 30483.60 ± 3401.70, tokens seen: 982384640, grad norm: 0.9656
[step 15000]train loss: 3.2147, val loss: 3.2144, (avg train loss: 0.8014 ± 0.0375), (avg grad norm: 1.0233 ± 0.1162)
saving checkpoint to ./out-owt-large-mhc-lora-residual-midnorm-bs8-20000step
[iter 15000]loss: 3.2825, tokens/sec: 30484.48 ± 3400.75, tokens seen: 983040000, grad norm: 1.0165
[iter 15010]loss: 3.2148, tokens/sec: 30485.44 ± 3399.82, tokens seen: 983695360, grad norm: 1.1481
[iter 15020]loss: 3.3418, tokens/sec: 30486.39 ± 3398.88, tokens seen: 984350720, grad norm: 1.2864
[iter 15030]loss: 3.0624, tokens/sec: 30487.33 ± 3397.95, tokens seen: 985006080, grad norm: 0.9648
[iter 15040]loss: 2.9627, tokens/sec: 30488.28 ± 3397.02, tokens seen: 985661440, grad norm: 1.0014
[iter 15050]loss: 3.2225, tokens/sec: 30489.22 ± 3396.09, tokens seen: 986316800, grad norm: 0.9966
[iter 15060]loss: 3.3401, tokens/sec: 30490.16 ± 3395.16, tokens seen: 986972160, grad norm: 1.1267
[iter 15070]loss: 3.1855, tokens/sec: 30491.11 ± 3394.23, tokens seen: 987627520, grad norm: 0.9534
[iter 15080]loss: 3.1235, tokens/sec: 30492.05 ± 3393.30, tokens seen: 988282880, grad norm: 0.9971
[iter 15090]loss: 2.9000, tokens/sec: 30492.99 ± 3392.37, tokens seen: 988938240, grad norm: 0.9137
[iter 15100]loss: 3.1777, tokens/sec: 30493.93 ± 3391.44, tokens seen: 989593600, grad norm: 0.9886
[iter 15110]loss: 3.1277, tokens/sec: 30494.86 ± 3390.51, tokens seen: 990248960, grad norm: 1.0424
[iter 15120]loss: 3.1798, tokens/sec: 30495.79 ± 3389.59, tokens seen: 990904320, grad norm: 1.0795
[iter 15130]loss: 3.1562, tokens/sec: 30496.72 ± 3388.66, tokens seen: 991559680, grad norm: 1.3033
[iter 15140]loss: 3.1974, tokens/sec: 30497.65 ± 3387.73, tokens seen: 992215040, grad norm: 1.0160
[iter 15150]loss: 3.2129, tokens/sec: 30498.58 ± 3386.81, tokens seen: 992870400, grad norm: 0.8938
[iter 15160]loss: 3.2504, tokens/sec: 30499.50 ± 3385.88, tokens seen: 993525760, grad norm: 0.9797
[iter 15170]loss: 3.4102, tokens/sec: 30500.43 ± 3384.96, tokens seen: 994181120, grad norm: 0.9025
[iter 15180]loss: 3.3684, tokens/sec: 30501.36 ± 3384.04, tokens seen: 994836480, grad norm: 1.0610
[iter 15190]loss: 3.2671, tokens/sec: 30502.29 ± 3383.12, tokens seen: 995491840, grad norm: 0.9549
[iter 15200]loss: 3.3463, tokens/sec: 30503.21 ± 3382.20, tokens seen: 996147200, grad norm: 0.9611
[iter 15210]loss: 3.2430, tokens/sec: 30504.13 ± 3381.27, tokens seen: 996802560, grad norm: 1.1122
[iter 15220]loss: 3.1081, tokens/sec: 30505.05 ± 3380.35, tokens seen: 997457920, grad norm: 0.9093
[iter 15230]loss: 3.2273, tokens/sec: 30505.97 ± 3379.43, tokens seen: 998113280, grad norm: 1.1168
[iter 15240]loss: 3.3198, tokens/sec: 30506.89 ± 3378.51, tokens seen: 998768640, grad norm: 1.1951
[iter 15250]loss: 2.9688, tokens/sec: 30507.81 ± 3377.60, tokens seen: 999424000, grad norm: 0.9152
[iter 15260]loss: 3.2859, tokens/sec: 30508.15 ± 3377.19, tokens seen: 1000079360, grad norm: 1.3061
[iter 15270]loss: 3.0282, tokens/sec: 30509.06 ± 3376.27, tokens seen: 1000734720, grad norm: 1.1238
[iter 15280]loss: 3.3245, tokens/sec: 30509.97 ± 3375.35, tokens seen: 1001390080, grad norm: 1.0624
[iter 15290]loss: 3.1136, tokens/sec: 30510.88 ± 3374.44, tokens seen: 1002045440, grad norm: 1.0203
[iter 15300]loss: 3.1618, tokens/sec: 30511.79 ± 3373.52, tokens seen: 1002700800, grad norm: 1.0197
[iter 15310]loss: 3.1922, tokens/sec: 30512.70 ± 3372.61, tokens seen: 1003356160, grad norm: 1.0312
[iter 15320]loss: 3.1198, tokens/sec: 30513.12 ± 3372.02, tokens seen: 1004011520, grad norm: 1.0157
[iter 15330]loss: 2.9955, tokens/sec: 30514.02 ± 3371.10, tokens seen: 1004666880, grad norm: 0.8703
[iter 15340]loss: 2.9434, tokens/sec: 30514.93 ± 3370.19, tokens seen: 1005322240, grad norm: 0.8840
[iter 15350]loss: 3.2843, tokens/sec: 30515.83 ± 3369.28, tokens seen: 1005977600, grad norm: 1.2249
[iter 15360]loss: 3.2154, tokens/sec: 30516.74 ± 3368.37, tokens seen: 1006632960, grad norm: 1.1091
[iter 15370]loss: 3.3432, tokens/sec: 30517.65 ± 3367.47, tokens seen: 1007288320, grad norm: 0.9554
[iter 15380]loss: 3.3587, tokens/sec: 30518.56 ± 3366.56, tokens seen: 1007943680, grad norm: 1.0543
[iter 15390]loss: 3.0668, tokens/sec: 30519.46 ± 3365.65, tokens seen: 1008599040, grad norm: 1.1591
[iter 15400]loss: 3.3630, tokens/sec: 30520.36 ± 3364.74, tokens seen: 1009254400, grad norm: 0.9642
[iter 15410]loss: 3.0699, tokens/sec: 30521.26 ± 3363.83, tokens seen: 1009909760, grad norm: 1.0907
[iter 15420]loss: 3.2519, tokens/sec: 30522.15 ± 3362.93, tokens seen: 1010565120, grad norm: 1.0684
[iter 15430]loss: 3.0269, tokens/sec: 30523.05 ± 3362.02, tokens seen: 1011220480, grad norm: 1.0956
[iter 15440]loss: 3.0430, tokens/sec: 30523.95 ± 3361.12, tokens seen: 1011875840, grad norm: 0.9153
[iter 15450]loss: 3.2294, tokens/sec: 30524.85 ± 3360.22, tokens seen: 1012531200, grad norm: 1.0391
[iter 15460]loss: 3.3493, tokens/sec: 30525.75 ± 3359.32, tokens seen: 1013186560, grad norm: 0.9683
[iter 15470]loss: 3.0253, tokens/sec: 30526.65 ± 3358.42, tokens seen: 1013841920, grad norm: 0.9014
[iter 15480]loss: 3.2325, tokens/sec: 30527.54 ± 3357.51, tokens seen: 1014497280, grad norm: 1.2622
[iter 15490]loss: 3.3921, tokens/sec: 30528.43 ± 3356.61, tokens seen: 1015152640, grad norm: 0.9840
[step 15500]train loss: 3.2068, val loss: 3.2178, (avg train loss: 0.7982 ± 0.0343), (avg grad norm: 1.0591 ± 0.1330)
[iter 15500]loss: 3.1381, tokens/sec: 30529.31 ± 3355.71, tokens seen: 1015808000, grad norm: 1.2217
[iter 15510]loss: 3.3472, tokens/sec: 30530.21 ± 3354.81, tokens seen: 1016463360, grad norm: 0.9814
[iter 15520]loss: 3.3009, tokens/sec: 30531.10 ± 3353.92, tokens seen: 1017118720, grad norm: 1.0644
[iter 15530]loss: 3.2067, tokens/sec: 30531.98 ± 3353.02, tokens seen: 1017774080, grad norm: 0.9726
[iter 15540]loss: 3.3897, tokens/sec: 30532.87 ± 3352.12, tokens seen: 1018429440, grad norm: 1.2349
[iter 15550]loss: 2.9241, tokens/sec: 30533.75 ± 3351.23, tokens seen: 1019084800, grad norm: 0.9336
[iter 15560]loss: 3.2393, tokens/sec: 30534.63 ± 3350.33, tokens seen: 1019740160, grad norm: 0.9792
[iter 15570]loss: 2.9963, tokens/sec: 30535.51 ± 3349.43, tokens seen: 1020395520, grad norm: 0.9291
[iter 15580]loss: 3.5055, tokens/sec: 30536.40 ± 3348.54, tokens seen: 1021050880, grad norm: 1.0343
[iter 15590]loss: 3.1555, tokens/sec: 30537.27 ± 3347.64, tokens seen: 1021706240, grad norm: 1.1002
[iter 15600]loss: 3.1193, tokens/sec: 30538.15 ± 3346.75, tokens seen: 1022361600, grad norm: 0.9192
[iter 15610]loss: 3.2539, tokens/sec: 30539.02 ± 3345.85, tokens seen: 1023016960, grad norm: 0.9644
[iter 15620]loss: 2.9935, tokens/sec: 30539.90 ± 3344.96, tokens seen: 1023672320, grad norm: 0.9665
[iter 15630]loss: 3.3215, tokens/sec: 30540.77 ± 3344.07, tokens seen: 1024327680, grad norm: 1.0660
[iter 15640]loss: 3.1549, tokens/sec: 30541.64 ± 3343.18, tokens seen: 1024983040, grad norm: 1.1281
[iter 15650]loss: 3.1452, tokens/sec: 30542.51 ± 3342.29, tokens seen: 1025638400, grad norm: 0.9030
[iter 15660]loss: 3.1993, tokens/sec: 30543.38 ± 3341.40, tokens seen: 1026293760, grad norm: 0.8930
[iter 15670]loss: 2.9639, tokens/sec: 30544.25 ± 3340.51, tokens seen: 1026949120, grad norm: 0.9225
[iter 15680]loss: 3.2068, tokens/sec: 30545.12 ± 3339.62, tokens seen: 1027604480, grad norm: 1.2201
[iter 15690]loss: 3.1965, tokens/sec: 30545.99 ± 3338.73, tokens seen: 1028259840, grad norm: 0.9738
[iter 15700]loss: 3.2519, tokens/sec: 30546.85 ± 3337.85, tokens seen: 1028915200, grad norm: 1.0782
[iter 15710]loss: 3.1685, tokens/sec: 30547.72 ± 3336.96, tokens seen: 1029570560, grad norm: 1.1045
[iter 15720]loss: 3.3415, tokens/sec: 30548.58 ± 3336.07, tokens seen: 1030225920, grad norm: 1.0652
[iter 15730]loss: 3.2840, tokens/sec: 30549.45 ± 3335.19, tokens seen: 1030881280, grad norm: 0.9578
[iter 15740]loss: 3.2710, tokens/sec: 30550.31 ± 3334.31, tokens seen: 1031536640, grad norm: 0.9392
[iter 15750]loss: 3.2811, tokens/sec: 30551.17 ± 3333.42, tokens seen: 1032192000, grad norm: 0.9370
[iter 15760]loss: 3.3276, tokens/sec: 30552.04 ± 3332.54, tokens seen: 1032847360, grad norm: 0.9827
[iter 15770]loss: 3.3139, tokens/sec: 30552.90 ± 3331.66, tokens seen: 1033502720, grad norm: 1.1437
[iter 15780]loss: 3.1522, tokens/sec: 30553.76 ± 3330.78, tokens seen: 1034158080, grad norm: 0.8967
[iter 15790]loss: 2.9719, tokens/sec: 30554.62 ± 3329.90, tokens seen: 1034813440, grad norm: 1.1274
[iter 15800]loss: 2.9724, tokens/sec: 30555.47 ± 3329.02, tokens seen: 1035468800, grad norm: 0.8981
[iter 15810]loss: 3.1393, tokens/sec: 30556.32 ± 3328.14, tokens seen: 1036124160, grad norm: 1.0486
[iter 15820]loss: 3.3297, tokens/sec: 30557.18 ± 3327.26, tokens seen: 1036779520, grad norm: 0.9366
[iter 15830]loss: 3.0125, tokens/sec: 30558.04 ± 3326.38, tokens seen: 1037434880, grad norm: 0.8843
[iter 15840]loss: 3.0051, tokens/sec: 30558.89 ± 3325.51, tokens seen: 1038090240, grad norm: 0.8913
[iter 15850]loss: 3.0061, tokens/sec: 30559.74 ± 3324.63, tokens seen: 1038745600, grad norm: 1.1726
[iter 15860]loss: 3.4336, tokens/sec: 30560.59 ± 3323.75, tokens seen: 1039400960, grad norm: 0.8731
[iter 15870]loss: 3.1896, tokens/sec: 30560.97 ± 3323.20, tokens seen: 1040056320, grad norm: 1.3836
[iter 15880]loss: 3.1813, tokens/sec: 30561.82 ± 3322.32, tokens seen: 1040711680, grad norm: 1.0812
[iter 15890]loss: 2.9833, tokens/sec: 30562.67 ± 3321.45, tokens seen: 1041367040, grad norm: 1.1106
[iter 15900]loss: 3.0172, tokens/sec: 30562.96 ± 3321.09, tokens seen: 1042022400, grad norm: 1.1437
[iter 15910]loss: 3.0893, tokens/sec: 30563.80 ± 3320.22, tokens seen: 1042677760, grad norm: 0.9716
[iter 15920]loss: 3.1100, tokens/sec: 30564.64 ± 3319.35, tokens seen: 1043333120, grad norm: 1.2201
[iter 15930]loss: 3.2970, tokens/sec: 30565.49 ± 3318.48, tokens seen: 1043988480, grad norm: 1.0601
[iter 15940]loss: 3.0277, tokens/sec: 30566.33 ± 3317.61, tokens seen: 1044643840, grad norm: 1.7516
[iter 15950]loss: 2.9881, tokens/sec: 30567.16 ± 3316.73, tokens seen: 1045299200, grad norm: 1.0410
[iter 15960]loss: 3.2636, tokens/sec: 30568.00 ± 3315.86, tokens seen: 1045954560, grad norm: 0.9595
[iter 15970]loss: 3.3701, tokens/sec: 30568.85 ± 3315.00, tokens seen: 1046609920, grad norm: 1.0408
[iter 15980]loss: 3.2204, tokens/sec: 30569.68 ± 3314.13, tokens seen: 1047265280, grad norm: 1.0705
[iter 15990]loss: 3.1001, tokens/sec: 30570.52 ± 3313.26, tokens seen: 1047920640, grad norm: 1.3403
[step 16000]train loss: 3.1858, val loss: 3.2029, (avg train loss: 0.7968 ± 0.0342), (avg grad norm: 1.0944 ± 0.1999)
saving checkpoint to ./out-owt-large-mhc-lora-residual-midnorm-bs8-20000step
[iter 16000]loss: 3.2846, tokens/sec: 30571.35 ± 3312.39, tokens seen: 1048576000, grad norm: 1.1805
[iter 16010]loss: 3.1996, tokens/sec: 30572.20 ± 3311.53, tokens seen: 1049231360, grad norm: 1.0130
[iter 16020]loss: 3.3006, tokens/sec: 30573.03 ± 3310.66, tokens seen: 1049886720, grad norm: 0.9520
[iter 16030]loss: 3.4134, tokens/sec: 30573.86 ± 3309.80, tokens seen: 1050542080, grad norm: 1.0937
[iter 16040]loss: 3.1561, tokens/sec: 30574.70 ± 3308.94, tokens seen: 1051197440, grad norm: 1.1182
[iter 16050]loss: 3.2917, tokens/sec: 30575.52 ± 3308.07, tokens seen: 1051852800, grad norm: 1.0025
[iter 16060]loss: 3.0053, tokens/sec: 30576.36 ± 3307.21, tokens seen: 1052508160, grad norm: 1.0389
[iter 16070]loss: 3.2650, tokens/sec: 30577.19 ± 3306.35, tokens seen: 1053163520, grad norm: 1.0882
[iter 16080]loss: 3.3146, tokens/sec: 30578.02 ± 3305.49, tokens seen: 1053818880, grad norm: 0.8972
[iter 16090]loss: 3.1431, tokens/sec: 30578.85 ± 3304.63, tokens seen: 1054474240, grad norm: 1.0011
[iter 16100]loss: 3.1115, tokens/sec: 30579.68 ± 3303.77, tokens seen: 1055129600, grad norm: 0.9474
[iter 16110]loss: 3.3465, tokens/sec: 30580.50 ± 3302.91, tokens seen: 1055784960, grad norm: 0.9168
[iter 16120]loss: 3.2348, tokens/sec: 30581.34 ± 3302.06, tokens seen: 1056440320, grad norm: 1.0571
[iter 16130]loss: 3.2888, tokens/sec: 30582.17 ± 3301.20, tokens seen: 1057095680, grad norm: 1.2117
[iter 16140]loss: 3.3004, tokens/sec: 30582.99 ± 3300.34, tokens seen: 1057751040, grad norm: 0.8660
[iter 16150]loss: 3.0789, tokens/sec: 30583.80 ± 3299.48, tokens seen: 1058406400, grad norm: 0.8646
[iter 16160]loss: 3.0772, tokens/sec: 30584.62 ± 3298.62, tokens seen: 1059061760, grad norm: 0.9628
[iter 16170]loss: 3.1731, tokens/sec: 30585.44 ± 3297.77, tokens seen: 1059717120, grad norm: 0.9356
[iter 16180]loss: 3.4127, tokens/sec: 30586.25 ± 3296.91, tokens seen: 1060372480, grad norm: 0.9533
[iter 16190]loss: 3.2496, tokens/sec: 30587.06 ± 3296.05, tokens seen: 1061027840, grad norm: 1.1630
[iter 16200]loss: 3.0553, tokens/sec: 30587.88 ± 3295.20, tokens seen: 1061683200, grad norm: 1.1227
[iter 16210]loss: 3.3612, tokens/sec: 30588.70 ± 3294.35, tokens seen: 1062338560, grad norm: 1.0579
[iter 16220]loss: 2.9936, tokens/sec: 30589.52 ± 3293.50, tokens seen: 1062993920, grad norm: 0.9980
[iter 16230]loss: 3.1291, tokens/sec: 30590.33 ± 3292.65, tokens seen: 1063649280, grad norm: 1.1235
[iter 16240]loss: 3.2658, tokens/sec: 30591.14 ± 3291.79, tokens seen: 1064304640, grad norm: 1.1873
[iter 16250]loss: 3.1595, tokens/sec: 30591.95 ± 3290.94, tokens seen: 1064960000, grad norm: 1.0422
[iter 16260]loss: 3.3063, tokens/sec: 30592.76 ± 3290.09, tokens seen: 1065615360, grad norm: 1.0060
[iter 16270]loss: 3.2627, tokens/sec: 30593.57 ± 3289.24, tokens seen: 1066270720, grad norm: 1.0262
[iter 16280]loss: 3.4946, tokens/sec: 30594.37 ± 3288.40, tokens seen: 1066926080, grad norm: 0.9620
[iter 16290]loss: 3.2551, tokens/sec: 30595.18 ± 3287.55, tokens seen: 1067581440, grad norm: 0.8984
[iter 16300]loss: 3.3041, tokens/sec: 30595.99 ± 3286.70, tokens seen: 1068236800, grad norm: 1.0010
[iter 16310]loss: 3.1887, tokens/sec: 30596.80 ± 3285.85, tokens seen: 1068892160, grad norm: 1.0559
[iter 16320]loss: 3.3271, tokens/sec: 30597.60 ± 3285.01, tokens seen: 1069547520, grad norm: 1.0244
[iter 16330]loss: 3.0027, tokens/sec: 30598.40 ± 3284.16, tokens seen: 1070202880, grad norm: 0.9576
[iter 16340]loss: 2.9765, tokens/sec: 30599.21 ± 3283.32, tokens seen: 1070858240, grad norm: 0.9432
[iter 16350]loss: 3.0994, tokens/sec: 30600.00 ± 3282.47, tokens seen: 1071513600, grad norm: 1.2988
[iter 16360]loss: 3.3429, tokens/sec: 30600.80 ± 3281.63, tokens seen: 1072168960, grad norm: 1.1472
[iter 16370]loss: 3.5634, tokens/sec: 30601.59 ± 3280.78, tokens seen: 1072824320, grad norm: 1.3554
[iter 16380]loss: 3.1044, tokens/sec: 30602.40 ± 3279.94, tokens seen: 1073479680, grad norm: 1.1106
[iter 16390]loss: 3.3296, tokens/sec: 30603.21 ± 3279.10, tokens seen: 1074135040, grad norm: 1.1792
[iter 16400]loss: 3.0612, tokens/sec: 30604.00 ± 3278.26, tokens seen: 1074790400, grad norm: 1.4323
[iter 16410]loss: 3.2367, tokens/sec: 30604.35 ± 3277.73, tokens seen: 1075445760, grad norm: 1.1405
[iter 16420]loss: 3.1578, tokens/sec: 30605.15 ± 3276.89, tokens seen: 1076101120, grad norm: 1.0595
[iter 16430]loss: 3.2599, tokens/sec: 30605.94 ± 3276.05, tokens seen: 1076756480, grad norm: 1.1155
[iter 16440]loss: 3.3175, tokens/sec: 30606.74 ± 3275.21, tokens seen: 1077411840, grad norm: 1.2226
[iter 16450]loss: 3.2735, tokens/sec: 30607.52 ± 3274.37, tokens seen: 1078067200, grad norm: 1.2570
[iter 16460]loss: 3.2927, tokens/sec: 30608.31 ± 3273.53, tokens seen: 1078722560, grad norm: 1.0318
[iter 16470]loss: 3.0880, tokens/sec: 30609.10 ± 3272.70, tokens seen: 1079377920, grad norm: 1.3293
[iter 16480]loss: 3.1806, tokens/sec: 30609.89 ± 3271.86, tokens seen: 1080033280, grad norm: 1.2304
[iter 16490]loss: 3.3484, tokens/sec: 30610.68 ± 3271.03, tokens seen: 1080688640, grad norm: 0.9681
[step 16500]train loss: 3.1795, val loss: 3.1971, (avg train loss: 0.8000 ± 0.0364), (avg grad norm: 1.1108 ± 0.1678)
saving checkpoint to ./out-owt-large-mhc-lora-residual-midnorm-bs8-20000step
[iter 16500]loss: 3.0740, tokens/sec: 30611.47 ± 3270.19, tokens seen: 1081344000, grad norm: 0.9245
[iter 16510]loss: 3.1774, tokens/sec: 30612.26 ± 3269.36, tokens seen: 1081999360, grad norm: 1.2240
[iter 16520]loss: 2.9623, tokens/sec: 30613.05 ± 3268.53, tokens seen: 1082654720, grad norm: 1.6765
[iter 16530]loss: 3.0242, tokens/sec: 30613.82 ± 3267.69, tokens seen: 1083310080, grad norm: 1.0603
[iter 16540]loss: 3.1273, tokens/sec: 30614.07 ± 3267.40, tokens seen: 1083965440, grad norm: 1.0189
[iter 16550]loss: 3.3981, tokens/sec: 30614.86 ± 3266.57, tokens seen: 1084620800, grad norm: 1.1332
[iter 16560]loss: 3.2269, tokens/sec: 30615.65 ± 3265.74, tokens seen: 1085276160, grad norm: 1.1558
[iter 16570]loss: 3.3579, tokens/sec: 30616.43 ± 3264.91, tokens seen: 1085931520, grad norm: 0.9837
[iter 16580]loss: 3.1781, tokens/sec: 30617.21 ± 3264.08, tokens seen: 1086586880, grad norm: 2.0244
[iter 16590]loss: 3.3884, tokens/sec: 30617.98 ± 3263.25, tokens seen: 1087242240, grad norm: 1.1116
[iter 16600]loss: 3.0140, tokens/sec: 30618.76 ± 3262.42, tokens seen: 1087897600, grad norm: 1.0367
[iter 16610]loss: 3.2155, tokens/sec: 30619.54 ± 3261.59, tokens seen: 1088552960, grad norm: 0.8917
[iter 16620]loss: 3.1767, tokens/sec: 30620.32 ± 3260.77, tokens seen: 1089208320, grad norm: 1.0032
[iter 16630]loss: 3.0923, tokens/sec: 30621.10 ± 3259.94, tokens seen: 1089863680, grad norm: 1.2999
[iter 16640]loss: 3.2231, tokens/sec: 30621.87 ± 3259.11, tokens seen: 1090519040, grad norm: 1.1946
[iter 16650]loss: 3.1405, tokens/sec: 30622.64 ± 3258.28, tokens seen: 1091174400, grad norm: 1.2217
[iter 16660]loss: 3.2774, tokens/sec: 30623.41 ± 3257.46, tokens seen: 1091829760, grad norm: 1.0687
[iter 16670]loss: 3.1471, tokens/sec: 30624.18 ± 3256.63, tokens seen: 1092485120, grad norm: 0.9577
[iter 16680]loss: 3.2167, tokens/sec: 30624.95 ± 3255.81, tokens seen: 1093140480, grad norm: 1.2581
[iter 16690]loss: 3.2955, tokens/sec: 30625.72 ± 3254.98, tokens seen: 1093795840, grad norm: 1.2540
[iter 16700]loss: 3.3456, tokens/sec: 30626.48 ± 3254.16, tokens seen: 1094451200, grad norm: 1.2505
[iter 16710]loss: 3.0165, tokens/sec: 30627.24 ± 3253.33, tokens seen: 1095106560, grad norm: 0.9591
[iter 16720]loss: 3.2067, tokens/sec: 30628.00 ± 3252.51, tokens seen: 1095761920, grad norm: 1.1293
[iter 16730]loss: 3.2587, tokens/sec: 30628.76 ± 3251.68, tokens seen: 1096417280, grad norm: 1.3162
[iter 16740]loss: 3.2743, tokens/sec: 30629.53 ± 3250.86, tokens seen: 1097072640, grad norm: 1.1843
[iter 16750]loss: 3.4967, tokens/sec: 30630.30 ± 3250.05, tokens seen: 1097728000, grad norm: 1.3075
[iter 16760]loss: 3.1820, tokens/sec: 30631.06 ± 3249.23, tokens seen: 1098383360, grad norm: 1.3074
[iter 16770]loss: 3.1344, tokens/sec: 30631.83 ± 3248.41, tokens seen: 1099038720, grad norm: 1.1093
[iter 16780]loss: 3.2295, tokens/sec: 30632.59 ± 3247.59, tokens seen: 1099694080, grad norm: 1.2574
[iter 16790]loss: 3.0692, tokens/sec: 30633.36 ± 3246.78, tokens seen: 1100349440, grad norm: 1.2286
[iter 16800]loss: 3.2445, tokens/sec: 30634.11 ± 3245.96, tokens seen: 1101004800, grad norm: 0.9862
[iter 16810]loss: 3.1079, tokens/sec: 30634.87 ± 3245.14, tokens seen: 1101660160, grad norm: 1.1069
[iter 16820]loss: 3.2127, tokens/sec: 30635.62 ± 3244.32, tokens seen: 1102315520, grad norm: 1.1768
[iter 16830]loss: 3.1048, tokens/sec: 30636.38 ± 3243.51, tokens seen: 1102970880, grad norm: 1.2830
[iter 16840]loss: 3.1567, tokens/sec: 30637.14 ± 3242.69, tokens seen: 1103626240, grad norm: 1.0332
[iter 16850]loss: 3.3626, tokens/sec: 30637.89 ± 3241.88, tokens seen: 1104281600, grad norm: 1.0573
[iter 16860]loss: 3.1783, tokens/sec: 30638.65 ± 3241.07, tokens seen: 1104936960, grad norm: 1.0380
[iter 16870]loss: 3.2825, tokens/sec: 30639.41 ± 3240.26, tokens seen: 1105592320, grad norm: 1.1773
[iter 16880]loss: 3.0594, tokens/sec: 30640.15 ± 3239.44, tokens seen: 1106247680, grad norm: 1.2543
[iter 16890]loss: 3.1596, tokens/sec: 30640.90 ± 3238.63, tokens seen: 1106903040, grad norm: 1.0379
[iter 16900]loss: 3.1743, tokens/sec: 30641.65 ± 3237.82, tokens seen: 1107558400, grad norm: 1.6276
[iter 16910]loss: 2.9796, tokens/sec: 30642.40 ± 3237.01, tokens seen: 1108213760, grad norm: 1.3477
[iter 16920]loss: 3.1182, tokens/sec: 30643.15 ± 3236.19, tokens seen: 1108869120, grad norm: 1.0625
[iter 16930]loss: 3.0100, tokens/sec: 30643.89 ± 3235.38, tokens seen: 1109524480, grad norm: 1.0176
[iter 16940]loss: 3.1127, tokens/sec: 30644.64 ± 3234.57, tokens seen: 1110179840, grad norm: 1.2779
[iter 16950]loss: 3.3098, tokens/sec: 30644.96 ± 3234.07, tokens seen: 1110835200, grad norm: 1.1456
[iter 16960]loss: 3.0735, tokens/sec: 30645.70 ± 3233.26, tokens seen: 1111490560, grad norm: 1.7336
[iter 16970]loss: 3.2332, tokens/sec: 30646.45 ± 3232.46, tokens seen: 1112145920, grad norm: 0.9637
[iter 16980]loss: 3.0909, tokens/sec: 30647.20 ± 3231.65, tokens seen: 1112801280, grad norm: 1.0076
[iter 16990]loss: 3.2653, tokens/sec: 30647.94 ± 3230.85, tokens seen: 1113456640, grad norm: 1.1781
[step 17000]train loss: 3.1851, val loss: 3.1878, (avg train loss: 0.7922 ± 0.0312), (avg grad norm: 1.1445 ± 0.1859)
saving checkpoint to ./out-owt-large-mhc-lora-residual-midnorm-bs8-20000step
[iter 17000]loss: 3.1078, tokens/sec: 30648.69 ± 3230.05, tokens seen: 1114112000, grad norm: 1.1012
[iter 17010]loss: 3.2042, tokens/sec: 30649.44 ± 3229.24, tokens seen: 1114767360, grad norm: 1.0522
[iter 17020]loss: 3.3313, tokens/sec: 30650.18 ± 3228.44, tokens seen: 1115422720, grad norm: 1.1721
[iter 17030]loss: 3.0624, tokens/sec: 30650.93 ± 3227.64, tokens seen: 1116078080, grad norm: 1.0043
[iter 17040]loss: 3.0416, tokens/sec: 30651.67 ± 3226.84, tokens seen: 1116733440, grad norm: 1.4116
[iter 17050]loss: 3.3286, tokens/sec: 30652.41 ± 3226.04, tokens seen: 1117388800, grad norm: 0.9520
[iter 17060]loss: 3.1321, tokens/sec: 30653.16 ± 3225.24, tokens seen: 1118044160, grad norm: 1.3731
[iter 17070]loss: 3.0958, tokens/sec: 30653.90 ± 3224.44, tokens seen: 1118699520, grad norm: 1.1068
[iter 17080]loss: 3.0673, tokens/sec: 30654.63 ± 3223.64, tokens seen: 1119354880, grad norm: 1.0869
[iter 17090]loss: 3.1215, tokens/sec: 30655.37 ± 3222.84, tokens seen: 1120010240, grad norm: 1.0698
[iter 17100]loss: 3.3258, tokens/sec: 30656.11 ± 3222.04, tokens seen: 1120665600, grad norm: 1.1459
[iter 17110]loss: 3.1214, tokens/sec: 30656.84 ± 3221.24, tokens seen: 1121320960, grad norm: 1.0302
[iter 17120]loss: 3.1934, tokens/sec: 30657.57 ± 3220.44, tokens seen: 1121976320, grad norm: 1.6375
[iter 17130]loss: 3.1404, tokens/sec: 30658.30 ± 3219.64, tokens seen: 1122631680, grad norm: 1.1312
[iter 17140]loss: 3.1151, tokens/sec: 30659.03 ± 3218.85, tokens seen: 1123287040, grad norm: 0.9526
[iter 17150]loss: 3.1705, tokens/sec: 30659.77 ± 3218.05, tokens seen: 1123942400, grad norm: 1.0329
[iter 17160]loss: 3.2329, tokens/sec: 30660.49 ± 3217.25, tokens seen: 1124597760, grad norm: 1.1050
[iter 17170]loss: 3.3117, tokens/sec: 30660.71 ± 3216.96, tokens seen: 1125253120, grad norm: 1.2003
[iter 17180]loss: 3.0926, tokens/sec: 30661.44 ± 3216.17, tokens seen: 1125908480, grad norm: 1.2212
[iter 17190]loss: 2.9669, tokens/sec: 30662.16 ± 3215.37, tokens seen: 1126563840, grad norm: 0.9707
[iter 17200]loss: 3.0223, tokens/sec: 30662.88 ± 3214.57, tokens seen: 1127219200, grad norm: 1.0996
[iter 17210]loss: 3.2867, tokens/sec: 30663.61 ± 3213.78, tokens seen: 1127874560, grad norm: 1.0209
[iter 17220]loss: 3.1402, tokens/sec: 30664.34 ± 3212.99, tokens seen: 1128529920, grad norm: 1.1767
[iter 17230]loss: 3.1943, tokens/sec: 30665.07 ± 3212.20, tokens seen: 1129185280, grad norm: 1.9247
[iter 17240]loss: 3.2167, tokens/sec: 30665.79 ± 3211.41, tokens seen: 1129840640, grad norm: 1.2173
[iter 17250]loss: 3.3281, tokens/sec: 30666.51 ± 3210.62, tokens seen: 1130496000, grad norm: 1.1943
[iter 17260]loss: 3.0792, tokens/sec: 30667.24 ± 3209.83, tokens seen: 1131151360, grad norm: 0.9791
[iter 17270]loss: 3.0402, tokens/sec: 30667.96 ± 3209.04, tokens seen: 1131806720, grad norm: 1.0438
[iter 17280]loss: 3.2897, tokens/sec: 30668.68 ± 3208.25, tokens seen: 1132462080, grad norm: 1.2394
[iter 17290]loss: 3.2350, tokens/sec: 30669.40 ± 3207.46, tokens seen: 1133117440, grad norm: 1.4456
[iter 17300]loss: 3.3052, tokens/sec: 30670.12 ± 3206.68, tokens seen: 1133772800, grad norm: 1.6800
[iter 17310]loss: 3.2255, tokens/sec: 30670.84 ± 3205.89, tokens seen: 1134428160, grad norm: 1.0429
[iter 17320]loss: 3.2762, tokens/sec: 30671.56 ± 3205.10, tokens seen: 1135083520, grad norm: 1.1001
[iter 17330]loss: 3.1510, tokens/sec: 30672.27 ± 3204.32, tokens seen: 1135738880, grad norm: 1.0397
[iter 17340]loss: 3.0696, tokens/sec: 30672.99 ± 3203.53, tokens seen: 1136394240, grad norm: 1.1188
[iter 17350]loss: 2.9198, tokens/sec: 30673.72 ± 3202.75, tokens seen: 1137049600, grad norm: 1.1704
[iter 17360]loss: 3.2527, tokens/sec: 30674.43 ± 3201.97, tokens seen: 1137704960, grad norm: 1.4627
[iter 17370]loss: 3.2548, tokens/sec: 30675.14 ± 3201.18, tokens seen: 1138360320, grad norm: 0.9900
[iter 17380]loss: 2.9941, tokens/sec: 30675.86 ± 3200.40, tokens seen: 1139015680, grad norm: 1.0816
[iter 17390]loss: 3.2045, tokens/sec: 30676.57 ± 3199.62, tokens seen: 1139671040, grad norm: 1.0516
[iter 17400]loss: 3.1659, tokens/sec: 30677.28 ± 3198.83, tokens seen: 1140326400, grad norm: 1.3050
[iter 17410]loss: 3.2004, tokens/sec: 30677.99 ± 3198.05, tokens seen: 1140981760, grad norm: 1.1376
[iter 17420]loss: 3.2728, tokens/sec: 30678.70 ± 3197.27, tokens seen: 1141637120, grad norm: 1.1079
[iter 17430]loss: 3.1973, tokens/sec: 30679.41 ± 3196.49, tokens seen: 1142292480, grad norm: 1.2193
[iter 17440]loss: 3.1501, tokens/sec: 30680.12 ± 3195.72, tokens seen: 1142947840, grad norm: 1.0053
[iter 17450]loss: 3.0779, tokens/sec: 30680.83 ± 3194.94, tokens seen: 1143603200, grad norm: 1.2269
[iter 17460]loss: 3.1679, tokens/sec: 30681.54 ± 3194.16, tokens seen: 1144258560, grad norm: 1.7290
[iter 17470]loss: 3.0841, tokens/sec: 30682.25 ± 3193.38, tokens seen: 1144913920, grad norm: 1.2446
[iter 17480]loss: 3.1250, tokens/sec: 30682.95 ± 3192.60, tokens seen: 1145569280, grad norm: 1.2122
[iter 17490]loss: 3.2110, tokens/sec: 30683.65 ± 3191.83, tokens seen: 1146224640, grad norm: 1.3382
[step 17500]train loss: 3.1873, val loss: 3.1953, (avg train loss: 0.7930 ± 0.0336), (avg grad norm: 1.2726 ± 0.3407)
[iter 17500]loss: 3.1447, tokens/sec: 30683.94 ± 3191.37, tokens seen: 1146880000, grad norm: 1.2278
[iter 17510]loss: 3.0366, tokens/sec: 30684.64 ± 3190.59, tokens seen: 1147535360, grad norm: 1.5761
[iter 17520]loss: 3.2085, tokens/sec: 30685.35 ± 3189.82, tokens seen: 1148190720, grad norm: 1.1289
[iter 17530]loss: 3.0850, tokens/sec: 30686.05 ± 3189.05, tokens seen: 1148846080, grad norm: 1.0342
[iter 17540]loss: 3.1090, tokens/sec: 30686.76 ± 3188.27, tokens seen: 1149501440, grad norm: 1.0538
[iter 17550]loss: 3.2512, tokens/sec: 30687.46 ± 3187.50, tokens seen: 1150156800, grad norm: 2.2550
[iter 17560]loss: 3.1337, tokens/sec: 30688.16 ± 3186.73, tokens seen: 1150812160, grad norm: 1.5069
[iter 17570]loss: 3.1877, tokens/sec: 30688.87 ± 3185.96, tokens seen: 1151467520, grad norm: 1.0064
[iter 17580]loss: 3.2644, tokens/sec: 30689.57 ± 3185.19, tokens seen: 1152122880, grad norm: 1.2031
[iter 17590]loss: 3.1390, tokens/sec: 30690.27 ± 3184.42, tokens seen: 1152778240, grad norm: 1.7571
[iter 17600]loss: 3.1613, tokens/sec: 30690.96 ± 3183.65, tokens seen: 1153433600, grad norm: 1.0162
[iter 17610]loss: 3.2591, tokens/sec: 30691.65 ± 3182.87, tokens seen: 1154088960, grad norm: 1.0418
[iter 17620]loss: 3.3137, tokens/sec: 30692.35 ± 3182.11, tokens seen: 1154744320, grad norm: 1.3175
[iter 17630]loss: 3.2465, tokens/sec: 30693.04 ± 3181.34, tokens seen: 1155399680, grad norm: 1.0622
[iter 17640]loss: 3.2696, tokens/sec: 30693.73 ± 3180.57, tokens seen: 1156055040, grad norm: 1.1748
[iter 17650]loss: 3.0265, tokens/sec: 30694.43 ± 3179.80, tokens seen: 1156710400, grad norm: 1.2116
[iter 17660]loss: 3.2473, tokens/sec: 30695.12 ± 3179.03, tokens seen: 1157365760, grad norm: 1.0673
[iter 17670]loss: 3.0971, tokens/sec: 30695.81 ± 3178.27, tokens seen: 1158021120, grad norm: 1.3605
[iter 17680]loss: 3.1368, tokens/sec: 30696.50 ± 3177.50, tokens seen: 1158676480, grad norm: 1.2938
[iter 17690]loss: 3.1228, tokens/sec: 30697.20 ± 3176.74, tokens seen: 1159331840, grad norm: 1.0366
[iter 17700]loss: 3.1532, tokens/sec: 30697.89 ± 3175.97, tokens seen: 1159987200, grad norm: 1.0739
[iter 17710]loss: 3.1240, tokens/sec: 30698.58 ± 3175.21, tokens seen: 1160642560, grad norm: 1.6636
[iter 17720]loss: 3.0657, tokens/sec: 30699.27 ± 3174.45, tokens seen: 1161297920, grad norm: 1.1331
[iter 17730]loss: 2.8770, tokens/sec: 30699.96 ± 3173.68, tokens seen: 1161953280, grad norm: 0.9759
[iter 17740]loss: 3.2126, tokens/sec: 30700.65 ± 3172.92, tokens seen: 1162608640, grad norm: 0.9826
[iter 17750]loss: 2.9894, tokens/sec: 30701.33 ± 3172.16, tokens seen: 1163264000, grad norm: 1.2389
[iter 17760]loss: 3.3468, tokens/sec: 30702.02 ± 3171.40, tokens seen: 1163919360, grad norm: 1.2779
[iter 17770]loss: 3.3954, tokens/sec: 30702.70 ± 3170.64, tokens seen: 1164574720, grad norm: 1.3253
[iter 17780]loss: 3.0554, tokens/sec: 30703.39 ± 3169.88, tokens seen: 1165230080, grad norm: 1.3274
[iter 17790]loss: 3.3147, tokens/sec: 30704.07 ± 3169.12, tokens seen: 1165885440, grad norm: 1.0696
[iter 17800]loss: 3.0647, tokens/sec: 30704.76 ± 3168.36, tokens seen: 1166540800, grad norm: 2.2517
[iter 17810]loss: 2.9402, tokens/sec: 30704.95 ± 3168.10, tokens seen: 1167196160, grad norm: 1.2688
[iter 17820]loss: 3.4685, tokens/sec: 30705.62 ± 3167.34, tokens seen: 1167851520, grad norm: 1.1408
[iter 17830]loss: 3.2186, tokens/sec: 30706.29 ± 3166.57, tokens seen: 1168506880, grad norm: 1.0917
[iter 17840]loss: 3.1495, tokens/sec: 30706.97 ± 3165.82, tokens seen: 1169162240, grad norm: 1.1334
[iter 17850]loss: 3.0248, tokens/sec: 30707.65 ± 3165.06, tokens seen: 1169817600, grad norm: 1.1219
[iter 17860]loss: 3.1331, tokens/sec: 30708.33 ± 3164.30, tokens seen: 1170472960, grad norm: 1.0388
[iter 17870]loss: 3.1275, tokens/sec: 30709.01 ± 3163.55, tokens seen: 1171128320, grad norm: 1.1437
[iter 17880]loss: 3.2145, tokens/sec: 30709.69 ± 3162.79, tokens seen: 1171783680, grad norm: 1.1778
[iter 17890]loss: 3.1639, tokens/sec: 30710.36 ± 3162.04, tokens seen: 1172439040, grad norm: 1.5852
[iter 17900]loss: 3.3087, tokens/sec: 30711.04 ± 3161.28, tokens seen: 1173094400, grad norm: 1.5562
[iter 17910]loss: 3.2724, tokens/sec: 30711.71 ± 3160.53, tokens seen: 1173749760, grad norm: 1.2880
[iter 17920]loss: 3.4819, tokens/sec: 30712.39 ± 3159.78, tokens seen: 1174405120, grad norm: 0.9046
[iter 17930]loss: 2.8658, tokens/sec: 30713.06 ± 3159.03, tokens seen: 1175060480, grad norm: 1.1165
[iter 17940]loss: 3.1879, tokens/sec: 30713.73 ± 3158.27, tokens seen: 1175715840, grad norm: 0.9935
[iter 17950]loss: 3.2311, tokens/sec: 30714.40 ± 3157.52, tokens seen: 1176371200, grad norm: 1.0949
[iter 17960]loss: 3.2439, tokens/sec: 30715.07 ± 3156.77, tokens seen: 1177026560, grad norm: 1.2609
[iter 17970]loss: 3.1993, tokens/sec: 30715.75 ± 3156.02, tokens seen: 1177681920, grad norm: 1.0889
[iter 17980]loss: 3.4587, tokens/sec: 30716.41 ± 3155.27, tokens seen: 1178337280, grad norm: 1.0472
[iter 17990]loss: 3.0885, tokens/sec: 30717.08 ± 3154.52, tokens seen: 1178992640, grad norm: 1.2014
[step 18000]train loss: 3.1507, val loss: 3.1882, (avg train loss: 0.7900 ± 0.0369), (avg grad norm: 1.2689 ± 0.2836)
[iter 18000]loss: 3.3051, tokens/sec: 30717.74 ± 3153.77, tokens seen: 1179648000, grad norm: 1.2112
[iter 18010]loss: 3.2878, tokens/sec: 30718.41 ± 3153.02, tokens seen: 1180303360, grad norm: 1.1503
[iter 18020]loss: 2.9790, tokens/sec: 30719.06 ± 3152.27, tokens seen: 1180958720, grad norm: 1.6617
[iter 18030]loss: 3.2780, tokens/sec: 30719.72 ± 3151.52, tokens seen: 1181614080, grad norm: 1.2840
[iter 18040]loss: 2.9617, tokens/sec: 30719.98 ± 3151.09, tokens seen: 1182269440, grad norm: 1.3937
[iter 18050]loss: 3.3875, tokens/sec: 30720.64 ± 3150.34, tokens seen: 1182924800, grad norm: 1.1211
[iter 18060]loss: 2.9171, tokens/sec: 30721.31 ± 3149.59, tokens seen: 1183580160, grad norm: 1.0599
[iter 18070]loss: 3.3168, tokens/sec: 30721.98 ± 3148.85, tokens seen: 1184235520, grad norm: 1.4093
[iter 18080]loss: 3.1034, tokens/sec: 30722.64 ± 3148.11, tokens seen: 1184890880, grad norm: 1.2859
[iter 18090]loss: 3.3335, tokens/sec: 30723.30 ± 3147.36, tokens seen: 1185546240, grad norm: 1.3795
[iter 18100]loss: 3.3588, tokens/sec: 30723.96 ± 3146.62, tokens seen: 1186201600, grad norm: 1.1515
[iter 18110]loss: 3.2180, tokens/sec: 30724.62 ± 3145.87, tokens seen: 1186856960, grad norm: 1.7968
[iter 18120]loss: 3.1552, tokens/sec: 30725.27 ± 3145.13, tokens seen: 1187512320, grad norm: 1.4430
[iter 18130]loss: 3.3205, tokens/sec: 30725.93 ± 3144.38, tokens seen: 1188167680, grad norm: 0.9907
[iter 18140]loss: 3.3767, tokens/sec: 30726.58 ± 3143.64, tokens seen: 1188823040, grad norm: 0.9348
[iter 18150]loss: 3.0479, tokens/sec: 30727.23 ± 3142.90, tokens seen: 1189478400, grad norm: 1.0458
[iter 18160]loss: 3.0168, tokens/sec: 30727.88 ± 3142.15, tokens seen: 1190133760, grad norm: 1.3560
[iter 18170]loss: 3.1688, tokens/sec: 30728.54 ± 3141.41, tokens seen: 1190789120, grad norm: 1.1872
[iter 18180]loss: 2.9353, tokens/sec: 30729.19 ± 3140.67, tokens seen: 1191444480, grad norm: 1.0070
[iter 18190]loss: 3.1664, tokens/sec: 30729.85 ± 3139.93, tokens seen: 1192099840, grad norm: 1.3364
[iter 18200]loss: 3.2176, tokens/sec: 30730.49 ± 3139.19, tokens seen: 1192755200, grad norm: 1.4171
[iter 18210]loss: 3.1042, tokens/sec: 30731.14 ± 3138.45, tokens seen: 1193410560, grad norm: 1.0305
[iter 18220]loss: 3.0086, tokens/sec: 30731.79 ± 3137.71, tokens seen: 1194065920, grad norm: 1.0160
[iter 18230]loss: 3.2933, tokens/sec: 30732.45 ± 3136.98, tokens seen: 1194721280, grad norm: 1.0905
[iter 18240]loss: 3.3637, tokens/sec: 30733.10 ± 3136.24, tokens seen: 1195376640, grad norm: 0.9766
[iter 18250]loss: 3.2818, tokens/sec: 30733.75 ± 3135.51, tokens seen: 1196032000, grad norm: 1.2264
[iter 18260]loss: 3.1573, tokens/sec: 30734.40 ± 3134.77, tokens seen: 1196687360, grad norm: 1.1678
[iter 18270]loss: 3.3636, tokens/sec: 30735.05 ± 3134.03, tokens seen: 1197342720, grad norm: 1.1767
[iter 18280]loss: 2.8695, tokens/sec: 30735.69 ± 3133.30, tokens seen: 1197998080, grad norm: 2.5930
[iter 18290]loss: 3.2339, tokens/sec: 30736.33 ± 3132.56, tokens seen: 1198653440, grad norm: 15.6506
[iter 18300]loss: 3.3798, tokens/sec: 30736.97 ± 3131.82, tokens seen: 1199308800, grad norm: 10.2663
[iter 18310]loss: 3.5710, tokens/sec: 30737.61 ± 3131.09, tokens seen: 1199964160, grad norm: 52.4105
[iter 18320]loss: 4.4776, tokens/sec: 30738.26 ± 3130.36, tokens seen: 1200619520, grad norm: 21.7883
[iter 18330]loss: 4.3519, tokens/sec: 30738.91 ± 3129.63, tokens seen: 1201274880, grad norm: 142.4098
[iter 18340]loss: 4.3477, tokens/sec: 30739.55 ± 3128.89, tokens seen: 1201930240, grad norm: 146.5909
[iter 18350]loss: 4.2016, tokens/sec: 30740.19 ± 3128.16, tokens seen: 1202585600, grad norm: 777.8474
[iter 18360]loss: 4.5948, tokens/sec: 30740.83 ± 3127.43, tokens seen: 1203240960, grad norm: 213.2361
[iter 18370]loss: 4.3538, tokens/sec: 30741.47 ± 3126.70, tokens seen: 1203896320, grad norm: 235.3717
[iter 18380]loss: 4.6393, tokens/sec: 30742.11 ± 3125.97, tokens seen: 1204551680, grad norm: 489.7242
[iter 18390]loss: 5.0655, tokens/sec: 30742.75 ± 3125.24, tokens seen: 1205207040, grad norm: 428.8368
[iter 18400]loss: 5.2883, tokens/sec: 30743.38 ± 3124.51, tokens seen: 1205862400, grad norm: 83.7990
[iter 18410]loss: 5.1389, tokens/sec: 30744.01 ± 3123.78, tokens seen: 1206517760, grad norm: 114.4351
[iter 18420]loss: 4.4457, tokens/sec: 30744.64 ± 3123.04, tokens seen: 1207173120, grad norm: 192.4591
[iter 18430]loss: 4.1310, tokens/sec: 30745.27 ± 3122.31, tokens seen: 1207828480, grad norm: 323.6389
[iter 18440]loss: 3.8095, tokens/sec: 30745.91 ± 3121.59, tokens seen: 1208483840, grad norm: 149.9660
[iter 18450]loss: 3.7531, tokens/sec: 30746.55 ± 3120.86, tokens seen: 1209139200, grad norm: 171.9770
[iter 18460]loss: 3.6645, tokens/sec: 30746.69 ± 3120.66, tokens seen: 1209794560, grad norm: 202.0076
[iter 18470]loss: 4.0039, tokens/sec: 30747.31 ± 3119.93, tokens seen: 1210449920, grad norm: 218.5950
[iter 18480]loss: 3.4542, tokens/sec: 30747.95 ± 3119.21, tokens seen: 1211105280, grad norm: 224.1626
[iter 18490]loss: 4.4493, tokens/sec: 30748.57 ± 3118.48, tokens seen: 1211760640, grad norm: 135.7228
[step 18500]train loss: 4.6135, val loss: 4.5880, (avg train loss: 1.0782 ± 0.1195), (avg grad norm: 181.3814 ± 144.8790)
[iter 18500]loss: 4.7477, tokens/sec: 30749.20 ± 3117.75, tokens seen: 1212416000, grad norm: 132.0969
[iter 18510]loss: 4.0645, tokens/sec: 30749.82 ± 3117.03, tokens seen: 1213071360, grad norm: 151.7627
[iter 18520]loss: 3.7130, tokens/sec: 30750.45 ± 3116.30, tokens seen: 1213726720, grad norm: 136.0081
[iter 18530]loss: 3.2344, tokens/sec: 30751.07 ± 3115.58, tokens seen: 1214382080, grad norm: 147.4696
[iter 18540]loss: 3.2194, tokens/sec: 30751.70 ± 3114.85, tokens seen: 1215037440, grad norm: 78.3818
[iter 18550]loss: 3.3948, tokens/sec: 30752.32 ± 3114.13, tokens seen: 1215692800, grad norm: 49.8633
[iter 18560]loss: 3.5999, tokens/sec: 30752.95 ± 3113.41, tokens seen: 1216348160, grad norm: 43.6557
[iter 18570]loss: 3.3983, tokens/sec: 30753.58 ± 3112.69, tokens seen: 1217003520, grad norm: 72.5613
[iter 18580]loss: 3.2271, tokens/sec: 30753.80 ± 3112.28, tokens seen: 1217658880, grad norm: 77.8637
[iter 18590]loss: 3.5738, tokens/sec: 30754.43 ± 3111.56, tokens seen: 1218314240, grad norm: 111.6193
[iter 18600]loss: 3.5526, tokens/sec: 30755.06 ± 3110.84, tokens seen: 1218969600, grad norm: 55.4087
[iter 18610]loss: 3.2329, tokens/sec: 30755.67 ± 3110.12, tokens seen: 1219624960, grad norm: 37.4029
[iter 18620]loss: 3.4122, tokens/sec: 30756.30 ± 3109.40, tokens seen: 1220280320, grad norm: 35.2412
[iter 18630]loss: 3.3109, tokens/sec: 30756.92 ± 3108.68, tokens seen: 1220935680, grad norm: 22.8764
[iter 18640]loss: 3.1639, tokens/sec: 30757.54 ± 3107.97, tokens seen: 1221591040, grad norm: 6.4365
[iter 18650]loss: 3.2480, tokens/sec: 30758.16 ± 3107.25, tokens seen: 1222246400, grad norm: 5.5367
[iter 18660]loss: 3.4102, tokens/sec: 30758.78 ± 3106.53, tokens seen: 1222901760, grad norm: 17.9548
[iter 18670]loss: 3.2891, tokens/sec: 30759.39 ± 3105.81, tokens seen: 1223557120, grad norm: 6.3698
[iter 18680]loss: 3.0232, tokens/sec: 30760.02 ± 3105.10, tokens seen: 1224212480, grad norm: 7.6641
[iter 18690]loss: 3.1343, tokens/sec: 30760.63 ± 3104.38, tokens seen: 1224867840, grad norm: 9.4269
[iter 18700]loss: 3.1906, tokens/sec: 30761.25 ± 3103.66, tokens seen: 1225523200, grad norm: 15.1544
[iter 18710]loss: 3.2075, tokens/sec: 30761.86 ± 3102.95, tokens seen: 1226178560, grad norm: 10.4914
[iter 18720]loss: 3.3257, tokens/sec: 30762.47 ± 3102.23, tokens seen: 1226833920, grad norm: 10.3012
[iter 18730]loss: 3.1718, tokens/sec: 30763.09 ± 3101.52, tokens seen: 1227489280, grad norm: 17.9810
[iter 18740]loss: 3.2111, tokens/sec: 30763.70 ± 3100.80, tokens seen: 1228144640, grad norm: 19.2244
[iter 18750]loss: 3.2754, tokens/sec: 30764.31 ± 3100.09, tokens seen: 1228800000, grad norm: 5.4622
[iter 18760]loss: 3.0624, tokens/sec: 30764.92 ± 3099.38, tokens seen: 1229455360, grad norm: 4.9240
[iter 18770]loss: 3.1233, tokens/sec: 30765.53 ± 3098.66, tokens seen: 1230110720, grad norm: 12.8463
[iter 18780]loss: 3.3668, tokens/sec: 30766.15 ± 3097.95, tokens seen: 1230766080, grad norm: 13.3201
[iter 18790]loss: 3.0873, tokens/sec: 30766.76 ± 3097.24, tokens seen: 1231421440, grad norm: 11.0543
[iter 18800]loss: 3.1239, tokens/sec: 30767.37 ± 3096.53, tokens seen: 1232076800, grad norm: 6.6167
[iter 18810]loss: 3.1827, tokens/sec: 30767.98 ± 3095.82, tokens seen: 1232732160, grad norm: 2.5761
[iter 18820]loss: 3.1748, tokens/sec: 30768.59 ± 3095.11, tokens seen: 1233387520, grad norm: 3.1333
[iter 18830]loss: 2.6991, tokens/sec: 30769.20 ± 3094.40, tokens seen: 1234042880, grad norm: 3.0645
[iter 18840]loss: 3.1611, tokens/sec: 30769.81 ± 3093.70, tokens seen: 1234698240, grad norm: 7.1576
[iter 18850]loss: 3.2546, tokens/sec: 30770.41 ± 3092.99, tokens seen: 1235353600, grad norm: 10.2685
[iter 18860]loss: 3.1580, tokens/sec: 30771.02 ± 3092.28, tokens seen: 1236008960, grad norm: 10.3573
[iter 18870]loss: 3.1044, tokens/sec: 30771.62 ± 3091.57, tokens seen: 1236664320, grad norm: 11.4517
[iter 18880]loss: 3.1858, tokens/sec: 30772.23 ± 3090.86, tokens seen: 1237319680, grad norm: 5.5866
[iter 18890]loss: 3.1494, tokens/sec: 30772.83 ± 3090.16, tokens seen: 1237975040, grad norm: 3.2124
[iter 18900]loss: 3.3652, tokens/sec: 30773.44 ± 3089.45, tokens seen: 1238630400, grad norm: 3.0677
[iter 18910]loss: 3.1130, tokens/sec: 30774.05 ± 3088.75, tokens seen: 1239285760, grad norm: 2.5374
[iter 18920]loss: 3.1538, tokens/sec: 30774.65 ± 3088.04, tokens seen: 1239941120, grad norm: 6.2153
[iter 18930]loss: 3.1422, tokens/sec: 30775.25 ± 3087.33, tokens seen: 1240596480, grad norm: 3.8089
[iter 18940]loss: 3.0445, tokens/sec: 30775.85 ± 3086.63, tokens seen: 1241251840, grad norm: 19.6547
[iter 18950]loss: 3.1332, tokens/sec: 30776.45 ± 3085.93, tokens seen: 1241907200, grad norm: 10.9226
[iter 18960]loss: 3.0597, tokens/sec: 30777.04 ± 3085.22, tokens seen: 1242562560, grad norm: 6.9685
[iter 18970]loss: 3.2758, tokens/sec: 30777.64 ± 3084.52, tokens seen: 1243217920, grad norm: 4.3237
[iter 18980]loss: 3.0823, tokens/sec: 30778.24 ± 3083.82, tokens seen: 1243873280, grad norm: 1.6319
[iter 18990]loss: 3.1930, tokens/sec: 30778.84 ± 3083.11, tokens seen: 1244528640, grad norm: 5.9063
[step 19000]train loss: 3.1956, val loss: 3.1941, (avg train loss: 0.8001 ± 0.0415), (avg grad norm: 7.6162 ± 7.4560)
[iter 19000]loss: 3.0341, tokens/sec: 30779.43 ± 3082.41, tokens seen: 1245184000, grad norm: 2.4899
[iter 19010]loss: 3.2290, tokens/sec: 30780.03 ± 3081.71, tokens seen: 1245839360, grad norm: 2.2026
[iter 19020]loss: 3.4079, tokens/sec: 30780.62 ± 3081.01, tokens seen: 1246494720, grad norm: 7.7352
[iter 19030]loss: 3.3122, tokens/sec: 30781.22 ± 3080.31, tokens seen: 1247150080, grad norm: 21.2502
[iter 19040]loss: 3.4420, tokens/sec: 30781.82 ± 3079.61, tokens seen: 1247805440, grad norm: 53.6438
[iter 19050]loss: 3.3190, tokens/sec: 30782.41 ± 3078.91, tokens seen: 1248460800, grad norm: 401.2627
[iter 19060]loss: 3.6069, tokens/sec: 30783.01 ± 3078.22, tokens seen: 1249116160, grad norm: 69.8631
[iter 19070]loss: 3.0597, tokens/sec: 30783.61 ± 3077.52, tokens seen: 1249771520, grad norm: 10.6917
[iter 19080]loss: 3.1304, tokens/sec: 30784.20 ± 3076.82, tokens seen: 1250426880, grad norm: 8.7444
[iter 19090]loss: 3.0549, tokens/sec: 30784.79 ± 3076.12, tokens seen: 1251082240, grad norm: 2.1469
[iter 19100]loss: 3.3486, tokens/sec: 30784.90 ± 3075.93, tokens seen: 1251737600, grad norm: 2.8634
[iter 19110]loss: 3.1343, tokens/sec: 30785.49 ± 3075.23, tokens seen: 1252392960, grad norm: 2.3758
[iter 19120]loss: 3.3969, tokens/sec: 30786.07 ± 3074.53, tokens seen: 1253048320, grad norm: 4.9712
[iter 19130]loss: 3.1087, tokens/sec: 30786.28 ± 3074.15, tokens seen: 1253703680, grad norm: 3.9715
[iter 19140]loss: 3.1416, tokens/sec: 30786.86 ± 3073.45, tokens seen: 1254359040, grad norm: 2.7939
[iter 19150]loss: 3.2159, tokens/sec: 30787.45 ± 3072.75, tokens seen: 1255014400, grad norm: 11.9459
[iter 19160]loss: 3.2901, tokens/sec: 30788.04 ± 3072.06, tokens seen: 1255669760, grad norm: 5.4239
[iter 19170]loss: 3.2893, tokens/sec: 30788.63 ± 3071.37, tokens seen: 1256325120, grad norm: 22.5059
[iter 19180]loss: 3.3965, tokens/sec: 30789.21 ± 3070.67, tokens seen: 1256980480, grad norm: 40.2451
[iter 19190]loss: 3.3755, tokens/sec: 30789.79 ± 3069.98, tokens seen: 1257635840, grad norm: 87.6712
[iter 19200]loss: 3.2175, tokens/sec: 30790.37 ± 3069.28, tokens seen: 1258291200, grad norm: 23.5383
[iter 19210]loss: 3.1654, tokens/sec: 30790.95 ± 3068.59, tokens seen: 1258946560, grad norm: 46.9119
[iter 19220]loss: 3.1352, tokens/sec: 30791.53 ± 3067.89, tokens seen: 1259601920, grad norm: 8.9734
[iter 19230]loss: 3.2314, tokens/sec: 30792.10 ± 3067.20, tokens seen: 1260257280, grad norm: 8.0822
[iter 19240]loss: 3.0184, tokens/sec: 30792.68 ± 3066.51, tokens seen: 1260912640, grad norm: 3.5013
[iter 19250]loss: 3.0626, tokens/sec: 30793.26 ± 3065.82, tokens seen: 1261568000, grad norm: 5.0876
[iter 19260]loss: 3.2682, tokens/sec: 30793.84 ± 3065.12, tokens seen: 1262223360, grad norm: 2.4676
[iter 19270]loss: 3.3550, tokens/sec: 30794.41 ± 3064.43, tokens seen: 1262878720, grad norm: 1.5148
[iter 19280]loss: 3.1116, tokens/sec: 30795.00 ± 3063.75, tokens seen: 1263534080, grad norm: 2.3194
[iter 19290]loss: 3.2476, tokens/sec: 30795.57 ± 3063.06, tokens seen: 1264189440, grad norm: 1.5870
[iter 19300]loss: 3.1263, tokens/sec: 30796.15 ± 3062.37, tokens seen: 1264844800, grad norm: 2.3085
[iter 19310]loss: 3.0802, tokens/sec: 30796.72 ± 3061.68, tokens seen: 1265500160, grad norm: 4.7214
[iter 19320]loss: 3.2650, tokens/sec: 30797.30 ± 3060.99, tokens seen: 1266155520, grad norm: 4.2736
[iter 19330]loss: 3.1998, tokens/sec: 30797.87 ± 3060.30, tokens seen: 1266810880, grad norm: 2.6458
[iter 19340]loss: 3.2064, tokens/sec: 30798.44 ± 3059.61, tokens seen: 1267466240, grad norm: 2.4480
[iter 19350]loss: 3.3273, tokens/sec: 30799.01 ± 3058.93, tokens seen: 1268121600, grad norm: 2.1933
[iter 19360]loss: 3.2376, tokens/sec: 30799.59 ± 3058.24, tokens seen: 1268776960, grad norm: 2.5387
[iter 19370]loss: 3.0302, tokens/sec: 30800.16 ± 3057.56, tokens seen: 1269432320, grad norm: 1.3929
[iter 19380]loss: 3.0940, tokens/sec: 30800.73 ± 3056.87, tokens seen: 1270087680, grad norm: 1.5336
[iter 19390]loss: 3.2174, tokens/sec: 30801.29 ± 3056.18, tokens seen: 1270743040, grad norm: 3.2697
[iter 19400]loss: 3.1665, tokens/sec: 30801.86 ± 3055.50, tokens seen: 1271398400, grad norm: 2.4992
[iter 19410]loss: 2.9287, tokens/sec: 30802.43 ± 3054.81, tokens seen: 1272053760, grad norm: 2.1179
[iter 19420]loss: 3.1064, tokens/sec: 30803.00 ± 3054.13, tokens seen: 1272709120, grad norm: 1.6172
[iter 19430]loss: 2.9668, tokens/sec: 30803.56 ± 3053.44, tokens seen: 1273364480, grad norm: 1.6931
[iter 19440]loss: 3.2013, tokens/sec: 30804.12 ± 3052.76, tokens seen: 1274019840, grad norm: 2.9039
[iter 19450]loss: 3.3046, tokens/sec: 30804.69 ± 3052.07, tokens seen: 1274675200, grad norm: 1.9177
[iter 19460]loss: 3.4668, tokens/sec: 30805.25 ± 3051.39, tokens seen: 1275330560, grad norm: 1.6224
[iter 19470]loss: 3.0652, tokens/sec: 30805.81 ± 3050.71, tokens seen: 1275985920, grad norm: 1.6470
[iter 19480]loss: 3.5718, tokens/sec: 30806.38 ± 3050.03, tokens seen: 1276641280, grad norm: 2.2874
[iter 19490]loss: 3.3472, tokens/sec: 30806.94 ± 3049.35, tokens seen: 1277296640, grad norm: 1.5402
[step 19500]train loss: 3.1624, val loss: 3.1815, (avg train loss: 0.7947 ± 0.0340), (avg grad norm: 2.3699 ± 1.1161)
saving checkpoint to ./out-owt-large-mhc-lora-residual-midnorm-bs8-20000step
[iter 19500]loss: 3.2757, tokens/sec: 30807.50 ± 3048.66, tokens seen: 1277952000, grad norm: 1.5662
[iter 19510]loss: 3.2510, tokens/sec: 30808.07 ± 3047.99, tokens seen: 1278607360, grad norm: 3.9724
[iter 19520]loss: 2.9535, tokens/sec: 30808.64 ± 3047.31, tokens seen: 1279262720, grad norm: 1.6266
[iter 19530]loss: 2.8742, tokens/sec: 30809.19 ± 3046.63, tokens seen: 1279918080, grad norm: 1.6172
[iter 19540]loss: 3.1294, tokens/sec: 30809.75 ± 3045.95, tokens seen: 1280573440, grad norm: 1.4093
[iter 19550]loss: 3.0937, tokens/sec: 30810.31 ± 3045.27, tokens seen: 1281228800, grad norm: 1.4995
[iter 19560]loss: 3.1231, tokens/sec: 30810.86 ± 3044.59, tokens seen: 1281884160, grad norm: 1.4848
[iter 19570]loss: 3.1744, tokens/sec: 30811.42 ± 3043.91, tokens seen: 1282539520, grad norm: 2.4613
[iter 19580]loss: 3.0478, tokens/sec: 30811.97 ± 3043.23, tokens seen: 1283194880, grad norm: 2.2701
[iter 19590]loss: 3.5101, tokens/sec: 30812.52 ± 3042.55, tokens seen: 1283850240, grad norm: 1.3665
[iter 19600]loss: 3.1649, tokens/sec: 30813.07 ± 3041.87, tokens seen: 1284505600, grad norm: 1.3990
[iter 19610]loss: 3.1799, tokens/sec: 30813.62 ± 3041.20, tokens seen: 1285160960, grad norm: 1.2614
[iter 19620]loss: 3.2567, tokens/sec: 30814.17 ± 3040.52, tokens seen: 1285816320, grad norm: 1.4319
[iter 19630]loss: 2.7433, tokens/sec: 30814.73 ± 3039.84, tokens seen: 1286471680, grad norm: 2.1075
[iter 19640]loss: 3.2897, tokens/sec: 30815.29 ± 3039.17, tokens seen: 1287127040, grad norm: 1.6108
[iter 19650]loss: 3.0439, tokens/sec: 30815.84 ± 3038.50, tokens seen: 1287782400, grad norm: 1.9066
[iter 19660]loss: 3.0536, tokens/sec: 30816.39 ± 3037.82, tokens seen: 1288437760, grad norm: 2.6564
[iter 19670]loss: 3.1490, tokens/sec: 30816.39 ± 3037.90, tokens seen: 1289093120, grad norm: 2.2555
[iter 19680]loss: 3.3333, tokens/sec: 30816.93 ± 3037.22, tokens seen: 1289748480, grad norm: 2.0109
[iter 19690]loss: 3.3422, tokens/sec: 30817.49 ± 3036.55, tokens seen: 1290403840, grad norm: 1.3262
[iter 19700]loss: 3.0458, tokens/sec: 30818.04 ± 3035.88, tokens seen: 1291059200, grad norm: 1.7255
[iter 19710]loss: 3.0182, tokens/sec: 30818.58 ± 3035.21, tokens seen: 1291714560, grad norm: 3.5854
[iter 19720]loss: 3.0637, tokens/sec: 30819.13 ± 3034.53, tokens seen: 1292369920, grad norm: 1.2571
[iter 19730]loss: 3.2021, tokens/sec: 30819.68 ± 3033.86, tokens seen: 1293025280, grad norm: 1.3529
[iter 19740]loss: 2.9488, tokens/sec: 30819.78 ± 3033.68, tokens seen: 1293680640, grad norm: 2.3395
[iter 19750]loss: 3.3198, tokens/sec: 30820.33 ± 3033.01, tokens seen: 1294336000, grad norm: 1.7268
[iter 19760]loss: 3.1115, tokens/sec: 30820.86 ± 3032.34, tokens seen: 1294991360, grad norm: 1.5594
[iter 19770]loss: 3.0878, tokens/sec: 30821.41 ± 3031.67, tokens seen: 1295646720, grad norm: 2.0627
[iter 19780]loss: 3.3834, tokens/sec: 30821.96 ± 3031.00, tokens seen: 1296302080, grad norm: 1.9546
[iter 19790]loss: 3.0464, tokens/sec: 30822.50 ± 3030.33, tokens seen: 1296957440, grad norm: 1.4555
[iter 19800]loss: 3.2164, tokens/sec: 30823.04 ± 3029.66, tokens seen: 1297612800, grad norm: 1.6540
[iter 19810]loss: 3.0285, tokens/sec: 30823.59 ± 3028.99, tokens seen: 1298268160, grad norm: 1.7548
[iter 19820]loss: 3.1465, tokens/sec: 30824.13 ± 3028.33, tokens seen: 1298923520, grad norm: 1.2000
[iter 19830]loss: 3.1221, tokens/sec: 30824.67 ± 3027.66, tokens seen: 1299578880, grad norm: 1.5065
[iter 19840]loss: 2.9260, tokens/sec: 30825.21 ± 3026.99, tokens seen: 1300234240, grad norm: 1.3300
[iter 19850]loss: 3.2795, tokens/sec: 30825.75 ± 3026.32, tokens seen: 1300889600, grad norm: 1.5597
[iter 19860]loss: 2.8547, tokens/sec: 30826.29 ± 3025.66, tokens seen: 1301544960, grad norm: 1.5068
[iter 19870]loss: 3.3486, tokens/sec: 30826.83 ± 3024.99, tokens seen: 1302200320, grad norm: 1.3627
[iter 19880]loss: 3.2173, tokens/sec: 30827.37 ± 3024.33, tokens seen: 1302855680, grad norm: 2.0255
[iter 19890]loss: 3.1458, tokens/sec: 30827.91 ± 3023.66, tokens seen: 1303511040, grad norm: 2.6358
[iter 19900]loss: 3.2242, tokens/sec: 30828.44 ± 3022.99, tokens seen: 1304166400, grad norm: 2.3653
[iter 19910]loss: 3.1274, tokens/sec: 30828.98 ± 3022.33, tokens seen: 1304821760, grad norm: 2.3672
[iter 19920]loss: 3.0815, tokens/sec: 30829.51 ± 3021.67, tokens seen: 1305477120, grad norm: 2.0737
[iter 19930]loss: 3.2570, tokens/sec: 30830.05 ± 3021.00, tokens seen: 1306132480, grad norm: 1.4138
[iter 19940]loss: 3.1261, tokens/sec: 30830.58 ± 3020.34, tokens seen: 1306787840, grad norm: 1.5729
[iter 19950]loss: 3.1806, tokens/sec: 30831.11 ± 3019.67, tokens seen: 1307443200, grad norm: 1.7402
[iter 19960]loss: 2.9235, tokens/sec: 30831.59 ± 3019.00, tokens seen: 1308098560, grad norm: 1.6313
[iter 19970]loss: 2.9807, tokens/sec: 30832.08 ± 3018.32, tokens seen: 1308753920, grad norm: 1.1544
[iter 19980]loss: 3.2093, tokens/sec: 30832.61 ± 3017.66, tokens seen: 1309409280, grad norm: 2.0613
[iter 19990]loss: 3.5925, tokens/sec: 30833.12 ± 3016.99, tokens seen: 1310064640, grad norm: 1.6797
[step 20000]train loss: 3.1645, val loss: 3.1798, (avg train loss: 0.7919 ± 0.0338), (avg grad norm: 1.8801 ± 0.5965)
saving checkpoint to ./out-owt-large-mhc-lora-residual-midnorm-bs8-20000step
[iter 20000]loss: 2.8682, tokens/sec: 30833.65 ± 3016.33, tokens seen: 1310720000, grad norm: 1.6859
[1;34mwandb[0m: 
[1;34mwandb[0m: 🚀 View run [33mexp-2519[0m at: [34mhttps://wandb.ai/guotzzz-peking-university/mhc-lite/runs/cqripb7g[0m
[1;34mwandb[0m: Find logs at: [1;35mwandb/run-20260720_220019-cqripb7g/logs[0m
