W0722 20:41:08.944000 3542697 torch/distributed/run.py:766] 
W0722 20:41:08.944000 3542697 torch/distributed/run.py:766] *****************************************
W0722 20:41:08.944000 3542697 torch/distributed/run.py:766] Setting OMP_NUM_THREADS environment variable for each process to be 1 in default, to avoid your system being overloaded, please further tune the variable for optimal performance in your application as needed. 
W0722 20:41:08.944000 3542697 torch/distributed/run.py:766] *****************************************
Overriding config with config/train_owt.py:
eval_interval = 500
eval_iters = 200
log_interval = 10
always_save_checkpoint = False

wandb_log = True
wandb_project = 'mhc-lite'
out_prefix_dataset = "owt"

dataset = 'openwebtext'
gradient_accumulation_steps = 8  
batch_size = 16
block_size = 1024

dtype = 'bfloat16'

Overriding config with config/small_model.py:
wandb_group = "small"
out_prefix_model = "small"

n_layer = 6
n_head = 8
n_embd = 512
dropout = 0.0

learning_rate = 1e-3
min_lr = 1e-4
max_iters = 10000
lr_decay_iters = 10000
warmup_iters = 200
weight_decay = 0.1
beta1 = 0.9
beta2 = 0.95
grad_clip = 1.0

Overriding config with config/with_mhc_group_lora_midnorm.py:
hyper_conn_type = "mhc_group_lora_midnorm"
hyper_conn_n = 4

wandb_notes = "mhc-group-lora-midnorm (RMSNorm on LoRA rank dim, between A and B)"
out_prefix_method = "mhc-group-lora-midnorm"

Overriding: batch_size = 24
Overriding: max_iters = 10000
Overriding: lr_decay_iters = 10000
Overriding: compile = True
Overriding: out_prefix_method = mhc-group-lora-midnorm-inbeta
Overriding: wandb_run_name = S-group_lora_midnorm-inbeta-owt-bs24-10kstep
Overriding config with config/train_owt.py:
eval_interval = 500
eval_iters = 200
log_interval = 10
always_save_checkpoint = False

wandb_log = True
wandb_project = 'mhc-lite'
out_prefix_dataset = "owt"

dataset = 'openwebtext'
gradient_accumulation_steps = 8  
batch_size = 16
block_size = 1024

dtype = 'bfloat16'

Overriding config with config/small_model.py:
wandb_group = "small"
out_prefix_model = "small"

n_layer = 6
n_head = 8
n_embd = 512
dropout = 0.0

learning_rate = 1e-3
min_lr = 1e-4
max_iters = 10000
lr_decay_iters = 10000
warmup_iters = 200
weight_decay = 0.1
beta1 = 0.9
beta2 = 0.95
grad_clip = 1.0

Overriding config with config/with_mhc_group_lora_midnorm.py:
hyper_conn_type = "mhc_group_lora_midnorm"
hyper_conn_n = 4

wandb_notes = "mhc-group-lora-midnorm (RMSNorm on LoRA rank dim, between A and B)"
out_prefix_method = "mhc-group-lora-midnorm"

Overriding: batch_size = 24
Overriding: max_iters = 10000
Overriding: lr_decay_iters = 10000
Overriding: compile = True
Overriding: out_prefix_method = mhc-group-lora-midnorm-inbeta
Overriding: wandb_run_name = S-group_lora_midnorm-inbeta-owt-bs24-10kstep
tokens per iteration will be: 196,608
Initializing a new model from scratch
defaulting to vocab_size of GPT-2 to 50304 (50257 rounded up for efficiency)
HYPER_CONN: USING mhc_group_lora_midnorm with 4 streams
wandb: [wandb.login()] Loaded credentials for https://api.wandb.ai from /root/.netrc.
number of parameters: 45.74M
num decayed parameter tensors: 98, with 46,039,472 parameters
num non-decayed parameter tensors: 85, with 227,924 parameters
using fused AdamW: True
compiling the model... (takes a ~minute)
wandb: Currently logged in as: guotzzz (guotzzz-peking-university) to https://api.wandb.ai. Use `wandb login --relogin` to force relogin
wandb: setting up run psrml8gc
wandb: Tracking run with wandb version 0.28.0
wandb: Run data is saved locally in /home/work/data/guotianzizhe/project/mhc-lite/wandb/run-20260722_204113-psrml8gc
wandb: Run `wandb offline` to turn off syncing.
wandb: Syncing run S-group_lora_midnorm-inbeta-owt-bs24-10kstep-9124
wandb: ⭐️ View project at https://wandb.ai/guotzzz-peking-university/mhc-lite
wandb: 🚀 View run at https://wandb.ai/guotzzz-peking-university/mhc-lite/runs/psrml8gc
tokens per iteration will be: 196,608
====================================================================================================
n_layer = 6
n_head = 8
n_embd = 512
block_size = 1024
bias = False
vocab_size = None
dropout = 0.0
hyper_conn_n = 4
hyper_conn_type = mhc_group_lora_midnorm
====================================================================================================
Initializing a new model from scratch
defaulting to vocab_size of GPT-2 to 50304 (50257 rounded up for efficiency)
HYPER_CONN: USING mhc_group_lora_midnorm with 4 streams
number of parameters: 45.74M
num decayed parameter tensors: 98, with 46,039,472 parameters
num non-decayed parameter tensors: 85, with 227,924 parameters
using fused AdamW: True
compiling the model... (takes a ~minute)
[step 0]train loss: 12.0346, val loss: 12.0314, (avg train loss: 0.0000 ± 0.0000), (avg grad norm: 0.0000 ± 0.0000)
[iter 0]loss: 12.0550, tokens/sec: 2020.00 ± 0.00, tokens seen: 0, grad norm: 25.2790
[iter 10]loss: 9.2286, tokens/sec: 176904.79 ± 55308.42, tokens seen: 1966080, grad norm: 6.6611
[iter 20]loss: 8.3350, tokens/sec: 185386.53 ± 41005.91, tokens seen: 3932160, grad norm: 5.8375
[iter 30]loss: 7.4260, tokens/sec: 188394.14 ± 34030.46, tokens seen: 5898240, grad norm: 2.1625
[iter 40]loss: 7.3026, tokens/sec: 189883.84 ± 29706.90, tokens seen: 7864320, grad norm: 3.1256
[iter 50]loss: 7.2799, tokens/sec: 190776.70 ± 26697.11, tokens seen: 9830400, grad norm: 3.3344
[iter 60]loss: 6.9314, tokens/sec: 191357.43 ± 24446.26, tokens seen: 11796480, grad norm: 3.0565
[iter 70]loss: 6.7580, tokens/sec: 191712.98 ± 22678.26, tokens seen: 13762560, grad norm: 3.3314
[iter 80]loss: 6.8037, tokens/sec: 192023.55 ± 21248.47, tokens seen: 15728640, grad norm: 2.7296
[iter 90]loss: 6.2832, tokens/sec: 192228.90 ± 20057.44, tokens seen: 17694720, grad norm: 2.0993
[iter 100]loss: 6.2278, tokens/sec: 192372.33 ± 19045.51, tokens seen: 19660800, grad norm: 3.5296
[iter 110]loss: 6.2928, tokens/sec: 192518.56 ± 18173.44, tokens seen: 21626880, grad norm: 1.6357
[iter 120]loss: 6.2535, tokens/sec: 192655.24 ± 17412.29, tokens seen: 23592960, grad norm: 2.6612
[iter 130]loss: 6.2534, tokens/sec: 192764.89 ± 16738.94, tokens seen: 25559040, grad norm: 1.4826
[iter 140]loss: 6.1931, tokens/sec: 192861.43 ± 16138.27, tokens seen: 27525120, grad norm: 1.4909
[iter 150]loss: 6.0162, tokens/sec: 192958.71 ± 15599.09, tokens seen: 29491200, grad norm: 1.5333
[iter 160]loss: 5.9883, tokens/sec: 193034.35 ± 15109.85, tokens seen: 31457280, grad norm: 1.6405
[iter 170]loss: 6.0665, tokens/sec: 193101.33 ± 14663.90, tokens seen: 33423360, grad norm: 1.3087
[iter 180]loss: 5.7964, tokens/sec: 193149.26 ± 14254.86, tokens seen: 35389440, grad norm: 1.2068
[iter 190]loss: 5.8751, tokens/sec: 193202.42 ± 13878.64, tokens seen: 37355520, grad norm: 1.3159
[iter 200]loss: 5.8512, tokens/sec: 193239.96 ± 13530.26, tokens seen: 39321600, grad norm: 1.6817
[iter 210]loss: 5.8200, tokens/sec: 193286.10 ± 13207.44, tokens seen: 41287680, grad norm: 1.0611
[iter 220]loss: 5.7601, tokens/sec: 193326.27 ± 12906.60, tokens seen: 43253760, grad norm: 1.3708
[iter 230]loss: 5.6309, tokens/sec: 193363.96 ± 12625.59, tokens seen: 45219840, grad norm: 0.9557
[iter 240]loss: 5.6160, tokens/sec: 193402.52 ± 12362.34, tokens seen: 47185920, grad norm: 0.7970
[iter 250]loss: 5.6418, tokens/sec: 193437.60 ± 12114.86, tokens seen: 49152000, grad norm: 1.0736
[iter 260]loss: 5.5959, tokens/sec: 193468.38 ± 11881.53, tokens seen: 51118080, grad norm: 0.8605
[iter 270]loss: 5.6471, tokens/sec: 193495.08 ± 11661.11, tokens seen: 53084160, grad norm: 1.3604
[iter 280]loss: 5.5418, tokens/sec: 193519.10 ± 11452.46, tokens seen: 55050240, grad norm: 1.0614
[iter 290]loss: 5.6372, tokens/sec: 193541.74 ± 11254.63, tokens seen: 57016320, grad norm: 0.8723
[iter 300]loss: 5.5324, tokens/sec: 193562.08 ± 11066.73, tokens seen: 58982400, grad norm: 0.8403
[iter 310]loss: 5.2777, tokens/sec: 193582.79 ± 10887.96, tokens seen: 60948480, grad norm: 0.8013
[iter 320]loss: 5.2719, tokens/sec: 193603.05 ± 10717.68, tokens seen: 62914560, grad norm: 0.8251
[iter 330]loss: 5.2529, tokens/sec: 193621.90 ± 10555.11, tokens seen: 64880640, grad norm: 0.9442
[iter 340]loss: 5.2351, tokens/sec: 193631.68 ± 10399.84, tokens seen: 66846720, grad norm: 0.7079
[iter 350]loss: 5.1019, tokens/sec: 193648.94 ± 10251.18, tokens seen: 68812800, grad norm: 0.9352
[iter 360]loss: 5.0724, tokens/sec: 193661.04 ± 10108.80, tokens seen: 70778880, grad norm: 0.6234
[iter 370]loss: 5.1736, tokens/sec: 193674.04 ± 9971.99, tokens seen: 72744960, grad norm: 0.6823
[iter 380]loss: 5.0533, tokens/sec: 193688.58 ± 9840.71, tokens seen: 74711040, grad norm: 0.8219
[iter 390]loss: 5.0763, tokens/sec: 193700.76 ± 9714.36, tokens seen: 76677120, grad norm: 0.5587
[iter 400]loss: 5.1085, tokens/sec: 193710.10 ± 9592.78, tokens seen: 78643200, grad norm: 0.7255
[iter 410]loss: 5.0375, tokens/sec: 193715.74 ± 9475.80, tokens seen: 80609280, grad norm: 0.5758
[iter 420]loss: 4.9596, tokens/sec: 193730.78 ± 9363.10, tokens seen: 82575360, grad norm: 0.6752
[iter 430]loss: 4.7744, tokens/sec: 193738.77 ± 9254.10, tokens seen: 84541440, grad norm: 0.6221
[iter 440]loss: 4.8580, tokens/sec: 193750.73 ± 9148.98, tokens seen: 86507520, grad norm: 0.8738
[iter 450]loss: 4.7523, tokens/sec: 193758.12 ± 9047.20, tokens seen: 88473600, grad norm: 0.5874
[iter 460]loss: 4.7790, tokens/sec: 193765.96 ± 8948.71, tokens seen: 90439680, grad norm: 0.6630
[iter 470]loss: 4.9384, tokens/sec: 193772.43 ± 8853.33, tokens seen: 92405760, grad norm: 0.8401
[iter 480]loss: 4.9405, tokens/sec: 193777.50 ± 8760.93, tokens seen: 94371840, grad norm: 0.5878
[iter 490]loss: 4.8104, tokens/sec: 193784.26 ± 8671.43, tokens seen: 96337920, grad norm: 0.5698
[step 500]train loss: 4.8197, val loss: 4.8135, (avg train loss: 1.2690 ± 0.0496), (avg grad norm: 0.7096 ± 0.1454)
saving checkpoint to ./out-owt-small-mhc-group-lora-midnorm-inbeta-bs24-10000step
[iter 500]loss: 4.7849, tokens/sec: 193790.31 ± 8584.61, tokens seen: 98304000, grad norm: 0.7328
[iter 510]loss: 4.8230, tokens/sec: 193799.16 ± 8500.48, tokens seen: 100270080, grad norm: 0.9792
[iter 520]loss: 4.8696, tokens/sec: 193806.15 ± 8418.72, tokens seen: 102236160, grad norm: 0.5630
[iter 530]loss: 4.7918, tokens/sec: 193814.63 ± 8339.37, tokens seen: 104202240, grad norm: 0.6233
[iter 540]loss: 4.7890, tokens/sec: 193819.29 ± 8262.13, tokens seen: 106168320, grad norm: 0.6193
[iter 550]loss: 4.6132, tokens/sec: 193825.41 ± 8186.96, tokens seen: 108134400, grad norm: 0.5432
[iter 560]loss: 4.6844, tokens/sec: 193832.77 ± 8113.87, tokens seen: 110100480, grad norm: 0.7166
[iter 570]loss: 4.5351, tokens/sec: 193841.28 ± 8042.78, tokens seen: 112066560, grad norm: 0.5789
[iter 580]loss: 4.7228, tokens/sec: 193846.66 ± 7973.44, tokens seen: 114032640, grad norm: 0.9271
[iter 590]loss: 4.5422, tokens/sec: 193851.51 ± 7905.82, tokens seen: 115998720, grad norm: 0.5288
[iter 600]loss: 4.6183, tokens/sec: 193858.76 ± 7840.01, tokens seen: 117964800, grad norm: 0.6311
[iter 610]loss: 4.4720, tokens/sec: 193862.54 ± 7775.77, tokens seen: 119930880, grad norm: 0.6857
[iter 620]loss: 4.4366, tokens/sec: 193865.99 ± 7713.02, tokens seen: 121896960, grad norm: 0.6935
[iter 630]loss: 4.6424, tokens/sec: 193870.54 ± 7651.77, tokens seen: 123863040, grad norm: 0.5156
[iter 640]loss: 4.5506, tokens/sec: 193874.99 ± 7591.96, tokens seen: 125829120, grad norm: 0.5336
[iter 650]loss: 4.4689, tokens/sec: 193874.40 ± 7533.71, tokens seen: 127795200, grad norm: 0.7807
[iter 660]loss: 4.4091, tokens/sec: 193879.93 ± 7476.69, tokens seen: 129761280, grad norm: 0.4577
[iter 670]loss: 4.4037, tokens/sec: 193884.56 ± 7420.88, tokens seen: 131727360, grad norm: 0.5550
[iter 680]loss: 4.4740, tokens/sec: 193888.98 ± 7366.31, tokens seen: 133693440, grad norm: 0.5100
[iter 690]loss: 4.3411, tokens/sec: 193892.02 ± 7312.88, tokens seen: 135659520, grad norm: 0.4783
[iter 700]loss: 4.3365, tokens/sec: 193894.35 ± 7260.61, tokens seen: 137625600, grad norm: 0.4910
[iter 710]loss: 4.4759, tokens/sec: 193896.62 ± 7209.53, tokens seen: 139591680, grad norm: 0.4762
[iter 720]loss: 4.2452, tokens/sec: 193900.52 ± 7159.45, tokens seen: 141557760, grad norm: 0.5057
[iter 730]loss: 4.4137, tokens/sec: 193904.12 ± 7110.43, tokens seen: 143523840, grad norm: 0.4955
[iter 740]loss: 4.3599, tokens/sec: 193908.30 ± 7062.39, tokens seen: 145489920, grad norm: 0.5168
[iter 750]loss: 4.1810, tokens/sec: 193913.37 ± 7015.40, tokens seen: 147456000, grad norm: 0.4902
[iter 760]loss: 4.1363, tokens/sec: 193916.31 ± 6969.30, tokens seen: 149422080, grad norm: 0.5508
[iter 770]loss: 4.3591, tokens/sec: 193919.52 ± 6924.03, tokens seen: 151388160, grad norm: 0.4998
[iter 780]loss: 4.2353, tokens/sec: 193921.98 ± 6879.63, tokens seen: 153354240, grad norm: 0.6170
[iter 790]loss: 4.3473, tokens/sec: 193925.15 ± 6836.10, tokens seen: 155320320, grad norm: 0.4732
[iter 800]loss: 4.3173, tokens/sec: 193927.40 ± 6793.37, tokens seen: 157286400, grad norm: 0.5099
[iter 810]loss: 4.2354, tokens/sec: 193930.17 ± 6751.43, tokens seen: 159252480, grad norm: 0.5346
[iter 820]loss: 4.3457, tokens/sec: 193932.87 ± 6710.30, tokens seen: 161218560, grad norm: 0.5887
[iter 830]loss: 4.1974, tokens/sec: 193934.68 ± 6669.86, tokens seen: 163184640, grad norm: 0.5014
[iter 840]loss: 4.3264, tokens/sec: 193937.38 ± 6630.21, tokens seen: 165150720, grad norm: 0.6707
[iter 850]loss: 4.3514, tokens/sec: 193941.27 ± 6591.28, tokens seen: 167116800, grad norm: 0.5565
[iter 860]loss: 4.0677, tokens/sec: 193943.57 ± 6553.00, tokens seen: 169082880, grad norm: 0.4219
[iter 870]loss: 4.0884, tokens/sec: 193945.99 ± 6515.35, tokens seen: 171048960, grad norm: 0.5412
[iter 880]loss: 4.1818, tokens/sec: 193949.63 ± 6478.37, tokens seen: 173015040, grad norm: 0.4719
[iter 890]loss: 4.0342, tokens/sec: 193952.76 ± 6442.01, tokens seen: 174981120, grad norm: 0.4841
[iter 900]loss: 4.3474, tokens/sec: 193954.71 ± 6406.22, tokens seen: 176947200, grad norm: 0.4592
[iter 910]loss: 4.0877, tokens/sec: 193942.51 ± 6373.76, tokens seen: 178913280, grad norm: 0.4810
[iter 920]loss: 4.1648, tokens/sec: 193945.49 ± 6339.13, tokens seen: 180879360, grad norm: 0.5065
[iter 930]loss: 4.2620, tokens/sec: 193948.94 ± 6305.11, tokens seen: 182845440, grad norm: 0.4075
[iter 940]loss: 4.1283, tokens/sec: 193951.64 ± 6271.60, tokens seen: 184811520, grad norm: 0.5859
[iter 950]loss: 4.1553, tokens/sec: 193953.55 ± 6238.58, tokens seen: 186777600, grad norm: 0.4722
[iter 960]loss: 4.2636, tokens/sec: 193955.57 ± 6206.08, tokens seen: 188743680, grad norm: 0.3815
[iter 970]loss: 4.0436, tokens/sec: 193958.14 ± 6174.12, tokens seen: 190709760, grad norm: 0.4860
[iter 980]loss: 4.2068, tokens/sec: 193959.70 ± 6142.62, tokens seen: 192675840, grad norm: 0.4692
[iter 990]loss: 4.0969, tokens/sec: 193962.47 ± 6111.63, tokens seen: 194641920, grad norm: 0.4419
[step 1000]train loss: 4.1344, val loss: 4.1298, (avg train loss: 1.0516 ± 0.0208), (avg grad norm: 0.4909 ± 0.0594)
saving checkpoint to ./out-owt-small-mhc-group-lora-midnorm-inbeta-bs24-10000step
[iter 1000]loss: 4.1388, tokens/sec: 193964.54 ± 6081.08, tokens seen: 196608000, grad norm: 0.5222
[iter 1010]loss: 4.0950, tokens/sec: 193965.28 ± 6051.37, tokens seen: 198574080, grad norm: 0.4284
[iter 1020]loss: 4.1049, tokens/sec: 193967.79 ± 6021.73, tokens seen: 200540160, grad norm: 0.5024
[iter 1030]loss: 4.1319, tokens/sec: 193970.00 ± 5992.51, tokens seen: 202506240, grad norm: 0.4501
[iter 1040]loss: 4.0593, tokens/sec: 193971.67 ± 5963.69, tokens seen: 204472320, grad norm: 0.4521
[iter 1050]loss: 4.2216, tokens/sec: 193974.14 ± 5935.33, tokens seen: 206438400, grad norm: 0.4770
[iter 1060]loss: 4.2898, tokens/sec: 193976.72 ± 5907.38, tokens seen: 208404480, grad norm: 0.4233
[iter 1070]loss: 4.0304, tokens/sec: 193979.18 ± 5879.81, tokens seen: 210370560, grad norm: 0.5800
[iter 1080]loss: 4.0626, tokens/sec: 193979.03 ± 5852.64, tokens seen: 212336640, grad norm: 0.4380
[iter 1090]loss: 4.0863, tokens/sec: 193980.03 ± 5825.79, tokens seen: 214302720, grad norm: 0.4359
[iter 1100]loss: 4.1536, tokens/sec: 193982.66 ± 5799.36, tokens seen: 216268800, grad norm: 0.4710
[iter 1110]loss: 4.0090, tokens/sec: 193984.72 ± 5773.26, tokens seen: 218234880, grad norm: 0.4000
[iter 1120]loss: 3.9541, tokens/sec: 193986.18 ± 5747.50, tokens seen: 220200960, grad norm: 0.4595
[iter 1130]loss: 4.0720, tokens/sec: 193988.23 ± 5722.09, tokens seen: 222167040, grad norm: 0.3995
[iter 1140]loss: 4.0625, tokens/sec: 193988.12 ± 5697.14, tokens seen: 224133120, grad norm: 0.3985
[iter 1150]loss: 4.0687, tokens/sec: 193988.57 ± 5672.40, tokens seen: 226099200, grad norm: 0.4509
[iter 1160]loss: 4.0701, tokens/sec: 193989.71 ± 5647.96, tokens seen: 228065280, grad norm: 0.4000
[iter 1170]loss: 4.0586, tokens/sec: 193990.89 ± 5623.84, tokens seen: 230031360, grad norm: 0.4102
[iter 1180]loss: 4.0528, tokens/sec: 193991.39 ± 5600.03, tokens seen: 231997440, grad norm: 0.4156
[iter 1190]loss: 4.0161, tokens/sec: 193992.44 ± 5576.49, tokens seen: 233963520, grad norm: 0.4616
[iter 1200]loss: 3.9611, tokens/sec: 193988.17 ± 5553.58, tokens seen: 235929600, grad norm: 0.5165
[iter 1210]loss: 4.2419, tokens/sec: 193990.32 ± 5530.66, tokens seen: 237895680, grad norm: 0.3988
[iter 1220]loss: 4.0009, tokens/sec: 193991.74 ± 5508.00, tokens seen: 239861760, grad norm: 0.3997
[iter 1230]loss: 4.1227, tokens/sec: 193994.38 ± 5485.67, tokens seen: 241827840, grad norm: 0.4537
[iter 1240]loss: 3.9584, tokens/sec: 193996.45 ± 5463.58, tokens seen: 243793920, grad norm: 0.5345
[iter 1250]loss: 4.0870, tokens/sec: 193997.72 ± 5441.76, tokens seen: 245760000, grad norm: 0.4128
[iter 1260]loss: 4.0835, tokens/sec: 193999.61 ± 5420.21, tokens seen: 247726080, grad norm: 0.4779
[iter 1270]loss: 4.0641, tokens/sec: 194000.04 ± 5398.89, tokens seen: 249692160, grad norm: 0.4276
[iter 1280]loss: 4.0038, tokens/sec: 194000.04 ± 5377.92, tokens seen: 251658240, grad norm: 0.4299
[iter 1290]loss: 3.8866, tokens/sec: 194000.43 ± 5357.12, tokens seen: 253624320, grad norm: 0.4582
[iter 1300]loss: 3.9707, tokens/sec: 194000.21 ± 5336.72, tokens seen: 255590400, grad norm: 0.4207
[iter 1310]loss: 3.9657, tokens/sec: 193998.92 ± 5316.45, tokens seen: 257556480, grad norm: 0.5047
[iter 1320]loss: 3.8252, tokens/sec: 194000.12 ± 5296.33, tokens seen: 259522560, grad norm: 0.3607
[iter 1330]loss: 4.0063, tokens/sec: 193999.94 ± 5276.46, tokens seen: 261488640, grad norm: 0.3764
[iter 1340]loss: 3.9074, tokens/sec: 194000.27 ± 5256.88, tokens seen: 263454720, grad norm: 0.4142
[iter 1350]loss: 4.1348, tokens/sec: 194000.81 ± 5237.42, tokens seen: 265420800, grad norm: 0.4414
[iter 1360]loss: 3.7719, tokens/sec: 194001.97 ± 5218.18, tokens seen: 267386880, grad norm: 0.3887
[iter 1370]loss: 3.9868, tokens/sec: 194002.77 ± 5199.15, tokens seen: 269352960, grad norm: 0.4013
[iter 1380]loss: 3.8905, tokens/sec: 194003.97 ± 5180.33, tokens seen: 271319040, grad norm: 0.4079
[iter 1390]loss: 4.0026, tokens/sec: 194004.59 ± 5161.70, tokens seen: 273285120, grad norm: 0.4106
[iter 1400]loss: 3.9667, tokens/sec: 194004.61 ± 5143.28, tokens seen: 275251200, grad norm: 0.4552
[iter 1410]loss: 4.0748, tokens/sec: 194005.20 ± 5125.10, tokens seen: 277217280, grad norm: 0.3991
[iter 1420]loss: 3.9081, tokens/sec: 194006.26 ± 5107.07, tokens seen: 279183360, grad norm: 0.4539
[iter 1430]loss: 3.8409, tokens/sec: 194007.06 ± 5089.21, tokens seen: 281149440, grad norm: 0.4013
[iter 1440]loss: 4.0554, tokens/sec: 194007.11 ± 5071.54, tokens seen: 283115520, grad norm: 0.4397
[iter 1450]loss: 3.9552, tokens/sec: 194007.30 ± 5054.06, tokens seen: 285081600, grad norm: 0.4055
[iter 1460]loss: 4.1224, tokens/sec: 194008.24 ± 5036.79, tokens seen: 287047680, grad norm: 0.4337
[iter 1470]loss: 3.8966, tokens/sec: 194007.97 ± 5019.87, tokens seen: 289013760, grad norm: 0.4679
[iter 1480]loss: 4.0267, tokens/sec: 194009.17 ± 5002.93, tokens seen: 290979840, grad norm: 0.3552
[iter 1490]loss: 4.0251, tokens/sec: 194007.78 ± 4986.30, tokens seen: 292945920, grad norm: 0.4163
[step 1500]train loss: 3.9241, val loss: 3.9332, (avg train loss: 0.9894 ± 0.0205), (avg grad norm: 0.4187 ± 0.0362)
saving checkpoint to ./out-owt-small-mhc-group-lora-midnorm-inbeta-bs24-10000step
[iter 1500]loss: 3.8957, tokens/sec: 194008.83 ± 4969.72, tokens seen: 294912000, grad norm: 0.4326
[iter 1510]loss: 4.0004, tokens/sec: 194010.32 ± 4953.32, tokens seen: 296878080, grad norm: 0.4054
[iter 1520]loss: 3.8934, tokens/sec: 194011.66 ± 4937.05, tokens seen: 298844160, grad norm: 0.3781
[iter 1530]loss: 3.9459, tokens/sec: 194012.86 ± 4920.94, tokens seen: 300810240, grad norm: 0.4064
[iter 1540]loss: 3.9027, tokens/sec: 194014.07 ± 4904.99, tokens seen: 302776320, grad norm: 0.4205
[iter 1550]loss: 3.8541, tokens/sec: 194014.63 ± 4889.19, tokens seen: 304742400, grad norm: 0.3936
[iter 1560]loss: 3.9732, tokens/sec: 194015.88 ± 4873.54, tokens seen: 306708480, grad norm: 0.4021
[iter 1570]loss: 3.8222, tokens/sec: 194016.89 ± 4858.05, tokens seen: 308674560, grad norm: 0.4205
[iter 1580]loss: 3.8355, tokens/sec: 194018.14 ± 4842.71, tokens seen: 310640640, grad norm: 0.4334
[iter 1590]loss: 3.9423, tokens/sec: 194018.88 ± 4827.49, tokens seen: 312606720, grad norm: 0.3880
[iter 1600]loss: 3.8851, tokens/sec: 194019.70 ± 4812.43, tokens seen: 314572800, grad norm: 0.4164
[iter 1610]loss: 3.8434, tokens/sec: 194021.10 ± 4797.51, tokens seen: 316538880, grad norm: 0.3846
[iter 1620]loss: 3.9900, tokens/sec: 194021.30 ± 4782.76, tokens seen: 318504960, grad norm: 0.4282
[iter 1630]loss: 3.8957, tokens/sec: 194022.58 ± 4768.13, tokens seen: 320471040, grad norm: 0.3843
[iter 1640]loss: 3.8468, tokens/sec: 194024.13 ± 4753.63, tokens seen: 322437120, grad norm: 0.3782
[iter 1650]loss: 3.9420, tokens/sec: 194025.55 ± 4739.26, tokens seen: 324403200, grad norm: 0.3556
[iter 1660]loss: 4.0894, tokens/sec: 194026.83 ± 4725.01, tokens seen: 326369280, grad norm: 0.4147
[iter 1670]loss: 3.9178, tokens/sec: 194028.37 ± 4710.91, tokens seen: 328335360, grad norm: 0.4324
[iter 1680]loss: 3.7347, tokens/sec: 194029.29 ± 4696.96, tokens seen: 330301440, grad norm: 0.4043
[iter 1690]loss: 3.8090, tokens/sec: 194030.47 ± 4683.10, tokens seen: 332267520, grad norm: 0.4365
[iter 1700]loss: 3.8095, tokens/sec: 194030.59 ± 4669.39, tokens seen: 334233600, grad norm: 0.4461
[iter 1710]loss: 3.9660, tokens/sec: 194031.76 ± 4655.78, tokens seen: 336199680, grad norm: 0.3981
[iter 1720]loss: 3.7739, tokens/sec: 194033.87 ± 4642.33, tokens seen: 338165760, grad norm: 0.4306
[iter 1730]loss: 4.0078, tokens/sec: 194035.30 ± 4628.96, tokens seen: 340131840, grad norm: 0.3879
[iter 1740]loss: 3.8351, tokens/sec: 194036.03 ± 4615.67, tokens seen: 342097920, grad norm: 0.4059
[iter 1750]loss: 3.8988, tokens/sec: 194034.64 ± 4603.28, tokens seen: 344064000, grad norm: 0.4417
[iter 1760]loss: 3.9243, tokens/sec: 194035.88 ± 4590.23, tokens seen: 346030080, grad norm: 0.4153
[iter 1770]loss: 3.7774, tokens/sec: 194037.54 ± 4577.32, tokens seen: 347996160, grad norm: 0.3767
[iter 1780]loss: 3.8776, tokens/sec: 194038.97 ± 4564.51, tokens seen: 349962240, grad norm: 0.3617
[iter 1790]loss: 3.8690, tokens/sec: 194040.57 ± 4551.83, tokens seen: 351928320, grad norm: 0.3511
[iter 1800]loss: 3.8043, tokens/sec: 194042.17 ± 4539.25, tokens seen: 353894400, grad norm: 0.3961
[iter 1810]loss: 3.7503, tokens/sec: 194044.08 ± 4526.78, tokens seen: 355860480, grad norm: 0.5017
[iter 1820]loss: 3.7243, tokens/sec: 194045.59 ± 4514.39, tokens seen: 357826560, grad norm: 0.3654
[iter 1830]loss: 3.6763, tokens/sec: 194046.57 ± 4502.09, tokens seen: 359792640, grad norm: 0.4111
[iter 1840]loss: 3.8442, tokens/sec: 194046.98 ± 4489.85, tokens seen: 361758720, grad norm: 0.3443
[iter 1850]loss: 3.7747, tokens/sec: 194047.03 ± 4477.77, tokens seen: 363724800, grad norm: 0.4357
[iter 1860]loss: 3.9032, tokens/sec: 194047.12 ± 4465.75, tokens seen: 365690880, grad norm: 0.3894
[iter 1870]loss: 3.8647, tokens/sec: 194046.61 ± 4453.86, tokens seen: 367656960, grad norm: 0.3873
[iter 1880]loss: 3.8226, tokens/sec: 194046.74 ± 4442.01, tokens seen: 369623040, grad norm: 0.4460
[iter 1890]loss: 3.7793, tokens/sec: 194046.57 ± 4430.28, tokens seen: 371589120, grad norm: 0.3776
[iter 1900]loss: 3.9300, tokens/sec: 194046.76 ± 4418.63, tokens seen: 373555200, grad norm: 0.3899
[iter 1910]loss: 3.7775, tokens/sec: 194047.24 ± 4407.10, tokens seen: 375521280, grad norm: 0.4282
[iter 1920]loss: 3.9461, tokens/sec: 194048.05 ± 4395.65, tokens seen: 377487360, grad norm: 0.3372
[iter 1930]loss: 3.9331, tokens/sec: 194048.92 ± 4384.29, tokens seen: 379453440, grad norm: 0.3878
[iter 1940]loss: 3.8023, tokens/sec: 194049.82 ± 4373.00, tokens seen: 381419520, grad norm: 0.3914
[iter 1950]loss: 3.7967, tokens/sec: 194050.25 ± 4361.84, tokens seen: 383385600, grad norm: 0.3512
[iter 1960]loss: 3.7909, tokens/sec: 194050.82 ± 4350.73, tokens seen: 385351680, grad norm: 0.3579
[iter 1970]loss: 3.7571, tokens/sec: 194051.60 ± 4339.71, tokens seen: 387317760, grad norm: 0.4194
[iter 1980]loss: 3.8948, tokens/sec: 194052.68 ± 4328.78, tokens seen: 389283840, grad norm: 0.3620
[iter 1990]loss: 3.8222, tokens/sec: 194053.24 ± 4317.92, tokens seen: 391249920, grad norm: 0.4080
[step 2000]train loss: 3.8157, val loss: 3.8233, (avg train loss: 0.9576 ± 0.0218), (avg grad norm: 0.3906 ± 0.0343)
saving checkpoint to ./out-owt-small-mhc-group-lora-midnorm-inbeta-bs24-10000step
[iter 2000]loss: 3.9029, tokens/sec: 194053.36 ± 4307.14, tokens seen: 393216000, grad norm: 0.3372
[iter 2010]loss: 3.6733, tokens/sec: 194053.51 ± 4296.59, tokens seen: 395182080, grad norm: 0.5058
[iter 2020]loss: 3.7794, tokens/sec: 194053.84 ± 4285.97, tokens seen: 397148160, grad norm: 0.4205
[iter 2030]loss: 3.7694, tokens/sec: 194054.74 ± 4275.43, tokens seen: 399114240, grad norm: 0.4030
[iter 2040]loss: 3.7528, tokens/sec: 194055.04 ± 4264.98, tokens seen: 401080320, grad norm: 0.3927
[iter 2050]loss: 3.9122, tokens/sec: 194055.66 ± 4254.60, tokens seen: 403046400, grad norm: 0.3706
[iter 2060]loss: 3.9135, tokens/sec: 194056.21 ± 4244.28, tokens seen: 405012480, grad norm: 0.3912
[iter 2070]loss: 3.9018, tokens/sec: 194057.13 ± 4234.06, tokens seen: 406978560, grad norm: 0.3928
[iter 2080]loss: 3.9054, tokens/sec: 194058.02 ± 4223.92, tokens seen: 408944640, grad norm: 0.3757
[iter 2090]loss: 3.8035, tokens/sec: 194058.36 ± 4213.83, tokens seen: 410910720, grad norm: 0.3399
[iter 2100]loss: 3.8573, tokens/sec: 194059.14 ± 4203.81, tokens seen: 412876800, grad norm: 0.4154
[iter 2110]loss: 3.8218, tokens/sec: 194060.09 ± 4193.90, tokens seen: 414842880, grad norm: 0.3640
[iter 2120]loss: 3.9068, tokens/sec: 194060.46 ± 4184.04, tokens seen: 416808960, grad norm: 0.4548
[iter 2130]loss: 3.8735, tokens/sec: 194060.75 ± 4174.25, tokens seen: 418775040, grad norm: 0.3513
[iter 2140]loss: 3.7720, tokens/sec: 194061.81 ± 4164.54, tokens seen: 420741120, grad norm: 0.3852
[iter 2150]loss: 3.7366, tokens/sec: 194062.64 ± 4154.90, tokens seen: 422707200, grad norm: 0.3639
[iter 2160]loss: 3.8598, tokens/sec: 194062.81 ± 4145.29, tokens seen: 424673280, grad norm: 0.3742
[iter 2170]loss: 3.7211, tokens/sec: 194062.82 ± 4135.75, tokens seen: 426639360, grad norm: 0.3934
[iter 2180]loss: 3.7782, tokens/sec: 194063.23 ± 4126.28, tokens seen: 428605440, grad norm: 0.3985
[iter 2190]loss: 3.8388, tokens/sec: 194063.11 ± 4116.87, tokens seen: 430571520, grad norm: 0.4222
[iter 2200]loss: 3.7397, tokens/sec: 194062.38 ± 4107.61, tokens seen: 432537600, grad norm: 0.3664
[iter 2210]loss: 3.6322, tokens/sec: 194062.79 ± 4098.32, tokens seen: 434503680, grad norm: 0.3386
[iter 2220]loss: 3.7656, tokens/sec: 194063.20 ± 4089.10, tokens seen: 436469760, grad norm: 0.4015
[iter 2230]loss: 3.7309, tokens/sec: 194063.70 ± 4079.94, tokens seen: 438435840, grad norm: 0.4039
[iter 2240]loss: 3.7274, tokens/sec: 194063.83 ± 4070.85, tokens seen: 440401920, grad norm: 0.3441
[iter 2250]loss: 3.7362, tokens/sec: 194064.22 ± 4061.81, tokens seen: 442368000, grad norm: 0.3779
[iter 2260]loss: 3.8211, tokens/sec: 194064.30 ± 4052.86, tokens seen: 444334080, grad norm: 0.3264
[iter 2270]loss: 3.7799, tokens/sec: 194063.96 ± 4043.96, tokens seen: 446300160, grad norm: 0.3489
[iter 2280]loss: 3.7267, tokens/sec: 194064.07 ± 4035.11, tokens seen: 448266240, grad norm: 0.4342
[iter 2290]loss: 3.8384, tokens/sec: 194064.10 ± 4026.31, tokens seen: 450232320, grad norm: 0.3884
[iter 2300]loss: 3.8080, tokens/sec: 194064.41 ± 4017.58, tokens seen: 452198400, grad norm: 0.4251
[iter 2310]loss: 3.7520, tokens/sec: 194065.04 ± 4008.90, tokens seen: 454164480, grad norm: 0.3630
[iter 2320]loss: 3.8104, tokens/sec: 194065.10 ± 4000.28, tokens seen: 456130560, grad norm: 0.3544
[iter 2330]loss: 3.7400, tokens/sec: 194065.32 ± 3991.71, tokens seen: 458096640, grad norm: 0.4192
[iter 2340]loss: 3.8849, tokens/sec: 194064.72 ± 3983.20, tokens seen: 460062720, grad norm: 0.3988
[iter 2350]loss: 3.6869, tokens/sec: 194064.88 ± 3974.74, tokens seen: 462028800, grad norm: 0.3644
[iter 2360]loss: 3.7344, tokens/sec: 194064.64 ± 3966.37, tokens seen: 463994880, grad norm: 0.3555
[iter 2370]loss: 3.7391, tokens/sec: 194065.08 ± 3958.01, tokens seen: 465960960, grad norm: 0.4001
[iter 2380]loss: 3.8155, tokens/sec: 194065.30 ± 3949.70, tokens seen: 467927040, grad norm: 0.3494
[iter 2390]loss: 3.6381, tokens/sec: 194064.45 ± 3941.48, tokens seen: 469893120, grad norm: 0.4823
[iter 2400]loss: 3.7189, tokens/sec: 194064.61 ± 3933.28, tokens seen: 471859200, grad norm: 0.3492
[iter 2410]loss: 3.6648, tokens/sec: 194064.44 ± 3925.15, tokens seen: 473825280, grad norm: 0.3574
[iter 2420]loss: 3.7832, tokens/sec: 194064.86 ± 3917.05, tokens seen: 475791360, grad norm: 0.3491
[iter 2430]loss: 3.6512, tokens/sec: 194064.95 ± 3909.00, tokens seen: 477757440, grad norm: 0.3538
[iter 2440]loss: 3.6262, tokens/sec: 194065.19 ± 3900.99, tokens seen: 479723520, grad norm: 0.3572
[iter 2450]loss: 3.7751, tokens/sec: 194065.15 ± 3893.04, tokens seen: 481689600, grad norm: 0.3685
[iter 2460]loss: 3.7824, tokens/sec: 194065.53 ± 3885.15, tokens seen: 483655680, grad norm: 0.3919
[iter 2470]loss: 3.7626, tokens/sec: 194065.78 ± 3877.29, tokens seen: 485621760, grad norm: 0.3651
[iter 2480]loss: 3.7898, tokens/sec: 194065.68 ± 3869.52, tokens seen: 487587840, grad norm: 0.4073
[iter 2490]loss: 3.8256, tokens/sec: 194065.95 ± 3861.77, tokens seen: 489553920, grad norm: 0.3242
[step 2500]train loss: 3.7524, val loss: 3.7437, (avg train loss: 0.9394 ± 0.0200), (avg grad norm: 0.3702 ± 0.0316)
saving checkpoint to ./out-owt-small-mhc-group-lora-midnorm-inbeta-bs24-10000step
[iter 2500]loss: 3.7943, tokens/sec: 194043.89 ± 3970.40, tokens seen: 491520000, grad norm: 0.3583
[iter 2510]loss: 3.7688, tokens/sec: 194045.00 ± 3962.55, tokens seen: 493486080, grad norm: 0.3535
[iter 2520]loss: 3.7908, tokens/sec: 194045.84 ± 3954.73, tokens seen: 495452160, grad norm: 0.3476
[iter 2530]loss: 3.6520, tokens/sec: 194046.69 ± 3946.94, tokens seen: 497418240, grad norm: 0.3574
[iter 2540]loss: 3.6509, tokens/sec: 194047.24 ± 3939.21, tokens seen: 499384320, grad norm: 0.3789
[iter 2550]loss: 3.6987, tokens/sec: 194047.41 ± 3931.51, tokens seen: 501350400, grad norm: 0.3931
[iter 2560]loss: 3.6384, tokens/sec: 194047.87 ± 3923.86, tokens seen: 503316480, grad norm: 0.3445
[iter 2570]loss: 3.6721, tokens/sec: 194048.88 ± 3916.28, tokens seen: 505282560, grad norm: 0.3872
[iter 2580]loss: 3.6167, tokens/sec: 194049.65 ± 3908.72, tokens seen: 507248640, grad norm: 0.3138
[iter 2590]loss: 3.6625, tokens/sec: 194050.12 ± 3901.20, tokens seen: 509214720, grad norm: 0.3409
[iter 2600]loss: 3.7750, tokens/sec: 194050.67 ± 3893.74, tokens seen: 511180800, grad norm: 0.3563
[iter 2610]loss: 3.7032, tokens/sec: 194050.76 ± 3886.29, tokens seen: 513146880, grad norm: 0.3836
[iter 2620]loss: 3.7665, tokens/sec: 194051.08 ± 3878.89, tokens seen: 515112960, grad norm: 0.3640
[iter 2630]loss: 3.7760, tokens/sec: 194051.08 ± 3871.55, tokens seen: 517079040, grad norm: 0.3467
[iter 2640]loss: 3.7840, tokens/sec: 194050.75 ± 3864.23, tokens seen: 519045120, grad norm: 0.3375
[iter 2650]loss: 3.7220, tokens/sec: 194050.89 ± 3856.96, tokens seen: 521011200, grad norm: 0.3566
[iter 2660]loss: 3.6708, tokens/sec: 194050.93 ± 3849.73, tokens seen: 522977280, grad norm: 0.3553
[iter 2670]loss: 3.6860, tokens/sec: 194051.10 ± 3842.54, tokens seen: 524943360, grad norm: 0.3609
[iter 2680]loss: 3.8616, tokens/sec: 194050.53 ± 3835.77, tokens seen: 526909440, grad norm: 0.3672
[iter 2690]loss: 3.6542, tokens/sec: 194050.82 ± 3828.65, tokens seen: 528875520, grad norm: 0.3600
[iter 2700]loss: 3.7459, tokens/sec: 194050.45 ± 3821.66, tokens seen: 530841600, grad norm: 0.3350
[iter 2710]loss: 3.7557, tokens/sec: 194050.59 ± 3814.63, tokens seen: 532807680, grad norm: 0.3883
[iter 2720]loss: 3.7252, tokens/sec: 194050.61 ± 3807.62, tokens seen: 534773760, grad norm: 0.3731
[iter 2730]loss: 3.6403, tokens/sec: 194050.77 ± 3800.68, tokens seen: 536739840, grad norm: 0.4393
[iter 2740]loss: 3.7489, tokens/sec: 194051.49 ± 3793.76, tokens seen: 538705920, grad norm: 0.3362
[iter 2750]loss: 3.5760, tokens/sec: 194051.53 ± 3786.88, tokens seen: 540672000, grad norm: 0.3816
[iter 2760]loss: 3.7099, tokens/sec: 194051.81 ± 3780.03, tokens seen: 542638080, grad norm: 0.3419
[iter 2770]loss: 3.6217, tokens/sec: 194052.21 ± 3773.22, tokens seen: 544604160, grad norm: 0.3852
[iter 2780]loss: 3.7791, tokens/sec: 194052.40 ± 3766.45, tokens seen: 546570240, grad norm: 0.3484
[iter 2790]loss: 3.6541, tokens/sec: 194052.95 ± 3759.71, tokens seen: 548536320, grad norm: 0.3560
[iter 2800]loss: 3.7256, tokens/sec: 194053.15 ± 3753.01, tokens seen: 550502400, grad norm: 0.4319
[iter 2810]loss: 3.7721, tokens/sec: 194054.08 ± 3746.36, tokens seen: 552468480, grad norm: 0.3061
[iter 2820]loss: 3.9351, tokens/sec: 194054.59 ± 3739.76, tokens seen: 554434560, grad norm: 0.3662
[iter 2830]loss: 3.9383, tokens/sec: 194054.51 ± 3733.17, tokens seen: 556400640, grad norm: 0.4111
[iter 2840]loss: 3.8849, tokens/sec: 194054.92 ± 3726.62, tokens seen: 558366720, grad norm: 0.3396
[iter 2850]loss: 3.7466, tokens/sec: 194055.01 ± 3720.10, tokens seen: 560332800, grad norm: 0.4286
[iter 2860]loss: 3.6311, tokens/sec: 194054.99 ± 3713.66, tokens seen: 562298880, grad norm: 0.3882
[iter 2870]loss: 3.6585, tokens/sec: 194055.18 ± 3707.21, tokens seen: 564264960, grad norm: 0.3576
[iter 2880]loss: 3.7770, tokens/sec: 194055.52 ± 3700.79, tokens seen: 566231040, grad norm: 0.3541
[iter 2890]loss: 3.6993, tokens/sec: 194055.85 ± 3694.41, tokens seen: 568197120, grad norm: 0.3255
[iter 2900]loss: 3.6644, tokens/sec: 194055.84 ± 3688.05, tokens seen: 570163200, grad norm: 0.3348
[iter 2910]loss: 3.5058, tokens/sec: 194055.81 ± 3681.72, tokens seen: 572129280, grad norm: 0.4108
[iter 2920]loss: 3.5557, tokens/sec: 194055.75 ± 3675.46, tokens seen: 574095360, grad norm: 0.3926
[iter 2930]loss: 3.7279, tokens/sec: 194056.31 ± 3669.20, tokens seen: 576061440, grad norm: 0.3738
[iter 2940]loss: 3.8055, tokens/sec: 194056.45 ± 3662.98, tokens seen: 578027520, grad norm: 0.4136
[iter 2950]loss: 3.7747, tokens/sec: 194056.83 ± 3656.79, tokens seen: 579993600, grad norm: 0.3408
[iter 2960]loss: 3.6092, tokens/sec: 194057.53 ± 3650.63, tokens seen: 581959680, grad norm: 0.3641
[iter 2970]loss: 3.8101, tokens/sec: 194057.94 ± 3644.51, tokens seen: 583925760, grad norm: 0.3445
[iter 2980]loss: 3.5222, tokens/sec: 194058.11 ± 3638.43, tokens seen: 585891840, grad norm: 0.3533
[iter 2990]loss: 3.7979, tokens/sec: 194058.49 ± 3632.36, tokens seen: 587857920, grad norm: 0.4022
[step 3000]train loss: 3.6945, val loss: 3.6972, (avg train loss: 0.9248 ± 0.0208), (avg grad norm: 0.3729 ± 0.0352)
saving checkpoint to ./out-owt-small-mhc-group-lora-midnorm-inbeta-bs24-10000step
[iter 3000]loss: 3.7070, tokens/sec: 194059.47 ± 3626.36, tokens seen: 589824000, grad norm: 0.3782
[iter 3010]loss: 3.8814, tokens/sec: 194060.65 ± 3620.40, tokens seen: 591790080, grad norm: 0.3458
[iter 3020]loss: 3.7529, tokens/sec: 194061.65 ± 3614.45, tokens seen: 593756160, grad norm: 0.3434
[iter 3030]loss: 3.7305, tokens/sec: 194062.35 ± 3608.52, tokens seen: 595722240, grad norm: 0.3759
[iter 3040]loss: 3.6982, tokens/sec: 194062.88 ± 3602.60, tokens seen: 597688320, grad norm: 0.3561
[iter 3050]loss: 3.7758, tokens/sec: 194062.89 ± 3596.71, tokens seen: 599654400, grad norm: 0.4192
[iter 3060]loss: 3.5792, tokens/sec: 194063.02 ± 3590.85, tokens seen: 601620480, grad norm: 0.3535
[iter 3070]loss: 3.6851, tokens/sec: 194063.18 ± 3585.02, tokens seen: 603586560, grad norm: 0.3597
[iter 3080]loss: 3.9140, tokens/sec: 194063.26 ± 3579.22, tokens seen: 605552640, grad norm: 0.3263
[iter 3090]loss: 3.8564, tokens/sec: 194063.15 ± 3573.47, tokens seen: 607518720, grad norm: 0.3456
[iter 3100]loss: 3.6837, tokens/sec: 194063.27 ± 3567.71, tokens seen: 609484800, grad norm: 0.3891
[iter 3110]loss: 3.8412, tokens/sec: 194063.54 ± 3561.97, tokens seen: 611450880, grad norm: 0.3769
[iter 3120]loss: 3.6347, tokens/sec: 194063.93 ± 3556.28, tokens seen: 613416960, grad norm: 0.3582
[iter 3130]loss: 3.7085, tokens/sec: 194064.16 ± 3550.61, tokens seen: 615383040, grad norm: 0.3588
[iter 3140]loss: 3.7244, tokens/sec: 194064.28 ± 3544.97, tokens seen: 617349120, grad norm: 0.3638
[iter 3150]loss: 3.7647, tokens/sec: 194064.27 ± 3539.36, tokens seen: 619315200, grad norm: 0.4012
[iter 3160]loss: 3.8024, tokens/sec: 194064.30 ± 3533.81, tokens seen: 621281280, grad norm: 0.3655
[iter 3170]loss: 3.5963, tokens/sec: 194064.51 ± 3528.24, tokens seen: 623247360, grad norm: 0.3585
[iter 3180]loss: 3.7626, tokens/sec: 194064.15 ± 3522.75, tokens seen: 625213440, grad norm: 0.3492
[iter 3190]loss: 3.5900, tokens/sec: 194063.70 ± 3517.28, tokens seen: 627179520, grad norm: 0.3557
[iter 3200]loss: 3.6460, tokens/sec: 194063.64 ± 3511.80, tokens seen: 629145600, grad norm: 0.3783
[iter 3210]loss: 3.7582, tokens/sec: 194063.92 ± 3506.34, tokens seen: 631111680, grad norm: 0.3474
[iter 3220]loss: 3.6726, tokens/sec: 194064.07 ± 3500.93, tokens seen: 633077760, grad norm: 0.3548
[iter 3230]loss: 3.7426, tokens/sec: 194064.38 ± 3495.53, tokens seen: 635043840, grad norm: 0.3259
[iter 3240]loss: 3.7228, tokens/sec: 194064.46 ± 3490.16, tokens seen: 637009920, grad norm: 0.3980
[iter 3250]loss: 3.6082, tokens/sec: 194064.53 ± 3484.81, tokens seen: 638976000, grad norm: 0.3944
[iter 3260]loss: 3.6980, tokens/sec: 194064.70 ± 3479.48, tokens seen: 640942080, grad norm: 0.3146
[iter 3270]loss: 3.5431, tokens/sec: 194064.98 ± 3474.18, tokens seen: 642908160, grad norm: 0.3478
[iter 3280]loss: 3.7077, tokens/sec: 194064.74 ± 3468.90, tokens seen: 644874240, grad norm: 0.3645
[iter 3290]loss: 3.8394, tokens/sec: 194064.65 ± 3463.63, tokens seen: 646840320, grad norm: 0.3300
[iter 3300]loss: 3.7451, tokens/sec: 194064.52 ± 3458.39, tokens seen: 648806400, grad norm: 0.3709
[iter 3310]loss: 3.5990, tokens/sec: 194064.69 ± 3453.19, tokens seen: 650772480, grad norm: 0.3602
[iter 3320]loss: 3.7597, tokens/sec: 194064.75 ± 3448.00, tokens seen: 652738560, grad norm: 0.3127
[iter 3330]loss: 3.7649, tokens/sec: 194064.91 ± 3442.86, tokens seen: 654704640, grad norm: 0.3781
[iter 3340]loss: 3.7209, tokens/sec: 194065.25 ± 3437.72, tokens seen: 656670720, grad norm: 0.3931
[iter 3350]loss: 3.7736, tokens/sec: 194065.33 ± 3432.60, tokens seen: 658636800, grad norm: 0.3485
[iter 3360]loss: 3.5319, tokens/sec: 194065.16 ± 3427.56, tokens seen: 660602880, grad norm: 0.3908
[iter 3370]loss: 3.6045, tokens/sec: 194065.50 ± 3422.50, tokens seen: 662568960, grad norm: 0.3957
[iter 3380]loss: 3.5859, tokens/sec: 194066.06 ± 3417.47, tokens seen: 664535040, grad norm: 0.3476
[iter 3390]loss: 3.6712, tokens/sec: 194066.20 ± 3412.43, tokens seen: 666501120, grad norm: 0.4083
[iter 3400]loss: 3.7094, tokens/sec: 194066.76 ± 3407.44, tokens seen: 668467200, grad norm: 0.3771
[iter 3410]loss: 3.5261, tokens/sec: 194067.26 ± 3402.46, tokens seen: 670433280, grad norm: 0.3663
[iter 3420]loss: 3.5463, tokens/sec: 194066.84 ± 3397.53, tokens seen: 672399360, grad norm: 0.3643
[iter 3430]loss: 3.8076, tokens/sec: 194067.03 ± 3392.58, tokens seen: 674365440, grad norm: 0.4320
[iter 3440]loss: 3.6994, tokens/sec: 194067.15 ± 3387.66, tokens seen: 676331520, grad norm: 0.3544
[iter 3450]loss: 3.6284, tokens/sec: 194066.72 ± 3382.77, tokens seen: 678297600, grad norm: 0.4091
[iter 3460]loss: 3.6743, tokens/sec: 194066.62 ± 3377.89, tokens seen: 680263680, grad norm: 0.3499
[iter 3470]loss: 3.5755, tokens/sec: 194066.51 ± 3373.04, tokens seen: 682229760, grad norm: 0.3455
[iter 3480]loss: 3.6636, tokens/sec: 194066.87 ± 3368.20, tokens seen: 684195840, grad norm: 0.3778
[iter 3490]loss: 3.6722, tokens/sec: 194067.43 ± 3363.40, tokens seen: 686161920, grad norm: 0.3206
[step 3500]train loss: 3.6594, val loss: 3.6657, (avg train loss: 0.9164 ± 0.0211), (avg grad norm: 0.3620 ± 0.0280)
saving checkpoint to ./out-owt-small-mhc-group-lora-midnorm-inbeta-bs24-10000step
[iter 3500]loss: 3.7153, tokens/sec: 194067.86 ± 3358.61, tokens seen: 688128000, grad norm: 0.3527
[iter 3510]loss: 3.7858, tokens/sec: 194068.24 ± 3353.86, tokens seen: 690094080, grad norm: 0.3444
[iter 3520]loss: 3.7024, tokens/sec: 194068.50 ± 3349.13, tokens seen: 692060160, grad norm: 0.3819
[iter 3530]loss: 3.7315, tokens/sec: 194068.99 ± 3344.41, tokens seen: 694026240, grad norm: 0.3692
[iter 3540]loss: 3.7155, tokens/sec: 194069.44 ± 3339.70, tokens seen: 695992320, grad norm: 0.3548
[iter 3550]loss: 3.5643, tokens/sec: 194069.72 ± 3335.01, tokens seen: 697958400, grad norm: 0.3902
[iter 3560]loss: 3.6049, tokens/sec: 194069.79 ± 3330.36, tokens seen: 699924480, grad norm: 0.3328
[iter 3570]loss: 3.7330, tokens/sec: 194070.07 ± 3325.71, tokens seen: 701890560, grad norm: 0.3694
[iter 3580]loss: 3.7176, tokens/sec: 194070.13 ± 3321.08, tokens seen: 703856640, grad norm: 0.3532
[iter 3590]loss: 3.7424, tokens/sec: 194070.25 ± 3316.47, tokens seen: 705822720, grad norm: 0.3967
[iter 3600]loss: 3.6177, tokens/sec: 194070.70 ± 3311.87, tokens seen: 707788800, grad norm: 0.3360
[iter 3610]loss: 3.6613, tokens/sec: 194071.11 ± 3307.30, tokens seen: 709754880, grad norm: 0.3407
[iter 3620]loss: 3.7417, tokens/sec: 194071.08 ± 3302.74, tokens seen: 711720960, grad norm: 0.3570
[iter 3630]loss: 3.5868, tokens/sec: 194071.15 ± 3298.21, tokens seen: 713687040, grad norm: 0.3192
[iter 3640]loss: 3.5774, tokens/sec: 194071.31 ± 3293.68, tokens seen: 715653120, grad norm: 0.3621
[iter 3650]loss: 3.7214, tokens/sec: 194071.33 ± 3289.18, tokens seen: 717619200, grad norm: 0.3911
[iter 3660]loss: 3.5994, tokens/sec: 194071.00 ± 3284.72, tokens seen: 719585280, grad norm: 0.3434
[iter 3670]loss: 3.7118, tokens/sec: 194071.01 ± 3280.25, tokens seen: 721551360, grad norm: 0.3728
[iter 3680]loss: 3.5453, tokens/sec: 194070.76 ± 3275.83, tokens seen: 723517440, grad norm: 0.3547
[iter 3690]loss: 3.5640, tokens/sec: 194070.84 ± 3271.40, tokens seen: 725483520, grad norm: 0.3702
[iter 3700]loss: 3.7978, tokens/sec: 194071.25 ± 3267.00, tokens seen: 727449600, grad norm: 0.3996
[iter 3710]loss: 3.7203, tokens/sec: 194071.33 ± 3262.62, tokens seen: 729415680, grad norm: 0.3561
[iter 3720]loss: 3.4752, tokens/sec: 194071.47 ± 3258.25, tokens seen: 731381760, grad norm: 0.3604
[iter 3730]loss: 3.7125, tokens/sec: 194071.81 ± 3253.90, tokens seen: 733347840, grad norm: 0.3796
[iter 3740]loss: 3.5420, tokens/sec: 194071.83 ± 3249.56, tokens seen: 735313920, grad norm: 0.3300
[iter 3750]loss: 3.7130, tokens/sec: 194071.81 ± 3245.24, tokens seen: 737280000, grad norm: 0.3491
[iter 3760]loss: 3.5509, tokens/sec: 194071.78 ± 3240.96, tokens seen: 739246080, grad norm: 0.3478
[iter 3770]loss: 3.6260, tokens/sec: 194070.47 ± 3236.94, tokens seen: 741212160, grad norm: 0.3525
[iter 3780]loss: 3.6841, tokens/sec: 194070.39 ± 3232.67, tokens seen: 743178240, grad norm: 0.3836
[iter 3790]loss: 3.5817, tokens/sec: 194070.38 ± 3228.42, tokens seen: 745144320, grad norm: 0.3944
[iter 3800]loss: 3.5318, tokens/sec: 194070.20 ± 3224.18, tokens seen: 747110400, grad norm: 0.3665
[iter 3810]loss: 3.7400, tokens/sec: 194070.26 ± 3219.96, tokens seen: 749076480, grad norm: 0.3425
[iter 3820]loss: 3.6866, tokens/sec: 194070.53 ± 3215.76, tokens seen: 751042560, grad norm: 0.3244
[iter 3830]loss: 3.5151, tokens/sec: 194070.94 ± 3211.57, tokens seen: 753008640, grad norm: 0.3494
[iter 3840]loss: 3.6969, tokens/sec: 194071.06 ± 3207.41, tokens seen: 754974720, grad norm: 0.4472
[iter 3850]loss: 3.5693, tokens/sec: 194070.74 ± 3203.28, tokens seen: 756940800, grad norm: 0.3883
[iter 3860]loss: 3.5635, tokens/sec: 194070.76 ± 3199.14, tokens seen: 758906880, grad norm: 0.3498
[iter 3870]loss: 3.5848, tokens/sec: 194070.96 ± 3195.02, tokens seen: 760872960, grad norm: 0.3529
[iter 3880]loss: 3.8314, tokens/sec: 194071.10 ± 3190.92, tokens seen: 762839040, grad norm: 0.3570
[iter 3890]loss: 3.6670, tokens/sec: 194070.62 ± 3186.84, tokens seen: 764805120, grad norm: 0.3596
[iter 3900]loss: 3.5166, tokens/sec: 194070.53 ± 3182.76, tokens seen: 766771200, grad norm: 0.3213
[iter 3910]loss: 3.4938, tokens/sec: 194070.83 ± 3178.70, tokens seen: 768737280, grad norm: 0.3390
[iter 3920]loss: 3.5727, tokens/sec: 194071.14 ± 3174.67, tokens seen: 770703360, grad norm: 0.4388
[iter 3930]loss: 3.6475, tokens/sec: 194071.09 ± 3170.64, tokens seen: 772669440, grad norm: 0.3354
[iter 3940]loss: 3.6328, tokens/sec: 194071.12 ± 3166.61, tokens seen: 774635520, grad norm: 0.3366
[iter 3950]loss: 3.6509, tokens/sec: 194071.12 ± 3162.61, tokens seen: 776601600, grad norm: 0.3318
[iter 3960]loss: 3.6793, tokens/sec: 194070.08 ± 3158.88, tokens seen: 778567680, grad norm: 0.4057
[iter 3970]loss: 3.4927, tokens/sec: 194069.97 ± 3154.95, tokens seen: 780533760, grad norm: 0.3474
[iter 3980]loss: 3.5240, tokens/sec: 194070.08 ± 3150.99, tokens seen: 782499840, grad norm: 0.4032
[iter 3990]loss: 3.6491, tokens/sec: 194069.85 ± 3147.06, tokens seen: 784465920, grad norm: 0.3615
[step 4000]train loss: 3.6137, val loss: 3.6208, (avg train loss: 0.9051 ± 0.0216), (avg grad norm: 0.3621 ± 0.0288)
saving checkpoint to ./out-owt-small-mhc-group-lora-midnorm-inbeta-bs24-10000step
[iter 4000]loss: 3.5453, tokens/sec: 194069.83 ± 3143.13, tokens seen: 786432000, grad norm: 0.3558
[iter 4010]loss: 3.6699, tokens/sec: 194070.49 ± 3139.26, tokens seen: 788398080, grad norm: 0.3369
[iter 4020]loss: 3.6504, tokens/sec: 194070.28 ± 3135.38, tokens seen: 790364160, grad norm: 0.3512
[iter 4030]loss: 3.5309, tokens/sec: 194070.21 ± 3131.51, tokens seen: 792330240, grad norm: 0.3544
[iter 4040]loss: 3.6348, tokens/sec: 194070.23 ± 3127.65, tokens seen: 794296320, grad norm: 0.4025
[iter 4050]loss: 3.6246, tokens/sec: 194069.89 ± 3123.86, tokens seen: 796262400, grad norm: 0.3848
[iter 4060]loss: 3.7596, tokens/sec: 194069.97 ± 3120.03, tokens seen: 798228480, grad norm: 0.3546
[iter 4070]loss: 3.5836, tokens/sec: 194070.10 ± 3116.21, tokens seen: 800194560, grad norm: 0.3503
[iter 4080]loss: 3.6131, tokens/sec: 194070.20 ± 3112.42, tokens seen: 802160640, grad norm: 0.3647
[iter 4090]loss: 3.6853, tokens/sec: 194070.19 ± 3108.63, tokens seen: 804126720, grad norm: 0.3417
[iter 4100]loss: 3.6421, tokens/sec: 194070.28 ± 3104.85, tokens seen: 806092800, grad norm: 0.3534
[iter 4110]loss: 3.5880, tokens/sec: 194070.39 ± 3101.08, tokens seen: 808058880, grad norm: 0.4301
[iter 4120]loss: 3.6224, tokens/sec: 194070.37 ± 3097.32, tokens seen: 810024960, grad norm: 0.4151
[iter 4130]loss: 3.7321, tokens/sec: 194070.53 ± 3093.60, tokens seen: 811991040, grad norm: 0.3486
[iter 4140]loss: 3.6163, tokens/sec: 194070.46 ± 3089.89, tokens seen: 813957120, grad norm: 0.3706
[iter 4150]loss: 3.5680, tokens/sec: 194070.53 ± 3086.19, tokens seen: 815923200, grad norm: 0.3467
[iter 4160]loss: 3.5920, tokens/sec: 194070.30 ± 3082.53, tokens seen: 817889280, grad norm: 0.3071
[iter 4170]loss: 3.6576, tokens/sec: 194070.29 ± 3078.86, tokens seen: 819855360, grad norm: 0.3191
[iter 4180]loss: 3.5366, tokens/sec: 194070.33 ± 3075.19, tokens seen: 821821440, grad norm: 0.4050
[iter 4190]loss: 3.5890, tokens/sec: 194070.43 ± 3071.53, tokens seen: 823787520, grad norm: 0.3520
[iter 4200]loss: 3.7868, tokens/sec: 194070.53 ± 3067.88, tokens seen: 825753600, grad norm: 0.3807
[iter 4210]loss: 3.6774, tokens/sec: 194070.54 ± 3064.27, tokens seen: 827719680, grad norm: 0.3613
[iter 4220]loss: 3.6231, tokens/sec: 194070.23 ± 3060.69, tokens seen: 829685760, grad norm: 0.3481
[iter 4230]loss: 3.4733, tokens/sec: 194069.90 ± 3057.11, tokens seen: 831651840, grad norm: 0.3494
[iter 4240]loss: 3.5506, tokens/sec: 194069.73 ± 3053.51, tokens seen: 833617920, grad norm: 0.3663
[iter 4250]loss: 3.5992, tokens/sec: 194069.99 ± 3049.94, tokens seen: 835584000, grad norm: 0.3247
[iter 4260]loss: 3.6412, tokens/sec: 194069.98 ± 3046.37, tokens seen: 837550080, grad norm: 0.3246
[iter 4270]loss: 3.5821, tokens/sec: 194070.01 ± 3042.81, tokens seen: 839516160, grad norm: 0.3291
[iter 4280]loss: 3.5754, tokens/sec: 194070.06 ± 3039.27, tokens seen: 841482240, grad norm: 0.3658
[iter 4290]loss: 3.5640, tokens/sec: 194070.01 ± 3035.76, tokens seen: 843448320, grad norm: 0.3745
[iter 4300]loss: 3.5109, tokens/sec: 194070.08 ± 3032.24, tokens seen: 845414400, grad norm: 0.3793
[iter 4310]loss: 3.5204, tokens/sec: 194070.00 ± 3028.73, tokens seen: 847380480, grad norm: 0.4301
[iter 4320]loss: 3.5965, tokens/sec: 194070.06 ± 3025.23, tokens seen: 849346560, grad norm: 0.4102
[iter 4330]loss: 3.6347, tokens/sec: 194070.02 ± 3021.77, tokens seen: 851312640, grad norm: 0.3558
[iter 4340]loss: 3.6842, tokens/sec: 194070.22 ± 3018.31, tokens seen: 853278720, grad norm: 0.3653
[iter 4350]loss: 3.6100, tokens/sec: 194070.07 ± 3014.91, tokens seen: 855244800, grad norm: 0.3835
[iter 4360]loss: 3.6048, tokens/sec: 194070.09 ± 3011.47, tokens seen: 857210880, grad norm: 0.3903
[iter 4370]loss: 3.5555, tokens/sec: 194070.01 ± 3008.04, tokens seen: 859176960, grad norm: 0.3608
[iter 4380]loss: 3.5911, tokens/sec: 194070.36 ± 3004.62, tokens seen: 861143040, grad norm: 0.4113
[iter 4390]loss: 3.6847, tokens/sec: 194070.27 ± 3001.22, tokens seen: 863109120, grad norm: 0.4022
[iter 4400]loss: 3.5978, tokens/sec: 194070.24 ± 2997.82, tokens seen: 865075200, grad norm: 0.3423
[iter 4410]loss: 3.3069, tokens/sec: 194070.35 ± 2994.43, tokens seen: 867041280, grad norm: 0.3681
[iter 4420]loss: 3.5558, tokens/sec: 194070.28 ± 2991.05, tokens seen: 869007360, grad norm: 0.3439
[iter 4430]loss: 3.3525, tokens/sec: 194070.39 ± 2987.69, tokens seen: 870973440, grad norm: 0.3683
[iter 4440]loss: 3.5921, tokens/sec: 194070.49 ± 2984.34, tokens seen: 872939520, grad norm: 0.3356
[iter 4450]loss: 3.5487, tokens/sec: 194070.68 ± 2981.00, tokens seen: 874905600, grad norm: 0.3356
[iter 4460]loss: 3.6272, tokens/sec: 194070.57 ± 2977.67, tokens seen: 876871680, grad norm: 0.3435
[iter 4470]loss: 3.6860, tokens/sec: 194070.68 ± 2974.35, tokens seen: 878837760, grad norm: 0.4220
[iter 4480]loss: 3.5797, tokens/sec: 194070.76 ± 2971.04, tokens seen: 880803840, grad norm: 0.3697
[iter 4490]loss: 3.6659, tokens/sec: 194070.81 ± 2967.74, tokens seen: 882769920, grad norm: 0.3885
[step 4500]train loss: 3.5912, val loss: 3.5905, (avg train loss: 0.8952 ± 0.0227), (avg grad norm: 0.3633 ± 0.0273)
saving checkpoint to ./out-owt-small-mhc-group-lora-midnorm-inbeta-bs24-10000step
[iter 4500]loss: 3.4611, tokens/sec: 194070.47 ± 2964.78, tokens seen: 884736000, grad norm: 0.3827
[iter 4510]loss: 3.8421, tokens/sec: 194070.83 ± 2961.51, tokens seen: 886702080, grad norm: 0.3955
[iter 4520]loss: 3.4733, tokens/sec: 194071.01 ± 2958.27, tokens seen: 888668160, grad norm: 0.3548
[iter 4530]loss: 3.6244, tokens/sec: 194071.09 ± 2955.03, tokens seen: 890634240, grad norm: 0.3759
[iter 4540]loss: 3.5563, tokens/sec: 194070.89 ± 2951.94, tokens seen: 892600320, grad norm: 0.3501
[iter 4550]loss: 3.5765, tokens/sec: 194070.91 ± 2948.71, tokens seen: 894566400, grad norm: 0.3753
[iter 4560]loss: 3.6543, tokens/sec: 194071.13 ± 2945.50, tokens seen: 896532480, grad norm: 0.3392
[iter 4570]loss: 3.6615, tokens/sec: 194071.15 ± 2942.29, tokens seen: 898498560, grad norm: 0.3256
[iter 4580]loss: 3.7821, tokens/sec: 194071.37 ± 2939.10, tokens seen: 900464640, grad norm: 0.3198
[iter 4590]loss: 3.5591, tokens/sec: 194071.41 ± 2935.92, tokens seen: 902430720, grad norm: 0.3952
[iter 4600]loss: 3.5362, tokens/sec: 194071.83 ± 2932.75, tokens seen: 904396800, grad norm: 0.3460
[iter 4610]loss: 3.5154, tokens/sec: 194072.16 ± 2929.58, tokens seen: 906362880, grad norm: 0.4132
[iter 4620]loss: 3.5517, tokens/sec: 194072.13 ± 2926.45, tokens seen: 908328960, grad norm: 0.3583
[iter 4630]loss: 3.5819, tokens/sec: 194071.90 ± 2923.33, tokens seen: 910295040, grad norm: 0.3415
[iter 4640]loss: 3.6183, tokens/sec: 194072.02 ± 2920.21, tokens seen: 912261120, grad norm: 0.3832
[iter 4650]loss: 3.5720, tokens/sec: 194072.16 ± 2917.08, tokens seen: 914227200, grad norm: 0.3845
[iter 4660]loss: 3.7551, tokens/sec: 194072.21 ± 2913.96, tokens seen: 916193280, grad norm: 0.3585
[iter 4670]loss: 3.5991, tokens/sec: 194072.31 ± 2910.85, tokens seen: 918159360, grad norm: 0.3378
[iter 4680]loss: 3.5201, tokens/sec: 194072.29 ± 2907.74, tokens seen: 920125440, grad norm: 0.3689
[iter 4690]loss: 3.5952, tokens/sec: 194072.50 ± 2904.66, tokens seen: 922091520, grad norm: 0.3692
[iter 4700]loss: 3.3980, tokens/sec: 194072.73 ± 2901.59, tokens seen: 924057600, grad norm: 0.3472
[iter 4710]loss: 3.5663, tokens/sec: 194072.77 ± 2898.51, tokens seen: 926023680, grad norm: 0.3474
[iter 4720]loss: 3.6196, tokens/sec: 194072.50 ± 2895.48, tokens seen: 927989760, grad norm: 0.3459
[iter 4730]loss: 3.5714, tokens/sec: 194072.74 ± 2892.43, tokens seen: 929955840, grad norm: 0.3529
[iter 4740]loss: 3.4904, tokens/sec: 194072.78 ± 2889.39, tokens seen: 931921920, grad norm: 0.3741
[iter 4750]loss: 3.4974, tokens/sec: 194072.91 ± 2886.35, tokens seen: 933888000, grad norm: 0.3601
[iter 4760]loss: 3.5529, tokens/sec: 194072.77 ± 2883.36, tokens seen: 935854080, grad norm: 0.3676
[iter 4770]loss: 3.6067, tokens/sec: 194072.94 ± 2880.35, tokens seen: 937820160, grad norm: 0.3676
[iter 4780]loss: 3.4071, tokens/sec: 194072.97 ± 2877.35, tokens seen: 939786240, grad norm: 0.3341
[iter 4790]loss: 3.6209, tokens/sec: 194073.06 ± 2874.35, tokens seen: 941752320, grad norm: 0.3730
[iter 4800]loss: 3.5480, tokens/sec: 194073.20 ± 2871.38, tokens seen: 943718400, grad norm: 0.3266
[iter 4810]loss: 3.4897, tokens/sec: 194073.25 ± 2868.40, tokens seen: 945684480, grad norm: 0.4385
[iter 4820]loss: 3.5693, tokens/sec: 194073.08 ± 2865.43, tokens seen: 947650560, grad norm: 0.3713
[iter 4830]loss: 3.6877, tokens/sec: 194073.24 ± 2862.48, tokens seen: 949616640, grad norm: 0.3814
[iter 4840]loss: 3.5622, tokens/sec: 194073.20 ± 2859.53, tokens seen: 951582720, grad norm: 0.3339
[iter 4850]loss: 3.5282, tokens/sec: 194073.33 ± 2856.61, tokens seen: 953548800, grad norm: 0.3424
[iter 4860]loss: 3.5104, tokens/sec: 194073.28 ± 2853.68, tokens seen: 955514880, grad norm: 0.3352
[iter 4870]loss: 3.6659, tokens/sec: 194073.44 ± 2850.77, tokens seen: 957480960, grad norm: 0.3836
[iter 4880]loss: 3.6113, tokens/sec: 194073.47 ± 2847.85, tokens seen: 959447040, grad norm: 0.3285
[iter 4890]loss: 3.4906, tokens/sec: 194073.54 ± 2844.95, tokens seen: 961413120, grad norm: 0.3684
[iter 4900]loss: 3.4307, tokens/sec: 194073.19 ± 2842.12, tokens seen: 963379200, grad norm: 0.3679
[iter 4910]loss: 3.4506, tokens/sec: 194072.97 ± 2839.26, tokens seen: 965345280, grad norm: 0.4100
[iter 4920]loss: 3.5667, tokens/sec: 194072.79 ± 2836.44, tokens seen: 967311360, grad norm: 0.3892
[iter 4930]loss: 3.5565, tokens/sec: 194072.64 ± 2833.57, tokens seen: 969277440, grad norm: 0.3725
[iter 4940]loss: 3.4987, tokens/sec: 194072.37 ± 2830.75, tokens seen: 971243520, grad norm: 0.3424
[iter 4950]loss: 3.4435, tokens/sec: 194072.15 ± 2827.93, tokens seen: 973209600, grad norm: 0.3813
[iter 4960]loss: 3.4767, tokens/sec: 194072.27 ± 2825.09, tokens seen: 975175680, grad norm: 0.3636
[iter 4970]loss: 3.5301, tokens/sec: 194072.36 ± 2822.25, tokens seen: 977141760, grad norm: 0.3428
[iter 4980]loss: 3.5492, tokens/sec: 194072.31 ± 2819.42, tokens seen: 979107840, grad norm: 0.3476
[iter 4990]loss: 3.5727, tokens/sec: 194072.37 ± 2816.60, tokens seen: 981073920, grad norm: 0.3384
[step 5000]train loss: 3.5542, val loss: 3.5701, (avg train loss: 0.8854 ± 0.0215), (avg grad norm: 0.3600 ± 0.0236)
saving checkpoint to ./out-owt-small-mhc-group-lora-midnorm-inbeta-bs24-10000step
[iter 5000]loss: 3.5284, tokens/sec: 194072.53 ± 2813.80, tokens seen: 983040000, grad norm: 0.3221
[iter 5010]loss: 3.4753, tokens/sec: 194072.30 ± 2811.03, tokens seen: 985006080, grad norm: 0.3617
[iter 5020]loss: 3.6154, tokens/sec: 194072.07 ± 2808.29, tokens seen: 986972160, grad norm: 0.3565
[iter 5030]loss: 3.4050, tokens/sec: 194071.86 ± 2805.52, tokens seen: 988938240, grad norm: 0.3803
[iter 5040]loss: 3.5250, tokens/sec: 194072.16 ± 2802.76, tokens seen: 990904320, grad norm: 0.4111
[iter 5050]loss: 3.5348, tokens/sec: 194072.32 ± 2800.01, tokens seen: 992870400, grad norm: 0.3729
[iter 5060]loss: 3.4914, tokens/sec: 194072.18 ± 2797.26, tokens seen: 994836480, grad norm: 0.3735
[iter 5070]loss: 3.5270, tokens/sec: 194071.62 ± 2794.59, tokens seen: 996802560, grad norm: 0.4074
[iter 5080]loss: 3.5192, tokens/sec: 194071.71 ± 2791.85, tokens seen: 998768640, grad norm: 0.3435
[iter 5090]loss: 3.5517, tokens/sec: 194071.72 ± 2789.12, tokens seen: 1000734720, grad norm: 0.3709
[iter 5100]loss: 3.5449, tokens/sec: 194071.86 ± 2786.40, tokens seen: 1002700800, grad norm: 0.3701
[iter 5110]loss: 3.4929, tokens/sec: 194071.79 ± 2783.69, tokens seen: 1004666880, grad norm: 0.3678
[iter 5120]loss: 3.4427, tokens/sec: 194071.69 ± 2780.98, tokens seen: 1006632960, grad norm: 0.3088
[iter 5130]loss: 3.5588, tokens/sec: 194071.77 ± 2778.28, tokens seen: 1008599040, grad norm: 0.3688
[iter 5140]loss: 3.3421, tokens/sec: 194071.52 ± 2775.60, tokens seen: 1010565120, grad norm: 0.3755
[iter 5150]loss: 3.6710, tokens/sec: 194071.42 ± 2772.93, tokens seen: 1012531200, grad norm: 0.3633
[iter 5160]loss: 3.4486, tokens/sec: 194071.54 ± 2770.25, tokens seen: 1014497280, grad norm: 0.3424
[iter 5170]loss: 3.5729, tokens/sec: 194071.65 ± 2767.58, tokens seen: 1016463360, grad norm: 0.3460
[iter 5180]loss: 3.7283, tokens/sec: 194071.54 ± 2764.92, tokens seen: 1018429440, grad norm: 0.3606
[iter 5190]loss: 3.5550, tokens/sec: 194071.51 ± 2762.28, tokens seen: 1020395520, grad norm: 0.3654
[iter 5200]loss: 3.5508, tokens/sec: 194071.43 ± 2759.65, tokens seen: 1022361600, grad norm: 0.3421
[iter 5210]loss: 3.3816, tokens/sec: 194071.57 ± 2757.01, tokens seen: 1024327680, grad norm: 0.3907
[iter 5220]loss: 3.4299, tokens/sec: 194071.39 ± 2754.40, tokens seen: 1026293760, grad norm: 0.3714
[iter 5230]loss: 3.5652, tokens/sec: 194071.24 ± 2751.78, tokens seen: 1028259840, grad norm: 0.3568
[iter 5240]loss: 3.5228, tokens/sec: 194071.39 ± 2749.16, tokens seen: 1030225920, grad norm: 0.3633
[iter 5250]loss: 3.4760, tokens/sec: 194071.44 ± 2746.56, tokens seen: 1032192000, grad norm: 0.3986
[iter 5260]loss: 3.5961, tokens/sec: 194071.51 ± 2743.96, tokens seen: 1034158080, grad norm: 0.3554
[iter 5270]loss: 3.4468, tokens/sec: 194071.42 ± 2741.39, tokens seen: 1036124160, grad norm: 0.3551
[iter 5280]loss: 3.5754, tokens/sec: 194071.14 ± 2738.85, tokens seen: 1038090240, grad norm: 0.3849
[iter 5290]loss: 3.5882, tokens/sec: 194071.06 ± 2736.28, tokens seen: 1040056320, grad norm: 0.3972
[iter 5300]loss: 3.5910, tokens/sec: 194071.16 ± 2733.71, tokens seen: 1042022400, grad norm: 0.4190
[iter 5310]loss: 3.5798, tokens/sec: 194071.44 ± 2731.15, tokens seen: 1043988480, grad norm: 0.3486
[iter 5320]loss: 3.5832, tokens/sec: 194071.47 ± 2728.60, tokens seen: 1045954560, grad norm: 0.3466
[iter 5330]loss: 3.5112, tokens/sec: 194071.46 ± 2726.06, tokens seen: 1047920640, grad norm: 0.3969
[iter 5340]loss: 3.6598, tokens/sec: 194071.54 ± 2723.52, tokens seen: 1049886720, grad norm: 0.3717
[iter 5350]loss: 3.6533, tokens/sec: 194070.89 ± 2721.37, tokens seen: 1051852800, grad norm: 0.3525
[iter 5360]loss: 3.5067, tokens/sec: 194070.42 ± 2718.91, tokens seen: 1053818880, grad norm: 0.3203
[iter 5370]loss: 3.5507, tokens/sec: 194070.66 ± 2716.39, tokens seen: 1055784960, grad norm: 0.3567
[iter 5380]loss: 3.5480, tokens/sec: 194070.45 ± 2713.93, tokens seen: 1057751040, grad norm: 0.3707
[iter 5390]loss: 3.6238, tokens/sec: 194070.53 ± 2711.42, tokens seen: 1059717120, grad norm: 0.3473
[iter 5400]loss: 3.6192, tokens/sec: 194069.70 ± 2709.28, tokens seen: 1061683200, grad norm: 0.3758
[iter 5410]loss: 3.4604, tokens/sec: 194069.56 ± 2706.79, tokens seen: 1063649280, grad norm: 0.3898
[iter 5420]loss: 3.5381, tokens/sec: 194069.42 ± 2704.32, tokens seen: 1065615360, grad norm: 0.3545
[iter 5430]loss: 3.6460, tokens/sec: 194069.26 ± 2701.84, tokens seen: 1067581440, grad norm: 0.3455
[iter 5440]loss: 3.4902, tokens/sec: 194068.59 ± 2699.66, tokens seen: 1069547520, grad norm: 0.3601
[iter 5450]loss: 3.6804, tokens/sec: 194068.55 ± 2697.19, tokens seen: 1071513600, grad norm: 0.3545
[iter 5460]loss: 3.4359, tokens/sec: 194068.43 ± 2694.73, tokens seen: 1073479680, grad norm: 0.3821
[iter 5470]loss: 3.6588, tokens/sec: 194068.31 ± 2692.29, tokens seen: 1075445760, grad norm: 0.4120
[iter 5480]loss: 3.5857, tokens/sec: 194068.27 ± 2689.85, tokens seen: 1077411840, grad norm: 0.3881
[iter 5490]loss: 3.3954, tokens/sec: 194068.21 ± 2687.41, tokens seen: 1079377920, grad norm: 0.3699
[step 5500]train loss: 3.5172, val loss: 3.5280, (avg train loss: 0.8890 ± 0.0204), (avg grad norm: 0.3658 ± 0.0287)
saving checkpoint to ./out-owt-small-mhc-group-lora-midnorm-inbeta-bs24-10000step
[iter 5500]loss: 3.4744, tokens/sec: 194068.21 ± 2684.97, tokens seen: 1081344000, grad norm: 0.3710
[iter 5510]loss: 3.3689, tokens/sec: 194068.47 ± 2682.56, tokens seen: 1083310080, grad norm: 0.3653
[iter 5520]loss: 3.3203, tokens/sec: 194068.33 ± 2680.16, tokens seen: 1085276160, grad norm: 0.3676
[iter 5530]loss: 3.4786, tokens/sec: 194068.29 ± 2677.75, tokens seen: 1087242240, grad norm: 0.3278
[iter 5540]loss: 3.4574, tokens/sec: 194068.31 ± 2675.34, tokens seen: 1089208320, grad norm: 0.3361
[iter 5550]loss: 3.5719, tokens/sec: 194068.29 ± 2672.94, tokens seen: 1091174400, grad norm: 0.3910
[iter 5560]loss: 3.4954, tokens/sec: 194068.40 ± 2670.55, tokens seen: 1093140480, grad norm: 0.4150
[iter 5570]loss: 3.5132, tokens/sec: 194068.72 ± 2668.17, tokens seen: 1095106560, grad norm: 0.3244
[iter 5580]loss: 3.5642, tokens/sec: 194068.77 ± 2665.79, tokens seen: 1097072640, grad norm: 0.3598
[iter 5590]loss: 3.5926, tokens/sec: 194068.80 ± 2663.41, tokens seen: 1099038720, grad norm: 0.3687
[iter 5600]loss: 3.4703, tokens/sec: 194068.92 ± 2661.05, tokens seen: 1101004800, grad norm: 0.4451
[iter 5610]loss: 3.3738, tokens/sec: 194068.90 ± 2658.68, tokens seen: 1102970880, grad norm: 0.3554
[iter 5620]loss: 3.5146, tokens/sec: 194068.78 ± 2656.32, tokens seen: 1104936960, grad norm: 0.4821
[iter 5630]loss: 3.4497, tokens/sec: 194068.81 ± 2653.97, tokens seen: 1106903040, grad norm: 0.3707
[iter 5640]loss: 3.7475, tokens/sec: 194068.88 ± 2651.62, tokens seen: 1108869120, grad norm: 0.3448
[iter 5650]loss: 3.6405, tokens/sec: 194068.90 ± 2649.28, tokens seen: 1110835200, grad norm: 0.3479
[iter 5660]loss: 3.6685, tokens/sec: 194068.62 ± 2647.00, tokens seen: 1112801280, grad norm: 0.3225
[iter 5670]loss: 3.5500, tokens/sec: 194068.21 ± 2644.77, tokens seen: 1114767360, grad norm: 0.3704
[iter 5680]loss: 3.3930, tokens/sec: 194068.44 ± 2642.45, tokens seen: 1116733440, grad norm: 0.3463
[iter 5690]loss: 3.3652, tokens/sec: 194068.42 ± 2640.17, tokens seen: 1118699520, grad norm: 0.3687
[iter 5700]loss: 3.5011, tokens/sec: 194068.41 ± 2637.87, tokens seen: 1120665600, grad norm: 0.3118
[iter 5710]loss: 3.4847, tokens/sec: 194068.46 ± 2635.57, tokens seen: 1122631680, grad norm: 0.3883
[iter 5720]loss: 3.4901, tokens/sec: 194068.53 ± 2633.27, tokens seen: 1124597760, grad norm: 0.3887
[iter 5730]loss: 3.4383, tokens/sec: 194067.57 ± 2631.35, tokens seen: 1126563840, grad norm: 0.3627
[iter 5740]loss: 3.5594, tokens/sec: 194067.32 ± 2629.09, tokens seen: 1128529920, grad norm: 0.3919
[iter 5750]loss: 3.5422, tokens/sec: 194067.29 ± 2626.81, tokens seen: 1130496000, grad norm: 0.3348
[iter 5760]loss: 3.5327, tokens/sec: 194067.26 ± 2624.53, tokens seen: 1132462080, grad norm: 0.3416
[iter 5770]loss: 3.3649, tokens/sec: 194066.86 ± 2622.41, tokens seen: 1134428160, grad norm: 0.3682
[iter 5780]loss: 3.4405, tokens/sec: 194066.96 ± 2620.17, tokens seen: 1136394240, grad norm: 0.3626
[iter 5790]loss: 3.5695, tokens/sec: 194067.11 ± 2617.92, tokens seen: 1138360320, grad norm: 0.3687
[iter 5800]loss: 3.5715, tokens/sec: 194067.14 ± 2615.66, tokens seen: 1140326400, grad norm: 0.3601
[iter 5810]loss: 3.4586, tokens/sec: 194066.81 ± 2613.57, tokens seen: 1142292480, grad norm: 0.3345
[iter 5820]loss: 3.4989, tokens/sec: 194066.68 ± 2611.35, tokens seen: 1144258560, grad norm: 0.3838
[iter 5830]loss: 3.5030, tokens/sec: 194066.28 ± 2609.20, tokens seen: 1146224640, grad norm: 0.3616
[iter 5840]loss: 3.4941, tokens/sec: 194066.14 ± 2606.99, tokens seen: 1148190720, grad norm: 0.3788
[iter 5850]loss: 3.6263, tokens/sec: 194066.00 ± 2604.77, tokens seen: 1150156800, grad norm: 0.3696
[iter 5860]loss: 3.5539, tokens/sec: 194065.95 ± 2602.56, tokens seen: 1152122880, grad norm: 0.3846
[iter 5870]loss: 3.4802, tokens/sec: 194066.08 ± 2600.35, tokens seen: 1154088960, grad norm: 0.3354
[iter 5880]loss: 3.5865, tokens/sec: 194066.22 ± 2598.15, tokens seen: 1156055040, grad norm: 0.3544
[iter 5890]loss: 3.4820, tokens/sec: 194066.48 ± 2595.96, tokens seen: 1158021120, grad norm: 0.3770
[iter 5900]loss: 3.5889, tokens/sec: 194066.60 ± 2593.77, tokens seen: 1159987200, grad norm: 0.4344
[iter 5910]loss: 3.5459, tokens/sec: 194066.94 ± 2591.59, tokens seen: 1161953280, grad norm: 0.4045
[iter 5920]loss: 3.5274, tokens/sec: 194067.16 ± 2589.42, tokens seen: 1163919360, grad norm: 0.3399
[iter 5930]loss: 3.4796, tokens/sec: 194067.23 ± 2587.24, tokens seen: 1165885440, grad norm: 0.3863
[iter 5940]loss: 3.5087, tokens/sec: 194067.38 ± 2585.06, tokens seen: 1167851520, grad norm: 0.3700
[iter 5950]loss: 3.6208, tokens/sec: 194067.35 ± 2582.93, tokens seen: 1169817600, grad norm: 0.3705
[iter 5960]loss: 3.5028, tokens/sec: 194067.53 ± 2580.79, tokens seen: 1171783680, grad norm: 0.3628
[iter 5970]loss: 3.5788, tokens/sec: 194067.67 ± 2578.64, tokens seen: 1173749760, grad norm: 0.3352
[iter 5980]loss: 3.4815, tokens/sec: 194067.86 ± 2576.50, tokens seen: 1175715840, grad norm: 0.3560
[iter 5990]loss: 3.5346, tokens/sec: 194067.92 ± 2574.35, tokens seen: 1177681920, grad norm: 0.3491
[step 6000]train loss: 3.5091, val loss: 3.5197, (avg train loss: 0.8799 ± 0.0195), (avg grad norm: 0.3654 ± 0.0253)
saving checkpoint to ./out-owt-small-mhc-group-lora-midnorm-inbeta-bs24-10000step
[iter 6000]loss: 3.2354, tokens/sec: 194068.22 ± 2572.23, tokens seen: 1179648000, grad norm: 0.3341
[iter 6010]loss: 3.4313, tokens/sec: 194068.29 ± 2570.11, tokens seen: 1181614080, grad norm: 0.3409
[iter 6020]loss: 3.5942, tokens/sec: 194068.09 ± 2568.04, tokens seen: 1183580160, grad norm: 0.3272
[iter 6030]loss: 3.6882, tokens/sec: 194068.17 ± 2565.93, tokens seen: 1185546240, grad norm: 0.3636
[iter 6040]loss: 3.4802, tokens/sec: 194068.49 ± 2563.82, tokens seen: 1187512320, grad norm: 0.3551
[iter 6050]loss: 3.4011, tokens/sec: 194068.65 ± 2561.72, tokens seen: 1189478400, grad norm: 0.3338
[iter 6060]loss: 3.3620, tokens/sec: 194068.75 ± 2559.62, tokens seen: 1191444480, grad norm: 0.4073
[iter 6070]loss: 3.5056, tokens/sec: 194068.67 ± 2557.52, tokens seen: 1193410560, grad norm: 0.3295
[iter 6080]loss: 3.4155, tokens/sec: 194068.80 ± 2555.43, tokens seen: 1195376640, grad norm: 0.3738
[iter 6090]loss: 3.5551, tokens/sec: 194068.64 ± 2553.37, tokens seen: 1197342720, grad norm: 0.3774
[iter 6100]loss: 3.6333, tokens/sec: 194068.78 ± 2551.29, tokens seen: 1199308800, grad norm: 0.3642
[iter 6110]loss: 3.5371, tokens/sec: 194068.22 ± 2549.33, tokens seen: 1201274880, grad norm: 0.3614
[iter 6120]loss: 3.5612, tokens/sec: 194068.35 ± 2547.25, tokens seen: 1203240960, grad norm: 0.3293
[iter 6130]loss: 3.4117, tokens/sec: 194068.43 ± 2545.19, tokens seen: 1205207040, grad norm: 0.3438
[iter 6140]loss: 3.5208, tokens/sec: 194068.46 ± 2543.12, tokens seen: 1207173120, grad norm: 0.3695
[iter 6150]loss: 3.4367, tokens/sec: 194068.35 ± 2541.08, tokens seen: 1209139200, grad norm: 0.3584
[iter 6160]loss: 3.4949, tokens/sec: 194068.29 ± 2539.03, tokens seen: 1211105280, grad norm: 0.4113
[iter 6170]loss: 3.5419, tokens/sec: 194068.20 ± 2536.97, tokens seen: 1213071360, grad norm: 0.3432
[iter 6180]loss: 3.5482, tokens/sec: 194068.23 ± 2534.93, tokens seen: 1215037440, grad norm: 0.3413
[iter 6190]loss: 3.4990, tokens/sec: 194068.22 ± 2532.90, tokens seen: 1217003520, grad norm: 0.3553
[iter 6200]loss: 3.5373, tokens/sec: 194068.36 ± 2530.87, tokens seen: 1218969600, grad norm: 0.3621
[iter 6210]loss: 3.5676, tokens/sec: 194068.44 ± 2528.85, tokens seen: 1220935680, grad norm: 0.3736
[iter 6220]loss: 3.6240, tokens/sec: 194068.43 ± 2526.83, tokens seen: 1222901760, grad norm: 0.3379
[iter 6230]loss: 3.4441, tokens/sec: 194068.55 ± 2524.80, tokens seen: 1224867840, grad norm: 0.3618
[iter 6240]loss: 3.5173, tokens/sec: 194068.69 ± 2522.80, tokens seen: 1226833920, grad norm: 0.3444
[iter 6250]loss: 3.5235, tokens/sec: 194068.74 ± 2520.79, tokens seen: 1228800000, grad norm: 0.3797
[iter 6260]loss: 3.5029, tokens/sec: 194068.69 ± 2518.79, tokens seen: 1230766080, grad norm: 0.3520
[iter 6270]loss: 3.3310, tokens/sec: 194068.76 ± 2516.79, tokens seen: 1232732160, grad norm: 0.3576
[iter 6280]loss: 3.5115, tokens/sec: 194068.97 ± 2514.81, tokens seen: 1234698240, grad norm: 0.3483
[iter 6290]loss: 3.6105, tokens/sec: 194068.94 ± 2512.82, tokens seen: 1236664320, grad norm: 0.3587
[iter 6300]loss: 3.4123, tokens/sec: 194069.17 ± 2510.84, tokens seen: 1238630400, grad norm: 0.3991
[iter 6310]loss: 3.4765, tokens/sec: 194069.41 ± 2508.86, tokens seen: 1240596480, grad norm: 0.3631
[iter 6320]loss: 3.5277, tokens/sec: 194069.26 ± 2506.93, tokens seen: 1242562560, grad norm: 0.3707
[iter 6330]loss: 3.4381, tokens/sec: 194069.23 ± 2504.96, tokens seen: 1244528640, grad norm: 0.3568
[iter 6340]loss: 3.5939, tokens/sec: 194069.36 ± 2503.00, tokens seen: 1246494720, grad norm: 0.3633
[iter 6350]loss: 3.4626, tokens/sec: 194069.38 ± 2501.03, tokens seen: 1248460800, grad norm: 0.3580
[iter 6360]loss: 3.4669, tokens/sec: 194069.55 ± 2499.08, tokens seen: 1250426880, grad norm: 0.3366
[iter 6370]loss: 3.4683, tokens/sec: 194069.83 ± 2497.15, tokens seen: 1252392960, grad norm: 0.3416
[iter 6380]loss: 3.5156, tokens/sec: 194070.02 ± 2495.20, tokens seen: 1254359040, grad norm: 0.3729
[iter 6390]loss: 3.4357, tokens/sec: 194070.10 ± 2493.27, tokens seen: 1256325120, grad norm: 0.3312
[iter 6400]loss: 3.5769, tokens/sec: 194070.11 ± 2491.35, tokens seen: 1258291200, grad norm: 0.3579
[iter 6410]loss: 3.5650, tokens/sec: 194070.29 ± 2489.42, tokens seen: 1260257280, grad norm: 0.3517
[iter 6420]loss: 3.4915, tokens/sec: 194070.54 ± 2487.50, tokens seen: 1262223360, grad norm: 0.3526
[iter 6430]loss: 3.5194, tokens/sec: 194070.76 ± 2485.57, tokens seen: 1264189440, grad norm: 0.3801
[iter 6440]loss: 3.4308, tokens/sec: 194070.74 ± 2483.64, tokens seen: 1266155520, grad norm: 0.3465
[iter 6450]loss: 3.5395, tokens/sec: 194070.88 ± 2481.73, tokens seen: 1268121600, grad norm: 0.3731
[iter 6460]loss: 3.5206, tokens/sec: 194070.81 ± 2479.82, tokens seen: 1270087680, grad norm: 0.3302
[iter 6470]loss: 3.4535, tokens/sec: 194070.79 ± 2477.90, tokens seen: 1272053760, grad norm: 0.4385
[iter 6480]loss: 3.5369, tokens/sec: 194070.70 ± 2476.00, tokens seen: 1274019840, grad norm: 0.4175
[iter 6490]loss: 3.4223, tokens/sec: 194070.37 ± 2474.17, tokens seen: 1275985920, grad norm: 0.3475
[step 6500]train loss: 3.4783, val loss: 3.5015, (avg train loss: 0.8767 ± 0.0203), (avg grad norm: 0.3674 ± 0.0247)
saving checkpoint to ./out-owt-small-mhc-group-lora-midnorm-inbeta-bs24-10000step
[iter 6500]loss: 3.2821, tokens/sec: 194070.55 ± 2472.28, tokens seen: 1277952000, grad norm: 0.3987
[iter 6510]loss: 3.3855, tokens/sec: 194070.76 ± 2470.40, tokens seen: 1279918080, grad norm: 0.3370
[iter 6520]loss: 3.5378, tokens/sec: 194070.88 ± 2468.51, tokens seen: 1281884160, grad norm: 0.3154
[iter 6530]loss: 3.4282, tokens/sec: 194071.14 ± 2466.64, tokens seen: 1283850240, grad norm: 0.3500
[iter 6540]loss: 3.4763, tokens/sec: 194071.26 ± 2464.76, tokens seen: 1285816320, grad norm: 0.3824
[iter 6550]loss: 3.4603, tokens/sec: 194071.36 ± 2462.89, tokens seen: 1287782400, grad norm: 0.3472
[iter 6560]loss: 3.6155, tokens/sec: 194071.49 ± 2461.03, tokens seen: 1289748480, grad norm: 0.3530
[iter 6570]loss: 3.5405, tokens/sec: 194071.51 ± 2459.17, tokens seen: 1291714560, grad norm: 0.3602
[iter 6580]loss: 3.4870, tokens/sec: 194071.77 ± 2457.31, tokens seen: 1293680640, grad norm: 0.3629
[iter 6590]loss: 3.5310, tokens/sec: 194071.75 ± 2455.45, tokens seen: 1295646720, grad norm: 0.3615
[iter 6600]loss: 3.6876, tokens/sec: 194071.99 ± 2453.60, tokens seen: 1297612800, grad norm: 0.3891
[iter 6610]loss: 3.4133, tokens/sec: 194072.05 ± 2451.76, tokens seen: 1299578880, grad norm: 0.3298
[iter 6620]loss: 3.4087, tokens/sec: 194072.15 ± 2449.92, tokens seen: 1301544960, grad norm: 0.3854
[iter 6630]loss: 3.4799, tokens/sec: 194072.07 ± 2448.10, tokens seen: 1303511040, grad norm: 0.3774
[iter 6640]loss: 3.4975, tokens/sec: 194072.05 ± 2446.27, tokens seen: 1305477120, grad norm: 0.4148
[iter 6650]loss: 3.4337, tokens/sec: 194071.88 ± 2444.50, tokens seen: 1307443200, grad norm: 0.3575
[iter 6660]loss: 3.5528, tokens/sec: 194071.79 ± 2442.68, tokens seen: 1309409280, grad norm: 0.3393
[iter 6670]loss: 3.4249, tokens/sec: 194071.88 ± 2440.86, tokens seen: 1311375360, grad norm: 0.3665
[iter 6680]loss: 3.3330, tokens/sec: 194071.80 ± 2439.04, tokens seen: 1313341440, grad norm: 0.3517
[iter 6690]loss: 3.4546, tokens/sec: 194071.85 ± 2437.23, tokens seen: 1315307520, grad norm: 0.3349
[iter 6700]loss: 3.5362, tokens/sec: 194071.86 ± 2435.41, tokens seen: 1317273600, grad norm: 0.3778
[iter 6710]loss: 3.5419, tokens/sec: 194071.90 ± 2433.62, tokens seen: 1319239680, grad norm: 0.3830
[iter 6720]loss: 3.5790, tokens/sec: 194071.90 ± 2431.82, tokens seen: 1321205760, grad norm: 0.3444
[iter 6730]loss: 3.4351, tokens/sec: 194071.86 ± 2430.04, tokens seen: 1323171840, grad norm: 0.3576
[iter 6740]loss: 3.5508, tokens/sec: 194071.59 ± 2428.29, tokens seen: 1325137920, grad norm: 0.3574
[iter 6750]loss: 3.4123, tokens/sec: 194071.54 ± 2426.49, tokens seen: 1327104000, grad norm: 0.3469
[iter 6760]loss: 3.5434, tokens/sec: 194071.61 ± 2424.71, tokens seen: 1329070080, grad norm: 0.3626
[iter 6770]loss: 3.6494, tokens/sec: 194071.61 ± 2422.93, tokens seen: 1331036160, grad norm: 0.3652
[iter 6780]loss: 3.4317, tokens/sec: 194071.55 ± 2421.16, tokens seen: 1333002240, grad norm: 0.4002
[iter 6790]loss: 3.4553, tokens/sec: 194071.47 ± 2419.38, tokens seen: 1334968320, grad norm: 0.3423
[iter 6800]loss: 3.3681, tokens/sec: 194071.37 ± 2417.61, tokens seen: 1336934400, grad norm: 0.3750
[iter 6810]loss: 3.4436, tokens/sec: 194071.41 ± 2415.85, tokens seen: 1338900480, grad norm: 0.3628
[iter 6820]loss: 3.5012, tokens/sec: 194071.09 ± 2414.16, tokens seen: 1340866560, grad norm: 0.3506
[iter 6830]loss: 3.4870, tokens/sec: 194071.18 ± 2412.41, tokens seen: 1342832640, grad norm: 0.3184
[iter 6840]loss: 3.5390, tokens/sec: 194071.10 ± 2410.66, tokens seen: 1344798720, grad norm: 0.3567
[iter 6850]loss: 3.3757, tokens/sec: 194070.64 ± 2408.98, tokens seen: 1346764800, grad norm: 0.3627
[iter 6860]loss: 3.5068, tokens/sec: 194070.76 ± 2407.23, tokens seen: 1348730880, grad norm: 0.3593
[iter 6870]loss: 3.6319, tokens/sec: 194070.84 ± 2405.49, tokens seen: 1350696960, grad norm: 0.3445
[iter 6880]loss: 3.5237, tokens/sec: 194070.67 ± 2403.76, tokens seen: 1352663040, grad norm: 0.3869
[iter 6890]loss: 3.5481, tokens/sec: 194070.63 ± 2402.03, tokens seen: 1354629120, grad norm: 0.3631
[iter 6900]loss: 3.5443, tokens/sec: 194070.73 ± 2400.30, tokens seen: 1356595200, grad norm: 0.3458
[iter 6910]loss: 3.5410, tokens/sec: 194070.71 ± 2398.57, tokens seen: 1358561280, grad norm: 0.3623
[iter 6920]loss: 3.4197, tokens/sec: 194069.92 ± 2397.10, tokens seen: 1360527360, grad norm: 0.3381
[iter 6930]loss: 3.4125, tokens/sec: 194070.07 ± 2395.38, tokens seen: 1362493440, grad norm: 0.3505
[iter 6940]loss: 3.4379, tokens/sec: 194070.13 ± 2393.67, tokens seen: 1364459520, grad norm: 0.3829
[iter 6950]loss: 3.5048, tokens/sec: 194069.40 ± 2392.40, tokens seen: 1366425600, grad norm: 0.3503
[iter 6960]loss: 3.4297, tokens/sec: 194069.39 ± 2390.69, tokens seen: 1368391680, grad norm: 0.3781
[iter 6970]loss: 3.5553, tokens/sec: 194069.37 ± 2388.98, tokens seen: 1370357760, grad norm: 0.4144
[iter 6980]loss: 3.3695, tokens/sec: 194069.37 ± 2387.29, tokens seen: 1372323840, grad norm: 0.3576
[iter 6990]loss: 3.5070, tokens/sec: 194069.33 ± 2385.59, tokens seen: 1374289920, grad norm: 0.3803
[step 7000]train loss: 3.4689, val loss: 3.4699, (avg train loss: 0.8694 ± 0.0204), (avg grad norm: 0.3630 ± 0.0232)
saving checkpoint to ./out-owt-small-mhc-group-lora-midnorm-inbeta-bs24-10000step
[iter 7000]loss: 3.6362, tokens/sec: 194069.37 ± 2383.90, tokens seen: 1376256000, grad norm: 0.3431
[iter 7010]loss: 3.5084, tokens/sec: 194069.49 ± 2382.23, tokens seen: 1378222080, grad norm: 0.3274
[iter 7020]loss: 3.4602, tokens/sec: 194069.67 ± 2380.56, tokens seen: 1380188160, grad norm: 0.3385
[iter 7030]loss: 3.5457, tokens/sec: 194069.65 ± 2378.88, tokens seen: 1382154240, grad norm: 0.3544
[iter 7040]loss: 3.5627, tokens/sec: 194069.57 ± 2377.20, tokens seen: 1384120320, grad norm: 0.3351
[iter 7050]loss: 3.5928, tokens/sec: 194069.68 ± 2375.52, tokens seen: 1386086400, grad norm: 0.3499
[iter 7060]loss: 3.4818, tokens/sec: 194069.76 ± 2373.85, tokens seen: 1388052480, grad norm: 0.3538
[iter 7070]loss: 3.5302, tokens/sec: 194069.67 ± 2372.19, tokens seen: 1390018560, grad norm: 0.3525
[iter 7080]loss: 3.4489, tokens/sec: 194069.81 ± 2370.52, tokens seen: 1391984640, grad norm: 0.3526
[iter 7090]loss: 3.5520, tokens/sec: 194069.86 ± 2368.86, tokens seen: 1393950720, grad norm: 0.3961
[iter 7100]loss: 3.5184, tokens/sec: 194069.94 ± 2367.20, tokens seen: 1395916800, grad norm: 0.3420
[iter 7110]loss: 3.4334, tokens/sec: 194070.00 ± 2365.54, tokens seen: 1397882880, grad norm: 0.3759
[iter 7120]loss: 3.3801, tokens/sec: 194069.94 ± 2363.88, tokens seen: 1399848960, grad norm: 0.3485
[iter 7130]loss: 3.4689, tokens/sec: 194070.06 ± 2362.23, tokens seen: 1401815040, grad norm: 0.3493
[iter 7140]loss: 3.5410, tokens/sec: 194070.12 ± 2360.59, tokens seen: 1403781120, grad norm: 0.3432
[iter 7150]loss: 3.4911, tokens/sec: 194070.10 ± 2358.96, tokens seen: 1405747200, grad norm: 0.3464
[iter 7160]loss: 3.5258, tokens/sec: 194070.12 ± 2357.31, tokens seen: 1407713280, grad norm: 0.3659
[iter 7170]loss: 3.5352, tokens/sec: 194069.92 ± 2355.72, tokens seen: 1409679360, grad norm: 0.3730
[iter 7180]loss: 3.3809, tokens/sec: 194069.89 ± 2354.09, tokens seen: 1411645440, grad norm: 0.3708
[iter 7190]loss: 3.5086, tokens/sec: 194069.87 ± 2352.46, tokens seen: 1413611520, grad norm: 0.3509
[iter 7200]loss: 3.4212, tokens/sec: 194069.70 ± 2350.86, tokens seen: 1415577600, grad norm: 0.3966
[iter 7210]loss: 3.4874, tokens/sec: 194069.83 ± 2349.23, tokens seen: 1417543680, grad norm: 0.3927
[iter 7220]loss: 3.3738, tokens/sec: 194069.98 ± 2347.61, tokens seen: 1419509760, grad norm: 0.4410
[iter 7230]loss: 3.2805, tokens/sec: 194070.05 ± 2346.00, tokens seen: 1421475840, grad norm: 0.3567
[iter 7240]loss: 3.5456, tokens/sec: 194069.62 ± 2344.44, tokens seen: 1423441920, grad norm: 0.3921
[iter 7250]loss: 3.3786, tokens/sec: 194069.57 ± 2342.84, tokens seen: 1425408000, grad norm: 0.3669
[iter 7260]loss: 3.5025, tokens/sec: 194069.54 ± 2341.25, tokens seen: 1427374080, grad norm: 0.3932
[iter 7270]loss: 3.5644, tokens/sec: 194069.37 ± 2339.66, tokens seen: 1429340160, grad norm: 0.3746
[iter 7280]loss: 3.4332, tokens/sec: 194069.47 ± 2338.06, tokens seen: 1431306240, grad norm: 0.3441
[iter 7290]loss: 3.4345, tokens/sec: 194069.25 ± 2336.47, tokens seen: 1433272320, grad norm: 0.3852
[iter 7300]loss: 3.5021, tokens/sec: 194069.07 ± 2334.88, tokens seen: 1435238400, grad norm: 0.3819
[iter 7310]loss: 3.5322, tokens/sec: 194069.15 ± 2333.30, tokens seen: 1437204480, grad norm: 0.3658
[iter 7320]loss: 3.4472, tokens/sec: 194069.16 ± 2331.71, tokens seen: 1439170560, grad norm: 0.3447
[iter 7330]loss: 3.5193, tokens/sec: 194069.05 ± 2330.14, tokens seen: 1441136640, grad norm: 0.3331
[iter 7340]loss: 3.4684, tokens/sec: 194069.04 ± 2328.56, tokens seen: 1443102720, grad norm: 0.3781
[iter 7350]loss: 3.4275, tokens/sec: 194068.93 ± 2327.02, tokens seen: 1445068800, grad norm: 0.3324
[iter 7360]loss: 3.5930, tokens/sec: 194068.80 ± 2325.47, tokens seen: 1447034880, grad norm: 0.3324
[iter 7370]loss: 3.4040, tokens/sec: 194068.80 ± 2323.90, tokens seen: 1449000960, grad norm: 0.3491
[iter 7380]loss: 3.3297, tokens/sec: 194068.59 ± 2322.34, tokens seen: 1450967040, grad norm: 0.3735
[iter 7390]loss: 3.4424, tokens/sec: 194068.30 ± 2320.83, tokens seen: 1452933120, grad norm: 0.4015
[iter 7400]loss: 3.4555, tokens/sec: 194068.20 ± 2319.27, tokens seen: 1454899200, grad norm: 0.3448
[iter 7410]loss: 3.5548, tokens/sec: 194068.24 ± 2317.72, tokens seen: 1456865280, grad norm: 0.3318
[iter 7420]loss: 3.4840, tokens/sec: 194068.08 ± 2316.19, tokens seen: 1458831360, grad norm: 0.3687
[iter 7430]loss: 3.5103, tokens/sec: 194067.92 ± 2314.65, tokens seen: 1460797440, grad norm: 0.3741
[iter 7440]loss: 3.6234, tokens/sec: 194067.80 ± 2313.10, tokens seen: 1462763520, grad norm: 0.3765
[iter 7450]loss: 3.2612, tokens/sec: 194067.93 ± 2311.56, tokens seen: 1464729600, grad norm: 0.3935
[iter 7460]loss: 3.4184, tokens/sec: 194067.78 ± 2310.06, tokens seen: 1466695680, grad norm: 0.3476
[iter 7470]loss: 3.5300, tokens/sec: 194067.87 ± 2308.52, tokens seen: 1468661760, grad norm: 0.3565
[iter 7480]loss: 3.4954, tokens/sec: 194068.01 ± 2306.98, tokens seen: 1470627840, grad norm: 0.4245
[iter 7490]loss: 3.4470, tokens/sec: 194068.05 ± 2305.45, tokens seen: 1472593920, grad norm: 0.3845
[step 7500]train loss: 3.4605, val loss: 3.4759, (avg train loss: 0.8654 ± 0.0195), (avg grad norm: 0.3640 ± 0.0197)
[iter 7500]loss: 3.4217, tokens/sec: 194068.05 ± 2303.92, tokens seen: 1474560000, grad norm: 0.3521
[iter 7510]loss: 3.3115, tokens/sec: 194068.35 ± 2302.42, tokens seen: 1476526080, grad norm: 0.3732
[iter 7520]loss: 3.4956, tokens/sec: 194068.56 ± 2300.91, tokens seen: 1478492160, grad norm: 0.4361
[iter 7530]loss: 3.4993, tokens/sec: 194068.56 ± 2299.40, tokens seen: 1480458240, grad norm: 0.3473
[iter 7540]loss: 3.4236, tokens/sec: 194068.41 ± 2297.89, tokens seen: 1482424320, grad norm: 0.3557
[iter 7550]loss: 3.4665, tokens/sec: 194068.39 ± 2296.38, tokens seen: 1484390400, grad norm: 0.3485
[iter 7560]loss: 3.3894, tokens/sec: 194068.41 ± 2294.88, tokens seen: 1486356480, grad norm: 0.3391
[iter 7570]loss: 3.4408, tokens/sec: 194068.40 ± 2293.38, tokens seen: 1488322560, grad norm: 0.3854
[iter 7580]loss: 3.4346, tokens/sec: 194068.26 ± 2291.89, tokens seen: 1490288640, grad norm: 0.3539
[iter 7590]loss: 3.4359, tokens/sec: 194068.19 ± 2290.39, tokens seen: 1492254720, grad norm: 0.3437
[iter 7600]loss: 3.3158, tokens/sec: 194066.58 ± 2290.63, tokens seen: 1494220800, grad norm: 0.3360
[iter 7610]loss: 3.4081, tokens/sec: 194066.65 ± 2289.13, tokens seen: 1496186880, grad norm: 0.3291
[iter 7620]loss: 3.4259, tokens/sec: 194066.71 ± 2287.64, tokens seen: 1498152960, grad norm: 0.3630
[iter 7630]loss: 3.4542, tokens/sec: 194066.79 ± 2286.14, tokens seen: 1500119040, grad norm: 0.3617
[iter 7640]loss: 3.4673, tokens/sec: 194066.78 ± 2284.66, tokens seen: 1502085120, grad norm: 0.3608
[iter 7650]loss: 3.3770, tokens/sec: 194066.69 ± 2283.17, tokens seen: 1504051200, grad norm: 0.3485
[iter 7660]loss: 3.5287, tokens/sec: 194066.72 ± 2281.69, tokens seen: 1506017280, grad norm: 0.3463
[iter 7670]loss: 3.3316, tokens/sec: 194066.76 ± 2280.21, tokens seen: 1507983360, grad norm: 0.3852
[iter 7680]loss: 3.4546, tokens/sec: 194066.76 ± 2278.74, tokens seen: 1509949440, grad norm: 0.3526
[iter 7690]loss: 3.3220, tokens/sec: 194066.67 ± 2277.27, tokens seen: 1511915520, grad norm: 0.3458
[iter 7700]loss: 3.5361, tokens/sec: 194066.67 ± 2275.80, tokens seen: 1513881600, grad norm: 0.3795
[iter 7710]loss: 3.4520, tokens/sec: 194066.52 ± 2274.37, tokens seen: 1515847680, grad norm: 0.3600
[iter 7720]loss: 3.5229, tokens/sec: 194066.48 ± 2272.90, tokens seen: 1517813760, grad norm: 0.3562
[iter 7730]loss: 3.4305, tokens/sec: 194066.61 ± 2271.44, tokens seen: 1519779840, grad norm: 0.3378
[iter 7740]loss: 3.5602, tokens/sec: 194066.55 ± 2270.01, tokens seen: 1521745920, grad norm: 0.3588
[iter 7750]loss: 3.4952, tokens/sec: 194066.53 ± 2268.56, tokens seen: 1523712000, grad norm: 0.3373
[iter 7760]loss: 3.4309, tokens/sec: 194066.60 ± 2267.10, tokens seen: 1525678080, grad norm: 0.3528
[iter 7770]loss: 3.5006, tokens/sec: 194066.62 ± 2265.65, tokens seen: 1527644160, grad norm: 0.3923
[iter 7780]loss: 3.4694, tokens/sec: 194066.58 ± 2264.20, tokens seen: 1529610240, grad norm: 0.3910
[iter 7790]loss: 3.5094, tokens/sec: 194066.63 ± 2262.75, tokens seen: 1531576320, grad norm: 0.3623
[iter 7800]loss: 3.4516, tokens/sec: 194066.65 ± 2261.31, tokens seen: 1533542400, grad norm: 0.3607
[iter 7810]loss: 3.4312, tokens/sec: 194066.66 ± 2259.87, tokens seen: 1535508480, grad norm: 0.3669
[iter 7820]loss: 3.3853, tokens/sec: 194066.67 ± 2258.46, tokens seen: 1537474560, grad norm: 0.3433
[iter 7830]loss: 3.5553, tokens/sec: 194066.60 ± 2257.03, tokens seen: 1539440640, grad norm: 0.3834
[iter 7840]loss: 3.3492, tokens/sec: 194066.66 ± 2255.60, tokens seen: 1541406720, grad norm: 0.3455
[iter 7850]loss: 3.5350, tokens/sec: 194066.47 ± 2254.20, tokens seen: 1543372800, grad norm: 0.3666
[iter 7860]loss: 3.4247, tokens/sec: 194066.30 ± 2252.80, tokens seen: 1545338880, grad norm: 0.3667
[iter 7870]loss: 3.4085, tokens/sec: 194066.32 ± 2251.38, tokens seen: 1547304960, grad norm: 0.3302
[iter 7880]loss: 3.4417, tokens/sec: 194066.36 ± 2249.96, tokens seen: 1549271040, grad norm: 0.3433
[iter 7890]loss: 3.5744, tokens/sec: 194066.54 ± 2248.55, tokens seen: 1551237120, grad norm: 0.3314
[iter 7900]loss: 3.5632, tokens/sec: 194066.74 ± 2247.14, tokens seen: 1553203200, grad norm: 0.3850
[iter 7910]loss: 3.4558, tokens/sec: 194066.63 ± 2245.76, tokens seen: 1555169280, grad norm: 0.3517
[iter 7920]loss: 3.4493, tokens/sec: 194066.74 ± 2244.35, tokens seen: 1557135360, grad norm: 0.3491
[iter 7930]loss: 3.5508, tokens/sec: 194066.71 ± 2242.95, tokens seen: 1559101440, grad norm: 0.3470
[iter 7940]loss: 3.2950, tokens/sec: 194066.35 ± 2241.67, tokens seen: 1561067520, grad norm: 0.3474
[iter 7950]loss: 3.5720, tokens/sec: 194066.49 ± 2240.28, tokens seen: 1563033600, grad norm: 0.3902
[iter 7960]loss: 3.5373, tokens/sec: 194066.51 ± 2238.88, tokens seen: 1564999680, grad norm: 0.3597
[iter 7970]loss: 3.4372, tokens/sec: 194066.45 ± 2237.48, tokens seen: 1566965760, grad norm: 0.3601
[iter 7980]loss: 3.3712, tokens/sec: 194066.42 ± 2236.08, tokens seen: 1568931840, grad norm: 0.3588
[iter 7990]loss: 3.5616, tokens/sec: 194066.46 ± 2234.69, tokens seen: 1570897920, grad norm: 0.3176
[step 8000]train loss: 3.4389, val loss: 3.4419, (avg train loss: 0.8611 ± 0.0216), (avg grad norm: 0.3534 ± 0.0183)
saving checkpoint to ./out-owt-small-mhc-group-lora-midnorm-inbeta-bs24-10000step
[iter 8000]loss: 3.4540, tokens/sec: 194066.65 ± 2233.31, tokens seen: 1572864000, grad norm: 0.3529
[iter 8010]loss: 3.4975, tokens/sec: 194066.62 ± 2231.95, tokens seen: 1574830080, grad norm: 0.3793
[iter 8020]loss: 3.3559, tokens/sec: 194066.88 ± 2230.58, tokens seen: 1576796160, grad norm: 0.3749
[iter 8030]loss: 3.4096, tokens/sec: 194067.02 ± 2229.22, tokens seen: 1578762240, grad norm: 0.3608
[iter 8040]loss: 3.4001, tokens/sec: 194067.17 ± 2227.84, tokens seen: 1580728320, grad norm: 0.3275
[iter 8050]loss: 3.4382, tokens/sec: 194067.25 ± 2226.47, tokens seen: 1582694400, grad norm: 0.3432
[iter 8060]loss: 3.3845, tokens/sec: 194067.35 ± 2225.10, tokens seen: 1584660480, grad norm: 0.3582
[iter 8070]loss: 3.4780, tokens/sec: 194067.60 ± 2223.74, tokens seen: 1586626560, grad norm: 0.3442
[iter 8080]loss: 3.4089, tokens/sec: 194067.84 ± 2222.38, tokens seen: 1588592640, grad norm: 0.3382
[iter 8090]loss: 3.3950, tokens/sec: 194068.12 ± 2221.02, tokens seen: 1590558720, grad norm: 0.3393
[iter 8100]loss: 3.3620, tokens/sec: 194068.32 ± 2219.67, tokens seen: 1592524800, grad norm: 0.3419
[iter 8110]loss: 3.6618, tokens/sec: 194068.45 ± 2218.31, tokens seen: 1594490880, grad norm: 0.3505
[iter 8120]loss: 3.5217, tokens/sec: 194068.75 ± 2216.97, tokens seen: 1596456960, grad norm: 0.3375
[iter 8130]loss: 3.4003, tokens/sec: 194068.77 ± 2215.62, tokens seen: 1598423040, grad norm: 0.3315
[iter 8140]loss: 3.4771, tokens/sec: 194068.89 ± 2214.27, tokens seen: 1600389120, grad norm: 0.3701
[iter 8150]loss: 3.4718, tokens/sec: 194069.16 ± 2212.93, tokens seen: 1602355200, grad norm: 0.3215
[iter 8160]loss: 3.2945, tokens/sec: 194069.51 ± 2211.60, tokens seen: 1604321280, grad norm: 0.3365
[iter 8170]loss: 3.5538, tokens/sec: 194069.80 ± 2210.27, tokens seen: 1606287360, grad norm: 0.3553
[iter 8180]loss: 3.4781, tokens/sec: 194070.10 ± 2208.95, tokens seen: 1608253440, grad norm: 0.4420
[iter 8190]loss: 3.4253, tokens/sec: 194070.37 ± 2207.63, tokens seen: 1610219520, grad norm: 0.3842
[iter 8200]loss: 3.3645, tokens/sec: 194070.65 ± 2206.30, tokens seen: 1612185600, grad norm: 0.3760
[iter 8210]loss: 3.2407, tokens/sec: 194070.69 ± 2204.97, tokens seen: 1614151680, grad norm: 0.3622
[iter 8220]loss: 3.6030, tokens/sec: 194070.84 ± 2203.64, tokens seen: 1616117760, grad norm: 0.3574
[iter 8230]loss: 3.4041, tokens/sec: 194070.99 ± 2202.31, tokens seen: 1618083840, grad norm: 0.3490
[iter 8240]loss: 3.3493, tokens/sec: 194071.17 ± 2200.98, tokens seen: 1620049920, grad norm: 0.3570
[iter 8250]loss: 3.4252, tokens/sec: 194071.32 ± 2199.66, tokens seen: 1622016000, grad norm: 0.3575
[iter 8260]loss: 3.4132, tokens/sec: 194071.56 ± 2198.35, tokens seen: 1623982080, grad norm: 0.3562
[iter 8270]loss: 3.5390, tokens/sec: 194071.85 ± 2197.05, tokens seen: 1625948160, grad norm: 0.3439
[iter 8280]loss: 3.4360, tokens/sec: 194072.05 ± 2195.73, tokens seen: 1627914240, grad norm: 0.3465
[iter 8290]loss: 3.4407, tokens/sec: 194072.15 ± 2194.42, tokens seen: 1629880320, grad norm: 0.3398
[iter 8300]loss: 3.3731, tokens/sec: 194072.31 ± 2193.11, tokens seen: 1631846400, grad norm: 0.3508
[iter 8310]loss: 3.5149, tokens/sec: 194072.64 ± 2191.82, tokens seen: 1633812480, grad norm: 0.3597
[iter 8320]loss: 3.4387, tokens/sec: 194072.71 ± 2190.51, tokens seen: 1635778560, grad norm: 0.3338
[iter 8330]loss: 3.5582, tokens/sec: 194072.95 ± 2189.21, tokens seen: 1637744640, grad norm: 0.3319
[iter 8340]loss: 3.4419, tokens/sec: 194073.10 ± 2187.91, tokens seen: 1639710720, grad norm: 0.3352
[iter 8350]loss: 3.4170, tokens/sec: 194073.29 ± 2186.62, tokens seen: 1641676800, grad norm: 0.3666
[iter 8360]loss: 3.4569, tokens/sec: 194073.39 ± 2185.32, tokens seen: 1643642880, grad norm: 0.3334
[iter 8370]loss: 3.3708, tokens/sec: 194073.55 ± 2184.02, tokens seen: 1645608960, grad norm: 0.3791
[iter 8380]loss: 3.6021, tokens/sec: 194073.67 ± 2182.73, tokens seen: 1647575040, grad norm: 0.3494
[iter 8390]loss: 3.3077, tokens/sec: 194074.03 ± 2181.46, tokens seen: 1649541120, grad norm: 0.3458
[iter 8400]loss: 3.4415, tokens/sec: 194074.30 ± 2180.18, tokens seen: 1651507200, grad norm: 0.3482
[iter 8410]loss: 3.2965, tokens/sec: 194074.42 ± 2178.89, tokens seen: 1653473280, grad norm: 0.3463
[iter 8420]loss: 3.3619, tokens/sec: 194074.61 ± 2177.61, tokens seen: 1655439360, grad norm: 0.3291
[iter 8430]loss: 3.4696, tokens/sec: 194074.66 ± 2176.33, tokens seen: 1657405440, grad norm: 0.3432
[iter 8440]loss: 3.5384, tokens/sec: 194074.86 ± 2175.06, tokens seen: 1659371520, grad norm: 0.3452
[iter 8450]loss: 3.3614, tokens/sec: 194074.99 ± 2173.78, tokens seen: 1661337600, grad norm: 0.3771
[iter 8460]loss: 3.3927, tokens/sec: 194075.31 ± 2172.53, tokens seen: 1663303680, grad norm: 0.4116
[iter 8470]loss: 3.4297, tokens/sec: 194075.54 ± 2171.26, tokens seen: 1665269760, grad norm: 0.3569
[iter 8480]loss: 3.4179, tokens/sec: 194075.65 ± 2169.99, tokens seen: 1667235840, grad norm: 0.3409
[iter 8490]loss: 3.4513, tokens/sec: 194075.90 ± 2168.73, tokens seen: 1669201920, grad norm: 0.3497
[step 8500]train loss: 3.4270, val loss: 3.4388, (avg train loss: 0.8555 ± 0.0216), (avg grad norm: 0.3519 ± 0.0175)
saving checkpoint to ./out-owt-small-mhc-group-lora-midnorm-inbeta-bs24-10000step
[iter 8500]loss: 3.4734, tokens/sec: 194076.09 ± 2167.47, tokens seen: 1671168000, grad norm: 0.3640
[iter 8510]loss: 3.4391, tokens/sec: 194076.47 ± 2166.23, tokens seen: 1673134080, grad norm: 0.3476
[iter 8520]loss: 3.3076, tokens/sec: 194076.59 ± 2164.97, tokens seen: 1675100160, grad norm: 0.3368
[iter 8530]loss: 3.4858, tokens/sec: 194076.86 ± 2163.73, tokens seen: 1677066240, grad norm: 0.3418
[iter 8540]loss: 3.4652, tokens/sec: 194076.97 ± 2162.47, tokens seen: 1679032320, grad norm: 0.3480
[iter 8550]loss: 3.5321, tokens/sec: 194077.07 ± 2161.23, tokens seen: 1680998400, grad norm: 0.3572
[iter 8560]loss: 3.4531, tokens/sec: 194077.31 ± 2159.99, tokens seen: 1682964480, grad norm: 0.3576
[iter 8570]loss: 3.3507, tokens/sec: 194077.60 ± 2158.75, tokens seen: 1684930560, grad norm: 0.3301
[iter 8580]loss: 3.4558, tokens/sec: 194077.75 ± 2157.51, tokens seen: 1686896640, grad norm: 0.3620
[iter 8590]loss: 3.5634, tokens/sec: 194077.84 ± 2156.27, tokens seen: 1688862720, grad norm: 0.3728
[iter 8600]loss: 3.3259, tokens/sec: 194078.00 ± 2155.03, tokens seen: 1690828800, grad norm: 0.3407
[iter 8610]loss: 3.5370, tokens/sec: 194078.07 ± 2153.78, tokens seen: 1692794880, grad norm: 0.3617
[iter 8620]loss: 3.4149, tokens/sec: 194078.20 ± 2152.55, tokens seen: 1694760960, grad norm: 0.3525
[iter 8630]loss: 3.5402, tokens/sec: 194078.37 ± 2151.31, tokens seen: 1696727040, grad norm: 0.3351
[iter 8640]loss: 3.4878, tokens/sec: 194078.62 ± 2150.08, tokens seen: 1698693120, grad norm: 0.3502
[iter 8650]loss: 3.4364, tokens/sec: 194078.76 ± 2148.85, tokens seen: 1700659200, grad norm: 0.3267
[iter 8660]loss: 3.4470, tokens/sec: 194078.84 ± 2147.62, tokens seen: 1702625280, grad norm: 0.3451
[iter 8670]loss: 3.3766, tokens/sec: 194078.93 ± 2146.40, tokens seen: 1704591360, grad norm: 0.3373
[iter 8680]loss: 3.2789, tokens/sec: 194079.04 ± 2145.17, tokens seen: 1706557440, grad norm: 0.3565
[iter 8690]loss: 3.3094, tokens/sec: 194079.08 ± 2143.94, tokens seen: 1708523520, grad norm: 0.3582
[iter 8700]loss: 3.4845, tokens/sec: 194079.29 ± 2142.72, tokens seen: 1710489600, grad norm: 0.3688
[iter 8710]loss: 3.4535, tokens/sec: 194079.39 ± 2141.50, tokens seen: 1712455680, grad norm: 0.3666
[iter 8720]loss: 3.4175, tokens/sec: 194079.49 ± 2140.28, tokens seen: 1714421760, grad norm: 0.3643
[iter 8730]loss: 3.3946, tokens/sec: 194079.67 ± 2139.07, tokens seen: 1716387840, grad norm: 0.3411
[iter 8740]loss: 3.4285, tokens/sec: 194079.75 ± 2137.86, tokens seen: 1718353920, grad norm: 0.3446
[iter 8750]loss: 3.3639, tokens/sec: 194079.86 ± 2136.66, tokens seen: 1720320000, grad norm: 0.3364
[iter 8760]loss: 3.4539, tokens/sec: 194080.04 ± 2135.45, tokens seen: 1722286080, grad norm: 0.3596
[iter 8770]loss: 3.4174, tokens/sec: 194080.24 ± 2134.24, tokens seen: 1724252160, grad norm: 0.3543
[iter 8780]loss: 3.3712, tokens/sec: 194080.46 ± 2133.05, tokens seen: 1726218240, grad norm: 0.3292
[iter 8790]loss: 3.4036, tokens/sec: 194080.74 ± 2131.86, tokens seen: 1728184320, grad norm: 0.3389
[iter 8800]loss: 3.3063, tokens/sec: 194080.90 ± 2130.66, tokens seen: 1730150400, grad norm: 0.3670
[iter 8810]loss: 3.4768, tokens/sec: 194081.06 ± 2129.46, tokens seen: 1732116480, grad norm: 0.3641
[iter 8820]loss: 3.4715, tokens/sec: 194081.25 ± 2128.27, tokens seen: 1734082560, grad norm: 0.3437
[iter 8830]loss: 3.3975, tokens/sec: 194081.39 ± 2127.10, tokens seen: 1736048640, grad norm: 0.3430
[iter 8840]loss: 3.4781, tokens/sec: 194081.51 ± 2125.90, tokens seen: 1738014720, grad norm: 0.3508
[iter 8850]loss: 3.3231, tokens/sec: 194081.72 ± 2124.72, tokens seen: 1739980800, grad norm: 0.3406
[iter 8860]loss: 3.4448, tokens/sec: 194081.83 ± 2123.53, tokens seen: 1741946880, grad norm: 0.3591
[iter 8870]loss: 3.4121, tokens/sec: 194081.93 ± 2122.35, tokens seen: 1743912960, grad norm: 0.3385
[iter 8880]loss: 3.4105, tokens/sec: 194082.09 ± 2121.17, tokens seen: 1745879040, grad norm: 0.3601
[iter 8890]loss: 3.3953, tokens/sec: 194082.21 ± 2119.98, tokens seen: 1747845120, grad norm: 0.3558
[iter 8900]loss: 3.4113, tokens/sec: 194082.25 ± 2118.80, tokens seen: 1749811200, grad norm: 0.3463
[iter 8910]loss: 3.5735, tokens/sec: 194082.40 ± 2117.63, tokens seen: 1751777280, grad norm: 0.3231
[iter 8920]loss: 3.4090, tokens/sec: 194082.71 ± 2116.47, tokens seen: 1753743360, grad norm: 0.3577
[iter 8930]loss: 3.3662, tokens/sec: 194082.84 ± 2115.30, tokens seen: 1755709440, grad norm: 0.3537
[iter 8940]loss: 3.3735, tokens/sec: 194083.03 ± 2114.13, tokens seen: 1757675520, grad norm: 0.3845
[iter 8950]loss: 3.5145, tokens/sec: 194083.17 ± 2112.96, tokens seen: 1759641600, grad norm: 0.3524
[iter 8960]loss: 3.5099, tokens/sec: 194083.45 ± 2111.80, tokens seen: 1761607680, grad norm: 0.3528
[iter 8970]loss: 3.3552, tokens/sec: 194083.49 ± 2110.63, tokens seen: 1763573760, grad norm: 0.3720
[iter 8980]loss: 3.4101, tokens/sec: 194083.60 ± 2109.46, tokens seen: 1765539840, grad norm: 0.3516
[iter 8990]loss: 3.3908, tokens/sec: 194083.81 ± 2108.30, tokens seen: 1767505920, grad norm: 0.3581
[step 9000]train loss: 3.4170, val loss: 3.4243, (avg train loss: 0.8550 ± 0.0204), (avg grad norm: 0.3541 ± 0.0149)
saving checkpoint to ./out-owt-small-mhc-group-lora-midnorm-inbeta-bs24-10000step
[iter 9000]loss: 3.4676, tokens/sec: 194083.92 ± 2107.14, tokens seen: 1769472000, grad norm: 0.3356
[iter 9010]loss: 3.3610, tokens/sec: 194084.19 ± 2105.99, tokens seen: 1771438080, grad norm: 0.3379
[iter 9020]loss: 3.3346, tokens/sec: 194084.08 ± 2104.83, tokens seen: 1773404160, grad norm: 0.3418
[iter 9030]loss: 3.4261, tokens/sec: 194084.29 ± 2103.69, tokens seen: 1775370240, grad norm: 0.3546
[iter 9040]loss: 3.2785, tokens/sec: 194084.32 ± 2102.53, tokens seen: 1777336320, grad norm: 0.3522
[iter 9050]loss: 3.4850, tokens/sec: 194084.50 ± 2101.39, tokens seen: 1779302400, grad norm: 0.3872
[iter 9060]loss: 3.3941, tokens/sec: 194084.71 ± 2100.26, tokens seen: 1781268480, grad norm: 0.3575
[iter 9070]loss: 3.4534, tokens/sec: 194084.89 ± 2099.11, tokens seen: 1783234560, grad norm: 0.3436
[iter 9080]loss: 3.4858, tokens/sec: 194085.14 ± 2097.98, tokens seen: 1785200640, grad norm: 0.3651
[iter 9090]loss: 3.3831, tokens/sec: 194085.30 ± 2096.84, tokens seen: 1787166720, grad norm: 0.3370
[iter 9100]loss: 3.5622, tokens/sec: 194085.48 ± 2095.71, tokens seen: 1789132800, grad norm: 0.3765
[iter 9110]loss: 3.3298, tokens/sec: 194085.61 ± 2094.57, tokens seen: 1791098880, grad norm: 0.3346
[iter 9120]loss: 3.3559, tokens/sec: 194085.85 ± 2093.44, tokens seen: 1793064960, grad norm: 0.3390
[iter 9130]loss: 3.3675, tokens/sec: 194086.00 ± 2092.31, tokens seen: 1795031040, grad norm: 0.3710
[iter 9140]loss: 3.4211, tokens/sec: 194086.30 ± 2091.19, tokens seen: 1796997120, grad norm: 0.3645
[iter 9150]loss: 3.4814, tokens/sec: 194086.45 ± 2090.06, tokens seen: 1798963200, grad norm: 0.3529
[iter 9160]loss: 3.5330, tokens/sec: 194086.60 ± 2088.93, tokens seen: 1800929280, grad norm: 0.3302
[iter 9170]loss: 3.4633, tokens/sec: 194086.77 ± 2087.80, tokens seen: 1802895360, grad norm: 0.3476
[iter 9180]loss: 3.3037, tokens/sec: 194086.95 ± 2086.68, tokens seen: 1804861440, grad norm: 0.3759
[iter 9190]loss: 3.5819, tokens/sec: 194087.14 ± 2085.55, tokens seen: 1806827520, grad norm: 0.3597
[iter 9200]loss: 3.4936, tokens/sec: 194087.27 ± 2084.43, tokens seen: 1808793600, grad norm: 0.3390
[iter 9210]loss: 3.2574, tokens/sec: 194087.33 ± 2083.30, tokens seen: 1810759680, grad norm: 0.3421
[iter 9220]loss: 3.4680, tokens/sec: 194087.52 ± 2082.19, tokens seen: 1812725760, grad norm: 0.3199
[iter 9230]loss: 3.5008, tokens/sec: 194087.68 ± 2081.08, tokens seen: 1814691840, grad norm: 0.3530
[iter 9240]loss: 3.4974, tokens/sec: 194087.97 ± 2079.98, tokens seen: 1816657920, grad norm: 0.3482
[iter 9250]loss: 3.4921, tokens/sec: 194088.00 ± 2078.87, tokens seen: 1818624000, grad norm: 0.3622
[iter 9260]loss: 3.4273, tokens/sec: 194088.19 ± 2077.76, tokens seen: 1820590080, grad norm: 0.3774
[iter 9270]loss: 3.5324, tokens/sec: 194088.30 ± 2076.65, tokens seen: 1822556160, grad norm: 0.3283
[iter 9280]loss: 3.4785, tokens/sec: 194088.49 ± 2075.55, tokens seen: 1824522240, grad norm: 0.3333
[iter 9290]loss: 3.5417, tokens/sec: 194088.63 ± 2074.44, tokens seen: 1826488320, grad norm: 0.3953
[iter 9300]loss: 3.4212, tokens/sec: 194088.71 ± 2073.33, tokens seen: 1828454400, grad norm: 0.3254
[iter 9310]loss: 3.3850, tokens/sec: 194088.87 ± 2072.23, tokens seen: 1830420480, grad norm: 0.3507
[iter 9320]loss: 3.3470, tokens/sec: 194089.03 ± 2071.14, tokens seen: 1832386560, grad norm: 0.3555
[iter 9330]loss: 3.4233, tokens/sec: 194089.20 ± 2070.04, tokens seen: 1834352640, grad norm: 0.3380
[iter 9340]loss: 3.4707, tokens/sec: 194089.47 ± 2068.96, tokens seen: 1836318720, grad norm: 0.3336
[iter 9350]loss: 3.3779, tokens/sec: 194089.55 ± 2067.86, tokens seen: 1838284800, grad norm: 0.3362
[iter 9360]loss: 3.3889, tokens/sec: 194089.75 ± 2066.77, tokens seen: 1840250880, grad norm: 0.3426
[iter 9370]loss: 3.4029, tokens/sec: 194089.85 ± 2065.69, tokens seen: 1842216960, grad norm: 0.3772
[iter 9380]loss: 3.4287, tokens/sec: 194090.01 ± 2064.60, tokens seen: 1844183040, grad norm: 0.3325
[iter 9390]loss: 3.5897, tokens/sec: 194090.15 ± 2063.52, tokens seen: 1846149120, grad norm: 0.3399
[iter 9400]loss: 3.3349, tokens/sec: 194090.36 ± 2062.43, tokens seen: 1848115200, grad norm: 0.3413
[iter 9410]loss: 3.2597, tokens/sec: 194090.52 ± 2061.36, tokens seen: 1850081280, grad norm: 0.3599
[iter 9420]loss: 3.3711, tokens/sec: 194090.68 ± 2060.27, tokens seen: 1852047360, grad norm: 0.3404
[iter 9430]loss: 3.3703, tokens/sec: 194090.86 ± 2059.20, tokens seen: 1854013440, grad norm: 0.3427
[iter 9440]loss: 3.4103, tokens/sec: 194091.06 ± 2058.12, tokens seen: 1855979520, grad norm: 0.3638
[iter 9450]loss: 3.4155, tokens/sec: 194091.22 ± 2057.04, tokens seen: 1857945600, grad norm: 0.3484
[iter 9460]loss: 3.4235, tokens/sec: 194091.25 ± 2055.97, tokens seen: 1859911680, grad norm: 0.3528
[iter 9470]loss: 3.4148, tokens/sec: 194091.50 ± 2054.91, tokens seen: 1861877760, grad norm: 0.3405
[iter 9480]loss: 3.4100, tokens/sec: 194091.70 ± 2053.84, tokens seen: 1863843840, grad norm: 0.3480
[iter 9490]loss: 3.4964, tokens/sec: 194091.90 ± 2052.78, tokens seen: 1865809920, grad norm: 0.3688
[step 9500]train loss: 3.4047, val loss: 3.4186, (avg train loss: 0.8533 ± 0.0211), (avg grad norm: 0.3546 ± 0.0197)
saving checkpoint to ./out-owt-small-mhc-group-lora-midnorm-inbeta-bs24-10000step
[iter 9500]loss: 3.3560, tokens/sec: 194091.91 ± 2051.71, tokens seen: 1867776000, grad norm: 0.3422
[iter 9510]loss: 3.5195, tokens/sec: 194092.15 ± 2050.65, tokens seen: 1869742080, grad norm: 0.3482
[iter 9520]loss: 3.4735, tokens/sec: 194092.27 ± 2049.58, tokens seen: 1871708160, grad norm: 0.3417
[iter 9530]loss: 3.4560, tokens/sec: 194092.43 ± 2048.52, tokens seen: 1873674240, grad norm: 0.3493
[iter 9540]loss: 3.3471, tokens/sec: 194092.60 ± 2047.46, tokens seen: 1875640320, grad norm: 0.3515
[iter 9550]loss: 3.4225, tokens/sec: 194092.90 ± 2046.41, tokens seen: 1877606400, grad norm: 0.3450
[iter 9560]loss: 3.4156, tokens/sec: 194093.08 ± 2045.36, tokens seen: 1879572480, grad norm: 0.3583
[iter 9570]loss: 3.4864, tokens/sec: 194093.28 ± 2044.31, tokens seen: 1881538560, grad norm: 0.3465
[iter 9580]loss: 3.3181, tokens/sec: 194093.34 ± 2043.25, tokens seen: 1883504640, grad norm: 0.3687
[iter 9590]loss: 3.3443, tokens/sec: 194093.58 ± 2042.21, tokens seen: 1885470720, grad norm: 0.3587
[iter 9600]loss: 3.5444, tokens/sec: 194093.70 ± 2041.15, tokens seen: 1887436800, grad norm: 0.3720
[iter 9610]loss: 3.3952, tokens/sec: 194093.89 ± 2040.10, tokens seen: 1889402880, grad norm: 0.3589
[iter 9620]loss: 3.3709, tokens/sec: 194094.10 ± 2039.06, tokens seen: 1891368960, grad norm: 0.3554
[iter 9630]loss: 3.1974, tokens/sec: 194094.34 ± 2038.02, tokens seen: 1893335040, grad norm: 0.3443
[iter 9640]loss: 3.4774, tokens/sec: 194094.38 ± 2036.98, tokens seen: 1895301120, grad norm: 0.3385
[iter 9650]loss: 3.5237, tokens/sec: 194094.66 ± 2035.95, tokens seen: 1897267200, grad norm: 0.3654
[iter 9660]loss: 3.2942, tokens/sec: 194094.81 ± 2034.90, tokens seen: 1899233280, grad norm: 0.3594
[iter 9670]loss: 3.4168, tokens/sec: 194095.01 ± 2033.87, tokens seen: 1901199360, grad norm: 0.3319
[iter 9680]loss: 3.2924, tokens/sec: 194095.10 ± 2032.85, tokens seen: 1903165440, grad norm: 0.3288
[iter 9690]loss: 3.3775, tokens/sec: 194095.34 ± 2031.82, tokens seen: 1905131520, grad norm: 0.3725
[iter 9700]loss: 3.3474, tokens/sec: 194095.57 ± 2030.79, tokens seen: 1907097600, grad norm: 0.3731
[iter 9710]loss: 3.5259, tokens/sec: 194095.78 ± 2029.76, tokens seen: 1909063680, grad norm: 0.3383
[iter 9720]loss: 3.3421, tokens/sec: 194095.94 ± 2028.74, tokens seen: 1911029760, grad norm: 0.3334
[iter 9730]loss: 3.4360, tokens/sec: 194096.08 ± 2027.70, tokens seen: 1912995840, grad norm: 0.3560
[iter 9740]loss: 3.4433, tokens/sec: 194096.16 ± 2026.67, tokens seen: 1914961920, grad norm: 0.3636
[iter 9750]loss: 3.5411, tokens/sec: 194096.30 ± 2025.64, tokens seen: 1916928000, grad norm: 0.3521
[iter 9760]loss: 3.4339, tokens/sec: 194096.44 ± 2024.62, tokens seen: 1918894080, grad norm: 0.3502
[iter 9770]loss: 3.4067, tokens/sec: 194096.58 ± 2023.60, tokens seen: 1920860160, grad norm: 0.3577
[iter 9780]loss: 3.5135, tokens/sec: 194096.78 ± 2022.58, tokens seen: 1922826240, grad norm: 0.3626
[iter 9790]loss: 3.5443, tokens/sec: 194096.80 ± 2021.56, tokens seen: 1924792320, grad norm: 0.3658
[iter 9800]loss: 3.4026, tokens/sec: 194096.98 ± 2020.54, tokens seen: 1926758400, grad norm: 0.3591
[iter 9810]loss: 3.4271, tokens/sec: 194097.16 ± 2019.52, tokens seen: 1928724480, grad norm: 0.3715
[iter 9820]loss: 3.3399, tokens/sec: 194097.33 ± 2018.51, tokens seen: 1930690560, grad norm: 0.3460
[iter 9830]loss: 3.5346, tokens/sec: 194097.53 ± 2017.50, tokens seen: 1932656640, grad norm: 0.3655
[iter 9840]loss: 3.3540, tokens/sec: 194097.46 ± 2016.49, tokens seen: 1934622720, grad norm: 0.3652
[iter 9850]loss: 3.5958, tokens/sec: 194097.54 ± 2015.47, tokens seen: 1936588800, grad norm: 0.3635
[iter 9860]loss: 3.4622, tokens/sec: 194097.64 ± 2014.46, tokens seen: 1938554880, grad norm: 0.3549
[iter 9870]loss: 3.3195, tokens/sec: 194097.76 ± 2013.45, tokens seen: 1940520960, grad norm: 0.3878
[iter 9880]loss: 3.5088, tokens/sec: 194097.82 ± 2012.44, tokens seen: 1942487040, grad norm: 0.3649
[iter 9890]loss: 3.4458, tokens/sec: 194097.85 ± 2011.43, tokens seen: 1944453120, grad norm: 0.3507
[iter 9900]loss: 3.3719, tokens/sec: 194097.97 ± 2010.43, tokens seen: 1946419200, grad norm: 0.3494
[iter 9910]loss: 3.3959, tokens/sec: 194098.01 ± 2009.43, tokens seen: 1948385280, grad norm: 0.3928
[iter 9920]loss: 3.4530, tokens/sec: 194098.12 ± 2008.43, tokens seen: 1950351360, grad norm: 0.3729
[iter 9930]loss: 3.4265, tokens/sec: 194098.13 ± 2007.42, tokens seen: 1952317440, grad norm: 0.3459
[iter 9940]loss: 3.3966, tokens/sec: 194098.26 ± 2006.43, tokens seen: 1954283520, grad norm: 0.3652
[iter 9950]loss: 3.4772, tokens/sec: 194098.23 ± 2005.44, tokens seen: 1956249600, grad norm: 0.3486
[iter 9960]loss: 3.3872, tokens/sec: 194098.35 ± 2004.44, tokens seen: 1958215680, grad norm: 0.3642
[iter 9970]loss: 3.4523, tokens/sec: 194098.51 ± 2003.45, tokens seen: 1960181760, grad norm: 0.3555
[iter 9980]loss: 3.3432, tokens/sec: 194098.54 ± 2002.46, tokens seen: 1962147840, grad norm: 0.3871
[iter 9990]loss: 3.4084, tokens/sec: 194098.65 ± 2001.46, tokens seen: 1964113920, grad norm: 0.3608
[step 10000]train loss: 3.4109, val loss: 3.4180, (avg train loss: 0.8508 ± 0.0203), (avg grad norm: 0.3573 ± 0.0151)
saving checkpoint to ./out-owt-small-mhc-group-lora-midnorm-inbeta-bs24-10000step
[iter 10000]loss: 3.4218, tokens/sec: 194098.70 ± 2000.47, tokens seen: 1966080000, grad norm: 0.3513
[1;34mwandb[0m: 
[1;34mwandb[0m: 🚀 View run [33mS-group_lora_midnorm-inbeta-owt-bs24-10kstep-9124[0m at: [34mhttps://wandb.ai/guotzzz-peking-university/mhc-lite/runs/psrml8gc[0m
[1;34mwandb[0m: Find logs at: [1;35mwandb/run-20260722_204113-psrml8gc/logs[0m
