W0724 18:00:10.479000 70830 torch/distributed/run.py:766] 
W0724 18:00:10.479000 70830 torch/distributed/run.py:766] *****************************************
W0724 18:00:10.479000 70830 torch/distributed/run.py:766] Setting OMP_NUM_THREADS environment variable for each process to be 1 in default, to avoid your system being overloaded, please further tune the variable for optimal performance in your application as needed. 
W0724 18:00:10.479000 70830 torch/distributed/run.py:766] *****************************************
Overriding config with config/train_owt.py:
eval_interval = 500
eval_iters = 200
log_interval = 10
always_save_checkpoint = False

wandb_log = True
wandb_project = 'mhc-lite'
out_prefix_dataset = "owt"

dataset = 'openwebtext'
gradient_accumulation_steps = 8  
batch_size = 16
block_size = 1024

dtype = 'bfloat16'

Overriding config with config/xl_model.py:
wandb_group = "xl"
out_prefix_model = "xl"

n_layer = 28
n_head = 20
n_embd = 1280
dropout = 0.0

learning_rate = 2e-4
min_lr = 2e-5
max_iters = 30000
lr_decay_iters = 30000
warmup_iters = 200
weight_decay = 0.1
beta1 = 0.9
beta2 = 0.95
grad_clip = 1.0

# ~600M target on 2xL20: micro-batch 4 x grad_accum 16 -> 65,536 tokens/iter
batch_size = 4
gradient_accumulation_steps = 16

Overriding config with config/with_mhc.py:
hyper_conn_type = "mhc" 
hyper_conn_n = 4 
wandb_notes = "mhc"

out_prefix_method = "mhc"
Overriding: compile = True
Overriding: wandb_run_name = XL-mhc-owt-bs4ga16-30kstep
Overriding config with config/train_owt.py:
eval_interval = 500
eval_iters = 200
log_interval = 10
always_save_checkpoint = False

wandb_log = True
wandb_project = 'mhc-lite'
out_prefix_dataset = "owt"

dataset = 'openwebtext'
gradient_accumulation_steps = 8  
batch_size = 16
block_size = 1024

dtype = 'bfloat16'

Overriding config with config/xl_model.py:
wandb_group = "xl"
out_prefix_model = "xl"

n_layer = 28
n_head = 20
n_embd = 1280
dropout = 0.0

learning_rate = 2e-4
min_lr = 2e-5
max_iters = 30000
lr_decay_iters = 30000
warmup_iters = 200
weight_decay = 0.1
beta1 = 0.9
beta2 = 0.95
grad_clip = 1.0

# ~600M target on 2xL20: micro-batch 4 x grad_accum 16 -> 65,536 tokens/iter
batch_size = 4
gradient_accumulation_steps = 16

Overriding config with config/with_mhc.py:
hyper_conn_type = "mhc" 
hyper_conn_n = 4 
wandb_notes = "mhc"

out_prefix_method = "mhc"
Overriding: compile = True
Overriding: wandb_run_name = XL-mhc-owt-bs4ga16-30kstep
tokens per iteration will be: 65,536
Initializing a new model from scratch
defaulting to vocab_size of GPT-2 to 50304 (50257 rounded up for efficiency)
HYPER_CONN: USING mhc with 4 streams
wandb: [wandb.login()] Loaded credentials for https://api.wandb.ai from /root/.netrc.
wandb: Currently logged in as: guotzzz (guotzzz-peking-university) to https://api.wandb.ai. Use `wandb login --relogin` to force relogin
wandb: setting up run pdk227z5
wandb: Tracking run with wandb version 0.28.0
wandb: Run data is saved locally in /home/work/data/guotianzizhe/project/mhc-lite/wandb/run-20260724_180014-pdk227z5
wandb: Run `wandb offline` to turn off syncing.
wandb: Syncing run XL-mhc-owt-bs4ga16-30kstep-3536
wandb: ⭐️ View project at https://wandb.ai/guotzzz-peking-university/mhc-lite
wandb: 🚀 View run at https://wandb.ai/guotzzz-peking-university/mhc-lite/runs/pdk227z5
tokens per iteration will be: 65,536
====================================================================================================
n_layer = 28
n_head = 20
n_embd = 1280
block_size = 1024
bias = False
vocab_size = None
dropout = 0.0
hyper_conn_n = 4
hyper_conn_type = mhc
====================================================================================================
Initializing a new model from scratch
defaulting to vocab_size of GPT-2 to 50304 (50257 rounded up for efficiency)
HYPER_CONN: USING mhc with 4 streams
number of parameters: 622.13M
num decayed parameter tensors: 282, with 623,084,640 parameters
num non-decayed parameter tensors: 337, with 360,072 parameters
using fused AdamW: True
compiling the model... (takes a ~minute)
number of parameters: 622.13M
num decayed parameter tensors: 282, with 623,084,640 parameters
num non-decayed parameter tensors: 337, with 360,072 parameters
using fused AdamW: True
compiling the model... (takes a ~minute)
[step 0]train loss: 13.9887, val loss: 13.9819, (avg train loss: 0.0000 ± 0.0000), (avg grad norm: 0.0000 ± 0.0000)
[iter 0]loss: 13.8156, tokens/sec: 521.94 ± 0.00, tokens seen: 0, grad norm: 128.3682
[iter 10]loss: 13.0496, tokens/sec: 18721.57 ± 5755.24, tokens seen: 655360, grad norm: 305.7561
[iter 20]loss: 10.8621, tokens/sec: 19582.48 ± 4262.08, tokens seen: 1310720, grad norm: 58.3558
[iter 30]loss: 9.3908, tokens/sec: 19888.94 ± 3535.93, tokens seen: 1966080, grad norm: 67.8109
[iter 40]loss: 7.9979, tokens/sec: 20045.66 ± 3086.99, tokens seen: 2621440, grad norm: 15.3686
[iter 50]loss: 7.5375, tokens/sec: 20141.32 ± 2774.62, tokens seen: 3276800, grad norm: 9.5592
[iter 60]loss: 7.1307, tokens/sec: 20205.81 ± 2541.20, tokens seen: 3932160, grad norm: 5.6868
[iter 70]loss: 7.3430, tokens/sec: 20250.58 ± 2358.05, tokens seen: 4587520, grad norm: 9.3748
[iter 80]loss: 7.0458, tokens/sec: 20285.21 ± 2209.63, tokens seen: 5242880, grad norm: 5.7251
[iter 90]loss: 7.0100, tokens/sec: 20312.27 ± 2086.11, tokens seen: 5898240, grad norm: 5.7525
[iter 100]loss: 7.1417, tokens/sec: 20333.16 ± 1981.16, tokens seen: 6553600, grad norm: 6.6501
[iter 110]loss: 7.5575, tokens/sec: 20350.12 ± 1890.58, tokens seen: 7208960, grad norm: 8.0904
[iter 120]loss: 6.8953, tokens/sec: 20364.22 ± 1811.38, tokens seen: 7864320, grad norm: 10.4399
[iter 130]loss: 7.0441, tokens/sec: 20376.02 ± 1741.36, tokens seen: 8519680, grad norm: 6.7922
[iter 140]loss: 6.9373, tokens/sec: 20386.65 ± 1678.91, tokens seen: 9175040, grad norm: 7.5554
[iter 150]loss: 6.7789, tokens/sec: 20395.80 ± 1622.73, tokens seen: 9830400, grad norm: 7.0656
[iter 160]loss: 6.5358, tokens/sec: 20403.86 ± 1571.84, tokens seen: 10485760, grad norm: 5.8411
[iter 170]loss: 6.8359, tokens/sec: 20411.14 ± 1525.47, tokens seen: 11141120, grad norm: 3.5904
[iter 180]loss: 6.4496, tokens/sec: 20417.45 ± 1482.96, tokens seen: 11796480, grad norm: 14.3215
[iter 190]loss: 6.5601, tokens/sec: 20423.04 ± 1443.82, tokens seen: 12451840, grad norm: 17.2234
[iter 200]loss: 6.3040, tokens/sec: 20428.26 ± 1407.63, tokens seen: 13107200, grad norm: 4.8167
[iter 210]loss: 6.3083, tokens/sec: 20432.73 ± 1374.01, tokens seen: 13762560, grad norm: 4.5139
[iter 220]loss: 6.4566, tokens/sec: 20436.65 ± 1342.69, tokens seen: 14417920, grad norm: 8.7909
[iter 230]loss: 6.4667, tokens/sec: 20440.42 ± 1313.43, tokens seen: 15073280, grad norm: 4.9532
[iter 240]loss: 6.1208, tokens/sec: 20443.59 ± 1285.98, tokens seen: 15728640, grad norm: 5.5811
[iter 250]loss: 6.0974, tokens/sec: 20446.75 ± 1260.20, tokens seen: 16384000, grad norm: 3.4692
[iter 260]loss: 6.0031, tokens/sec: 20449.60 ± 1235.91, tokens seen: 17039360, grad norm: 2.5977
[iter 270]loss: 6.1892, tokens/sec: 20452.23 ± 1212.97, tokens seen: 17694720, grad norm: 4.3333
[iter 280]loss: 6.2572, tokens/sec: 20454.74 ± 1191.26, tokens seen: 18350080, grad norm: 2.8285
[iter 290]loss: 6.0329, tokens/sec: 20456.94 ± 1170.67, tokens seen: 19005440, grad norm: 2.4272
[iter 300]loss: 6.3434, tokens/sec: 20459.21 ± 1151.13, tokens seen: 19660800, grad norm: 4.6650
[iter 310]loss: 5.8910, tokens/sec: 20461.30 ± 1132.53, tokens seen: 20316160, grad norm: 2.2874
[iter 320]loss: 5.8071, tokens/sec: 20463.10 ± 1114.79, tokens seen: 20971520, grad norm: 3.6500
[iter 330]loss: 6.1422, tokens/sec: 20465.08 ± 1097.88, tokens seen: 21626880, grad norm: 3.3174
[iter 340]loss: 6.2763, tokens/sec: 20466.90 ± 1081.72, tokens seen: 22282240, grad norm: 2.5456
[iter 350]loss: 5.9747, tokens/sec: 20468.51 ± 1066.24, tokens seen: 22937600, grad norm: 5.3839
[iter 360]loss: 6.1919, tokens/sec: 20470.03 ± 1051.41, tokens seen: 23592960, grad norm: 3.7326
[iter 370]loss: 5.8276, tokens/sec: 20471.53 ± 1037.18, tokens seen: 24248320, grad norm: 3.2488
[iter 380]loss: 6.4269, tokens/sec: 20472.89 ± 1023.51, tokens seen: 24903680, grad norm: 2.5280
[iter 390]loss: 5.8338, tokens/sec: 20474.21 ± 1010.37, tokens seen: 25559040, grad norm: 2.0138
[iter 400]loss: 5.9682, tokens/sec: 20475.37 ± 997.72, tokens seen: 26214400, grad norm: 2.4088
[iter 410]loss: 5.8560, tokens/sec: 20476.54 ± 985.54, tokens seen: 26869760, grad norm: 2.4659
[iter 420]loss: 6.4202, tokens/sec: 20477.79 ± 973.80, tokens seen: 27525120, grad norm: 2.2486
[iter 430]loss: 5.8986, tokens/sec: 20478.87 ± 962.46, tokens seen: 28180480, grad norm: 2.4726
[iter 440]loss: 5.7401, tokens/sec: 20479.86 ± 951.51, tokens seen: 28835840, grad norm: 2.0761
[iter 450]loss: 6.2749, tokens/sec: 20480.98 ± 940.93, tokens seen: 29491200, grad norm: 1.9238
[iter 460]loss: 5.6337, tokens/sec: 20481.93 ± 930.69, tokens seen: 30146560, grad norm: 2.7552
[iter 470]loss: 5.9062, tokens/sec: 20482.80 ± 920.78, tokens seen: 30801920, grad norm: 2.4641
[iter 480]loss: 5.8157, tokens/sec: 20483.49 ± 911.17, tokens seen: 31457280, grad norm: 2.6151
[iter 490]loss: 5.8522, tokens/sec: 20484.23 ± 901.86, tokens seen: 32112640, grad norm: 1.7754
[step 500]train loss: 5.7928, val loss: 5.7619, (avg train loss: 0.7457 ± 0.0310), (avg grad norm: 2.8087 ± 0.7716)
saving checkpoint to ./out-owt-xl-mhc-bs4-30000step
[iter 500]loss: 5.8785, tokens/sec: 20485.02 ± 892.83, tokens seen: 32768000, grad norm: 2.5654
[iter 510]loss: 5.6660, tokens/sec: 20485.84 ± 884.07, tokens seen: 33423360, grad norm: 1.9157
[iter 520]loss: 5.8867, tokens/sec: 20486.26 ± 875.55, tokens seen: 34078720, grad norm: 1.9611
[iter 530]loss: 5.8161, tokens/sec: 20486.70 ± 867.28, tokens seen: 34734080, grad norm: 2.9841
[iter 540]loss: 5.7691, tokens/sec: 20487.32 ± 859.24, tokens seen: 35389440, grad norm: 1.6857
[iter 550]loss: 5.3270, tokens/sec: 20487.80 ± 851.41, tokens seen: 36044800, grad norm: 1.9666
[iter 560]loss: 5.6310, tokens/sec: 20488.35 ± 843.80, tokens seen: 36700160, grad norm: 2.7100
[iter 570]loss: 5.7127, tokens/sec: 20488.80 ± 836.39, tokens seen: 37355520, grad norm: 1.3946
[iter 580]loss: 6.0952, tokens/sec: 20489.14 ± 829.16, tokens seen: 38010880, grad norm: 2.6254
[iter 590]loss: 5.5468, tokens/sec: 20489.29 ± 822.12, tokens seen: 38666240, grad norm: 1.5896
[iter 600]loss: 5.4373, tokens/sec: 20489.75 ± 815.26, tokens seen: 39321600, grad norm: 2.1468
[iter 610]loss: 5.5396, tokens/sec: 20490.03 ± 808.57, tokens seen: 39976960, grad norm: 1.7426
[iter 620]loss: 5.6315, tokens/sec: 20490.44 ± 802.04, tokens seen: 40632320, grad norm: 1.7967
[iter 630]loss: 5.4174, tokens/sec: 20490.74 ± 795.66, tokens seen: 41287680, grad norm: 1.5525
[iter 640]loss: 5.7106, tokens/sec: 20491.21 ± 789.44, tokens seen: 41943040, grad norm: 1.2447
[iter 650]loss: 5.5521, tokens/sec: 20491.64 ± 783.36, tokens seen: 42598400, grad norm: 2.1421
[iter 660]loss: 5.7789, tokens/sec: 20492.02 ± 777.42, tokens seen: 43253760, grad norm: 1.5216
[iter 670]loss: 5.2760, tokens/sec: 20492.45 ± 771.62, tokens seen: 43909120, grad norm: 1.8461
[iter 680]loss: 5.3701, tokens/sec: 20492.87 ± 765.94, tokens seen: 44564480, grad norm: 1.6343
[iter 690]loss: 5.5214, tokens/sec: 20493.23 ± 760.38, tokens seen: 45219840, grad norm: 2.4219
[iter 700]loss: 5.3115, tokens/sec: 20493.60 ± 754.95, tokens seen: 45875200, grad norm: 1.5773
[iter 710]loss: 5.3844, tokens/sec: 20493.94 ± 749.62, tokens seen: 46530560, grad norm: 1.5043
[iter 720]loss: 5.3844, tokens/sec: 20494.25 ± 744.41, tokens seen: 47185920, grad norm: 1.5915
[iter 730]loss: 4.7935, tokens/sec: 20494.57 ± 739.31, tokens seen: 47841280, grad norm: 1.6510
[iter 740]loss: 5.5090, tokens/sec: 20494.93 ± 734.31, tokens seen: 48496640, grad norm: 1.8365
[iter 750]loss: 4.9534, tokens/sec: 20495.29 ± 729.41, tokens seen: 49152000, grad norm: 1.5256
[iter 760]loss: 5.2090, tokens/sec: 20495.65 ± 724.61, tokens seen: 49807360, grad norm: 1.9126
[iter 770]loss: 5.3263, tokens/sec: 20495.93 ± 719.90, tokens seen: 50462720, grad norm: 1.0703
[iter 780]loss: 5.5726, tokens/sec: 20496.26 ± 715.29, tokens seen: 51118080, grad norm: 1.9350
[iter 790]loss: 5.2678, tokens/sec: 20496.59 ± 710.76, tokens seen: 51773440, grad norm: 1.4364
[iter 800]loss: 4.6412, tokens/sec: 20496.88 ± 706.31, tokens seen: 52428800, grad norm: 1.3998
[iter 810]loss: 5.0484, tokens/sec: 20497.15 ± 701.95, tokens seen: 53084160, grad norm: 1.2678
[iter 820]loss: 5.2713, tokens/sec: 20497.45 ± 697.67, tokens seen: 53739520, grad norm: 1.2253
[iter 830]loss: 5.2711, tokens/sec: 20497.74 ± 693.46, tokens seen: 54394880, grad norm: 1.5474
[iter 840]loss: 5.1241, tokens/sec: 20497.98 ± 689.33, tokens seen: 55050240, grad norm: 1.2829
[iter 850]loss: 5.0786, tokens/sec: 20498.26 ± 685.27, tokens seen: 55705600, grad norm: 1.2006
[iter 860]loss: 5.0399, tokens/sec: 20498.48 ± 681.29, tokens seen: 56360960, grad norm: 1.4598
[iter 870]loss: 5.1959, tokens/sec: 20498.70 ± 677.37, tokens seen: 57016320, grad norm: 1.3944
[iter 880]loss: 5.2420, tokens/sec: 20498.94 ± 673.52, tokens seen: 57671680, grad norm: 1.0839
[iter 890]loss: 5.0165, tokens/sec: 20499.16 ± 669.73, tokens seen: 58327040, grad norm: 1.1282
[iter 900]loss: 5.0450, tokens/sec: 20499.37 ± 666.01, tokens seen: 58982400, grad norm: 1.3060
[iter 910]loss: 4.9735, tokens/sec: 20499.54 ± 662.34, tokens seen: 59637760, grad norm: 0.8931
[iter 920]loss: 5.1962, tokens/sec: 20499.79 ± 658.74, tokens seen: 60293120, grad norm: 0.9381
[iter 930]loss: 5.0685, tokens/sec: 20499.99 ± 655.20, tokens seen: 60948480, grad norm: 0.9317
[iter 940]loss: 5.1320, tokens/sec: 20500.20 ± 651.71, tokens seen: 61603840, grad norm: 1.3346
[iter 950]loss: 5.0789, tokens/sec: 20500.44 ± 648.28, tokens seen: 62259200, grad norm: 1.0486
[iter 960]loss: 5.2992, tokens/sec: 20500.63 ± 644.90, tokens seen: 62914560, grad norm: 1.2786
[iter 970]loss: 4.8944, tokens/sec: 20500.83 ± 641.58, tokens seen: 63569920, grad norm: 0.9481
[iter 980]loss: 5.2496, tokens/sec: 20501.03 ± 638.30, tokens seen: 64225280, grad norm: 1.0132
[iter 990]loss: 5.3309, tokens/sec: 20501.20 ± 635.08, tokens seen: 64880640, grad norm: 1.0508
[step 1000]train loss: 4.9242, val loss: 4.8998, (avg train loss: 0.6340 ± 0.0279), (avg grad norm: 1.1500 ± 0.1815)
saving checkpoint to ./out-owt-xl-mhc-bs4-30000step
[iter 1000]loss: 4.7892, tokens/sec: 20501.37 ± 631.90, tokens seen: 65536000, grad norm: 0.8303
[iter 1010]loss: 4.6944, tokens/sec: 20501.57 ± 628.77, tokens seen: 66191360, grad norm: 1.1385
[iter 1020]loss: 4.5327, tokens/sec: 20501.60 ± 625.69, tokens seen: 66846720, grad norm: 1.1253
[iter 1030]loss: 4.9614, tokens/sec: 20501.77 ± 622.65, tokens seen: 67502080, grad norm: 1.1561
[iter 1040]loss: 5.2530, tokens/sec: 20501.93 ± 619.65, tokens seen: 68157440, grad norm: 1.0357
[iter 1050]loss: 4.9390, tokens/sec: 20502.06 ± 616.70, tokens seen: 68812800, grad norm: 0.9642
[iter 1060]loss: 4.9729, tokens/sec: 20502.25 ± 613.79, tokens seen: 69468160, grad norm: 1.0719
[iter 1070]loss: 4.9860, tokens/sec: 20502.44 ± 610.92, tokens seen: 70123520, grad norm: 1.2833
[iter 1080]loss: 4.5913, tokens/sec: 20502.66 ± 608.09, tokens seen: 70778880, grad norm: 1.1635
[iter 1090]loss: 4.4203, tokens/sec: 20502.84 ± 605.30, tokens seen: 71434240, grad norm: 0.8882
[iter 1100]loss: 4.8277, tokens/sec: 20503.00 ± 602.55, tokens seen: 72089600, grad norm: 0.9942
[iter 1110]loss: 4.6186, tokens/sec: 20503.13 ± 599.83, tokens seen: 72744960, grad norm: 1.8911
[iter 1120]loss: 4.7321, tokens/sec: 20503.36 ± 597.16, tokens seen: 73400320, grad norm: 1.0633
[iter 1130]loss: 4.9081, tokens/sec: 20503.47 ± 594.51, tokens seen: 74055680, grad norm: 0.9779
[iter 1140]loss: 4.7475, tokens/sec: 20503.60 ± 591.91, tokens seen: 74711040, grad norm: 1.0682
[iter 1150]loss: 4.6516, tokens/sec: 20503.78 ± 589.33, tokens seen: 75366400, grad norm: 0.9579
[iter 1160]loss: 4.9213, tokens/sec: 20503.88 ± 586.79, tokens seen: 76021760, grad norm: 0.9553
[iter 1170]loss: 4.8524, tokens/sec: 20504.07 ± 584.28, tokens seen: 76677120, grad norm: 1.4593
[iter 1180]loss: 4.1352, tokens/sec: 20504.23 ± 581.81, tokens seen: 77332480, grad norm: 1.0541
[iter 1190]loss: 4.5207, tokens/sec: 20504.37 ± 579.36, tokens seen: 77987840, grad norm: 0.9117
[iter 1200]loss: 4.9828, tokens/sec: 20504.47 ± 576.95, tokens seen: 78643200, grad norm: 0.9656
[iter 1210]loss: 4.5747, tokens/sec: 20504.60 ± 574.56, tokens seen: 79298560, grad norm: 0.9815
[iter 1220]loss: 4.6064, tokens/sec: 20504.73 ± 572.21, tokens seen: 79953920, grad norm: 1.0560
[iter 1230]loss: 4.2980, tokens/sec: 20504.86 ± 569.88, tokens seen: 80609280, grad norm: 0.9808
[iter 1240]loss: 4.7076, tokens/sec: 20505.00 ± 567.58, tokens seen: 81264640, grad norm: 0.9515
[iter 1250]loss: 4.4940, tokens/sec: 20505.12 ± 565.31, tokens seen: 81920000, grad norm: 0.9165
[iter 1260]loss: 4.8735, tokens/sec: 20505.19 ± 563.07, tokens seen: 82575360, grad norm: 0.9982
[iter 1270]loss: 4.7842, tokens/sec: 20505.31 ± 560.85, tokens seen: 83230720, grad norm: 0.9363
[iter 1280]loss: 4.5202, tokens/sec: 20505.44 ± 558.66, tokens seen: 83886080, grad norm: 0.8579
[iter 1290]loss: 4.3644, tokens/sec: 20505.59 ± 556.49, tokens seen: 84541440, grad norm: 0.9757
[iter 1300]loss: 4.7350, tokens/sec: 20505.70 ± 554.35, tokens seen: 85196800, grad norm: 0.9806
[iter 1310]loss: 4.3121, tokens/sec: 20505.82 ± 552.24, tokens seen: 85852160, grad norm: 1.0183
[iter 1320]loss: 4.2791, tokens/sec: 20505.94 ± 550.14, tokens seen: 86507520, grad norm: 0.8292
[iter 1330]loss: 4.4171, tokens/sec: 20506.00 ± 548.08, tokens seen: 87162880, grad norm: 0.9395
[iter 1340]loss: 4.5146, tokens/sec: 20506.10 ± 546.03, tokens seen: 87818240, grad norm: 0.8984
[iter 1350]loss: 4.5353, tokens/sec: 20506.24 ± 544.01, tokens seen: 88473600, grad norm: 0.9193
[iter 1360]loss: 4.9216, tokens/sec: 20506.35 ± 542.01, tokens seen: 89128960, grad norm: 0.8608
[iter 1370]loss: 4.4937, tokens/sec: 20506.45 ± 540.03, tokens seen: 89784320, grad norm: 0.9239
[iter 1380]loss: 4.4463, tokens/sec: 20506.56 ± 538.07, tokens seen: 90439680, grad norm: 1.2162
[iter 1390]loss: 4.1119, tokens/sec: 20506.65 ± 536.14, tokens seen: 91095040, grad norm: 0.9769
[iter 1400]loss: 4.3456, tokens/sec: 20506.72 ± 534.22, tokens seen: 91750400, grad norm: 0.7787
[iter 1410]loss: 4.5952, tokens/sec: 20506.85 ± 532.33, tokens seen: 92405760, grad norm: 0.9381
[iter 1420]loss: 4.4430, tokens/sec: 20506.95 ± 530.45, tokens seen: 93061120, grad norm: 1.0561
[iter 1430]loss: 4.4295, tokens/sec: 20507.02 ± 528.60, tokens seen: 93716480, grad norm: 0.9423
[iter 1440]loss: 4.6793, tokens/sec: 20507.14 ± 526.76, tokens seen: 94371840, grad norm: 0.8937
[iter 1450]loss: 4.3238, tokens/sec: 20507.23 ± 524.95, tokens seen: 95027200, grad norm: 1.2014
[iter 1460]loss: 4.1879, tokens/sec: 20507.32 ± 523.15, tokens seen: 95682560, grad norm: 0.9901
[iter 1470]loss: 4.3318, tokens/sec: 20507.40 ± 521.37, tokens seen: 96337920, grad norm: 0.8593
[iter 1480]loss: 4.4782, tokens/sec: 20507.49 ± 519.61, tokens seen: 96993280, grad norm: 0.8946
[iter 1490]loss: 4.2281, tokens/sec: 20507.60 ± 517.86, tokens seen: 97648640, grad norm: 0.7935
[step 1500]train loss: 4.3655, val loss: 4.3458, (avg train loss: 0.5524 ± 0.0283), (avg grad norm: 0.9333 ± 0.1045)
saving checkpoint to ./out-owt-xl-mhc-bs4-30000step
[iter 1500]loss: 3.6060, tokens/sec: 20507.69 ± 516.14, tokens seen: 98304000, grad norm: 0.9127
[iter 1510]loss: 4.3289, tokens/sec: 20507.80 ± 514.43, tokens seen: 98959360, grad norm: 0.8582
[iter 1520]loss: 4.4251, tokens/sec: 20507.79 ± 512.73, tokens seen: 99614720, grad norm: 0.9560
[iter 1530]loss: 4.4473, tokens/sec: 20507.88 ± 511.06, tokens seen: 100270080, grad norm: 0.8903
[iter 1540]loss: 4.2735, tokens/sec: 20507.97 ± 509.40, tokens seen: 100925440, grad norm: 0.8456
[iter 1550]loss: 4.1679, tokens/sec: 20508.06 ± 507.76, tokens seen: 101580800, grad norm: 0.8859
[iter 1560]loss: 4.2379, tokens/sec: 20508.16 ± 506.13, tokens seen: 102236160, grad norm: 0.8578
[iter 1570]loss: 4.2487, tokens/sec: 20508.21 ± 504.52, tokens seen: 102891520, grad norm: 0.8200
[iter 1580]loss: 4.5565, tokens/sec: 20508.29 ± 502.92, tokens seen: 103546880, grad norm: 0.7499
[iter 1590]loss: 4.3285, tokens/sec: 20508.35 ± 501.34, tokens seen: 104202240, grad norm: 0.8373
[iter 1600]loss: 3.7939, tokens/sec: 20508.43 ± 499.77, tokens seen: 104857600, grad norm: 0.8117
[iter 1610]loss: 3.9102, tokens/sec: 20508.50 ± 498.22, tokens seen: 105512960, grad norm: 0.8761
[iter 1620]loss: 4.3596, tokens/sec: 20508.57 ± 496.68, tokens seen: 106168320, grad norm: 1.0795
[iter 1630]loss: 4.4652, tokens/sec: 20508.64 ± 495.16, tokens seen: 106823680, grad norm: 0.7935
[iter 1640]loss: 4.1578, tokens/sec: 20508.74 ± 493.65, tokens seen: 107479040, grad norm: 0.9057
[iter 1650]loss: 4.2886, tokens/sec: 20508.82 ± 492.15, tokens seen: 108134400, grad norm: 0.8492
[iter 1660]loss: 4.0548, tokens/sec: 20508.89 ± 490.67, tokens seen: 108789760, grad norm: 0.7928
[iter 1670]loss: 4.4035, tokens/sec: 20508.94 ± 489.20, tokens seen: 109445120, grad norm: 0.9873
[iter 1680]loss: 4.2269, tokens/sec: 20508.99 ± 487.75, tokens seen: 110100480, grad norm: 0.8067
[iter 1690]loss: 4.1037, tokens/sec: 20509.05 ± 486.30, tokens seen: 110755840, grad norm: 0.8711
[iter 1700]loss: 4.1801, tokens/sec: 20509.12 ± 484.87, tokens seen: 111411200, grad norm: 0.8366
[iter 1710]loss: 4.2751, tokens/sec: 20509.19 ± 483.45, tokens seen: 112066560, grad norm: 0.9971
[iter 1720]loss: 4.3709, tokens/sec: 20509.26 ± 482.05, tokens seen: 112721920, grad norm: 0.7953
[iter 1730]loss: 4.0275, tokens/sec: 20509.33 ± 480.66, tokens seen: 113377280, grad norm: 0.7706
[iter 1740]loss: 4.2530, tokens/sec: 20509.39 ± 479.27, tokens seen: 114032640, grad norm: 0.8211
[iter 1750]loss: 4.4116, tokens/sec: 20509.46 ± 477.91, tokens seen: 114688000, grad norm: 0.9071
[iter 1760]loss: 4.5881, tokens/sec: 20509.50 ± 476.55, tokens seen: 115343360, grad norm: 0.8683
[iter 1770]loss: 4.1818, tokens/sec: 20509.56 ± 475.20, tokens seen: 115998720, grad norm: 0.7852
[iter 1780]loss: 4.3434, tokens/sec: 20509.65 ± 473.87, tokens seen: 116654080, grad norm: 1.1418
[iter 1790]loss: 4.0354, tokens/sec: 20509.73 ± 472.54, tokens seen: 117309440, grad norm: 0.8300
[iter 1800]loss: 4.4662, tokens/sec: 20509.79 ± 471.23, tokens seen: 117964800, grad norm: 0.7554
[iter 1810]loss: 4.4004, tokens/sec: 20509.83 ± 469.93, tokens seen: 118620160, grad norm: 0.8009
[iter 1820]loss: 4.0790, tokens/sec: 20509.90 ± 468.64, tokens seen: 119275520, grad norm: 0.7623
[iter 1830]loss: 4.1436, tokens/sec: 20509.96 ± 467.36, tokens seen: 119930880, grad norm: 0.7177
[iter 1840]loss: 4.4893, tokens/sec: 20510.02 ± 466.09, tokens seen: 120586240, grad norm: 1.0791
[iter 1850]loss: 4.2117, tokens/sec: 20510.07 ± 464.83, tokens seen: 121241600, grad norm: 0.8200
[iter 1860]loss: 4.2271, tokens/sec: 20510.11 ± 463.58, tokens seen: 121896960, grad norm: 0.7290
[iter 1870]loss: 4.2956, tokens/sec: 20510.18 ± 462.34, tokens seen: 122552320, grad norm: 0.9932
[iter 1880]loss: 3.9317, tokens/sec: 20510.27 ± 461.11, tokens seen: 123207680, grad norm: 0.8428
[iter 1890]loss: 4.1791, tokens/sec: 20510.36 ± 459.89, tokens seen: 123863040, grad norm: 0.7907
[iter 1900]loss: 4.0043, tokens/sec: 20510.40 ± 458.68, tokens seen: 124518400, grad norm: 0.9706
[iter 1910]loss: 4.2491, tokens/sec: 20510.48 ± 457.48, tokens seen: 125173760, grad norm: 0.7271
[iter 1920]loss: 4.3051, tokens/sec: 20510.55 ± 456.29, tokens seen: 125829120, grad norm: 0.7840
[iter 1930]loss: 4.2418, tokens/sec: 20510.61 ± 455.11, tokens seen: 126484480, grad norm: 0.7618
[iter 1940]loss: 4.6510, tokens/sec: 20510.67 ± 453.94, tokens seen: 127139840, grad norm: 0.8973
[iter 1950]loss: 4.3602, tokens/sec: 20510.70 ± 452.77, tokens seen: 127795200, grad norm: 0.9902
[iter 1960]loss: 4.2115, tokens/sec: 20510.77 ± 451.62, tokens seen: 128450560, grad norm: 0.7382
[iter 1970]loss: 3.9977, tokens/sec: 20510.80 ± 450.47, tokens seen: 129105920, grad norm: 0.9685
[iter 1980]loss: 4.2824, tokens/sec: 20510.86 ± 449.33, tokens seen: 129761280, grad norm: 0.7407
[iter 1990]loss: 3.9962, tokens/sec: 20510.92 ± 448.20, tokens seen: 130416640, grad norm: 0.8200
[step 2000]train loss: 4.1437, val loss: 4.1450, (avg train loss: 0.5195 ± 0.0276), (avg grad norm: 0.8562 ± 0.1466)
saving checkpoint to ./out-owt-xl-mhc-bs4-30000step
[iter 2000]loss: 3.9683, tokens/sec: 20510.98 ± 447.08, tokens seen: 131072000, grad norm: 0.7542
[iter 2010]loss: 3.7705, tokens/sec: 20511.02 ± 445.97, tokens seen: 131727360, grad norm: 0.9309
[iter 2020]loss: 4.1590, tokens/sec: 20510.99 ± 444.87, tokens seen: 132382720, grad norm: 0.9098
[iter 2030]loss: 4.0824, tokens/sec: 20511.03 ± 443.77, tokens seen: 133038080, grad norm: 0.7528
[iter 2040]loss: 4.4845, tokens/sec: 20511.07 ± 442.69, tokens seen: 133693440, grad norm: 0.6987
[iter 2050]loss: 4.2863, tokens/sec: 20511.10 ± 441.61, tokens seen: 134348800, grad norm: 0.8636
[iter 2060]loss: 4.4281, tokens/sec: 20511.15 ± 440.53, tokens seen: 135004160, grad norm: 0.8444
[iter 2070]loss: 3.8850, tokens/sec: 20511.17 ± 439.47, tokens seen: 135659520, grad norm: 0.8220
[iter 2080]loss: 3.8812, tokens/sec: 20511.23 ± 438.41, tokens seen: 136314880, grad norm: 0.8479
[iter 2090]loss: 3.9114, tokens/sec: 20511.29 ± 437.37, tokens seen: 136970240, grad norm: 0.8371
[iter 2100]loss: 3.9829, tokens/sec: 20511.31 ± 436.32, tokens seen: 137625600, grad norm: 0.8150
[iter 2110]loss: 4.0830, tokens/sec: 20511.36 ± 435.29, tokens seen: 138280960, grad norm: 0.7740
[iter 2120]loss: 4.0659, tokens/sec: 20511.40 ± 434.26, tokens seen: 138936320, grad norm: 0.7637
[iter 2130]loss: 3.8442, tokens/sec: 20511.43 ± 433.24, tokens seen: 139591680, grad norm: 0.6979
[iter 2140]loss: 4.0268, tokens/sec: 20511.47 ± 432.23, tokens seen: 140247040, grad norm: 0.7556
[iter 2150]loss: 4.2165, tokens/sec: 20511.49 ± 431.23, tokens seen: 140902400, grad norm: 0.8480
[iter 2160]loss: 4.2608, tokens/sec: 20511.52 ± 430.23, tokens seen: 141557760, grad norm: 0.9512
[iter 2170]loss: 3.7725, tokens/sec: 20511.56 ± 429.24, tokens seen: 142213120, grad norm: 0.8247
[iter 2180]loss: 3.9328, tokens/sec: 20511.61 ± 428.25, tokens seen: 142868480, grad norm: 0.6963
[iter 2190]loss: 3.9788, tokens/sec: 20511.66 ± 427.28, tokens seen: 143523840, grad norm: 0.8015
[iter 2200]loss: 3.7903, tokens/sec: 20511.69 ± 426.30, tokens seen: 144179200, grad norm: 0.7607
[iter 2210]loss: 3.9142, tokens/sec: 20511.74 ± 425.34, tokens seen: 144834560, grad norm: 0.8126
[iter 2220]loss: 4.0008, tokens/sec: 20511.80 ± 424.38, tokens seen: 145489920, grad norm: 0.8392
[iter 2230]loss: 4.0510, tokens/sec: 20511.83 ± 423.43, tokens seen: 146145280, grad norm: 1.3134
[iter 2240]loss: 4.2146, tokens/sec: 20511.87 ± 422.49, tokens seen: 146800640, grad norm: 0.7134
[iter 2250]loss: 3.9716, tokens/sec: 20511.89 ± 421.55, tokens seen: 147456000, grad norm: 0.8083
[iter 2260]loss: 4.2661, tokens/sec: 20511.91 ± 420.62, tokens seen: 148111360, grad norm: 0.7169
[iter 2270]loss: 3.6239, tokens/sec: 20511.95 ± 419.69, tokens seen: 148766720, grad norm: 0.7335
[iter 2280]loss: 3.8499, tokens/sec: 20511.99 ± 418.77, tokens seen: 149422080, grad norm: 0.7538
[iter 2290]loss: 3.9411, tokens/sec: 20512.01 ± 417.85, tokens seen: 150077440, grad norm: 1.0210
[iter 2300]loss: 3.8800, tokens/sec: 20512.04 ± 416.95, tokens seen: 150732800, grad norm: 0.9865
[iter 2310]loss: 4.0671, tokens/sec: 20512.04 ± 416.04, tokens seen: 151388160, grad norm: 0.7474
[iter 2320]loss: 4.1298, tokens/sec: 20512.06 ± 415.15, tokens seen: 152043520, grad norm: 0.8504
[iter 2330]loss: 3.9636, tokens/sec: 20512.10 ± 414.26, tokens seen: 152698880, grad norm: 0.6923
[iter 2340]loss: 4.1617, tokens/sec: 20512.12 ± 413.37, tokens seen: 153354240, grad norm: 0.7704
[iter 2350]loss: 3.8001, tokens/sec: 20512.13 ± 412.49, tokens seen: 154009600, grad norm: 1.2766
[iter 2360]loss: 3.7399, tokens/sec: 20512.16 ± 411.62, tokens seen: 154664960, grad norm: 0.9098
[iter 2370]loss: 3.9381, tokens/sec: 20512.22 ± 410.75, tokens seen: 155320320, grad norm: 0.9209
[iter 2380]loss: 4.0698, tokens/sec: 20512.27 ± 409.89, tokens seen: 155975680, grad norm: 0.7192
[iter 2390]loss: 4.1870, tokens/sec: 20512.30 ± 409.03, tokens seen: 156631040, grad norm: 0.7512
[iter 2400]loss: 3.6537, tokens/sec: 20512.34 ± 408.18, tokens seen: 157286400, grad norm: 0.6747
[iter 2410]loss: 3.6024, tokens/sec: 20512.38 ± 407.33, tokens seen: 157941760, grad norm: 0.8446
[iter 2420]loss: 3.8646, tokens/sec: 20512.42 ± 406.49, tokens seen: 158597120, grad norm: 0.7790
[iter 2430]loss: 3.9426, tokens/sec: 20512.45 ± 405.65, tokens seen: 159252480, grad norm: 1.0036
[iter 2440]loss: 4.1098, tokens/sec: 20512.46 ± 404.82, tokens seen: 159907840, grad norm: 0.7023
[iter 2450]loss: 3.6978, tokens/sec: 20512.50 ± 404.00, tokens seen: 160563200, grad norm: 0.7421
[iter 2460]loss: 3.7390, tokens/sec: 20512.52 ± 403.18, tokens seen: 161218560, grad norm: 0.7028
[iter 2470]loss: 3.9846, tokens/sec: 20512.57 ± 402.36, tokens seen: 161873920, grad norm: 0.7297
[iter 2480]loss: 3.9804, tokens/sec: 20512.60 ± 401.55, tokens seen: 162529280, grad norm: 0.6467
[iter 2490]loss: 4.0896, tokens/sec: 20512.62 ± 400.74, tokens seen: 163184640, grad norm: 1.0479
[step 2500]train loss: 3.9625, val loss: 3.9776, (avg train loss: 0.4999 ± 0.0274), (avg grad norm: 0.7879 ± 0.1325)
saving checkpoint to ./out-owt-xl-mhc-bs4-30000step
[iter 2500]loss: 3.8957, tokens/sec: 20512.67 ± 399.94, tokens seen: 163840000, grad norm: 0.6107
[iter 2510]loss: 4.2087, tokens/sec: 20512.72 ± 399.15, tokens seen: 164495360, grad norm: 0.8052
[iter 2520]loss: 4.0769, tokens/sec: 20512.71 ± 398.36, tokens seen: 165150720, grad norm: 0.7845
[iter 2530]loss: 4.3007, tokens/sec: 20512.76 ± 397.57, tokens seen: 165806080, grad norm: 0.7311
[iter 2540]loss: 3.8282, tokens/sec: 20512.76 ± 396.79, tokens seen: 166461440, grad norm: 0.6894
[iter 2550]loss: 3.8572, tokens/sec: 20512.79 ± 396.01, tokens seen: 167116800, grad norm: 0.6721
[iter 2560]loss: 3.4138, tokens/sec: 20512.85 ± 395.24, tokens seen: 167772160, grad norm: 0.7843
[iter 2570]loss: 4.1323, tokens/sec: 20512.86 ± 394.47, tokens seen: 168427520, grad norm: 1.2709
[iter 2580]loss: 3.6427, tokens/sec: 20512.87 ± 393.70, tokens seen: 169082880, grad norm: 0.7400
[iter 2590]loss: 3.9784, tokens/sec: 20512.91 ± 392.94, tokens seen: 169738240, grad norm: 0.7050
[iter 2600]loss: 3.9217, tokens/sec: 20512.94 ± 392.19, tokens seen: 170393600, grad norm: 0.9171
[iter 2610]loss: 4.0362, tokens/sec: 20512.99 ± 391.44, tokens seen: 171048960, grad norm: 0.8455
[iter 2620]loss: 3.6421, tokens/sec: 20513.01 ± 390.69, tokens seen: 171704320, grad norm: 0.7099
[iter 2630]loss: 4.1863, tokens/sec: 20513.03 ± 389.95, tokens seen: 172359680, grad norm: 0.6602
[iter 2640]loss: 3.9118, tokens/sec: 20513.06 ± 389.21, tokens seen: 173015040, grad norm: 0.8545
[iter 2650]loss: 3.7665, tokens/sec: 20513.09 ± 388.48, tokens seen: 173670400, grad norm: 0.8880
[iter 2660]loss: 4.0962, tokens/sec: 20513.11 ± 387.74, tokens seen: 174325760, grad norm: 0.6299
[iter 2670]loss: 3.6464, tokens/sec: 20513.15 ± 387.02, tokens seen: 174981120, grad norm: 0.6905
[iter 2680]loss: 3.9770, tokens/sec: 20513.17 ± 386.30, tokens seen: 175636480, grad norm: 0.7205
[iter 2690]loss: 4.2090, tokens/sec: 20513.19 ± 385.58, tokens seen: 176291840, grad norm: 0.6324
[iter 2700]loss: 3.8845, tokens/sec: 20513.24 ± 384.87, tokens seen: 176947200, grad norm: 0.8100
[iter 2710]loss: 3.4821, tokens/sec: 20513.26 ± 384.16, tokens seen: 177602560, grad norm: 0.7760
[iter 2720]loss: 3.9930, tokens/sec: 20513.27 ± 383.45, tokens seen: 178257920, grad norm: 0.8121
[iter 2730]loss: 3.7483, tokens/sec: 20513.29 ± 382.75, tokens seen: 178913280, grad norm: 0.7464
[iter 2740]loss: 3.6088, tokens/sec: 20513.31 ± 382.05, tokens seen: 179568640, grad norm: 0.6964
[iter 2750]loss: 3.6251, tokens/sec: 20513.32 ± 381.36, tokens seen: 180224000, grad norm: 0.7585
[iter 2760]loss: 4.2277, tokens/sec: 20513.33 ± 380.66, tokens seen: 180879360, grad norm: 0.6399
[iter 2770]loss: 4.2321, tokens/sec: 20513.35 ± 379.98, tokens seen: 181534720, grad norm: 0.6316
[iter 2780]loss: 3.8464, tokens/sec: 20513.38 ± 379.29, tokens seen: 182190080, grad norm: 0.6865
[iter 2790]loss: 3.5922, tokens/sec: 20513.38 ± 378.61, tokens seen: 182845440, grad norm: 0.8382
[iter 2800]loss: 4.0220, tokens/sec: 20513.41 ± 377.94, tokens seen: 183500800, grad norm: 0.7489
[iter 2810]loss: 4.1038, tokens/sec: 20513.44 ± 377.27, tokens seen: 184156160, grad norm: 0.6702
[iter 2820]loss: 3.8875, tokens/sec: 20513.48 ± 376.60, tokens seen: 184811520, grad norm: 0.6586
[iter 2830]loss: 3.8582, tokens/sec: 20513.49 ± 375.93, tokens seen: 185466880, grad norm: 0.6849
[iter 2840]loss: 4.2955, tokens/sec: 20513.52 ± 375.27, tokens seen: 186122240, grad norm: 0.6971
[iter 2850]loss: 3.6167, tokens/sec: 20513.56 ± 374.61, tokens seen: 186777600, grad norm: 1.0303
[iter 2860]loss: 3.8512, tokens/sec: 20513.57 ± 373.96, tokens seen: 187432960, grad norm: 0.7034
[iter 2870]loss: 3.9486, tokens/sec: 20513.58 ± 373.31, tokens seen: 188088320, grad norm: 0.6812
[iter 2880]loss: 3.9894, tokens/sec: 20513.60 ± 372.66, tokens seen: 188743680, grad norm: 0.9204
[iter 2890]loss: 3.9417, tokens/sec: 20513.62 ± 372.01, tokens seen: 189399040, grad norm: 0.7171
[iter 2900]loss: 4.2306, tokens/sec: 20513.63 ± 371.37, tokens seen: 190054400, grad norm: 0.7677
[iter 2910]loss: 3.8502, tokens/sec: 20513.64 ± 370.74, tokens seen: 190709760, grad norm: 0.8445
[iter 2920]loss: 3.7450, tokens/sec: 20513.65 ± 370.10, tokens seen: 191365120, grad norm: 0.7840
[iter 2930]loss: 3.9244, tokens/sec: 20513.67 ± 369.47, tokens seen: 192020480, grad norm: 0.6122
[iter 2940]loss: 3.9641, tokens/sec: 20513.70 ± 368.84, tokens seen: 192675840, grad norm: 0.6993
[iter 2950]loss: 3.9062, tokens/sec: 20513.71 ± 368.22, tokens seen: 193331200, grad norm: 0.7653
[iter 2960]loss: 3.6442, tokens/sec: 20513.75 ± 367.59, tokens seen: 193986560, grad norm: 0.6382
[iter 2970]loss: 3.4027, tokens/sec: 20513.78 ± 366.98, tokens seen: 194641920, grad norm: 0.7713
[iter 2980]loss: 3.9961, tokens/sec: 20513.80 ± 366.36, tokens seen: 195297280, grad norm: 0.6874
[iter 2990]loss: 3.7873, tokens/sec: 20513.81 ± 365.75, tokens seen: 195952640, grad norm: 0.7147
[step 3000]train loss: 3.8652, val loss: 3.8885, (avg train loss: 0.4852 ± 0.0256), (avg grad norm: 0.7241 ± 0.0859)
saving checkpoint to ./out-owt-xl-mhc-bs4-30000step
[iter 3000]loss: 4.0188, tokens/sec: 20513.81 ± 365.14, tokens seen: 196608000, grad norm: 0.7127
[iter 3010]loss: 4.1045, tokens/sec: 20513.83 ± 364.53, tokens seen: 197263360, grad norm: 0.6687
[iter 3020]loss: 3.8433, tokens/sec: 20513.83 ± 363.93, tokens seen: 197918720, grad norm: 0.7131
[iter 3030]loss: 4.2436, tokens/sec: 20513.86 ± 363.33, tokens seen: 198574080, grad norm: 0.6519
[iter 3040]loss: 4.1327, tokens/sec: 20513.87 ± 362.73, tokens seen: 199229440, grad norm: 0.9332
[iter 3050]loss: 3.7396, tokens/sec: 20513.88 ± 362.14, tokens seen: 199884800, grad norm: 0.7045
[iter 3060]loss: 4.0038, tokens/sec: 20513.90 ± 361.54, tokens seen: 200540160, grad norm: 0.6472
[iter 3070]loss: 3.9870, tokens/sec: 20513.93 ± 360.96, tokens seen: 201195520, grad norm: 0.6331
[iter 3080]loss: 4.1229, tokens/sec: 20513.95 ± 360.37, tokens seen: 201850880, grad norm: 0.8106
[iter 3090]loss: 3.9760, tokens/sec: 20513.99 ± 359.79, tokens seen: 202506240, grad norm: 0.6384
[iter 3100]loss: 3.8079, tokens/sec: 20514.00 ± 359.21, tokens seen: 203161600, grad norm: 0.6710
[iter 3110]loss: 3.7065, tokens/sec: 20514.00 ± 358.63, tokens seen: 203816960, grad norm: 1.1530
[iter 3120]loss: 3.9079, tokens/sec: 20514.00 ± 358.06, tokens seen: 204472320, grad norm: 0.9218
[iter 3130]loss: 3.8762, tokens/sec: 20514.03 ± 357.49, tokens seen: 205127680, grad norm: 0.6688
[iter 3140]loss: 3.5791, tokens/sec: 20514.05 ± 356.92, tokens seen: 205783040, grad norm: 0.6491
[iter 3150]loss: 3.7943, tokens/sec: 20514.05 ± 356.35, tokens seen: 206438400, grad norm: 0.7313
[iter 3160]loss: 3.4562, tokens/sec: 20514.05 ± 355.79, tokens seen: 207093760, grad norm: 0.6562
[iter 3170]loss: 3.6439, tokens/sec: 20514.07 ± 355.23, tokens seen: 207749120, grad norm: 0.7511
[iter 3180]loss: 3.9994, tokens/sec: 20514.04 ± 354.67, tokens seen: 208404480, grad norm: 0.6979
[iter 3190]loss: 3.8698, tokens/sec: 20514.05 ± 354.11, tokens seen: 209059840, grad norm: 0.5946
[iter 3200]loss: 3.8774, tokens/sec: 20514.02 ± 353.56, tokens seen: 209715200, grad norm: 0.6153
[iter 3210]loss: 3.7182, tokens/sec: 20514.03 ± 353.01, tokens seen: 210370560, grad norm: 0.6391
[iter 3220]loss: 3.7377, tokens/sec: 20514.05 ± 352.46, tokens seen: 211025920, grad norm: 0.6685
[iter 3230]loss: 3.7148, tokens/sec: 20514.07 ± 351.92, tokens seen: 211681280, grad norm: 0.6876
[iter 3240]loss: 3.9563, tokens/sec: 20514.09 ± 351.37, tokens seen: 212336640, grad norm: 0.6537
[iter 3250]loss: 4.0088, tokens/sec: 20514.10 ± 350.83, tokens seen: 212992000, grad norm: 0.7050
[iter 3260]loss: 3.2803, tokens/sec: 20514.13 ± 350.29, tokens seen: 213647360, grad norm: 0.6513
[iter 3270]loss: 3.9209, tokens/sec: 20514.14 ± 349.76, tokens seen: 214302720, grad norm: 0.6825
[iter 3280]loss: 3.8744, tokens/sec: 20514.17 ± 349.23, tokens seen: 214958080, grad norm: 0.6762
[iter 3290]loss: 3.9268, tokens/sec: 20514.18 ± 348.70, tokens seen: 215613440, grad norm: 0.7919
[iter 3300]loss: 3.7406, tokens/sec: 20514.21 ± 348.17, tokens seen: 216268800, grad norm: 0.6617
[iter 3310]loss: 4.1140, tokens/sec: 20514.21 ± 347.64, tokens seen: 216924160, grad norm: 0.6578
[iter 3320]loss: 3.8849, tokens/sec: 20514.20 ± 347.12, tokens seen: 217579520, grad norm: 0.6963
[iter 3330]loss: 3.6165, tokens/sec: 20514.19 ± 346.60, tokens seen: 218234880, grad norm: 0.7534
[iter 3340]loss: 3.7145, tokens/sec: 20514.19 ± 346.08, tokens seen: 218890240, grad norm: 0.6147
[iter 3350]loss: 4.0801, tokens/sec: 20514.19 ± 345.56, tokens seen: 219545600, grad norm: 0.7223
[iter 3360]loss: 3.7941, tokens/sec: 20514.22 ± 345.05, tokens seen: 220200960, grad norm: 0.6617
[iter 3370]loss: 3.7383, tokens/sec: 20514.25 ± 344.54, tokens seen: 220856320, grad norm: 0.6513
[iter 3380]loss: 3.5182, tokens/sec: 20514.26 ± 344.03, tokens seen: 221511680, grad norm: 0.6057
[iter 3390]loss: 3.7932, tokens/sec: 20514.29 ± 343.52, tokens seen: 222167040, grad norm: 0.6302
[iter 3400]loss: 3.8772, tokens/sec: 20514.30 ± 343.02, tokens seen: 222822400, grad norm: 0.6586
[iter 3410]loss: 3.7374, tokens/sec: 20514.32 ± 342.51, tokens seen: 223477760, grad norm: 0.6098
[iter 3420]loss: 3.9819, tokens/sec: 20514.34 ± 342.01, tokens seen: 224133120, grad norm: 0.6170
[iter 3430]loss: 4.0078, tokens/sec: 20514.37 ± 341.52, tokens seen: 224788480, grad norm: 0.6544
[iter 3440]loss: 4.0447, tokens/sec: 20514.39 ± 341.02, tokens seen: 225443840, grad norm: 0.7362
[iter 3450]loss: 3.8929, tokens/sec: 20514.40 ± 340.53, tokens seen: 226099200, grad norm: 0.6492
[iter 3460]loss: 3.1697, tokens/sec: 20514.43 ± 340.03, tokens seen: 226754560, grad norm: 0.6268
[iter 3470]loss: 3.8139, tokens/sec: 20514.45 ± 339.54, tokens seen: 227409920, grad norm: 0.6302
[iter 3480]loss: 3.9778, tokens/sec: 20514.46 ± 339.06, tokens seen: 228065280, grad norm: 0.7117
[iter 3490]loss: 3.9036, tokens/sec: 20514.47 ± 338.57, tokens seen: 228720640, grad norm: 0.6449
[step 3500]train loss: 3.7693, val loss: 3.7941, (avg train loss: 0.4734 ± 0.0256), (avg grad norm: 0.6842 ± 0.0707)
saving checkpoint to ./out-owt-xl-mhc-bs4-30000step
[iter 3500]loss: 3.7580, tokens/sec: 20514.49 ± 338.09, tokens seen: 229376000, grad norm: 0.6296
[iter 3510]loss: 3.3206, tokens/sec: 20514.55 ± 337.61, tokens seen: 230031360, grad norm: 0.7291
[iter 3520]loss: 3.7766, tokens/sec: 20514.51 ± 337.13, tokens seen: 230686720, grad norm: 0.6270
[iter 3530]loss: 3.9732, tokens/sec: 20514.50 ± 336.65, tokens seen: 231342080, grad norm: 0.6456
[iter 3540]loss: 3.8229, tokens/sec: 20514.52 ± 336.18, tokens seen: 231997440, grad norm: 0.6210
[iter 3550]loss: 3.8087, tokens/sec: 20514.55 ± 335.70, tokens seen: 232652800, grad norm: 0.6155
[iter 3560]loss: 3.5131, tokens/sec: 20514.57 ± 335.23, tokens seen: 233308160, grad norm: 0.6191
[iter 3570]loss: 3.6980, tokens/sec: 20514.60 ± 334.76, tokens seen: 233963520, grad norm: 0.7511
[iter 3580]loss: 3.6884, tokens/sec: 20514.62 ± 334.30, tokens seen: 234618880, grad norm: 0.6356
[iter 3590]loss: 3.7109, tokens/sec: 20514.65 ± 333.83, tokens seen: 235274240, grad norm: 0.6406
[iter 3600]loss: 3.6243, tokens/sec: 20514.67 ± 333.37, tokens seen: 235929600, grad norm: 0.7150
[iter 3610]loss: 3.5524, tokens/sec: 20514.69 ± 332.91, tokens seen: 236584960, grad norm: 0.6721
[iter 3620]loss: 3.9861, tokens/sec: 20514.71 ± 332.45, tokens seen: 237240320, grad norm: 0.6109
[iter 3630]loss: 3.7431, tokens/sec: 20514.72 ± 331.99, tokens seen: 237895680, grad norm: 0.6894
[iter 3640]loss: 3.7345, tokens/sec: 20514.72 ± 331.54, tokens seen: 238551040, grad norm: 0.7252
[iter 3650]loss: 4.0774, tokens/sec: 20514.74 ± 331.08, tokens seen: 239206400, grad norm: 0.6703
[iter 3660]loss: 3.8016, tokens/sec: 20514.76 ± 330.63, tokens seen: 239861760, grad norm: 0.6539
[iter 3670]loss: 3.3834, tokens/sec: 20514.78 ± 330.18, tokens seen: 240517120, grad norm: 0.6268
[iter 3680]loss: 3.7472, tokens/sec: 20514.81 ± 329.73, tokens seen: 241172480, grad norm: 0.6604
[iter 3690]loss: 3.6838, tokens/sec: 20514.83 ± 329.29, tokens seen: 241827840, grad norm: 0.6925
[iter 3700]loss: 3.7970, tokens/sec: 20514.86 ± 328.84, tokens seen: 242483200, grad norm: 0.7030
[iter 3710]loss: 3.8056, tokens/sec: 20514.89 ± 328.40, tokens seen: 243138560, grad norm: 0.7024
[iter 3720]loss: 3.3658, tokens/sec: 20514.91 ± 327.96, tokens seen: 243793920, grad norm: 0.6621
[iter 3730]loss: 4.0986, tokens/sec: 20514.93 ± 327.52, tokens seen: 244449280, grad norm: 0.6498
[iter 3740]loss: 3.7464, tokens/sec: 20514.94 ± 327.08, tokens seen: 245104640, grad norm: 0.6891
[iter 3750]loss: 3.8835, tokens/sec: 20514.96 ± 326.64, tokens seen: 245760000, grad norm: 0.6425
[iter 3760]loss: 3.7507, tokens/sec: 20515.01 ± 326.21, tokens seen: 246415360, grad norm: 0.6511
[iter 3770]loss: 3.8430, tokens/sec: 20515.03 ± 325.78, tokens seen: 247070720, grad norm: 0.6439
[iter 3780]loss: 3.7617, tokens/sec: 20515.06 ± 325.35, tokens seen: 247726080, grad norm: 0.7311
[iter 3790]loss: 3.6205, tokens/sec: 20515.07 ± 324.92, tokens seen: 248381440, grad norm: 0.7156
[iter 3800]loss: 3.8790, tokens/sec: 20515.09 ± 324.49, tokens seen: 249036800, grad norm: 0.6527
[iter 3810]loss: 3.8529, tokens/sec: 20515.11 ± 324.07, tokens seen: 249692160, grad norm: 0.7053
[iter 3820]loss: 3.9078, tokens/sec: 20515.13 ± 323.64, tokens seen: 250347520, grad norm: 0.7497
[iter 3830]loss: 3.8537, tokens/sec: 20515.15 ± 323.22, tokens seen: 251002880, grad norm: 0.5915
[iter 3840]loss: 3.8228, tokens/sec: 20515.17 ± 322.80, tokens seen: 251658240, grad norm: 0.6113
[iter 3850]loss: 3.6476, tokens/sec: 20515.18 ± 322.38, tokens seen: 252313600, grad norm: 0.6312
[iter 3860]loss: 3.7643, tokens/sec: 20515.21 ± 321.96, tokens seen: 252968960, grad norm: 0.6698
[iter 3870]loss: 3.6551, tokens/sec: 20515.23 ± 321.55, tokens seen: 253624320, grad norm: 0.7635
[iter 3880]loss: 3.9369, tokens/sec: 20515.26 ± 321.14, tokens seen: 254279680, grad norm: 0.6190
[iter 3890]loss: 3.7539, tokens/sec: 20515.28 ± 320.72, tokens seen: 254935040, grad norm: 0.7532
[iter 3900]loss: 3.6506, tokens/sec: 20515.29 ± 320.31, tokens seen: 255590400, grad norm: 0.6511
[iter 3910]loss: 3.9540, tokens/sec: 20515.32 ± 319.90, tokens seen: 256245760, grad norm: 0.7460
[iter 3920]loss: 3.6906, tokens/sec: 20515.35 ± 319.50, tokens seen: 256901120, grad norm: 0.6259
[iter 3930]loss: 3.7765, tokens/sec: 20515.36 ± 319.09, tokens seen: 257556480, grad norm: 0.6660
[iter 3940]loss: 3.7715, tokens/sec: 20515.39 ± 318.69, tokens seen: 258211840, grad norm: 0.6551
[iter 3950]loss: 3.8038, tokens/sec: 20515.40 ± 318.28, tokens seen: 258867200, grad norm: 0.6100
[iter 3960]loss: 3.5641, tokens/sec: 20515.42 ± 317.88, tokens seen: 259522560, grad norm: 0.6006
[iter 3970]loss: 3.5102, tokens/sec: 20515.45 ± 317.48, tokens seen: 260177920, grad norm: 0.6339
[iter 3980]loss: 3.6148, tokens/sec: 20515.47 ± 317.08, tokens seen: 260833280, grad norm: 0.6221
[iter 3990]loss: 3.8352, tokens/sec: 20515.49 ± 316.69, tokens seen: 261488640, grad norm: 0.7228
[step 4000]train loss: 3.7428, val loss: 3.7377, (avg train loss: 0.4659 ± 0.0271), (avg grad norm: 0.6670 ± 0.0648)
saving checkpoint to ./out-owt-xl-mhc-bs4-30000step
[iter 4000]loss: 3.6837, tokens/sec: 20515.52 ± 316.29, tokens seen: 262144000, grad norm: 0.7095
[iter 4010]loss: 3.9122, tokens/sec: 20515.54 ± 315.90, tokens seen: 262799360, grad norm: 0.7093
[iter 4020]loss: 3.7435, tokens/sec: 20515.53 ± 315.50, tokens seen: 263454720, grad norm: 0.6345
[iter 4030]loss: 3.5456, tokens/sec: 20515.53 ± 315.11, tokens seen: 264110080, grad norm: 0.6123
[iter 4040]loss: 3.4075, tokens/sec: 20515.54 ± 314.72, tokens seen: 264765440, grad norm: 0.6884
[iter 4050]loss: 3.4002, tokens/sec: 20515.54 ± 314.33, tokens seen: 265420800, grad norm: 0.6976
[iter 4060]loss: 4.1319, tokens/sec: 20515.56 ± 313.95, tokens seen: 266076160, grad norm: 0.8148
[iter 4070]loss: 3.5978, tokens/sec: 20515.59 ± 313.56, tokens seen: 266731520, grad norm: 0.5983
[iter 4080]loss: 3.8354, tokens/sec: 20515.61 ± 313.18, tokens seen: 267386880, grad norm: 0.6105
[iter 4090]loss: 3.9743, tokens/sec: 20515.63 ± 312.80, tokens seen: 268042240, grad norm: 0.6685
[iter 4100]loss: 3.0986, tokens/sec: 20515.65 ± 312.42, tokens seen: 268697600, grad norm: 0.6923
[iter 4110]loss: 3.8813, tokens/sec: 20515.67 ± 312.04, tokens seen: 269352960, grad norm: 0.6145
[iter 4120]loss: 3.5254, tokens/sec: 20515.68 ± 311.66, tokens seen: 270008320, grad norm: 0.7789
[iter 4130]loss: 3.3300, tokens/sec: 20515.68 ± 311.28, tokens seen: 270663680, grad norm: 0.8307
[iter 4140]loss: 3.9164, tokens/sec: 20515.70 ± 310.91, tokens seen: 271319040, grad norm: 0.6720
[iter 4150]loss: 3.7440, tokens/sec: 20515.71 ± 310.53, tokens seen: 271974400, grad norm: 0.7423
[iter 4160]loss: 3.4014, tokens/sec: 20515.73 ± 310.16, tokens seen: 272629760, grad norm: 0.7316
[iter 4170]loss: 3.7914, tokens/sec: 20515.74 ± 309.79, tokens seen: 273285120, grad norm: 0.5897
[iter 4180]loss: 3.8800, tokens/sec: 20515.76 ± 309.42, tokens seen: 273940480, grad norm: 0.6326
[iter 4190]loss: 3.6672, tokens/sec: 20515.77 ± 309.05, tokens seen: 274595840, grad norm: 0.6342
[iter 4200]loss: 3.5334, tokens/sec: 20515.79 ± 308.68, tokens seen: 275251200, grad norm: 0.7721
[iter 4210]loss: 3.9243, tokens/sec: 20515.82 ± 308.31, tokens seen: 275906560, grad norm: 0.7011
[iter 4220]loss: 3.9453, tokens/sec: 20515.84 ± 307.95, tokens seen: 276561920, grad norm: 0.6434
[iter 4230]loss: 3.9935, tokens/sec: 20515.84 ± 307.59, tokens seen: 277217280, grad norm: 0.7750
[iter 4240]loss: 3.5913, tokens/sec: 20515.86 ± 307.22, tokens seen: 277872640, grad norm: 0.6525
[iter 4250]loss: 3.4569, tokens/sec: 20515.87 ± 306.86, tokens seen: 278528000, grad norm: 0.5702
[iter 4260]loss: 3.5835, tokens/sec: 20515.89 ± 306.50, tokens seen: 279183360, grad norm: 0.6867
[iter 4270]loss: 3.8184, tokens/sec: 20515.90 ± 306.14, tokens seen: 279838720, grad norm: 0.6273
[iter 4280]loss: 3.4749, tokens/sec: 20515.92 ± 305.79, tokens seen: 280494080, grad norm: 0.6669
[iter 4290]loss: 3.0706, tokens/sec: 20515.93 ± 305.43, tokens seen: 281149440, grad norm: 0.6401
[iter 4300]loss: 3.6858, tokens/sec: 20515.94 ± 305.08, tokens seen: 281804800, grad norm: 0.6275
[iter 4310]loss: 3.6754, tokens/sec: 20515.95 ± 304.72, tokens seen: 282460160, grad norm: 0.6180
[iter 4320]loss: 3.8398, tokens/sec: 20515.96 ± 304.37, tokens seen: 283115520, grad norm: 0.6115
[iter 4330]loss: 3.6548, tokens/sec: 20515.97 ± 304.02, tokens seen: 283770880, grad norm: 0.6288
[iter 4340]loss: 3.6708, tokens/sec: 20515.98 ± 303.67, tokens seen: 284426240, grad norm: 0.7199
[iter 4350]loss: 3.6952, tokens/sec: 20515.98 ± 303.32, tokens seen: 285081600, grad norm: 0.6571
[iter 4360]loss: 3.7554, tokens/sec: 20515.99 ± 302.97, tokens seen: 285736960, grad norm: 0.6890
[iter 4370]loss: 3.8284, tokens/sec: 20516.01 ± 302.63, tokens seen: 286392320, grad norm: 0.6412
[iter 4380]loss: 3.9208, tokens/sec: 20516.02 ± 302.28, tokens seen: 287047680, grad norm: 0.6036
[iter 4390]loss: 3.7518, tokens/sec: 20516.03 ± 301.94, tokens seen: 287703040, grad norm: 0.5593
[iter 4400]loss: 3.5474, tokens/sec: 20516.04 ± 301.59, tokens seen: 288358400, grad norm: 0.6278
[iter 4410]loss: 3.8859, tokens/sec: 20516.06 ± 301.25, tokens seen: 289013760, grad norm: 0.6520
[iter 4420]loss: 3.7540, tokens/sec: 20516.07 ± 300.91, tokens seen: 289669120, grad norm: 0.6081
[iter 4430]loss: 4.0842, tokens/sec: 20516.08 ± 300.57, tokens seen: 290324480, grad norm: 0.6398
[iter 4440]loss: 3.7592, tokens/sec: 20516.09 ± 300.23, tokens seen: 290979840, grad norm: 0.7957
[iter 4450]loss: 3.9375, tokens/sec: 20516.10 ± 299.90, tokens seen: 291635200, grad norm: 0.7258
[iter 4460]loss: 3.4959, tokens/sec: 20516.10 ± 299.56, tokens seen: 292290560, grad norm: 0.5982
[iter 4470]loss: 3.9574, tokens/sec: 20516.11 ± 299.23, tokens seen: 292945920, grad norm: 0.7130
[iter 4480]loss: 3.8196, tokens/sec: 20516.11 ± 298.89, tokens seen: 293601280, grad norm: 0.8605
[iter 4490]loss: 3.9004, tokens/sec: 20516.12 ± 298.56, tokens seen: 294256640, grad norm: 0.7892
[step 4500]train loss: 3.6669, val loss: 3.7012, (avg train loss: 0.4613 ± 0.0237), (avg grad norm: 0.6654 ± 0.0722)
saving checkpoint to ./out-owt-xl-mhc-bs4-30000step
[iter 4500]loss: 3.7774, tokens/sec: 20516.12 ± 298.23, tokens seen: 294912000, grad norm: 0.7509
[iter 4510]loss: 3.7757, tokens/sec: 20516.15 ± 297.90, tokens seen: 295567360, grad norm: 0.5654
[iter 4520]loss: 3.4981, tokens/sec: 20516.14 ± 297.57, tokens seen: 296222720, grad norm: 0.6433
[iter 4530]loss: 3.5648, tokens/sec: 20516.15 ± 297.24, tokens seen: 296878080, grad norm: 0.6789
[iter 4540]loss: 3.4519, tokens/sec: 20516.16 ± 296.91, tokens seen: 297533440, grad norm: 0.6886
[iter 4550]loss: 3.7179, tokens/sec: 20516.18 ± 296.59, tokens seen: 298188800, grad norm: 0.6407
[iter 4560]loss: 3.7009, tokens/sec: 20516.20 ± 296.26, tokens seen: 298844160, grad norm: 0.6146
[iter 4570]loss: 3.6244, tokens/sec: 20516.22 ± 295.94, tokens seen: 299499520, grad norm: 0.6911
[iter 4580]loss: 3.5845, tokens/sec: 20516.24 ± 295.62, tokens seen: 300154880, grad norm: 0.7878
[iter 4590]loss: 3.7461, tokens/sec: 20516.25 ± 295.30, tokens seen: 300810240, grad norm: 0.6470
[iter 4600]loss: 3.3592, tokens/sec: 20516.27 ± 294.98, tokens seen: 301465600, grad norm: 0.6297
[iter 4610]loss: 3.8204, tokens/sec: 20516.29 ± 294.66, tokens seen: 302120960, grad norm: 0.6744
[iter 4620]loss: 3.6651, tokens/sec: 20516.30 ± 294.34, tokens seen: 302776320, grad norm: 0.6705
[iter 4630]loss: 3.7754, tokens/sec: 20516.31 ± 294.02, tokens seen: 303431680, grad norm: 0.6157
[iter 4640]loss: 3.5651, tokens/sec: 20516.32 ± 293.70, tokens seen: 304087040, grad norm: 0.5514
[iter 4650]loss: 3.5830, tokens/sec: 20516.33 ± 293.39, tokens seen: 304742400, grad norm: 0.6386
[iter 4660]loss: 3.7558, tokens/sec: 20516.35 ± 293.07, tokens seen: 305397760, grad norm: 0.6061
[iter 4670]loss: 3.5851, tokens/sec: 20516.36 ± 292.76, tokens seen: 306053120, grad norm: 0.6529
[iter 4680]loss: 3.5564, tokens/sec: 20516.37 ± 292.45, tokens seen: 306708480, grad norm: 0.5829
[iter 4690]loss: 3.6152, tokens/sec: 20516.37 ± 292.14, tokens seen: 307363840, grad norm: 0.6339
[iter 4700]loss: 3.5161, tokens/sec: 20516.38 ± 291.82, tokens seen: 308019200, grad norm: 0.7296
[iter 4710]loss: 3.6332, tokens/sec: 20516.38 ± 291.52, tokens seen: 308674560, grad norm: 0.6211
[iter 4720]loss: 3.6773, tokens/sec: 20516.39 ± 291.21, tokens seen: 309329920, grad norm: 0.7025
[iter 4730]loss: 3.3533, tokens/sec: 20516.41 ± 290.90, tokens seen: 309985280, grad norm: 0.5666
[iter 4740]loss: 3.4539, tokens/sec: 20516.41 ± 290.59, tokens seen: 310640640, grad norm: 0.6411
[iter 4750]loss: 3.6642, tokens/sec: 20516.41 ± 290.29, tokens seen: 311296000, grad norm: 0.7962
[iter 4760]loss: 3.5514, tokens/sec: 20516.42 ± 289.98, tokens seen: 311951360, grad norm: 0.5916
[iter 4770]loss: 3.5196, tokens/sec: 20516.41 ± 289.68, tokens seen: 312606720, grad norm: 0.7688
[iter 4780]loss: 3.7666, tokens/sec: 20516.41 ± 289.38, tokens seen: 313262080, grad norm: 0.6449
[iter 4790]loss: 3.5732, tokens/sec: 20516.43 ± 289.07, tokens seen: 313917440, grad norm: 0.5970
[iter 4800]loss: 3.7883, tokens/sec: 20516.44 ± 288.77, tokens seen: 314572800, grad norm: 1.1148
[iter 4810]loss: 3.5383, tokens/sec: 20516.45 ± 288.47, tokens seen: 315228160, grad norm: 0.6611
[iter 4820]loss: 3.8355, tokens/sec: 20516.47 ± 288.17, tokens seen: 315883520, grad norm: 0.6595
[iter 4830]loss: 3.3088, tokens/sec: 20516.47 ± 287.88, tokens seen: 316538880, grad norm: 0.6318
[iter 4840]loss: 3.5816, tokens/sec: 20516.48 ± 287.58, tokens seen: 317194240, grad norm: 0.6215
[iter 4850]loss: 3.7960, tokens/sec: 20516.50 ± 287.28, tokens seen: 317849600, grad norm: 0.5962
[iter 4860]loss: 3.6387, tokens/sec: 20516.50 ± 286.99, tokens seen: 318504960, grad norm: 0.6319
[iter 4870]loss: 3.5634, tokens/sec: 20516.50 ± 286.69, tokens seen: 319160320, grad norm: 0.6058
[iter 4880]loss: 3.6490, tokens/sec: 20516.50 ± 286.40, tokens seen: 319815680, grad norm: 0.5438
[iter 4890]loss: 3.7348, tokens/sec: 20516.52 ± 286.11, tokens seen: 320471040, grad norm: 0.6786
[iter 4900]loss: 3.4416, tokens/sec: 20516.54 ± 285.82, tokens seen: 321126400, grad norm: 0.6446
[iter 4910]loss: 3.6743, tokens/sec: 20516.55 ± 285.53, tokens seen: 321781760, grad norm: 0.6491
[iter 4920]loss: 3.4345, tokens/sec: 20516.56 ± 285.24, tokens seen: 322437120, grad norm: 0.6304
[iter 4930]loss: 3.6688, tokens/sec: 20516.57 ± 284.95, tokens seen: 323092480, grad norm: 0.6661
[iter 4940]loss: 3.5810, tokens/sec: 20516.57 ± 284.66, tokens seen: 323747840, grad norm: 0.7048
[iter 4950]loss: 3.7828, tokens/sec: 20516.58 ± 284.37, tokens seen: 324403200, grad norm: 0.6486
[iter 4960]loss: 3.5110, tokens/sec: 20516.60 ± 284.08, tokens seen: 325058560, grad norm: 2.1781
[iter 4970]loss: 3.3395, tokens/sec: 20516.62 ± 283.80, tokens seen: 325713920, grad norm: 0.6556
[iter 4980]loss: 3.6828, tokens/sec: 20516.64 ± 283.52, tokens seen: 326369280, grad norm: 0.6209
[iter 4990]loss: 3.8397, tokens/sec: 20516.65 ± 283.23, tokens seen: 327024640, grad norm: 0.6168
[step 5000]train loss: 3.6157, val loss: 3.6383, (avg train loss: 0.4544 ± 0.0241), (avg grad norm: 0.6662 ± 0.1344)
saving checkpoint to ./out-owt-xl-mhc-bs4-30000step
[iter 5000]loss: 3.7840, tokens/sec: 20516.68 ± 282.95, tokens seen: 327680000, grad norm: 0.6290
[iter 5010]loss: 3.3123, tokens/sec: 20516.69 ± 282.67, tokens seen: 328335360, grad norm: 0.6965
[iter 5020]loss: 3.6758, tokens/sec: 20516.68 ± 282.39, tokens seen: 328990720, grad norm: 0.5940
[iter 5030]loss: 3.1176, tokens/sec: 20516.70 ± 282.11, tokens seen: 329646080, grad norm: 0.6583
[iter 5040]loss: 3.7254, tokens/sec: 20516.71 ± 281.83, tokens seen: 330301440, grad norm: 0.6308
[iter 5050]loss: 3.3173, tokens/sec: 20516.73 ± 281.55, tokens seen: 330956800, grad norm: 0.5914
[iter 5060]loss: 3.7811, tokens/sec: 20516.74 ± 281.27, tokens seen: 331612160, grad norm: 0.6722
[iter 5070]loss: 4.0506, tokens/sec: 20516.76 ± 280.99, tokens seen: 332267520, grad norm: 0.5907
[iter 5080]loss: 3.3055, tokens/sec: 20516.77 ± 280.72, tokens seen: 332922880, grad norm: 0.6582
[iter 5090]loss: 3.8423, tokens/sec: 20516.79 ± 280.44, tokens seen: 333578240, grad norm: 0.5782
[iter 5100]loss: 3.6297, tokens/sec: 20516.78 ± 280.17, tokens seen: 334233600, grad norm: 0.7395
[iter 5110]loss: 3.7410, tokens/sec: 20516.78 ± 279.89, tokens seen: 334888960, grad norm: 0.6119
[iter 5120]loss: 3.7961, tokens/sec: 20516.79 ± 279.62, tokens seen: 335544320, grad norm: 0.7033
[iter 5130]loss: 3.7568, tokens/sec: 20516.78 ± 279.35, tokens seen: 336199680, grad norm: 0.7490
[iter 5140]loss: 3.5169, tokens/sec: 20516.78 ± 279.08, tokens seen: 336855040, grad norm: 0.6840
[iter 5150]loss: 3.4369, tokens/sec: 20516.80 ± 278.80, tokens seen: 337510400, grad norm: 0.6887
[iter 5160]loss: 3.6379, tokens/sec: 20516.82 ± 278.54, tokens seen: 338165760, grad norm: 0.5937
[iter 5170]loss: 3.5816, tokens/sec: 20516.83 ± 278.27, tokens seen: 338821120, grad norm: 0.8676
[iter 5180]loss: 3.6271, tokens/sec: 20516.84 ± 278.00, tokens seen: 339476480, grad norm: 0.6739
[iter 5190]loss: 3.2303, tokens/sec: 20516.86 ± 277.73, tokens seen: 340131840, grad norm: 0.6837
[iter 5200]loss: 3.9652, tokens/sec: 20516.87 ± 277.46, tokens seen: 340787200, grad norm: 0.6311
[iter 5210]loss: 3.4546, tokens/sec: 20516.88 ± 277.20, tokens seen: 341442560, grad norm: 0.6170
[iter 5220]loss: 3.8455, tokens/sec: 20516.89 ± 276.93, tokens seen: 342097920, grad norm: 0.5946
[iter 5230]loss: 3.5508, tokens/sec: 20516.90 ± 276.67, tokens seen: 342753280, grad norm: 0.7433
[iter 5240]loss: 3.7576, tokens/sec: 20516.91 ± 276.40, tokens seen: 343408640, grad norm: 0.6377
[iter 5250]loss: 3.7471, tokens/sec: 20516.92 ± 276.14, tokens seen: 344064000, grad norm: 0.6940
[iter 5260]loss: 3.5957, tokens/sec: 20516.91 ± 275.88, tokens seen: 344719360, grad norm: 0.5518
[iter 5270]loss: 3.6555, tokens/sec: 20516.92 ± 275.62, tokens seen: 345374720, grad norm: 0.5581
[iter 5280]loss: 3.4536, tokens/sec: 20516.92 ± 275.36, tokens seen: 346030080, grad norm: 0.5933
[iter 5290]loss: 3.6175, tokens/sec: 20516.92 ± 275.10, tokens seen: 346685440, grad norm: 0.8181
[iter 5300]loss: 3.8078, tokens/sec: 20516.92 ± 274.84, tokens seen: 347340800, grad norm: 0.5585
[iter 5310]loss: 3.4514, tokens/sec: 20516.93 ± 274.58, tokens seen: 347996160, grad norm: 0.5709
[iter 5320]loss: 3.7270, tokens/sec: 20516.94 ± 274.32, tokens seen: 348651520, grad norm: 0.6392
[iter 5330]loss: 3.8145, tokens/sec: 20516.95 ± 274.07, tokens seen: 349306880, grad norm: 0.7134
[iter 5340]loss: 3.6423, tokens/sec: 20516.96 ± 273.81, tokens seen: 349962240, grad norm: 0.6055
[iter 5350]loss: 3.5528, tokens/sec: 20516.97 ± 273.55, tokens seen: 350617600, grad norm: 0.6748
[iter 5360]loss: 3.4896, tokens/sec: 20516.98 ± 273.30, tokens seen: 351272960, grad norm: 0.6249
[iter 5370]loss: 3.5419, tokens/sec: 20516.99 ± 273.04, tokens seen: 351928320, grad norm: 0.6929
[iter 5380]loss: 3.2816, tokens/sec: 20517.00 ± 272.79, tokens seen: 352583680, grad norm: 0.6124
[iter 5390]loss: 3.5311, tokens/sec: 20517.00 ± 272.54, tokens seen: 353239040, grad norm: 0.5602
[iter 5400]loss: 3.5024, tokens/sec: 20517.01 ± 272.29, tokens seen: 353894400, grad norm: 0.6147
[iter 5410]loss: 3.6759, tokens/sec: 20517.02 ± 272.03, tokens seen: 354549760, grad norm: 0.6787
[iter 5420]loss: 3.7774, tokens/sec: 20517.02 ± 271.78, tokens seen: 355205120, grad norm: 0.6913
[iter 5430]loss: 3.9577, tokens/sec: 20517.03 ± 271.53, tokens seen: 355860480, grad norm: 0.6032
[iter 5440]loss: 3.7895, tokens/sec: 20517.04 ± 271.28, tokens seen: 356515840, grad norm: 0.8714
[iter 5450]loss: 3.2554, tokens/sec: 20517.05 ± 271.04, tokens seen: 357171200, grad norm: 0.5828
[iter 5460]loss: 3.9378, tokens/sec: 20517.04 ± 270.79, tokens seen: 357826560, grad norm: 0.6957
[iter 5470]loss: 3.6537, tokens/sec: 20517.04 ± 270.54, tokens seen: 358481920, grad norm: 0.6521
[iter 5480]loss: 3.6143, tokens/sec: 20517.05 ± 270.29, tokens seen: 359137280, grad norm: 0.6344
[iter 5490]loss: 3.9837, tokens/sec: 20517.05 ± 270.05, tokens seen: 359792640, grad norm: 0.5997
[step 5500]train loss: 3.6005, val loss: 3.6173, (avg train loss: 0.4484 ± 0.0251), (avg grad norm: 0.6698 ± 0.0915)
saving checkpoint to ./out-owt-xl-mhc-bs4-30000step
[iter 5500]loss: 3.7671, tokens/sec: 20517.05 ± 269.80, tokens seen: 360448000, grad norm: 0.6101
[iter 5510]loss: 3.2331, tokens/sec: 20517.07 ± 269.56, tokens seen: 361103360, grad norm: 0.6456
[iter 5520]loss: 3.5799, tokens/sec: 20517.06 ± 269.31, tokens seen: 361758720, grad norm: 0.6731
[iter 5530]loss: 3.7609, tokens/sec: 20517.08 ± 269.07, tokens seen: 362414080, grad norm: 0.5918
[iter 5540]loss: 3.8067, tokens/sec: 20517.08 ± 268.83, tokens seen: 363069440, grad norm: 0.6168
[iter 5550]loss: 3.5063, tokens/sec: 20517.09 ± 268.59, tokens seen: 363724800, grad norm: 0.7679
[iter 5560]loss: 3.4759, tokens/sec: 20517.09 ± 268.35, tokens seen: 364380160, grad norm: 0.6471
[iter 5570]loss: 3.4977, tokens/sec: 20517.10 ± 268.11, tokens seen: 365035520, grad norm: 0.6695
[iter 5580]loss: 3.6111, tokens/sec: 20517.10 ± 267.87, tokens seen: 365690880, grad norm: 0.7326
[iter 5590]loss: 3.3148, tokens/sec: 20517.10 ± 267.63, tokens seen: 366346240, grad norm: 0.6850
[iter 5600]loss: 3.3480, tokens/sec: 20517.11 ± 267.39, tokens seen: 367001600, grad norm: 0.6600
[iter 5610]loss: 3.5039, tokens/sec: 20517.12 ± 267.15, tokens seen: 367656960, grad norm: 0.5976
[iter 5620]loss: 3.4201, tokens/sec: 20517.12 ± 266.91, tokens seen: 368312320, grad norm: 0.6531
[iter 5630]loss: 3.7509, tokens/sec: 20517.12 ± 266.67, tokens seen: 368967680, grad norm: 0.6281
[iter 5640]loss: 3.2366, tokens/sec: 20517.13 ± 266.44, tokens seen: 369623040, grad norm: 0.8008
[iter 5650]loss: 3.4289, tokens/sec: 20517.13 ± 266.20, tokens seen: 370278400, grad norm: 0.9351
[iter 5660]loss: 3.3531, tokens/sec: 20517.15 ± 265.97, tokens seen: 370933760, grad norm: 0.5929
[iter 5670]loss: 3.8531, tokens/sec: 20517.15 ± 265.73, tokens seen: 371589120, grad norm: 0.6290
[iter 5680]loss: 3.6604, tokens/sec: 20517.16 ± 265.50, tokens seen: 372244480, grad norm: 0.7425
[iter 5690]loss: 3.6598, tokens/sec: 20517.16 ± 265.27, tokens seen: 372899840, grad norm: 0.6827
[iter 5700]loss: 3.7298, tokens/sec: 20517.18 ± 265.03, tokens seen: 373555200, grad norm: 0.5593
[iter 5710]loss: 3.4123, tokens/sec: 20517.19 ± 264.80, tokens seen: 374210560, grad norm: 0.6158
[iter 5720]loss: 3.4559, tokens/sec: 20517.20 ± 264.57, tokens seen: 374865920, grad norm: 0.5944
[iter 5730]loss: 3.6437, tokens/sec: 20517.21 ± 264.34, tokens seen: 375521280, grad norm: 0.7111
[iter 5740]loss: 3.5624, tokens/sec: 20517.21 ± 264.11, tokens seen: 376176640, grad norm: 0.6035
[iter 5750]loss: 3.7479, tokens/sec: 20517.23 ± 263.88, tokens seen: 376832000, grad norm: 0.6088
[iter 5760]loss: 3.6221, tokens/sec: 20517.24 ± 263.65, tokens seen: 377487360, grad norm: 0.5876
[iter 5770]loss: 3.8387, tokens/sec: 20517.25 ± 263.43, tokens seen: 378142720, grad norm: 0.6082
[iter 5780]loss: 3.6358, tokens/sec: 20517.26 ± 263.20, tokens seen: 378798080, grad norm: 0.6116
[iter 5790]loss: 3.5487, tokens/sec: 20517.27 ± 262.97, tokens seen: 379453440, grad norm: 0.7237
[iter 5800]loss: 3.7199, tokens/sec: 20517.28 ± 262.74, tokens seen: 380108800, grad norm: 0.6520
[iter 5810]loss: 3.3576, tokens/sec: 20517.29 ± 262.52, tokens seen: 380764160, grad norm: 0.7051
[iter 5820]loss: 3.5353, tokens/sec: 20517.29 ± 262.29, tokens seen: 381419520, grad norm: 0.6670
[iter 5830]loss: 3.5605, tokens/sec: 20517.30 ± 262.07, tokens seen: 382074880, grad norm: 0.7006
[iter 5840]loss: 3.6338, tokens/sec: 20517.30 ± 261.84, tokens seen: 382730240, grad norm: 0.7054
[iter 5850]loss: 3.4842, tokens/sec: 20517.31 ± 261.62, tokens seen: 383385600, grad norm: 0.5736
[iter 5860]loss: 3.4803, tokens/sec: 20517.31 ± 261.40, tokens seen: 384040960, grad norm: 0.6138
[iter 5870]loss: 3.5638, tokens/sec: 20517.31 ± 261.18, tokens seen: 384696320, grad norm: 0.6453
[iter 5880]loss: 3.6664, tokens/sec: 20517.31 ± 260.95, tokens seen: 385351680, grad norm: 0.6880
[iter 5890]loss: 3.8600, tokens/sec: 20517.31 ± 260.73, tokens seen: 386007040, grad norm: 0.6310
[iter 5900]loss: 3.9375, tokens/sec: 20517.30 ± 260.51, tokens seen: 386662400, grad norm: 0.7354
[iter 5910]loss: 3.5356, tokens/sec: 20517.30 ± 260.29, tokens seen: 387317760, grad norm: 0.6308
[iter 5920]loss: 3.7250, tokens/sec: 20517.31 ± 260.07, tokens seen: 387973120, grad norm: 0.6004
[iter 5930]loss: 3.2119, tokens/sec: 20517.31 ± 259.85, tokens seen: 388628480, grad norm: 0.6182
[iter 5940]loss: 3.7256, tokens/sec: 20517.31 ± 259.63, tokens seen: 389283840, grad norm: 0.6070
[iter 5950]loss: 3.7463, tokens/sec: 20517.31 ± 259.42, tokens seen: 389939200, grad norm: 0.6375
[iter 5960]loss: 3.4712, tokens/sec: 20517.33 ± 259.20, tokens seen: 390594560, grad norm: 0.5675
[iter 5970]loss: 3.4537, tokens/sec: 20517.33 ± 258.98, tokens seen: 391249920, grad norm: 0.6415
[iter 5980]loss: 3.4569, tokens/sec: 20517.35 ± 258.77, tokens seen: 391905280, grad norm: 0.8303
[iter 5990]loss: 3.3459, tokens/sec: 20517.35 ± 258.55, tokens seen: 392560640, grad norm: 0.6205
[step 6000]train loss: 3.5744, val loss: 3.5494, (avg train loss: 0.4472 ± 0.0238), (avg grad norm: 0.6582 ± 0.0799)
saving checkpoint to ./out-owt-xl-mhc-bs4-30000step
[iter 6000]loss: 3.4261, tokens/sec: 20517.36 ± 258.34, tokens seen: 393216000, grad norm: 0.6095
[iter 6010]loss: 3.3095, tokens/sec: 20517.37 ± 258.12, tokens seen: 393871360, grad norm: 0.6185
[iter 6020]loss: 3.6154, tokens/sec: 20517.36 ± 257.91, tokens seen: 394526720, grad norm: 0.6510
[iter 6030]loss: 3.4347, tokens/sec: 20517.36 ± 257.69, tokens seen: 395182080, grad norm: 0.6004
[iter 6040]loss: 3.3651, tokens/sec: 20517.36 ± 257.48, tokens seen: 395837440, grad norm: 0.8816
[iter 6050]loss: 3.5814, tokens/sec: 20517.36 ± 257.27, tokens seen: 396492800, grad norm: 0.8134
[iter 6060]loss: 3.7676, tokens/sec: 20517.37 ± 257.06, tokens seen: 397148160, grad norm: 0.9643
[iter 6070]loss: 3.6776, tokens/sec: 20517.37 ± 256.85, tokens seen: 397803520, grad norm: 0.5622
[iter 6080]loss: 3.4642, tokens/sec: 20517.38 ± 256.63, tokens seen: 398458880, grad norm: 0.5880
[iter 6090]loss: 3.0989, tokens/sec: 20517.39 ± 256.42, tokens seen: 399114240, grad norm: 0.7260
[iter 6100]loss: 3.6028, tokens/sec: 20517.40 ± 256.21, tokens seen: 399769600, grad norm: 0.5969
[iter 6110]loss: 3.7147, tokens/sec: 20517.41 ± 256.00, tokens seen: 400424960, grad norm: 0.6279
[iter 6120]loss: 3.5929, tokens/sec: 20517.42 ± 255.80, tokens seen: 401080320, grad norm: 0.6307
[iter 6130]loss: 3.7984, tokens/sec: 20517.42 ± 255.59, tokens seen: 401735680, grad norm: 0.6428
[iter 6140]loss: 2.7662, tokens/sec: 20517.44 ± 255.38, tokens seen: 402391040, grad norm: 0.6753
[iter 6150]loss: 3.7146, tokens/sec: 20517.44 ± 255.17, tokens seen: 403046400, grad norm: 0.6342
[iter 6160]loss: 3.7116, tokens/sec: 20517.45 ± 254.97, tokens seen: 403701760, grad norm: 0.6742
[iter 6170]loss: 3.6098, tokens/sec: 20517.46 ± 254.76, tokens seen: 404357120, grad norm: 0.5699
[iter 6180]loss: 3.5947, tokens/sec: 20517.46 ± 254.55, tokens seen: 405012480, grad norm: 0.5771
[iter 6190]loss: 3.3670, tokens/sec: 20517.47 ± 254.35, tokens seen: 405667840, grad norm: 0.5985
[iter 6200]loss: 3.6587, tokens/sec: 20517.48 ± 254.14, tokens seen: 406323200, grad norm: 0.6262
[iter 6210]loss: 3.5149, tokens/sec: 20517.49 ± 253.94, tokens seen: 406978560, grad norm: 0.5592
[iter 6220]loss: 3.5416, tokens/sec: 20517.49 ± 253.73, tokens seen: 407633920, grad norm: 0.7726
[iter 6230]loss: 3.4192, tokens/sec: 20517.50 ± 253.53, tokens seen: 408289280, grad norm: 0.6489
[iter 6240]loss: 3.4633, tokens/sec: 20517.51 ± 253.33, tokens seen: 408944640, grad norm: 0.8146
[iter 6250]loss: 3.5797, tokens/sec: 20517.52 ± 253.13, tokens seen: 409600000, grad norm: 0.7048
[iter 6260]loss: 3.6235, tokens/sec: 20517.53 ± 252.92, tokens seen: 410255360, grad norm: 0.7242
[iter 6270]loss: 4.2040, tokens/sec: 20517.54 ± 252.72, tokens seen: 410910720, grad norm: 0.5839
[iter 6280]loss: 3.6462, tokens/sec: 20517.54 ± 252.52, tokens seen: 411566080, grad norm: 0.5418
[iter 6290]loss: 3.3986, tokens/sec: 20517.54 ± 252.32, tokens seen: 412221440, grad norm: 0.7307
[iter 6300]loss: 3.5507, tokens/sec: 20517.54 ± 252.12, tokens seen: 412876800, grad norm: 0.6131
[iter 6310]loss: 3.4623, tokens/sec: 20517.55 ± 251.92, tokens seen: 413532160, grad norm: 0.5549
[iter 6320]loss: 3.3675, tokens/sec: 20517.56 ± 251.72, tokens seen: 414187520, grad norm: 0.6127
[iter 6330]loss: 3.6662, tokens/sec: 20517.56 ± 251.52, tokens seen: 414842880, grad norm: 0.5611
[iter 6340]loss: 3.3550, tokens/sec: 20517.57 ± 251.33, tokens seen: 415498240, grad norm: 0.7183
[iter 6350]loss: 3.6462, tokens/sec: 20517.57 ± 251.13, tokens seen: 416153600, grad norm: 0.6443
[iter 6360]loss: 3.5587, tokens/sec: 20517.57 ± 250.93, tokens seen: 416808960, grad norm: 0.6181
[iter 6370]loss: 3.1856, tokens/sec: 20517.58 ± 250.74, tokens seen: 417464320, grad norm: 0.6030
[iter 6380]loss: 3.4265, tokens/sec: 20517.59 ± 250.54, tokens seen: 418119680, grad norm: 0.7746
[iter 6390]loss: 3.4796, tokens/sec: 20517.60 ± 250.34, tokens seen: 418775040, grad norm: 0.7831
[iter 6400]loss: 3.3865, tokens/sec: 20517.61 ± 250.15, tokens seen: 419430400, grad norm: 0.7311
[iter 6410]loss: 3.4204, tokens/sec: 20517.62 ± 249.95, tokens seen: 420085760, grad norm: 0.6527
[iter 6420]loss: 3.0218, tokens/sec: 20517.62 ± 249.76, tokens seen: 420741120, grad norm: 0.6662
[iter 6430]loss: 3.6007, tokens/sec: 20517.62 ± 249.56, tokens seen: 421396480, grad norm: 0.6356
[iter 6440]loss: 3.4998, tokens/sec: 20517.63 ± 249.37, tokens seen: 422051840, grad norm: 0.6488
[iter 6450]loss: 3.2610, tokens/sec: 20517.64 ± 249.18, tokens seen: 422707200, grad norm: 0.6980
[iter 6460]loss: 3.5021, tokens/sec: 20517.65 ± 248.99, tokens seen: 423362560, grad norm: 0.6607
[iter 6470]loss: 3.3231, tokens/sec: 20517.66 ± 248.79, tokens seen: 424017920, grad norm: 0.7454
[iter 6480]loss: 3.7908, tokens/sec: 20517.66 ± 248.60, tokens seen: 424673280, grad norm: 0.6433
[iter 6490]loss: 2.8314, tokens/sec: 20517.67 ± 248.41, tokens seen: 425328640, grad norm: 0.5661
[step 6500]train loss: 3.5356, val loss: 3.5206, (avg train loss: 0.4397 ± 0.0260), (avg grad norm: 0.6611 ± 0.0781)
saving checkpoint to ./out-owt-xl-mhc-bs4-30000step
[iter 6500]loss: 3.6298, tokens/sec: 20517.67 ± 248.22, tokens seen: 425984000, grad norm: 0.6031
[iter 6510]loss: 3.5123, tokens/sec: 20517.68 ± 248.03, tokens seen: 426639360, grad norm: 0.6052
[iter 6520]loss: 3.4346, tokens/sec: 20517.66 ± 247.84, tokens seen: 427294720, grad norm: 0.5924
[iter 6530]loss: 3.5118, tokens/sec: 20517.67 ± 247.65, tokens seen: 427950080, grad norm: 0.7040
[iter 6540]loss: 3.2028, tokens/sec: 20517.67 ± 247.46, tokens seen: 428605440, grad norm: 0.6653
[iter 6550]loss: 3.6676, tokens/sec: 20517.67 ± 247.27, tokens seen: 429260800, grad norm: 0.6532
[iter 6560]loss: 3.5948, tokens/sec: 20517.68 ± 247.08, tokens seen: 429916160, grad norm: 0.6759
[iter 6570]loss: 3.3202, tokens/sec: 20517.68 ± 246.90, tokens seen: 430571520, grad norm: 0.6342
[iter 6580]loss: 3.5042, tokens/sec: 20517.69 ± 246.71, tokens seen: 431226880, grad norm: 0.6430
[iter 6590]loss: 3.1702, tokens/sec: 20517.69 ± 246.52, tokens seen: 431882240, grad norm: 0.5865
[iter 6600]loss: 3.5724, tokens/sec: 20517.70 ± 246.33, tokens seen: 432537600, grad norm: 0.6004
[iter 6610]loss: 3.7108, tokens/sec: 20517.70 ± 246.15, tokens seen: 433192960, grad norm: 0.6368
[iter 6620]loss: 3.5430, tokens/sec: 20517.70 ± 245.96, tokens seen: 433848320, grad norm: 0.6503
[iter 6630]loss: 3.4659, tokens/sec: 20517.70 ± 245.78, tokens seen: 434503680, grad norm: 0.6535
[iter 6640]loss: 3.5197, tokens/sec: 20517.71 ± 245.59, tokens seen: 435159040, grad norm: 0.5928
[iter 6650]loss: 3.6507, tokens/sec: 20517.72 ± 245.41, tokens seen: 435814400, grad norm: 0.6096
[iter 6660]loss: 3.4742, tokens/sec: 20517.73 ± 245.22, tokens seen: 436469760, grad norm: 0.6478
[iter 6670]loss: 3.2976, tokens/sec: 20517.73 ± 245.04, tokens seen: 437125120, grad norm: 0.6326
[iter 6680]loss: 3.3993, tokens/sec: 20517.74 ± 244.86, tokens seen: 437780480, grad norm: 0.6375
[iter 6690]loss: 3.8357, tokens/sec: 20517.74 ± 244.67, tokens seen: 438435840, grad norm: 0.5680
[iter 6700]loss: 3.7182, tokens/sec: 20517.74 ± 244.49, tokens seen: 439091200, grad norm: 0.6636
[iter 6710]loss: 2.8004, tokens/sec: 20517.75 ± 244.31, tokens seen: 439746560, grad norm: 0.5614
[iter 6720]loss: 3.2025, tokens/sec: 20517.75 ± 244.13, tokens seen: 440401920, grad norm: 0.6155
[iter 6730]loss: 3.3507, tokens/sec: 20517.76 ± 243.95, tokens seen: 441057280, grad norm: 0.7436
[iter 6740]loss: 3.8058, tokens/sec: 20517.75 ± 243.77, tokens seen: 441712640, grad norm: 0.6054
[iter 6750]loss: 3.6303, tokens/sec: 20517.76 ± 243.59, tokens seen: 442368000, grad norm: 0.6810
[iter 6760]loss: 3.9741, tokens/sec: 20517.76 ± 243.41, tokens seen: 443023360, grad norm: 0.5929
[iter 6770]loss: 3.2790, tokens/sec: 20517.77 ± 243.23, tokens seen: 443678720, grad norm: 0.6684
[iter 6780]loss: 3.6167, tokens/sec: 20517.77 ± 243.05, tokens seen: 444334080, grad norm: 0.6470
[iter 6790]loss: 3.9437, tokens/sec: 20517.77 ± 242.87, tokens seen: 444989440, grad norm: 0.5989
[iter 6800]loss: 3.3455, tokens/sec: 20517.78 ± 242.69, tokens seen: 445644800, grad norm: 0.6871
[iter 6810]loss: 3.4670, tokens/sec: 20517.79 ± 242.51, tokens seen: 446300160, grad norm: 0.6757
[iter 6820]loss: 3.3721, tokens/sec: 20517.80 ± 242.34, tokens seen: 446955520, grad norm: 0.6282
[iter 6830]loss: 3.5249, tokens/sec: 20517.80 ± 242.16, tokens seen: 447610880, grad norm: 0.5527
[iter 6840]loss: 3.9636, tokens/sec: 20517.81 ± 241.98, tokens seen: 448266240, grad norm: 0.6661
[iter 6850]loss: 3.4810, tokens/sec: 20517.83 ± 241.81, tokens seen: 448921600, grad norm: 0.6423
[iter 6860]loss: 3.5393, tokens/sec: 20517.83 ± 241.63, tokens seen: 449576960, grad norm: 0.7547
[iter 6870]loss: 3.3513, tokens/sec: 20517.84 ± 241.45, tokens seen: 450232320, grad norm: 0.6248
[iter 6880]loss: 3.5113, tokens/sec: 20517.84 ± 241.28, tokens seen: 450887680, grad norm: 0.5737
[iter 6890]loss: 3.7736, tokens/sec: 20517.84 ± 241.10, tokens seen: 451543040, grad norm: 0.6231
[iter 6900]loss: 3.6322, tokens/sec: 20517.85 ± 240.93, tokens seen: 452198400, grad norm: 0.5937
[iter 6910]loss: 3.5117, tokens/sec: 20517.86 ± 240.76, tokens seen: 452853760, grad norm: 0.5686
[iter 6920]loss: 3.4972, tokens/sec: 20517.87 ± 240.58, tokens seen: 453509120, grad norm: 0.6959
[iter 6930]loss: 3.6294, tokens/sec: 20517.88 ± 240.41, tokens seen: 454164480, grad norm: 0.6864
[iter 6940]loss: 3.6500, tokens/sec: 20517.88 ± 240.24, tokens seen: 454819840, grad norm: 0.7591
[iter 6950]loss: 3.4844, tokens/sec: 20517.90 ± 240.06, tokens seen: 455475200, grad norm: 0.6073
[iter 6960]loss: 3.3103, tokens/sec: 20517.91 ± 239.89, tokens seen: 456130560, grad norm: 0.6419
[iter 6970]loss: 3.8045, tokens/sec: 20517.91 ± 239.72, tokens seen: 456785920, grad norm: 0.7577
[iter 6980]loss: 3.5976, tokens/sec: 20517.92 ± 239.55, tokens seen: 457441280, grad norm: 0.7712
[iter 6990]loss: 3.8149, tokens/sec: 20517.92 ± 239.38, tokens seen: 458096640, grad norm: 0.6253
[step 7000]train loss: 3.4884, val loss: 3.4707, (avg train loss: 0.4371 ± 0.0249), (avg grad norm: 0.6638 ± 0.0659)
saving checkpoint to ./out-owt-xl-mhc-bs4-30000step
[iter 7000]loss: 3.5100, tokens/sec: 20517.92 ± 239.21, tokens seen: 458752000, grad norm: 0.6315
[iter 7010]loss: 3.4804, tokens/sec: 20517.93 ± 239.04, tokens seen: 459407360, grad norm: 0.6372
[iter 7020]loss: 3.3974, tokens/sec: 20517.91 ± 238.87, tokens seen: 460062720, grad norm: 0.5792
[iter 7030]loss: 3.7025, tokens/sec: 20517.92 ± 238.70, tokens seen: 460718080, grad norm: 0.8851
[iter 7040]loss: 3.5858, tokens/sec: 20517.92 ± 238.53, tokens seen: 461373440, grad norm: 0.6125
[iter 7050]loss: 3.6404, tokens/sec: 20517.93 ± 238.36, tokens seen: 462028800, grad norm: 0.6988
[iter 7060]loss: 3.6952, tokens/sec: 20517.94 ± 238.19, tokens seen: 462684160, grad norm: 0.5607
[iter 7070]loss: 3.4041, tokens/sec: 20517.94 ± 238.02, tokens seen: 463339520, grad norm: 0.7031
[iter 7080]loss: 3.6735, tokens/sec: 20517.95 ± 237.85, tokens seen: 463994880, grad norm: 0.6866
[iter 7090]loss: 3.6021, tokens/sec: 20517.94 ± 237.69, tokens seen: 464650240, grad norm: 0.6575
[iter 7100]loss: 3.8284, tokens/sec: 20517.95 ± 237.52, tokens seen: 465305600, grad norm: 0.6758
[iter 7110]loss: 3.4801, tokens/sec: 20517.95 ± 237.35, tokens seen: 465960960, grad norm: 0.5981
[iter 7120]loss: 3.5758, tokens/sec: 20517.95 ± 237.19, tokens seen: 466616320, grad norm: 0.6168
[iter 7130]loss: 3.6717, tokens/sec: 20517.95 ± 237.02, tokens seen: 467271680, grad norm: 0.6122
[iter 7140]loss: 3.6797, tokens/sec: 20517.96 ± 236.85, tokens seen: 467927040, grad norm: 0.6747
[iter 7150]loss: 3.5254, tokens/sec: 20517.97 ± 236.69, tokens seen: 468582400, grad norm: 0.5620
[iter 7160]loss: 3.5312, tokens/sec: 20517.98 ± 236.52, tokens seen: 469237760, grad norm: 0.7150
[iter 7170]loss: 3.5549, tokens/sec: 20517.98 ± 236.36, tokens seen: 469893120, grad norm: 0.6072
[iter 7180]loss: 3.5988, tokens/sec: 20517.98 ± 236.20, tokens seen: 470548480, grad norm: 0.6359
[iter 7190]loss: 3.4520, tokens/sec: 20517.99 ± 236.03, tokens seen: 471203840, grad norm: 0.7277
[iter 7200]loss: 3.2877, tokens/sec: 20518.00 ± 235.87, tokens seen: 471859200, grad norm: 0.6330
[iter 7210]loss: 3.3383, tokens/sec: 20517.99 ± 235.70, tokens seen: 472514560, grad norm: 0.5816
[iter 7220]loss: 3.2151, tokens/sec: 20517.99 ± 235.54, tokens seen: 473169920, grad norm: 0.6503
[iter 7230]loss: 3.4702, tokens/sec: 20517.99 ± 235.38, tokens seen: 473825280, grad norm: 0.7028
[iter 7240]loss: 3.4729, tokens/sec: 20517.99 ± 235.22, tokens seen: 474480640, grad norm: 0.6362
[iter 7250]loss: 3.4721, tokens/sec: 20518.00 ± 235.06, tokens seen: 475136000, grad norm: 0.6850
[iter 7260]loss: 3.5599, tokens/sec: 20518.00 ± 234.89, tokens seen: 475791360, grad norm: 0.6881
[iter 7270]loss: 3.6343, tokens/sec: 20518.00 ± 234.73, tokens seen: 476446720, grad norm: 0.6508
[iter 7280]loss: 3.5200, tokens/sec: 20518.01 ± 234.57, tokens seen: 477102080, grad norm: 0.6030
[iter 7290]loss: 3.3297, tokens/sec: 20518.02 ± 234.41, tokens seen: 477757440, grad norm: 0.6616
[iter 7300]loss: 3.3533, tokens/sec: 20518.02 ± 234.25, tokens seen: 478412800, grad norm: 0.5919
[iter 7310]loss: 3.6307, tokens/sec: 20518.02 ± 234.09, tokens seen: 479068160, grad norm: 0.7920
[iter 7320]loss: 3.3861, tokens/sec: 20518.03 ± 233.93, tokens seen: 479723520, grad norm: 0.6107
[iter 7330]loss: 3.5407, tokens/sec: 20518.03 ± 233.77, tokens seen: 480378880, grad norm: 0.5740
[iter 7340]loss: 3.8175, tokens/sec: 20518.04 ± 233.61, tokens seen: 481034240, grad norm: 0.6680
[iter 7350]loss: 3.3808, tokens/sec: 20518.04 ± 233.45, tokens seen: 481689600, grad norm: 0.8407
[iter 7360]loss: 3.3441, tokens/sec: 20518.05 ± 233.29, tokens seen: 482344960, grad norm: 0.6248
[iter 7370]loss: 3.4276, tokens/sec: 20518.06 ± 233.14, tokens seen: 483000320, grad norm: 0.6599
[iter 7380]loss: 3.3324, tokens/sec: 20518.07 ± 232.98, tokens seen: 483655680, grad norm: 0.6989
[iter 7390]loss: 3.7094, tokens/sec: 20518.08 ± 232.82, tokens seen: 484311040, grad norm: 0.6086
[iter 7400]loss: 3.4720, tokens/sec: 20518.09 ± 232.67, tokens seen: 484966400, grad norm: 0.6400
[iter 7410]loss: 3.5662, tokens/sec: 20518.09 ± 232.51, tokens seen: 485621760, grad norm: 0.6623
[iter 7420]loss: 3.3837, tokens/sec: 20518.10 ± 232.35, tokens seen: 486277120, grad norm: 0.7300
[iter 7430]loss: 3.3720, tokens/sec: 20518.11 ± 232.20, tokens seen: 486932480, grad norm: 0.7598
[iter 7440]loss: 3.6156, tokens/sec: 20518.12 ± 232.04, tokens seen: 487587840, grad norm: 0.7565
[iter 7450]loss: 3.7488, tokens/sec: 20518.13 ± 231.88, tokens seen: 488243200, grad norm: 0.8239
[iter 7460]loss: 3.5666, tokens/sec: 20518.14 ± 231.73, tokens seen: 488898560, grad norm: 0.6312
[iter 7470]loss: 3.5769, tokens/sec: 20518.15 ± 231.57, tokens seen: 489553920, grad norm: 0.7490
[iter 7480]loss: 3.5077, tokens/sec: 20518.16 ± 231.42, tokens seen: 490209280, grad norm: 0.6468
[iter 7490]loss: 3.3650, tokens/sec: 20518.17 ± 231.27, tokens seen: 490864640, grad norm: 0.8246
[step 7500]train loss: 3.4731, val loss: 3.4731, (avg train loss: 0.4323 ± 0.0233), (avg grad norm: 0.6787 ± 0.1231)
[iter 7500]loss: 3.3882, tokens/sec: 20518.18 ± 231.11, tokens seen: 491520000, grad norm: 0.7276
[iter 7510]loss: 3.8186, tokens/sec: 20518.18 ± 230.96, tokens seen: 492175360, grad norm: 0.8055
[iter 7520]loss: 3.6288, tokens/sec: 20518.16 ± 230.81, tokens seen: 492830720, grad norm: 0.7951
[iter 7530]loss: 3.6716, tokens/sec: 20518.16 ± 230.65, tokens seen: 493486080, grad norm: 0.7265
[iter 7540]loss: 3.4744, tokens/sec: 20518.17 ± 230.50, tokens seen: 494141440, grad norm: 0.6894
[iter 7550]loss: 3.4564, tokens/sec: 20518.17 ± 230.35, tokens seen: 494796800, grad norm: 0.6468
[iter 7560]loss: 3.6687, tokens/sec: 20518.18 ± 230.20, tokens seen: 495452160, grad norm: 0.7814
[iter 7570]loss: 3.2960, tokens/sec: 20518.20 ± 230.04, tokens seen: 496107520, grad norm: 0.6569
[iter 7580]loss: 3.6095, tokens/sec: 20518.20 ± 229.89, tokens seen: 496762880, grad norm: 0.7255
[iter 7590]loss: 3.4216, tokens/sec: 20518.21 ± 229.74, tokens seen: 497418240, grad norm: 0.5695
[iter 7600]loss: 3.6432, tokens/sec: 20518.22 ± 229.59, tokens seen: 498073600, grad norm: 0.6394
[iter 7610]loss: 3.4913, tokens/sec: 20518.22 ± 229.44, tokens seen: 498728960, grad norm: 0.7433
[iter 7620]loss: 3.2704, tokens/sec: 20518.23 ± 229.29, tokens seen: 499384320, grad norm: 0.6276
[iter 7630]loss: 3.5078, tokens/sec: 20518.24 ± 229.14, tokens seen: 500039680, grad norm: 0.5655
[iter 7640]loss: 3.5178, tokens/sec: 20518.24 ± 228.99, tokens seen: 500695040, grad norm: 0.7406
[iter 7650]loss: 3.5022, tokens/sec: 20518.25 ± 228.84, tokens seen: 501350400, grad norm: 0.6232
[iter 7660]loss: 3.6505, tokens/sec: 20518.26 ± 228.69, tokens seen: 502005760, grad norm: 0.5792
[iter 7670]loss: 3.8376, tokens/sec: 20518.27 ± 228.54, tokens seen: 502661120, grad norm: 0.6381
[iter 7680]loss: 3.6541, tokens/sec: 20518.28 ± 228.39, tokens seen: 503316480, grad norm: 0.5681
[iter 7690]loss: 3.5590, tokens/sec: 20518.28 ± 228.25, tokens seen: 503971840, grad norm: 0.7701
[iter 7700]loss: 3.4984, tokens/sec: 20518.29 ± 228.10, tokens seen: 504627200, grad norm: 0.6862
[iter 7710]loss: 3.4312, tokens/sec: 20518.29 ± 227.95, tokens seen: 505282560, grad norm: 0.6405
[iter 7720]loss: 3.5564, tokens/sec: 20518.29 ± 227.80, tokens seen: 505937920, grad norm: 0.7742
[iter 7730]loss: 3.7227, tokens/sec: 20518.30 ± 227.66, tokens seen: 506593280, grad norm: 0.6371
[iter 7740]loss: 3.3872, tokens/sec: 20518.30 ± 227.51, tokens seen: 507248640, grad norm: 0.7332
[iter 7750]loss: 3.4356, tokens/sec: 20518.31 ± 227.36, tokens seen: 507904000, grad norm: 0.6072
[iter 7760]loss: 3.6846, tokens/sec: 20518.31 ± 227.22, tokens seen: 508559360, grad norm: 0.6141
[iter 7770]loss: 3.3186, tokens/sec: 20518.32 ± 227.07, tokens seen: 509214720, grad norm: 0.6672
[iter 7780]loss: 3.5069, tokens/sec: 20518.32 ± 226.92, tokens seen: 509870080, grad norm: 0.6314
[iter 7790]loss: 3.3375, tokens/sec: 20518.33 ± 226.78, tokens seen: 510525440, grad norm: 0.6027
[iter 7800]loss: 3.5942, tokens/sec: 20518.35 ± 226.63, tokens seen: 511180800, grad norm: 0.7745
[iter 7810]loss: 3.5535, tokens/sec: 20518.36 ± 226.49, tokens seen: 511836160, grad norm: 0.5635
[iter 7820]loss: 3.3697, tokens/sec: 20518.36 ± 226.34, tokens seen: 512491520, grad norm: 0.6309
[iter 7830]loss: 3.4897, tokens/sec: 20518.38 ± 226.20, tokens seen: 513146880, grad norm: 0.7663
[iter 7840]loss: 3.4879, tokens/sec: 20518.39 ± 226.06, tokens seen: 513802240, grad norm: 0.6760
[iter 7850]loss: 3.4186, tokens/sec: 20518.40 ± 225.91, tokens seen: 514457600, grad norm: 0.6187
[iter 7860]loss: 3.6808, tokens/sec: 20518.41 ± 225.77, tokens seen: 515112960, grad norm: 0.8470
[iter 7870]loss: 3.1481, tokens/sec: 20518.42 ± 225.63, tokens seen: 515768320, grad norm: 0.6143
[iter 7880]loss: 3.3992, tokens/sec: 20518.43 ± 225.48, tokens seen: 516423680, grad norm: 0.6549
[iter 7890]loss: 3.3843, tokens/sec: 20518.43 ± 225.34, tokens seen: 517079040, grad norm: 0.6619
[iter 7900]loss: 3.6949, tokens/sec: 20518.45 ± 225.20, tokens seen: 517734400, grad norm: 0.5859
[iter 7910]loss: 3.3974, tokens/sec: 20518.46 ± 225.06, tokens seen: 518389760, grad norm: 0.6106
[iter 7920]loss: 3.6567, tokens/sec: 20518.48 ± 224.92, tokens seen: 519045120, grad norm: 0.6482
[iter 7930]loss: 3.2601, tokens/sec: 20518.48 ± 224.77, tokens seen: 519700480, grad norm: 0.7758
[iter 7940]loss: 3.5243, tokens/sec: 20518.49 ± 224.63, tokens seen: 520355840, grad norm: 0.6695
[iter 7950]loss: 3.2810, tokens/sec: 20518.50 ± 224.49, tokens seen: 521011200, grad norm: 0.5993
[iter 7960]loss: 3.6158, tokens/sec: 20518.51 ± 224.35, tokens seen: 521666560, grad norm: 0.6095
[iter 7970]loss: 3.5937, tokens/sec: 20518.52 ± 224.21, tokens seen: 522321920, grad norm: 0.8387
[iter 7980]loss: 3.3863, tokens/sec: 20518.53 ± 224.07, tokens seen: 522977280, grad norm: 0.6939
[iter 7990]loss: 3.5781, tokens/sec: 20518.54 ± 223.93, tokens seen: 523632640, grad norm: 0.6215
[step 8000]train loss: 3.4434, val loss: 3.4705, (avg train loss: 0.4328 ± 0.0227), (avg grad norm: 0.6698 ± 0.0768)
saving checkpoint to ./out-owt-xl-mhc-bs4-30000step
[iter 8000]loss: 3.5859, tokens/sec: 20518.56 ± 223.79, tokens seen: 524288000, grad norm: 0.5703
[iter 8010]loss: 2.9095, tokens/sec: 20518.57 ± 223.65, tokens seen: 524943360, grad norm: 0.6408
[iter 8020]loss: 4.0146, tokens/sec: 20518.57 ± 223.51, tokens seen: 525598720, grad norm: 0.5875
[iter 8030]loss: 3.3301, tokens/sec: 20518.58 ± 223.38, tokens seen: 526254080, grad norm: 0.6062
[iter 8040]loss: 3.6277, tokens/sec: 20518.58 ± 223.24, tokens seen: 526909440, grad norm: 0.6289
[iter 8050]loss: 3.4538, tokens/sec: 20518.59 ± 223.10, tokens seen: 527564800, grad norm: 0.5686
[iter 8060]loss: 3.6070, tokens/sec: 20518.60 ± 222.96, tokens seen: 528220160, grad norm: 0.7071
[iter 8070]loss: 2.9933, tokens/sec: 20518.61 ± 222.82, tokens seen: 528875520, grad norm: 0.6666
[iter 8080]loss: 3.3083, tokens/sec: 20518.62 ± 222.68, tokens seen: 529530880, grad norm: 0.7453
[iter 8090]loss: 3.2776, tokens/sec: 20518.63 ± 222.55, tokens seen: 530186240, grad norm: 0.7329
[iter 8100]loss: 3.5341, tokens/sec: 20518.63 ± 222.41, tokens seen: 530841600, grad norm: 0.5561
[iter 8110]loss: 3.3959, tokens/sec: 20518.63 ± 222.27, tokens seen: 531496960, grad norm: 0.6247
[iter 8120]loss: 3.4209, tokens/sec: 20518.64 ± 222.14, tokens seen: 532152320, grad norm: 0.7305
[iter 8130]loss: 3.5197, tokens/sec: 20518.65 ± 222.00, tokens seen: 532807680, grad norm: 0.8266
[iter 8140]loss: 3.6140, tokens/sec: 20518.65 ± 221.86, tokens seen: 533463040, grad norm: 0.7415
[iter 8150]loss: 3.3416, tokens/sec: 20518.66 ± 221.73, tokens seen: 534118400, grad norm: 0.6890
[iter 8160]loss: 3.6780, tokens/sec: 20518.67 ± 221.59, tokens seen: 534773760, grad norm: 0.5909
[iter 8170]loss: 3.7112, tokens/sec: 20518.68 ± 221.46, tokens seen: 535429120, grad norm: 0.8687
[iter 8180]loss: 3.4850, tokens/sec: 20518.69 ± 221.32, tokens seen: 536084480, grad norm: 0.6538
[iter 8190]loss: 3.5708, tokens/sec: 20518.70 ± 221.19, tokens seen: 536739840, grad norm: 0.6735
[iter 8200]loss: 3.1971, tokens/sec: 20518.70 ± 221.05, tokens seen: 537395200, grad norm: 0.6364
[iter 8210]loss: 3.3690, tokens/sec: 20518.71 ± 220.92, tokens seen: 538050560, grad norm: 0.6126
[iter 8220]loss: 3.3443, tokens/sec: 20518.72 ± 220.79, tokens seen: 538705920, grad norm: 0.6286
[iter 8230]loss: 2.9915, tokens/sec: 20518.73 ± 220.65, tokens seen: 539361280, grad norm: 0.7253
[iter 8240]loss: 3.4102, tokens/sec: 20518.74 ± 220.52, tokens seen: 540016640, grad norm: 0.9164
[iter 8250]loss: 3.5535, tokens/sec: 20518.74 ± 220.38, tokens seen: 540672000, grad norm: 0.7174
[iter 8260]loss: 3.3127, tokens/sec: 20518.75 ± 220.25, tokens seen: 541327360, grad norm: 0.5768
[iter 8270]loss: 3.3958, tokens/sec: 20518.76 ± 220.12, tokens seen: 541982720, grad norm: 0.5985
[iter 8280]loss: 3.1828, tokens/sec: 20518.77 ± 219.99, tokens seen: 542638080, grad norm: 0.6969
[iter 8290]loss: 3.5286, tokens/sec: 20518.77 ± 219.85, tokens seen: 543293440, grad norm: 0.6835
[iter 8300]loss: 3.6272, tokens/sec: 20518.78 ± 219.72, tokens seen: 543948800, grad norm: 0.6833
[iter 8310]loss: 3.3758, tokens/sec: 20518.79 ± 219.59, tokens seen: 544604160, grad norm: 0.6912
[iter 8320]loss: 3.6401, tokens/sec: 20518.79 ± 219.46, tokens seen: 545259520, grad norm: 0.6767
[iter 8330]loss: 3.7798, tokens/sec: 20518.80 ± 219.33, tokens seen: 545914880, grad norm: 0.6782
[iter 8340]loss: 3.1803, tokens/sec: 20518.81 ± 219.20, tokens seen: 546570240, grad norm: 0.6789
[iter 8350]loss: 3.5540, tokens/sec: 20518.81 ± 219.06, tokens seen: 547225600, grad norm: 0.5866
[iter 8360]loss: 3.5145, tokens/sec: 20518.82 ± 218.93, tokens seen: 547880960, grad norm: 0.8191
[iter 8370]loss: 3.4622, tokens/sec: 20518.83 ± 218.80, tokens seen: 548536320, grad norm: 0.6114
[iter 8380]loss: 3.3983, tokens/sec: 20518.84 ± 218.67, tokens seen: 549191680, grad norm: 0.6046
[iter 8390]loss: 3.1122, tokens/sec: 20518.85 ± 218.54, tokens seen: 549847040, grad norm: 0.6491
[iter 8400]loss: 3.4174, tokens/sec: 20518.86 ± 218.41, tokens seen: 550502400, grad norm: 0.6312
[iter 8410]loss: 3.6849, tokens/sec: 20518.87 ± 218.28, tokens seen: 551157760, grad norm: 0.6753
[iter 8420]loss: 3.4501, tokens/sec: 20518.87 ± 218.15, tokens seen: 551813120, grad norm: 0.6434
[iter 8430]loss: 3.1514, tokens/sec: 20518.88 ± 218.03, tokens seen: 552468480, grad norm: 0.5779
[iter 8440]loss: 3.5404, tokens/sec: 20518.89 ± 217.90, tokens seen: 553123840, grad norm: 0.6088
[iter 8450]loss: 2.6696, tokens/sec: 20518.90 ± 217.77, tokens seen: 553779200, grad norm: 0.6536
[iter 8460]loss: 3.3741, tokens/sec: 20518.91 ± 217.64, tokens seen: 554434560, grad norm: 0.6506
[iter 8470]loss: 3.2876, tokens/sec: 20518.92 ± 217.51, tokens seen: 555089920, grad norm: 0.6358
[iter 8480]loss: 3.5963, tokens/sec: 20518.92 ± 217.38, tokens seen: 555745280, grad norm: 0.5958
[iter 8490]loss: 3.6148, tokens/sec: 20518.93 ± 217.26, tokens seen: 556400640, grad norm: 0.8174
[step 8500]train loss: 3.4176, val loss: 3.4446, (avg train loss: 0.4295 ± 0.0237), (avg grad norm: 0.6755 ± 0.0824)
saving checkpoint to ./out-owt-xl-mhc-bs4-30000step
[iter 8500]loss: 3.6180, tokens/sec: 20518.94 ± 217.13, tokens seen: 557056000, grad norm: 0.7305
[iter 8510]loss: 2.7401, tokens/sec: 20518.97 ± 217.00, tokens seen: 557711360, grad norm: 0.8253
[iter 8520]loss: 3.8708, tokens/sec: 20518.97 ± 216.88, tokens seen: 558366720, grad norm: 0.6204
[iter 8530]loss: 3.2923, tokens/sec: 20518.97 ± 216.75, tokens seen: 559022080, grad norm: 0.7158
[iter 8540]loss: 3.4288, tokens/sec: 20518.98 ± 216.62, tokens seen: 559677440, grad norm: 0.6808
[iter 8550]loss: 3.4680, tokens/sec: 20518.99 ± 216.50, tokens seen: 560332800, grad norm: 0.6466
[iter 8560]loss: 3.6180, tokens/sec: 20519.00 ± 216.37, tokens seen: 560988160, grad norm: 0.6701
[iter 8570]loss: 3.1955, tokens/sec: 20519.01 ± 216.24, tokens seen: 561643520, grad norm: 0.6595
[iter 8580]loss: 3.2141, tokens/sec: 20519.02 ± 216.12, tokens seen: 562298880, grad norm: 0.8507
[iter 8590]loss: 3.4402, tokens/sec: 20519.03 ± 215.99, tokens seen: 562954240, grad norm: 0.6751
[iter 8600]loss: 3.3717, tokens/sec: 20519.03 ± 215.87, tokens seen: 563609600, grad norm: 0.5888
[iter 8610]loss: 3.5722, tokens/sec: 20519.04 ± 215.74, tokens seen: 564264960, grad norm: 0.7007
[iter 8620]loss: 3.3944, tokens/sec: 20519.05 ± 215.62, tokens seen: 564920320, grad norm: 0.9364
[iter 8630]loss: 3.1218, tokens/sec: 20519.05 ± 215.49, tokens seen: 565575680, grad norm: 0.6888
[iter 8640]loss: 3.2965, tokens/sec: 20519.06 ± 215.37, tokens seen: 566231040, grad norm: 0.8063
[iter 8650]loss: 3.2421, tokens/sec: 20519.07 ± 215.24, tokens seen: 566886400, grad norm: 0.6985
[iter 8660]loss: 3.3141, tokens/sec: 20519.08 ± 215.12, tokens seen: 567541760, grad norm: 0.6546
[iter 8670]loss: 3.4664, tokens/sec: 20519.08 ± 215.00, tokens seen: 568197120, grad norm: 0.6864
[iter 8680]loss: 3.4199, tokens/sec: 20519.09 ± 214.87, tokens seen: 568852480, grad norm: 0.6415
[iter 8690]loss: 3.4903, tokens/sec: 20519.10 ± 214.75, tokens seen: 569507840, grad norm: 0.6179
[iter 8700]loss: 3.0886, tokens/sec: 20519.10 ± 214.63, tokens seen: 570163200, grad norm: 0.6027
[iter 8710]loss: 3.5608, tokens/sec: 20519.11 ± 214.50, tokens seen: 570818560, grad norm: 0.6256
[iter 8720]loss: 3.6629, tokens/sec: 20519.12 ± 214.38, tokens seen: 571473920, grad norm: 0.7161
[iter 8730]loss: 3.0661, tokens/sec: 20519.13 ± 214.26, tokens seen: 572129280, grad norm: 0.6546
[iter 8740]loss: 3.6170, tokens/sec: 20519.13 ± 214.14, tokens seen: 572784640, grad norm: 0.7425
[iter 8750]loss: 3.5692, tokens/sec: 20519.13 ± 214.01, tokens seen: 573440000, grad norm: 0.6196
[iter 8760]loss: 3.6333, tokens/sec: 20519.15 ± 213.89, tokens seen: 574095360, grad norm: 0.6464
[iter 8770]loss: 3.5330, tokens/sec: 20519.16 ± 213.77, tokens seen: 574750720, grad norm: 0.6473
[iter 8780]loss: 3.2321, tokens/sec: 20519.16 ± 213.65, tokens seen: 575406080, grad norm: 0.5687
[iter 8790]loss: 3.1944, tokens/sec: 20519.16 ± 213.53, tokens seen: 576061440, grad norm: 0.6591
[iter 8800]loss: 3.1852, tokens/sec: 20519.17 ± 213.41, tokens seen: 576716800, grad norm: 0.6060
[iter 8810]loss: 3.1693, tokens/sec: 20519.17 ± 213.29, tokens seen: 577372160, grad norm: 0.6498
[iter 8820]loss: 3.3105, tokens/sec: 20519.18 ± 213.17, tokens seen: 578027520, grad norm: 0.8073
[iter 8830]loss: 3.4607, tokens/sec: 20519.19 ± 213.05, tokens seen: 578682880, grad norm: 0.8811
[iter 8840]loss: 3.3857, tokens/sec: 20519.20 ± 212.92, tokens seen: 579338240, grad norm: 0.6251
[iter 8850]loss: 3.3575, tokens/sec: 20519.20 ± 212.80, tokens seen: 579993600, grad norm: 0.6063
[iter 8860]loss: 3.1183, tokens/sec: 20519.21 ± 212.68, tokens seen: 580648960, grad norm: 0.6398
[iter 8870]loss: 3.2717, tokens/sec: 20519.21 ± 212.57, tokens seen: 581304320, grad norm: 0.6285
[iter 8880]loss: 3.3523, tokens/sec: 20519.22 ± 212.45, tokens seen: 581959680, grad norm: 0.6318
[iter 8890]loss: 3.4717, tokens/sec: 20519.23 ± 212.33, tokens seen: 582615040, grad norm: 0.6226
[iter 8900]loss: 3.5614, tokens/sec: 20519.24 ± 212.21, tokens seen: 583270400, grad norm: 0.6324
[iter 8910]loss: 3.2420, tokens/sec: 20519.24 ± 212.09, tokens seen: 583925760, grad norm: 0.7072
[iter 8920]loss: 3.6513, tokens/sec: 20519.25 ± 211.97, tokens seen: 584581120, grad norm: 0.7280
[iter 8930]loss: 2.8110, tokens/sec: 20519.26 ± 211.85, tokens seen: 585236480, grad norm: 0.7501
[iter 8940]loss: 3.4041, tokens/sec: 20519.27 ± 211.73, tokens seen: 585891840, grad norm: 0.7318
[iter 8950]loss: 3.5840, tokens/sec: 20519.28 ± 211.62, tokens seen: 586547200, grad norm: 0.7714
[iter 8960]loss: 3.3242, tokens/sec: 20519.29 ± 211.50, tokens seen: 587202560, grad norm: 0.6204
[iter 8970]loss: 3.3849, tokens/sec: 20519.30 ± 211.38, tokens seen: 587857920, grad norm: 0.5759
[iter 8980]loss: 3.4427, tokens/sec: 20519.30 ± 211.26, tokens seen: 588513280, grad norm: 0.7231
[iter 8990]loss: 3.2162, tokens/sec: 20519.31 ± 211.15, tokens seen: 589168640, grad norm: 0.6403
[step 9000]train loss: 3.4038, val loss: 3.4152, (avg train loss: 0.4234 ± 0.0266), (avg grad norm: 0.6753 ± 0.0765)
saving checkpoint to ./out-owt-xl-mhc-bs4-30000step
[iter 9000]loss: 3.3762, tokens/sec: 20519.32 ± 211.03, tokens seen: 589824000, grad norm: 0.6821
[iter 9010]loss: 3.5583, tokens/sec: 20519.34 ± 210.91, tokens seen: 590479360, grad norm: 0.6690
[iter 9020]loss: 3.5923, tokens/sec: 20519.32 ± 210.80, tokens seen: 591134720, grad norm: 0.7126
[iter 9030]loss: 3.5698, tokens/sec: 20519.33 ± 210.68, tokens seen: 591790080, grad norm: 0.7777
[iter 9040]loss: 3.5714, tokens/sec: 20519.34 ± 210.57, tokens seen: 592445440, grad norm: 0.7112
[iter 9050]loss: 3.3647, tokens/sec: 20519.34 ± 210.45, tokens seen: 593100800, grad norm: 0.6466
[iter 9060]loss: 3.4800, tokens/sec: 20519.35 ± 210.33, tokens seen: 593756160, grad norm: 0.6631
[iter 9070]loss: 3.7917, tokens/sec: 20519.36 ± 210.22, tokens seen: 594411520, grad norm: 0.6330
[iter 9080]loss: 3.2005, tokens/sec: 20519.37 ± 210.10, tokens seen: 595066880, grad norm: 0.6485
[iter 9090]loss: 3.4210, tokens/sec: 20519.38 ± 209.99, tokens seen: 595722240, grad norm: 0.7010
[iter 9100]loss: 3.4737, tokens/sec: 20519.39 ± 209.87, tokens seen: 596377600, grad norm: 0.6422
[iter 9110]loss: 3.4580, tokens/sec: 20519.39 ± 209.76, tokens seen: 597032960, grad norm: 0.7346
[iter 9120]loss: 3.1805, tokens/sec: 20519.39 ± 209.64, tokens seen: 597688320, grad norm: 0.6532
[iter 9130]loss: 3.7668, tokens/sec: 20519.40 ± 209.53, tokens seen: 598343680, grad norm: 0.6505
[iter 9140]loss: 3.3022, tokens/sec: 20519.40 ± 209.41, tokens seen: 598999040, grad norm: 0.6837
[iter 9150]loss: 3.2460, tokens/sec: 20519.41 ± 209.30, tokens seen: 599654400, grad norm: 0.6053
[iter 9160]loss: 3.3256, tokens/sec: 20519.42 ± 209.19, tokens seen: 600309760, grad norm: 0.7013
[iter 9170]loss: 3.3444, tokens/sec: 20519.42 ± 209.07, tokens seen: 600965120, grad norm: 0.7148
[iter 9180]loss: 2.8590, tokens/sec: 20519.43 ± 208.96, tokens seen: 601620480, grad norm: 0.5906
[iter 9190]loss: 3.2311, tokens/sec: 20519.43 ± 208.84, tokens seen: 602275840, grad norm: 0.6308
[iter 9200]loss: 3.1816, tokens/sec: 20519.44 ± 208.73, tokens seen: 602931200, grad norm: 0.6358
[iter 9210]loss: 3.2051, tokens/sec: 20519.45 ± 208.62, tokens seen: 603586560, grad norm: 0.5981
[iter 9220]loss: 3.6392, tokens/sec: 20519.45 ± 208.51, tokens seen: 604241920, grad norm: 0.6768
[iter 9230]loss: 3.7857, tokens/sec: 20519.46 ± 208.39, tokens seen: 604897280, grad norm: 0.5835
[iter 9240]loss: 3.3678, tokens/sec: 20519.46 ± 208.28, tokens seen: 605552640, grad norm: 0.6490
[iter 9250]loss: 3.3291, tokens/sec: 20519.47 ± 208.17, tokens seen: 606208000, grad norm: 0.7005
[iter 9260]loss: 3.3838, tokens/sec: 20519.48 ± 208.06, tokens seen: 606863360, grad norm: 0.6011
[iter 9270]loss: 3.3272, tokens/sec: 20519.48 ± 207.94, tokens seen: 607518720, grad norm: 0.6910
[iter 9280]loss: 3.5478, tokens/sec: 20519.49 ± 207.83, tokens seen: 608174080, grad norm: 0.6458
[iter 9290]loss: 3.6690, tokens/sec: 20519.49 ± 207.72, tokens seen: 608829440, grad norm: 0.6987
[iter 9300]loss: 3.3999, tokens/sec: 20519.50 ± 207.61, tokens seen: 609484800, grad norm: 0.6083
[iter 9310]loss: 3.1968, tokens/sec: 20519.51 ± 207.50, tokens seen: 610140160, grad norm: 0.7490
[iter 9320]loss: 3.2911, tokens/sec: 20519.52 ± 207.39, tokens seen: 610795520, grad norm: 0.6133
[iter 9330]loss: 3.3655, tokens/sec: 20519.53 ± 207.28, tokens seen: 611450880, grad norm: 0.6504
[iter 9340]loss: 3.5204, tokens/sec: 20519.54 ± 207.17, tokens seen: 612106240, grad norm: 0.7588
[iter 9350]loss: 3.3678, tokens/sec: 20519.54 ± 207.06, tokens seen: 612761600, grad norm: 0.6554
[iter 9360]loss: 3.1946, tokens/sec: 20519.55 ± 206.94, tokens seen: 613416960, grad norm: 0.6785
[iter 9370]loss: 3.2769, tokens/sec: 20519.55 ± 206.83, tokens seen: 614072320, grad norm: 0.7498
[iter 9380]loss: 3.2721, tokens/sec: 20519.56 ± 206.72, tokens seen: 614727680, grad norm: 0.7497
[iter 9390]loss: 3.4168, tokens/sec: 20519.57 ± 206.61, tokens seen: 615383040, grad norm: 0.5973
[iter 9400]loss: 3.4730, tokens/sec: 20519.58 ± 206.51, tokens seen: 616038400, grad norm: 0.6123
[iter 9410]loss: 3.5035, tokens/sec: 20519.59 ± 206.40, tokens seen: 616693760, grad norm: 0.6417
[iter 9420]loss: 3.4030, tokens/sec: 20519.60 ± 206.29, tokens seen: 617349120, grad norm: 0.6316
[iter 9430]loss: 3.8065, tokens/sec: 20519.61 ± 206.18, tokens seen: 618004480, grad norm: 0.7163
[iter 9440]loss: 3.7080, tokens/sec: 20519.61 ± 206.07, tokens seen: 618659840, grad norm: 0.6993
[iter 9450]loss: 3.3581, tokens/sec: 20519.62 ± 205.96, tokens seen: 619315200, grad norm: 0.7281
[iter 9460]loss: 3.5935, tokens/sec: 20519.63 ± 205.85, tokens seen: 619970560, grad norm: 0.7353
[iter 9470]loss: 3.3220, tokens/sec: 20519.64 ± 205.74, tokens seen: 620625920, grad norm: 0.6938
[iter 9480]loss: 3.3496, tokens/sec: 20519.64 ± 205.64, tokens seen: 621281280, grad norm: 0.6386
[iter 9490]loss: 3.2755, tokens/sec: 20519.65 ± 205.53, tokens seen: 621936640, grad norm: 0.8053
[step 9500]train loss: 3.3869, val loss: 3.3793, (avg train loss: 0.4191 ± 0.0237), (avg grad norm: 0.6762 ± 0.0711)
saving checkpoint to ./out-owt-xl-mhc-bs4-30000step
[iter 9500]loss: 3.3214, tokens/sec: 20519.66 ± 205.42, tokens seen: 622592000, grad norm: 0.6360
[iter 9510]loss: 3.3350, tokens/sec: 20519.68 ± 205.31, tokens seen: 623247360, grad norm: 0.6180
[iter 9520]loss: 3.4752, tokens/sec: 20519.68 ± 205.21, tokens seen: 623902720, grad norm: 0.7241
[iter 9530]loss: 3.3287, tokens/sec: 20519.68 ± 205.10, tokens seen: 624558080, grad norm: 0.6193
[iter 9540]loss: 3.5271, tokens/sec: 20519.68 ± 204.99, tokens seen: 625213440, grad norm: 0.6793
[iter 9550]loss: 3.2357, tokens/sec: 20519.69 ± 204.88, tokens seen: 625868800, grad norm: 0.6096
[iter 9560]loss: 3.5601, tokens/sec: 20519.69 ± 204.78, tokens seen: 626524160, grad norm: 0.6731
[iter 9570]loss: 3.3854, tokens/sec: 20519.70 ± 204.67, tokens seen: 627179520, grad norm: 0.6382
[iter 9580]loss: 3.3667, tokens/sec: 20519.71 ± 204.56, tokens seen: 627834880, grad norm: 0.7169
[iter 9590]loss: 3.4720, tokens/sec: 20519.71 ± 204.46, tokens seen: 628490240, grad norm: 0.6693
[iter 9600]loss: 3.5136, tokens/sec: 20519.71 ± 204.35, tokens seen: 629145600, grad norm: 0.6537
[iter 9610]loss: 3.8170, tokens/sec: 20519.72 ± 204.24, tokens seen: 629800960, grad norm: 0.6908
[iter 9620]loss: 3.2734, tokens/sec: 20519.73 ± 204.14, tokens seen: 630456320, grad norm: 0.6490
[iter 9630]loss: 3.6526, tokens/sec: 20519.74 ± 204.03, tokens seen: 631111680, grad norm: 0.6624
[iter 9640]loss: 3.5729, tokens/sec: 20519.74 ± 203.93, tokens seen: 631767040, grad norm: 0.6729
[iter 9650]loss: 3.7280, tokens/sec: 20519.75 ± 203.82, tokens seen: 632422400, grad norm: 0.6800
[iter 9660]loss: 3.2267, tokens/sec: 20519.75 ± 203.72, tokens seen: 633077760, grad norm: 0.5845
[iter 9670]loss: 3.4974, tokens/sec: 20519.76 ± 203.61, tokens seen: 633733120, grad norm: 0.6157
[iter 9680]loss: 3.2637, tokens/sec: 20519.77 ± 203.51, tokens seen: 634388480, grad norm: 0.6115
[iter 9690]loss: 3.7251, tokens/sec: 20519.78 ± 203.40, tokens seen: 635043840, grad norm: 0.6796
[iter 9700]loss: 3.3001, tokens/sec: 20519.78 ± 203.30, tokens seen: 635699200, grad norm: 0.6419
[iter 9710]loss: 3.5866, tokens/sec: 20519.79 ± 203.19, tokens seen: 636354560, grad norm: 0.6913
[iter 9720]loss: 3.4400, tokens/sec: 20519.79 ± 203.09, tokens seen: 637009920, grad norm: 0.6409
[iter 9730]loss: 3.3003, tokens/sec: 20519.79 ± 202.99, tokens seen: 637665280, grad norm: 0.6664
[iter 9740]loss: 3.4080, tokens/sec: 20519.80 ± 202.88, tokens seen: 638320640, grad norm: 0.5941
[iter 9750]loss: 3.3270, tokens/sec: 20519.80 ± 202.78, tokens seen: 638976000, grad norm: 0.7460
[iter 9760]loss: 3.5093, tokens/sec: 20519.81 ± 202.67, tokens seen: 639631360, grad norm: 0.6340
[iter 9770]loss: 3.6669, tokens/sec: 20519.81 ± 202.57, tokens seen: 640286720, grad norm: 0.5981
[iter 9780]loss: 3.6118, tokens/sec: 20519.81 ± 202.47, tokens seen: 640942080, grad norm: 0.6919
[iter 9790]loss: 3.7860, tokens/sec: 20519.82 ± 202.36, tokens seen: 641597440, grad norm: 0.6998
[iter 9800]loss: 3.5475, tokens/sec: 20519.82 ± 202.26, tokens seen: 642252800, grad norm: 1.0279
[iter 9810]loss: 3.4810, tokens/sec: 20519.82 ± 202.16, tokens seen: 642908160, grad norm: 0.5962
[iter 9820]loss: 3.3331, tokens/sec: 20519.82 ± 202.06, tokens seen: 643563520, grad norm: 0.6594
[iter 9830]loss: 3.2471, tokens/sec: 20519.83 ± 201.95, tokens seen: 644218880, grad norm: 0.5784
[iter 9840]loss: 3.7843, tokens/sec: 20519.84 ± 201.85, tokens seen: 644874240, grad norm: 0.6878
[iter 9850]loss: 3.5076, tokens/sec: 20519.84 ± 201.75, tokens seen: 645529600, grad norm: 0.5883
[iter 9860]loss: 3.0788, tokens/sec: 20519.85 ± 201.65, tokens seen: 646184960, grad norm: 0.5971
[iter 9870]loss: 3.3073, tokens/sec: 20519.86 ± 201.54, tokens seen: 646840320, grad norm: 0.6583
[iter 9880]loss: 3.1847, tokens/sec: 20519.87 ± 201.44, tokens seen: 647495680, grad norm: 0.6298
[iter 9890]loss: 2.9727, tokens/sec: 20519.87 ± 201.34, tokens seen: 648151040, grad norm: 0.7152
[iter 9900]loss: 3.3324, tokens/sec: 20519.88 ± 201.24, tokens seen: 648806400, grad norm: 0.6356
[iter 9910]loss: 3.3679, tokens/sec: 20519.88 ± 201.14, tokens seen: 649461760, grad norm: 0.7530
[iter 9920]loss: 3.4694, tokens/sec: 20519.89 ± 201.04, tokens seen: 650117120, grad norm: 0.6932
[iter 9930]loss: 3.2454, tokens/sec: 20519.90 ± 200.94, tokens seen: 650772480, grad norm: 0.6164
[iter 9940]loss: 3.4008, tokens/sec: 20519.91 ± 200.84, tokens seen: 651427840, grad norm: 0.6066
[iter 9950]loss: 3.2549, tokens/sec: 20519.92 ± 200.73, tokens seen: 652083200, grad norm: 0.7721
[iter 9960]loss: 3.4573, tokens/sec: 20519.92 ± 200.63, tokens seen: 652738560, grad norm: 0.6120
[iter 9970]loss: 3.3790, tokens/sec: 20519.93 ± 200.53, tokens seen: 653393920, grad norm: 0.6554
[iter 9980]loss: 3.3253, tokens/sec: 20519.94 ± 200.43, tokens seen: 654049280, grad norm: 0.6143
[iter 9990]loss: 3.5622, tokens/sec: 20519.95 ± 200.33, tokens seen: 654704640, grad norm: 0.6453
[step 10000]train loss: 3.3813, val loss: 3.3835, (avg train loss: 0.4214 ± 0.0248), (avg grad norm: 0.6759 ± 0.0621)
[iter 10000]loss: 3.3422, tokens/sec: 20519.96 ± 200.23, tokens seen: 655360000, grad norm: 0.7828
[iter 10010]loss: 3.1714, tokens/sec: 20519.96 ± 200.13, tokens seen: 656015360, grad norm: 0.6822
[iter 10020]loss: 3.6811, tokens/sec: 20519.95 ± 200.03, tokens seen: 656670720, grad norm: 0.7136
[iter 10030]loss: 3.3587, tokens/sec: 20519.95 ± 199.94, tokens seen: 657326080, grad norm: 0.6368
[iter 10040]loss: 3.5090, tokens/sec: 20519.95 ± 199.84, tokens seen: 657981440, grad norm: 0.6414
[iter 10050]loss: 3.3177, tokens/sec: 20519.95 ± 199.74, tokens seen: 658636800, grad norm: 0.6853
[iter 10060]loss: 2.7687, tokens/sec: 20519.96 ± 199.64, tokens seen: 659292160, grad norm: 0.7685
[iter 10070]loss: 3.2961, tokens/sec: 20519.97 ± 199.54, tokens seen: 659947520, grad norm: 0.6520
[iter 10080]loss: 3.3874, tokens/sec: 20519.98 ± 199.44, tokens seen: 660602880, grad norm: 0.6855
[iter 10090]loss: 3.8728, tokens/sec: 20519.98 ± 199.34, tokens seen: 661258240, grad norm: 0.6210
[iter 10100]loss: 3.5931, tokens/sec: 20519.99 ± 199.24, tokens seen: 661913600, grad norm: 0.6628
[iter 10110]loss: 3.6089, tokens/sec: 20519.99 ± 199.15, tokens seen: 662568960, grad norm: 0.8278
[iter 10120]loss: 3.6008, tokens/sec: 20520.00 ± 199.05, tokens seen: 663224320, grad norm: 0.6772
[iter 10130]loss: 3.1939, tokens/sec: 20520.00 ± 198.95, tokens seen: 663879680, grad norm: 0.7628
[iter 10140]loss: 3.3128, tokens/sec: 20520.01 ± 198.85, tokens seen: 664535040, grad norm: 0.6670
[iter 10150]loss: 3.2417, tokens/sec: 20520.01 ± 198.75, tokens seen: 665190400, grad norm: 0.7392
[iter 10160]loss: 3.1931, tokens/sec: 20520.02 ± 198.66, tokens seen: 665845760, grad norm: 0.7163
[iter 10170]loss: 3.4855, tokens/sec: 20520.02 ± 198.56, tokens seen: 666501120, grad norm: 0.6404
[iter 10180]loss: 3.2540, tokens/sec: 20520.03 ± 198.46, tokens seen: 667156480, grad norm: 0.5804
[iter 10190]loss: 3.3641, tokens/sec: 20520.04 ± 198.36, tokens seen: 667811840, grad norm: 0.8481
[iter 10200]loss: 3.8893, tokens/sec: 20520.04 ± 198.27, tokens seen: 668467200, grad norm: 0.6357
[iter 10210]loss: 3.5933, tokens/sec: 20520.05 ± 198.17, tokens seen: 669122560, grad norm: 0.6337
[iter 10220]loss: 3.5685, tokens/sec: 20520.06 ± 198.07, tokens seen: 669777920, grad norm: 0.6135
[iter 10230]loss: 3.3397, tokens/sec: 20520.06 ± 197.98, tokens seen: 670433280, grad norm: 0.8060
[iter 10240]loss: 3.5763, tokens/sec: 20520.06 ± 197.88, tokens seen: 671088640, grad norm: 0.6142
[iter 10250]loss: 3.4993, tokens/sec: 20520.07 ± 197.78, tokens seen: 671744000, grad norm: 0.6384
[iter 10260]loss: 3.4078, tokens/sec: 20520.07 ± 197.69, tokens seen: 672399360, grad norm: 0.6668
[iter 10270]loss: 3.4244, tokens/sec: 20520.07 ± 197.59, tokens seen: 673054720, grad norm: 0.6626
[iter 10280]loss: 3.6034, tokens/sec: 20520.08 ± 197.50, tokens seen: 673710080, grad norm: 0.7956
[iter 10290]loss: 3.2927, tokens/sec: 20520.08 ± 197.40, tokens seen: 674365440, grad norm: 0.7892
[iter 10300]loss: 3.4683, tokens/sec: 20520.09 ± 197.31, tokens seen: 675020800, grad norm: 0.7154
[iter 10310]loss: 3.3134, tokens/sec: 20520.09 ± 197.21, tokens seen: 675676160, grad norm: 0.9635
[iter 10320]loss: 3.2796, tokens/sec: 20520.10 ± 197.11, tokens seen: 676331520, grad norm: 0.6932
[iter 10330]loss: 3.5666, tokens/sec: 20520.11 ± 197.02, tokens seen: 676986880, grad norm: 0.8193
[iter 10340]loss: 3.3613, tokens/sec: 20520.11 ± 196.92, tokens seen: 677642240, grad norm: 0.6939
[iter 10350]loss: 3.6014, tokens/sec: 20520.12 ± 196.83, tokens seen: 678297600, grad norm: 0.6517
[iter 10360]loss: 3.1512, tokens/sec: 20520.13 ± 196.73, tokens seen: 678952960, grad norm: 0.6737
[iter 10370]loss: 3.3710, tokens/sec: 20520.13 ± 196.64, tokens seen: 679608320, grad norm: 0.6488
[iter 10380]loss: 3.3176, tokens/sec: 20520.14 ± 196.55, tokens seen: 680263680, grad norm: 0.6230
[iter 10390]loss: 3.5075, tokens/sec: 20520.14 ± 196.45, tokens seen: 680919040, grad norm: 0.8259
[iter 10400]loss: 3.3014, tokens/sec: 20520.15 ± 196.36, tokens seen: 681574400, grad norm: 0.7346
[iter 10410]loss: 2.8432, tokens/sec: 20520.15 ± 196.26, tokens seen: 682229760, grad norm: 0.6147
[iter 10420]loss: 2.8778, tokens/sec: 20520.16 ± 196.17, tokens seen: 682885120, grad norm: 0.7308
[iter 10430]loss: 3.2947, tokens/sec: 20520.16 ± 196.08, tokens seen: 683540480, grad norm: 0.6784
[iter 10440]loss: 3.5794, tokens/sec: 20520.17 ± 195.98, tokens seen: 684195840, grad norm: 0.6423
[iter 10450]loss: 3.2912, tokens/sec: 20520.17 ± 195.89, tokens seen: 684851200, grad norm: 0.6029
[iter 10460]loss: 3.5063, tokens/sec: 20520.17 ± 195.80, tokens seen: 685506560, grad norm: 0.6067
[iter 10470]loss: 3.5056, tokens/sec: 20520.18 ± 195.70, tokens seen: 686161920, grad norm: 0.6571
[iter 10480]loss: 3.4385, tokens/sec: 20520.18 ± 195.61, tokens seen: 686817280, grad norm: 0.7088
[iter 10490]loss: 3.4705, tokens/sec: 20520.18 ± 195.52, tokens seen: 687472640, grad norm: 0.6324
[step 10500]train loss: 3.3400, val loss: 3.3572, (avg train loss: 0.4167 ± 0.0256), (avg grad norm: 0.6910 ± 0.0741)
saving checkpoint to ./out-owt-xl-mhc-bs4-30000step
[iter 10500]loss: 3.3124, tokens/sec: 20520.19 ± 195.42, tokens seen: 688128000, grad norm: 0.6618
[iter 10510]loss: 3.5249, tokens/sec: 20520.19 ± 195.33, tokens seen: 688783360, grad norm: 0.6355
[iter 10520]loss: 3.3388, tokens/sec: 20520.18 ± 195.24, tokens seen: 689438720, grad norm: 0.6398
[iter 10530]loss: 3.4779, tokens/sec: 20520.18 ± 195.15, tokens seen: 690094080, grad norm: 0.7576
[iter 10540]loss: 3.4703, tokens/sec: 20520.19 ± 195.05, tokens seen: 690749440, grad norm: 0.7861
[iter 10550]loss: 3.6003, tokens/sec: 20520.19 ± 194.96, tokens seen: 691404800, grad norm: 0.7800
[iter 10560]loss: 3.3208, tokens/sec: 20520.20 ± 194.87, tokens seen: 692060160, grad norm: 0.6542
[iter 10570]loss: 3.2263, tokens/sec: 20520.20 ± 194.78, tokens seen: 692715520, grad norm: 0.6683
[iter 10580]loss: 3.3145, tokens/sec: 20520.20 ± 194.69, tokens seen: 693370880, grad norm: 0.6181
[iter 10590]loss: 3.2395, tokens/sec: 20520.21 ± 194.59, tokens seen: 694026240, grad norm: 0.6840
[iter 10600]loss: 3.5723, tokens/sec: 20520.21 ± 194.50, tokens seen: 694681600, grad norm: 0.7857
[iter 10610]loss: 3.2133, tokens/sec: 20520.22 ± 194.41, tokens seen: 695336960, grad norm: 0.8758
[iter 10620]loss: 3.4168, tokens/sec: 20520.22 ± 194.32, tokens seen: 695992320, grad norm: 0.6567
[iter 10630]loss: 3.1526, tokens/sec: 20520.23 ± 194.23, tokens seen: 696647680, grad norm: 0.6366
[iter 10640]loss: 3.3988, tokens/sec: 20520.23 ± 194.14, tokens seen: 697303040, grad norm: 0.6173
[iter 10650]loss: 3.4372, tokens/sec: 20520.24 ± 194.05, tokens seen: 697958400, grad norm: 0.7176
[iter 10660]loss: 3.4231, tokens/sec: 20520.25 ± 193.96, tokens seen: 698613760, grad norm: 0.8131
[iter 10670]loss: 3.3758, tokens/sec: 20520.25 ± 193.86, tokens seen: 699269120, grad norm: 0.6620
[iter 10680]loss: 3.4461, tokens/sec: 20520.25 ± 193.77, tokens seen: 699924480, grad norm: 0.7020
[iter 10690]loss: 3.3627, tokens/sec: 20520.26 ± 193.68, tokens seen: 700579840, grad norm: 0.6484
[iter 10700]loss: 3.5022, tokens/sec: 20520.27 ± 193.59, tokens seen: 701235200, grad norm: 0.6489
[iter 10710]loss: 3.1927, tokens/sec: 20520.27 ± 193.50, tokens seen: 701890560, grad norm: 0.6657
[iter 10720]loss: 3.2210, tokens/sec: 20520.27 ± 193.41, tokens seen: 702545920, grad norm: 0.6622
[iter 10730]loss: 3.4883, tokens/sec: 20520.28 ± 193.32, tokens seen: 703201280, grad norm: 0.8135
[iter 10740]loss: 3.3951, tokens/sec: 20520.28 ± 193.23, tokens seen: 703856640, grad norm: 0.6234
[iter 10750]loss: 3.3598, tokens/sec: 20520.29 ± 193.14, tokens seen: 704512000, grad norm: 0.6758
[iter 10760]loss: 3.5971, tokens/sec: 20520.30 ± 193.06, tokens seen: 705167360, grad norm: 0.6720
[iter 10770]loss: 3.2219, tokens/sec: 20520.30 ± 192.97, tokens seen: 705822720, grad norm: 0.6254
[iter 10780]loss: 3.5328, tokens/sec: 20520.31 ± 192.88, tokens seen: 706478080, grad norm: 0.6688
[iter 10790]loss: 3.2590, tokens/sec: 20520.31 ± 192.79, tokens seen: 707133440, grad norm: 0.9472
[iter 10800]loss: 3.2420, tokens/sec: 20520.31 ± 192.70, tokens seen: 707788800, grad norm: 0.7093
[iter 10810]loss: 2.9895, tokens/sec: 20520.32 ± 192.61, tokens seen: 708444160, grad norm: 0.8872
[iter 10820]loss: 3.2325, tokens/sec: 20520.32 ± 192.52, tokens seen: 709099520, grad norm: 0.8258
[iter 10830]loss: 3.1316, tokens/sec: 20520.33 ± 192.43, tokens seen: 709754880, grad norm: 0.6666
[iter 10840]loss: 3.0574, tokens/sec: 20520.33 ± 192.34, tokens seen: 710410240, grad norm: 0.6525
[iter 10850]loss: 3.4808, tokens/sec: 20520.34 ± 192.25, tokens seen: 711065600, grad norm: 0.6584
[iter 10860]loss: 3.1532, tokens/sec: 20520.34 ± 192.17, tokens seen: 711720960, grad norm: 0.6182
[iter 10870]loss: 3.1540, tokens/sec: 20520.35 ± 192.08, tokens seen: 712376320, grad norm: 0.6111
[iter 10880]loss: 3.0223, tokens/sec: 20520.35 ± 191.99, tokens seen: 713031680, grad norm: 0.6208
[iter 10890]loss: 3.2675, tokens/sec: 20520.35 ± 191.90, tokens seen: 713687040, grad norm: 0.7863
[iter 10900]loss: 3.4003, tokens/sec: 20520.36 ± 191.81, tokens seen: 714342400, grad norm: 0.6588
[iter 10910]loss: 3.3710, tokens/sec: 20520.36 ± 191.73, tokens seen: 714997760, grad norm: 0.7028
[iter 10920]loss: 3.4835, tokens/sec: 20520.36 ± 191.64, tokens seen: 715653120, grad norm: 0.6528
[iter 10930]loss: 2.7877, tokens/sec: 20520.37 ± 191.55, tokens seen: 716308480, grad norm: 0.6670
[iter 10940]loss: 3.2962, tokens/sec: 20520.38 ± 191.46, tokens seen: 716963840, grad norm: 0.7370
[iter 10950]loss: 3.3604, tokens/sec: 20520.38 ± 191.38, tokens seen: 717619200, grad norm: 0.7103
[iter 10960]loss: 3.4776, tokens/sec: 20520.39 ± 191.29, tokens seen: 718274560, grad norm: 0.6228
[iter 10970]loss: 3.4983, tokens/sec: 20520.39 ± 191.20, tokens seen: 718929920, grad norm: 0.9403
[iter 10980]loss: 3.2026, tokens/sec: 20520.39 ± 191.12, tokens seen: 719585280, grad norm: 0.7299
[iter 10990]loss: 2.9506, tokens/sec: 20520.40 ± 191.03, tokens seen: 720240640, grad norm: 0.6974
[step 11000]train loss: 3.3087, val loss: 3.3427, (avg train loss: 0.4162 ± 0.0230), (avg grad norm: 0.6949 ± 0.0755)
saving checkpoint to ./out-owt-xl-mhc-bs4-30000step
[iter 11000]loss: 3.5855, tokens/sec: 20520.41 ± 190.94, tokens seen: 720896000, grad norm: 0.7840
[iter 11010]loss: 3.0844, tokens/sec: 20520.42 ± 190.86, tokens seen: 721551360, grad norm: 0.6708
[iter 11020]loss: 3.2768, tokens/sec: 20520.41 ± 190.77, tokens seen: 722206720, grad norm: 0.6418
[iter 11030]loss: 3.2243, tokens/sec: 20520.42 ± 190.69, tokens seen: 722862080, grad norm: 0.6585
[iter 11040]loss: 3.4226, tokens/sec: 20520.42 ± 190.60, tokens seen: 723517440, grad norm: 0.7349
[iter 11050]loss: 3.0563, tokens/sec: 20520.42 ± 190.51, tokens seen: 724172800, grad norm: 0.6896
[iter 11060]loss: 3.4182, tokens/sec: 20520.43 ± 190.43, tokens seen: 724828160, grad norm: 0.6265
[iter 11070]loss: 2.9401, tokens/sec: 20520.44 ± 190.34, tokens seen: 725483520, grad norm: 0.8411
[iter 11080]loss: 3.3772, tokens/sec: 20520.45 ± 190.26, tokens seen: 726138880, grad norm: 0.5970
[iter 11090]loss: 3.9584, tokens/sec: 20520.45 ± 190.17, tokens seen: 726794240, grad norm: 0.8319
[iter 11100]loss: 3.2917, tokens/sec: 20520.46 ± 190.09, tokens seen: 727449600, grad norm: 0.8197
[iter 11110]loss: 3.4251, tokens/sec: 20520.46 ± 190.00, tokens seen: 728104960, grad norm: 0.7514
[iter 11120]loss: 3.3224, tokens/sec: 20520.47 ± 189.91, tokens seen: 728760320, grad norm: 0.6562
[iter 11130]loss: 3.4987, tokens/sec: 20520.47 ± 189.83, tokens seen: 729415680, grad norm: 0.7021
[iter 11140]loss: 3.1637, tokens/sec: 20520.48 ± 189.74, tokens seen: 730071040, grad norm: 0.6913
[iter 11150]loss: 3.3873, tokens/sec: 20520.48 ± 189.66, tokens seen: 730726400, grad norm: 0.7707
[iter 11160]loss: 3.4663, tokens/sec: 20520.49 ± 189.58, tokens seen: 731381760, grad norm: 0.7762
[iter 11170]loss: 3.2654, tokens/sec: 20520.50 ± 189.49, tokens seen: 732037120, grad norm: 0.6875
[iter 11180]loss: 3.2281, tokens/sec: 20520.50 ± 189.41, tokens seen: 732692480, grad norm: 0.6977
[iter 11190]loss: 3.4102, tokens/sec: 20520.50 ± 189.32, tokens seen: 733347840, grad norm: 0.6915
[iter 11200]loss: 3.4034, tokens/sec: 20520.51 ± 189.24, tokens seen: 734003200, grad norm: 0.6487
[iter 11210]loss: 3.7042, tokens/sec: 20520.51 ± 189.15, tokens seen: 734658560, grad norm: 0.6476
[iter 11220]loss: 3.4163, tokens/sec: 20520.51 ± 189.07, tokens seen: 735313920, grad norm: 0.7242
[iter 11230]loss: 3.3521, tokens/sec: 20520.51 ± 188.99, tokens seen: 735969280, grad norm: 0.6074
[iter 11240]loss: 3.1175, tokens/sec: 20520.52 ± 188.90, tokens seen: 736624640, grad norm: 0.6683
[iter 11250]loss: 3.5029, tokens/sec: 20520.52 ± 188.82, tokens seen: 737280000, grad norm: 0.6023
[iter 11260]loss: 3.4292, tokens/sec: 20520.52 ± 188.73, tokens seen: 737935360, grad norm: 0.6648
[iter 11270]loss: 3.5957, tokens/sec: 20520.53 ± 188.65, tokens seen: 738590720, grad norm: 0.6341
[iter 11280]loss: 3.2628, tokens/sec: 20520.53 ± 188.57, tokens seen: 739246080, grad norm: 0.8847
[iter 11290]loss: 3.0021, tokens/sec: 20520.54 ± 188.48, tokens seen: 739901440, grad norm: 0.6519
[iter 11300]loss: 2.8853, tokens/sec: 20520.54 ± 188.40, tokens seen: 740556800, grad norm: 0.6966
[iter 11310]loss: 3.2548, tokens/sec: 20520.55 ± 188.32, tokens seen: 741212160, grad norm: 0.5991
[iter 11320]loss: 3.3434, tokens/sec: 20520.55 ± 188.23, tokens seen: 741867520, grad norm: 0.8047
[iter 11330]loss: 3.3959, tokens/sec: 20520.56 ± 188.15, tokens seen: 742522880, grad norm: 0.7275
[iter 11340]loss: 2.8140, tokens/sec: 20520.57 ± 188.07, tokens seen: 743178240, grad norm: 0.6721
[iter 11350]loss: 3.2254, tokens/sec: 20520.57 ± 187.99, tokens seen: 743833600, grad norm: 0.7022
[iter 11360]loss: 3.5822, tokens/sec: 20520.58 ± 187.90, tokens seen: 744488960, grad norm: 0.6068
[iter 11370]loss: 3.1757, tokens/sec: 20520.59 ± 187.82, tokens seen: 745144320, grad norm: 0.7041
[iter 11380]loss: 3.5727, tokens/sec: 20520.60 ± 187.74, tokens seen: 745799680, grad norm: 0.6122
[iter 11390]loss: 3.3301, tokens/sec: 20520.60 ± 187.66, tokens seen: 746455040, grad norm: 0.8137
[iter 11400]loss: 3.2527, tokens/sec: 20520.60 ± 187.58, tokens seen: 747110400, grad norm: 0.7228
[iter 11410]loss: 3.1049, tokens/sec: 20520.61 ± 187.49, tokens seen: 747765760, grad norm: 0.7332
[iter 11420]loss: 2.7558, tokens/sec: 20520.61 ± 187.41, tokens seen: 748421120, grad norm: 0.6870
[iter 11430]loss: 3.2102, tokens/sec: 20520.62 ± 187.33, tokens seen: 749076480, grad norm: 0.6567
[iter 11440]loss: 3.2306, tokens/sec: 20520.62 ± 187.25, tokens seen: 749731840, grad norm: 0.6706
[iter 11450]loss: 3.3321, tokens/sec: 20520.63 ± 187.17, tokens seen: 750387200, grad norm: 0.7583
[iter 11460]loss: 3.5533, tokens/sec: 20520.63 ± 187.08, tokens seen: 751042560, grad norm: 0.8279
[iter 11470]loss: 3.0088, tokens/sec: 20520.64 ± 187.00, tokens seen: 751697920, grad norm: 0.7154
[iter 11480]loss: 3.3175, tokens/sec: 20520.64 ± 186.92, tokens seen: 752353280, grad norm: 0.6523
[iter 11490]loss: 2.8795, tokens/sec: 20520.64 ± 186.84, tokens seen: 753008640, grad norm: 0.7520
[step 11500]train loss: 3.3212, val loss: 3.3233, (avg train loss: 0.4142 ± 0.0232), (avg grad norm: 0.7019 ± 0.0718)
saving checkpoint to ./out-owt-xl-mhc-bs4-30000step
[iter 11500]loss: 3.3656, tokens/sec: 20520.66 ± 186.76, tokens seen: 753664000, grad norm: 0.7058
[iter 11510]loss: 3.7237, tokens/sec: 20520.67 ± 186.68, tokens seen: 754319360, grad norm: 0.6468
[iter 11520]loss: 3.4535, tokens/sec: 20520.66 ± 186.60, tokens seen: 754974720, grad norm: 0.7072
[iter 11530]loss: 3.0165, tokens/sec: 20520.67 ± 186.52, tokens seen: 755630080, grad norm: 0.8053
[iter 11540]loss: 3.4490, tokens/sec: 20520.67 ± 186.44, tokens seen: 756285440, grad norm: 0.6246
[iter 11550]loss: 3.1557, tokens/sec: 20520.68 ± 186.36, tokens seen: 756940800, grad norm: 0.6844
[iter 11560]loss: 3.6047, tokens/sec: 20520.68 ± 186.28, tokens seen: 757596160, grad norm: 0.6390
[iter 11570]loss: 3.3929, tokens/sec: 20520.69 ± 186.20, tokens seen: 758251520, grad norm: 0.7352
[iter 11580]loss: 3.2989, tokens/sec: 20520.70 ± 186.12, tokens seen: 758906880, grad norm: 0.7926
[iter 11590]loss: 3.1345, tokens/sec: 20520.71 ± 186.04, tokens seen: 759562240, grad norm: 0.6335
[iter 11600]loss: 3.8579, tokens/sec: 20520.71 ± 185.96, tokens seen: 760217600, grad norm: 0.6685
[iter 11610]loss: 3.4603, tokens/sec: 20520.72 ± 185.88, tokens seen: 760872960, grad norm: 0.6414
[iter 11620]loss: 3.5035, tokens/sec: 20520.72 ± 185.80, tokens seen: 761528320, grad norm: 0.6334
[iter 11630]loss: 3.3190, tokens/sec: 20520.72 ± 185.72, tokens seen: 762183680, grad norm: 0.6616
[iter 11640]loss: 3.1278, tokens/sec: 20520.72 ± 185.64, tokens seen: 762839040, grad norm: 0.8162
[iter 11650]loss: 3.3030, tokens/sec: 20520.73 ± 185.56, tokens seen: 763494400, grad norm: 0.6747
[iter 11660]loss: 3.0650, tokens/sec: 20520.73 ± 185.48, tokens seen: 764149760, grad norm: 0.6945
[iter 11670]loss: 3.1693, tokens/sec: 20520.73 ± 185.40, tokens seen: 764805120, grad norm: 0.6850
[iter 11680]loss: 3.3182, tokens/sec: 20520.74 ± 185.32, tokens seen: 765460480, grad norm: 0.7272
[iter 11690]loss: 3.1941, tokens/sec: 20520.74 ± 185.24, tokens seen: 766115840, grad norm: 0.8113
[iter 11700]loss: 3.3715, tokens/sec: 20520.74 ± 185.16, tokens seen: 766771200, grad norm: 0.7544
[iter 11710]loss: 3.5211, tokens/sec: 20520.75 ± 185.08, tokens seen: 767426560, grad norm: 0.6281
[iter 11720]loss: 3.5212, tokens/sec: 20520.75 ± 185.01, tokens seen: 768081920, grad norm: 0.6673
[iter 11730]loss: 2.8491, tokens/sec: 20520.75 ± 184.93, tokens seen: 768737280, grad norm: 0.6624
[iter 11740]loss: 3.7416, tokens/sec: 20520.76 ± 184.85, tokens seen: 769392640, grad norm: 0.7279
[iter 11750]loss: 3.3835, tokens/sec: 20520.76 ± 184.77, tokens seen: 770048000, grad norm: 0.6243
[iter 11760]loss: 3.1501, tokens/sec: 20520.77 ± 184.69, tokens seen: 770703360, grad norm: 0.6746
[iter 11770]loss: 3.4436, tokens/sec: 20520.77 ± 184.61, tokens seen: 771358720, grad norm: 0.6410
[iter 11780]loss: 3.2987, tokens/sec: 20520.78 ± 184.54, tokens seen: 772014080, grad norm: 0.5979
[iter 11790]loss: 3.1017, tokens/sec: 20520.78 ± 184.46, tokens seen: 772669440, grad norm: 0.7267
[iter 11800]loss: 3.3079, tokens/sec: 20520.78 ± 184.38, tokens seen: 773324800, grad norm: 0.7784
[iter 11810]loss: 3.1795, tokens/sec: 20520.79 ± 184.30, tokens seen: 773980160, grad norm: 0.6551
[iter 11820]loss: 3.3153, tokens/sec: 20520.79 ± 184.22, tokens seen: 774635520, grad norm: 0.6633
[iter 11830]loss: 3.3612, tokens/sec: 20520.80 ± 184.15, tokens seen: 775290880, grad norm: 0.6431
[iter 11840]loss: 3.1971, tokens/sec: 20520.80 ± 184.07, tokens seen: 775946240, grad norm: 0.6761
[iter 11850]loss: 3.1582, tokens/sec: 20520.80 ± 183.99, tokens seen: 776601600, grad norm: 0.6460
[iter 11860]loss: 2.9333, tokens/sec: 20520.81 ± 183.91, tokens seen: 777256960, grad norm: 0.6393
[iter 11870]loss: 3.5787, tokens/sec: 20520.81 ± 183.84, tokens seen: 777912320, grad norm: 0.6905
[iter 11880]loss: 3.6044, tokens/sec: 20520.82 ± 183.76, tokens seen: 778567680, grad norm: 0.7584
[iter 11890]loss: 3.1408, tokens/sec: 20520.83 ± 183.68, tokens seen: 779223040, grad norm: 0.6241
[iter 11900]loss: 3.1460, tokens/sec: 20520.83 ± 183.60, tokens seen: 779878400, grad norm: 0.6091
[iter 11910]loss: 3.4800, tokens/sec: 20520.84 ± 183.53, tokens seen: 780533760, grad norm: 0.6167
[iter 11920]loss: 3.2843, tokens/sec: 20520.85 ± 183.45, tokens seen: 781189120, grad norm: 0.6172
[iter 11930]loss: 3.4815, tokens/sec: 20520.85 ± 183.37, tokens seen: 781844480, grad norm: 0.6794
[iter 11940]loss: 3.2998, tokens/sec: 20520.86 ± 183.30, tokens seen: 782499840, grad norm: 0.6354
[iter 11950]loss: 3.2237, tokens/sec: 20520.86 ± 183.22, tokens seen: 783155200, grad norm: 0.6825
[iter 11960]loss: 2.9257, tokens/sec: 20520.87 ± 183.15, tokens seen: 783810560, grad norm: 0.6877
[iter 11970]loss: 2.9534, tokens/sec: 20520.87 ± 183.07, tokens seen: 784465920, grad norm: 0.6673
[iter 11980]loss: 3.4449, tokens/sec: 20520.87 ± 182.99, tokens seen: 785121280, grad norm: 0.6996
[iter 11990]loss: 3.0027, tokens/sec: 20520.87 ± 182.92, tokens seen: 785776640, grad norm: 0.7446
[step 12000]train loss: 3.2998, val loss: 3.2961, (avg train loss: 0.4115 ± 0.0265), (avg grad norm: 0.6969 ± 0.0684)
saving checkpoint to ./out-owt-xl-mhc-bs4-30000step
[iter 12000]loss: 3.1628, tokens/sec: 20520.87 ± 182.84, tokens seen: 786432000, grad norm: 0.6464
[iter 12010]loss: 3.3190, tokens/sec: 20520.87 ± 182.77, tokens seen: 787087360, grad norm: 0.5995
[iter 12020]loss: 3.5276, tokens/sec: 20520.87 ± 182.69, tokens seen: 787742720, grad norm: 0.6575
[iter 12030]loss: 3.1242, tokens/sec: 20520.87 ± 182.61, tokens seen: 788398080, grad norm: 0.6987
[iter 12040]loss: 3.3043, tokens/sec: 20520.87 ± 182.54, tokens seen: 789053440, grad norm: 0.6629
[iter 12050]loss: 3.4291, tokens/sec: 20520.87 ± 182.46, tokens seen: 789708800, grad norm: 0.6971
[iter 12060]loss: 3.4156, tokens/sec: 20520.88 ± 182.39, tokens seen: 790364160, grad norm: 0.6728
[iter 12070]loss: 3.0588, tokens/sec: 20520.88 ± 182.31, tokens seen: 791019520, grad norm: 0.6214
[iter 12080]loss: 3.1408, tokens/sec: 20520.88 ± 182.24, tokens seen: 791674880, grad norm: 0.7165
[iter 12090]loss: 3.4529, tokens/sec: 20520.89 ± 182.16, tokens seen: 792330240, grad norm: 0.6609
[iter 12100]loss: 3.1542, tokens/sec: 20520.89 ± 182.09, tokens seen: 792985600, grad norm: 0.6525
[iter 12110]loss: 3.3496, tokens/sec: 20520.89 ± 182.01, tokens seen: 793640960, grad norm: 0.6407
[iter 12120]loss: 3.3959, tokens/sec: 20520.90 ± 181.94, tokens seen: 794296320, grad norm: 0.6804
[iter 12130]loss: 3.2438, tokens/sec: 20520.90 ± 181.86, tokens seen: 794951680, grad norm: 0.7128
[iter 12140]loss: 2.8767, tokens/sec: 20520.91 ± 181.79, tokens seen: 795607040, grad norm: 0.8435
[iter 12150]loss: 3.2362, tokens/sec: 20520.91 ± 181.71, tokens seen: 796262400, grad norm: 0.9146
[iter 12160]loss: 3.1211, tokens/sec: 20520.91 ± 181.64, tokens seen: 796917760, grad norm: 0.7295
[iter 12170]loss: 3.1795, tokens/sec: 20520.91 ± 181.56, tokens seen: 797573120, grad norm: 0.6431
[iter 12180]loss: 3.1500, tokens/sec: 20520.92 ± 181.49, tokens seen: 798228480, grad norm: 0.6230
[iter 12190]loss: 3.4933, tokens/sec: 20520.92 ± 181.42, tokens seen: 798883840, grad norm: 0.6109
[iter 12200]loss: 3.4265, tokens/sec: 20520.93 ± 181.34, tokens seen: 799539200, grad norm: 0.6972
[iter 12210]loss: 3.3272, tokens/sec: 20520.93 ± 181.27, tokens seen: 800194560, grad norm: 0.7324
[iter 12220]loss: 3.4224, tokens/sec: 20520.93 ± 181.19, tokens seen: 800849920, grad norm: 0.6576
[iter 12230]loss: 3.6679, tokens/sec: 20520.93 ± 181.12, tokens seen: 801505280, grad norm: 0.6971
[iter 12240]loss: 3.1853, tokens/sec: 20520.94 ± 181.05, tokens seen: 802160640, grad norm: 0.5918
[iter 12250]loss: 3.2922, tokens/sec: 20520.94 ± 180.97, tokens seen: 802816000, grad norm: 0.6338
[iter 12260]loss: 3.4986, tokens/sec: 20520.95 ± 180.90, tokens seen: 803471360, grad norm: 0.6777
[iter 12270]loss: 3.4717, tokens/sec: 20520.95 ± 180.82, tokens seen: 804126720, grad norm: 0.6543
[iter 12280]loss: 3.3567, tokens/sec: 20520.96 ± 180.75, tokens seen: 804782080, grad norm: 0.8436
[iter 12290]loss: 3.3045, tokens/sec: 20520.96 ± 180.68, tokens seen: 805437440, grad norm: 0.6404
[iter 12300]loss: 3.1371, tokens/sec: 20520.97 ± 180.61, tokens seen: 806092800, grad norm: 0.7105
[iter 12310]loss: 2.8894, tokens/sec: 20520.97 ± 180.53, tokens seen: 806748160, grad norm: 0.6459
[iter 12320]loss: 3.1518, tokens/sec: 20520.97 ± 180.46, tokens seen: 807403520, grad norm: 0.6080
[iter 12330]loss: 3.4230, tokens/sec: 20520.98 ± 180.39, tokens seen: 808058880, grad norm: 0.8804
[iter 12340]loss: 3.2503, tokens/sec: 20520.98 ± 180.31, tokens seen: 808714240, grad norm: 0.6338
[iter 12350]loss: 3.3412, tokens/sec: 20520.98 ± 180.24, tokens seen: 809369600, grad norm: 0.6699
[iter 12360]loss: 3.2320, tokens/sec: 20520.99 ± 180.17, tokens seen: 810024960, grad norm: 0.6845
[iter 12370]loss: 3.3635, tokens/sec: 20520.99 ± 180.09, tokens seen: 810680320, grad norm: 0.6680
[iter 12380]loss: 3.3358, tokens/sec: 20521.00 ± 180.02, tokens seen: 811335680, grad norm: 0.6981
[iter 12390]loss: 3.2247, tokens/sec: 20521.00 ± 179.95, tokens seen: 811991040, grad norm: 0.6412
[iter 12400]loss: 3.4106, tokens/sec: 20521.01 ± 179.88, tokens seen: 812646400, grad norm: 0.6669
[iter 12410]loss: 3.5057, tokens/sec: 20521.02 ± 179.81, tokens seen: 813301760, grad norm: 0.9242
[iter 12420]loss: 3.2386, tokens/sec: 20521.02 ± 179.73, tokens seen: 813957120, grad norm: 0.7511
[iter 12430]loss: 3.1721, tokens/sec: 20521.02 ± 179.66, tokens seen: 814612480, grad norm: 0.9969
[iter 12440]loss: 3.4715, tokens/sec: 20521.02 ± 179.59, tokens seen: 815267840, grad norm: 0.7418
[iter 12450]loss: 2.9308, tokens/sec: 20521.03 ± 179.52, tokens seen: 815923200, grad norm: 0.6423
[iter 12460]loss: 3.3079, tokens/sec: 20521.03 ± 179.45, tokens seen: 816578560, grad norm: 0.7763
[iter 12470]loss: 3.0473, tokens/sec: 20521.04 ± 179.37, tokens seen: 817233920, grad norm: 0.8053
[iter 12480]loss: 3.3334, tokens/sec: 20521.04 ± 179.30, tokens seen: 817889280, grad norm: 0.6747
[iter 12490]loss: 3.3190, tokens/sec: 20521.04 ± 179.23, tokens seen: 818544640, grad norm: 0.7820
[step 12500]train loss: 3.3026, val loss: 3.2944, (avg train loss: 0.4076 ± 0.0267), (avg grad norm: 0.7194 ± 0.0832)
saving checkpoint to ./out-owt-xl-mhc-bs4-30000step
[iter 12500]loss: 2.8922, tokens/sec: 20521.04 ± 179.16, tokens seen: 819200000, grad norm: 0.6533
[iter 12510]loss: 3.6290, tokens/sec: 20521.05 ± 179.09, tokens seen: 819855360, grad norm: 0.6861
[iter 12520]loss: 3.2196, tokens/sec: 20521.05 ± 179.02, tokens seen: 820510720, grad norm: 0.6254
[iter 12530]loss: 3.4513, tokens/sec: 20521.06 ± 178.95, tokens seen: 821166080, grad norm: 0.6847
[iter 12540]loss: 3.1870, tokens/sec: 20521.06 ± 178.87, tokens seen: 821821440, grad norm: 0.7605
[iter 12550]loss: 3.5846, tokens/sec: 20521.06 ± 178.80, tokens seen: 822476800, grad norm: 0.7420
[iter 12560]loss: 3.5031, tokens/sec: 20521.07 ± 178.73, tokens seen: 823132160, grad norm: 0.6756
[iter 12570]loss: 3.0742, tokens/sec: 20521.07 ± 178.66, tokens seen: 823787520, grad norm: 0.8176
[iter 12580]loss: 3.2637, tokens/sec: 20521.07 ± 178.59, tokens seen: 824442880, grad norm: 0.7082
[iter 12590]loss: 3.2590, tokens/sec: 20521.07 ± 178.52, tokens seen: 825098240, grad norm: 0.7067
[iter 12600]loss: 3.0237, tokens/sec: 20521.08 ± 178.45, tokens seen: 825753600, grad norm: 0.6921
[iter 12610]loss: 3.0937, tokens/sec: 20521.08 ± 178.38, tokens seen: 826408960, grad norm: 0.6176
[iter 12620]loss: 2.9994, tokens/sec: 20521.08 ± 178.31, tokens seen: 827064320, grad norm: 0.7265
[iter 12630]loss: 3.3779, tokens/sec: 20521.09 ± 178.24, tokens seen: 827719680, grad norm: 0.7878
[iter 12640]loss: 3.0703, tokens/sec: 20521.09 ± 178.17, tokens seen: 828375040, grad norm: 0.7373
[iter 12650]loss: 3.2422, tokens/sec: 20521.10 ± 178.10, tokens seen: 829030400, grad norm: 0.6834
[iter 12660]loss: 3.4639, tokens/sec: 20521.10 ± 178.03, tokens seen: 829685760, grad norm: 0.6518
[iter 12670]loss: 3.0198, tokens/sec: 20521.10 ± 177.96, tokens seen: 830341120, grad norm: 0.7332
[iter 12680]loss: 3.4065, tokens/sec: 20521.10 ± 177.89, tokens seen: 830996480, grad norm: 0.7315
[iter 12690]loss: 3.3988, tokens/sec: 20521.10 ± 177.82, tokens seen: 831651840, grad norm: 0.6563
[iter 12700]loss: 3.2638, tokens/sec: 20521.11 ± 177.75, tokens seen: 832307200, grad norm: 0.8363
[iter 12710]loss: 3.3412, tokens/sec: 20521.11 ± 177.68, tokens seen: 832962560, grad norm: 0.6744
[iter 12720]loss: 3.1195, tokens/sec: 20521.12 ± 177.61, tokens seen: 833617920, grad norm: 0.6849
[iter 12730]loss: 3.0061, tokens/sec: 20521.12 ± 177.54, tokens seen: 834273280, grad norm: 0.7694
[iter 12740]loss: 3.7021, tokens/sec: 20521.13 ± 177.47, tokens seen: 834928640, grad norm: 0.6814
[iter 12750]loss: 3.4752, tokens/sec: 20521.13 ± 177.40, tokens seen: 835584000, grad norm: 0.6650
[iter 12760]loss: 3.2893, tokens/sec: 20521.13 ± 177.33, tokens seen: 836239360, grad norm: 0.6486
[iter 12770]loss: 3.3547, tokens/sec: 20521.14 ± 177.26, tokens seen: 836894720, grad norm: 0.7676
[iter 12780]loss: 3.0643, tokens/sec: 20521.14 ± 177.19, tokens seen: 837550080, grad norm: 0.7013
[iter 12790]loss: 3.2388, tokens/sec: 20521.14 ± 177.12, tokens seen: 838205440, grad norm: 0.6911
[iter 12800]loss: 3.2952, tokens/sec: 20521.15 ± 177.05, tokens seen: 838860800, grad norm: 0.7389
[iter 12810]loss: 3.1940, tokens/sec: 20521.16 ± 176.99, tokens seen: 839516160, grad norm: 0.7173
[iter 12820]loss: 3.0816, tokens/sec: 20521.16 ± 176.92, tokens seen: 840171520, grad norm: 0.7347
[iter 12830]loss: 3.2592, tokens/sec: 20521.16 ± 176.85, tokens seen: 840826880, grad norm: 0.8955
[iter 12840]loss: 3.2431, tokens/sec: 20521.16 ± 176.78, tokens seen: 841482240, grad norm: 0.6822
[iter 12850]loss: 3.1346, tokens/sec: 20521.17 ± 176.71, tokens seen: 842137600, grad norm: 0.7048
[iter 12860]loss: 3.3228, tokens/sec: 20521.17 ± 176.64, tokens seen: 842792960, grad norm: 0.6727
[iter 12870]loss: 3.4039, tokens/sec: 20521.17 ± 176.57, tokens seen: 843448320, grad norm: 0.6852
[iter 12880]loss: 3.3173, tokens/sec: 20521.17 ± 176.51, tokens seen: 844103680, grad norm: 0.6529
[iter 12890]loss: 2.9784, tokens/sec: 20521.17 ± 176.44, tokens seen: 844759040, grad norm: 0.6597
[iter 12900]loss: 2.7302, tokens/sec: 20521.17 ± 176.37, tokens seen: 845414400, grad norm: 0.6671
[iter 12910]loss: 3.4744, tokens/sec: 20521.17 ± 176.30, tokens seen: 846069760, grad norm: 0.6851
[iter 12920]loss: 3.0938, tokens/sec: 20521.18 ± 176.23, tokens seen: 846725120, grad norm: 0.6392
[iter 12930]loss: 3.1682, tokens/sec: 20521.18 ± 176.16, tokens seen: 847380480, grad norm: 0.7442
[iter 12940]loss: 3.5735, tokens/sec: 20521.18 ± 176.10, tokens seen: 848035840, grad norm: 0.6837
[iter 12950]loss: 3.2823, tokens/sec: 20521.18 ± 176.03, tokens seen: 848691200, grad norm: 0.7110
[iter 12960]loss: 2.8287, tokens/sec: 20521.19 ± 175.96, tokens seen: 849346560, grad norm: 0.7248
[iter 12970]loss: 3.2218, tokens/sec: 20521.20 ± 175.89, tokens seen: 850001920, grad norm: 0.7043
[iter 12980]loss: 3.3764, tokens/sec: 20521.20 ± 175.83, tokens seen: 850657280, grad norm: 0.6500
[iter 12990]loss: 3.3750, tokens/sec: 20521.20 ± 175.76, tokens seen: 851312640, grad norm: 0.6699
[step 13000]train loss: 3.2837, val loss: 3.2733, (avg train loss: 0.4109 ± 0.0230), (avg grad norm: 0.7124 ± 0.0623)
saving checkpoint to ./out-owt-xl-mhc-bs4-30000step
[iter 13000]loss: 3.2934, tokens/sec: 20521.20 ± 175.69, tokens seen: 851968000, grad norm: 0.6876
[iter 13010]loss: 3.0212, tokens/sec: 20521.21 ± 175.62, tokens seen: 852623360, grad norm: 0.6922
[iter 13020]loss: 3.3840, tokens/sec: 20521.21 ± 175.56, tokens seen: 853278720, grad norm: 0.7245
[iter 13030]loss: 3.6824, tokens/sec: 20521.21 ± 175.49, tokens seen: 853934080, grad norm: 0.6859
[iter 13040]loss: 3.3077, tokens/sec: 20521.21 ± 175.42, tokens seen: 854589440, grad norm: 0.7539
[iter 13050]loss: 3.2969, tokens/sec: 20521.21 ± 175.36, tokens seen: 855244800, grad norm: 0.7420
[iter 13060]loss: 2.9246, tokens/sec: 20521.21 ± 175.29, tokens seen: 855900160, grad norm: 0.6721
[iter 13070]loss: 3.1810, tokens/sec: 20521.21 ± 175.22, tokens seen: 856555520, grad norm: 0.7660
[iter 13080]loss: 3.2361, tokens/sec: 20521.22 ± 175.16, tokens seen: 857210880, grad norm: 0.7415
[iter 13090]loss: 3.2863, tokens/sec: 20521.22 ± 175.09, tokens seen: 857866240, grad norm: 0.6992
[iter 13100]loss: 3.3433, tokens/sec: 20521.23 ± 175.02, tokens seen: 858521600, grad norm: 0.7402
[iter 13110]loss: 3.5471, tokens/sec: 20521.23 ± 174.96, tokens seen: 859176960, grad norm: 0.9358
[iter 13120]loss: 3.5159, tokens/sec: 20521.23 ± 174.89, tokens seen: 859832320, grad norm: 0.6819
[iter 13130]loss: 2.5869, tokens/sec: 20521.24 ± 174.82, tokens seen: 860487680, grad norm: 0.6706
[iter 13140]loss: 3.3782, tokens/sec: 20521.24 ± 174.76, tokens seen: 861143040, grad norm: 0.6536
[iter 13150]loss: 3.2358, tokens/sec: 20521.24 ± 174.69, tokens seen: 861798400, grad norm: 0.6705
[iter 13160]loss: 3.2857, tokens/sec: 20521.25 ± 174.62, tokens seen: 862453760, grad norm: 0.6410
[iter 13170]loss: 3.2283, tokens/sec: 20521.25 ± 174.56, tokens seen: 863109120, grad norm: 0.6592
[iter 13180]loss: 3.1540, tokens/sec: 20521.25 ± 174.49, tokens seen: 863764480, grad norm: 0.6897
[iter 13190]loss: 3.2292, tokens/sec: 20521.26 ± 174.43, tokens seen: 864419840, grad norm: 0.7028
[iter 13200]loss: 3.3548, tokens/sec: 20521.26 ± 174.36, tokens seen: 865075200, grad norm: 0.8138
[iter 13210]loss: 3.2604, tokens/sec: 20521.26 ± 174.29, tokens seen: 865730560, grad norm: 0.8377
[iter 13220]loss: 3.2546, tokens/sec: 20521.27 ± 174.23, tokens seen: 866385920, grad norm: 0.6573
[iter 13230]loss: 3.2998, tokens/sec: 20521.27 ± 174.16, tokens seen: 867041280, grad norm: 0.7810
[iter 13240]loss: 3.4888, tokens/sec: 20521.28 ± 174.10, tokens seen: 867696640, grad norm: 0.7079
[iter 13250]loss: 3.0869, tokens/sec: 20521.28 ± 174.03, tokens seen: 868352000, grad norm: 0.6832
[iter 13260]loss: 3.1334, tokens/sec: 20521.28 ± 173.97, tokens seen: 869007360, grad norm: 0.6667
[iter 13270]loss: 3.4644, tokens/sec: 20521.29 ± 173.90, tokens seen: 869662720, grad norm: 0.6521
[iter 13280]loss: 3.3515, tokens/sec: 20521.29 ± 173.84, tokens seen: 870318080, grad norm: 0.6486
[iter 13290]loss: 3.4857, tokens/sec: 20521.29 ± 173.77, tokens seen: 870973440, grad norm: 0.6350
[iter 13300]loss: 2.6559, tokens/sec: 20521.30 ± 173.71, tokens seen: 871628800, grad norm: 0.7633
[iter 13310]loss: 3.2736, tokens/sec: 20521.30 ± 173.64, tokens seen: 872284160, grad norm: 0.6935
[iter 13320]loss: 3.1218, tokens/sec: 20521.31 ± 173.58, tokens seen: 872939520, grad norm: 0.9548
[iter 13330]loss: 3.0785, tokens/sec: 20521.31 ± 173.51, tokens seen: 873594880, grad norm: 0.7112
[iter 13340]loss: 3.2448, tokens/sec: 20521.31 ± 173.45, tokens seen: 874250240, grad norm: 0.6610
[iter 13350]loss: 3.1694, tokens/sec: 20521.31 ± 173.38, tokens seen: 874905600, grad norm: 0.7199
[iter 13360]loss: 3.4906, tokens/sec: 20521.32 ± 173.32, tokens seen: 875560960, grad norm: 0.7937
[iter 13370]loss: 3.4732, tokens/sec: 20521.32 ± 173.25, tokens seen: 876216320, grad norm: 0.8200
[iter 13380]loss: 3.5861, tokens/sec: 20521.32 ± 173.19, tokens seen: 876871680, grad norm: 0.6598
[iter 13390]loss: 3.2805, tokens/sec: 20521.32 ± 173.12, tokens seen: 877527040, grad norm: 0.7345
[iter 13400]loss: 3.5404, tokens/sec: 20521.33 ± 173.06, tokens seen: 878182400, grad norm: 0.6934
[iter 13410]loss: 3.2248, tokens/sec: 20521.33 ± 172.99, tokens seen: 878837760, grad norm: 0.6827
[iter 13420]loss: 2.9573, tokens/sec: 20521.33 ± 172.93, tokens seen: 879493120, grad norm: 0.7075
[iter 13430]loss: 3.6787, tokens/sec: 20521.34 ± 172.87, tokens seen: 880148480, grad norm: 0.6890
[iter 13440]loss: 3.1804, tokens/sec: 20521.34 ± 172.80, tokens seen: 880803840, grad norm: 0.6586
[iter 13450]loss: 3.2535, tokens/sec: 20521.35 ± 172.74, tokens seen: 881459200, grad norm: 0.8179
[iter 13460]loss: 3.1723, tokens/sec: 20521.35 ± 172.67, tokens seen: 882114560, grad norm: 0.7661
[iter 13470]loss: 3.2349, tokens/sec: 20521.36 ± 172.61, tokens seen: 882769920, grad norm: 0.6998
[iter 13480]loss: 3.4920, tokens/sec: 20521.36 ± 172.55, tokens seen: 883425280, grad norm: 0.7373
[iter 13490]loss: 3.2862, tokens/sec: 20521.36 ± 172.48, tokens seen: 884080640, grad norm: 0.6353
[step 13500]train loss: 3.2499, val loss: 3.2736, (avg train loss: 0.4089 ± 0.0223), (avg grad norm: 0.7234 ± 0.0681)
[iter 13500]loss: 3.2905, tokens/sec: 20521.37 ± 172.42, tokens seen: 884736000, grad norm: 0.6365
[iter 13510]loss: 3.0693, tokens/sec: 20521.37 ± 172.35, tokens seen: 885391360, grad norm: 0.7246
[iter 13520]loss: 3.2993, tokens/sec: 20521.37 ± 172.29, tokens seen: 886046720, grad norm: 0.6600
[iter 13530]loss: 3.2090, tokens/sec: 20521.36 ± 172.23, tokens seen: 886702080, grad norm: 0.6738
[iter 13540]loss: 3.2383, tokens/sec: 20521.37 ± 172.16, tokens seen: 887357440, grad norm: 0.6488
[iter 13550]loss: 3.3415, tokens/sec: 20521.37 ± 172.10, tokens seen: 888012800, grad norm: 0.6680
[iter 13560]loss: 3.2052, tokens/sec: 20521.38 ± 172.04, tokens seen: 888668160, grad norm: 0.7436
[iter 13570]loss: 3.2778, tokens/sec: 20521.38 ± 171.97, tokens seen: 889323520, grad norm: 0.7519
[iter 13580]loss: 3.2578, tokens/sec: 20521.38 ± 171.91, tokens seen: 889978880, grad norm: 0.7188
[iter 13590]loss: 3.4851, tokens/sec: 20521.39 ± 171.85, tokens seen: 890634240, grad norm: 0.8288
[iter 13600]loss: 3.3257, tokens/sec: 20521.39 ± 171.79, tokens seen: 891289600, grad norm: 0.7286
[iter 13610]loss: 3.2181, tokens/sec: 20521.40 ± 171.72, tokens seen: 891944960, grad norm: 0.7661
[iter 13620]loss: 3.0616, tokens/sec: 20521.40 ± 171.66, tokens seen: 892600320, grad norm: 0.7129
[iter 13630]loss: 3.4121, tokens/sec: 20521.40 ± 171.60, tokens seen: 893255680, grad norm: 0.7937
[iter 13640]loss: 3.1793, tokens/sec: 20521.40 ± 171.53, tokens seen: 893911040, grad norm: 0.6694
[iter 13650]loss: 3.3555, tokens/sec: 20521.40 ± 171.47, tokens seen: 894566400, grad norm: 0.7602
[iter 13660]loss: 3.2680, tokens/sec: 20521.41 ± 171.41, tokens seen: 895221760, grad norm: 0.6755
[iter 13670]loss: 3.2028, tokens/sec: 20521.41 ± 171.35, tokens seen: 895877120, grad norm: 0.6993
[iter 13680]loss: 3.3890, tokens/sec: 20521.41 ± 171.28, tokens seen: 896532480, grad norm: 1.0824
[iter 13690]loss: 3.2854, tokens/sec: 20521.42 ± 171.22, tokens seen: 897187840, grad norm: 0.7193
[iter 13700]loss: 2.9158, tokens/sec: 20521.42 ± 171.16, tokens seen: 897843200, grad norm: 0.6917
[iter 13710]loss: 3.3206, tokens/sec: 20521.42 ± 171.10, tokens seen: 898498560, grad norm: 0.7137
[iter 13720]loss: 3.2720, tokens/sec: 20521.43 ± 171.04, tokens seen: 899153920, grad norm: 0.6806
[iter 13730]loss: 3.0611, tokens/sec: 20521.43 ± 170.97, tokens seen: 899809280, grad norm: 0.6549
[iter 13740]loss: 3.2493, tokens/sec: 20521.44 ± 170.91, tokens seen: 900464640, grad norm: 0.7071
[iter 13750]loss: 3.4137, tokens/sec: 20521.44 ± 170.85, tokens seen: 901120000, grad norm: 0.7113
[iter 13760]loss: 3.5238, tokens/sec: 20521.44 ± 170.79, tokens seen: 901775360, grad norm: 0.6848
[iter 13770]loss: 3.4301, tokens/sec: 20521.44 ± 170.73, tokens seen: 902430720, grad norm: 0.6900
[iter 13780]loss: 3.3010, tokens/sec: 20521.45 ± 170.66, tokens seen: 903086080, grad norm: 0.6779
[iter 13790]loss: 3.3504, tokens/sec: 20521.45 ± 170.60, tokens seen: 903741440, grad norm: 0.6521
[iter 13800]loss: 3.4568, tokens/sec: 20521.45 ± 170.54, tokens seen: 904396800, grad norm: 0.7203
[iter 13810]loss: 3.4358, tokens/sec: 20521.46 ± 170.48, tokens seen: 905052160, grad norm: 0.7354
[iter 13820]loss: 3.1340, tokens/sec: 20521.46 ± 170.42, tokens seen: 905707520, grad norm: 0.7673
[iter 13830]loss: 3.3184, tokens/sec: 20521.46 ± 170.36, tokens seen: 906362880, grad norm: 0.7254
[iter 13840]loss: 3.4430, tokens/sec: 20521.47 ± 170.29, tokens seen: 907018240, grad norm: 0.6602
[iter 13850]loss: 3.4739, tokens/sec: 20521.47 ± 170.23, tokens seen: 907673600, grad norm: 0.6745
[iter 13860]loss: 3.4147, tokens/sec: 20521.47 ± 170.17, tokens seen: 908328960, grad norm: 0.7659
[iter 13870]loss: 2.9898, tokens/sec: 20521.48 ± 170.11, tokens seen: 908984320, grad norm: 0.7643
[iter 13880]loss: 3.1357, tokens/sec: 20521.48 ± 170.05, tokens seen: 909639680, grad norm: 0.8578
[iter 13890]loss: 3.2378, tokens/sec: 20521.48 ± 169.99, tokens seen: 910295040, grad norm: 0.6947
[iter 13900]loss: 2.9880, tokens/sec: 20521.49 ± 169.93, tokens seen: 910950400, grad norm: 0.6665
[iter 13910]loss: 3.2214, tokens/sec: 20521.49 ± 169.87, tokens seen: 911605760, grad norm: 0.7161
[iter 13920]loss: 3.4590, tokens/sec: 20521.50 ± 169.81, tokens seen: 912261120, grad norm: 0.6763
[iter 13930]loss: 3.0905, tokens/sec: 20521.50 ± 169.75, tokens seen: 912916480, grad norm: 0.6513
[iter 13940]loss: 3.2499, tokens/sec: 20521.50 ± 169.68, tokens seen: 913571840, grad norm: 0.6831
[iter 13950]loss: 3.4418, tokens/sec: 20521.50 ± 169.62, tokens seen: 914227200, grad norm: 0.7292
[iter 13960]loss: 3.2401, tokens/sec: 20521.51 ± 169.56, tokens seen: 914882560, grad norm: 0.6457
[iter 13970]loss: 3.3793, tokens/sec: 20521.51 ± 169.50, tokens seen: 915537920, grad norm: 0.7692
[iter 13980]loss: 3.1827, tokens/sec: 20521.52 ± 169.44, tokens seen: 916193280, grad norm: 0.6516
[iter 13990]loss: 3.2820, tokens/sec: 20521.51 ± 169.38, tokens seen: 916848640, grad norm: 0.9037
[step 14000]train loss: 3.2673, val loss: 3.2917, (avg train loss: 0.4036 ± 0.0264), (avg grad norm: 0.7332 ± 0.0726)
[iter 14000]loss: 3.6695, tokens/sec: 20521.52 ± 169.32, tokens seen: 917504000, grad norm: 0.7785
[iter 14010]loss: 3.2770, tokens/sec: 20521.52 ± 169.26, tokens seen: 918159360, grad norm: 0.6681
[iter 14020]loss: 2.9285, tokens/sec: 20521.52 ± 169.20, tokens seen: 918814720, grad norm: 0.7229
[iter 14030]loss: 3.5489, tokens/sec: 20521.52 ± 169.14, tokens seen: 919470080, grad norm: 0.6663
[iter 14040]loss: 3.3073, tokens/sec: 20521.52 ± 169.08, tokens seen: 920125440, grad norm: 0.8279
[iter 14050]loss: 3.3013, tokens/sec: 20521.52 ± 169.02, tokens seen: 920780800, grad norm: 0.7327
[iter 14060]loss: 3.1103, tokens/sec: 20521.53 ± 168.96, tokens seen: 921436160, grad norm: 0.7782
[iter 14070]loss: 3.4343, tokens/sec: 20521.53 ± 168.90, tokens seen: 922091520, grad norm: 0.7894
[iter 14080]loss: 3.3616, tokens/sec: 20521.54 ± 168.84, tokens seen: 922746880, grad norm: 0.6842
[iter 14090]loss: 3.1789, tokens/sec: 20521.54 ± 168.78, tokens seen: 923402240, grad norm: 0.7555
[iter 14100]loss: 3.3489, tokens/sec: 20521.54 ± 168.72, tokens seen: 924057600, grad norm: 0.7889
[iter 14110]loss: 3.1002, tokens/sec: 20521.55 ± 168.66, tokens seen: 924712960, grad norm: 0.7246
[iter 14120]loss: 3.1901, tokens/sec: 20521.55 ± 168.60, tokens seen: 925368320, grad norm: 0.6648
[iter 14130]loss: 3.1961, tokens/sec: 20521.55 ± 168.54, tokens seen: 926023680, grad norm: 0.7373
[iter 14140]loss: 3.2089, tokens/sec: 20521.56 ± 168.48, tokens seen: 926679040, grad norm: 0.6737
[iter 14150]loss: 3.0499, tokens/sec: 20521.56 ± 168.42, tokens seen: 927334400, grad norm: 0.7946
[iter 14160]loss: 3.4632, tokens/sec: 20521.57 ± 168.37, tokens seen: 927989760, grad norm: 0.6897
[iter 14170]loss: 2.9738, tokens/sec: 20521.56 ± 168.31, tokens seen: 928645120, grad norm: 0.6954
[iter 14180]loss: 3.2599, tokens/sec: 20521.57 ± 168.25, tokens seen: 929300480, grad norm: 0.6973
[iter 14190]loss: 2.9078, tokens/sec: 20521.57 ± 168.19, tokens seen: 929955840, grad norm: 0.7359
[iter 14200]loss: 3.0642, tokens/sec: 20521.57 ± 168.13, tokens seen: 930611200, grad norm: 0.6913
[iter 14210]loss: 3.0474, tokens/sec: 20521.58 ± 168.07, tokens seen: 931266560, grad norm: 0.6966
[iter 14220]loss: 3.5028, tokens/sec: 20521.58 ± 168.01, tokens seen: 931921920, grad norm: 0.8913
[iter 14230]loss: 3.1377, tokens/sec: 20521.58 ± 167.95, tokens seen: 932577280, grad norm: 0.6540
[iter 14240]loss: 3.0092, tokens/sec: 20521.59 ± 167.89, tokens seen: 933232640, grad norm: 0.7042
[iter 14250]loss: 3.4554, tokens/sec: 20521.59 ± 167.83, tokens seen: 933888000, grad norm: 0.6972
[iter 14260]loss: 2.7205, tokens/sec: 20521.59 ± 167.78, tokens seen: 934543360, grad norm: 0.7311
[iter 14270]loss: 3.0090, tokens/sec: 20521.60 ± 167.72, tokens seen: 935198720, grad norm: 0.7005
[iter 14280]loss: 3.4052, tokens/sec: 20521.60 ± 167.66, tokens seen: 935854080, grad norm: 0.6922
[iter 14290]loss: 3.3822, tokens/sec: 20521.61 ± 167.60, tokens seen: 936509440, grad norm: 0.7237
[iter 14300]loss: 3.1706, tokens/sec: 20521.61 ± 167.54, tokens seen: 937164800, grad norm: 0.6443
[iter 14310]loss: 3.1183, tokens/sec: 20521.62 ± 167.48, tokens seen: 937820160, grad norm: 0.8468
[iter 14320]loss: 3.3098, tokens/sec: 20521.62 ± 167.43, tokens seen: 938475520, grad norm: 0.6667
[iter 14330]loss: 3.1860, tokens/sec: 20521.62 ± 167.37, tokens seen: 939130880, grad norm: 0.6651
[iter 14340]loss: 3.1710, tokens/sec: 20521.63 ± 167.31, tokens seen: 939786240, grad norm: 0.6791
[iter 14350]loss: 3.1596, tokens/sec: 20521.63 ± 167.25, tokens seen: 940441600, grad norm: 0.6510
[iter 14360]loss: 3.2658, tokens/sec: 20521.64 ± 167.19, tokens seen: 941096960, grad norm: 0.7474
[iter 14370]loss: 3.2085, tokens/sec: 20521.64 ± 167.13, tokens seen: 941752320, grad norm: 0.7473
[iter 14380]loss: 3.3148, tokens/sec: 20521.64 ± 167.08, tokens seen: 942407680, grad norm: 0.7977
[iter 14390]loss: 3.2539, tokens/sec: 20521.64 ± 167.02, tokens seen: 943063040, grad norm: 0.7188
[iter 14400]loss: 2.9426, tokens/sec: 20521.64 ± 166.96, tokens seen: 943718400, grad norm: 0.7367
[iter 14410]loss: 3.2973, tokens/sec: 20521.65 ± 166.90, tokens seen: 944373760, grad norm: 0.7609
[iter 14420]loss: 3.2315, tokens/sec: 20521.65 ± 166.85, tokens seen: 945029120, grad norm: 0.7506
[iter 14430]loss: 3.2486, tokens/sec: 20521.65 ± 166.79, tokens seen: 945684480, grad norm: 0.6477
[iter 14440]loss: 3.5043, tokens/sec: 20521.66 ± 166.73, tokens seen: 946339840, grad norm: 0.7211
[iter 14450]loss: 3.1561, tokens/sec: 20521.66 ± 166.67, tokens seen: 946995200, grad norm: 0.7746
[iter 14460]loss: 3.2927, tokens/sec: 20521.67 ± 166.62, tokens seen: 947650560, grad norm: 0.8986
[iter 14470]loss: 3.2627, tokens/sec: 20521.68 ± 166.56, tokens seen: 948305920, grad norm: 0.7399
[iter 14480]loss: 3.1927, tokens/sec: 20521.68 ± 166.50, tokens seen: 948961280, grad norm: 0.6676
[iter 14490]loss: 3.4027, tokens/sec: 20521.68 ± 166.44, tokens seen: 949616640, grad norm: 0.7330
[step 14500]train loss: 3.2399, val loss: 3.2366, (avg train loss: 0.4079 ± 0.0222), (avg grad norm: 0.7341 ± 0.0712)
saving checkpoint to ./out-owt-xl-mhc-bs4-30000step
[iter 14500]loss: 3.1930, tokens/sec: 20521.69 ± 166.39, tokens seen: 950272000, grad norm: 0.6991
[iter 14510]loss: 3.2161, tokens/sec: 20521.69 ± 166.33, tokens seen: 950927360, grad norm: 0.7421
[iter 14520]loss: 3.3080, tokens/sec: 20521.69 ± 166.27, tokens seen: 951582720, grad norm: 0.6529
[iter 14530]loss: 3.3198, tokens/sec: 20521.69 ± 166.22, tokens seen: 952238080, grad norm: 0.7788
[iter 14540]loss: 3.1398, tokens/sec: 20521.69 ± 166.16, tokens seen: 952893440, grad norm: 0.6669
[iter 14550]loss: 3.1510, tokens/sec: 20521.69 ± 166.10, tokens seen: 953548800, grad norm: 0.7708
[iter 14560]loss: 3.3000, tokens/sec: 20521.70 ± 166.05, tokens seen: 954204160, grad norm: 0.6999
[iter 14570]loss: 3.1435, tokens/sec: 20521.70 ± 165.99, tokens seen: 954859520, grad norm: 0.7632
[iter 14580]loss: 3.2310, tokens/sec: 20521.71 ± 165.93, tokens seen: 955514880, grad norm: 0.7037
[iter 14590]loss: 3.2912, tokens/sec: 20521.71 ± 165.87, tokens seen: 956170240, grad norm: 0.6622
[iter 14600]loss: 2.7901, tokens/sec: 20521.71 ± 165.82, tokens seen: 956825600, grad norm: 0.7660
[iter 14610]loss: 3.2777, tokens/sec: 20521.72 ± 165.76, tokens seen: 957480960, grad norm: 0.9127
[iter 14620]loss: 3.4091, tokens/sec: 20521.72 ± 165.71, tokens seen: 958136320, grad norm: 0.7368
[iter 14630]loss: 3.0639, tokens/sec: 20521.72 ± 165.65, tokens seen: 958791680, grad norm: 0.8230
[iter 14640]loss: 3.0256, tokens/sec: 20521.73 ± 165.59, tokens seen: 959447040, grad norm: 1.0130
[iter 14650]loss: 3.1649, tokens/sec: 20521.73 ± 165.54, tokens seen: 960102400, grad norm: 0.7305
[iter 14660]loss: 3.2034, tokens/sec: 20521.73 ± 165.48, tokens seen: 960757760, grad norm: 0.6883
[iter 14670]loss: 3.3089, tokens/sec: 20521.73 ± 165.42, tokens seen: 961413120, grad norm: 0.9700
[iter 14680]loss: 3.5321, tokens/sec: 20521.73 ± 165.37, tokens seen: 962068480, grad norm: 0.7271
[iter 14690]loss: 3.0011, tokens/sec: 20521.74 ± 165.31, tokens seen: 962723840, grad norm: 0.7077
[iter 14700]loss: 3.0481, tokens/sec: 20521.74 ± 165.26, tokens seen: 963379200, grad norm: 0.7383
[iter 14710]loss: 3.2620, tokens/sec: 20521.74 ± 165.20, tokens seen: 964034560, grad norm: 1.5150
[iter 14720]loss: 3.6265, tokens/sec: 20521.75 ± 165.14, tokens seen: 964689920, grad norm: 0.7350
[iter 14730]loss: 3.2998, tokens/sec: 20521.75 ± 165.09, tokens seen: 965345280, grad norm: 0.7718
[iter 14740]loss: 3.2647, tokens/sec: 20521.75 ± 165.03, tokens seen: 966000640, grad norm: 0.6632
[iter 14750]loss: 3.2838, tokens/sec: 20521.75 ± 164.98, tokens seen: 966656000, grad norm: 0.7598
[iter 14760]loss: 3.2633, tokens/sec: 20521.76 ± 164.92, tokens seen: 967311360, grad norm: 0.6875
[iter 14770]loss: 3.3560, tokens/sec: 20521.76 ± 164.86, tokens seen: 967966720, grad norm: 0.7028
[iter 14780]loss: 3.1760, tokens/sec: 20521.76 ± 164.81, tokens seen: 968622080, grad norm: 0.7011
[iter 14790]loss: 3.7360, tokens/sec: 20521.76 ± 164.75, tokens seen: 969277440, grad norm: 0.7311
[iter 14800]loss: 3.2528, tokens/sec: 20521.77 ± 164.70, tokens seen: 969932800, grad norm: 0.6787
[iter 14810]loss: 3.1925, tokens/sec: 20521.77 ± 164.64, tokens seen: 970588160, grad norm: 0.7594
[iter 14820]loss: 3.1581, tokens/sec: 20521.77 ± 164.59, tokens seen: 971243520, grad norm: 0.7335
[iter 14830]loss: 3.2193, tokens/sec: 20521.78 ± 164.53, tokens seen: 971898880, grad norm: 0.7356
[iter 14840]loss: 3.3824, tokens/sec: 20521.78 ± 164.48, tokens seen: 972554240, grad norm: 0.7321
[iter 14850]loss: 2.8574, tokens/sec: 20521.78 ± 164.42, tokens seen: 973209600, grad norm: 0.7318
[iter 14860]loss: 3.4419, tokens/sec: 20521.79 ± 164.37, tokens seen: 973864960, grad norm: 0.6977
[iter 14870]loss: 3.1981, tokens/sec: 20521.79 ± 164.31, tokens seen: 974520320, grad norm: 0.6504
[iter 14880]loss: 2.6261, tokens/sec: 20521.79 ± 164.26, tokens seen: 975175680, grad norm: 0.7171
[iter 14890]loss: 3.0974, tokens/sec: 20521.80 ± 164.20, tokens seen: 975831040, grad norm: 0.7622
[iter 14900]loss: 3.5088, tokens/sec: 20521.80 ± 164.15, tokens seen: 976486400, grad norm: 0.7785
[iter 14910]loss: 3.4153, tokens/sec: 20521.80 ± 164.09, tokens seen: 977141760, grad norm: 0.6528
[iter 14920]loss: 3.3801, tokens/sec: 20521.80 ± 164.04, tokens seen: 977797120, grad norm: 0.6536
[iter 14930]loss: 3.2088, tokens/sec: 20521.80 ± 163.98, tokens seen: 978452480, grad norm: 0.7093
[iter 14940]loss: 3.4508, tokens/sec: 20521.81 ± 163.93, tokens seen: 979107840, grad norm: 0.8066
[iter 14950]loss: 3.2266, tokens/sec: 20521.81 ± 163.87, tokens seen: 979763200, grad norm: 0.7141
[iter 14960]loss: 3.4799, tokens/sec: 20521.81 ± 163.82, tokens seen: 980418560, grad norm: 0.8029
[iter 14970]loss: 3.2491, tokens/sec: 20521.82 ± 163.76, tokens seen: 981073920, grad norm: 0.8351
[iter 14980]loss: 3.4670, tokens/sec: 20521.82 ± 163.71, tokens seen: 981729280, grad norm: 0.7636
[iter 14990]loss: 3.2906, tokens/sec: 20521.83 ± 163.65, tokens seen: 982384640, grad norm: 0.8104
[step 15000]train loss: 3.2407, val loss: 3.2332, (avg train loss: 0.4041 ± 0.0234), (avg grad norm: 0.7318 ± 0.0569)
saving checkpoint to ./out-owt-xl-mhc-bs4-30000step
[iter 15000]loss: 3.1215, tokens/sec: 20521.83 ± 163.60, tokens seen: 983040000, grad norm: 0.8204
[iter 15010]loss: 3.0806, tokens/sec: 20521.83 ± 163.55, tokens seen: 983695360, grad norm: 0.7758
[iter 15020]loss: 3.1816, tokens/sec: 20521.82 ± 163.49, tokens seen: 984350720, grad norm: 0.6846
[iter 15030]loss: 3.3593, tokens/sec: 20521.83 ± 163.44, tokens seen: 985006080, grad norm: 0.6408
[iter 15040]loss: 3.0165, tokens/sec: 20521.83 ± 163.38, tokens seen: 985661440, grad norm: 0.7578
[iter 15050]loss: 3.2029, tokens/sec: 20521.83 ± 163.33, tokens seen: 986316800, grad norm: 0.6944
[iter 15060]loss: 3.2360, tokens/sec: 20521.84 ± 163.28, tokens seen: 986972160, grad norm: 0.6807
[iter 15070]loss: 3.0867, tokens/sec: 20521.84 ± 163.22, tokens seen: 987627520, grad norm: 0.7065
[iter 15080]loss: 3.1436, tokens/sec: 20521.84 ± 163.17, tokens seen: 988282880, grad norm: 0.8486
[iter 15090]loss: 3.2204, tokens/sec: 20521.84 ± 163.11, tokens seen: 988938240, grad norm: 0.6866
[iter 15100]loss: 2.8821, tokens/sec: 20521.85 ± 163.06, tokens seen: 989593600, grad norm: 0.7468
[iter 15110]loss: 3.4984, tokens/sec: 20521.85 ± 163.01, tokens seen: 990248960, grad norm: 0.6935
[iter 15120]loss: 2.8287, tokens/sec: 20521.85 ± 162.95, tokens seen: 990904320, grad norm: 0.6916
[iter 15130]loss: 3.1972, tokens/sec: 20521.85 ± 162.90, tokens seen: 991559680, grad norm: 0.6905
[iter 15140]loss: 3.2234, tokens/sec: 20521.86 ± 162.84, tokens seen: 992215040, grad norm: 0.8252
[iter 15150]loss: 3.2017, tokens/sec: 20521.86 ± 162.79, tokens seen: 992870400, grad norm: 0.6760
[iter 15160]loss: 3.5669, tokens/sec: 20521.86 ± 162.74, tokens seen: 993525760, grad norm: 0.7804
[iter 15170]loss: 2.9318, tokens/sec: 20521.86 ± 162.68, tokens seen: 994181120, grad norm: 0.7856
[iter 15180]loss: 2.9666, tokens/sec: 20521.86 ± 162.63, tokens seen: 994836480, grad norm: 0.7935
[iter 15190]loss: 3.2575, tokens/sec: 20521.87 ± 162.58, tokens seen: 995491840, grad norm: 0.7035
[iter 15200]loss: 3.1441, tokens/sec: 20521.87 ± 162.52, tokens seen: 996147200, grad norm: 0.7622
[iter 15210]loss: 3.4229, tokens/sec: 20521.87 ± 162.47, tokens seen: 996802560, grad norm: 0.6913
[iter 15220]loss: 3.4794, tokens/sec: 20521.88 ± 162.42, tokens seen: 997457920, grad norm: 0.6602
[iter 15230]loss: 3.2385, tokens/sec: 20521.87 ± 162.36, tokens seen: 998113280, grad norm: 0.7833
[iter 15240]loss: 3.4167, tokens/sec: 20521.87 ± 162.31, tokens seen: 998768640, grad norm: 0.8185
[iter 15250]loss: 3.0743, tokens/sec: 20521.88 ± 162.26, tokens seen: 999424000, grad norm: 0.7619
[iter 15260]loss: 3.5719, tokens/sec: 20521.87 ± 162.21, tokens seen: 1000079360, grad norm: 0.6811
[iter 15270]loss: 2.9897, tokens/sec: 20521.87 ± 162.15, tokens seen: 1000734720, grad norm: 0.6770
[iter 15280]loss: 2.9962, tokens/sec: 20521.88 ± 162.10, tokens seen: 1001390080, grad norm: 0.6905
[iter 15290]loss: 3.1430, tokens/sec: 20521.88 ± 162.05, tokens seen: 1002045440, grad norm: 0.7375
[iter 15300]loss: 3.3658, tokens/sec: 20521.88 ± 161.99, tokens seen: 1002700800, grad norm: 0.7988
[iter 15310]loss: 3.0695, tokens/sec: 20521.89 ± 161.94, tokens seen: 1003356160, grad norm: 0.7194
[iter 15320]loss: 3.1790, tokens/sec: 20521.89 ± 161.89, tokens seen: 1004011520, grad norm: 0.7159
[iter 15330]loss: 3.2393, tokens/sec: 20521.89 ± 161.84, tokens seen: 1004666880, grad norm: 0.7424
[iter 15340]loss: 3.1467, tokens/sec: 20521.89 ± 161.78, tokens seen: 1005322240, grad norm: 0.8140
[iter 15350]loss: 3.1565, tokens/sec: 20521.89 ± 161.73, tokens seen: 1005977600, grad norm: 0.7178
[iter 15360]loss: 3.3469, tokens/sec: 20521.89 ± 161.68, tokens seen: 1006632960, grad norm: 0.7835
[iter 15370]loss: 3.0788, tokens/sec: 20521.90 ± 161.63, tokens seen: 1007288320, grad norm: 0.6964
[iter 15380]loss: 3.2023, tokens/sec: 20521.90 ± 161.57, tokens seen: 1007943680, grad norm: 0.6646
[iter 15390]loss: 3.1647, tokens/sec: 20521.90 ± 161.52, tokens seen: 1008599040, grad norm: 0.7998
[iter 15400]loss: 3.2683, tokens/sec: 20521.90 ± 161.47, tokens seen: 1009254400, grad norm: 0.7373
[iter 15410]loss: 2.7011, tokens/sec: 20521.90 ± 161.42, tokens seen: 1009909760, grad norm: 0.6758
[iter 15420]loss: 3.3549, tokens/sec: 20521.90 ± 161.36, tokens seen: 1010565120, grad norm: 0.7932
[iter 15430]loss: 3.0777, tokens/sec: 20521.91 ± 161.31, tokens seen: 1011220480, grad norm: 0.7071
[iter 15440]loss: 3.1698, tokens/sec: 20521.91 ± 161.26, tokens seen: 1011875840, grad norm: 0.6851
[iter 15450]loss: 3.4968, tokens/sec: 20521.91 ± 161.21, tokens seen: 1012531200, grad norm: 0.7669
[iter 15460]loss: 3.2917, tokens/sec: 20521.91 ± 161.16, tokens seen: 1013186560, grad norm: 0.8002
[iter 15470]loss: 3.4897, tokens/sec: 20521.92 ± 161.10, tokens seen: 1013841920, grad norm: 0.7472
[iter 15480]loss: 3.4167, tokens/sec: 20521.92 ± 161.05, tokens seen: 1014497280, grad norm: 0.7676
[iter 15490]loss: 2.8631, tokens/sec: 20521.92 ± 161.00, tokens seen: 1015152640, grad norm: 0.7001
[step 15500]train loss: 3.2144, val loss: 3.2164, (avg train loss: 0.4005 ± 0.0248), (avg grad norm: 0.7474 ± 0.0634)
saving checkpoint to ./out-owt-xl-mhc-bs4-30000step
[iter 15500]loss: 3.1291, tokens/sec: 20521.93 ± 160.95, tokens seen: 1015808000, grad norm: 0.7639
[iter 15510]loss: 3.2149, tokens/sec: 20521.93 ± 160.90, tokens seen: 1016463360, grad norm: 0.6738
[iter 15520]loss: 3.3333, tokens/sec: 20521.93 ± 160.85, tokens seen: 1017118720, grad norm: 0.6683
[iter 15530]loss: 2.8769, tokens/sec: 20521.93 ± 160.79, tokens seen: 1017774080, grad norm: 0.7635
[iter 15540]loss: 3.3827, tokens/sec: 20521.94 ± 160.74, tokens seen: 1018429440, grad norm: 0.8007
[iter 15550]loss: 3.2141, tokens/sec: 20521.94 ± 160.69, tokens seen: 1019084800, grad norm: 0.7771
[iter 15560]loss: 3.1567, tokens/sec: 20521.94 ± 160.64, tokens seen: 1019740160, grad norm: 0.8200
[iter 15570]loss: 3.2045, tokens/sec: 20521.94 ± 160.59, tokens seen: 1020395520, grad norm: 0.6504
[iter 15580]loss: 3.1585, tokens/sec: 20521.94 ± 160.54, tokens seen: 1021050880, grad norm: 0.6834
[iter 15590]loss: 3.3187, tokens/sec: 20521.94 ± 160.49, tokens seen: 1021706240, grad norm: 0.6803
[iter 15600]loss: 3.2800, tokens/sec: 20521.94 ± 160.43, tokens seen: 1022361600, grad norm: 0.6533
[iter 15610]loss: 3.4040, tokens/sec: 20521.95 ± 160.38, tokens seen: 1023016960, grad norm: 0.7217
[iter 15620]loss: 3.2504, tokens/sec: 20521.95 ± 160.33, tokens seen: 1023672320, grad norm: 0.6793
[iter 15630]loss: 3.3816, tokens/sec: 20521.95 ± 160.28, tokens seen: 1024327680, grad norm: 0.7032
[iter 15640]loss: 3.3243, tokens/sec: 20521.95 ± 160.23, tokens seen: 1024983040, grad norm: 0.7875
[iter 15650]loss: 3.3064, tokens/sec: 20521.95 ± 160.18, tokens seen: 1025638400, grad norm: 0.8175
[iter 15660]loss: 3.1790, tokens/sec: 20521.95 ± 160.13, tokens seen: 1026293760, grad norm: 0.7016
[iter 15670]loss: 3.1497, tokens/sec: 20521.96 ± 160.08, tokens seen: 1026949120, grad norm: 0.8041
[iter 15680]loss: 3.2182, tokens/sec: 20521.96 ± 160.03, tokens seen: 1027604480, grad norm: 0.8444
[iter 15690]loss: 3.3272, tokens/sec: 20521.96 ± 159.98, tokens seen: 1028259840, grad norm: 0.7021
[iter 15700]loss: 3.2332, tokens/sec: 20521.97 ± 159.93, tokens seen: 1028915200, grad norm: 0.6956
[iter 15710]loss: 3.2491, tokens/sec: 20521.97 ± 159.87, tokens seen: 1029570560, grad norm: 0.6671
[iter 15720]loss: 3.0999, tokens/sec: 20521.97 ± 159.82, tokens seen: 1030225920, grad norm: 0.6596
[iter 15730]loss: 3.0312, tokens/sec: 20521.98 ± 159.77, tokens seen: 1030881280, grad norm: 0.7980
[iter 15740]loss: 3.3435, tokens/sec: 20521.98 ± 159.72, tokens seen: 1031536640, grad norm: 0.8727
[iter 15750]loss: 3.2308, tokens/sec: 20521.98 ± 159.67, tokens seen: 1032192000, grad norm: 0.7709
[iter 15760]loss: 2.7741, tokens/sec: 20521.98 ± 159.62, tokens seen: 1032847360, grad norm: 0.7139
[iter 15770]loss: 3.1822, tokens/sec: 20521.99 ± 159.57, tokens seen: 1033502720, grad norm: 0.6819
[iter 15780]loss: 3.2444, tokens/sec: 20521.99 ± 159.52, tokens seen: 1034158080, grad norm: 0.7255
[iter 15790]loss: 3.1706, tokens/sec: 20521.99 ± 159.47, tokens seen: 1034813440, grad norm: 0.8768
[iter 15800]loss: 2.8905, tokens/sec: 20521.99 ± 159.42, tokens seen: 1035468800, grad norm: 0.7107
[iter 15810]loss: 3.3373, tokens/sec: 20521.99 ± 159.37, tokens seen: 1036124160, grad norm: 0.6767
[iter 15820]loss: 3.1314, tokens/sec: 20522.00 ± 159.32, tokens seen: 1036779520, grad norm: 0.6980
[iter 15830]loss: 3.2552, tokens/sec: 20522.00 ± 159.27, tokens seen: 1037434880, grad norm: 0.7024
[iter 15840]loss: 3.2751, tokens/sec: 20522.00 ± 159.22, tokens seen: 1038090240, grad norm: 0.7707
[iter 15850]loss: 3.3304, tokens/sec: 20522.00 ± 159.17, tokens seen: 1038745600, grad norm: 0.7573
[iter 15860]loss: 2.8511, tokens/sec: 20522.00 ± 159.12, tokens seen: 1039400960, grad norm: 0.6829
[iter 15870]loss: 3.3837, tokens/sec: 20522.01 ± 159.07, tokens seen: 1040056320, grad norm: 0.7495
[iter 15880]loss: 3.6268, tokens/sec: 20522.01 ± 159.02, tokens seen: 1040711680, grad norm: 0.7568
[iter 15890]loss: 3.1796, tokens/sec: 20522.01 ± 158.97, tokens seen: 1041367040, grad norm: 0.7603
[iter 15900]loss: 3.2854, tokens/sec: 20522.02 ± 158.92, tokens seen: 1042022400, grad norm: 0.6158
[iter 15910]loss: 3.4527, tokens/sec: 20522.02 ± 158.87, tokens seen: 1042677760, grad norm: 0.7225
[iter 15920]loss: 3.4086, tokens/sec: 20522.02 ± 158.82, tokens seen: 1043333120, grad norm: 0.6740
[iter 15930]loss: 3.5042, tokens/sec: 20522.02 ± 158.77, tokens seen: 1043988480, grad norm: 0.9343
[iter 15940]loss: 3.3877, tokens/sec: 20522.03 ± 158.72, tokens seen: 1044643840, grad norm: 0.7259
[iter 15950]loss: 3.6620, tokens/sec: 20522.03 ± 158.67, tokens seen: 1045299200, grad norm: 0.7579
[iter 15960]loss: 3.1640, tokens/sec: 20522.03 ± 158.62, tokens seen: 1045954560, grad norm: 0.8297
[iter 15970]loss: 2.8271, tokens/sec: 20522.03 ± 158.57, tokens seen: 1046609920, grad norm: 0.8139
[iter 15980]loss: 3.2511, tokens/sec: 20522.04 ± 158.52, tokens seen: 1047265280, grad norm: 0.7639
[iter 15990]loss: 3.1575, tokens/sec: 20522.04 ± 158.47, tokens seen: 1047920640, grad norm: 0.7854
[step 16000]train loss: 3.2082, val loss: 3.2197, (avg train loss: 0.4011 ± 0.0238), (avg grad norm: 0.7405 ± 0.0591)
[iter 16000]loss: 3.4070, tokens/sec: 20522.04 ± 158.42, tokens seen: 1048576000, grad norm: 0.7567
[iter 16010]loss: 3.1377, tokens/sec: 20522.04 ± 158.37, tokens seen: 1049231360, grad norm: 0.6912
[iter 16020]loss: 3.2627, tokens/sec: 20522.04 ± 158.33, tokens seen: 1049886720, grad norm: 0.7345
[iter 16030]loss: 3.3425, tokens/sec: 20522.04 ± 158.28, tokens seen: 1050542080, grad norm: 0.7117
[iter 16040]loss: 3.3837, tokens/sec: 20522.04 ± 158.23, tokens seen: 1051197440, grad norm: 0.7054
[iter 16050]loss: 3.4872, tokens/sec: 20522.04 ± 158.18, tokens seen: 1051852800, grad norm: 0.6973
[iter 16060]loss: 3.1143, tokens/sec: 20522.05 ± 158.13, tokens seen: 1052508160, grad norm: 0.7009
[iter 16070]loss: 3.1970, tokens/sec: 20522.05 ± 158.08, tokens seen: 1053163520, grad norm: 0.8229
[iter 16080]loss: 3.2895, tokens/sec: 20522.05 ± 158.03, tokens seen: 1053818880, grad norm: 0.7141
[iter 16090]loss: 3.3336, tokens/sec: 20522.05 ± 157.98, tokens seen: 1054474240, grad norm: 0.6686
[iter 16100]loss: 3.2581, tokens/sec: 20522.05 ± 157.93, tokens seen: 1055129600, grad norm: 0.7769
[iter 16110]loss: 2.9045, tokens/sec: 20522.05 ± 157.88, tokens seen: 1055784960, grad norm: 0.7187
[iter 16120]loss: 2.7320, tokens/sec: 20522.05 ± 157.83, tokens seen: 1056440320, grad norm: 0.7851
[iter 16130]loss: 3.0938, tokens/sec: 20522.06 ± 157.79, tokens seen: 1057095680, grad norm: 0.7867
[iter 16140]loss: 3.0780, tokens/sec: 20522.05 ± 157.74, tokens seen: 1057751040, grad norm: 0.7621
[iter 16150]loss: 3.0873, tokens/sec: 20522.06 ± 157.69, tokens seen: 1058406400, grad norm: 1.0054
[iter 16160]loss: 3.1885, tokens/sec: 20522.06 ± 157.64, tokens seen: 1059061760, grad norm: 0.7169
[iter 16170]loss: 3.2907, tokens/sec: 20522.06 ± 157.59, tokens seen: 1059717120, grad norm: 0.6691
[iter 16180]loss: 3.4271, tokens/sec: 20522.06 ± 157.54, tokens seen: 1060372480, grad norm: 0.7367
[iter 16190]loss: 3.1687, tokens/sec: 20522.06 ± 157.49, tokens seen: 1061027840, grad norm: 0.6938
[iter 16200]loss: 2.9498, tokens/sec: 20522.06 ± 157.45, tokens seen: 1061683200, grad norm: 0.7847
[iter 16210]loss: 3.1794, tokens/sec: 20522.07 ± 157.40, tokens seen: 1062338560, grad norm: 0.8027
[iter 16220]loss: 3.1109, tokens/sec: 20522.07 ± 157.35, tokens seen: 1062993920, grad norm: 0.7468
[iter 16230]loss: 3.2268, tokens/sec: 20522.06 ± 157.30, tokens seen: 1063649280, grad norm: 0.7422
[iter 16240]loss: 3.0663, tokens/sec: 20522.07 ± 157.25, tokens seen: 1064304640, grad norm: 0.6881
[iter 16250]loss: 3.3025, tokens/sec: 20522.06 ± 157.20, tokens seen: 1064960000, grad norm: 0.6835
[iter 16260]loss: 3.5933, tokens/sec: 20522.06 ± 157.16, tokens seen: 1065615360, grad norm: 0.6834
[iter 16270]loss: 3.2668, tokens/sec: 20522.07 ± 157.11, tokens seen: 1066270720, grad norm: 0.7253
[iter 16280]loss: 3.3963, tokens/sec: 20522.07 ± 157.06, tokens seen: 1066926080, grad norm: 0.7229
[iter 16290]loss: 3.2893, tokens/sec: 20522.07 ± 157.01, tokens seen: 1067581440, grad norm: 0.6579
[iter 16300]loss: 3.2014, tokens/sec: 20522.07 ± 156.96, tokens seen: 1068236800, grad norm: 0.7353
[iter 16310]loss: 3.2264, tokens/sec: 20522.07 ± 156.92, tokens seen: 1068892160, grad norm: 0.6775
[iter 16320]loss: 3.2698, tokens/sec: 20522.07 ± 156.87, tokens seen: 1069547520, grad norm: 0.7156
[iter 16330]loss: 3.2365, tokens/sec: 20522.07 ± 156.82, tokens seen: 1070202880, grad norm: 0.7000
[iter 16340]loss: 3.1883, tokens/sec: 20522.07 ± 156.77, tokens seen: 1070858240, grad norm: 0.7519
[iter 16350]loss: 3.0376, tokens/sec: 20522.07 ± 156.72, tokens seen: 1071513600, grad norm: 0.7168
[iter 16360]loss: 2.9693, tokens/sec: 20522.07 ± 156.68, tokens seen: 1072168960, grad norm: 0.6919
[iter 16370]loss: 3.0159, tokens/sec: 20522.08 ± 156.63, tokens seen: 1072824320, grad norm: 0.7062
[iter 16380]loss: 2.8172, tokens/sec: 20522.08 ± 156.58, tokens seen: 1073479680, grad norm: 0.6562
[iter 16390]loss: 3.4709, tokens/sec: 20522.08 ± 156.53, tokens seen: 1074135040, grad norm: 0.7271
[iter 16400]loss: 3.1098, tokens/sec: 20522.08 ± 156.49, tokens seen: 1074790400, grad norm: 0.7139
[iter 16410]loss: 3.2592, tokens/sec: 20522.09 ± 156.44, tokens seen: 1075445760, grad norm: 0.7196
[iter 16420]loss: 2.9839, tokens/sec: 20522.08 ± 156.39, tokens seen: 1076101120, grad norm: 0.7300
[iter 16430]loss: 3.0640, tokens/sec: 20522.09 ± 156.34, tokens seen: 1076756480, grad norm: 0.7273
[iter 16440]loss: 3.2072, tokens/sec: 20522.09 ± 156.30, tokens seen: 1077411840, grad norm: 0.8201
[iter 16450]loss: 3.0770, tokens/sec: 20522.09 ± 156.25, tokens seen: 1078067200, grad norm: 0.7162
[iter 16460]loss: 3.1208, tokens/sec: 20522.09 ± 156.20, tokens seen: 1078722560, grad norm: 0.7026
[iter 16470]loss: 3.1557, tokens/sec: 20522.09 ± 156.15, tokens seen: 1079377920, grad norm: 0.7730
[iter 16480]loss: 3.1239, tokens/sec: 20522.09 ± 156.11, tokens seen: 1080033280, grad norm: 0.8178
[iter 16490]loss: 3.2803, tokens/sec: 20522.10 ± 156.06, tokens seen: 1080688640, grad norm: 0.8332
[step 16500]train loss: 3.2041, val loss: 3.1829, (avg train loss: 0.4001 ± 0.0225), (avg grad norm: 0.7729 ± 0.0881)
saving checkpoint to ./out-owt-xl-mhc-bs4-30000step
[iter 16500]loss: 2.9893, tokens/sec: 20522.10 ± 156.01, tokens seen: 1081344000, grad norm: 0.8111
[iter 16510]loss: 3.4284, tokens/sec: 20522.10 ± 155.97, tokens seen: 1081999360, grad norm: 0.7459
[iter 16520]loss: 3.2584, tokens/sec: 20522.09 ± 155.92, tokens seen: 1082654720, grad norm: 0.7177
[iter 16530]loss: 2.8285, tokens/sec: 20522.09 ± 155.87, tokens seen: 1083310080, grad norm: 0.7882
[iter 16540]loss: 3.1571, tokens/sec: 20522.09 ± 155.83, tokens seen: 1083965440, grad norm: 0.8793
[iter 16550]loss: 2.9861, tokens/sec: 20522.09 ± 155.78, tokens seen: 1084620800, grad norm: 0.7109
[iter 16560]loss: 3.3192, tokens/sec: 20522.09 ± 155.73, tokens seen: 1085276160, grad norm: 0.6751
[iter 16570]loss: 3.0500, tokens/sec: 20522.10 ± 155.69, tokens seen: 1085931520, grad norm: 0.7397
[iter 16580]loss: 3.1507, tokens/sec: 20522.10 ± 155.64, tokens seen: 1086586880, grad norm: 0.7801
[iter 16590]loss: 3.0656, tokens/sec: 20522.10 ± 155.59, tokens seen: 1087242240, grad norm: 0.8966
[iter 16600]loss: 3.0510, tokens/sec: 20522.10 ± 155.55, tokens seen: 1087897600, grad norm: 0.7260
[iter 16610]loss: 3.3253, tokens/sec: 20522.11 ± 155.50, tokens seen: 1088552960, grad norm: 0.7114
[iter 16620]loss: 2.9647, tokens/sec: 20522.11 ± 155.45, tokens seen: 1089208320, grad norm: 0.6961
[iter 16630]loss: 3.0870, tokens/sec: 20522.11 ± 155.41, tokens seen: 1089863680, grad norm: 0.7576
[iter 16640]loss: 3.2909, tokens/sec: 20522.11 ± 155.36, tokens seen: 1090519040, grad norm: 0.7198
[iter 16650]loss: 3.2397, tokens/sec: 20522.11 ± 155.31, tokens seen: 1091174400, grad norm: 1.0590
[iter 16660]loss: 3.0700, tokens/sec: 20522.11 ± 155.27, tokens seen: 1091829760, grad norm: 0.9539
[iter 16670]loss: 3.2594, tokens/sec: 20522.11 ± 155.22, tokens seen: 1092485120, grad norm: 0.7755
[iter 16680]loss: 3.4405, tokens/sec: 20522.11 ± 155.17, tokens seen: 1093140480, grad norm: 0.7672
[iter 16690]loss: 3.3121, tokens/sec: 20522.12 ± 155.13, tokens seen: 1093795840, grad norm: 0.7895
[iter 16700]loss: 2.9895, tokens/sec: 20522.12 ± 155.08, tokens seen: 1094451200, grad norm: 0.7298
[iter 16710]loss: 3.0834, tokens/sec: 20522.12 ± 155.04, tokens seen: 1095106560, grad norm: 0.6825
[iter 16720]loss: 2.7092, tokens/sec: 20522.12 ± 154.99, tokens seen: 1095761920, grad norm: 0.6963
[iter 16730]loss: 3.2798, tokens/sec: 20522.12 ± 154.94, tokens seen: 1096417280, grad norm: 0.7004
[iter 16740]loss: 3.2309, tokens/sec: 20522.12 ± 154.90, tokens seen: 1097072640, grad norm: 0.7007
[iter 16750]loss: 2.4895, tokens/sec: 20522.12 ± 154.85, tokens seen: 1097728000, grad norm: 0.6710
[iter 16760]loss: 3.1173, tokens/sec: 20522.13 ± 154.80, tokens seen: 1098383360, grad norm: 0.6976
[iter 16770]loss: 3.1634, tokens/sec: 20522.13 ± 154.76, tokens seen: 1099038720, grad norm: 0.6865
[iter 16780]loss: 3.1254, tokens/sec: 20522.14 ± 154.71, tokens seen: 1099694080, grad norm: 0.6849
[iter 16790]loss: 3.1675, tokens/sec: 20522.14 ± 154.67, tokens seen: 1100349440, grad norm: 0.9633
[iter 16800]loss: 3.1279, tokens/sec: 20522.14 ± 154.62, tokens seen: 1101004800, grad norm: 0.7628
[iter 16810]loss: 3.1412, tokens/sec: 20522.14 ± 154.58, tokens seen: 1101660160, grad norm: 0.7381
[iter 16820]loss: 3.1571, tokens/sec: 20522.14 ± 154.53, tokens seen: 1102315520, grad norm: 0.8193
[iter 16830]loss: 3.0980, tokens/sec: 20522.15 ± 154.48, tokens seen: 1102970880, grad norm: 0.7115
[iter 16840]loss: 3.5516, tokens/sec: 20522.15 ± 154.44, tokens seen: 1103626240, grad norm: 0.9816
[iter 16850]loss: 3.3352, tokens/sec: 20522.15 ± 154.39, tokens seen: 1104281600, grad norm: 0.6863
[iter 16860]loss: 3.1586, tokens/sec: 20522.15 ± 154.35, tokens seen: 1104936960, grad norm: 0.7352
[iter 16870]loss: 3.0796, tokens/sec: 20522.15 ± 154.30, tokens seen: 1105592320, grad norm: 0.7424
[iter 16880]loss: 3.5073, tokens/sec: 20522.15 ± 154.26, tokens seen: 1106247680, grad norm: 0.8060
[iter 16890]loss: 3.3734, tokens/sec: 20522.16 ± 154.21, tokens seen: 1106903040, grad norm: 0.6839
[iter 16900]loss: 3.3935, tokens/sec: 20522.16 ± 154.16, tokens seen: 1107558400, grad norm: 0.7288
[iter 16910]loss: 3.0594, tokens/sec: 20522.16 ± 154.12, tokens seen: 1108213760, grad norm: 0.7087
[iter 16920]loss: 3.0596, tokens/sec: 20522.16 ± 154.07, tokens seen: 1108869120, grad norm: 0.6858
[iter 16930]loss: 3.2034, tokens/sec: 20522.16 ± 154.03, tokens seen: 1109524480, grad norm: 0.7031
[iter 16940]loss: 3.2223, tokens/sec: 20522.16 ± 153.98, tokens seen: 1110179840, grad norm: 0.7508
[iter 16950]loss: 3.3448, tokens/sec: 20522.16 ± 153.94, tokens seen: 1110835200, grad norm: 0.7951
[iter 16960]loss: 2.8711, tokens/sec: 20522.17 ± 153.89, tokens seen: 1111490560, grad norm: 0.7346
[iter 16970]loss: 3.2829, tokens/sec: 20522.17 ± 153.85, tokens seen: 1112145920, grad norm: 0.7442
[iter 16980]loss: 3.5212, tokens/sec: 20522.17 ± 153.80, tokens seen: 1112801280, grad norm: 0.8507
[iter 16990]loss: 3.1439, tokens/sec: 20522.17 ± 153.76, tokens seen: 1113456640, grad norm: 0.7653
[step 17000]train loss: 3.1786, val loss: 3.2061, (avg train loss: 0.3970 ± 0.0237), (avg grad norm: 0.7796 ± 0.1055)
[iter 17000]loss: 3.4622, tokens/sec: 20522.17 ± 153.71, tokens seen: 1114112000, grad norm: 0.7290
[iter 17010]loss: 2.7120, tokens/sec: 20522.17 ± 153.67, tokens seen: 1114767360, grad norm: 0.6768
[iter 17020]loss: 3.2768, tokens/sec: 20522.17 ± 153.62, tokens seen: 1115422720, grad norm: 0.8006
[iter 17030]loss: 3.0974, tokens/sec: 20522.17 ± 153.58, tokens seen: 1116078080, grad norm: 0.8405
[iter 17040]loss: 3.0788, tokens/sec: 20522.17 ± 153.53, tokens seen: 1116733440, grad norm: 0.7839
[iter 17050]loss: 3.2843, tokens/sec: 20522.17 ± 153.49, tokens seen: 1117388800, grad norm: 0.7742
[iter 17060]loss: 3.0949, tokens/sec: 20522.17 ± 153.44, tokens seen: 1118044160, grad norm: 0.6878
[iter 17070]loss: 3.2667, tokens/sec: 20522.17 ± 153.40, tokens seen: 1118699520, grad norm: 0.7289
[iter 17080]loss: 3.1499, tokens/sec: 20522.17 ± 153.35, tokens seen: 1119354880, grad norm: 0.8130
[iter 17090]loss: 3.1641, tokens/sec: 20522.17 ± 153.31, tokens seen: 1120010240, grad norm: 0.7524
[iter 17100]loss: 3.1380, tokens/sec: 20522.17 ± 153.26, tokens seen: 1120665600, grad norm: 0.7719
[iter 17110]loss: 2.8713, tokens/sec: 20522.18 ± 153.22, tokens seen: 1121320960, grad norm: 0.8424
[iter 17120]loss: 3.3996, tokens/sec: 20522.18 ± 153.17, tokens seen: 1121976320, grad norm: 0.9069
[iter 17130]loss: 2.5605, tokens/sec: 20522.18 ± 153.13, tokens seen: 1122631680, grad norm: 0.7769
[iter 17140]loss: 3.2518, tokens/sec: 20522.18 ± 153.09, tokens seen: 1123287040, grad norm: 0.7720
[iter 17150]loss: 3.0729, tokens/sec: 20522.18 ± 153.04, tokens seen: 1123942400, grad norm: 0.7569
[iter 17160]loss: 3.2628, tokens/sec: 20522.18 ± 153.00, tokens seen: 1124597760, grad norm: 0.7387
[iter 17170]loss: 3.3648, tokens/sec: 20522.19 ± 152.95, tokens seen: 1125253120, grad norm: 0.7784
[iter 17180]loss: 3.2566, tokens/sec: 20522.19 ± 152.91, tokens seen: 1125908480, grad norm: 0.7549
[iter 17190]loss: 3.3239, tokens/sec: 20522.19 ± 152.86, tokens seen: 1126563840, grad norm: 0.7623
[iter 17200]loss: 3.0827, tokens/sec: 20522.19 ± 152.82, tokens seen: 1127219200, grad norm: 0.9019
[iter 17210]loss: 3.3292, tokens/sec: 20522.19 ± 152.77, tokens seen: 1127874560, grad norm: 0.7221
[iter 17220]loss: 3.1031, tokens/sec: 20522.19 ± 152.73, tokens seen: 1128529920, grad norm: 0.7671
[iter 17230]loss: 3.3203, tokens/sec: 20522.19 ± 152.69, tokens seen: 1129185280, grad norm: 0.8269
[iter 17240]loss: 3.1625, tokens/sec: 20522.20 ± 152.64, tokens seen: 1129840640, grad norm: 0.6813
[iter 17250]loss: 3.2878, tokens/sec: 20522.20 ± 152.60, tokens seen: 1130496000, grad norm: 0.7562
[iter 17260]loss: 3.0918, tokens/sec: 20522.20 ± 152.55, tokens seen: 1131151360, grad norm: 0.7348
[iter 17270]loss: 3.2755, tokens/sec: 20522.20 ± 152.51, tokens seen: 1131806720, grad norm: 0.7261
[iter 17280]loss: 3.4660, tokens/sec: 20522.20 ± 152.47, tokens seen: 1132462080, grad norm: 0.7652
[iter 17290]loss: 3.1310, tokens/sec: 20522.20 ± 152.42, tokens seen: 1133117440, grad norm: 0.8279
[iter 17300]loss: 3.3785, tokens/sec: 20522.20 ± 152.38, tokens seen: 1133772800, grad norm: 0.8065
[iter 17310]loss: 2.8629, tokens/sec: 20522.20 ± 152.33, tokens seen: 1134428160, grad norm: 0.7946
[iter 17320]loss: 3.4676, tokens/sec: 20522.20 ± 152.29, tokens seen: 1135083520, grad norm: 0.8200
[iter 17330]loss: 2.3327, tokens/sec: 20522.21 ± 152.25, tokens seen: 1135738880, grad norm: 0.8605
[iter 17340]loss: 3.0323, tokens/sec: 20522.21 ± 152.20, tokens seen: 1136394240, grad norm: 0.7669
[iter 17350]loss: 3.2784, tokens/sec: 20522.21 ± 152.16, tokens seen: 1137049600, grad norm: 0.7674
[iter 17360]loss: 3.1268, tokens/sec: 20522.21 ± 152.12, tokens seen: 1137704960, grad norm: 0.6857
[iter 17370]loss: 3.1736, tokens/sec: 20522.21 ± 152.07, tokens seen: 1138360320, grad norm: 0.6774
[iter 17380]loss: 3.0333, tokens/sec: 20522.22 ± 152.03, tokens seen: 1139015680, grad norm: 0.8002
[iter 17390]loss: 3.2680, tokens/sec: 20522.22 ± 151.98, tokens seen: 1139671040, grad norm: 0.6907
[iter 17400]loss: 3.3196, tokens/sec: 20522.22 ± 151.94, tokens seen: 1140326400, grad norm: 0.8888
[iter 17410]loss: 3.2269, tokens/sec: 20522.22 ± 151.90, tokens seen: 1140981760, grad norm: 0.7661
[iter 17420]loss: 3.3264, tokens/sec: 20522.22 ± 151.85, tokens seen: 1141637120, grad norm: 0.7523
[iter 17430]loss: 3.2624, tokens/sec: 20522.23 ± 151.81, tokens seen: 1142292480, grad norm: 0.7363
[iter 17440]loss: 3.0751, tokens/sec: 20522.23 ± 151.77, tokens seen: 1142947840, grad norm: 0.8297
[iter 17450]loss: 3.1576, tokens/sec: 20522.23 ± 151.72, tokens seen: 1143603200, grad norm: 0.6688
[iter 17460]loss: 3.1192, tokens/sec: 20522.23 ± 151.68, tokens seen: 1144258560, grad norm: 0.7505
[iter 17470]loss: 3.5166, tokens/sec: 20522.23 ± 151.64, tokens seen: 1144913920, grad norm: 0.7477
[iter 17480]loss: 3.3113, tokens/sec: 20522.23 ± 151.59, tokens seen: 1145569280, grad norm: 0.8692
[iter 17490]loss: 3.3967, tokens/sec: 20522.24 ± 151.55, tokens seen: 1146224640, grad norm: 0.8045
[step 17500]train loss: 3.1613, val loss: 3.1982, (avg train loss: 0.3981 ± 0.0258), (avg grad norm: 0.7564 ± 0.0620)
[iter 17500]loss: 3.3840, tokens/sec: 20522.24 ± 151.51, tokens seen: 1146880000, grad norm: 0.7631
[iter 17510]loss: 3.2821, tokens/sec: 20522.24 ± 151.47, tokens seen: 1147535360, grad norm: 0.7759
[iter 17520]loss: 3.3887, tokens/sec: 20522.23 ± 151.42, tokens seen: 1148190720, grad norm: 0.7517
[iter 17530]loss: 2.9077, tokens/sec: 20522.23 ± 151.38, tokens seen: 1148846080, grad norm: 0.7408
[iter 17540]loss: 2.9638, tokens/sec: 20522.24 ± 151.34, tokens seen: 1149501440, grad norm: 0.7383
[iter 17550]loss: 3.3163, tokens/sec: 20522.23 ± 151.29, tokens seen: 1150156800, grad norm: 0.7283
[iter 17560]loss: 3.2875, tokens/sec: 20522.23 ± 151.25, tokens seen: 1150812160, grad norm: 0.8038
[iter 17570]loss: 3.5947, tokens/sec: 20522.24 ± 151.21, tokens seen: 1151467520, grad norm: 0.8631
[iter 17580]loss: 3.4274, tokens/sec: 20522.24 ± 151.16, tokens seen: 1152122880, grad norm: 0.8764
[iter 17590]loss: 3.3269, tokens/sec: 20522.24 ± 151.12, tokens seen: 1152778240, grad norm: 0.8634
[iter 17600]loss: 3.3655, tokens/sec: 20522.24 ± 151.08, tokens seen: 1153433600, grad norm: 0.7779
[iter 17610]loss: 2.9995, tokens/sec: 20522.24 ± 151.04, tokens seen: 1154088960, grad norm: 0.8218
[iter 17620]loss: 3.3402, tokens/sec: 20522.24 ± 150.99, tokens seen: 1154744320, grad norm: 0.7332
[iter 17630]loss: 3.3870, tokens/sec: 20522.24 ± 150.95, tokens seen: 1155399680, grad norm: 0.8405
[iter 17640]loss: 3.4594, tokens/sec: 20522.24 ± 150.91, tokens seen: 1156055040, grad norm: 0.8134
[iter 17650]loss: 2.9595, tokens/sec: 20522.24 ± 150.87, tokens seen: 1156710400, grad norm: 0.7441
[iter 17660]loss: 3.1023, tokens/sec: 20522.24 ± 150.82, tokens seen: 1157365760, grad norm: 0.8774
[iter 17670]loss: 3.3391, tokens/sec: 20522.24 ± 150.78, tokens seen: 1158021120, grad norm: 0.7835
[iter 17680]loss: 3.2352, tokens/sec: 20522.24 ± 150.74, tokens seen: 1158676480, grad norm: 0.7423
[iter 17690]loss: 3.2464, tokens/sec: 20522.24 ± 150.70, tokens seen: 1159331840, grad norm: 0.7753
[iter 17700]loss: 3.3647, tokens/sec: 20522.24 ± 150.65, tokens seen: 1159987200, grad norm: 0.7254
[iter 17710]loss: 3.2356, tokens/sec: 20522.24 ± 150.61, tokens seen: 1160642560, grad norm: 0.8142
[iter 17720]loss: 3.3031, tokens/sec: 20522.25 ± 150.57, tokens seen: 1161297920, grad norm: 0.8026
[iter 17730]loss: 3.1034, tokens/sec: 20522.25 ± 150.53, tokens seen: 1161953280, grad norm: 0.7271
[iter 17740]loss: 3.2923, tokens/sec: 20522.25 ± 150.48, tokens seen: 1162608640, grad norm: 0.6846
[iter 17750]loss: 3.5807, tokens/sec: 20522.24 ± 150.44, tokens seen: 1163264000, grad norm: 0.8993
[iter 17760]loss: 3.2334, tokens/sec: 20522.25 ± 150.40, tokens seen: 1163919360, grad norm: 0.7628
[iter 17770]loss: 3.1838, tokens/sec: 20522.25 ± 150.36, tokens seen: 1164574720, grad norm: 0.7219
[iter 17780]loss: 3.3452, tokens/sec: 20522.25 ± 150.32, tokens seen: 1165230080, grad norm: 0.9707
[iter 17790]loss: 3.0532, tokens/sec: 20522.25 ± 150.27, tokens seen: 1165885440, grad norm: 0.7495
[iter 17800]loss: 3.0436, tokens/sec: 20522.26 ± 150.23, tokens seen: 1166540800, grad norm: 0.6809
[iter 17810]loss: 3.3929, tokens/sec: 20522.26 ± 150.19, tokens seen: 1167196160, grad norm: 0.8472
[iter 17820]loss: 3.1685, tokens/sec: 20522.26 ± 150.15, tokens seen: 1167851520, grad norm: 0.7056
[iter 17830]loss: 3.0613, tokens/sec: 20522.27 ± 150.11, tokens seen: 1168506880, grad norm: 0.7230
[iter 17840]loss: 3.2357, tokens/sec: 20522.27 ± 150.06, tokens seen: 1169162240, grad norm: 0.7360
[iter 17850]loss: 3.0263, tokens/sec: 20522.27 ± 150.02, tokens seen: 1169817600, grad norm: 0.8343
[iter 17860]loss: 3.3547, tokens/sec: 20522.27 ± 149.98, tokens seen: 1170472960, grad norm: 0.7311
[iter 17870]loss: 3.2122, tokens/sec: 20522.27 ± 149.94, tokens seen: 1171128320, grad norm: 0.7571
[iter 17880]loss: 3.0728, tokens/sec: 20522.27 ± 149.90, tokens seen: 1171783680, grad norm: 0.9294
[iter 17890]loss: 3.1887, tokens/sec: 20522.28 ± 149.85, tokens seen: 1172439040, grad norm: 0.7323
[iter 17900]loss: 3.2473, tokens/sec: 20522.28 ± 149.81, tokens seen: 1173094400, grad norm: 0.7258
[iter 17910]loss: 2.9916, tokens/sec: 20522.28 ± 149.77, tokens seen: 1173749760, grad norm: 0.7941
[iter 17920]loss: 3.2943, tokens/sec: 20522.28 ± 149.73, tokens seen: 1174405120, grad norm: 0.7319
[iter 17930]loss: 3.0435, tokens/sec: 20522.28 ± 149.69, tokens seen: 1175060480, grad norm: 0.7850
[iter 17940]loss: 2.8513, tokens/sec: 20522.28 ± 149.65, tokens seen: 1175715840, grad norm: 0.7715
[iter 17950]loss: 3.2819, tokens/sec: 20522.29 ± 149.60, tokens seen: 1176371200, grad norm: 0.8265
[iter 17960]loss: 3.0705, tokens/sec: 20522.29 ± 149.56, tokens seen: 1177026560, grad norm: 0.7668
[iter 17970]loss: 3.1104, tokens/sec: 20522.29 ± 149.52, tokens seen: 1177681920, grad norm: 0.7004
[iter 17980]loss: 3.2202, tokens/sec: 20522.29 ± 149.48, tokens seen: 1178337280, grad norm: 0.7732
[iter 17990]loss: 3.4554, tokens/sec: 20522.29 ± 149.44, tokens seen: 1178992640, grad norm: 0.9408
[step 18000]train loss: 3.1674, val loss: 3.1850, (avg train loss: 0.4025 ± 0.0241), (avg grad norm: 0.7902 ± 0.0808)
[iter 18000]loss: 3.3084, tokens/sec: 20522.30 ± 149.40, tokens seen: 1179648000, grad norm: 0.7511
[iter 18010]loss: 3.3284, tokens/sec: 20522.30 ± 149.36, tokens seen: 1180303360, grad norm: 0.7976
[iter 18020]loss: 3.4400, tokens/sec: 20522.30 ± 149.32, tokens seen: 1180958720, grad norm: 0.6842
[iter 18030]loss: 2.7985, tokens/sec: 20522.30 ± 149.27, tokens seen: 1181614080, grad norm: 0.9159
[iter 18040]loss: 2.9676, tokens/sec: 20522.30 ± 149.23, tokens seen: 1182269440, grad norm: 0.8230
[iter 18050]loss: 3.3118, tokens/sec: 20522.30 ± 149.19, tokens seen: 1182924800, grad norm: 0.7803
[iter 18060]loss: 3.1098, tokens/sec: 20522.30 ± 149.15, tokens seen: 1183580160, grad norm: 0.7271
[iter 18070]loss: 3.2867, tokens/sec: 20522.30 ± 149.11, tokens seen: 1184235520, grad norm: 0.9419
[iter 18080]loss: 3.1988, tokens/sec: 20522.30 ± 149.07, tokens seen: 1184890880, grad norm: 0.7635
[iter 18090]loss: 2.8758, tokens/sec: 20522.31 ± 149.03, tokens seen: 1185546240, grad norm: 0.6700
[iter 18100]loss: 3.2886, tokens/sec: 20522.31 ± 148.99, tokens seen: 1186201600, grad norm: 0.8532
[iter 18110]loss: 3.0895, tokens/sec: 20522.31 ± 148.94, tokens seen: 1186856960, grad norm: 0.7750
[iter 18120]loss: 2.9288, tokens/sec: 20522.31 ± 148.90, tokens seen: 1187512320, grad norm: 0.7034
[iter 18130]loss: 3.3919, tokens/sec: 20522.31 ± 148.86, tokens seen: 1188167680, grad norm: 0.8113
[iter 18140]loss: 3.8862, tokens/sec: 20522.31 ± 148.82, tokens seen: 1188823040, grad norm: 0.9998
[iter 18150]loss: 2.9208, tokens/sec: 20522.31 ± 148.78, tokens seen: 1189478400, grad norm: 0.7452
[iter 18160]loss: 3.3991, tokens/sec: 20522.32 ± 148.74, tokens seen: 1190133760, grad norm: 0.7018
[iter 18170]loss: 3.0600, tokens/sec: 20522.32 ± 148.70, tokens seen: 1190789120, grad norm: 0.7035
[iter 18180]loss: 2.4406, tokens/sec: 20522.32 ± 148.66, tokens seen: 1191444480, grad norm: 0.7220
[iter 18190]loss: 3.2319, tokens/sec: 20522.32 ± 148.62, tokens seen: 1192099840, grad norm: 0.7230
[iter 18200]loss: 2.2929, tokens/sec: 20522.32 ± 148.58, tokens seen: 1192755200, grad norm: 0.7042
[iter 18210]loss: 3.2008, tokens/sec: 20522.32 ± 148.54, tokens seen: 1193410560, grad norm: 0.7178
[iter 18220]loss: 3.5364, tokens/sec: 20522.32 ± 148.50, tokens seen: 1194065920, grad norm: 0.7478
[iter 18230]loss: 3.0718, tokens/sec: 20522.32 ± 148.46, tokens seen: 1194721280, grad norm: 0.8512
[iter 18240]loss: 2.9040, tokens/sec: 20522.32 ± 148.42, tokens seen: 1195376640, grad norm: 0.7498
[iter 18250]loss: 3.1408, tokens/sec: 20522.32 ± 148.37, tokens seen: 1196032000, grad norm: 0.7617
[iter 18260]loss: 3.1193, tokens/sec: 20522.32 ± 148.33, tokens seen: 1196687360, grad norm: 0.8556
[iter 18270]loss: 2.9608, tokens/sec: 20522.32 ± 148.29, tokens seen: 1197342720, grad norm: 0.7423
[iter 18280]loss: 3.3790, tokens/sec: 20522.32 ± 148.25, tokens seen: 1197998080, grad norm: 0.8319
[iter 18290]loss: 2.8074, tokens/sec: 20522.33 ± 148.21, tokens seen: 1198653440, grad norm: 0.7784
[iter 18300]loss: 3.0956, tokens/sec: 20522.33 ± 148.17, tokens seen: 1199308800, grad norm: 0.7704
[iter 18310]loss: 3.3000, tokens/sec: 20522.33 ± 148.13, tokens seen: 1199964160, grad norm: 0.7287
[iter 18320]loss: 3.3750, tokens/sec: 20522.33 ± 148.09, tokens seen: 1200619520, grad norm: 0.9149
[iter 18330]loss: 3.5136, tokens/sec: 20522.33 ± 148.05, tokens seen: 1201274880, grad norm: 0.7567
[iter 18340]loss: 3.1757, tokens/sec: 20522.33 ± 148.01, tokens seen: 1201930240, grad norm: 0.8980
[iter 18350]loss: 3.2258, tokens/sec: 20522.33 ± 147.97, tokens seen: 1202585600, grad norm: 0.7267
[iter 18360]loss: 2.9272, tokens/sec: 20522.33 ± 147.93, tokens seen: 1203240960, grad norm: 0.8434
[iter 18370]loss: 3.2388, tokens/sec: 20522.33 ± 147.89, tokens seen: 1203896320, grad norm: 0.8315
[iter 18380]loss: 3.1648, tokens/sec: 20522.33 ± 147.85, tokens seen: 1204551680, grad norm: 0.7760
[iter 18390]loss: 3.2011, tokens/sec: 20522.34 ± 147.81, tokens seen: 1205207040, grad norm: 0.8067
[iter 18400]loss: 3.3491, tokens/sec: 20522.34 ± 147.77, tokens seen: 1205862400, grad norm: 0.7850
[iter 18410]loss: 2.9930, tokens/sec: 20522.34 ± 147.73, tokens seen: 1206517760, grad norm: 0.8223
[iter 18420]loss: 3.0409, tokens/sec: 20522.34 ± 147.69, tokens seen: 1207173120, grad norm: 0.7429
[iter 18430]loss: 2.9745, tokens/sec: 20522.34 ± 147.65, tokens seen: 1207828480, grad norm: 0.7371
[iter 18440]loss: 3.0525, tokens/sec: 20522.34 ± 147.61, tokens seen: 1208483840, grad norm: 0.7548
[iter 18450]loss: 2.9853, tokens/sec: 20522.34 ± 147.57, tokens seen: 1209139200, grad norm: 0.7420
[iter 18460]loss: 3.1932, tokens/sec: 20522.34 ± 147.53, tokens seen: 1209794560, grad norm: 0.8483
[iter 18470]loss: 3.0274, tokens/sec: 20522.35 ± 147.49, tokens seen: 1210449920, grad norm: 0.8223
[iter 18480]loss: 3.2679, tokens/sec: 20522.35 ± 147.45, tokens seen: 1211105280, grad norm: 0.7109
[iter 18490]loss: 2.8835, tokens/sec: 20522.35 ± 147.41, tokens seen: 1211760640, grad norm: 0.8011
[step 18500]train loss: 3.1395, val loss: 3.1736, (avg train loss: 0.3941 ± 0.0241), (avg grad norm: 0.7929 ± 0.0886)
saving checkpoint to ./out-owt-xl-mhc-bs4-30000step
[iter 18500]loss: 3.2655, tokens/sec: 20522.35 ± 147.37, tokens seen: 1212416000, grad norm: 0.7685
[iter 18510]loss: 2.9109, tokens/sec: 20522.36 ± 147.33, tokens seen: 1213071360, grad norm: 0.7952
[iter 18520]loss: 3.4124, tokens/sec: 20522.35 ± 147.29, tokens seen: 1213726720, grad norm: 0.8776
[iter 18530]loss: 3.0278, tokens/sec: 20522.35 ± 147.25, tokens seen: 1214382080, grad norm: 0.7622
[iter 18540]loss: 3.2463, tokens/sec: 20522.35 ± 147.22, tokens seen: 1215037440, grad norm: 0.7454
[iter 18550]loss: 3.0545, tokens/sec: 20522.35 ± 147.18, tokens seen: 1215692800, grad norm: 0.8321
[iter 18560]loss: 3.2760, tokens/sec: 20522.35 ± 147.14, tokens seen: 1216348160, grad norm: 0.8059
[iter 18570]loss: 3.1074, tokens/sec: 20522.36 ± 147.10, tokens seen: 1217003520, grad norm: 0.8889
[iter 18580]loss: 3.0091, tokens/sec: 20522.35 ± 147.06, tokens seen: 1217658880, grad norm: 0.7586
[iter 18590]loss: 3.1472, tokens/sec: 20522.35 ± 147.02, tokens seen: 1218314240, grad norm: 0.7764
[iter 18600]loss: 2.9688, tokens/sec: 20522.36 ± 146.98, tokens seen: 1218969600, grad norm: 0.8039
[iter 18610]loss: 3.1602, tokens/sec: 20522.36 ± 146.94, tokens seen: 1219624960, grad norm: 0.9070
[iter 18620]loss: 3.0983, tokens/sec: 20522.36 ± 146.90, tokens seen: 1220280320, grad norm: 0.7104
[iter 18630]loss: 2.9607, tokens/sec: 20522.36 ± 146.86, tokens seen: 1220935680, grad norm: 0.8097
[iter 18640]loss: 3.3603, tokens/sec: 20522.36 ± 146.82, tokens seen: 1221591040, grad norm: 0.8182
[iter 18650]loss: 2.8666, tokens/sec: 20522.36 ± 146.78, tokens seen: 1222246400, grad norm: 0.7650
[iter 18660]loss: 3.3109, tokens/sec: 20522.36 ± 146.74, tokens seen: 1222901760, grad norm: 0.8016
[iter 18670]loss: 3.2930, tokens/sec: 20522.37 ± 146.70, tokens seen: 1223557120, grad norm: 0.8793
[iter 18680]loss: 3.1673, tokens/sec: 20522.37 ± 146.66, tokens seen: 1224212480, grad norm: 0.7475
[iter 18690]loss: 3.1602, tokens/sec: 20522.37 ± 146.63, tokens seen: 1224867840, grad norm: 1.0133
[iter 18700]loss: 3.2010, tokens/sec: 20522.37 ± 146.59, tokens seen: 1225523200, grad norm: 0.7389
[iter 18710]loss: 3.2514, tokens/sec: 20522.37 ± 146.55, tokens seen: 1226178560, grad norm: 0.9390
[iter 18720]loss: 3.0743, tokens/sec: 20522.38 ± 146.51, tokens seen: 1226833920, grad norm: 0.8155
[iter 18730]loss: 2.9998, tokens/sec: 20522.38 ± 146.47, tokens seen: 1227489280, grad norm: 0.7249
[iter 18740]loss: 3.1299, tokens/sec: 20522.38 ± 146.43, tokens seen: 1228144640, grad norm: 0.7369
[iter 18750]loss: 3.1917, tokens/sec: 20522.38 ± 146.39, tokens seen: 1228800000, grad norm: 0.7341
[iter 18760]loss: 3.2644, tokens/sec: 20522.38 ± 146.35, tokens seen: 1229455360, grad norm: 0.8055
[iter 18770]loss: 3.1207, tokens/sec: 20522.38 ± 146.31, tokens seen: 1230110720, grad norm: 0.7481
[iter 18780]loss: 3.3003, tokens/sec: 20522.38 ± 146.27, tokens seen: 1230766080, grad norm: 0.6780
[iter 18790]loss: 3.0531, tokens/sec: 20522.38 ± 146.24, tokens seen: 1231421440, grad norm: 0.8298
[iter 18800]loss: 3.0946, tokens/sec: 20522.39 ± 146.20, tokens seen: 1232076800, grad norm: 0.7075
[iter 18810]loss: 3.3461, tokens/sec: 20522.38 ± 146.16, tokens seen: 1232732160, grad norm: 0.8504
[iter 18820]loss: 3.1141, tokens/sec: 20522.38 ± 146.12, tokens seen: 1233387520, grad norm: 0.8859
[iter 18830]loss: 3.1763, tokens/sec: 20522.39 ± 146.08, tokens seen: 1234042880, grad norm: 0.8215
[iter 18840]loss: 3.3432, tokens/sec: 20522.39 ± 146.04, tokens seen: 1234698240, grad norm: 0.9877
[iter 18850]loss: 3.0545, tokens/sec: 20522.39 ± 146.00, tokens seen: 1235353600, grad norm: 1.2067
[iter 18860]loss: 2.8636, tokens/sec: 20522.39 ± 145.97, tokens seen: 1236008960, grad norm: 0.8209
[iter 18870]loss: 3.1632, tokens/sec: 20522.39 ± 145.93, tokens seen: 1236664320, grad norm: 0.8135
[iter 18880]loss: 2.7979, tokens/sec: 20522.39 ± 145.89, tokens seen: 1237319680, grad norm: 0.7732
[iter 18890]loss: 3.2522, tokens/sec: 20522.39 ± 145.85, tokens seen: 1237975040, grad norm: 0.7178
[iter 18900]loss: 3.2488, tokens/sec: 20522.39 ± 145.81, tokens seen: 1238630400, grad norm: 0.6954
[iter 18910]loss: 3.3464, tokens/sec: 20522.39 ± 145.77, tokens seen: 1239285760, grad norm: 0.7622
[iter 18920]loss: 3.1005, tokens/sec: 20522.39 ± 145.73, tokens seen: 1239941120, grad norm: 0.7268
[iter 18930]loss: 3.1298, tokens/sec: 20522.39 ± 145.70, tokens seen: 1240596480, grad norm: 0.7128
[iter 18940]loss: 3.1455, tokens/sec: 20522.39 ± 145.66, tokens seen: 1241251840, grad norm: 0.7574
[iter 18950]loss: 3.3497, tokens/sec: 20522.39 ± 145.62, tokens seen: 1241907200, grad norm: 0.7329
[iter 18960]loss: 3.3972, tokens/sec: 20522.39 ± 145.58, tokens seen: 1242562560, grad norm: 0.7289
[iter 18970]loss: 3.4021, tokens/sec: 20522.40 ± 145.54, tokens seen: 1243217920, grad norm: 0.7800
[iter 18980]loss: 2.8671, tokens/sec: 20522.40 ± 145.51, tokens seen: 1243873280, grad norm: 0.8416
[iter 18990]loss: 3.2400, tokens/sec: 20522.40 ± 145.47, tokens seen: 1244528640, grad norm: 0.7663
[step 19000]train loss: 3.1628, val loss: 3.1831, (avg train loss: 0.3936 ± 0.0221), (avg grad norm: 0.8097 ± 0.0736)
[iter 19000]loss: 2.8834, tokens/sec: 20522.40 ± 145.43, tokens seen: 1245184000, grad norm: 0.8245
[iter 19010]loss: 3.4215, tokens/sec: 20522.40 ± 145.39, tokens seen: 1245839360, grad norm: 0.7818
[iter 19020]loss: 3.4782, tokens/sec: 20522.40 ± 145.35, tokens seen: 1246494720, grad norm: 0.8224
[iter 19030]loss: 3.1447, tokens/sec: 20522.40 ± 145.31, tokens seen: 1247150080, grad norm: 0.9174
[iter 19040]loss: 3.0877, tokens/sec: 20522.40 ± 145.28, tokens seen: 1247805440, grad norm: 0.8597
[iter 19050]loss: 3.4598, tokens/sec: 20522.40 ± 145.24, tokens seen: 1248460800, grad norm: 0.7666
[iter 19060]loss: 2.9477, tokens/sec: 20522.40 ± 145.20, tokens seen: 1249116160, grad norm: 0.7787
[iter 19070]loss: 3.2201, tokens/sec: 20522.40 ± 145.16, tokens seen: 1249771520, grad norm: 0.7477
[iter 19080]loss: 2.8956, tokens/sec: 20522.40 ± 145.12, tokens seen: 1250426880, grad norm: 0.8483
[iter 19090]loss: 3.0662, tokens/sec: 20522.41 ± 145.09, tokens seen: 1251082240, grad norm: 0.8245
[iter 19100]loss: 3.3539, tokens/sec: 20522.41 ± 145.05, tokens seen: 1251737600, grad norm: 0.9395
[iter 19110]loss: 3.2969, tokens/sec: 20522.41 ± 145.01, tokens seen: 1252392960, grad norm: 0.7816
[iter 19120]loss: 3.0409, tokens/sec: 20522.41 ± 144.97, tokens seen: 1253048320, grad norm: 0.8070
[iter 19130]loss: 2.9843, tokens/sec: 20522.41 ± 144.94, tokens seen: 1253703680, grad norm: 1.3210
[iter 19140]loss: 3.1909, tokens/sec: 20522.41 ± 144.90, tokens seen: 1254359040, grad norm: 0.8539
[iter 19150]loss: 3.0881, tokens/sec: 20522.42 ± 144.86, tokens seen: 1255014400, grad norm: 0.7994
[iter 19160]loss: 3.1327, tokens/sec: 20522.42 ± 144.82, tokens seen: 1255669760, grad norm: 0.8304
[iter 19170]loss: 3.2002, tokens/sec: 20522.42 ± 144.79, tokens seen: 1256325120, grad norm: 0.8051
[iter 19180]loss: 2.9605, tokens/sec: 20522.42 ± 144.75, tokens seen: 1256980480, grad norm: 1.3043
[iter 19190]loss: 3.1405, tokens/sec: 20522.42 ± 144.71, tokens seen: 1257635840, grad norm: 0.8625
[iter 19200]loss: 2.9927, tokens/sec: 20522.42 ± 144.67, tokens seen: 1258291200, grad norm: 0.8291
[iter 19210]loss: 3.0366, tokens/sec: 20522.42 ± 144.64, tokens seen: 1258946560, grad norm: 0.8221
[iter 19220]loss: 3.2695, tokens/sec: 20522.43 ± 144.60, tokens seen: 1259601920, grad norm: 0.7448
[iter 19230]loss: 3.3286, tokens/sec: 20522.43 ± 144.56, tokens seen: 1260257280, grad norm: 0.7509
[iter 19240]loss: 3.4293, tokens/sec: 20522.43 ± 144.52, tokens seen: 1260912640, grad norm: 0.8635
[iter 19250]loss: 3.0302, tokens/sec: 20522.43 ± 144.49, tokens seen: 1261568000, grad norm: 0.7531
[iter 19260]loss: 3.2204, tokens/sec: 20522.44 ± 144.45, tokens seen: 1262223360, grad norm: 0.8828
[iter 19270]loss: 3.3572, tokens/sec: 20522.44 ± 144.41, tokens seen: 1262878720, grad norm: 0.7702
[iter 19280]loss: 2.9961, tokens/sec: 20522.44 ± 144.37, tokens seen: 1263534080, grad norm: 0.7436
[iter 19290]loss: 2.8987, tokens/sec: 20522.44 ± 144.34, tokens seen: 1264189440, grad norm: 0.7734
[iter 19300]loss: 2.9784, tokens/sec: 20522.44 ± 144.30, tokens seen: 1264844800, grad norm: 0.7619
[iter 19310]loss: 3.4655, tokens/sec: 20522.44 ± 144.26, tokens seen: 1265500160, grad norm: 0.7881
[iter 19320]loss: 3.0880, tokens/sec: 20522.44 ± 144.22, tokens seen: 1266155520, grad norm: 0.7607
[iter 19330]loss: 3.0173, tokens/sec: 20522.44 ± 144.19, tokens seen: 1266810880, grad norm: 0.8252
[iter 19340]loss: 3.1744, tokens/sec: 20522.44 ± 144.15, tokens seen: 1267466240, grad norm: 0.7909
[iter 19350]loss: 3.2852, tokens/sec: 20522.44 ± 144.11, tokens seen: 1268121600, grad norm: 0.9219
[iter 19360]loss: 2.9722, tokens/sec: 20522.44 ± 144.08, tokens seen: 1268776960, grad norm: 0.8815
[iter 19370]loss: 3.1285, tokens/sec: 20522.44 ± 144.04, tokens seen: 1269432320, grad norm: 0.8612
[iter 19380]loss: 3.2932, tokens/sec: 20522.44 ± 144.00, tokens seen: 1270087680, grad norm: 0.7867
[iter 19390]loss: 3.3438, tokens/sec: 20522.45 ± 143.97, tokens seen: 1270743040, grad norm: 0.8446
[iter 19400]loss: 3.4145, tokens/sec: 20522.45 ± 143.93, tokens seen: 1271398400, grad norm: 0.8320
[iter 19410]loss: 3.2990, tokens/sec: 20522.45 ± 143.89, tokens seen: 1272053760, grad norm: 0.9147
[iter 19420]loss: 3.2541, tokens/sec: 20522.45 ± 143.85, tokens seen: 1272709120, grad norm: 0.9720
[iter 19430]loss: 3.0305, tokens/sec: 20522.45 ± 143.82, tokens seen: 1273364480, grad norm: 0.7195
[iter 19440]loss: 3.1173, tokens/sec: 20522.45 ± 143.78, tokens seen: 1274019840, grad norm: 0.7731
[iter 19450]loss: 3.1535, tokens/sec: 20522.45 ± 143.74, tokens seen: 1274675200, grad norm: 0.7828
[iter 19460]loss: 3.2503, tokens/sec: 20522.45 ± 143.71, tokens seen: 1275330560, grad norm: 0.7627
[iter 19470]loss: 3.2346, tokens/sec: 20522.45 ± 143.67, tokens seen: 1275985920, grad norm: 0.7918
[iter 19480]loss: 3.1659, tokens/sec: 20522.45 ± 143.63, tokens seen: 1276641280, grad norm: 0.7585
[iter 19490]loss: 3.2268, tokens/sec: 20522.45 ± 143.60, tokens seen: 1277296640, grad norm: 0.7955
[step 19500]train loss: 3.1442, val loss: 3.1691, (avg train loss: 0.3920 ± 0.0236), (avg grad norm: 0.8192 ± 0.0704)
saving checkpoint to ./out-owt-xl-mhc-bs4-30000step
[iter 19500]loss: 3.1727, tokens/sec: 20522.45 ± 143.56, tokens seen: 1277952000, grad norm: 1.4773
[iter 19510]loss: 2.8931, tokens/sec: 20522.45 ± 143.52, tokens seen: 1278607360, grad norm: 0.8033
[iter 19520]loss: 3.2133, tokens/sec: 20522.44 ± 143.49, tokens seen: 1279262720, grad norm: 0.8535
[iter 19530]loss: 3.0739, tokens/sec: 20522.44 ± 143.45, tokens seen: 1279918080, grad norm: 0.7615
[iter 19540]loss: 3.1369, tokens/sec: 20522.44 ± 143.42, tokens seen: 1280573440, grad norm: 0.8193
[iter 19550]loss: 3.2879, tokens/sec: 20522.44 ± 143.38, tokens seen: 1281228800, grad norm: 1.0115
[iter 19560]loss: 2.9365, tokens/sec: 20522.44 ± 143.34, tokens seen: 1281884160, grad norm: 0.7959
[iter 19570]loss: 3.0887, tokens/sec: 20522.44 ± 143.31, tokens seen: 1282539520, grad norm: 0.7945
[iter 19580]loss: 3.2489, tokens/sec: 20522.45 ± 143.27, tokens seen: 1283194880, grad norm: 0.8005
[iter 19590]loss: 2.7130, tokens/sec: 20522.45 ± 143.23, tokens seen: 1283850240, grad norm: 0.7832
[iter 19600]loss: 3.0458, tokens/sec: 20522.45 ± 143.20, tokens seen: 1284505600, grad norm: 0.8557
[iter 19610]loss: 3.0279, tokens/sec: 20522.45 ± 143.16, tokens seen: 1285160960, grad norm: 0.8377
[iter 19620]loss: 3.2638, tokens/sec: 20522.45 ± 143.12, tokens seen: 1285816320, grad norm: 0.8462
[iter 19630]loss: 3.2369, tokens/sec: 20522.45 ± 143.09, tokens seen: 1286471680, grad norm: 0.7944
[iter 19640]loss: 3.7792, tokens/sec: 20522.45 ± 143.05, tokens seen: 1287127040, grad norm: 0.9451
[iter 19650]loss: 3.0975, tokens/sec: 20522.45 ± 143.01, tokens seen: 1287782400, grad norm: 0.8184
[iter 19660]loss: 3.0277, tokens/sec: 20522.45 ± 142.98, tokens seen: 1288437760, grad norm: 0.7301
[iter 19670]loss: 3.1180, tokens/sec: 20522.45 ± 142.94, tokens seen: 1289093120, grad norm: 0.7568
[iter 19680]loss: 2.9755, tokens/sec: 20522.45 ± 142.91, tokens seen: 1289748480, grad norm: 0.7926
[iter 19690]loss: 3.0110, tokens/sec: 20522.45 ± 142.87, tokens seen: 1290403840, grad norm: 0.9104
[iter 19700]loss: 2.9277, tokens/sec: 20522.45 ± 142.83, tokens seen: 1291059200, grad norm: 0.8238
[iter 19710]loss: 3.1880, tokens/sec: 20522.46 ± 142.80, tokens seen: 1291714560, grad norm: 1.0090
[iter 19720]loss: 3.4228, tokens/sec: 20522.46 ± 142.76, tokens seen: 1292369920, grad norm: 0.8549
[iter 19730]loss: 2.9572, tokens/sec: 20522.46 ± 142.73, tokens seen: 1293025280, grad norm: 0.9092
[iter 19740]loss: 3.3497, tokens/sec: 20522.46 ± 142.69, tokens seen: 1293680640, grad norm: 0.8596
[iter 19750]loss: 3.4142, tokens/sec: 20522.46 ± 142.65, tokens seen: 1294336000, grad norm: 1.2292
[iter 19760]loss: 3.5050, tokens/sec: 20522.46 ± 142.62, tokens seen: 1294991360, grad norm: 0.8229
[iter 19770]loss: 3.3487, tokens/sec: 20522.46 ± 142.58, tokens seen: 1295646720, grad norm: 0.7644
[iter 19780]loss: 2.9605, tokens/sec: 20522.46 ± 142.55, tokens seen: 1296302080, grad norm: 0.7629
[iter 19790]loss: 3.0351, tokens/sec: 20522.46 ± 142.51, tokens seen: 1296957440, grad norm: 0.7741
[iter 19800]loss: 3.1647, tokens/sec: 20522.46 ± 142.47, tokens seen: 1297612800, grad norm: 0.7560
[iter 19810]loss: 3.1659, tokens/sec: 20522.46 ± 142.44, tokens seen: 1298268160, grad norm: 0.9319
[iter 19820]loss: 3.3312, tokens/sec: 20522.46 ± 142.40, tokens seen: 1298923520, grad norm: 0.7503
[iter 19830]loss: 3.3061, tokens/sec: 20522.46 ± 142.37, tokens seen: 1299578880, grad norm: 1.2731
[iter 19840]loss: 3.0706, tokens/sec: 20522.46 ± 142.33, tokens seen: 1300234240, grad norm: 0.8997
[iter 19850]loss: 3.1910, tokens/sec: 20522.46 ± 142.29, tokens seen: 1300889600, grad norm: 0.7614
[iter 19860]loss: 3.1607, tokens/sec: 20522.46 ± 142.26, tokens seen: 1301544960, grad norm: 0.7826
[iter 19870]loss: 3.2912, tokens/sec: 20522.46 ± 142.22, tokens seen: 1302200320, grad norm: 0.7680
[iter 19880]loss: 3.0084, tokens/sec: 20522.47 ± 142.19, tokens seen: 1302855680, grad norm: 0.8092
[iter 19890]loss: 2.9723, tokens/sec: 20522.46 ± 142.15, tokens seen: 1303511040, grad norm: 0.7933
[iter 19900]loss: 3.0190, tokens/sec: 20522.46 ± 142.12, tokens seen: 1304166400, grad norm: 0.9342
[iter 19910]loss: 3.1433, tokens/sec: 20522.46 ± 142.08, tokens seen: 1304821760, grad norm: 0.8357
[iter 19920]loss: 3.0594, tokens/sec: 20522.46 ± 142.05, tokens seen: 1305477120, grad norm: 0.8092
[iter 19930]loss: 2.9530, tokens/sec: 20522.46 ± 142.01, tokens seen: 1306132480, grad norm: 0.8609
[iter 19940]loss: 2.7890, tokens/sec: 20522.46 ± 141.97, tokens seen: 1306787840, grad norm: 0.7910
[iter 19950]loss: 3.2775, tokens/sec: 20522.46 ± 141.94, tokens seen: 1307443200, grad norm: 0.8076
[iter 19960]loss: 2.7414, tokens/sec: 20522.47 ± 141.90, tokens seen: 1308098560, grad norm: 0.7755
[iter 19970]loss: 2.9980, tokens/sec: 20522.46 ± 141.87, tokens seen: 1308753920, grad norm: 0.8663
[iter 19980]loss: 3.1191, tokens/sec: 20522.47 ± 141.83, tokens seen: 1309409280, grad norm: 0.7516
[iter 19990]loss: 3.1791, tokens/sec: 20522.47 ± 141.80, tokens seen: 1310064640, grad norm: 0.7659
[step 20000]train loss: 3.1329, val loss: 3.1612, (avg train loss: 0.3908 ± 0.0220), (avg grad norm: 0.8280 ± 0.0751)
saving checkpoint to ./out-owt-xl-mhc-bs4-30000step
[iter 20000]loss: 3.1991, tokens/sec: 20522.47 ± 141.76, tokens seen: 1310720000, grad norm: 0.8166
[iter 20010]loss: 3.2529, tokens/sec: 20522.47 ± 141.73, tokens seen: 1311375360, grad norm: 0.7933
[iter 20020]loss: 3.1170, tokens/sec: 20522.47 ± 141.69, tokens seen: 1312030720, grad norm: 0.7927
[iter 20030]loss: 3.0539, tokens/sec: 20522.47 ± 141.66, tokens seen: 1312686080, grad norm: 0.8041
[iter 20040]loss: 3.3326, tokens/sec: 20522.47 ± 141.62, tokens seen: 1313341440, grad norm: 0.9229
[iter 20050]loss: 3.1904, tokens/sec: 20522.47 ± 141.59, tokens seen: 1313996800, grad norm: 0.9277
[iter 20060]loss: 3.1951, tokens/sec: 20522.47 ± 141.55, tokens seen: 1314652160, grad norm: 0.8113
[iter 20070]loss: 3.0374, tokens/sec: 20522.47 ± 141.52, tokens seen: 1315307520, grad norm: 1.1676
[iter 20080]loss: 3.2754, tokens/sec: 20522.47 ± 141.48, tokens seen: 1315962880, grad norm: 0.8245
[iter 20090]loss: 2.9398, tokens/sec: 20522.47 ± 141.45, tokens seen: 1316618240, grad norm: 0.8023
[iter 20100]loss: 3.4720, tokens/sec: 20522.47 ± 141.41, tokens seen: 1317273600, grad norm: 0.7791
[iter 20110]loss: 3.6709, tokens/sec: 20522.47 ± 141.38, tokens seen: 1317928960, grad norm: 0.7542
[iter 20120]loss: 3.2842, tokens/sec: 20522.47 ± 141.34, tokens seen: 1318584320, grad norm: 0.8881
[iter 20130]loss: 3.0205, tokens/sec: 20522.48 ± 141.31, tokens seen: 1319239680, grad norm: 0.8142
[iter 20140]loss: 3.2362, tokens/sec: 20522.48 ± 141.27, tokens seen: 1319895040, grad norm: 0.8433
[iter 20150]loss: 3.1361, tokens/sec: 20522.48 ± 141.24, tokens seen: 1320550400, grad norm: 0.8000
[iter 20160]loss: 3.3601, tokens/sec: 20522.48 ± 141.20, tokens seen: 1321205760, grad norm: 0.8116
[iter 20170]loss: 3.3230, tokens/sec: 20522.48 ± 141.17, tokens seen: 1321861120, grad norm: 0.7930
[iter 20180]loss: 2.9557, tokens/sec: 20522.48 ± 141.13, tokens seen: 1322516480, grad norm: 0.7787
[iter 20190]loss: 3.1563, tokens/sec: 20522.48 ± 141.10, tokens seen: 1323171840, grad norm: 0.9267
[iter 20200]loss: 2.9888, tokens/sec: 20522.48 ± 141.06, tokens seen: 1323827200, grad norm: 0.9192
[iter 20210]loss: 3.3146, tokens/sec: 20522.48 ± 141.03, tokens seen: 1324482560, grad norm: 0.8384
[iter 20220]loss: 3.3189, tokens/sec: 20522.48 ± 140.99, tokens seen: 1325137920, grad norm: 0.8989
[iter 20230]loss: 3.0196, tokens/sec: 20522.48 ± 140.96, tokens seen: 1325793280, grad norm: 0.7793
[iter 20240]loss: 3.0024, tokens/sec: 20522.48 ± 140.92, tokens seen: 1326448640, grad norm: 0.8534
[iter 20250]loss: 3.2524, tokens/sec: 20522.48 ± 140.89, tokens seen: 1327104000, grad norm: 0.7570
[iter 20260]loss: 2.7737, tokens/sec: 20522.48 ± 140.85, tokens seen: 1327759360, grad norm: 0.8220
[iter 20270]loss: 3.0158, tokens/sec: 20522.48 ± 140.82, tokens seen: 1328414720, grad norm: 0.7838
[iter 20280]loss: 3.0576, tokens/sec: 20522.48 ± 140.79, tokens seen: 1329070080, grad norm: 0.7008
[iter 20290]loss: 3.0740, tokens/sec: 20522.48 ± 140.75, tokens seen: 1329725440, grad norm: 0.8586
[iter 20300]loss: 3.2675, tokens/sec: 20522.48 ± 140.72, tokens seen: 1330380800, grad norm: 0.7664
[iter 20310]loss: 3.1362, tokens/sec: 20522.48 ± 140.68, tokens seen: 1331036160, grad norm: 0.9017
[iter 20320]loss: 3.2550, tokens/sec: 20522.48 ± 140.65, tokens seen: 1331691520, grad norm: 0.8247
[iter 20330]loss: 3.2955, tokens/sec: 20522.48 ± 140.61, tokens seen: 1332346880, grad norm: 0.8409
[iter 20340]loss: 3.0974, tokens/sec: 20522.48 ± 140.58, tokens seen: 1333002240, grad norm: 0.8448
[iter 20350]loss: 3.0976, tokens/sec: 20522.48 ± 140.54, tokens seen: 1333657600, grad norm: 0.8547
[iter 20360]loss: 3.4007, tokens/sec: 20522.48 ± 140.51, tokens seen: 1334312960, grad norm: 0.8619
[iter 20370]loss: 3.3171, tokens/sec: 20522.48 ± 140.48, tokens seen: 1334968320, grad norm: 0.8005
[iter 20380]loss: 3.1390, tokens/sec: 20522.48 ± 140.44, tokens seen: 1335623680, grad norm: 0.7885
[iter 20390]loss: 3.2730, tokens/sec: 20522.48 ± 140.41, tokens seen: 1336279040, grad norm: 0.7837
[iter 20400]loss: 2.6845, tokens/sec: 20522.48 ± 140.37, tokens seen: 1336934400, grad norm: 0.8721
[iter 20410]loss: 3.0568, tokens/sec: 20522.48 ± 140.34, tokens seen: 1337589760, grad norm: 0.7741
[iter 20420]loss: 3.1260, tokens/sec: 20522.48 ± 140.30, tokens seen: 1338245120, grad norm: 0.8974
[iter 20430]loss: 2.9286, tokens/sec: 20522.48 ± 140.27, tokens seen: 1338900480, grad norm: 0.7281
[iter 20440]loss: 2.7652, tokens/sec: 20522.48 ± 140.24, tokens seen: 1339555840, grad norm: 0.9192
[iter 20450]loss: 3.0095, tokens/sec: 20522.48 ± 140.20, tokens seen: 1340211200, grad norm: 0.7938
[iter 20460]loss: 3.2607, tokens/sec: 20522.48 ± 140.17, tokens seen: 1340866560, grad norm: 0.7668
[iter 20470]loss: 3.3384, tokens/sec: 20522.48 ± 140.13, tokens seen: 1341521920, grad norm: 0.7803
[iter 20480]loss: 3.1095, tokens/sec: 20522.48 ± 140.10, tokens seen: 1342177280, grad norm: 0.7401
[iter 20490]loss: 3.2619, tokens/sec: 20522.48 ± 140.07, tokens seen: 1342832640, grad norm: 0.9443
[step 20500]train loss: 3.1126, val loss: 3.1292, (avg train loss: 0.3904 ± 0.0245), (avg grad norm: 0.8433 ± 0.1236)
saving checkpoint to ./out-owt-xl-mhc-bs4-30000step
[iter 20500]loss: 2.9927, tokens/sec: 20522.48 ± 140.03, tokens seen: 1343488000, grad norm: 0.8380
[iter 20510]loss: 3.2727, tokens/sec: 20522.48 ± 140.00, tokens seen: 1344143360, grad norm: 0.8026
[iter 20520]loss: 3.0405, tokens/sec: 20522.48 ± 139.96, tokens seen: 1344798720, grad norm: 0.8652
[iter 20530]loss: 3.0822, tokens/sec: 20522.48 ± 139.93, tokens seen: 1345454080, grad norm: 0.8062
[iter 20540]loss: 2.8924, tokens/sec: 20522.48 ± 139.90, tokens seen: 1346109440, grad norm: 0.8258
[iter 20550]loss: 2.8959, tokens/sec: 20522.49 ± 139.86, tokens seen: 1346764800, grad norm: 0.8008
[iter 20560]loss: 3.0856, tokens/sec: 20522.49 ± 139.83, tokens seen: 1347420160, grad norm: 0.7884
[iter 20570]loss: 2.7653, tokens/sec: 20522.49 ± 139.79, tokens seen: 1348075520, grad norm: 0.8787
[iter 20580]loss: 3.0385, tokens/sec: 20522.49 ± 139.76, tokens seen: 1348730880, grad norm: 0.8155
[iter 20590]loss: 3.1500, tokens/sec: 20522.50 ± 139.73, tokens seen: 1349386240, grad norm: 0.7574
[iter 20600]loss: 2.9494, tokens/sec: 20522.50 ± 139.69, tokens seen: 1350041600, grad norm: 0.8640
[iter 20610]loss: 3.4046, tokens/sec: 20522.50 ± 139.66, tokens seen: 1350696960, grad norm: 0.7903
[iter 20620]loss: 2.9333, tokens/sec: 20522.51 ± 139.63, tokens seen: 1351352320, grad norm: 0.7999
[iter 20630]loss: 3.1803, tokens/sec: 20522.50 ± 139.59, tokens seen: 1352007680, grad norm: 0.7982
[iter 20640]loss: 3.2724, tokens/sec: 20522.51 ± 139.56, tokens seen: 1352663040, grad norm: 0.7636
[iter 20650]loss: 2.8886, tokens/sec: 20522.51 ± 139.52, tokens seen: 1353318400, grad norm: 0.8824
[iter 20660]loss: 3.3648, tokens/sec: 20522.51 ± 139.49, tokens seen: 1353973760, grad norm: 0.9216
[iter 20670]loss: 3.1485, tokens/sec: 20522.51 ± 139.46, tokens seen: 1354629120, grad norm: 0.7957
[iter 20680]loss: 3.1362, tokens/sec: 20522.51 ± 139.42, tokens seen: 1355284480, grad norm: 0.8205
[iter 20690]loss: 2.5111, tokens/sec: 20522.51 ± 139.39, tokens seen: 1355939840, grad norm: 0.8789
[iter 20700]loss: 3.1373, tokens/sec: 20522.52 ± 139.36, tokens seen: 1356595200, grad norm: 0.8123
[iter 20710]loss: 3.0205, tokens/sec: 20522.52 ± 139.32, tokens seen: 1357250560, grad norm: 0.7571
[iter 20720]loss: 3.0876, tokens/sec: 20522.52 ± 139.29, tokens seen: 1357905920, grad norm: 0.7611
[iter 20730]loss: 3.3917, tokens/sec: 20522.52 ± 139.26, tokens seen: 1358561280, grad norm: 0.8637
[iter 20740]loss: 3.3346, tokens/sec: 20522.52 ± 139.22, tokens seen: 1359216640, grad norm: 0.8381
[iter 20750]loss: 3.0793, tokens/sec: 20522.52 ± 139.19, tokens seen: 1359872000, grad norm: 0.7421
[iter 20760]loss: 2.9453, tokens/sec: 20522.52 ± 139.16, tokens seen: 1360527360, grad norm: 0.8168
[iter 20770]loss: 3.1938, tokens/sec: 20522.52 ± 139.12, tokens seen: 1361182720, grad norm: 0.7755
[iter 20780]loss: 2.8555, tokens/sec: 20522.52 ± 139.09, tokens seen: 1361838080, grad norm: 0.8888
[iter 20790]loss: 3.0480, tokens/sec: 20522.53 ± 139.06, tokens seen: 1362493440, grad norm: 0.8031
[iter 20800]loss: 3.2808, tokens/sec: 20522.53 ± 139.02, tokens seen: 1363148800, grad norm: 0.7963
[iter 20810]loss: 3.3300, tokens/sec: 20522.53 ± 138.99, tokens seen: 1363804160, grad norm: 0.7871
[iter 20820]loss: 3.3163, tokens/sec: 20522.53 ± 138.96, tokens seen: 1364459520, grad norm: 0.9122
[iter 20830]loss: 2.7013, tokens/sec: 20522.53 ± 138.92, tokens seen: 1365114880, grad norm: 0.7690
[iter 20840]loss: 3.0316, tokens/sec: 20522.53 ± 138.89, tokens seen: 1365770240, grad norm: 0.8335
[iter 20850]loss: 3.1329, tokens/sec: 20522.53 ± 138.86, tokens seen: 1366425600, grad norm: 0.9359
[iter 20860]loss: 2.8522, tokens/sec: 20522.53 ± 138.82, tokens seen: 1367080960, grad norm: 0.7674
[iter 20870]loss: 3.1182, tokens/sec: 20522.53 ± 138.79, tokens seen: 1367736320, grad norm: 0.7420
[iter 20880]loss: 3.1728, tokens/sec: 20522.53 ± 138.76, tokens seen: 1368391680, grad norm: 0.8625
[iter 20890]loss: 2.8970, tokens/sec: 20522.54 ± 138.72, tokens seen: 1369047040, grad norm: 0.7931
[iter 20900]loss: 2.9907, tokens/sec: 20522.53 ± 138.69, tokens seen: 1369702400, grad norm: 0.8169
[iter 20910]loss: 3.1036, tokens/sec: 20522.53 ± 138.66, tokens seen: 1370357760, grad norm: 0.8549
[iter 20920]loss: 3.0864, tokens/sec: 20522.54 ± 138.63, tokens seen: 1371013120, grad norm: 0.8586
[iter 20930]loss: 3.3794, tokens/sec: 20522.54 ± 138.59, tokens seen: 1371668480, grad norm: 0.8864
[iter 20940]loss: 3.8309, tokens/sec: 20522.54 ± 138.56, tokens seen: 1372323840, grad norm: 0.8054
[iter 20950]loss: 2.9551, tokens/sec: 20522.54 ± 138.53, tokens seen: 1372979200, grad norm: 0.8021
[iter 20960]loss: 2.8890, tokens/sec: 20522.54 ± 138.49, tokens seen: 1373634560, grad norm: 0.9008
[iter 20970]loss: 3.2321, tokens/sec: 20522.54 ± 138.46, tokens seen: 1374289920, grad norm: 0.8420
[iter 20980]loss: 2.9405, tokens/sec: 20522.55 ± 138.43, tokens seen: 1374945280, grad norm: 0.8335
[iter 20990]loss: 3.0150, tokens/sec: 20522.55 ± 138.40, tokens seen: 1375600640, grad norm: 0.7395
[step 21000]train loss: 3.1095, val loss: 3.0984, (avg train loss: 0.3869 ± 0.0299), (avg grad norm: 0.8323 ± 0.0804)
saving checkpoint to ./out-owt-xl-mhc-bs4-30000step
[iter 21000]loss: 2.7074, tokens/sec: 20522.55 ± 138.36, tokens seen: 1376256000, grad norm: 0.9120
[iter 21010]loss: 3.2629, tokens/sec: 20522.55 ± 138.33, tokens seen: 1376911360, grad norm: 0.8087
[iter 21020]loss: 2.9846, tokens/sec: 20522.54 ± 138.30, tokens seen: 1377566720, grad norm: 0.7864
[iter 21030]loss: 2.7212, tokens/sec: 20522.55 ± 138.27, tokens seen: 1378222080, grad norm: 0.7380
[iter 21040]loss: 3.0482, tokens/sec: 20522.54 ± 138.23, tokens seen: 1378877440, grad norm: 0.7893
[iter 21050]loss: 2.7878, tokens/sec: 20522.55 ± 138.20, tokens seen: 1379532800, grad norm: 0.8050
[iter 21060]loss: 3.2932, tokens/sec: 20522.55 ± 138.17, tokens seen: 1380188160, grad norm: 0.7817
[iter 21070]loss: 2.8346, tokens/sec: 20522.55 ± 138.13, tokens seen: 1380843520, grad norm: 1.2959
[iter 21080]loss: 3.2186, tokens/sec: 20522.55 ± 138.10, tokens seen: 1381498880, grad norm: 0.7882
[iter 21090]loss: 2.8686, tokens/sec: 20522.55 ± 138.07, tokens seen: 1382154240, grad norm: 0.8036
[iter 21100]loss: 3.1583, tokens/sec: 20522.54 ± 138.04, tokens seen: 1382809600, grad norm: 0.7670
[iter 21110]loss: 3.0581, tokens/sec: 20522.54 ± 138.00, tokens seen: 1383464960, grad norm: 0.7450
[iter 21120]loss: 3.0523, tokens/sec: 20522.54 ± 137.97, tokens seen: 1384120320, grad norm: 0.9354
[iter 21130]loss: 2.9159, tokens/sec: 20522.54 ± 137.94, tokens seen: 1384775680, grad norm: 0.9625
[iter 21140]loss: 3.3212, tokens/sec: 20522.54 ± 137.91, tokens seen: 1385431040, grad norm: 0.8108
[iter 21150]loss: 3.0973, tokens/sec: 20522.54 ± 137.87, tokens seen: 1386086400, grad norm: 0.8031
[iter 21160]loss: 3.3535, tokens/sec: 20522.54 ± 137.84, tokens seen: 1386741760, grad norm: 0.7425
[iter 21170]loss: 3.1910, tokens/sec: 20522.54 ± 137.81, tokens seen: 1387397120, grad norm: 0.7826
[iter 21180]loss: 2.9821, tokens/sec: 20522.53 ± 137.78, tokens seen: 1388052480, grad norm: 0.8658
[iter 21190]loss: 2.8847, tokens/sec: 20522.53 ± 137.75, tokens seen: 1388707840, grad norm: 0.7551
[iter 21200]loss: 3.1289, tokens/sec: 20522.53 ± 137.71, tokens seen: 1389363200, grad norm: 0.7394
[iter 21210]loss: 3.1478, tokens/sec: 20522.53 ± 137.68, tokens seen: 1390018560, grad norm: 0.9051
[iter 21220]loss: 3.0258, tokens/sec: 20522.53 ± 137.65, tokens seen: 1390673920, grad norm: 0.9393
[iter 21230]loss: 3.3470, tokens/sec: 20522.53 ± 137.62, tokens seen: 1391329280, grad norm: 0.7769
[iter 21240]loss: 3.2174, tokens/sec: 20522.53 ± 137.58, tokens seen: 1391984640, grad norm: 0.7962
[iter 21250]loss: 3.1771, tokens/sec: 20522.53 ± 137.55, tokens seen: 1392640000, grad norm: 0.7918
[iter 21260]loss: 2.8622, tokens/sec: 20522.53 ± 137.52, tokens seen: 1393295360, grad norm: 0.8259
[iter 21270]loss: 2.9180, tokens/sec: 20522.53 ± 137.49, tokens seen: 1393950720, grad norm: 0.8935
[iter 21280]loss: 3.1339, tokens/sec: 20522.53 ± 137.46, tokens seen: 1394606080, grad norm: 0.8264
[iter 21290]loss: 3.1583, tokens/sec: 20522.53 ± 137.42, tokens seen: 1395261440, grad norm: 0.7778
[iter 21300]loss: 3.3996, tokens/sec: 20522.53 ± 137.39, tokens seen: 1395916800, grad norm: 0.7823
[iter 21310]loss: 2.8472, tokens/sec: 20522.53 ± 137.36, tokens seen: 1396572160, grad norm: 0.8181
[iter 21320]loss: 3.1267, tokens/sec: 20522.53 ± 137.33, tokens seen: 1397227520, grad norm: 1.0892
[iter 21330]loss: 2.8697, tokens/sec: 20522.53 ± 137.29, tokens seen: 1397882880, grad norm: 0.8581
[iter 21340]loss: 2.9985, tokens/sec: 20522.54 ± 137.26, tokens seen: 1398538240, grad norm: 0.8137
[iter 21350]loss: 3.2858, tokens/sec: 20522.54 ± 137.23, tokens seen: 1399193600, grad norm: 0.7833
[iter 21360]loss: 3.1013, tokens/sec: 20522.54 ± 137.20, tokens seen: 1399848960, grad norm: 0.7478
[iter 21370]loss: 2.9362, tokens/sec: 20522.54 ± 137.17, tokens seen: 1400504320, grad norm: 0.8295
[iter 21380]loss: 3.1550, tokens/sec: 20522.54 ± 137.13, tokens seen: 1401159680, grad norm: 0.8318
[iter 21390]loss: 3.2002, tokens/sec: 20522.54 ± 137.10, tokens seen: 1401815040, grad norm: 0.9416
[iter 21400]loss: 2.9908, tokens/sec: 20522.54 ± 137.07, tokens seen: 1402470400, grad norm: 0.8411
[iter 21410]loss: 3.0115, tokens/sec: 20522.55 ± 137.04, tokens seen: 1403125760, grad norm: 0.8185
[iter 21420]loss: 3.0953, tokens/sec: 20522.55 ± 137.01, tokens seen: 1403781120, grad norm: 0.8021
[iter 21430]loss: 2.6370, tokens/sec: 20522.55 ± 136.98, tokens seen: 1404436480, grad norm: 0.8205
[iter 21440]loss: 3.2465, tokens/sec: 20522.55 ± 136.94, tokens seen: 1405091840, grad norm: 0.8602
[iter 21450]loss: 3.2196, tokens/sec: 20522.55 ± 136.91, tokens seen: 1405747200, grad norm: 0.7668
[iter 21460]loss: 3.0455, tokens/sec: 20522.55 ± 136.88, tokens seen: 1406402560, grad norm: 0.7454
[iter 21470]loss: 3.1418, tokens/sec: 20522.55 ± 136.85, tokens seen: 1407057920, grad norm: 0.7494
[iter 21480]loss: 2.8603, tokens/sec: 20522.55 ± 136.82, tokens seen: 1407713280, grad norm: 0.7925
[iter 21490]loss: 3.3719, tokens/sec: 20522.55 ± 136.78, tokens seen: 1408368640, grad norm: 0.8206
[step 21500]train loss: 3.1081, val loss: 3.1338, (avg train loss: 0.3884 ± 0.0231), (avg grad norm: 0.8714 ± 0.2198)
[iter 21500]loss: 3.0844, tokens/sec: 20522.55 ± 136.75, tokens seen: 1409024000, grad norm: 0.8176
[iter 21510]loss: 3.2760, tokens/sec: 20522.55 ± 136.72, tokens seen: 1409679360, grad norm: 0.8777
[iter 21520]loss: 3.1613, tokens/sec: 20522.55 ± 136.69, tokens seen: 1410334720, grad norm: 0.9884
[iter 21530]loss: 3.0964, tokens/sec: 20522.55 ± 136.66, tokens seen: 1410990080, grad norm: 1.0635
[iter 21540]loss: 3.3157, tokens/sec: 20522.55 ± 136.63, tokens seen: 1411645440, grad norm: 0.8167
[iter 21550]loss: 2.9614, tokens/sec: 20522.55 ± 136.60, tokens seen: 1412300800, grad norm: 0.8978
[iter 21560]loss: 2.9386, tokens/sec: 20522.55 ± 136.56, tokens seen: 1412956160, grad norm: 0.8192
[iter 21570]loss: 3.2123, tokens/sec: 20522.55 ± 136.53, tokens seen: 1413611520, grad norm: 0.9370
[iter 21580]loss: 3.2990, tokens/sec: 20522.56 ± 136.50, tokens seen: 1414266880, grad norm: 0.9173
[iter 21590]loss: 2.7671, tokens/sec: 20522.56 ± 136.47, tokens seen: 1414922240, grad norm: 0.7610
[iter 21600]loss: 3.0790, tokens/sec: 20522.56 ± 136.44, tokens seen: 1415577600, grad norm: 0.8518
[iter 21610]loss: 2.9655, tokens/sec: 20522.56 ± 136.41, tokens seen: 1416232960, grad norm: 0.7937
[iter 21620]loss: 3.4173, tokens/sec: 20522.56 ± 136.37, tokens seen: 1416888320, grad norm: 0.8160
[iter 21630]loss: 3.0289, tokens/sec: 20522.56 ± 136.34, tokens seen: 1417543680, grad norm: 0.8771
[iter 21640]loss: 3.1076, tokens/sec: 20522.56 ± 136.31, tokens seen: 1418199040, grad norm: 0.7749
[iter 21650]loss: 3.0852, tokens/sec: 20522.56 ± 136.28, tokens seen: 1418854400, grad norm: 0.7745
[iter 21660]loss: 2.8099, tokens/sec: 20522.56 ± 136.25, tokens seen: 1419509760, grad norm: 0.7623
[iter 21670]loss: 3.0205, tokens/sec: 20522.56 ± 136.22, tokens seen: 1420165120, grad norm: 0.8098
[iter 21680]loss: 2.6068, tokens/sec: 20522.56 ± 136.19, tokens seen: 1420820480, grad norm: 0.8479
[iter 21690]loss: 3.3115, tokens/sec: 20522.57 ± 136.16, tokens seen: 1421475840, grad norm: 0.8142
[iter 21700]loss: 3.1084, tokens/sec: 20522.56 ± 136.12, tokens seen: 1422131200, grad norm: 0.7886
[iter 21710]loss: 3.1748, tokens/sec: 20522.57 ± 136.09, tokens seen: 1422786560, grad norm: 0.8117
[iter 21720]loss: 3.2370, tokens/sec: 20522.57 ± 136.06, tokens seen: 1423441920, grad norm: 0.8018
[iter 21730]loss: 3.1973, tokens/sec: 20522.57 ± 136.03, tokens seen: 1424097280, grad norm: 0.8376
[iter 21740]loss: 2.9533, tokens/sec: 20522.57 ± 136.00, tokens seen: 1424752640, grad norm: 0.8602
[iter 21750]loss: 3.1446, tokens/sec: 20522.57 ± 135.97, tokens seen: 1425408000, grad norm: 0.7743
[iter 21760]loss: 3.2390, tokens/sec: 20522.57 ± 135.94, tokens seen: 1426063360, grad norm: 0.7360
[iter 21770]loss: 3.0105, tokens/sec: 20522.57 ± 135.91, tokens seen: 1426718720, grad norm: 0.8435
[iter 21780]loss: 2.9361, tokens/sec: 20522.57 ± 135.88, tokens seen: 1427374080, grad norm: 0.8968
[iter 21790]loss: 3.1546, tokens/sec: 20522.57 ± 135.84, tokens seen: 1428029440, grad norm: 0.7707
[iter 21800]loss: 2.8514, tokens/sec: 20522.58 ± 135.81, tokens seen: 1428684800, grad norm: 0.8330
[iter 21810]loss: 3.1460, tokens/sec: 20522.58 ± 135.78, tokens seen: 1429340160, grad norm: 0.7565
[iter 21820]loss: 3.1680, tokens/sec: 20522.58 ± 135.75, tokens seen: 1429995520, grad norm: 0.8036
[iter 21830]loss: 3.1531, tokens/sec: 20522.58 ± 135.72, tokens seen: 1430650880, grad norm: 0.7934
[iter 21840]loss: 3.1674, tokens/sec: 20522.58 ± 135.69, tokens seen: 1431306240, grad norm: 0.7771
[iter 21850]loss: 3.1756, tokens/sec: 20522.58 ± 135.66, tokens seen: 1431961600, grad norm: 0.8432
[iter 21860]loss: 2.9150, tokens/sec: 20522.58 ± 135.63, tokens seen: 1432616960, grad norm: 0.9112
[iter 21870]loss: 3.0694, tokens/sec: 20522.58 ± 135.60, tokens seen: 1433272320, grad norm: 0.7939
[iter 21880]loss: 2.6099, tokens/sec: 20522.58 ± 135.57, tokens seen: 1433927680, grad norm: 1.0822
[iter 21890]loss: 2.7001, tokens/sec: 20522.58 ± 135.54, tokens seen: 1434583040, grad norm: 0.9017
[iter 21900]loss: 3.1326, tokens/sec: 20522.58 ± 135.50, tokens seen: 1435238400, grad norm: 0.8015
[iter 21910]loss: 3.1548, tokens/sec: 20522.58 ± 135.47, tokens seen: 1435893760, grad norm: 0.7928
[iter 21920]loss: 3.0645, tokens/sec: 20522.58 ± 135.44, tokens seen: 1436549120, grad norm: 0.8474
[iter 21930]loss: 3.3336, tokens/sec: 20522.58 ± 135.41, tokens seen: 1437204480, grad norm: 1.3791
[iter 21940]loss: 3.2735, tokens/sec: 20522.58 ± 135.38, tokens seen: 1437859840, grad norm: 0.8735
[iter 21950]loss: 3.1859, tokens/sec: 20522.58 ± 135.35, tokens seen: 1438515200, grad norm: 0.8683
[iter 21960]loss: 3.2310, tokens/sec: 20522.58 ± 135.32, tokens seen: 1439170560, grad norm: 0.9072
[iter 21970]loss: 3.0551, tokens/sec: 20522.58 ± 135.29, tokens seen: 1439825920, grad norm: 1.0202
[iter 21980]loss: 2.9508, tokens/sec: 20522.58 ± 135.26, tokens seen: 1440481280, grad norm: 0.7771
[iter 21990]loss: 3.0568, tokens/sec: 20522.58 ± 135.23, tokens seen: 1441136640, grad norm: 0.8192
[step 22000]train loss: 3.0989, val loss: 3.0874, (avg train loss: 0.3884 ± 0.0270), (avg grad norm: 0.8462 ± 0.1713)
saving checkpoint to ./out-owt-xl-mhc-bs4-30000step
[iter 22000]loss: 3.1959, tokens/sec: 20522.58 ± 135.20, tokens seen: 1441792000, grad norm: 0.8075
[iter 22010]loss: 3.2070, tokens/sec: 20522.59 ± 135.17, tokens seen: 1442447360, grad norm: 0.7791
[iter 22020]loss: 3.0580, tokens/sec: 20522.58 ± 135.14, tokens seen: 1443102720, grad norm: 0.9140
[iter 22030]loss: 3.1430, tokens/sec: 20522.58 ± 135.11, tokens seen: 1443758080, grad norm: 0.8178
[iter 22040]loss: 3.2497, tokens/sec: 20522.58 ± 135.08, tokens seen: 1444413440, grad norm: 0.7369
[iter 22050]loss: 2.9816, tokens/sec: 20522.58 ± 135.05, tokens seen: 1445068800, grad norm: 1.0249
[iter 22060]loss: 3.2653, tokens/sec: 20522.58 ± 135.02, tokens seen: 1445724160, grad norm: 0.9041
[iter 22070]loss: 2.8633, tokens/sec: 20522.58 ± 134.98, tokens seen: 1446379520, grad norm: 0.8538
[iter 22080]loss: 3.1005, tokens/sec: 20522.58 ± 134.95, tokens seen: 1447034880, grad norm: 0.8343
[iter 22090]loss: 2.9789, tokens/sec: 20522.58 ± 134.92, tokens seen: 1447690240, grad norm: 0.9160
[iter 22100]loss: 2.8954, tokens/sec: 20522.58 ± 134.89, tokens seen: 1448345600, grad norm: 0.7758
[iter 22110]loss: 3.2177, tokens/sec: 20522.58 ± 134.86, tokens seen: 1449000960, grad norm: 0.7274
[iter 22120]loss: 3.6265, tokens/sec: 20522.58 ± 134.83, tokens seen: 1449656320, grad norm: 1.2864
[iter 22130]loss: 3.1915, tokens/sec: 20522.58 ± 134.80, tokens seen: 1450311680, grad norm: 0.9197
[iter 22140]loss: 3.2793, tokens/sec: 20522.58 ± 134.77, tokens seen: 1450967040, grad norm: 0.7699
[iter 22150]loss: 3.3368, tokens/sec: 20522.58 ± 134.74, tokens seen: 1451622400, grad norm: 0.7926
[iter 22160]loss: 2.9290, tokens/sec: 20522.58 ± 134.71, tokens seen: 1452277760, grad norm: 0.8079
[iter 22170]loss: 3.1895, tokens/sec: 20522.59 ± 134.68, tokens seen: 1452933120, grad norm: 0.8782
[iter 22180]loss: 3.0429, tokens/sec: 20522.59 ± 134.65, tokens seen: 1453588480, grad norm: 0.7848
[iter 22190]loss: 3.2288, tokens/sec: 20522.59 ± 134.62, tokens seen: 1454243840, grad norm: 0.7731
[iter 22200]loss: 3.0796, tokens/sec: 20522.59 ± 134.59, tokens seen: 1454899200, grad norm: 1.0053
[iter 22210]loss: 3.1493, tokens/sec: 20522.59 ± 134.56, tokens seen: 1455554560, grad norm: 0.7778
[iter 22220]loss: 3.3571, tokens/sec: 20522.59 ± 134.53, tokens seen: 1456209920, grad norm: 0.7353
[iter 22230]loss: 2.6015, tokens/sec: 20522.59 ± 134.50, tokens seen: 1456865280, grad norm: 0.8940
[iter 22240]loss: 3.1172, tokens/sec: 20522.59 ± 134.47, tokens seen: 1457520640, grad norm: 0.9404
[iter 22250]loss: 3.0081, tokens/sec: 20522.60 ± 134.44, tokens seen: 1458176000, grad norm: 0.8689
[iter 22260]loss: 3.0682, tokens/sec: 20522.60 ± 134.41, tokens seen: 1458831360, grad norm: 0.8277
[iter 22270]loss: 3.1332, tokens/sec: 20522.60 ± 134.38, tokens seen: 1459486720, grad norm: 1.1034
[iter 22280]loss: 3.1676, tokens/sec: 20522.60 ± 134.35, tokens seen: 1460142080, grad norm: 0.8006
[iter 22290]loss: 3.2876, tokens/sec: 20522.60 ± 134.32, tokens seen: 1460797440, grad norm: 0.7692
[iter 22300]loss: 3.1911, tokens/sec: 20522.60 ± 134.29, tokens seen: 1461452800, grad norm: 0.8417
[iter 22310]loss: 3.0834, tokens/sec: 20522.60 ± 134.26, tokens seen: 1462108160, grad norm: 0.8860
[iter 22320]loss: 3.1787, tokens/sec: 20522.60 ± 134.23, tokens seen: 1462763520, grad norm: 0.9345
[iter 22330]loss: 3.3779, tokens/sec: 20522.60 ± 134.20, tokens seen: 1463418880, grad norm: 0.8994
[iter 22340]loss: 3.2768, tokens/sec: 20522.60 ± 134.17, tokens seen: 1464074240, grad norm: 0.8504
[iter 22350]loss: 2.9685, tokens/sec: 20522.60 ± 134.14, tokens seen: 1464729600, grad norm: 0.8740
[iter 22360]loss: 3.2097, tokens/sec: 20522.60 ± 134.11, tokens seen: 1465384960, grad norm: 0.7675
[iter 22370]loss: 3.2127, tokens/sec: 20522.60 ± 134.08, tokens seen: 1466040320, grad norm: 1.0468
[iter 22380]loss: 3.0935, tokens/sec: 20522.60 ± 134.05, tokens seen: 1466695680, grad norm: 0.9010
[iter 22390]loss: 2.5493, tokens/sec: 20522.60 ± 134.02, tokens seen: 1467351040, grad norm: 0.9021
[iter 22400]loss: 3.2024, tokens/sec: 20522.60 ± 133.99, tokens seen: 1468006400, grad norm: 0.7737
[iter 22410]loss: 3.1202, tokens/sec: 20522.60 ± 133.96, tokens seen: 1468661760, grad norm: 0.7913
[iter 22420]loss: 3.1550, tokens/sec: 20522.60 ± 133.93, tokens seen: 1469317120, grad norm: 0.8117
[iter 22430]loss: 3.0476, tokens/sec: 20522.60 ± 133.90, tokens seen: 1469972480, grad norm: 0.7918
[iter 22440]loss: 3.0962, tokens/sec: 20522.60 ± 133.87, tokens seen: 1470627840, grad norm: 0.7711
[iter 22450]loss: 2.9294, tokens/sec: 20522.61 ± 133.84, tokens seen: 1471283200, grad norm: 0.9056
[iter 22460]loss: 3.0710, tokens/sec: 20522.61 ± 133.81, tokens seen: 1471938560, grad norm: 0.7837
[iter 22470]loss: 3.1078, tokens/sec: 20522.60 ± 133.78, tokens seen: 1472593920, grad norm: 0.8690
[iter 22480]loss: 2.5179, tokens/sec: 20522.61 ± 133.75, tokens seen: 1473249280, grad norm: 0.8778
[iter 22490]loss: 3.3604, tokens/sec: 20522.61 ± 133.72, tokens seen: 1473904640, grad norm: 0.8883
[step 22500]train loss: 3.0674, val loss: 3.1024, (avg train loss: 0.3861 ± 0.0241), (avg grad norm: 0.8840 ± 0.2198)
[iter 22500]loss: 2.9905, tokens/sec: 20522.61 ± 133.69, tokens seen: 1474560000, grad norm: 0.8406
[iter 22510]loss: 2.7063, tokens/sec: 20522.61 ± 133.67, tokens seen: 1475215360, grad norm: 0.9533
[iter 22520]loss: 3.4117, tokens/sec: 20522.61 ± 133.64, tokens seen: 1475870720, grad norm: 0.8620
[iter 22530]loss: 2.8155, tokens/sec: 20522.60 ± 133.61, tokens seen: 1476526080, grad norm: 0.8582
[iter 22540]loss: 2.9810, tokens/sec: 20522.60 ± 133.58, tokens seen: 1477181440, grad norm: 0.9709
[iter 22550]loss: 2.6976, tokens/sec: 20522.60 ± 133.55, tokens seen: 1477836800, grad norm: 0.8062
[iter 22560]loss: 3.2524, tokens/sec: 20522.60 ± 133.52, tokens seen: 1478492160, grad norm: 0.7576
[iter 22570]loss: 3.1743, tokens/sec: 20522.60 ± 133.49, tokens seen: 1479147520, grad norm: 0.8912
[iter 22580]loss: 3.4162, tokens/sec: 20522.60 ± 133.46, tokens seen: 1479802880, grad norm: 0.8542
[iter 22590]loss: 2.8831, tokens/sec: 20522.60 ± 133.43, tokens seen: 1480458240, grad norm: 0.8454
[iter 22600]loss: 2.7599, tokens/sec: 20522.60 ± 133.40, tokens seen: 1481113600, grad norm: 0.8344
[iter 22610]loss: 2.9509, tokens/sec: 20522.60 ± 133.37, tokens seen: 1481768960, grad norm: 0.8220
[iter 22620]loss: 2.7941, tokens/sec: 20522.60 ± 133.34, tokens seen: 1482424320, grad norm: 1.0094
[iter 22630]loss: 3.3588, tokens/sec: 20522.60 ± 133.31, tokens seen: 1483079680, grad norm: 0.9281
[iter 22640]loss: 3.1488, tokens/sec: 20522.60 ± 133.28, tokens seen: 1483735040, grad norm: 0.8275
[iter 22650]loss: 3.1846, tokens/sec: 20522.60 ± 133.25, tokens seen: 1484390400, grad norm: 0.9314
[iter 22660]loss: 2.9941, tokens/sec: 20522.60 ± 133.22, tokens seen: 1485045760, grad norm: 0.7560
[iter 22670]loss: 3.0690, tokens/sec: 20522.60 ± 133.20, tokens seen: 1485701120, grad norm: 0.9614
[iter 22680]loss: 3.2021, tokens/sec: 20522.60 ± 133.17, tokens seen: 1486356480, grad norm: 0.8101
[iter 22690]loss: 2.9342, tokens/sec: 20522.61 ± 133.14, tokens seen: 1487011840, grad norm: 0.8590
[iter 22700]loss: 2.9563, tokens/sec: 20522.61 ± 133.11, tokens seen: 1487667200, grad norm: 0.9624
[iter 22710]loss: 2.9477, tokens/sec: 20522.61 ± 133.08, tokens seen: 1488322560, grad norm: 0.9086
[iter 22720]loss: 2.9198, tokens/sec: 20522.61 ± 133.05, tokens seen: 1488977920, grad norm: 0.7558
[iter 22730]loss: 3.0023, tokens/sec: 20522.61 ± 133.02, tokens seen: 1489633280, grad norm: 1.0559
[iter 22740]loss: 3.3009, tokens/sec: 20522.61 ± 132.99, tokens seen: 1490288640, grad norm: 0.8999
[iter 22750]loss: 3.1895, tokens/sec: 20522.61 ± 132.96, tokens seen: 1490944000, grad norm: 0.7991
[iter 22760]loss: 3.2124, tokens/sec: 20522.61 ± 132.93, tokens seen: 1491599360, grad norm: 1.1426
[iter 22770]loss: 3.1195, tokens/sec: 20522.61 ± 132.90, tokens seen: 1492254720, grad norm: 0.9434
[iter 22780]loss: 2.9881, tokens/sec: 20522.61 ± 132.87, tokens seen: 1492910080, grad norm: 0.8884
[iter 22790]loss: 2.9865, tokens/sec: 20522.61 ± 132.85, tokens seen: 1493565440, grad norm: 0.8530
[iter 22800]loss: 2.9970, tokens/sec: 20522.62 ± 132.82, tokens seen: 1494220800, grad norm: 0.8900
[iter 22810]loss: 2.7740, tokens/sec: 20522.61 ± 132.79, tokens seen: 1494876160, grad norm: 0.8641
[iter 22820]loss: 2.9250, tokens/sec: 20522.61 ± 132.76, tokens seen: 1495531520, grad norm: 0.8667
[iter 22830]loss: 3.1676, tokens/sec: 20522.61 ± 132.73, tokens seen: 1496186880, grad norm: 0.8236
[iter 22840]loss: 3.0425, tokens/sec: 20522.62 ± 132.70, tokens seen: 1496842240, grad norm: 0.8675
[iter 22850]loss: 3.0586, tokens/sec: 20522.62 ± 132.67, tokens seen: 1497497600, grad norm: 0.8919
[iter 22860]loss: 2.7322, tokens/sec: 20522.62 ± 132.64, tokens seen: 1498152960, grad norm: 0.8455
[iter 22870]loss: 2.8787, tokens/sec: 20522.62 ± 132.61, tokens seen: 1498808320, grad norm: 1.0698
[iter 22880]loss: 3.1298, tokens/sec: 20522.62 ± 132.59, tokens seen: 1499463680, grad norm: 0.9063
[iter 22890]loss: 3.0132, tokens/sec: 20522.62 ± 132.56, tokens seen: 1500119040, grad norm: 0.8570
[iter 22900]loss: 3.0893, tokens/sec: 20522.62 ± 132.53, tokens seen: 1500774400, grad norm: 0.9272
[iter 22910]loss: 2.9097, tokens/sec: 20522.62 ± 132.50, tokens seen: 1501429760, grad norm: 0.8640
[iter 22920]loss: 3.0382, tokens/sec: 20522.62 ± 132.47, tokens seen: 1502085120, grad norm: 0.8511
[iter 22930]loss: 3.2606, tokens/sec: 20522.62 ± 132.44, tokens seen: 1502740480, grad norm: 0.8754
[iter 22940]loss: 3.2237, tokens/sec: 20522.62 ± 132.41, tokens seen: 1503395840, grad norm: 0.9614
[iter 22950]loss: 3.2044, tokens/sec: 20522.62 ± 132.38, tokens seen: 1504051200, grad norm: 1.1399
[iter 22960]loss: 3.1298, tokens/sec: 20522.62 ± 132.36, tokens seen: 1504706560, grad norm: 0.7923
[iter 22970]loss: 2.4419, tokens/sec: 20522.62 ± 132.33, tokens seen: 1505361920, grad norm: 0.9041
[iter 22980]loss: 2.9828, tokens/sec: 20522.62 ± 132.30, tokens seen: 1506017280, grad norm: 0.7451
[iter 22990]loss: 3.2916, tokens/sec: 20522.62 ± 132.27, tokens seen: 1506672640, grad norm: 0.9602
[step 23000]train loss: 3.0798, val loss: 3.0812, (avg train loss: 0.3835 ± 0.0249), (avg grad norm: 0.8930 ± 0.1299)
saving checkpoint to ./out-owt-xl-mhc-bs4-30000step
[iter 23000]loss: 3.1298, tokens/sec: 20522.62 ± 132.24, tokens seen: 1507328000, grad norm: 0.9576
[iter 23010]loss: 3.0463, tokens/sec: 20522.62 ± 132.21, tokens seen: 1507983360, grad norm: 0.8942
[iter 23020]loss: 2.7834, tokens/sec: 20522.61 ± 132.18, tokens seen: 1508638720, grad norm: 0.8607
[iter 23030]loss: 2.9413, tokens/sec: 20522.61 ± 132.16, tokens seen: 1509294080, grad norm: 1.3927
[iter 23040]loss: 3.0606, tokens/sec: 20522.61 ± 132.13, tokens seen: 1509949440, grad norm: 0.8669
[iter 23050]loss: 3.5084, tokens/sec: 20522.61 ± 132.10, tokens seen: 1510604800, grad norm: 0.8717
[iter 23060]loss: 3.1805, tokens/sec: 20522.61 ± 132.07, tokens seen: 1511260160, grad norm: 0.8186
[iter 23070]loss: 3.1155, tokens/sec: 20522.61 ± 132.04, tokens seen: 1511915520, grad norm: 1.0369
[iter 23080]loss: 3.0908, tokens/sec: 20522.60 ± 132.01, tokens seen: 1512570880, grad norm: 0.7997
[iter 23090]loss: 2.6663, tokens/sec: 20522.60 ± 131.99, tokens seen: 1513226240, grad norm: 1.1214
[iter 23100]loss: 3.2814, tokens/sec: 20522.60 ± 131.96, tokens seen: 1513881600, grad norm: 0.9286
[iter 23110]loss: 3.1793, tokens/sec: 20522.60 ± 131.93, tokens seen: 1514536960, grad norm: 0.9270
[iter 23120]loss: 3.1984, tokens/sec: 20522.60 ± 131.90, tokens seen: 1515192320, grad norm: 0.8391
[iter 23130]loss: 3.0689, tokens/sec: 20522.60 ± 131.87, tokens seen: 1515847680, grad norm: 0.8709
[iter 23140]loss: 2.9380, tokens/sec: 20522.60 ± 131.84, tokens seen: 1516503040, grad norm: 1.0218
[iter 23150]loss: 3.0717, tokens/sec: 20522.60 ± 131.82, tokens seen: 1517158400, grad norm: 0.7718
[iter 23160]loss: 3.2895, tokens/sec: 20522.61 ± 131.79, tokens seen: 1517813760, grad norm: 0.8971
[iter 23170]loss: 2.9147, tokens/sec: 20522.61 ± 131.76, tokens seen: 1518469120, grad norm: 0.7959
[iter 23180]loss: 3.2041, tokens/sec: 20522.61 ± 131.73, tokens seen: 1519124480, grad norm: 0.9138
[iter 23190]loss: 3.3444, tokens/sec: 20522.61 ± 131.70, tokens seen: 1519779840, grad norm: 0.8279
[iter 23200]loss: 2.9427, tokens/sec: 20522.60 ± 131.67, tokens seen: 1520435200, grad norm: 0.9602
[iter 23210]loss: 2.8788, tokens/sec: 20522.60 ± 131.65, tokens seen: 1521090560, grad norm: 0.8432
[iter 23220]loss: 3.0020, tokens/sec: 20522.61 ± 131.62, tokens seen: 1521745920, grad norm: 0.9544
[iter 23230]loss: 3.0675, tokens/sec: 20522.61 ± 131.59, tokens seen: 1522401280, grad norm: 0.9389
[iter 23240]loss: 3.1037, tokens/sec: 20522.61 ± 131.56, tokens seen: 1523056640, grad norm: 1.0458
[iter 23250]loss: 3.1493, tokens/sec: 20522.60 ± 131.53, tokens seen: 1523712000, grad norm: 0.9806
[iter 23260]loss: 2.9416, tokens/sec: 20522.60 ± 131.51, tokens seen: 1524367360, grad norm: 1.0193
[iter 23270]loss: 3.2741, tokens/sec: 20522.60 ± 131.48, tokens seen: 1525022720, grad norm: 0.9244
[iter 23280]loss: 2.9026, tokens/sec: 20522.60 ± 131.45, tokens seen: 1525678080, grad norm: 0.7922
[iter 23290]loss: 3.0765, tokens/sec: 20522.60 ± 131.42, tokens seen: 1526333440, grad norm: 1.0027
[iter 23300]loss: 2.8383, tokens/sec: 20522.60 ± 131.39, tokens seen: 1526988800, grad norm: 0.8953
[iter 23310]loss: 3.1698, tokens/sec: 20522.60 ± 131.36, tokens seen: 1527644160, grad norm: 0.8150
[iter 23320]loss: 3.1665, tokens/sec: 20522.60 ± 131.34, tokens seen: 1528299520, grad norm: 0.8569
[iter 23330]loss: 3.4231, tokens/sec: 20522.60 ± 131.31, tokens seen: 1528954880, grad norm: 0.8688
[iter 23340]loss: 3.0587, tokens/sec: 20522.60 ± 131.28, tokens seen: 1529610240, grad norm: 0.9063
[iter 23350]loss: 2.8880, tokens/sec: 20522.60 ± 131.25, tokens seen: 1530265600, grad norm: 0.9692
[iter 23360]loss: 3.2363, tokens/sec: 20522.60 ± 131.22, tokens seen: 1530920960, grad norm: 0.8962
[iter 23370]loss: 3.4223, tokens/sec: 20522.60 ± 131.20, tokens seen: 1531576320, grad norm: 1.1300
[iter 23380]loss: 3.0091, tokens/sec: 20522.60 ± 131.17, tokens seen: 1532231680, grad norm: 0.8502
[iter 23390]loss: 3.3279, tokens/sec: 20522.60 ± 131.14, tokens seen: 1532887040, grad norm: 0.9188
[iter 23400]loss: 3.1330, tokens/sec: 20522.60 ± 131.11, tokens seen: 1533542400, grad norm: 1.0998
[iter 23410]loss: 2.9161, tokens/sec: 20522.60 ± 131.09, tokens seen: 1534197760, grad norm: 0.8488
[iter 23420]loss: 3.1310, tokens/sec: 20522.60 ± 131.06, tokens seen: 1534853120, grad norm: 1.3404
[iter 23430]loss: 2.9985, tokens/sec: 20522.60 ± 131.03, tokens seen: 1535508480, grad norm: 1.0111
[iter 23440]loss: 3.3421, tokens/sec: 20522.60 ± 131.00, tokens seen: 1536163840, grad norm: 0.9539
[iter 23450]loss: 3.1418, tokens/sec: 20522.60 ± 130.97, tokens seen: 1536819200, grad norm: 1.0445
[iter 23460]loss: 3.0436, tokens/sec: 20522.60 ± 130.95, tokens seen: 1537474560, grad norm: 0.9378
[iter 23470]loss: 3.1907, tokens/sec: 20522.60 ± 130.92, tokens seen: 1538129920, grad norm: 0.9556
[iter 23480]loss: 2.9931, tokens/sec: 20522.60 ± 130.89, tokens seen: 1538785280, grad norm: 0.8969
[iter 23490]loss: 3.0219, tokens/sec: 20522.60 ± 130.86, tokens seen: 1539440640, grad norm: 0.8237
[step 23500]train loss: 3.0537, val loss: 3.0945, (avg train loss: 0.3826 ± 0.0221), (avg grad norm: 0.9418 ± 0.1321)
[iter 23500]loss: 2.7633, tokens/sec: 20522.60 ± 130.84, tokens seen: 1540096000, grad norm: 0.9709
[iter 23510]loss: 3.0607, tokens/sec: 20522.60 ± 130.81, tokens seen: 1540751360, grad norm: 0.9118
[iter 23520]loss: 2.9912, tokens/sec: 20522.60 ± 130.78, tokens seen: 1541406720, grad norm: 1.1187
[iter 23530]loss: 3.0203, tokens/sec: 20522.60 ± 130.75, tokens seen: 1542062080, grad norm: 0.9184
[iter 23540]loss: 3.4190, tokens/sec: 20522.60 ± 130.73, tokens seen: 1542717440, grad norm: 1.3732
[iter 23550]loss: 3.1509, tokens/sec: 20522.60 ± 130.70, tokens seen: 1543372800, grad norm: 0.8586
[iter 23560]loss: 3.7553, tokens/sec: 20522.60 ± 130.67, tokens seen: 1544028160, grad norm: 0.8938
[iter 23570]loss: 3.1329, tokens/sec: 20522.60 ± 130.64, tokens seen: 1544683520, grad norm: 0.8779
[iter 23580]loss: 3.0034, tokens/sec: 20522.60 ± 130.61, tokens seen: 1545338880, grad norm: 0.8724
[iter 23590]loss: 2.6310, tokens/sec: 20522.61 ± 130.59, tokens seen: 1545994240, grad norm: 0.9032
[iter 23600]loss: 3.4773, tokens/sec: 20522.61 ± 130.56, tokens seen: 1546649600, grad norm: 0.7770
[iter 23610]loss: 3.0821, tokens/sec: 20522.61 ± 130.53, tokens seen: 1547304960, grad norm: 0.9776
[iter 23620]loss: 3.0631, tokens/sec: 20522.61 ± 130.50, tokens seen: 1547960320, grad norm: 0.9961
[iter 23630]loss: 3.0265, tokens/sec: 20522.61 ± 130.48, tokens seen: 1548615680, grad norm: 0.9120
[iter 23640]loss: 3.2726, tokens/sec: 20522.61 ± 130.45, tokens seen: 1549271040, grad norm: 1.2730
[iter 23650]loss: 3.3353, tokens/sec: 20522.61 ± 130.42, tokens seen: 1549926400, grad norm: 0.9309
[iter 23660]loss: 3.1525, tokens/sec: 20522.61 ± 130.39, tokens seen: 1550581760, grad norm: 1.0356
[iter 23670]loss: 2.9539, tokens/sec: 20522.61 ± 130.37, tokens seen: 1551237120, grad norm: 1.0166
[iter 23680]loss: 2.9138, tokens/sec: 20522.61 ± 130.34, tokens seen: 1551892480, grad norm: 0.9444
[iter 23690]loss: 3.1966, tokens/sec: 20522.61 ± 130.31, tokens seen: 1552547840, grad norm: 0.9060
[iter 23700]loss: 3.1248, tokens/sec: 20522.61 ± 130.29, tokens seen: 1553203200, grad norm: 0.8311
[iter 23710]loss: 3.3374, tokens/sec: 20522.61 ± 130.26, tokens seen: 1553858560, grad norm: 1.1016
[iter 23720]loss: 2.6879, tokens/sec: 20522.61 ± 130.23, tokens seen: 1554513920, grad norm: 0.8959
[iter 23730]loss: 3.2056, tokens/sec: 20522.61 ± 130.20, tokens seen: 1555169280, grad norm: 0.9096
[iter 23740]loss: 3.1981, tokens/sec: 20522.62 ± 130.18, tokens seen: 1555824640, grad norm: 0.8048
[iter 23750]loss: 3.1458, tokens/sec: 20522.61 ± 130.15, tokens seen: 1556480000, grad norm: 1.0532
[iter 23760]loss: 3.1966, tokens/sec: 20522.61 ± 130.12, tokens seen: 1557135360, grad norm: 0.8272
[iter 23770]loss: 2.6516, tokens/sec: 20522.62 ± 130.09, tokens seen: 1557790720, grad norm: 0.9806
[iter 23780]loss: 3.3054, tokens/sec: 20522.62 ± 130.07, tokens seen: 1558446080, grad norm: 0.8880
[iter 23790]loss: 2.7097, tokens/sec: 20522.62 ± 130.04, tokens seen: 1559101440, grad norm: 0.7834
[iter 23800]loss: 2.9882, tokens/sec: 20522.62 ± 130.01, tokens seen: 1559756800, grad norm: 0.8960
[iter 23810]loss: 2.8021, tokens/sec: 20522.62 ± 129.99, tokens seen: 1560412160, grad norm: 0.8806
[iter 23820]loss: 3.0754, tokens/sec: 20522.62 ± 129.96, tokens seen: 1561067520, grad norm: 0.8295
[iter 23830]loss: 3.3310, tokens/sec: 20522.62 ± 129.93, tokens seen: 1561722880, grad norm: 0.7763
[iter 23840]loss: 3.1789, tokens/sec: 20522.62 ± 129.90, tokens seen: 1562378240, grad norm: 0.8700
[iter 23850]loss: 3.1656, tokens/sec: 20522.62 ± 129.88, tokens seen: 1563033600, grad norm: 0.9214
[iter 23860]loss: 3.2591, tokens/sec: 20522.62 ± 129.85, tokens seen: 1563688960, grad norm: 0.8901
[iter 23870]loss: 2.8487, tokens/sec: 20522.63 ± 129.82, tokens seen: 1564344320, grad norm: 0.9615
[iter 23880]loss: 3.2202, tokens/sec: 20522.63 ± 129.80, tokens seen: 1564999680, grad norm: 0.9371
[iter 23890]loss: 3.2889, tokens/sec: 20522.63 ± 129.77, tokens seen: 1565655040, grad norm: 0.7970
[iter 23900]loss: 3.1419, tokens/sec: 20522.63 ± 129.74, tokens seen: 1566310400, grad norm: 0.8128
[iter 23910]loss: 3.1980, tokens/sec: 20522.63 ± 129.71, tokens seen: 1566965760, grad norm: 0.9432
[iter 23920]loss: 2.6653, tokens/sec: 20522.63 ± 129.69, tokens seen: 1567621120, grad norm: 0.8094
[iter 23930]loss: 2.7887, tokens/sec: 20522.63 ± 129.66, tokens seen: 1568276480, grad norm: 0.8191
[iter 23940]loss: 3.1311, tokens/sec: 20522.63 ± 129.63, tokens seen: 1568931840, grad norm: 0.9765
[iter 23950]loss: 2.8445, tokens/sec: 20522.63 ± 129.61, tokens seen: 1569587200, grad norm: 1.0517
[iter 23960]loss: 2.9690, tokens/sec: 20522.63 ± 129.58, tokens seen: 1570242560, grad norm: 0.8701
[iter 23970]loss: 3.5576, tokens/sec: 20522.63 ± 129.55, tokens seen: 1570897920, grad norm: 0.8653
[iter 23980]loss: 3.1034, tokens/sec: 20522.63 ± 129.53, tokens seen: 1571553280, grad norm: 0.8854
[iter 23990]loss: 3.3399, tokens/sec: 20522.64 ± 129.50, tokens seen: 1572208640, grad norm: 0.9070
[step 24000]train loss: 3.0896, val loss: 3.0919, (avg train loss: 0.3853 ± 0.0231), (avg grad norm: 0.9367 ± 0.1692)
[iter 24000]loss: 3.0540, tokens/sec: 20522.64 ± 129.47, tokens seen: 1572864000, grad norm: 0.8072
[iter 24010]loss: 3.0225, tokens/sec: 20522.64 ± 129.45, tokens seen: 1573519360, grad norm: 0.8476
[iter 24020]loss: 2.7985, tokens/sec: 20522.64 ± 129.42, tokens seen: 1574174720, grad norm: 0.9061
[iter 24030]loss: 2.9768, tokens/sec: 20522.64 ± 129.39, tokens seen: 1574830080, grad norm: 0.8078
[iter 24040]loss: 2.9674, tokens/sec: 20522.64 ± 129.37, tokens seen: 1575485440, grad norm: 0.9318
[iter 24050]loss: 2.9190, tokens/sec: 20522.63 ± 129.34, tokens seen: 1576140800, grad norm: 0.9651
[iter 24060]loss: 3.1633, tokens/sec: 20522.63 ± 129.31, tokens seen: 1576796160, grad norm: 0.9783
[iter 24070]loss: 2.5367, tokens/sec: 20522.63 ± 129.29, tokens seen: 1577451520, grad norm: 1.0004
[iter 24080]loss: 3.2144, tokens/sec: 20522.64 ± 129.26, tokens seen: 1578106880, grad norm: 0.9234
[iter 24090]loss: 3.0851, tokens/sec: 20522.64 ± 129.23, tokens seen: 1578762240, grad norm: 0.8871
[iter 24100]loss: 2.8296, tokens/sec: 20522.64 ± 129.21, tokens seen: 1579417600, grad norm: 0.8206
[iter 24110]loss: 3.0499, tokens/sec: 20522.64 ± 129.18, tokens seen: 1580072960, grad norm: 0.9970
[iter 24120]loss: 2.9512, tokens/sec: 20522.64 ± 129.15, tokens seen: 1580728320, grad norm: 0.9937
[iter 24130]loss: 3.3321, tokens/sec: 20522.64 ± 129.13, tokens seen: 1581383680, grad norm: 0.9118
[iter 24140]loss: 2.9500, tokens/sec: 20522.64 ± 129.10, tokens seen: 1582039040, grad norm: 0.9624
[iter 24150]loss: 2.8586, tokens/sec: 20522.64 ± 129.07, tokens seen: 1582694400, grad norm: 0.7807
[iter 24160]loss: 3.0063, tokens/sec: 20522.64 ± 129.05, tokens seen: 1583349760, grad norm: 0.9660
[iter 24170]loss: 3.0105, tokens/sec: 20522.65 ± 129.02, tokens seen: 1584005120, grad norm: 1.0458
[iter 24180]loss: 2.8796, tokens/sec: 20522.65 ± 128.99, tokens seen: 1584660480, grad norm: 1.3467
[iter 24190]loss: 3.1147, tokens/sec: 20522.65 ± 128.97, tokens seen: 1585315840, grad norm: 0.8521
[iter 24200]loss: 2.6286, tokens/sec: 20522.65 ± 128.94, tokens seen: 1585971200, grad norm: 0.8930
[iter 24210]loss: 3.0894, tokens/sec: 20522.65 ± 128.91, tokens seen: 1586626560, grad norm: 0.9272
[iter 24220]loss: 2.9946, tokens/sec: 20522.65 ± 128.89, tokens seen: 1587281920, grad norm: 0.8394
[iter 24230]loss: 3.3577, tokens/sec: 20522.65 ± 128.86, tokens seen: 1587937280, grad norm: 0.8479
[iter 24240]loss: 3.1710, tokens/sec: 20522.65 ± 128.83, tokens seen: 1588592640, grad norm: 0.8117
[iter 24250]loss: 3.1210, tokens/sec: 20522.66 ± 128.81, tokens seen: 1589248000, grad norm: 1.0643
[iter 24260]loss: 3.2678, tokens/sec: 20522.66 ± 128.78, tokens seen: 1589903360, grad norm: 1.2303
[iter 24270]loss: 3.0431, tokens/sec: 20522.66 ± 128.75, tokens seen: 1590558720, grad norm: 0.8393
[iter 24280]loss: 3.0494, tokens/sec: 20522.66 ± 128.73, tokens seen: 1591214080, grad norm: 0.8316
[iter 24290]loss: 2.8989, tokens/sec: 20522.66 ± 128.70, tokens seen: 1591869440, grad norm: 0.8784
[iter 24300]loss: 3.1501, tokens/sec: 20522.66 ± 128.68, tokens seen: 1592524800, grad norm: 0.9286
[iter 24310]loss: 3.0062, tokens/sec: 20522.66 ± 128.65, tokens seen: 1593180160, grad norm: 0.7528
[iter 24320]loss: 3.5381, tokens/sec: 20522.66 ± 128.62, tokens seen: 1593835520, grad norm: 0.8393
[iter 24330]loss: 2.9670, tokens/sec: 20522.66 ± 128.60, tokens seen: 1594490880, grad norm: 0.8768
[iter 24340]loss: 3.0687, tokens/sec: 20522.67 ± 128.57, tokens seen: 1595146240, grad norm: 0.8758
[iter 24350]loss: 2.9665, tokens/sec: 20522.67 ± 128.54, tokens seen: 1595801600, grad norm: 0.8365
[iter 24360]loss: 3.1636, tokens/sec: 20522.67 ± 128.52, tokens seen: 1596456960, grad norm: 0.9967
[iter 24370]loss: 3.0799, tokens/sec: 20522.67 ± 128.49, tokens seen: 1597112320, grad norm: 0.8837
[iter 24380]loss: 3.3130, tokens/sec: 20522.67 ± 128.47, tokens seen: 1597767680, grad norm: 0.9204
[iter 24390]loss: 3.3672, tokens/sec: 20522.67 ± 128.44, tokens seen: 1598423040, grad norm: 0.9010
[iter 24400]loss: 2.9201, tokens/sec: 20522.67 ± 128.41, tokens seen: 1599078400, grad norm: 0.9933
[iter 24410]loss: 3.3591, tokens/sec: 20522.67 ± 128.39, tokens seen: 1599733760, grad norm: 0.8105
[iter 24420]loss: 2.7676, tokens/sec: 20522.67 ± 128.36, tokens seen: 1600389120, grad norm: 0.8999
[iter 24430]loss: 3.0646, tokens/sec: 20522.67 ± 128.33, tokens seen: 1601044480, grad norm: 0.8286
[iter 24440]loss: 3.0007, tokens/sec: 20522.67 ± 128.31, tokens seen: 1601699840, grad norm: 0.8373
[iter 24450]loss: 3.1035, tokens/sec: 20522.67 ± 128.28, tokens seen: 1602355200, grad norm: 0.9157
[iter 24460]loss: 3.5517, tokens/sec: 20522.68 ± 128.26, tokens seen: 1603010560, grad norm: 0.9761
[iter 24470]loss: 3.1980, tokens/sec: 20522.68 ± 128.23, tokens seen: 1603665920, grad norm: 0.9318
[iter 24480]loss: 2.9385, tokens/sec: 20522.68 ± 128.20, tokens seen: 1604321280, grad norm: 0.9009
[iter 24490]loss: 3.3015, tokens/sec: 20522.68 ± 128.18, tokens seen: 1604976640, grad norm: 0.8767
[step 24500]train loss: 3.0767, val loss: 3.0897, (avg train loss: 0.3841 ± 0.0259), (avg grad norm: 0.9394 ± 0.1135)
[iter 24500]loss: 3.0810, tokens/sec: 20522.68 ± 128.15, tokens seen: 1605632000, grad norm: 0.9096
[iter 24510]loss: 3.0795, tokens/sec: 20522.68 ± 128.13, tokens seen: 1606287360, grad norm: 0.7967
[iter 24520]loss: 3.1950, tokens/sec: 20522.68 ± 128.10, tokens seen: 1606942720, grad norm: 0.9197
[iter 24530]loss: 3.0894, tokens/sec: 20522.68 ± 128.07, tokens seen: 1607598080, grad norm: 0.9352
[iter 24540]loss: 2.9961, tokens/sec: 20522.68 ± 128.05, tokens seen: 1608253440, grad norm: 0.9894
[iter 24550]loss: 3.1449, tokens/sec: 20522.68 ± 128.02, tokens seen: 1608908800, grad norm: 0.9419
[iter 24560]loss: 3.2826, tokens/sec: 20522.68 ± 128.00, tokens seen: 1609564160, grad norm: 0.8419
[iter 24570]loss: 3.0754, tokens/sec: 20522.68 ± 127.97, tokens seen: 1610219520, grad norm: 0.8717
[iter 24580]loss: 3.0367, tokens/sec: 20522.69 ± 127.94, tokens seen: 1610874880, grad norm: 0.8192
[iter 24590]loss: 3.2308, tokens/sec: 20522.69 ± 127.92, tokens seen: 1611530240, grad norm: 0.8596
[iter 24600]loss: 3.2644, tokens/sec: 20522.69 ± 127.89, tokens seen: 1612185600, grad norm: 1.2204
[iter 24610]loss: 2.7756, tokens/sec: 20522.69 ± 127.87, tokens seen: 1612840960, grad norm: 1.2232
[iter 24620]loss: 2.9946, tokens/sec: 20522.69 ± 127.84, tokens seen: 1613496320, grad norm: 1.0883
[iter 24630]loss: 3.0939, tokens/sec: 20522.69 ± 127.81, tokens seen: 1614151680, grad norm: 0.8627
[iter 24640]loss: 2.8499, tokens/sec: 20522.69 ± 127.79, tokens seen: 1614807040, grad norm: 0.8299
[iter 24650]loss: 3.0634, tokens/sec: 20522.69 ± 127.76, tokens seen: 1615462400, grad norm: 1.0288
[iter 24660]loss: 3.2058, tokens/sec: 20522.69 ± 127.74, tokens seen: 1616117760, grad norm: 0.9267
[iter 24670]loss: 2.9840, tokens/sec: 20522.69 ± 127.71, tokens seen: 1616773120, grad norm: 0.9827
[iter 24680]loss: 3.2324, tokens/sec: 20522.69 ± 127.69, tokens seen: 1617428480, grad norm: 0.8191
[iter 24690]loss: 2.8269, tokens/sec: 20522.69 ± 127.66, tokens seen: 1618083840, grad norm: 0.9085
[iter 24700]loss: 3.0306, tokens/sec: 20522.69 ± 127.63, tokens seen: 1618739200, grad norm: 0.8369
[iter 24710]loss: 3.2169, tokens/sec: 20522.69 ± 127.61, tokens seen: 1619394560, grad norm: 0.9611
[iter 24720]loss: 3.3570, tokens/sec: 20522.69 ± 127.58, tokens seen: 1620049920, grad norm: 1.2416
[iter 24730]loss: 3.0813, tokens/sec: 20522.69 ± 127.56, tokens seen: 1620705280, grad norm: 0.8590
[iter 24740]loss: 2.3181, tokens/sec: 20522.69 ± 127.53, tokens seen: 1621360640, grad norm: 0.8709
[iter 24750]loss: 3.1678, tokens/sec: 20522.69 ± 127.51, tokens seen: 1622016000, grad norm: 0.9409
[iter 24760]loss: 3.0903, tokens/sec: 20522.69 ± 127.48, tokens seen: 1622671360, grad norm: 0.9043
[iter 24770]loss: 3.2630, tokens/sec: 20522.69 ± 127.45, tokens seen: 1623326720, grad norm: 0.9464
[iter 24780]loss: 3.4125, tokens/sec: 20522.70 ± 127.43, tokens seen: 1623982080, grad norm: 0.8421
[iter 24790]loss: 2.8157, tokens/sec: 20522.70 ± 127.40, tokens seen: 1624637440, grad norm: 1.1202
[iter 24800]loss: 3.2065, tokens/sec: 20522.70 ± 127.38, tokens seen: 1625292800, grad norm: 0.8190
[iter 24810]loss: 3.3954, tokens/sec: 20522.70 ± 127.35, tokens seen: 1625948160, grad norm: 0.9326
[iter 24820]loss: 3.2381, tokens/sec: 20522.70 ± 127.33, tokens seen: 1626603520, grad norm: 0.8314
[iter 24830]loss: 2.9196, tokens/sec: 20522.70 ± 127.30, tokens seen: 1627258880, grad norm: 0.8117
[iter 24840]loss: 3.1323, tokens/sec: 20522.70 ± 127.28, tokens seen: 1627914240, grad norm: 0.9961
[iter 24850]loss: 3.1276, tokens/sec: 20522.70 ± 127.25, tokens seen: 1628569600, grad norm: 0.9928
[iter 24860]loss: 3.1116, tokens/sec: 20522.70 ± 127.22, tokens seen: 1629224960, grad norm: 0.9287
[iter 24870]loss: 2.8652, tokens/sec: 20522.70 ± 127.20, tokens seen: 1629880320, grad norm: 0.9607
[iter 24880]loss: 3.0433, tokens/sec: 20522.70 ± 127.17, tokens seen: 1630535680, grad norm: 0.9658
[iter 24890]loss: 3.1898, tokens/sec: 20522.71 ± 127.15, tokens seen: 1631191040, grad norm: 1.0726
[iter 24900]loss: 3.1469, tokens/sec: 20522.71 ± 127.12, tokens seen: 1631846400, grad norm: 1.0036
[iter 24910]loss: 3.0641, tokens/sec: 20522.71 ± 127.10, tokens seen: 1632501760, grad norm: 1.0238
[iter 24920]loss: 3.2820, tokens/sec: 20522.71 ± 127.07, tokens seen: 1633157120, grad norm: 1.0081
[iter 24930]loss: 2.9041, tokens/sec: 20522.71 ± 127.05, tokens seen: 1633812480, grad norm: 0.9362
[iter 24940]loss: 3.1324, tokens/sec: 20522.71 ± 127.02, tokens seen: 1634467840, grad norm: 0.9415
[iter 24950]loss: 3.2058, tokens/sec: 20522.72 ± 127.00, tokens seen: 1635123200, grad norm: 0.9392
[iter 24960]loss: 3.0759, tokens/sec: 20522.72 ± 126.97, tokens seen: 1635778560, grad norm: 1.2840
[iter 24970]loss: 3.2973, tokens/sec: 20522.72 ± 126.95, tokens seen: 1636433920, grad norm: 0.8881
[iter 24980]loss: 3.0168, tokens/sec: 20522.72 ± 126.92, tokens seen: 1637089280, grad norm: 0.9233
[iter 24990]loss: 3.2209, tokens/sec: 20522.72 ± 126.90, tokens seen: 1637744640, grad norm: 0.9572
[step 25000]train loss: 3.0706, val loss: 3.0832, (avg train loss: 0.3833 ± 0.0241), (avg grad norm: 1.0065 ± 0.2873)
[iter 25000]loss: 3.3977, tokens/sec: 20522.72 ± 126.87, tokens seen: 1638400000, grad norm: 0.8508
[iter 25010]loss: 3.0322, tokens/sec: 20522.72 ± 126.84, tokens seen: 1639055360, grad norm: 0.8346
[iter 25020]loss: 2.7378, tokens/sec: 20522.72 ± 126.82, tokens seen: 1639710720, grad norm: 0.9242
[iter 25030]loss: 2.9634, tokens/sec: 20522.72 ± 126.79, tokens seen: 1640366080, grad norm: 1.0331
[iter 25040]loss: 3.0428, tokens/sec: 20522.72 ± 126.77, tokens seen: 1641021440, grad norm: 0.9998
[iter 25050]loss: 3.2372, tokens/sec: 20522.73 ± 126.74, tokens seen: 1641676800, grad norm: 0.9872
[iter 25060]loss: 3.1361, tokens/sec: 20522.73 ± 126.72, tokens seen: 1642332160, grad norm: 0.8790
[iter 25070]loss: 3.0534, tokens/sec: 20522.73 ± 126.69, tokens seen: 1642987520, grad norm: 0.8604
[iter 25080]loss: 3.0147, tokens/sec: 20522.73 ± 126.67, tokens seen: 1643642880, grad norm: 0.9799
[iter 25090]loss: 3.1790, tokens/sec: 20522.73 ± 126.64, tokens seen: 1644298240, grad norm: 0.8452
[iter 25100]loss: 3.2985, tokens/sec: 20522.73 ± 126.62, tokens seen: 1644953600, grad norm: 0.9376
[iter 25110]loss: 2.9447, tokens/sec: 20522.73 ± 126.59, tokens seen: 1645608960, grad norm: 0.8856
[iter 25120]loss: 2.9367, tokens/sec: 20522.74 ± 126.57, tokens seen: 1646264320, grad norm: 0.8579
[iter 25130]loss: 3.1198, tokens/sec: 20522.74 ± 126.54, tokens seen: 1646919680, grad norm: 0.8216
[iter 25140]loss: 3.1822, tokens/sec: 20522.74 ± 126.52, tokens seen: 1647575040, grad norm: 0.8780
[iter 25150]loss: 2.9632, tokens/sec: 20522.74 ± 126.49, tokens seen: 1648230400, grad norm: 0.8593
[iter 25160]loss: 2.9438, tokens/sec: 20522.74 ± 126.47, tokens seen: 1648885760, grad norm: 1.0024
[iter 25170]loss: 2.9294, tokens/sec: 20522.74 ± 126.44, tokens seen: 1649541120, grad norm: 0.9057
[iter 25180]loss: 3.0472, tokens/sec: 20522.74 ± 126.42, tokens seen: 1650196480, grad norm: 0.8484
[iter 25190]loss: 2.9682, tokens/sec: 20522.74 ± 126.39, tokens seen: 1650851840, grad norm: 0.8826
[iter 25200]loss: 2.9328, tokens/sec: 20522.74 ± 126.37, tokens seen: 1651507200, grad norm: 0.8910
[iter 25210]loss: 3.0251, tokens/sec: 20522.75 ± 126.34, tokens seen: 1652162560, grad norm: 0.9288
[iter 25220]loss: 3.3099, tokens/sec: 20522.75 ± 126.32, tokens seen: 1652817920, grad norm: 0.8476
[iter 25230]loss: 2.8780, tokens/sec: 20522.75 ± 126.29, tokens seen: 1653473280, grad norm: 0.8969
[iter 25240]loss: 2.5601, tokens/sec: 20522.75 ± 126.27, tokens seen: 1654128640, grad norm: 0.8210
[iter 25250]loss: 3.0045, tokens/sec: 20522.75 ± 126.24, tokens seen: 1654784000, grad norm: 0.7995
[iter 25260]loss: 3.3962, tokens/sec: 20522.75 ± 126.22, tokens seen: 1655439360, grad norm: 0.9198
[iter 25270]loss: 2.8638, tokens/sec: 20522.75 ± 126.19, tokens seen: 1656094720, grad norm: 0.8607
[iter 25280]loss: 3.5724, tokens/sec: 20522.75 ± 126.17, tokens seen: 1656750080, grad norm: 0.8841
[iter 25290]loss: 2.9749, tokens/sec: 20522.76 ± 126.14, tokens seen: 1657405440, grad norm: 0.8328
[iter 25300]loss: 3.3128, tokens/sec: 20522.76 ± 126.12, tokens seen: 1658060800, grad norm: 0.8648
[iter 25310]loss: 3.1448, tokens/sec: 20522.76 ± 126.10, tokens seen: 1658716160, grad norm: 0.9210
[iter 25320]loss: 3.2811, tokens/sec: 20522.76 ± 126.07, tokens seen: 1659371520, grad norm: 0.9386
[iter 25330]loss: 2.5149, tokens/sec: 20522.76 ± 126.05, tokens seen: 1660026880, grad norm: 1.4358
[iter 25340]loss: 3.2735, tokens/sec: 20522.76 ± 126.02, tokens seen: 1660682240, grad norm: 0.8511
[iter 25350]loss: 2.8014, tokens/sec: 20522.76 ± 126.00, tokens seen: 1661337600, grad norm: 1.3024
[iter 25360]loss: 2.7616, tokens/sec: 20522.76 ± 125.97, tokens seen: 1661992960, grad norm: 1.1803
[iter 25370]loss: 2.9664, tokens/sec: 20522.76 ± 125.95, tokens seen: 1662648320, grad norm: 1.1049
[iter 25380]loss: 3.0835, tokens/sec: 20522.76 ± 125.92, tokens seen: 1663303680, grad norm: 0.9976
[iter 25390]loss: 2.9464, tokens/sec: 20522.76 ± 125.90, tokens seen: 1663959040, grad norm: 0.9910
[iter 25400]loss: 3.1937, tokens/sec: 20522.76 ± 125.87, tokens seen: 1664614400, grad norm: 0.9904
[iter 25410]loss: 2.9117, tokens/sec: 20522.76 ± 125.85, tokens seen: 1665269760, grad norm: 1.4910
[iter 25420]loss: 3.2944, tokens/sec: 20522.76 ± 125.82, tokens seen: 1665925120, grad norm: 0.8588
[iter 25430]loss: 3.0415, tokens/sec: 20522.77 ± 125.80, tokens seen: 1666580480, grad norm: 1.1920
[iter 25440]loss: 3.0081, tokens/sec: 20522.77 ± 125.77, tokens seen: 1667235840, grad norm: 0.8799
[iter 25450]loss: 3.4663, tokens/sec: 20522.77 ± 125.75, tokens seen: 1667891200, grad norm: 0.9168
[iter 25460]loss: 2.8463, tokens/sec: 20522.77 ± 125.73, tokens seen: 1668546560, grad norm: 1.1347
[iter 25470]loss: 3.1814, tokens/sec: 20522.77 ± 125.70, tokens seen: 1669201920, grad norm: 1.2017
[iter 25480]loss: 3.2363, tokens/sec: 20522.77 ± 125.68, tokens seen: 1669857280, grad norm: 1.0112
[iter 25490]loss: 3.2084, tokens/sec: 20522.78 ± 125.65, tokens seen: 1670512640, grad norm: 0.8692
[step 25500]train loss: 3.0811, val loss: 3.0774, (avg train loss: 0.3806 ± 0.0258), (avg grad norm: 1.0060 ± 0.2048)
saving checkpoint to ./out-owt-xl-mhc-bs4-30000step
[iter 25500]loss: 2.9906, tokens/sec: 20522.78 ± 125.63, tokens seen: 1671168000, grad norm: 0.8733
[iter 25510]loss: 3.0859, tokens/sec: 20522.78 ± 125.60, tokens seen: 1671823360, grad norm: 0.8967
[iter 25520]loss: 2.7934, tokens/sec: 20522.78 ± 125.58, tokens seen: 1672478720, grad norm: 0.8273
[iter 25530]loss: 3.1403, tokens/sec: 20522.78 ± 125.55, tokens seen: 1673134080, grad norm: 1.0572
[iter 25540]loss: 3.1172, tokens/sec: 20522.78 ± 125.53, tokens seen: 1673789440, grad norm: 0.8065
[iter 25550]loss: 2.9520, tokens/sec: 20522.78 ± 125.51, tokens seen: 1674444800, grad norm: 0.9923
[iter 25560]loss: 2.9403, tokens/sec: 20522.78 ± 125.48, tokens seen: 1675100160, grad norm: 0.8485
[iter 25570]loss: 2.7955, tokens/sec: 20522.78 ± 125.46, tokens seen: 1675755520, grad norm: 0.9888
[iter 25580]loss: 2.8305, tokens/sec: 20522.79 ± 125.43, tokens seen: 1676410880, grad norm: 0.8467
[iter 25590]loss: 2.9420, tokens/sec: 20522.79 ± 125.41, tokens seen: 1677066240, grad norm: 0.9169
[iter 25600]loss: 3.2672, tokens/sec: 20522.79 ± 125.38, tokens seen: 1677721600, grad norm: 1.3775
[iter 25610]loss: 3.2627, tokens/sec: 20522.79 ± 125.36, tokens seen: 1678376960, grad norm: 0.8932
[iter 25620]loss: 3.2334, tokens/sec: 20522.79 ± 125.33, tokens seen: 1679032320, grad norm: 0.8430
[iter 25630]loss: 3.0184, tokens/sec: 20522.79 ± 125.31, tokens seen: 1679687680, grad norm: 1.0461
[iter 25640]loss: 3.1559, tokens/sec: 20522.79 ± 125.29, tokens seen: 1680343040, grad norm: 0.8478
[iter 25650]loss: 3.0443, tokens/sec: 20522.79 ± 125.26, tokens seen: 1680998400, grad norm: 0.8730
[iter 25660]loss: 2.7834, tokens/sec: 20522.79 ± 125.24, tokens seen: 1681653760, grad norm: 1.4711
[iter 25670]loss: 3.2127, tokens/sec: 20522.80 ± 125.21, tokens seen: 1682309120, grad norm: 0.8941
[iter 25680]loss: 2.9493, tokens/sec: 20522.80 ± 125.19, tokens seen: 1682964480, grad norm: 0.8939
[iter 25690]loss: 2.9139, tokens/sec: 20522.80 ± 125.16, tokens seen: 1683619840, grad norm: 0.8464
[iter 25700]loss: 3.1012, tokens/sec: 20522.80 ± 125.14, tokens seen: 1684275200, grad norm: 0.9170
[iter 25710]loss: 3.1540, tokens/sec: 20522.80 ± 125.12, tokens seen: 1684930560, grad norm: 0.9092
[iter 25720]loss: 3.1613, tokens/sec: 20522.80 ± 125.09, tokens seen: 1685585920, grad norm: 0.9829
[iter 25730]loss: 2.9952, tokens/sec: 20522.80 ± 125.07, tokens seen: 1686241280, grad norm: 1.4896
[iter 25740]loss: 2.9257, tokens/sec: 20522.81 ± 125.04, tokens seen: 1686896640, grad norm: 1.0286
[iter 25750]loss: 3.0261, tokens/sec: 20522.81 ± 125.02, tokens seen: 1687552000, grad norm: 0.9538
[iter 25760]loss: 3.0577, tokens/sec: 20522.81 ± 125.00, tokens seen: 1688207360, grad norm: 1.0779
[iter 25770]loss: 3.2526, tokens/sec: 20522.81 ± 124.97, tokens seen: 1688862720, grad norm: 1.1190
[iter 25780]loss: 3.1834, tokens/sec: 20522.81 ± 124.95, tokens seen: 1689518080, grad norm: 0.9097
[iter 25790]loss: 3.0673, tokens/sec: 20522.81 ± 124.92, tokens seen: 1690173440, grad norm: 1.0720
[iter 25800]loss: 3.2800, tokens/sec: 20522.81 ± 124.90, tokens seen: 1690828800, grad norm: 1.1331
[iter 25810]loss: 2.9803, tokens/sec: 20522.81 ± 124.88, tokens seen: 1691484160, grad norm: 0.9030
[iter 25820]loss: 3.0153, tokens/sec: 20522.81 ± 124.85, tokens seen: 1692139520, grad norm: 0.9027
[iter 25830]loss: 2.5699, tokens/sec: 20522.81 ± 124.83, tokens seen: 1692794880, grad norm: 1.0571
[iter 25840]loss: 2.9651, tokens/sec: 20522.82 ± 124.80, tokens seen: 1693450240, grad norm: 0.8600
[iter 25850]loss: 3.2104, tokens/sec: 20522.82 ± 124.78, tokens seen: 1694105600, grad norm: 1.0077
[iter 25860]loss: 2.9680, tokens/sec: 20522.82 ± 124.76, tokens seen: 1694760960, grad norm: 1.0012
[iter 25870]loss: 3.0805, tokens/sec: 20522.82 ± 124.73, tokens seen: 1695416320, grad norm: 0.9245
[iter 25880]loss: 2.9207, tokens/sec: 20522.82 ± 124.71, tokens seen: 1696071680, grad norm: 1.0672
[iter 25890]loss: 3.0890, tokens/sec: 20522.82 ± 124.68, tokens seen: 1696727040, grad norm: 0.9987
[iter 25900]loss: 2.9148, tokens/sec: 20522.82 ± 124.66, tokens seen: 1697382400, grad norm: 0.8242
[iter 25910]loss: 3.2362, tokens/sec: 20522.82 ± 124.64, tokens seen: 1698037760, grad norm: 0.8253
[iter 25920]loss: 2.9300, tokens/sec: 20522.82 ± 124.61, tokens seen: 1698693120, grad norm: 0.8502
[iter 25930]loss: 3.0262, tokens/sec: 20522.82 ± 124.59, tokens seen: 1699348480, grad norm: 0.8038
[iter 25940]loss: 3.1159, tokens/sec: 20522.82 ± 124.56, tokens seen: 1700003840, grad norm: 0.9709
[iter 25950]loss: 3.0369, tokens/sec: 20522.83 ± 124.54, tokens seen: 1700659200, grad norm: 0.8292
[iter 25960]loss: 2.8043, tokens/sec: 20522.82 ± 124.52, tokens seen: 1701314560, grad norm: 0.9150
[iter 25970]loss: 3.3821, tokens/sec: 20522.82 ± 124.49, tokens seen: 1701969920, grad norm: 0.8554
[iter 25980]loss: 3.0243, tokens/sec: 20522.82 ± 124.47, tokens seen: 1702625280, grad norm: 1.0094
[iter 25990]loss: 3.2792, tokens/sec: 20522.82 ± 124.44, tokens seen: 1703280640, grad norm: 0.9182
[step 26000]train loss: 3.0572, val loss: 3.0486, (avg train loss: 0.3816 ± 0.0231), (avg grad norm: 0.9731 ± 0.2450)
saving checkpoint to ./out-owt-xl-mhc-bs4-30000step
[iter 26000]loss: 2.8081, tokens/sec: 20522.83 ± 124.42, tokens seen: 1703936000, grad norm: 0.8793
[iter 26010]loss: 3.1014, tokens/sec: 20522.83 ± 124.40, tokens seen: 1704591360, grad norm: 0.7810
[iter 26020]loss: 3.0485, tokens/sec: 20522.82 ± 124.37, tokens seen: 1705246720, grad norm: 1.2567
[iter 26030]loss: 3.1625, tokens/sec: 20522.82 ± 124.35, tokens seen: 1705902080, grad norm: 0.8670
[iter 26040]loss: 3.0997, tokens/sec: 20522.82 ± 124.33, tokens seen: 1706557440, grad norm: 0.9178
[iter 26050]loss: 3.1865, tokens/sec: 20522.82 ± 124.30, tokens seen: 1707212800, grad norm: 0.8189
[iter 26060]loss: 3.2994, tokens/sec: 20522.82 ± 124.28, tokens seen: 1707868160, grad norm: 0.9045
[iter 26070]loss: 3.3173, tokens/sec: 20522.82 ± 124.26, tokens seen: 1708523520, grad norm: 1.1369
[iter 26080]loss: 2.7995, tokens/sec: 20522.82 ± 124.23, tokens seen: 1709178880, grad norm: 0.8519
[iter 26090]loss: 3.0353, tokens/sec: 20522.82 ± 124.21, tokens seen: 1709834240, grad norm: 0.9047
[iter 26100]loss: 3.2042, tokens/sec: 20522.82 ± 124.19, tokens seen: 1710489600, grad norm: 0.9520
[iter 26110]loss: 2.9433, tokens/sec: 20522.82 ± 124.16, tokens seen: 1711144960, grad norm: 1.1355
[iter 26120]loss: 3.0624, tokens/sec: 20522.82 ± 124.14, tokens seen: 1711800320, grad norm: 0.7978
[iter 26130]loss: 3.3510, tokens/sec: 20522.82 ± 124.11, tokens seen: 1712455680, grad norm: 0.9453
[iter 26140]loss: 3.2358, tokens/sec: 20522.82 ± 124.09, tokens seen: 1713111040, grad norm: 0.7962
[iter 26150]loss: 2.8629, tokens/sec: 20522.82 ± 124.07, tokens seen: 1713766400, grad norm: 0.8403
[iter 26160]loss: 3.0559, tokens/sec: 20522.82 ± 124.04, tokens seen: 1714421760, grad norm: 1.2513
[iter 26170]loss: 2.7903, tokens/sec: 20522.83 ± 124.02, tokens seen: 1715077120, grad norm: 0.9018
[iter 26180]loss: 3.0252, tokens/sec: 20522.83 ± 124.00, tokens seen: 1715732480, grad norm: 0.9705
[iter 26190]loss: 2.9633, tokens/sec: 20522.83 ± 123.97, tokens seen: 1716387840, grad norm: 0.8351
[iter 26200]loss: 2.9969, tokens/sec: 20522.82 ± 123.95, tokens seen: 1717043200, grad norm: 1.1987
[iter 26210]loss: 2.5676, tokens/sec: 20522.82 ± 123.93, tokens seen: 1717698560, grad norm: 0.8963
[iter 26220]loss: 2.8081, tokens/sec: 20522.83 ± 123.90, tokens seen: 1718353920, grad norm: 1.0178
[iter 26230]loss: 3.1251, tokens/sec: 20522.83 ± 123.88, tokens seen: 1719009280, grad norm: 0.9114
[iter 26240]loss: 3.3732, tokens/sec: 20522.83 ± 123.86, tokens seen: 1719664640, grad norm: 0.9473
[iter 26250]loss: 3.0655, tokens/sec: 20522.83 ± 123.83, tokens seen: 1720320000, grad norm: 0.9307
[iter 26260]loss: 2.9138, tokens/sec: 20522.83 ± 123.81, tokens seen: 1720975360, grad norm: 0.9907
[iter 26270]loss: 2.9234, tokens/sec: 20522.83 ± 123.79, tokens seen: 1721630720, grad norm: 1.0534
[iter 26280]loss: 3.0049, tokens/sec: 20522.83 ± 123.76, tokens seen: 1722286080, grad norm: 0.8460
[iter 26290]loss: 3.1876, tokens/sec: 20522.83 ± 123.74, tokens seen: 1722941440, grad norm: 0.9581
[iter 26300]loss: 3.0247, tokens/sec: 20522.83 ± 123.72, tokens seen: 1723596800, grad norm: 0.8494
[iter 26310]loss: 2.9128, tokens/sec: 20522.83 ± 123.69, tokens seen: 1724252160, grad norm: 1.0529
[iter 26320]loss: 3.3177, tokens/sec: 20522.83 ± 123.67, tokens seen: 1724907520, grad norm: 1.0228
[iter 26330]loss: 2.7839, tokens/sec: 20522.83 ± 123.65, tokens seen: 1725562880, grad norm: 0.9412
[iter 26340]loss: 3.1116, tokens/sec: 20522.83 ± 123.62, tokens seen: 1726218240, grad norm: 0.8278
[iter 26350]loss: 2.9521, tokens/sec: 20522.83 ± 123.60, tokens seen: 1726873600, grad norm: 0.9492
[iter 26360]loss: 3.0557, tokens/sec: 20522.83 ± 123.58, tokens seen: 1727528960, grad norm: 0.9557
[iter 26370]loss: 3.1604, tokens/sec: 20522.83 ± 123.55, tokens seen: 1728184320, grad norm: 0.8763
[iter 26380]loss: 3.1371, tokens/sec: 20522.83 ± 123.53, tokens seen: 1728839680, grad norm: 1.0738
[iter 26390]loss: 2.9171, tokens/sec: 20522.84 ± 123.51, tokens seen: 1729495040, grad norm: 0.8148
[iter 26400]loss: 3.1193, tokens/sec: 20522.84 ± 123.48, tokens seen: 1730150400, grad norm: 0.8482
[iter 26410]loss: 3.2224, tokens/sec: 20522.84 ± 123.46, tokens seen: 1730805760, grad norm: 1.0027
[iter 26420]loss: 3.0482, tokens/sec: 20522.84 ± 123.44, tokens seen: 1731461120, grad norm: 3.8893
[iter 26430]loss: 2.9038, tokens/sec: 20522.84 ± 123.41, tokens seen: 1732116480, grad norm: 0.8359
[iter 26440]loss: 3.5361, tokens/sec: 20522.84 ± 123.39, tokens seen: 1732771840, grad norm: 0.8731
[iter 26450]loss: 3.1023, tokens/sec: 20522.84 ± 123.37, tokens seen: 1733427200, grad norm: 0.8684
[iter 26460]loss: 3.1355, tokens/sec: 20522.84 ± 123.34, tokens seen: 1734082560, grad norm: 0.8814
[iter 26470]loss: 3.0821, tokens/sec: 20522.85 ± 123.32, tokens seen: 1734737920, grad norm: 1.0925
[iter 26480]loss: 2.7574, tokens/sec: 20522.85 ± 123.30, tokens seen: 1735393280, grad norm: 1.0218
[iter 26490]loss: 2.9763, tokens/sec: 20522.85 ± 123.27, tokens seen: 1736048640, grad norm: 0.9429
[step 26500]train loss: 3.0648, val loss: 3.0494, (avg train loss: 0.3807 ± 0.0245), (avg grad norm: 1.0170 ± 0.6162)
[iter 26500]loss: 3.0205, tokens/sec: 20522.85 ± 123.25, tokens seen: 1736704000, grad norm: 1.0285
[iter 26510]loss: 2.9093, tokens/sec: 20522.85 ± 123.23, tokens seen: 1737359360, grad norm: 1.7867
[iter 26520]loss: 2.9096, tokens/sec: 20522.85 ± 123.20, tokens seen: 1738014720, grad norm: 0.8815
[iter 26530]loss: 3.1623, tokens/sec: 20522.85 ± 123.18, tokens seen: 1738670080, grad norm: 1.0947
[iter 26540]loss: 3.0177, tokens/sec: 20522.85 ± 123.16, tokens seen: 1739325440, grad norm: 0.8624
[iter 26550]loss: 3.0796, tokens/sec: 20522.85 ± 123.13, tokens seen: 1739980800, grad norm: 0.8539
[iter 26560]loss: 3.3869, tokens/sec: 20522.85 ± 123.11, tokens seen: 1740636160, grad norm: 0.9484
[iter 26570]loss: 2.9010, tokens/sec: 20522.85 ± 123.09, tokens seen: 1741291520, grad norm: 1.2764
[iter 26580]loss: 3.0039, tokens/sec: 20522.85 ± 123.07, tokens seen: 1741946880, grad norm: 1.0138
[iter 26590]loss: 3.0289, tokens/sec: 20522.86 ± 123.04, tokens seen: 1742602240, grad norm: 0.9610
[iter 26600]loss: 3.5064, tokens/sec: 20522.86 ± 123.02, tokens seen: 1743257600, grad norm: 0.8294
[iter 26610]loss: 3.1339, tokens/sec: 20522.86 ± 123.00, tokens seen: 1743912960, grad norm: 0.8862
[iter 26620]loss: 3.0869, tokens/sec: 20522.86 ± 122.97, tokens seen: 1744568320, grad norm: 0.9770
[iter 26630]loss: 2.9781, tokens/sec: 20522.86 ± 122.95, tokens seen: 1745223680, grad norm: 0.8837
[iter 26640]loss: 2.9113, tokens/sec: 20522.86 ± 122.93, tokens seen: 1745879040, grad norm: 0.8629
[iter 26650]loss: 3.2088, tokens/sec: 20522.87 ± 122.90, tokens seen: 1746534400, grad norm: 0.9664
[iter 26660]loss: 2.9844, tokens/sec: 20522.87 ± 122.88, tokens seen: 1747189760, grad norm: 0.9720
[iter 26670]loss: 3.0387, tokens/sec: 20522.87 ± 122.86, tokens seen: 1747845120, grad norm: 0.9049
[iter 26680]loss: 3.2423, tokens/sec: 20522.87 ± 122.84, tokens seen: 1748500480, grad norm: 1.0332
[iter 26690]loss: 3.0172, tokens/sec: 20522.87 ± 122.81, tokens seen: 1749155840, grad norm: 0.9644
[iter 26700]loss: 2.9600, tokens/sec: 20522.87 ± 122.79, tokens seen: 1749811200, grad norm: 0.9479
[iter 26710]loss: 2.8482, tokens/sec: 20522.87 ± 122.77, tokens seen: 1750466560, grad norm: 0.8798
[iter 26720]loss: 3.0626, tokens/sec: 20522.87 ± 122.74, tokens seen: 1751121920, grad norm: 0.8731
[iter 26730]loss: 3.0688, tokens/sec: 20522.87 ± 122.72, tokens seen: 1751777280, grad norm: 0.9698
[iter 26740]loss: 3.1021, tokens/sec: 20522.87 ± 122.70, tokens seen: 1752432640, grad norm: 0.8879
[iter 26750]loss: 3.0101, tokens/sec: 20522.87 ± 122.68, tokens seen: 1753088000, grad norm: 1.1368
[iter 26760]loss: 3.1530, tokens/sec: 20522.87 ± 122.65, tokens seen: 1753743360, grad norm: 0.9638
[iter 26770]loss: 2.8206, tokens/sec: 20522.88 ± 122.63, tokens seen: 1754398720, grad norm: 1.1771
[iter 26780]loss: 3.1483, tokens/sec: 20522.88 ± 122.61, tokens seen: 1755054080, grad norm: 0.8783
[iter 26790]loss: 3.0871, tokens/sec: 20522.88 ± 122.58, tokens seen: 1755709440, grad norm: 1.1640
[iter 26800]loss: 2.9730, tokens/sec: 20522.88 ± 122.56, tokens seen: 1756364800, grad norm: 0.8827
[iter 26810]loss: 3.1460, tokens/sec: 20522.88 ± 122.54, tokens seen: 1757020160, grad norm: 1.1289
[iter 26820]loss: 3.1798, tokens/sec: 20522.88 ± 122.52, tokens seen: 1757675520, grad norm: 0.8293
[iter 26830]loss: 3.1099, tokens/sec: 20522.88 ± 122.49, tokens seen: 1758330880, grad norm: 0.7914
[iter 26840]loss: 3.4599, tokens/sec: 20522.88 ± 122.47, tokens seen: 1758986240, grad norm: 1.2985
[iter 26850]loss: 3.1531, tokens/sec: 20522.89 ± 122.45, tokens seen: 1759641600, grad norm: 1.0607
[iter 26860]loss: 2.9886, tokens/sec: 20522.89 ± 122.43, tokens seen: 1760296960, grad norm: 0.8902
[iter 26870]loss: 3.0638, tokens/sec: 20522.89 ± 122.40, tokens seen: 1760952320, grad norm: 1.0119
[iter 26880]loss: 3.2899, tokens/sec: 20522.89 ± 122.38, tokens seen: 1761607680, grad norm: 1.2100
[iter 26890]loss: 3.0410, tokens/sec: 20522.89 ± 122.36, tokens seen: 1762263040, grad norm: 0.9581
[iter 26900]loss: 3.0075, tokens/sec: 20522.89 ± 122.34, tokens seen: 1762918400, grad norm: 0.9151
[iter 26910]loss: 2.8294, tokens/sec: 20522.89 ± 122.31, tokens seen: 1763573760, grad norm: 1.0806
[iter 26920]loss: 2.9075, tokens/sec: 20522.89 ± 122.29, tokens seen: 1764229120, grad norm: 0.9635
[iter 26930]loss: 2.5908, tokens/sec: 20522.89 ± 122.27, tokens seen: 1764884480, grad norm: 0.8976
[iter 26940]loss: 2.9995, tokens/sec: 20522.89 ± 122.25, tokens seen: 1765539840, grad norm: 0.9122
[iter 26950]loss: 2.9529, tokens/sec: 20522.89 ± 122.22, tokens seen: 1766195200, grad norm: 0.9651
[iter 26960]loss: 2.8810, tokens/sec: 20522.90 ± 122.20, tokens seen: 1766850560, grad norm: 1.1097
[iter 26970]loss: 3.0306, tokens/sec: 20522.90 ± 122.18, tokens seen: 1767505920, grad norm: 1.3918
[iter 26980]loss: 2.6070, tokens/sec: 20522.90 ± 122.16, tokens seen: 1768161280, grad norm: 0.8472
[iter 26990]loss: 3.1119, tokens/sec: 20522.90 ± 122.13, tokens seen: 1768816640, grad norm: 0.8981
[step 27000]train loss: 3.0547, val loss: 3.0522, (avg train loss: 0.3803 ± 0.0251), (avg grad norm: 0.9940 ± 0.2006)
[iter 27000]loss: 2.9531, tokens/sec: 20522.90 ± 122.11, tokens seen: 1769472000, grad norm: 0.9982
[iter 27010]loss: 2.9964, tokens/sec: 20522.90 ± 122.09, tokens seen: 1770127360, grad norm: 1.1072
[iter 27020]loss: 3.2280, tokens/sec: 20522.89 ± 122.07, tokens seen: 1770782720, grad norm: 0.9733
[iter 27030]loss: 3.0418, tokens/sec: 20522.89 ± 122.04, tokens seen: 1771438080, grad norm: 0.9022
[iter 27040]loss: 2.9760, tokens/sec: 20522.90 ± 122.02, tokens seen: 1772093440, grad norm: 0.7944
[iter 27050]loss: 2.8650, tokens/sec: 20522.90 ± 122.00, tokens seen: 1772748800, grad norm: 0.9608
[iter 27060]loss: 3.2858, tokens/sec: 20522.90 ± 121.98, tokens seen: 1773404160, grad norm: 0.9213
[iter 27070]loss: 2.7887, tokens/sec: 20522.90 ± 121.95, tokens seen: 1774059520, grad norm: 1.0799
[iter 27080]loss: 3.1426, tokens/sec: 20522.90 ± 121.93, tokens seen: 1774714880, grad norm: 0.9270
[iter 27090]loss: 3.0472, tokens/sec: 20522.90 ± 121.91, tokens seen: 1775370240, grad norm: 0.8304
[iter 27100]loss: 2.9028, tokens/sec: 20522.90 ± 121.89, tokens seen: 1776025600, grad norm: 0.9707
[iter 27110]loss: 3.3514, tokens/sec: 20522.90 ± 121.86, tokens seen: 1776680960, grad norm: 0.8630
[iter 27120]loss: 3.1097, tokens/sec: 20522.90 ± 121.84, tokens seen: 1777336320, grad norm: 0.9143
[iter 27130]loss: 2.9195, tokens/sec: 20522.90 ± 121.82, tokens seen: 1777991680, grad norm: 1.0029
[iter 27140]loss: 3.1475, tokens/sec: 20522.90 ± 121.80, tokens seen: 1778647040, grad norm: 1.2547
[iter 27150]loss: 3.3179, tokens/sec: 20522.90 ± 121.77, tokens seen: 1779302400, grad norm: 1.1935
[iter 27160]loss: 2.9293, tokens/sec: 20522.90 ± 121.75, tokens seen: 1779957760, grad norm: 1.0531
[iter 27170]loss: 2.9074, tokens/sec: 20522.90 ± 121.73, tokens seen: 1780613120, grad norm: 0.9720
[iter 27180]loss: 2.9584, tokens/sec: 20522.91 ± 121.71, tokens seen: 1781268480, grad norm: 0.9216
[iter 27190]loss: 2.9391, tokens/sec: 20522.91 ± 121.69, tokens seen: 1781923840, grad norm: 0.8924
[iter 27200]loss: 3.0265, tokens/sec: 20522.91 ± 121.66, tokens seen: 1782579200, grad norm: 0.8808
[iter 27210]loss: 3.1650, tokens/sec: 20522.90 ± 121.64, tokens seen: 1783234560, grad norm: 0.9956
[iter 27220]loss: 3.2505, tokens/sec: 20522.91 ± 121.62, tokens seen: 1783889920, grad norm: 1.1099
[iter 27230]loss: 3.0478, tokens/sec: 20522.91 ± 121.60, tokens seen: 1784545280, grad norm: 1.0781
[iter 27240]loss: 3.3174, tokens/sec: 20522.91 ± 121.57, tokens seen: 1785200640, grad norm: 1.0623
[iter 27250]loss: 3.1671, tokens/sec: 20522.91 ± 121.55, tokens seen: 1785856000, grad norm: 0.9846
[iter 27260]loss: 3.0323, tokens/sec: 20522.91 ± 121.53, tokens seen: 1786511360, grad norm: 1.1760
[iter 27270]loss: 2.9773, tokens/sec: 20522.91 ± 121.51, tokens seen: 1787166720, grad norm: 0.9597
[iter 27280]loss: 3.3473, tokens/sec: 20522.91 ± 121.49, tokens seen: 1787822080, grad norm: 1.1964
[iter 27290]loss: 2.8889, tokens/sec: 20522.91 ± 121.46, tokens seen: 1788477440, grad norm: 0.8926
[iter 27300]loss: 3.1200, tokens/sec: 20522.91 ± 121.44, tokens seen: 1789132800, grad norm: 0.9615
[iter 27310]loss: 3.1397, tokens/sec: 20522.91 ± 121.42, tokens seen: 1789788160, grad norm: 1.1191
[iter 27320]loss: 3.2677, tokens/sec: 20522.91 ± 121.40, tokens seen: 1790443520, grad norm: 0.9041
[iter 27330]loss: 2.7632, tokens/sec: 20522.91 ± 121.37, tokens seen: 1791098880, grad norm: 1.5919
[iter 27340]loss: 2.6753, tokens/sec: 20522.91 ± 121.35, tokens seen: 1791754240, grad norm: 0.9909
[iter 27350]loss: 3.0531, tokens/sec: 20522.91 ± 121.33, tokens seen: 1792409600, grad norm: 0.8493
[iter 27360]loss: 3.2027, tokens/sec: 20522.91 ± 121.31, tokens seen: 1793064960, grad norm: 0.8424
[iter 27370]loss: 3.2025, tokens/sec: 20522.91 ± 121.29, tokens seen: 1793720320, grad norm: 0.9555
[iter 27380]loss: 3.0097, tokens/sec: 20522.91 ± 121.26, tokens seen: 1794375680, grad norm: 0.9156
[iter 27390]loss: 2.6627, tokens/sec: 20522.91 ± 121.24, tokens seen: 1795031040, grad norm: 0.9907
[iter 27400]loss: 2.7928, tokens/sec: 20522.91 ± 121.22, tokens seen: 1795686400, grad norm: 1.4281
[iter 27410]loss: 2.9283, tokens/sec: 20522.91 ± 121.20, tokens seen: 1796341760, grad norm: 0.9288
[iter 27420]loss: 2.8202, tokens/sec: 20522.91 ± 121.18, tokens seen: 1796997120, grad norm: 1.0241
[iter 27430]loss: 3.2246, tokens/sec: 20522.91 ± 121.15, tokens seen: 1797652480, grad norm: 0.8396
[iter 27440]loss: 2.9314, tokens/sec: 20522.91 ± 121.13, tokens seen: 1798307840, grad norm: 0.7980
[iter 27450]loss: 3.3096, tokens/sec: 20522.91 ± 121.11, tokens seen: 1798963200, grad norm: 0.9204
[iter 27460]loss: 2.8369, tokens/sec: 20522.91 ± 121.09, tokens seen: 1799618560, grad norm: 0.8434
[iter 27470]loss: 3.0854, tokens/sec: 20522.91 ± 121.07, tokens seen: 1800273920, grad norm: 0.9388
[iter 27480]loss: 3.1408, tokens/sec: 20522.92 ± 121.05, tokens seen: 1800929280, grad norm: 0.9807
[iter 27490]loss: 3.0147, tokens/sec: 20522.92 ± 121.02, tokens seen: 1801584640, grad norm: 0.9575
[step 27500]train loss: 3.0501, val loss: 3.0618, (avg train loss: 0.3804 ± 0.0222), (avg grad norm: 0.9849 ± 0.1446)
[iter 27500]loss: 2.8595, tokens/sec: 20522.92 ± 121.00, tokens seen: 1802240000, grad norm: 1.1423
[iter 27510]loss: 3.1313, tokens/sec: 20522.92 ± 120.98, tokens seen: 1802895360, grad norm: 1.2194
[iter 27520]loss: 2.9364, tokens/sec: 20522.92 ± 120.96, tokens seen: 1803550720, grad norm: 0.9088
[iter 27530]loss: 3.0212, tokens/sec: 20522.92 ± 120.94, tokens seen: 1804206080, grad norm: 0.8904
[iter 27540]loss: 3.3746, tokens/sec: 20522.92 ± 120.91, tokens seen: 1804861440, grad norm: 0.9618
[iter 27550]loss: 3.3159, tokens/sec: 20522.92 ± 120.89, tokens seen: 1805516800, grad norm: 0.9233
[iter 27560]loss: 2.8288, tokens/sec: 20522.92 ± 120.87, tokens seen: 1806172160, grad norm: 0.8442
[iter 27570]loss: 3.1812, tokens/sec: 20522.92 ± 120.85, tokens seen: 1806827520, grad norm: 0.8776
[iter 27580]loss: 3.1757, tokens/sec: 20522.92 ± 120.83, tokens seen: 1807482880, grad norm: 1.0522
[iter 27590]loss: 3.4396, tokens/sec: 20522.92 ± 120.81, tokens seen: 1808138240, grad norm: 0.8570
[iter 27600]loss: 3.0201, tokens/sec: 20522.92 ± 120.78, tokens seen: 1808793600, grad norm: 1.6120
[iter 27610]loss: 2.9938, tokens/sec: 20522.92 ± 120.76, tokens seen: 1809448960, grad norm: 0.9131
[iter 27620]loss: 3.0091, tokens/sec: 20522.92 ± 120.74, tokens seen: 1810104320, grad norm: 0.8937
[iter 27630]loss: 2.9052, tokens/sec: 20522.92 ± 120.72, tokens seen: 1810759680, grad norm: 0.9310
[iter 27640]loss: 2.9622, tokens/sec: 20522.92 ± 120.70, tokens seen: 1811415040, grad norm: 0.9847
[iter 27650]loss: 3.1322, tokens/sec: 20522.92 ± 120.67, tokens seen: 1812070400, grad norm: 0.8654
[iter 27660]loss: 2.9566, tokens/sec: 20522.92 ± 120.65, tokens seen: 1812725760, grad norm: 1.0193
[iter 27670]loss: 2.8791, tokens/sec: 20522.92 ± 120.63, tokens seen: 1813381120, grad norm: 1.0422
[iter 27680]loss: 3.1947, tokens/sec: 20522.92 ± 120.61, tokens seen: 1814036480, grad norm: 1.5617
[iter 27690]loss: 3.2238, tokens/sec: 20522.93 ± 120.59, tokens seen: 1814691840, grad norm: 1.0467
[iter 27700]loss: 3.0648, tokens/sec: 20522.93 ± 120.57, tokens seen: 1815347200, grad norm: 1.0539
[iter 27710]loss: 3.0040, tokens/sec: 20522.93 ± 120.54, tokens seen: 1816002560, grad norm: 0.8864
[iter 27720]loss: 2.4338, tokens/sec: 20522.93 ± 120.52, tokens seen: 1816657920, grad norm: 0.9187
[iter 27730]loss: 2.9531, tokens/sec: 20522.93 ± 120.50, tokens seen: 1817313280, grad norm: 0.8410
[iter 27740]loss: 3.1478, tokens/sec: 20522.93 ± 120.48, tokens seen: 1817968640, grad norm: 1.2900
[iter 27750]loss: 2.9214, tokens/sec: 20522.93 ± 120.46, tokens seen: 1818624000, grad norm: 0.8515
[iter 27760]loss: 3.0887, tokens/sec: 20522.93 ± 120.44, tokens seen: 1819279360, grad norm: 1.1951
[iter 27770]loss: 3.0188, tokens/sec: 20522.93 ± 120.42, tokens seen: 1819934720, grad norm: 1.0472
[iter 27780]loss: 2.9781, tokens/sec: 20522.93 ± 120.39, tokens seen: 1820590080, grad norm: 0.8275
[iter 27790]loss: 3.2728, tokens/sec: 20522.93 ± 120.37, tokens seen: 1821245440, grad norm: 2.8817
[iter 27800]loss: 2.8786, tokens/sec: 20522.93 ± 120.35, tokens seen: 1821900800, grad norm: 0.8269
[iter 27810]loss: 2.7636, tokens/sec: 20522.94 ± 120.33, tokens seen: 1822556160, grad norm: 0.9506
[iter 27820]loss: 3.0780, tokens/sec: 20522.94 ± 120.31, tokens seen: 1823211520, grad norm: 0.9708
[iter 27830]loss: 3.0782, tokens/sec: 20522.94 ± 120.29, tokens seen: 1823866880, grad norm: 1.1291
[iter 27840]loss: 3.0323, tokens/sec: 20522.94 ± 120.26, tokens seen: 1824522240, grad norm: 0.8730
[iter 27850]loss: 2.9624, tokens/sec: 20522.94 ± 120.24, tokens seen: 1825177600, grad norm: 1.2924
[iter 27860]loss: 3.1703, tokens/sec: 20522.94 ± 120.22, tokens seen: 1825832960, grad norm: 0.9030
[iter 27870]loss: 3.3190, tokens/sec: 20522.94 ± 120.20, tokens seen: 1826488320, grad norm: 0.9936
[iter 27880]loss: 3.1359, tokens/sec: 20522.95 ± 120.18, tokens seen: 1827143680, grad norm: 0.9613
[iter 27890]loss: 3.1666, tokens/sec: 20522.95 ± 120.16, tokens seen: 1827799040, grad norm: 0.9157
[iter 27900]loss: 2.8791, tokens/sec: 20522.95 ± 120.14, tokens seen: 1828454400, grad norm: 1.0677
[iter 27910]loss: 2.9490, tokens/sec: 20522.95 ± 120.11, tokens seen: 1829109760, grad norm: 1.0539
[iter 27920]loss: 3.0887, tokens/sec: 20522.95 ± 120.09, tokens seen: 1829765120, grad norm: 1.0093
[iter 27930]loss: 3.1048, tokens/sec: 20522.95 ± 120.07, tokens seen: 1830420480, grad norm: 0.8934
[iter 27940]loss: 3.0890, tokens/sec: 20522.95 ± 120.05, tokens seen: 1831075840, grad norm: 0.8366
[iter 27950]loss: 3.1562, tokens/sec: 20522.96 ± 120.03, tokens seen: 1831731200, grad norm: 0.9611
[iter 27960]loss: 3.1777, tokens/sec: 20522.96 ± 120.01, tokens seen: 1832386560, grad norm: 0.9849
[iter 27970]loss: 3.1515, tokens/sec: 20522.96 ± 119.99, tokens seen: 1833041920, grad norm: 1.0547
[iter 27980]loss: 2.6603, tokens/sec: 20522.96 ± 119.97, tokens seen: 1833697280, grad norm: 1.0530
[iter 27990]loss: 2.8091, tokens/sec: 20522.96 ± 119.94, tokens seen: 1834352640, grad norm: 0.8308
[step 28000]train loss: 3.0294, val loss: 3.0483, (avg train loss: 0.3805 ± 0.0232), (avg grad norm: 0.9965 ± 0.1361)
saving checkpoint to ./out-owt-xl-mhc-bs4-30000step
[iter 28000]loss: 3.1069, tokens/sec: 20522.96 ± 119.92, tokens seen: 1835008000, grad norm: 0.9935
[iter 28010]loss: 3.0242, tokens/sec: 20522.97 ± 119.90, tokens seen: 1835663360, grad norm: 0.9277
[iter 28020]loss: 3.0216, tokens/sec: 20522.97 ± 119.88, tokens seen: 1836318720, grad norm: 0.9602
[iter 28030]loss: 2.8699, tokens/sec: 20522.97 ± 119.86, tokens seen: 1836974080, grad norm: 0.8246
[iter 28040]loss: 2.8469, tokens/sec: 20522.97 ± 119.84, tokens seen: 1837629440, grad norm: 0.8732
[iter 28050]loss: 2.9604, tokens/sec: 20522.97 ± 119.82, tokens seen: 1838284800, grad norm: 1.0026
[iter 28060]loss: 2.9105, tokens/sec: 20522.97 ± 119.80, tokens seen: 1838940160, grad norm: 0.8985
[iter 28070]loss: 2.8816, tokens/sec: 20522.97 ± 119.77, tokens seen: 1839595520, grad norm: 1.0580
[iter 28080]loss: 2.8246, tokens/sec: 20522.97 ± 119.75, tokens seen: 1840250880, grad norm: 0.9802
[iter 28090]loss: 3.2532, tokens/sec: 20522.97 ± 119.73, tokens seen: 1840906240, grad norm: 1.0255
[iter 28100]loss: 3.1688, tokens/sec: 20522.97 ± 119.71, tokens seen: 1841561600, grad norm: 0.8502
[iter 28110]loss: 3.0584, tokens/sec: 20522.97 ± 119.69, tokens seen: 1842216960, grad norm: 1.0493
[iter 28120]loss: 3.0472, tokens/sec: 20522.97 ± 119.67, tokens seen: 1842872320, grad norm: 0.8151
[iter 28130]loss: 2.5894, tokens/sec: 20522.97 ± 119.65, tokens seen: 1843527680, grad norm: 0.7992
[iter 28140]loss: 3.0331, tokens/sec: 20522.97 ± 119.63, tokens seen: 1844183040, grad norm: 1.2352
[iter 28150]loss: 3.2113, tokens/sec: 20522.97 ± 119.60, tokens seen: 1844838400, grad norm: 1.0444
[iter 28160]loss: 3.3429, tokens/sec: 20522.97 ± 119.58, tokens seen: 1845493760, grad norm: 0.8193
[iter 28170]loss: 3.2246, tokens/sec: 20522.97 ± 119.56, tokens seen: 1846149120, grad norm: 0.8996
[iter 28180]loss: 3.2652, tokens/sec: 20522.97 ± 119.54, tokens seen: 1846804480, grad norm: 0.9369
[iter 28190]loss: 3.0923, tokens/sec: 20522.97 ± 119.52, tokens seen: 1847459840, grad norm: 0.9176
[iter 28200]loss: 3.2665, tokens/sec: 20522.97 ± 119.50, tokens seen: 1848115200, grad norm: 0.8261
[iter 28210]loss: 2.9362, tokens/sec: 20522.97 ± 119.48, tokens seen: 1848770560, grad norm: 1.8460
[iter 28220]loss: 3.0316, tokens/sec: 20522.97 ± 119.46, tokens seen: 1849425920, grad norm: 0.8786
[iter 28230]loss: 2.5817, tokens/sec: 20522.97 ± 119.44, tokens seen: 1850081280, grad norm: 0.9009
[iter 28240]loss: 3.1115, tokens/sec: 20522.97 ± 119.42, tokens seen: 1850736640, grad norm: 0.8509
[iter 28250]loss: 3.3483, tokens/sec: 20522.97 ± 119.39, tokens seen: 1851392000, grad norm: 0.9103
[iter 28260]loss: 3.0553, tokens/sec: 20522.97 ± 119.37, tokens seen: 1852047360, grad norm: 0.8442
[iter 28270]loss: 2.8841, tokens/sec: 20522.97 ± 119.35, tokens seen: 1852702720, grad norm: 0.9432
[iter 28280]loss: 3.1974, tokens/sec: 20522.97 ± 119.33, tokens seen: 1853358080, grad norm: 0.8047
[iter 28290]loss: 3.2699, tokens/sec: 20522.97 ± 119.31, tokens seen: 1854013440, grad norm: 1.2283
[iter 28300]loss: 3.0286, tokens/sec: 20522.98 ± 119.29, tokens seen: 1854668800, grad norm: 1.0416
[iter 28310]loss: 3.0067, tokens/sec: 20522.98 ± 119.27, tokens seen: 1855324160, grad norm: 1.2435
[iter 28320]loss: 2.8970, tokens/sec: 20522.98 ± 119.25, tokens seen: 1855979520, grad norm: 0.9313
[iter 28330]loss: 2.5610, tokens/sec: 20522.98 ± 119.23, tokens seen: 1856634880, grad norm: 0.8987
[iter 28340]loss: 3.2980, tokens/sec: 20522.98 ± 119.21, tokens seen: 1857290240, grad norm: 0.9778
[iter 28350]loss: 3.1724, tokens/sec: 20522.98 ± 119.18, tokens seen: 1857945600, grad norm: 0.9734
[iter 28360]loss: 3.0179, tokens/sec: 20522.98 ± 119.16, tokens seen: 1858600960, grad norm: 1.3164
[iter 28370]loss: 3.1114, tokens/sec: 20522.98 ± 119.14, tokens seen: 1859256320, grad norm: 1.0015
[iter 28380]loss: 2.9096, tokens/sec: 20522.98 ± 119.12, tokens seen: 1859911680, grad norm: 1.1208
[iter 28390]loss: 3.0934, tokens/sec: 20522.98 ± 119.10, tokens seen: 1860567040, grad norm: 1.0893
[iter 28400]loss: 3.0369, tokens/sec: 20522.98 ± 119.08, tokens seen: 1861222400, grad norm: 1.2539
[iter 28410]loss: 3.2285, tokens/sec: 20522.98 ± 119.06, tokens seen: 1861877760, grad norm: 0.9449
[iter 28420]loss: 3.1114, tokens/sec: 20522.98 ± 119.04, tokens seen: 1862533120, grad norm: 0.9993
[iter 28430]loss: 2.9670, tokens/sec: 20522.98 ± 119.02, tokens seen: 1863188480, grad norm: 1.1800
[iter 28440]loss: 3.0092, tokens/sec: 20522.98 ± 119.00, tokens seen: 1863843840, grad norm: 1.0200
[iter 28450]loss: 3.0940, tokens/sec: 20522.98 ± 118.98, tokens seen: 1864499200, grad norm: 0.9706
[iter 28460]loss: 3.1200, tokens/sec: 20522.98 ± 118.96, tokens seen: 1865154560, grad norm: 0.9405
[iter 28470]loss: 3.0255, tokens/sec: 20522.98 ± 118.94, tokens seen: 1865809920, grad norm: 0.9511
[iter 28480]loss: 3.2396, tokens/sec: 20522.98 ± 118.91, tokens seen: 1866465280, grad norm: 0.8780
[iter 28490]loss: 2.5537, tokens/sec: 20522.98 ± 118.89, tokens seen: 1867120640, grad norm: 0.8176
[step 28500]train loss: 3.0433, val loss: 3.0287, (avg train loss: 0.3819 ± 0.0268), (avg grad norm: 1.0248 ± 0.1812)
saving checkpoint to ./out-owt-xl-mhc-bs4-30000step
[iter 28500]loss: 3.0918, tokens/sec: 20522.98 ± 118.87, tokens seen: 1867776000, grad norm: 0.9042
[iter 28510]loss: 2.9990, tokens/sec: 20522.98 ± 118.85, tokens seen: 1868431360, grad norm: 0.9109
[iter 28520]loss: 2.8937, tokens/sec: 20522.97 ± 118.83, tokens seen: 1869086720, grad norm: 1.0729
[iter 28530]loss: 3.1486, tokens/sec: 20522.97 ± 118.81, tokens seen: 1869742080, grad norm: 1.0627
[iter 28540]loss: 3.0180, tokens/sec: 20522.97 ± 118.79, tokens seen: 1870397440, grad norm: 1.2798
[iter 28550]loss: 3.0082, tokens/sec: 20522.97 ± 118.77, tokens seen: 1871052800, grad norm: 1.0623
[iter 28560]loss: 2.9127, tokens/sec: 20522.97 ± 118.75, tokens seen: 1871708160, grad norm: 0.9568
[iter 28570]loss: 2.9944, tokens/sec: 20522.98 ± 118.73, tokens seen: 1872363520, grad norm: 1.1267
[iter 28580]loss: 3.0551, tokens/sec: 20522.98 ± 118.71, tokens seen: 1873018880, grad norm: 0.9432
[iter 28590]loss: 3.0110, tokens/sec: 20522.98 ± 118.69, tokens seen: 1873674240, grad norm: 1.2728
[iter 28600]loss: 3.2938, tokens/sec: 20522.98 ± 118.67, tokens seen: 1874329600, grad norm: 2.5344
[iter 28610]loss: 3.1039, tokens/sec: 20522.97 ± 118.65, tokens seen: 1874984960, grad norm: 1.0251
[iter 28620]loss: 2.8789, tokens/sec: 20522.98 ± 118.63, tokens seen: 1875640320, grad norm: 1.4063
[iter 28630]loss: 2.6477, tokens/sec: 20522.98 ± 118.61, tokens seen: 1876295680, grad norm: 0.9584
[iter 28640]loss: 2.9970, tokens/sec: 20522.98 ± 118.58, tokens seen: 1876951040, grad norm: 1.4319
[iter 28650]loss: 3.0162, tokens/sec: 20522.98 ± 118.56, tokens seen: 1877606400, grad norm: 0.8496
[iter 28660]loss: 2.9105, tokens/sec: 20522.98 ± 118.54, tokens seen: 1878261760, grad norm: 0.8480
[iter 28670]loss: 3.1144, tokens/sec: 20522.98 ± 118.52, tokens seen: 1878917120, grad norm: 0.9167
[iter 28680]loss: 2.8903, tokens/sec: 20522.98 ± 118.50, tokens seen: 1879572480, grad norm: 1.1988
[iter 28690]loss: 2.8926, tokens/sec: 20522.98 ± 118.48, tokens seen: 1880227840, grad norm: 0.9323
[iter 28700]loss: 2.9735, tokens/sec: 20522.99 ± 118.46, tokens seen: 1880883200, grad norm: 2.1270
[iter 28710]loss: 3.0202, tokens/sec: 20522.99 ± 118.44, tokens seen: 1881538560, grad norm: 1.2869
[iter 28720]loss: 2.9926, tokens/sec: 20522.99 ± 118.42, tokens seen: 1882193920, grad norm: 0.9297
[iter 28730]loss: 2.8907, tokens/sec: 20522.99 ± 118.40, tokens seen: 1882849280, grad norm: 1.7875
[iter 28740]loss: 2.8428, tokens/sec: 20522.99 ± 118.38, tokens seen: 1883504640, grad norm: 0.9623
[iter 28750]loss: 3.1556, tokens/sec: 20522.99 ± 118.36, tokens seen: 1884160000, grad norm: 1.0605
[iter 28760]loss: 2.9264, tokens/sec: 20522.99 ± 118.34, tokens seen: 1884815360, grad norm: 0.9046
[iter 28770]loss: 3.0948, tokens/sec: 20522.99 ± 118.32, tokens seen: 1885470720, grad norm: 1.2002
[iter 28780]loss: 2.9380, tokens/sec: 20522.99 ± 118.30, tokens seen: 1886126080, grad norm: 1.5551
[iter 28790]loss: 3.0056, tokens/sec: 20522.99 ± 118.28, tokens seen: 1886781440, grad norm: 0.9685
[iter 28800]loss: 3.1573, tokens/sec: 20523.00 ± 118.26, tokens seen: 1887436800, grad norm: 0.9229
[iter 28810]loss: 3.0522, tokens/sec: 20523.00 ± 118.24, tokens seen: 1888092160, grad norm: 1.0845
[iter 28820]loss: 3.2280, tokens/sec: 20523.00 ± 118.22, tokens seen: 1888747520, grad norm: 0.9271
[iter 28830]loss: 2.8307, tokens/sec: 20523.00 ± 118.20, tokens seen: 1889402880, grad norm: 1.2544
[iter 28840]loss: 3.2760, tokens/sec: 20523.00 ± 118.18, tokens seen: 1890058240, grad norm: 0.9152
[iter 28850]loss: 2.7860, tokens/sec: 20523.00 ± 118.16, tokens seen: 1890713600, grad norm: 0.8244
[iter 28860]loss: 2.9928, tokens/sec: 20523.00 ± 118.13, tokens seen: 1891368960, grad norm: 0.8826
[iter 28870]loss: 2.8370, tokens/sec: 20523.00 ± 118.11, tokens seen: 1892024320, grad norm: 0.8472
[iter 28880]loss: 3.2575, tokens/sec: 20523.00 ± 118.09, tokens seen: 1892679680, grad norm: 1.9177
[iter 28890]loss: 2.8231, tokens/sec: 20523.00 ± 118.07, tokens seen: 1893335040, grad norm: 1.1102
[iter 28900]loss: 2.9556, tokens/sec: 20523.00 ± 118.05, tokens seen: 1893990400, grad norm: 1.4637
[iter 28910]loss: 2.8183, tokens/sec: 20523.00 ± 118.03, tokens seen: 1894645760, grad norm: 0.8231
[iter 28920]loss: 3.0103, tokens/sec: 20523.00 ± 118.01, tokens seen: 1895301120, grad norm: 0.9013
[iter 28930]loss: 2.4930, tokens/sec: 20523.00 ± 117.99, tokens seen: 1895956480, grad norm: 1.2367
[iter 28940]loss: 3.1692, tokens/sec: 20523.01 ± 117.97, tokens seen: 1896611840, grad norm: 1.0375
[iter 28950]loss: 2.9286, tokens/sec: 20523.01 ± 117.95, tokens seen: 1897267200, grad norm: 1.0355
[iter 28960]loss: 3.0677, tokens/sec: 20523.01 ± 117.93, tokens seen: 1897922560, grad norm: 0.8351
[iter 28970]loss: 3.2011, tokens/sec: 20523.01 ± 117.91, tokens seen: 1898577920, grad norm: 0.8521
[iter 28980]loss: 3.1440, tokens/sec: 20523.01 ± 117.89, tokens seen: 1899233280, grad norm: 0.8555
[iter 28990]loss: 3.0538, tokens/sec: 20523.01 ± 117.87, tokens seen: 1899888640, grad norm: 0.8984
[step 29000]train loss: 3.0572, val loss: 3.0511, (avg train loss: 0.3798 ± 0.0239), (avg grad norm: 1.1446 ± 0.6670)
[iter 29000]loss: 2.8034, tokens/sec: 20523.01 ± 117.85, tokens seen: 1900544000, grad norm: 0.8664
[iter 29010]loss: 3.2028, tokens/sec: 20523.01 ± 117.83, tokens seen: 1901199360, grad norm: 1.0370
[iter 29020]loss: 3.3883, tokens/sec: 20523.01 ± 117.81, tokens seen: 1901854720, grad norm: 1.0612
[iter 29030]loss: 3.1849, tokens/sec: 20523.01 ± 117.79, tokens seen: 1902510080, grad norm: 1.1401
[iter 29040]loss: 2.9509, tokens/sec: 20523.01 ± 117.77, tokens seen: 1903165440, grad norm: 1.2525
[iter 29050]loss: 2.9166, tokens/sec: 20523.01 ± 117.75, tokens seen: 1903820800, grad norm: 0.8461
[iter 29060]loss: 2.7894, tokens/sec: 20523.01 ± 117.73, tokens seen: 1904476160, grad norm: 1.2515
[iter 29070]loss: 3.0284, tokens/sec: 20523.01 ± 117.71, tokens seen: 1905131520, grad norm: 0.8658
[iter 29080]loss: 2.7558, tokens/sec: 20523.01 ± 117.69, tokens seen: 1905786880, grad norm: 0.8825
[iter 29090]loss: 2.9666, tokens/sec: 20523.01 ± 117.67, tokens seen: 1906442240, grad norm: 1.0136
[iter 29100]loss: 2.9572, tokens/sec: 20523.02 ± 117.65, tokens seen: 1907097600, grad norm: 0.9022
[iter 29110]loss: 3.0548, tokens/sec: 20523.02 ± 117.63, tokens seen: 1907752960, grad norm: 1.1258
[iter 29120]loss: 3.0660, tokens/sec: 20523.02 ± 117.61, tokens seen: 1908408320, grad norm: 0.9527
[iter 29130]loss: 3.0614, tokens/sec: 20523.02 ± 117.59, tokens seen: 1909063680, grad norm: 0.8920
[iter 29140]loss: 3.1038, tokens/sec: 20523.02 ± 117.57, tokens seen: 1909719040, grad norm: 1.2671
[iter 29150]loss: 3.1792, tokens/sec: 20523.02 ± 117.55, tokens seen: 1910374400, grad norm: 1.0930
[iter 29160]loss: 3.1157, tokens/sec: 20523.02 ± 117.53, tokens seen: 1911029760, grad norm: 0.9104
[iter 29170]loss: 3.3537, tokens/sec: 20523.02 ± 117.51, tokens seen: 1911685120, grad norm: 0.8727
[iter 29180]loss: 3.0654, tokens/sec: 20523.02 ± 117.49, tokens seen: 1912340480, grad norm: 0.8988
[iter 29190]loss: 3.1983, tokens/sec: 20523.02 ± 117.47, tokens seen: 1912995840, grad norm: 0.9225
[iter 29200]loss: 2.9781, tokens/sec: 20523.03 ± 117.45, tokens seen: 1913651200, grad norm: 0.8236
[iter 29210]loss: 3.2255, tokens/sec: 20523.03 ± 117.43, tokens seen: 1914306560, grad norm: 1.2459
[iter 29220]loss: 3.0798, tokens/sec: 20523.03 ± 117.41, tokens seen: 1914961920, grad norm: 0.9176
[iter 29230]loss: 3.1076, tokens/sec: 20523.03 ± 117.39, tokens seen: 1915617280, grad norm: 0.9151
[iter 29240]loss: 3.1311, tokens/sec: 20523.03 ± 117.37, tokens seen: 1916272640, grad norm: 1.2215
[iter 29250]loss: 2.9126, tokens/sec: 20523.03 ± 117.35, tokens seen: 1916928000, grad norm: 1.2176
[iter 29260]loss: 2.9578, tokens/sec: 20523.03 ± 117.33, tokens seen: 1917583360, grad norm: 0.8373
[iter 29270]loss: 3.2317, tokens/sec: 20523.03 ± 117.31, tokens seen: 1918238720, grad norm: 1.2629
[iter 29280]loss: 3.3405, tokens/sec: 20523.03 ± 117.29, tokens seen: 1918894080, grad norm: 1.6314
[iter 29290]loss: 3.2332, tokens/sec: 20523.03 ± 117.27, tokens seen: 1919549440, grad norm: 0.8944
[iter 29300]loss: 2.7531, tokens/sec: 20523.04 ± 117.25, tokens seen: 1920204800, grad norm: 1.1891
[iter 29310]loss: 3.0278, tokens/sec: 20523.04 ± 117.23, tokens seen: 1920860160, grad norm: 1.0685
[iter 29320]loss: 3.1425, tokens/sec: 20523.04 ± 117.21, tokens seen: 1921515520, grad norm: 0.9239
[iter 29330]loss: 2.8040, tokens/sec: 20523.04 ± 117.19, tokens seen: 1922170880, grad norm: 0.9396
[iter 29340]loss: 3.3309, tokens/sec: 20523.04 ± 117.17, tokens seen: 1922826240, grad norm: 0.8895
[iter 29350]loss: 2.8797, tokens/sec: 20523.04 ± 117.15, tokens seen: 1923481600, grad norm: 0.9213
[iter 29360]loss: 3.1787, tokens/sec: 20523.04 ± 117.13, tokens seen: 1924136960, grad norm: 0.9234
[iter 29370]loss: 2.9731, tokens/sec: 20523.04 ± 117.11, tokens seen: 1924792320, grad norm: 1.0925
[iter 29380]loss: 2.7908, tokens/sec: 20523.04 ± 117.09, tokens seen: 1925447680, grad norm: 1.1785
[iter 29390]loss: 3.1021, tokens/sec: 20523.05 ± 117.07, tokens seen: 1926103040, grad norm: 1.2252
[iter 29400]loss: 3.0488, tokens/sec: 20523.05 ± 117.05, tokens seen: 1926758400, grad norm: 0.8094
[iter 29410]loss: 3.0621, tokens/sec: 20523.05 ± 117.03, tokens seen: 1927413760, grad norm: 0.8381
[iter 29420]loss: 2.8958, tokens/sec: 20523.05 ± 117.01, tokens seen: 1928069120, grad norm: 0.8951
[iter 29430]loss: 2.7023, tokens/sec: 20523.05 ± 116.99, tokens seen: 1928724480, grad norm: 0.8829
[iter 29440]loss: 3.0186, tokens/sec: 20523.05 ± 116.97, tokens seen: 1929379840, grad norm: 1.0113
[iter 29450]loss: 3.3896, tokens/sec: 20523.05 ± 116.95, tokens seen: 1930035200, grad norm: 0.9055
[iter 29460]loss: 2.9310, tokens/sec: 20523.05 ± 116.93, tokens seen: 1930690560, grad norm: 1.1786
[iter 29470]loss: 3.2320, tokens/sec: 20523.05 ± 116.91, tokens seen: 1931345920, grad norm: 1.1740
[iter 29480]loss: 3.0983, tokens/sec: 20523.05 ± 116.89, tokens seen: 1932001280, grad norm: 0.8740
[iter 29490]loss: 3.1163, tokens/sec: 20523.06 ± 116.87, tokens seen: 1932656640, grad norm: 0.9164
[step 29500]train loss: 3.0471, val loss: 3.0491, (avg train loss: 0.3805 ± 0.0243), (avg grad norm: 1.0132 ± 0.1937)
[iter 29500]loss: 3.0449, tokens/sec: 20523.06 ± 116.85, tokens seen: 1933312000, grad norm: 0.8557
[iter 29510]loss: 2.9146, tokens/sec: 20523.06 ± 116.83, tokens seen: 1933967360, grad norm: 1.0007
[iter 29520]loss: 2.8581, tokens/sec: 20523.05 ± 116.81, tokens seen: 1934622720, grad norm: 1.3092
[iter 29530]loss: 3.2242, tokens/sec: 20523.05 ± 116.80, tokens seen: 1935278080, grad norm: 0.9194
[iter 29540]loss: 2.8515, tokens/sec: 20523.05 ± 116.78, tokens seen: 1935933440, grad norm: 1.2923
[iter 29550]loss: 2.8111, tokens/sec: 20523.05 ± 116.76, tokens seen: 1936588800, grad norm: 1.2664
[iter 29560]loss: 3.1962, tokens/sec: 20523.05 ± 116.74, tokens seen: 1937244160, grad norm: 1.0311
[iter 29570]loss: 3.1864, tokens/sec: 20523.06 ± 116.72, tokens seen: 1937899520, grad norm: 1.1098
[iter 29580]loss: 3.1810, tokens/sec: 20523.06 ± 116.70, tokens seen: 1938554880, grad norm: 0.8493
[iter 29590]loss: 3.3188, tokens/sec: 20523.06 ± 116.68, tokens seen: 1939210240, grad norm: 1.1654
[iter 29600]loss: 3.1500, tokens/sec: 20523.06 ± 116.66, tokens seen: 1939865600, grad norm: 1.2110
[iter 29610]loss: 2.9081, tokens/sec: 20523.07 ± 116.64, tokens seen: 1940520960, grad norm: 0.8503
[iter 29620]loss: 3.3017, tokens/sec: 20523.07 ± 116.62, tokens seen: 1941176320, grad norm: 0.9210
[iter 29630]loss: 2.8669, tokens/sec: 20523.07 ± 116.60, tokens seen: 1941831680, grad norm: 1.2874
[iter 29640]loss: 2.9964, tokens/sec: 20523.07 ± 116.58, tokens seen: 1942487040, grad norm: 0.9735
[iter 29650]loss: 2.9973, tokens/sec: 20523.07 ± 116.56, tokens seen: 1943142400, grad norm: 1.1922
[iter 29660]loss: 2.8810, tokens/sec: 20523.07 ± 116.54, tokens seen: 1943797760, grad norm: 1.0426
[iter 29670]loss: 2.9068, tokens/sec: 20523.07 ± 116.52, tokens seen: 1944453120, grad norm: 1.0905
[iter 29680]loss: 2.9596, tokens/sec: 20523.07 ± 116.50, tokens seen: 1945108480, grad norm: 0.9867
[iter 29690]loss: 3.3710, tokens/sec: 20523.07 ± 116.48, tokens seen: 1945763840, grad norm: 0.9033
[iter 29700]loss: 2.9835, tokens/sec: 20523.07 ± 116.46, tokens seen: 1946419200, grad norm: 1.0222
[iter 29710]loss: 2.8249, tokens/sec: 20523.07 ± 116.44, tokens seen: 1947074560, grad norm: 0.9248
[iter 29720]loss: 3.1703, tokens/sec: 20523.07 ± 116.42, tokens seen: 1947729920, grad norm: 0.8858
[iter 29730]loss: 3.1638, tokens/sec: 20523.07 ± 116.40, tokens seen: 1948385280, grad norm: 1.1175
[iter 29740]loss: 3.1439, tokens/sec: 20523.07 ± 116.38, tokens seen: 1949040640, grad norm: 1.0156
[iter 29750]loss: 3.0133, tokens/sec: 20523.07 ± 116.37, tokens seen: 1949696000, grad norm: 0.8386
[iter 29760]loss: 2.9639, tokens/sec: 20523.07 ± 116.35, tokens seen: 1950351360, grad norm: 1.1202
[iter 29770]loss: 3.2577, tokens/sec: 20523.07 ± 116.33, tokens seen: 1951006720, grad norm: 0.9269
[iter 29780]loss: 3.1436, tokens/sec: 20523.08 ± 116.31, tokens seen: 1951662080, grad norm: 0.8950
[iter 29790]loss: 3.0596, tokens/sec: 20523.08 ± 116.29, tokens seen: 1952317440, grad norm: 0.8922
[iter 29800]loss: 3.0794, tokens/sec: 20523.08 ± 116.27, tokens seen: 1952972800, grad norm: 0.9000
[iter 29810]loss: 2.6927, tokens/sec: 20523.08 ± 116.25, tokens seen: 1953628160, grad norm: 0.9423
[iter 29820]loss: 3.2199, tokens/sec: 20523.08 ± 116.23, tokens seen: 1954283520, grad norm: 1.0682
[iter 29830]loss: 2.9251, tokens/sec: 20523.08 ± 116.21, tokens seen: 1954938880, grad norm: 0.9479
[iter 29840]loss: 2.7885, tokens/sec: 20523.08 ± 116.19, tokens seen: 1955594240, grad norm: 0.8363
[iter 29850]loss: 3.2186, tokens/sec: 20523.08 ± 116.17, tokens seen: 1956249600, grad norm: 0.8555
[iter 29860]loss: 3.1047, tokens/sec: 20523.08 ± 116.15, tokens seen: 1956904960, grad norm: 1.0029
[iter 29870]loss: 3.2189, tokens/sec: 20523.08 ± 116.13, tokens seen: 1957560320, grad norm: 1.0523
[iter 29880]loss: 2.6269, tokens/sec: 20523.08 ± 116.11, tokens seen: 1958215680, grad norm: 1.1880
[iter 29890]loss: 3.0753, tokens/sec: 20523.08 ± 116.09, tokens seen: 1958871040, grad norm: 1.0567
[iter 29900]loss: 3.1673, tokens/sec: 20523.08 ± 116.08, tokens seen: 1959526400, grad norm: 1.0463
[iter 29910]loss: 2.9635, tokens/sec: 20523.08 ± 116.06, tokens seen: 1960181760, grad norm: 0.9338
[iter 29920]loss: 2.9725, tokens/sec: 20523.08 ± 116.04, tokens seen: 1960837120, grad norm: 0.9880
[iter 29930]loss: 3.3490, tokens/sec: 20523.08 ± 116.02, tokens seen: 1961492480, grad norm: 0.9191
[iter 29940]loss: 3.1998, tokens/sec: 20523.08 ± 116.00, tokens seen: 1962147840, grad norm: 0.8446
[iter 29950]loss: 2.8894, tokens/sec: 20523.08 ± 115.98, tokens seen: 1962803200, grad norm: 0.8618
[iter 29960]loss: 3.0494, tokens/sec: 20523.08 ± 115.96, tokens seen: 1963458560, grad norm: 0.8677
[iter 29970]loss: 3.0896, tokens/sec: 20523.08 ± 115.94, tokens seen: 1964113920, grad norm: 1.3198
[iter 29980]loss: 2.8262, tokens/sec: 20523.08 ± 115.92, tokens seen: 1964769280, grad norm: 0.9058
[iter 29990]loss: 3.0546, tokens/sec: 20523.08 ± 115.90, tokens seen: 1965424640, grad norm: 1.1806
[step 30000]train loss: 3.0241, val loss: 3.0505, (avg train loss: 0.3804 ± 0.0265), (avg grad norm: 1.0183 ± 0.2316)
[iter 30000]loss: 2.9028, tokens/sec: 20523.09 ± 115.88, tokens seen: 1966080000, grad norm: 1.0874
[1;34mwandb[0m: 
[1;34mwandb[0m: 🚀 View run [33mXL-mhc-owt-bs4ga16-30kstep-3536[0m at: [34mhttps://wandb.ai/guotzzz-peking-university/mhc-lite/runs/pdk227z5[0m
[1;34mwandb[0m: Find logs at: [1;35mwandb/run-20260724_180014-pdk227z5/logs[0m
