W0729 13:56:07.795000 1714196 torch/distributed/run.py:766] 
W0729 13:56:07.795000 1714196 torch/distributed/run.py:766] *****************************************
W0729 13:56:07.795000 1714196 torch/distributed/run.py:766] Setting OMP_NUM_THREADS environment variable for each process to be 1 in default, to avoid your system being overloaded, please further tune the variable for optimal performance in your application as needed. 
W0729 13:56:07.795000 1714196 torch/distributed/run.py:766] *****************************************
Overriding config with config/train_owt.py:
eval_interval = 500
eval_iters = 200
log_interval = 10
always_save_checkpoint = False

wandb_log = True
wandb_project = 'mhc-lite'
out_prefix_dataset = "owt"

dataset = 'openwebtext'
gradient_accumulation_steps = 8  
batch_size = 16
block_size = 1024

dtype = 'bfloat16'

Overriding config with config/xl_model_5b.py:
"""XL (~620M) on OpenWebText for a ~5B token budget.

Token budget: bs 6 x grad_accum 10 x block 1024 = 61,440 tokens/iter,
80,000 iters = 4.92B tokens (the 30k round saw 2.0B).

LR: warmup 2,000 iters, cosine 2e-4 -> 2e-5 over the first 50,000 iters, then
held at min_lr for the remaining 30,000 (train.py's get_lr returns min_lr once
it > lr_decay_iters).

Micro-batch: bs=8 (which would keep the 65,536 tokens/iter of the 30k runs with
grad_accum 8) OOMs on 2xL20 -- 42.9 GiB allocated of 44.4 GiB usable and it still
wants ~0.8 GiB more -- so the micro-batch stays at 6.  Only the XL runs have to be
mutually aligned, so all four XL variants (mhc / mhc_group_embedding /
mhc_lora_residual_midnorm / mhc_group_lora_midnorm) share this file and are
compared at equal tokens.

Runs start from scratch; this is not a continuation of the 30k checkpoints (their
schedule had already decayed to min_lr at a different peak).
"""
wandb_group = "xl"
out_prefix_model = "xl"

n_layer = 28
n_head = 20
n_embd = 1280
dropout = 0.0

learning_rate = 2e-4
min_lr = 2e-5
max_iters = 80000
lr_decay_iters = 50000
warmup_iters = 2000
weight_decay = 0.1
beta1 = 0.9
beta2 = 0.95
grad_clip = 1.0

# 6 x 10 x 1024 = 61,440 tokens/iter (DDP divides grad_accum by the world size,
# so the effective batch does not depend on the number of GPUs)
batch_size = 6
gradient_accumulation_steps = 10

Overriding config with config/with_mhc.py:
hyper_conn_type = "mhc" 
hyper_conn_n = 4 
wandb_notes = "mhc"

out_prefix_method = "mhc"
Overriding: compile = True
Overriding: wandb_run_name = XL-mhc-owt-bs6ga10-80kstep-lr2e-4
Overriding config with config/train_owt.py:
eval_interval = 500
eval_iters = 200
log_interval = 10
always_save_checkpoint = False

wandb_log = True
wandb_project = 'mhc-lite'
out_prefix_dataset = "owt"

dataset = 'openwebtext'
gradient_accumulation_steps = 8  
batch_size = 16
block_size = 1024

dtype = 'bfloat16'

Overriding config with config/xl_model_5b.py:
"""XL (~620M) on OpenWebText for a ~5B token budget.

Token budget: bs 6 x grad_accum 10 x block 1024 = 61,440 tokens/iter,
80,000 iters = 4.92B tokens (the 30k round saw 2.0B).

LR: warmup 2,000 iters, cosine 2e-4 -> 2e-5 over the first 50,000 iters, then
held at min_lr for the remaining 30,000 (train.py's get_lr returns min_lr once
it > lr_decay_iters).

Micro-batch: bs=8 (which would keep the 65,536 tokens/iter of the 30k runs with
grad_accum 8) OOMs on 2xL20 -- 42.9 GiB allocated of 44.4 GiB usable and it still
wants ~0.8 GiB more -- so the micro-batch stays at 6.  Only the XL runs have to be
mutually aligned, so all four XL variants (mhc / mhc_group_embedding /
mhc_lora_residual_midnorm / mhc_group_lora_midnorm) share this file and are
compared at equal tokens.

Runs start from scratch; this is not a continuation of the 30k checkpoints (their
schedule had already decayed to min_lr at a different peak).
"""
wandb_group = "xl"
out_prefix_model = "xl"

n_layer = 28
n_head = 20
n_embd = 1280
dropout = 0.0

learning_rate = 2e-4
min_lr = 2e-5
max_iters = 80000
lr_decay_iters = 50000
warmup_iters = 2000
weight_decay = 0.1
beta1 = 0.9
beta2 = 0.95
grad_clip = 1.0

# 6 x 10 x 1024 = 61,440 tokens/iter (DDP divides grad_accum by the world size,
# so the effective batch does not depend on the number of GPUs)
batch_size = 6
gradient_accumulation_steps = 10

Overriding config with config/with_mhc.py:
hyper_conn_type = "mhc" 
hyper_conn_n = 4 
wandb_notes = "mhc"

out_prefix_method = "mhc"
Overriding: compile = True
Overriding: wandb_run_name = XL-mhc-owt-bs6ga10-80kstep-lr2e-4
tokens per iteration will be: 61,440
Initializing a new model from scratch
defaulting to vocab_size of GPT-2 to 50304 (50257 rounded up for efficiency)
HYPER_CONN: USING mhc with 4 streams
wandb: [wandb.login()] Loaded credentials for https://api.wandb.ai from /root/.netrc.
wandb: Currently logged in as: guotzzz (guotzzz-peking-university) to https://api.wandb.ai. Use `wandb login --relogin` to force relogin
wandb: setting up run gyjy711h
wandb: Tracking run with wandb version 0.28.0
wandb: Run data is saved locally in /home/work/data/guotianzizhe/project/mhc-lite/wandb/run-20260729_135612-gyjy711h
wandb: Run `wandb offline` to turn off syncing.
wandb: Syncing run XL-mhc-owt-bs6ga10-80kstep-lr2e-4-9905
wandb: ⭐️ View project at https://wandb.ai/guotzzz-peking-university/mhc-lite
wandb: 🚀 View run at https://wandb.ai/guotzzz-peking-university/mhc-lite/runs/gyjy711h
tokens per iteration will be: 61,440
====================================================================================================
n_layer = 28
n_head = 20
n_embd = 1280
block_size = 1024
bias = False
vocab_size = None
dropout = 0.0
hyper_conn_n = 4
hyper_conn_type = mhc
====================================================================================================
Initializing a new model from scratch
defaulting to vocab_size of GPT-2 to 50304 (50257 rounded up for efficiency)
HYPER_CONN: USING mhc with 4 streams
number of parameters: 622.13M
num decayed parameter tensors: 282, with 623,084,640 parameters
num non-decayed parameter tensors: 337, with 360,072 parameters
using fused AdamW: True
compiling the model... (takes a ~minute)
number of parameters: 622.13M
num decayed parameter tensors: 282, with 623,084,640 parameters
num non-decayed parameter tensors: 337, with 360,072 parameters
using fused AdamW: True
compiling the model... (takes a ~minute)
[step 0]train loss: 13.9626, val loss: 13.9524, (avg train loss: 0.0000 ± 0.0000), (avg grad norm: 0.0000 ± 0.0000)
[iter 0]loss: 13.9876, tokens/sec: 519.74 ± 0.00, tokens seen: 0, grad norm: 134.1605
[iter 10]loss: 11.8166, tokens/sec: 18763.46 ± 5769.19, tokens seen: 614400, grad norm: 131.9719
[iter 20]loss: 10.1422, tokens/sec: 19604.68 ± 4267.65, tokens seen: 1228800, grad norm: 50.6326
[iter 30]loss: 9.5191, tokens/sec: 19915.12 ± 3541.23, tokens seen: 1843200, grad norm: 24.2369
[iter 40]loss: 9.3591, tokens/sec: 20072.65 ± 3091.73, tokens seen: 2457600, grad norm: 43.0308
[iter 50]loss: 9.1052, tokens/sec: 20164.58 ± 2778.36, tokens seen: 3072000, grad norm: 63.4435
[iter 60]loss: 8.7807, tokens/sec: 20229.44 ± 2544.67, tokens seen: 3686400, grad norm: 26.2548
[iter 70]loss: 8.4848, tokens/sec: 20276.07 ± 2361.49, tokens seen: 4300800, grad norm: 37.5336
[iter 80]loss: 8.4330, tokens/sec: 20309.21 ± 2212.68, tokens seen: 4915200, grad norm: 30.8403
[iter 90]loss: 8.3804, tokens/sec: 20336.00 ± 2088.97, tokens seen: 5529600, grad norm: 50.9500
[iter 100]loss: 9.1303, tokens/sec: 20359.54 ± 1984.14, tokens seen: 6144000, grad norm: 44.1515
[iter 110]loss: 7.6200, tokens/sec: 20377.09 ± 1893.49, tokens seen: 6758400, grad norm: 26.4238
[iter 120]loss: 7.5761, tokens/sec: 20393.35 ± 1814.38, tokens seen: 7372800, grad norm: 19.6485
[iter 130]loss: 7.5726, tokens/sec: 20407.56 ± 1744.46, tokens seen: 7987200, grad norm: 19.7068
[iter 140]loss: 7.7822, tokens/sec: 20418.83 ± 1681.96, tokens seen: 8601600, grad norm: 28.4320
[iter 150]loss: 7.0719, tokens/sec: 20428.60 ± 1625.73, tokens seen: 9216000, grad norm: 14.2489
[iter 160]loss: 7.0007, tokens/sec: 20437.20 ± 1574.80, tokens seen: 9830400, grad norm: 14.4762
[iter 170]loss: 7.0344, tokens/sec: 20444.50 ± 1528.34, tokens seen: 10444800, grad norm: 12.1548
[iter 180]loss: 7.0772, tokens/sec: 20450.45 ± 1485.73, tokens seen: 11059200, grad norm: 10.9836
[iter 190]loss: 7.3493, tokens/sec: 20456.18 ± 1446.53, tokens seen: 11673600, grad norm: 11.9072
[iter 200]loss: 6.5859, tokens/sec: 20460.33 ± 1410.21, tokens seen: 12288000, grad norm: 12.8323
[iter 210]loss: 6.7333, tokens/sec: 20463.76 ± 1376.48, tokens seen: 12902400, grad norm: 10.8134
[iter 220]loss: 6.5832, tokens/sec: 20467.05 ± 1345.06, tokens seen: 13516800, grad norm: 6.4485
[iter 230]loss: 6.5582, tokens/sec: 20469.92 ± 1315.70, tokens seen: 14131200, grad norm: 10.6633
[iter 240]loss: 7.2837, tokens/sec: 20472.68 ± 1288.18, tokens seen: 14745600, grad norm: 13.8027
[iter 250]loss: 6.9080, tokens/sec: 20474.76 ± 1262.31, tokens seen: 15360000, grad norm: 9.8986
[iter 260]loss: 6.9256, tokens/sec: 20476.75 ± 1237.94, tokens seen: 15974400, grad norm: 5.6911
[iter 270]loss: 6.6778, tokens/sec: 20478.72 ± 1214.93, tokens seen: 16588800, grad norm: 6.8773
[iter 280]loss: 6.6443, tokens/sec: 20480.44 ± 1193.15, tokens seen: 17203200, grad norm: 7.1200
[iter 290]loss: 6.4974, tokens/sec: 20482.34 ± 1172.52, tokens seen: 17817600, grad norm: 5.3732
[iter 300]loss: 6.9232, tokens/sec: 20484.33 ± 1152.93, tokens seen: 18432000, grad norm: 6.1230
[iter 310]loss: 6.0841, tokens/sec: 20486.18 ± 1134.30, tokens seen: 19046400, grad norm: 6.0948
[iter 320]loss: 6.5832, tokens/sec: 20487.92 ± 1116.54, tokens seen: 19660800, grad norm: 8.0241
[iter 330]loss: 7.0034, tokens/sec: 20489.91 ± 1099.61, tokens seen: 20275200, grad norm: 8.9863
[iter 340]loss: 6.6417, tokens/sec: 20491.50 ± 1083.41, tokens seen: 20889600, grad norm: 8.8543
[iter 350]loss: 6.7784, tokens/sec: 20492.62 ± 1067.89, tokens seen: 21504000, grad norm: 5.7371
[iter 360]loss: 6.5191, tokens/sec: 20493.91 ± 1053.03, tokens seen: 22118400, grad norm: 6.3754
[iter 370]loss: 6.5302, tokens/sec: 20495.09 ± 1038.77, tokens seen: 22732800, grad norm: 7.5391
[iter 380]loss: 6.6280, tokens/sec: 20496.47 ± 1025.08, tokens seen: 23347200, grad norm: 5.3335
[iter 390]loss: 6.5373, tokens/sec: 20498.05 ± 1011.93, tokens seen: 23961600, grad norm: 6.0523
[iter 400]loss: 6.4226, tokens/sec: 20499.30 ± 999.27, tokens seen: 24576000, grad norm: 4.2775
[iter 410]loss: 6.8169, tokens/sec: 20499.98 ± 987.05, tokens seen: 25190400, grad norm: 18.6312
[iter 420]loss: 6.5315, tokens/sec: 20500.77 ± 975.28, tokens seen: 25804800, grad norm: 5.6534
[iter 430]loss: 6.5502, tokens/sec: 20500.74 ± 963.90, tokens seen: 26419200, grad norm: 5.2121
[iter 440]loss: 6.4890, tokens/sec: 20501.46 ± 952.93, tokens seen: 27033600, grad norm: 5.4127
[iter 450]loss: 6.6175, tokens/sec: 20503.20 ± 942.38, tokens seen: 27648000, grad norm: 5.3355
[iter 460]loss: 6.7872, tokens/sec: 20504.55 ± 932.15, tokens seen: 28262400, grad norm: 5.3148
[iter 470]loss: 6.5197, tokens/sec: 20505.76 ± 922.24, tokens seen: 28876800, grad norm: 5.6716
[iter 480]loss: 6.0625, tokens/sec: 20506.94 ± 912.64, tokens seen: 29491200, grad norm: 3.6958
[iter 490]loss: 6.3920, tokens/sec: 20507.93 ± 903.33, tokens seen: 30105600, grad norm: 7.2085
[step 500]train loss: 6.3298, val loss: 6.2960, (avg train loss: 1.2941 ± 0.0493), (avg grad norm: 5.9753 ± 1.9719)
saving checkpoint to ./out-owt-xl-mhc-bs6-80000step
[iter 500]loss: 6.3139, tokens/sec: 20509.24 ± 894.32, tokens seen: 30720000, grad norm: 4.3786
[iter 510]loss: 6.1013, tokens/sec: 20510.26 ± 885.56, tokens seen: 31334400, grad norm: 4.9543
[iter 520]loss: 6.2034, tokens/sec: 20510.56 ± 877.03, tokens seen: 31948800, grad norm: 4.9457
[iter 530]loss: 6.5019, tokens/sec: 20511.16 ± 868.75, tokens seen: 32563200, grad norm: 5.5818
[iter 540]loss: 6.2925, tokens/sec: 20512.29 ± 860.72, tokens seen: 33177600, grad norm: 4.1152
[iter 550]loss: 6.1130, tokens/sec: 20513.29 ± 852.91, tokens seen: 33792000, grad norm: 3.5153
[iter 560]loss: 5.8364, tokens/sec: 20514.20 ± 845.31, tokens seen: 34406400, grad norm: 4.2015
[iter 570]loss: 5.8905, tokens/sec: 20514.83 ± 837.89, tokens seen: 35020800, grad norm: 3.9191
[iter 580]loss: 6.0105, tokens/sec: 20515.61 ± 830.67, tokens seen: 35635200, grad norm: 4.0090
[iter 590]loss: 6.3311, tokens/sec: 20516.33 ± 823.64, tokens seen: 36249600, grad norm: 6.6762
[iter 600]loss: 6.0058, tokens/sec: 20516.79 ± 816.77, tokens seen: 36864000, grad norm: 4.3863
[iter 610]loss: 6.1203, tokens/sec: 20517.43 ± 810.08, tokens seen: 37478400, grad norm: 4.6675
[iter 620]loss: 6.0696, tokens/sec: 20517.98 ± 803.55, tokens seen: 38092800, grad norm: 3.7186
[iter 630]loss: 6.1611, tokens/sec: 20518.57 ± 797.18, tokens seen: 38707200, grad norm: 4.1132
[iter 640]loss: 5.8761, tokens/sec: 20519.10 ± 790.95, tokens seen: 39321600, grad norm: 3.9688
[iter 650]loss: 6.1014, tokens/sec: 20519.56 ± 784.87, tokens seen: 39936000, grad norm: 3.3448
[iter 660]loss: 6.3376, tokens/sec: 20520.17 ± 778.92, tokens seen: 40550400, grad norm: 3.0745
[iter 670]loss: 5.9067, tokens/sec: 20520.55 ± 773.11, tokens seen: 41164800, grad norm: 3.9203
[iter 680]loss: 6.3681, tokens/sec: 20521.22 ± 767.44, tokens seen: 41779200, grad norm: 3.9682
[iter 690]loss: 6.4875, tokens/sec: 20521.70 ± 761.88, tokens seen: 42393600, grad norm: 3.3325
[iter 700]loss: 6.2381, tokens/sec: 20522.19 ± 756.44, tokens seen: 43008000, grad norm: 2.6381
[iter 710]loss: 6.0230, tokens/sec: 20522.60 ± 751.11, tokens seen: 43622400, grad norm: 2.4663
[iter 720]loss: 5.9386, tokens/sec: 20523.18 ± 745.91, tokens seen: 44236800, grad norm: 2.6240
[iter 730]loss: 6.0645, tokens/sec: 20523.71 ± 740.80, tokens seen: 44851200, grad norm: 5.0212
[iter 740]loss: 6.1157, tokens/sec: 20524.02 ± 735.80, tokens seen: 45465600, grad norm: 3.0082
[iter 750]loss: 6.3128, tokens/sec: 20524.47 ± 730.90, tokens seen: 46080000, grad norm: 2.6060
[iter 760]loss: 5.6999, tokens/sec: 20525.04 ± 726.10, tokens seen: 46694400, grad norm: 2.9546
[iter 770]loss: 6.0312, tokens/sec: 20525.39 ± 721.38, tokens seen: 47308800, grad norm: 3.3237
[iter 780]loss: 6.0030, tokens/sec: 20525.83 ± 716.76, tokens seen: 47923200, grad norm: 3.4930
[iter 790]loss: 5.6077, tokens/sec: 20526.33 ± 712.24, tokens seen: 48537600, grad norm: 3.4975
[iter 800]loss: 5.8634, tokens/sec: 20526.70 ± 707.79, tokens seen: 49152000, grad norm: 2.6733
[iter 810]loss: 5.6686, tokens/sec: 20527.08 ± 703.42, tokens seen: 49766400, grad norm: 2.8629
[iter 820]loss: 5.9987, tokens/sec: 20527.48 ± 699.13, tokens seen: 50380800, grad norm: 3.2092
[iter 830]loss: 5.6999, tokens/sec: 20528.03 ± 694.94, tokens seen: 50995200, grad norm: 2.9016
[iter 840]loss: 5.8186, tokens/sec: 20528.38 ± 690.81, tokens seen: 51609600, grad norm: 3.0454
[iter 850]loss: 5.7346, tokens/sec: 20528.77 ± 686.75, tokens seen: 52224000, grad norm: 3.2849
[iter 860]loss: 5.8514, tokens/sec: 20529.10 ± 682.76, tokens seen: 52838400, grad norm: 3.0495
[iter 870]loss: 5.8194, tokens/sec: 20529.48 ± 678.84, tokens seen: 53452800, grad norm: 3.3283
[iter 880]loss: 6.0337, tokens/sec: 20529.78 ± 674.98, tokens seen: 54067200, grad norm: 2.2905
[iter 890]loss: 5.6217, tokens/sec: 20530.10 ± 671.19, tokens seen: 54681600, grad norm: 2.2566
[iter 900]loss: 5.9064, tokens/sec: 20530.44 ± 667.47, tokens seen: 55296000, grad norm: 2.4148
[iter 910]loss: 5.9568, tokens/sec: 20530.89 ± 663.81, tokens seen: 55910400, grad norm: 2.0879
[iter 920]loss: 5.7182, tokens/sec: 20531.22 ± 660.20, tokens seen: 56524800, grad norm: 2.1067
[iter 930]loss: 5.8047, tokens/sec: 20531.55 ± 656.66, tokens seen: 57139200, grad norm: 2.3010
[iter 940]loss: 5.5271, tokens/sec: 20531.85 ± 653.17, tokens seen: 57753600, grad norm: 2.1085
[iter 950]loss: 5.5006, tokens/sec: 20532.14 ± 649.73, tokens seen: 58368000, grad norm: 2.2950
[iter 960]loss: 5.5591, tokens/sec: 20532.52 ± 646.36, tokens seen: 58982400, grad norm: 2.4079
[iter 970]loss: 5.8170, tokens/sec: 20532.81 ± 643.03, tokens seen: 59596800, grad norm: 1.9552
[iter 980]loss: 6.0218, tokens/sec: 20533.23 ± 639.76, tokens seen: 60211200, grad norm: 1.7959
[iter 990]loss: 5.8574, tokens/sec: 20533.38 ± 636.53, tokens seen: 60825600, grad norm: 1.7996
[step 1000]train loss: 5.6512, val loss: 5.6336, (avg train loss: 1.1570 ± 0.0380), (avg grad norm: 2.4801 ± 0.5235)
saving checkpoint to ./out-owt-xl-mhc-bs6-80000step
[iter 1000]loss: 5.5464, tokens/sec: 20533.61 ± 633.35, tokens seen: 61440000, grad norm: 2.0430
[iter 1010]loss: 5.8366, tokens/sec: 20534.16 ± 630.25, tokens seen: 62054400, grad norm: 2.3261
[iter 1020]loss: 5.4483, tokens/sec: 20533.89 ± 627.17, tokens seen: 62668800, grad norm: 2.1116
[iter 1030]loss: 5.5324, tokens/sec: 20533.81 ± 624.12, tokens seen: 63283200, grad norm: 1.4479
[iter 1040]loss: 5.7340, tokens/sec: 20533.78 ± 621.12, tokens seen: 63897600, grad norm: 1.6170
[iter 1050]loss: 5.5166, tokens/sec: 20533.98 ± 618.17, tokens seen: 64512000, grad norm: 1.4916
[iter 1060]loss: 5.4621, tokens/sec: 20534.17 ± 615.25, tokens seen: 65126400, grad norm: 1.9783
[iter 1070]loss: 5.4711, tokens/sec: 20534.26 ± 612.37, tokens seen: 65740800, grad norm: 1.9256
[iter 1080]loss: 5.4028, tokens/sec: 20534.36 ± 609.54, tokens seen: 66355200, grad norm: 1.6378
[iter 1090]loss: 5.2306, tokens/sec: 20534.63 ± 606.75, tokens seen: 66969600, grad norm: 1.5836
[iter 1100]loss: 5.6703, tokens/sec: 20534.85 ± 603.99, tokens seen: 67584000, grad norm: 2.0222
[iter 1110]loss: 5.7546, tokens/sec: 20535.06 ± 601.28, tokens seen: 68198400, grad norm: 1.4663
[iter 1120]loss: 5.3674, tokens/sec: 20535.18 ± 598.59, tokens seen: 68812800, grad norm: 1.6030
[iter 1130]loss: 5.3675, tokens/sec: 20535.38 ± 595.95, tokens seen: 69427200, grad norm: 1.9590
[iter 1140]loss: 5.4907, tokens/sec: 20535.56 ± 593.34, tokens seen: 70041600, grad norm: 1.5666
[iter 1150]loss: 5.4410, tokens/sec: 20535.76 ± 590.76, tokens seen: 70656000, grad norm: 1.7921
[iter 1160]loss: 5.2165, tokens/sec: 20535.97 ± 588.22, tokens seen: 71270400, grad norm: 1.6924
[iter 1170]loss: 5.2785, tokens/sec: 20536.06 ± 585.70, tokens seen: 71884800, grad norm: 1.6006
[iter 1180]loss: 5.1987, tokens/sec: 20536.26 ± 583.23, tokens seen: 72499200, grad norm: 1.5324
[iter 1190]loss: 5.6665, tokens/sec: 20536.55 ± 580.78, tokens seen: 73113600, grad norm: 3.2698
[iter 1200]loss: 5.3191, tokens/sec: 20536.74 ± 578.37, tokens seen: 73728000, grad norm: 1.4779
[iter 1210]loss: 5.2531, tokens/sec: 20536.94 ± 575.98, tokens seen: 74342400, grad norm: 2.2385
[iter 1220]loss: 5.4500, tokens/sec: 20537.10 ± 573.63, tokens seen: 74956800, grad norm: 1.6089
[iter 1230]loss: 5.5749, tokens/sec: 20537.30 ± 571.30, tokens seen: 75571200, grad norm: 1.6680
[iter 1240]loss: 4.9262, tokens/sec: 20537.48 ± 569.00, tokens seen: 76185600, grad norm: 1.3759
[iter 1250]loss: 5.3462, tokens/sec: 20537.65 ± 566.72, tokens seen: 76800000, grad norm: 1.2621
[iter 1260]loss: 5.4420, tokens/sec: 20537.80 ± 564.48, tokens seen: 77414400, grad norm: 1.4495
[iter 1270]loss: 5.2350, tokens/sec: 20538.01 ± 562.26, tokens seen: 78028800, grad norm: 1.2628
[iter 1280]loss: 5.2543, tokens/sec: 20538.19 ± 560.07, tokens seen: 78643200, grad norm: 1.4226
[iter 1290]loss: 5.3824, tokens/sec: 20538.31 ± 557.90, tokens seen: 79257600, grad norm: 1.5204
[iter 1300]loss: 5.0348, tokens/sec: 20538.51 ± 555.76, tokens seen: 79872000, grad norm: 1.2174
[iter 1310]loss: 4.8772, tokens/sec: 20538.62 ± 553.64, tokens seen: 80486400, grad norm: 1.6061
[iter 1320]loss: 5.2479, tokens/sec: 20538.51 ± 551.55, tokens seen: 81100800, grad norm: 1.3074
[iter 1330]loss: 5.2074, tokens/sec: 20538.65 ± 549.48, tokens seen: 81715200, grad norm: 1.2356
[iter 1340]loss: 5.2303, tokens/sec: 20538.91 ± 547.44, tokens seen: 82329600, grad norm: 1.3426
[iter 1350]loss: 5.1102, tokens/sec: 20539.05 ± 545.41, tokens seen: 82944000, grad norm: 1.1530
[iter 1360]loss: 5.0945, tokens/sec: 20539.22 ± 543.41, tokens seen: 83558400, grad norm: 1.1775
[iter 1370]loss: 5.4050, tokens/sec: 20539.33 ± 541.43, tokens seen: 84172800, grad norm: 1.2002
[iter 1380]loss: 5.1505, tokens/sec: 20539.50 ± 539.47, tokens seen: 84787200, grad norm: 1.3791
[iter 1390]loss: 4.7547, tokens/sec: 20539.62 ± 537.54, tokens seen: 85401600, grad norm: 1.3902
[iter 1400]loss: 5.2342, tokens/sec: 20539.69 ± 535.62, tokens seen: 86016000, grad norm: 1.4061
[iter 1410]loss: 4.8632, tokens/sec: 20539.91 ± 533.73, tokens seen: 86630400, grad norm: 1.3212
[iter 1420]loss: 5.1410, tokens/sec: 20540.18 ± 531.86, tokens seen: 87244800, grad norm: 1.1555
[iter 1430]loss: 5.2375, tokens/sec: 20540.27 ± 530.00, tokens seen: 87859200, grad norm: 1.2639
[iter 1440]loss: 4.8463, tokens/sec: 20540.40 ± 528.16, tokens seen: 88473600, grad norm: 1.0522
[iter 1450]loss: 4.8705, tokens/sec: 20540.54 ± 526.34, tokens seen: 89088000, grad norm: 1.0105
[iter 1460]loss: 5.4495, tokens/sec: 20540.57 ± 524.54, tokens seen: 89702400, grad norm: 1.2040
[iter 1470]loss: 5.0297, tokens/sec: 20540.70 ± 522.76, tokens seen: 90316800, grad norm: 1.2206
[iter 1480]loss: 5.0412, tokens/sec: 20540.84 ± 521.00, tokens seen: 90931200, grad norm: 1.1321
[iter 1490]loss: 5.0338, tokens/sec: 20540.97 ± 519.25, tokens seen: 91545600, grad norm: 1.1457
[step 1500]train loss: 4.9570, val loss: 4.9805, (avg train loss: 1.0125 ± 0.0348), (avg grad norm: 1.2866 ± 0.1578)
saving checkpoint to ./out-owt-xl-mhc-bs6-80000step
[iter 1500]loss: 4.7790, tokens/sec: 20541.06 ± 517.52, tokens seen: 92160000, grad norm: 1.2038
[iter 1510]loss: 4.8727, tokens/sec: 20541.30 ± 515.82, tokens seen: 92774400, grad norm: 1.5815
[iter 1520]loss: 4.6860, tokens/sec: 20541.18 ± 514.13, tokens seen: 93388800, grad norm: 1.1256
[iter 1530]loss: 5.0831, tokens/sec: 20541.37 ± 512.46, tokens seen: 94003200, grad norm: 1.0956
[iter 1540]loss: 4.9882, tokens/sec: 20541.41 ± 510.80, tokens seen: 94617600, grad norm: 1.3073
[iter 1550]loss: 4.6490, tokens/sec: 20541.58 ± 509.15, tokens seen: 95232000, grad norm: 1.4436
[iter 1560]loss: 4.8414, tokens/sec: 20541.74 ± 507.53, tokens seen: 95846400, grad norm: 1.4389
[iter 1570]loss: 5.0213, tokens/sec: 20541.79 ± 505.91, tokens seen: 96460800, grad norm: 1.0906
[iter 1580]loss: 4.6678, tokens/sec: 20541.91 ± 504.31, tokens seen: 97075200, grad norm: 1.4007
[iter 1590]loss: 5.0843, tokens/sec: 20541.83 ± 502.73, tokens seen: 97689600, grad norm: 1.0243
[iter 1600]loss: 4.6341, tokens/sec: 20541.97 ± 501.16, tokens seen: 98304000, grad norm: 1.0135
[iter 1610]loss: 4.9708, tokens/sec: 20542.06 ± 499.61, tokens seen: 98918400, grad norm: 1.1687
[iter 1620]loss: 4.8335, tokens/sec: 20542.16 ± 498.07, tokens seen: 99532800, grad norm: 1.1834
[iter 1630]loss: 4.8368, tokens/sec: 20542.22 ± 496.54, tokens seen: 100147200, grad norm: 1.2126
[iter 1640]loss: 4.9041, tokens/sec: 20542.28 ± 495.03, tokens seen: 100761600, grad norm: 1.0711
[iter 1650]loss: 4.4785, tokens/sec: 20542.36 ± 493.53, tokens seen: 101376000, grad norm: 1.1575
[iter 1660]loss: 4.8634, tokens/sec: 20542.48 ± 492.05, tokens seen: 101990400, grad norm: 1.0818
[iter 1670]loss: 4.5946, tokens/sec: 20542.56 ± 490.58, tokens seen: 102604800, grad norm: 1.2700
[iter 1680]loss: 4.8813, tokens/sec: 20542.68 ± 489.12, tokens seen: 103219200, grad norm: 1.0903
[iter 1690]loss: 4.6137, tokens/sec: 20542.79 ± 487.68, tokens seen: 103833600, grad norm: 1.1889
[iter 1700]loss: 4.7318, tokens/sec: 20542.98 ± 486.25, tokens seen: 104448000, grad norm: 1.0511
[iter 1710]loss: 4.6044, tokens/sec: 20543.05 ± 484.83, tokens seen: 105062400, grad norm: 1.1597
[iter 1720]loss: 5.0404, tokens/sec: 20543.10 ± 483.42, tokens seen: 105676800, grad norm: 1.3134
[iter 1730]loss: 4.8464, tokens/sec: 20543.03 ± 482.03, tokens seen: 106291200, grad norm: 1.1487
[iter 1740]loss: 4.7285, tokens/sec: 20542.75 ± 480.66, tokens seen: 106905600, grad norm: 1.0997
[iter 1750]loss: 4.5973, tokens/sec: 20542.86 ± 479.29, tokens seen: 107520000, grad norm: 1.0053
[iter 1760]loss: 4.6123, tokens/sec: 20542.92 ± 477.93, tokens seen: 108134400, grad norm: 1.0909
[iter 1770]loss: 4.7120, tokens/sec: 20542.81 ± 476.58, tokens seen: 108748800, grad norm: 1.0245
[iter 1780]loss: 4.8915, tokens/sec: 20542.84 ± 475.24, tokens seen: 109363200, grad norm: 1.1802
[iter 1790]loss: 4.4834, tokens/sec: 20542.86 ± 473.92, tokens seen: 109977600, grad norm: 0.9870
[iter 1800]loss: 4.5569, tokens/sec: 20542.91 ± 472.60, tokens seen: 110592000, grad norm: 1.0443
[iter 1810]loss: 4.5929, tokens/sec: 20542.97 ± 471.30, tokens seen: 111206400, grad norm: 1.1091
[iter 1820]loss: 4.5583, tokens/sec: 20543.12 ± 470.01, tokens seen: 111820800, grad norm: 0.9984
[iter 1830]loss: 4.5946, tokens/sec: 20543.30 ± 468.73, tokens seen: 112435200, grad norm: 1.0450
[iter 1840]loss: 4.6653, tokens/sec: 20543.41 ± 467.46, tokens seen: 113049600, grad norm: 1.1314
[iter 1850]loss: 4.6629, tokens/sec: 20543.47 ± 466.20, tokens seen: 113664000, grad norm: 1.1019
[iter 1860]loss: 5.0552, tokens/sec: 20543.61 ± 464.95, tokens seen: 114278400, grad norm: 1.0231
[iter 1870]loss: 4.3020, tokens/sec: 20543.77 ± 463.72, tokens seen: 114892800, grad norm: 1.0521
[iter 1880]loss: 4.3556, tokens/sec: 20543.94 ± 462.49, tokens seen: 115507200, grad norm: 0.9501
[iter 1890]loss: 4.7121, tokens/sec: 20544.05 ± 461.27, tokens seen: 116121600, grad norm: 1.0842
[iter 1900]loss: 4.5854, tokens/sec: 20544.09 ± 460.06, tokens seen: 116736000, grad norm: 1.3523
[iter 1910]loss: 4.3150, tokens/sec: 20544.11 ± 458.85, tokens seen: 117350400, grad norm: 1.0130
[iter 1920]loss: 4.5719, tokens/sec: 20544.26 ± 457.67, tokens seen: 117964800, grad norm: 1.0059
[iter 1930]loss: 4.5272, tokens/sec: 20544.35 ± 456.48, tokens seen: 118579200, grad norm: 1.0885
[iter 1940]loss: 4.4694, tokens/sec: 20544.42 ± 455.31, tokens seen: 119193600, grad norm: 0.9481
[iter 1950]loss: 4.1159, tokens/sec: 20544.48 ± 454.14, tokens seen: 119808000, grad norm: 0.9519
[iter 1960]loss: 4.5899, tokens/sec: 20544.56 ± 452.99, tokens seen: 120422400, grad norm: 1.0258
[iter 1970]loss: 4.6301, tokens/sec: 20544.63 ± 451.84, tokens seen: 121036800, grad norm: 0.9466
[iter 1980]loss: 4.4383, tokens/sec: 20544.72 ± 450.70, tokens seen: 121651200, grad norm: 0.9663
[iter 1990]loss: 4.4342, tokens/sec: 20544.79 ± 449.57, tokens seen: 122265600, grad norm: 0.9967
[step 2000]train loss: 4.4603, val loss: 4.4302, (avg train loss: 0.9020 ± 0.0362), (avg grad norm: 1.0480 ± 0.1610)
saving checkpoint to ./out-owt-xl-mhc-bs6-80000step
[iter 2000]loss: 4.2097, tokens/sec: 20544.85 ± 448.45, tokens seen: 122880000, grad norm: 0.8595
[iter 2010]loss: 4.4206, tokens/sec: 20545.06 ± 447.35, tokens seen: 123494400, grad norm: 0.8936
[iter 2020]loss: 4.4794, tokens/sec: 20544.98 ± 446.25, tokens seen: 124108800, grad norm: 0.9007
[iter 2030]loss: 4.4399, tokens/sec: 20544.88 ± 445.15, tokens seen: 124723200, grad norm: 1.0904
[iter 2040]loss: 4.1909, tokens/sec: 20545.03 ± 444.07, tokens seen: 125337600, grad norm: 0.9202
[iter 2050]loss: 4.5054, tokens/sec: 20545.13 ± 442.99, tokens seen: 125952000, grad norm: 0.8372
[iter 2060]loss: 4.5638, tokens/sec: 20545.15 ± 441.91, tokens seen: 126566400, grad norm: 1.0928
[iter 2070]loss: 4.2324, tokens/sec: 20545.24 ± 440.85, tokens seen: 127180800, grad norm: 0.7828
[iter 2080]loss: 4.4234, tokens/sec: 20545.28 ± 439.79, tokens seen: 127795200, grad norm: 0.8364
[iter 2090]loss: 4.2134, tokens/sec: 20545.37 ± 438.74, tokens seen: 128409600, grad norm: 0.8820
[iter 2100]loss: 4.2627, tokens/sec: 20545.43 ± 437.70, tokens seen: 129024000, grad norm: 0.9570
[iter 2110]loss: 4.3692, tokens/sec: 20545.27 ± 436.67, tokens seen: 129638400, grad norm: 0.9489
[iter 2120]loss: 4.3420, tokens/sec: 20545.33 ± 435.64, tokens seen: 130252800, grad norm: 0.9378
[iter 2130]loss: 4.3527, tokens/sec: 20545.51 ± 434.63, tokens seen: 130867200, grad norm: 0.9087
[iter 2140]loss: 4.4033, tokens/sec: 20545.59 ± 433.62, tokens seen: 131481600, grad norm: 0.9774
[iter 2150]loss: 4.2601, tokens/sec: 20545.63 ± 432.61, tokens seen: 132096000, grad norm: 1.1505
[iter 2160]loss: 4.3496, tokens/sec: 20545.69 ± 431.61, tokens seen: 132710400, grad norm: 0.9165
[iter 2170]loss: 4.4543, tokens/sec: 20545.72 ± 430.62, tokens seen: 133324800, grad norm: 1.1041
[iter 2180]loss: 4.3211, tokens/sec: 20545.78 ± 429.63, tokens seen: 133939200, grad norm: 0.8551
[iter 2190]loss: 4.4398, tokens/sec: 20545.89 ± 428.66, tokens seen: 134553600, grad norm: 0.7966
[iter 2200]loss: 4.2351, tokens/sec: 20545.93 ± 427.68, tokens seen: 135168000, grad norm: 1.3881
[iter 2210]loss: 4.1781, tokens/sec: 20546.00 ± 426.72, tokens seen: 135782400, grad norm: 0.8458
[iter 2220]loss: 3.9718, tokens/sec: 20546.13 ± 425.76, tokens seen: 136396800, grad norm: 0.7874
[iter 2230]loss: 4.3278, tokens/sec: 20546.19 ± 424.81, tokens seen: 137011200, grad norm: 0.9647
[iter 2240]loss: 4.4597, tokens/sec: 20546.18 ± 423.86, tokens seen: 137625600, grad norm: 0.8289
[iter 2250]loss: 4.1648, tokens/sec: 20546.15 ± 422.93, tokens seen: 138240000, grad norm: 0.7564
[iter 2260]loss: 4.3219, tokens/sec: 20546.23 ± 421.99, tokens seen: 138854400, grad norm: 0.8311
[iter 2270]loss: 4.3286, tokens/sec: 20546.33 ± 421.07, tokens seen: 139468800, grad norm: 0.7992
[iter 2280]loss: 4.0294, tokens/sec: 20546.37 ± 420.15, tokens seen: 140083200, grad norm: 0.8258
[iter 2290]loss: 4.3915, tokens/sec: 20546.42 ± 419.23, tokens seen: 140697600, grad norm: 0.8850
[iter 2300]loss: 4.1721, tokens/sec: 20546.49 ± 418.32, tokens seen: 141312000, grad norm: 0.7395
[iter 2310]loss: 4.5243, tokens/sec: 20546.53 ± 417.42, tokens seen: 141926400, grad norm: 0.8950
[iter 2320]loss: 4.3285, tokens/sec: 20546.66 ± 416.53, tokens seen: 142540800, grad norm: 0.8181
[iter 2330]loss: 4.0857, tokens/sec: 20546.69 ± 415.63, tokens seen: 143155200, grad norm: 0.7875
[iter 2340]loss: 4.3790, tokens/sec: 20546.68 ± 414.75, tokens seen: 143769600, grad norm: 0.7569
[iter 2350]loss: 4.2890, tokens/sec: 20546.57 ± 413.87, tokens seen: 144384000, grad norm: 0.7320
[iter 2360]loss: 4.1905, tokens/sec: 20546.49 ± 413.00, tokens seen: 144998400, grad norm: 0.7896
[iter 2370]loss: 3.7185, tokens/sec: 20546.57 ± 412.13, tokens seen: 145612800, grad norm: 0.7746
[iter 2380]loss: 4.2141, tokens/sec: 20546.61 ± 411.27, tokens seen: 146227200, grad norm: 0.8331
[iter 2390]loss: 4.2001, tokens/sec: 20546.70 ± 410.41, tokens seen: 146841600, grad norm: 0.7602
[iter 2400]loss: 4.5267, tokens/sec: 20546.68 ± 409.56, tokens seen: 147456000, grad norm: 0.7803
[iter 2410]loss: 4.3368, tokens/sec: 20546.70 ± 408.71, tokens seen: 148070400, grad norm: 0.8105
[iter 2420]loss: 3.7038, tokens/sec: 20546.79 ± 407.87, tokens seen: 148684800, grad norm: 0.8417
[iter 2430]loss: 4.2197, tokens/sec: 20546.81 ± 407.03, tokens seen: 149299200, grad norm: 0.7323
[iter 2440]loss: 4.3070, tokens/sec: 20546.87 ± 406.20, tokens seen: 149913600, grad norm: 0.8178
[iter 2450]loss: 4.5429, tokens/sec: 20546.93 ± 405.37, tokens seen: 150528000, grad norm: 0.8414
[iter 2460]loss: 4.0434, tokens/sec: 20547.02 ± 404.55, tokens seen: 151142400, grad norm: 0.7513
[iter 2470]loss: 4.0166, tokens/sec: 20547.01 ± 403.73, tokens seen: 151756800, grad norm: 0.8552
[iter 2480]loss: 4.0294, tokens/sec: 20547.02 ± 402.92, tokens seen: 152371200, grad norm: 0.7175
[iter 2490]loss: 4.2765, tokens/sec: 20546.93 ± 402.12, tokens seen: 152985600, grad norm: 1.0059
[step 2500]train loss: 4.1705, val loss: 4.1720, (avg train loss: 0.8367 ± 0.0328), (avg grad norm: 0.8107 ± 0.0830)
saving checkpoint to ./out-owt-xl-mhc-bs6-80000step
[iter 2500]loss: 4.4966, tokens/sec: 20546.73 ± 401.33, tokens seen: 153600000, grad norm: 0.7031
[iter 2510]loss: 4.1032, tokens/sec: 20546.88 ± 400.54, tokens seen: 154214400, grad norm: 0.7045
[iter 2520]loss: 4.0461, tokens/sec: 20546.78 ± 399.75, tokens seen: 154828800, grad norm: 0.6920
[iter 2530]loss: 4.3336, tokens/sec: 20546.84 ± 398.97, tokens seen: 155443200, grad norm: 0.7567
[iter 2540]loss: 4.0416, tokens/sec: 20546.87 ± 398.19, tokens seen: 156057600, grad norm: 0.7231
[iter 2550]loss: 4.2334, tokens/sec: 20546.86 ± 397.41, tokens seen: 156672000, grad norm: 0.7241
[iter 2560]loss: 4.1308, tokens/sec: 20546.83 ± 396.63, tokens seen: 157286400, grad norm: 0.8030
[iter 2570]loss: 4.0867, tokens/sec: 20546.89 ± 395.86, tokens seen: 157900800, grad norm: 0.7598
[iter 2580]loss: 4.0111, tokens/sec: 20546.97 ± 395.10, tokens seen: 158515200, grad norm: 0.8026
[iter 2590]loss: 4.0623, tokens/sec: 20546.97 ± 394.34, tokens seen: 159129600, grad norm: 0.7178
[iter 2600]loss: 4.1725, tokens/sec: 20546.90 ± 393.59, tokens seen: 159744000, grad norm: 0.8007
[iter 2610]loss: 4.2951, tokens/sec: 20546.94 ± 392.84, tokens seen: 160358400, grad norm: 0.7474
[iter 2620]loss: 4.2636, tokens/sec: 20546.99 ± 392.09, tokens seen: 160972800, grad norm: 0.7556
[iter 2630]loss: 3.8135, tokens/sec: 20546.92 ± 391.35, tokens seen: 161587200, grad norm: 0.6671
[iter 2640]loss: 4.3094, tokens/sec: 20546.85 ± 390.61, tokens seen: 162201600, grad norm: 0.7716
[iter 2650]loss: 3.8643, tokens/sec: 20546.78 ± 389.87, tokens seen: 162816000, grad norm: 0.6744
[iter 2660]loss: 4.3902, tokens/sec: 20546.76 ± 389.14, tokens seen: 163430400, grad norm: 0.7045
[iter 2670]loss: 4.0505, tokens/sec: 20546.73 ± 388.42, tokens seen: 164044800, grad norm: 0.6667
[iter 2680]loss: 3.8828, tokens/sec: 20546.71 ± 387.69, tokens seen: 164659200, grad norm: 0.7125
[iter 2690]loss: 4.1363, tokens/sec: 20546.65 ± 386.98, tokens seen: 165273600, grad norm: 0.6888
[iter 2700]loss: 3.9594, tokens/sec: 20546.68 ± 386.26, tokens seen: 165888000, grad norm: 0.7580
[iter 2710]loss: 4.2031, tokens/sec: 20546.70 ± 385.55, tokens seen: 166502400, grad norm: 0.7727
[iter 2720]loss: 4.2564, tokens/sec: 20546.67 ± 384.85, tokens seen: 167116800, grad norm: 0.8329
[iter 2730]loss: 3.9883, tokens/sec: 20546.64 ± 384.14, tokens seen: 167731200, grad norm: 0.7283
[iter 2740]loss: 4.3230, tokens/sec: 20546.65 ± 383.45, tokens seen: 168345600, grad norm: 0.7591
[iter 2750]loss: 4.3532, tokens/sec: 20546.63 ± 382.75, tokens seen: 168960000, grad norm: 0.7118
[iter 2760]loss: 4.1138, tokens/sec: 20546.58 ± 382.06, tokens seen: 169574400, grad norm: 0.8578
[iter 2770]loss: 3.7958, tokens/sec: 20546.63 ± 381.37, tokens seen: 170188800, grad norm: 0.7155
[iter 2780]loss: 3.9983, tokens/sec: 20546.68 ± 380.69, tokens seen: 170803200, grad norm: 0.8398
[iter 2790]loss: 4.2904, tokens/sec: 20546.73 ± 380.01, tokens seen: 171417600, grad norm: 0.7463
[iter 2800]loss: 4.1250, tokens/sec: 20546.76 ± 379.33, tokens seen: 172032000, grad norm: 0.7900
[iter 2810]loss: 4.0540, tokens/sec: 20546.76 ± 378.66, tokens seen: 172646400, grad norm: 0.6848
[iter 2820]loss: 3.9761, tokens/sec: 20546.71 ± 377.99, tokens seen: 173260800, grad norm: 0.7073
[iter 2830]loss: 3.9159, tokens/sec: 20546.75 ± 377.33, tokens seen: 173875200, grad norm: 0.7041
[iter 2840]loss: 4.1715, tokens/sec: 20546.80 ± 376.67, tokens seen: 174489600, grad norm: 0.6903
[iter 2850]loss: 4.1429, tokens/sec: 20546.80 ± 376.01, tokens seen: 175104000, grad norm: 0.7895
[iter 2860]loss: 3.9360, tokens/sec: 20546.80 ± 375.35, tokens seen: 175718400, grad norm: 0.7062
[iter 2870]loss: 4.1725, tokens/sec: 20546.80 ± 374.70, tokens seen: 176332800, grad norm: 0.6580
[iter 2880]loss: 4.0758, tokens/sec: 20546.76 ± 374.05, tokens seen: 176947200, grad norm: 0.8126
[iter 2890]loss: 3.7176, tokens/sec: 20546.79 ± 373.41, tokens seen: 177561600, grad norm: 0.8433
[iter 2900]loss: 3.9421, tokens/sec: 20546.81 ± 372.77, tokens seen: 178176000, grad norm: 0.7011
[iter 2910]loss: 3.9502, tokens/sec: 20546.84 ± 372.13, tokens seen: 178790400, grad norm: 0.7102
[iter 2920]loss: 4.0875, tokens/sec: 20546.84 ± 371.50, tokens seen: 179404800, grad norm: 0.7839
[iter 2930]loss: 3.9767, tokens/sec: 20546.88 ± 370.86, tokens seen: 180019200, grad norm: 0.8024
[iter 2940]loss: 3.8165, tokens/sec: 20546.93 ± 370.24, tokens seen: 180633600, grad norm: 0.7073
[iter 2950]loss: 4.2651, tokens/sec: 20546.89 ± 369.61, tokens seen: 181248000, grad norm: 0.7814
[iter 2960]loss: 3.9466, tokens/sec: 20546.95 ± 368.99, tokens seen: 181862400, grad norm: 0.6952
[iter 2970]loss: 3.8947, tokens/sec: 20547.00 ± 368.37, tokens seen: 182476800, grad norm: 0.7192
[iter 2980]loss: 4.1263, tokens/sec: 20547.02 ± 367.76, tokens seen: 183091200, grad norm: 0.7349
[iter 2990]loss: 3.6721, tokens/sec: 20547.05 ± 367.14, tokens seen: 183705600, grad norm: 0.8313
[step 3000]train loss: 4.0032, val loss: 4.0129, (avg train loss: 0.8059 ± 0.0345), (avg grad norm: 0.7252 ± 0.0783)
saving checkpoint to ./out-owt-xl-mhc-bs6-80000step
[iter 3000]loss: 4.2091, tokens/sec: 20547.05 ± 366.54, tokens seen: 184320000, grad norm: 0.7184
[iter 3010]loss: 3.6882, tokens/sec: 20547.17 ± 365.94, tokens seen: 184934400, grad norm: 0.6794
[iter 3020]loss: 4.0536, tokens/sec: 20547.10 ± 365.34, tokens seen: 185548800, grad norm: 0.8329
[iter 3030]loss: 3.9682, tokens/sec: 20547.15 ± 364.74, tokens seen: 186163200, grad norm: 0.7406
[iter 3040]loss: 3.9832, tokens/sec: 20547.17 ± 364.14, tokens seen: 186777600, grad norm: 0.7027
[iter 3050]loss: 3.9706, tokens/sec: 20547.20 ± 363.54, tokens seen: 187392000, grad norm: 0.7705
[iter 3060]loss: 4.1726, tokens/sec: 20547.25 ± 362.95, tokens seen: 188006400, grad norm: 0.6849
[iter 3070]loss: 3.8837, tokens/sec: 20547.25 ± 362.36, tokens seen: 188620800, grad norm: 0.6537
[iter 3080]loss: 3.6466, tokens/sec: 20547.19 ± 361.78, tokens seen: 189235200, grad norm: 0.6130
[iter 3090]loss: 3.7401, tokens/sec: 20547.24 ± 361.20, tokens seen: 189849600, grad norm: 0.6335
[iter 3100]loss: 4.1442, tokens/sec: 20547.26 ± 360.61, tokens seen: 190464000, grad norm: 0.7155
[iter 3110]loss: 3.9790, tokens/sec: 20547.25 ± 360.04, tokens seen: 191078400, grad norm: 0.6004
[iter 3120]loss: 3.8510, tokens/sec: 20547.31 ± 359.46, tokens seen: 191692800, grad norm: 0.7124
[iter 3130]loss: 4.0231, tokens/sec: 20547.35 ± 358.89, tokens seen: 192307200, grad norm: 0.7847
[iter 3140]loss: 3.8489, tokens/sec: 20547.38 ± 358.32, tokens seen: 192921600, grad norm: 0.6898
[iter 3150]loss: 4.0446, tokens/sec: 20547.41 ± 357.75, tokens seen: 193536000, grad norm: 0.6694
[iter 3160]loss: 4.2161, tokens/sec: 20547.42 ± 357.19, tokens seen: 194150400, grad norm: 0.6704
[iter 3170]loss: 3.9531, tokens/sec: 20547.41 ± 356.63, tokens seen: 194764800, grad norm: 0.7089
[iter 3180]loss: 4.1480, tokens/sec: 20547.43 ± 356.07, tokens seen: 195379200, grad norm: 0.8796
[iter 3190]loss: 3.8844, tokens/sec: 20547.46 ± 355.52, tokens seen: 195993600, grad norm: 0.6165
[iter 3200]loss: 3.6207, tokens/sec: 20547.49 ± 354.96, tokens seen: 196608000, grad norm: 0.6218
[iter 3210]loss: 3.5990, tokens/sec: 20547.49 ± 354.41, tokens seen: 197222400, grad norm: 0.8326
[iter 3220]loss: 3.9196, tokens/sec: 20547.50 ± 353.86, tokens seen: 197836800, grad norm: 0.7331
[iter 3230]loss: 3.6532, tokens/sec: 20547.52 ± 353.31, tokens seen: 198451200, grad norm: 0.6590
[iter 3240]loss: 3.9101, tokens/sec: 20547.48 ± 352.77, tokens seen: 199065600, grad norm: 0.7594
[iter 3250]loss: 3.6899, tokens/sec: 20547.46 ± 352.23, tokens seen: 199680000, grad norm: 0.6559
[iter 3260]loss: 3.7581, tokens/sec: 20547.50 ± 351.69, tokens seen: 200294400, grad norm: 0.6381
[iter 3270]loss: 3.9099, tokens/sec: 20547.53 ± 351.15, tokens seen: 200908800, grad norm: 0.6475
[iter 3280]loss: 3.9055, tokens/sec: 20547.56 ± 350.62, tokens seen: 201523200, grad norm: 0.6563
[iter 3290]loss: 3.8059, tokens/sec: 20547.60 ± 350.09, tokens seen: 202137600, grad norm: 0.6677
[iter 3300]loss: 3.8224, tokens/sec: 20547.66 ± 349.56, tokens seen: 202752000, grad norm: 0.8275
[iter 3310]loss: 3.6254, tokens/sec: 20547.67 ± 349.04, tokens seen: 203366400, grad norm: 0.6685
[iter 3320]loss: 3.7694, tokens/sec: 20547.70 ± 348.51, tokens seen: 203980800, grad norm: 0.8414
[iter 3330]loss: 3.8712, tokens/sec: 20547.71 ± 347.99, tokens seen: 204595200, grad norm: 0.8014
[iter 3340]loss: 4.0409, tokens/sec: 20547.74 ± 347.47, tokens seen: 205209600, grad norm: 0.6219
[iter 3350]loss: 4.2464, tokens/sec: 20547.79 ± 346.95, tokens seen: 205824000, grad norm: 0.6278
[iter 3360]loss: 4.1214, tokens/sec: 20547.82 ± 346.44, tokens seen: 206438400, grad norm: 0.6360
[iter 3370]loss: 3.9971, tokens/sec: 20547.84 ± 345.93, tokens seen: 207052800, grad norm: 0.6106
[iter 3380]loss: 4.2561, tokens/sec: 20547.86 ± 345.42, tokens seen: 207667200, grad norm: 0.5975
[iter 3390]loss: 3.6941, tokens/sec: 20547.84 ± 344.91, tokens seen: 208281600, grad norm: 0.7048
[iter 3400]loss: 3.8011, tokens/sec: 20547.86 ± 344.41, tokens seen: 208896000, grad norm: 0.6930
[iter 3410]loss: 3.5767, tokens/sec: 20547.90 ± 343.90, tokens seen: 209510400, grad norm: 0.6061
[iter 3420]loss: 3.7260, tokens/sec: 20547.94 ± 343.40, tokens seen: 210124800, grad norm: 0.7492
[iter 3430]loss: 4.1126, tokens/sec: 20547.96 ± 342.91, tokens seen: 210739200, grad norm: 0.6350
[iter 3440]loss: 3.8690, tokens/sec: 20548.01 ± 342.41, tokens seen: 211353600, grad norm: 0.5958
[iter 3450]loss: 3.9489, tokens/sec: 20548.01 ± 341.92, tokens seen: 211968000, grad norm: 0.6788
[iter 3460]loss: 3.8754, tokens/sec: 20548.03 ± 341.42, tokens seen: 212582400, grad norm: 0.7275
[iter 3470]loss: 3.9518, tokens/sec: 20548.06 ± 340.93, tokens seen: 213196800, grad norm: 0.6834
[iter 3480]loss: 4.0227, tokens/sec: 20548.07 ± 340.44, tokens seen: 213811200, grad norm: 0.6823
[iter 3490]loss: 3.6645, tokens/sec: 20548.09 ± 339.96, tokens seen: 214425600, grad norm: 0.6307
[step 3500]train loss: 3.8690, val loss: 3.8861, (avg train loss: 0.7754 ± 0.0368), (avg grad norm: 0.6740 ± 0.0610)
saving checkpoint to ./out-owt-xl-mhc-bs6-80000step
[iter 3500]loss: 3.8479, tokens/sec: 20548.11 ± 339.47, tokens seen: 215040000, grad norm: 0.6712
[iter 3510]loss: 3.7624, tokens/sec: 20548.17 ± 338.99, tokens seen: 215654400, grad norm: 0.6333
[iter 3520]loss: 4.0890, tokens/sec: 20548.10 ± 338.51, tokens seen: 216268800, grad norm: 0.6457
[iter 3530]loss: 3.9942, tokens/sec: 20548.14 ± 338.04, tokens seen: 216883200, grad norm: 0.6196
[iter 3540]loss: 3.6981, tokens/sec: 20548.14 ± 337.56, tokens seen: 217497600, grad norm: 0.6472
[iter 3550]loss: 3.9446, tokens/sec: 20548.16 ± 337.09, tokens seen: 218112000, grad norm: 0.6034
[iter 3560]loss: 3.8914, tokens/sec: 20548.16 ± 336.61, tokens seen: 218726400, grad norm: 0.6364
[iter 3570]loss: 3.4193, tokens/sec: 20548.20 ± 336.14, tokens seen: 219340800, grad norm: 0.6798
[iter 3580]loss: 3.4663, tokens/sec: 20548.23 ± 335.68, tokens seen: 219955200, grad norm: 0.6297
[iter 3590]loss: 4.2928, tokens/sec: 20548.23 ± 335.21, tokens seen: 220569600, grad norm: 0.8521
[iter 3600]loss: 4.1188, tokens/sec: 20548.31 ± 334.75, tokens seen: 221184000, grad norm: 0.7007
[iter 3610]loss: 4.0022, tokens/sec: 20548.27 ± 334.29, tokens seen: 221798400, grad norm: 0.6364
[iter 3620]loss: 3.7490, tokens/sec: 20548.21 ± 333.83, tokens seen: 222412800, grad norm: 0.6673
[iter 3630]loss: 3.6436, tokens/sec: 20548.24 ± 333.37, tokens seen: 223027200, grad norm: 1.0476
[iter 3640]loss: 3.8939, tokens/sec: 20548.30 ± 332.92, tokens seen: 223641600, grad norm: 0.6030
[iter 3650]loss: 3.9720, tokens/sec: 20548.33 ± 332.47, tokens seen: 224256000, grad norm: 0.6352
[iter 3660]loss: 3.6954, tokens/sec: 20548.33 ± 332.01, tokens seen: 224870400, grad norm: 0.5703
[iter 3670]loss: 4.0217, tokens/sec: 20548.33 ± 331.56, tokens seen: 225484800, grad norm: 0.7209
[iter 3680]loss: 3.8620, tokens/sec: 20548.38 ± 331.12, tokens seen: 226099200, grad norm: 0.6831
[iter 3690]loss: 4.0801, tokens/sec: 20548.41 ± 330.67, tokens seen: 226713600, grad norm: 0.7465
[iter 3700]loss: 3.7501, tokens/sec: 20548.43 ± 330.22, tokens seen: 227328000, grad norm: 0.6107
[iter 3710]loss: 4.0001, tokens/sec: 20548.39 ± 329.78, tokens seen: 227942400, grad norm: 0.6537
[iter 3720]loss: 3.6516, tokens/sec: 20548.42 ± 329.34, tokens seen: 228556800, grad norm: 0.6855
[iter 3730]loss: 4.0137, tokens/sec: 20548.45 ± 328.90, tokens seen: 229171200, grad norm: 0.5654
[iter 3740]loss: 3.8343, tokens/sec: 20548.47 ± 328.46, tokens seen: 229785600, grad norm: 0.6697
[iter 3750]loss: 3.9314, tokens/sec: 20548.48 ± 328.02, tokens seen: 230400000, grad norm: 0.7410
[iter 3760]loss: 3.9233, tokens/sec: 20548.46 ± 327.59, tokens seen: 231014400, grad norm: 0.8577
[iter 3770]loss: 4.0945, tokens/sec: 20548.50 ± 327.16, tokens seen: 231628800, grad norm: 0.5949
[iter 3780]loss: 3.9093, tokens/sec: 20548.48 ± 326.72, tokens seen: 232243200, grad norm: 0.6867
[iter 3790]loss: 3.7430, tokens/sec: 20548.49 ± 326.30, tokens seen: 232857600, grad norm: 0.6917
[iter 3800]loss: 3.8457, tokens/sec: 20548.52 ± 325.87, tokens seen: 233472000, grad norm: 0.6621
[iter 3810]loss: 3.9793, tokens/sec: 20548.55 ± 325.44, tokens seen: 234086400, grad norm: 0.6813
[iter 3820]loss: 4.1005, tokens/sec: 20548.58 ± 325.02, tokens seen: 234700800, grad norm: 0.7456
[iter 3830]loss: 3.7155, tokens/sec: 20548.61 ± 324.60, tokens seen: 235315200, grad norm: 0.6584
[iter 3840]loss: 3.7180, tokens/sec: 20548.64 ± 324.17, tokens seen: 235929600, grad norm: 0.8021
[iter 3850]loss: 3.6694, tokens/sec: 20548.66 ± 323.75, tokens seen: 236544000, grad norm: 0.6465
[iter 3860]loss: 3.6554, tokens/sec: 20548.71 ± 323.34, tokens seen: 237158400, grad norm: 0.5996
[iter 3870]loss: 4.0368, tokens/sec: 20548.76 ± 322.92, tokens seen: 237772800, grad norm: 0.5957
[iter 3880]loss: 3.5725, tokens/sec: 20548.77 ± 322.51, tokens seen: 238387200, grad norm: 0.6305
[iter 3890]loss: 3.7749, tokens/sec: 20548.75 ± 322.10, tokens seen: 239001600, grad norm: 0.6781
[iter 3900]loss: 3.7586, tokens/sec: 20548.78 ± 321.68, tokens seen: 239616000, grad norm: 0.6029
[iter 3910]loss: 3.8770, tokens/sec: 20548.82 ± 321.28, tokens seen: 240230400, grad norm: 0.6304
[iter 3920]loss: 3.8419, tokens/sec: 20548.83 ± 320.87, tokens seen: 240844800, grad norm: 0.7001
[iter 3930]loss: 3.8354, tokens/sec: 20548.83 ± 320.46, tokens seen: 241459200, grad norm: 0.6224
[iter 3940]loss: 3.8888, tokens/sec: 20548.86 ± 320.06, tokens seen: 242073600, grad norm: 0.6164
[iter 3950]loss: 3.7193, tokens/sec: 20548.89 ± 319.65, tokens seen: 242688000, grad norm: 0.7127
[iter 3960]loss: 3.8358, tokens/sec: 20548.91 ± 319.25, tokens seen: 243302400, grad norm: 0.6567
[iter 3970]loss: 4.0006, tokens/sec: 20548.91 ± 318.85, tokens seen: 243916800, grad norm: 0.6043
[iter 3980]loss: 3.4575, tokens/sec: 20548.83 ± 318.45, tokens seen: 244531200, grad norm: 0.6145
[iter 3990]loss: 3.8149, tokens/sec: 20548.86 ± 318.05, tokens seen: 245145600, grad norm: 0.9816
[step 4000]train loss: 3.7925, val loss: 3.8018, (avg train loss: 0.7626 ± 0.0323), (avg grad norm: 0.6477 ± 0.0582)
saving checkpoint to ./out-owt-xl-mhc-bs6-80000step
[iter 4000]loss: 3.4807, tokens/sec: 20548.90 ± 317.66, tokens seen: 245760000, grad norm: 0.8203
[iter 4010]loss: 3.7382, tokens/sec: 20548.99 ± 317.27, tokens seen: 246374400, grad norm: 0.5579
[iter 4020]loss: 3.6068, tokens/sec: 20548.94 ± 316.88, tokens seen: 246988800, grad norm: 0.6351
[iter 4030]loss: 3.8833, tokens/sec: 20548.93 ± 316.49, tokens seen: 247603200, grad norm: 0.6727
[iter 4040]loss: 4.0779, tokens/sec: 20548.92 ± 316.10, tokens seen: 248217600, grad norm: 0.6408
[iter 4050]loss: 3.7399, tokens/sec: 20548.90 ± 315.71, tokens seen: 248832000, grad norm: 0.5809
[iter 4060]loss: 3.5875, tokens/sec: 20548.90 ± 315.32, tokens seen: 249446400, grad norm: 0.7367
[iter 4070]loss: 3.5834, tokens/sec: 20548.93 ± 314.94, tokens seen: 250060800, grad norm: 0.6420
[iter 4080]loss: 3.7986, tokens/sec: 20548.96 ± 314.55, tokens seen: 250675200, grad norm: 0.6833
[iter 4090]loss: 3.7647, tokens/sec: 20548.97 ± 314.17, tokens seen: 251289600, grad norm: 0.5712
[iter 4100]loss: 3.7264, tokens/sec: 20548.98 ± 313.79, tokens seen: 251904000, grad norm: 0.7553
[iter 4110]loss: 3.6961, tokens/sec: 20549.01 ± 313.41, tokens seen: 252518400, grad norm: 0.6637
[iter 4120]loss: 3.5669, tokens/sec: 20549.04 ± 313.03, tokens seen: 253132800, grad norm: 0.6158
[iter 4130]loss: 3.7438, tokens/sec: 20549.03 ± 312.65, tokens seen: 253747200, grad norm: 0.5729
[iter 4140]loss: 3.3893, tokens/sec: 20549.07 ± 312.28, tokens seen: 254361600, grad norm: 0.7183
[iter 4150]loss: 3.6436, tokens/sec: 20549.09 ± 311.90, tokens seen: 254976000, grad norm: 0.7269
[iter 4160]loss: 3.7952, tokens/sec: 20549.11 ± 311.53, tokens seen: 255590400, grad norm: 0.7416
[iter 4170]loss: 3.9203, tokens/sec: 20549.14 ± 311.15, tokens seen: 256204800, grad norm: 0.5851
[iter 4180]loss: 3.9365, tokens/sec: 20549.13 ± 310.78, tokens seen: 256819200, grad norm: 0.6203
[iter 4190]loss: 3.8052, tokens/sec: 20549.17 ± 310.42, tokens seen: 257433600, grad norm: 0.6053
[iter 4200]loss: 3.6551, tokens/sec: 20549.17 ± 310.05, tokens seen: 258048000, grad norm: 0.6963
[iter 4210]loss: 3.4586, tokens/sec: 20549.19 ± 309.68, tokens seen: 258662400, grad norm: 0.5945
[iter 4220]loss: 3.7235, tokens/sec: 20549.21 ± 309.31, tokens seen: 259276800, grad norm: 0.6491
[iter 4230]loss: 3.8559, tokens/sec: 20549.24 ± 308.95, tokens seen: 259891200, grad norm: 0.6046
[iter 4240]loss: 3.6294, tokens/sec: 20549.27 ± 308.59, tokens seen: 260505600, grad norm: 0.5934
[iter 4250]loss: 3.7202, tokens/sec: 20549.29 ± 308.23, tokens seen: 261120000, grad norm: 0.6681
[iter 4260]loss: 3.5881, tokens/sec: 20549.32 ± 307.87, tokens seen: 261734400, grad norm: 0.5775
[iter 4270]loss: 3.7328, tokens/sec: 20549.34 ± 307.51, tokens seen: 262348800, grad norm: 0.5617
[iter 4280]loss: 3.9989, tokens/sec: 20549.38 ± 307.15, tokens seen: 262963200, grad norm: 0.6892
[iter 4290]loss: 3.7471, tokens/sec: 20549.37 ± 306.79, tokens seen: 263577600, grad norm: 0.6171
[iter 4300]loss: 3.7218, tokens/sec: 20549.39 ± 306.44, tokens seen: 264192000, grad norm: 0.5883
[iter 4310]loss: 4.0164, tokens/sec: 20549.42 ± 306.09, tokens seen: 264806400, grad norm: 0.6882
[iter 4320]loss: 3.7210, tokens/sec: 20549.42 ± 305.73, tokens seen: 265420800, grad norm: 0.6138
[iter 4330]loss: 3.7409, tokens/sec: 20549.46 ± 305.38, tokens seen: 266035200, grad norm: 0.7255
[iter 4340]loss: 3.7428, tokens/sec: 20549.49 ± 305.03, tokens seen: 266649600, grad norm: 0.5363
[iter 4350]loss: 3.7315, tokens/sec: 20549.49 ± 304.68, tokens seen: 267264000, grad norm: 0.7221
[iter 4360]loss: 3.7044, tokens/sec: 20549.49 ± 304.34, tokens seen: 267878400, grad norm: 0.5577
[iter 4370]loss: 3.4517, tokens/sec: 20549.52 ± 303.99, tokens seen: 268492800, grad norm: 0.5940
[iter 4380]loss: 3.4844, tokens/sec: 20549.53 ± 303.65, tokens seen: 269107200, grad norm: 0.7860
[iter 4390]loss: 3.9557, tokens/sec: 20549.54 ± 303.31, tokens seen: 269721600, grad norm: 0.5978
[iter 4400]loss: 3.7575, tokens/sec: 20549.56 ± 302.96, tokens seen: 270336000, grad norm: 0.5856
[iter 4410]loss: 3.9112, tokens/sec: 20549.58 ± 302.62, tokens seen: 270950400, grad norm: 0.7489
[iter 4420]loss: 3.8401, tokens/sec: 20549.57 ± 302.28, tokens seen: 271564800, grad norm: 0.7345
[iter 4430]loss: 3.6421, tokens/sec: 20549.60 ± 301.94, tokens seen: 272179200, grad norm: 0.6617
[iter 4440]loss: 3.5163, tokens/sec: 20549.62 ± 301.60, tokens seen: 272793600, grad norm: 0.5494
[iter 4450]loss: 3.7664, tokens/sec: 20549.62 ± 301.26, tokens seen: 273408000, grad norm: 0.6286
[iter 4460]loss: 3.7692, tokens/sec: 20549.61 ± 300.93, tokens seen: 274022400, grad norm: 0.6116
[iter 4470]loss: 3.9720, tokens/sec: 20549.64 ± 300.59, tokens seen: 274636800, grad norm: 0.5388
[iter 4480]loss: 3.6482, tokens/sec: 20549.65 ± 300.26, tokens seen: 275251200, grad norm: 0.5635
[iter 4490]loss: 3.5437, tokens/sec: 20549.65 ± 299.93, tokens seen: 275865600, grad norm: 0.5992
[step 4500]train loss: 3.7593, val loss: 3.7537, (avg train loss: 0.7503 ± 0.0309), (avg grad norm: 0.6403 ± 0.0821)
saving checkpoint to ./out-owt-xl-mhc-bs6-80000step
[iter 4500]loss: 3.5973, tokens/sec: 20549.65 ± 299.60, tokens seen: 276480000, grad norm: 0.6360
[iter 4510]loss: 3.7104, tokens/sec: 20549.72 ± 299.28, tokens seen: 277094400, grad norm: 0.6179
[iter 4520]loss: 3.7047, tokens/sec: 20549.66 ± 298.95, tokens seen: 277708800, grad norm: 0.6516
[iter 4530]loss: 3.8561, tokens/sec: 20549.65 ± 298.63, tokens seen: 278323200, grad norm: 0.6185
[iter 4540]loss: 3.8610, tokens/sec: 20549.72 ± 298.30, tokens seen: 278937600, grad norm: 0.6594
[iter 4550]loss: 3.8505, tokens/sec: 20549.75 ± 297.98, tokens seen: 279552000, grad norm: 0.7269
[iter 4560]loss: 3.7529, tokens/sec: 20549.75 ± 297.65, tokens seen: 280166400, grad norm: 0.6395
[iter 4570]loss: 3.6347, tokens/sec: 20549.75 ± 297.33, tokens seen: 280780800, grad norm: 0.6172
[iter 4580]loss: 3.7918, tokens/sec: 20549.78 ± 297.00, tokens seen: 281395200, grad norm: 0.6465
[iter 4590]loss: 3.7402, tokens/sec: 20549.81 ± 296.68, tokens seen: 282009600, grad norm: 0.6445
[iter 4600]loss: 3.8978, tokens/sec: 20549.82 ± 296.36, tokens seen: 282624000, grad norm: 0.6362
[iter 4610]loss: 3.8288, tokens/sec: 20549.83 ± 296.04, tokens seen: 283238400, grad norm: 0.5827
[iter 4620]loss: 3.6760, tokens/sec: 20549.85 ± 295.73, tokens seen: 283852800, grad norm: 0.5434
[iter 4630]loss: 3.7753, tokens/sec: 20549.84 ± 295.41, tokens seen: 284467200, grad norm: 0.6457
[iter 4640]loss: 3.5207, tokens/sec: 20549.86 ± 295.09, tokens seen: 285081600, grad norm: 0.5861
[iter 4650]loss: 3.7921, tokens/sec: 20549.88 ± 294.78, tokens seen: 285696000, grad norm: 0.6118
[iter 4660]loss: 3.9080, tokens/sec: 20549.91 ± 294.46, tokens seen: 286310400, grad norm: 0.6228
[iter 4670]loss: 3.9054, tokens/sec: 20549.93 ± 294.15, tokens seen: 286924800, grad norm: 0.6014
[iter 4680]loss: 4.1421, tokens/sec: 20549.94 ± 293.84, tokens seen: 287539200, grad norm: 0.6261
[iter 4690]loss: 4.0453, tokens/sec: 20549.95 ± 293.53, tokens seen: 288153600, grad norm: 0.6705
[iter 4700]loss: 3.8173, tokens/sec: 20549.97 ± 293.21, tokens seen: 288768000, grad norm: 0.7845
[iter 4710]loss: 3.5818, tokens/sec: 20549.92 ± 292.91, tokens seen: 289382400, grad norm: 0.5964
[iter 4720]loss: 3.7544, tokens/sec: 20549.96 ± 292.60, tokens seen: 289996800, grad norm: 0.5841
[iter 4730]loss: 3.8950, tokens/sec: 20549.98 ± 292.29, tokens seen: 290611200, grad norm: 0.6489
[iter 4740]loss: 3.6158, tokens/sec: 20550.00 ± 291.99, tokens seen: 291225600, grad norm: 0.5773
[iter 4750]loss: 3.6550, tokens/sec: 20550.03 ± 291.68, tokens seen: 291840000, grad norm: 0.5784
[iter 4760]loss: 3.6345, tokens/sec: 20550.05 ± 291.38, tokens seen: 292454400, grad norm: 0.5845
[iter 4770]loss: 3.8120, tokens/sec: 20550.08 ± 291.07, tokens seen: 293068800, grad norm: 0.6380
[iter 4780]loss: 3.7251, tokens/sec: 20550.06 ± 290.77, tokens seen: 293683200, grad norm: 0.6193
[iter 4790]loss: 3.8696, tokens/sec: 20550.00 ± 290.47, tokens seen: 294297600, grad norm: 0.6609
[iter 4800]loss: 3.6871, tokens/sec: 20550.02 ± 290.17, tokens seen: 294912000, grad norm: 0.6046
[iter 4810]loss: 3.3039, tokens/sec: 20550.08 ± 289.88, tokens seen: 295526400, grad norm: 0.6508
[iter 4820]loss: 3.5998, tokens/sec: 20550.10 ± 289.58, tokens seen: 296140800, grad norm: 0.6348
[iter 4830]loss: 3.8931, tokens/sec: 20550.11 ± 289.28, tokens seen: 296755200, grad norm: 0.5960
[iter 4840]loss: 3.9002, tokens/sec: 20550.12 ± 288.98, tokens seen: 297369600, grad norm: 0.6013
[iter 4850]loss: 3.6458, tokens/sec: 20550.11 ± 288.69, tokens seen: 297984000, grad norm: 0.6057
[iter 4860]loss: 3.4574, tokens/sec: 20550.13 ± 288.39, tokens seen: 298598400, grad norm: 0.5573
[iter 4870]loss: 3.8981, tokens/sec: 20550.13 ± 288.10, tokens seen: 299212800, grad norm: 0.6293
[iter 4880]loss: 3.6416, tokens/sec: 20550.17 ± 287.80, tokens seen: 299827200, grad norm: 0.6663
[iter 4890]loss: 3.9804, tokens/sec: 20550.18 ± 287.51, tokens seen: 300441600, grad norm: 0.6923
[iter 4900]loss: 3.7414, tokens/sec: 20550.16 ± 287.22, tokens seen: 301056000, grad norm: 0.5658
[iter 4910]loss: 3.8303, tokens/sec: 20550.16 ± 286.93, tokens seen: 301670400, grad norm: 0.6353
[iter 4920]loss: 3.6721, tokens/sec: 20550.17 ± 286.64, tokens seen: 302284800, grad norm: 1.0017
[iter 4930]loss: 3.8119, tokens/sec: 20550.16 ± 286.35, tokens seen: 302899200, grad norm: 0.5724
[iter 4940]loss: 3.6854, tokens/sec: 20550.18 ± 286.07, tokens seen: 303513600, grad norm: 0.6192
[iter 4950]loss: 3.7221, tokens/sec: 20550.17 ± 285.78, tokens seen: 304128000, grad norm: 0.5898
[iter 4960]loss: 3.7051, tokens/sec: 20550.20 ± 285.49, tokens seen: 304742400, grad norm: 0.5854
[iter 4970]loss: 3.6321, tokens/sec: 20550.20 ± 285.21, tokens seen: 305356800, grad norm: 0.5999
[iter 4980]loss: 3.6798, tokens/sec: 20550.20 ± 284.93, tokens seen: 305971200, grad norm: 0.5734
[iter 4990]loss: 3.7918, tokens/sec: 20550.21 ± 284.64, tokens seen: 306585600, grad norm: 0.6336
[step 5000]train loss: 3.6900, val loss: 3.6713, (avg train loss: 0.7386 ± 0.0305), (avg grad norm: 0.6503 ± 0.0929)
saving checkpoint to ./out-owt-xl-mhc-bs6-80000step
[iter 5000]loss: 3.5933, tokens/sec: 20550.17 ± 284.36, tokens seen: 307200000, grad norm: 0.6878
[iter 5010]loss: 3.5843, tokens/sec: 20550.21 ± 284.08, tokens seen: 307814400, grad norm: 0.6361
[iter 5020]loss: 3.6082, tokens/sec: 20550.17 ± 283.80, tokens seen: 308428800, grad norm: 0.7134
[iter 5030]loss: 3.6456, tokens/sec: 20550.16 ± 283.52, tokens seen: 309043200, grad norm: 0.7377
[iter 5040]loss: 3.4992, tokens/sec: 20550.21 ± 283.25, tokens seen: 309657600, grad norm: 0.5779
[iter 5050]loss: 4.0329, tokens/sec: 20550.22 ± 282.97, tokens seen: 310272000, grad norm: 0.6950
[iter 5060]loss: 3.5772, tokens/sec: 20550.24 ± 282.69, tokens seen: 310886400, grad norm: 0.6274
[iter 5070]loss: 3.2301, tokens/sec: 20550.25 ± 282.41, tokens seen: 311500800, grad norm: 0.6315
[iter 5080]loss: 3.4363, tokens/sec: 20550.25 ± 282.13, tokens seen: 312115200, grad norm: 0.6928
[iter 5090]loss: 3.7818, tokens/sec: 20550.27 ± 281.86, tokens seen: 312729600, grad norm: 0.7011
[iter 5100]loss: 3.6591, tokens/sec: 20550.27 ± 281.58, tokens seen: 313344000, grad norm: 0.7143
[iter 5110]loss: 3.6605, tokens/sec: 20550.28 ± 281.31, tokens seen: 313958400, grad norm: 0.7723
[iter 5120]loss: 3.5880, tokens/sec: 20550.30 ± 281.04, tokens seen: 314572800, grad norm: 0.5361
[iter 5130]loss: 3.8378, tokens/sec: 20550.30 ± 280.77, tokens seen: 315187200, grad norm: 0.6169
[iter 5140]loss: 3.6145, tokens/sec: 20550.32 ± 280.50, tokens seen: 315801600, grad norm: 0.6250
[iter 5150]loss: 3.4301, tokens/sec: 20550.34 ± 280.23, tokens seen: 316416000, grad norm: 0.5395
[iter 5160]loss: 3.6971, tokens/sec: 20550.36 ± 279.96, tokens seen: 317030400, grad norm: 0.5802
[iter 5170]loss: 3.6924, tokens/sec: 20550.32 ± 279.69, tokens seen: 317644800, grad norm: 0.6095
[iter 5180]loss: 3.8749, tokens/sec: 20550.27 ± 279.42, tokens seen: 318259200, grad norm: 0.6034
[iter 5190]loss: 3.7150, tokens/sec: 20550.29 ± 279.15, tokens seen: 318873600, grad norm: 0.5718
[iter 5200]loss: 3.4717, tokens/sec: 20550.31 ± 278.89, tokens seen: 319488000, grad norm: 0.6175
[iter 5210]loss: 3.8515, tokens/sec: 20550.33 ± 278.62, tokens seen: 320102400, grad norm: 0.6296
[iter 5220]loss: 3.6501, tokens/sec: 20550.35 ± 278.36, tokens seen: 320716800, grad norm: 0.5990
[iter 5230]loss: 3.7063, tokens/sec: 20550.37 ± 278.09, tokens seen: 321331200, grad norm: 0.6318
[iter 5240]loss: 3.7492, tokens/sec: 20550.33 ± 277.83, tokens seen: 321945600, grad norm: 0.7273
[iter 5250]loss: 3.6520, tokens/sec: 20550.30 ± 277.57, tokens seen: 322560000, grad norm: 0.5378
[iter 5260]loss: 3.3760, tokens/sec: 20550.34 ± 277.31, tokens seen: 323174400, grad norm: 0.6354
[iter 5270]loss: 3.3305, tokens/sec: 20550.32 ± 277.05, tokens seen: 323788800, grad norm: 0.7256
[iter 5280]loss: 3.5164, tokens/sec: 20550.28 ± 276.79, tokens seen: 324403200, grad norm: 0.6236
[iter 5290]loss: 3.5325, tokens/sec: 20550.31 ± 276.53, tokens seen: 325017600, grad norm: 0.5686
[iter 5300]loss: 3.5748, tokens/sec: 20550.32 ± 276.27, tokens seen: 325632000, grad norm: 0.6011
[iter 5310]loss: 3.2111, tokens/sec: 20550.34 ± 276.01, tokens seen: 326246400, grad norm: 0.6193
[iter 5320]loss: 3.8407, tokens/sec: 20550.36 ± 275.75, tokens seen: 326860800, grad norm: 0.6544
[iter 5330]loss: 3.5547, tokens/sec: 20550.36 ± 275.49, tokens seen: 327475200, grad norm: 0.5827
[iter 5340]loss: 3.3363, tokens/sec: 20550.34 ± 275.24, tokens seen: 328089600, grad norm: 0.5553
[iter 5350]loss: 3.3204, tokens/sec: 20550.30 ± 274.98, tokens seen: 328704000, grad norm: 0.7073
[iter 5360]loss: 3.6473, tokens/sec: 20550.34 ± 274.73, tokens seen: 329318400, grad norm: 0.5890
[iter 5370]loss: 3.5607, tokens/sec: 20550.34 ± 274.48, tokens seen: 329932800, grad norm: 0.6001
[iter 5380]loss: 3.8663, tokens/sec: 20550.32 ± 274.22, tokens seen: 330547200, grad norm: 0.6760
[iter 5390]loss: 3.6468, tokens/sec: 20550.30 ± 273.97, tokens seen: 331161600, grad norm: 0.5533
[iter 5400]loss: 3.5985, tokens/sec: 20550.33 ± 273.72, tokens seen: 331776000, grad norm: 0.5722
[iter 5410]loss: 3.5379, tokens/sec: 20550.34 ± 273.47, tokens seen: 332390400, grad norm: 0.6646
[iter 5420]loss: 3.7813, tokens/sec: 20550.32 ± 273.22, tokens seen: 333004800, grad norm: 0.7721
[iter 5430]loss: 3.6003, tokens/sec: 20550.28 ± 272.97, tokens seen: 333619200, grad norm: 0.7486
[iter 5440]loss: 3.3582, tokens/sec: 20550.28 ± 272.72, tokens seen: 334233600, grad norm: 0.5870
[iter 5450]loss: 3.4789, tokens/sec: 20550.28 ± 272.47, tokens seen: 334848000, grad norm: 0.5751
[iter 5460]loss: 3.5096, tokens/sec: 20550.29 ± 272.23, tokens seen: 335462400, grad norm: 0.5307
[iter 5470]loss: 3.8668, tokens/sec: 20550.27 ± 271.98, tokens seen: 336076800, grad norm: 0.5574
[iter 5480]loss: 3.5160, tokens/sec: 20550.27 ± 271.73, tokens seen: 336691200, grad norm: 0.5402
[iter 5490]loss: 3.5831, tokens/sec: 20550.29 ± 271.49, tokens seen: 337305600, grad norm: 0.6366
[step 5500]train loss: 3.6503, val loss: 3.6271, (avg train loss: 0.7235 ± 0.0346), (avg grad norm: 0.6227 ± 0.0595)
saving checkpoint to ./out-owt-xl-mhc-bs6-80000step
[iter 5500]loss: 3.4389, tokens/sec: 20550.30 ± 271.24, tokens seen: 337920000, grad norm: 0.6312
[iter 5510]loss: 3.6595, tokens/sec: 20550.39 ± 271.01, tokens seen: 338534400, grad norm: 0.5746
[iter 5520]loss: 3.5171, tokens/sec: 20550.33 ± 270.77, tokens seen: 339148800, grad norm: 0.6406
[iter 5530]loss: 3.8254, tokens/sec: 20550.31 ± 270.52, tokens seen: 339763200, grad norm: 0.7036
[iter 5540]loss: 3.5133, tokens/sec: 20550.32 ± 270.28, tokens seen: 340377600, grad norm: 0.6303
[iter 5550]loss: 3.5561, tokens/sec: 20550.30 ± 270.04, tokens seen: 340992000, grad norm: 0.5796
[iter 5560]loss: 3.8231, tokens/sec: 20550.32 ± 269.80, tokens seen: 341606400, grad norm: 0.6658
[iter 5570]loss: 3.7351, tokens/sec: 20550.33 ± 269.56, tokens seen: 342220800, grad norm: 0.6570
[iter 5580]loss: 3.9106, tokens/sec: 20550.32 ± 269.32, tokens seen: 342835200, grad norm: 0.7968
[iter 5590]loss: 3.7394, tokens/sec: 20550.30 ± 269.08, tokens seen: 343449600, grad norm: 0.6139
[iter 5600]loss: 3.7124, tokens/sec: 20550.31 ± 268.84, tokens seen: 344064000, grad norm: 0.6199
[iter 5610]loss: 3.6212, tokens/sec: 20550.30 ± 268.60, tokens seen: 344678400, grad norm: 0.5960
[iter 5620]loss: 3.5297, tokens/sec: 20550.29 ± 268.37, tokens seen: 345292800, grad norm: 0.5819
[iter 5630]loss: 3.6642, tokens/sec: 20550.27 ± 268.13, tokens seen: 345907200, grad norm: 0.5700
[iter 5640]loss: 3.5265, tokens/sec: 20550.27 ± 267.89, tokens seen: 346521600, grad norm: 0.6186
[iter 5650]loss: 3.2424, tokens/sec: 20550.29 ± 267.66, tokens seen: 347136000, grad norm: 0.5774
[iter 5660]loss: 3.4326, tokens/sec: 20550.29 ± 267.43, tokens seen: 347750400, grad norm: 0.6054
[iter 5670]loss: 3.1713, tokens/sec: 20550.26 ± 267.19, tokens seen: 348364800, grad norm: 0.7062
[iter 5680]loss: 3.6076, tokens/sec: 20550.23 ± 266.96, tokens seen: 348979200, grad norm: 0.6367
[iter 5690]loss: 3.6896, tokens/sec: 20550.21 ± 266.73, tokens seen: 349593600, grad norm: 0.6057
[iter 5700]loss: 3.9438, tokens/sec: 20550.17 ± 266.49, tokens seen: 350208000, grad norm: 0.5922
[iter 5710]loss: 3.8177, tokens/sec: 20550.17 ± 266.26, tokens seen: 350822400, grad norm: 0.6380
[iter 5720]loss: 3.6523, tokens/sec: 20550.17 ± 266.03, tokens seen: 351436800, grad norm: 0.6244
[iter 5730]loss: 3.6899, tokens/sec: 20550.12 ± 265.81, tokens seen: 352051200, grad norm: 0.6262
[iter 5740]loss: 3.5100, tokens/sec: 20550.03 ± 265.58, tokens seen: 352665600, grad norm: 0.5924
[iter 5750]loss: 3.5697, tokens/sec: 20550.04 ± 265.35, tokens seen: 353280000, grad norm: 0.6170
[iter 5760]loss: 3.5305, tokens/sec: 20550.05 ± 265.13, tokens seen: 353894400, grad norm: 0.5490
[iter 5770]loss: 3.7987, tokens/sec: 20550.07 ± 264.90, tokens seen: 354508800, grad norm: 0.5764
[iter 5780]loss: 3.4326, tokens/sec: 20550.06 ± 264.67, tokens seen: 355123200, grad norm: 0.6787
[iter 5790]loss: 3.3878, tokens/sec: 20550.05 ± 264.45, tokens seen: 355737600, grad norm: 0.6257
[iter 5800]loss: 3.7756, tokens/sec: 20550.06 ± 264.22, tokens seen: 356352000, grad norm: 0.6521
[iter 5810]loss: 3.6673, tokens/sec: 20550.08 ± 263.99, tokens seen: 356966400, grad norm: 0.6025
[iter 5820]loss: 3.6106, tokens/sec: 20550.07 ± 263.77, tokens seen: 357580800, grad norm: 0.5877
[iter 5830]loss: 3.5155, tokens/sec: 20550.06 ± 263.55, tokens seen: 358195200, grad norm: 0.6015
[iter 5840]loss: 3.5397, tokens/sec: 20550.08 ± 263.32, tokens seen: 358809600, grad norm: 0.6422
[iter 5850]loss: 3.8055, tokens/sec: 20550.08 ± 263.10, tokens seen: 359424000, grad norm: 0.5525
[iter 5860]loss: 3.7449, tokens/sec: 20550.03 ± 262.88, tokens seen: 360038400, grad norm: 0.6313
[iter 5870]loss: 3.8304, tokens/sec: 20550.02 ± 262.66, tokens seen: 360652800, grad norm: 0.5423
[iter 5880]loss: 3.5033, tokens/sec: 20550.04 ± 262.44, tokens seen: 361267200, grad norm: 0.5329
[iter 5890]loss: 3.5620, tokens/sec: 20550.05 ± 262.22, tokens seen: 361881600, grad norm: 0.5914
[iter 5900]loss: 3.6930, tokens/sec: 20550.01 ± 262.00, tokens seen: 362496000, grad norm: 0.5594
[iter 5910]loss: 3.6423, tokens/sec: 20550.00 ± 261.78, tokens seen: 363110400, grad norm: 0.6302
[iter 5920]loss: 3.8470, tokens/sec: 20550.01 ± 261.56, tokens seen: 363724800, grad norm: 0.6509
[iter 5930]loss: 3.4475, tokens/sec: 20549.99 ± 261.34, tokens seen: 364339200, grad norm: 0.5997
[iter 5940]loss: 3.5461, tokens/sec: 20550.00 ± 261.12, tokens seen: 364953600, grad norm: 0.5363
[iter 5950]loss: 3.5953, tokens/sec: 20550.02 ± 260.90, tokens seen: 365568000, grad norm: 0.7100
[iter 5960]loss: 3.5581, tokens/sec: 20550.04 ± 260.69, tokens seen: 366182400, grad norm: 0.6004
[iter 5970]loss: 3.5936, tokens/sec: 20550.05 ± 260.47, tokens seen: 366796800, grad norm: 0.6230
[iter 5980]loss: 3.7144, tokens/sec: 20550.08 ± 260.25, tokens seen: 367411200, grad norm: 0.5455
[iter 5990]loss: 3.6937, tokens/sec: 20550.07 ± 260.04, tokens seen: 368025600, grad norm: 0.6170
[step 6000]train loss: 3.5651, val loss: 3.5986, (avg train loss: 0.7199 ± 0.0332), (avg grad norm: 0.6204 ± 0.0572)
saving checkpoint to ./out-owt-xl-mhc-bs6-80000step
[iter 6000]loss: 3.5398, tokens/sec: 20550.10 ± 259.83, tokens seen: 368640000, grad norm: 0.6191
[iter 6010]loss: 3.5942, tokens/sec: 20550.17 ± 259.62, tokens seen: 369254400, grad norm: 0.6585
[iter 6020]loss: 3.1948, tokens/sec: 20550.09 ± 259.41, tokens seen: 369868800, grad norm: 0.6329
[iter 6030]loss: 3.7655, tokens/sec: 20550.04 ± 259.20, tokens seen: 370483200, grad norm: 0.5611
[iter 6040]loss: 3.7207, tokens/sec: 20550.03 ± 258.99, tokens seen: 371097600, grad norm: 0.5964
[iter 6050]loss: 3.7180, tokens/sec: 20550.06 ± 258.78, tokens seen: 371712000, grad norm: 0.5827
[iter 6060]loss: 3.5724, tokens/sec: 20550.06 ± 258.56, tokens seen: 372326400, grad norm: 0.6229
[iter 6070]loss: 3.4372, tokens/sec: 20550.04 ± 258.35, tokens seen: 372940800, grad norm: 0.5970
[iter 6080]loss: 3.5410, tokens/sec: 20550.04 ± 258.14, tokens seen: 373555200, grad norm: 0.6139
[iter 6090]loss: 3.5096, tokens/sec: 20550.05 ± 257.93, tokens seen: 374169600, grad norm: 0.6323
[iter 6100]loss: 3.6193, tokens/sec: 20550.07 ± 257.72, tokens seen: 374784000, grad norm: 0.5771
[iter 6110]loss: 3.5432, tokens/sec: 20550.05 ± 257.51, tokens seen: 375398400, grad norm: 0.5985
[iter 6120]loss: 3.5849, tokens/sec: 20550.07 ± 257.31, tokens seen: 376012800, grad norm: 0.6504
[iter 6130]loss: 3.7750, tokens/sec: 20550.09 ± 257.10, tokens seen: 376627200, grad norm: 0.5790
[iter 6140]loss: 3.6027, tokens/sec: 20550.11 ± 256.89, tokens seen: 377241600, grad norm: 0.5410
[iter 6150]loss: 3.7148, tokens/sec: 20550.09 ± 256.69, tokens seen: 377856000, grad norm: 0.5937
[iter 6160]loss: 3.4680, tokens/sec: 20550.07 ± 256.48, tokens seen: 378470400, grad norm: 0.5564
[iter 6170]loss: 3.3595, tokens/sec: 20550.07 ± 256.27, tokens seen: 379084800, grad norm: 0.6309
[iter 6180]loss: 3.4246, tokens/sec: 20550.08 ± 256.07, tokens seen: 379699200, grad norm: 0.6221
[iter 6190]loss: 3.6850, tokens/sec: 20550.08 ± 255.86, tokens seen: 380313600, grad norm: 0.5510
[iter 6200]loss: 3.5574, tokens/sec: 20550.08 ± 255.66, tokens seen: 380928000, grad norm: 0.6094
[iter 6210]loss: 3.7121, tokens/sec: 20550.07 ± 255.45, tokens seen: 381542400, grad norm: 0.5999
[iter 6220]loss: 3.3592, tokens/sec: 20550.08 ± 255.25, tokens seen: 382156800, grad norm: 0.5827
[iter 6230]loss: 3.4771, tokens/sec: 20550.09 ± 255.04, tokens seen: 382771200, grad norm: 0.5566
[iter 6240]loss: 3.6187, tokens/sec: 20550.07 ± 254.84, tokens seen: 383385600, grad norm: 0.5686
[iter 6250]loss: 3.6601, tokens/sec: 20550.09 ± 254.64, tokens seen: 384000000, grad norm: 0.6145
[iter 6260]loss: 3.4698, tokens/sec: 20550.09 ± 254.44, tokens seen: 384614400, grad norm: 0.5821
[iter 6270]loss: 3.2381, tokens/sec: 20550.09 ± 254.24, tokens seen: 385228800, grad norm: 0.5674
[iter 6280]loss: 3.2594, tokens/sec: 20550.09 ± 254.04, tokens seen: 385843200, grad norm: 0.6650
[iter 6290]loss: 3.5571, tokens/sec: 20550.10 ± 253.83, tokens seen: 386457600, grad norm: 0.6565
[iter 6300]loss: 3.5643, tokens/sec: 20550.10 ± 253.63, tokens seen: 387072000, grad norm: 0.7598
[iter 6310]loss: 3.4962, tokens/sec: 20550.06 ± 253.44, tokens seen: 387686400, grad norm: 0.6434
[iter 6320]loss: 3.5125, tokens/sec: 20550.01 ± 253.24, tokens seen: 388300800, grad norm: 0.5823
[iter 6330]loss: 3.5888, tokens/sec: 20550.02 ± 253.05, tokens seen: 388915200, grad norm: 0.5983
[iter 6340]loss: 3.3020, tokens/sec: 20550.02 ± 252.85, tokens seen: 389529600, grad norm: 0.6180
[iter 6350]loss: 3.4543, tokens/sec: 20550.01 ± 252.65, tokens seen: 390144000, grad norm: 0.6315
[iter 6360]loss: 3.4299, tokens/sec: 20550.00 ± 252.45, tokens seen: 390758400, grad norm: 0.6130
[iter 6370]loss: 3.5668, tokens/sec: 20550.00 ± 252.26, tokens seen: 391372800, grad norm: 0.6123
[iter 6380]loss: 3.4975, tokens/sec: 20550.02 ± 252.06, tokens seen: 391987200, grad norm: 0.5834
[iter 6390]loss: 3.5481, tokens/sec: 20550.01 ± 251.87, tokens seen: 392601600, grad norm: 0.5859
[iter 6400]loss: 3.2374, tokens/sec: 20550.01 ± 251.67, tokens seen: 393216000, grad norm: 0.6093
[iter 6410]loss: 3.3461, tokens/sec: 20550.03 ± 251.48, tokens seen: 393830400, grad norm: 0.5934
[iter 6420]loss: 3.5092, tokens/sec: 20550.02 ± 251.28, tokens seen: 394444800, grad norm: 0.5389
[iter 6430]loss: 3.3734, tokens/sec: 20550.04 ± 251.09, tokens seen: 395059200, grad norm: 0.5543
[iter 6440]loss: 3.3895, tokens/sec: 20550.04 ± 250.90, tokens seen: 395673600, grad norm: 0.5679
[iter 6450]loss: 3.4690, tokens/sec: 20550.02 ± 250.70, tokens seen: 396288000, grad norm: 0.6257
[iter 6460]loss: 3.6271, tokens/sec: 20550.00 ± 250.51, tokens seen: 396902400, grad norm: 0.6093
[iter 6470]loss: 3.5923, tokens/sec: 20549.95 ± 250.32, tokens seen: 397516800, grad norm: 0.6347
[iter 6480]loss: 3.8928, tokens/sec: 20549.95 ± 250.13, tokens seen: 398131200, grad norm: 0.6802
[iter 6490]loss: 3.6397, tokens/sec: 20549.98 ± 249.94, tokens seen: 398745600, grad norm: 0.7259
[step 6500]train loss: 3.5608, val loss: 3.5761, (avg train loss: 0.7117 ± 0.0313), (avg grad norm: 0.6255 ± 0.0686)
saving checkpoint to ./out-owt-xl-mhc-bs6-80000step
[iter 6500]loss: 3.4913, tokens/sec: 20549.98 ± 249.75, tokens seen: 399360000, grad norm: 0.6223
[iter 6510]loss: 3.5503, tokens/sec: 20550.03 ± 249.56, tokens seen: 399974400, grad norm: 0.5671
[iter 6520]loss: 3.3278, tokens/sec: 20549.97 ± 249.37, tokens seen: 400588800, grad norm: 0.5620
[iter 6530]loss: 3.4137, tokens/sec: 20549.94 ± 249.19, tokens seen: 401203200, grad norm: 0.5573
[iter 6540]loss: 3.8015, tokens/sec: 20549.93 ± 249.00, tokens seen: 401817600, grad norm: 0.5877
[iter 6550]loss: 3.6582, tokens/sec: 20549.91 ± 248.81, tokens seen: 402432000, grad norm: 0.5684
[iter 6560]loss: 3.5295, tokens/sec: 20549.92 ± 248.62, tokens seen: 403046400, grad norm: 0.5882
[iter 6570]loss: 3.6089, tokens/sec: 20549.91 ± 248.43, tokens seen: 403660800, grad norm: 0.6434
[iter 6580]loss: 3.6567, tokens/sec: 20549.92 ± 248.25, tokens seen: 404275200, grad norm: 0.6069
[iter 6590]loss: 3.5658, tokens/sec: 20549.90 ± 248.06, tokens seen: 404889600, grad norm: 0.6959
[iter 6600]loss: 3.2928, tokens/sec: 20549.90 ± 247.87, tokens seen: 405504000, grad norm: 0.5872
[iter 6610]loss: 3.5178, tokens/sec: 20549.88 ± 247.69, tokens seen: 406118400, grad norm: 0.6151
[iter 6620]loss: 3.7149, tokens/sec: 20549.88 ± 247.50, tokens seen: 406732800, grad norm: 0.7395
[iter 6630]loss: 3.4651, tokens/sec: 20549.89 ± 247.32, tokens seen: 407347200, grad norm: 0.5554
[iter 6640]loss: 3.5635, tokens/sec: 20549.90 ± 247.13, tokens seen: 407961600, grad norm: 0.5979
[iter 6650]loss: 3.6006, tokens/sec: 20549.90 ± 246.95, tokens seen: 408576000, grad norm: 0.6147
[iter 6660]loss: 3.3203, tokens/sec: 20549.91 ± 246.76, tokens seen: 409190400, grad norm: 0.5539
[iter 6670]loss: 3.3459, tokens/sec: 20549.93 ± 246.58, tokens seen: 409804800, grad norm: 0.6192
[iter 6680]loss: 3.3280, tokens/sec: 20549.94 ± 246.40, tokens seen: 410419200, grad norm: 0.6032
[iter 6690]loss: 3.5444, tokens/sec: 20549.96 ± 246.21, tokens seen: 411033600, grad norm: 0.7036
[iter 6700]loss: 3.5346, tokens/sec: 20549.98 ± 246.03, tokens seen: 411648000, grad norm: 0.6540
[iter 6710]loss: 3.1415, tokens/sec: 20549.93 ± 245.85, tokens seen: 412262400, grad norm: 0.5806
[iter 6720]loss: 3.4753, tokens/sec: 20549.93 ± 245.67, tokens seen: 412876800, grad norm: 0.6012
[iter 6730]loss: 3.4201, tokens/sec: 20549.95 ± 245.49, tokens seen: 413491200, grad norm: 0.5538
[iter 6740]loss: 3.7139, tokens/sec: 20549.96 ± 245.31, tokens seen: 414105600, grad norm: 0.5770
[iter 6750]loss: 3.6711, tokens/sec: 20549.96 ± 245.13, tokens seen: 414720000, grad norm: 0.5933
[iter 6760]loss: 3.7225, tokens/sec: 20549.95 ± 244.95, tokens seen: 415334400, grad norm: 0.6114
[iter 6770]loss: 3.8238, tokens/sec: 20549.96 ± 244.77, tokens seen: 415948800, grad norm: 0.5768
[iter 6780]loss: 3.2782, tokens/sec: 20549.92 ± 244.60, tokens seen: 416563200, grad norm: 0.7675
[iter 6790]loss: 3.4969, tokens/sec: 20549.90 ± 244.42, tokens seen: 417177600, grad norm: 0.5914
[iter 6800]loss: 3.6431, tokens/sec: 20549.92 ± 244.24, tokens seen: 417792000, grad norm: 0.6753
[iter 6810]loss: 3.5828, tokens/sec: 20549.93 ± 244.07, tokens seen: 418406400, grad norm: 0.6178
[iter 6820]loss: 3.7085, tokens/sec: 20549.94 ± 243.89, tokens seen: 419020800, grad norm: 0.5840
[iter 6830]loss: 3.6402, tokens/sec: 20549.94 ± 243.71, tokens seen: 419635200, grad norm: 0.5778
[iter 6840]loss: 3.3526, tokens/sec: 20549.96 ± 243.53, tokens seen: 420249600, grad norm: 0.5639
[iter 6850]loss: 3.4808, tokens/sec: 20549.95 ± 243.36, tokens seen: 420864000, grad norm: 0.5531
[iter 6860]loss: 3.6314, tokens/sec: 20549.94 ± 243.18, tokens seen: 421478400, grad norm: 0.5514
[iter 6870]loss: 3.7227, tokens/sec: 20549.91 ± 243.01, tokens seen: 422092800, grad norm: 0.5805
[iter 6880]loss: 3.3643, tokens/sec: 20549.91 ± 242.83, tokens seen: 422707200, grad norm: 0.6310
[iter 6890]loss: 3.2076, tokens/sec: 20549.92 ± 242.66, tokens seen: 423321600, grad norm: 0.5707
[iter 6900]loss: 3.3644, tokens/sec: 20549.91 ± 242.48, tokens seen: 423936000, grad norm: 0.6204
[iter 6910]loss: 3.7164, tokens/sec: 20549.92 ± 242.31, tokens seen: 424550400, grad norm: 0.5650
[iter 6920]loss: 3.6966, tokens/sec: 20549.92 ± 242.14, tokens seen: 425164800, grad norm: 0.7267
[iter 6930]loss: 3.8354, tokens/sec: 20549.90 ± 241.96, tokens seen: 425779200, grad norm: 0.5782
[iter 6940]loss: 3.5603, tokens/sec: 20549.88 ± 241.79, tokens seen: 426393600, grad norm: 0.6265
[iter 6950]loss: 3.4710, tokens/sec: 20549.89 ± 241.62, tokens seen: 427008000, grad norm: 0.6089
[iter 6960]loss: 3.3693, tokens/sec: 20549.90 ± 241.45, tokens seen: 427622400, grad norm: 0.5872
[iter 6970]loss: 3.2683, tokens/sec: 20549.91 ± 241.27, tokens seen: 428236800, grad norm: 0.5514
[iter 6980]loss: 3.5452, tokens/sec: 20549.92 ± 241.10, tokens seen: 428851200, grad norm: 0.6561
[iter 6990]loss: 3.4903, tokens/sec: 20549.91 ± 240.93, tokens seen: 429465600, grad norm: 0.5834
[step 7000]train loss: 3.5230, val loss: 3.5522, (avg train loss: 0.7078 ± 0.0315), (avg grad norm: 0.6079 ± 0.0483)
saving checkpoint to ./out-owt-xl-mhc-bs6-80000step
[iter 7000]loss: 3.6037, tokens/sec: 20549.89 ± 240.76, tokens seen: 430080000, grad norm: 0.6530
[iter 7010]loss: 3.4671, tokens/sec: 20549.92 ± 240.59, tokens seen: 430694400, grad norm: 0.5867
[iter 7020]loss: 3.7299, tokens/sec: 20549.84 ± 240.43, tokens seen: 431308800, grad norm: 0.6545
[iter 7030]loss: 3.2995, tokens/sec: 20549.83 ± 240.26, tokens seen: 431923200, grad norm: 0.5829
[iter 7040]loss: 3.5874, tokens/sec: 20549.85 ± 240.10, tokens seen: 432537600, grad norm: 0.5531
[iter 7050]loss: 3.5111, tokens/sec: 20549.84 ± 239.93, tokens seen: 433152000, grad norm: 0.6350
[iter 7060]loss: 3.5017, tokens/sec: 20549.82 ± 239.76, tokens seen: 433766400, grad norm: 0.6368
[iter 7070]loss: 3.4022, tokens/sec: 20549.79 ± 239.59, tokens seen: 434380800, grad norm: 0.6905
[iter 7080]loss: 3.2970, tokens/sec: 20549.79 ± 239.42, tokens seen: 434995200, grad norm: 0.5949
[iter 7090]loss: 3.5749, tokens/sec: 20549.81 ± 239.26, tokens seen: 435609600, grad norm: 0.6179
[iter 7100]loss: 3.4036, tokens/sec: 20549.82 ± 239.09, tokens seen: 436224000, grad norm: 0.6620
[iter 7110]loss: 3.6775, tokens/sec: 20549.82 ± 238.92, tokens seen: 436838400, grad norm: 0.6141
[iter 7120]loss: 3.8253, tokens/sec: 20549.84 ± 238.76, tokens seen: 437452800, grad norm: 0.5505
[iter 7130]loss: 3.3819, tokens/sec: 20549.84 ± 238.59, tokens seen: 438067200, grad norm: 0.5847
[iter 7140]loss: 3.4863, tokens/sec: 20549.84 ± 238.42, tokens seen: 438681600, grad norm: 0.6626
[iter 7150]loss: 3.5648, tokens/sec: 20549.84 ± 238.26, tokens seen: 439296000, grad norm: 0.5624
[iter 7160]loss: 3.5607, tokens/sec: 20549.85 ± 238.09, tokens seen: 439910400, grad norm: 0.5973
[iter 7170]loss: 3.6610, tokens/sec: 20549.88 ± 237.93, tokens seen: 440524800, grad norm: 0.5932
[iter 7180]loss: 3.4178, tokens/sec: 20549.89 ± 237.76, tokens seen: 441139200, grad norm: 0.6058
[iter 7190]loss: 3.5538, tokens/sec: 20549.90 ± 237.60, tokens seen: 441753600, grad norm: 0.6106
[iter 7200]loss: 3.7954, tokens/sec: 20549.90 ± 237.44, tokens seen: 442368000, grad norm: 0.6407
[iter 7210]loss: 3.3710, tokens/sec: 20549.86 ± 237.28, tokens seen: 442982400, grad norm: 0.6902
[iter 7220]loss: 3.4078, tokens/sec: 20549.86 ± 237.12, tokens seen: 443596800, grad norm: 0.6499
[iter 7230]loss: 3.4178, tokens/sec: 20549.87 ± 236.95, tokens seen: 444211200, grad norm: 0.5738
[iter 7240]loss: 3.3086, tokens/sec: 20549.90 ± 236.79, tokens seen: 444825600, grad norm: 0.5560
[iter 7250]loss: 3.6091, tokens/sec: 20549.92 ± 236.63, tokens seen: 445440000, grad norm: 0.5814
[iter 7260]loss: 3.6246, tokens/sec: 20549.93 ± 236.47, tokens seen: 446054400, grad norm: 0.5811
[iter 7270]loss: 3.2644, tokens/sec: 20549.92 ± 236.31, tokens seen: 446668800, grad norm: 0.5505
[iter 7280]loss: 3.5671, tokens/sec: 20549.91 ± 236.15, tokens seen: 447283200, grad norm: 0.6316
[iter 7290]loss: 3.5515, tokens/sec: 20549.89 ± 235.99, tokens seen: 447897600, grad norm: 0.5968
[iter 7300]loss: 3.5901, tokens/sec: 20549.90 ± 235.83, tokens seen: 448512000, grad norm: 0.6051
[iter 7310]loss: 3.3342, tokens/sec: 20549.91 ± 235.66, tokens seen: 449126400, grad norm: 0.6020
[iter 7320]loss: 3.6303, tokens/sec: 20549.93 ± 235.51, tokens seen: 449740800, grad norm: 0.6063
[iter 7330]loss: 3.2647, tokens/sec: 20549.94 ± 235.35, tokens seen: 450355200, grad norm: 0.6265
[iter 7340]loss: 3.1884, tokens/sec: 20549.93 ± 235.19, tokens seen: 450969600, grad norm: 0.6743
[iter 7350]loss: 3.7168, tokens/sec: 20549.93 ± 235.03, tokens seen: 451584000, grad norm: 0.5910
[iter 7360]loss: 3.5370, tokens/sec: 20549.93 ± 234.87, tokens seen: 452198400, grad norm: 0.5697
[iter 7370]loss: 3.4304, tokens/sec: 20549.95 ± 234.71, tokens seen: 452812800, grad norm: 0.5902
[iter 7380]loss: 3.4083, tokens/sec: 20549.96 ± 234.55, tokens seen: 453427200, grad norm: 0.5567
[iter 7390]loss: 3.4952, tokens/sec: 20549.96 ± 234.40, tokens seen: 454041600, grad norm: 0.6003
[iter 7400]loss: 3.5885, tokens/sec: 20549.95 ± 234.24, tokens seen: 454656000, grad norm: 0.5888
[iter 7410]loss: 3.3145, tokens/sec: 20549.95 ± 234.08, tokens seen: 455270400, grad norm: 0.6250
[iter 7420]loss: 3.5748, tokens/sec: 20549.96 ± 233.93, tokens seen: 455884800, grad norm: 0.5887
[iter 7430]loss: 3.4133, tokens/sec: 20549.98 ± 233.77, tokens seen: 456499200, grad norm: 0.5704
[iter 7440]loss: 3.1936, tokens/sec: 20549.97 ± 233.62, tokens seen: 457113600, grad norm: 0.5598
[iter 7450]loss: 3.5121, tokens/sec: 20549.97 ± 233.46, tokens seen: 457728000, grad norm: 0.5711
[iter 7460]loss: 3.3731, tokens/sec: 20549.98 ± 233.30, tokens seen: 458342400, grad norm: 0.6099
[iter 7470]loss: 3.2839, tokens/sec: 20549.99 ± 233.15, tokens seen: 458956800, grad norm: 0.5985
[iter 7480]loss: 3.4832, tokens/sec: 20549.98 ± 233.00, tokens seen: 459571200, grad norm: 0.6323
[iter 7490]loss: 3.5426, tokens/sec: 20550.00 ± 232.84, tokens seen: 460185600, grad norm: 0.6374
[step 7500]train loss: 3.4974, val loss: 3.4982, (avg train loss: 0.6991 ± 0.0330), (avg grad norm: 0.6030 ± 0.0435)
saving checkpoint to ./out-owt-xl-mhc-bs6-80000step
[iter 7500]loss: 3.5176, tokens/sec: 20550.01 ± 232.69, tokens seen: 460800000, grad norm: 0.5979
[iter 7510]loss: 3.5310, tokens/sec: 20550.05 ± 232.54, tokens seen: 461414400, grad norm: 0.5540
[iter 7520]loss: 3.6384, tokens/sec: 20549.99 ± 232.39, tokens seen: 462028800, grad norm: 0.6083
[iter 7530]loss: 3.7182, tokens/sec: 20549.97 ± 232.24, tokens seen: 462643200, grad norm: 0.5811
[iter 7540]loss: 3.6031, tokens/sec: 20549.98 ± 232.09, tokens seen: 463257600, grad norm: 0.6580
[iter 7550]loss: 3.5143, tokens/sec: 20549.98 ± 231.94, tokens seen: 463872000, grad norm: 0.6128
[iter 7560]loss: 3.3900, tokens/sec: 20549.97 ± 231.79, tokens seen: 464486400, grad norm: 0.5724
[iter 7570]loss: 3.5523, tokens/sec: 20549.99 ± 231.63, tokens seen: 465100800, grad norm: 0.5785
[iter 7580]loss: 3.5650, tokens/sec: 20549.98 ± 231.48, tokens seen: 465715200, grad norm: 0.5880
[iter 7590]loss: 3.5253, tokens/sec: 20549.99 ± 231.33, tokens seen: 466329600, grad norm: 0.6277
[iter 7600]loss: 3.5040, tokens/sec: 20549.98 ± 231.18, tokens seen: 466944000, grad norm: 0.6613
[iter 7610]loss: 3.3295, tokens/sec: 20549.92 ± 231.04, tokens seen: 467558400, grad norm: 0.5504
[iter 7620]loss: 3.4531, tokens/sec: 20549.93 ± 230.89, tokens seen: 468172800, grad norm: 0.6163
[iter 7630]loss: 3.3703, tokens/sec: 20549.95 ± 230.74, tokens seen: 468787200, grad norm: 0.6161
[iter 7640]loss: 3.4963, tokens/sec: 20549.96 ± 230.59, tokens seen: 469401600, grad norm: 0.6371
[iter 7650]loss: 3.4097, tokens/sec: 20549.97 ± 230.44, tokens seen: 470016000, grad norm: 0.6325
[iter 7660]loss: 3.6708, tokens/sec: 20549.98 ± 230.29, tokens seen: 470630400, grad norm: 0.6111
[iter 7670]loss: 3.1274, tokens/sec: 20549.99 ± 230.14, tokens seen: 471244800, grad norm: 0.5790
[iter 7680]loss: 3.5494, tokens/sec: 20550.00 ± 229.99, tokens seen: 471859200, grad norm: 0.6307
[iter 7690]loss: 3.4987, tokens/sec: 20550.02 ± 229.84, tokens seen: 472473600, grad norm: 0.6643
[iter 7700]loss: 3.4326, tokens/sec: 20550.03 ± 229.69, tokens seen: 473088000, grad norm: 0.6018
[iter 7710]loss: 3.7214, tokens/sec: 20550.04 ± 229.55, tokens seen: 473702400, grad norm: 0.6493
[iter 7720]loss: 3.5645, tokens/sec: 20550.01 ± 229.40, tokens seen: 474316800, grad norm: 0.6710
[iter 7730]loss: 3.6392, tokens/sec: 20550.02 ± 229.25, tokens seen: 474931200, grad norm: 0.6439
[iter 7740]loss: 3.5283, tokens/sec: 20550.03 ± 229.11, tokens seen: 475545600, grad norm: 0.5737
[iter 7750]loss: 3.6226, tokens/sec: 20550.04 ± 228.96, tokens seen: 476160000, grad norm: 0.5737
[iter 7760]loss: 3.4519, tokens/sec: 20550.04 ± 228.81, tokens seen: 476774400, grad norm: 0.5678
[iter 7770]loss: 3.5064, tokens/sec: 20550.05 ± 228.67, tokens seen: 477388800, grad norm: 0.5401
[iter 7780]loss: 3.5243, tokens/sec: 20550.05 ± 228.52, tokens seen: 478003200, grad norm: 0.9759
[iter 7790]loss: 3.5465, tokens/sec: 20550.05 ± 228.38, tokens seen: 478617600, grad norm: 0.6504
[iter 7800]loss: 3.2454, tokens/sec: 20550.06 ± 228.23, tokens seen: 479232000, grad norm: 0.5849
[iter 7810]loss: 3.5611, tokens/sec: 20550.07 ± 228.09, tokens seen: 479846400, grad norm: 0.6046
[iter 7820]loss: 3.6338, tokens/sec: 20550.07 ± 227.94, tokens seen: 480460800, grad norm: 0.6528
[iter 7830]loss: 3.1949, tokens/sec: 20550.06 ± 227.80, tokens seen: 481075200, grad norm: 0.7749
[iter 7840]loss: 3.4652, tokens/sec: 20550.07 ± 227.66, tokens seen: 481689600, grad norm: 0.6200
[iter 7850]loss: 3.1962, tokens/sec: 20550.08 ± 227.51, tokens seen: 482304000, grad norm: 0.6021
[iter 7860]loss: 3.2144, tokens/sec: 20550.09 ± 227.37, tokens seen: 482918400, grad norm: 0.6191
[iter 7870]loss: 3.4072, tokens/sec: 20550.09 ± 227.23, tokens seen: 483532800, grad norm: 0.5914
[iter 7880]loss: 3.2559, tokens/sec: 20550.10 ± 227.08, tokens seen: 484147200, grad norm: 0.5937
[iter 7890]loss: 3.5892, tokens/sec: 20550.10 ± 226.94, tokens seen: 484761600, grad norm: 0.6625
[iter 7900]loss: 3.6746, tokens/sec: 20550.11 ± 226.80, tokens seen: 485376000, grad norm: 0.5879
[iter 7910]loss: 3.2286, tokens/sec: 20550.11 ± 226.66, tokens seen: 485990400, grad norm: 0.6567
[iter 7920]loss: 3.8137, tokens/sec: 20550.13 ± 226.52, tokens seen: 486604800, grad norm: 0.5983
[iter 7930]loss: 3.5405, tokens/sec: 20550.14 ± 226.37, tokens seen: 487219200, grad norm: 0.5920
[iter 7940]loss: 3.5525, tokens/sec: 20550.15 ± 226.23, tokens seen: 487833600, grad norm: 0.5482
[iter 7950]loss: 3.5015, tokens/sec: 20550.15 ± 226.09, tokens seen: 488448000, grad norm: 0.6137
[iter 7960]loss: 3.5799, tokens/sec: 20550.14 ± 225.95, tokens seen: 489062400, grad norm: 0.5579
[iter 7970]loss: 3.5470, tokens/sec: 20550.12 ± 225.81, tokens seen: 489676800, grad norm: 0.5475
[iter 7980]loss: 3.0704, tokens/sec: 20550.12 ± 225.67, tokens seen: 490291200, grad norm: 0.6540
[iter 7990]loss: 3.6106, tokens/sec: 20550.13 ± 225.53, tokens seen: 490905600, grad norm: 0.6001
[step 8000]train loss: 3.4862, val loss: 3.4909, (avg train loss: 0.6966 ± 0.0326), (avg grad norm: 0.6173 ± 0.0639)
saving checkpoint to ./out-owt-xl-mhc-bs6-80000step
[iter 8000]loss: 3.3928, tokens/sec: 20550.11 ± 225.39, tokens seen: 491520000, grad norm: 0.6078
[iter 8010]loss: 3.5575, tokens/sec: 20550.15 ± 225.26, tokens seen: 492134400, grad norm: 0.5918
[iter 8020]loss: 3.6913, tokens/sec: 20550.12 ± 225.12, tokens seen: 492748800, grad norm: 0.5700
[iter 8030]loss: 3.4623, tokens/sec: 20550.13 ± 224.98, tokens seen: 493363200, grad norm: 0.6008
[iter 8040]loss: 3.2506, tokens/sec: 20550.12 ± 224.84, tokens seen: 493977600, grad norm: 0.5851
[iter 8050]loss: 3.4467, tokens/sec: 20550.11 ± 224.71, tokens seen: 494592000, grad norm: 0.6232
[iter 8060]loss: 3.3665, tokens/sec: 20550.12 ± 224.57, tokens seen: 495206400, grad norm: 0.5738
[iter 8070]loss: 3.3296, tokens/sec: 20550.13 ± 224.43, tokens seen: 495820800, grad norm: 0.5450
[iter 8080]loss: 3.4255, tokens/sec: 20550.13 ± 224.29, tokens seen: 496435200, grad norm: 0.5733
[iter 8090]loss: 3.6344, tokens/sec: 20550.14 ± 224.15, tokens seen: 497049600, grad norm: 0.6866
[iter 8100]loss: 3.3268, tokens/sec: 20550.16 ± 224.02, tokens seen: 497664000, grad norm: 0.5757
[iter 8110]loss: 3.5750, tokens/sec: 20550.15 ± 223.88, tokens seen: 498278400, grad norm: 0.5580
[iter 8120]loss: 3.7005, tokens/sec: 20550.15 ± 223.74, tokens seen: 498892800, grad norm: 0.6399
[iter 8130]loss: 3.4925, tokens/sec: 20550.16 ± 223.61, tokens seen: 499507200, grad norm: 0.5978
[iter 8140]loss: 3.2481, tokens/sec: 20550.17 ± 223.47, tokens seen: 500121600, grad norm: 0.6967
[iter 8150]loss: 3.3683, tokens/sec: 20550.17 ± 223.34, tokens seen: 500736000, grad norm: 0.5667
[iter 8160]loss: 3.5628, tokens/sec: 20550.16 ± 223.20, tokens seen: 501350400, grad norm: 0.6838
[iter 8170]loss: 3.5980, tokens/sec: 20550.09 ± 223.07, tokens seen: 501964800, grad norm: 0.6162
[iter 8180]loss: 3.3451, tokens/sec: 20550.09 ± 222.94, tokens seen: 502579200, grad norm: 0.6615
[iter 8190]loss: 3.7341, tokens/sec: 20550.11 ± 222.80, tokens seen: 503193600, grad norm: 0.5932
[iter 8200]loss: 3.4625, tokens/sec: 20550.12 ± 222.67, tokens seen: 503808000, grad norm: 0.6231
[iter 8210]loss: 3.7084, tokens/sec: 20550.11 ± 222.54, tokens seen: 504422400, grad norm: 0.6035
[iter 8220]loss: 3.6993, tokens/sec: 20550.13 ± 222.40, tokens seen: 505036800, grad norm: 0.6403
[iter 8230]loss: 3.5827, tokens/sec: 20550.15 ± 222.27, tokens seen: 505651200, grad norm: 0.6235
[iter 8240]loss: 3.3597, tokens/sec: 20550.15 ± 222.13, tokens seen: 506265600, grad norm: 0.6046
[iter 8250]loss: 3.6512, tokens/sec: 20550.16 ± 222.00, tokens seen: 506880000, grad norm: 0.9288
[iter 8260]loss: 3.2212, tokens/sec: 20550.12 ± 221.87, tokens seen: 507494400, grad norm: 0.7999
[iter 8270]loss: 3.4814, tokens/sec: 20550.15 ± 221.74, tokens seen: 508108800, grad norm: 0.6082
[iter 8280]loss: 3.3993, tokens/sec: 20550.16 ± 221.61, tokens seen: 508723200, grad norm: 0.6747
[iter 8290]loss: 3.6367, tokens/sec: 20550.18 ± 221.47, tokens seen: 509337600, grad norm: 0.6285
[iter 8300]loss: 3.5907, tokens/sec: 20550.17 ± 221.34, tokens seen: 509952000, grad norm: 0.5996
[iter 8310]loss: 3.8903, tokens/sec: 20550.13 ± 221.21, tokens seen: 510566400, grad norm: 0.6046
[iter 8320]loss: 3.5115, tokens/sec: 20550.11 ± 221.08, tokens seen: 511180800, grad norm: 0.5933
[iter 8330]loss: 3.4022, tokens/sec: 20550.13 ± 220.95, tokens seen: 511795200, grad norm: 0.6306
[iter 8340]loss: 3.2590, tokens/sec: 20550.15 ± 220.82, tokens seen: 512409600, grad norm: 0.5976
[iter 8350]loss: 3.1834, tokens/sec: 20550.15 ± 220.69, tokens seen: 513024000, grad norm: 0.5593
[iter 8360]loss: 3.3006, tokens/sec: 20550.17 ± 220.56, tokens seen: 513638400, grad norm: 0.6125
[iter 8370]loss: 3.3406, tokens/sec: 20550.17 ± 220.43, tokens seen: 514252800, grad norm: 0.6230
[iter 8380]loss: 3.2267, tokens/sec: 20550.19 ± 220.30, tokens seen: 514867200, grad norm: 0.5952
[iter 8390]loss: 3.6448, tokens/sec: 20550.20 ± 220.17, tokens seen: 515481600, grad norm: 0.6800
[iter 8400]loss: 3.4134, tokens/sec: 20550.21 ± 220.04, tokens seen: 516096000, grad norm: 0.6224
[iter 8410]loss: 3.5134, tokens/sec: 20550.24 ± 219.91, tokens seen: 516710400, grad norm: 0.6110
[iter 8420]loss: 3.3149, tokens/sec: 20550.26 ± 219.78, tokens seen: 517324800, grad norm: 0.6207
[iter 8430]loss: 3.4077, tokens/sec: 20550.27 ± 219.65, tokens seen: 517939200, grad norm: 0.5702
[iter 8440]loss: 3.3430, tokens/sec: 20550.28 ± 219.53, tokens seen: 518553600, grad norm: 0.5323
[iter 8450]loss: 3.4607, tokens/sec: 20550.28 ± 219.40, tokens seen: 519168000, grad norm: 0.5639
[iter 8460]loss: 3.4598, tokens/sec: 20550.27 ± 219.27, tokens seen: 519782400, grad norm: 0.6065
[iter 8470]loss: 3.3291, tokens/sec: 20550.29 ± 219.14, tokens seen: 520396800, grad norm: 0.5427
[iter 8480]loss: 3.5172, tokens/sec: 20550.31 ± 219.01, tokens seen: 521011200, grad norm: 0.6114
[iter 8490]loss: 3.5735, tokens/sec: 20550.32 ± 218.89, tokens seen: 521625600, grad norm: 0.6255
[step 8500]train loss: 3.4454, val loss: 3.4588, (avg train loss: 0.6908 ± 0.0331), (avg grad norm: 0.6199 ± 0.0715)
saving checkpoint to ./out-owt-xl-mhc-bs6-80000step
[iter 8500]loss: 3.5477, tokens/sec: 20550.31 ± 218.76, tokens seen: 522240000, grad norm: 0.6405
[iter 8510]loss: 3.3030, tokens/sec: 20550.35 ± 218.64, tokens seen: 522854400, grad norm: 0.5796
[iter 8520]loss: 3.5381, tokens/sec: 20550.31 ± 218.51, tokens seen: 523468800, grad norm: 0.6293
[iter 8530]loss: 3.5403, tokens/sec: 20550.31 ± 218.39, tokens seen: 524083200, grad norm: 0.6419
[iter 8540]loss: 3.4859, tokens/sec: 20550.28 ± 218.26, tokens seen: 524697600, grad norm: 0.7660
[iter 8550]loss: 3.4285, tokens/sec: 20550.26 ± 218.14, tokens seen: 525312000, grad norm: 0.7067
[iter 8560]loss: 3.4702, tokens/sec: 20550.27 ± 218.01, tokens seen: 525926400, grad norm: 0.5985
[iter 8570]loss: 3.3667, tokens/sec: 20550.28 ± 217.89, tokens seen: 526540800, grad norm: 0.5866
[iter 8580]loss: 3.5776, tokens/sec: 20550.26 ± 217.76, tokens seen: 527155200, grad norm: 0.7509
[iter 8590]loss: 3.4436, tokens/sec: 20550.28 ± 217.64, tokens seen: 527769600, grad norm: 0.6296
[iter 8600]loss: 3.5599, tokens/sec: 20550.27 ± 217.51, tokens seen: 528384000, grad norm: 0.5808
[iter 8610]loss: 3.4513, tokens/sec: 20550.27 ± 217.39, tokens seen: 528998400, grad norm: 0.6072
[iter 8620]loss: 3.4098, tokens/sec: 20550.26 ± 217.27, tokens seen: 529612800, grad norm: 0.6221
[iter 8630]loss: 3.2777, tokens/sec: 20550.26 ± 217.14, tokens seen: 530227200, grad norm: 0.5539
[iter 8640]loss: 3.5913, tokens/sec: 20550.27 ± 217.02, tokens seen: 530841600, grad norm: 0.6173
[iter 8650]loss: 3.4686, tokens/sec: 20550.24 ± 216.90, tokens seen: 531456000, grad norm: 0.5817
[iter 8660]loss: 3.6439, tokens/sec: 20550.18 ± 216.78, tokens seen: 532070400, grad norm: 0.6542
[iter 8670]loss: 3.4006, tokens/sec: 20550.18 ± 216.66, tokens seen: 532684800, grad norm: 0.5968
[iter 8680]loss: 3.7205, tokens/sec: 20550.19 ± 216.53, tokens seen: 533299200, grad norm: 0.5799
[iter 8690]loss: 3.4344, tokens/sec: 20550.20 ± 216.41, tokens seen: 533913600, grad norm: 0.5841
[iter 8700]loss: 3.4238, tokens/sec: 20550.20 ± 216.29, tokens seen: 534528000, grad norm: 0.5529
[iter 8710]loss: 3.2297, tokens/sec: 20550.18 ± 216.16, tokens seen: 535142400, grad norm: 0.5755
[iter 8720]loss: 2.9607, tokens/sec: 20550.18 ± 216.04, tokens seen: 535756800, grad norm: 0.5705
[iter 8730]loss: 3.5707, tokens/sec: 20550.17 ± 215.92, tokens seen: 536371200, grad norm: 0.6154
[iter 8740]loss: 3.4501, tokens/sec: 20550.17 ± 215.80, tokens seen: 536985600, grad norm: 0.6728
[iter 8750]loss: 3.4953, tokens/sec: 20550.17 ± 215.68, tokens seen: 537600000, grad norm: 0.7845
[iter 8760]loss: 3.2629, tokens/sec: 20550.18 ± 215.55, tokens seen: 538214400, grad norm: 0.6043
[iter 8770]loss: 3.3112, tokens/sec: 20550.20 ± 215.43, tokens seen: 538828800, grad norm: 0.7111
[iter 8780]loss: 3.5448, tokens/sec: 20550.18 ± 215.31, tokens seen: 539443200, grad norm: 0.6132
[iter 8790]loss: 3.3749, tokens/sec: 20550.17 ± 215.19, tokens seen: 540057600, grad norm: 0.5713
[iter 8800]loss: 3.5132, tokens/sec: 20550.17 ± 215.07, tokens seen: 540672000, grad norm: 0.6889
[iter 8810]loss: 3.3678, tokens/sec: 20550.16 ± 214.95, tokens seen: 541286400, grad norm: 0.6018
[iter 8820]loss: 3.3465, tokens/sec: 20550.14 ± 214.83, tokens seen: 541900800, grad norm: 0.5813
[iter 8830]loss: 3.4741, tokens/sec: 20550.14 ± 214.71, tokens seen: 542515200, grad norm: 0.5767
[iter 8840]loss: 3.3666, tokens/sec: 20550.12 ± 214.59, tokens seen: 543129600, grad norm: 0.6139
[iter 8850]loss: 3.3649, tokens/sec: 20550.12 ± 214.47, tokens seen: 543744000, grad norm: 0.5782
[iter 8860]loss: 3.6984, tokens/sec: 20550.10 ± 214.36, tokens seen: 544358400, grad norm: 0.6542
[iter 8870]loss: 3.5982, tokens/sec: 20550.09 ± 214.24, tokens seen: 544972800, grad norm: 0.6472
[iter 8880]loss: 3.4408, tokens/sec: 20550.10 ± 214.12, tokens seen: 545587200, grad norm: 0.6785
[iter 8890]loss: 3.5388, tokens/sec: 20550.08 ± 214.00, tokens seen: 546201600, grad norm: 0.5896
[iter 8900]loss: 3.7327, tokens/sec: 20550.07 ± 213.88, tokens seen: 546816000, grad norm: 0.5881
[iter 8910]loss: 3.1855, tokens/sec: 20550.05 ± 213.76, tokens seen: 547430400, grad norm: 0.6166
[iter 8920]loss: 3.3219, tokens/sec: 20550.03 ± 213.64, tokens seen: 548044800, grad norm: 0.5764
[iter 8930]loss: 3.5905, tokens/sec: 20550.03 ± 213.52, tokens seen: 548659200, grad norm: 0.6199
[iter 8940]loss: 3.4660, tokens/sec: 20550.01 ± 213.41, tokens seen: 549273600, grad norm: 0.5946
[iter 8950]loss: 3.4611, tokens/sec: 20550.00 ± 213.29, tokens seen: 549888000, grad norm: 0.6111
[iter 8960]loss: 3.4896, tokens/sec: 20549.95 ± 213.18, tokens seen: 550502400, grad norm: 0.6348
[iter 8970]loss: 3.3370, tokens/sec: 20549.93 ± 213.06, tokens seen: 551116800, grad norm: 0.6207
[iter 8980]loss: 3.3765, tokens/sec: 20549.95 ± 212.94, tokens seen: 551731200, grad norm: 0.6090
[iter 8990]loss: 3.4241, tokens/sec: 20549.93 ± 212.83, tokens seen: 552345600, grad norm: 0.6465
[step 9000]train loss: 3.4466, val loss: 3.4428, (avg train loss: 0.6868 ± 0.0334), (avg grad norm: 0.6277 ± 0.0559)
saving checkpoint to ./out-owt-xl-mhc-bs6-80000step
[iter 9000]loss: 3.5067, tokens/sec: 20549.92 ± 212.71, tokens seen: 552960000, grad norm: 0.5950
[iter 9010]loss: 3.0798, tokens/sec: 20549.97 ± 212.60, tokens seen: 553574400, grad norm: 0.5887
[iter 9020]loss: 3.4634, tokens/sec: 20549.91 ± 212.49, tokens seen: 554188800, grad norm: 0.5708
[iter 9030]loss: 3.2736, tokens/sec: 20549.89 ± 212.38, tokens seen: 554803200, grad norm: 0.6336
[iter 9040]loss: 3.2917, tokens/sec: 20549.91 ± 212.26, tokens seen: 555417600, grad norm: 0.5527
[iter 9050]loss: 3.5058, tokens/sec: 20549.91 ± 212.15, tokens seen: 556032000, grad norm: 0.7618
[iter 9060]loss: 3.6239, tokens/sec: 20549.92 ± 212.03, tokens seen: 556646400, grad norm: 0.6014
[iter 9070]loss: 3.3701, tokens/sec: 20549.90 ± 211.91, tokens seen: 557260800, grad norm: 0.5901
[iter 9080]loss: 3.4195, tokens/sec: 20549.91 ± 211.80, tokens seen: 557875200, grad norm: 0.7658
[iter 9090]loss: 3.6547, tokens/sec: 20549.90 ± 211.69, tokens seen: 558489600, grad norm: 0.7050
[iter 9100]loss: 3.1403, tokens/sec: 20549.90 ± 211.57, tokens seen: 559104000, grad norm: 0.6258
[iter 9110]loss: 3.5076, tokens/sec: 20549.91 ± 211.46, tokens seen: 559718400, grad norm: 0.5658
[iter 9120]loss: 3.6052, tokens/sec: 20549.91 ± 211.34, tokens seen: 560332800, grad norm: 0.5850
[iter 9130]loss: 3.5490, tokens/sec: 20549.91 ± 211.23, tokens seen: 560947200, grad norm: 0.6299
[iter 9140]loss: 3.3268, tokens/sec: 20549.90 ± 211.11, tokens seen: 561561600, grad norm: 0.7660
[iter 9150]loss: 3.2941, tokens/sec: 20549.90 ± 211.00, tokens seen: 562176000, grad norm: 0.6059
[iter 9160]loss: 3.4481, tokens/sec: 20549.91 ± 210.89, tokens seen: 562790400, grad norm: 0.6869
[iter 9170]loss: 3.4831, tokens/sec: 20549.89 ± 210.77, tokens seen: 563404800, grad norm: 0.6235
[iter 9180]loss: 3.0493, tokens/sec: 20549.86 ± 210.66, tokens seen: 564019200, grad norm: 0.6398
[iter 9190]loss: 3.2240, tokens/sec: 20549.81 ± 210.55, tokens seen: 564633600, grad norm: 0.6543
[iter 9200]loss: 3.4029, tokens/sec: 20549.82 ± 210.44, tokens seen: 565248000, grad norm: 0.5798
[iter 9210]loss: 3.4634, tokens/sec: 20549.83 ± 210.33, tokens seen: 565862400, grad norm: 0.5827
[iter 9220]loss: 3.3224, tokens/sec: 20549.83 ± 210.22, tokens seen: 566476800, grad norm: 0.6038
[iter 9230]loss: 3.3860, tokens/sec: 20549.81 ± 210.11, tokens seen: 567091200, grad norm: 0.5861
[iter 9240]loss: 3.5587, tokens/sec: 20549.79 ± 209.99, tokens seen: 567705600, grad norm: 0.6049
[iter 9250]loss: 3.1946, tokens/sec: 20549.79 ± 209.88, tokens seen: 568320000, grad norm: 0.5626
[iter 9260]loss: 3.5804, tokens/sec: 20549.81 ± 209.77, tokens seen: 568934400, grad norm: 0.6074
[iter 9270]loss: 3.3411, tokens/sec: 20549.82 ± 209.66, tokens seen: 569548800, grad norm: 0.6470
[iter 9280]loss: 3.2963, tokens/sec: 20549.80 ± 209.55, tokens seen: 570163200, grad norm: 0.5446
[iter 9290]loss: 3.1974, tokens/sec: 20549.80 ± 209.44, tokens seen: 570777600, grad norm: 0.5559
[iter 9300]loss: 3.4244, tokens/sec: 20549.78 ± 209.32, tokens seen: 571392000, grad norm: 0.5926
[iter 9310]loss: 3.3318, tokens/sec: 20549.78 ± 209.21, tokens seen: 572006400, grad norm: 0.5598
[iter 9320]loss: 3.4358, tokens/sec: 20549.79 ± 209.10, tokens seen: 572620800, grad norm: 0.6067
[iter 9330]loss: 3.4179, tokens/sec: 20549.80 ± 208.99, tokens seen: 573235200, grad norm: 0.6435
[iter 9340]loss: 3.5643, tokens/sec: 20549.79 ± 208.88, tokens seen: 573849600, grad norm: 0.6176
[iter 9350]loss: 4.0034, tokens/sec: 20549.79 ± 208.77, tokens seen: 574464000, grad norm: 0.6183
[iter 9360]loss: 3.3657, tokens/sec: 20549.78 ± 208.66, tokens seen: 575078400, grad norm: 0.5969
[iter 9370]loss: 3.4054, tokens/sec: 20549.78 ± 208.55, tokens seen: 575692800, grad norm: 0.5976
[iter 9380]loss: 3.4459, tokens/sec: 20549.79 ± 208.44, tokens seen: 576307200, grad norm: 0.5561
[iter 9390]loss: 3.5904, tokens/sec: 20549.79 ± 208.33, tokens seen: 576921600, grad norm: 0.6500
[iter 9400]loss: 3.3733, tokens/sec: 20549.79 ± 208.22, tokens seen: 577536000, grad norm: 0.5737
[iter 9410]loss: 3.4985, tokens/sec: 20549.79 ± 208.11, tokens seen: 578150400, grad norm: 0.5906
[iter 9420]loss: 3.3773, tokens/sec: 20549.80 ± 208.00, tokens seen: 578764800, grad norm: 0.6042
[iter 9430]loss: 3.5078, tokens/sec: 20549.78 ± 207.89, tokens seen: 579379200, grad norm: 0.5671
[iter 9440]loss: 3.4776, tokens/sec: 20549.77 ± 207.79, tokens seen: 579993600, grad norm: 0.5677
[iter 9450]loss: 4.3211, tokens/sec: 20549.77 ± 207.68, tokens seen: 580608000, grad norm: 2.0592
[iter 9460]loss: 3.7279, tokens/sec: 20549.78 ± 207.57, tokens seen: 581222400, grad norm: 0.5964
[iter 9470]loss: 3.1007, tokens/sec: 20549.79 ± 207.46, tokens seen: 581836800, grad norm: 0.6047
[iter 9480]loss: 3.2316, tokens/sec: 20549.80 ± 207.35, tokens seen: 582451200, grad norm: 0.5748
[iter 9490]loss: 3.4047, tokens/sec: 20549.81 ± 207.24, tokens seen: 583065600, grad norm: 0.5747
[step 9500]train loss: 3.4085, val loss: 3.4152, (avg train loss: 0.6826 ± 0.0373), (avg grad norm: 0.6212 ± 0.1220)
saving checkpoint to ./out-owt-xl-mhc-bs6-80000step
[iter 9500]loss: 3.2120, tokens/sec: 20549.80 ± 207.14, tokens seen: 583680000, grad norm: 0.5823
[iter 9510]loss: 3.5417, tokens/sec: 20549.82 ± 207.03, tokens seen: 584294400, grad norm: 0.6037
[iter 9520]loss: 3.1736, tokens/sec: 20549.75 ± 206.93, tokens seen: 584908800, grad norm: 0.6667
[iter 9530]loss: 3.3969, tokens/sec: 20549.74 ± 206.82, tokens seen: 585523200, grad norm: 0.6029
[iter 9540]loss: 3.7597, tokens/sec: 20549.74 ± 206.72, tokens seen: 586137600, grad norm: 1.0898
[iter 9550]loss: 3.4703, tokens/sec: 20549.74 ± 206.61, tokens seen: 586752000, grad norm: 0.6491
[iter 9560]loss: 3.1916, tokens/sec: 20549.75 ± 206.50, tokens seen: 587366400, grad norm: 0.6120
[iter 9570]loss: 3.1718, tokens/sec: 20549.74 ± 206.40, tokens seen: 587980800, grad norm: 0.7913
[iter 9580]loss: 3.5677, tokens/sec: 20549.74 ± 206.29, tokens seen: 588595200, grad norm: 0.7672
[iter 9590]loss: 3.4888, tokens/sec: 20549.75 ± 206.18, tokens seen: 589209600, grad norm: 0.6216
[iter 9600]loss: 3.4049, tokens/sec: 20549.76 ± 206.08, tokens seen: 589824000, grad norm: 0.6423
[iter 9610]loss: 3.3109, tokens/sec: 20549.76 ± 205.97, tokens seen: 590438400, grad norm: 0.6178
[iter 9620]loss: 3.5616, tokens/sec: 20549.76 ± 205.87, tokens seen: 591052800, grad norm: 0.6357
[iter 9630]loss: 3.4732, tokens/sec: 20549.74 ± 205.76, tokens seen: 591667200, grad norm: 0.6275
[iter 9640]loss: 3.4052, tokens/sec: 20549.74 ± 205.66, tokens seen: 592281600, grad norm: 0.6078
[iter 9650]loss: 3.6548, tokens/sec: 20549.75 ± 205.55, tokens seen: 592896000, grad norm: 0.6385
[iter 9660]loss: 3.3749, tokens/sec: 20549.76 ± 205.44, tokens seen: 593510400, grad norm: 0.5669
[iter 9670]loss: 3.6442, tokens/sec: 20549.76 ± 205.34, tokens seen: 594124800, grad norm: 0.6642
[iter 9680]loss: 3.1085, tokens/sec: 20549.74 ± 205.23, tokens seen: 594739200, grad norm: 0.6220
[iter 9690]loss: 3.5401, tokens/sec: 20549.74 ± 205.13, tokens seen: 595353600, grad norm: 0.6995
[iter 9700]loss: 3.2511, tokens/sec: 20549.75 ± 205.03, tokens seen: 595968000, grad norm: 0.5900
[iter 9710]loss: 3.5678, tokens/sec: 20549.74 ± 204.92, tokens seen: 596582400, grad norm: 0.6051
[iter 9720]loss: 3.2717, tokens/sec: 20549.73 ± 204.82, tokens seen: 597196800, grad norm: 0.5906
[iter 9730]loss: 3.5644, tokens/sec: 20549.74 ± 204.71, tokens seen: 597811200, grad norm: 0.6069
[iter 9740]loss: 3.3078, tokens/sec: 20549.75 ± 204.61, tokens seen: 598425600, grad norm: 0.6891
[iter 9750]loss: 3.3934, tokens/sec: 20549.75 ± 204.51, tokens seen: 599040000, grad norm: 0.6205
[iter 9760]loss: 3.4616, tokens/sec: 20549.74 ± 204.40, tokens seen: 599654400, grad norm: 0.6319
[iter 9770]loss: 3.3841, tokens/sec: 20549.74 ± 204.30, tokens seen: 600268800, grad norm: 0.5730
[iter 9780]loss: 3.3488, tokens/sec: 20549.75 ± 204.20, tokens seen: 600883200, grad norm: 0.6160
[iter 9790]loss: 3.3423, tokens/sec: 20549.75 ± 204.09, tokens seen: 601497600, grad norm: 0.6038
[iter 9800]loss: 3.6352, tokens/sec: 20549.75 ± 203.99, tokens seen: 602112000, grad norm: 0.6154
[iter 9810]loss: 3.7736, tokens/sec: 20549.76 ± 203.89, tokens seen: 602726400, grad norm: 0.6348
[iter 9820]loss: 3.4780, tokens/sec: 20549.76 ± 203.78, tokens seen: 603340800, grad norm: 0.6134
[iter 9830]loss: 3.4807, tokens/sec: 20549.77 ± 203.68, tokens seen: 603955200, grad norm: 0.5610
[iter 9840]loss: 3.4668, tokens/sec: 20549.76 ± 203.58, tokens seen: 604569600, grad norm: 0.5637
[iter 9850]loss: 3.4402, tokens/sec: 20549.76 ± 203.48, tokens seen: 605184000, grad norm: 0.6769
[iter 9860]loss: 3.3320, tokens/sec: 20549.77 ± 203.38, tokens seen: 605798400, grad norm: 0.6123
[iter 9870]loss: 3.4813, tokens/sec: 20549.78 ± 203.27, tokens seen: 606412800, grad norm: 0.6544
[iter 9880]loss: 3.1604, tokens/sec: 20549.79 ± 203.17, tokens seen: 607027200, grad norm: 0.6545
[iter 9890]loss: 3.3365, tokens/sec: 20549.77 ± 203.07, tokens seen: 607641600, grad norm: 0.5562
[iter 9900]loss: 3.5472, tokens/sec: 20549.78 ± 202.97, tokens seen: 608256000, grad norm: 0.5992
[iter 9910]loss: 3.4589, tokens/sec: 20549.79 ± 202.87, tokens seen: 608870400, grad norm: 0.7456
[iter 9920]loss: 3.6001, tokens/sec: 20549.78 ± 202.77, tokens seen: 609484800, grad norm: 0.5728
[iter 9930]loss: 3.3504, tokens/sec: 20549.78 ± 202.67, tokens seen: 610099200, grad norm: 0.6093
[iter 9940]loss: 3.6066, tokens/sec: 20549.79 ± 202.56, tokens seen: 610713600, grad norm: 0.6525
[iter 9950]loss: 3.3432, tokens/sec: 20549.80 ± 202.46, tokens seen: 611328000, grad norm: 0.5934
[iter 9960]loss: 3.0906, tokens/sec: 20549.80 ± 202.36, tokens seen: 611942400, grad norm: 0.5630
[iter 9970]loss: 3.2527, tokens/sec: 20549.80 ± 202.26, tokens seen: 612556800, grad norm: 0.6069
[iter 9980]loss: 3.4268, tokens/sec: 20549.80 ± 202.16, tokens seen: 613171200, grad norm: 0.5954
[iter 9990]loss: 3.4157, tokens/sec: 20549.80 ± 202.06, tokens seen: 613785600, grad norm: 0.6314
[step 10000]train loss: 3.3951, val loss: 3.4216, (avg train loss: 0.6810 ± 0.0331), (avg grad norm: 0.6188 ± 0.0448)
[iter 10000]loss: 3.3939, tokens/sec: 20549.80 ± 201.96, tokens seen: 614400000, grad norm: 0.6683
[iter 10010]loss: 3.4452, tokens/sec: 20549.83 ± 201.87, tokens seen: 615014400, grad norm: 0.5693
[iter 10020]loss: 3.4234, tokens/sec: 20549.81 ± 201.77, tokens seen: 615628800, grad norm: 0.6131
[iter 10030]loss: 3.1455, tokens/sec: 20549.81 ± 201.67, tokens seen: 616243200, grad norm: 0.6256
[iter 10040]loss: 3.5420, tokens/sec: 20549.83 ± 201.57, tokens seen: 616857600, grad norm: 0.5769
[iter 10050]loss: 3.4115, tokens/sec: 20549.82 ± 201.47, tokens seen: 617472000, grad norm: 0.6440
[iter 10060]loss: 3.2399, tokens/sec: 20549.83 ± 201.37, tokens seen: 618086400, grad norm: 0.5949
[iter 10070]loss: 3.5059, tokens/sec: 20549.81 ± 201.27, tokens seen: 618700800, grad norm: 0.6388
[iter 10080]loss: 3.5031, tokens/sec: 20549.81 ± 201.17, tokens seen: 619315200, grad norm: 0.5880
[iter 10090]loss: 3.3589, tokens/sec: 20549.82 ± 201.07, tokens seen: 619929600, grad norm: 0.5660
[iter 10100]loss: 3.3340, tokens/sec: 20549.81 ± 200.97, tokens seen: 620544000, grad norm: 0.5678
[iter 10110]loss: 3.2559, tokens/sec: 20549.80 ± 200.87, tokens seen: 621158400, grad norm: 0.5822
[iter 10120]loss: 3.4747, tokens/sec: 20549.80 ± 200.78, tokens seen: 621772800, grad norm: 0.6323
[iter 10130]loss: 3.4345, tokens/sec: 20549.81 ± 200.68, tokens seen: 622387200, grad norm: 0.6400
[iter 10140]loss: 3.5140, tokens/sec: 20549.81 ± 200.58, tokens seen: 623001600, grad norm: 0.5656
[iter 10150]loss: 3.5139, tokens/sec: 20549.78 ± 200.48, tokens seen: 623616000, grad norm: 0.6413
[iter 10160]loss: 3.2371, tokens/sec: 20549.79 ± 200.39, tokens seen: 624230400, grad norm: 0.7639
[iter 10170]loss: 3.3720, tokens/sec: 20549.79 ± 200.29, tokens seen: 624844800, grad norm: 0.6477
[iter 10180]loss: 3.3943, tokens/sec: 20549.79 ± 200.19, tokens seen: 625459200, grad norm: 0.5699
[iter 10190]loss: 3.3178, tokens/sec: 20549.80 ± 200.09, tokens seen: 626073600, grad norm: 0.6014
[iter 10200]loss: 3.4987, tokens/sec: 20549.79 ± 200.00, tokens seen: 626688000, grad norm: 0.5996
[iter 10210]loss: 3.4269, tokens/sec: 20549.79 ± 199.90, tokens seen: 627302400, grad norm: 0.5951
[iter 10220]loss: 3.2362, tokens/sec: 20549.78 ± 199.80, tokens seen: 627916800, grad norm: 0.6228
[iter 10230]loss: 3.4936, tokens/sec: 20549.79 ± 199.71, tokens seen: 628531200, grad norm: 0.6356
[iter 10240]loss: 3.1392, tokens/sec: 20549.80 ± 199.61, tokens seen: 629145600, grad norm: 0.6927
[iter 10250]loss: 3.3643, tokens/sec: 20549.78 ± 199.52, tokens seen: 629760000, grad norm: 0.5809
[iter 10260]loss: 3.3807, tokens/sec: 20549.79 ± 199.42, tokens seen: 630374400, grad norm: 0.6409
[iter 10270]loss: 3.5775, tokens/sec: 20549.79 ± 199.32, tokens seen: 630988800, grad norm: 0.5918
[iter 10280]loss: 3.3729, tokens/sec: 20549.77 ± 199.23, tokens seen: 631603200, grad norm: 0.6055
[iter 10290]loss: 3.7029, tokens/sec: 20549.77 ± 199.13, tokens seen: 632217600, grad norm: 0.6495
[iter 10300]loss: 2.8749, tokens/sec: 20549.76 ± 199.04, tokens seen: 632832000, grad norm: 0.6451
[iter 10310]loss: 3.0719, tokens/sec: 20549.78 ± 198.94, tokens seen: 633446400, grad norm: 0.5519
[iter 10320]loss: 3.5747, tokens/sec: 20549.77 ± 198.85, tokens seen: 634060800, grad norm: 0.5789
[iter 10330]loss: 3.3189, tokens/sec: 20549.76 ± 198.76, tokens seen: 634675200, grad norm: 0.7601
[iter 10340]loss: 3.5057, tokens/sec: 20549.76 ± 198.66, tokens seen: 635289600, grad norm: 0.5953
[iter 10350]loss: 3.4800, tokens/sec: 20549.77 ± 198.56, tokens seen: 635904000, grad norm: 0.5962
[iter 10360]loss: 3.1622, tokens/sec: 20549.78 ± 198.47, tokens seen: 636518400, grad norm: 0.6429
[iter 10370]loss: 3.5438, tokens/sec: 20549.77 ± 198.37, tokens seen: 637132800, grad norm: 0.7971
[iter 10380]loss: 3.1508, tokens/sec: 20549.76 ± 198.28, tokens seen: 637747200, grad norm: 0.5985
[iter 10390]loss: 3.2744, tokens/sec: 20549.76 ± 198.19, tokens seen: 638361600, grad norm: 0.5600
[iter 10400]loss: 3.4067, tokens/sec: 20549.77 ± 198.09, tokens seen: 638976000, grad norm: 0.6153
[iter 10410]loss: 3.4914, tokens/sec: 20549.78 ± 198.00, tokens seen: 639590400, grad norm: 0.6783
[iter 10420]loss: 3.3857, tokens/sec: 20549.78 ± 197.90, tokens seen: 640204800, grad norm: 0.6799
[iter 10430]loss: 3.3273, tokens/sec: 20549.78 ± 197.81, tokens seen: 640819200, grad norm: 0.5866
[iter 10440]loss: 3.2683, tokens/sec: 20549.80 ± 197.72, tokens seen: 641433600, grad norm: 0.6617
[iter 10450]loss: 3.1379, tokens/sec: 20549.81 ± 197.62, tokens seen: 642048000, grad norm: 0.5847
[iter 10460]loss: 3.4307, tokens/sec: 20549.81 ± 197.53, tokens seen: 642662400, grad norm: 0.5850
[iter 10470]loss: 3.3357, tokens/sec: 20549.82 ± 197.44, tokens seen: 643276800, grad norm: 0.5898
[iter 10480]loss: 4.0217, tokens/sec: 20549.83 ± 197.34, tokens seen: 643891200, grad norm: 0.5808
[iter 10490]loss: 3.4474, tokens/sec: 20549.84 ± 197.25, tokens seen: 644505600, grad norm: 0.6402
[step 10500]train loss: 3.3899, val loss: 3.4122, (avg train loss: 0.6740 ± 0.0337), (avg grad norm: 0.6205 ± 0.0489)
saving checkpoint to ./out-owt-xl-mhc-bs6-80000step
[iter 10500]loss: 3.6843, tokens/sec: 20549.82 ± 197.16, tokens seen: 645120000, grad norm: 0.7012
[iter 10510]loss: 3.4946, tokens/sec: 20549.86 ± 197.07, tokens seen: 645734400, grad norm: 0.5856
[iter 10520]loss: 3.2797, tokens/sec: 20549.81 ± 196.98, tokens seen: 646348800, grad norm: 0.5981
[iter 10530]loss: 3.6263, tokens/sec: 20549.81 ± 196.89, tokens seen: 646963200, grad norm: 0.7130
[iter 10540]loss: 3.3936, tokens/sec: 20549.81 ± 196.80, tokens seen: 647577600, grad norm: 0.6337
[iter 10550]loss: 3.4899, tokens/sec: 20549.82 ± 196.71, tokens seen: 648192000, grad norm: 0.5578
[iter 10560]loss: 3.5330, tokens/sec: 20549.84 ± 196.62, tokens seen: 648806400, grad norm: 0.5867
[iter 10570]loss: 3.5779, tokens/sec: 20549.84 ± 196.52, tokens seen: 649420800, grad norm: 0.7099
[iter 10580]loss: 3.2925, tokens/sec: 20549.85 ± 196.43, tokens seen: 650035200, grad norm: 0.6172
[iter 10590]loss: 3.4174, tokens/sec: 20549.85 ± 196.34, tokens seen: 650649600, grad norm: 0.6442
[iter 10600]loss: 3.4062, tokens/sec: 20549.87 ± 196.25, tokens seen: 651264000, grad norm: 0.6016
[iter 10610]loss: 3.4601, tokens/sec: 20549.88 ± 196.16, tokens seen: 651878400, grad norm: 0.6499
[iter 10620]loss: 3.4946, tokens/sec: 20549.88 ± 196.07, tokens seen: 652492800, grad norm: 0.6251
[iter 10630]loss: 3.1629, tokens/sec: 20549.86 ± 195.98, tokens seen: 653107200, grad norm: 0.6112
[iter 10640]loss: 3.4980, tokens/sec: 20549.87 ± 195.89, tokens seen: 653721600, grad norm: 0.5732
[iter 10650]loss: 3.3663, tokens/sec: 20549.88 ± 195.80, tokens seen: 654336000, grad norm: 0.5987
[iter 10660]loss: 3.5233, tokens/sec: 20549.88 ± 195.71, tokens seen: 654950400, grad norm: 0.6833
[iter 10670]loss: 3.3081, tokens/sec: 20549.87 ± 195.62, tokens seen: 655564800, grad norm: 0.5729
[iter 10680]loss: 3.1606, tokens/sec: 20549.88 ± 195.53, tokens seen: 656179200, grad norm: 0.6605
[iter 10690]loss: 3.2071, tokens/sec: 20549.88 ± 195.44, tokens seen: 656793600, grad norm: 0.6312
[iter 10700]loss: 3.3764, tokens/sec: 20549.88 ± 195.35, tokens seen: 657408000, grad norm: 0.6118
[iter 10710]loss: 3.4040, tokens/sec: 20549.89 ± 195.26, tokens seen: 658022400, grad norm: 0.5518
[iter 10720]loss: 3.3401, tokens/sec: 20549.90 ± 195.17, tokens seen: 658636800, grad norm: 0.6709
[iter 10730]loss: 3.5887, tokens/sec: 20549.91 ± 195.08, tokens seen: 659251200, grad norm: 0.6587
[iter 10740]loss: 3.2798, tokens/sec: 20549.92 ± 194.99, tokens seen: 659865600, grad norm: 0.6069
[iter 10750]loss: 3.5802, tokens/sec: 20549.93 ± 194.90, tokens seen: 660480000, grad norm: 0.6062
[iter 10760]loss: 3.2128, tokens/sec: 20549.90 ± 194.81, tokens seen: 661094400, grad norm: 0.5820
[iter 10770]loss: 3.3073, tokens/sec: 20549.90 ± 194.72, tokens seen: 661708800, grad norm: 0.5825
[iter 10780]loss: 3.3224, tokens/sec: 20549.90 ± 194.63, tokens seen: 662323200, grad norm: 0.6192
[iter 10790]loss: 3.5307, tokens/sec: 20549.91 ± 194.54, tokens seen: 662937600, grad norm: 0.6144
[iter 10800]loss: 3.5624, tokens/sec: 20549.90 ± 194.45, tokens seen: 663552000, grad norm: 0.6172
[iter 10810]loss: 3.4823, tokens/sec: 20549.92 ± 194.37, tokens seen: 664166400, grad norm: 0.6026
[iter 10820]loss: 3.3063, tokens/sec: 20549.92 ± 194.28, tokens seen: 664780800, grad norm: 0.5958
[iter 10830]loss: 3.3875, tokens/sec: 20549.93 ± 194.19, tokens seen: 665395200, grad norm: 0.5965
[iter 10840]loss: 3.6624, tokens/sec: 20549.93 ± 194.10, tokens seen: 666009600, grad norm: 0.5972
[iter 10850]loss: 3.3995, tokens/sec: 20549.93 ± 194.01, tokens seen: 666624000, grad norm: 0.6169
[iter 10860]loss: 3.2912, tokens/sec: 20549.95 ± 193.92, tokens seen: 667238400, grad norm: 0.6390
[iter 10870]loss: 3.5344, tokens/sec: 20549.95 ± 193.84, tokens seen: 667852800, grad norm: 0.6894
[iter 10880]loss: 3.2817, tokens/sec: 20549.95 ± 193.75, tokens seen: 668467200, grad norm: 0.6077
[iter 10890]loss: 3.3662, tokens/sec: 20549.94 ± 193.66, tokens seen: 669081600, grad norm: 0.6498
[iter 10900]loss: 3.3240, tokens/sec: 20549.95 ± 193.57, tokens seen: 669696000, grad norm: 0.5918
[iter 10910]loss: 3.4459, tokens/sec: 20549.95 ± 193.49, tokens seen: 670310400, grad norm: 0.5910
[iter 10920]loss: 3.4333, tokens/sec: 20549.95 ± 193.40, tokens seen: 670924800, grad norm: 0.6297
[iter 10930]loss: 3.3268, tokens/sec: 20549.96 ± 193.31, tokens seen: 671539200, grad norm: 0.7216
[iter 10940]loss: 3.9610, tokens/sec: 20549.94 ± 193.23, tokens seen: 672153600, grad norm: 0.6153
[iter 10950]loss: 3.6647, tokens/sec: 20549.96 ± 193.14, tokens seen: 672768000, grad norm: 0.5935
[iter 10960]loss: 3.4565, tokens/sec: 20549.97 ± 193.05, tokens seen: 673382400, grad norm: 0.6157
[iter 10970]loss: 3.4846, tokens/sec: 20549.98 ± 192.97, tokens seen: 673996800, grad norm: 0.6380
[iter 10980]loss: 3.4188, tokens/sec: 20549.99 ± 192.88, tokens seen: 674611200, grad norm: 0.6153
[iter 10990]loss: 3.1976, tokens/sec: 20549.98 ± 192.79, tokens seen: 675225600, grad norm: 0.6299
[step 11000]train loss: 3.3742, val loss: 3.3755, (avg train loss: 0.6800 ± 0.0359), (avg grad norm: 0.6404 ± 0.0772)
saving checkpoint to ./out-owt-xl-mhc-bs6-80000step
[iter 11000]loss: 3.5342, tokens/sec: 20549.99 ± 192.71, tokens seen: 675840000, grad norm: 0.6088
[iter 11010]loss: 3.3151, tokens/sec: 20550.00 ± 192.62, tokens seen: 676454400, grad norm: 0.6548
[iter 11020]loss: 3.6242, tokens/sec: 20549.98 ± 192.54, tokens seen: 677068800, grad norm: 0.7084
[iter 11030]loss: 3.4302, tokens/sec: 20549.98 ± 192.45, tokens seen: 677683200, grad norm: 0.5636
[iter 11040]loss: 3.2607, tokens/sec: 20549.99 ± 192.37, tokens seen: 678297600, grad norm: 0.6598
[iter 11050]loss: 3.4712, tokens/sec: 20549.98 ± 192.28, tokens seen: 678912000, grad norm: 0.5806
[iter 11060]loss: 3.6170, tokens/sec: 20549.98 ± 192.20, tokens seen: 679526400, grad norm: 0.6396
[iter 11070]loss: 3.3065, tokens/sec: 20549.99 ± 192.11, tokens seen: 680140800, grad norm: 0.5667
[iter 11080]loss: 3.4879, tokens/sec: 20550.00 ± 192.02, tokens seen: 680755200, grad norm: 0.6833
[iter 11090]loss: 3.3418, tokens/sec: 20550.00 ± 191.94, tokens seen: 681369600, grad norm: 0.6389
[iter 11100]loss: 3.4426, tokens/sec: 20550.00 ± 191.85, tokens seen: 681984000, grad norm: 0.6566
[iter 11110]loss: 3.5844, tokens/sec: 20549.97 ± 191.77, tokens seen: 682598400, grad norm: 0.7890
[iter 11120]loss: 3.6564, tokens/sec: 20549.97 ± 191.69, tokens seen: 683212800, grad norm: 0.6820
[iter 11130]loss: 3.2466, tokens/sec: 20549.99 ± 191.60, tokens seen: 683827200, grad norm: 0.6107
[iter 11140]loss: 3.4801, tokens/sec: 20549.99 ± 191.52, tokens seen: 684441600, grad norm: 0.6872
[iter 11150]loss: 3.6714, tokens/sec: 20550.00 ± 191.43, tokens seen: 685056000, grad norm: 0.6015
[iter 11160]loss: 3.4595, tokens/sec: 20549.98 ± 191.35, tokens seen: 685670400, grad norm: 0.6670
[iter 11170]loss: 3.2672, tokens/sec: 20549.97 ± 191.27, tokens seen: 686284800, grad norm: 0.6543
[iter 11180]loss: 3.4282, tokens/sec: 20549.98 ± 191.18, tokens seen: 686899200, grad norm: 0.5767
[iter 11190]loss: 3.5627, tokens/sec: 20549.98 ± 191.10, tokens seen: 687513600, grad norm: 0.6282
[iter 11200]loss: 3.3646, tokens/sec: 20549.97 ± 191.01, tokens seen: 688128000, grad norm: 0.5762
[iter 11210]loss: 3.4649, tokens/sec: 20549.97 ± 190.93, tokens seen: 688742400, grad norm: 0.6612
[iter 11220]loss: 3.3114, tokens/sec: 20549.97 ± 190.85, tokens seen: 689356800, grad norm: 0.6007
[iter 11230]loss: 3.4407, tokens/sec: 20549.97 ± 190.76, tokens seen: 689971200, grad norm: 0.6618
[iter 11240]loss: 3.2058, tokens/sec: 20549.98 ± 190.68, tokens seen: 690585600, grad norm: 0.6579
[iter 11250]loss: 3.5284, tokens/sec: 20549.99 ± 190.60, tokens seen: 691200000, grad norm: 0.6148
[iter 11260]loss: 3.2887, tokens/sec: 20549.99 ± 190.51, tokens seen: 691814400, grad norm: 0.6165
[iter 11270]loss: 3.5432, tokens/sec: 20549.98 ± 190.43, tokens seen: 692428800, grad norm: 0.6080
[iter 11280]loss: 3.4085, tokens/sec: 20549.99 ± 190.35, tokens seen: 693043200, grad norm: 0.6063
[iter 11290]loss: 3.5420, tokens/sec: 20549.99 ± 190.27, tokens seen: 693657600, grad norm: 0.5847
[iter 11300]loss: 3.3913, tokens/sec: 20550.01 ± 190.18, tokens seen: 694272000, grad norm: 0.6092
[iter 11310]loss: 3.1205, tokens/sec: 20550.01 ± 190.10, tokens seen: 694886400, grad norm: 0.6080
[iter 11320]loss: 3.3797, tokens/sec: 20550.01 ± 190.02, tokens seen: 695500800, grad norm: 0.5920
[iter 11330]loss: 3.4564, tokens/sec: 20550.01 ± 189.94, tokens seen: 696115200, grad norm: 0.7019
[iter 11340]loss: 3.4997, tokens/sec: 20550.02 ± 189.85, tokens seen: 696729600, grad norm: 0.6077
[iter 11350]loss: 3.4810, tokens/sec: 20550.01 ± 189.77, tokens seen: 697344000, grad norm: 0.6015
[iter 11360]loss: 3.3999, tokens/sec: 20550.02 ± 189.69, tokens seen: 697958400, grad norm: 0.6507
[iter 11370]loss: 3.2137, tokens/sec: 20550.03 ± 189.61, tokens seen: 698572800, grad norm: 0.6519
[iter 11380]loss: 3.2584, tokens/sec: 20550.03 ± 189.53, tokens seen: 699187200, grad norm: 0.6905
[iter 11390]loss: 3.0918, tokens/sec: 20550.03 ± 189.44, tokens seen: 699801600, grad norm: 0.6552
[iter 11400]loss: 3.3851, tokens/sec: 20550.04 ± 189.36, tokens seen: 700416000, grad norm: 0.6811
[iter 11410]loss: 3.2359, tokens/sec: 20550.00 ± 189.28, tokens seen: 701030400, grad norm: 0.6030
[iter 11420]loss: 3.5240, tokens/sec: 20550.00 ± 189.20, tokens seen: 701644800, grad norm: 0.8140
[iter 11430]loss: 3.1326, tokens/sec: 20550.02 ± 189.12, tokens seen: 702259200, grad norm: 0.5971
[iter 11440]loss: 3.1960, tokens/sec: 20550.02 ± 189.04, tokens seen: 702873600, grad norm: 0.5855
[iter 11450]loss: 3.3356, tokens/sec: 20550.02 ± 188.96, tokens seen: 703488000, grad norm: 0.7424
[iter 11460]loss: 3.0757, tokens/sec: 20550.04 ± 188.88, tokens seen: 704102400, grad norm: 0.5901
[iter 11470]loss: 3.5045, tokens/sec: 20550.05 ± 188.80, tokens seen: 704716800, grad norm: 0.6333
[iter 11480]loss: 3.5494, tokens/sec: 20550.06 ± 188.72, tokens seen: 705331200, grad norm: 0.6032
[iter 11490]loss: 2.9626, tokens/sec: 20550.08 ± 188.64, tokens seen: 705945600, grad norm: 0.6177
[step 11500]train loss: 3.3598, val loss: 3.3587, (avg train loss: 0.6714 ± 0.0333), (avg grad norm: 0.6409 ± 0.0657)
saving checkpoint to ./out-owt-xl-mhc-bs6-80000step
[iter 11500]loss: 3.4606, tokens/sec: 20550.08 ± 188.56, tokens seen: 706560000, grad norm: 0.6394
[iter 11510]loss: 3.2783, tokens/sec: 20550.11 ± 188.48, tokens seen: 707174400, grad norm: 0.6499
[iter 11520]loss: 3.2982, tokens/sec: 20550.07 ± 188.40, tokens seen: 707788800, grad norm: 0.6365
[iter 11530]loss: 3.7225, tokens/sec: 20550.06 ± 188.32, tokens seen: 708403200, grad norm: 0.5954
[iter 11540]loss: 3.6835, tokens/sec: 20550.08 ± 188.25, tokens seen: 709017600, grad norm: 0.7328
[iter 11550]loss: 3.4157, tokens/sec: 20550.09 ± 188.17, tokens seen: 709632000, grad norm: 0.6054
[iter 11560]loss: 3.2501, tokens/sec: 20550.08 ± 188.09, tokens seen: 710246400, grad norm: 0.6126
[iter 11570]loss: 3.0232, tokens/sec: 20550.08 ± 188.00, tokens seen: 710860800, grad norm: 0.6880
[iter 11580]loss: 3.4004, tokens/sec: 20550.09 ± 187.92, tokens seen: 711475200, grad norm: 0.6123
[iter 11590]loss: 3.1885, tokens/sec: 20550.09 ± 187.84, tokens seen: 712089600, grad norm: 0.6113
[iter 11600]loss: 3.4894, tokens/sec: 20550.09 ± 187.76, tokens seen: 712704000, grad norm: 0.6125
[iter 11610]loss: 2.9337, tokens/sec: 20550.10 ± 187.68, tokens seen: 713318400, grad norm: 0.7282
[iter 11620]loss: 3.0735, tokens/sec: 20550.10 ± 187.61, tokens seen: 713932800, grad norm: 0.5996
[iter 11630]loss: 3.4269, tokens/sec: 20550.10 ± 187.53, tokens seen: 714547200, grad norm: 0.6046
[iter 11640]loss: 3.5106, tokens/sec: 20550.10 ± 187.45, tokens seen: 715161600, grad norm: 0.6517
[iter 11650]loss: 3.4402, tokens/sec: 20550.08 ± 187.37, tokens seen: 715776000, grad norm: 0.5940
[iter 11660]loss: 3.3727, tokens/sec: 20550.05 ± 187.29, tokens seen: 716390400, grad norm: 0.7757
[iter 11670]loss: 3.4455, tokens/sec: 20550.06 ± 187.22, tokens seen: 717004800, grad norm: 0.6287
[iter 11680]loss: 3.6068, tokens/sec: 20550.06 ± 187.14, tokens seen: 717619200, grad norm: 0.6093
[iter 11690]loss: 3.4865, tokens/sec: 20550.03 ± 187.06, tokens seen: 718233600, grad norm: 0.6687
[iter 11700]loss: 3.3777, tokens/sec: 20550.02 ± 186.98, tokens seen: 718848000, grad norm: 0.5903
[iter 11710]loss: 3.2622, tokens/sec: 20550.02 ± 186.90, tokens seen: 719462400, grad norm: 0.6093
[iter 11720]loss: 2.8086, tokens/sec: 20550.02 ± 186.83, tokens seen: 720076800, grad norm: 0.6440
[iter 11730]loss: 3.1339, tokens/sec: 20550.03 ± 186.75, tokens seen: 720691200, grad norm: 0.6064
[iter 11740]loss: 3.3949, tokens/sec: 20550.03 ± 186.67, tokens seen: 721305600, grad norm: 0.6491
[iter 11750]loss: 3.3850, tokens/sec: 20550.04 ± 186.59, tokens seen: 721920000, grad norm: 0.7770
[iter 11760]loss: 2.8267, tokens/sec: 20550.03 ± 186.51, tokens seen: 722534400, grad norm: 0.5977
[iter 11770]loss: 3.2940, tokens/sec: 20550.02 ± 186.43, tokens seen: 723148800, grad norm: 0.6816
[iter 11780]loss: 3.6737, tokens/sec: 20550.03 ± 186.36, tokens seen: 723763200, grad norm: 0.6388
[iter 11790]loss: 3.4395, tokens/sec: 20550.03 ± 186.28, tokens seen: 724377600, grad norm: 0.5819
[iter 11800]loss: 3.2912, tokens/sec: 20550.02 ± 186.20, tokens seen: 724992000, grad norm: 0.6407
[iter 11810]loss: 3.2932, tokens/sec: 20550.02 ± 186.12, tokens seen: 725606400, grad norm: 0.6764
[iter 11820]loss: 3.5136, tokens/sec: 20550.02 ± 186.05, tokens seen: 726220800, grad norm: 0.6263
[iter 11830]loss: 3.4582, tokens/sec: 20550.01 ± 185.97, tokens seen: 726835200, grad norm: 0.6249
[iter 11840]loss: 3.2683, tokens/sec: 20549.99 ± 185.89, tokens seen: 727449600, grad norm: 0.6086
[iter 11850]loss: 3.1157, tokens/sec: 20549.96 ± 185.82, tokens seen: 728064000, grad norm: 0.6013
[iter 11860]loss: 3.1745, tokens/sec: 20549.95 ± 185.74, tokens seen: 728678400, grad norm: 0.6587
[iter 11870]loss: 3.3423, tokens/sec: 20549.95 ± 185.66, tokens seen: 729292800, grad norm: 0.6676
[iter 11880]loss: 3.7072, tokens/sec: 20549.96 ± 185.59, tokens seen: 729907200, grad norm: 0.5937
[iter 11890]loss: 3.2996, tokens/sec: 20549.96 ± 185.51, tokens seen: 730521600, grad norm: 0.6704
[iter 11900]loss: 3.1281, tokens/sec: 20549.96 ± 185.43, tokens seen: 731136000, grad norm: 0.6133
[iter 11910]loss: 3.1105, tokens/sec: 20549.96 ± 185.36, tokens seen: 731750400, grad norm: 0.6155
[iter 11920]loss: 3.3370, tokens/sec: 20549.97 ± 185.28, tokens seen: 732364800, grad norm: 0.6522
[iter 11930]loss: 3.2466, tokens/sec: 20549.96 ± 185.21, tokens seen: 732979200, grad norm: 0.5837
[iter 11940]loss: 3.1894, tokens/sec: 20549.95 ± 185.13, tokens seen: 733593600, grad norm: 0.6223
[iter 11950]loss: 3.0928, tokens/sec: 20549.96 ± 185.05, tokens seen: 734208000, grad norm: 0.6077
[iter 11960]loss: 3.3654, tokens/sec: 20549.96 ± 184.98, tokens seen: 734822400, grad norm: 0.5728
[iter 11970]loss: 3.6035, tokens/sec: 20549.97 ± 184.90, tokens seen: 735436800, grad norm: 0.6711
[iter 11980]loss: 3.3787, tokens/sec: 20549.97 ± 184.83, tokens seen: 736051200, grad norm: 0.6410
[iter 11990]loss: 3.3802, tokens/sec: 20549.97 ± 184.75, tokens seen: 736665600, grad norm: 0.6811
[step 12000]train loss: 3.3392, val loss: 3.3393, (avg train loss: 0.6693 ± 0.0375), (avg grad norm: 0.6430 ± 0.0494)
saving checkpoint to ./out-owt-xl-mhc-bs6-80000step
[iter 12000]loss: 3.1852, tokens/sec: 20549.97 ± 184.67, tokens seen: 737280000, grad norm: 0.6449
[iter 12010]loss: 3.2378, tokens/sec: 20549.99 ± 184.60, tokens seen: 737894400, grad norm: 0.6343
[iter 12020]loss: 2.9482, tokens/sec: 20549.98 ± 184.53, tokens seen: 738508800, grad norm: 0.6500
[iter 12030]loss: 3.3788, tokens/sec: 20549.99 ± 184.45, tokens seen: 739123200, grad norm: 0.6302
[iter 12040]loss: 3.3499, tokens/sec: 20549.99 ± 184.38, tokens seen: 739737600, grad norm: 0.6855
[iter 12050]loss: 3.4775, tokens/sec: 20549.99 ± 184.30, tokens seen: 740352000, grad norm: 0.6084
[iter 12060]loss: 3.6029, tokens/sec: 20549.99 ± 184.22, tokens seen: 740966400, grad norm: 0.5986
[iter 12070]loss: 3.2318, tokens/sec: 20549.99 ± 184.15, tokens seen: 741580800, grad norm: 0.5930
[iter 12080]loss: 3.4486, tokens/sec: 20549.98 ± 184.07, tokens seen: 742195200, grad norm: 0.6621
[iter 12090]loss: 3.4464, tokens/sec: 20549.98 ± 184.00, tokens seen: 742809600, grad norm: 0.6337
[iter 12100]loss: 3.2163, tokens/sec: 20549.97 ± 183.93, tokens seen: 743424000, grad norm: 0.6446
[iter 12110]loss: 3.4263, tokens/sec: 20549.97 ± 183.85, tokens seen: 744038400, grad norm: 0.6242
[iter 12120]loss: 3.0597, tokens/sec: 20549.97 ± 183.78, tokens seen: 744652800, grad norm: 0.6172
[iter 12130]loss: 2.8367, tokens/sec: 20549.95 ± 183.70, tokens seen: 745267200, grad norm: 0.6206
[iter 12140]loss: 3.4113, tokens/sec: 20549.96 ± 183.63, tokens seen: 745881600, grad norm: 0.7179
[iter 12150]loss: 3.7335, tokens/sec: 20549.96 ± 183.55, tokens seen: 746496000, grad norm: 0.6297
[iter 12160]loss: 3.2376, tokens/sec: 20549.96 ± 183.48, tokens seen: 747110400, grad norm: 0.7376
[iter 12170]loss: 3.3108, tokens/sec: 20549.94 ± 183.41, tokens seen: 747724800, grad norm: 0.6862
[iter 12180]loss: 3.2488, tokens/sec: 20549.93 ± 183.33, tokens seen: 748339200, grad norm: 0.6375
[iter 12190]loss: 3.3076, tokens/sec: 20549.94 ± 183.26, tokens seen: 748953600, grad norm: 0.6656
[iter 12200]loss: 3.3494, tokens/sec: 20549.94 ± 183.19, tokens seen: 749568000, grad norm: 0.6230
[iter 12210]loss: 3.2684, tokens/sec: 20549.93 ± 183.11, tokens seen: 750182400, grad norm: 0.6137
[iter 12220]loss: 3.6496, tokens/sec: 20549.92 ± 183.04, tokens seen: 750796800, grad norm: 0.6264
[iter 12230]loss: 3.5759, tokens/sec: 20549.91 ± 182.97, tokens seen: 751411200, grad norm: 0.6757
[iter 12240]loss: 3.3935, tokens/sec: 20549.92 ± 182.89, tokens seen: 752025600, grad norm: 0.6483
[iter 12250]loss: 3.3625, tokens/sec: 20549.93 ± 182.82, tokens seen: 752640000, grad norm: 0.6506
[iter 12260]loss: 3.4386, tokens/sec: 20549.94 ± 182.74, tokens seen: 753254400, grad norm: 0.5723
[iter 12270]loss: 3.3534, tokens/sec: 20549.92 ± 182.67, tokens seen: 753868800, grad norm: 0.6338
[iter 12280]loss: 3.4231, tokens/sec: 20549.92 ± 182.60, tokens seen: 754483200, grad norm: 0.6356
[iter 12290]loss: 3.2629, tokens/sec: 20549.93 ± 182.52, tokens seen: 755097600, grad norm: 0.7564
[iter 12300]loss: 3.3330, tokens/sec: 20549.94 ± 182.45, tokens seen: 755712000, grad norm: 0.6311
[iter 12310]loss: 3.2183, tokens/sec: 20549.93 ± 182.38, tokens seen: 756326400, grad norm: 0.6503
[iter 12320]loss: 3.5350, tokens/sec: 20549.93 ± 182.30, tokens seen: 756940800, grad norm: 0.6009
[iter 12330]loss: 3.1103, tokens/sec: 20549.92 ± 182.23, tokens seen: 757555200, grad norm: 0.8306
[iter 12340]loss: 3.3654, tokens/sec: 20549.92 ± 182.16, tokens seen: 758169600, grad norm: 0.7627
[iter 12350]loss: 3.2953, tokens/sec: 20549.92 ± 182.08, tokens seen: 758784000, grad norm: 0.6253
[iter 12360]loss: 3.5243, tokens/sec: 20549.94 ± 182.01, tokens seen: 759398400, grad norm: 0.5957
[iter 12370]loss: 3.4550, tokens/sec: 20549.94 ± 181.94, tokens seen: 760012800, grad norm: 0.6259
[iter 12380]loss: 3.4964, tokens/sec: 20549.94 ± 181.87, tokens seen: 760627200, grad norm: 0.6273
[iter 12390]loss: 3.4473, tokens/sec: 20549.95 ± 181.79, tokens seen: 761241600, grad norm: 0.6278
[iter 12400]loss: 3.3898, tokens/sec: 20549.95 ± 181.72, tokens seen: 761856000, grad norm: 0.6327
[iter 12410]loss: 3.5342, tokens/sec: 20549.96 ± 181.65, tokens seen: 762470400, grad norm: 0.6360
[iter 12420]loss: 3.3050, tokens/sec: 20549.95 ± 181.58, tokens seen: 763084800, grad norm: 0.8141
[iter 12430]loss: 3.4119, tokens/sec: 20549.96 ± 181.51, tokens seen: 763699200, grad norm: 0.6125
[iter 12440]loss: 3.3532, tokens/sec: 20549.96 ± 181.44, tokens seen: 764313600, grad norm: 0.6218
[iter 12450]loss: 3.5365, tokens/sec: 20549.95 ± 181.36, tokens seen: 764928000, grad norm: 0.6321
[iter 12460]loss: 3.2590, tokens/sec: 20549.96 ± 181.29, tokens seen: 765542400, grad norm: 0.5929
[iter 12470]loss: 3.3600, tokens/sec: 20549.96 ± 181.22, tokens seen: 766156800, grad norm: 0.5957
[iter 12480]loss: 3.4999, tokens/sec: 20549.95 ± 181.15, tokens seen: 766771200, grad norm: 0.5967
[iter 12490]loss: 3.4704, tokens/sec: 20549.96 ± 181.08, tokens seen: 767385600, grad norm: 0.5986
[step 12500]train loss: 3.3170, val loss: 3.3077, (avg train loss: 0.6674 ± 0.0318), (avg grad norm: 0.6629 ± 0.1007)
saving checkpoint to ./out-owt-xl-mhc-bs6-80000step
[iter 12500]loss: 3.3958, tokens/sec: 20549.97 ± 181.01, tokens seen: 768000000, grad norm: 0.7866
[iter 12510]loss: 3.3446, tokens/sec: 20550.00 ± 180.94, tokens seen: 768614400, grad norm: 0.6634
[iter 12520]loss: 3.2576, tokens/sec: 20549.99 ± 180.87, tokens seen: 769228800, grad norm: 0.6187
[iter 12530]loss: 3.0858, tokens/sec: 20549.99 ± 180.80, tokens seen: 769843200, grad norm: 0.7988
[iter 12540]loss: 3.2829, tokens/sec: 20550.00 ± 180.73, tokens seen: 770457600, grad norm: 0.7264
[iter 12550]loss: 3.3266, tokens/sec: 20550.00 ± 180.65, tokens seen: 771072000, grad norm: 0.6828
[iter 12560]loss: 3.2163, tokens/sec: 20550.01 ± 180.58, tokens seen: 771686400, grad norm: 0.5836
[iter 12570]loss: 3.0255, tokens/sec: 20550.01 ± 180.51, tokens seen: 772300800, grad norm: 0.5983
[iter 12580]loss: 3.4931, tokens/sec: 20550.02 ± 180.44, tokens seen: 772915200, grad norm: 0.6283
[iter 12590]loss: 3.2812, tokens/sec: 20550.01 ± 180.37, tokens seen: 773529600, grad norm: 0.6654
[iter 12600]loss: 3.5427, tokens/sec: 20550.00 ± 180.30, tokens seen: 774144000, grad norm: 0.6668
[iter 12610]loss: 3.3225, tokens/sec: 20550.00 ± 180.23, tokens seen: 774758400, grad norm: 0.7643
[iter 12620]loss: 3.4129, tokens/sec: 20549.99 ± 180.16, tokens seen: 775372800, grad norm: 0.6250
[iter 12630]loss: 3.2067, tokens/sec: 20550.00 ± 180.09, tokens seen: 775987200, grad norm: 0.6323
[iter 12640]loss: 3.5886, tokens/sec: 20550.00 ± 180.02, tokens seen: 776601600, grad norm: 0.7300
[iter 12650]loss: 3.2971, tokens/sec: 20550.00 ± 179.95, tokens seen: 777216000, grad norm: 0.8018
[iter 12660]loss: 3.5623, tokens/sec: 20550.00 ± 179.88, tokens seen: 777830400, grad norm: 0.6754
[iter 12670]loss: 3.1718, tokens/sec: 20550.01 ± 179.81, tokens seen: 778444800, grad norm: 0.5995
[iter 12680]loss: 3.4467, tokens/sec: 20550.02 ± 179.74, tokens seen: 779059200, grad norm: 0.6256
[iter 12690]loss: 2.9704, tokens/sec: 20550.03 ± 179.67, tokens seen: 779673600, grad norm: 0.6608
[iter 12700]loss: 3.2413, tokens/sec: 20550.04 ± 179.60, tokens seen: 780288000, grad norm: 0.6237
[iter 12710]loss: 3.3749, tokens/sec: 20550.05 ± 179.53, tokens seen: 780902400, grad norm: 0.7098
[iter 12720]loss: 3.2785, tokens/sec: 20550.06 ± 179.46, tokens seen: 781516800, grad norm: 0.6380
[iter 12730]loss: 3.3225, tokens/sec: 20550.06 ± 179.39, tokens seen: 782131200, grad norm: 0.6114
[iter 12740]loss: 3.2594, tokens/sec: 20550.07 ± 179.32, tokens seen: 782745600, grad norm: 0.6491
[iter 12750]loss: 3.3713, tokens/sec: 20550.07 ± 179.25, tokens seen: 783360000, grad norm: 0.6535
[iter 12760]loss: 3.3763, tokens/sec: 20550.08 ± 179.19, tokens seen: 783974400, grad norm: 0.6624
[iter 12770]loss: 3.2899, tokens/sec: 20550.09 ± 179.12, tokens seen: 784588800, grad norm: 0.6716
[iter 12780]loss: 3.3315, tokens/sec: 20550.09 ± 179.05, tokens seen: 785203200, grad norm: 0.6238
[iter 12790]loss: 3.3650, tokens/sec: 20550.09 ± 178.98, tokens seen: 785817600, grad norm: 0.6286
[iter 12800]loss: 3.4859, tokens/sec: 20550.10 ± 178.91, tokens seen: 786432000, grad norm: 0.7765
[iter 12810]loss: 3.6851, tokens/sec: 20550.08 ± 178.84, tokens seen: 787046400, grad norm: 0.6981
[iter 12820]loss: 3.0553, tokens/sec: 20550.09 ± 178.77, tokens seen: 787660800, grad norm: 0.5940
[iter 12830]loss: 3.3445, tokens/sec: 20550.09 ± 178.70, tokens seen: 788275200, grad norm: 0.6207
[iter 12840]loss: 3.3569, tokens/sec: 20550.09 ± 178.64, tokens seen: 788889600, grad norm: 0.6409
[iter 12850]loss: 3.4010, tokens/sec: 20550.09 ± 178.57, tokens seen: 789504000, grad norm: 0.6413
[iter 12860]loss: 3.1837, tokens/sec: 20550.08 ± 178.50, tokens seen: 790118400, grad norm: 0.6829
[iter 12870]loss: 3.0278, tokens/sec: 20550.08 ± 178.43, tokens seen: 790732800, grad norm: 0.6756
[iter 12880]loss: 3.2991, tokens/sec: 20550.09 ± 178.36, tokens seen: 791347200, grad norm: 0.6312
[iter 12890]loss: 3.3520, tokens/sec: 20550.09 ± 178.30, tokens seen: 791961600, grad norm: 0.6153
[iter 12900]loss: 3.3561, tokens/sec: 20550.09 ± 178.23, tokens seen: 792576000, grad norm: 0.6280
[iter 12910]loss: 3.3626, tokens/sec: 20550.07 ± 178.16, tokens seen: 793190400, grad norm: 0.6671
[iter 12920]loss: 3.3828, tokens/sec: 20550.08 ± 178.09, tokens seen: 793804800, grad norm: 0.6237
[iter 12930]loss: 3.3056, tokens/sec: 20550.09 ± 178.03, tokens seen: 794419200, grad norm: 0.5974
[iter 12940]loss: 3.0881, tokens/sec: 20550.09 ± 177.96, tokens seen: 795033600, grad norm: 0.6647
[iter 12950]loss: 3.3272, tokens/sec: 20550.07 ± 177.89, tokens seen: 795648000, grad norm: 0.6620
[iter 12960]loss: 3.4916, tokens/sec: 20550.09 ± 177.82, tokens seen: 796262400, grad norm: 0.9109
[iter 12970]loss: 3.4566, tokens/sec: 20550.10 ± 177.76, tokens seen: 796876800, grad norm: 0.6255
[iter 12980]loss: 3.0504, tokens/sec: 20550.10 ± 177.69, tokens seen: 797491200, grad norm: 0.6235
[iter 12990]loss: 3.3448, tokens/sec: 20550.09 ± 177.62, tokens seen: 798105600, grad norm: 0.6417
[step 13000]train loss: 3.2928, val loss: 3.3061, (avg train loss: 0.6604 ± 0.0335), (avg grad norm: 0.6641 ± 0.0664)
saving checkpoint to ./out-owt-xl-mhc-bs6-80000step
[iter 13000]loss: 3.4133, tokens/sec: 20550.10 ± 177.56, tokens seen: 798720000, grad norm: 0.6472
[iter 13010]loss: 3.3359, tokens/sec: 20550.12 ± 177.49, tokens seen: 799334400, grad norm: 0.6300
[iter 13020]loss: 3.3744, tokens/sec: 20550.10 ± 177.43, tokens seen: 799948800, grad norm: 0.6118
[iter 13030]loss: 3.2986, tokens/sec: 20550.10 ± 177.36, tokens seen: 800563200, grad norm: 0.7222
[iter 13040]loss: 3.6392, tokens/sec: 20550.10 ± 177.29, tokens seen: 801177600, grad norm: 0.6664
[iter 13050]loss: 3.2787, tokens/sec: 20550.11 ± 177.22, tokens seen: 801792000, grad norm: 0.6597
[iter 13060]loss: 3.2106, tokens/sec: 20550.11 ± 177.16, tokens seen: 802406400, grad norm: 0.6059
[iter 13070]loss: 3.3800, tokens/sec: 20550.12 ± 177.09, tokens seen: 803020800, grad norm: 0.6339
[iter 13080]loss: 3.3044, tokens/sec: 20550.12 ± 177.02, tokens seen: 803635200, grad norm: 0.6730
[iter 13090]loss: 3.4577, tokens/sec: 20550.12 ± 176.96, tokens seen: 804249600, grad norm: 0.6416
[iter 13100]loss: 3.1730, tokens/sec: 20550.11 ± 176.89, tokens seen: 804864000, grad norm: 0.8015
[iter 13110]loss: 3.2671, tokens/sec: 20550.12 ± 176.83, tokens seen: 805478400, grad norm: 0.6468
[iter 13120]loss: 3.2613, tokens/sec: 20550.12 ± 176.76, tokens seen: 806092800, grad norm: 0.6651
[iter 13130]loss: 3.3655, tokens/sec: 20550.12 ± 176.70, tokens seen: 806707200, grad norm: 0.6566
[iter 13140]loss: 3.5126, tokens/sec: 20550.10 ± 176.63, tokens seen: 807321600, grad norm: 0.6009
[iter 13150]loss: 3.5427, tokens/sec: 20550.09 ± 176.56, tokens seen: 807936000, grad norm: 0.6409
[iter 13160]loss: 3.3863, tokens/sec: 20550.09 ± 176.50, tokens seen: 808550400, grad norm: 0.6677
[iter 13170]loss: 3.3251, tokens/sec: 20550.10 ± 176.43, tokens seen: 809164800, grad norm: 0.6065
[iter 13180]loss: 2.9697, tokens/sec: 20550.10 ± 176.37, tokens seen: 809779200, grad norm: 0.5826
[iter 13190]loss: 3.2353, tokens/sec: 20550.10 ± 176.30, tokens seen: 810393600, grad norm: 0.6021
[iter 13200]loss: 3.0024, tokens/sec: 20550.10 ± 176.23, tokens seen: 811008000, grad norm: 0.7563
[iter 13210]loss: 3.3861, tokens/sec: 20550.11 ± 176.17, tokens seen: 811622400, grad norm: 0.6131
[iter 13220]loss: 3.2561, tokens/sec: 20550.12 ± 176.10, tokens seen: 812236800, grad norm: 0.6202
[iter 13230]loss: 3.3519, tokens/sec: 20550.13 ± 176.04, tokens seen: 812851200, grad norm: 0.6454
[iter 13240]loss: 3.3176, tokens/sec: 20550.14 ± 175.97, tokens seen: 813465600, grad norm: 0.5913
[iter 13250]loss: 3.2835, tokens/sec: 20550.14 ± 175.91, tokens seen: 814080000, grad norm: 0.6569
[iter 13260]loss: 3.1594, tokens/sec: 20550.14 ± 175.84, tokens seen: 814694400, grad norm: 0.6608
[iter 13270]loss: 3.2088, tokens/sec: 20550.16 ± 175.78, tokens seen: 815308800, grad norm: 0.6527
[iter 13280]loss: 3.3065, tokens/sec: 20550.15 ± 175.71, tokens seen: 815923200, grad norm: 0.6402
[iter 13290]loss: 3.1863, tokens/sec: 20550.16 ± 175.65, tokens seen: 816537600, grad norm: 0.6648
[iter 13300]loss: 3.3000, tokens/sec: 20550.16 ± 175.58, tokens seen: 817152000, grad norm: 0.6150
[iter 13310]loss: 3.3444, tokens/sec: 20550.16 ± 175.52, tokens seen: 817766400, grad norm: 0.6777
[iter 13320]loss: 3.5438, tokens/sec: 20550.15 ± 175.45, tokens seen: 818380800, grad norm: 0.8449
[iter 13330]loss: 3.3067, tokens/sec: 20550.14 ± 175.39, tokens seen: 818995200, grad norm: 0.6904
[iter 13340]loss: 3.2450, tokens/sec: 20550.15 ± 175.32, tokens seen: 819609600, grad norm: 0.7276
[iter 13350]loss: 3.2460, tokens/sec: 20550.16 ± 175.26, tokens seen: 820224000, grad norm: 0.7351
[iter 13360]loss: 3.3671, tokens/sec: 20550.16 ± 175.20, tokens seen: 820838400, grad norm: 0.7817
[iter 13370]loss: 3.3379, tokens/sec: 20550.16 ± 175.13, tokens seen: 821452800, grad norm: 0.6689
[iter 13380]loss: 3.2289, tokens/sec: 20550.17 ± 175.07, tokens seen: 822067200, grad norm: 0.6431
[iter 13390]loss: 3.0825, tokens/sec: 20550.15 ± 175.00, tokens seen: 822681600, grad norm: 0.7287
[iter 13400]loss: 3.1394, tokens/sec: 20550.13 ± 174.94, tokens seen: 823296000, grad norm: 0.6142
[iter 13410]loss: 3.2419, tokens/sec: 20550.14 ± 174.88, tokens seen: 823910400, grad norm: 0.6202
[iter 13420]loss: 3.2807, tokens/sec: 20550.14 ± 174.81, tokens seen: 824524800, grad norm: 0.6464
[iter 13430]loss: 3.2715, tokens/sec: 20550.13 ± 174.75, tokens seen: 825139200, grad norm: 0.6081
[iter 13440]loss: 3.5083, tokens/sec: 20550.13 ± 174.69, tokens seen: 825753600, grad norm: 0.6255
[iter 13450]loss: 3.3494, tokens/sec: 20550.13 ± 174.62, tokens seen: 826368000, grad norm: 0.6939
[iter 13460]loss: 3.6051, tokens/sec: 20550.14 ± 174.56, tokens seen: 826982400, grad norm: 0.6627
[iter 13470]loss: 3.2797, tokens/sec: 20550.15 ± 174.49, tokens seen: 827596800, grad norm: 0.6310
[iter 13480]loss: 3.1313, tokens/sec: 20550.15 ± 174.43, tokens seen: 828211200, grad norm: 0.6511
[iter 13490]loss: 3.3699, tokens/sec: 20550.15 ± 174.37, tokens seen: 828825600, grad norm: 0.6826
[step 13500]train loss: 3.3085, val loss: 3.2998, (avg train loss: 0.6628 ± 0.0331), (avg grad norm: 0.6707 ± 0.0562)
saving checkpoint to ./out-owt-xl-mhc-bs6-80000step
[iter 13500]loss: 3.5082, tokens/sec: 20550.15 ± 174.30, tokens seen: 829440000, grad norm: 0.6114
[iter 13510]loss: 3.1089, tokens/sec: 20550.18 ± 174.25, tokens seen: 830054400, grad norm: 0.6792
[iter 13520]loss: 3.3072, tokens/sec: 20550.15 ± 174.18, tokens seen: 830668800, grad norm: 0.7499
[iter 13530]loss: 3.1518, tokens/sec: 20550.15 ± 174.12, tokens seen: 831283200, grad norm: 0.6773
[iter 13540]loss: 3.0673, tokens/sec: 20550.15 ± 174.06, tokens seen: 831897600, grad norm: 0.6524
[iter 13550]loss: 3.3028, tokens/sec: 20550.16 ± 173.99, tokens seen: 832512000, grad norm: 0.6214
[iter 13560]loss: 3.2162, tokens/sec: 20550.16 ± 173.93, tokens seen: 833126400, grad norm: 0.6350
[iter 13570]loss: 3.3853, tokens/sec: 20550.16 ± 173.87, tokens seen: 833740800, grad norm: 0.6606
[iter 13580]loss: 3.1897, tokens/sec: 20550.17 ± 173.81, tokens seen: 834355200, grad norm: 0.6506
[iter 13590]loss: 3.2146, tokens/sec: 20550.18 ± 173.74, tokens seen: 834969600, grad norm: 0.7350
[iter 13600]loss: 3.1702, tokens/sec: 20550.19 ± 173.68, tokens seen: 835584000, grad norm: 0.6627
[iter 13610]loss: 3.0580, tokens/sec: 20550.20 ± 173.62, tokens seen: 836198400, grad norm: 0.7644
[iter 13620]loss: 3.1006, tokens/sec: 20550.19 ± 173.55, tokens seen: 836812800, grad norm: 0.6041
[iter 13630]loss: 3.1960, tokens/sec: 20550.18 ± 173.49, tokens seen: 837427200, grad norm: 0.6542
[iter 13640]loss: 3.4555, tokens/sec: 20550.19 ± 173.43, tokens seen: 838041600, grad norm: 0.5995
[iter 13650]loss: 3.2396, tokens/sec: 20550.18 ± 173.37, tokens seen: 838656000, grad norm: 0.6279
[iter 13660]loss: 3.2985, tokens/sec: 20550.19 ± 173.31, tokens seen: 839270400, grad norm: 0.7926
[iter 13670]loss: 3.0394, tokens/sec: 20550.20 ± 173.24, tokens seen: 839884800, grad norm: 0.6453
[iter 13680]loss: 3.4218, tokens/sec: 20550.21 ± 173.18, tokens seen: 840499200, grad norm: 0.7120
[iter 13690]loss: 3.4883, tokens/sec: 20550.20 ± 173.12, tokens seen: 841113600, grad norm: 0.7771
[iter 13700]loss: 3.4076, tokens/sec: 20550.20 ± 173.06, tokens seen: 841728000, grad norm: 0.6986
[iter 13710]loss: 3.3455, tokens/sec: 20550.20 ± 173.00, tokens seen: 842342400, grad norm: 0.6375
[iter 13720]loss: 3.2107, tokens/sec: 20550.21 ± 172.94, tokens seen: 842956800, grad norm: 0.7507
[iter 13730]loss: 2.9265, tokens/sec: 20550.22 ± 172.87, tokens seen: 843571200, grad norm: 0.6395
[iter 13740]loss: 3.3209, tokens/sec: 20550.21 ± 172.81, tokens seen: 844185600, grad norm: 0.7509
[iter 13750]loss: 3.3908, tokens/sec: 20550.21 ± 172.75, tokens seen: 844800000, grad norm: 0.6557
[iter 13760]loss: 3.4552, tokens/sec: 20550.21 ± 172.69, tokens seen: 845414400, grad norm: 0.6831
[iter 13770]loss: 3.3062, tokens/sec: 20550.22 ± 172.63, tokens seen: 846028800, grad norm: 0.6828
[iter 13780]loss: 3.1714, tokens/sec: 20550.23 ± 172.57, tokens seen: 846643200, grad norm: 0.7017
[iter 13790]loss: 3.5440, tokens/sec: 20550.24 ± 172.51, tokens seen: 847257600, grad norm: 0.7536
[iter 13800]loss: 3.3409, tokens/sec: 20550.25 ± 172.44, tokens seen: 847872000, grad norm: 0.6975
[iter 13810]loss: 3.3439, tokens/sec: 20550.25 ± 172.38, tokens seen: 848486400, grad norm: 0.7633
[iter 13820]loss: 3.3040, tokens/sec: 20550.26 ± 172.32, tokens seen: 849100800, grad norm: 0.6507
[iter 13830]loss: 2.9108, tokens/sec: 20550.25 ± 172.26, tokens seen: 849715200, grad norm: 0.6461
[iter 13840]loss: 3.4730, tokens/sec: 20550.25 ± 172.20, tokens seen: 850329600, grad norm: 0.6867
[iter 13850]loss: 3.1164, tokens/sec: 20550.26 ± 172.14, tokens seen: 850944000, grad norm: 0.6486
[iter 13860]loss: 3.3000, tokens/sec: 20550.26 ± 172.08, tokens seen: 851558400, grad norm: 0.6390
[iter 13870]loss: 3.3873, tokens/sec: 20550.26 ± 172.02, tokens seen: 852172800, grad norm: 0.6271
[iter 13880]loss: 3.2447, tokens/sec: 20550.25 ± 171.96, tokens seen: 852787200, grad norm: 0.6907
[iter 13890]loss: 3.3256, tokens/sec: 20550.25 ± 171.90, tokens seen: 853401600, grad norm: 0.7351
[iter 13900]loss: 3.3905, tokens/sec: 20550.26 ± 171.84, tokens seen: 854016000, grad norm: 0.6761
[iter 13910]loss: 3.4233, tokens/sec: 20550.25 ± 171.78, tokens seen: 854630400, grad norm: 0.7362
[iter 13920]loss: 3.2369, tokens/sec: 20550.25 ± 171.72, tokens seen: 855244800, grad norm: 0.6534
[iter 13930]loss: 3.1542, tokens/sec: 20550.26 ± 171.66, tokens seen: 855859200, grad norm: 0.6581
[iter 13940]loss: 3.3594, tokens/sec: 20550.27 ± 171.60, tokens seen: 856473600, grad norm: 0.6319
[iter 13950]loss: 3.0905, tokens/sec: 20550.28 ± 171.54, tokens seen: 857088000, grad norm: 0.6612
[iter 13960]loss: 3.3257, tokens/sec: 20550.28 ± 171.48, tokens seen: 857702400, grad norm: 0.6381
[iter 13970]loss: 3.3591, tokens/sec: 20550.29 ± 171.42, tokens seen: 858316800, grad norm: 0.7100
[iter 13980]loss: 3.3194, tokens/sec: 20550.30 ± 171.36, tokens seen: 858931200, grad norm: 0.6566
[iter 13990]loss: 3.3608, tokens/sec: 20550.31 ± 171.30, tokens seen: 859545600, grad norm: 0.6528
[step 14000]train loss: 3.3027, val loss: 3.2963, (avg train loss: 0.6575 ± 0.0315), (avg grad norm: 0.6815 ± 0.0842)
saving checkpoint to ./out-owt-xl-mhc-bs6-80000step
[iter 14000]loss: 3.3889, tokens/sec: 20550.32 ± 171.23, tokens seen: 860160000, grad norm: 0.6263
[iter 14010]loss: 3.3255, tokens/sec: 20550.33 ± 171.18, tokens seen: 860774400, grad norm: 0.9051
[iter 14020]loss: 3.4201, tokens/sec: 20550.31 ± 171.12, tokens seen: 861388800, grad norm: 0.8130
[iter 14030]loss: 3.6104, tokens/sec: 20550.33 ± 171.06, tokens seen: 862003200, grad norm: 0.8262
[iter 14040]loss: 3.3170, tokens/sec: 20550.32 ± 171.00, tokens seen: 862617600, grad norm: 1.3534
[iter 14050]loss: 3.1989, tokens/sec: 20550.32 ± 170.94, tokens seen: 863232000, grad norm: 1.0995
[iter 14060]loss: 3.6149, tokens/sec: 20550.33 ± 170.88, tokens seen: 863846400, grad norm: 0.8601
[iter 14070]loss: 3.2910, tokens/sec: 20550.33 ± 170.82, tokens seen: 864460800, grad norm: 0.6870
[iter 14080]loss: 3.4417, tokens/sec: 20550.34 ± 170.76, tokens seen: 865075200, grad norm: 0.6981
[iter 14090]loss: 3.2783, tokens/sec: 20550.35 ± 170.70, tokens seen: 865689600, grad norm: 0.7313
[iter 14100]loss: 3.2120, tokens/sec: 20550.36 ± 170.64, tokens seen: 866304000, grad norm: 0.7194
[iter 14110]loss: 3.4206, tokens/sec: 20550.35 ± 170.58, tokens seen: 866918400, grad norm: 0.7158
[iter 14120]loss: 2.8974, tokens/sec: 20550.35 ± 170.52, tokens seen: 867532800, grad norm: 0.7101
[iter 14130]loss: 2.9767, tokens/sec: 20550.35 ± 170.47, tokens seen: 868147200, grad norm: 0.6517
[iter 14140]loss: 3.5025, tokens/sec: 20550.35 ± 170.41, tokens seen: 868761600, grad norm: 0.6931
[iter 14150]loss: 3.4146, tokens/sec: 20550.36 ± 170.35, tokens seen: 869376000, grad norm: 0.6435
[iter 14160]loss: 3.2484, tokens/sec: 20550.36 ± 170.29, tokens seen: 869990400, grad norm: 0.7066
[iter 14170]loss: 3.4312, tokens/sec: 20550.36 ± 170.23, tokens seen: 870604800, grad norm: 0.6353
[iter 14180]loss: 3.0540, tokens/sec: 20550.37 ± 170.17, tokens seen: 871219200, grad norm: 0.6526
[iter 14190]loss: 3.2224, tokens/sec: 20550.38 ± 170.11, tokens seen: 871833600, grad norm: 0.6732
[iter 14200]loss: 3.2287, tokens/sec: 20550.37 ± 170.05, tokens seen: 872448000, grad norm: 0.6336
[iter 14210]loss: 3.6896, tokens/sec: 20550.38 ± 170.00, tokens seen: 873062400, grad norm: 0.7780
[iter 14220]loss: 3.2267, tokens/sec: 20550.37 ± 169.94, tokens seen: 873676800, grad norm: 0.6880
[iter 14230]loss: 3.3042, tokens/sec: 20550.38 ± 169.88, tokens seen: 874291200, grad norm: 0.8750
[iter 14240]loss: 3.2720, tokens/sec: 20550.38 ± 169.82, tokens seen: 874905600, grad norm: 0.7997
[iter 14250]loss: 3.0089, tokens/sec: 20550.38 ± 169.76, tokens seen: 875520000, grad norm: 0.6550
[iter 14260]loss: 3.5827, tokens/sec: 20550.37 ± 169.70, tokens seen: 876134400, grad norm: 0.7697
[iter 14270]loss: 3.3253, tokens/sec: 20550.38 ± 169.65, tokens seen: 876748800, grad norm: 0.9643
[iter 14280]loss: 3.3600, tokens/sec: 20550.39 ± 169.59, tokens seen: 877363200, grad norm: 0.6837
[iter 14290]loss: 3.4796, tokens/sec: 20550.39 ± 169.53, tokens seen: 877977600, grad norm: 0.6505
[iter 14300]loss: 3.2930, tokens/sec: 20550.40 ± 169.47, tokens seen: 878592000, grad norm: 0.8117
[iter 14310]loss: 3.0808, tokens/sec: 20550.40 ± 169.41, tokens seen: 879206400, grad norm: 0.7738
[iter 14320]loss: 3.3334, tokens/sec: 20550.39 ± 169.36, tokens seen: 879820800, grad norm: 0.6162
[iter 14330]loss: 3.3233, tokens/sec: 20550.39 ± 169.30, tokens seen: 880435200, grad norm: 0.8127
[iter 14340]loss: 3.4598, tokens/sec: 20550.40 ± 169.24, tokens seen: 881049600, grad norm: 0.6212
[iter 14350]loss: 3.4206, tokens/sec: 20550.40 ± 169.18, tokens seen: 881664000, grad norm: 0.8006
[iter 14360]loss: 3.1076, tokens/sec: 20550.41 ± 169.13, tokens seen: 882278400, grad norm: 0.6961
[iter 14370]loss: 3.3735, tokens/sec: 20550.40 ± 169.07, tokens seen: 882892800, grad norm: 0.6619
[iter 14380]loss: 3.2478, tokens/sec: 20550.41 ± 169.01, tokens seen: 883507200, grad norm: 0.6681
[iter 14390]loss: 3.5568, tokens/sec: 20550.41 ± 168.95, tokens seen: 884121600, grad norm: 0.7512
[iter 14400]loss: 3.2371, tokens/sec: 20550.42 ± 168.90, tokens seen: 884736000, grad norm: 0.6280
[iter 14410]loss: 3.4132, tokens/sec: 20550.42 ± 168.84, tokens seen: 885350400, grad norm: 0.7296
[iter 14420]loss: 2.9896, tokens/sec: 20550.41 ± 168.78, tokens seen: 885964800, grad norm: 0.7205
[iter 14430]loss: 3.2478, tokens/sec: 20550.41 ± 168.73, tokens seen: 886579200, grad norm: 0.6570
[iter 14440]loss: 3.5272, tokens/sec: 20550.42 ± 168.67, tokens seen: 887193600, grad norm: 0.6285
[iter 14450]loss: 3.2035, tokens/sec: 20550.42 ± 168.61, tokens seen: 887808000, grad norm: 0.6931
[iter 14460]loss: 3.4026, tokens/sec: 20550.44 ± 168.56, tokens seen: 888422400, grad norm: 0.7565
[iter 14470]loss: 3.3187, tokens/sec: 20550.44 ± 168.50, tokens seen: 889036800, grad norm: 0.6847
[iter 14480]loss: 3.3630, tokens/sec: 20550.44 ± 168.44, tokens seen: 889651200, grad norm: 0.6710
[iter 14490]loss: 3.4487, tokens/sec: 20550.45 ± 168.39, tokens seen: 890265600, grad norm: 0.6278
[step 14500]train loss: 3.2848, val loss: 3.3014, (avg train loss: 0.6591 ± 0.0305), (avg grad norm: 0.7017 ± 0.0774)
[iter 14500]loss: 3.3026, tokens/sec: 20550.46 ± 168.33, tokens seen: 890880000, grad norm: 0.7114
[iter 14510]loss: 3.5094, tokens/sec: 20550.47 ± 168.27, tokens seen: 891494400, grad norm: 0.6721
[iter 14520]loss: 3.1270, tokens/sec: 20550.45 ± 168.22, tokens seen: 892108800, grad norm: 0.6953
[iter 14530]loss: 3.3766, tokens/sec: 20550.47 ± 168.16, tokens seen: 892723200, grad norm: 0.7122
[iter 14540]loss: 3.2681, tokens/sec: 20550.47 ± 168.10, tokens seen: 893337600, grad norm: 0.7217
[iter 14550]loss: 3.2545, tokens/sec: 20550.48 ± 168.05, tokens seen: 893952000, grad norm: 1.2507
[iter 14560]loss: 3.3406, tokens/sec: 20550.48 ± 167.99, tokens seen: 894566400, grad norm: 0.7409
[iter 14570]loss: 3.1762, tokens/sec: 20550.48 ± 167.94, tokens seen: 895180800, grad norm: 0.6508
[iter 14580]loss: 3.1174, tokens/sec: 20550.49 ± 167.88, tokens seen: 895795200, grad norm: 0.7276
[iter 14590]loss: 2.9367, tokens/sec: 20550.50 ± 167.82, tokens seen: 896409600, grad norm: 0.7705
[iter 14600]loss: 3.1709, tokens/sec: 20550.50 ± 167.77, tokens seen: 897024000, grad norm: 0.6091
[iter 14610]loss: 3.2342, tokens/sec: 20550.52 ± 167.71, tokens seen: 897638400, grad norm: 0.6925
[iter 14620]loss: 3.3003, tokens/sec: 20550.51 ± 167.65, tokens seen: 898252800, grad norm: 0.8210
[iter 14630]loss: 3.1744, tokens/sec: 20550.48 ± 167.60, tokens seen: 898867200, grad norm: 0.6537
[iter 14640]loss: 3.2128, tokens/sec: 20550.49 ± 167.55, tokens seen: 899481600, grad norm: 0.6711
[iter 14650]loss: 3.3251, tokens/sec: 20550.51 ± 167.49, tokens seen: 900096000, grad norm: 0.7569
[iter 14660]loss: 3.1891, tokens/sec: 20550.50 ± 167.43, tokens seen: 900710400, grad norm: 0.7828
[iter 14670]loss: 3.2716, tokens/sec: 20550.48 ± 167.38, tokens seen: 901324800, grad norm: 0.6717
[iter 14680]loss: 3.1891, tokens/sec: 20550.50 ± 167.33, tokens seen: 901939200, grad norm: 0.9610
[iter 14690]loss: 3.4559, tokens/sec: 20550.50 ± 167.27, tokens seen: 902553600, grad norm: 1.8877
[iter 14700]loss: 3.5066, tokens/sec: 20550.51 ± 167.22, tokens seen: 903168000, grad norm: 4.5480
[iter 14710]loss: 3.3323, tokens/sec: 20550.52 ± 167.16, tokens seen: 903782400, grad norm: 5.7613
[iter 14720]loss: 3.2073, tokens/sec: 20550.53 ± 167.10, tokens seen: 904396800, grad norm: 4.5723
[iter 14730]loss: 3.1678, tokens/sec: 20550.54 ± 167.05, tokens seen: 905011200, grad norm: 3.9513
[iter 14740]loss: 3.5126, tokens/sec: 20550.54 ± 166.99, tokens seen: 905625600, grad norm: 11.0256
[iter 14750]loss: 3.0878, tokens/sec: 20550.56 ± 166.94, tokens seen: 906240000, grad norm: 5.3376
[iter 14760]loss: 3.1056, tokens/sec: 20550.56 ± 166.88, tokens seen: 906854400, grad norm: 3.5548
[iter 14770]loss: 3.2790, tokens/sec: 20550.57 ± 166.83, tokens seen: 907468800, grad norm: 1.7803
[iter 14780]loss: 3.2874, tokens/sec: 20550.59 ± 166.77, tokens seen: 908083200, grad norm: 2.2818
[iter 14790]loss: 3.1724, tokens/sec: 20550.59 ± 166.72, tokens seen: 908697600, grad norm: 2.1614
[iter 14800]loss: 3.2468, tokens/sec: 20550.60 ± 166.66, tokens seen: 909312000, grad norm: 25.1005
[iter 14810]loss: 3.5598, tokens/sec: 20550.61 ± 166.60, tokens seen: 909926400, grad norm: 4.9373
[iter 14820]loss: 3.0669, tokens/sec: 20550.61 ± 166.55, tokens seen: 910540800, grad norm: 3.4321
[iter 14830]loss: 3.4830, tokens/sec: 20550.62 ± 166.49, tokens seen: 911155200, grad norm: 5.5970
[iter 14840]loss: 3.1996, tokens/sec: 20550.63 ± 166.44, tokens seen: 911769600, grad norm: 1.5650
[iter 14850]loss: 3.3893, tokens/sec: 20550.64 ± 166.38, tokens seen: 912384000, grad norm: 1.6653
[iter 14860]loss: 3.2892, tokens/sec: 20550.65 ± 166.33, tokens seen: 912998400, grad norm: 1.8804
[iter 14870]loss: 3.1810, tokens/sec: 20550.65 ± 166.27, tokens seen: 913612800, grad norm: 3.5871
[iter 14880]loss: 3.2679, tokens/sec: 20550.65 ± 166.22, tokens seen: 914227200, grad norm: 3.0911
[iter 14890]loss: 3.2362, tokens/sec: 20550.65 ± 166.16, tokens seen: 914841600, grad norm: 2.5251
[iter 14900]loss: 3.3626, tokens/sec: 20550.66 ± 166.11, tokens seen: 915456000, grad norm: 2.1956
[iter 14910]loss: 3.4092, tokens/sec: 20550.67 ± 166.06, tokens seen: 916070400, grad norm: 1.0246
[iter 14920]loss: 3.4680, tokens/sec: 20550.66 ± 166.00, tokens seen: 916684800, grad norm: 1.2181
[iter 14930]loss: 3.1161, tokens/sec: 20550.67 ± 165.95, tokens seen: 917299200, grad norm: 0.9657
[iter 14940]loss: 3.2565, tokens/sec: 20550.67 ± 165.89, tokens seen: 917913600, grad norm: 0.7812
[iter 14950]loss: 3.7221, tokens/sec: 20550.68 ± 165.84, tokens seen: 918528000, grad norm: 1.1186
[iter 14960]loss: 3.4569, tokens/sec: 20550.69 ± 165.78, tokens seen: 919142400, grad norm: 0.8111
[iter 14970]loss: 3.3323, tokens/sec: 20550.69 ± 165.73, tokens seen: 919756800, grad norm: 0.7575
[iter 14980]loss: 2.9363, tokens/sec: 20550.70 ± 165.68, tokens seen: 920371200, grad norm: 0.7027
[iter 14990]loss: 3.2516, tokens/sec: 20550.70 ± 165.62, tokens seen: 920985600, grad norm: 0.6764
[step 15000]train loss: 3.2686, val loss: 3.2806, (avg train loss: 0.6559 ± 0.0338), (avg grad norm: 2.7479 ± 3.1008)
saving checkpoint to ./out-owt-xl-mhc-bs6-80000step
[iter 15000]loss: 3.2470, tokens/sec: 20550.69 ± 165.57, tokens seen: 921600000, grad norm: 0.7824
[iter 15010]loss: 3.5666, tokens/sec: 20550.72 ± 165.52, tokens seen: 922214400, grad norm: 0.7336
[iter 15020]loss: 3.1900, tokens/sec: 20550.70 ± 165.47, tokens seen: 922828800, grad norm: 0.8190
[iter 15030]loss: 3.2677, tokens/sec: 20550.70 ± 165.41, tokens seen: 923443200, grad norm: 0.6776
[iter 15040]loss: 3.2945, tokens/sec: 20550.71 ± 165.36, tokens seen: 924057600, grad norm: 0.9160
[iter 15050]loss: 3.1262, tokens/sec: 20550.71 ± 165.30, tokens seen: 924672000, grad norm: 0.7105
[iter 15060]loss: 3.3064, tokens/sec: 20550.73 ± 165.25, tokens seen: 925286400, grad norm: 0.6732
[iter 15070]loss: 2.8692, tokens/sec: 20550.74 ± 165.20, tokens seen: 925900800, grad norm: 0.6687
[iter 15080]loss: 3.0253, tokens/sec: 20550.74 ± 165.14, tokens seen: 926515200, grad norm: 0.8185
[iter 15090]loss: 3.7246, tokens/sec: 20550.75 ± 165.09, tokens seen: 927129600, grad norm: 0.6999
[iter 15100]loss: 3.6037, tokens/sec: 20550.76 ± 165.04, tokens seen: 927744000, grad norm: 0.8386
[iter 15110]loss: 3.2951, tokens/sec: 20550.76 ± 164.98, tokens seen: 928358400, grad norm: 0.7455
[iter 15120]loss: 3.4486, tokens/sec: 20550.76 ± 164.93, tokens seen: 928972800, grad norm: 0.7905
[iter 15130]loss: 3.2339, tokens/sec: 20550.77 ± 164.88, tokens seen: 929587200, grad norm: 0.7035
[iter 15140]loss: 3.3874, tokens/sec: 20550.78 ± 164.83, tokens seen: 930201600, grad norm: 0.9050
[iter 15150]loss: 2.8849, tokens/sec: 20550.78 ± 164.77, tokens seen: 930816000, grad norm: 1.0874
[iter 15160]loss: 3.1608, tokens/sec: 20550.78 ± 164.72, tokens seen: 931430400, grad norm: 1.1807
[iter 15170]loss: 3.0509, tokens/sec: 20550.77 ± 164.67, tokens seen: 932044800, grad norm: 0.7905
[iter 15180]loss: 3.4918, tokens/sec: 20550.76 ± 164.62, tokens seen: 932659200, grad norm: 1.5084
[iter 15190]loss: 3.5378, tokens/sec: 20550.77 ± 164.56, tokens seen: 933273600, grad norm: 1.0926
[iter 15200]loss: 3.4038, tokens/sec: 20550.78 ± 164.51, tokens seen: 933888000, grad norm: 7.2284
[iter 15210]loss: 3.1770, tokens/sec: 20550.78 ± 164.46, tokens seen: 934502400, grad norm: 5.0343
[iter 15220]loss: 3.5590, tokens/sec: 20550.78 ± 164.40, tokens seen: 935116800, grad norm: 1.1373
[iter 15230]loss: 3.4233, tokens/sec: 20550.78 ± 164.35, tokens seen: 935731200, grad norm: 1.0527
[iter 15240]loss: 3.4919, tokens/sec: 20550.78 ± 164.30, tokens seen: 936345600, grad norm: 1.4261
[iter 15250]loss: 3.2049, tokens/sec: 20550.77 ± 164.25, tokens seen: 936960000, grad norm: 0.7790
[iter 15260]loss: 3.1500, tokens/sec: 20550.75 ± 164.20, tokens seen: 937574400, grad norm: 0.9833
[iter 15270]loss: 3.3112, tokens/sec: 20550.76 ± 164.14, tokens seen: 938188800, grad norm: 0.9099
[iter 15280]loss: 3.1069, tokens/sec: 20550.76 ± 164.09, tokens seen: 938803200, grad norm: 0.7496
[iter 15290]loss: 3.1739, tokens/sec: 20550.77 ± 164.04, tokens seen: 939417600, grad norm: 0.7454
[iter 15300]loss: 3.2883, tokens/sec: 20550.78 ± 163.99, tokens seen: 940032000, grad norm: 0.8931
[iter 15310]loss: 3.3105, tokens/sec: 20550.77 ± 163.93, tokens seen: 940646400, grad norm: 0.6904
[iter 15320]loss: 3.3965, tokens/sec: 20550.77 ± 163.88, tokens seen: 941260800, grad norm: 0.8036
[iter 15330]loss: 3.3604, tokens/sec: 20550.77 ± 163.83, tokens seen: 941875200, grad norm: 1.0205
[iter 15340]loss: 3.2886, tokens/sec: 20550.78 ± 163.78, tokens seen: 942489600, grad norm: 1.2798
[iter 15350]loss: 3.4366, tokens/sec: 20550.78 ± 163.73, tokens seen: 943104000, grad norm: 0.9470
[iter 15360]loss: 3.6264, tokens/sec: 20550.79 ± 163.67, tokens seen: 943718400, grad norm: 0.8424
[iter 15370]loss: 3.2766, tokens/sec: 20550.79 ± 163.62, tokens seen: 944332800, grad norm: 0.7482
[iter 15380]loss: 3.1865, tokens/sec: 20550.80 ± 163.57, tokens seen: 944947200, grad norm: 0.9693
[iter 15390]loss: 3.1572, tokens/sec: 20550.80 ± 163.52, tokens seen: 945561600, grad norm: 0.6711
[iter 15400]loss: 3.0466, tokens/sec: 20550.79 ± 163.47, tokens seen: 946176000, grad norm: 0.8339
[iter 15410]loss: 3.2294, tokens/sec: 20550.78 ± 163.41, tokens seen: 946790400, grad norm: 1.0747
[iter 15420]loss: 3.3787, tokens/sec: 20550.79 ± 163.36, tokens seen: 947404800, grad norm: 1.1577
[iter 15430]loss: 3.0621, tokens/sec: 20550.80 ± 163.31, tokens seen: 948019200, grad norm: 0.9523
[iter 15440]loss: 2.9474, tokens/sec: 20550.80 ± 163.26, tokens seen: 948633600, grad norm: 1.1611
[iter 15450]loss: 3.2408, tokens/sec: 20550.78 ± 163.21, tokens seen: 949248000, grad norm: 1.0365
[iter 15460]loss: 3.3226, tokens/sec: 20550.77 ± 163.16, tokens seen: 949862400, grad norm: 0.9140
[iter 15470]loss: 3.3952, tokens/sec: 20550.78 ± 163.11, tokens seen: 950476800, grad norm: 1.0099
[iter 15480]loss: 3.2535, tokens/sec: 20550.79 ± 163.05, tokens seen: 951091200, grad norm: 1.0187
[iter 15490]loss: 3.3078, tokens/sec: 20550.79 ± 163.00, tokens seen: 951705600, grad norm: 0.7228
[step 15500]train loss: 3.2741, val loss: 3.2750, (avg train loss: 0.6553 ± 0.0307), (avg grad norm: 0.9470 ± 0.2155)
saving checkpoint to ./out-owt-xl-mhc-bs6-80000step
[iter 15500]loss: 3.2936, tokens/sec: 20550.79 ± 162.95, tokens seen: 952320000, grad norm: 0.7939
[iter 15510]loss: 3.2578, tokens/sec: 20550.80 ± 162.90, tokens seen: 952934400, grad norm: 0.8705
[iter 15520]loss: 3.4487, tokens/sec: 20550.77 ± 162.86, tokens seen: 953548800, grad norm: 0.8833
[iter 15530]loss: 3.4614, tokens/sec: 20550.78 ± 162.81, tokens seen: 954163200, grad norm: 1.0821
[iter 15540]loss: 3.3044, tokens/sec: 20550.79 ± 162.76, tokens seen: 954777600, grad norm: 0.7479
[iter 15550]loss: 3.1264, tokens/sec: 20550.79 ± 162.71, tokens seen: 955392000, grad norm: 0.7134
[iter 15560]loss: 3.3440, tokens/sec: 20550.79 ± 162.65, tokens seen: 956006400, grad norm: 0.7469
[iter 15570]loss: 3.1838, tokens/sec: 20550.79 ± 162.60, tokens seen: 956620800, grad norm: 0.8445
[iter 15580]loss: 3.4598, tokens/sec: 20550.78 ± 162.55, tokens seen: 957235200, grad norm: 0.7113
[iter 15590]loss: 2.9254, tokens/sec: 20550.79 ± 162.50, tokens seen: 957849600, grad norm: 0.9968
[iter 15600]loss: 3.2089, tokens/sec: 20550.80 ± 162.45, tokens seen: 958464000, grad norm: 1.7086
[iter 15610]loss: 3.2722, tokens/sec: 20550.79 ± 162.40, tokens seen: 959078400, grad norm: 0.8307
[iter 15620]loss: 3.1965, tokens/sec: 20550.78 ± 162.35, tokens seen: 959692800, grad norm: 0.7905
[iter 15630]loss: 3.0385, tokens/sec: 20550.79 ± 162.30, tokens seen: 960307200, grad norm: 3.5414
[iter 15640]loss: 3.3169, tokens/sec: 20550.80 ± 162.25, tokens seen: 960921600, grad norm: 0.7667
[iter 15650]loss: 3.5110, tokens/sec: 20550.80 ± 162.20, tokens seen: 961536000, grad norm: 0.9370
[iter 15660]loss: 3.0551, tokens/sec: 20550.80 ± 162.15, tokens seen: 962150400, grad norm: 0.8029
[iter 15670]loss: 3.1392, tokens/sec: 20550.81 ± 162.10, tokens seen: 962764800, grad norm: 0.7993
[iter 15680]loss: 3.3942, tokens/sec: 20550.81 ± 162.05, tokens seen: 963379200, grad norm: 0.7750
[iter 15690]loss: 3.2206, tokens/sec: 20550.82 ± 161.99, tokens seen: 963993600, grad norm: 0.8823
[iter 15700]loss: 2.8447, tokens/sec: 20550.82 ± 161.94, tokens seen: 964608000, grad norm: 0.8424
[iter 15710]loss: 3.3352, tokens/sec: 20550.82 ± 161.89, tokens seen: 965222400, grad norm: 0.7725
[iter 15720]loss: 2.8782, tokens/sec: 20550.82 ± 161.84, tokens seen: 965836800, grad norm: 0.7202
[iter 15730]loss: 3.2959, tokens/sec: 20550.83 ± 161.79, tokens seen: 966451200, grad norm: 0.6287
[iter 15740]loss: 2.6940, tokens/sec: 20550.83 ± 161.74, tokens seen: 967065600, grad norm: 0.6892
[iter 15750]loss: 3.3691, tokens/sec: 20550.83 ± 161.69, tokens seen: 967680000, grad norm: 0.7831
[iter 15760]loss: 3.4781, tokens/sec: 20550.83 ± 161.64, tokens seen: 968294400, grad norm: 0.6957
[iter 15770]loss: 3.1814, tokens/sec: 20550.83 ± 161.59, tokens seen: 968908800, grad norm: 0.8984
[iter 15780]loss: 3.2521, tokens/sec: 20550.83 ± 161.54, tokens seen: 969523200, grad norm: 0.7256
[iter 15790]loss: 3.2943, tokens/sec: 20550.84 ± 161.49, tokens seen: 970137600, grad norm: 0.7937
[iter 15800]loss: 3.3758, tokens/sec: 20550.85 ± 161.44, tokens seen: 970752000, grad norm: 0.7448
[iter 15810]loss: 3.3294, tokens/sec: 20550.85 ± 161.39, tokens seen: 971366400, grad norm: 0.7234
[iter 15820]loss: 3.3111, tokens/sec: 20550.86 ± 161.34, tokens seen: 971980800, grad norm: 0.6956
[iter 15830]loss: 3.2271, tokens/sec: 20550.86 ± 161.29, tokens seen: 972595200, grad norm: 0.6443
[iter 15840]loss: 3.1120, tokens/sec: 20550.86 ± 161.24, tokens seen: 973209600, grad norm: 0.6900
[iter 15850]loss: 3.3836, tokens/sec: 20550.86 ± 161.19, tokens seen: 973824000, grad norm: 0.7267
[iter 15860]loss: 3.0196, tokens/sec: 20550.86 ± 161.14, tokens seen: 974438400, grad norm: 0.7856
[iter 15870]loss: 3.2947, tokens/sec: 20550.87 ± 161.09, tokens seen: 975052800, grad norm: 0.7561
[iter 15880]loss: 3.2896, tokens/sec: 20550.87 ± 161.04, tokens seen: 975667200, grad norm: 0.7993
[iter 15890]loss: 3.2511, tokens/sec: 20550.87 ± 160.99, tokens seen: 976281600, grad norm: 0.8052
[iter 15900]loss: 3.3758, tokens/sec: 20550.88 ± 160.94, tokens seen: 976896000, grad norm: 0.6885
[iter 15910]loss: 3.4016, tokens/sec: 20550.88 ± 160.89, tokens seen: 977510400, grad norm: 0.8363
[iter 15920]loss: 3.3796, tokens/sec: 20550.88 ± 160.84, tokens seen: 978124800, grad norm: 1.0467
[iter 15930]loss: 3.2811, tokens/sec: 20550.89 ± 160.79, tokens seen: 978739200, grad norm: 0.7437
[iter 15940]loss: 3.3727, tokens/sec: 20550.90 ± 160.75, tokens seen: 979353600, grad norm: 0.8061
[iter 15950]loss: 3.2731, tokens/sec: 20550.90 ± 160.69, tokens seen: 979968000, grad norm: 0.7631
[iter 15960]loss: 3.5494, tokens/sec: 20550.91 ± 160.65, tokens seen: 980582400, grad norm: 0.7567
[iter 15970]loss: 3.2567, tokens/sec: 20550.91 ± 160.60, tokens seen: 981196800, grad norm: 0.9624
[iter 15980]loss: 2.8837, tokens/sec: 20550.91 ± 160.55, tokens seen: 981811200, grad norm: 0.8454
[iter 15990]loss: 3.2769, tokens/sec: 20550.92 ± 160.50, tokens seen: 982425600, grad norm: 0.6972
[step 16000]train loss: 3.2427, val loss: 3.2618, (avg train loss: 0.6527 ± 0.0328), (avg grad norm: 0.9179 ± 0.8132)
saving checkpoint to ./out-owt-xl-mhc-bs6-80000step
[iter 16000]loss: 3.2108, tokens/sec: 20550.91 ± 160.45, tokens seen: 983040000, grad norm: 0.9076
[iter 16010]loss: 3.2013, tokens/sec: 20550.93 ± 160.40, tokens seen: 983654400, grad norm: 0.8248
[iter 16020]loss: 3.3687, tokens/sec: 20550.91 ± 160.35, tokens seen: 984268800, grad norm: 0.7602
[iter 16030]loss: 3.0605, tokens/sec: 20550.91 ± 160.31, tokens seen: 984883200, grad norm: 1.1065
[iter 16040]loss: 3.1749, tokens/sec: 20550.91 ± 160.26, tokens seen: 985497600, grad norm: 0.7583
[iter 16050]loss: 3.4554, tokens/sec: 20550.91 ± 160.21, tokens seen: 986112000, grad norm: 0.8458
[iter 16060]loss: 3.2821, tokens/sec: 20550.92 ± 160.16, tokens seen: 986726400, grad norm: 0.9388
[iter 16070]loss: 3.5076, tokens/sec: 20550.93 ± 160.11, tokens seen: 987340800, grad norm: 2.5249
[iter 16080]loss: 3.1623, tokens/sec: 20550.93 ± 160.06, tokens seen: 987955200, grad norm: 1.0433
[iter 16090]loss: 3.3475, tokens/sec: 20550.93 ± 160.01, tokens seen: 988569600, grad norm: 1.5218
[iter 16100]loss: 3.2918, tokens/sec: 20550.93 ± 159.96, tokens seen: 989184000, grad norm: 11.4182
[iter 16110]loss: 3.4535, tokens/sec: 20550.94 ± 159.91, tokens seen: 989798400, grad norm: 22.2162
[iter 16120]loss: 3.2961, tokens/sec: 20550.93 ± 159.87, tokens seen: 990412800, grad norm: 31.9025
[iter 16130]loss: 3.2945, tokens/sec: 20550.93 ± 159.82, tokens seen: 991027200, grad norm: 11.6621
[iter 16140]loss: 2.8620, tokens/sec: 20550.93 ± 159.77, tokens seen: 991641600, grad norm: 10.6214
[iter 16150]loss: 3.0244, tokens/sec: 20550.93 ± 159.72, tokens seen: 992256000, grad norm: 11.7353
[iter 16160]loss: 3.1658, tokens/sec: 20550.94 ± 159.67, tokens seen: 992870400, grad norm: 3.1483
[iter 16170]loss: 3.4029, tokens/sec: 20550.93 ± 159.62, tokens seen: 993484800, grad norm: 5.1329
[iter 16180]loss: 3.2073, tokens/sec: 20550.93 ± 159.57, tokens seen: 994099200, grad norm: 8.3084
[iter 16190]loss: 3.3192, tokens/sec: 20550.93 ± 159.53, tokens seen: 994713600, grad norm: 9.0535
[iter 16200]loss: 3.1807, tokens/sec: 20550.93 ± 159.48, tokens seen: 995328000, grad norm: 11.1635
[iter 16210]loss: 3.4538, tokens/sec: 20550.94 ± 159.43, tokens seen: 995942400, grad norm: 9.5521
[iter 16220]loss: 3.1914, tokens/sec: 20550.94 ± 159.38, tokens seen: 996556800, grad norm: 6.1338
[iter 16230]loss: 3.4072, tokens/sec: 20550.94 ± 159.33, tokens seen: 997171200, grad norm: 7.1867
[iter 16240]loss: 3.4517, tokens/sec: 20550.95 ± 159.28, tokens seen: 997785600, grad norm: 4.4596
[iter 16250]loss: 2.6778, tokens/sec: 20550.95 ± 159.23, tokens seen: 998400000, grad norm: 2.1637
[iter 16260]loss: 3.2099, tokens/sec: 20550.96 ± 159.19, tokens seen: 999014400, grad norm: 3.3681
[iter 16270]loss: 3.1699, tokens/sec: 20550.95 ± 159.14, tokens seen: 999628800, grad norm: 2.8233
[iter 16280]loss: 3.1862, tokens/sec: 20550.96 ± 159.09, tokens seen: 1000243200, grad norm: 1.2204
[iter 16290]loss: 3.3595, tokens/sec: 20550.96 ± 159.04, tokens seen: 1000857600, grad norm: 0.9767
[iter 16300]loss: 3.0781, tokens/sec: 20550.97 ± 159.00, tokens seen: 1001472000, grad norm: 0.9261
[iter 16310]loss: 2.7064, tokens/sec: 20550.98 ± 158.95, tokens seen: 1002086400, grad norm: 0.7806
[iter 16320]loss: 3.2181, tokens/sec: 20550.98 ± 158.90, tokens seen: 1002700800, grad norm: 0.9373
[iter 16330]loss: 3.2035, tokens/sec: 20550.97 ± 158.85, tokens seen: 1003315200, grad norm: 0.9666
[iter 16340]loss: 3.4364, tokens/sec: 20550.97 ± 158.81, tokens seen: 1003929600, grad norm: 1.0032
[iter 16350]loss: 3.3733, tokens/sec: 20550.98 ± 158.76, tokens seen: 1004544000, grad norm: 0.9632
[iter 16360]loss: 3.2814, tokens/sec: 20550.98 ± 158.71, tokens seen: 1005158400, grad norm: 4.3527
[iter 16370]loss: 3.4054, tokens/sec: 20550.99 ± 158.66, tokens seen: 1005772800, grad norm: 10.9214
[iter 16380]loss: 2.9531, tokens/sec: 20550.99 ± 158.62, tokens seen: 1006387200, grad norm: 12.9691
[iter 16390]loss: 3.2512, tokens/sec: 20551.00 ± 158.57, tokens seen: 1007001600, grad norm: 11.5771
[iter 16400]loss: 3.2193, tokens/sec: 20551.01 ± 158.52, tokens seen: 1007616000, grad norm: 8.4510
[iter 16410]loss: 3.0274, tokens/sec: 20551.01 ± 158.47, tokens seen: 1008230400, grad norm: 7.8469
[iter 16420]loss: 3.1357, tokens/sec: 20551.00 ± 158.43, tokens seen: 1008844800, grad norm: 6.8657
[iter 16430]loss: 3.2570, tokens/sec: 20551.01 ± 158.38, tokens seen: 1009459200, grad norm: 3.4934
[iter 16440]loss: 3.4375, tokens/sec: 20551.02 ± 158.33, tokens seen: 1010073600, grad norm: 3.8577
[iter 16450]loss: 3.1474, tokens/sec: 20551.02 ± 158.29, tokens seen: 1010688000, grad norm: 3.4950
[iter 16460]loss: 3.4163, tokens/sec: 20551.03 ± 158.24, tokens seen: 1011302400, grad norm: 0.8369
[iter 16470]loss: 3.1927, tokens/sec: 20551.03 ± 158.19, tokens seen: 1011916800, grad norm: 0.8462
[iter 16480]loss: 3.0335, tokens/sec: 20551.04 ± 158.14, tokens seen: 1012531200, grad norm: 0.9200
[iter 16490]loss: 3.2289, tokens/sec: 20551.04 ± 158.10, tokens seen: 1013145600, grad norm: 1.6082
[step 16500]train loss: 3.2519, val loss: 3.2635, (avg train loss: 0.6562 ± 0.0323), (avg grad norm: 5.5518 ± 7.3292)
[iter 16500]loss: 3.2118, tokens/sec: 20551.05 ± 158.05, tokens seen: 1013760000, grad norm: 3.2778
[iter 16510]loss: 3.2611, tokens/sec: 20551.05 ± 158.00, tokens seen: 1014374400, grad norm: 4.2714
[iter 16520]loss: 3.1074, tokens/sec: 20551.03 ± 157.96, tokens seen: 1014988800, grad norm: 6.2129
[iter 16530]loss: 3.0048, tokens/sec: 20551.04 ± 157.91, tokens seen: 1015603200, grad norm: 8.3701
[iter 16540]loss: 3.5051, tokens/sec: 20551.04 ± 157.87, tokens seen: 1016217600, grad norm: 2.2134
[iter 16550]loss: 3.3375, tokens/sec: 20551.05 ± 157.82, tokens seen: 1016832000, grad norm: 2.6383
[iter 16560]loss: 3.0292, tokens/sec: 20551.04 ± 157.77, tokens seen: 1017446400, grad norm: 1.0076
[iter 16570]loss: 3.3548, tokens/sec: 20551.05 ± 157.73, tokens seen: 1018060800, grad norm: 1.1608
[iter 16580]loss: 3.1415, tokens/sec: 20551.05 ± 157.68, tokens seen: 1018675200, grad norm: 0.9104
[iter 16590]loss: 3.1541, tokens/sec: 20551.06 ± 157.63, tokens seen: 1019289600, grad norm: 1.0757
[iter 16600]loss: 3.2352, tokens/sec: 20551.06 ± 157.59, tokens seen: 1019904000, grad norm: 0.9587
[iter 16610]loss: 3.2490, tokens/sec: 20551.06 ± 157.54, tokens seen: 1020518400, grad norm: 0.9348
[iter 16620]loss: 3.2065, tokens/sec: 20551.06 ± 157.50, tokens seen: 1021132800, grad norm: 0.8327
[iter 16630]loss: 3.3779, tokens/sec: 20551.07 ± 157.45, tokens seen: 1021747200, grad norm: 0.8670
[iter 16640]loss: 3.3501, tokens/sec: 20551.06 ± 157.40, tokens seen: 1022361600, grad norm: 1.1125
[iter 16650]loss: 3.1924, tokens/sec: 20551.04 ± 157.36, tokens seen: 1022976000, grad norm: 0.7585
[iter 16660]loss: 3.1051, tokens/sec: 20551.05 ± 157.31, tokens seen: 1023590400, grad norm: 0.7497
[iter 16670]loss: 2.9930, tokens/sec: 20551.06 ± 157.27, tokens seen: 1024204800, grad norm: 0.8539
[iter 16680]loss: 3.1990, tokens/sec: 20551.05 ± 157.22, tokens seen: 1024819200, grad norm: 0.8280
[iter 16690]loss: 2.9773, tokens/sec: 20551.05 ± 157.17, tokens seen: 1025433600, grad norm: 0.7222
[iter 16700]loss: 2.6907, tokens/sec: 20551.05 ± 157.13, tokens seen: 1026048000, grad norm: 0.7750
[iter 16710]loss: 3.3524, tokens/sec: 20551.05 ± 157.08, tokens seen: 1026662400, grad norm: 1.0238
[iter 16720]loss: 3.0766, tokens/sec: 20551.06 ± 157.04, tokens seen: 1027276800, grad norm: 0.8618
[iter 16730]loss: 3.5941, tokens/sec: 20551.06 ± 156.99, tokens seen: 1027891200, grad norm: 0.8520
[iter 16740]loss: 3.2224, tokens/sec: 20551.06 ± 156.94, tokens seen: 1028505600, grad norm: 0.7428
[iter 16750]loss: 2.7866, tokens/sec: 20551.05 ± 156.90, tokens seen: 1029120000, grad norm: 0.7470
[iter 16760]loss: 3.5426, tokens/sec: 20551.06 ± 156.85, tokens seen: 1029734400, grad norm: 0.7763
[iter 16770]loss: 3.1335, tokens/sec: 20551.06 ± 156.81, tokens seen: 1030348800, grad norm: 0.7969
[iter 16780]loss: 3.3051, tokens/sec: 20551.06 ± 156.76, tokens seen: 1030963200, grad norm: 1.1239
[iter 16790]loss: 3.2176, tokens/sec: 20551.06 ± 156.72, tokens seen: 1031577600, grad norm: 0.9486
[iter 16800]loss: 3.2924, tokens/sec: 20551.06 ± 156.67, tokens seen: 1032192000, grad norm: 0.7147
[iter 16810]loss: 3.3673, tokens/sec: 20551.07 ± 156.62, tokens seen: 1032806400, grad norm: 0.9396
[iter 16820]loss: 3.3911, tokens/sec: 20551.08 ± 156.58, tokens seen: 1033420800, grad norm: 0.9006
[iter 16830]loss: 3.0887, tokens/sec: 20551.09 ± 156.53, tokens seen: 1034035200, grad norm: 0.7443
[iter 16840]loss: 3.3570, tokens/sec: 20551.09 ± 156.49, tokens seen: 1034649600, grad norm: 0.7587
[iter 16850]loss: 3.4385, tokens/sec: 20551.07 ± 156.44, tokens seen: 1035264000, grad norm: 0.8586
[iter 16860]loss: 3.3491, tokens/sec: 20551.08 ± 156.40, tokens seen: 1035878400, grad norm: 0.8175
[iter 16870]loss: 3.3868, tokens/sec: 20551.09 ± 156.35, tokens seen: 1036492800, grad norm: 0.9136
[iter 16880]loss: 3.5733, tokens/sec: 20551.08 ± 156.31, tokens seen: 1037107200, grad norm: 0.7414
[iter 16890]loss: 3.3940, tokens/sec: 20551.09 ± 156.26, tokens seen: 1037721600, grad norm: 0.9134
[iter 16900]loss: 3.3923, tokens/sec: 20551.09 ± 156.22, tokens seen: 1038336000, grad norm: 0.7113
[iter 16910]loss: 3.3117, tokens/sec: 20551.10 ± 156.17, tokens seen: 1038950400, grad norm: 0.8284
[iter 16920]loss: 2.9217, tokens/sec: 20551.11 ± 156.13, tokens seen: 1039564800, grad norm: 1.5561
[iter 16930]loss: 3.2825, tokens/sec: 20551.11 ± 156.08, tokens seen: 1040179200, grad norm: 4.8936
[iter 16940]loss: 3.0845, tokens/sec: 20551.12 ± 156.04, tokens seen: 1040793600, grad norm: 4.2938
[iter 16950]loss: 3.4420, tokens/sec: 20551.13 ± 155.99, tokens seen: 1041408000, grad norm: 7.6708
[iter 16960]loss: 3.2275, tokens/sec: 20551.13 ± 155.95, tokens seen: 1042022400, grad norm: 5.0142
[iter 16970]loss: 3.1790, tokens/sec: 20551.13 ± 155.90, tokens seen: 1042636800, grad norm: 6.5889
[iter 16980]loss: 3.1951, tokens/sec: 20551.14 ± 155.86, tokens seen: 1043251200, grad norm: 15.1559
[iter 16990]loss: 3.1571, tokens/sec: 20551.14 ± 155.81, tokens seen: 1043865600, grad norm: 3.3229
[step 17000]train loss: 3.2412, val loss: 3.2211, (avg train loss: 0.6485 ± 0.0298), (avg grad norm: 3.4373 ± 4.4623)
saving checkpoint to ./out-owt-xl-mhc-bs6-80000step
[iter 17000]loss: 3.2356, tokens/sec: 20551.13 ± 155.77, tokens seen: 1044480000, grad norm: 2.1054
[iter 17010]loss: 3.1279, tokens/sec: 20551.14 ± 155.72, tokens seen: 1045094400, grad norm: 1.0815
[iter 17020]loss: 3.1802, tokens/sec: 20551.12 ± 155.68, tokens seen: 1045708800, grad norm: 1.3516
[iter 17030]loss: 3.0332, tokens/sec: 20551.12 ± 155.64, tokens seen: 1046323200, grad norm: 0.8457
[iter 17040]loss: 3.4531, tokens/sec: 20551.12 ± 155.59, tokens seen: 1046937600, grad norm: 1.0092
[iter 17050]loss: 3.2079, tokens/sec: 20551.13 ± 155.55, tokens seen: 1047552000, grad norm: 1.0108
[iter 17060]loss: 3.0844, tokens/sec: 20551.13 ± 155.50, tokens seen: 1048166400, grad norm: 1.1408
[iter 17070]loss: 3.1344, tokens/sec: 20551.13 ± 155.46, tokens seen: 1048780800, grad norm: 0.8235
[iter 17080]loss: 3.3702, tokens/sec: 20551.14 ± 155.41, tokens seen: 1049395200, grad norm: 0.8597
[iter 17090]loss: 3.2224, tokens/sec: 20551.14 ± 155.37, tokens seen: 1050009600, grad norm: 1.0408
[iter 17100]loss: 3.4186, tokens/sec: 20551.15 ± 155.33, tokens seen: 1050624000, grad norm: 2.0594
[iter 17110]loss: 3.1751, tokens/sec: 20551.16 ± 155.28, tokens seen: 1051238400, grad norm: 2.4711
[iter 17120]loss: 3.1231, tokens/sec: 20551.18 ± 155.24, tokens seen: 1051852800, grad norm: 0.9813
[iter 17130]loss: 3.1613, tokens/sec: 20551.18 ± 155.19, tokens seen: 1052467200, grad norm: 0.7948
[iter 17140]loss: 3.1980, tokens/sec: 20551.18 ± 155.15, tokens seen: 1053081600, grad norm: 0.8553
[iter 17150]loss: 3.3759, tokens/sec: 20551.18 ± 155.11, tokens seen: 1053696000, grad norm: 0.9861
[iter 17160]loss: 3.2607, tokens/sec: 20551.18 ± 155.06, tokens seen: 1054310400, grad norm: 0.7344
[iter 17170]loss: 3.3338, tokens/sec: 20551.18 ± 155.02, tokens seen: 1054924800, grad norm: 1.1493
[iter 17180]loss: 3.1953, tokens/sec: 20551.19 ± 154.97, tokens seen: 1055539200, grad norm: 0.7361
[iter 17190]loss: 3.4293, tokens/sec: 20551.19 ± 154.93, tokens seen: 1056153600, grad norm: 0.6920
[iter 17200]loss: 3.4426, tokens/sec: 20551.19 ± 154.88, tokens seen: 1056768000, grad norm: 0.8019
[iter 17210]loss: 3.5062, tokens/sec: 20551.20 ± 154.84, tokens seen: 1057382400, grad norm: 0.9078
[iter 17220]loss: 3.4619, tokens/sec: 20551.20 ± 154.79, tokens seen: 1057996800, grad norm: 0.8144
[iter 17230]loss: 3.0765, tokens/sec: 20551.20 ± 154.75, tokens seen: 1058611200, grad norm: 0.7853
[iter 17240]loss: 3.0154, tokens/sec: 20551.20 ± 154.71, tokens seen: 1059225600, grad norm: 0.7207
[iter 17250]loss: 3.3726, tokens/sec: 20551.22 ± 154.66, tokens seen: 1059840000, grad norm: 0.8852
[iter 17260]loss: 3.2835, tokens/sec: 20551.23 ± 154.62, tokens seen: 1060454400, grad norm: 2.5585
[iter 17270]loss: 3.1214, tokens/sec: 20551.22 ± 154.58, tokens seen: 1061068800, grad norm: 2.5791
[iter 17280]loss: 3.4662, tokens/sec: 20551.22 ± 154.53, tokens seen: 1061683200, grad norm: 0.9637
[iter 17290]loss: 3.3558, tokens/sec: 20551.23 ± 154.49, tokens seen: 1062297600, grad norm: 0.7061
[iter 17300]loss: 2.7227, tokens/sec: 20551.23 ± 154.44, tokens seen: 1062912000, grad norm: 0.8309
[iter 17310]loss: 3.2949, tokens/sec: 20551.23 ± 154.40, tokens seen: 1063526400, grad norm: 0.7869
[iter 17320]loss: 2.9868, tokens/sec: 20551.24 ± 154.36, tokens seen: 1064140800, grad norm: 0.7378
[iter 17330]loss: 3.3675, tokens/sec: 20551.25 ± 154.31, tokens seen: 1064755200, grad norm: 0.7367
[iter 17340]loss: 3.2605, tokens/sec: 20551.25 ± 154.27, tokens seen: 1065369600, grad norm: 0.7679
[iter 17350]loss: 3.2183, tokens/sec: 20551.26 ± 154.23, tokens seen: 1065984000, grad norm: 0.7544
[iter 17360]loss: 3.2785, tokens/sec: 20551.26 ± 154.18, tokens seen: 1066598400, grad norm: 0.6678
[iter 17370]loss: 3.3946, tokens/sec: 20551.26 ± 154.14, tokens seen: 1067212800, grad norm: 0.6926
[iter 17380]loss: 2.5765, tokens/sec: 20551.27 ± 154.09, tokens seen: 1067827200, grad norm: 0.9252
[iter 17390]loss: 3.0839, tokens/sec: 20551.27 ± 154.05, tokens seen: 1068441600, grad norm: 0.7191
[iter 17400]loss: 3.4247, tokens/sec: 20551.27 ± 154.01, tokens seen: 1069056000, grad norm: 0.7125
[iter 17410]loss: 3.4418, tokens/sec: 20551.27 ± 153.96, tokens seen: 1069670400, grad norm: 0.7167
[iter 17420]loss: 3.2874, tokens/sec: 20551.28 ± 153.92, tokens seen: 1070284800, grad norm: 0.7190
[iter 17430]loss: 3.2266, tokens/sec: 20551.28 ± 153.88, tokens seen: 1070899200, grad norm: 0.7956
[iter 17440]loss: 3.0591, tokens/sec: 20551.28 ± 153.84, tokens seen: 1071513600, grad norm: 0.7388
[iter 17450]loss: 3.1354, tokens/sec: 20551.29 ± 153.79, tokens seen: 1072128000, grad norm: 2.2368
[iter 17460]loss: 3.2678, tokens/sec: 20551.30 ± 153.75, tokens seen: 1072742400, grad norm: 0.8531
[iter 17470]loss: 3.0900, tokens/sec: 20551.30 ± 153.71, tokens seen: 1073356800, grad norm: 3.1156
[iter 17480]loss: 3.3977, tokens/sec: 20551.30 ± 153.66, tokens seen: 1073971200, grad norm: 0.9755
[iter 17490]loss: 3.1935, tokens/sec: 20551.30 ± 153.62, tokens seen: 1074585600, grad norm: 6.6445
[step 17500]train loss: 3.2516, val loss: 3.2238, (avg train loss: 0.6442 ± 0.0363), (avg grad norm: 0.9853 ± 0.6214)
[iter 17500]loss: 3.0878, tokens/sec: 20551.31 ± 153.58, tokens seen: 1075200000, grad norm: 1.4792
[iter 17510]loss: 3.2467, tokens/sec: 20551.32 ± 153.54, tokens seen: 1075814400, grad norm: 2.0362
[iter 17520]loss: 3.2067, tokens/sec: 20551.31 ± 153.49, tokens seen: 1076428800, grad norm: 1.4945
[iter 17530]loss: 3.3336, tokens/sec: 20551.32 ± 153.45, tokens seen: 1077043200, grad norm: 4.9121
[iter 17540]loss: 3.1300, tokens/sec: 20551.33 ± 153.41, tokens seen: 1077657600, grad norm: 5.3717
[iter 17550]loss: 3.3791, tokens/sec: 20551.32 ± 153.37, tokens seen: 1078272000, grad norm: 6.2325
[iter 17560]loss: 3.2622, tokens/sec: 20551.32 ± 153.32, tokens seen: 1078886400, grad norm: 1.6554
[iter 17570]loss: 3.1358, tokens/sec: 20551.33 ± 153.28, tokens seen: 1079500800, grad norm: 1.1674
[iter 17580]loss: 3.2485, tokens/sec: 20551.33 ± 153.24, tokens seen: 1080115200, grad norm: 1.0820
[iter 17590]loss: 3.1429, tokens/sec: 20551.33 ± 153.20, tokens seen: 1080729600, grad norm: 1.3445
[iter 17600]loss: 3.3246, tokens/sec: 20551.33 ± 153.15, tokens seen: 1081344000, grad norm: 1.1901
[iter 17610]loss: 3.2536, tokens/sec: 20551.34 ± 153.11, tokens seen: 1081958400, grad norm: 1.9279
[iter 17620]loss: 3.0287, tokens/sec: 20551.34 ± 153.07, tokens seen: 1082572800, grad norm: 4.1180
[iter 17630]loss: 3.0701, tokens/sec: 20551.35 ± 153.03, tokens seen: 1083187200, grad norm: 2.7770
[iter 17640]loss: 3.3174, tokens/sec: 20551.35 ± 152.98, tokens seen: 1083801600, grad norm: 2.3626
[iter 17650]loss: 3.0494, tokens/sec: 20551.35 ± 152.94, tokens seen: 1084416000, grad norm: 2.0785
[iter 17660]loss: 3.0430, tokens/sec: 20551.36 ± 152.90, tokens seen: 1085030400, grad norm: 2.9187
[iter 17670]loss: 3.3769, tokens/sec: 20551.37 ± 152.86, tokens seen: 1085644800, grad norm: 2.9786
[iter 17680]loss: 2.8646, tokens/sec: 20551.36 ± 152.82, tokens seen: 1086259200, grad norm: 4.5417
[iter 17690]loss: 3.2265, tokens/sec: 20551.38 ± 152.77, tokens seen: 1086873600, grad norm: 3.8154
[iter 17700]loss: 3.0154, tokens/sec: 20551.37 ± 152.73, tokens seen: 1087488000, grad norm: 2.2704
[iter 17710]loss: 3.0318, tokens/sec: 20551.37 ± 152.69, tokens seen: 1088102400, grad norm: 1.3538
[iter 17720]loss: 3.1670, tokens/sec: 20551.37 ± 152.65, tokens seen: 1088716800, grad norm: 1.6700
[iter 17730]loss: 3.4443, tokens/sec: 20551.37 ± 152.61, tokens seen: 1089331200, grad norm: 2.3790
[iter 17740]loss: 2.8984, tokens/sec: 20551.38 ± 152.57, tokens seen: 1089945600, grad norm: 1.6554
[iter 17750]loss: 3.1643, tokens/sec: 20551.38 ± 152.52, tokens seen: 1090560000, grad norm: 1.3911
[iter 17760]loss: 3.3586, tokens/sec: 20551.39 ± 152.48, tokens seen: 1091174400, grad norm: 1.3626
[iter 17770]loss: 3.0862, tokens/sec: 20551.39 ± 152.44, tokens seen: 1091788800, grad norm: 2.8406
[iter 17780]loss: 3.1448, tokens/sec: 20551.39 ± 152.40, tokens seen: 1092403200, grad norm: 1.6247
[iter 17790]loss: 3.1926, tokens/sec: 20551.39 ± 152.36, tokens seen: 1093017600, grad norm: 1.9085
[iter 17800]loss: 3.1752, tokens/sec: 20551.40 ± 152.32, tokens seen: 1093632000, grad norm: 2.3866
[iter 17810]loss: 3.1990, tokens/sec: 20551.41 ± 152.28, tokens seen: 1094246400, grad norm: 2.3057
[iter 17820]loss: 3.2230, tokens/sec: 20551.40 ± 152.23, tokens seen: 1094860800, grad norm: 1.3748
[iter 17830]loss: 3.3229, tokens/sec: 20551.41 ± 152.19, tokens seen: 1095475200, grad norm: 1.2306
[iter 17840]loss: 3.3697, tokens/sec: 20551.40 ± 152.15, tokens seen: 1096089600, grad norm: 2.4436
[iter 17850]loss: 3.4052, tokens/sec: 20551.41 ± 152.11, tokens seen: 1096704000, grad norm: 2.1473
[iter 17860]loss: 3.1696, tokens/sec: 20551.43 ± 152.07, tokens seen: 1097318400, grad norm: 1.3298
[iter 17870]loss: 3.2683, tokens/sec: 20551.43 ± 152.03, tokens seen: 1097932800, grad norm: 1.1634
[iter 17880]loss: 3.4733, tokens/sec: 20551.43 ± 151.98, tokens seen: 1098547200, grad norm: 2.9850
[iter 17890]loss: 3.2396, tokens/sec: 20551.44 ± 151.94, tokens seen: 1099161600, grad norm: 4.6440
[iter 17900]loss: 3.0265, tokens/sec: 20551.44 ± 151.90, tokens seen: 1099776000, grad norm: 2.0353
[iter 17910]loss: 3.4215, tokens/sec: 20551.45 ± 151.86, tokens seen: 1100390400, grad norm: 3.9097
[iter 17920]loss: 3.2086, tokens/sec: 20551.44 ± 151.82, tokens seen: 1101004800, grad norm: 2.7588
[iter 17930]loss: 3.4085, tokens/sec: 20551.45 ± 151.78, tokens seen: 1101619200, grad norm: 12.6443
[iter 17940]loss: 3.3727, tokens/sec: 20551.46 ± 151.74, tokens seen: 1102233600, grad norm: 2.5083
[iter 17950]loss: 2.9254, tokens/sec: 20551.45 ± 151.70, tokens seen: 1102848000, grad norm: 1.9018
[iter 17960]loss: 3.3163, tokens/sec: 20551.46 ± 151.65, tokens seen: 1103462400, grad norm: 0.8855
[iter 17970]loss: 3.5334, tokens/sec: 20551.47 ± 151.61, tokens seen: 1104076800, grad norm: 1.2831
[iter 17980]loss: 2.9727, tokens/sec: 20551.46 ± 151.57, tokens seen: 1104691200, grad norm: 0.8914
[iter 17990]loss: 3.3441, tokens/sec: 20551.47 ± 151.53, tokens seen: 1105305600, grad norm: 0.9490
[step 18000]train loss: 3.2408, val loss: 3.2416, (avg train loss: 0.6447 ± 0.0324), (avg grad norm: 2.6992 ± 2.1801)
[iter 18000]loss: 3.3466, tokens/sec: 20551.48 ± 151.49, tokens seen: 1105920000, grad norm: 2.6839
[iter 18010]loss: 3.2621, tokens/sec: 20551.49 ± 151.45, tokens seen: 1106534400, grad norm: 2.3565
[iter 18020]loss: 3.2996, tokens/sec: 20551.46 ± 151.41, tokens seen: 1107148800, grad norm: 3.8799
[iter 18030]loss: 3.3384, tokens/sec: 20551.47 ± 151.37, tokens seen: 1107763200, grad norm: 4.7256
[iter 18040]loss: 3.2886, tokens/sec: 20551.47 ± 151.33, tokens seen: 1108377600, grad norm: 2.5747
[iter 18050]loss: 3.1990, tokens/sec: 20551.47 ± 151.29, tokens seen: 1108992000, grad norm: 2.0208
[iter 18060]loss: 3.4096, tokens/sec: 20551.47 ± 151.25, tokens seen: 1109606400, grad norm: 2.2646
[iter 18070]loss: 3.4228, tokens/sec: 20551.48 ± 151.21, tokens seen: 1110220800, grad norm: 1.3362
[iter 18080]loss: 3.4443, tokens/sec: 20551.48 ± 151.17, tokens seen: 1110835200, grad norm: 2.1767
[iter 18090]loss: 3.0694, tokens/sec: 20551.49 ± 151.13, tokens seen: 1111449600, grad norm: 1.9993
[iter 18100]loss: 3.2725, tokens/sec: 20551.48 ± 151.09, tokens seen: 1112064000, grad norm: 1.2416
[iter 18110]loss: 3.3585, tokens/sec: 20551.48 ± 151.05, tokens seen: 1112678400, grad norm: 0.8422
[iter 18120]loss: 3.2200, tokens/sec: 20551.49 ± 151.00, tokens seen: 1113292800, grad norm: 0.8435
[iter 18130]loss: 3.5260, tokens/sec: 20551.50 ± 150.97, tokens seen: 1113907200, grad norm: 0.9335
[iter 18140]loss: 3.2981, tokens/sec: 20551.49 ± 150.92, tokens seen: 1114521600, grad norm: 0.8620
[iter 18150]loss: 3.2036, tokens/sec: 20551.50 ± 150.88, tokens seen: 1115136000, grad norm: 1.2015
[iter 18160]loss: 3.7894, tokens/sec: 20551.50 ± 150.84, tokens seen: 1115750400, grad norm: 0.8388
[iter 18170]loss: 3.1569, tokens/sec: 20551.50 ± 150.80, tokens seen: 1116364800, grad norm: 0.9808
[iter 18180]loss: 3.2290, tokens/sec: 20551.50 ± 150.76, tokens seen: 1116979200, grad norm: 0.9949
[iter 18190]loss: 3.1883, tokens/sec: 20551.50 ± 150.72, tokens seen: 1117593600, grad norm: 0.9406
[iter 18200]loss: 3.3849, tokens/sec: 20551.51 ± 150.68, tokens seen: 1118208000, grad norm: 0.8494
[iter 18210]loss: 3.2621, tokens/sec: 20551.52 ± 150.64, tokens seen: 1118822400, grad norm: 0.8759
[iter 18220]loss: 3.0829, tokens/sec: 20551.52 ± 150.60, tokens seen: 1119436800, grad norm: 0.8451
[iter 18230]loss: 3.2242, tokens/sec: 20551.52 ± 150.56, tokens seen: 1120051200, grad norm: 0.8063
[iter 18240]loss: 3.1643, tokens/sec: 20551.53 ± 150.52, tokens seen: 1120665600, grad norm: 1.0375
[iter 18250]loss: 3.1888, tokens/sec: 20551.53 ± 150.48, tokens seen: 1121280000, grad norm: 1.1242
[iter 18260]loss: 3.3538, tokens/sec: 20551.53 ± 150.44, tokens seen: 1121894400, grad norm: 1.3112
[iter 18270]loss: 3.2240, tokens/sec: 20551.53 ± 150.40, tokens seen: 1122508800, grad norm: 0.8598
[iter 18280]loss: 3.3414, tokens/sec: 20551.53 ± 150.36, tokens seen: 1123123200, grad norm: 0.8809
[iter 18290]loss: 3.1532, tokens/sec: 20551.54 ± 150.32, tokens seen: 1123737600, grad norm: 1.6621
[iter 18300]loss: 3.1481, tokens/sec: 20551.54 ± 150.28, tokens seen: 1124352000, grad norm: 1.8964
[iter 18310]loss: 2.9657, tokens/sec: 20551.54 ± 150.24, tokens seen: 1124966400, grad norm: 1.0146
[iter 18320]loss: 3.2223, tokens/sec: 20551.54 ± 150.20, tokens seen: 1125580800, grad norm: 2.6627
[iter 18330]loss: 3.2853, tokens/sec: 20551.55 ± 150.16, tokens seen: 1126195200, grad norm: 1.9680
[iter 18340]loss: 3.3801, tokens/sec: 20551.55 ± 150.12, tokens seen: 1126809600, grad norm: 2.3295
[iter 18350]loss: 3.1238, tokens/sec: 20551.56 ± 150.08, tokens seen: 1127424000, grad norm: 1.9159
[iter 18360]loss: 3.1482, tokens/sec: 20551.56 ± 150.04, tokens seen: 1128038400, grad norm: 2.1506
[iter 18370]loss: 2.9149, tokens/sec: 20551.56 ± 150.00, tokens seen: 1128652800, grad norm: 1.6128
[iter 18380]loss: 3.2539, tokens/sec: 20551.57 ± 149.96, tokens seen: 1129267200, grad norm: 1.7251
[iter 18390]loss: 3.4980, tokens/sec: 20551.57 ± 149.92, tokens seen: 1129881600, grad norm: 1.2496
[iter 18400]loss: 2.9773, tokens/sec: 20551.57 ± 149.88, tokens seen: 1130496000, grad norm: 1.6862
[iter 18410]loss: 3.2103, tokens/sec: 20551.57 ± 149.84, tokens seen: 1131110400, grad norm: 1.8851
[iter 18420]loss: 3.1634, tokens/sec: 20551.58 ± 149.80, tokens seen: 1131724800, grad norm: 1.2921
[iter 18430]loss: 3.3475, tokens/sec: 20551.59 ± 149.76, tokens seen: 1132339200, grad norm: 1.4098
[iter 18440]loss: 3.3599, tokens/sec: 20551.59 ± 149.72, tokens seen: 1132953600, grad norm: 3.7624
[iter 18450]loss: 3.3001, tokens/sec: 20551.59 ± 149.68, tokens seen: 1133568000, grad norm: 1.6046
[iter 18460]loss: 2.9791, tokens/sec: 20551.59 ± 149.64, tokens seen: 1134182400, grad norm: 3.4750
[iter 18470]loss: 3.1249, tokens/sec: 20551.59 ± 149.60, tokens seen: 1134796800, grad norm: 3.0893
[iter 18480]loss: 3.5951, tokens/sec: 20551.58 ± 149.56, tokens seen: 1135411200, grad norm: 2.4063
[iter 18490]loss: 3.2840, tokens/sec: 20551.57 ± 149.52, tokens seen: 1136025600, grad norm: 3.4436
[step 18500]train loss: 3.2097, val loss: 3.2278, (avg train loss: 0.6450 ± 0.0328), (avg grad norm: 2.1973 ± 1.4147)
[iter 18500]loss: 3.2153, tokens/sec: 20551.58 ± 149.49, tokens seen: 1136640000, grad norm: 18.6878
[iter 18510]loss: 3.0969, tokens/sec: 20551.58 ± 149.45, tokens seen: 1137254400, grad norm: 5.4341
[iter 18520]loss: 3.3692, tokens/sec: 20551.58 ± 149.41, tokens seen: 1137868800, grad norm: 2.4367
[iter 18530]loss: 3.1222, tokens/sec: 20551.58 ± 149.37, tokens seen: 1138483200, grad norm: 2.5275
[iter 18540]loss: 2.8826, tokens/sec: 20551.57 ± 149.33, tokens seen: 1139097600, grad norm: 2.7960
[iter 18550]loss: 3.2849, tokens/sec: 20551.57 ± 149.29, tokens seen: 1139712000, grad norm: 4.2668
[iter 18560]loss: 2.9654, tokens/sec: 20551.56 ± 149.25, tokens seen: 1140326400, grad norm: 3.0558
[iter 18570]loss: 3.0796, tokens/sec: 20551.57 ± 149.21, tokens seen: 1140940800, grad norm: 4.5778
[iter 18580]loss: 3.4276, tokens/sec: 20551.57 ± 149.17, tokens seen: 1141555200, grad norm: 3.7810
[iter 18590]loss: 3.3409, tokens/sec: 20551.56 ± 149.13, tokens seen: 1142169600, grad norm: 2.3900
[iter 18600]loss: 2.9445, tokens/sec: 20551.56 ± 149.10, tokens seen: 1142784000, grad norm: 3.0508
[iter 18610]loss: 3.3082, tokens/sec: 20551.57 ± 149.06, tokens seen: 1143398400, grad norm: 3.0462
[iter 18620]loss: 3.2250, tokens/sec: 20551.57 ± 149.02, tokens seen: 1144012800, grad norm: 1.8526
[iter 18630]loss: 3.1396, tokens/sec: 20551.58 ± 148.98, tokens seen: 1144627200, grad norm: 1.6334
[iter 18640]loss: 3.3373, tokens/sec: 20551.57 ± 148.94, tokens seen: 1145241600, grad norm: 5.0322
[iter 18650]loss: 2.8705, tokens/sec: 20551.57 ± 148.90, tokens seen: 1145856000, grad norm: 2.9021
[iter 18660]loss: 3.3246, tokens/sec: 20551.56 ± 148.86, tokens seen: 1146470400, grad norm: 2.7736
[iter 18670]loss: 3.4916, tokens/sec: 20551.56 ± 148.82, tokens seen: 1147084800, grad norm: 3.8742
[iter 18680]loss: 3.5156, tokens/sec: 20551.56 ± 148.78, tokens seen: 1147699200, grad norm: 3.9154
[iter 18690]loss: 3.3809, tokens/sec: 20551.55 ± 148.75, tokens seen: 1148313600, grad norm: 6.2453
[iter 18700]loss: 3.3524, tokens/sec: 20551.55 ± 148.71, tokens seen: 1148928000, grad norm: 8.6331
[iter 18710]loss: 3.3747, tokens/sec: 20551.56 ± 148.67, tokens seen: 1149542400, grad norm: 5.2776
[iter 18720]loss: 3.4095, tokens/sec: 20551.56 ± 148.63, tokens seen: 1150156800, grad norm: 4.9167
[iter 18730]loss: 3.2828, tokens/sec: 20551.56 ± 148.59, tokens seen: 1150771200, grad norm: 13.7015
[iter 18740]loss: 3.3325, tokens/sec: 20551.55 ± 148.55, tokens seen: 1151385600, grad norm: 9.9291
[iter 18750]loss: 3.1667, tokens/sec: 20551.54 ± 148.51, tokens seen: 1152000000, grad norm: 16.6091
[iter 18760]loss: 3.2523, tokens/sec: 20551.55 ± 148.48, tokens seen: 1152614400, grad norm: 4.2396
[iter 18770]loss: 3.0451, tokens/sec: 20551.56 ± 148.44, tokens seen: 1153228800, grad norm: 3.8740
[iter 18780]loss: 3.2089, tokens/sec: 20551.56 ± 148.40, tokens seen: 1153843200, grad norm: 4.3671
[iter 18790]loss: 3.4785, tokens/sec: 20551.56 ± 148.36, tokens seen: 1154457600, grad norm: 3.9898
[iter 18800]loss: 3.3302, tokens/sec: 20551.57 ± 148.32, tokens seen: 1155072000, grad norm: 9.3451
[iter 18810]loss: 3.2188, tokens/sec: 20551.56 ± 148.28, tokens seen: 1155686400, grad norm: 5.8901
[iter 18820]loss: 3.1550, tokens/sec: 20551.54 ± 148.24, tokens seen: 1156300800, grad norm: 8.5322
[iter 18830]loss: 3.2612, tokens/sec: 20551.55 ± 148.21, tokens seen: 1156915200, grad norm: 4.5956
[iter 18840]loss: 3.1041, tokens/sec: 20551.55 ± 148.17, tokens seen: 1157529600, grad norm: 2.8273
[iter 18850]loss: 3.2589, tokens/sec: 20551.55 ± 148.13, tokens seen: 1158144000, grad norm: 5.9214
[iter 18860]loss: 3.3294, tokens/sec: 20551.55 ± 148.09, tokens seen: 1158758400, grad norm: 5.3895
[iter 18870]loss: 3.2657, tokens/sec: 20551.55 ± 148.05, tokens seen: 1159372800, grad norm: 22.0856
[iter 18880]loss: 3.1833, tokens/sec: 20551.55 ± 148.01, tokens seen: 1159987200, grad norm: 8.5792
[iter 18890]loss: 3.1408, tokens/sec: 20551.56 ± 147.98, tokens seen: 1160601600, grad norm: 39.3336
[iter 18900]loss: 3.4234, tokens/sec: 20551.57 ± 147.94, tokens seen: 1161216000, grad norm: 36.2674
[iter 18910]loss: 3.2139, tokens/sec: 20551.57 ± 147.90, tokens seen: 1161830400, grad norm: 19.4436
[iter 18920]loss: 3.2428, tokens/sec: 20551.57 ± 147.86, tokens seen: 1162444800, grad norm: 15.9493
[iter 18930]loss: 3.3033, tokens/sec: 20551.56 ± 147.82, tokens seen: 1163059200, grad norm: 35.2815
[iter 18940]loss: 2.9488, tokens/sec: 20551.56 ± 147.79, tokens seen: 1163673600, grad norm: 9.2571
[iter 18950]loss: 3.2454, tokens/sec: 20551.56 ± 147.75, tokens seen: 1164288000, grad norm: 16.4637
[iter 18960]loss: 3.2810, tokens/sec: 20551.56 ± 147.71, tokens seen: 1164902400, grad norm: 7.6372
[iter 18970]loss: 3.3673, tokens/sec: 20551.56 ± 147.67, tokens seen: 1165516800, grad norm: 7.4697
[iter 18980]loss: 2.8381, tokens/sec: 20551.56 ± 147.63, tokens seen: 1166131200, grad norm: 9.9165
[iter 18990]loss: 3.2473, tokens/sec: 20551.57 ± 147.60, tokens seen: 1166745600, grad norm: 5.0230
[step 19000]train loss: 3.2107, val loss: 3.2403, (avg train loss: 0.6417 ± 0.0310), (avg grad norm: 11.2631 ± 9.2577)
[iter 19000]loss: 3.1479, tokens/sec: 20551.57 ± 147.56, tokens seen: 1167360000, grad norm: 3.7538
[iter 19010]loss: 2.9947, tokens/sec: 20551.59 ± 147.52, tokens seen: 1167974400, grad norm: 6.8193
[iter 19020]loss: 3.1949, tokens/sec: 20551.58 ± 147.49, tokens seen: 1168588800, grad norm: 3.9871
[iter 19030]loss: 3.3235, tokens/sec: 20551.59 ± 147.45, tokens seen: 1169203200, grad norm: 5.5446
[iter 19040]loss: 3.1481, tokens/sec: 20551.59 ± 147.41, tokens seen: 1169817600, grad norm: 14.4628
[iter 19050]loss: 3.1378, tokens/sec: 20551.59 ± 147.37, tokens seen: 1170432000, grad norm: 89.9499
[iter 19060]loss: 2.9667, tokens/sec: 20551.59 ± 147.34, tokens seen: 1171046400, grad norm: 10.7130
[iter 19070]loss: 3.2450, tokens/sec: 20551.59 ± 147.30, tokens seen: 1171660800, grad norm: 6.0223
[iter 19080]loss: 3.1488, tokens/sec: 20551.59 ± 147.26, tokens seen: 1172275200, grad norm: 18.5126
[iter 19090]loss: 3.1590, tokens/sec: 20551.59 ± 147.22, tokens seen: 1172889600, grad norm: 22.2614
[iter 19100]loss: 3.0473, tokens/sec: 20551.59 ± 147.18, tokens seen: 1173504000, grad norm: 11.2570
[iter 19110]loss: 3.1038, tokens/sec: 20551.59 ± 147.15, tokens seen: 1174118400, grad norm: 69.6371
[iter 19120]loss: 3.1025, tokens/sec: 20551.59 ± 147.11, tokens seen: 1174732800, grad norm: 16.8847
[iter 19130]loss: 3.1094, tokens/sec: 20551.58 ± 147.07, tokens seen: 1175347200, grad norm: 10.2685
[iter 19140]loss: 3.2197, tokens/sec: 20551.58 ± 147.03, tokens seen: 1175961600, grad norm: 23.4960
[iter 19150]loss: 3.1124, tokens/sec: 20551.59 ± 146.99, tokens seen: 1176576000, grad norm: 14.1894
[iter 19160]loss: 2.7948, tokens/sec: 20551.59 ± 146.96, tokens seen: 1177190400, grad norm: 14.3430
[iter 19170]loss: 3.2653, tokens/sec: 20551.59 ± 146.92, tokens seen: 1177804800, grad norm: 27.3505
[iter 19180]loss: 3.2287, tokens/sec: 20551.60 ± 146.88, tokens seen: 1178419200, grad norm: 58.7562
[iter 19190]loss: 3.2405, tokens/sec: 20551.59 ± 146.84, tokens seen: 1179033600, grad norm: 7.1376
[iter 19200]loss: 3.3922, tokens/sec: 20551.59 ± 146.81, tokens seen: 1179648000, grad norm: 7.3085
[iter 19210]loss: 3.2294, tokens/sec: 20551.59 ± 146.77, tokens seen: 1180262400, grad norm: 6.6598
[iter 19220]loss: 3.2669, tokens/sec: 20551.60 ± 146.73, tokens seen: 1180876800, grad norm: 7.3319
[iter 19230]loss: 3.2591, tokens/sec: 20551.60 ± 146.70, tokens seen: 1181491200, grad norm: 6.6325
[iter 19240]loss: 3.2118, tokens/sec: 20551.60 ± 146.66, tokens seen: 1182105600, grad norm: 7.7646
[iter 19250]loss: 2.9923, tokens/sec: 20551.60 ± 146.62, tokens seen: 1182720000, grad norm: 9.0797
[iter 19260]loss: 3.2283, tokens/sec: 20551.60 ± 146.58, tokens seen: 1183334400, grad norm: 4.7515
[iter 19270]loss: 3.2377, tokens/sec: 20551.60 ± 146.55, tokens seen: 1183948800, grad norm: 4.2562
[iter 19280]loss: 2.9503, tokens/sec: 20551.60 ± 146.51, tokens seen: 1184563200, grad norm: 6.1113
[iter 19290]loss: 3.1549, tokens/sec: 20551.59 ± 146.47, tokens seen: 1185177600, grad norm: 5.6112
[iter 19300]loss: 3.5726, tokens/sec: 20551.59 ± 146.44, tokens seen: 1185792000, grad norm: 6.8274
[iter 19310]loss: 3.0780, tokens/sec: 20551.59 ± 146.40, tokens seen: 1186406400, grad norm: 5.4447
[iter 19320]loss: 3.3210, tokens/sec: 20551.60 ± 146.36, tokens seen: 1187020800, grad norm: 4.4060
[iter 19330]loss: 3.0118, tokens/sec: 20551.60 ± 146.33, tokens seen: 1187635200, grad norm: 5.0969
[iter 19340]loss: 2.9750, tokens/sec: 20551.60 ± 146.29, tokens seen: 1188249600, grad norm: 5.3786
[iter 19350]loss: 3.2974, tokens/sec: 20551.61 ± 146.25, tokens seen: 1188864000, grad norm: 4.7074
[iter 19360]loss: 2.9217, tokens/sec: 20551.61 ± 146.21, tokens seen: 1189478400, grad norm: 5.4903
[iter 19370]loss: 3.1138, tokens/sec: 20551.61 ± 146.18, tokens seen: 1190092800, grad norm: 5.8973
[iter 19380]loss: 3.3323, tokens/sec: 20551.61 ± 146.14, tokens seen: 1190707200, grad norm: 4.8430
[iter 19390]loss: 3.1193, tokens/sec: 20551.61 ± 146.10, tokens seen: 1191321600, grad norm: 4.3082
[iter 19400]loss: 3.2011, tokens/sec: 20551.62 ± 146.07, tokens seen: 1191936000, grad norm: 4.5548
[iter 19410]loss: 3.1304, tokens/sec: 20551.62 ± 146.03, tokens seen: 1192550400, grad norm: 3.3873
[iter 19420]loss: 3.2348, tokens/sec: 20551.61 ± 145.99, tokens seen: 1193164800, grad norm: 3.0939
[iter 19430]loss: 3.1137, tokens/sec: 20551.61 ± 145.96, tokens seen: 1193779200, grad norm: 2.8414
[iter 19440]loss: 3.3178, tokens/sec: 20551.61 ± 145.92, tokens seen: 1194393600, grad norm: 3.8052
[iter 19450]loss: 3.1266, tokens/sec: 20551.61 ± 145.88, tokens seen: 1195008000, grad norm: 2.1729
[iter 19460]loss: 3.3635, tokens/sec: 20551.61 ± 145.85, tokens seen: 1195622400, grad norm: 2.4003
[iter 19470]loss: 3.3557, tokens/sec: 20551.61 ± 145.81, tokens seen: 1196236800, grad norm: 3.6108
[iter 19480]loss: 3.3754, tokens/sec: 20551.62 ± 145.77, tokens seen: 1196851200, grad norm: 4.4389
[iter 19490]loss: 3.1336, tokens/sec: 20551.62 ± 145.74, tokens seen: 1197465600, grad norm: 4.4882
[step 19500]train loss: 3.2064, val loss: 3.2362, (avg train loss: 0.6363 ± 0.0335), (avg grad norm: 7.6520 ± 35.0744)
[iter 19500]loss: 3.0037, tokens/sec: 20551.62 ± 145.70, tokens seen: 1198080000, grad norm: 2.3800
[iter 19510]loss: 3.2967, tokens/sec: 20551.63 ± 145.66, tokens seen: 1198694400, grad norm: 2.5203
[iter 19520]loss: 3.2238, tokens/sec: 20551.63 ± 145.63, tokens seen: 1199308800, grad norm: 3.2035
[iter 19530]loss: 2.8113, tokens/sec: 20551.64 ± 145.59, tokens seen: 1199923200, grad norm: 2.9286
[iter 19540]loss: 3.2547, tokens/sec: 20551.64 ± 145.56, tokens seen: 1200537600, grad norm: 2.8014
[iter 19550]loss: 2.9893, tokens/sec: 20551.64 ± 145.52, tokens seen: 1201152000, grad norm: 2.7737
[iter 19560]loss: 3.1898, tokens/sec: 20551.64 ± 145.48, tokens seen: 1201766400, grad norm: 3.7023
[iter 19570]loss: 3.3401, tokens/sec: 20551.65 ± 145.45, tokens seen: 1202380800, grad norm: 3.1301
[iter 19580]loss: 2.9887, tokens/sec: 20551.65 ± 145.41, tokens seen: 1202995200, grad norm: 5.5220
[iter 19590]loss: 3.4032, tokens/sec: 20551.65 ± 145.37, tokens seen: 1203609600, grad norm: 4.9672
[iter 19600]loss: 2.9023, tokens/sec: 20551.66 ± 145.34, tokens seen: 1204224000, grad norm: 6.7659
[iter 19610]loss: 2.9998, tokens/sec: 20551.66 ± 145.30, tokens seen: 1204838400, grad norm: 3.8486
[iter 19620]loss: 3.2697, tokens/sec: 20551.67 ± 145.27, tokens seen: 1205452800, grad norm: 2.8228
[iter 19630]loss: 3.0961, tokens/sec: 20551.68 ± 145.23, tokens seen: 1206067200, grad norm: 2.7773
[iter 19640]loss: 2.7235, tokens/sec: 20551.68 ± 145.19, tokens seen: 1206681600, grad norm: 2.6274
[iter 19650]loss: 3.2547, tokens/sec: 20551.69 ± 145.16, tokens seen: 1207296000, grad norm: 2.0855
[iter 19660]loss: 3.2217, tokens/sec: 20551.69 ± 145.12, tokens seen: 1207910400, grad norm: 2.8935
[iter 19670]loss: 3.4560, tokens/sec: 20551.69 ± 145.09, tokens seen: 1208524800, grad norm: 1.7666
[iter 19680]loss: 3.0531, tokens/sec: 20551.69 ± 145.05, tokens seen: 1209139200, grad norm: 1.7824
[iter 19690]loss: 3.2942, tokens/sec: 20551.70 ± 145.01, tokens seen: 1209753600, grad norm: 1.9408
[iter 19700]loss: 3.0981, tokens/sec: 20551.69 ± 144.98, tokens seen: 1210368000, grad norm: 2.3372
[iter 19710]loss: 3.2519, tokens/sec: 20551.69 ± 144.94, tokens seen: 1210982400, grad norm: 3.3326
[iter 19720]loss: 3.2673, tokens/sec: 20551.69 ± 144.91, tokens seen: 1211596800, grad norm: 2.1648
[iter 19730]loss: 3.0570, tokens/sec: 20551.70 ± 144.87, tokens seen: 1212211200, grad norm: 2.2006
[iter 19740]loss: 2.9018, tokens/sec: 20551.70 ± 144.83, tokens seen: 1212825600, grad norm: 1.8910
[iter 19750]loss: 3.0649, tokens/sec: 20551.70 ± 144.80, tokens seen: 1213440000, grad norm: 3.0222
[iter 19760]loss: 3.3334, tokens/sec: 20551.71 ± 144.76, tokens seen: 1214054400, grad norm: 1.8162
[iter 19770]loss: 3.1348, tokens/sec: 20551.72 ± 144.73, tokens seen: 1214668800, grad norm: 2.3096
[iter 19780]loss: 3.3007, tokens/sec: 20551.72 ± 144.69, tokens seen: 1215283200, grad norm: 3.6638
[iter 19790]loss: 3.1718, tokens/sec: 20551.72 ± 144.66, tokens seen: 1215897600, grad norm: 3.2718
[iter 19800]loss: 3.2549, tokens/sec: 20551.73 ± 144.62, tokens seen: 1216512000, grad norm: 5.2205
[iter 19810]loss: 3.1736, tokens/sec: 20551.73 ± 144.59, tokens seen: 1217126400, grad norm: 11.5157
[iter 19820]loss: 2.9916, tokens/sec: 20551.73 ± 144.55, tokens seen: 1217740800, grad norm: 8.8740
[iter 19830]loss: 2.9678, tokens/sec: 20551.73 ± 144.52, tokens seen: 1218355200, grad norm: 5.9549
[iter 19840]loss: 3.3214, tokens/sec: 20551.74 ± 144.48, tokens seen: 1218969600, grad norm: 12.7316
[iter 19850]loss: 3.1321, tokens/sec: 20551.73 ± 144.45, tokens seen: 1219584000, grad norm: 8.6135
[iter 19860]loss: 3.0944, tokens/sec: 20551.73 ± 144.41, tokens seen: 1220198400, grad norm: 11.4765
[iter 19870]loss: 2.9625, tokens/sec: 20551.74 ± 144.38, tokens seen: 1220812800, grad norm: 26.8618
[iter 19880]loss: 2.8841, tokens/sec: 20551.75 ± 144.34, tokens seen: 1221427200, grad norm: 11.2178
[iter 19890]loss: 3.1233, tokens/sec: 20551.74 ± 144.30, tokens seen: 1222041600, grad norm: 7.4673
[iter 19900]loss: 3.3866, tokens/sec: 20551.74 ± 144.27, tokens seen: 1222656000, grad norm: 12.5233
[iter 19910]loss: 3.1347, tokens/sec: 20551.74 ± 144.23, tokens seen: 1223270400, grad norm: 20.2641
[iter 19920]loss: 3.0657, tokens/sec: 20551.75 ± 144.20, tokens seen: 1223884800, grad norm: 9.6607
[iter 19930]loss: 3.0035, tokens/sec: 20551.75 ± 144.16, tokens seen: 1224499200, grad norm: 6.3362
[iter 19940]loss: 3.0900, tokens/sec: 20551.75 ± 144.13, tokens seen: 1225113600, grad norm: 6.6311
[iter 19950]loss: 3.2679, tokens/sec: 20551.76 ± 144.09, tokens seen: 1225728000, grad norm: 7.5931
[iter 19960]loss: 2.8930, tokens/sec: 20551.76 ± 144.06, tokens seen: 1226342400, grad norm: 8.1303
[iter 19970]loss: 3.1719, tokens/sec: 20551.77 ± 144.02, tokens seen: 1226956800, grad norm: 11.4773
[iter 19980]loss: 3.4659, tokens/sec: 20551.76 ± 143.99, tokens seen: 1227571200, grad norm: 6.1040
[iter 19990]loss: 3.1899, tokens/sec: 20551.76 ± 143.95, tokens seen: 1228185600, grad norm: 4.5362
[step 20000]train loss: 3.2082, val loss: 3.2258, (avg train loss: 0.6392 ± 0.0319), (avg grad norm: 8.6293 ± 4.1522)
[iter 20000]loss: 3.1820, tokens/sec: 20551.76 ± 143.92, tokens seen: 1228800000, grad norm: 4.7495
[iter 20010]loss: 3.2957, tokens/sec: 20551.76 ± 143.88, tokens seen: 1229414400, grad norm: 6.1585
[iter 20020]loss: 3.4479, tokens/sec: 20551.75 ± 143.85, tokens seen: 1230028800, grad norm: 4.6989
[iter 20030]loss: 3.4096, tokens/sec: 20551.76 ± 143.81, tokens seen: 1230643200, grad norm: 3.5490
[iter 20040]loss: 3.1933, tokens/sec: 20551.76 ± 143.78, tokens seen: 1231257600, grad norm: 2.2679
[iter 20050]loss: 3.1809, tokens/sec: 20551.76 ± 143.75, tokens seen: 1231872000, grad norm: 1.9544
[iter 20060]loss: 3.1591, tokens/sec: 20551.77 ± 143.71, tokens seen: 1232486400, grad norm: 2.2481
[iter 20070]loss: 3.1194, tokens/sec: 20551.77 ± 143.67, tokens seen: 1233100800, grad norm: 2.0886
[iter 20080]loss: 3.1110, tokens/sec: 20551.77 ± 143.64, tokens seen: 1233715200, grad norm: 2.6065
[iter 20090]loss: 3.1694, tokens/sec: 20551.78 ± 143.60, tokens seen: 1234329600, grad norm: 5.3134
[iter 20100]loss: 3.1138, tokens/sec: 20551.78 ± 143.57, tokens seen: 1234944000, grad norm: 3.3327
[iter 20110]loss: 3.2851, tokens/sec: 20551.79 ± 143.53, tokens seen: 1235558400, grad norm: 1.9385
[iter 20120]loss: 3.3258, tokens/sec: 20551.79 ± 143.50, tokens seen: 1236172800, grad norm: 2.5738
[iter 20130]loss: 3.4422, tokens/sec: 20551.79 ± 143.47, tokens seen: 1236787200, grad norm: 2.7495
[iter 20140]loss: 3.0540, tokens/sec: 20551.80 ± 143.43, tokens seen: 1237401600, grad norm: 2.4151
[iter 20150]loss: 3.2807, tokens/sec: 20551.80 ± 143.40, tokens seen: 1238016000, grad norm: 2.9109
[iter 20160]loss: 3.0966, tokens/sec: 20551.79 ± 143.36, tokens seen: 1238630400, grad norm: 2.8488
[iter 20170]loss: 3.0759, tokens/sec: 20551.79 ± 143.33, tokens seen: 1239244800, grad norm: 4.0436
[iter 20180]loss: 3.2977, tokens/sec: 20551.79 ± 143.29, tokens seen: 1239859200, grad norm: 2.9418
[iter 20190]loss: 3.2746, tokens/sec: 20551.80 ± 143.26, tokens seen: 1240473600, grad norm: 2.1743
[iter 20200]loss: 3.0032, tokens/sec: 20551.80 ± 143.22, tokens seen: 1241088000, grad norm: 2.0299
[iter 20210]loss: 3.2203, tokens/sec: 20551.81 ± 143.19, tokens seen: 1241702400, grad norm: 2.2773
[iter 20220]loss: 2.8420, tokens/sec: 20551.81 ± 143.15, tokens seen: 1242316800, grad norm: 1.9951
[iter 20230]loss: 3.0424, tokens/sec: 20551.81 ± 143.12, tokens seen: 1242931200, grad norm: 1.6869
[iter 20240]loss: 3.2656, tokens/sec: 20551.81 ± 143.09, tokens seen: 1243545600, grad norm: 1.2322
[iter 20250]loss: 3.4118, tokens/sec: 20551.82 ± 143.05, tokens seen: 1244160000, grad norm: 1.5925
[iter 20260]loss: 3.3569, tokens/sec: 20551.81 ± 143.02, tokens seen: 1244774400, grad norm: 1.1141
[iter 20270]loss: 3.3777, tokens/sec: 20551.82 ± 142.98, tokens seen: 1245388800, grad norm: 1.6481
[iter 20280]loss: 2.7409, tokens/sec: 20551.82 ± 142.95, tokens seen: 1246003200, grad norm: 2.1403
[iter 20290]loss: 3.4752, tokens/sec: 20551.82 ± 142.91, tokens seen: 1246617600, grad norm: 3.0466
[iter 20300]loss: 3.3808, tokens/sec: 20551.83 ± 142.88, tokens seen: 1247232000, grad norm: 1.6709
[iter 20310]loss: 3.3217, tokens/sec: 20551.83 ± 142.84, tokens seen: 1247846400, grad norm: 1.7901
[iter 20320]loss: 2.9261, tokens/sec: 20551.84 ± 142.81, tokens seen: 1248460800, grad norm: 2.5308
[iter 20330]loss: 3.0838, tokens/sec: 20551.85 ± 142.77, tokens seen: 1249075200, grad norm: 1.7095
[iter 20340]loss: 3.1669, tokens/sec: 20551.85 ± 142.74, tokens seen: 1249689600, grad norm: 2.3279
[iter 20350]loss: 3.0654, tokens/sec: 20551.84 ± 142.71, tokens seen: 1250304000, grad norm: 7.1193
[iter 20360]loss: 3.1742, tokens/sec: 20551.85 ± 142.67, tokens seen: 1250918400, grad norm: 1.2135
[iter 20370]loss: 3.2967, tokens/sec: 20551.85 ± 142.64, tokens seen: 1251532800, grad norm: 1.3039
[iter 20380]loss: 3.2136, tokens/sec: 20551.85 ± 142.60, tokens seen: 1252147200, grad norm: 1.2570
[iter 20390]loss: 3.2237, tokens/sec: 20551.84 ± 142.57, tokens seen: 1252761600, grad norm: 1.4934
[iter 20400]loss: 3.1368, tokens/sec: 20551.84 ± 142.54, tokens seen: 1253376000, grad norm: 1.3817
[iter 20410]loss: 3.1714, tokens/sec: 20551.85 ± 142.50, tokens seen: 1253990400, grad norm: 1.2098
[iter 20420]loss: 3.3833, tokens/sec: 20551.85 ± 142.47, tokens seen: 1254604800, grad norm: 1.0736
[iter 20430]loss: 3.3730, tokens/sec: 20551.85 ± 142.43, tokens seen: 1255219200, grad norm: 0.9772
[iter 20440]loss: 3.1105, tokens/sec: 20551.84 ± 142.40, tokens seen: 1255833600, grad norm: 1.2838
[iter 20450]loss: 3.2270, tokens/sec: 20551.85 ± 142.37, tokens seen: 1256448000, grad norm: 1.6186
[iter 20460]loss: 3.2107, tokens/sec: 20551.86 ± 142.33, tokens seen: 1257062400, grad norm: 2.6009
[iter 20470]loss: 3.1703, tokens/sec: 20551.86 ± 142.30, tokens seen: 1257676800, grad norm: 2.0829
[iter 20480]loss: 3.0947, tokens/sec: 20551.86 ± 142.27, tokens seen: 1258291200, grad norm: 2.4974
[iter 20490]loss: 3.2186, tokens/sec: 20551.86 ± 142.23, tokens seen: 1258905600, grad norm: 2.9130
[step 20500]train loss: 3.1757, val loss: 3.2063, (avg train loss: 0.6394 ± 0.0321), (avg grad norm: 2.2663 ± 1.4204)
saving checkpoint to ./out-owt-xl-mhc-bs6-80000step
[iter 20500]loss: 3.0696, tokens/sec: 20551.87 ± 142.20, tokens seen: 1259520000, grad norm: 2.6735
[iter 20510]loss: 3.1696, tokens/sec: 20551.89 ± 142.17, tokens seen: 1260134400, grad norm: 6.6606
[iter 20520]loss: 3.1419, tokens/sec: 20551.87 ± 142.14, tokens seen: 1260748800, grad norm: 14.6993
[iter 20530]loss: 3.3176, tokens/sec: 20551.86 ± 142.10, tokens seen: 1261363200, grad norm: 2.7077
[iter 20540]loss: 3.1101, tokens/sec: 20551.87 ± 142.07, tokens seen: 1261977600, grad norm: 4.1203
[iter 20550]loss: 3.0158, tokens/sec: 20551.87 ± 142.04, tokens seen: 1262592000, grad norm: 4.7685
[iter 20560]loss: 3.2267, tokens/sec: 20551.87 ± 142.00, tokens seen: 1263206400, grad norm: 3.0647
[iter 20570]loss: 3.2153, tokens/sec: 20551.87 ± 141.97, tokens seen: 1263820800, grad norm: 2.9756
[iter 20580]loss: 3.5661, tokens/sec: 20551.88 ± 141.94, tokens seen: 1264435200, grad norm: 3.2475
[iter 20590]loss: 3.2334, tokens/sec: 20551.88 ± 141.90, tokens seen: 1265049600, grad norm: 5.6199
[iter 20600]loss: 3.1127, tokens/sec: 20551.87 ± 141.87, tokens seen: 1265664000, grad norm: 16.8570
[iter 20610]loss: 3.2640, tokens/sec: 20551.87 ± 141.84, tokens seen: 1266278400, grad norm: 7.7679
[iter 20620]loss: 3.4807, tokens/sec: 20551.88 ± 141.80, tokens seen: 1266892800, grad norm: 4.4626
[iter 20630]loss: 3.1416, tokens/sec: 20551.89 ± 141.77, tokens seen: 1267507200, grad norm: 10.9610
[iter 20640]loss: 3.2913, tokens/sec: 20551.89 ± 141.74, tokens seen: 1268121600, grad norm: 10.7847
[iter 20650]loss: 3.2838, tokens/sec: 20551.90 ± 141.70, tokens seen: 1268736000, grad norm: 8.7987
[iter 20660]loss: 3.2511, tokens/sec: 20551.89 ± 141.67, tokens seen: 1269350400, grad norm: 6.8882
[iter 20670]loss: 3.0920, tokens/sec: 20551.91 ± 141.64, tokens seen: 1269964800, grad norm: 7.2935
[iter 20680]loss: 3.1497, tokens/sec: 20551.91 ± 141.60, tokens seen: 1270579200, grad norm: 17.8550
[iter 20690]loss: 3.1174, tokens/sec: 20551.92 ± 141.57, tokens seen: 1271193600, grad norm: 10.9331
[iter 20700]loss: 3.1422, tokens/sec: 20551.92 ± 141.54, tokens seen: 1271808000, grad norm: 8.7343
[iter 20710]loss: 3.1595, tokens/sec: 20551.93 ± 141.50, tokens seen: 1272422400, grad norm: 22.6086
[iter 20720]loss: 3.2442, tokens/sec: 20551.93 ± 141.47, tokens seen: 1273036800, grad norm: 6.7493
[iter 20730]loss: 3.2499, tokens/sec: 20551.94 ± 141.44, tokens seen: 1273651200, grad norm: 8.6497
[iter 20740]loss: 3.1804, tokens/sec: 20551.93 ± 141.40, tokens seen: 1274265600, grad norm: 5.6436
[iter 20750]loss: 3.5242, tokens/sec: 20551.94 ± 141.37, tokens seen: 1274880000, grad norm: 6.6260
[iter 20760]loss: 3.2810, tokens/sec: 20551.94 ± 141.34, tokens seen: 1275494400, grad norm: 4.9205
[iter 20770]loss: 3.1058, tokens/sec: 20551.95 ± 141.30, tokens seen: 1276108800, grad norm: 8.0870
[iter 20780]loss: 3.2030, tokens/sec: 20551.95 ± 141.27, tokens seen: 1276723200, grad norm: 6.4722
[iter 20790]loss: 3.8009, tokens/sec: 20551.95 ± 141.24, tokens seen: 1277337600, grad norm: 5.2680
[iter 20800]loss: 3.6449, tokens/sec: 20551.95 ± 141.20, tokens seen: 1277952000, grad norm: 5.7831
[iter 20810]loss: 3.3219, tokens/sec: 20551.95 ± 141.17, tokens seen: 1278566400, grad norm: 5.3182
[iter 20820]loss: 3.1060, tokens/sec: 20551.96 ± 141.14, tokens seen: 1279180800, grad norm: 4.3259
[iter 20830]loss: 3.3299, tokens/sec: 20551.96 ± 141.11, tokens seen: 1279795200, grad norm: 5.5224
[iter 20840]loss: 3.4263, tokens/sec: 20551.96 ± 141.07, tokens seen: 1280409600, grad norm: 4.4920
[iter 20850]loss: 2.9173, tokens/sec: 20551.97 ± 141.04, tokens seen: 1281024000, grad norm: 20.4134
[iter 20860]loss: 3.0346, tokens/sec: 20551.97 ± 141.01, tokens seen: 1281638400, grad norm: 8.4859
[iter 20870]loss: 3.4059, tokens/sec: 20551.97 ± 140.97, tokens seen: 1282252800, grad norm: 5.3715
[iter 20880]loss: 3.1209, tokens/sec: 20551.98 ± 140.94, tokens seen: 1282867200, grad norm: 3.9856
[iter 20890]loss: 3.0404, tokens/sec: 20551.98 ± 140.91, tokens seen: 1283481600, grad norm: 3.3510
[iter 20900]loss: 3.1684, tokens/sec: 20551.99 ± 140.88, tokens seen: 1284096000, grad norm: 4.6063
[iter 20910]loss: 2.9466, tokens/sec: 20551.99 ± 140.84, tokens seen: 1284710400, grad norm: 2.8114
[iter 20920]loss: 3.2813, tokens/sec: 20551.99 ± 140.81, tokens seen: 1285324800, grad norm: 2.7130
[iter 20930]loss: 3.3045, tokens/sec: 20552.00 ± 140.78, tokens seen: 1285939200, grad norm: 4.7830
[iter 20940]loss: 3.1648, tokens/sec: 20552.00 ± 140.75, tokens seen: 1286553600, grad norm: 6.8173
[iter 20950]loss: 3.2825, tokens/sec: 20552.00 ± 140.71, tokens seen: 1287168000, grad norm: 2.9168
[iter 20960]loss: 3.0442, tokens/sec: 20551.99 ± 140.68, tokens seen: 1287782400, grad norm: 4.5317
[iter 20970]loss: 3.1541, tokens/sec: 20552.00 ± 140.65, tokens seen: 1288396800, grad norm: 5.1553
[iter 20980]loss: 3.1815, tokens/sec: 20552.01 ± 140.62, tokens seen: 1289011200, grad norm: 5.6805
[iter 20990]loss: 3.0712, tokens/sec: 20552.01 ± 140.59, tokens seen: 1289625600, grad norm: 7.5973
[step 21000]train loss: 3.1870, val loss: 3.1762, (avg train loss: 0.6396 ± 0.0325), (avg grad norm: 5.9348 ± 3.9657)
saving checkpoint to ./out-owt-xl-mhc-bs6-80000step
[iter 21000]loss: 2.9957, tokens/sec: 20552.02 ± 140.55, tokens seen: 1290240000, grad norm: 6.0260
[iter 21010]loss: 3.2259, tokens/sec: 20552.04 ± 140.52, tokens seen: 1290854400, grad norm: 8.8893
[iter 21020]loss: 3.2707, tokens/sec: 20552.01 ± 140.50, tokens seen: 1291468800, grad norm: 5.1346
[iter 21030]loss: 3.0561, tokens/sec: 20552.00 ± 140.47, tokens seen: 1292083200, grad norm: 5.7553
[iter 21040]loss: 3.1650, tokens/sec: 20552.01 ± 140.43, tokens seen: 1292697600, grad norm: 6.8110
[iter 21050]loss: 3.2145, tokens/sec: 20552.01 ± 140.40, tokens seen: 1293312000, grad norm: 7.8926
[iter 21060]loss: 3.1180, tokens/sec: 20552.00 ± 140.37, tokens seen: 1293926400, grad norm: 5.6996
[iter 21070]loss: 3.4077, tokens/sec: 20552.00 ± 140.34, tokens seen: 1294540800, grad norm: 6.8198
[iter 21080]loss: 3.1829, tokens/sec: 20552.01 ± 140.30, tokens seen: 1295155200, grad norm: 43.3789
[iter 21090]loss: 3.3509, tokens/sec: 20552.01 ± 140.27, tokens seen: 1295769600, grad norm: 9.8647
[iter 21100]loss: 3.0963, tokens/sec: 20552.02 ± 140.24, tokens seen: 1296384000, grad norm: 25.1750
[iter 21110]loss: 3.1406, tokens/sec: 20552.02 ± 140.21, tokens seen: 1296998400, grad norm: 17.6367
[iter 21120]loss: 3.4674, tokens/sec: 20552.03 ± 140.18, tokens seen: 1297612800, grad norm: 25.3709
[iter 21130]loss: 3.3135, tokens/sec: 20552.04 ± 140.14, tokens seen: 1298227200, grad norm: 19.0269
[iter 21140]loss: 3.1730, tokens/sec: 20552.05 ± 140.11, tokens seen: 1298841600, grad norm: 17.4410
[iter 21150]loss: 3.1496, tokens/sec: 20552.05 ± 140.08, tokens seen: 1299456000, grad norm: 17.2263
[iter 21160]loss: 3.1542, tokens/sec: 20552.05 ± 140.05, tokens seen: 1300070400, grad norm: 22.5968
[iter 21170]loss: 3.2418, tokens/sec: 20552.06 ± 140.02, tokens seen: 1300684800, grad norm: 17.3833
[iter 21180]loss: 3.2141, tokens/sec: 20552.06 ± 139.98, tokens seen: 1301299200, grad norm: 15.2025
[iter 21190]loss: 2.8661, tokens/sec: 20552.06 ± 139.95, tokens seen: 1301913600, grad norm: 13.7880
[iter 21200]loss: 3.2673, tokens/sec: 20552.08 ± 139.92, tokens seen: 1302528000, grad norm: 15.3588
[iter 21210]loss: 3.1167, tokens/sec: 20552.08 ± 139.89, tokens seen: 1303142400, grad norm: 14.9655
[iter 21220]loss: 2.9002, tokens/sec: 20552.08 ± 139.86, tokens seen: 1303756800, grad norm: 24.1049
[iter 21230]loss: 3.0555, tokens/sec: 20552.08 ± 139.82, tokens seen: 1304371200, grad norm: 10.4067
[iter 21240]loss: 3.3919, tokens/sec: 20552.09 ± 139.79, tokens seen: 1304985600, grad norm: 9.0735
[iter 21250]loss: 3.1285, tokens/sec: 20552.10 ± 139.76, tokens seen: 1305600000, grad norm: 12.1273
[iter 21260]loss: 3.0058, tokens/sec: 20552.11 ± 139.73, tokens seen: 1306214400, grad norm: 11.5410
[iter 21270]loss: 3.2082, tokens/sec: 20552.10 ± 139.70, tokens seen: 1306828800, grad norm: 13.2154
[iter 21280]loss: 2.7918, tokens/sec: 20552.11 ± 139.66, tokens seen: 1307443200, grad norm: 20.1998
[iter 21290]loss: 3.1877, tokens/sec: 20552.11 ± 139.63, tokens seen: 1308057600, grad norm: 10.9660
[iter 21300]loss: 3.1989, tokens/sec: 20552.12 ± 139.60, tokens seen: 1308672000, grad norm: 19.1844
[iter 21310]loss: 3.0142, tokens/sec: 20552.12 ± 139.57, tokens seen: 1309286400, grad norm: 8.9885
[iter 21320]loss: 3.1100, tokens/sec: 20552.13 ± 139.54, tokens seen: 1309900800, grad norm: 32.2570
[iter 21330]loss: 3.1023, tokens/sec: 20552.13 ± 139.50, tokens seen: 1310515200, grad norm: 14.1341
[iter 21340]loss: 3.3194, tokens/sec: 20552.14 ± 139.47, tokens seen: 1311129600, grad norm: 19.4798
[iter 21350]loss: 2.9840, tokens/sec: 20552.14 ± 139.44, tokens seen: 1311744000, grad norm: 8.5381
[iter 21360]loss: 3.0095, tokens/sec: 20552.15 ± 139.41, tokens seen: 1312358400, grad norm: 6.5131
[iter 21370]loss: 2.9655, tokens/sec: 20552.16 ± 139.38, tokens seen: 1312972800, grad norm: 10.5383
[iter 21380]loss: 3.0611, tokens/sec: 20552.16 ± 139.35, tokens seen: 1313587200, grad norm: 8.4409
[iter 21390]loss: 2.7830, tokens/sec: 20552.16 ± 139.31, tokens seen: 1314201600, grad norm: 12.9063
[iter 21400]loss: 3.2483, tokens/sec: 20552.16 ± 139.28, tokens seen: 1314816000, grad norm: 8.5019
[iter 21410]loss: 3.1071, tokens/sec: 20552.16 ± 139.25, tokens seen: 1315430400, grad norm: 8.1901
[iter 21420]loss: 2.9728, tokens/sec: 20552.16 ± 139.22, tokens seen: 1316044800, grad norm: 7.6010
[iter 21430]loss: 3.2150, tokens/sec: 20552.16 ± 139.19, tokens seen: 1316659200, grad norm: 11.0669
[iter 21440]loss: 2.6692, tokens/sec: 20552.17 ± 139.16, tokens seen: 1317273600, grad norm: 9.1148
[iter 21450]loss: 3.4074, tokens/sec: 20552.17 ± 139.13, tokens seen: 1317888000, grad norm: 10.0926
[iter 21460]loss: 3.1367, tokens/sec: 20552.18 ± 139.10, tokens seen: 1318502400, grad norm: 6.9607
[iter 21470]loss: 3.0083, tokens/sec: 20552.18 ± 139.06, tokens seen: 1319116800, grad norm: 9.5032
[iter 21480]loss: 3.1619, tokens/sec: 20552.18 ± 139.03, tokens seen: 1319731200, grad norm: 9.6072
[iter 21490]loss: 3.2343, tokens/sec: 20552.19 ± 139.00, tokens seen: 1320345600, grad norm: 9.4612
[step 21500]train loss: 3.1717, val loss: 3.1811, (avg train loss: 0.6361 ± 0.0335), (avg grad norm: 10.8470 ± 4.8175)
[iter 21500]loss: 3.2958, tokens/sec: 20552.20 ± 138.97, tokens seen: 1320960000, grad norm: 9.8848
[iter 21510]loss: 3.2537, tokens/sec: 20552.21 ± 138.94, tokens seen: 1321574400, grad norm: 7.8765
[iter 21520]loss: 3.4269, tokens/sec: 20552.21 ± 138.91, tokens seen: 1322188800, grad norm: 6.4758
[iter 21530]loss: 3.3279, tokens/sec: 20552.19 ± 138.88, tokens seen: 1322803200, grad norm: 8.8325
[iter 21540]loss: 3.0563, tokens/sec: 20552.18 ± 138.85, tokens seen: 1323417600, grad norm: 7.5553
[iter 21550]loss: 3.1138, tokens/sec: 20552.19 ± 138.82, tokens seen: 1324032000, grad norm: 10.6436
[iter 21560]loss: 2.8497, tokens/sec: 20552.20 ± 138.79, tokens seen: 1324646400, grad norm: 7.9889
[iter 21570]loss: 3.2266, tokens/sec: 20552.19 ± 138.75, tokens seen: 1325260800, grad norm: 11.2355
[iter 21580]loss: 3.1478, tokens/sec: 20552.19 ± 138.72, tokens seen: 1325875200, grad norm: 5.5353
[iter 21590]loss: 3.1550, tokens/sec: 20552.20 ± 138.69, tokens seen: 1326489600, grad norm: 4.5937
[iter 21600]loss: 3.2552, tokens/sec: 20552.19 ± 138.66, tokens seen: 1327104000, grad norm: 5.9233
[iter 21610]loss: 3.2357, tokens/sec: 20552.18 ± 138.63, tokens seen: 1327718400, grad norm: 4.6084
[iter 21620]loss: 3.2929, tokens/sec: 20552.18 ± 138.60, tokens seen: 1328332800, grad norm: 4.5789
[iter 21630]loss: 3.0816, tokens/sec: 20552.18 ± 138.57, tokens seen: 1328947200, grad norm: 5.3781
[iter 21640]loss: 3.2428, tokens/sec: 20552.18 ± 138.54, tokens seen: 1329561600, grad norm: 4.2676
[iter 21650]loss: 3.3720, tokens/sec: 20552.17 ± 138.51, tokens seen: 1330176000, grad norm: 8.0305
[iter 21660]loss: 3.0381, tokens/sec: 20552.17 ± 138.48, tokens seen: 1330790400, grad norm: 9.5724
[iter 21670]loss: 3.4319, tokens/sec: 20552.17 ± 138.45, tokens seen: 1331404800, grad norm: 5.0282
[iter 21680]loss: 3.3524, tokens/sec: 20552.18 ± 138.42, tokens seen: 1332019200, grad norm: 6.2283
[iter 21690]loss: 3.4223, tokens/sec: 20552.18 ± 138.38, tokens seen: 1332633600, grad norm: 5.2663
[iter 21700]loss: 3.4172, tokens/sec: 20552.18 ± 138.35, tokens seen: 1333248000, grad norm: 3.7381
[iter 21710]loss: 3.0611, tokens/sec: 20552.18 ± 138.32, tokens seen: 1333862400, grad norm: 7.5324
[iter 21720]loss: 3.0250, tokens/sec: 20552.19 ± 138.29, tokens seen: 1334476800, grad norm: 5.0825
[iter 21730]loss: 3.1850, tokens/sec: 20552.19 ± 138.26, tokens seen: 1335091200, grad norm: 8.8721
[iter 21740]loss: 3.0717, tokens/sec: 20552.19 ± 138.23, tokens seen: 1335705600, grad norm: 4.4646
[iter 21750]loss: 3.0166, tokens/sec: 20552.18 ± 138.20, tokens seen: 1336320000, grad norm: 5.4369
[iter 21760]loss: 3.4601, tokens/sec: 20552.19 ± 138.17, tokens seen: 1336934400, grad norm: 5.5190
[iter 21770]loss: 3.2671, tokens/sec: 20552.20 ± 138.14, tokens seen: 1337548800, grad norm: 8.1967
[iter 21780]loss: 3.0721, tokens/sec: 20552.20 ± 138.11, tokens seen: 1338163200, grad norm: 6.7992
[iter 21790]loss: 3.1820, tokens/sec: 20552.20 ± 138.08, tokens seen: 1338777600, grad norm: 7.1757
[iter 21800]loss: 3.0402, tokens/sec: 20552.20 ± 138.05, tokens seen: 1339392000, grad norm: 5.2306
[iter 21810]loss: 3.1341, tokens/sec: 20552.19 ± 138.02, tokens seen: 1340006400, grad norm: 7.6102
[iter 21820]loss: 3.1234, tokens/sec: 20552.18 ± 137.99, tokens seen: 1340620800, grad norm: 8.5014
[iter 21830]loss: 2.9723, tokens/sec: 20552.18 ± 137.96, tokens seen: 1341235200, grad norm: 4.1325
[iter 21840]loss: 3.0606, tokens/sec: 20552.19 ± 137.93, tokens seen: 1341849600, grad norm: 6.4489
[iter 21850]loss: 3.2041, tokens/sec: 20552.20 ± 137.89, tokens seen: 1342464000, grad norm: 3.5291
[iter 21860]loss: 3.1903, tokens/sec: 20552.20 ± 137.86, tokens seen: 1343078400, grad norm: 4.3130
[iter 21870]loss: 3.0777, tokens/sec: 20552.20 ± 137.83, tokens seen: 1343692800, grad norm: 3.4261
[iter 21880]loss: 3.3277, tokens/sec: 20552.20 ± 137.80, tokens seen: 1344307200, grad norm: 4.2413
[iter 21890]loss: 3.4057, tokens/sec: 20552.21 ± 137.77, tokens seen: 1344921600, grad norm: 6.3745
[iter 21900]loss: 3.3055, tokens/sec: 20552.21 ± 137.74, tokens seen: 1345536000, grad norm: 5.4187
[iter 21910]loss: 3.1536, tokens/sec: 20552.20 ± 137.71, tokens seen: 1346150400, grad norm: 7.9195
[iter 21920]loss: 3.2247, tokens/sec: 20552.20 ± 137.68, tokens seen: 1346764800, grad norm: 8.4785
[iter 21930]loss: 2.9558, tokens/sec: 20552.21 ± 137.65, tokens seen: 1347379200, grad norm: 4.7845
[iter 21940]loss: 3.3006, tokens/sec: 20552.21 ± 137.62, tokens seen: 1347993600, grad norm: 5.5964
[iter 21950]loss: 2.7745, tokens/sec: 20552.21 ± 137.59, tokens seen: 1348608000, grad norm: 3.6357
[iter 21960]loss: 3.2198, tokens/sec: 20552.21 ± 137.56, tokens seen: 1349222400, grad norm: 3.8364
[iter 21970]loss: 3.2526, tokens/sec: 20552.21 ± 137.53, tokens seen: 1349836800, grad norm: 4.1813
[iter 21980]loss: 3.2478, tokens/sec: 20552.22 ± 137.50, tokens seen: 1350451200, grad norm: 5.0193
[iter 21990]loss: 3.2343, tokens/sec: 20552.22 ± 137.47, tokens seen: 1351065600, grad norm: 4.4131
[step 22000]train loss: 3.1821, val loss: 3.2009, (avg train loss: 0.6353 ± 0.0304), (avg grad norm: 6.4359 ± 6.2381)
[iter 22000]loss: 2.9912, tokens/sec: 20552.22 ± 137.44, tokens seen: 1351680000, grad norm: 3.2281
[iter 22010]loss: 2.5524, tokens/sec: 20552.24 ± 137.41, tokens seen: 1352294400, grad norm: 10.1457
[iter 22020]loss: 3.1201, tokens/sec: 20552.24 ± 137.38, tokens seen: 1352908800, grad norm: 3.3406
[iter 22030]loss: 3.1476, tokens/sec: 20552.24 ± 137.35, tokens seen: 1353523200, grad norm: 3.5477
[iter 22040]loss: 3.1653, tokens/sec: 20552.24 ± 137.32, tokens seen: 1354137600, grad norm: 4.2241
[iter 22050]loss: 3.2078, tokens/sec: 20552.25 ± 137.29, tokens seen: 1354752000, grad norm: 4.4470
[iter 22060]loss: 3.4132, tokens/sec: 20552.25 ± 137.26, tokens seen: 1355366400, grad norm: 4.3272
[iter 22070]loss: 3.3545, tokens/sec: 20552.25 ± 137.23, tokens seen: 1355980800, grad norm: 8.2945
[iter 22080]loss: 3.2667, tokens/sec: 20552.25 ± 137.20, tokens seen: 1356595200, grad norm: 6.1356
[iter 22090]loss: 3.5164, tokens/sec: 20552.26 ± 137.17, tokens seen: 1357209600, grad norm: 11.7913
[iter 22100]loss: 3.1077, tokens/sec: 20552.26 ± 137.14, tokens seen: 1357824000, grad norm: 7.9926
[iter 22110]loss: 3.0424, tokens/sec: 20552.26 ± 137.11, tokens seen: 1358438400, grad norm: 34.4537
[iter 22120]loss: 3.3666, tokens/sec: 20552.26 ± 137.08, tokens seen: 1359052800, grad norm: 15.3299
[iter 22130]loss: 3.1841, tokens/sec: 20552.26 ± 137.05, tokens seen: 1359667200, grad norm: 14.0978
[iter 22140]loss: 3.1372, tokens/sec: 20552.27 ± 137.02, tokens seen: 1360281600, grad norm: 16.7296
[iter 22150]loss: 3.1966, tokens/sec: 20552.26 ± 136.99, tokens seen: 1360896000, grad norm: 9.5804
[iter 22160]loss: 3.0484, tokens/sec: 20552.25 ± 136.96, tokens seen: 1361510400, grad norm: 8.7519
[iter 22170]loss: 3.2344, tokens/sec: 20552.25 ± 136.93, tokens seen: 1362124800, grad norm: 11.2903
[iter 22180]loss: 3.4151, tokens/sec: 20552.26 ± 136.90, tokens seen: 1362739200, grad norm: 23.5882
[iter 22190]loss: 3.1882, tokens/sec: 20552.26 ± 136.87, tokens seen: 1363353600, grad norm: 20.4652
[iter 22200]loss: 3.1213, tokens/sec: 20552.26 ± 136.84, tokens seen: 1363968000, grad norm: 40.0708
[iter 22210]loss: 3.2363, tokens/sec: 20552.26 ± 136.81, tokens seen: 1364582400, grad norm: 18.0617
[iter 22220]loss: 2.9531, tokens/sec: 20552.27 ± 136.78, tokens seen: 1365196800, grad norm: 18.3241
[iter 22230]loss: 3.0253, tokens/sec: 20552.27 ± 136.75, tokens seen: 1365811200, grad norm: 21.3867
[iter 22240]loss: 3.2075, tokens/sec: 20552.28 ± 136.72, tokens seen: 1366425600, grad norm: 142.0592
[iter 22250]loss: 3.2870, tokens/sec: 20552.27 ± 136.69, tokens seen: 1367040000, grad norm: 15.2296
[iter 22260]loss: 3.0444, tokens/sec: 20552.28 ± 136.66, tokens seen: 1367654400, grad norm: 12.8193
[iter 22270]loss: 2.9638, tokens/sec: 20552.28 ± 136.63, tokens seen: 1368268800, grad norm: 11.9436
[iter 22280]loss: 3.4733, tokens/sec: 20552.27 ± 136.60, tokens seen: 1368883200, grad norm: 18.8703
[iter 22290]loss: 3.2979, tokens/sec: 20552.28 ± 136.57, tokens seen: 1369497600, grad norm: 12.5980
[iter 22300]loss: 3.2271, tokens/sec: 20552.28 ± 136.54, tokens seen: 1370112000, grad norm: 18.1526
[iter 22310]loss: 3.1984, tokens/sec: 20552.28 ± 136.51, tokens seen: 1370726400, grad norm: 12.6686
[iter 22320]loss: 3.0745, tokens/sec: 20552.28 ± 136.48, tokens seen: 1371340800, grad norm: 17.3797
[iter 22330]loss: 3.2608, tokens/sec: 20552.28 ± 136.45, tokens seen: 1371955200, grad norm: 23.1840
[iter 22340]loss: 3.3272, tokens/sec: 20552.28 ± 136.42, tokens seen: 1372569600, grad norm: 11.9354
[iter 22350]loss: 3.1500, tokens/sec: 20552.28 ± 136.39, tokens seen: 1373184000, grad norm: 16.0163
[iter 22360]loss: 3.2522, tokens/sec: 20552.28 ± 136.36, tokens seen: 1373798400, grad norm: 10.6200
[iter 22370]loss: 3.1163, tokens/sec: 20552.29 ± 136.33, tokens seen: 1374412800, grad norm: 12.2225
[iter 22380]loss: 3.0624, tokens/sec: 20552.29 ± 136.30, tokens seen: 1375027200, grad norm: 15.0977
[iter 22390]loss: 3.0685, tokens/sec: 20552.28 ± 136.27, tokens seen: 1375641600, grad norm: 14.8688
[iter 22400]loss: 2.9547, tokens/sec: 20552.28 ± 136.24, tokens seen: 1376256000, grad norm: 9.8153
[iter 22410]loss: 3.2653, tokens/sec: 20552.28 ± 136.21, tokens seen: 1376870400, grad norm: 9.6489
[iter 22420]loss: 3.3100, tokens/sec: 20552.28 ± 136.19, tokens seen: 1377484800, grad norm: 7.3573
[iter 22430]loss: 3.3113, tokens/sec: 20552.28 ± 136.16, tokens seen: 1378099200, grad norm: 18.3542
[iter 22440]loss: 3.0669, tokens/sec: 20552.27 ± 136.13, tokens seen: 1378713600, grad norm: 12.9033
[iter 22450]loss: 3.1933, tokens/sec: 20552.27 ± 136.10, tokens seen: 1379328000, grad norm: 5.9343
[iter 22460]loss: 3.0497, tokens/sec: 20552.28 ± 136.07, tokens seen: 1379942400, grad norm: 7.7799
[iter 22470]loss: 3.2187, tokens/sec: 20552.28 ± 136.04, tokens seen: 1380556800, grad norm: 6.3880
[iter 22480]loss: 2.9829, tokens/sec: 20552.28 ± 136.01, tokens seen: 1381171200, grad norm: 10.5766
[iter 22490]loss: 3.0845, tokens/sec: 20552.28 ± 135.98, tokens seen: 1381785600, grad norm: 9.8834
[step 22500]train loss: 3.1611, val loss: 3.1743, (avg train loss: 0.6325 ± 0.0282), (avg grad norm: 13.8417 ± 10.9669)
saving checkpoint to ./out-owt-xl-mhc-bs6-80000step
[iter 22500]loss: 3.0434, tokens/sec: 20552.28 ± 135.95, tokens seen: 1382400000, grad norm: 12.5031
[iter 22510]loss: 3.2619, tokens/sec: 20552.29 ± 135.93, tokens seen: 1383014400, grad norm: 13.0999
[iter 22520]loss: 3.1479, tokens/sec: 20552.27 ± 135.90, tokens seen: 1383628800, grad norm: 11.3747
[iter 22530]loss: 2.8394, tokens/sec: 20552.27 ± 135.87, tokens seen: 1384243200, grad norm: 34.1007
[iter 22540]loss: 3.3410, tokens/sec: 20552.27 ± 135.84, tokens seen: 1384857600, grad norm: 10.3878
[iter 22550]loss: 3.2269, tokens/sec: 20552.27 ± 135.81, tokens seen: 1385472000, grad norm: 7.2588
[iter 22560]loss: 3.0722, tokens/sec: 20552.28 ± 135.78, tokens seen: 1386086400, grad norm: 6.3131
[iter 22570]loss: 3.0919, tokens/sec: 20552.27 ± 135.75, tokens seen: 1386700800, grad norm: 11.9063
[iter 22580]loss: 3.2436, tokens/sec: 20552.26 ± 135.73, tokens seen: 1387315200, grad norm: 10.0881
[iter 22590]loss: 3.1748, tokens/sec: 20552.26 ± 135.70, tokens seen: 1387929600, grad norm: 7.8760
[iter 22600]loss: 3.2845, tokens/sec: 20552.26 ± 135.67, tokens seen: 1388544000, grad norm: 19.5635
[iter 22610]loss: 3.0017, tokens/sec: 20552.27 ± 135.64, tokens seen: 1389158400, grad norm: 8.0681
[iter 22620]loss: 3.3277, tokens/sec: 20552.27 ± 135.61, tokens seen: 1389772800, grad norm: 9.1167
[iter 22630]loss: 3.6491, tokens/sec: 20552.28 ± 135.58, tokens seen: 1390387200, grad norm: 10.5221
[iter 22640]loss: 2.9593, tokens/sec: 20552.28 ± 135.55, tokens seen: 1391001600, grad norm: 7.7793
[iter 22650]loss: 3.3830, tokens/sec: 20552.28 ± 135.52, tokens seen: 1391616000, grad norm: 7.9279
[iter 22660]loss: 3.1530, tokens/sec: 20552.28 ± 135.49, tokens seen: 1392230400, grad norm: 15.9800
[iter 22670]loss: 3.2728, tokens/sec: 20552.26 ± 135.47, tokens seen: 1392844800, grad norm: 7.0171
[iter 22680]loss: 3.2617, tokens/sec: 20552.26 ± 135.44, tokens seen: 1393459200, grad norm: 5.8984
[iter 22690]loss: 2.9431, tokens/sec: 20552.26 ± 135.41, tokens seen: 1394073600, grad norm: 9.5512
[iter 22700]loss: 3.2966, tokens/sec: 20552.26 ± 135.38, tokens seen: 1394688000, grad norm: 4.1568
[iter 22710]loss: 3.2500, tokens/sec: 20552.26 ± 135.35, tokens seen: 1395302400, grad norm: 4.6191
[iter 22720]loss: 3.1314, tokens/sec: 20552.26 ± 135.32, tokens seen: 1395916800, grad norm: 9.3565
[iter 22730]loss: 3.2491, tokens/sec: 20552.26 ± 135.29, tokens seen: 1396531200, grad norm: 8.7253
[iter 22740]loss: 3.3445, tokens/sec: 20552.26 ± 135.26, tokens seen: 1397145600, grad norm: 12.5112
[iter 22750]loss: 3.1163, tokens/sec: 20552.26 ± 135.23, tokens seen: 1397760000, grad norm: 6.4621
[iter 22760]loss: 3.3574, tokens/sec: 20552.25 ± 135.20, tokens seen: 1398374400, grad norm: 9.4085
[iter 22770]loss: 3.0268, tokens/sec: 20552.25 ± 135.18, tokens seen: 1398988800, grad norm: 4.7279
[iter 22780]loss: 3.1591, tokens/sec: 20552.26 ± 135.15, tokens seen: 1399603200, grad norm: 16.6769
[iter 22790]loss: 3.1794, tokens/sec: 20552.26 ± 135.12, tokens seen: 1400217600, grad norm: 10.6708
[iter 22800]loss: 3.0951, tokens/sec: 20552.26 ± 135.09, tokens seen: 1400832000, grad norm: 9.3922
[iter 22810]loss: 3.5356, tokens/sec: 20552.25 ± 135.06, tokens seen: 1401446400, grad norm: 6.4698
[iter 22820]loss: 3.2499, tokens/sec: 20552.26 ± 135.03, tokens seen: 1402060800, grad norm: 7.3316
[iter 22830]loss: 3.1029, tokens/sec: 20552.26 ± 135.00, tokens seen: 1402675200, grad norm: 34.9543
[iter 22840]loss: 3.2881, tokens/sec: 20552.27 ± 134.98, tokens seen: 1403289600, grad norm: 11.0863
[iter 22850]loss: 3.2220, tokens/sec: 20552.26 ± 134.95, tokens seen: 1403904000, grad norm: 6.8865
[iter 22860]loss: 3.1301, tokens/sec: 20552.26 ± 134.92, tokens seen: 1404518400, grad norm: 9.8899
[iter 22870]loss: 3.0763, tokens/sec: 20552.26 ± 134.89, tokens seen: 1405132800, grad norm: 11.7821
[iter 22880]loss: 3.2535, tokens/sec: 20552.26 ± 134.86, tokens seen: 1405747200, grad norm: 9.8452
[iter 22890]loss: 3.0871, tokens/sec: 20552.26 ± 134.83, tokens seen: 1406361600, grad norm: 5.8425
[iter 22900]loss: 3.3278, tokens/sec: 20552.26 ± 134.80, tokens seen: 1406976000, grad norm: 6.4881
[iter 22910]loss: 2.8937, tokens/sec: 20552.27 ± 134.78, tokens seen: 1407590400, grad norm: 6.5361
[iter 22920]loss: 3.2526, tokens/sec: 20552.27 ± 134.75, tokens seen: 1408204800, grad norm: 9.8303
[iter 22930]loss: 3.1016, tokens/sec: 20552.27 ± 134.72, tokens seen: 1408819200, grad norm: 9.4800
[iter 22940]loss: 3.0201, tokens/sec: 20552.27 ± 134.69, tokens seen: 1409433600, grad norm: 14.2955
[iter 22950]loss: 3.1250, tokens/sec: 20552.28 ± 134.66, tokens seen: 1410048000, grad norm: 10.5702
[iter 22960]loss: 3.2157, tokens/sec: 20552.28 ± 134.63, tokens seen: 1410662400, grad norm: 9.9294
[iter 22970]loss: 2.9872, tokens/sec: 20552.28 ± 134.60, tokens seen: 1411276800, grad norm: 23.9932
[iter 22980]loss: 3.2843, tokens/sec: 20552.29 ± 134.58, tokens seen: 1411891200, grad norm: 19.2428
[iter 22990]loss: 2.9744, tokens/sec: 20552.29 ± 134.55, tokens seen: 1412505600, grad norm: 17.8898
[step 23000]train loss: 3.1554, val loss: 3.1795, (avg train loss: 0.6345 ± 0.0297), (avg grad norm: 11.9152 ± 5.6133)
[iter 23000]loss: 3.0250, tokens/sec: 20552.29 ± 134.52, tokens seen: 1413120000, grad norm: 16.5707
[iter 23010]loss: 3.2626, tokens/sec: 20552.29 ± 134.49, tokens seen: 1413734400, grad norm: 31.6324
[iter 23020]loss: 3.1885, tokens/sec: 20552.28 ± 134.46, tokens seen: 1414348800, grad norm: 8.3065
[iter 23030]loss: 3.2568, tokens/sec: 20552.27 ± 134.43, tokens seen: 1414963200, grad norm: 7.7453
[iter 23040]loss: 2.9995, tokens/sec: 20552.26 ± 134.41, tokens seen: 1415577600, grad norm: 11.1359
[iter 23050]loss: 3.1085, tokens/sec: 20552.26 ± 134.38, tokens seen: 1416192000, grad norm: 35.4576
[iter 23060]loss: 3.1684, tokens/sec: 20552.26 ± 134.35, tokens seen: 1416806400, grad norm: 11.8639
[iter 23070]loss: 3.2314, tokens/sec: 20552.26 ± 134.32, tokens seen: 1417420800, grad norm: 6.6314
[iter 23080]loss: 3.2656, tokens/sec: 20552.26 ± 134.29, tokens seen: 1418035200, grad norm: 5.9575
[iter 23090]loss: 3.3063, tokens/sec: 20552.26 ± 134.26, tokens seen: 1418649600, grad norm: 49.0872
[iter 23100]loss: 3.1822, tokens/sec: 20552.26 ± 134.24, tokens seen: 1419264000, grad norm: 7.8244
[iter 23110]loss: 3.0844, tokens/sec: 20552.26 ± 134.21, tokens seen: 1419878400, grad norm: 10.4692
[iter 23120]loss: 3.3612, tokens/sec: 20552.26 ± 134.18, tokens seen: 1420492800, grad norm: 7.3696
[iter 23130]loss: 3.1564, tokens/sec: 20552.27 ± 134.15, tokens seen: 1421107200, grad norm: 5.8376
[iter 23140]loss: 3.3358, tokens/sec: 20552.27 ± 134.12, tokens seen: 1421721600, grad norm: 7.6022
[iter 23150]loss: 2.7478, tokens/sec: 20552.27 ± 134.09, tokens seen: 1422336000, grad norm: 11.6966
[iter 23160]loss: 2.9303, tokens/sec: 20552.28 ± 134.07, tokens seen: 1422950400, grad norm: 11.7380
[iter 23170]loss: 3.0263, tokens/sec: 20552.28 ± 134.04, tokens seen: 1423564800, grad norm: 11.0002
[iter 23180]loss: 2.9698, tokens/sec: 20552.29 ± 134.01, tokens seen: 1424179200, grad norm: 12.1327
[iter 23190]loss: 3.2801, tokens/sec: 20552.29 ± 133.98, tokens seen: 1424793600, grad norm: 11.5112
[iter 23200]loss: 3.0076, tokens/sec: 20552.29 ± 133.95, tokens seen: 1425408000, grad norm: 11.2216
[iter 23210]loss: 3.0029, tokens/sec: 20552.29 ± 133.93, tokens seen: 1426022400, grad norm: 8.6165
[iter 23220]loss: 3.1236, tokens/sec: 20552.30 ± 133.90, tokens seen: 1426636800, grad norm: 8.1286
[iter 23230]loss: 3.1949, tokens/sec: 20552.30 ± 133.87, tokens seen: 1427251200, grad norm: 11.0328
[iter 23240]loss: 3.1621, tokens/sec: 20552.30 ± 133.84, tokens seen: 1427865600, grad norm: 6.3593
[iter 23250]loss: 2.9566, tokens/sec: 20552.29 ± 133.81, tokens seen: 1428480000, grad norm: 7.6985
[iter 23260]loss: 3.1092, tokens/sec: 20552.29 ± 133.79, tokens seen: 1429094400, grad norm: 7.3139
[iter 23270]loss: 3.2419, tokens/sec: 20552.29 ± 133.76, tokens seen: 1429708800, grad norm: 10.7701
[iter 23280]loss: 3.0408, tokens/sec: 20552.30 ± 133.73, tokens seen: 1430323200, grad norm: 8.6191
[iter 23290]loss: 3.1725, tokens/sec: 20552.30 ± 133.70, tokens seen: 1430937600, grad norm: 8.0799
[iter 23300]loss: 3.1283, tokens/sec: 20552.30 ± 133.67, tokens seen: 1431552000, grad norm: 8.0734
[iter 23310]loss: 3.1896, tokens/sec: 20552.30 ± 133.65, tokens seen: 1432166400, grad norm: 34.6814
[iter 23320]loss: 2.8841, tokens/sec: 20552.31 ± 133.62, tokens seen: 1432780800, grad norm: 7.3594
[iter 23330]loss: 3.1345, tokens/sec: 20552.31 ± 133.59, tokens seen: 1433395200, grad norm: 12.0565
[iter 23340]loss: 3.0550, tokens/sec: 20552.31 ± 133.56, tokens seen: 1434009600, grad norm: 8.8987
[iter 23350]loss: 3.3921, tokens/sec: 20552.31 ± 133.53, tokens seen: 1434624000, grad norm: 10.8408
[iter 23360]loss: 3.2105, tokens/sec: 20552.31 ± 133.51, tokens seen: 1435238400, grad norm: 3.9525
[iter 23370]loss: 3.4975, tokens/sec: 20552.32 ± 133.48, tokens seen: 1435852800, grad norm: 9.2656
[iter 23380]loss: 2.7168, tokens/sec: 20552.32 ± 133.45, tokens seen: 1436467200, grad norm: 7.2415
[iter 23390]loss: 2.9528, tokens/sec: 20552.32 ± 133.42, tokens seen: 1437081600, grad norm: 3.5014
[iter 23400]loss: 3.1639, tokens/sec: 20552.33 ± 133.40, tokens seen: 1437696000, grad norm: 17.3326
[iter 23410]loss: 3.5049, tokens/sec: 20552.33 ± 133.37, tokens seen: 1438310400, grad norm: 8.5323
[iter 23420]loss: 3.2181, tokens/sec: 20552.33 ± 133.34, tokens seen: 1438924800, grad norm: 7.7749
[iter 23430]loss: 3.1011, tokens/sec: 20552.33 ± 133.31, tokens seen: 1439539200, grad norm: 13.7539
[iter 23440]loss: 3.1042, tokens/sec: 20552.34 ± 133.28, tokens seen: 1440153600, grad norm: 8.5117
[iter 23450]loss: 3.1020, tokens/sec: 20552.34 ± 133.26, tokens seen: 1440768000, grad norm: 13.3420
[iter 23460]loss: 3.4119, tokens/sec: 20552.34 ± 133.23, tokens seen: 1441382400, grad norm: 8.1090
[iter 23470]loss: 3.1831, tokens/sec: 20552.34 ± 133.20, tokens seen: 1441996800, grad norm: 18.4191
[iter 23480]loss: 3.1993, tokens/sec: 20552.35 ± 133.17, tokens seen: 1442611200, grad norm: 11.5571
[iter 23490]loss: 3.0734, tokens/sec: 20552.36 ± 133.15, tokens seen: 1443225600, grad norm: 11.0704
[step 23500]train loss: 3.1549, val loss: 3.1673, (avg train loss: 0.6327 ± 0.0329), (avg grad norm: 10.1281 ± 7.9069)
saving checkpoint to ./out-owt-xl-mhc-bs6-80000step
[iter 23500]loss: 3.0950, tokens/sec: 20552.35 ± 133.12, tokens seen: 1443840000, grad norm: 17.3889
[iter 23510]loss: 3.1375, tokens/sec: 20552.36 ± 133.09, tokens seen: 1444454400, grad norm: 8.6868
[iter 23520]loss: 2.8669, tokens/sec: 20552.34 ± 133.07, tokens seen: 1445068800, grad norm: 15.0579
[iter 23530]loss: 3.2617, tokens/sec: 20552.33 ± 133.05, tokens seen: 1445683200, grad norm: 10.7953
[iter 23540]loss: 3.3399, tokens/sec: 20552.33 ± 133.02, tokens seen: 1446297600, grad norm: 8.7549
[iter 23550]loss: 3.1936, tokens/sec: 20552.33 ± 132.99, tokens seen: 1446912000, grad norm: 12.4720
[iter 23560]loss: 3.0961, tokens/sec: 20552.33 ± 132.96, tokens seen: 1447526400, grad norm: 9.3290
[iter 23570]loss: 3.0522, tokens/sec: 20552.32 ± 132.94, tokens seen: 1448140800, grad norm: 16.0430
[iter 23580]loss: 3.0105, tokens/sec: 20552.33 ± 132.91, tokens seen: 1448755200, grad norm: 10.2930
[iter 23590]loss: 3.1333, tokens/sec: 20552.33 ± 132.88, tokens seen: 1449369600, grad norm: 9.0422
[iter 23600]loss: 2.7190, tokens/sec: 20552.32 ± 132.86, tokens seen: 1449984000, grad norm: 21.8613
[iter 23610]loss: 3.2361, tokens/sec: 20552.32 ± 132.83, tokens seen: 1450598400, grad norm: 10.1176
[iter 23620]loss: 3.1305, tokens/sec: 20552.33 ± 132.80, tokens seen: 1451212800, grad norm: 9.6459
[iter 23630]loss: 3.2186, tokens/sec: 20552.33 ± 132.77, tokens seen: 1451827200, grad norm: 14.9550
[iter 23640]loss: 3.3675, tokens/sec: 20552.33 ± 132.75, tokens seen: 1452441600, grad norm: 13.0667
[iter 23650]loss: 3.3472, tokens/sec: 20552.33 ± 132.72, tokens seen: 1453056000, grad norm: 36.3638
[iter 23660]loss: 3.0460, tokens/sec: 20552.32 ± 132.69, tokens seen: 1453670400, grad norm: 9.3805
[iter 23670]loss: 3.2586, tokens/sec: 20552.32 ± 132.67, tokens seen: 1454284800, grad norm: 29.4583
[iter 23680]loss: 3.4437, tokens/sec: 20552.32 ± 132.64, tokens seen: 1454899200, grad norm: 8.2579
[iter 23690]loss: 3.1671, tokens/sec: 20552.33 ± 132.61, tokens seen: 1455513600, grad norm: 10.0192
[iter 23700]loss: 3.0879, tokens/sec: 20552.33 ± 132.59, tokens seen: 1456128000, grad norm: 14.4428
[iter 23710]loss: 3.1906, tokens/sec: 20552.33 ± 132.56, tokens seen: 1456742400, grad norm: 10.4518
[iter 23720]loss: 3.1213, tokens/sec: 20552.33 ± 132.53, tokens seen: 1457356800, grad norm: 12.9165
[iter 23730]loss: 3.0614, tokens/sec: 20552.33 ± 132.50, tokens seen: 1457971200, grad norm: 17.4950
[iter 23740]loss: 2.7990, tokens/sec: 20552.34 ± 132.48, tokens seen: 1458585600, grad norm: 14.5264
[iter 23750]loss: 3.1845, tokens/sec: 20552.34 ± 132.45, tokens seen: 1459200000, grad norm: 10.3709
[iter 23760]loss: 3.2146, tokens/sec: 20552.34 ± 132.42, tokens seen: 1459814400, grad norm: 11.6302
[iter 23770]loss: 3.1338, tokens/sec: 20552.34 ± 132.40, tokens seen: 1460428800, grad norm: 10.0527
[iter 23780]loss: 3.2531, tokens/sec: 20552.34 ± 132.37, tokens seen: 1461043200, grad norm: 11.0596
[iter 23790]loss: 2.9545, tokens/sec: 20552.34 ± 132.34, tokens seen: 1461657600, grad norm: 20.9653
[iter 23800]loss: 3.1499, tokens/sec: 20552.34 ± 132.32, tokens seen: 1462272000, grad norm: 15.7019
[iter 23810]loss: 3.3384, tokens/sec: 20552.33 ± 132.29, tokens seen: 1462886400, grad norm: 14.3222
[iter 23820]loss: 3.3607, tokens/sec: 20552.33 ± 132.26, tokens seen: 1463500800, grad norm: 9.7125
[iter 23830]loss: 3.0660, tokens/sec: 20552.34 ± 132.24, tokens seen: 1464115200, grad norm: 9.6079
[iter 23840]loss: 3.5793, tokens/sec: 20552.34 ± 132.21, tokens seen: 1464729600, grad norm: 17.5134
[iter 23850]loss: 3.3035, tokens/sec: 20552.34 ± 132.18, tokens seen: 1465344000, grad norm: 35.5161
[iter 23860]loss: 3.3168, tokens/sec: 20552.35 ± 132.16, tokens seen: 1465958400, grad norm: 11.6000
[iter 23870]loss: 3.2735, tokens/sec: 20552.35 ± 132.13, tokens seen: 1466572800, grad norm: 20.5428
[iter 23880]loss: 3.0561, tokens/sec: 20552.35 ± 132.10, tokens seen: 1467187200, grad norm: 17.9787
[iter 23890]loss: 3.1116, tokens/sec: 20552.36 ± 132.07, tokens seen: 1467801600, grad norm: 17.1847
[iter 23900]loss: 2.9069, tokens/sec: 20552.36 ± 132.05, tokens seen: 1468416000, grad norm: 16.3036
[iter 23910]loss: 2.7025, tokens/sec: 20552.36 ± 132.02, tokens seen: 1469030400, grad norm: 22.8339
[iter 23920]loss: 3.1910, tokens/sec: 20552.36 ± 132.00, tokens seen: 1469644800, grad norm: 13.9934
[iter 23930]loss: 3.0888, tokens/sec: 20552.36 ± 131.97, tokens seen: 1470259200, grad norm: 26.1750
[iter 23940]loss: 3.2732, tokens/sec: 20552.35 ± 131.94, tokens seen: 1470873600, grad norm: 18.2202
[iter 23950]loss: 3.0850, tokens/sec: 20552.35 ± 131.92, tokens seen: 1471488000, grad norm: 12.7371
[iter 23960]loss: 3.3379, tokens/sec: 20552.35 ± 131.89, tokens seen: 1472102400, grad norm: 14.0236
[iter 23970]loss: 2.9406, tokens/sec: 20552.36 ± 131.86, tokens seen: 1472716800, grad norm: 10.4301
[iter 23980]loss: 3.1515, tokens/sec: 20552.36 ± 131.84, tokens seen: 1473331200, grad norm: 10.9238
[iter 23990]loss: 3.2413, tokens/sec: 20552.36 ± 131.81, tokens seen: 1473945600, grad norm: 10.2078
[step 24000]train loss: 3.1597, val loss: 3.1552, (avg train loss: 0.6260 ± 0.0352), (avg grad norm: 14.1437 ± 5.7643)
saving checkpoint to ./out-owt-xl-mhc-bs6-80000step
[iter 24000]loss: 3.1138, tokens/sec: 20552.35 ± 131.78, tokens seen: 1474560000, grad norm: 12.3269
[iter 24010]loss: 3.1320, tokens/sec: 20552.37 ± 131.76, tokens seen: 1475174400, grad norm: 9.3196
[iter 24020]loss: 3.0954, tokens/sec: 20552.37 ± 131.74, tokens seen: 1475788800, grad norm: 10.3839
[iter 24030]loss: 3.1282, tokens/sec: 20552.37 ± 131.71, tokens seen: 1476403200, grad norm: 9.0406
[iter 24040]loss: 3.0315, tokens/sec: 20552.37 ± 131.68, tokens seen: 1477017600, grad norm: 33.2322
[iter 24050]loss: 3.2104, tokens/sec: 20552.37 ± 131.66, tokens seen: 1477632000, grad norm: 9.2132
[iter 24060]loss: 3.3076, tokens/sec: 20552.38 ± 131.63, tokens seen: 1478246400, grad norm: 9.5467
[iter 24070]loss: 3.0494, tokens/sec: 20552.37 ± 131.60, tokens seen: 1478860800, grad norm: 10.1948
[iter 24080]loss: 3.2500, tokens/sec: 20552.37 ± 131.58, tokens seen: 1479475200, grad norm: 13.4502
[iter 24090]loss: 2.9604, tokens/sec: 20552.37 ± 131.55, tokens seen: 1480089600, grad norm: 9.9812
[iter 24100]loss: 3.1132, tokens/sec: 20552.37 ± 131.52, tokens seen: 1480704000, grad norm: 19.1094
[iter 24110]loss: 3.1798, tokens/sec: 20552.37 ± 131.50, tokens seen: 1481318400, grad norm: 10.6544
[iter 24120]loss: 2.8832, tokens/sec: 20552.37 ± 131.47, tokens seen: 1481932800, grad norm: 12.7259
[iter 24130]loss: 3.1435, tokens/sec: 20552.37 ± 131.45, tokens seen: 1482547200, grad norm: 9.5116
[iter 24140]loss: 3.0565, tokens/sec: 20552.37 ± 131.42, tokens seen: 1483161600, grad norm: 5.8982
[iter 24150]loss: 3.0912, tokens/sec: 20552.38 ± 131.39, tokens seen: 1483776000, grad norm: 10.4774
[iter 24160]loss: 3.2999, tokens/sec: 20552.38 ± 131.37, tokens seen: 1484390400, grad norm: 6.0391
[iter 24170]loss: 3.2404, tokens/sec: 20552.38 ± 131.34, tokens seen: 1485004800, grad norm: 4.7730
[iter 24180]loss: 3.0856, tokens/sec: 20552.37 ± 131.31, tokens seen: 1485619200, grad norm: 7.2662
[iter 24190]loss: 3.2512, tokens/sec: 20552.37 ± 131.29, tokens seen: 1486233600, grad norm: 8.0244
[iter 24200]loss: 2.9842, tokens/sec: 20552.38 ± 131.26, tokens seen: 1486848000, grad norm: 11.0133
[iter 24210]loss: 3.0897, tokens/sec: 20552.38 ± 131.24, tokens seen: 1487462400, grad norm: 11.0868
[iter 24220]loss: 3.1184, tokens/sec: 20552.38 ± 131.21, tokens seen: 1488076800, grad norm: 13.3010
[iter 24230]loss: 3.2577, tokens/sec: 20552.39 ± 131.18, tokens seen: 1488691200, grad norm: 10.9019
[iter 24240]loss: 3.0158, tokens/sec: 20552.40 ± 131.16, tokens seen: 1489305600, grad norm: 8.7678
[iter 24250]loss: 3.2245, tokens/sec: 20552.40 ± 131.13, tokens seen: 1489920000, grad norm: 11.5921
[iter 24260]loss: 3.7497, tokens/sec: 20552.39 ± 131.11, tokens seen: 1490534400, grad norm: 6.1214
[iter 24270]loss: 3.2233, tokens/sec: 20552.40 ± 131.08, tokens seen: 1491148800, grad norm: 6.6592
[iter 24280]loss: 3.2073, tokens/sec: 20552.40 ± 131.05, tokens seen: 1491763200, grad norm: 8.0121
[iter 24290]loss: 2.9930, tokens/sec: 20552.40 ± 131.03, tokens seen: 1492377600, grad norm: 7.9407
[iter 24300]loss: 2.9059, tokens/sec: 20552.39 ± 131.00, tokens seen: 1492992000, grad norm: 9.4693
[iter 24310]loss: 3.1807, tokens/sec: 20552.40 ± 130.98, tokens seen: 1493606400, grad norm: 12.8116
[iter 24320]loss: 3.3763, tokens/sec: 20552.40 ± 130.95, tokens seen: 1494220800, grad norm: 6.3150
[iter 24330]loss: 3.2271, tokens/sec: 20552.40 ± 130.92, tokens seen: 1494835200, grad norm: 7.9428
[iter 24340]loss: 3.1180, tokens/sec: 20552.40 ± 130.90, tokens seen: 1495449600, grad norm: 7.1265
[iter 24350]loss: 3.2211, tokens/sec: 20552.39 ± 130.87, tokens seen: 1496064000, grad norm: 7.4652
[iter 24360]loss: 3.1238, tokens/sec: 20552.40 ± 130.85, tokens seen: 1496678400, grad norm: 6.0421
[iter 24370]loss: 3.0973, tokens/sec: 20552.40 ± 130.82, tokens seen: 1497292800, grad norm: 4.5367
[iter 24380]loss: 3.2336, tokens/sec: 20552.41 ± 130.80, tokens seen: 1497907200, grad norm: 8.4262
[iter 24390]loss: 3.0863, tokens/sec: 20552.41 ± 130.77, tokens seen: 1498521600, grad norm: 4.1121
[iter 24400]loss: 2.8085, tokens/sec: 20552.41 ± 130.74, tokens seen: 1499136000, grad norm: 4.6299
[iter 24410]loss: 3.1558, tokens/sec: 20552.41 ± 130.72, tokens seen: 1499750400, grad norm: 6.2900
[iter 24420]loss: 3.3105, tokens/sec: 20552.42 ± 130.69, tokens seen: 1500364800, grad norm: 7.4269
[iter 24430]loss: 3.0627, tokens/sec: 20552.42 ± 130.67, tokens seen: 1500979200, grad norm: 7.8324
[iter 24440]loss: 3.2813, tokens/sec: 20552.43 ± 130.64, tokens seen: 1501593600, grad norm: 5.5879
[iter 24450]loss: 3.2510, tokens/sec: 20552.43 ± 130.62, tokens seen: 1502208000, grad norm: 6.5606
[iter 24460]loss: 3.0057, tokens/sec: 20552.44 ± 130.59, tokens seen: 1502822400, grad norm: 7.5007
[iter 24470]loss: 3.4337, tokens/sec: 20552.44 ± 130.57, tokens seen: 1503436800, grad norm: 7.8007
[iter 24480]loss: 3.1722, tokens/sec: 20552.43 ± 130.54, tokens seen: 1504051200, grad norm: 7.9977
[iter 24490]loss: 3.1380, tokens/sec: 20552.44 ± 130.51, tokens seen: 1504665600, grad norm: 7.4026
[step 24500]train loss: 3.1461, val loss: 3.1852, (avg train loss: 0.6311 ± 0.0357), (avg grad norm: 7.9741 ± 4.4497)
[iter 24500]loss: 3.2631, tokens/sec: 20552.43 ± 130.49, tokens seen: 1505280000, grad norm: 11.6659
[iter 24510]loss: 3.1701, tokens/sec: 20552.43 ± 130.46, tokens seen: 1505894400, grad norm: 6.7838
[iter 24520]loss: 3.4359, tokens/sec: 20552.43 ± 130.44, tokens seen: 1506508800, grad norm: 11.3488
[iter 24530]loss: 3.3484, tokens/sec: 20552.42 ± 130.41, tokens seen: 1507123200, grad norm: 9.1989
[iter 24540]loss: 2.9292, tokens/sec: 20552.41 ± 130.39, tokens seen: 1507737600, grad norm: 8.6425
[iter 24550]loss: 3.0207, tokens/sec: 20552.40 ± 130.36, tokens seen: 1508352000, grad norm: 5.4713
[iter 24560]loss: 3.1597, tokens/sec: 20552.41 ± 130.34, tokens seen: 1508966400, grad norm: 4.6437
[iter 24570]loss: 3.1126, tokens/sec: 20552.41 ± 130.31, tokens seen: 1509580800, grad norm: 5.1750
[iter 24580]loss: 3.2685, tokens/sec: 20552.41 ± 130.28, tokens seen: 1510195200, grad norm: 8.0936
[iter 24590]loss: 3.2480, tokens/sec: 20552.42 ± 130.26, tokens seen: 1510809600, grad norm: 6.4792
[iter 24600]loss: 3.1956, tokens/sec: 20552.42 ± 130.23, tokens seen: 1511424000, grad norm: 5.1716
[iter 24610]loss: 3.2936, tokens/sec: 20552.41 ± 130.21, tokens seen: 1512038400, grad norm: 3.8117
[iter 24620]loss: 3.3017, tokens/sec: 20552.40 ± 130.18, tokens seen: 1512652800, grad norm: 7.4916
[iter 24630]loss: 3.0859, tokens/sec: 20552.40 ± 130.16, tokens seen: 1513267200, grad norm: 4.3852
[iter 24640]loss: 3.2815, tokens/sec: 20552.40 ± 130.13, tokens seen: 1513881600, grad norm: 7.8527
[iter 24650]loss: 2.8191, tokens/sec: 20552.40 ± 130.11, tokens seen: 1514496000, grad norm: 6.5413
[iter 24660]loss: 3.3107, tokens/sec: 20552.40 ± 130.08, tokens seen: 1515110400, grad norm: 4.2863
[iter 24670]loss: 3.2319, tokens/sec: 20552.40 ± 130.06, tokens seen: 1515724800, grad norm: 1.6543
[iter 24680]loss: 3.1255, tokens/sec: 20552.40 ± 130.03, tokens seen: 1516339200, grad norm: 2.2623
[iter 24690]loss: 2.9919, tokens/sec: 20552.40 ± 130.01, tokens seen: 1516953600, grad norm: 4.3881
[iter 24700]loss: 3.1730, tokens/sec: 20552.41 ± 129.98, tokens seen: 1517568000, grad norm: 1.4659
[iter 24710]loss: 3.2488, tokens/sec: 20552.41 ± 129.96, tokens seen: 1518182400, grad norm: 4.8638
[iter 24720]loss: 2.9934, tokens/sec: 20552.41 ± 129.93, tokens seen: 1518796800, grad norm: 4.9179
[iter 24730]loss: 3.2373, tokens/sec: 20552.41 ± 129.91, tokens seen: 1519411200, grad norm: 5.1924
[iter 24740]loss: 2.9607, tokens/sec: 20552.42 ± 129.88, tokens seen: 1520025600, grad norm: 3.9469
[iter 24750]loss: 3.2536, tokens/sec: 20552.42 ± 129.85, tokens seen: 1520640000, grad norm: 4.6745
[iter 24760]loss: 2.9994, tokens/sec: 20552.42 ± 129.83, tokens seen: 1521254400, grad norm: 4.0972
[iter 24770]loss: 3.1879, tokens/sec: 20552.41 ± 129.80, tokens seen: 1521868800, grad norm: 5.3401
[iter 24780]loss: 3.2350, tokens/sec: 20552.42 ± 129.78, tokens seen: 1522483200, grad norm: 4.8524
[iter 24790]loss: 3.2622, tokens/sec: 20552.43 ± 129.76, tokens seen: 1523097600, grad norm: 4.3599
[iter 24800]loss: 3.1427, tokens/sec: 20552.42 ± 129.73, tokens seen: 1523712000, grad norm: 9.2278
[iter 24810]loss: 3.1085, tokens/sec: 20552.42 ± 129.70, tokens seen: 1524326400, grad norm: 3.2513
[iter 24820]loss: 3.1332, tokens/sec: 20552.43 ± 129.68, tokens seen: 1524940800, grad norm: 7.2164
[iter 24830]loss: 3.2008, tokens/sec: 20552.43 ± 129.65, tokens seen: 1525555200, grad norm: 3.9931
[iter 24840]loss: 3.0474, tokens/sec: 20552.42 ± 129.63, tokens seen: 1526169600, grad norm: 5.9426
[iter 24850]loss: 3.5086, tokens/sec: 20552.41 ± 129.60, tokens seen: 1526784000, grad norm: 13.7531
[iter 24860]loss: 3.2890, tokens/sec: 20552.41 ± 129.58, tokens seen: 1527398400, grad norm: 8.2766
[iter 24870]loss: 3.3200, tokens/sec: 20552.41 ± 129.55, tokens seen: 1528012800, grad norm: 13.6345
[iter 24880]loss: 3.2715, tokens/sec: 20552.41 ± 129.53, tokens seen: 1528627200, grad norm: 10.5078
[iter 24890]loss: 3.1999, tokens/sec: 20552.42 ± 129.50, tokens seen: 1529241600, grad norm: 10.6876
[iter 24900]loss: 3.2189, tokens/sec: 20552.42 ± 129.48, tokens seen: 1529856000, grad norm: 9.7303
[iter 24910]loss: 3.2610, tokens/sec: 20552.41 ± 129.45, tokens seen: 1530470400, grad norm: 9.6334
[iter 24920]loss: 3.1585, tokens/sec: 20552.41 ± 129.43, tokens seen: 1531084800, grad norm: 15.6325
[iter 24930]loss: 3.2711, tokens/sec: 20552.42 ± 129.40, tokens seen: 1531699200, grad norm: 11.8779
[iter 24940]loss: 3.0128, tokens/sec: 20552.42 ± 129.38, tokens seen: 1532313600, grad norm: 8.2272
[iter 24950]loss: 3.1372, tokens/sec: 20552.41 ± 129.35, tokens seen: 1532928000, grad norm: 11.3326
[iter 24960]loss: 3.1171, tokens/sec: 20552.42 ± 129.33, tokens seen: 1533542400, grad norm: 10.6387
[iter 24970]loss: 3.4551, tokens/sec: 20552.42 ± 129.30, tokens seen: 1534156800, grad norm: 26.1646
[iter 24980]loss: 3.3245, tokens/sec: 20552.43 ± 129.28, tokens seen: 1534771200, grad norm: 13.5816
[iter 24990]loss: 3.2356, tokens/sec: 20552.42 ± 129.25, tokens seen: 1535385600, grad norm: 7.7530
[step 25000]train loss: 3.1493, val loss: 3.1669, (avg train loss: 0.6306 ± 0.0319), (avg grad norm: 10.0669 ± 4.8891)
[iter 25000]loss: 3.1224, tokens/sec: 20552.42 ± 129.23, tokens seen: 1536000000, grad norm: 11.8506
[iter 25010]loss: 2.8851, tokens/sec: 20552.43 ± 129.21, tokens seen: 1536614400, grad norm: 15.0968
[iter 25020]loss: 3.2613, tokens/sec: 20552.42 ± 129.18, tokens seen: 1537228800, grad norm: 10.9729
[iter 25030]loss: 3.0457, tokens/sec: 20552.41 ± 129.16, tokens seen: 1537843200, grad norm: 12.1055
[iter 25040]loss: 2.9199, tokens/sec: 20552.41 ± 129.13, tokens seen: 1538457600, grad norm: 8.1150
[iter 25050]loss: 3.1691, tokens/sec: 20552.41 ± 129.11, tokens seen: 1539072000, grad norm: 15.4731
[iter 25060]loss: 3.2573, tokens/sec: 20552.41 ± 129.08, tokens seen: 1539686400, grad norm: 22.0201
[iter 25070]loss: 2.9769, tokens/sec: 20552.40 ± 129.06, tokens seen: 1540300800, grad norm: 13.6606
[iter 25080]loss: 2.9783, tokens/sec: 20552.40 ± 129.03, tokens seen: 1540915200, grad norm: 18.0267
[iter 25090]loss: 3.0431, tokens/sec: 20552.40 ± 129.01, tokens seen: 1541529600, grad norm: 8.1137
[iter 25100]loss: 3.0057, tokens/sec: 20552.39 ± 128.98, tokens seen: 1542144000, grad norm: 6.9676
[iter 25110]loss: 2.8962, tokens/sec: 20552.39 ± 128.96, tokens seen: 1542758400, grad norm: 7.0349
[iter 25120]loss: 3.4642, tokens/sec: 20552.39 ± 128.93, tokens seen: 1543372800, grad norm: 4.9688
[iter 25130]loss: 3.2982, tokens/sec: 20552.38 ± 128.91, tokens seen: 1543987200, grad norm: 4.5887
[iter 25140]loss: 3.2320, tokens/sec: 20552.38 ± 128.88, tokens seen: 1544601600, grad norm: 3.9706
[iter 25150]loss: 3.1963, tokens/sec: 20552.39 ± 128.86, tokens seen: 1545216000, grad norm: 8.9232
[iter 25160]loss: 3.2522, tokens/sec: 20552.39 ± 128.84, tokens seen: 1545830400, grad norm: 7.7301
[iter 25170]loss: 2.9752, tokens/sec: 20552.39 ± 128.81, tokens seen: 1546444800, grad norm: 4.5742
[iter 25180]loss: 2.9831, tokens/sec: 20552.40 ± 128.79, tokens seen: 1547059200, grad norm: 5.9103
[iter 25190]loss: 3.0869, tokens/sec: 20552.40 ± 128.76, tokens seen: 1547673600, grad norm: 6.7024
[iter 25200]loss: 2.6653, tokens/sec: 20552.40 ± 128.74, tokens seen: 1548288000, grad norm: 10.5280
[iter 25210]loss: 3.0657, tokens/sec: 20552.40 ± 128.71, tokens seen: 1548902400, grad norm: 6.2820
[iter 25220]loss: 3.4892, tokens/sec: 20552.40 ± 128.69, tokens seen: 1549516800, grad norm: 5.7202
[iter 25230]loss: 2.9036, tokens/sec: 20552.40 ± 128.66, tokens seen: 1550131200, grad norm: 5.6866
[iter 25240]loss: 3.0085, tokens/sec: 20552.40 ± 128.64, tokens seen: 1550745600, grad norm: 6.7321
[iter 25250]loss: 2.7632, tokens/sec: 20552.39 ± 128.62, tokens seen: 1551360000, grad norm: 5.1652
[iter 25260]loss: 3.1760, tokens/sec: 20552.38 ± 128.59, tokens seen: 1551974400, grad norm: 6.0975
[iter 25270]loss: 3.1257, tokens/sec: 20552.39 ± 128.57, tokens seen: 1552588800, grad norm: 5.8306
[iter 25280]loss: 3.2513, tokens/sec: 20552.39 ± 128.54, tokens seen: 1553203200, grad norm: 10.8338
[iter 25290]loss: 3.2883, tokens/sec: 20552.39 ± 128.52, tokens seen: 1553817600, grad norm: 7.2788
[iter 25300]loss: 3.0500, tokens/sec: 20552.39 ± 128.49, tokens seen: 1554432000, grad norm: 8.6072
[iter 25310]loss: 3.0661, tokens/sec: 20552.39 ± 128.47, tokens seen: 1555046400, grad norm: 10.2196
[iter 25320]loss: 3.0316, tokens/sec: 20552.40 ± 128.44, tokens seen: 1555660800, grad norm: 6.2140
[iter 25330]loss: 3.2959, tokens/sec: 20552.40 ± 128.42, tokens seen: 1556275200, grad norm: 13.6864
[iter 25340]loss: 3.4025, tokens/sec: 20552.39 ± 128.40, tokens seen: 1556889600, grad norm: 6.4117
[iter 25350]loss: 3.0827, tokens/sec: 20552.39 ± 128.37, tokens seen: 1557504000, grad norm: 7.2717
[iter 25360]loss: 3.1478, tokens/sec: 20552.38 ± 128.35, tokens seen: 1558118400, grad norm: 5.1378
[iter 25370]loss: 3.0764, tokens/sec: 20552.38 ± 128.32, tokens seen: 1558732800, grad norm: 12.7871
[iter 25380]loss: 3.3386, tokens/sec: 20552.38 ± 128.30, tokens seen: 1559347200, grad norm: 7.4986
[iter 25390]loss: 3.1380, tokens/sec: 20552.38 ± 128.27, tokens seen: 1559961600, grad norm: 4.4917
[iter 25400]loss: 3.3361, tokens/sec: 20552.38 ± 128.25, tokens seen: 1560576000, grad norm: 8.5450
[iter 25410]loss: 2.8760, tokens/sec: 20552.37 ± 128.23, tokens seen: 1561190400, grad norm: 8.5603
[iter 25420]loss: 3.2571, tokens/sec: 20552.38 ± 128.20, tokens seen: 1561804800, grad norm: 5.8009
[iter 25430]loss: 3.0288, tokens/sec: 20552.38 ± 128.18, tokens seen: 1562419200, grad norm: 7.2386
[iter 25440]loss: 3.2446, tokens/sec: 20552.38 ± 128.15, tokens seen: 1563033600, grad norm: 5.3911
[iter 25450]loss: 3.4102, tokens/sec: 20552.38 ± 128.13, tokens seen: 1563648000, grad norm: 8.1509
[iter 25460]loss: 3.2103, tokens/sec: 20552.38 ± 128.10, tokens seen: 1564262400, grad norm: 4.9778
[iter 25470]loss: 3.3081, tokens/sec: 20552.38 ± 128.08, tokens seen: 1564876800, grad norm: 13.2704
[iter 25480]loss: 3.1703, tokens/sec: 20552.39 ± 128.05, tokens seen: 1565491200, grad norm: 8.4120
[iter 25490]loss: 3.2234, tokens/sec: 20552.38 ± 128.03, tokens seen: 1566105600, grad norm: 8.2656
[step 25500]train loss: 3.1369, val loss: 3.1241, (avg train loss: 0.6274 ± 0.0321), (avg grad norm: 7.8007 ± 6.0191)
saving checkpoint to ./out-owt-xl-mhc-bs6-80000step
[iter 25500]loss: 3.3688, tokens/sec: 20552.38 ± 128.01, tokens seen: 1566720000, grad norm: 17.3093
[iter 25510]loss: 2.8932, tokens/sec: 20552.39 ± 127.98, tokens seen: 1567334400, grad norm: 4.8139
[iter 25520]loss: 2.9702, tokens/sec: 20552.37 ± 127.96, tokens seen: 1567948800, grad norm: 7.5725
[iter 25530]loss: 3.0655, tokens/sec: 20552.37 ± 127.94, tokens seen: 1568563200, grad norm: 6.5894
[iter 25540]loss: 3.0474, tokens/sec: 20552.37 ± 127.91, tokens seen: 1569177600, grad norm: 5.6088
[iter 25550]loss: 3.0017, tokens/sec: 20552.38 ± 127.89, tokens seen: 1569792000, grad norm: 4.0943
[iter 25560]loss: 3.3566, tokens/sec: 20552.37 ± 127.86, tokens seen: 1570406400, grad norm: 7.0423
[iter 25570]loss: 2.8271, tokens/sec: 20552.37 ± 127.84, tokens seen: 1571020800, grad norm: 6.2731
[iter 25580]loss: 3.1824, tokens/sec: 20552.38 ± 127.82, tokens seen: 1571635200, grad norm: 7.9841
[iter 25590]loss: 3.2242, tokens/sec: 20552.38 ± 127.79, tokens seen: 1572249600, grad norm: 6.1948
[iter 25600]loss: 3.3948, tokens/sec: 20552.38 ± 127.77, tokens seen: 1572864000, grad norm: 7.5208
[iter 25610]loss: 3.0711, tokens/sec: 20552.37 ± 127.74, tokens seen: 1573478400, grad norm: 7.4126
[iter 25620]loss: 2.9612, tokens/sec: 20552.37 ± 127.72, tokens seen: 1574092800, grad norm: 6.0375
[iter 25630]loss: 3.0499, tokens/sec: 20552.37 ± 127.69, tokens seen: 1574707200, grad norm: 5.2229
[iter 25640]loss: 2.9124, tokens/sec: 20552.37 ± 127.67, tokens seen: 1575321600, grad norm: 6.9410
[iter 25650]loss: 3.2435, tokens/sec: 20552.37 ± 127.65, tokens seen: 1575936000, grad norm: 4.0018
[iter 25660]loss: 3.2263, tokens/sec: 20552.37 ± 127.62, tokens seen: 1576550400, grad norm: 4.5834
[iter 25670]loss: 3.0983, tokens/sec: 20552.36 ± 127.60, tokens seen: 1577164800, grad norm: 4.0237
[iter 25680]loss: 3.4413, tokens/sec: 20552.36 ± 127.58, tokens seen: 1577779200, grad norm: 2.4300
[iter 25690]loss: 3.5698, tokens/sec: 20552.36 ± 127.55, tokens seen: 1578393600, grad norm: 2.6505
[iter 25700]loss: 3.2364, tokens/sec: 20552.36 ± 127.53, tokens seen: 1579008000, grad norm: 1.8254
[iter 25710]loss: 3.2382, tokens/sec: 20552.37 ± 127.50, tokens seen: 1579622400, grad norm: 1.6632
[iter 25720]loss: 3.3082, tokens/sec: 20552.37 ± 127.48, tokens seen: 1580236800, grad norm: 2.2951
[iter 25730]loss: 3.0558, tokens/sec: 20552.36 ± 127.45, tokens seen: 1580851200, grad norm: 3.1472
[iter 25740]loss: 3.0580, tokens/sec: 20552.36 ± 127.43, tokens seen: 1581465600, grad norm: 1.6746
[iter 25750]loss: 2.3478, tokens/sec: 20552.36 ± 127.41, tokens seen: 1582080000, grad norm: 3.3663
[iter 25760]loss: 3.1484, tokens/sec: 20552.36 ± 127.38, tokens seen: 1582694400, grad norm: 6.0301
[iter 25770]loss: 2.8837, tokens/sec: 20552.35 ± 127.36, tokens seen: 1583308800, grad norm: 2.1420
[iter 25780]loss: 3.2328, tokens/sec: 20552.36 ± 127.33, tokens seen: 1583923200, grad norm: 2.1730
[iter 25790]loss: 3.0088, tokens/sec: 20552.36 ± 127.31, tokens seen: 1584537600, grad norm: 2.7399
[iter 25800]loss: 3.1957, tokens/sec: 20552.36 ± 127.29, tokens seen: 1585152000, grad norm: 1.2445
[iter 25810]loss: 3.3481, tokens/sec: 20552.35 ± 127.26, tokens seen: 1585766400, grad norm: 1.3229
[iter 25820]loss: 3.0273, tokens/sec: 20552.35 ± 127.24, tokens seen: 1586380800, grad norm: 1.7115
[iter 25830]loss: 3.0943, tokens/sec: 20552.36 ± 127.21, tokens seen: 1586995200, grad norm: 1.6806
[iter 25840]loss: 3.0790, tokens/sec: 20552.36 ± 127.19, tokens seen: 1587609600, grad norm: 12.8365
[iter 25850]loss: 2.9447, tokens/sec: 20552.36 ± 127.17, tokens seen: 1588224000, grad norm: 2.7644
[iter 25860]loss: 3.0117, tokens/sec: 20552.36 ± 127.14, tokens seen: 1588838400, grad norm: 2.3354
[iter 25870]loss: 3.1310, tokens/sec: 20552.36 ± 127.12, tokens seen: 1589452800, grad norm: 4.4280
[iter 25880]loss: 3.0193, tokens/sec: 20552.36 ± 127.09, tokens seen: 1590067200, grad norm: 2.5411
[iter 25890]loss: 3.0475, tokens/sec: 20552.36 ± 127.07, tokens seen: 1590681600, grad norm: 3.9734
[iter 25900]loss: 3.2706, tokens/sec: 20552.36 ± 127.05, tokens seen: 1591296000, grad norm: 6.1666
[iter 25910]loss: 2.9251, tokens/sec: 20552.36 ± 127.02, tokens seen: 1591910400, grad norm: 12.2277
[iter 25920]loss: 3.3223, tokens/sec: 20552.36 ± 127.00, tokens seen: 1592524800, grad norm: 5.2085
[iter 25930]loss: 3.2391, tokens/sec: 20552.36 ± 126.97, tokens seen: 1593139200, grad norm: 8.1957
[iter 25940]loss: 3.1229, tokens/sec: 20552.37 ± 126.95, tokens seen: 1593753600, grad norm: 11.4960
[iter 25950]loss: 3.3818, tokens/sec: 20552.37 ± 126.93, tokens seen: 1594368000, grad norm: 3.4887
[iter 25960]loss: 2.8675, tokens/sec: 20552.37 ± 126.90, tokens seen: 1594982400, grad norm: 4.5502
[iter 25970]loss: 3.0460, tokens/sec: 20552.36 ± 126.88, tokens seen: 1595596800, grad norm: 3.6531
[iter 25980]loss: 3.0172, tokens/sec: 20552.37 ± 126.85, tokens seen: 1596211200, grad norm: 7.9522
[iter 25990]loss: 3.2152, tokens/sec: 20552.37 ± 126.83, tokens seen: 1596825600, grad norm: 10.0845
[step 26000]train loss: 3.1543, val loss: 3.1592, (avg train loss: 0.6271 ± 0.0320), (avg grad norm: 4.8024 ± 2.8573)
[iter 26000]loss: 3.5328, tokens/sec: 20552.37 ± 126.81, tokens seen: 1597440000, grad norm: 4.3712
[iter 26010]loss: 3.2078, tokens/sec: 20552.38 ± 126.78, tokens seen: 1598054400, grad norm: 9.7048
[iter 26020]loss: 2.9665, tokens/sec: 20552.38 ± 126.76, tokens seen: 1598668800, grad norm: 5.1179
[iter 26030]loss: 3.1957, tokens/sec: 20552.37 ± 126.74, tokens seen: 1599283200, grad norm: 6.2476
[iter 26040]loss: 3.3961, tokens/sec: 20552.37 ± 126.71, tokens seen: 1599897600, grad norm: 2.7943
[iter 26050]loss: 3.1123, tokens/sec: 20552.37 ± 126.69, tokens seen: 1600512000, grad norm: 2.9086
[iter 26060]loss: 3.3346, tokens/sec: 20552.37 ± 126.67, tokens seen: 1601126400, grad norm: 3.0717
[iter 26070]loss: 3.2646, tokens/sec: 20552.37 ± 126.64, tokens seen: 1601740800, grad norm: 7.3973
[iter 26080]loss: 3.2119, tokens/sec: 20552.37 ± 126.62, tokens seen: 1602355200, grad norm: 3.7008
[iter 26090]loss: 2.9041, tokens/sec: 20552.37 ± 126.60, tokens seen: 1602969600, grad norm: 2.7946
[iter 26100]loss: 3.3532, tokens/sec: 20552.37 ± 126.57, tokens seen: 1603584000, grad norm: 16.1988
[iter 26110]loss: 3.1161, tokens/sec: 20552.37 ± 126.55, tokens seen: 1604198400, grad norm: 3.4773
[iter 26120]loss: 3.2629, tokens/sec: 20552.35 ± 126.53, tokens seen: 1604812800, grad norm: 3.1473
[iter 26130]loss: 3.4234, tokens/sec: 20552.36 ± 126.51, tokens seen: 1605427200, grad norm: 1.9161
[iter 26140]loss: 3.0969, tokens/sec: 20552.36 ± 126.48, tokens seen: 1606041600, grad norm: 2.3289
[iter 26150]loss: 3.2913, tokens/sec: 20552.36 ± 126.46, tokens seen: 1606656000, grad norm: 6.5383
[iter 26160]loss: 3.2962, tokens/sec: 20552.35 ± 126.44, tokens seen: 1607270400, grad norm: 4.5915
[iter 26170]loss: 3.0052, tokens/sec: 20552.35 ± 126.41, tokens seen: 1607884800, grad norm: 5.0146
[iter 26180]loss: 3.1811, tokens/sec: 20552.36 ± 126.39, tokens seen: 1608499200, grad norm: 1.7294
[iter 26190]loss: 3.5019, tokens/sec: 20552.36 ± 126.37, tokens seen: 1609113600, grad norm: 1.2222
[iter 26200]loss: 3.2981, tokens/sec: 20552.36 ± 126.34, tokens seen: 1609728000, grad norm: 3.8869
[iter 26210]loss: 3.0284, tokens/sec: 20552.35 ± 126.32, tokens seen: 1610342400, grad norm: 3.5400
[iter 26220]loss: 3.2750, tokens/sec: 20552.35 ± 126.30, tokens seen: 1610956800, grad norm: 1.6364
[iter 26230]loss: 3.0668, tokens/sec: 20552.36 ± 126.27, tokens seen: 1611571200, grad norm: 5.5677
[iter 26240]loss: 3.3981, tokens/sec: 20552.35 ± 126.25, tokens seen: 1612185600, grad norm: 1.3632
[iter 26250]loss: 2.8566, tokens/sec: 20552.35 ± 126.23, tokens seen: 1612800000, grad norm: 2.8861
[iter 26260]loss: 2.8240, tokens/sec: 20552.34 ± 126.20, tokens seen: 1613414400, grad norm: 2.3851
[iter 26270]loss: 3.1948, tokens/sec: 20552.33 ± 126.18, tokens seen: 1614028800, grad norm: 2.7295
[iter 26280]loss: 2.9429, tokens/sec: 20552.34 ± 126.16, tokens seen: 1614643200, grad norm: 6.4511
[iter 26290]loss: 3.1746, tokens/sec: 20552.34 ± 126.13, tokens seen: 1615257600, grad norm: 4.1452
[iter 26300]loss: 2.7801, tokens/sec: 20552.35 ± 126.11, tokens seen: 1615872000, grad norm: 3.8422
[iter 26310]loss: 3.2834, tokens/sec: 20552.34 ± 126.09, tokens seen: 1616486400, grad norm: 3.9133
[iter 26320]loss: 3.1118, tokens/sec: 20552.34 ± 126.07, tokens seen: 1617100800, grad norm: 5.2551
[iter 26330]loss: 3.1682, tokens/sec: 20552.35 ± 126.04, tokens seen: 1617715200, grad norm: 4.9871
[iter 26340]loss: 3.3546, tokens/sec: 20552.35 ± 126.02, tokens seen: 1618329600, grad norm: 3.4753
[iter 26350]loss: 3.1193, tokens/sec: 20552.34 ± 126.00, tokens seen: 1618944000, grad norm: 20.5136
[iter 26360]loss: 3.0500, tokens/sec: 20552.34 ± 125.97, tokens seen: 1619558400, grad norm: 3.0728
[iter 26370]loss: 3.3032, tokens/sec: 20552.34 ± 125.95, tokens seen: 1620172800, grad norm: 5.5608
[iter 26380]loss: 3.4302, tokens/sec: 20552.33 ± 125.93, tokens seen: 1620787200, grad norm: 4.4106
[iter 26390]loss: 3.1592, tokens/sec: 20552.33 ± 125.90, tokens seen: 1621401600, grad norm: 2.8187
[iter 26400]loss: 3.1918, tokens/sec: 20552.34 ± 125.88, tokens seen: 1622016000, grad norm: 1.7958
[iter 26410]loss: 3.1629, tokens/sec: 20552.33 ± 125.86, tokens seen: 1622630400, grad norm: 1.9256
[iter 26420]loss: 3.2841, tokens/sec: 20552.33 ± 125.84, tokens seen: 1623244800, grad norm: 1.3220
[iter 26430]loss: 3.3108, tokens/sec: 20552.33 ± 125.81, tokens seen: 1623859200, grad norm: 1.6251
[iter 26440]loss: 2.8358, tokens/sec: 20552.33 ± 125.79, tokens seen: 1624473600, grad norm: 2.3650
[iter 26450]loss: 3.3327, tokens/sec: 20552.33 ± 125.77, tokens seen: 1625088000, grad norm: 1.6259
[iter 26460]loss: 2.9459, tokens/sec: 20552.33 ± 125.74, tokens seen: 1625702400, grad norm: 1.3287
[iter 26470]loss: 3.3221, tokens/sec: 20552.33 ± 125.72, tokens seen: 1626316800, grad norm: 1.9997
[iter 26480]loss: 3.1325, tokens/sec: 20552.33 ± 125.70, tokens seen: 1626931200, grad norm: 4.7196
[iter 26490]loss: 3.1686, tokens/sec: 20552.33 ± 125.68, tokens seen: 1627545600, grad norm: 4.4262
[step 26500]train loss: 3.1199, val loss: 3.1187, (avg train loss: 0.6248 ± 0.0328), (avg grad norm: 3.3590 ± 2.1159)
saving checkpoint to ./out-owt-xl-mhc-bs6-80000step
[iter 26500]loss: 3.3032, tokens/sec: 20552.33 ± 125.65, tokens seen: 1628160000, grad norm: 3.4328
[iter 26510]loss: 3.0196, tokens/sec: 20552.34 ± 125.63, tokens seen: 1628774400, grad norm: 8.9402
[iter 26520]loss: 3.0258, tokens/sec: 20552.32 ± 125.61, tokens seen: 1629388800, grad norm: 7.2359
[iter 26530]loss: 3.2070, tokens/sec: 20552.32 ± 125.59, tokens seen: 1630003200, grad norm: 5.3550
[iter 26540]loss: 3.2513, tokens/sec: 20552.32 ± 125.57, tokens seen: 1630617600, grad norm: 6.5017
[iter 26550]loss: 2.9901, tokens/sec: 20552.31 ± 125.54, tokens seen: 1631232000, grad norm: 4.1885
[iter 26560]loss: 2.8583, tokens/sec: 20552.31 ± 125.52, tokens seen: 1631846400, grad norm: 4.7983
[iter 26570]loss: 3.2606, tokens/sec: 20552.32 ± 125.50, tokens seen: 1632460800, grad norm: 4.5208
[iter 26580]loss: 3.0593, tokens/sec: 20552.32 ± 125.47, tokens seen: 1633075200, grad norm: 2.7096
[iter 26590]loss: 3.0490, tokens/sec: 20552.32 ± 125.45, tokens seen: 1633689600, grad norm: 5.0401
[iter 26600]loss: 3.0220, tokens/sec: 20552.32 ± 125.43, tokens seen: 1634304000, grad norm: 4.8233
[iter 26610]loss: 3.2429, tokens/sec: 20552.32 ± 125.41, tokens seen: 1634918400, grad norm: 11.2289
[iter 26620]loss: 3.1839, tokens/sec: 20552.32 ± 125.38, tokens seen: 1635532800, grad norm: 5.4267
[iter 26630]loss: 2.8282, tokens/sec: 20552.33 ± 125.36, tokens seen: 1636147200, grad norm: 13.1090
[iter 26640]loss: 3.0351, tokens/sec: 20552.33 ± 125.34, tokens seen: 1636761600, grad norm: 6.7190
[iter 26650]loss: 3.0417, tokens/sec: 20552.33 ± 125.31, tokens seen: 1637376000, grad norm: 9.6104
[iter 26660]loss: 3.0055, tokens/sec: 20552.33 ± 125.29, tokens seen: 1637990400, grad norm: 21.6887
[iter 26670]loss: 2.7708, tokens/sec: 20552.33 ± 125.27, tokens seen: 1638604800, grad norm: 8.6648
[iter 26680]loss: 2.7028, tokens/sec: 20552.33 ± 125.25, tokens seen: 1639219200, grad norm: 14.4554
[iter 26690]loss: 3.1358, tokens/sec: 20552.33 ± 125.22, tokens seen: 1639833600, grad norm: 8.3896
[iter 26700]loss: 3.3218, tokens/sec: 20552.33 ± 125.20, tokens seen: 1640448000, grad norm: 4.6230
[iter 26710]loss: 2.8470, tokens/sec: 20552.33 ± 125.18, tokens seen: 1641062400, grad norm: 10.7316
[iter 26720]loss: 3.0386, tokens/sec: 20552.33 ± 125.16, tokens seen: 1641676800, grad norm: 5.7733
[iter 26730]loss: 3.2427, tokens/sec: 20552.33 ± 125.13, tokens seen: 1642291200, grad norm: 6.1844
[iter 26740]loss: 3.1677, tokens/sec: 20552.34 ± 125.11, tokens seen: 1642905600, grad norm: 6.3290
[iter 26750]loss: 3.2231, tokens/sec: 20552.34 ± 125.09, tokens seen: 1643520000, grad norm: 6.8041
[iter 26760]loss: 3.1384, tokens/sec: 20552.34 ± 125.06, tokens seen: 1644134400, grad norm: 14.1487
[iter 26770]loss: 3.0450, tokens/sec: 20552.34 ± 125.04, tokens seen: 1644748800, grad norm: 9.8398
[iter 26780]loss: 3.1334, tokens/sec: 20552.35 ± 125.02, tokens seen: 1645363200, grad norm: 8.2959
[iter 26790]loss: 2.8400, tokens/sec: 20552.35 ± 125.00, tokens seen: 1645977600, grad norm: 9.3222
[iter 26800]loss: 2.6019, tokens/sec: 20552.35 ± 124.97, tokens seen: 1646592000, grad norm: 9.8700
[iter 26810]loss: 3.4163, tokens/sec: 20552.35 ± 124.95, tokens seen: 1647206400, grad norm: 6.9552
[iter 26820]loss: 3.4299, tokens/sec: 20552.36 ± 124.93, tokens seen: 1647820800, grad norm: 12.8082
[iter 26830]loss: 3.2555, tokens/sec: 20552.36 ± 124.91, tokens seen: 1648435200, grad norm: 6.8497
[iter 26840]loss: 3.3030, tokens/sec: 20552.36 ± 124.89, tokens seen: 1649049600, grad norm: 5.5820
[iter 26850]loss: 3.1701, tokens/sec: 20552.36 ± 124.86, tokens seen: 1649664000, grad norm: 5.3445
[iter 26860]loss: 2.9636, tokens/sec: 20552.36 ± 124.84, tokens seen: 1650278400, grad norm: 6.4269
[iter 26870]loss: 3.2264, tokens/sec: 20552.36 ± 124.82, tokens seen: 1650892800, grad norm: 5.5205
[iter 26880]loss: 3.4191, tokens/sec: 20552.36 ± 124.80, tokens seen: 1651507200, grad norm: 12.4145
[iter 26890]loss: 2.9730, tokens/sec: 20552.36 ± 124.77, tokens seen: 1652121600, grad norm: 10.1315
[iter 26900]loss: 3.0836, tokens/sec: 20552.36 ± 124.75, tokens seen: 1652736000, grad norm: 8.2532
[iter 26910]loss: 3.3064, tokens/sec: 20552.35 ± 124.73, tokens seen: 1653350400, grad norm: 18.8045
[iter 26920]loss: 3.1811, tokens/sec: 20552.35 ± 124.71, tokens seen: 1653964800, grad norm: 12.4811
[iter 26930]loss: 3.1702, tokens/sec: 20552.35 ± 124.69, tokens seen: 1654579200, grad norm: 26.1314
[iter 26940]loss: 3.2633, tokens/sec: 20552.36 ± 124.66, tokens seen: 1655193600, grad norm: 20.9168
[iter 26950]loss: 3.1700, tokens/sec: 20552.35 ± 124.64, tokens seen: 1655808000, grad norm: 6.9984
[iter 26960]loss: 2.9668, tokens/sec: 20552.34 ± 124.62, tokens seen: 1656422400, grad norm: 4.7926
[iter 26970]loss: 2.9759, tokens/sec: 20552.34 ± 124.60, tokens seen: 1657036800, grad norm: 5.9011
[iter 26980]loss: 3.1866, tokens/sec: 20552.35 ± 124.58, tokens seen: 1657651200, grad norm: 5.8978
[iter 26990]loss: 3.0670, tokens/sec: 20552.35 ± 124.56, tokens seen: 1658265600, grad norm: 4.9442
[step 27000]train loss: 3.1263, val loss: 3.1401, (avg train loss: 0.6245 ± 0.0308), (avg grad norm: 9.6578 ± 5.7592)
[iter 27000]loss: 2.8346, tokens/sec: 20552.35 ± 124.53, tokens seen: 1658880000, grad norm: 4.1606
[iter 27010]loss: 3.2660, tokens/sec: 20552.36 ± 124.51, tokens seen: 1659494400, grad norm: 7.2135
[iter 27020]loss: 3.5177, tokens/sec: 20552.35 ± 124.49, tokens seen: 1660108800, grad norm: 6.3900
[iter 27030]loss: 3.2903, tokens/sec: 20552.35 ± 124.47, tokens seen: 1660723200, grad norm: 3.8033
[iter 27040]loss: 3.1279, tokens/sec: 20552.36 ± 124.45, tokens seen: 1661337600, grad norm: 4.1928
[iter 27050]loss: 3.1487, tokens/sec: 20552.35 ± 124.42, tokens seen: 1661952000, grad norm: 5.5704
[iter 27060]loss: 3.0123, tokens/sec: 20552.35 ± 124.40, tokens seen: 1662566400, grad norm: 5.3308
[iter 27070]loss: 3.0354, tokens/sec: 20552.35 ± 124.38, tokens seen: 1663180800, grad norm: 4.6535
[iter 27080]loss: 3.2271, tokens/sec: 20552.35 ± 124.36, tokens seen: 1663795200, grad norm: 4.5864
[iter 27090]loss: 3.1098, tokens/sec: 20552.35 ± 124.34, tokens seen: 1664409600, grad norm: 6.4555
[iter 27100]loss: 3.1327, tokens/sec: 20552.36 ± 124.31, tokens seen: 1665024000, grad norm: 5.5581
[iter 27110]loss: 3.0923, tokens/sec: 20552.36 ± 124.29, tokens seen: 1665638400, grad norm: 4.2635
[iter 27120]loss: 3.1043, tokens/sec: 20552.36 ± 124.27, tokens seen: 1666252800, grad norm: 7.1920
[iter 27130]loss: 3.2494, tokens/sec: 20552.36 ± 124.25, tokens seen: 1666867200, grad norm: 5.8732
[iter 27140]loss: 3.2463, tokens/sec: 20552.37 ± 124.23, tokens seen: 1667481600, grad norm: 9.0990
[iter 27150]loss: 3.1818, tokens/sec: 20552.37 ± 124.20, tokens seen: 1668096000, grad norm: 6.6377
[iter 27160]loss: 3.2544, tokens/sec: 20552.36 ± 124.18, tokens seen: 1668710400, grad norm: 5.8505
[iter 27170]loss: 3.3012, tokens/sec: 20552.37 ± 124.16, tokens seen: 1669324800, grad norm: 7.3591
[iter 27180]loss: 3.1926, tokens/sec: 20552.37 ± 124.14, tokens seen: 1669939200, grad norm: 5.5727
[iter 27190]loss: 3.4904, tokens/sec: 20552.38 ± 124.12, tokens seen: 1670553600, grad norm: 3.7982
[iter 27200]loss: 3.0866, tokens/sec: 20552.38 ± 124.09, tokens seen: 1671168000, grad norm: 4.5823
[iter 27210]loss: 3.1048, tokens/sec: 20552.38 ± 124.07, tokens seen: 1671782400, grad norm: 3.6236
[iter 27220]loss: 3.3158, tokens/sec: 20552.38 ± 124.05, tokens seen: 1672396800, grad norm: 5.1074
[iter 27230]loss: 3.1903, tokens/sec: 20552.38 ± 124.03, tokens seen: 1673011200, grad norm: 6.0083
[iter 27240]loss: 3.0023, tokens/sec: 20552.38 ± 124.01, tokens seen: 1673625600, grad norm: 4.9074
[iter 27250]loss: 3.3095, tokens/sec: 20552.37 ± 123.99, tokens seen: 1674240000, grad norm: 3.7316
[iter 27260]loss: 3.2710, tokens/sec: 20552.38 ± 123.96, tokens seen: 1674854400, grad norm: 2.9914
[iter 27270]loss: 3.0743, tokens/sec: 20552.38 ± 123.94, tokens seen: 1675468800, grad norm: 2.9640
[iter 27280]loss: 3.1449, tokens/sec: 20552.38 ± 123.92, tokens seen: 1676083200, grad norm: 2.8382
[iter 27290]loss: 2.7713, tokens/sec: 20552.37 ± 123.90, tokens seen: 1676697600, grad norm: 3.1917
[iter 27300]loss: 3.1211, tokens/sec: 20552.37 ± 123.88, tokens seen: 1677312000, grad norm: 3.1987
[iter 27310]loss: 3.2388, tokens/sec: 20552.37 ± 123.86, tokens seen: 1677926400, grad norm: 3.8549
[iter 27320]loss: 3.4438, tokens/sec: 20552.38 ± 123.83, tokens seen: 1678540800, grad norm: 2.9380
[iter 27330]loss: 3.2424, tokens/sec: 20552.37 ± 123.81, tokens seen: 1679155200, grad norm: 3.6602
[iter 27340]loss: 2.9940, tokens/sec: 20552.38 ± 123.79, tokens seen: 1679769600, grad norm: 4.0641
[iter 27350]loss: 2.8932, tokens/sec: 20552.38 ± 123.77, tokens seen: 1680384000, grad norm: 3.9213
[iter 27360]loss: 2.8449, tokens/sec: 20552.39 ± 123.75, tokens seen: 1680998400, grad norm: 4.2342
[iter 27370]loss: 3.7557, tokens/sec: 20552.38 ± 123.73, tokens seen: 1681612800, grad norm: 4.1679
[iter 27380]loss: 3.6308, tokens/sec: 20552.39 ± 123.70, tokens seen: 1682227200, grad norm: 4.5123
[iter 27390]loss: 2.9132, tokens/sec: 20552.39 ± 123.68, tokens seen: 1682841600, grad norm: 4.1993
[iter 27400]loss: 2.8237, tokens/sec: 20552.40 ± 123.66, tokens seen: 1683456000, grad norm: 7.5672
[iter 27410]loss: 3.0343, tokens/sec: 20552.40 ± 123.64, tokens seen: 1684070400, grad norm: 3.9887
[iter 27420]loss: 3.4731, tokens/sec: 20552.40 ± 123.62, tokens seen: 1684684800, grad norm: 6.6410
[iter 27430]loss: 3.0953, tokens/sec: 20552.40 ± 123.60, tokens seen: 1685299200, grad norm: 4.6808
[iter 27440]loss: 3.2013, tokens/sec: 20552.41 ± 123.57, tokens seen: 1685913600, grad norm: 7.2463
[iter 27450]loss: 3.0881, tokens/sec: 20552.41 ± 123.55, tokens seen: 1686528000, grad norm: 13.1236
[iter 27460]loss: 3.1049, tokens/sec: 20552.41 ± 123.53, tokens seen: 1687142400, grad norm: 5.8733
[iter 27470]loss: 3.1432, tokens/sec: 20552.41 ± 123.51, tokens seen: 1687756800, grad norm: 7.5323
[iter 27480]loss: 3.1729, tokens/sec: 20552.42 ± 123.49, tokens seen: 1688371200, grad norm: 7.5080
[iter 27490]loss: 3.2697, tokens/sec: 20552.41 ± 123.47, tokens seen: 1688985600, grad norm: 9.1090
[step 27500]train loss: 3.0958, val loss: 3.1023, (avg train loss: 0.6267 ± 0.0320), (avg grad norm: 5.7184 ± 2.4141)
saving checkpoint to ./out-owt-xl-mhc-bs6-80000step
[iter 27500]loss: 3.1638, tokens/sec: 20552.42 ± 123.44, tokens seen: 1689600000, grad norm: 2.5770
[iter 27510]loss: 3.1098, tokens/sec: 20552.43 ± 123.42, tokens seen: 1690214400, grad norm: 2.1607
[iter 27520]loss: 2.8870, tokens/sec: 20552.42 ± 123.40, tokens seen: 1690828800, grad norm: 3.2940
[iter 27530]loss: 3.1688, tokens/sec: 20552.42 ± 123.38, tokens seen: 1691443200, grad norm: 2.5845
[iter 27540]loss: 2.9662, tokens/sec: 20552.42 ± 123.36, tokens seen: 1692057600, grad norm: 3.3318
[iter 27550]loss: 3.0238, tokens/sec: 20552.41 ± 123.34, tokens seen: 1692672000, grad norm: 3.3920
[iter 27560]loss: 3.0847, tokens/sec: 20552.42 ± 123.32, tokens seen: 1693286400, grad norm: 3.0234
[iter 27570]loss: 3.0410, tokens/sec: 20552.42 ± 123.30, tokens seen: 1693900800, grad norm: 2.5565
[iter 27580]loss: 3.0583, tokens/sec: 20552.42 ± 123.28, tokens seen: 1694515200, grad norm: 3.2964
[iter 27590]loss: 3.0144, tokens/sec: 20552.42 ± 123.25, tokens seen: 1695129600, grad norm: 4.8254
[iter 27600]loss: 3.3905, tokens/sec: 20552.43 ± 123.23, tokens seen: 1695744000, grad norm: 3.1164
[iter 27610]loss: 3.2551, tokens/sec: 20552.44 ± 123.21, tokens seen: 1696358400, grad norm: 5.9946
[iter 27620]loss: 3.0940, tokens/sec: 20552.45 ± 123.19, tokens seen: 1696972800, grad norm: 5.8565
[iter 27630]loss: 3.2312, tokens/sec: 20552.44 ± 123.17, tokens seen: 1697587200, grad norm: 3.5635
[iter 27640]loss: 3.2961, tokens/sec: 20552.43 ± 123.15, tokens seen: 1698201600, grad norm: 4.0045
[iter 27650]loss: 2.9816, tokens/sec: 20552.43 ± 123.13, tokens seen: 1698816000, grad norm: 7.0120
[iter 27660]loss: 3.5746, tokens/sec: 20552.43 ± 123.11, tokens seen: 1699430400, grad norm: 4.2443
[iter 27670]loss: 3.1221, tokens/sec: 20552.43 ± 123.08, tokens seen: 1700044800, grad norm: 4.4287
[iter 27680]loss: 2.9719, tokens/sec: 20552.43 ± 123.06, tokens seen: 1700659200, grad norm: 3.2954
[iter 27690]loss: 3.1421, tokens/sec: 20552.43 ± 123.04, tokens seen: 1701273600, grad norm: 4.0748
[iter 27700]loss: 3.1607, tokens/sec: 20552.42 ± 123.02, tokens seen: 1701888000, grad norm: 6.6432
[iter 27710]loss: 3.1379, tokens/sec: 20552.43 ± 123.00, tokens seen: 1702502400, grad norm: 4.8346
[iter 27720]loss: 3.1804, tokens/sec: 20552.43 ± 122.98, tokens seen: 1703116800, grad norm: 5.1048
[iter 27730]loss: 2.8052, tokens/sec: 20552.42 ± 122.96, tokens seen: 1703731200, grad norm: 5.4733
[iter 27740]loss: 2.9196, tokens/sec: 20552.42 ± 122.94, tokens seen: 1704345600, grad norm: 6.8807
[iter 27750]loss: 2.7966, tokens/sec: 20552.43 ± 122.91, tokens seen: 1704960000, grad norm: 6.3008
[iter 27760]loss: 2.5754, tokens/sec: 20552.43 ± 122.89, tokens seen: 1705574400, grad norm: 5.7200
[iter 27770]loss: 3.2960, tokens/sec: 20552.43 ± 122.87, tokens seen: 1706188800, grad norm: 6.9948
[iter 27780]loss: 3.1598, tokens/sec: 20552.44 ± 122.85, tokens seen: 1706803200, grad norm: 6.4317
[iter 27790]loss: 3.1375, tokens/sec: 20552.44 ± 122.83, tokens seen: 1707417600, grad norm: 20.9779
[iter 27800]loss: 3.2233, tokens/sec: 20552.44 ± 122.81, tokens seen: 1708032000, grad norm: 7.4845
[iter 27810]loss: 3.0244, tokens/sec: 20552.44 ± 122.79, tokens seen: 1708646400, grad norm: 4.7610
[iter 27820]loss: 3.3141, tokens/sec: 20552.44 ± 122.77, tokens seen: 1709260800, grad norm: 6.3855
[iter 27830]loss: 2.9738, tokens/sec: 20552.44 ± 122.75, tokens seen: 1709875200, grad norm: 5.6182
[iter 27840]loss: 3.2949, tokens/sec: 20552.44 ± 122.72, tokens seen: 1710489600, grad norm: 4.7522
[iter 27850]loss: 2.9695, tokens/sec: 20552.44 ± 122.70, tokens seen: 1711104000, grad norm: 6.3057
[iter 27860]loss: 2.9786, tokens/sec: 20552.43 ± 122.68, tokens seen: 1711718400, grad norm: 8.2303
[iter 27870]loss: 3.0248, tokens/sec: 20552.44 ± 122.66, tokens seen: 1712332800, grad norm: 6.1533
[iter 27880]loss: 2.9484, tokens/sec: 20552.44 ± 122.64, tokens seen: 1712947200, grad norm: 5.6974
[iter 27890]loss: 3.3123, tokens/sec: 20552.44 ± 122.62, tokens seen: 1713561600, grad norm: 7.1216
[iter 27900]loss: 3.1210, tokens/sec: 20552.45 ± 122.60, tokens seen: 1714176000, grad norm: 6.1908
[iter 27910]loss: 3.1121, tokens/sec: 20552.45 ± 122.58, tokens seen: 1714790400, grad norm: 6.0914
[iter 27920]loss: 3.1217, tokens/sec: 20552.45 ± 122.56, tokens seen: 1715404800, grad norm: 5.3271
[iter 27930]loss: 3.3218, tokens/sec: 20552.45 ± 122.53, tokens seen: 1716019200, grad norm: 6.1989
[iter 27940]loss: 3.0646, tokens/sec: 20552.44 ± 122.51, tokens seen: 1716633600, grad norm: 11.8220
[iter 27950]loss: 3.0282, tokens/sec: 20552.44 ± 122.49, tokens seen: 1717248000, grad norm: 5.7466
[iter 27960]loss: 2.8335, tokens/sec: 20552.43 ± 122.47, tokens seen: 1717862400, grad norm: 6.6391
[iter 27970]loss: 3.0044, tokens/sec: 20552.43 ± 122.45, tokens seen: 1718476800, grad norm: 4.5149
[iter 27980]loss: 3.0932, tokens/sec: 20552.44 ± 122.43, tokens seen: 1719091200, grad norm: 11.0480
[iter 27990]loss: 2.9901, tokens/sec: 20552.43 ± 122.41, tokens seen: 1719705600, grad norm: 7.8946
[step 28000]train loss: 3.1205, val loss: 3.1071, (avg train loss: 0.6195 ± 0.0336), (avg grad norm: 7.0372 ± 3.7001)
[iter 28000]loss: 3.3158, tokens/sec: 20552.42 ± 122.39, tokens seen: 1720320000, grad norm: 17.1168
[iter 28010]loss: 3.0307, tokens/sec: 20552.42 ± 122.37, tokens seen: 1720934400, grad norm: 11.0176
[iter 28020]loss: 2.9264, tokens/sec: 20552.42 ± 122.35, tokens seen: 1721548800, grad norm: 8.2783
[iter 28030]loss: 2.9578, tokens/sec: 20552.42 ± 122.33, tokens seen: 1722163200, grad norm: 8.0559
[iter 28040]loss: 2.9263, tokens/sec: 20552.42 ± 122.31, tokens seen: 1722777600, grad norm: 5.0082
[iter 28050]loss: 3.0632, tokens/sec: 20552.41 ± 122.29, tokens seen: 1723392000, grad norm: 6.6344
[iter 28060]loss: 3.2281, tokens/sec: 20552.42 ± 122.27, tokens seen: 1724006400, grad norm: 4.6002
[iter 28070]loss: 3.3523, tokens/sec: 20552.41 ± 122.25, tokens seen: 1724620800, grad norm: 3.8724
[iter 28080]loss: 3.0765, tokens/sec: 20552.41 ± 122.22, tokens seen: 1725235200, grad norm: 5.3443
[iter 28090]loss: 3.1637, tokens/sec: 20552.40 ± 122.20, tokens seen: 1725849600, grad norm: 2.9934
[iter 28100]loss: 3.1900, tokens/sec: 20552.41 ± 122.18, tokens seen: 1726464000, grad norm: 3.2652
[iter 28110]loss: 3.2102, tokens/sec: 20552.41 ± 122.16, tokens seen: 1727078400, grad norm: 3.0628
[iter 28120]loss: 2.9844, tokens/sec: 20552.41 ± 122.14, tokens seen: 1727692800, grad norm: 5.1675
[iter 28130]loss: 2.9522, tokens/sec: 20552.41 ± 122.12, tokens seen: 1728307200, grad norm: 4.1756
[iter 28140]loss: 3.0469, tokens/sec: 20552.42 ± 122.10, tokens seen: 1728921600, grad norm: 2.9575
[iter 28150]loss: 3.1696, tokens/sec: 20552.42 ± 122.08, tokens seen: 1729536000, grad norm: 3.1844
[iter 28160]loss: 2.9614, tokens/sec: 20552.41 ± 122.06, tokens seen: 1730150400, grad norm: 3.7985
[iter 28170]loss: 3.3977, tokens/sec: 20552.41 ± 122.04, tokens seen: 1730764800, grad norm: 2.4748
[iter 28180]loss: 3.3351, tokens/sec: 20552.41 ± 122.02, tokens seen: 1731379200, grad norm: 2.6377
[iter 28190]loss: 3.1822, tokens/sec: 20552.41 ± 122.00, tokens seen: 1731993600, grad norm: 2.1266
[iter 28200]loss: 3.1258, tokens/sec: 20552.41 ± 121.98, tokens seen: 1732608000, grad norm: 1.8981
[iter 28210]loss: 3.0561, tokens/sec: 20552.41 ± 121.95, tokens seen: 1733222400, grad norm: 1.9537
[iter 28220]loss: 2.7815, tokens/sec: 20552.41 ± 121.93, tokens seen: 1733836800, grad norm: 1.6887
[iter 28230]loss: 3.1865, tokens/sec: 20552.41 ± 121.91, tokens seen: 1734451200, grad norm: 1.8558
[iter 28240]loss: 3.2463, tokens/sec: 20552.41 ± 121.89, tokens seen: 1735065600, grad norm: 1.5620
[iter 28250]loss: 3.1402, tokens/sec: 20552.41 ± 121.87, tokens seen: 1735680000, grad norm: 1.4934
[iter 28260]loss: 2.9122, tokens/sec: 20552.42 ± 121.85, tokens seen: 1736294400, grad norm: 2.0136
[iter 28270]loss: 3.0262, tokens/sec: 20552.41 ± 121.83, tokens seen: 1736908800, grad norm: 1.3636
[iter 28280]loss: 3.1157, tokens/sec: 20552.42 ± 121.81, tokens seen: 1737523200, grad norm: 1.1760
[iter 28290]loss: 3.2369, tokens/sec: 20552.42 ± 121.79, tokens seen: 1738137600, grad norm: 1.7519
[iter 28300]loss: 3.1114, tokens/sec: 20552.42 ± 121.77, tokens seen: 1738752000, grad norm: 1.1999
[iter 28310]loss: 3.1176, tokens/sec: 20552.41 ± 121.75, tokens seen: 1739366400, grad norm: 1.9448
[iter 28320]loss: 3.0548, tokens/sec: 20552.40 ± 121.73, tokens seen: 1739980800, grad norm: 1.8715
[iter 28330]loss: 3.0776, tokens/sec: 20552.41 ± 121.71, tokens seen: 1740595200, grad norm: 1.5389
[iter 28340]loss: 2.7830, tokens/sec: 20552.41 ± 121.69, tokens seen: 1741209600, grad norm: 1.9959
[iter 28350]loss: 3.2366, tokens/sec: 20552.41 ± 121.67, tokens seen: 1741824000, grad norm: 2.5101
[iter 28360]loss: 3.0325, tokens/sec: 20552.41 ± 121.64, tokens seen: 1742438400, grad norm: 1.9016
[iter 28370]loss: 3.1393, tokens/sec: 20552.41 ± 121.62, tokens seen: 1743052800, grad norm: 2.0815
[iter 28380]loss: 3.0753, tokens/sec: 20552.40 ± 121.60, tokens seen: 1743667200, grad norm: 1.7519
[iter 28390]loss: 3.2178, tokens/sec: 20552.41 ± 121.58, tokens seen: 1744281600, grad norm: 1.5569
[iter 28400]loss: 3.0725, tokens/sec: 20552.41 ± 121.56, tokens seen: 1744896000, grad norm: 1.5822
[iter 28410]loss: 2.8864, tokens/sec: 20552.41 ± 121.54, tokens seen: 1745510400, grad norm: 2.2494
[iter 28420]loss: 3.1044, tokens/sec: 20552.40 ± 121.52, tokens seen: 1746124800, grad norm: 2.0997
[iter 28430]loss: 3.2285, tokens/sec: 20552.41 ± 121.50, tokens seen: 1746739200, grad norm: 1.6556
[iter 28440]loss: 2.8317, tokens/sec: 20552.41 ± 121.48, tokens seen: 1747353600, grad norm: 2.2165
[iter 28450]loss: 3.0660, tokens/sec: 20552.41 ± 121.46, tokens seen: 1747968000, grad norm: 3.1137
[iter 28460]loss: 2.9907, tokens/sec: 20552.41 ± 121.44, tokens seen: 1748582400, grad norm: 3.6121
[iter 28470]loss: 3.0169, tokens/sec: 20552.41 ± 121.42, tokens seen: 1749196800, grad norm: 1.9494
[iter 28480]loss: 3.3426, tokens/sec: 20552.41 ± 121.40, tokens seen: 1749811200, grad norm: 1.6486
[iter 28490]loss: 3.1101, tokens/sec: 20552.40 ± 121.38, tokens seen: 1750425600, grad norm: 1.5889
[step 28500]train loss: 3.0752, val loss: 3.1394, (avg train loss: 0.6199 ± 0.0336), (avg grad norm: 2.0965 ± 0.7630)
[iter 28500]loss: 2.9201, tokens/sec: 20552.40 ± 121.36, tokens seen: 1751040000, grad norm: 1.7942
[iter 28510]loss: 3.2201, tokens/sec: 20552.41 ± 121.34, tokens seen: 1751654400, grad norm: 1.9057
[iter 28520]loss: 3.0280, tokens/sec: 20552.40 ± 121.32, tokens seen: 1752268800, grad norm: 2.5511
[iter 28530]loss: 3.0998, tokens/sec: 20552.40 ± 121.30, tokens seen: 1752883200, grad norm: 2.5834
[iter 28540]loss: 2.9503, tokens/sec: 20552.39 ± 121.28, tokens seen: 1753497600, grad norm: 3.1211
[iter 28550]loss: 2.8091, tokens/sec: 20552.39 ± 121.26, tokens seen: 1754112000, grad norm: 2.6795
[iter 28560]loss: 3.2481, tokens/sec: 20552.39 ± 121.24, tokens seen: 1754726400, grad norm: 4.9617
[iter 28570]loss: 3.0726, tokens/sec: 20552.39 ± 121.22, tokens seen: 1755340800, grad norm: 4.9074
[iter 28580]loss: 2.9480, tokens/sec: 20552.39 ± 121.20, tokens seen: 1755955200, grad norm: 3.3076
[iter 28590]loss: 3.1760, tokens/sec: 20552.39 ± 121.18, tokens seen: 1756569600, grad norm: 5.1832
[iter 28600]loss: 2.8856, tokens/sec: 20552.39 ± 121.16, tokens seen: 1757184000, grad norm: 4.6488
[iter 28610]loss: 3.1745, tokens/sec: 20552.39 ± 121.14, tokens seen: 1757798400, grad norm: 3.3013
[iter 28620]loss: 3.1927, tokens/sec: 20552.39 ± 121.12, tokens seen: 1758412800, grad norm: 5.4367
[iter 28630]loss: 3.2454, tokens/sec: 20552.39 ± 121.10, tokens seen: 1759027200, grad norm: 3.1619
[iter 28640]loss: 3.1915, tokens/sec: 20552.39 ± 121.08, tokens seen: 1759641600, grad norm: 2.4697
[iter 28650]loss: 2.7601, tokens/sec: 20552.39 ± 121.06, tokens seen: 1760256000, grad norm: 3.7170
[iter 28660]loss: 2.9045, tokens/sec: 20552.39 ± 121.04, tokens seen: 1760870400, grad norm: 8.1570
[iter 28670]loss: 2.8981, tokens/sec: 20552.39 ± 121.01, tokens seen: 1761484800, grad norm: 3.1041
[iter 28680]loss: 2.9515, tokens/sec: 20552.40 ± 120.99, tokens seen: 1762099200, grad norm: 2.8743
[iter 28690]loss: 3.1139, tokens/sec: 20552.40 ± 120.97, tokens seen: 1762713600, grad norm: 5.9926
[iter 28700]loss: 3.1864, tokens/sec: 20552.39 ± 120.95, tokens seen: 1763328000, grad norm: 5.1044
[iter 28710]loss: 3.0664, tokens/sec: 20552.40 ± 120.93, tokens seen: 1763942400, grad norm: 4.4913
[iter 28720]loss: 3.1578, tokens/sec: 20552.40 ± 120.91, tokens seen: 1764556800, grad norm: 3.1043
[iter 28730]loss: 2.9132, tokens/sec: 20552.40 ± 120.89, tokens seen: 1765171200, grad norm: 2.4931
[iter 28740]loss: 2.9308, tokens/sec: 20552.40 ± 120.87, tokens seen: 1765785600, grad norm: 3.0353
[iter 28750]loss: 2.9794, tokens/sec: 20552.40 ± 120.85, tokens seen: 1766400000, grad norm: 2.8637
[iter 28760]loss: 2.8162, tokens/sec: 20552.40 ± 120.83, tokens seen: 1767014400, grad norm: 3.1091
[iter 28770]loss: 3.1423, tokens/sec: 20552.40 ± 120.81, tokens seen: 1767628800, grad norm: 4.8886
[iter 28780]loss: 3.0663, tokens/sec: 20552.39 ± 120.79, tokens seen: 1768243200, grad norm: 2.3753
[iter 28790]loss: 3.0210, tokens/sec: 20552.39 ± 120.77, tokens seen: 1768857600, grad norm: 1.7605
[iter 28800]loss: 3.1259, tokens/sec: 20552.39 ± 120.75, tokens seen: 1769472000, grad norm: 1.4403
[iter 28810]loss: 2.9449, tokens/sec: 20552.39 ± 120.73, tokens seen: 1770086400, grad norm: 2.0251
[iter 28820]loss: 3.3444, tokens/sec: 20552.39 ± 120.71, tokens seen: 1770700800, grad norm: 1.4419
[iter 28830]loss: 2.7126, tokens/sec: 20552.39 ± 120.69, tokens seen: 1771315200, grad norm: 1.6586
[iter 28840]loss: 2.8641, tokens/sec: 20552.39 ± 120.67, tokens seen: 1771929600, grad norm: 1.5863
[iter 28850]loss: 3.1234, tokens/sec: 20552.39 ± 120.65, tokens seen: 1772544000, grad norm: 2.6223
[iter 28860]loss: 3.4538, tokens/sec: 20552.39 ± 120.63, tokens seen: 1773158400, grad norm: 2.9520
[iter 28870]loss: 3.0161, tokens/sec: 20552.40 ± 120.61, tokens seen: 1773772800, grad norm: 1.8137
[iter 28880]loss: 3.3650, tokens/sec: 20552.40 ± 120.59, tokens seen: 1774387200, grad norm: 2.5884
[iter 28890]loss: 3.2231, tokens/sec: 20552.40 ± 120.57, tokens seen: 1775001600, grad norm: 1.3647
[iter 28900]loss: 3.2805, tokens/sec: 20552.40 ± 120.55, tokens seen: 1775616000, grad norm: 2.2252
[iter 28910]loss: 3.1391, tokens/sec: 20552.40 ± 120.53, tokens seen: 1776230400, grad norm: 2.3918
[iter 28920]loss: 3.0379, tokens/sec: 20552.40 ± 120.51, tokens seen: 1776844800, grad norm: 1.2725
[iter 28930]loss: 3.0247, tokens/sec: 20552.40 ± 120.49, tokens seen: 1777459200, grad norm: 1.5237
[iter 28940]loss: 3.0105, tokens/sec: 20552.40 ± 120.47, tokens seen: 1778073600, grad norm: 0.9771
[iter 28950]loss: 3.0287, tokens/sec: 20552.40 ± 120.45, tokens seen: 1778688000, grad norm: 1.6008
[iter 28960]loss: 3.0252, tokens/sec: 20552.41 ± 120.43, tokens seen: 1779302400, grad norm: 1.0780
[iter 28970]loss: 2.8626, tokens/sec: 20552.41 ± 120.41, tokens seen: 1779916800, grad norm: 1.4130
[iter 28980]loss: 2.7546, tokens/sec: 20552.40 ± 120.39, tokens seen: 1780531200, grad norm: 1.5651
[iter 28990]loss: 2.7477, tokens/sec: 20552.39 ± 120.37, tokens seen: 1781145600, grad norm: 1.1650
[step 29000]train loss: 3.0870, val loss: 3.1041, (avg train loss: 0.6180 ± 0.0340), (avg grad norm: 1.8550 ± 1.0250)
[iter 29000]loss: 3.2133, tokens/sec: 20552.40 ± 120.35, tokens seen: 1781760000, grad norm: 0.9894
[iter 29010]loss: 2.9201, tokens/sec: 20552.41 ± 120.33, tokens seen: 1782374400, grad norm: 1.0872
[iter 29020]loss: 3.2723, tokens/sec: 20552.40 ± 120.31, tokens seen: 1782988800, grad norm: 1.0639
[iter 29030]loss: 3.3349, tokens/sec: 20552.39 ± 120.29, tokens seen: 1783603200, grad norm: 1.0213
[iter 29040]loss: 3.1431, tokens/sec: 20552.40 ± 120.27, tokens seen: 1784217600, grad norm: 2.1019
[iter 29050]loss: 2.7913, tokens/sec: 20552.40 ± 120.25, tokens seen: 1784832000, grad norm: 1.4743
[iter 29060]loss: 3.1043, tokens/sec: 20552.40 ± 120.23, tokens seen: 1785446400, grad norm: 1.2899
[iter 29070]loss: 3.0633, tokens/sec: 20552.39 ± 120.21, tokens seen: 1786060800, grad norm: 1.8000
[iter 29080]loss: 3.1056, tokens/sec: 20552.39 ± 120.19, tokens seen: 1786675200, grad norm: 1.8477
[iter 29090]loss: 3.0821, tokens/sec: 20552.39 ± 120.17, tokens seen: 1787289600, grad norm: 1.4462
[iter 29100]loss: 2.7675, tokens/sec: 20552.39 ± 120.15, tokens seen: 1787904000, grad norm: 1.8268
[iter 29110]loss: 2.9355, tokens/sec: 20552.39 ± 120.13, tokens seen: 1788518400, grad norm: 2.2073
[iter 29120]loss: 3.2295, tokens/sec: 20552.39 ± 120.11, tokens seen: 1789132800, grad norm: 2.1515
[iter 29130]loss: 2.7294, tokens/sec: 20552.40 ± 120.09, tokens seen: 1789747200, grad norm: 2.6281
[iter 29140]loss: 3.2380, tokens/sec: 20552.40 ± 120.07, tokens seen: 1790361600, grad norm: 1.9890
[iter 29150]loss: 3.0100, tokens/sec: 20552.40 ± 120.05, tokens seen: 1790976000, grad norm: 1.3541
[iter 29160]loss: 3.1150, tokens/sec: 20552.40 ± 120.03, tokens seen: 1791590400, grad norm: 1.3028
[iter 29170]loss: 3.2398, tokens/sec: 20552.40 ± 120.01, tokens seen: 1792204800, grad norm: 1.0158
[iter 29180]loss: 3.2517, tokens/sec: 20552.40 ± 119.99, tokens seen: 1792819200, grad norm: 1.2143
[iter 29190]loss: 3.3799, tokens/sec: 20552.40 ± 119.97, tokens seen: 1793433600, grad norm: 0.9773
[iter 29200]loss: 3.3990, tokens/sec: 20552.40 ± 119.95, tokens seen: 1794048000, grad norm: 1.3077
[iter 29210]loss: 2.9864, tokens/sec: 20552.40 ± 119.93, tokens seen: 1794662400, grad norm: 0.9543
[iter 29220]loss: 3.1120, tokens/sec: 20552.40 ± 119.91, tokens seen: 1795276800, grad norm: 0.9564
[iter 29230]loss: 3.1411, tokens/sec: 20552.40 ± 119.89, tokens seen: 1795891200, grad norm: 0.9020
[iter 29240]loss: 3.1884, tokens/sec: 20552.41 ± 119.87, tokens seen: 1796505600, grad norm: 0.9930
[iter 29250]loss: 3.2919, tokens/sec: 20552.41 ± 119.85, tokens seen: 1797120000, grad norm: 0.9323
[iter 29260]loss: 2.9667, tokens/sec: 20552.41 ± 119.83, tokens seen: 1797734400, grad norm: 0.9581
[iter 29270]loss: 3.1623, tokens/sec: 20552.41 ± 119.81, tokens seen: 1798348800, grad norm: 0.9384
[iter 29280]loss: 3.1857, tokens/sec: 20552.41 ± 119.79, tokens seen: 1798963200, grad norm: 1.0451
[iter 29290]loss: 3.0591, tokens/sec: 20552.41 ± 119.77, tokens seen: 1799577600, grad norm: 0.9121
[iter 29300]loss: 2.9575, tokens/sec: 20552.41 ± 119.75, tokens seen: 1800192000, grad norm: 0.8591
[iter 29310]loss: 3.1755, tokens/sec: 20552.41 ± 119.73, tokens seen: 1800806400, grad norm: 0.9594
[iter 29320]loss: 3.2399, tokens/sec: 20552.42 ± 119.71, tokens seen: 1801420800, grad norm: 0.8983
[iter 29330]loss: 3.1757, tokens/sec: 20552.41 ± 119.69, tokens seen: 1802035200, grad norm: 0.9676
[iter 29340]loss: 3.1099, tokens/sec: 20552.42 ± 119.67, tokens seen: 1802649600, grad norm: 0.8945
[iter 29350]loss: 2.8983, tokens/sec: 20552.42 ± 119.66, tokens seen: 1803264000, grad norm: 0.8895
[iter 29360]loss: 3.1572, tokens/sec: 20552.42 ± 119.64, tokens seen: 1803878400, grad norm: 0.8386
[iter 29370]loss: 3.1500, tokens/sec: 20552.42 ± 119.62, tokens seen: 1804492800, grad norm: 0.9584
[iter 29380]loss: 2.9883, tokens/sec: 20552.42 ± 119.60, tokens seen: 1805107200, grad norm: 0.8898
[iter 29390]loss: 3.0655, tokens/sec: 20552.42 ± 119.58, tokens seen: 1805721600, grad norm: 1.0358
[iter 29400]loss: 2.9491, tokens/sec: 20552.42 ± 119.56, tokens seen: 1806336000, grad norm: 0.8943
[iter 29410]loss: 3.1149, tokens/sec: 20552.42 ± 119.54, tokens seen: 1806950400, grad norm: 0.8917
[iter 29420]loss: 3.1001, tokens/sec: 20552.43 ± 119.52, tokens seen: 1807564800, grad norm: 0.8868
[iter 29430]loss: 2.7455, tokens/sec: 20552.43 ± 119.50, tokens seen: 1808179200, grad norm: 1.0238
[iter 29440]loss: 3.1724, tokens/sec: 20552.44 ± 119.48, tokens seen: 1808793600, grad norm: 1.0390
[iter 29450]loss: 3.3454, tokens/sec: 20552.44 ± 119.46, tokens seen: 1809408000, grad norm: 0.9394
[iter 29460]loss: 3.1972, tokens/sec: 20552.44 ± 119.44, tokens seen: 1810022400, grad norm: 1.0020
[iter 29470]loss: 3.0727, tokens/sec: 20552.44 ± 119.42, tokens seen: 1810636800, grad norm: 0.8891
[iter 29480]loss: 3.0247, tokens/sec: 20552.44 ± 119.40, tokens seen: 1811251200, grad norm: 0.8967
[iter 29490]loss: 3.2996, tokens/sec: 20552.45 ± 119.38, tokens seen: 1811865600, grad norm: 0.9234
[step 29500]train loss: 3.0883, val loss: 3.0919, (avg train loss: 0.6213 ± 0.0319), (avg grad norm: 0.9400 ± 0.0718)
saving checkpoint to ./out-owt-xl-mhc-bs6-80000step
[iter 29500]loss: 3.5687, tokens/sec: 20552.45 ± 119.36, tokens seen: 1812480000, grad norm: 0.9432
[iter 29510]loss: 3.0755, tokens/sec: 20552.45 ± 119.34, tokens seen: 1813094400, grad norm: 0.9081
[iter 29520]loss: 3.1369, tokens/sec: 20552.44 ± 119.32, tokens seen: 1813708800, grad norm: 0.8860
[iter 29530]loss: 2.9895, tokens/sec: 20552.44 ± 119.30, tokens seen: 1814323200, grad norm: 0.9396
[iter 29540]loss: 2.9364, tokens/sec: 20552.44 ± 119.28, tokens seen: 1814937600, grad norm: 0.8857
[iter 29550]loss: 3.2860, tokens/sec: 20552.44 ± 119.27, tokens seen: 1815552000, grad norm: 1.1359
[iter 29560]loss: 3.3123, tokens/sec: 20552.44 ± 119.25, tokens seen: 1816166400, grad norm: 0.8685
[iter 29570]loss: 3.0235, tokens/sec: 20552.44 ± 119.23, tokens seen: 1816780800, grad norm: 0.8814
[iter 29580]loss: 3.1903, tokens/sec: 20552.44 ± 119.21, tokens seen: 1817395200, grad norm: 0.8944
[iter 29590]loss: 2.9661, tokens/sec: 20552.44 ± 119.19, tokens seen: 1818009600, grad norm: 0.8806
[iter 29600]loss: 3.2023, tokens/sec: 20552.44 ± 119.17, tokens seen: 1818624000, grad norm: 0.9487
[iter 29610]loss: 3.2134, tokens/sec: 20552.44 ± 119.15, tokens seen: 1819238400, grad norm: 0.9429
[iter 29620]loss: 2.9715, tokens/sec: 20552.44 ± 119.13, tokens seen: 1819852800, grad norm: 0.8849
[iter 29630]loss: 3.0884, tokens/sec: 20552.44 ± 119.11, tokens seen: 1820467200, grad norm: 1.0570
[iter 29640]loss: 3.1636, tokens/sec: 20552.44 ± 119.09, tokens seen: 1821081600, grad norm: 0.8617
[iter 29650]loss: 3.0654, tokens/sec: 20552.44 ± 119.07, tokens seen: 1821696000, grad norm: 1.0190
[iter 29660]loss: 3.0796, tokens/sec: 20552.44 ± 119.05, tokens seen: 1822310400, grad norm: 0.9328
[iter 29670]loss: 3.2637, tokens/sec: 20552.44 ± 119.03, tokens seen: 1822924800, grad norm: 0.8943
[iter 29680]loss: 3.1211, tokens/sec: 20552.44 ± 119.01, tokens seen: 1823539200, grad norm: 0.9064
[iter 29690]loss: 3.0854, tokens/sec: 20552.44 ± 118.99, tokens seen: 1824153600, grad norm: 0.8767
[iter 29700]loss: 2.9962, tokens/sec: 20552.44 ± 118.97, tokens seen: 1824768000, grad norm: 0.9315
[iter 29710]loss: 3.3457, tokens/sec: 20552.44 ± 118.95, tokens seen: 1825382400, grad norm: 1.4686
[iter 29720]loss: 3.1318, tokens/sec: 20552.44 ± 118.94, tokens seen: 1825996800, grad norm: 0.9996
[iter 29730]loss: 3.2029, tokens/sec: 20552.44 ± 118.92, tokens seen: 1826611200, grad norm: 1.1220
[iter 29740]loss: 3.0556, tokens/sec: 20552.44 ± 118.90, tokens seen: 1827225600, grad norm: 0.8881
[iter 29750]loss: 3.1325, tokens/sec: 20552.44 ± 118.88, tokens seen: 1827840000, grad norm: 0.8348
[iter 29760]loss: 2.9668, tokens/sec: 20552.44 ± 118.86, tokens seen: 1828454400, grad norm: 0.9163
[iter 29770]loss: 3.2114, tokens/sec: 20552.44 ± 118.84, tokens seen: 1829068800, grad norm: 0.9014
[iter 29780]loss: 2.9981, tokens/sec: 20552.44 ± 118.82, tokens seen: 1829683200, grad norm: 0.8379
[iter 29790]loss: 3.0581, tokens/sec: 20552.44 ± 118.80, tokens seen: 1830297600, grad norm: 0.8854
[iter 29800]loss: 3.1369, tokens/sec: 20552.44 ± 118.78, tokens seen: 1830912000, grad norm: 0.8906
[iter 29810]loss: 2.8679, tokens/sec: 20552.44 ± 118.76, tokens seen: 1831526400, grad norm: 0.9317
[iter 29820]loss: 3.2731, tokens/sec: 20552.45 ± 118.74, tokens seen: 1832140800, grad norm: 0.9225
[iter 29830]loss: 2.9088, tokens/sec: 20552.45 ± 118.72, tokens seen: 1832755200, grad norm: 3.1035
[iter 29840]loss: 3.0981, tokens/sec: 20552.45 ± 118.70, tokens seen: 1833369600, grad norm: 2.1778
[iter 29850]loss: 3.0605, tokens/sec: 20552.45 ± 118.69, tokens seen: 1833984000, grad norm: 1.4011
[iter 29860]loss: 3.1758, tokens/sec: 20552.45 ± 118.67, tokens seen: 1834598400, grad norm: 1.1223
[iter 29870]loss: 3.1245, tokens/sec: 20552.46 ± 118.65, tokens seen: 1835212800, grad norm: 0.9133
[iter 29880]loss: 3.0569, tokens/sec: 20552.46 ± 118.63, tokens seen: 1835827200, grad norm: 0.9487
[iter 29890]loss: 3.2441, tokens/sec: 20552.46 ± 118.61, tokens seen: 1836441600, grad norm: 0.9756
[iter 29900]loss: 3.0241, tokens/sec: 20552.46 ± 118.59, tokens seen: 1837056000, grad norm: 0.9211
[iter 29910]loss: 2.8684, tokens/sec: 20552.47 ± 118.57, tokens seen: 1837670400, grad norm: 0.9079
[iter 29920]loss: 3.0238, tokens/sec: 20552.47 ± 118.55, tokens seen: 1838284800, grad norm: 0.9078
[iter 29930]loss: 3.3090, tokens/sec: 20552.47 ± 118.53, tokens seen: 1838899200, grad norm: 0.9314
[iter 29940]loss: 3.0096, tokens/sec: 20552.47 ± 118.51, tokens seen: 1839513600, grad norm: 0.9301
[iter 29950]loss: 2.8417, tokens/sec: 20552.47 ± 118.49, tokens seen: 1840128000, grad norm: 0.9263
[iter 29960]loss: 2.9509, tokens/sec: 20552.47 ± 118.47, tokens seen: 1840742400, grad norm: 0.9143
[iter 29970]loss: 2.9415, tokens/sec: 20552.47 ± 118.46, tokens seen: 1841356800, grad norm: 0.9761
[iter 29980]loss: 3.0772, tokens/sec: 20552.47 ± 118.44, tokens seen: 1841971200, grad norm: 0.8679
[iter 29990]loss: 3.0192, tokens/sec: 20552.47 ± 118.42, tokens seen: 1842585600, grad norm: 0.8929
[step 30000]train loss: 3.1041, val loss: 3.0907, (avg train loss: 0.6198 ± 0.0337), (avg grad norm: 1.1102 ± 0.6752)
saving checkpoint to ./out-owt-xl-mhc-bs6-80000step
[iter 30000]loss: 3.1356, tokens/sec: 20552.47 ± 118.40, tokens seen: 1843200000, grad norm: 0.8613
[iter 30010]loss: 3.1261, tokens/sec: 20552.48 ± 118.38, tokens seen: 1843814400, grad norm: 0.9927
[iter 30020]loss: 2.9091, tokens/sec: 20552.47 ± 118.36, tokens seen: 1844428800, grad norm: 0.9238
[iter 30030]loss: 3.0825, tokens/sec: 20552.46 ± 118.34, tokens seen: 1845043200, grad norm: 0.9147
[iter 30040]loss: 2.9254, tokens/sec: 20552.47 ± 118.33, tokens seen: 1845657600, grad norm: 0.9936
[iter 30050]loss: 3.0646, tokens/sec: 20552.47 ± 118.31, tokens seen: 1846272000, grad norm: 0.8524
[iter 30060]loss: 3.1484, tokens/sec: 20552.47 ± 118.29, tokens seen: 1846886400, grad norm: 0.8824
[iter 30070]loss: 2.9001, tokens/sec: 20552.47 ± 118.27, tokens seen: 1847500800, grad norm: 0.9158
[iter 30080]loss: 2.7250, tokens/sec: 20552.47 ± 118.25, tokens seen: 1848115200, grad norm: 0.8668
[iter 30090]loss: 3.1199, tokens/sec: 20552.47 ± 118.23, tokens seen: 1848729600, grad norm: 0.8522
[iter 30100]loss: 3.0522, tokens/sec: 20552.47 ± 118.21, tokens seen: 1849344000, grad norm: 0.9103
[iter 30110]loss: 3.2277, tokens/sec: 20552.47 ± 118.19, tokens seen: 1849958400, grad norm: 0.9769
[iter 30120]loss: 3.2476, tokens/sec: 20552.47 ± 118.18, tokens seen: 1850572800, grad norm: 0.9620
[iter 30130]loss: 3.1806, tokens/sec: 20552.48 ± 118.16, tokens seen: 1851187200, grad norm: 1.0264
[iter 30140]loss: 2.9980, tokens/sec: 20552.48 ± 118.14, tokens seen: 1851801600, grad norm: 1.0154
[iter 30150]loss: 3.0595, tokens/sec: 20552.48 ± 118.12, tokens seen: 1852416000, grad norm: 0.9443
[iter 30160]loss: 3.1160, tokens/sec: 20552.47 ± 118.10, tokens seen: 1853030400, grad norm: 0.9963
[iter 30170]loss: 2.9993, tokens/sec: 20552.47 ± 118.08, tokens seen: 1853644800, grad norm: 0.8920
[iter 30180]loss: 3.1148, tokens/sec: 20552.47 ± 118.06, tokens seen: 1854259200, grad norm: 0.9752
[iter 30190]loss: 3.0333, tokens/sec: 20552.47 ± 118.05, tokens seen: 1854873600, grad norm: 0.9966
[iter 30200]loss: 2.5889, tokens/sec: 20552.47 ± 118.03, tokens seen: 1855488000, grad norm: 0.9060
[iter 30210]loss: 3.0774, tokens/sec: 20552.47 ± 118.01, tokens seen: 1856102400, grad norm: 0.9953
[iter 30220]loss: 3.0902, tokens/sec: 20552.47 ± 117.99, tokens seen: 1856716800, grad norm: 0.9875
[iter 30230]loss: 3.1576, tokens/sec: 20552.47 ± 117.97, tokens seen: 1857331200, grad norm: 0.9825
[iter 30240]loss: 2.8956, tokens/sec: 20552.46 ± 117.95, tokens seen: 1857945600, grad norm: 0.9233
[iter 30250]loss: 3.0843, tokens/sec: 20552.47 ± 117.94, tokens seen: 1858560000, grad norm: 0.9686
[iter 30260]loss: 3.1246, tokens/sec: 20552.47 ± 117.92, tokens seen: 1859174400, grad norm: 1.2153
[iter 30270]loss: 3.1696, tokens/sec: 20552.48 ± 117.90, tokens seen: 1859788800, grad norm: 0.8597
[iter 30280]loss: 2.8111, tokens/sec: 20552.47 ± 117.88, tokens seen: 1860403200, grad norm: 0.8650
[iter 30290]loss: 3.1224, tokens/sec: 20552.47 ± 117.86, tokens seen: 1861017600, grad norm: 0.8913
[iter 30300]loss: 3.0031, tokens/sec: 20552.47 ± 117.84, tokens seen: 1861632000, grad norm: 0.8702
[iter 30310]loss: 2.9370, tokens/sec: 20552.47 ± 117.82, tokens seen: 1862246400, grad norm: 0.8820
[iter 30320]loss: 3.0007, tokens/sec: 20552.47 ± 117.80, tokens seen: 1862860800, grad norm: 0.8704
[iter 30330]loss: 3.1155, tokens/sec: 20552.47 ± 117.79, tokens seen: 1863475200, grad norm: 0.9032
[iter 30340]loss: 3.1951, tokens/sec: 20552.47 ± 117.77, tokens seen: 1864089600, grad norm: 0.9055
[iter 30350]loss: 3.2837, tokens/sec: 20552.47 ± 117.75, tokens seen: 1864704000, grad norm: 0.8656
[iter 30360]loss: 3.0950, tokens/sec: 20552.46 ± 117.73, tokens seen: 1865318400, grad norm: 0.9103
[iter 30370]loss: 3.2092, tokens/sec: 20552.46 ± 117.71, tokens seen: 1865932800, grad norm: 0.8964
[iter 30380]loss: 3.1519, tokens/sec: 20552.46 ± 117.69, tokens seen: 1866547200, grad norm: 0.9566
[iter 30390]loss: 3.0950, tokens/sec: 20552.46 ± 117.67, tokens seen: 1867161600, grad norm: 0.9364
[iter 30400]loss: 3.0183, tokens/sec: 20552.46 ± 117.66, tokens seen: 1867776000, grad norm: 0.9145
[iter 30410]loss: 3.0572, tokens/sec: 20552.46 ± 117.64, tokens seen: 1868390400, grad norm: 1.1019
[iter 30420]loss: 3.1100, tokens/sec: 20552.46 ± 117.62, tokens seen: 1869004800, grad norm: 0.8838
[iter 30430]loss: 3.1430, tokens/sec: 20552.46 ± 117.60, tokens seen: 1869619200, grad norm: 0.9835
[iter 30440]loss: 2.9451, tokens/sec: 20552.46 ± 117.58, tokens seen: 1870233600, grad norm: 1.0184
[iter 30450]loss: 2.8511, tokens/sec: 20552.46 ± 117.56, tokens seen: 1870848000, grad norm: 0.9146
[iter 30460]loss: 2.9877, tokens/sec: 20552.46 ± 117.55, tokens seen: 1871462400, grad norm: 1.1479
[iter 30470]loss: 3.0172, tokens/sec: 20552.46 ± 117.53, tokens seen: 1872076800, grad norm: 1.0288
[iter 30480]loss: 2.8963, tokens/sec: 20552.45 ± 117.51, tokens seen: 1872691200, grad norm: 0.9115
[iter 30490]loss: 2.9963, tokens/sec: 20552.45 ± 117.49, tokens seen: 1873305600, grad norm: 0.8741
[step 30500]train loss: 3.0775, val loss: 3.0920, (avg train loss: 0.6159 ± 0.0297), (avg grad norm: 0.9459 ± 0.0935)
[iter 30500]loss: 2.9779, tokens/sec: 20552.44 ± 117.47, tokens seen: 1873920000, grad norm: 0.9896
[iter 30510]loss: 2.9743, tokens/sec: 20552.44 ± 117.45, tokens seen: 1874534400, grad norm: 0.9368
[iter 30520]loss: 3.0733, tokens/sec: 20552.43 ± 117.44, tokens seen: 1875148800, grad norm: 1.0192
[iter 30530]loss: 3.2282, tokens/sec: 20552.43 ± 117.42, tokens seen: 1875763200, grad norm: 0.8955
[iter 30540]loss: 3.0033, tokens/sec: 20552.43 ± 117.40, tokens seen: 1876377600, grad norm: 0.8741
[iter 30550]loss: 3.0645, tokens/sec: 20552.43 ± 117.38, tokens seen: 1876992000, grad norm: 0.9117
[iter 30560]loss: 2.9717, tokens/sec: 20552.43 ± 117.36, tokens seen: 1877606400, grad norm: 0.9297
[iter 30570]loss: 3.2225, tokens/sec: 20552.43 ± 117.34, tokens seen: 1878220800, grad norm: 0.9029
[iter 30580]loss: 3.2989, tokens/sec: 20552.42 ± 117.33, tokens seen: 1878835200, grad norm: 1.0124
[iter 30590]loss: 3.1564, tokens/sec: 20552.42 ± 117.31, tokens seen: 1879449600, grad norm: 0.9968
[iter 30600]loss: 2.9917, tokens/sec: 20552.42 ± 117.29, tokens seen: 1880064000, grad norm: 1.1659
[iter 30610]loss: 3.2077, tokens/sec: 20552.42 ± 117.27, tokens seen: 1880678400, grad norm: 0.9759
[iter 30620]loss: 3.1750, tokens/sec: 20552.42 ± 117.25, tokens seen: 1881292800, grad norm: 0.9797
[iter 30630]loss: 3.1469, tokens/sec: 20552.41 ± 117.24, tokens seen: 1881907200, grad norm: 0.9279
[iter 30640]loss: 2.9635, tokens/sec: 20552.41 ± 117.22, tokens seen: 1882521600, grad norm: 1.2848
[iter 30650]loss: 2.9704, tokens/sec: 20552.42 ± 117.20, tokens seen: 1883136000, grad norm: 2.2711
[iter 30660]loss: 3.0048, tokens/sec: 20552.42 ± 117.18, tokens seen: 1883750400, grad norm: 1.2283
[iter 30670]loss: 2.9692, tokens/sec: 20552.42 ± 117.16, tokens seen: 1884364800, grad norm: 0.9787
[iter 30680]loss: 3.1792, tokens/sec: 20552.42 ± 117.14, tokens seen: 1884979200, grad norm: 1.0390
[iter 30690]loss: 3.2469, tokens/sec: 20552.42 ± 117.13, tokens seen: 1885593600, grad norm: 1.3598
[iter 30700]loss: 3.0124, tokens/sec: 20552.43 ± 117.11, tokens seen: 1886208000, grad norm: 1.1245
[iter 30710]loss: 3.2094, tokens/sec: 20552.43 ± 117.09, tokens seen: 1886822400, grad norm: 1.1761
[iter 30720]loss: 2.8508, tokens/sec: 20552.43 ± 117.07, tokens seen: 1887436800, grad norm: 0.9821
[iter 30730]loss: 2.5661, tokens/sec: 20552.43 ± 117.05, tokens seen: 1888051200, grad norm: 1.0401
[iter 30740]loss: 2.8878, tokens/sec: 20552.44 ± 117.03, tokens seen: 1888665600, grad norm: 1.4975
[iter 30750]loss: 3.2439, tokens/sec: 20552.44 ± 117.02, tokens seen: 1889280000, grad norm: 1.0185
[iter 30760]loss: 3.0551, tokens/sec: 20552.44 ± 117.00, tokens seen: 1889894400, grad norm: 0.9267
[iter 30770]loss: 3.0957, tokens/sec: 20552.45 ± 116.98, tokens seen: 1890508800, grad norm: 1.4448
[iter 30780]loss: 3.0042, tokens/sec: 20552.45 ± 116.96, tokens seen: 1891123200, grad norm: 1.2171
[iter 30790]loss: 2.8512, tokens/sec: 20552.46 ± 116.94, tokens seen: 1891737600, grad norm: 1.3354
[iter 30800]loss: 3.2917, tokens/sec: 20552.46 ± 116.92, tokens seen: 1892352000, grad norm: 2.6474
[iter 30810]loss: 3.1687, tokens/sec: 20552.46 ± 116.91, tokens seen: 1892966400, grad norm: 2.3634
[iter 30820]loss: 2.9952, tokens/sec: 20552.46 ± 116.89, tokens seen: 1893580800, grad norm: 1.8195
[iter 30830]loss: 3.1589, tokens/sec: 20552.46 ± 116.87, tokens seen: 1894195200, grad norm: 1.5935
[iter 30840]loss: 3.1113, tokens/sec: 20552.47 ± 116.85, tokens seen: 1894809600, grad norm: 1.4610
[iter 30850]loss: 2.9542, tokens/sec: 20552.47 ± 116.83, tokens seen: 1895424000, grad norm: 2.0256
[iter 30860]loss: 3.1326, tokens/sec: 20552.47 ± 116.82, tokens seen: 1896038400, grad norm: 1.0930
[iter 30870]loss: 2.6543, tokens/sec: 20552.46 ± 116.80, tokens seen: 1896652800, grad norm: 4.1945
[iter 30880]loss: 3.2619, tokens/sec: 20552.46 ± 116.78, tokens seen: 1897267200, grad norm: 1.0135
[iter 30890]loss: 2.9276, tokens/sec: 20552.46 ± 116.76, tokens seen: 1897881600, grad norm: 1.3393
[iter 30900]loss: 2.9575, tokens/sec: 20552.46 ± 116.75, tokens seen: 1898496000, grad norm: 1.6893
[iter 30910]loss: 2.8812, tokens/sec: 20552.46 ± 116.73, tokens seen: 1899110400, grad norm: 0.9769
[iter 30920]loss: 2.9056, tokens/sec: 20552.46 ± 116.71, tokens seen: 1899724800, grad norm: 1.0328
[iter 30930]loss: 3.2720, tokens/sec: 20552.45 ± 116.69, tokens seen: 1900339200, grad norm: 1.3959
[iter 30940]loss: 3.0990, tokens/sec: 20552.46 ± 116.68, tokens seen: 1900953600, grad norm: 1.0020
[iter 30950]loss: 2.9829, tokens/sec: 20552.46 ± 116.66, tokens seen: 1901568000, grad norm: 1.2107
[iter 30960]loss: 3.0711, tokens/sec: 20552.46 ± 116.64, tokens seen: 1902182400, grad norm: 1.0304
[iter 30970]loss: 3.0549, tokens/sec: 20552.46 ± 116.62, tokens seen: 1902796800, grad norm: 0.9847
[iter 30980]loss: 2.8158, tokens/sec: 20552.46 ± 116.60, tokens seen: 1903411200, grad norm: 1.0587
[iter 30990]loss: 2.9722, tokens/sec: 20552.46 ± 116.59, tokens seen: 1904025600, grad norm: 1.0047
[step 31000]train loss: 3.0622, val loss: 3.1154, (avg train loss: 0.6158 ± 0.0348), (avg grad norm: 1.8447 ± 1.9880)
[iter 31000]loss: 3.2176, tokens/sec: 20552.46 ± 116.57, tokens seen: 1904640000, grad norm: 0.9255
[iter 31010]loss: 3.0120, tokens/sec: 20552.46 ± 116.55, tokens seen: 1905254400, grad norm: 1.0155
[iter 31020]loss: 2.7590, tokens/sec: 20552.45 ± 116.53, tokens seen: 1905868800, grad norm: 1.0040
[iter 31030]loss: 3.1558, tokens/sec: 20552.45 ± 116.52, tokens seen: 1906483200, grad norm: 0.9642
[iter 31040]loss: 3.3152, tokens/sec: 20552.45 ± 116.50, tokens seen: 1907097600, grad norm: 1.8584
[iter 31050]loss: 2.9901, tokens/sec: 20552.44 ± 116.48, tokens seen: 1907712000, grad norm: 1.2223
[iter 31060]loss: 2.9849, tokens/sec: 20552.43 ± 116.46, tokens seen: 1908326400, grad norm: 1.4426
[iter 31070]loss: 3.1691, tokens/sec: 20552.43 ± 116.44, tokens seen: 1908940800, grad norm: 1.0414
[iter 31080]loss: 2.8255, tokens/sec: 20552.44 ± 116.43, tokens seen: 1909555200, grad norm: 0.9097
[iter 31090]loss: 3.2085, tokens/sec: 20552.44 ± 116.41, tokens seen: 1910169600, grad norm: 1.1335
[iter 31100]loss: 2.9779, tokens/sec: 20552.44 ± 116.39, tokens seen: 1910784000, grad norm: 1.0413
[iter 31110]loss: 2.9651, tokens/sec: 20552.43 ± 116.37, tokens seen: 1911398400, grad norm: 1.8419
[iter 31120]loss: 2.9831, tokens/sec: 20552.43 ± 116.36, tokens seen: 1912012800, grad norm: 1.1674
[iter 31130]loss: 3.0115, tokens/sec: 20552.43 ± 116.34, tokens seen: 1912627200, grad norm: 1.6359
[iter 31140]loss: 2.8504, tokens/sec: 20552.43 ± 116.32, tokens seen: 1913241600, grad norm: 2.1054
[iter 31150]loss: 3.1232, tokens/sec: 20552.43 ± 116.30, tokens seen: 1913856000, grad norm: 5.1774
[iter 31160]loss: 3.0538, tokens/sec: 20552.43 ± 116.28, tokens seen: 1914470400, grad norm: 5.3048
[iter 31170]loss: 2.9235, tokens/sec: 20552.42 ± 116.27, tokens seen: 1915084800, grad norm: 2.7975
[iter 31180]loss: 2.9257, tokens/sec: 20552.42 ± 116.25, tokens seen: 1915699200, grad norm: 3.1449
[iter 31190]loss: 2.9411, tokens/sec: 20552.42 ± 116.23, tokens seen: 1916313600, grad norm: 3.1267
[iter 31200]loss: 3.0913, tokens/sec: 20552.42 ± 116.21, tokens seen: 1916928000, grad norm: 2.1313
[iter 31210]loss: 3.1227, tokens/sec: 20552.41 ± 116.20, tokens seen: 1917542400, grad norm: 1.5338
[iter 31220]loss: 3.1687, tokens/sec: 20552.41 ± 116.18, tokens seen: 1918156800, grad norm: 3.3441
[iter 31230]loss: 3.0863, tokens/sec: 20552.41 ± 116.16, tokens seen: 1918771200, grad norm: 1.0547
[iter 31240]loss: 3.2344, tokens/sec: 20552.41 ± 116.14, tokens seen: 1919385600, grad norm: 1.8241
[iter 31250]loss: 3.2111, tokens/sec: 20552.41 ± 116.13, tokens seen: 1920000000, grad norm: 1.7409
[iter 31260]loss: 2.7470, tokens/sec: 20552.41 ± 116.11, tokens seen: 1920614400, grad norm: 1.0918
[iter 31270]loss: 3.3375, tokens/sec: 20552.41 ± 116.09, tokens seen: 1921228800, grad norm: 1.2484
[iter 31280]loss: 3.1042, tokens/sec: 20552.40 ± 116.07, tokens seen: 1921843200, grad norm: 1.1805
[iter 31290]loss: 2.8319, tokens/sec: 20552.41 ± 116.05, tokens seen: 1922457600, grad norm: 1.0381
[iter 31300]loss: 3.1178, tokens/sec: 20552.41 ± 116.04, tokens seen: 1923072000, grad norm: 1.4339
[iter 31310]loss: 3.0566, tokens/sec: 20552.41 ± 116.02, tokens seen: 1923686400, grad norm: 1.0028
[iter 31320]loss: 2.9231, tokens/sec: 20552.41 ± 116.00, tokens seen: 1924300800, grad norm: 1.5071
[iter 31330]loss: 2.9988, tokens/sec: 20552.41 ± 115.98, tokens seen: 1924915200, grad norm: 1.0610
[iter 31340]loss: 3.1058, tokens/sec: 20552.41 ± 115.97, tokens seen: 1925529600, grad norm: 1.6660
[iter 31350]loss: 3.0142, tokens/sec: 20552.41 ± 115.95, tokens seen: 1926144000, grad norm: 1.4026
[iter 31360]loss: 3.1934, tokens/sec: 20552.40 ± 115.93, tokens seen: 1926758400, grad norm: 1.2063
[iter 31370]loss: 3.0961, tokens/sec: 20552.40 ± 115.91, tokens seen: 1927372800, grad norm: 1.3726
[iter 31380]loss: 2.9609, tokens/sec: 20552.40 ± 115.90, tokens seen: 1927987200, grad norm: 1.2748
[iter 31390]loss: 3.0495, tokens/sec: 20552.40 ± 115.88, tokens seen: 1928601600, grad norm: 0.9843
[iter 31400]loss: 3.0663, tokens/sec: 20552.40 ± 115.86, tokens seen: 1929216000, grad norm: 1.3014
[iter 31410]loss: 3.0897, tokens/sec: 20552.39 ± 115.84, tokens seen: 1929830400, grad norm: 1.1824
[iter 31420]loss: 3.1090, tokens/sec: 20552.40 ± 115.83, tokens seen: 1930444800, grad norm: 1.7695
[iter 31430]loss: 2.9385, tokens/sec: 20552.40 ± 115.81, tokens seen: 1931059200, grad norm: 2.4874
[iter 31440]loss: 3.3836, tokens/sec: 20552.40 ± 115.79, tokens seen: 1931673600, grad norm: 1.2591
[iter 31450]loss: 3.0986, tokens/sec: 20552.40 ± 115.77, tokens seen: 1932288000, grad norm: 1.0792
[iter 31460]loss: 2.9238, tokens/sec: 20552.40 ± 115.76, tokens seen: 1932902400, grad norm: 1.2563
[iter 31470]loss: 3.1722, tokens/sec: 20552.40 ± 115.74, tokens seen: 1933516800, grad norm: 3.0896
[iter 31480]loss: 3.0257, tokens/sec: 20552.39 ± 115.72, tokens seen: 1934131200, grad norm: 3.6017
[iter 31490]loss: 3.1144, tokens/sec: 20552.39 ± 115.71, tokens seen: 1934745600, grad norm: 6.5245
[step 31500]train loss: 3.0715, val loss: 3.0718, (avg train loss: 0.6115 ± 0.0302), (avg grad norm: 1.9471 ± 1.7828)
saving checkpoint to ./out-owt-xl-mhc-bs6-80000step
[iter 31500]loss: 3.0963, tokens/sec: 20552.39 ± 115.69, tokens seen: 1935360000, grad norm: 11.4940
[iter 31510]loss: 3.0171, tokens/sec: 20552.40 ± 115.67, tokens seen: 1935974400, grad norm: 3.8434
[iter 31520]loss: 2.9122, tokens/sec: 20552.39 ± 115.66, tokens seen: 1936588800, grad norm: 2.2293
[iter 31530]loss: 2.9631, tokens/sec: 20552.38 ± 115.64, tokens seen: 1937203200, grad norm: 1.8640
[iter 31540]loss: 3.1461, tokens/sec: 20552.38 ± 115.62, tokens seen: 1937817600, grad norm: 1.6459
[iter 31550]loss: 3.0862, tokens/sec: 20552.38 ± 115.60, tokens seen: 1938432000, grad norm: 1.6750
[iter 31560]loss: 2.8917, tokens/sec: 20552.38 ± 115.59, tokens seen: 1939046400, grad norm: 2.0742
[iter 31570]loss: 3.2510, tokens/sec: 20552.38 ± 115.57, tokens seen: 1939660800, grad norm: 1.8628
[iter 31580]loss: 2.9724, tokens/sec: 20552.38 ± 115.55, tokens seen: 1940275200, grad norm: 2.3524
[iter 31590]loss: 3.2144, tokens/sec: 20552.38 ± 115.53, tokens seen: 1940889600, grad norm: 2.1267
[iter 31600]loss: 3.0696, tokens/sec: 20552.38 ± 115.52, tokens seen: 1941504000, grad norm: 1.6115
[iter 31610]loss: 3.0355, tokens/sec: 20552.37 ± 115.50, tokens seen: 1942118400, grad norm: 1.9752
[iter 31620]loss: 3.2240, tokens/sec: 20552.38 ± 115.48, tokens seen: 1942732800, grad norm: 1.9023
[iter 31630]loss: 2.8356, tokens/sec: 20552.38 ± 115.46, tokens seen: 1943347200, grad norm: 5.9395
[iter 31640]loss: 3.2397, tokens/sec: 20552.38 ± 115.45, tokens seen: 1943961600, grad norm: 2.0342
[iter 31650]loss: 3.0628, tokens/sec: 20552.38 ± 115.43, tokens seen: 1944576000, grad norm: 1.8610
[iter 31660]loss: 2.9455, tokens/sec: 20552.39 ± 115.41, tokens seen: 1945190400, grad norm: 13.0457
[iter 31670]loss: 2.9096, tokens/sec: 20552.39 ± 115.39, tokens seen: 1945804800, grad norm: 1.4475
[iter 31680]loss: 2.9641, tokens/sec: 20552.39 ± 115.38, tokens seen: 1946419200, grad norm: 3.6820
[iter 31690]loss: 3.2686, tokens/sec: 20552.39 ± 115.36, tokens seen: 1947033600, grad norm: 1.9019
[iter 31700]loss: 3.0285, tokens/sec: 20552.39 ± 115.34, tokens seen: 1947648000, grad norm: 1.5946
[iter 31710]loss: 3.0133, tokens/sec: 20552.38 ± 115.32, tokens seen: 1948262400, grad norm: 1.0513
[iter 31720]loss: 3.2585, tokens/sec: 20552.38 ± 115.31, tokens seen: 1948876800, grad norm: 1.2590
[iter 31730]loss: 3.0916, tokens/sec: 20552.38 ± 115.29, tokens seen: 1949491200, grad norm: 1.6401
[iter 31740]loss: 2.9911, tokens/sec: 20552.38 ± 115.27, tokens seen: 1950105600, grad norm: 1.4323
[iter 31750]loss: 3.2619, tokens/sec: 20552.38 ± 115.25, tokens seen: 1950720000, grad norm: 16.8395
[iter 31760]loss: 3.0178, tokens/sec: 20552.38 ± 115.24, tokens seen: 1951334400, grad norm: 1.9479
[iter 31770]loss: 3.1697, tokens/sec: 20552.38 ± 115.22, tokens seen: 1951948800, grad norm: 1.4930
[iter 31780]loss: 3.0453, tokens/sec: 20552.38 ± 115.20, tokens seen: 1952563200, grad norm: 1.8192
[iter 31790]loss: 2.9948, tokens/sec: 20552.38 ± 115.18, tokens seen: 1953177600, grad norm: 1.2721
[iter 31800]loss: 3.0450, tokens/sec: 20552.38 ± 115.17, tokens seen: 1953792000, grad norm: 2.3377
[iter 31810]loss: 2.3850, tokens/sec: 20552.38 ± 115.15, tokens seen: 1954406400, grad norm: 6.2584
[iter 31820]loss: 2.3723, tokens/sec: 20552.38 ± 115.13, tokens seen: 1955020800, grad norm: 3.0698
[iter 31830]loss: 3.2897, tokens/sec: 20552.38 ± 115.11, tokens seen: 1955635200, grad norm: 2.6033
[iter 31840]loss: 3.1051, tokens/sec: 20552.38 ± 115.10, tokens seen: 1956249600, grad norm: 1.4535
[iter 31850]loss: 2.8772, tokens/sec: 20552.38 ± 115.08, tokens seen: 1956864000, grad norm: 2.0615
[iter 31860]loss: 3.0215, tokens/sec: 20552.38 ± 115.06, tokens seen: 1957478400, grad norm: 1.3909
[iter 31870]loss: 3.1411, tokens/sec: 20552.38 ± 115.04, tokens seen: 1958092800, grad norm: 1.5351
[iter 31880]loss: 3.1566, tokens/sec: 20552.38 ± 115.03, tokens seen: 1958707200, grad norm: 1.7526
[iter 31890]loss: 3.0961, tokens/sec: 20552.38 ± 115.01, tokens seen: 1959321600, grad norm: 2.4333
[iter 31900]loss: 3.0035, tokens/sec: 20552.37 ± 114.99, tokens seen: 1959936000, grad norm: 2.4739
[iter 31910]loss: 3.0985, tokens/sec: 20552.38 ± 114.97, tokens seen: 1960550400, grad norm: 1.1869
[iter 31920]loss: 3.0778, tokens/sec: 20552.38 ± 114.96, tokens seen: 1961164800, grad norm: 1.4189
[iter 31930]loss: 3.0005, tokens/sec: 20552.38 ± 114.94, tokens seen: 1961779200, grad norm: 1.3318
[iter 31940]loss: 3.0741, tokens/sec: 20552.38 ± 114.92, tokens seen: 1962393600, grad norm: 1.2930
[iter 31950]loss: 3.1654, tokens/sec: 20552.38 ± 114.90, tokens seen: 1963008000, grad norm: 5.4041
[iter 31960]loss: 3.0122, tokens/sec: 20552.38 ± 114.89, tokens seen: 1963622400, grad norm: 1.4927
[iter 31970]loss: 3.1293, tokens/sec: 20552.39 ± 114.87, tokens seen: 1964236800, grad norm: 2.3182
[iter 31980]loss: 3.1422, tokens/sec: 20552.38 ± 114.85, tokens seen: 1964851200, grad norm: 1.3680
[iter 31990]loss: 3.2322, tokens/sec: 20552.38 ± 114.83, tokens seen: 1965465600, grad norm: 2.2881
[step 32000]train loss: 3.0585, val loss: 3.0511, (avg train loss: 0.6124 ± 0.0324), (avg grad norm: 2.3292 ± 1.5253)
saving checkpoint to ./out-owt-xl-mhc-bs6-80000step
[iter 32000]loss: 2.9562, tokens/sec: 20552.38 ± 114.82, tokens seen: 1966080000, grad norm: 1.2020
[iter 32010]loss: 2.8318, tokens/sec: 20552.40 ± 114.80, tokens seen: 1966694400, grad norm: 13.1323
[iter 32020]loss: 3.1283, tokens/sec: 20552.39 ± 114.79, tokens seen: 1967308800, grad norm: 1.1641
[iter 32030]loss: 2.6968, tokens/sec: 20552.39 ± 114.77, tokens seen: 1967923200, grad norm: 2.1213
[iter 32040]loss: 2.7574, tokens/sec: 20552.39 ± 114.75, tokens seen: 1968537600, grad norm: 2.2585
[iter 32050]loss: 3.2695, tokens/sec: 20552.39 ± 114.74, tokens seen: 1969152000, grad norm: 1.2489
[iter 32060]loss: 3.2461, tokens/sec: 20552.39 ± 114.72, tokens seen: 1969766400, grad norm: 3.6378
[iter 32070]loss: 3.0294, tokens/sec: 20552.39 ± 114.70, tokens seen: 1970380800, grad norm: 1.7189
[iter 32080]loss: 3.0651, tokens/sec: 20552.39 ± 114.68, tokens seen: 1970995200, grad norm: 16.0805
[iter 32090]loss: 3.0952, tokens/sec: 20552.39 ± 114.67, tokens seen: 1971609600, grad norm: 2.1463
[iter 32100]loss: 3.3274, tokens/sec: 20552.40 ± 114.65, tokens seen: 1972224000, grad norm: 1.6750
[iter 32110]loss: 3.0233, tokens/sec: 20552.39 ± 114.63, tokens seen: 1972838400, grad norm: 7.2794
[iter 32120]loss: 2.9836, tokens/sec: 20552.39 ± 114.62, tokens seen: 1973452800, grad norm: 1.2331
[iter 32130]loss: 3.1167, tokens/sec: 20552.39 ± 114.60, tokens seen: 1974067200, grad norm: 1.4496
[iter 32140]loss: 2.9023, tokens/sec: 20552.39 ± 114.58, tokens seen: 1974681600, grad norm: 1.3138
[iter 32150]loss: 3.0584, tokens/sec: 20552.39 ± 114.57, tokens seen: 1975296000, grad norm: 0.9949
[iter 32160]loss: 3.1075, tokens/sec: 20552.39 ± 114.55, tokens seen: 1975910400, grad norm: 2.7892
[iter 32170]loss: 3.2677, tokens/sec: 20552.39 ± 114.53, tokens seen: 1976524800, grad norm: 5.7979
[iter 32180]loss: 3.2331, tokens/sec: 20552.39 ± 114.51, tokens seen: 1977139200, grad norm: 1.1740
[iter 32190]loss: 3.1376, tokens/sec: 20552.38 ± 114.50, tokens seen: 1977753600, grad norm: 1.3910
[iter 32200]loss: 2.8014, tokens/sec: 20552.38 ± 114.48, tokens seen: 1978368000, grad norm: 0.9533
[iter 32210]loss: 2.8840, tokens/sec: 20552.38 ± 114.46, tokens seen: 1978982400, grad norm: 1.3781
[iter 32220]loss: 3.1001, tokens/sec: 20552.38 ± 114.45, tokens seen: 1979596800, grad norm: 1.5713
[iter 32230]loss: 2.9641, tokens/sec: 20552.38 ± 114.43, tokens seen: 1980211200, grad norm: 1.1593
[iter 32240]loss: 2.9186, tokens/sec: 20552.38 ± 114.41, tokens seen: 1980825600, grad norm: 1.2237
[iter 32250]loss: 2.9647, tokens/sec: 20552.38 ± 114.40, tokens seen: 1981440000, grad norm: 1.4665
[iter 32260]loss: 2.7575, tokens/sec: 20552.37 ± 114.38, tokens seen: 1982054400, grad norm: 1.1704
[iter 32270]loss: 3.0598, tokens/sec: 20552.37 ± 114.36, tokens seen: 1982668800, grad norm: 0.9616
[iter 32280]loss: 3.0074, tokens/sec: 20552.37 ± 114.34, tokens seen: 1983283200, grad norm: 1.0418
[iter 32290]loss: 3.0530, tokens/sec: 20552.37 ± 114.33, tokens seen: 1983897600, grad norm: 0.9798
[iter 32300]loss: 3.0259, tokens/sec: 20552.37 ± 114.31, tokens seen: 1984512000, grad norm: 0.9162
[iter 32310]loss: 2.9321, tokens/sec: 20552.37 ± 114.29, tokens seen: 1985126400, grad norm: 1.0498
[iter 32320]loss: 2.9644, tokens/sec: 20552.37 ± 114.28, tokens seen: 1985740800, grad norm: 0.9132
[iter 32330]loss: 3.2893, tokens/sec: 20552.37 ± 114.26, tokens seen: 1986355200, grad norm: 1.9839
[iter 32340]loss: 3.1929, tokens/sec: 20552.37 ± 114.24, tokens seen: 1986969600, grad norm: 1.2524
[iter 32350]loss: 3.0208, tokens/sec: 20552.37 ± 114.22, tokens seen: 1987584000, grad norm: 0.9895
[iter 32360]loss: 2.8023, tokens/sec: 20552.37 ± 114.21, tokens seen: 1988198400, grad norm: 1.5660
[iter 32370]loss: 3.1688, tokens/sec: 20552.37 ± 114.19, tokens seen: 1988812800, grad norm: 1.1538
[iter 32380]loss: 3.1462, tokens/sec: 20552.38 ± 114.17, tokens seen: 1989427200, grad norm: 0.9497
[iter 32390]loss: 3.0604, tokens/sec: 20552.38 ± 114.16, tokens seen: 1990041600, grad norm: 0.9676
[iter 32400]loss: 2.7296, tokens/sec: 20552.38 ± 114.14, tokens seen: 1990656000, grad norm: 0.9300
[iter 32410]loss: 3.1297, tokens/sec: 20552.38 ± 114.12, tokens seen: 1991270400, grad norm: 0.9756
[iter 32420]loss: 3.2221, tokens/sec: 20552.38 ± 114.11, tokens seen: 1991884800, grad norm: 0.9899
[iter 32430]loss: 3.0191, tokens/sec: 20552.38 ± 114.09, tokens seen: 1992499200, grad norm: 0.9976
[iter 32440]loss: 2.6834, tokens/sec: 20552.38 ± 114.07, tokens seen: 1993113600, grad norm: 0.9441
[iter 32450]loss: 2.9154, tokens/sec: 20552.38 ± 114.05, tokens seen: 1993728000, grad norm: 0.9701
[iter 32460]loss: 2.8647, tokens/sec: 20552.38 ± 114.04, tokens seen: 1994342400, grad norm: 1.0643
[iter 32470]loss: 3.1098, tokens/sec: 20552.38 ± 114.02, tokens seen: 1994956800, grad norm: 0.9815
[iter 32480]loss: 2.9770, tokens/sec: 20552.38 ± 114.00, tokens seen: 1995571200, grad norm: 0.9096
[iter 32490]loss: 3.1351, tokens/sec: 20552.38 ± 113.99, tokens seen: 1996185600, grad norm: 1.0231
[step 32500]train loss: 3.0267, val loss: 3.0572, (avg train loss: 0.6142 ± 0.0299), (avg grad norm: 1.1312 ± 0.5758)
[iter 32500]loss: 3.1446, tokens/sec: 20552.39 ± 113.97, tokens seen: 1996800000, grad norm: 1.0153
[iter 32510]loss: 2.9544, tokens/sec: 20552.39 ± 113.95, tokens seen: 1997414400, grad norm: 0.9244
[iter 32520]loss: 2.9263, tokens/sec: 20552.38 ± 113.94, tokens seen: 1998028800, grad norm: 0.8558
[iter 32530]loss: 2.8358, tokens/sec: 20552.38 ± 113.92, tokens seen: 1998643200, grad norm: 0.9498
[iter 32540]loss: 3.0484, tokens/sec: 20552.38 ± 113.90, tokens seen: 1999257600, grad norm: 0.9015
[iter 32550]loss: 3.0245, tokens/sec: 20552.38 ± 113.89, tokens seen: 1999872000, grad norm: 0.8586
[iter 32560]loss: 3.1450, tokens/sec: 20552.38 ± 113.87, tokens seen: 2000486400, grad norm: 0.9201
[iter 32570]loss: 3.0471, tokens/sec: 20552.38 ± 113.85, tokens seen: 2001100800, grad norm: 1.1257
[iter 32580]loss: 3.0294, tokens/sec: 20552.38 ± 113.83, tokens seen: 2001715200, grad norm: 0.9407
[iter 32590]loss: 3.2518, tokens/sec: 20552.38 ± 113.82, tokens seen: 2002329600, grad norm: 0.9460
[iter 32600]loss: 3.0674, tokens/sec: 20552.38 ± 113.80, tokens seen: 2002944000, grad norm: 1.1095
[iter 32610]loss: 2.6487, tokens/sec: 20552.38 ± 113.78, tokens seen: 2003558400, grad norm: 1.0666
[iter 32620]loss: 2.7545, tokens/sec: 20552.38 ± 113.77, tokens seen: 2004172800, grad norm: 1.1159
[iter 32630]loss: 2.6330, tokens/sec: 20552.38 ± 113.75, tokens seen: 2004787200, grad norm: 1.0278
[iter 32640]loss: 2.8397, tokens/sec: 20552.38 ± 113.73, tokens seen: 2005401600, grad norm: 0.9977
[iter 32650]loss: 3.0937, tokens/sec: 20552.37 ± 113.72, tokens seen: 2006016000, grad norm: 1.0367
[iter 32660]loss: 3.1979, tokens/sec: 20552.37 ± 113.70, tokens seen: 2006630400, grad norm: 1.3138
[iter 32670]loss: 2.5965, tokens/sec: 20552.37 ± 113.68, tokens seen: 2007244800, grad norm: 1.3824
[iter 32680]loss: 2.9621, tokens/sec: 20552.37 ± 113.67, tokens seen: 2007859200, grad norm: 2.7402
[iter 32690]loss: 3.0686, tokens/sec: 20552.36 ± 113.65, tokens seen: 2008473600, grad norm: 1.2470
[iter 32700]loss: 3.1181, tokens/sec: 20552.36 ± 113.63, tokens seen: 2009088000, grad norm: 1.3322
[iter 32710]loss: 2.7239, tokens/sec: 20552.36 ± 113.62, tokens seen: 2009702400, grad norm: 4.2770
[iter 32720]loss: 3.0779, tokens/sec: 20552.36 ± 113.60, tokens seen: 2010316800, grad norm: 1.2235
[iter 32730]loss: 3.1977, tokens/sec: 20552.36 ± 113.59, tokens seen: 2010931200, grad norm: 1.3285
[iter 32740]loss: 3.2657, tokens/sec: 20552.35 ± 113.57, tokens seen: 2011545600, grad norm: 3.2174
[iter 32750]loss: 2.9762, tokens/sec: 20552.35 ± 113.56, tokens seen: 2012160000, grad norm: 1.2025
[iter 32760]loss: 3.2904, tokens/sec: 20552.36 ± 113.54, tokens seen: 2012774400, grad norm: 0.9939
[iter 32770]loss: 3.1873, tokens/sec: 20552.36 ± 113.52, tokens seen: 2013388800, grad norm: 1.9735
[iter 32780]loss: 2.6945, tokens/sec: 20552.36 ± 113.51, tokens seen: 2014003200, grad norm: 1.3889
[iter 32790]loss: 3.2150, tokens/sec: 20552.37 ± 113.49, tokens seen: 2014617600, grad norm: 2.1339
[iter 32800]loss: 3.0064, tokens/sec: 20552.37 ± 113.47, tokens seen: 2015232000, grad norm: 3.4021
[iter 32810]loss: 3.1561, tokens/sec: 20552.37 ± 113.46, tokens seen: 2015846400, grad norm: 1.8349
[iter 32820]loss: 3.1192, tokens/sec: 20552.37 ± 113.44, tokens seen: 2016460800, grad norm: 2.6563
[iter 32830]loss: 2.9890, tokens/sec: 20552.37 ± 113.42, tokens seen: 2017075200, grad norm: 1.3066
[iter 32840]loss: 2.8727, tokens/sec: 20552.36 ± 113.41, tokens seen: 2017689600, grad norm: 1.7182
[iter 32850]loss: 3.0402, tokens/sec: 20552.37 ± 113.39, tokens seen: 2018304000, grad norm: 2.9991
[iter 32860]loss: 3.0523, tokens/sec: 20552.37 ± 113.37, tokens seen: 2018918400, grad norm: 1.2520
[iter 32870]loss: 3.1722, tokens/sec: 20552.37 ± 113.36, tokens seen: 2019532800, grad norm: 1.6774
[iter 32880]loss: 3.3424, tokens/sec: 20552.37 ± 113.34, tokens seen: 2020147200, grad norm: 2.1291
[iter 32890]loss: 2.8620, tokens/sec: 20552.37 ± 113.32, tokens seen: 2020761600, grad norm: 1.1240
[iter 32900]loss: 3.1114, tokens/sec: 20552.37 ± 113.31, tokens seen: 2021376000, grad norm: 1.3606
[iter 32910]loss: 2.9992, tokens/sec: 20552.37 ± 113.29, tokens seen: 2021990400, grad norm: 1.5783
[iter 32920]loss: 2.9216, tokens/sec: 20552.37 ± 113.27, tokens seen: 2022604800, grad norm: 0.9756
[iter 32930]loss: 3.1508, tokens/sec: 20552.37 ± 113.26, tokens seen: 2023219200, grad norm: 0.9678
[iter 32940]loss: 3.1488, tokens/sec: 20552.38 ± 113.24, tokens seen: 2023833600, grad norm: 1.5553
[iter 32950]loss: 2.9250, tokens/sec: 20552.38 ± 113.22, tokens seen: 2024448000, grad norm: 1.2651
[iter 32960]loss: 3.2029, tokens/sec: 20552.38 ± 113.21, tokens seen: 2025062400, grad norm: 1.4164
[iter 32970]loss: 3.0626, tokens/sec: 20552.38 ± 113.19, tokens seen: 2025676800, grad norm: 3.0819
[iter 32980]loss: 2.8747, tokens/sec: 20552.39 ± 113.17, tokens seen: 2026291200, grad norm: 1.3149
[iter 32990]loss: 2.9720, tokens/sec: 20552.39 ± 113.16, tokens seen: 2026905600, grad norm: 3.3987
[step 33000]train loss: 3.0534, val loss: 3.0779, (avg train loss: 0.6122 ± 0.0315), (avg grad norm: 1.5183 ± 0.5705)
[iter 33000]loss: 3.0694, tokens/sec: 20552.39 ± 113.14, tokens seen: 2027520000, grad norm: 1.9814
[iter 33010]loss: 3.1043, tokens/sec: 20552.40 ± 113.12, tokens seen: 2028134400, grad norm: 1.9698
[iter 33020]loss: 3.1269, tokens/sec: 20552.39 ± 113.11, tokens seen: 2028748800, grad norm: 1.4216
[iter 33030]loss: 3.3840, tokens/sec: 20552.39 ± 113.09, tokens seen: 2029363200, grad norm: 2.0272
[iter 33040]loss: 3.2377, tokens/sec: 20552.40 ± 113.08, tokens seen: 2029977600, grad norm: 1.5779
[iter 33050]loss: 3.2172, tokens/sec: 20552.40 ± 113.06, tokens seen: 2030592000, grad norm: 1.5446
[iter 33060]loss: 3.1277, tokens/sec: 20552.40 ± 113.04, tokens seen: 2031206400, grad norm: 1.4426
[iter 33070]loss: 2.9413, tokens/sec: 20552.40 ± 113.03, tokens seen: 2031820800, grad norm: 1.5127
[iter 33080]loss: 2.9116, tokens/sec: 20552.40 ± 113.01, tokens seen: 2032435200, grad norm: 1.5614
[iter 33090]loss: 3.0027, tokens/sec: 20552.41 ± 112.99, tokens seen: 2033049600, grad norm: 1.2448
[iter 33100]loss: 3.0048, tokens/sec: 20552.41 ± 112.98, tokens seen: 2033664000, grad norm: 1.1885
[iter 33110]loss: 3.0874, tokens/sec: 20552.41 ± 112.96, tokens seen: 2034278400, grad norm: 2.6971
[iter 33120]loss: 3.2953, tokens/sec: 20552.41 ± 112.94, tokens seen: 2034892800, grad norm: 7.2009
[iter 33130]loss: 3.0051, tokens/sec: 20552.42 ± 112.93, tokens seen: 2035507200, grad norm: 1.8869
[iter 33140]loss: 3.1538, tokens/sec: 20552.41 ± 112.91, tokens seen: 2036121600, grad norm: 9.4304
[iter 33150]loss: 3.2161, tokens/sec: 20552.41 ± 112.89, tokens seen: 2036736000, grad norm: 6.9531
[iter 33160]loss: 2.9836, tokens/sec: 20552.42 ± 112.88, tokens seen: 2037350400, grad norm: 6.9736
[iter 33170]loss: 3.1152, tokens/sec: 20552.42 ± 112.86, tokens seen: 2037964800, grad norm: 12.4890
[iter 33180]loss: 2.9282, tokens/sec: 20552.42 ± 112.84, tokens seen: 2038579200, grad norm: 3.4087
[iter 33190]loss: 3.2310, tokens/sec: 20552.42 ± 112.83, tokens seen: 2039193600, grad norm: 6.8887
[iter 33200]loss: 2.7235, tokens/sec: 20552.42 ± 112.81, tokens seen: 2039808000, grad norm: 3.5285
[iter 33210]loss: 3.1227, tokens/sec: 20552.43 ± 112.79, tokens seen: 2040422400, grad norm: 6.8485
[iter 33220]loss: 2.9266, tokens/sec: 20552.42 ± 112.78, tokens seen: 2041036800, grad norm: 5.4007
[iter 33230]loss: 3.1674, tokens/sec: 20552.42 ± 112.76, tokens seen: 2041651200, grad norm: 2.5015
[iter 33240]loss: 3.0946, tokens/sec: 20552.42 ± 112.75, tokens seen: 2042265600, grad norm: 4.0500
[iter 33250]loss: 3.2385, tokens/sec: 20552.43 ± 112.73, tokens seen: 2042880000, grad norm: 7.5179
[iter 33260]loss: 3.2322, tokens/sec: 20552.43 ± 112.71, tokens seen: 2043494400, grad norm: 3.3684
[iter 33270]loss: 3.3035, tokens/sec: 20552.43 ± 112.70, tokens seen: 2044108800, grad norm: 2.8373
[iter 33280]loss: 3.0100, tokens/sec: 20552.43 ± 112.68, tokens seen: 2044723200, grad norm: 2.5621
[iter 33290]loss: 2.9570, tokens/sec: 20552.43 ± 112.66, tokens seen: 2045337600, grad norm: 3.3970
[iter 33300]loss: 3.1775, tokens/sec: 20552.43 ± 112.65, tokens seen: 2045952000, grad norm: 4.6929
[iter 33310]loss: 3.0132, tokens/sec: 20552.43 ± 112.63, tokens seen: 2046566400, grad norm: 2.6526
[iter 33320]loss: 2.9448, tokens/sec: 20552.43 ± 112.62, tokens seen: 2047180800, grad norm: 3.9204
[iter 33330]loss: 3.1430, tokens/sec: 20552.43 ± 112.60, tokens seen: 2047795200, grad norm: 3.1437
[iter 33340]loss: 3.0564, tokens/sec: 20552.43 ± 112.58, tokens seen: 2048409600, grad norm: 2.5085
[iter 33350]loss: 2.8355, tokens/sec: 20552.44 ± 112.57, tokens seen: 2049024000, grad norm: 2.0892
[iter 33360]loss: 3.0831, tokens/sec: 20552.44 ± 112.55, tokens seen: 2049638400, grad norm: 1.3154
[iter 33370]loss: 3.0294, tokens/sec: 20552.44 ± 112.54, tokens seen: 2050252800, grad norm: 1.3822
[iter 33380]loss: 2.5795, tokens/sec: 20552.43 ± 112.52, tokens seen: 2050867200, grad norm: 5.4856
[iter 33390]loss: 3.0993, tokens/sec: 20552.43 ± 112.50, tokens seen: 2051481600, grad norm: 1.6235
[iter 33400]loss: 2.7320, tokens/sec: 20552.43 ± 112.49, tokens seen: 2052096000, grad norm: 1.2225
[iter 33410]loss: 2.9143, tokens/sec: 20552.44 ± 112.47, tokens seen: 2052710400, grad norm: 1.7322
[iter 33420]loss: 3.0316, tokens/sec: 20552.44 ± 112.46, tokens seen: 2053324800, grad norm: 3.3449
[iter 33430]loss: 3.1468, tokens/sec: 20552.44 ± 112.44, tokens seen: 2053939200, grad norm: 2.4306
[iter 33440]loss: 2.9435, tokens/sec: 20552.43 ± 112.42, tokens seen: 2054553600, grad norm: 2.9552
[iter 33450]loss: 3.1526, tokens/sec: 20552.43 ± 112.41, tokens seen: 2055168000, grad norm: 4.0852
[iter 33460]loss: 3.0727, tokens/sec: 20552.44 ± 112.39, tokens seen: 2055782400, grad norm: 9.2760
[iter 33470]loss: 3.1182, tokens/sec: 20552.43 ± 112.38, tokens seen: 2056396800, grad norm: 2.2030
[iter 33480]loss: 3.1975, tokens/sec: 20552.43 ± 112.36, tokens seen: 2057011200, grad norm: 2.9556
[iter 33490]loss: 2.9596, tokens/sec: 20552.43 ± 112.35, tokens seen: 2057625600, grad norm: 5.3984
[step 33500]train loss: 3.0572, val loss: 3.0550, (avg train loss: 0.6096 ± 0.0334), (avg grad norm: 3.1250 ± 2.2984)
[iter 33500]loss: 3.0706, tokens/sec: 20552.42 ± 112.33, tokens seen: 2058240000, grad norm: 2.2723
[iter 33510]loss: 3.0773, tokens/sec: 20552.42 ± 112.31, tokens seen: 2058854400, grad norm: 3.8113
[iter 33520]loss: 3.0864, tokens/sec: 20552.41 ± 112.30, tokens seen: 2059468800, grad norm: 3.0788
[iter 33530]loss: 3.0905, tokens/sec: 20552.41 ± 112.28, tokens seen: 2060083200, grad norm: 1.7364
[iter 33540]loss: 3.1501, tokens/sec: 20552.41 ± 112.27, tokens seen: 2060697600, grad norm: 1.3871
[iter 33550]loss: 3.1054, tokens/sec: 20552.41 ± 112.25, tokens seen: 2061312000, grad norm: 1.7875
[iter 33560]loss: 2.9343, tokens/sec: 20552.41 ± 112.24, tokens seen: 2061926400, grad norm: 3.9032
[iter 33570]loss: 2.8653, tokens/sec: 20552.41 ± 112.22, tokens seen: 2062540800, grad norm: 1.4446
[iter 33580]loss: 3.0027, tokens/sec: 20552.41 ± 112.20, tokens seen: 2063155200, grad norm: 2.8960
[iter 33590]loss: 2.9858, tokens/sec: 20552.41 ± 112.19, tokens seen: 2063769600, grad norm: 2.9012
[iter 33600]loss: 3.1274, tokens/sec: 20552.41 ± 112.17, tokens seen: 2064384000, grad norm: 3.2510
[iter 33610]loss: 3.0752, tokens/sec: 20552.41 ± 112.15, tokens seen: 2064998400, grad norm: 3.6770
[iter 33620]loss: 2.9620, tokens/sec: 20552.42 ± 112.14, tokens seen: 2065612800, grad norm: 3.0823
[iter 33630]loss: 2.9270, tokens/sec: 20552.42 ± 112.12, tokens seen: 2066227200, grad norm: 1.4621
[iter 33640]loss: 3.1088, tokens/sec: 20552.42 ± 112.11, tokens seen: 2066841600, grad norm: 2.3607
[iter 33650]loss: 2.4951, tokens/sec: 20552.42 ± 112.09, tokens seen: 2067456000, grad norm: 3.8646
[iter 33660]loss: 3.1842, tokens/sec: 20552.42 ± 112.08, tokens seen: 2068070400, grad norm: 2.6286
[iter 33670]loss: 2.9413, tokens/sec: 20552.42 ± 112.06, tokens seen: 2068684800, grad norm: 2.3144
[iter 33680]loss: 2.9529, tokens/sec: 20552.43 ± 112.04, tokens seen: 2069299200, grad norm: 6.1229
[iter 33690]loss: 3.1870, tokens/sec: 20552.43 ± 112.03, tokens seen: 2069913600, grad norm: 2.1485
[iter 33700]loss: 3.0052, tokens/sec: 20552.43 ± 112.01, tokens seen: 2070528000, grad norm: 2.2702
[iter 33710]loss: 2.9683, tokens/sec: 20552.43 ± 112.00, tokens seen: 2071142400, grad norm: 5.0469
[iter 33720]loss: 3.3170, tokens/sec: 20552.42 ± 111.98, tokens seen: 2071756800, grad norm: 3.8188
[iter 33730]loss: 3.3666, tokens/sec: 20552.42 ± 111.97, tokens seen: 2072371200, grad norm: 1.9328
[iter 33740]loss: 3.2280, tokens/sec: 20552.43 ± 111.95, tokens seen: 2072985600, grad norm: 9.1179
[iter 33750]loss: 2.8895, tokens/sec: 20552.43 ± 111.93, tokens seen: 2073600000, grad norm: 1.9915
[iter 33760]loss: 2.7746, tokens/sec: 20552.43 ± 111.92, tokens seen: 2074214400, grad norm: 5.4792
[iter 33770]loss: 2.9709, tokens/sec: 20552.43 ± 111.90, tokens seen: 2074828800, grad norm: 2.4206
[iter 33780]loss: 3.4334, tokens/sec: 20552.43 ± 111.89, tokens seen: 2075443200, grad norm: 2.2367
[iter 33790]loss: 3.0489, tokens/sec: 20552.44 ± 111.87, tokens seen: 2076057600, grad norm: 2.4657
[iter 33800]loss: 3.2279, tokens/sec: 20552.44 ± 111.86, tokens seen: 2076672000, grad norm: 2.7752
[iter 33810]loss: 3.0704, tokens/sec: 20552.45 ± 111.84, tokens seen: 2077286400, grad norm: 2.7659
[iter 33820]loss: 2.9292, tokens/sec: 20552.45 ± 111.82, tokens seen: 2077900800, grad norm: 2.6062
[iter 33830]loss: 3.1020, tokens/sec: 20552.45 ± 111.81, tokens seen: 2078515200, grad norm: 1.6907
[iter 33840]loss: 2.6064, tokens/sec: 20552.46 ± 111.79, tokens seen: 2079129600, grad norm: 2.7432
[iter 33850]loss: 3.0603, tokens/sec: 20552.46 ± 111.78, tokens seen: 2079744000, grad norm: 6.8338
[iter 33860]loss: 3.1068, tokens/sec: 20552.46 ± 111.76, tokens seen: 2080358400, grad norm: 4.2074
[iter 33870]loss: 2.9851, tokens/sec: 20552.46 ± 111.75, tokens seen: 2080972800, grad norm: 2.9404
[iter 33880]loss: 3.0197, tokens/sec: 20552.46 ± 111.73, tokens seen: 2081587200, grad norm: 3.0930
[iter 33890]loss: 3.1499, tokens/sec: 20552.46 ± 111.71, tokens seen: 2082201600, grad norm: 3.8418
[iter 33900]loss: 2.8959, tokens/sec: 20552.47 ± 111.70, tokens seen: 2082816000, grad norm: 2.4669
[iter 33910]loss: 2.7666, tokens/sec: 20552.47 ± 111.68, tokens seen: 2083430400, grad norm: 8.4006
[iter 33920]loss: 3.1328, tokens/sec: 20552.48 ± 111.67, tokens seen: 2084044800, grad norm: 5.8338
[iter 33930]loss: 3.0594, tokens/sec: 20552.48 ± 111.65, tokens seen: 2084659200, grad norm: 4.5511
[iter 33940]loss: 2.9283, tokens/sec: 20552.48 ± 111.64, tokens seen: 2085273600, grad norm: 4.4330
[iter 33950]loss: 3.1226, tokens/sec: 20552.48 ± 111.62, tokens seen: 2085888000, grad norm: 3.6453
[iter 33960]loss: 3.0473, tokens/sec: 20552.48 ± 111.61, tokens seen: 2086502400, grad norm: 1.8336
[iter 33970]loss: 2.9936, tokens/sec: 20552.48 ± 111.59, tokens seen: 2087116800, grad norm: 2.2184
[iter 33980]loss: 3.2318, tokens/sec: 20552.48 ± 111.57, tokens seen: 2087731200, grad norm: 3.5236
[iter 33990]loss: 3.0229, tokens/sec: 20552.48 ± 111.56, tokens seen: 2088345600, grad norm: 3.6064
[step 34000]train loss: 3.0435, val loss: 3.0424, (avg train loss: 0.6061 ± 0.0333), (avg grad norm: 3.8590 ± 2.0192)
saving checkpoint to ./out-owt-xl-mhc-bs6-80000step
[iter 34000]loss: 3.1233, tokens/sec: 20552.49 ± 111.54, tokens seen: 2088960000, grad norm: 3.2278
[iter 34010]loss: 3.3416, tokens/sec: 20552.50 ± 111.53, tokens seen: 2089574400, grad norm: 3.6000
[iter 34020]loss: 2.9755, tokens/sec: 20552.49 ± 111.52, tokens seen: 2090188800, grad norm: 4.7620
[iter 34030]loss: 3.1727, tokens/sec: 20552.49 ± 111.50, tokens seen: 2090803200, grad norm: 2.5608
[iter 34040]loss: 3.3205, tokens/sec: 20552.49 ± 111.48, tokens seen: 2091417600, grad norm: 2.4758
[iter 34050]loss: 3.0270, tokens/sec: 20552.49 ± 111.47, tokens seen: 2092032000, grad norm: 5.1962
[iter 34060]loss: 3.0792, tokens/sec: 20552.49 ± 111.45, tokens seen: 2092646400, grad norm: 3.9092
[iter 34070]loss: 2.9177, tokens/sec: 20552.49 ± 111.44, tokens seen: 2093260800, grad norm: 4.0038
[iter 34080]loss: 3.0934, tokens/sec: 20552.49 ± 111.42, tokens seen: 2093875200, grad norm: 5.5836
[iter 34090]loss: 3.0006, tokens/sec: 20552.49 ± 111.41, tokens seen: 2094489600, grad norm: 6.3538
[iter 34100]loss: 2.7812, tokens/sec: 20552.49 ± 111.39, tokens seen: 2095104000, grad norm: 10.8341
[iter 34110]loss: 3.1832, tokens/sec: 20552.49 ± 111.37, tokens seen: 2095718400, grad norm: 5.4166
[iter 34120]loss: 3.2543, tokens/sec: 20552.49 ± 111.36, tokens seen: 2096332800, grad norm: 8.0438
[iter 34130]loss: 3.1050, tokens/sec: 20552.50 ± 111.34, tokens seen: 2096947200, grad norm: 11.5084
[iter 34140]loss: 3.1488, tokens/sec: 20552.49 ± 111.33, tokens seen: 2097561600, grad norm: 3.8817
[iter 34150]loss: 3.1393, tokens/sec: 20552.49 ± 111.31, tokens seen: 2098176000, grad norm: 4.4861
[iter 34160]loss: 2.9955, tokens/sec: 20552.49 ± 111.30, tokens seen: 2098790400, grad norm: 5.9954
[iter 34170]loss: 2.9543, tokens/sec: 20552.50 ± 111.28, tokens seen: 2099404800, grad norm: 5.8535
[iter 34180]loss: 2.9298, tokens/sec: 20552.50 ± 111.27, tokens seen: 2100019200, grad norm: 6.2138
[iter 34190]loss: 2.9338, tokens/sec: 20552.50 ± 111.25, tokens seen: 2100633600, grad norm: 4.7212
[iter 34200]loss: 3.4128, tokens/sec: 20552.50 ± 111.23, tokens seen: 2101248000, grad norm: 7.6205
[iter 34210]loss: 3.0106, tokens/sec: 20552.50 ± 111.22, tokens seen: 2101862400, grad norm: 4.6180
[iter 34220]loss: 2.9192, tokens/sec: 20552.50 ± 111.20, tokens seen: 2102476800, grad norm: 2.9988
[iter 34230]loss: 2.9910, tokens/sec: 20552.50 ± 111.19, tokens seen: 2103091200, grad norm: 6.4128
[iter 34240]loss: 2.9504, tokens/sec: 20552.51 ± 111.17, tokens seen: 2103705600, grad norm: 3.4529
[iter 34250]loss: 3.1521, tokens/sec: 20552.51 ± 111.16, tokens seen: 2104320000, grad norm: 2.4637
[iter 34260]loss: 2.9936, tokens/sec: 20552.51 ± 111.14, tokens seen: 2104934400, grad norm: 4.3407
[iter 34270]loss: 3.0840, tokens/sec: 20552.51 ± 111.13, tokens seen: 2105548800, grad norm: 8.8391
[iter 34280]loss: 3.0131, tokens/sec: 20552.51 ± 111.11, tokens seen: 2106163200, grad norm: 2.9212
[iter 34290]loss: 2.9948, tokens/sec: 20552.51 ± 111.09, tokens seen: 2106777600, grad norm: 4.6625
[iter 34300]loss: 3.0583, tokens/sec: 20552.51 ± 111.08, tokens seen: 2107392000, grad norm: 3.2786
[iter 34310]loss: 2.9857, tokens/sec: 20552.51 ± 111.06, tokens seen: 2108006400, grad norm: 4.8456
[iter 34320]loss: 3.0476, tokens/sec: 20552.51 ± 111.05, tokens seen: 2108620800, grad norm: 3.2405
[iter 34330]loss: 3.1114, tokens/sec: 20552.51 ± 111.03, tokens seen: 2109235200, grad norm: 3.5256
[iter 34340]loss: 2.9208, tokens/sec: 20552.51 ± 111.02, tokens seen: 2109849600, grad norm: 5.0665
[iter 34350]loss: 3.0595, tokens/sec: 20552.51 ± 111.00, tokens seen: 2110464000, grad norm: 7.3492
[iter 34360]loss: 3.2253, tokens/sec: 20552.51 ± 110.99, tokens seen: 2111078400, grad norm: 2.2298
[iter 34370]loss: 2.9245, tokens/sec: 20552.51 ± 110.97, tokens seen: 2111692800, grad norm: 10.7012
[iter 34380]loss: 2.8317, tokens/sec: 20552.52 ± 110.96, tokens seen: 2112307200, grad norm: 4.3892
[iter 34390]loss: 3.0900, tokens/sec: 20552.52 ± 110.94, tokens seen: 2112921600, grad norm: 8.1318
[iter 34400]loss: 3.0269, tokens/sec: 20552.52 ± 110.93, tokens seen: 2113536000, grad norm: 1.8940
[iter 34410]loss: 2.9966, tokens/sec: 20552.52 ± 110.91, tokens seen: 2114150400, grad norm: 2.4203
[iter 34420]loss: 3.0817, tokens/sec: 20552.52 ± 110.90, tokens seen: 2114764800, grad norm: 7.1245
[iter 34430]loss: 3.1070, tokens/sec: 20552.53 ± 110.88, tokens seen: 2115379200, grad norm: 3.2909
[iter 34440]loss: 3.2750, tokens/sec: 20552.52 ± 110.87, tokens seen: 2115993600, grad norm: 2.6820
[iter 34450]loss: 2.9784, tokens/sec: 20552.52 ± 110.85, tokens seen: 2116608000, grad norm: 3.1449
[iter 34460]loss: 3.0174, tokens/sec: 20552.53 ± 110.84, tokens seen: 2117222400, grad norm: 9.4303
[iter 34470]loss: 3.1390, tokens/sec: 20552.53 ± 110.82, tokens seen: 2117836800, grad norm: 2.4152
[iter 34480]loss: 3.1740, tokens/sec: 20552.52 ± 110.81, tokens seen: 2118451200, grad norm: 5.0799
[iter 34490]loss: 3.2114, tokens/sec: 20552.52 ± 110.79, tokens seen: 2119065600, grad norm: 11.3453
[step 34500]train loss: 3.0510, val loss: 3.0558, (avg train loss: 0.6079 ± 0.0300), (avg grad norm: 5.0281 ± 3.5144)
[iter 34500]loss: 3.1936, tokens/sec: 20552.52 ± 110.78, tokens seen: 2119680000, grad norm: 6.1374
[iter 34510]loss: 3.0281, tokens/sec: 20552.52 ± 110.76, tokens seen: 2120294400, grad norm: 3.2859
[iter 34520]loss: 3.1346, tokens/sec: 20552.52 ± 110.75, tokens seen: 2120908800, grad norm: 2.0554
[iter 34530]loss: 3.0260, tokens/sec: 20552.52 ± 110.73, tokens seen: 2121523200, grad norm: 10.1555
[iter 34540]loss: 2.8625, tokens/sec: 20552.52 ± 110.72, tokens seen: 2122137600, grad norm: 10.0392
[iter 34550]loss: 3.0807, tokens/sec: 20552.52 ± 110.70, tokens seen: 2122752000, grad norm: 9.4321
[iter 34560]loss: 3.0872, tokens/sec: 20552.52 ± 110.69, tokens seen: 2123366400, grad norm: 38.4113
[iter 34570]loss: 3.0684, tokens/sec: 20552.51 ± 110.67, tokens seen: 2123980800, grad norm: 8.7381
[iter 34580]loss: 2.9369, tokens/sec: 20552.51 ± 110.66, tokens seen: 2124595200, grad norm: 4.1638
[iter 34590]loss: 3.1514, tokens/sec: 20552.52 ± 110.64, tokens seen: 2125209600, grad norm: 2.4501
[iter 34600]loss: 3.1399, tokens/sec: 20552.51 ± 110.63, tokens seen: 2125824000, grad norm: 2.0040
[iter 34610]loss: 3.0871, tokens/sec: 20552.51 ± 110.61, tokens seen: 2126438400, grad norm: 5.0145
[iter 34620]loss: 2.3828, tokens/sec: 20552.51 ± 110.60, tokens seen: 2127052800, grad norm: 4.5498
[iter 34630]loss: 3.2236, tokens/sec: 20552.51 ± 110.58, tokens seen: 2127667200, grad norm: 2.0232
[iter 34640]loss: 3.0031, tokens/sec: 20552.51 ± 110.57, tokens seen: 2128281600, grad norm: 2.5168
[iter 34650]loss: 3.0395, tokens/sec: 20552.51 ± 110.55, tokens seen: 2128896000, grad norm: 2.0034
[iter 34660]loss: 2.8581, tokens/sec: 20552.51 ± 110.54, tokens seen: 2129510400, grad norm: 5.8103
[iter 34670]loss: 3.1738, tokens/sec: 20552.51 ± 110.52, tokens seen: 2130124800, grad norm: 2.7175
[iter 34680]loss: 3.3050, tokens/sec: 20552.51 ± 110.51, tokens seen: 2130739200, grad norm: 6.6222
[iter 34690]loss: 3.0143, tokens/sec: 20552.52 ± 110.49, tokens seen: 2131353600, grad norm: 4.4834
[iter 34700]loss: 3.2663, tokens/sec: 20552.52 ± 110.48, tokens seen: 2131968000, grad norm: 6.0061
[iter 34710]loss: 3.1121, tokens/sec: 20552.51 ± 110.46, tokens seen: 2132582400, grad norm: 8.2069
[iter 34720]loss: 3.3172, tokens/sec: 20552.51 ± 110.45, tokens seen: 2133196800, grad norm: 2.3976
[iter 34730]loss: 2.9528, tokens/sec: 20552.52 ± 110.43, tokens seen: 2133811200, grad norm: 6.5451
[iter 34740]loss: 3.1401, tokens/sec: 20552.51 ± 110.42, tokens seen: 2134425600, grad norm: 3.0097
[iter 34750]loss: 2.6361, tokens/sec: 20552.52 ± 110.40, tokens seen: 2135040000, grad norm: 1.8383
[iter 34760]loss: 2.9152, tokens/sec: 20552.51 ± 110.39, tokens seen: 2135654400, grad norm: 4.1267
[iter 34770]loss: 3.1491, tokens/sec: 20552.52 ± 110.37, tokens seen: 2136268800, grad norm: 3.6743
[iter 34780]loss: 2.9287, tokens/sec: 20552.52 ± 110.36, tokens seen: 2136883200, grad norm: 2.2026
[iter 34790]loss: 2.9542, tokens/sec: 20552.52 ± 110.34, tokens seen: 2137497600, grad norm: 2.1873
[iter 34800]loss: 3.0390, tokens/sec: 20552.52 ± 110.33, tokens seen: 2138112000, grad norm: 9.1264
[iter 34810]loss: 3.0405, tokens/sec: 20552.52 ± 110.31, tokens seen: 2138726400, grad norm: 2.8815
[iter 34820]loss: 3.2112, tokens/sec: 20552.52 ± 110.30, tokens seen: 2139340800, grad norm: 1.5645
[iter 34830]loss: 3.0583, tokens/sec: 20552.52 ± 110.28, tokens seen: 2139955200, grad norm: 5.2719
[iter 34840]loss: 3.2439, tokens/sec: 20552.52 ± 110.27, tokens seen: 2140569600, grad norm: 12.2435
[iter 34850]loss: 2.9504, tokens/sec: 20552.52 ± 110.25, tokens seen: 2141184000, grad norm: 2.4344
[iter 34860]loss: 3.1499, tokens/sec: 20552.52 ± 110.24, tokens seen: 2141798400, grad norm: 12.7135
[iter 34870]loss: 2.9581, tokens/sec: 20552.52 ± 110.22, tokens seen: 2142412800, grad norm: 5.6244
[iter 34880]loss: 3.0525, tokens/sec: 20552.52 ± 110.21, tokens seen: 2143027200, grad norm: 1.1341
[iter 34890]loss: 3.0596, tokens/sec: 20552.52 ± 110.19, tokens seen: 2143641600, grad norm: 2.6826
[iter 34900]loss: 2.9681, tokens/sec: 20552.52 ± 110.18, tokens seen: 2144256000, grad norm: 4.9124
[iter 34910]loss: 2.9516, tokens/sec: 20552.53 ± 110.16, tokens seen: 2144870400, grad norm: 1.3298
[iter 34920]loss: 3.0372, tokens/sec: 20552.52 ± 110.15, tokens seen: 2145484800, grad norm: 7.4859
[iter 34930]loss: 2.8830, tokens/sec: 20552.51 ± 110.13, tokens seen: 2146099200, grad norm: 3.8684
[iter 34940]loss: 3.0894, tokens/sec: 20552.51 ± 110.12, tokens seen: 2146713600, grad norm: 6.4343
[iter 34950]loss: 3.1248, tokens/sec: 20552.52 ± 110.10, tokens seen: 2147328000, grad norm: 10.8917
[iter 34960]loss: 3.1505, tokens/sec: 20552.51 ± 110.09, tokens seen: 2147942400, grad norm: 5.2349
[iter 34970]loss: 3.2730, tokens/sec: 20552.51 ± 110.07, tokens seen: 2148556800, grad norm: 3.2221
[iter 34980]loss: 2.9313, tokens/sec: 20552.52 ± 110.06, tokens seen: 2149171200, grad norm: 5.5855
[iter 34990]loss: 2.9958, tokens/sec: 20552.52 ± 110.04, tokens seen: 2149785600, grad norm: 2.3532
[step 35000]train loss: 3.0231, val loss: 3.0413, (avg train loss: 0.6105 ± 0.0293), (avg grad norm: 4.3682 ± 3.2746)
saving checkpoint to ./out-owt-xl-mhc-bs6-80000step
[iter 35000]loss: 3.0949, tokens/sec: 20552.52 ± 110.03, tokens seen: 2150400000, grad norm: 5.0063
[iter 35010]loss: 2.9632, tokens/sec: 20552.53 ± 110.01, tokens seen: 2151014400, grad norm: 3.6327
[iter 35020]loss: 2.9570, tokens/sec: 20552.52 ± 110.00, tokens seen: 2151628800, grad norm: 2.3748
[iter 35030]loss: 3.2382, tokens/sec: 20552.51 ± 109.99, tokens seen: 2152243200, grad norm: 9.4967
[iter 35040]loss: 3.0596, tokens/sec: 20552.52 ± 109.97, tokens seen: 2152857600, grad norm: 5.0615
[iter 35050]loss: 2.9425, tokens/sec: 20552.52 ± 109.96, tokens seen: 2153472000, grad norm: 2.2903
[iter 35060]loss: 3.0166, tokens/sec: 20552.52 ± 109.94, tokens seen: 2154086400, grad norm: 2.3716
[iter 35070]loss: 2.5068, tokens/sec: 20552.52 ± 109.93, tokens seen: 2154700800, grad norm: 4.5720
[iter 35080]loss: 2.9387, tokens/sec: 20552.52 ± 109.91, tokens seen: 2155315200, grad norm: 3.1255
[iter 35090]loss: 3.3714, tokens/sec: 20552.52 ± 109.90, tokens seen: 2155929600, grad norm: 6.5048
[iter 35100]loss: 2.9813, tokens/sec: 20552.52 ± 109.88, tokens seen: 2156544000, grad norm: 11.2748
[iter 35110]loss: 3.0155, tokens/sec: 20552.52 ± 109.87, tokens seen: 2157158400, grad norm: 5.1124
[iter 35120]loss: 2.5741, tokens/sec: 20552.53 ± 109.85, tokens seen: 2157772800, grad norm: 11.5298
[iter 35130]loss: 3.1712, tokens/sec: 20552.53 ± 109.84, tokens seen: 2158387200, grad norm: 11.1942
[iter 35140]loss: 3.0064, tokens/sec: 20552.52 ± 109.82, tokens seen: 2159001600, grad norm: 13.1216
[iter 35150]loss: 2.9262, tokens/sec: 20552.52 ± 109.81, tokens seen: 2159616000, grad norm: 14.5866
[iter 35160]loss: 3.0043, tokens/sec: 20552.53 ± 109.79, tokens seen: 2160230400, grad norm: 9.1839
[iter 35170]loss: 3.1715, tokens/sec: 20552.53 ± 109.78, tokens seen: 2160844800, grad norm: 13.5204
[iter 35180]loss: 2.9852, tokens/sec: 20552.53 ± 109.76, tokens seen: 2161459200, grad norm: 10.5614
[iter 35190]loss: 2.7594, tokens/sec: 20552.53 ± 109.75, tokens seen: 2162073600, grad norm: 14.7005
[iter 35200]loss: 3.0508, tokens/sec: 20552.53 ± 109.73, tokens seen: 2162688000, grad norm: 6.9714
[iter 35210]loss: 3.1503, tokens/sec: 20552.53 ± 109.72, tokens seen: 2163302400, grad norm: 8.2996
[iter 35220]loss: 3.1161, tokens/sec: 20552.53 ± 109.70, tokens seen: 2163916800, grad norm: 7.2786
[iter 35230]loss: 2.8811, tokens/sec: 20552.53 ± 109.69, tokens seen: 2164531200, grad norm: 8.0294
[iter 35240]loss: 3.1139, tokens/sec: 20552.53 ± 109.67, tokens seen: 2165145600, grad norm: 6.6261
[iter 35250]loss: 3.0774, tokens/sec: 20552.53 ± 109.66, tokens seen: 2165760000, grad norm: 17.5451
[iter 35260]loss: 3.2848, tokens/sec: 20552.53 ± 109.64, tokens seen: 2166374400, grad norm: 31.0017
[iter 35270]loss: 3.1946, tokens/sec: 20552.53 ± 109.63, tokens seen: 2166988800, grad norm: 13.6648
[iter 35280]loss: 2.9452, tokens/sec: 20552.53 ± 109.61, tokens seen: 2167603200, grad norm: 13.1164
[iter 35290]loss: 3.1697, tokens/sec: 20552.53 ± 109.60, tokens seen: 2168217600, grad norm: 12.2141
[iter 35300]loss: 2.6315, tokens/sec: 20552.53 ± 109.58, tokens seen: 2168832000, grad norm: 18.3876
[iter 35310]loss: 3.1860, tokens/sec: 20552.53 ± 109.57, tokens seen: 2169446400, grad norm: 18.8084
[iter 35320]loss: 3.1643, tokens/sec: 20552.53 ± 109.55, tokens seen: 2170060800, grad norm: 19.7119
[iter 35330]loss: 2.9474, tokens/sec: 20552.54 ± 109.54, tokens seen: 2170675200, grad norm: 9.1338
[iter 35340]loss: 3.0054, tokens/sec: 20552.54 ± 109.52, tokens seen: 2171289600, grad norm: 9.3861
[iter 35350]loss: 3.0967, tokens/sec: 20552.54 ± 109.51, tokens seen: 2171904000, grad norm: 7.1955
[iter 35360]loss: 3.0430, tokens/sec: 20552.54 ± 109.49, tokens seen: 2172518400, grad norm: 7.8698
[iter 35370]loss: 3.1050, tokens/sec: 20552.54 ± 109.48, tokens seen: 2173132800, grad norm: 11.9711
[iter 35380]loss: 3.2612, tokens/sec: 20552.55 ± 109.46, tokens seen: 2173747200, grad norm: 5.4703
[iter 35390]loss: 3.0342, tokens/sec: 20552.54 ± 109.45, tokens seen: 2174361600, grad norm: 8.4776
[iter 35400]loss: 2.9697, tokens/sec: 20552.55 ± 109.43, tokens seen: 2174976000, grad norm: 9.8638
[iter 35410]loss: 3.3099, tokens/sec: 20552.55 ± 109.42, tokens seen: 2175590400, grad norm: 9.7349
[iter 35420]loss: 2.8759, tokens/sec: 20552.55 ± 109.41, tokens seen: 2176204800, grad norm: 7.5088
[iter 35430]loss: 3.1459, tokens/sec: 20552.55 ± 109.39, tokens seen: 2176819200, grad norm: 9.0272
[iter 35440]loss: 3.1647, tokens/sec: 20552.55 ± 109.38, tokens seen: 2177433600, grad norm: 10.6900
[iter 35450]loss: 3.1145, tokens/sec: 20552.54 ± 109.36, tokens seen: 2178048000, grad norm: 5.2831
[iter 35460]loss: 2.9231, tokens/sec: 20552.55 ± 109.35, tokens seen: 2178662400, grad norm: 3.7997
[iter 35470]loss: 2.8699, tokens/sec: 20552.55 ± 109.33, tokens seen: 2179276800, grad norm: 7.7015
[iter 35480]loss: 2.9194, tokens/sec: 20552.55 ± 109.32, tokens seen: 2179891200, grad norm: 13.8348
[iter 35490]loss: 3.2166, tokens/sec: 20552.55 ± 109.30, tokens seen: 2180505600, grad norm: 10.6203
[step 35500]train loss: 3.0442, val loss: 3.0365, (avg train loss: 0.6036 ± 0.0318), (avg grad norm: 10.9783 ± 6.2579)
saving checkpoint to ./out-owt-xl-mhc-bs6-80000step
[iter 35500]loss: 2.9385, tokens/sec: 20552.56 ± 109.29, tokens seen: 2181120000, grad norm: 12.0961
[iter 35510]loss: 3.0150, tokens/sec: 20552.57 ± 109.27, tokens seen: 2181734400, grad norm: 7.0948
[iter 35520]loss: 2.9341, tokens/sec: 20552.56 ± 109.26, tokens seen: 2182348800, grad norm: 4.4864
[iter 35530]loss: 3.0046, tokens/sec: 20552.56 ± 109.25, tokens seen: 2182963200, grad norm: 14.7659
[iter 35540]loss: 3.1298, tokens/sec: 20552.56 ± 109.23, tokens seen: 2183577600, grad norm: 9.3508
[iter 35550]loss: 2.8864, tokens/sec: 20552.56 ± 109.22, tokens seen: 2184192000, grad norm: 7.6528
[iter 35560]loss: 3.0855, tokens/sec: 20552.56 ± 109.20, tokens seen: 2184806400, grad norm: 7.2337
[iter 35570]loss: 2.9157, tokens/sec: 20552.55 ± 109.19, tokens seen: 2185420800, grad norm: 4.1207
[iter 35580]loss: 3.1804, tokens/sec: 20552.55 ± 109.17, tokens seen: 2186035200, grad norm: 14.2183
[iter 35590]loss: 3.1466, tokens/sec: 20552.55 ± 109.16, tokens seen: 2186649600, grad norm: 5.4372
[iter 35600]loss: 3.1036, tokens/sec: 20552.55 ± 109.14, tokens seen: 2187264000, grad norm: 14.8630
[iter 35610]loss: 2.7860, tokens/sec: 20552.55 ± 109.13, tokens seen: 2187878400, grad norm: 10.5858
[iter 35620]loss: 3.2375, tokens/sec: 20552.55 ± 109.11, tokens seen: 2188492800, grad norm: 14.4436
[iter 35630]loss: 3.0715, tokens/sec: 20552.56 ± 109.10, tokens seen: 2189107200, grad norm: 6.2760
[iter 35640]loss: 3.0940, tokens/sec: 20552.56 ± 109.09, tokens seen: 2189721600, grad norm: 7.4831
[iter 35650]loss: 2.9346, tokens/sec: 20552.56 ± 109.07, tokens seen: 2190336000, grad norm: 5.8208
[iter 35660]loss: 3.0210, tokens/sec: 20552.56 ± 109.06, tokens seen: 2190950400, grad norm: 17.5131
[iter 35670]loss: 3.0957, tokens/sec: 20552.56 ± 109.04, tokens seen: 2191564800, grad norm: 20.0924
[iter 35680]loss: 3.0671, tokens/sec: 20552.56 ± 109.03, tokens seen: 2192179200, grad norm: 15.2946
[iter 35690]loss: 3.0635, tokens/sec: 20552.56 ± 109.01, tokens seen: 2192793600, grad norm: 9.6929
[iter 35700]loss: 3.1429, tokens/sec: 20552.56 ± 109.00, tokens seen: 2193408000, grad norm: 33.9435
[iter 35710]loss: 3.1985, tokens/sec: 20552.56 ± 108.98, tokens seen: 2194022400, grad norm: 15.2665
[iter 35720]loss: 3.2719, tokens/sec: 20552.57 ± 108.97, tokens seen: 2194636800, grad norm: 12.5791
[iter 35730]loss: 3.0457, tokens/sec: 20552.57 ± 108.95, tokens seen: 2195251200, grad norm: 14.8097
[iter 35740]loss: 2.7617, tokens/sec: 20552.57 ± 108.94, tokens seen: 2195865600, grad norm: 19.1823
[iter 35750]loss: 3.1234, tokens/sec: 20552.57 ± 108.92, tokens seen: 2196480000, grad norm: 14.5288
[iter 35760]loss: 3.1984, tokens/sec: 20552.57 ± 108.91, tokens seen: 2197094400, grad norm: 29.6936
[iter 35770]loss: 2.8058, tokens/sec: 20552.57 ± 108.90, tokens seen: 2197708800, grad norm: 49.1104
[iter 35780]loss: 2.9106, tokens/sec: 20552.58 ± 108.88, tokens seen: 2198323200, grad norm: 15.1871
[iter 35790]loss: 2.5796, tokens/sec: 20552.57 ± 108.87, tokens seen: 2198937600, grad norm: 26.8674
[iter 35800]loss: 3.1389, tokens/sec: 20552.57 ± 108.85, tokens seen: 2199552000, grad norm: 23.4132
[iter 35810]loss: 3.0245, tokens/sec: 20552.57 ± 108.84, tokens seen: 2200166400, grad norm: 13.5051
[iter 35820]loss: 3.0583, tokens/sec: 20552.58 ± 108.82, tokens seen: 2200780800, grad norm: 21.5321
[iter 35830]loss: 3.2520, tokens/sec: 20552.58 ± 108.81, tokens seen: 2201395200, grad norm: 30.8808
[iter 35840]loss: 2.9792, tokens/sec: 20552.58 ± 108.79, tokens seen: 2202009600, grad norm: 32.5693
[iter 35850]loss: 3.1286, tokens/sec: 20552.58 ± 108.78, tokens seen: 2202624000, grad norm: 38.1111
[iter 35860]loss: 3.0250, tokens/sec: 20552.58 ± 108.76, tokens seen: 2203238400, grad norm: 21.8839
[iter 35870]loss: 2.9416, tokens/sec: 20552.58 ± 108.75, tokens seen: 2203852800, grad norm: 21.9558
[iter 35880]loss: 3.0413, tokens/sec: 20552.59 ± 108.73, tokens seen: 2204467200, grad norm: 18.1423
[iter 35890]loss: 3.2878, tokens/sec: 20552.59 ± 108.72, tokens seen: 2205081600, grad norm: 31.3190
[iter 35900]loss: 3.1382, tokens/sec: 20552.59 ± 108.71, tokens seen: 2205696000, grad norm: 21.4120
[iter 35910]loss: 3.0623, tokens/sec: 20552.59 ± 108.69, tokens seen: 2206310400, grad norm: 18.1646
[iter 35920]loss: 3.2982, tokens/sec: 20552.59 ± 108.68, tokens seen: 2206924800, grad norm: 11.2746
[iter 35930]loss: 2.6986, tokens/sec: 20552.59 ± 108.66, tokens seen: 2207539200, grad norm: 19.3319
[iter 35940]loss: 2.8929, tokens/sec: 20552.59 ± 108.65, tokens seen: 2208153600, grad norm: 7.8173
[iter 35950]loss: 3.1375, tokens/sec: 20552.59 ± 108.63, tokens seen: 2208768000, grad norm: 6.6865
[iter 35960]loss: 3.0289, tokens/sec: 20552.60 ± 108.62, tokens seen: 2209382400, grad norm: 12.8364
[iter 35970]loss: 3.0025, tokens/sec: 20552.60 ± 108.60, tokens seen: 2209996800, grad norm: 14.2382
[iter 35980]loss: 3.0513, tokens/sec: 20552.60 ± 108.59, tokens seen: 2210611200, grad norm: 17.0197
[iter 35990]loss: 2.4769, tokens/sec: 20552.61 ± 108.58, tokens seen: 2211225600, grad norm: 10.8125
[step 36000]train loss: 3.0247, val loss: 3.0125, (avg train loss: 0.5999 ± 0.0319), (avg grad norm: 23.7816 ± 21.1868)
saving checkpoint to ./out-owt-xl-mhc-bs6-80000step
[iter 36000]loss: 2.8987, tokens/sec: 20552.61 ± 108.56, tokens seen: 2211840000, grad norm: 16.1117
[iter 36010]loss: 2.9051, tokens/sec: 20552.62 ± 108.55, tokens seen: 2212454400, grad norm: 4.1259
[iter 36020]loss: 2.7135, tokens/sec: 20552.61 ± 108.53, tokens seen: 2213068800, grad norm: 11.1576
[iter 36030]loss: 2.9606, tokens/sec: 20552.61 ± 108.52, tokens seen: 2213683200, grad norm: 5.9981
[iter 36040]loss: 3.0091, tokens/sec: 20552.62 ± 108.51, tokens seen: 2214297600, grad norm: 4.8987
[iter 36050]loss: 3.0926, tokens/sec: 20552.62 ± 108.49, tokens seen: 2214912000, grad norm: 11.8857
[iter 36060]loss: 2.9861, tokens/sec: 20552.62 ± 108.48, tokens seen: 2215526400, grad norm: 6.8021
[iter 36070]loss: 3.1768, tokens/sec: 20552.62 ± 108.46, tokens seen: 2216140800, grad norm: 21.9749
[iter 36080]loss: 2.9394, tokens/sec: 20552.62 ± 108.45, tokens seen: 2216755200, grad norm: 10.1346
[iter 36090]loss: 2.8102, tokens/sec: 20552.62 ± 108.43, tokens seen: 2217369600, grad norm: 19.0832
[iter 36100]loss: 3.1997, tokens/sec: 20552.63 ± 108.42, tokens seen: 2217984000, grad norm: 11.2184
[iter 36110]loss: 2.7840, tokens/sec: 20552.63 ± 108.40, tokens seen: 2218598400, grad norm: 11.4876
[iter 36120]loss: 3.1990, tokens/sec: 20552.63 ± 108.39, tokens seen: 2219212800, grad norm: 67.3180
[iter 36130]loss: 3.2505, tokens/sec: 20552.63 ± 108.38, tokens seen: 2219827200, grad norm: 39.9520
[iter 36140]loss: 3.0716, tokens/sec: 20552.63 ± 108.36, tokens seen: 2220441600, grad norm: 15.5087
[iter 36150]loss: 2.7798, tokens/sec: 20552.64 ± 108.35, tokens seen: 2221056000, grad norm: 21.6499
[iter 36160]loss: 3.3768, tokens/sec: 20552.64 ± 108.33, tokens seen: 2221670400, grad norm: 8.9039
[iter 36170]loss: 3.1219, tokens/sec: 20552.64 ± 108.32, tokens seen: 2222284800, grad norm: 15.1906
[iter 36180]loss: 3.1716, tokens/sec: 20552.64 ± 108.31, tokens seen: 2222899200, grad norm: 17.7525
[iter 36190]loss: 2.5692, tokens/sec: 20552.64 ± 108.29, tokens seen: 2223513600, grad norm: 21.4174
[iter 36200]loss: 3.0676, tokens/sec: 20552.65 ± 108.28, tokens seen: 2224128000, grad norm: 15.3873
[iter 36210]loss: 3.0183, tokens/sec: 20552.65 ± 108.26, tokens seen: 2224742400, grad norm: 20.6164
[iter 36220]loss: 3.1938, tokens/sec: 20552.64 ± 108.25, tokens seen: 2225356800, grad norm: 18.0507
[iter 36230]loss: 2.8075, tokens/sec: 20552.65 ± 108.24, tokens seen: 2225971200, grad norm: 19.8967
[iter 36240]loss: 3.0294, tokens/sec: 20552.65 ± 108.22, tokens seen: 2226585600, grad norm: 17.7091
[iter 36250]loss: 3.1582, tokens/sec: 20552.65 ± 108.21, tokens seen: 2227200000, grad norm: 26.7641
[iter 36260]loss: 3.0670, tokens/sec: 20552.65 ± 108.19, tokens seen: 2227814400, grad norm: 26.6610
[iter 36270]loss: 2.8667, tokens/sec: 20552.65 ± 108.18, tokens seen: 2228428800, grad norm: 22.0677
[iter 36280]loss: 3.0080, tokens/sec: 20552.65 ± 108.16, tokens seen: 2229043200, grad norm: 19.2794
[iter 36290]loss: 3.0990, tokens/sec: 20552.66 ± 108.15, tokens seen: 2229657600, grad norm: 20.2990
[iter 36300]loss: 3.0739, tokens/sec: 20552.65 ± 108.14, tokens seen: 2230272000, grad norm: 15.8606
[iter 36310]loss: 2.9087, tokens/sec: 20552.66 ± 108.12, tokens seen: 2230886400, grad norm: 22.7707
[iter 36320]loss: 2.9063, tokens/sec: 20552.66 ± 108.11, tokens seen: 2231500800, grad norm: 20.5359
[iter 36330]loss: 3.0394, tokens/sec: 20552.66 ± 108.09, tokens seen: 2232115200, grad norm: 15.9163
[iter 36340]loss: 2.8780, tokens/sec: 20552.66 ± 108.08, tokens seen: 2232729600, grad norm: 31.6211
[iter 36350]loss: 2.9738, tokens/sec: 20552.66 ± 108.06, tokens seen: 2233344000, grad norm: 13.2230
[iter 36360]loss: 3.3324, tokens/sec: 20552.67 ± 108.05, tokens seen: 2233958400, grad norm: 17.4224
[iter 36370]loss: 3.0395, tokens/sec: 20552.67 ± 108.03, tokens seen: 2234572800, grad norm: 11.3825
[iter 36380]loss: 3.1023, tokens/sec: 20552.66 ± 108.02, tokens seen: 2235187200, grad norm: 21.5143
[iter 36390]loss: 2.9519, tokens/sec: 20552.66 ± 108.01, tokens seen: 2235801600, grad norm: 15.7140
[iter 36400]loss: 3.0163, tokens/sec: 20552.67 ± 107.99, tokens seen: 2236416000, grad norm: 11.8316
[iter 36410]loss: 3.1116, tokens/sec: 20552.67 ± 107.98, tokens seen: 2237030400, grad norm: 8.9506
[iter 36420]loss: 3.1032, tokens/sec: 20552.66 ± 107.97, tokens seen: 2237644800, grad norm: 8.3219
[iter 36430]loss: 3.0257, tokens/sec: 20552.66 ± 107.95, tokens seen: 2238259200, grad norm: 8.7806
[iter 36440]loss: 2.9473, tokens/sec: 20552.67 ± 107.94, tokens seen: 2238873600, grad norm: 8.5967
[iter 36450]loss: 3.1542, tokens/sec: 20552.67 ± 107.92, tokens seen: 2239488000, grad norm: 18.5749
[iter 36460]loss: 2.9580, tokens/sec: 20552.67 ± 107.91, tokens seen: 2240102400, grad norm: 6.4627
[iter 36470]loss: 3.0613, tokens/sec: 20552.67 ± 107.89, tokens seen: 2240716800, grad norm: 3.9200
[iter 36480]loss: 3.1050, tokens/sec: 20552.68 ± 107.88, tokens seen: 2241331200, grad norm: 6.1048
[iter 36490]loss: 2.9483, tokens/sec: 20552.68 ± 107.87, tokens seen: 2241945600, grad norm: 6.9458
[step 36500]train loss: 3.0197, val loss: 3.0531, (avg train loss: 0.6048 ± 0.0326), (avg grad norm: 17.8880 ± 33.2464)
[iter 36500]loss: 3.2341, tokens/sec: 20552.68 ± 107.85, tokens seen: 2242560000, grad norm: 12.4938
[iter 36510]loss: 2.7435, tokens/sec: 20552.68 ± 107.84, tokens seen: 2243174400, grad norm: 4.8865
[iter 36520]loss: 3.0881, tokens/sec: 20552.68 ± 107.82, tokens seen: 2243788800, grad norm: 13.0739
[iter 36530]loss: 2.8483, tokens/sec: 20552.67 ± 107.81, tokens seen: 2244403200, grad norm: 15.8570
[iter 36540]loss: 3.1725, tokens/sec: 20552.66 ± 107.80, tokens seen: 2245017600, grad norm: 31.3150
[iter 36550]loss: 2.9398, tokens/sec: 20552.66 ± 107.78, tokens seen: 2245632000, grad norm: 6.4324
[iter 36560]loss: 3.0570, tokens/sec: 20552.67 ± 107.77, tokens seen: 2246246400, grad norm: 6.2491
[iter 36570]loss: 2.9245, tokens/sec: 20552.67 ± 107.75, tokens seen: 2246860800, grad norm: 9.5772
[iter 36580]loss: 3.2363, tokens/sec: 20552.67 ± 107.74, tokens seen: 2247475200, grad norm: 18.4072
[iter 36590]loss: 2.9698, tokens/sec: 20552.67 ± 107.72, tokens seen: 2248089600, grad norm: 14.7336
[iter 36600]loss: 2.9694, tokens/sec: 20552.68 ± 107.71, tokens seen: 2248704000, grad norm: 28.5753
[iter 36610]loss: 2.8317, tokens/sec: 20552.68 ± 107.70, tokens seen: 2249318400, grad norm: 77.5696
[iter 36620]loss: 2.9514, tokens/sec: 20552.68 ± 107.68, tokens seen: 2249932800, grad norm: 13.5473
[iter 36630]loss: 3.2192, tokens/sec: 20552.68 ± 107.67, tokens seen: 2250547200, grad norm: 17.9608
[iter 36640]loss: 2.8739, tokens/sec: 20552.68 ± 107.65, tokens seen: 2251161600, grad norm: 24.6235
[iter 36650]loss: 2.9336, tokens/sec: 20552.68 ± 107.64, tokens seen: 2251776000, grad norm: 17.5528
[iter 36660]loss: 3.1508, tokens/sec: 20552.68 ± 107.63, tokens seen: 2252390400, grad norm: 31.6447
[iter 36670]loss: 2.7981, tokens/sec: 20552.68 ± 107.61, tokens seen: 2253004800, grad norm: 23.2818
[iter 36680]loss: 2.9995, tokens/sec: 20552.68 ± 107.60, tokens seen: 2253619200, grad norm: 10.4512
[iter 36690]loss: 3.0042, tokens/sec: 20552.69 ± 107.58, tokens seen: 2254233600, grad norm: 25.4884
[iter 36700]loss: 2.8638, tokens/sec: 20552.69 ± 107.57, tokens seen: 2254848000, grad norm: 8.9958
[iter 36710]loss: 3.1666, tokens/sec: 20552.70 ± 107.56, tokens seen: 2255462400, grad norm: 9.0640
[iter 36720]loss: 3.4425, tokens/sec: 20552.70 ± 107.54, tokens seen: 2256076800, grad norm: 10.5823
[iter 36730]loss: 2.4908, tokens/sec: 20552.70 ± 107.53, tokens seen: 2256691200, grad norm: 10.5537
[iter 36740]loss: 3.2441, tokens/sec: 20552.70 ± 107.51, tokens seen: 2257305600, grad norm: 15.6515
[iter 36750]loss: 3.1911, tokens/sec: 20552.70 ± 107.50, tokens seen: 2257920000, grad norm: 14.0987
[iter 36760]loss: 2.9363, tokens/sec: 20552.70 ± 107.49, tokens seen: 2258534400, grad norm: 8.7802
[iter 36770]loss: 2.9913, tokens/sec: 20552.71 ± 107.47, tokens seen: 2259148800, grad norm: 7.0891
[iter 36780]loss: 2.9970, tokens/sec: 20552.71 ± 107.46, tokens seen: 2259763200, grad norm: 10.7977
[iter 36790]loss: 3.1387, tokens/sec: 20552.71 ± 107.44, tokens seen: 2260377600, grad norm: 8.9547
[iter 36800]loss: 3.2064, tokens/sec: 20552.71 ± 107.43, tokens seen: 2260992000, grad norm: 11.9397
[iter 36810]loss: 2.8992, tokens/sec: 20552.71 ± 107.42, tokens seen: 2261606400, grad norm: 9.6296
[iter 36820]loss: 2.8806, tokens/sec: 20552.72 ± 107.40, tokens seen: 2262220800, grad norm: 21.2863
[iter 36830]loss: 3.0850, tokens/sec: 20552.72 ± 107.39, tokens seen: 2262835200, grad norm: 11.2101
[iter 36840]loss: 2.9006, tokens/sec: 20552.72 ± 107.37, tokens seen: 2263449600, grad norm: 14.1886
[iter 36850]loss: 2.9129, tokens/sec: 20552.72 ± 107.36, tokens seen: 2264064000, grad norm: 14.9964
[iter 36860]loss: 3.0462, tokens/sec: 20552.72 ± 107.35, tokens seen: 2264678400, grad norm: 8.3472
[iter 36870]loss: 3.1019, tokens/sec: 20552.72 ± 107.33, tokens seen: 2265292800, grad norm: 21.7084
[iter 36880]loss: 3.1382, tokens/sec: 20552.72 ± 107.32, tokens seen: 2265907200, grad norm: 21.0527
[iter 36890]loss: 3.0881, tokens/sec: 20552.72 ± 107.31, tokens seen: 2266521600, grad norm: 15.2880
[iter 36900]loss: 2.8955, tokens/sec: 20552.73 ± 107.29, tokens seen: 2267136000, grad norm: 5.9073
[iter 36910]loss: 2.8971, tokens/sec: 20552.73 ± 107.28, tokens seen: 2267750400, grad norm: 5.7211
[iter 36920]loss: 3.2021, tokens/sec: 20552.73 ± 107.26, tokens seen: 2268364800, grad norm: 7.8562
[iter 36930]loss: 2.7954, tokens/sec: 20552.74 ± 107.25, tokens seen: 2268979200, grad norm: 9.5278
[iter 36940]loss: 3.0562, tokens/sec: 20552.73 ± 107.24, tokens seen: 2269593600, grad norm: 35.1437
[iter 36950]loss: 3.2157, tokens/sec: 20552.74 ± 107.22, tokens seen: 2270208000, grad norm: 8.5391
[iter 36960]loss: 2.9647, tokens/sec: 20552.74 ± 107.21, tokens seen: 2270822400, grad norm: 12.5730
[iter 36970]loss: 3.1301, tokens/sec: 20552.75 ± 107.20, tokens seen: 2271436800, grad norm: 13.5468
[iter 36980]loss: 3.0484, tokens/sec: 20552.75 ± 107.18, tokens seen: 2272051200, grad norm: 12.2642
[iter 36990]loss: 3.3823, tokens/sec: 20552.75 ± 107.17, tokens seen: 2272665600, grad norm: 13.4399
[step 37000]train loss: 3.0283, val loss: 3.0268, (avg train loss: 0.6039 ± 0.0329), (avg grad norm: 14.0741 ± 8.2635)
[iter 37000]loss: 2.9161, tokens/sec: 20552.75 ± 107.15, tokens seen: 2273280000, grad norm: 14.2787
[iter 37010]loss: 2.4179, tokens/sec: 20552.75 ± 107.14, tokens seen: 2273894400, grad norm: 9.8304
[iter 37020]loss: 3.0613, tokens/sec: 20552.74 ± 107.13, tokens seen: 2274508800, grad norm: 14.0637
[iter 37030]loss: 3.0301, tokens/sec: 20552.75 ± 107.12, tokens seen: 2275123200, grad norm: 14.2547
[iter 37040]loss: 3.5557, tokens/sec: 20552.75 ± 107.10, tokens seen: 2275737600, grad norm: 10.3956
[iter 37050]loss: 2.9383, tokens/sec: 20552.76 ± 107.09, tokens seen: 2276352000, grad norm: 11.1639
[iter 37060]loss: 3.0928, tokens/sec: 20552.76 ± 107.07, tokens seen: 2276966400, grad norm: 13.5518
[iter 37070]loss: 3.0305, tokens/sec: 20552.76 ± 107.06, tokens seen: 2277580800, grad norm: 35.1655
[iter 37080]loss: 2.9939, tokens/sec: 20552.75 ± 107.05, tokens seen: 2278195200, grad norm: 8.6238
[iter 37090]loss: 2.9936, tokens/sec: 20552.76 ± 107.03, tokens seen: 2278809600, grad norm: 12.1525
[iter 37100]loss: 3.0528, tokens/sec: 20552.76 ± 107.02, tokens seen: 2279424000, grad norm: 9.6086
[iter 37110]loss: 2.9282, tokens/sec: 20552.76 ± 107.01, tokens seen: 2280038400, grad norm: 10.2085
[iter 37120]loss: 3.1206, tokens/sec: 20552.77 ± 106.99, tokens seen: 2280652800, grad norm: 11.8140
[iter 37130]loss: 2.7437, tokens/sec: 20552.77 ± 106.98, tokens seen: 2281267200, grad norm: 18.6672
[iter 37140]loss: 2.9172, tokens/sec: 20552.77 ± 106.96, tokens seen: 2281881600, grad norm: 8.4137
[iter 37150]loss: 2.9803, tokens/sec: 20552.77 ± 106.95, tokens seen: 2282496000, grad norm: 9.6635
[iter 37160]loss: 3.1192, tokens/sec: 20552.78 ± 106.94, tokens seen: 2283110400, grad norm: 23.5547
[iter 37170]loss: 2.8532, tokens/sec: 20552.78 ± 106.92, tokens seen: 2283724800, grad norm: 16.0268
[iter 37180]loss: 3.0027, tokens/sec: 20552.79 ± 106.91, tokens seen: 2284339200, grad norm: 15.2356
[iter 37190]loss: 2.8877, tokens/sec: 20552.79 ± 106.90, tokens seen: 2284953600, grad norm: 18.1595
[iter 37200]loss: 3.0616, tokens/sec: 20552.79 ± 106.88, tokens seen: 2285568000, grad norm: 27.2310
[iter 37210]loss: 2.9816, tokens/sec: 20552.79 ± 106.87, tokens seen: 2286182400, grad norm: 47.9010
[iter 37220]loss: 3.0495, tokens/sec: 20552.79 ± 106.86, tokens seen: 2286796800, grad norm: 28.6838
[iter 37230]loss: 2.7833, tokens/sec: 20552.79 ± 106.84, tokens seen: 2287411200, grad norm: 35.7406
[iter 37240]loss: 3.2395, tokens/sec: 20552.79 ± 106.83, tokens seen: 2288025600, grad norm: 23.0363
[iter 37250]loss: 2.9745, tokens/sec: 20552.80 ± 106.81, tokens seen: 2288640000, grad norm: 16.8378
[iter 37260]loss: 3.1397, tokens/sec: 20552.80 ± 106.80, tokens seen: 2289254400, grad norm: 17.3109
[iter 37270]loss: 3.0883, tokens/sec: 20552.80 ± 106.79, tokens seen: 2289868800, grad norm: 39.9660
[iter 37280]loss: 2.7250, tokens/sec: 20552.81 ± 106.77, tokens seen: 2290483200, grad norm: 49.7020
[iter 37290]loss: 2.9644, tokens/sec: 20552.81 ± 106.76, tokens seen: 2291097600, grad norm: 19.2498
[iter 37300]loss: 3.0477, tokens/sec: 20552.81 ± 106.75, tokens seen: 2291712000, grad norm: 16.0822
[iter 37310]loss: 2.8971, tokens/sec: 20552.81 ± 106.73, tokens seen: 2292326400, grad norm: 17.8521
[iter 37320]loss: 2.9562, tokens/sec: 20552.81 ± 106.72, tokens seen: 2292940800, grad norm: 17.4700
[iter 37330]loss: 3.0141, tokens/sec: 20552.82 ± 106.70, tokens seen: 2293555200, grad norm: 18.9035
[iter 37340]loss: 3.2455, tokens/sec: 20552.82 ± 106.69, tokens seen: 2294169600, grad norm: 33.2976
[iter 37350]loss: 3.1826, tokens/sec: 20552.82 ± 106.68, tokens seen: 2294784000, grad norm: 22.4470
[iter 37360]loss: 3.0480, tokens/sec: 20552.83 ± 106.66, tokens seen: 2295398400, grad norm: 22.8180
[iter 37370]loss: 3.1384, tokens/sec: 20552.83 ± 106.65, tokens seen: 2296012800, grad norm: 28.8265
[iter 37380]loss: 2.9353, tokens/sec: 20552.82 ± 106.64, tokens seen: 2296627200, grad norm: 32.9328
[iter 37390]loss: 3.3930, tokens/sec: 20552.83 ± 106.62, tokens seen: 2297241600, grad norm: 18.4883
[iter 37400]loss: 2.7320, tokens/sec: 20552.83 ± 106.61, tokens seen: 2297856000, grad norm: 23.8259
[iter 37410]loss: 2.9084, tokens/sec: 20552.83 ± 106.60, tokens seen: 2298470400, grad norm: 27.0730
[iter 37420]loss: 3.0458, tokens/sec: 20552.83 ± 106.58, tokens seen: 2299084800, grad norm: 23.3065
[iter 37430]loss: 2.9300, tokens/sec: 20552.83 ± 106.57, tokens seen: 2299699200, grad norm: 52.0504
[iter 37440]loss: 2.9051, tokens/sec: 20552.84 ± 106.56, tokens seen: 2300313600, grad norm: 38.7674
[iter 37450]loss: 2.7321, tokens/sec: 20552.84 ± 106.54, tokens seen: 2300928000, grad norm: 62.3386
[iter 37460]loss: 2.8859, tokens/sec: 20552.84 ± 106.53, tokens seen: 2301542400, grad norm: 23.4104
[iter 37470]loss: 3.0237, tokens/sec: 20552.85 ± 106.52, tokens seen: 2302156800, grad norm: 42.8095
[iter 37480]loss: 2.9699, tokens/sec: 20552.85 ± 106.50, tokens seen: 2302771200, grad norm: 22.9086
[iter 37490]loss: 2.9402, tokens/sec: 20552.85 ± 106.49, tokens seen: 2303385600, grad norm: 28.3415
[step 37500]train loss: 3.0210, val loss: 3.0245, (avg train loss: 0.5979 ± 0.0319), (avg grad norm: 30.0828 ± 13.3956)
[iter 37500]loss: 2.9121, tokens/sec: 20552.85 ± 106.48, tokens seen: 2304000000, grad norm: 27.6852
[iter 37510]loss: 3.1637, tokens/sec: 20552.86 ± 106.46, tokens seen: 2304614400, grad norm: 26.9216
[iter 37520]loss: 2.6354, tokens/sec: 20552.86 ± 106.45, tokens seen: 2305228800, grad norm: 25.9707
[iter 37530]loss: 3.0131, tokens/sec: 20552.86 ± 106.44, tokens seen: 2305843200, grad norm: 30.0001
[iter 37540]loss: 3.2275, tokens/sec: 20552.86 ± 106.42, tokens seen: 2306457600, grad norm: 21.8343
[iter 37550]loss: 3.0349, tokens/sec: 20552.87 ± 106.41, tokens seen: 2307072000, grad norm: 25.4922
[iter 37560]loss: 2.9544, tokens/sec: 20552.87 ± 106.40, tokens seen: 2307686400, grad norm: 49.6983
[iter 37570]loss: 2.9066, tokens/sec: 20552.87 ± 106.38, tokens seen: 2308300800, grad norm: 27.7204
[iter 37580]loss: 2.7531, tokens/sec: 20552.87 ± 106.37, tokens seen: 2308915200, grad norm: 18.5683
[iter 37590]loss: 3.0294, tokens/sec: 20552.88 ± 106.36, tokens seen: 2309529600, grad norm: 23.3334
[iter 37600]loss: 2.7926, tokens/sec: 20552.88 ± 106.34, tokens seen: 2310144000, grad norm: 41.0411
[iter 37610]loss: 2.8371, tokens/sec: 20552.88 ± 106.33, tokens seen: 2310758400, grad norm: 30.5936
[iter 37620]loss: 3.2347, tokens/sec: 20552.88 ± 106.32, tokens seen: 2311372800, grad norm: 28.5856
[iter 37630]loss: 2.8430, tokens/sec: 20552.89 ± 106.30, tokens seen: 2311987200, grad norm: 30.2682
[iter 37640]loss: 3.1318, tokens/sec: 20552.89 ± 106.29, tokens seen: 2312601600, grad norm: 20.8036
[iter 37650]loss: 2.9237, tokens/sec: 20552.90 ± 106.28, tokens seen: 2313216000, grad norm: 21.8091
[iter 37660]loss: 3.0540, tokens/sec: 20552.90 ± 106.26, tokens seen: 2313830400, grad norm: 34.9822
[iter 37670]loss: 2.6665, tokens/sec: 20552.91 ± 106.25, tokens seen: 2314444800, grad norm: 30.6605
[iter 37680]loss: 3.0441, tokens/sec: 20552.91 ± 106.24, tokens seen: 2315059200, grad norm: 20.8851
[iter 37690]loss: 3.1250, tokens/sec: 20552.90 ± 106.22, tokens seen: 2315673600, grad norm: 19.1546
[iter 37700]loss: 2.6474, tokens/sec: 20552.90 ± 106.21, tokens seen: 2316288000, grad norm: 15.4607
[iter 37710]loss: 2.9802, tokens/sec: 20552.90 ± 106.20, tokens seen: 2316902400, grad norm: 38.3307
[iter 37720]loss: 3.1351, tokens/sec: 20552.90 ± 106.18, tokens seen: 2317516800, grad norm: 18.0243
[iter 37730]loss: 2.8286, tokens/sec: 20552.89 ± 106.17, tokens seen: 2318131200, grad norm: 38.0332
[iter 37740]loss: 2.9704, tokens/sec: 20552.90 ± 106.16, tokens seen: 2318745600, grad norm: 28.8300
[iter 37750]loss: 2.7114, tokens/sec: 20552.90 ± 106.15, tokens seen: 2319360000, grad norm: 34.1536
[iter 37760]loss: 2.8421, tokens/sec: 20552.91 ± 106.13, tokens seen: 2319974400, grad norm: 45.5128
[iter 37770]loss: 2.8950, tokens/sec: 20552.91 ± 106.12, tokens seen: 2320588800, grad norm: 21.4826
[iter 37780]loss: 2.9372, tokens/sec: 20552.91 ± 106.11, tokens seen: 2321203200, grad norm: 34.9839
[iter 37790]loss: 3.1432, tokens/sec: 20552.91 ± 106.09, tokens seen: 2321817600, grad norm: 28.7793
[iter 37800]loss: 2.8472, tokens/sec: 20552.91 ± 106.08, tokens seen: 2322432000, grad norm: 23.1999
[iter 37810]loss: 2.8620, tokens/sec: 20552.90 ± 106.07, tokens seen: 2323046400, grad norm: 40.7085
[iter 37820]loss: 3.0155, tokens/sec: 20552.91 ± 106.05, tokens seen: 2323660800, grad norm: 18.8027
[iter 37830]loss: 2.9678, tokens/sec: 20552.91 ± 106.04, tokens seen: 2324275200, grad norm: 40.9244
[iter 37840]loss: 3.0757, tokens/sec: 20552.91 ± 106.03, tokens seen: 2324889600, grad norm: 17.2140
[iter 37850]loss: 2.9687, tokens/sec: 20552.91 ± 106.01, tokens seen: 2325504000, grad norm: 26.1242
[iter 37860]loss: 3.1523, tokens/sec: 20552.92 ± 106.00, tokens seen: 2326118400, grad norm: 21.4913
[iter 37870]loss: 3.2516, tokens/sec: 20552.92 ± 105.99, tokens seen: 2326732800, grad norm: 31.7374
[iter 37880]loss: 2.8862, tokens/sec: 20552.92 ± 105.97, tokens seen: 2327347200, grad norm: 21.4755
[iter 37890]loss: 3.3052, tokens/sec: 20552.92 ± 105.96, tokens seen: 2327961600, grad norm: 57.3437
[iter 37900]loss: 3.1936, tokens/sec: 20552.92 ± 105.95, tokens seen: 2328576000, grad norm: 37.3656
[iter 37910]loss: 2.9582, tokens/sec: 20552.92 ± 105.93, tokens seen: 2329190400, grad norm: 22.3207
[iter 37920]loss: 2.9348, tokens/sec: 20552.93 ± 105.92, tokens seen: 2329804800, grad norm: 23.0670
[iter 37930]loss: 2.8562, tokens/sec: 20552.93 ± 105.91, tokens seen: 2330419200, grad norm: 20.9100
[iter 37940]loss: 3.0954, tokens/sec: 20552.93 ± 105.89, tokens seen: 2331033600, grad norm: 16.7141
[iter 37950]loss: 2.8945, tokens/sec: 20552.93 ± 105.88, tokens seen: 2331648000, grad norm: 16.3813
[iter 37960]loss: 3.1711, tokens/sec: 20552.93 ± 105.87, tokens seen: 2332262400, grad norm: 14.2982
[iter 37970]loss: 3.2213, tokens/sec: 20552.93 ± 105.86, tokens seen: 2332876800, grad norm: 18.5857
[iter 37980]loss: 3.0074, tokens/sec: 20552.94 ± 105.84, tokens seen: 2333491200, grad norm: 23.3771
[iter 37990]loss: 2.8794, tokens/sec: 20552.94 ± 105.83, tokens seen: 2334105600, grad norm: 34.4382
[step 38000]train loss: 3.0068, val loss: 3.0351, (avg train loss: 0.6061 ± 0.0302), (avg grad norm: 28.5203 ± 29.7516)
[iter 38000]loss: 3.2847, tokens/sec: 20552.94 ± 105.82, tokens seen: 2334720000, grad norm: 17.1696
[iter 38010]loss: 2.9706, tokens/sec: 20552.95 ± 105.80, tokens seen: 2335334400, grad norm: 26.3053
[iter 38020]loss: 3.0553, tokens/sec: 20552.94 ± 105.79, tokens seen: 2335948800, grad norm: 19.3901
[iter 38030]loss: 2.9918, tokens/sec: 20552.94 ± 105.78, tokens seen: 2336563200, grad norm: 15.5025
[iter 38040]loss: 2.9854, tokens/sec: 20552.95 ± 105.76, tokens seen: 2337177600, grad norm: 18.1037
[iter 38050]loss: 3.0180, tokens/sec: 20552.95 ± 105.75, tokens seen: 2337792000, grad norm: 20.7575
[iter 38060]loss: 2.9215, tokens/sec: 20552.95 ± 105.74, tokens seen: 2338406400, grad norm: 16.8481
[iter 38070]loss: 3.2322, tokens/sec: 20552.95 ± 105.72, tokens seen: 2339020800, grad norm: 18.7479
[iter 38080]loss: 2.9692, tokens/sec: 20552.95 ± 105.71, tokens seen: 2339635200, grad norm: 53.3510
[iter 38090]loss: 2.9801, tokens/sec: 20552.94 ± 105.70, tokens seen: 2340249600, grad norm: 22.8681
[iter 38100]loss: 2.9987, tokens/sec: 20552.95 ± 105.68, tokens seen: 2340864000, grad norm: 20.7121
[iter 38110]loss: 3.0777, tokens/sec: 20552.95 ± 105.67, tokens seen: 2341478400, grad norm: 20.8670
[iter 38120]loss: 3.0599, tokens/sec: 20552.95 ± 105.66, tokens seen: 2342092800, grad norm: 13.5541
[iter 38130]loss: 2.8595, tokens/sec: 20552.95 ± 105.64, tokens seen: 2342707200, grad norm: 17.0613
[iter 38140]loss: 2.9818, tokens/sec: 20552.96 ± 105.63, tokens seen: 2343321600, grad norm: 27.3888
[iter 38150]loss: 3.0618, tokens/sec: 20552.96 ± 105.62, tokens seen: 2343936000, grad norm: 30.8724
[iter 38160]loss: 2.9888, tokens/sec: 20552.96 ± 105.61, tokens seen: 2344550400, grad norm: 18.9582
[iter 38170]loss: 3.3874, tokens/sec: 20552.96 ± 105.59, tokens seen: 2345164800, grad norm: 41.2930
[iter 38180]loss: 3.1568, tokens/sec: 20552.96 ± 105.58, tokens seen: 2345779200, grad norm: 42.1136
[iter 38190]loss: 2.9494, tokens/sec: 20552.96 ± 105.57, tokens seen: 2346393600, grad norm: 43.8249
[iter 38200]loss: 2.9028, tokens/sec: 20552.97 ± 105.55, tokens seen: 2347008000, grad norm: 27.1099
[iter 38210]loss: 3.2049, tokens/sec: 20552.97 ± 105.54, tokens seen: 2347622400, grad norm: 19.4412
[iter 38220]loss: 3.1241, tokens/sec: 20552.97 ± 105.53, tokens seen: 2348236800, grad norm: 15.4479
[iter 38230]loss: 3.0920, tokens/sec: 20552.97 ± 105.51, tokens seen: 2348851200, grad norm: 15.9968
[iter 38240]loss: 3.0284, tokens/sec: 20552.97 ± 105.50, tokens seen: 2349465600, grad norm: 33.1073
[iter 38250]loss: 3.1172, tokens/sec: 20552.98 ± 105.49, tokens seen: 2350080000, grad norm: 27.9294
[iter 38260]loss: 3.1708, tokens/sec: 20552.98 ± 105.47, tokens seen: 2350694400, grad norm: 56.6133
[iter 38270]loss: 3.1355, tokens/sec: 20552.98 ± 105.46, tokens seen: 2351308800, grad norm: 37.6241
[iter 38280]loss: 3.1715, tokens/sec: 20552.98 ± 105.45, tokens seen: 2351923200, grad norm: 24.7334
[iter 38290]loss: 3.1356, tokens/sec: 20552.98 ± 105.43, tokens seen: 2352537600, grad norm: 32.9133
[iter 38300]loss: 2.9498, tokens/sec: 20552.99 ± 105.42, tokens seen: 2353152000, grad norm: 28.7105
[iter 38310]loss: 2.8530, tokens/sec: 20552.98 ± 105.41, tokens seen: 2353766400, grad norm: 31.1186
[iter 38320]loss: 3.2047, tokens/sec: 20552.98 ± 105.40, tokens seen: 2354380800, grad norm: 23.0339
[iter 38330]loss: 3.0174, tokens/sec: 20552.98 ± 105.38, tokens seen: 2354995200, grad norm: 53.0484
[iter 38340]loss: 2.9850, tokens/sec: 20552.98 ± 105.37, tokens seen: 2355609600, grad norm: 42.0507
[iter 38350]loss: 2.6893, tokens/sec: 20552.98 ± 105.36, tokens seen: 2356224000, grad norm: 47.4562
[iter 38360]loss: 2.7683, tokens/sec: 20552.98 ± 105.34, tokens seen: 2356838400, grad norm: 22.9336
[iter 38370]loss: 2.9664, tokens/sec: 20552.98 ± 105.33, tokens seen: 2357452800, grad norm: 31.4175
[iter 38380]loss: 2.8843, tokens/sec: 20552.98 ± 105.32, tokens seen: 2358067200, grad norm: 29.0049
[iter 38390]loss: 2.9907, tokens/sec: 20552.99 ± 105.31, tokens seen: 2358681600, grad norm: 34.9595
[iter 38400]loss: 2.9593, tokens/sec: 20552.99 ± 105.29, tokens seen: 2359296000, grad norm: 33.8920
[iter 38410]loss: 3.2062, tokens/sec: 20552.99 ± 105.28, tokens seen: 2359910400, grad norm: 24.1692
[iter 38420]loss: 2.9273, tokens/sec: 20552.99 ± 105.27, tokens seen: 2360524800, grad norm: 44.2556
[iter 38430]loss: 2.8191, tokens/sec: 20552.99 ± 105.25, tokens seen: 2361139200, grad norm: 41.7325
[iter 38440]loss: 2.9643, tokens/sec: 20553.00 ± 105.24, tokens seen: 2361753600, grad norm: 36.1312
[iter 38450]loss: 3.1436, tokens/sec: 20553.00 ± 105.23, tokens seen: 2362368000, grad norm: 66.3555
[iter 38460]loss: 3.1566, tokens/sec: 20552.99 ± 105.22, tokens seen: 2362982400, grad norm: 74.9587
[iter 38470]loss: 3.2656, tokens/sec: 20552.99 ± 105.20, tokens seen: 2363596800, grad norm: 31.3466
[iter 38480]loss: 2.9600, tokens/sec: 20552.99 ± 105.19, tokens seen: 2364211200, grad norm: 70.3902
[iter 38490]loss: 3.0473, tokens/sec: 20552.99 ± 105.18, tokens seen: 2364825600, grad norm: 33.3430
[step 38500]train loss: 2.9816, val loss: 3.0173, (avg train loss: 0.6015 ± 0.0323), (avg grad norm: 44.7935 ± 32.6272)
[iter 38500]loss: 3.0045, tokens/sec: 20552.99 ± 105.16, tokens seen: 2365440000, grad norm: 24.9329
[iter 38510]loss: 3.1338, tokens/sec: 20552.99 ± 105.15, tokens seen: 2366054400, grad norm: 31.9816
[iter 38520]loss: 3.0757, tokens/sec: 20552.99 ± 105.14, tokens seen: 2366668800, grad norm: 35.1235
[iter 38530]loss: 3.1421, tokens/sec: 20552.98 ± 105.12, tokens seen: 2367283200, grad norm: 44.1534
[iter 38540]loss: 3.1051, tokens/sec: 20552.98 ± 105.11, tokens seen: 2367897600, grad norm: 32.3679
[iter 38550]loss: 3.0293, tokens/sec: 20552.98 ± 105.10, tokens seen: 2368512000, grad norm: 30.9808
[iter 38560]loss: 2.8787, tokens/sec: 20552.98 ± 105.09, tokens seen: 2369126400, grad norm: 44.3191
[iter 38570]loss: 3.2043, tokens/sec: 20552.98 ± 105.07, tokens seen: 2369740800, grad norm: 34.6252
[iter 38580]loss: 2.8247, tokens/sec: 20552.98 ± 105.06, tokens seen: 2370355200, grad norm: 31.8369
[iter 38590]loss: 2.8543, tokens/sec: 20552.98 ± 105.05, tokens seen: 2370969600, grad norm: 26.7544
[iter 38600]loss: 2.9492, tokens/sec: 20552.98 ± 105.03, tokens seen: 2371584000, grad norm: 21.6945
[iter 38610]loss: 3.1283, tokens/sec: 20552.98 ± 105.02, tokens seen: 2372198400, grad norm: 23.1888
[iter 38620]loss: 3.1020, tokens/sec: 20552.98 ± 105.01, tokens seen: 2372812800, grad norm: 38.6729
[iter 38630]loss: 2.9325, tokens/sec: 20552.98 ± 105.00, tokens seen: 2373427200, grad norm: 43.0020
[iter 38640]loss: 2.9996, tokens/sec: 20552.97 ± 104.98, tokens seen: 2374041600, grad norm: 16.8649
[iter 38650]loss: 3.0508, tokens/sec: 20552.97 ± 104.97, tokens seen: 2374656000, grad norm: 19.4420
[iter 38660]loss: 2.4284, tokens/sec: 20552.97 ± 104.96, tokens seen: 2375270400, grad norm: 76.3408
[iter 38670]loss: 3.1956, tokens/sec: 20552.97 ± 104.95, tokens seen: 2375884800, grad norm: 21.8180
[iter 38680]loss: 3.0241, tokens/sec: 20552.97 ± 104.93, tokens seen: 2376499200, grad norm: 42.5776
[iter 38690]loss: 3.0962, tokens/sec: 20552.97 ± 104.92, tokens seen: 2377113600, grad norm: 32.2136
[iter 38700]loss: 3.0708, tokens/sec: 20552.96 ± 104.91, tokens seen: 2377728000, grad norm: 35.6964
[iter 38710]loss: 2.9340, tokens/sec: 20552.96 ± 104.89, tokens seen: 2378342400, grad norm: 25.2360
[iter 38720]loss: 3.1413, tokens/sec: 20552.97 ± 104.88, tokens seen: 2378956800, grad norm: 20.0919
[iter 38730]loss: 2.9665, tokens/sec: 20552.97 ± 104.87, tokens seen: 2379571200, grad norm: 15.9595
[iter 38740]loss: 3.1760, tokens/sec: 20552.97 ± 104.86, tokens seen: 2380185600, grad norm: 44.4513
[iter 38750]loss: 2.9107, tokens/sec: 20552.97 ± 104.84, tokens seen: 2380800000, grad norm: 27.5848
[iter 38760]loss: 2.8046, tokens/sec: 20552.97 ± 104.83, tokens seen: 2381414400, grad norm: 53.3841
[iter 38770]loss: 2.8853, tokens/sec: 20552.97 ± 104.82, tokens seen: 2382028800, grad norm: 34.5494
[iter 38780]loss: 3.5018, tokens/sec: 20552.97 ± 104.80, tokens seen: 2382643200, grad norm: 21.2194
[iter 38790]loss: 3.0020, tokens/sec: 20552.97 ± 104.79, tokens seen: 2383257600, grad norm: 53.8122
[iter 38800]loss: 3.1771, tokens/sec: 20552.97 ± 104.78, tokens seen: 2383872000, grad norm: 39.4507
[iter 38810]loss: 3.1077, tokens/sec: 20552.97 ± 104.76, tokens seen: 2384486400, grad norm: 14.8261
[iter 38820]loss: 2.9105, tokens/sec: 20552.97 ± 104.75, tokens seen: 2385100800, grad norm: 14.3467
[iter 38830]loss: 2.8485, tokens/sec: 20552.98 ± 104.74, tokens seen: 2385715200, grad norm: 26.1809
[iter 38840]loss: 2.8445, tokens/sec: 20552.98 ± 104.73, tokens seen: 2386329600, grad norm: 15.2025
[iter 38850]loss: 2.8972, tokens/sec: 20552.98 ± 104.71, tokens seen: 2386944000, grad norm: 24.0932
[iter 38860]loss: 2.9018, tokens/sec: 20552.98 ± 104.70, tokens seen: 2387558400, grad norm: 43.8275
[iter 38870]loss: 2.9697, tokens/sec: 20552.98 ± 104.69, tokens seen: 2388172800, grad norm: 18.4979
[iter 38880]loss: 3.0289, tokens/sec: 20552.98 ± 104.67, tokens seen: 2388787200, grad norm: 47.1444
[iter 38890]loss: 3.0823, tokens/sec: 20552.98 ± 104.66, tokens seen: 2389401600, grad norm: 48.0835
[iter 38900]loss: 3.4002, tokens/sec: 20552.98 ± 104.65, tokens seen: 2390016000, grad norm: 14.8617
[iter 38910]loss: 3.3028, tokens/sec: 20552.98 ± 104.63, tokens seen: 2390630400, grad norm: 18.0332
[iter 38920]loss: 2.8669, tokens/sec: 20552.99 ± 104.62, tokens seen: 2391244800, grad norm: 15.6075
[iter 38930]loss: 2.9992, tokens/sec: 20552.99 ± 104.61, tokens seen: 2391859200, grad norm: 15.7226
[iter 38940]loss: 2.8883, tokens/sec: 20552.99 ± 104.60, tokens seen: 2392473600, grad norm: 14.5524
[iter 38950]loss: 3.2225, tokens/sec: 20552.99 ± 104.58, tokens seen: 2393088000, grad norm: 30.9204
[iter 38960]loss: 3.1488, tokens/sec: 20552.99 ± 104.57, tokens seen: 2393702400, grad norm: 19.3411
[iter 38970]loss: 3.1968, tokens/sec: 20552.99 ± 104.56, tokens seen: 2394316800, grad norm: 15.9491
[iter 38980]loss: 3.0410, tokens/sec: 20552.99 ± 104.54, tokens seen: 2394931200, grad norm: 18.5556
[iter 38990]loss: 3.0510, tokens/sec: 20552.99 ± 104.53, tokens seen: 2395545600, grad norm: 22.7479
[step 39000]train loss: 3.0039, val loss: 2.9971, (avg train loss: 0.5956 ± 0.0313), (avg grad norm: 24.4462 ± 10.2199)
saving checkpoint to ./out-owt-xl-mhc-bs6-80000step
[iter 39000]loss: 2.6695, tokens/sec: 20552.99 ± 104.52, tokens seen: 2396160000, grad norm: 21.5629
[iter 39010]loss: 3.2196, tokens/sec: 20553.00 ± 104.51, tokens seen: 2396774400, grad norm: 20.4649
[iter 39020]loss: 2.9139, tokens/sec: 20552.99 ± 104.50, tokens seen: 2397388800, grad norm: 13.3091
[iter 39030]loss: 2.9494, tokens/sec: 20552.99 ± 104.48, tokens seen: 2398003200, grad norm: 17.6077
[iter 39040]loss: 3.1270, tokens/sec: 20553.00 ± 104.47, tokens seen: 2398617600, grad norm: 25.7314
[iter 39050]loss: 3.1423, tokens/sec: 20553.00 ± 104.46, tokens seen: 2399232000, grad norm: 11.9115
[iter 39060]loss: 2.8147, tokens/sec: 20553.00 ± 104.45, tokens seen: 2399846400, grad norm: 414.0930
[iter 39070]loss: 2.9539, tokens/sec: 20553.00 ± 104.43, tokens seen: 2400460800, grad norm: 23.2484
[iter 39080]loss: 2.8423, tokens/sec: 20553.00 ± 104.42, tokens seen: 2401075200, grad norm: 12.6048
[iter 39090]loss: 3.2845, tokens/sec: 20553.00 ± 104.41, tokens seen: 2401689600, grad norm: 25.9143
[iter 39100]loss: 2.9034, tokens/sec: 20553.00 ± 104.39, tokens seen: 2402304000, grad norm: 26.8466
[iter 39110]loss: 2.8440, tokens/sec: 20553.00 ± 104.38, tokens seen: 2402918400, grad norm: 10.4533
[iter 39120]loss: 3.1261, tokens/sec: 20553.00 ± 104.37, tokens seen: 2403532800, grad norm: 22.4842
[iter 39130]loss: 3.0555, tokens/sec: 20553.00 ± 104.36, tokens seen: 2404147200, grad norm: 18.6615
[iter 39140]loss: 2.9559, tokens/sec: 20553.01 ± 104.34, tokens seen: 2404761600, grad norm: 12.9274
[iter 39150]loss: 2.8550, tokens/sec: 20553.01 ± 104.33, tokens seen: 2405376000, grad norm: 47.8583
[iter 39160]loss: 2.8589, tokens/sec: 20553.01 ± 104.32, tokens seen: 2405990400, grad norm: 7.6744
[iter 39170]loss: 2.8691, tokens/sec: 20553.01 ± 104.30, tokens seen: 2406604800, grad norm: 23.7301
[iter 39180]loss: 3.1065, tokens/sec: 20553.01 ± 104.29, tokens seen: 2407219200, grad norm: 15.0066
[iter 39190]loss: 2.8765, tokens/sec: 20553.01 ± 104.28, tokens seen: 2407833600, grad norm: 14.3333
[iter 39200]loss: 3.1334, tokens/sec: 20553.02 ± 104.27, tokens seen: 2408448000, grad norm: 15.4675
[iter 39210]loss: 2.9523, tokens/sec: 20553.02 ± 104.25, tokens seen: 2409062400, grad norm: 16.2957
[iter 39220]loss: 3.0077, tokens/sec: 20553.02 ± 104.24, tokens seen: 2409676800, grad norm: 8.9703
[iter 39230]loss: 3.0191, tokens/sec: 20553.02 ± 104.23, tokens seen: 2410291200, grad norm: 9.1651
[iter 39240]loss: 3.1632, tokens/sec: 20553.02 ± 104.22, tokens seen: 2410905600, grad norm: 12.0091
[iter 39250]loss: 3.0447, tokens/sec: 20553.02 ± 104.20, tokens seen: 2411520000, grad norm: 7.3510
[iter 39260]loss: 2.8166, tokens/sec: 20553.02 ± 104.19, tokens seen: 2412134400, grad norm: 8.2772
[iter 39270]loss: 2.8087, tokens/sec: 20553.03 ± 104.18, tokens seen: 2412748800, grad norm: 15.9765
[iter 39280]loss: 3.0646, tokens/sec: 20553.03 ± 104.16, tokens seen: 2413363200, grad norm: 14.2073
[iter 39290]loss: 3.0662, tokens/sec: 20553.03 ± 104.15, tokens seen: 2413977600, grad norm: 35.6194
[iter 39300]loss: 2.8861, tokens/sec: 20553.03 ± 104.14, tokens seen: 2414592000, grad norm: 23.9528
[iter 39310]loss: 3.0298, tokens/sec: 20553.03 ± 104.13, tokens seen: 2415206400, grad norm: 36.3539
[iter 39320]loss: 2.9011, tokens/sec: 20553.03 ± 104.11, tokens seen: 2415820800, grad norm: 9.9564
[iter 39330]loss: 2.9892, tokens/sec: 20553.03 ± 104.10, tokens seen: 2416435200, grad norm: 20.3238
[iter 39340]loss: 2.9832, tokens/sec: 20553.03 ± 104.09, tokens seen: 2417049600, grad norm: 60.6776
[iter 39350]loss: 3.0924, tokens/sec: 20553.04 ± 104.08, tokens seen: 2417664000, grad norm: 14.0833
[iter 39360]loss: 3.0895, tokens/sec: 20553.04 ± 104.06, tokens seen: 2418278400, grad norm: 8.9198
[iter 39370]loss: 2.6879, tokens/sec: 20553.04 ± 104.05, tokens seen: 2418892800, grad norm: 13.7334
[iter 39380]loss: 3.2163, tokens/sec: 20553.04 ± 104.04, tokens seen: 2419507200, grad norm: 7.2618
[iter 39390]loss: 3.3193, tokens/sec: 20553.04 ± 104.02, tokens seen: 2420121600, grad norm: 7.6726
[iter 39400]loss: 2.8245, tokens/sec: 20553.05 ± 104.01, tokens seen: 2420736000, grad norm: 10.2529
[iter 39410]loss: 2.8395, tokens/sec: 20553.05 ± 104.00, tokens seen: 2421350400, grad norm: 7.8994
[iter 39420]loss: 3.1240, tokens/sec: 20553.05 ± 103.99, tokens seen: 2421964800, grad norm: 7.3019
[iter 39430]loss: 2.8447, tokens/sec: 20553.05 ± 103.97, tokens seen: 2422579200, grad norm: 9.3148
[iter 39440]loss: 3.1751, tokens/sec: 20553.05 ± 103.96, tokens seen: 2423193600, grad norm: 8.0613
[iter 39450]loss: 3.1797, tokens/sec: 20553.05 ± 103.95, tokens seen: 2423808000, grad norm: 11.1747
[iter 39460]loss: 3.1877, tokens/sec: 20553.05 ± 103.94, tokens seen: 2424422400, grad norm: 13.3588
[iter 39470]loss: 2.9584, tokens/sec: 20553.05 ± 103.92, tokens seen: 2425036800, grad norm: 12.3634
[iter 39480]loss: 3.1292, tokens/sec: 20553.05 ± 103.91, tokens seen: 2425651200, grad norm: 11.9244
[iter 39490]loss: 2.6347, tokens/sec: 20553.05 ± 103.90, tokens seen: 2426265600, grad norm: 10.6901
[step 39500]train loss: 2.9986, val loss: 2.9991, (avg train loss: 0.5980 ± 0.0353), (avg grad norm: 15.6250 ± 8.5104)
[iter 39500]loss: 3.2075, tokens/sec: 20553.05 ± 103.88, tokens seen: 2426880000, grad norm: 5.0786
[iter 39510]loss: 3.1798, tokens/sec: 20553.06 ± 103.87, tokens seen: 2427494400, grad norm: 44.9759
[iter 39520]loss: 2.8026, tokens/sec: 20553.06 ± 103.86, tokens seen: 2428108800, grad norm: 12.9140
[iter 39530]loss: 2.8247, tokens/sec: 20553.06 ± 103.85, tokens seen: 2428723200, grad norm: 7.5101
[iter 39540]loss: 3.0792, tokens/sec: 20553.06 ± 103.84, tokens seen: 2429337600, grad norm: 6.2001
[iter 39550]loss: 3.0519, tokens/sec: 20553.06 ± 103.82, tokens seen: 2429952000, grad norm: 14.3248
[iter 39560]loss: 3.2682, tokens/sec: 20553.07 ± 103.81, tokens seen: 2430566400, grad norm: 4.4911
[iter 39570]loss: 3.0038, tokens/sec: 20553.07 ± 103.80, tokens seen: 2431180800, grad norm: 16.7217
[iter 39580]loss: 2.9955, tokens/sec: 20553.06 ± 103.79, tokens seen: 2431795200, grad norm: 9.2465
[iter 39590]loss: 2.6769, tokens/sec: 20553.06 ± 103.77, tokens seen: 2432409600, grad norm: 16.4931
[iter 39600]loss: 3.2037, tokens/sec: 20553.06 ± 103.76, tokens seen: 2433024000, grad norm: 10.2011
[iter 39610]loss: 3.0130, tokens/sec: 20553.07 ± 103.75, tokens seen: 2433638400, grad norm: 18.3207
[iter 39620]loss: 3.1669, tokens/sec: 20553.07 ± 103.74, tokens seen: 2434252800, grad norm: 5.5131
[iter 39630]loss: 3.0292, tokens/sec: 20553.07 ± 103.72, tokens seen: 2434867200, grad norm: 8.3653
[iter 39640]loss: 2.7297, tokens/sec: 20553.07 ± 103.71, tokens seen: 2435481600, grad norm: 7.2339
[iter 39650]loss: 3.2242, tokens/sec: 20553.07 ± 103.70, tokens seen: 2436096000, grad norm: 9.8034
[iter 39660]loss: 2.8385, tokens/sec: 20553.08 ± 103.69, tokens seen: 2436710400, grad norm: 6.8975
[iter 39670]loss: 2.8776, tokens/sec: 20553.08 ± 103.67, tokens seen: 2437324800, grad norm: 9.7646
[iter 39680]loss: 2.9232, tokens/sec: 20553.08 ± 103.66, tokens seen: 2437939200, grad norm: 10.2683
[iter 39690]loss: 2.9092, tokens/sec: 20553.09 ± 103.65, tokens seen: 2438553600, grad norm: 4.8150
[iter 39700]loss: 3.0612, tokens/sec: 20553.09 ± 103.63, tokens seen: 2439168000, grad norm: 9.4203
[iter 39710]loss: 2.9887, tokens/sec: 20553.09 ± 103.62, tokens seen: 2439782400, grad norm: 8.4969
[iter 39720]loss: 3.0802, tokens/sec: 20553.09 ± 103.61, tokens seen: 2440396800, grad norm: 4.2652
[iter 39730]loss: 3.1435, tokens/sec: 20553.09 ± 103.60, tokens seen: 2441011200, grad norm: 3.8139
[iter 39740]loss: 2.9684, tokens/sec: 20553.09 ± 103.58, tokens seen: 2441625600, grad norm: 5.3126
[iter 39750]loss: 3.3687, tokens/sec: 20553.09 ± 103.57, tokens seen: 2442240000, grad norm: 4.2468
[iter 39760]loss: 3.1528, tokens/sec: 20553.10 ± 103.56, tokens seen: 2442854400, grad norm: 17.9806
[iter 39770]loss: 3.0483, tokens/sec: 20553.10 ± 103.55, tokens seen: 2443468800, grad norm: 3.3605
[iter 39780]loss: 2.8571, tokens/sec: 20553.10 ± 103.53, tokens seen: 2444083200, grad norm: 3.8661
[iter 39790]loss: 2.8813, tokens/sec: 20553.11 ± 103.52, tokens seen: 2444697600, grad norm: 12.0230
[iter 39800]loss: 2.7518, tokens/sec: 20553.11 ± 103.51, tokens seen: 2445312000, grad norm: 5.6559
[iter 39810]loss: 2.8578, tokens/sec: 20553.11 ± 103.50, tokens seen: 2445926400, grad norm: 5.1679
[iter 39820]loss: 2.6050, tokens/sec: 20553.11 ± 103.49, tokens seen: 2446540800, grad norm: 5.8843
[iter 39830]loss: 2.9739, tokens/sec: 20553.11 ± 103.47, tokens seen: 2447155200, grad norm: 15.2296
[iter 39840]loss: 2.9689, tokens/sec: 20553.11 ± 103.46, tokens seen: 2447769600, grad norm: 11.3642
[iter 39850]loss: 3.1556, tokens/sec: 20553.12 ± 103.45, tokens seen: 2448384000, grad norm: 12.9650
[iter 39860]loss: 2.9339, tokens/sec: 20553.12 ± 103.44, tokens seen: 2448998400, grad norm: 5.1423
[iter 39870]loss: 2.9205, tokens/sec: 20553.12 ± 103.42, tokens seen: 2449612800, grad norm: 8.8494
[iter 39880]loss: 2.8637, tokens/sec: 20553.13 ± 103.41, tokens seen: 2450227200, grad norm: 9.2499
[iter 39890]loss: 2.9486, tokens/sec: 20553.13 ± 103.40, tokens seen: 2450841600, grad norm: 8.3097
[iter 39900]loss: 2.6281, tokens/sec: 20553.13 ± 103.39, tokens seen: 2451456000, grad norm: 11.8457
[iter 39910]loss: 3.2671, tokens/sec: 20553.13 ± 103.38, tokens seen: 2452070400, grad norm: 3.7786
[iter 39920]loss: 2.8198, tokens/sec: 20553.14 ± 103.36, tokens seen: 2452684800, grad norm: 4.4232
[iter 39930]loss: 3.0416, tokens/sec: 20553.14 ± 103.35, tokens seen: 2453299200, grad norm: 6.9103
[iter 39940]loss: 3.2164, tokens/sec: 20553.14 ± 103.34, tokens seen: 2453913600, grad norm: 9.8584
[iter 39950]loss: 3.3324, tokens/sec: 20553.14 ± 103.33, tokens seen: 2454528000, grad norm: 31.0031
[iter 39960]loss: 2.5640, tokens/sec: 20553.14 ± 103.31, tokens seen: 2455142400, grad norm: 7.4009
[iter 39970]loss: 3.2538, tokens/sec: 20553.14 ± 103.30, tokens seen: 2455756800, grad norm: 6.9824
[iter 39980]loss: 2.8327, tokens/sec: 20553.14 ± 103.29, tokens seen: 2456371200, grad norm: 6.1193
[iter 39990]loss: 3.1431, tokens/sec: 20553.14 ± 103.28, tokens seen: 2456985600, grad norm: 6.3189
[step 40000]train loss: 2.9781, val loss: 2.9969, (avg train loss: 0.5966 ± 0.0333), (avg grad norm: 9.4475 ± 4.8712)
saving checkpoint to ./out-owt-xl-mhc-bs6-80000step
[iter 40000]loss: 2.9434, tokens/sec: 20553.15 ± 103.26, tokens seen: 2457600000, grad norm: 13.9272
[iter 40010]loss: 2.9759, tokens/sec: 20553.15 ± 103.25, tokens seen: 2458214400, grad norm: 17.4633
[iter 40020]loss: 2.9376, tokens/sec: 20553.14 ± 103.24, tokens seen: 2458828800, grad norm: 12.5589
[iter 40030]loss: 3.0774, tokens/sec: 20553.13 ± 103.23, tokens seen: 2459443200, grad norm: 10.5430
[iter 40040]loss: 3.0226, tokens/sec: 20553.14 ± 103.22, tokens seen: 2460057600, grad norm: 22.9075
[iter 40050]loss: 2.9189, tokens/sec: 20553.14 ± 103.21, tokens seen: 2460672000, grad norm: 21.4395
[iter 40060]loss: 2.8263, tokens/sec: 20553.14 ± 103.20, tokens seen: 2461286400, grad norm: 13.9023
[iter 40070]loss: 3.0279, tokens/sec: 20553.14 ± 103.18, tokens seen: 2461900800, grad norm: 35.3697
[iter 40080]loss: 3.1621, tokens/sec: 20553.15 ± 103.17, tokens seen: 2462515200, grad norm: 14.1936
[iter 40090]loss: 2.9971, tokens/sec: 20553.15 ± 103.16, tokens seen: 2463129600, grad norm: 14.8767
[iter 40100]loss: 3.1918, tokens/sec: 20553.15 ± 103.15, tokens seen: 2463744000, grad norm: 9.4223
[iter 40110]loss: 2.9648, tokens/sec: 20553.15 ± 103.13, tokens seen: 2464358400, grad norm: 11.0623
[iter 40120]loss: 2.8456, tokens/sec: 20553.15 ± 103.12, tokens seen: 2464972800, grad norm: 12.1804
[iter 40130]loss: 3.0883, tokens/sec: 20553.15 ± 103.11, tokens seen: 2465587200, grad norm: 24.5247
[iter 40140]loss: 2.9042, tokens/sec: 20553.16 ± 103.10, tokens seen: 2466201600, grad norm: 10.0340
[iter 40150]loss: 3.1371, tokens/sec: 20553.16 ± 103.09, tokens seen: 2466816000, grad norm: 15.0786
[iter 40160]loss: 2.9943, tokens/sec: 20553.16 ± 103.07, tokens seen: 2467430400, grad norm: 33.8100
[iter 40170]loss: 2.8568, tokens/sec: 20553.16 ± 103.06, tokens seen: 2468044800, grad norm: 13.2002
[iter 40180]loss: 3.0532, tokens/sec: 20553.17 ± 103.05, tokens seen: 2468659200, grad norm: 19.3268
[iter 40190]loss: 3.0097, tokens/sec: 20553.17 ± 103.04, tokens seen: 2469273600, grad norm: 11.2877
[iter 40200]loss: 2.6316, tokens/sec: 20553.17 ± 103.03, tokens seen: 2469888000, grad norm: 16.3029
[iter 40210]loss: 3.0744, tokens/sec: 20553.17 ± 103.01, tokens seen: 2470502400, grad norm: 9.9386
[iter 40220]loss: 2.9169, tokens/sec: 20553.16 ± 103.00, tokens seen: 2471116800, grad norm: 17.2166
[iter 40230]loss: 2.7540, tokens/sec: 20553.16 ± 102.99, tokens seen: 2471731200, grad norm: 16.9801
[iter 40240]loss: 2.8743, tokens/sec: 20553.17 ± 102.98, tokens seen: 2472345600, grad norm: 13.2960
[iter 40250]loss: 2.9327, tokens/sec: 20553.17 ± 102.97, tokens seen: 2472960000, grad norm: 34.0701
[iter 40260]loss: 3.2179, tokens/sec: 20553.17 ± 102.95, tokens seen: 2473574400, grad norm: 13.8309
[iter 40270]loss: 3.0243, tokens/sec: 20553.17 ± 102.94, tokens seen: 2474188800, grad norm: 9.8707
[iter 40280]loss: 3.1144, tokens/sec: 20553.18 ± 102.93, tokens seen: 2474803200, grad norm: 11.6339
[iter 40290]loss: 2.9037, tokens/sec: 20553.17 ± 102.92, tokens seen: 2475417600, grad norm: 22.5280
[iter 40300]loss: 3.3943, tokens/sec: 20553.17 ± 102.91, tokens seen: 2476032000, grad norm: 18.2994
[iter 40310]loss: 2.6934, tokens/sec: 20553.17 ± 102.89, tokens seen: 2476646400, grad norm: 16.1099
[iter 40320]loss: 2.9612, tokens/sec: 20553.17 ± 102.88, tokens seen: 2477260800, grad norm: 16.2086
[iter 40330]loss: 2.8837, tokens/sec: 20553.18 ± 102.87, tokens seen: 2477875200, grad norm: 56.8089
[iter 40340]loss: 3.1366, tokens/sec: 20553.18 ± 102.86, tokens seen: 2478489600, grad norm: 18.0755
[iter 40350]loss: 3.2649, tokens/sec: 20553.18 ± 102.85, tokens seen: 2479104000, grad norm: 28.4000
[iter 40360]loss: 3.0924, tokens/sec: 20553.18 ± 102.83, tokens seen: 2479718400, grad norm: 15.5687
[iter 40370]loss: 3.0944, tokens/sec: 20553.19 ± 102.82, tokens seen: 2480332800, grad norm: 16.6417
[iter 40380]loss: 2.8050, tokens/sec: 20553.19 ± 102.81, tokens seen: 2480947200, grad norm: 16.6505
[iter 40390]loss: 2.9769, tokens/sec: 20553.19 ± 102.80, tokens seen: 2481561600, grad norm: 18.3549
[iter 40400]loss: 3.1112, tokens/sec: 20553.20 ± 102.79, tokens seen: 2482176000, grad norm: 13.9206
[iter 40410]loss: 3.0382, tokens/sec: 20553.20 ± 102.77, tokens seen: 2482790400, grad norm: 17.5057
[iter 40420]loss: 3.1751, tokens/sec: 20553.20 ± 102.76, tokens seen: 2483404800, grad norm: 13.6018
[iter 40430]loss: 2.7429, tokens/sec: 20553.20 ± 102.75, tokens seen: 2484019200, grad norm: 15.3157
[iter 40440]loss: 2.8954, tokens/sec: 20553.21 ± 102.74, tokens seen: 2484633600, grad norm: 36.0893
[iter 40450]loss: 2.5190, tokens/sec: 20553.21 ± 102.73, tokens seen: 2485248000, grad norm: 9.5594
[iter 40460]loss: 3.0582, tokens/sec: 20553.22 ± 102.71, tokens seen: 2485862400, grad norm: 21.9240
[iter 40470]loss: 3.2924, tokens/sec: 20553.22 ± 102.70, tokens seen: 2486476800, grad norm: 16.2892
[iter 40480]loss: 2.9758, tokens/sec: 20553.22 ± 102.69, tokens seen: 2487091200, grad norm: 16.7489
[iter 40490]loss: 3.0733, tokens/sec: 20553.23 ± 102.68, tokens seen: 2487705600, grad norm: 17.7336
[step 40500]train loss: 2.9778, val loss: 2.9864, (avg train loss: 0.5990 ± 0.0339), (avg grad norm: 21.5814 ± 10.6922)
saving checkpoint to ./out-owt-xl-mhc-bs6-80000step
[iter 40500]loss: 3.1211, tokens/sec: 20553.24 ± 102.67, tokens seen: 2488320000, grad norm: 387.7784
[iter 40510]loss: 3.0505, tokens/sec: 20553.25 ± 102.66, tokens seen: 2488934400, grad norm: 14.6196
[iter 40520]loss: 2.7904, tokens/sec: 20553.24 ± 102.65, tokens seen: 2489548800, grad norm: 8.9615
[iter 40530]loss: 2.8913, tokens/sec: 20553.24 ± 102.63, tokens seen: 2490163200, grad norm: 17.9847
[iter 40540]loss: 2.9293, tokens/sec: 20553.25 ± 102.62, tokens seen: 2490777600, grad norm: 11.1963
[iter 40550]loss: 2.9997, tokens/sec: 20553.25 ± 102.61, tokens seen: 2491392000, grad norm: 9.4200
[iter 40560]loss: 2.8902, tokens/sec: 20553.25 ± 102.60, tokens seen: 2492006400, grad norm: 22.9512
[iter 40570]loss: 3.2166, tokens/sec: 20553.25 ± 102.59, tokens seen: 2492620800, grad norm: 8.3414
[iter 40580]loss: 2.8381, tokens/sec: 20553.25 ± 102.57, tokens seen: 2493235200, grad norm: 33.4954
[iter 40590]loss: 2.9300, tokens/sec: 20553.26 ± 102.56, tokens seen: 2493849600, grad norm: 16.0834
[iter 40600]loss: 2.8346, tokens/sec: 20553.26 ± 102.55, tokens seen: 2494464000, grad norm: 9.6622
[iter 40610]loss: 2.6765, tokens/sec: 20553.26 ± 102.54, tokens seen: 2495078400, grad norm: 9.4380
[iter 40620]loss: 2.9646, tokens/sec: 20553.26 ± 102.53, tokens seen: 2495692800, grad norm: 9.9492
[iter 40630]loss: 3.2144, tokens/sec: 20553.26 ± 102.51, tokens seen: 2496307200, grad norm: 13.7411
[iter 40640]loss: 3.0183, tokens/sec: 20553.27 ± 102.50, tokens seen: 2496921600, grad norm: 12.9237
[iter 40650]loss: 2.9725, tokens/sec: 20553.27 ± 102.49, tokens seen: 2497536000, grad norm: 10.6051
[iter 40660]loss: 2.9315, tokens/sec: 20553.27 ± 102.48, tokens seen: 2498150400, grad norm: 9.3858
[iter 40670]loss: 2.9523, tokens/sec: 20553.27 ± 102.47, tokens seen: 2498764800, grad norm: 22.3558
[iter 40680]loss: 3.0488, tokens/sec: 20553.28 ± 102.45, tokens seen: 2499379200, grad norm: 11.8408
[iter 40690]loss: 3.0464, tokens/sec: 20553.28 ± 102.44, tokens seen: 2499993600, grad norm: 15.9382
[iter 40700]loss: 3.3551, tokens/sec: 20553.28 ± 102.43, tokens seen: 2500608000, grad norm: 6.5466
[iter 40710]loss: 3.0134, tokens/sec: 20553.29 ± 102.42, tokens seen: 2501222400, grad norm: 26.2083
[iter 40720]loss: 2.9478, tokens/sec: 20553.29 ± 102.41, tokens seen: 2501836800, grad norm: 23.6446
[iter 40730]loss: 2.9999, tokens/sec: 20553.30 ± 102.40, tokens seen: 2502451200, grad norm: 7.7973
[iter 40740]loss: 3.0422, tokens/sec: 20553.30 ± 102.38, tokens seen: 2503065600, grad norm: 25.7060
[iter 40750]loss: 2.8727, tokens/sec: 20553.29 ± 102.37, tokens seen: 2503680000, grad norm: 33.5009
[iter 40760]loss: 3.1298, tokens/sec: 20553.30 ± 102.36, tokens seen: 2504294400, grad norm: 9.6304
[iter 40770]loss: 2.9768, tokens/sec: 20553.30 ± 102.35, tokens seen: 2504908800, grad norm: 7.7691
[iter 40780]loss: 2.7577, tokens/sec: 20553.30 ± 102.34, tokens seen: 2505523200, grad norm: 15.7977
[iter 40790]loss: 2.7627, tokens/sec: 20553.30 ± 102.33, tokens seen: 2506137600, grad norm: 10.4681
[iter 40800]loss: 2.9034, tokens/sec: 20553.29 ± 102.32, tokens seen: 2506752000, grad norm: 11.8017
[iter 40810]loss: 2.8969, tokens/sec: 20553.30 ± 102.30, tokens seen: 2507366400, grad norm: 12.8467
[iter 40820]loss: 3.0122, tokens/sec: 20553.30 ± 102.29, tokens seen: 2507980800, grad norm: 13.7223
[iter 40830]loss: 3.0520, tokens/sec: 20553.30 ± 102.28, tokens seen: 2508595200, grad norm: 9.3107
[iter 40840]loss: 2.8911, tokens/sec: 20553.30 ± 102.27, tokens seen: 2509209600, grad norm: 6.2958
[iter 40850]loss: 3.0638, tokens/sec: 20553.31 ± 102.26, tokens seen: 2509824000, grad norm: 6.5512
[iter 40860]loss: 2.9751, tokens/sec: 20553.31 ± 102.25, tokens seen: 2510438400, grad norm: 6.1436
[iter 40870]loss: 3.1129, tokens/sec: 20553.31 ± 102.23, tokens seen: 2511052800, grad norm: 22.7026
[iter 40880]loss: 2.9829, tokens/sec: 20553.31 ± 102.22, tokens seen: 2511667200, grad norm: 15.5581
[iter 40890]loss: 2.9696, tokens/sec: 20553.32 ± 102.21, tokens seen: 2512281600, grad norm: 16.0393
[iter 40900]loss: 2.7535, tokens/sec: 20553.32 ± 102.20, tokens seen: 2512896000, grad norm: 17.7685
[iter 40910]loss: 3.0711, tokens/sec: 20553.32 ± 102.19, tokens seen: 2513510400, grad norm: 10.6138
[iter 40920]loss: 2.8878, tokens/sec: 20553.32 ± 102.18, tokens seen: 2514124800, grad norm: 12.1755
[iter 40930]loss: 2.8026, tokens/sec: 20553.33 ± 102.16, tokens seen: 2514739200, grad norm: 8.3722
[iter 40940]loss: 3.0502, tokens/sec: 20553.33 ± 102.15, tokens seen: 2515353600, grad norm: 12.7309
[iter 40950]loss: 3.3613, tokens/sec: 20553.33 ± 102.14, tokens seen: 2515968000, grad norm: 9.5156
[iter 40960]loss: 3.1430, tokens/sec: 20553.33 ± 102.13, tokens seen: 2516582400, grad norm: 29.1071
[iter 40970]loss: 3.0774, tokens/sec: 20553.33 ± 102.12, tokens seen: 2517196800, grad norm: 18.5631
[iter 40980]loss: 3.5326, tokens/sec: 20553.33 ± 102.11, tokens seen: 2517811200, grad norm: 28.1274
[iter 40990]loss: 3.0027, tokens/sec: 20553.34 ± 102.09, tokens seen: 2518425600, grad norm: 17.7626
[step 41000]train loss: 3.0035, val loss: 3.0037, (avg train loss: 0.5989 ± 0.0329), (avg grad norm: 13.5741 ± 7.8781)
[iter 41000]loss: 2.9747, tokens/sec: 20553.34 ± 102.08, tokens seen: 2519040000, grad norm: 10.8242
[iter 41010]loss: 3.1116, tokens/sec: 20553.34 ± 102.07, tokens seen: 2519654400, grad norm: 10.4828
[iter 41020]loss: 3.0962, tokens/sec: 20553.34 ± 102.06, tokens seen: 2520268800, grad norm: 7.8974
[iter 41030]loss: 3.3234, tokens/sec: 20553.34 ± 102.05, tokens seen: 2520883200, grad norm: 6.9550
[iter 41040]loss: 2.8781, tokens/sec: 20553.34 ± 102.03, tokens seen: 2521497600, grad norm: 12.7175
[iter 41050]loss: 3.1323, tokens/sec: 20553.34 ± 102.02, tokens seen: 2522112000, grad norm: 22.2616
[iter 41060]loss: 3.1014, tokens/sec: 20553.34 ± 102.01, tokens seen: 2522726400, grad norm: 10.0677
[iter 41070]loss: 2.9862, tokens/sec: 20553.34 ± 102.00, tokens seen: 2523340800, grad norm: 7.3602
[iter 41080]loss: 2.8451, tokens/sec: 20553.35 ± 101.99, tokens seen: 2523955200, grad norm: 9.0412
[iter 41090]loss: 3.0697, tokens/sec: 20553.35 ± 101.98, tokens seen: 2524569600, grad norm: 17.6835
[iter 41100]loss: 3.0139, tokens/sec: 20553.35 ± 101.96, tokens seen: 2525184000, grad norm: 17.9126
[iter 41110]loss: 3.1121, tokens/sec: 20553.35 ± 101.95, tokens seen: 2525798400, grad norm: 6.1699
[iter 41120]loss: 3.0182, tokens/sec: 20553.36 ± 101.94, tokens seen: 2526412800, grad norm: 13.7224
[iter 41130]loss: 3.0272, tokens/sec: 20553.35 ± 101.93, tokens seen: 2527027200, grad norm: 9.9029
[iter 41140]loss: 3.2142, tokens/sec: 20553.35 ± 101.92, tokens seen: 2527641600, grad norm: 8.9695
[iter 41150]loss: 3.0792, tokens/sec: 20553.35 ± 101.91, tokens seen: 2528256000, grad norm: 11.8499
[iter 41160]loss: 2.8819, tokens/sec: 20553.36 ± 101.89, tokens seen: 2528870400, grad norm: 15.3144
[iter 41170]loss: 2.8515, tokens/sec: 20553.36 ± 101.88, tokens seen: 2529484800, grad norm: 12.0317
[iter 41180]loss: 2.9657, tokens/sec: 20553.35 ± 101.87, tokens seen: 2530099200, grad norm: 16.9216
[iter 41190]loss: 2.6758, tokens/sec: 20553.36 ± 101.86, tokens seen: 2530713600, grad norm: 11.4947
[iter 41200]loss: 3.0051, tokens/sec: 20553.36 ± 101.85, tokens seen: 2531328000, grad norm: 30.3590
[iter 41210]loss: 2.8169, tokens/sec: 20553.36 ± 101.84, tokens seen: 2531942400, grad norm: 25.7284
[iter 41220]loss: 3.1345, tokens/sec: 20553.35 ± 101.83, tokens seen: 2532556800, grad norm: 20.9004
[iter 41230]loss: 3.0390, tokens/sec: 20553.35 ± 101.81, tokens seen: 2533171200, grad norm: 27.2891
[iter 41240]loss: 2.8549, tokens/sec: 20553.35 ± 101.80, tokens seen: 2533785600, grad norm: 19.2934
[iter 41250]loss: 2.8741, tokens/sec: 20553.35 ± 101.79, tokens seen: 2534400000, grad norm: 15.0092
[iter 41260]loss: 2.9934, tokens/sec: 20553.36 ± 101.78, tokens seen: 2535014400, grad norm: 23.3840
[iter 41270]loss: 2.9469, tokens/sec: 20553.35 ± 101.77, tokens seen: 2535628800, grad norm: 18.1618
[iter 41280]loss: 3.1719, tokens/sec: 20553.35 ± 101.76, tokens seen: 2536243200, grad norm: 10.1071
[iter 41290]loss: 3.1602, tokens/sec: 20553.36 ± 101.74, tokens seen: 2536857600, grad norm: 34.4878
[iter 41300]loss: 3.2391, tokens/sec: 20553.36 ± 101.73, tokens seen: 2537472000, grad norm: 11.9525
[iter 41310]loss: 3.1654, tokens/sec: 20553.36 ± 101.72, tokens seen: 2538086400, grad norm: 13.5264
[iter 41320]loss: 2.7415, tokens/sec: 20553.35 ± 101.71, tokens seen: 2538700800, grad norm: 58.4906
[iter 41330]loss: 3.0381, tokens/sec: 20553.36 ± 101.70, tokens seen: 2539315200, grad norm: 13.7836
[iter 41340]loss: 2.9215, tokens/sec: 20553.36 ± 101.69, tokens seen: 2539929600, grad norm: 18.3779
[iter 41350]loss: 2.9239, tokens/sec: 20553.36 ± 101.68, tokens seen: 2540544000, grad norm: 12.2434
[iter 41360]loss: 2.8278, tokens/sec: 20553.36 ± 101.66, tokens seen: 2541158400, grad norm: 10.0127
[iter 41370]loss: 2.7748, tokens/sec: 20553.36 ± 101.65, tokens seen: 2541772800, grad norm: 27.8461
[iter 41380]loss: 3.2707, tokens/sec: 20553.36 ± 101.64, tokens seen: 2542387200, grad norm: 25.6886
[iter 41390]loss: 3.1538, tokens/sec: 20553.36 ± 101.63, tokens seen: 2543001600, grad norm: 21.6385
[iter 41400]loss: 3.2898, tokens/sec: 20553.36 ± 101.62, tokens seen: 2543616000, grad norm: 24.3180
[iter 41410]loss: 2.9540, tokens/sec: 20553.37 ± 101.61, tokens seen: 2544230400, grad norm: 16.5009
[iter 41420]loss: 2.7366, tokens/sec: 20553.37 ± 101.59, tokens seen: 2544844800, grad norm: 25.5105
[iter 41430]loss: 2.9995, tokens/sec: 20553.37 ± 101.58, tokens seen: 2545459200, grad norm: 24.7388
[iter 41440]loss: 3.2634, tokens/sec: 20553.37 ± 101.57, tokens seen: 2546073600, grad norm: 24.9079
[iter 41450]loss: 2.6170, tokens/sec: 20553.37 ± 101.56, tokens seen: 2546688000, grad norm: 7.3625
[iter 41460]loss: 2.7701, tokens/sec: 20553.38 ± 101.55, tokens seen: 2547302400, grad norm: 7.1181
[iter 41470]loss: 3.0129, tokens/sec: 20553.38 ± 101.54, tokens seen: 2547916800, grad norm: 21.0473
[iter 41480]loss: 3.2263, tokens/sec: 20553.38 ± 101.52, tokens seen: 2548531200, grad norm: 10.3966
[iter 41490]loss: 3.2288, tokens/sec: 20553.38 ± 101.51, tokens seen: 2549145600, grad norm: 14.8996
[step 41500]train loss: 2.9807, val loss: 3.0084, (avg train loss: 0.5954 ± 0.0318), (avg grad norm: 15.7122 ± 7.0748)
[iter 41500]loss: 3.0371, tokens/sec: 20553.38 ± 101.50, tokens seen: 2549760000, grad norm: 6.4492
[iter 41510]loss: 3.0297, tokens/sec: 20553.39 ± 101.49, tokens seen: 2550374400, grad norm: 9.0905
[iter 41520]loss: 3.1334, tokens/sec: 20553.38 ± 101.48, tokens seen: 2550988800, grad norm: 27.7888
[iter 41530]loss: 3.2277, tokens/sec: 20553.38 ± 101.47, tokens seen: 2551603200, grad norm: 14.0775
[iter 41540]loss: 3.1372, tokens/sec: 20553.38 ± 101.46, tokens seen: 2552217600, grad norm: 16.8670
[iter 41550]loss: 3.0189, tokens/sec: 20553.38 ± 101.45, tokens seen: 2552832000, grad norm: 7.6126
[iter 41560]loss: 3.0839, tokens/sec: 20553.38 ± 101.43, tokens seen: 2553446400, grad norm: 9.0700
[iter 41570]loss: 2.9700, tokens/sec: 20553.38 ± 101.42, tokens seen: 2554060800, grad norm: 12.1203
[iter 41580]loss: 2.8574, tokens/sec: 20553.39 ± 101.41, tokens seen: 2554675200, grad norm: 9.0247
[iter 41590]loss: 2.9445, tokens/sec: 20553.39 ± 101.40, tokens seen: 2555289600, grad norm: 12.5099
[iter 41600]loss: 2.9070, tokens/sec: 20553.40 ± 101.39, tokens seen: 2555904000, grad norm: 7.7124
[iter 41610]loss: 3.1590, tokens/sec: 20553.40 ± 101.38, tokens seen: 2556518400, grad norm: 8.5467
[iter 41620]loss: 2.7418, tokens/sec: 20553.40 ± 101.36, tokens seen: 2557132800, grad norm: 27.8763
[iter 41630]loss: 3.2020, tokens/sec: 20553.40 ± 101.35, tokens seen: 2557747200, grad norm: 9.6915
[iter 41640]loss: 2.8880, tokens/sec: 20553.40 ± 101.34, tokens seen: 2558361600, grad norm: 9.6962
[iter 41650]loss: 3.0152, tokens/sec: 20553.41 ± 101.33, tokens seen: 2558976000, grad norm: 9.0953
[iter 41660]loss: 2.9788, tokens/sec: 20553.41 ± 101.32, tokens seen: 2559590400, grad norm: 10.6810
[iter 41670]loss: 3.1264, tokens/sec: 20553.41 ± 101.31, tokens seen: 2560204800, grad norm: 24.5768
[iter 41680]loss: 2.9421, tokens/sec: 20553.41 ± 101.30, tokens seen: 2560819200, grad norm: 19.2713
[iter 41690]loss: 3.0056, tokens/sec: 20553.41 ± 101.28, tokens seen: 2561433600, grad norm: 15.5168
[iter 41700]loss: 2.6235, tokens/sec: 20553.42 ± 101.27, tokens seen: 2562048000, grad norm: 9.6474
[iter 41710]loss: 2.9115, tokens/sec: 20553.42 ± 101.26, tokens seen: 2562662400, grad norm: 12.1641
[iter 41720]loss: 3.0180, tokens/sec: 20553.42 ± 101.25, tokens seen: 2563276800, grad norm: 12.7668
[iter 41730]loss: 3.0517, tokens/sec: 20553.42 ± 101.24, tokens seen: 2563891200, grad norm: 26.2147
[iter 41740]loss: 3.2517, tokens/sec: 20553.42 ± 101.23, tokens seen: 2564505600, grad norm: 17.9674
[iter 41750]loss: 2.8687, tokens/sec: 20553.42 ± 101.22, tokens seen: 2565120000, grad norm: 21.8339
[iter 41760]loss: 2.9413, tokens/sec: 20553.42 ± 101.20, tokens seen: 2565734400, grad norm: 18.2534
[iter 41770]loss: 2.9960, tokens/sec: 20553.42 ± 101.19, tokens seen: 2566348800, grad norm: 22.1156
[iter 41780]loss: 2.8719, tokens/sec: 20553.42 ± 101.18, tokens seen: 2566963200, grad norm: 18.0433
[iter 41790]loss: 2.8959, tokens/sec: 20553.43 ± 101.17, tokens seen: 2567577600, grad norm: 45.3325
[iter 41800]loss: 3.2838, tokens/sec: 20553.43 ± 101.16, tokens seen: 2568192000, grad norm: 15.3493
[iter 41810]loss: 3.0876, tokens/sec: 20553.43 ± 101.15, tokens seen: 2568806400, grad norm: 10.3706
[iter 41820]loss: 2.9115, tokens/sec: 20553.43 ± 101.14, tokens seen: 2569420800, grad norm: 15.6233
[iter 41830]loss: 3.1755, tokens/sec: 20553.43 ± 101.13, tokens seen: 2570035200, grad norm: 14.8556
[iter 41840]loss: 3.0542, tokens/sec: 20553.43 ± 101.11, tokens seen: 2570649600, grad norm: 8.5410
[iter 41850]loss: 3.3679, tokens/sec: 20553.43 ± 101.10, tokens seen: 2571264000, grad norm: 12.0691
[iter 41860]loss: 3.0587, tokens/sec: 20553.43 ± 101.09, tokens seen: 2571878400, grad norm: 25.4476
[iter 41870]loss: 2.8066, tokens/sec: 20553.43 ± 101.08, tokens seen: 2572492800, grad norm: 7.6343
[iter 41880]loss: 2.9602, tokens/sec: 20553.42 ± 101.07, tokens seen: 2573107200, grad norm: 13.9461
[iter 41890]loss: 3.0225, tokens/sec: 20553.42 ± 101.06, tokens seen: 2573721600, grad norm: 14.8993
[iter 41900]loss: 2.9846, tokens/sec: 20553.42 ± 101.05, tokens seen: 2574336000, grad norm: 12.9314
[iter 41910]loss: 3.1872, tokens/sec: 20553.42 ± 101.04, tokens seen: 2574950400, grad norm: 14.9409
[iter 41920]loss: 3.1068, tokens/sec: 20553.42 ± 101.02, tokens seen: 2575564800, grad norm: 23.2087
[iter 41930]loss: 2.8167, tokens/sec: 20553.43 ± 101.01, tokens seen: 2576179200, grad norm: 16.9766
[iter 41940]loss: 2.8951, tokens/sec: 20553.43 ± 101.00, tokens seen: 2576793600, grad norm: 10.7139
[iter 41950]loss: 2.8264, tokens/sec: 20553.43 ± 100.99, tokens seen: 2577408000, grad norm: 12.8171
[iter 41960]loss: 3.1082, tokens/sec: 20553.43 ± 100.98, tokens seen: 2578022400, grad norm: 10.4883
[iter 41970]loss: 2.7400, tokens/sec: 20553.43 ± 100.97, tokens seen: 2578636800, grad norm: 29.6172
[iter 41980]loss: 3.1251, tokens/sec: 20553.43 ± 100.96, tokens seen: 2579251200, grad norm: 18.0681
[iter 41990]loss: 3.1729, tokens/sec: 20553.43 ± 100.94, tokens seen: 2579865600, grad norm: 18.1728
[step 42000]train loss: 2.9775, val loss: 2.9767, (avg train loss: 0.5952 ± 0.0346), (avg grad norm: 15.8532 ± 8.0207)
saving checkpoint to ./out-owt-xl-mhc-bs6-80000step
[iter 42000]loss: 2.7339, tokens/sec: 20553.43 ± 100.93, tokens seen: 2580480000, grad norm: 20.0355
[iter 42010]loss: 3.2123, tokens/sec: 20553.44 ± 100.92, tokens seen: 2581094400, grad norm: 23.4866
[iter 42020]loss: 3.1487, tokens/sec: 20553.43 ± 100.91, tokens seen: 2581708800, grad norm: 17.1028
[iter 42030]loss: 3.0123, tokens/sec: 20553.43 ± 100.90, tokens seen: 2582323200, grad norm: 17.1771
[iter 42040]loss: 2.8980, tokens/sec: 20553.43 ± 100.89, tokens seen: 2582937600, grad norm: 14.1369
[iter 42050]loss: 2.7881, tokens/sec: 20553.43 ± 100.88, tokens seen: 2583552000, grad norm: 22.4527
[iter 42060]loss: 2.9906, tokens/sec: 20553.43 ± 100.87, tokens seen: 2584166400, grad norm: 12.3325
[iter 42070]loss: 2.4941, tokens/sec: 20553.44 ± 100.86, tokens seen: 2584780800, grad norm: 22.9202
[iter 42080]loss: 3.1279, tokens/sec: 20553.44 ± 100.84, tokens seen: 2585395200, grad norm: 18.7647
[iter 42090]loss: 3.1372, tokens/sec: 20553.44 ± 100.83, tokens seen: 2586009600, grad norm: 21.3712
[iter 42100]loss: 3.0087, tokens/sec: 20553.44 ± 100.82, tokens seen: 2586624000, grad norm: 8.9333
[iter 42110]loss: 2.9123, tokens/sec: 20553.44 ± 100.81, tokens seen: 2587238400, grad norm: 16.2328
[iter 42120]loss: 3.0686, tokens/sec: 20553.44 ± 100.80, tokens seen: 2587852800, grad norm: 19.3053
[iter 42130]loss: 2.7844, tokens/sec: 20553.44 ± 100.79, tokens seen: 2588467200, grad norm: 30.0488
[iter 42140]loss: 2.9198, tokens/sec: 20553.45 ± 100.78, tokens seen: 2589081600, grad norm: 18.9403
[iter 42150]loss: 2.7476, tokens/sec: 20553.45 ± 100.77, tokens seen: 2589696000, grad norm: 20.5988
[iter 42160]loss: 3.0614, tokens/sec: 20553.45 ± 100.75, tokens seen: 2590310400, grad norm: 29.7069
[iter 42170]loss: 2.9387, tokens/sec: 20553.45 ± 100.74, tokens seen: 2590924800, grad norm: 35.6884
[iter 42180]loss: 2.7718, tokens/sec: 20553.45 ± 100.73, tokens seen: 2591539200, grad norm: 19.5064
[iter 42190]loss: 2.9041, tokens/sec: 20553.45 ± 100.72, tokens seen: 2592153600, grad norm: 34.0419
[iter 42200]loss: 2.9080, tokens/sec: 20553.45 ± 100.71, tokens seen: 2592768000, grad norm: 26.0744
[iter 42210]loss: 2.8767, tokens/sec: 20553.45 ± 100.70, tokens seen: 2593382400, grad norm: 17.1045
[iter 42220]loss: 2.9880, tokens/sec: 20553.45 ± 100.69, tokens seen: 2593996800, grad norm: 19.5610
[iter 42230]loss: 2.9523, tokens/sec: 20553.46 ± 100.67, tokens seen: 2594611200, grad norm: 41.0184
[iter 42240]loss: 3.1825, tokens/sec: 20553.46 ± 100.66, tokens seen: 2595225600, grad norm: 27.1353
[iter 42250]loss: 3.0731, tokens/sec: 20553.45 ± 100.65, tokens seen: 2595840000, grad norm: 28.0533
[iter 42260]loss: 3.1482, tokens/sec: 20553.45 ± 100.64, tokens seen: 2596454400, grad norm: 28.5562
[iter 42270]loss: 2.4984, tokens/sec: 20553.46 ± 100.63, tokens seen: 2597068800, grad norm: 29.1746
[iter 42280]loss: 3.1634, tokens/sec: 20553.46 ± 100.62, tokens seen: 2597683200, grad norm: 29.5980
[iter 42290]loss: 2.8861, tokens/sec: 20553.46 ± 100.61, tokens seen: 2598297600, grad norm: 18.6396
[iter 42300]loss: 2.8460, tokens/sec: 20553.46 ± 100.59, tokens seen: 2598912000, grad norm: 12.7108
[iter 42310]loss: 3.1663, tokens/sec: 20553.46 ± 100.58, tokens seen: 2599526400, grad norm: 21.7402
[iter 42320]loss: 2.6458, tokens/sec: 20553.46 ± 100.57, tokens seen: 2600140800, grad norm: 14.8177
[iter 42330]loss: 2.7912, tokens/sec: 20553.46 ± 100.56, tokens seen: 2600755200, grad norm: 22.8014
[iter 42340]loss: 3.0557, tokens/sec: 20553.46 ± 100.55, tokens seen: 2601369600, grad norm: 14.8860
[iter 42350]loss: 2.9712, tokens/sec: 20553.46 ± 100.54, tokens seen: 2601984000, grad norm: 19.3361
[iter 42360]loss: 3.0888, tokens/sec: 20553.47 ± 100.53, tokens seen: 2602598400, grad norm: 23.6164
[iter 42370]loss: 2.8390, tokens/sec: 20553.47 ± 100.52, tokens seen: 2603212800, grad norm: 29.2366
[iter 42380]loss: 3.2106, tokens/sec: 20553.46 ± 100.50, tokens seen: 2603827200, grad norm: 32.6855
[iter 42390]loss: 3.0677, tokens/sec: 20553.47 ± 100.49, tokens seen: 2604441600, grad norm: 17.2844
[iter 42400]loss: 2.9631, tokens/sec: 20553.47 ± 100.48, tokens seen: 2605056000, grad norm: 17.9683
[iter 42410]loss: 3.2945, tokens/sec: 20553.47 ± 100.47, tokens seen: 2605670400, grad norm: 39.1693
[iter 42420]loss: 3.1395, tokens/sec: 20553.46 ± 100.46, tokens seen: 2606284800, grad norm: 33.7029
[iter 42430]loss: 2.8518, tokens/sec: 20553.46 ± 100.45, tokens seen: 2606899200, grad norm: 33.1613
[iter 42440]loss: 2.9605, tokens/sec: 20553.46 ± 100.44, tokens seen: 2607513600, grad norm: 16.7115
[iter 42450]loss: 2.9303, tokens/sec: 20553.46 ± 100.43, tokens seen: 2608128000, grad norm: 16.5358
[iter 42460]loss: 3.1452, tokens/sec: 20553.47 ± 100.42, tokens seen: 2608742400, grad norm: 18.8059
[iter 42470]loss: 3.0184, tokens/sec: 20553.47 ± 100.40, tokens seen: 2609356800, grad norm: 29.7765
[iter 42480]loss: 2.7708, tokens/sec: 20553.47 ± 100.39, tokens seen: 2609971200, grad norm: 20.6777
[iter 42490]loss: 3.1394, tokens/sec: 20553.47 ± 100.38, tokens seen: 2610585600, grad norm: 36.1598
[step 42500]train loss: 2.9994, val loss: 2.9934, (avg train loss: 0.5938 ± 0.0300), (avg grad norm: 26.8268 ± 22.8193)
[iter 42500]loss: 3.0717, tokens/sec: 20553.47 ± 100.37, tokens seen: 2611200000, grad norm: 45.5521
[iter 42510]loss: 2.9083, tokens/sec: 20553.47 ± 100.36, tokens seen: 2611814400, grad norm: 39.8065
[iter 42520]loss: 2.9103, tokens/sec: 20553.47 ± 100.35, tokens seen: 2612428800, grad norm: 30.0898
[iter 42530]loss: 2.8550, tokens/sec: 20553.47 ± 100.34, tokens seen: 2613043200, grad norm: 42.3966
[iter 42540]loss: 2.9098, tokens/sec: 20553.47 ± 100.33, tokens seen: 2613657600, grad norm: 26.3262
[iter 42550]loss: 2.9761, tokens/sec: 20553.47 ± 100.32, tokens seen: 2614272000, grad norm: 27.1530
[iter 42560]loss: 2.9077, tokens/sec: 20553.47 ± 100.30, tokens seen: 2614886400, grad norm: 22.5165
[iter 42570]loss: 3.0850, tokens/sec: 20553.47 ± 100.29, tokens seen: 2615500800, grad norm: 28.0892
[iter 42580]loss: 2.9353, tokens/sec: 20553.47 ± 100.28, tokens seen: 2616115200, grad norm: 24.6983
[iter 42590]loss: 2.7926, tokens/sec: 20553.47 ± 100.27, tokens seen: 2616729600, grad norm: 26.0765
[iter 42600]loss: 2.7780, tokens/sec: 20553.47 ± 100.26, tokens seen: 2617344000, grad norm: 33.5206
[iter 42610]loss: 2.8369, tokens/sec: 20553.47 ± 100.25, tokens seen: 2617958400, grad norm: 34.3883
[iter 42620]loss: 3.0576, tokens/sec: 20553.47 ± 100.24, tokens seen: 2618572800, grad norm: 26.0219
[iter 42630]loss: 2.9292, tokens/sec: 20553.47 ± 100.23, tokens seen: 2619187200, grad norm: 27.7142
[iter 42640]loss: 3.0679, tokens/sec: 20553.47 ± 100.22, tokens seen: 2619801600, grad norm: 38.3197
[iter 42650]loss: 2.9040, tokens/sec: 20553.47 ± 100.20, tokens seen: 2620416000, grad norm: 27.1466
[iter 42660]loss: 3.1533, tokens/sec: 20553.46 ± 100.19, tokens seen: 2621030400, grad norm: 27.5790
[iter 42670]loss: 2.8530, tokens/sec: 20553.47 ± 100.18, tokens seen: 2621644800, grad norm: 30.3884
[iter 42680]loss: 3.2338, tokens/sec: 20553.47 ± 100.17, tokens seen: 2622259200, grad norm: 25.5166
[iter 42690]loss: 3.0695, tokens/sec: 20553.47 ± 100.16, tokens seen: 2622873600, grad norm: 29.1151
[iter 42700]loss: 2.9122, tokens/sec: 20553.47 ± 100.15, tokens seen: 2623488000, grad norm: 28.5815
[iter 42710]loss: 2.9659, tokens/sec: 20553.47 ± 100.14, tokens seen: 2624102400, grad norm: 45.9978
[iter 42720]loss: 2.9007, tokens/sec: 20553.47 ± 100.13, tokens seen: 2624716800, grad norm: 26.9713
[iter 42730]loss: 3.2340, tokens/sec: 20553.47 ± 100.12, tokens seen: 2625331200, grad norm: 33.9913
[iter 42740]loss: 2.9682, tokens/sec: 20553.47 ± 100.11, tokens seen: 2625945600, grad norm: 29.6552
[iter 42750]loss: 3.0497, tokens/sec: 20553.47 ± 100.09, tokens seen: 2626560000, grad norm: 55.8445
[iter 42760]loss: 3.1367, tokens/sec: 20553.47 ± 100.08, tokens seen: 2627174400, grad norm: 31.5471
[iter 42770]loss: 2.7580, tokens/sec: 20553.47 ± 100.07, tokens seen: 2627788800, grad norm: 29.5248
[iter 42780]loss: 2.6415, tokens/sec: 20553.47 ± 100.06, tokens seen: 2628403200, grad norm: 25.8632
[iter 42790]loss: 3.0835, tokens/sec: 20553.47 ± 100.05, tokens seen: 2629017600, grad norm: 29.9876
[iter 42800]loss: 3.0968, tokens/sec: 20553.48 ± 100.04, tokens seen: 2629632000, grad norm: 26.1200
[iter 42810]loss: 3.0795, tokens/sec: 20553.47 ± 100.04, tokens seen: 2630246400, grad norm: 26.0380
[iter 42820]loss: 2.9287, tokens/sec: 20553.46 ± 100.03, tokens seen: 2630860800, grad norm: 28.2098
[iter 42830]loss: 2.9602, tokens/sec: 20553.46 ± 100.02, tokens seen: 2631475200, grad norm: 27.1027
[iter 42840]loss: 3.0416, tokens/sec: 20553.46 ± 100.01, tokens seen: 2632089600, grad norm: 31.5955
[iter 42850]loss: 3.0174, tokens/sec: 20553.46 ± 100.00, tokens seen: 2632704000, grad norm: 43.4196
[iter 42860]loss: 3.0718, tokens/sec: 20553.45 ± 99.99, tokens seen: 2633318400, grad norm: 21.8484
[iter 42870]loss: 2.9448, tokens/sec: 20553.45 ± 99.98, tokens seen: 2633932800, grad norm: 35.9770
[iter 42880]loss: 3.0292, tokens/sec: 20553.46 ± 99.97, tokens seen: 2634547200, grad norm: 35.3019
[iter 42890]loss: 2.9814, tokens/sec: 20553.46 ± 99.95, tokens seen: 2635161600, grad norm: 45.5306
[iter 42900]loss: 3.0110, tokens/sec: 20553.46 ± 99.94, tokens seen: 2635776000, grad norm: 29.6933
[iter 42910]loss: 3.1998, tokens/sec: 20553.46 ± 99.93, tokens seen: 2636390400, grad norm: 25.5703
[iter 42920]loss: 2.9907, tokens/sec: 20553.45 ± 99.93, tokens seen: 2637004800, grad norm: 32.0405
[iter 42930]loss: 3.4813, tokens/sec: 20553.45 ± 99.92, tokens seen: 2637619200, grad norm: 28.8994
[iter 42940]loss: 2.8488, tokens/sec: 20553.46 ± 99.91, tokens seen: 2638233600, grad norm: 29.9185
[iter 42950]loss: 3.0022, tokens/sec: 20553.46 ± 99.90, tokens seen: 2638848000, grad norm: 31.4253
[iter 42960]loss: 2.8752, tokens/sec: 20553.46 ± 99.88, tokens seen: 2639462400, grad norm: 25.9986
[iter 42970]loss: 2.9680, tokens/sec: 20553.46 ± 99.87, tokens seen: 2640076800, grad norm: 85.3872
[iter 42980]loss: 2.9409, tokens/sec: 20553.46 ± 99.86, tokens seen: 2640691200, grad norm: 43.1354
[iter 42990]loss: 3.0106, tokens/sec: 20553.46 ± 99.85, tokens seen: 2641305600, grad norm: 45.7687
[step 43000]train loss: 2.9486, val loss: 2.9845, (avg train loss: 0.5933 ± 0.0320), (avg grad norm: 36.2667 ± 14.0643)
[iter 43000]loss: 3.2116, tokens/sec: 20553.46 ± 99.84, tokens seen: 2641920000, grad norm: 34.5983
[iter 43010]loss: 3.1381, tokens/sec: 20553.47 ± 99.83, tokens seen: 2642534400, grad norm: 25.3261
[iter 43020]loss: 3.3152, tokens/sec: 20553.46 ± 99.82, tokens seen: 2643148800, grad norm: 28.7051
[iter 43030]loss: 3.0418, tokens/sec: 20553.46 ± 99.81, tokens seen: 2643763200, grad norm: 24.2312
[iter 43040]loss: 3.1577, tokens/sec: 20553.46 ± 99.80, tokens seen: 2644377600, grad norm: 49.5372
[iter 43050]loss: 2.9748, tokens/sec: 20553.46 ± 99.79, tokens seen: 2644992000, grad norm: 31.9685
[iter 43060]loss: 2.9656, tokens/sec: 20553.46 ± 99.78, tokens seen: 2645606400, grad norm: 25.0213
[iter 43070]loss: 3.2561, tokens/sec: 20553.46 ± 99.77, tokens seen: 2646220800, grad norm: 28.5675
[iter 43080]loss: 2.8330, tokens/sec: 20553.46 ± 99.76, tokens seen: 2646835200, grad norm: 31.0399
[iter 43090]loss: 2.8659, tokens/sec: 20553.46 ± 99.74, tokens seen: 2647449600, grad norm: 28.3723
[iter 43100]loss: 2.7311, tokens/sec: 20553.47 ± 99.73, tokens seen: 2648064000, grad norm: 31.7199
[iter 43110]loss: 2.9421, tokens/sec: 20553.47 ± 99.72, tokens seen: 2648678400, grad norm: 38.9940
[iter 43120]loss: 2.9328, tokens/sec: 20553.47 ± 99.71, tokens seen: 2649292800, grad norm: 34.7730
[iter 43130]loss: 3.0319, tokens/sec: 20553.47 ± 99.70, tokens seen: 2649907200, grad norm: 33.5620
[iter 43140]loss: 2.9379, tokens/sec: 20553.47 ± 99.69, tokens seen: 2650521600, grad norm: 33.4532
[iter 43150]loss: 3.2190, tokens/sec: 20553.48 ± 99.68, tokens seen: 2651136000, grad norm: 35.8407
[iter 43160]loss: 3.1422, tokens/sec: 20553.48 ± 99.67, tokens seen: 2651750400, grad norm: 25.7810
[iter 43170]loss: 2.7985, tokens/sec: 20553.48 ± 99.66, tokens seen: 2652364800, grad norm: 36.2300
[iter 43180]loss: 2.8883, tokens/sec: 20553.48 ± 99.65, tokens seen: 2652979200, grad norm: 31.4420
[iter 43190]loss: 2.9970, tokens/sec: 20553.49 ± 99.63, tokens seen: 2653593600, grad norm: 37.6604
[iter 43200]loss: 2.7213, tokens/sec: 20553.49 ± 99.62, tokens seen: 2654208000, grad norm: 29.1534
[iter 43210]loss: 3.2559, tokens/sec: 20553.49 ± 99.61, tokens seen: 2654822400, grad norm: 40.6723
[iter 43220]loss: 3.0468, tokens/sec: 20553.49 ± 99.60, tokens seen: 2655436800, grad norm: 27.4010
[iter 43230]loss: 3.0893, tokens/sec: 20553.49 ± 99.59, tokens seen: 2656051200, grad norm: 31.4968
[iter 43240]loss: 3.1231, tokens/sec: 20553.49 ± 99.58, tokens seen: 2656665600, grad norm: 19.3126
[iter 43250]loss: 2.8482, tokens/sec: 20553.49 ± 99.57, tokens seen: 2657280000, grad norm: 42.6209
[iter 43260]loss: 3.2235, tokens/sec: 20553.50 ± 99.56, tokens seen: 2657894400, grad norm: 22.9461
[iter 43270]loss: 2.9353, tokens/sec: 20553.50 ± 99.55, tokens seen: 2658508800, grad norm: 27.8330
[iter 43280]loss: 2.7682, tokens/sec: 20553.50 ± 99.54, tokens seen: 2659123200, grad norm: 61.5064
[iter 43290]loss: 3.1330, tokens/sec: 20553.50 ± 99.53, tokens seen: 2659737600, grad norm: 32.5327
[iter 43300]loss: 2.8481, tokens/sec: 20553.51 ± 99.52, tokens seen: 2660352000, grad norm: 59.9361
[iter 43310]loss: 2.7505, tokens/sec: 20553.51 ± 99.50, tokens seen: 2660966400, grad norm: 79.0354
[iter 43320]loss: 2.9443, tokens/sec: 20553.51 ± 99.49, tokens seen: 2661580800, grad norm: 26.4876
[iter 43330]loss: 2.8501, tokens/sec: 20553.51 ± 99.48, tokens seen: 2662195200, grad norm: 29.8923
[iter 43340]loss: 2.8927, tokens/sec: 20553.51 ± 99.47, tokens seen: 2662809600, grad norm: 60.7705
[iter 43350]loss: 3.0485, tokens/sec: 20553.51 ± 99.46, tokens seen: 2663424000, grad norm: 33.9056
[iter 43360]loss: 2.5069, tokens/sec: 20553.52 ± 99.45, tokens seen: 2664038400, grad norm: 37.6183
[iter 43370]loss: 3.2251, tokens/sec: 20553.52 ± 99.44, tokens seen: 2664652800, grad norm: 41.0334
[iter 43380]loss: 2.9547, tokens/sec: 20553.52 ± 99.43, tokens seen: 2665267200, grad norm: 22.6712
[iter 43390]loss: 2.9910, tokens/sec: 20553.53 ± 99.42, tokens seen: 2665881600, grad norm: 47.3508
[iter 43400]loss: 2.9862, tokens/sec: 20553.53 ± 99.41, tokens seen: 2666496000, grad norm: 34.0853
[iter 43410]loss: 2.8716, tokens/sec: 20553.53 ± 99.40, tokens seen: 2667110400, grad norm: 47.0343
[iter 43420]loss: 2.9154, tokens/sec: 20553.53 ± 99.39, tokens seen: 2667724800, grad norm: 24.9002
[iter 43430]loss: 3.1066, tokens/sec: 20553.54 ± 99.38, tokens seen: 2668339200, grad norm: 22.0289
[iter 43440]loss: 3.2528, tokens/sec: 20553.54 ± 99.36, tokens seen: 2668953600, grad norm: 32.8951
[iter 43450]loss: 2.8202, tokens/sec: 20553.54 ± 99.35, tokens seen: 2669568000, grad norm: 38.8186
[iter 43460]loss: 2.8524, tokens/sec: 20553.54 ± 99.34, tokens seen: 2670182400, grad norm: 64.8491
[iter 43470]loss: 2.5864, tokens/sec: 20553.54 ± 99.33, tokens seen: 2670796800, grad norm: 27.7895
[iter 43480]loss: 2.9556, tokens/sec: 20553.54 ± 99.32, tokens seen: 2671411200, grad norm: 31.8174
[iter 43490]loss: 2.6227, tokens/sec: 20553.54 ± 99.31, tokens seen: 2672025600, grad norm: 44.0851
[step 43500]train loss: 2.9532, val loss: 2.9600, (avg train loss: 0.5909 ± 0.0318), (avg grad norm: 35.9273 ± 14.2348)
saving checkpoint to ./out-owt-xl-mhc-bs6-80000step
[iter 43500]loss: 2.8344, tokens/sec: 20553.54 ± 99.30, tokens seen: 2672640000, grad norm: 52.0340
[iter 43510]loss: 2.9964, tokens/sec: 20553.55 ± 99.29, tokens seen: 2673254400, grad norm: 30.9665
[iter 43520]loss: 3.1817, tokens/sec: 20553.54 ± 99.28, tokens seen: 2673868800, grad norm: 28.1816
[iter 43530]loss: 2.8919, tokens/sec: 20553.53 ± 99.27, tokens seen: 2674483200, grad norm: 28.7554
[iter 43540]loss: 3.2333, tokens/sec: 20553.53 ± 99.26, tokens seen: 2675097600, grad norm: 67.1223
[iter 43550]loss: 2.9064, tokens/sec: 20553.53 ± 99.25, tokens seen: 2675712000, grad norm: 46.8154
[iter 43560]loss: 3.0659, tokens/sec: 20553.53 ± 99.24, tokens seen: 2676326400, grad norm: 43.5487
[iter 43570]loss: 2.9198, tokens/sec: 20553.53 ± 99.23, tokens seen: 2676940800, grad norm: 36.9635
[iter 43580]loss: 3.0205, tokens/sec: 20553.53 ± 99.22, tokens seen: 2677555200, grad norm: 37.5483
[iter 43590]loss: 3.2264, tokens/sec: 20553.53 ± 99.21, tokens seen: 2678169600, grad norm: 67.3713
[iter 43600]loss: 3.1776, tokens/sec: 20553.54 ± 99.20, tokens seen: 2678784000, grad norm: 34.1326
[iter 43610]loss: 2.8974, tokens/sec: 20553.53 ± 99.19, tokens seen: 2679398400, grad norm: 42.5250
[iter 43620]loss: 2.9991, tokens/sec: 20553.54 ± 99.18, tokens seen: 2680012800, grad norm: 67.4313
[iter 43630]loss: 2.8015, tokens/sec: 20553.54 ± 99.17, tokens seen: 2680627200, grad norm: 36.0431
[iter 43640]loss: 2.9062, tokens/sec: 20553.54 ± 99.16, tokens seen: 2681241600, grad norm: 52.6177
[iter 43650]loss: 3.0156, tokens/sec: 20553.54 ± 99.15, tokens seen: 2681856000, grad norm: 46.7699
[iter 43660]loss: 3.0929, tokens/sec: 20553.54 ± 99.14, tokens seen: 2682470400, grad norm: 49.0730
[iter 43670]loss: 2.9346, tokens/sec: 20553.55 ± 99.13, tokens seen: 2683084800, grad norm: 42.3066
[iter 43680]loss: 3.1180, tokens/sec: 20553.55 ± 99.12, tokens seen: 2683699200, grad norm: 56.5187
[iter 43690]loss: 3.2119, tokens/sec: 20553.55 ± 99.10, tokens seen: 2684313600, grad norm: 30.8129
[iter 43700]loss: 3.0242, tokens/sec: 20553.56 ± 99.09, tokens seen: 2684928000, grad norm: 43.4429
[iter 43710]loss: 2.9700, tokens/sec: 20553.56 ± 99.08, tokens seen: 2685542400, grad norm: 33.4069
[iter 43720]loss: 3.0744, tokens/sec: 20553.56 ± 99.07, tokens seen: 2686156800, grad norm: 99.8797
[iter 43730]loss: 2.8603, tokens/sec: 20553.56 ± 99.06, tokens seen: 2686771200, grad norm: 86.4867
[iter 43740]loss: 2.8945, tokens/sec: 20553.56 ± 99.05, tokens seen: 2687385600, grad norm: 44.8112
[iter 43750]loss: 2.9475, tokens/sec: 20553.57 ± 99.04, tokens seen: 2688000000, grad norm: 36.7162
[iter 43760]loss: 2.8933, tokens/sec: 20553.57 ± 99.03, tokens seen: 2688614400, grad norm: 40.5934
[iter 43770]loss: 2.8470, tokens/sec: 20553.57 ± 99.02, tokens seen: 2689228800, grad norm: 38.4921
[iter 43780]loss: 3.0683, tokens/sec: 20553.57 ± 99.01, tokens seen: 2689843200, grad norm: 38.4350
[iter 43790]loss: 3.1968, tokens/sec: 20553.58 ± 99.00, tokens seen: 2690457600, grad norm: 37.0388
[iter 43800]loss: 3.1997, tokens/sec: 20553.58 ± 98.99, tokens seen: 2691072000, grad norm: 32.0641
[iter 43810]loss: 2.8256, tokens/sec: 20553.58 ± 98.98, tokens seen: 2691686400, grad norm: 61.4264
[iter 43820]loss: 2.8676, tokens/sec: 20553.59 ± 98.96, tokens seen: 2692300800, grad norm: 50.9728
[iter 43830]loss: 2.6871, tokens/sec: 20553.59 ± 98.95, tokens seen: 2692915200, grad norm: 28.6227
[iter 43840]loss: 3.3169, tokens/sec: 20553.59 ± 98.94, tokens seen: 2693529600, grad norm: 46.9386
[iter 43850]loss: 2.9965, tokens/sec: 20553.59 ± 98.93, tokens seen: 2694144000, grad norm: 27.8413
[iter 43860]loss: 2.8116, tokens/sec: 20553.60 ± 98.92, tokens seen: 2694758400, grad norm: 36.8743
[iter 43870]loss: 2.8476, tokens/sec: 20553.60 ± 98.91, tokens seen: 2695372800, grad norm: 38.5046
[iter 43880]loss: 2.7897, tokens/sec: 20553.60 ± 98.90, tokens seen: 2695987200, grad norm: 26.1362
[iter 43890]loss: 3.1002, tokens/sec: 20553.60 ± 98.89, tokens seen: 2696601600, grad norm: 47.7866
[iter 43900]loss: 2.9709, tokens/sec: 20553.60 ± 98.88, tokens seen: 2697216000, grad norm: 43.3245
[iter 43910]loss: 2.8295, tokens/sec: 20553.60 ± 98.87, tokens seen: 2697830400, grad norm: 28.3309
[iter 43920]loss: 3.0517, tokens/sec: 20553.60 ± 98.86, tokens seen: 2698444800, grad norm: 100.4372
[iter 43930]loss: 2.9749, tokens/sec: 20553.60 ± 98.85, tokens seen: 2699059200, grad norm: 31.5075
[iter 43940]loss: 2.9093, tokens/sec: 20553.60 ± 98.84, tokens seen: 2699673600, grad norm: 31.2163
[iter 43950]loss: 2.6303, tokens/sec: 20553.60 ± 98.83, tokens seen: 2700288000, grad norm: 34.6320
[iter 43960]loss: 3.1857, tokens/sec: 20553.60 ± 98.82, tokens seen: 2700902400, grad norm: 44.2563
[iter 43970]loss: 2.9848, tokens/sec: 20553.60 ± 98.81, tokens seen: 2701516800, grad norm: 26.9773
[iter 43980]loss: 2.9015, tokens/sec: 20553.59 ± 98.80, tokens seen: 2702131200, grad norm: 36.1470
[iter 43990]loss: 2.8517, tokens/sec: 20553.59 ± 98.79, tokens seen: 2702745600, grad norm: 105.0495
[step 44000]train loss: 2.9617, val loss: 2.9754, (avg train loss: 0.5920 ± 0.0322), (avg grad norm: 40.6838 ± 17.3471)
[iter 44000]loss: 3.0727, tokens/sec: 20553.60 ± 98.78, tokens seen: 2703360000, grad norm: 27.9481
[iter 44010]loss: 3.1291, tokens/sec: 20553.60 ± 98.77, tokens seen: 2703974400, grad norm: 39.2240
[iter 44020]loss: 2.7890, tokens/sec: 20553.60 ± 98.76, tokens seen: 2704588800, grad norm: 26.4727
[iter 44030]loss: 2.9213, tokens/sec: 20553.60 ± 98.75, tokens seen: 2705203200, grad norm: 22.6050
[iter 44040]loss: 2.6487, tokens/sec: 20553.60 ± 98.74, tokens seen: 2705817600, grad norm: 32.3019
[iter 44050]loss: 2.7929, tokens/sec: 20553.60 ± 98.73, tokens seen: 2706432000, grad norm: 33.7718
[iter 44060]loss: 3.2501, tokens/sec: 20553.60 ± 98.72, tokens seen: 2707046400, grad norm: 26.5871
[iter 44070]loss: 2.8530, tokens/sec: 20553.60 ± 98.70, tokens seen: 2707660800, grad norm: 37.6752
[iter 44080]loss: 2.9169, tokens/sec: 20553.60 ± 98.69, tokens seen: 2708275200, grad norm: 52.1462
[iter 44090]loss: 3.1462, tokens/sec: 20553.61 ± 98.68, tokens seen: 2708889600, grad norm: 38.8998
[iter 44100]loss: 2.9205, tokens/sec: 20553.60 ± 98.68, tokens seen: 2709504000, grad norm: 25.6144
[iter 44110]loss: 3.0402, tokens/sec: 20553.60 ± 98.66, tokens seen: 2710118400, grad norm: 46.9346
[iter 44120]loss: 2.5939, tokens/sec: 20553.60 ± 98.65, tokens seen: 2710732800, grad norm: 25.2653
[iter 44130]loss: 3.1030, tokens/sec: 20553.61 ± 98.64, tokens seen: 2711347200, grad norm: 24.5404
[iter 44140]loss: 2.7621, tokens/sec: 20553.61 ± 98.63, tokens seen: 2711961600, grad norm: 25.5584
[iter 44150]loss: 3.1614, tokens/sec: 20553.61 ± 98.62, tokens seen: 2712576000, grad norm: 47.8855
[iter 44160]loss: 2.8508, tokens/sec: 20553.61 ± 98.61, tokens seen: 2713190400, grad norm: 27.9943
[iter 44170]loss: 2.9793, tokens/sec: 20553.61 ± 98.60, tokens seen: 2713804800, grad norm: 40.4397
[iter 44180]loss: 3.0243, tokens/sec: 20553.61 ± 98.59, tokens seen: 2714419200, grad norm: 32.6046
[iter 44190]loss: 2.9556, tokens/sec: 20553.61 ± 98.58, tokens seen: 2715033600, grad norm: 59.4074
[iter 44200]loss: 2.9312, tokens/sec: 20553.61 ± 98.57, tokens seen: 2715648000, grad norm: 51.4528
[iter 44210]loss: 3.1209, tokens/sec: 20553.61 ± 98.56, tokens seen: 2716262400, grad norm: 31.9118
[iter 44220]loss: 2.9010, tokens/sec: 20553.61 ± 98.55, tokens seen: 2716876800, grad norm: 47.2190
[iter 44230]loss: 2.9542, tokens/sec: 20553.62 ± 98.54, tokens seen: 2717491200, grad norm: 49.2083
[iter 44240]loss: 3.0612, tokens/sec: 20553.62 ± 98.53, tokens seen: 2718105600, grad norm: 40.8395
[iter 44250]loss: 3.0902, tokens/sec: 20553.62 ± 98.52, tokens seen: 2718720000, grad norm: 33.0856
[iter 44260]loss: 3.0363, tokens/sec: 20553.62 ± 98.51, tokens seen: 2719334400, grad norm: 28.5531
[iter 44270]loss: 3.1176, tokens/sec: 20553.62 ± 98.50, tokens seen: 2719948800, grad norm: 40.6621
[iter 44280]loss: 3.0414, tokens/sec: 20553.62 ± 98.49, tokens seen: 2720563200, grad norm: 78.5559
[iter 44290]loss: 3.1142, tokens/sec: 20553.62 ± 98.48, tokens seen: 2721177600, grad norm: 55.9864
[iter 44300]loss: 2.9071, tokens/sec: 20553.63 ± 98.47, tokens seen: 2721792000, grad norm: 30.0242
[iter 44310]loss: 3.1376, tokens/sec: 20553.62 ± 98.46, tokens seen: 2722406400, grad norm: 43.8901
[iter 44320]loss: 2.8879, tokens/sec: 20553.62 ± 98.45, tokens seen: 2723020800, grad norm: 56.7372
[iter 44330]loss: 2.8801, tokens/sec: 20553.62 ± 98.44, tokens seen: 2723635200, grad norm: 53.8905
[iter 44340]loss: 2.7067, tokens/sec: 20553.62 ± 98.43, tokens seen: 2724249600, grad norm: 64.1692
[iter 44350]loss: 2.5708, tokens/sec: 20553.62 ± 98.42, tokens seen: 2724864000, grad norm: 30.2835
[iter 44360]loss: 2.8160, tokens/sec: 20553.62 ± 98.41, tokens seen: 2725478400, grad norm: 49.6822
[iter 44370]loss: 2.7843, tokens/sec: 20553.62 ± 98.40, tokens seen: 2726092800, grad norm: 48.6701
[iter 44380]loss: 2.6483, tokens/sec: 20553.62 ± 98.39, tokens seen: 2726707200, grad norm: 37.2588
[iter 44390]loss: 2.6095, tokens/sec: 20553.62 ± 98.38, tokens seen: 2727321600, grad norm: 46.5452
[iter 44400]loss: 3.1566, tokens/sec: 20553.62 ± 98.37, tokens seen: 2727936000, grad norm: 49.4456
[iter 44410]loss: 3.1132, tokens/sec: 20553.62 ± 98.36, tokens seen: 2728550400, grad norm: 88.5804
[iter 44420]loss: 3.1055, tokens/sec: 20553.62 ± 98.34, tokens seen: 2729164800, grad norm: 44.3557
[iter 44430]loss: 2.7190, tokens/sec: 20553.62 ± 98.33, tokens seen: 2729779200, grad norm: 81.0982
[iter 44440]loss: 2.9788, tokens/sec: 20553.63 ± 98.32, tokens seen: 2730393600, grad norm: 37.9030
[iter 44450]loss: 3.0667, tokens/sec: 20553.63 ± 98.31, tokens seen: 2731008000, grad norm: 43.6340
[iter 44460]loss: 2.7813, tokens/sec: 20553.63 ± 98.30, tokens seen: 2731622400, grad norm: 53.6609
[iter 44470]loss: 3.1140, tokens/sec: 20553.63 ± 98.29, tokens seen: 2732236800, grad norm: 42.0904
[iter 44480]loss: 2.8593, tokens/sec: 20553.63 ± 98.28, tokens seen: 2732851200, grad norm: 53.4762
[iter 44490]loss: 3.3562, tokens/sec: 20553.63 ± 98.27, tokens seen: 2733465600, grad norm: 72.9780
[step 44500]train loss: 2.9364, val loss: 2.9926, (avg train loss: 0.5900 ± 0.0328), (avg grad norm: 55.0825 ± 32.2868)
[iter 44500]loss: 3.1947, tokens/sec: 20553.63 ± 98.26, tokens seen: 2734080000, grad norm: 71.7263
[iter 44510]loss: 2.8150, tokens/sec: 20553.64 ± 98.25, tokens seen: 2734694400, grad norm: 53.0110
[iter 44520]loss: 2.8876, tokens/sec: 20553.63 ± 98.24, tokens seen: 2735308800, grad norm: 62.0684
[iter 44530]loss: 2.8627, tokens/sec: 20553.63 ± 98.23, tokens seen: 2735923200, grad norm: 42.2854
[iter 44540]loss: 3.2030, tokens/sec: 20553.63 ± 98.22, tokens seen: 2736537600, grad norm: 42.2573
[iter 44550]loss: 2.8897, tokens/sec: 20553.63 ± 98.21, tokens seen: 2737152000, grad norm: 34.0264
[iter 44560]loss: 2.9183, tokens/sec: 20553.64 ± 98.20, tokens seen: 2737766400, grad norm: 46.8607
[iter 44570]loss: 2.9062, tokens/sec: 20553.63 ± 98.19, tokens seen: 2738380800, grad norm: 45.1522
[iter 44580]loss: 2.7594, tokens/sec: 20553.63 ± 98.18, tokens seen: 2738995200, grad norm: 41.5060
[iter 44590]loss: 3.0782, tokens/sec: 20553.63 ± 98.17, tokens seen: 2739609600, grad norm: 41.0738
[iter 44600]loss: 2.8913, tokens/sec: 20553.63 ± 98.16, tokens seen: 2740224000, grad norm: 49.3527
[iter 44610]loss: 2.9764, tokens/sec: 20553.64 ± 98.15, tokens seen: 2740838400, grad norm: 40.8927
[iter 44620]loss: 3.0560, tokens/sec: 20553.64 ± 98.14, tokens seen: 2741452800, grad norm: 40.9502
[iter 44630]loss: 2.9354, tokens/sec: 20553.64 ± 98.13, tokens seen: 2742067200, grad norm: 34.1405
[iter 44640]loss: 3.0318, tokens/sec: 20553.64 ± 98.12, tokens seen: 2742681600, grad norm: 46.0862
[iter 44650]loss: 2.8963, tokens/sec: 20553.64 ± 98.11, tokens seen: 2743296000, grad norm: 48.9467
[iter 44660]loss: 3.0423, tokens/sec: 20553.64 ± 98.10, tokens seen: 2743910400, grad norm: 110.3947
[iter 44670]loss: 3.2457, tokens/sec: 20553.64 ± 98.09, tokens seen: 2744524800, grad norm: 48.0433
[iter 44680]loss: 3.0584, tokens/sec: 20553.64 ± 98.08, tokens seen: 2745139200, grad norm: 110.1965
[iter 44690]loss: 2.9434, tokens/sec: 20553.64 ± 98.07, tokens seen: 2745753600, grad norm: 61.5567
[iter 44700]loss: 3.0948, tokens/sec: 20553.65 ± 98.06, tokens seen: 2746368000, grad norm: 42.0967
[iter 44710]loss: 3.1091, tokens/sec: 20553.65 ± 98.05, tokens seen: 2746982400, grad norm: 30.6642
[iter 44720]loss: 2.9495, tokens/sec: 20553.65 ± 98.04, tokens seen: 2747596800, grad norm: 48.8281
[iter 44730]loss: 3.0316, tokens/sec: 20553.65 ± 98.03, tokens seen: 2748211200, grad norm: 50.8192
[iter 44740]loss: 3.1837, tokens/sec: 20553.65 ± 98.02, tokens seen: 2748825600, grad norm: 36.6854
[iter 44750]loss: 3.0102, tokens/sec: 20553.65 ± 98.01, tokens seen: 2749440000, grad norm: 44.2776
[iter 44760]loss: 2.9903, tokens/sec: 20553.65 ± 98.00, tokens seen: 2750054400, grad norm: 36.4603
[iter 44770]loss: 2.9248, tokens/sec: 20553.65 ± 97.99, tokens seen: 2750668800, grad norm: 42.7661
[iter 44780]loss: 2.8437, tokens/sec: 20553.65 ± 97.98, tokens seen: 2751283200, grad norm: 51.7969
[iter 44790]loss: 3.0153, tokens/sec: 20553.65 ± 97.96, tokens seen: 2751897600, grad norm: 40.5401
[iter 44800]loss: 2.9220, tokens/sec: 20553.65 ± 97.95, tokens seen: 2752512000, grad norm: 48.5924
[iter 44810]loss: 2.8811, tokens/sec: 20553.65 ± 97.94, tokens seen: 2753126400, grad norm: 50.0931
[iter 44820]loss: 2.9011, tokens/sec: 20553.65 ± 97.93, tokens seen: 2753740800, grad norm: 34.2388
[iter 44830]loss: 2.9843, tokens/sec: 20553.65 ± 97.92, tokens seen: 2754355200, grad norm: 49.5009
[iter 44840]loss: 2.9932, tokens/sec: 20553.65 ± 97.91, tokens seen: 2754969600, grad norm: 53.4226
[iter 44850]loss: 2.9873, tokens/sec: 20553.65 ± 97.90, tokens seen: 2755584000, grad norm: 33.0877
[iter 44860]loss: 3.0511, tokens/sec: 20553.65 ± 97.89, tokens seen: 2756198400, grad norm: 30.3689
[iter 44870]loss: 3.1188, tokens/sec: 20553.65 ± 97.88, tokens seen: 2756812800, grad norm: 48.8778
[iter 44880]loss: 2.7189, tokens/sec: 20553.65 ± 97.87, tokens seen: 2757427200, grad norm: 35.6765
[iter 44890]loss: 2.4724, tokens/sec: 20553.65 ± 97.86, tokens seen: 2758041600, grad norm: 51.6246
[iter 44900]loss: 2.9762, tokens/sec: 20553.65 ± 97.85, tokens seen: 2758656000, grad norm: 50.3499
[iter 44910]loss: 2.9286, tokens/sec: 20553.65 ± 97.84, tokens seen: 2759270400, grad norm: 33.0337
[iter 44920]loss: 2.9373, tokens/sec: 20553.65 ± 97.83, tokens seen: 2759884800, grad norm: 29.3617
[iter 44930]loss: 3.0551, tokens/sec: 20553.65 ± 97.82, tokens seen: 2760499200, grad norm: 30.9404
[iter 44940]loss: 2.8929, tokens/sec: 20553.65 ± 97.81, tokens seen: 2761113600, grad norm: 43.5464
[iter 44950]loss: 3.0775, tokens/sec: 20553.65 ± 97.80, tokens seen: 2761728000, grad norm: 54.2321
[iter 44960]loss: 2.8709, tokens/sec: 20553.65 ± 97.79, tokens seen: 2762342400, grad norm: 94.1740
[iter 44970]loss: 3.3228, tokens/sec: 20553.65 ± 97.78, tokens seen: 2762956800, grad norm: 39.3442
[iter 44980]loss: 3.1346, tokens/sec: 20553.65 ± 97.77, tokens seen: 2763571200, grad norm: 54.8607
[iter 44990]loss: 2.9039, tokens/sec: 20553.65 ± 97.76, tokens seen: 2764185600, grad norm: 56.1073
[step 45000]train loss: 2.9465, val loss: 2.9871, (avg train loss: 0.5930 ± 0.0269), (avg grad norm: 52.6119 ± 27.2583)
[iter 45000]loss: 3.1510, tokens/sec: 20553.65 ± 97.75, tokens seen: 2764800000, grad norm: 63.9413
[iter 45010]loss: 2.8636, tokens/sec: 20553.66 ± 97.74, tokens seen: 2765414400, grad norm: 44.3731
[iter 45020]loss: 3.2732, tokens/sec: 20553.65 ± 97.73, tokens seen: 2766028800, grad norm: 45.3624
[iter 45030]loss: 3.1257, tokens/sec: 20553.66 ± 97.72, tokens seen: 2766643200, grad norm: 51.9442
[iter 45040]loss: 3.0225, tokens/sec: 20553.66 ± 97.71, tokens seen: 2767257600, grad norm: 77.2698
[iter 45050]loss: 3.0960, tokens/sec: 20553.65 ± 97.70, tokens seen: 2767872000, grad norm: 59.4003
[iter 45060]loss: 3.2569, tokens/sec: 20553.66 ± 97.69, tokens seen: 2768486400, grad norm: 53.8643
[iter 45070]loss: 3.1160, tokens/sec: 20553.66 ± 97.68, tokens seen: 2769100800, grad norm: 53.3774
[iter 45080]loss: 3.0424, tokens/sec: 20553.65 ± 97.67, tokens seen: 2769715200, grad norm: 53.0784
[iter 45090]loss: 2.8022, tokens/sec: 20553.66 ± 97.66, tokens seen: 2770329600, grad norm: 47.7524
[iter 45100]loss: 2.8366, tokens/sec: 20553.66 ± 97.65, tokens seen: 2770944000, grad norm: 61.5824
[iter 45110]loss: 3.0409, tokens/sec: 20553.66 ± 97.64, tokens seen: 2771558400, grad norm: 90.3242
[iter 45120]loss: 3.0519, tokens/sec: 20553.65 ± 97.63, tokens seen: 2772172800, grad norm: 89.8422
[iter 45130]loss: 3.2969, tokens/sec: 20553.65 ± 97.62, tokens seen: 2772787200, grad norm: 48.6100
[iter 45140]loss: 3.1547, tokens/sec: 20553.65 ± 97.61, tokens seen: 2773401600, grad norm: 55.9259
[iter 45150]loss: 2.9098, tokens/sec: 20553.65 ± 97.60, tokens seen: 2774016000, grad norm: 166.1227
[iter 45160]loss: 2.9511, tokens/sec: 20553.66 ± 97.59, tokens seen: 2774630400, grad norm: 64.9404
[iter 45170]loss: 3.0027, tokens/sec: 20553.66 ± 97.58, tokens seen: 2775244800, grad norm: 57.8718
[iter 45180]loss: 2.9158, tokens/sec: 20553.65 ± 97.57, tokens seen: 2775859200, grad norm: 56.0739
[iter 45190]loss: 2.9969, tokens/sec: 20553.65 ± 97.56, tokens seen: 2776473600, grad norm: 58.3345
[iter 45200]loss: 3.1033, tokens/sec: 20553.65 ± 97.55, tokens seen: 2777088000, grad norm: 54.7577
[iter 45210]loss: 3.0802, tokens/sec: 20553.65 ± 97.54, tokens seen: 2777702400, grad norm: 44.4186
[iter 45220]loss: 3.0233, tokens/sec: 20553.66 ± 97.53, tokens seen: 2778316800, grad norm: 57.1102
[iter 45230]loss: 2.9439, tokens/sec: 20553.65 ± 97.51, tokens seen: 2778931200, grad norm: 55.0718
[iter 45240]loss: 2.8988, tokens/sec: 20553.66 ± 97.50, tokens seen: 2779545600, grad norm: 61.2194
[iter 45250]loss: 3.0123, tokens/sec: 20553.66 ± 97.49, tokens seen: 2780160000, grad norm: 53.7477
[iter 45260]loss: 3.1413, tokens/sec: 20553.66 ± 97.48, tokens seen: 2780774400, grad norm: 72.4086
[iter 45270]loss: 3.0043, tokens/sec: 20553.66 ± 97.47, tokens seen: 2781388800, grad norm: 62.3356
[iter 45280]loss: 2.9734, tokens/sec: 20553.65 ± 97.46, tokens seen: 2782003200, grad norm: 52.9156
[iter 45290]loss: 2.9637, tokens/sec: 20553.65 ± 97.45, tokens seen: 2782617600, grad norm: 55.7490
[iter 45300]loss: 3.0492, tokens/sec: 20553.65 ± 97.44, tokens seen: 2783232000, grad norm: 49.1411
[iter 45310]loss: 2.9061, tokens/sec: 20553.65 ± 97.43, tokens seen: 2783846400, grad norm: 91.4360
[iter 45320]loss: 3.0130, tokens/sec: 20553.65 ± 97.42, tokens seen: 2784460800, grad norm: 71.0721
[iter 45330]loss: 2.6984, tokens/sec: 20553.65 ± 97.41, tokens seen: 2785075200, grad norm: 63.7071
[iter 45340]loss: 2.6674, tokens/sec: 20553.65 ± 97.40, tokens seen: 2785689600, grad norm: 86.0391
[iter 45350]loss: 2.8811, tokens/sec: 20553.65 ± 97.39, tokens seen: 2786304000, grad norm: 76.9874
[iter 45360]loss: 2.9092, tokens/sec: 20553.65 ± 97.38, tokens seen: 2786918400, grad norm: 200.7747
[iter 45370]loss: 3.1464, tokens/sec: 20553.65 ± 97.37, tokens seen: 2787532800, grad norm: 65.7441
[iter 45380]loss: 3.0036, tokens/sec: 20553.65 ± 97.36, tokens seen: 2788147200, grad norm: 58.8125
[iter 45390]loss: 2.7986, tokens/sec: 20553.65 ± 97.35, tokens seen: 2788761600, grad norm: 116.3039
[iter 45400]loss: 2.7627, tokens/sec: 20553.65 ± 97.34, tokens seen: 2789376000, grad norm: 69.1471
[iter 45410]loss: 3.1118, tokens/sec: 20553.65 ± 97.33, tokens seen: 2789990400, grad norm: 49.6639
[iter 45420]loss: 3.0264, tokens/sec: 20553.65 ± 97.32, tokens seen: 2790604800, grad norm: 62.9850
[iter 45430]loss: 3.0022, tokens/sec: 20553.65 ± 97.31, tokens seen: 2791219200, grad norm: 57.4829
[iter 45440]loss: 2.9860, tokens/sec: 20553.65 ± 97.30, tokens seen: 2791833600, grad norm: 58.2569
[iter 45450]loss: 3.0741, tokens/sec: 20553.65 ± 97.29, tokens seen: 2792448000, grad norm: 56.8453
[iter 45460]loss: 3.0805, tokens/sec: 20553.66 ± 97.28, tokens seen: 2793062400, grad norm: 81.5199
[iter 45470]loss: 2.8569, tokens/sec: 20553.66 ± 97.27, tokens seen: 2793676800, grad norm: 57.1530
[iter 45480]loss: 2.8595, tokens/sec: 20553.66 ± 97.26, tokens seen: 2794291200, grad norm: 89.4299
[iter 45490]loss: 2.9661, tokens/sec: 20553.66 ± 97.25, tokens seen: 2794905600, grad norm: 91.5085
[step 45500]train loss: 2.9647, val loss: 2.9768, (avg train loss: 0.5900 ± 0.0322), (avg grad norm: 71.7171 ± 23.4325)
[iter 45500]loss: 2.7931, tokens/sec: 20553.66 ± 97.24, tokens seen: 2795520000, grad norm: 61.5310
[iter 45510]loss: 2.7170, tokens/sec: 20553.67 ± 97.23, tokens seen: 2796134400, grad norm: 59.6758
[iter 45520]loss: 3.0514, tokens/sec: 20553.65 ± 97.22, tokens seen: 2796748800, grad norm: 80.6444
[iter 45530]loss: 2.7505, tokens/sec: 20553.65 ± 97.21, tokens seen: 2797363200, grad norm: 49.4495
[iter 45540]loss: 2.8885, tokens/sec: 20553.65 ± 97.20, tokens seen: 2797977600, grad norm: 59.1303
[iter 45550]loss: 3.1619, tokens/sec: 20553.65 ± 97.19, tokens seen: 2798592000, grad norm: 80.7421
[iter 45560]loss: 2.9576, tokens/sec: 20553.65 ± 97.18, tokens seen: 2799206400, grad norm: 58.0987
[iter 45570]loss: 3.0034, tokens/sec: 20553.65 ± 97.17, tokens seen: 2799820800, grad norm: 69.6739
[iter 45580]loss: 2.9686, tokens/sec: 20553.65 ± 97.16, tokens seen: 2800435200, grad norm: 57.2400
[iter 45590]loss: 2.7949, tokens/sec: 20553.66 ± 97.15, tokens seen: 2801049600, grad norm: 66.0430
[iter 45600]loss: 2.8848, tokens/sec: 20553.66 ± 97.14, tokens seen: 2801664000, grad norm: 58.1277
[iter 45610]loss: 3.1980, tokens/sec: 20553.66 ± 97.13, tokens seen: 2802278400, grad norm: 59.1252
[iter 45620]loss: 2.9079, tokens/sec: 20553.66 ± 97.12, tokens seen: 2802892800, grad norm: 69.4108
[iter 45630]loss: 2.9125, tokens/sec: 20553.67 ± 97.11, tokens seen: 2803507200, grad norm: 121.5373
[iter 45640]loss: 2.8443, tokens/sec: 20553.67 ± 97.10, tokens seen: 2804121600, grad norm: 62.3398
[iter 45650]loss: 2.8880, tokens/sec: 20553.66 ± 97.09, tokens seen: 2804736000, grad norm: 61.2298
[iter 45660]loss: 2.9366, tokens/sec: 20553.67 ± 97.08, tokens seen: 2805350400, grad norm: 58.3765
[iter 45670]loss: 2.9820, tokens/sec: 20553.67 ± 97.07, tokens seen: 2805964800, grad norm: 89.2971
[iter 45680]loss: 3.0422, tokens/sec: 20553.67 ± 97.06, tokens seen: 2806579200, grad norm: 55.0822
[iter 45690]loss: 3.1789, tokens/sec: 20553.67 ± 97.05, tokens seen: 2807193600, grad norm: 67.8969
[iter 45700]loss: 2.7429, tokens/sec: 20553.67 ± 97.04, tokens seen: 2807808000, grad norm: 83.8646
[iter 45710]loss: 2.8481, tokens/sec: 20553.68 ± 97.03, tokens seen: 2808422400, grad norm: 68.0725
[iter 45720]loss: 2.9188, tokens/sec: 20553.68 ± 97.02, tokens seen: 2809036800, grad norm: 86.7043
[iter 45730]loss: 3.2345, tokens/sec: 20553.68 ± 97.01, tokens seen: 2809651200, grad norm: 69.0393
[iter 45740]loss: 2.8795, tokens/sec: 20553.68 ± 97.00, tokens seen: 2810265600, grad norm: 78.0689
[iter 45750]loss: 2.6844, tokens/sec: 20553.68 ± 96.99, tokens seen: 2810880000, grad norm: 58.4393
[iter 45760]loss: 3.3105, tokens/sec: 20553.68 ± 96.98, tokens seen: 2811494400, grad norm: 59.0534
[iter 45770]loss: 3.0054, tokens/sec: 20553.68 ± 96.97, tokens seen: 2812108800, grad norm: 79.3395
[iter 45780]loss: 2.8144, tokens/sec: 20553.68 ± 96.96, tokens seen: 2812723200, grad norm: 75.9755
[iter 45790]loss: 2.8838, tokens/sec: 20553.68 ± 96.95, tokens seen: 2813337600, grad norm: 52.9551
[iter 45800]loss: 3.0668, tokens/sec: 20553.67 ± 96.94, tokens seen: 2813952000, grad norm: 52.3112
[iter 45810]loss: 3.1730, tokens/sec: 20553.67 ± 96.93, tokens seen: 2814566400, grad norm: 55.6206
[iter 45820]loss: 2.9901, tokens/sec: 20553.67 ± 96.92, tokens seen: 2815180800, grad norm: 62.9357
[iter 45830]loss: 3.0252, tokens/sec: 20553.67 ± 96.91, tokens seen: 2815795200, grad norm: 103.1585
[iter 45840]loss: 2.9857, tokens/sec: 20553.67 ± 96.90, tokens seen: 2816409600, grad norm: 82.1849
[iter 45850]loss: 3.3668, tokens/sec: 20553.68 ± 96.89, tokens seen: 2817024000, grad norm: 73.3088
[iter 45860]loss: 2.8296, tokens/sec: 20553.68 ± 96.88, tokens seen: 2817638400, grad norm: 81.3548
[iter 45870]loss: 3.0696, tokens/sec: 20553.68 ± 96.87, tokens seen: 2818252800, grad norm: 108.6099
[iter 45880]loss: 3.1025, tokens/sec: 20553.68 ± 96.86, tokens seen: 2818867200, grad norm: 76.8055
[iter 45890]loss: 3.0370, tokens/sec: 20553.69 ± 96.85, tokens seen: 2819481600, grad norm: 57.2674
[iter 45900]loss: 2.6026, tokens/sec: 20553.69 ± 96.84, tokens seen: 2820096000, grad norm: 50.1570
[iter 45910]loss: 3.0167, tokens/sec: 20553.69 ± 96.83, tokens seen: 2820710400, grad norm: 74.4579
[iter 45920]loss: 3.1131, tokens/sec: 20553.69 ± 96.82, tokens seen: 2821324800, grad norm: 57.9190
[iter 45930]loss: 2.9229, tokens/sec: 20553.69 ± 96.81, tokens seen: 2821939200, grad norm: 57.4659
[iter 45940]loss: 2.8724, tokens/sec: 20553.69 ± 96.80, tokens seen: 2822553600, grad norm: 61.2699
[iter 45950]loss: 3.2508, tokens/sec: 20553.69 ± 96.79, tokens seen: 2823168000, grad norm: 84.6034
[iter 45960]loss: 3.0864, tokens/sec: 20553.69 ± 96.78, tokens seen: 2823782400, grad norm: 59.8550
[iter 45970]loss: 2.8029, tokens/sec: 20553.69 ± 96.77, tokens seen: 2824396800, grad norm: 55.0727
[iter 45980]loss: 3.1507, tokens/sec: 20553.69 ± 96.76, tokens seen: 2825011200, grad norm: 67.5652
[iter 45990]loss: 2.8414, tokens/sec: 20553.69 ± 96.75, tokens seen: 2825625600, grad norm: 62.4453
[step 46000]train loss: 2.9581, val loss: 2.9750, (avg train loss: 0.5895 ± 0.0348), (avg grad norm: 72.1599 ± 27.7822)
[iter 46000]loss: 3.2245, tokens/sec: 20553.69 ± 96.74, tokens seen: 2826240000, grad norm: 57.5761
[iter 46010]loss: 2.8951, tokens/sec: 20553.69 ± 96.73, tokens seen: 2826854400, grad norm: 68.7607
[iter 46020]loss: 2.9830, tokens/sec: 20553.68 ± 96.72, tokens seen: 2827468800, grad norm: 69.6510
[iter 46030]loss: 3.2817, tokens/sec: 20553.69 ± 96.71, tokens seen: 2828083200, grad norm: 57.0495
[iter 46040]loss: 2.7614, tokens/sec: 20553.69 ± 96.70, tokens seen: 2828697600, grad norm: 68.3218
[iter 46050]loss: 2.9071, tokens/sec: 20553.69 ± 96.69, tokens seen: 2829312000, grad norm: 73.8911
[iter 46060]loss: 3.0674, tokens/sec: 20553.69 ± 96.68, tokens seen: 2829926400, grad norm: 65.3530
[iter 46070]loss: 2.9694, tokens/sec: 20553.69 ± 96.67, tokens seen: 2830540800, grad norm: 63.1229
[iter 46080]loss: 2.8441, tokens/sec: 20553.69 ± 96.66, tokens seen: 2831155200, grad norm: 65.4120
[iter 46090]loss: 2.8089, tokens/sec: 20553.69 ± 96.65, tokens seen: 2831769600, grad norm: 50.4482
[iter 46100]loss: 2.8262, tokens/sec: 20553.69 ± 96.64, tokens seen: 2832384000, grad norm: 53.8223
[iter 46110]loss: 2.9671, tokens/sec: 20553.69 ± 96.63, tokens seen: 2832998400, grad norm: 65.3890
[iter 46120]loss: 2.6646, tokens/sec: 20553.69 ± 96.62, tokens seen: 2833612800, grad norm: 51.2200
[iter 46130]loss: 2.5626, tokens/sec: 20553.69 ± 96.61, tokens seen: 2834227200, grad norm: 57.8999
[iter 46140]loss: 2.8825, tokens/sec: 20553.69 ± 96.60, tokens seen: 2834841600, grad norm: 61.5776
[iter 46150]loss: 2.9233, tokens/sec: 20553.69 ± 96.59, tokens seen: 2835456000, grad norm: 61.8064
[iter 46160]loss: 3.1104, tokens/sec: 20553.69 ± 96.58, tokens seen: 2836070400, grad norm: 52.0335
[iter 46170]loss: 2.9320, tokens/sec: 20553.70 ± 96.57, tokens seen: 2836684800, grad norm: 62.9129
[iter 46180]loss: 2.9048, tokens/sec: 20553.70 ± 96.56, tokens seen: 2837299200, grad norm: 123.4746
[iter 46190]loss: 2.9402, tokens/sec: 20553.70 ± 96.55, tokens seen: 2837913600, grad norm: 60.9065
[iter 46200]loss: 2.7420, tokens/sec: 20553.70 ± 96.54, tokens seen: 2838528000, grad norm: 53.8426
[iter 46210]loss: 2.7871, tokens/sec: 20553.70 ± 96.53, tokens seen: 2839142400, grad norm: 60.2463
[iter 46220]loss: 2.9887, tokens/sec: 20553.70 ± 96.52, tokens seen: 2839756800, grad norm: 71.4473
[iter 46230]loss: 3.1235, tokens/sec: 20553.71 ± 96.51, tokens seen: 2840371200, grad norm: 60.7094
[iter 46240]loss: 2.9160, tokens/sec: 20553.71 ± 96.50, tokens seen: 2840985600, grad norm: 57.3789
[iter 46250]loss: 3.0087, tokens/sec: 20553.71 ± 96.49, tokens seen: 2841600000, grad norm: 159.3882
[iter 46260]loss: 2.9694, tokens/sec: 20553.71 ± 96.48, tokens seen: 2842214400, grad norm: 59.1915
[iter 46270]loss: 3.0906, tokens/sec: 20553.71 ± 96.47, tokens seen: 2842828800, grad norm: 106.7659
[iter 46280]loss: 2.8154, tokens/sec: 20553.71 ± 96.46, tokens seen: 2843443200, grad norm: 73.8874
[iter 46290]loss: 2.9719, tokens/sec: 20553.72 ± 96.46, tokens seen: 2844057600, grad norm: 110.6316
[iter 46300]loss: 2.8689, tokens/sec: 20553.72 ± 96.45, tokens seen: 2844672000, grad norm: 63.3363
[iter 46310]loss: 2.6145, tokens/sec: 20553.72 ± 96.44, tokens seen: 2845286400, grad norm: 57.1083
[iter 46320]loss: 2.7860, tokens/sec: 20553.72 ± 96.43, tokens seen: 2845900800, grad norm: 109.0793
[iter 46330]loss: 2.7611, tokens/sec: 20553.72 ± 96.42, tokens seen: 2846515200, grad norm: 83.1745
[iter 46340]loss: 2.9723, tokens/sec: 20553.72 ± 96.41, tokens seen: 2847129600, grad norm: 61.4353
[iter 46350]loss: 2.9846, tokens/sec: 20553.72 ± 96.40, tokens seen: 2847744000, grad norm: 61.0418
[iter 46360]loss: 2.9728, tokens/sec: 20553.72 ± 96.39, tokens seen: 2848358400, grad norm: 59.8343
[iter 46370]loss: 2.9719, tokens/sec: 20553.73 ± 96.38, tokens seen: 2848972800, grad norm: 60.9947
[iter 46380]loss: 2.9795, tokens/sec: 20553.73 ± 96.37, tokens seen: 2849587200, grad norm: 62.1373
[iter 46390]loss: 3.2410, tokens/sec: 20553.73 ± 96.36, tokens seen: 2850201600, grad norm: 197.0490
[iter 46400]loss: 3.0484, tokens/sec: 20553.73 ± 96.35, tokens seen: 2850816000, grad norm: 61.4681
[iter 46410]loss: 3.1719, tokens/sec: 20553.73 ± 96.34, tokens seen: 2851430400, grad norm: 57.3975
[iter 46420]loss: 2.9776, tokens/sec: 20553.73 ± 96.33, tokens seen: 2852044800, grad norm: 62.4935
[iter 46430]loss: 2.8475, tokens/sec: 20553.73 ± 96.32, tokens seen: 2852659200, grad norm: 62.7811
[iter 46440]loss: 2.8068, tokens/sec: 20553.73 ± 96.31, tokens seen: 2853273600, grad norm: 46.1181
[iter 46450]loss: 3.0163, tokens/sec: 20553.74 ± 96.30, tokens seen: 2853888000, grad norm: 115.9329
[iter 46460]loss: 3.1638, tokens/sec: 20553.74 ± 96.29, tokens seen: 2854502400, grad norm: 53.6483
[iter 46470]loss: 3.3003, tokens/sec: 20553.74 ± 96.28, tokens seen: 2855116800, grad norm: 60.6956
[iter 46480]loss: 2.9915, tokens/sec: 20553.74 ± 96.27, tokens seen: 2855731200, grad norm: 100.1932
[iter 46490]loss: 3.1018, tokens/sec: 20553.74 ± 96.26, tokens seen: 2856345600, grad norm: 47.5578
[step 46500]train loss: 2.9565, val loss: 2.9875, (avg train loss: 0.5912 ± 0.0300), (avg grad norm: 67.1068 ± 26.4517)
[iter 46500]loss: 2.8109, tokens/sec: 20553.75 ± 96.25, tokens seen: 2856960000, grad norm: 59.6271
[iter 46510]loss: 3.0996, tokens/sec: 20553.75 ± 96.24, tokens seen: 2857574400, grad norm: 80.7197
[iter 46520]loss: 3.1014, tokens/sec: 20553.75 ± 96.23, tokens seen: 2858188800, grad norm: 64.9151
[iter 46530]loss: 2.8765, tokens/sec: 20553.75 ± 96.22, tokens seen: 2858803200, grad norm: 121.8209
[iter 46540]loss: 2.8403, tokens/sec: 20553.75 ± 96.21, tokens seen: 2859417600, grad norm: 54.7421
[iter 46550]loss: 2.9265, tokens/sec: 20553.75 ± 96.20, tokens seen: 2860032000, grad norm: 61.1492
[iter 46560]loss: 2.9878, tokens/sec: 20553.76 ± 96.19, tokens seen: 2860646400, grad norm: 42.2427
[iter 46570]loss: 3.0616, tokens/sec: 20553.76 ± 96.18, tokens seen: 2861260800, grad norm: 66.6362
[iter 46580]loss: 2.9594, tokens/sec: 20553.76 ± 96.17, tokens seen: 2861875200, grad norm: 57.6466
[iter 46590]loss: 2.7309, tokens/sec: 20553.76 ± 96.16, tokens seen: 2862489600, grad norm: 99.2519
[iter 46600]loss: 3.1870, tokens/sec: 20553.76 ± 96.15, tokens seen: 2863104000, grad norm: 75.5575
[iter 46610]loss: 3.0281, tokens/sec: 20553.76 ± 96.14, tokens seen: 2863718400, grad norm: 87.9990
[iter 46620]loss: 2.9647, tokens/sec: 20553.76 ± 96.13, tokens seen: 2864332800, grad norm: 56.4410
[iter 46630]loss: 2.9557, tokens/sec: 20553.76 ± 96.13, tokens seen: 2864947200, grad norm: 55.8640
[iter 46640]loss: 2.8735, tokens/sec: 20553.77 ± 96.12, tokens seen: 2865561600, grad norm: 69.0661
[iter 46650]loss: 2.9720, tokens/sec: 20553.77 ± 96.11, tokens seen: 2866176000, grad norm: 47.1637
[iter 46660]loss: 3.0868, tokens/sec: 20553.77 ± 96.10, tokens seen: 2866790400, grad norm: 56.8103
[iter 46670]loss: 2.9008, tokens/sec: 20553.77 ± 96.09, tokens seen: 2867404800, grad norm: 46.4929
[iter 46680]loss: 2.9556, tokens/sec: 20553.77 ± 96.08, tokens seen: 2868019200, grad norm: 65.8276
[iter 46690]loss: 2.9693, tokens/sec: 20553.77 ± 96.07, tokens seen: 2868633600, grad norm: 72.6594
[iter 46700]loss: 3.1344, tokens/sec: 20553.77 ± 96.06, tokens seen: 2869248000, grad norm: 50.8069
[iter 46710]loss: 2.6622, tokens/sec: 20553.78 ± 96.05, tokens seen: 2869862400, grad norm: 66.0017
[iter 46720]loss: 2.8125, tokens/sec: 20553.78 ± 96.04, tokens seen: 2870476800, grad norm: 58.2749
[iter 46730]loss: 2.9893, tokens/sec: 20553.78 ± 96.03, tokens seen: 2871091200, grad norm: 70.3383
[iter 46740]loss: 2.9533, tokens/sec: 20553.78 ± 96.02, tokens seen: 2871705600, grad norm: 51.6291
[iter 46750]loss: 3.2547, tokens/sec: 20553.79 ± 96.01, tokens seen: 2872320000, grad norm: 52.2212
[iter 46760]loss: 2.6602, tokens/sec: 20553.79 ± 96.00, tokens seen: 2872934400, grad norm: 89.6404
[iter 46770]loss: 2.9311, tokens/sec: 20553.79 ± 95.99, tokens seen: 2873548800, grad norm: 66.7360
[iter 46780]loss: 2.8979, tokens/sec: 20553.79 ± 95.98, tokens seen: 2874163200, grad norm: 70.2339
[iter 46790]loss: 2.9444, tokens/sec: 20553.79 ± 95.97, tokens seen: 2874777600, grad norm: 48.0004
[iter 46800]loss: 3.0817, tokens/sec: 20553.79 ± 95.96, tokens seen: 2875392000, grad norm: 42.9385
[iter 46810]loss: 2.8493, tokens/sec: 20553.80 ± 95.95, tokens seen: 2876006400, grad norm: 45.5351
[iter 46820]loss: 2.8795, tokens/sec: 20553.80 ± 95.94, tokens seen: 2876620800, grad norm: 50.5975
[iter 46830]loss: 2.6737, tokens/sec: 20553.80 ± 95.93, tokens seen: 2877235200, grad norm: 57.2956
[iter 46840]loss: 2.9836, tokens/sec: 20553.81 ± 95.92, tokens seen: 2877849600, grad norm: 53.6478
[iter 46850]loss: 3.1313, tokens/sec: 20553.81 ± 95.91, tokens seen: 2878464000, grad norm: 54.4706
[iter 46860]loss: 2.8320, tokens/sec: 20553.81 ± 95.90, tokens seen: 2879078400, grad norm: 71.2748
[iter 46870]loss: 2.8496, tokens/sec: 20553.80 ± 95.90, tokens seen: 2879692800, grad norm: 58.4901
[iter 46880]loss: 2.9485, tokens/sec: 20553.80 ± 95.89, tokens seen: 2880307200, grad norm: 53.7570
[iter 46890]loss: 2.8876, tokens/sec: 20553.81 ± 95.88, tokens seen: 2880921600, grad norm: 72.4454
[iter 46900]loss: 3.0210, tokens/sec: 20553.81 ± 95.87, tokens seen: 2881536000, grad norm: 50.7112
[iter 46910]loss: 3.0250, tokens/sec: 20553.81 ± 95.86, tokens seen: 2882150400, grad norm: 67.2564
[iter 46920]loss: 2.8379, tokens/sec: 20553.81 ± 95.85, tokens seen: 2882764800, grad norm: 53.1718
[iter 46930]loss: 3.0348, tokens/sec: 20553.81 ± 95.84, tokens seen: 2883379200, grad norm: 71.4216
[iter 46940]loss: 3.0138, tokens/sec: 20553.82 ± 95.83, tokens seen: 2883993600, grad norm: 54.5957
[iter 46950]loss: 3.0296, tokens/sec: 20553.82 ± 95.82, tokens seen: 2884608000, grad norm: 62.9351
[iter 46960]loss: 2.9332, tokens/sec: 20553.83 ± 95.81, tokens seen: 2885222400, grad norm: 49.3568
[iter 46970]loss: 2.8589, tokens/sec: 20553.83 ± 95.80, tokens seen: 2885836800, grad norm: 57.0374
[iter 46980]loss: 2.9020, tokens/sec: 20553.83 ± 95.79, tokens seen: 2886451200, grad norm: 78.4020
[iter 46990]loss: 3.0232, tokens/sec: 20553.83 ± 95.78, tokens seen: 2887065600, grad norm: 94.9105
[step 47000]train loss: 2.9570, val loss: 2.9823, (avg train loss: 0.5891 ± 0.0316), (avg grad norm: 61.5536 ± 21.7331)
[iter 47000]loss: 3.1427, tokens/sec: 20553.83 ± 95.77, tokens seen: 2887680000, grad norm: 50.8699
[iter 47010]loss: 2.9934, tokens/sec: 20553.84 ± 95.76, tokens seen: 2888294400, grad norm: 61.2089
[iter 47020]loss: 3.0140, tokens/sec: 20553.83 ± 95.75, tokens seen: 2888908800, grad norm: 46.9447
[iter 47030]loss: 2.9980, tokens/sec: 20553.83 ± 95.74, tokens seen: 2889523200, grad norm: 100.8992
[iter 47040]loss: 2.7542, tokens/sec: 20553.83 ± 95.73, tokens seen: 2890137600, grad norm: 60.3417
[iter 47050]loss: 2.9125, tokens/sec: 20553.83 ± 95.72, tokens seen: 2890752000, grad norm: 77.5735
[iter 47060]loss: 2.9893, tokens/sec: 20553.84 ± 95.72, tokens seen: 2891366400, grad norm: 38.6263
[iter 47070]loss: 2.7004, tokens/sec: 20553.84 ± 95.71, tokens seen: 2891980800, grad norm: 44.0089
[iter 47080]loss: 2.7031, tokens/sec: 20553.84 ± 95.70, tokens seen: 2892595200, grad norm: 36.8606
[iter 47090]loss: 3.0244, tokens/sec: 20553.84 ± 95.69, tokens seen: 2893209600, grad norm: 112.0131
[iter 47100]loss: 2.6347, tokens/sec: 20553.84 ± 95.68, tokens seen: 2893824000, grad norm: 76.7161
[iter 47110]loss: 2.8904, tokens/sec: 20553.84 ± 95.67, tokens seen: 2894438400, grad norm: 72.7840
[iter 47120]loss: 2.9774, tokens/sec: 20553.84 ± 95.66, tokens seen: 2895052800, grad norm: 60.4628
[iter 47130]loss: 3.0859, tokens/sec: 20553.85 ± 95.65, tokens seen: 2895667200, grad norm: 44.1944
[iter 47140]loss: 3.3539, tokens/sec: 20553.85 ± 95.64, tokens seen: 2896281600, grad norm: 74.4509
[iter 47150]loss: 2.9411, tokens/sec: 20553.85 ± 95.63, tokens seen: 2896896000, grad norm: 68.7955
[iter 47160]loss: 3.0503, tokens/sec: 20553.85 ± 95.62, tokens seen: 2897510400, grad norm: 51.5107
[iter 47170]loss: 2.9180, tokens/sec: 20553.86 ± 95.61, tokens seen: 2898124800, grad norm: 69.7009
[iter 47180]loss: 3.1131, tokens/sec: 20553.86 ± 95.60, tokens seen: 2898739200, grad norm: 51.2268
[iter 47190]loss: 2.9378, tokens/sec: 20553.86 ± 95.59, tokens seen: 2899353600, grad norm: 64.2224
[iter 47200]loss: 3.0617, tokens/sec: 20553.87 ± 95.58, tokens seen: 2899968000, grad norm: 56.6321
[iter 47210]loss: 3.2105, tokens/sec: 20553.86 ± 95.57, tokens seen: 2900582400, grad norm: 58.4376
[iter 47220]loss: 2.8890, tokens/sec: 20553.87 ± 95.56, tokens seen: 2901196800, grad norm: 63.2407
[iter 47230]loss: 3.2244, tokens/sec: 20553.87 ± 95.55, tokens seen: 2901811200, grad norm: 65.9539
[iter 47240]loss: 2.6681, tokens/sec: 20553.87 ± 95.54, tokens seen: 2902425600, grad norm: 49.2996
[iter 47250]loss: 3.0951, tokens/sec: 20553.87 ± 95.54, tokens seen: 2903040000, grad norm: 81.9053
[iter 47260]loss: 2.8930, tokens/sec: 20553.87 ± 95.53, tokens seen: 2903654400, grad norm: 52.9858
[iter 47270]loss: 2.8182, tokens/sec: 20553.88 ± 95.52, tokens seen: 2904268800, grad norm: 58.7399
[iter 47280]loss: 2.9439, tokens/sec: 20553.88 ± 95.51, tokens seen: 2904883200, grad norm: 56.3152
[iter 47290]loss: 2.8681, tokens/sec: 20553.88 ± 95.50, tokens seen: 2905497600, grad norm: 83.1292
[iter 47300]loss: 3.0491, tokens/sec: 20553.88 ± 95.49, tokens seen: 2906112000, grad norm: 77.4607
[iter 47310]loss: 2.9600, tokens/sec: 20553.88 ± 95.48, tokens seen: 2906726400, grad norm: 61.9928
[iter 47320]loss: 2.9268, tokens/sec: 20553.87 ± 95.47, tokens seen: 2907340800, grad norm: 81.6846
[iter 47330]loss: 2.8222, tokens/sec: 20553.88 ± 95.46, tokens seen: 2907955200, grad norm: 64.8231
[iter 47340]loss: 2.8720, tokens/sec: 20553.88 ± 95.45, tokens seen: 2908569600, grad norm: 53.2150
[iter 47350]loss: 2.8101, tokens/sec: 20553.88 ± 95.44, tokens seen: 2909184000, grad norm: 49.1354
[iter 47360]loss: 2.9418, tokens/sec: 20553.88 ± 95.43, tokens seen: 2909798400, grad norm: 80.8928
[iter 47370]loss: 3.0052, tokens/sec: 20553.88 ± 95.42, tokens seen: 2910412800, grad norm: 76.6229
[iter 47380]loss: 3.0285, tokens/sec: 20553.88 ± 95.41, tokens seen: 2911027200, grad norm: 84.1354
[iter 47390]loss: 3.0111, tokens/sec: 20553.89 ± 95.40, tokens seen: 2911641600, grad norm: 74.5752
[iter 47400]loss: 3.0590, tokens/sec: 20553.89 ± 95.40, tokens seen: 2912256000, grad norm: 67.4406
[iter 47410]loss: 2.9491, tokens/sec: 20553.89 ± 95.39, tokens seen: 2912870400, grad norm: 61.1249
[iter 47420]loss: 2.9488, tokens/sec: 20553.89 ± 95.38, tokens seen: 2913484800, grad norm: 59.8485
[iter 47430]loss: 2.6596, tokens/sec: 20553.89 ± 95.37, tokens seen: 2914099200, grad norm: 55.0597
[iter 47440]loss: 2.8174, tokens/sec: 20553.89 ± 95.36, tokens seen: 2914713600, grad norm: 62.1351
[iter 47450]loss: 2.8811, tokens/sec: 20553.89 ± 95.35, tokens seen: 2915328000, grad norm: 57.5112
[iter 47460]loss: 3.1078, tokens/sec: 20553.89 ± 95.34, tokens seen: 2915942400, grad norm: 59.3798
[iter 47470]loss: 3.1914, tokens/sec: 20553.89 ± 95.33, tokens seen: 2916556800, grad norm: 108.5491
[iter 47480]loss: 2.9512, tokens/sec: 20553.89 ± 95.32, tokens seen: 2917171200, grad norm: 59.9962
[iter 47490]loss: 3.0232, tokens/sec: 20553.89 ± 95.31, tokens seen: 2917785600, grad norm: 65.6040
[step 47500]train loss: 2.9479, val loss: 2.9677, (avg train loss: 0.5919 ± 0.0311), (avg grad norm: 71.7324 ± 23.1937)
[iter 47500]loss: 2.8103, tokens/sec: 20553.89 ± 95.30, tokens seen: 2918400000, grad norm: 58.5744
[iter 47510]loss: 2.9923, tokens/sec: 20553.90 ± 95.29, tokens seen: 2919014400, grad norm: 56.2328
[iter 47520]loss: 2.8398, tokens/sec: 20553.89 ± 95.28, tokens seen: 2919628800, grad norm: 93.7930
[iter 47530]loss: 2.5750, tokens/sec: 20553.90 ± 95.28, tokens seen: 2920243200, grad norm: 75.2332
[iter 47540]loss: 2.8374, tokens/sec: 20553.90 ± 95.27, tokens seen: 2920857600, grad norm: 65.4362
[iter 47550]loss: 2.8863, tokens/sec: 20553.90 ± 95.26, tokens seen: 2921472000, grad norm: 73.9388
[iter 47560]loss: 2.9876, tokens/sec: 20553.90 ± 95.25, tokens seen: 2922086400, grad norm: 54.9883
[iter 47570]loss: 3.1894, tokens/sec: 20553.90 ± 95.24, tokens seen: 2922700800, grad norm: 56.7934
[iter 47580]loss: 2.9314, tokens/sec: 20553.90 ± 95.23, tokens seen: 2923315200, grad norm: 96.3074
[iter 47590]loss: 2.8269, tokens/sec: 20553.90 ± 95.22, tokens seen: 2923929600, grad norm: 76.2340
[iter 47600]loss: 3.2200, tokens/sec: 20553.90 ± 95.21, tokens seen: 2924544000, grad norm: 63.0255
[iter 47610]loss: 2.8285, tokens/sec: 20553.90 ± 95.20, tokens seen: 2925158400, grad norm: 78.4023
[iter 47620]loss: 3.1715, tokens/sec: 20553.90 ± 95.19, tokens seen: 2925772800, grad norm: 63.3829
[iter 47630]loss: 3.2079, tokens/sec: 20553.90 ± 95.18, tokens seen: 2926387200, grad norm: 55.3635
[iter 47640]loss: 2.9618, tokens/sec: 20553.90 ± 95.17, tokens seen: 2927001600, grad norm: 62.8506
[iter 47650]loss: 2.7046, tokens/sec: 20553.90 ± 95.16, tokens seen: 2927616000, grad norm: 67.0982
[iter 47660]loss: 2.7923, tokens/sec: 20553.90 ± 95.15, tokens seen: 2928230400, grad norm: 63.3635
[iter 47670]loss: 2.7498, tokens/sec: 20553.90 ± 95.14, tokens seen: 2928844800, grad norm: 64.0572
[iter 47680]loss: 3.0662, tokens/sec: 20553.90 ± 95.13, tokens seen: 2929459200, grad norm: 55.7409
[iter 47690]loss: 2.9325, tokens/sec: 20553.90 ± 95.13, tokens seen: 2930073600, grad norm: 74.3350
[iter 47700]loss: 3.1336, tokens/sec: 20553.90 ± 95.12, tokens seen: 2930688000, grad norm: 67.6942
[iter 47710]loss: 2.8456, tokens/sec: 20553.91 ± 95.11, tokens seen: 2931302400, grad norm: 57.6247
[iter 47720]loss: 3.0155, tokens/sec: 20553.91 ± 95.10, tokens seen: 2931916800, grad norm: 73.0870
[iter 47730]loss: 2.9785, tokens/sec: 20553.91 ± 95.09, tokens seen: 2932531200, grad norm: 252.6059
[iter 47740]loss: 2.8907, tokens/sec: 20553.91 ± 95.08, tokens seen: 2933145600, grad norm: 58.1122
[iter 47750]loss: 2.7793, tokens/sec: 20553.91 ± 95.07, tokens seen: 2933760000, grad norm: 66.5514
[iter 47760]loss: 3.0683, tokens/sec: 20553.91 ± 95.06, tokens seen: 2934374400, grad norm: 59.6276
[iter 47770]loss: 2.8791, tokens/sec: 20553.91 ± 95.05, tokens seen: 2934988800, grad norm: 60.1665
[iter 47780]loss: 2.9402, tokens/sec: 20553.91 ± 95.04, tokens seen: 2935603200, grad norm: 94.1530
[iter 47790]loss: 3.0989, tokens/sec: 20553.91 ± 95.03, tokens seen: 2936217600, grad norm: 71.4702
[iter 47800]loss: 2.8368, tokens/sec: 20553.91 ± 95.02, tokens seen: 2936832000, grad norm: 72.2377
[iter 47810]loss: 2.9201, tokens/sec: 20553.92 ± 95.01, tokens seen: 2937446400, grad norm: 67.9762
[iter 47820]loss: 3.0331, tokens/sec: 20553.92 ± 95.00, tokens seen: 2938060800, grad norm: 46.9229
[iter 47830]loss: 2.7877, tokens/sec: 20553.92 ± 94.99, tokens seen: 2938675200, grad norm: 65.1674
[iter 47840]loss: 2.8465, tokens/sec: 20553.92 ± 94.98, tokens seen: 2939289600, grad norm: 64.4092
[iter 47850]loss: 3.0271, tokens/sec: 20553.92 ± 94.98, tokens seen: 2939904000, grad norm: 44.4580
[iter 47860]loss: 2.8741, tokens/sec: 20553.92 ± 94.97, tokens seen: 2940518400, grad norm: 51.3370
[iter 47870]loss: 3.1560, tokens/sec: 20553.92 ± 94.96, tokens seen: 2941132800, grad norm: 88.7384
[iter 47880]loss: 2.7199, tokens/sec: 20553.91 ± 94.95, tokens seen: 2941747200, grad norm: 84.9451
[iter 47890]loss: 2.8591, tokens/sec: 20553.92 ± 94.94, tokens seen: 2942361600, grad norm: 70.3779
[iter 47900]loss: 3.1060, tokens/sec: 20553.92 ± 94.93, tokens seen: 2942976000, grad norm: 60.9596
[iter 47910]loss: 3.0540, tokens/sec: 20553.92 ± 94.92, tokens seen: 2943590400, grad norm: 82.5192
[iter 47920]loss: 2.8746, tokens/sec: 20553.92 ± 94.91, tokens seen: 2944204800, grad norm: 66.9079
[iter 47930]loss: 3.0161, tokens/sec: 20553.92 ± 94.90, tokens seen: 2944819200, grad norm: 49.0271
[iter 47940]loss: 2.8889, tokens/sec: 20553.92 ± 94.89, tokens seen: 2945433600, grad norm: 77.3679
[iter 47950]loss: 3.0749, tokens/sec: 20553.93 ± 94.88, tokens seen: 2946048000, grad norm: 68.8253
[iter 47960]loss: 2.8999, tokens/sec: 20553.93 ± 94.87, tokens seen: 2946662400, grad norm: 60.2202
[iter 47970]loss: 3.0851, tokens/sec: 20553.93 ± 94.86, tokens seen: 2947276800, grad norm: 49.6587
[iter 47980]loss: 2.9673, tokens/sec: 20553.93 ± 94.85, tokens seen: 2947891200, grad norm: 55.2251
[iter 47990]loss: 2.9061, tokens/sec: 20553.93 ± 94.85, tokens seen: 2948505600, grad norm: 61.3156
[step 48000]train loss: 2.9517, val loss: 2.9632, (avg train loss: 0.5884 ± 0.0317), (avg grad norm: 74.3276 ± 50.2509)
[iter 48000]loss: 2.9213, tokens/sec: 20553.93 ± 94.84, tokens seen: 2949120000, grad norm: 49.3189
[iter 48010]loss: 2.8286, tokens/sec: 20553.94 ± 94.83, tokens seen: 2949734400, grad norm: 85.4632
[iter 48020]loss: 2.9162, tokens/sec: 20553.93 ± 94.82, tokens seen: 2950348800, grad norm: 90.6811
[iter 48030]loss: 3.0651, tokens/sec: 20553.93 ± 94.81, tokens seen: 2950963200, grad norm: 67.3053
[iter 48040]loss: 3.1749, tokens/sec: 20553.93 ± 94.80, tokens seen: 2951577600, grad norm: 63.6944
[iter 48050]loss: 2.7618, tokens/sec: 20553.93 ± 94.79, tokens seen: 2952192000, grad norm: 84.8556
[iter 48060]loss: 2.8679, tokens/sec: 20553.93 ± 94.78, tokens seen: 2952806400, grad norm: 63.9172
[iter 48070]loss: 2.8419, tokens/sec: 20553.93 ± 94.77, tokens seen: 2953420800, grad norm: 62.6829
[iter 48080]loss: 2.8590, tokens/sec: 20553.93 ± 94.76, tokens seen: 2954035200, grad norm: 65.8560
[iter 48090]loss: 3.0214, tokens/sec: 20553.93 ± 94.75, tokens seen: 2954649600, grad norm: 75.7099
[iter 48100]loss: 2.6721, tokens/sec: 20553.94 ± 94.74, tokens seen: 2955264000, grad norm: 61.3990
[iter 48110]loss: 2.7971, tokens/sec: 20553.94 ± 94.73, tokens seen: 2955878400, grad norm: 88.0139
[iter 48120]loss: 3.0075, tokens/sec: 20553.93 ± 94.73, tokens seen: 2956492800, grad norm: 60.7125
[iter 48130]loss: 2.9249, tokens/sec: 20553.94 ± 94.72, tokens seen: 2957107200, grad norm: 75.1436
[iter 48140]loss: 3.0360, tokens/sec: 20553.94 ± 94.71, tokens seen: 2957721600, grad norm: 64.1916
[iter 48150]loss: 3.2291, tokens/sec: 20553.94 ± 94.70, tokens seen: 2958336000, grad norm: 60.5694
[iter 48160]loss: 3.0108, tokens/sec: 20553.94 ± 94.69, tokens seen: 2958950400, grad norm: 74.6577
[iter 48170]loss: 2.8262, tokens/sec: 20553.94 ± 94.68, tokens seen: 2959564800, grad norm: 52.9810
[iter 48180]loss: 2.8999, tokens/sec: 20553.95 ± 94.67, tokens seen: 2960179200, grad norm: 56.2313
[iter 48190]loss: 3.0153, tokens/sec: 20553.95 ± 94.66, tokens seen: 2960793600, grad norm: 65.0816
[iter 48200]loss: 2.5804, tokens/sec: 20553.95 ± 94.65, tokens seen: 2961408000, grad norm: 71.7728
[iter 48210]loss: 3.0675, tokens/sec: 20553.95 ± 94.64, tokens seen: 2962022400, grad norm: 70.8356
[iter 48220]loss: 2.9994, tokens/sec: 20553.95 ± 94.63, tokens seen: 2962636800, grad norm: 82.0696
[iter 48230]loss: 2.6114, tokens/sec: 20553.95 ± 94.62, tokens seen: 2963251200, grad norm: 60.1660
[iter 48240]loss: 2.8924, tokens/sec: 20553.95 ± 94.62, tokens seen: 2963865600, grad norm: 55.5041
[iter 48250]loss: 3.0914, tokens/sec: 20553.95 ± 94.61, tokens seen: 2964480000, grad norm: 89.1419
[iter 48260]loss: 3.0656, tokens/sec: 20553.95 ± 94.60, tokens seen: 2965094400, grad norm: 80.0851
[iter 48270]loss: 2.8067, tokens/sec: 20553.96 ± 94.59, tokens seen: 2965708800, grad norm: 71.5746
[iter 48280]loss: 3.2067, tokens/sec: 20553.95 ± 94.58, tokens seen: 2966323200, grad norm: 54.8096
[iter 48290]loss: 3.1522, tokens/sec: 20553.95 ± 94.57, tokens seen: 2966937600, grad norm: 77.1237
[iter 48300]loss: 2.7941, tokens/sec: 20553.95 ± 94.56, tokens seen: 2967552000, grad norm: 601.4872
[iter 48310]loss: 3.2201, tokens/sec: 20553.95 ± 94.55, tokens seen: 2968166400, grad norm: 65.7624
[iter 48320]loss: 2.7000, tokens/sec: 20553.96 ± 94.54, tokens seen: 2968780800, grad norm: 70.9781
[iter 48330]loss: 2.8054, tokens/sec: 20553.96 ± 94.53, tokens seen: 2969395200, grad norm: 73.4963
[iter 48340]loss: 3.0523, tokens/sec: 20553.96 ± 94.52, tokens seen: 2970009600, grad norm: 48.5418
[iter 48350]loss: 2.6639, tokens/sec: 20553.95 ± 94.51, tokens seen: 2970624000, grad norm: 61.6968
[iter 48360]loss: 3.0711, tokens/sec: 20553.96 ± 94.50, tokens seen: 2971238400, grad norm: 59.2918
[iter 48370]loss: 2.5643, tokens/sec: 20553.96 ± 94.49, tokens seen: 2971852800, grad norm: 53.0225
[iter 48380]loss: 2.6803, tokens/sec: 20553.96 ± 94.49, tokens seen: 2972467200, grad norm: 65.2036
[iter 48390]loss: 2.8803, tokens/sec: 20553.96 ± 94.48, tokens seen: 2973081600, grad norm: 56.7478
[iter 48400]loss: 2.7083, tokens/sec: 20553.96 ± 94.47, tokens seen: 2973696000, grad norm: 117.1852
[iter 48410]loss: 3.0075, tokens/sec: 20553.96 ± 94.46, tokens seen: 2974310400, grad norm: 55.8128
[iter 48420]loss: 3.0163, tokens/sec: 20553.96 ± 94.45, tokens seen: 2974924800, grad norm: 57.1873
[iter 48430]loss: 2.8743, tokens/sec: 20553.96 ± 94.44, tokens seen: 2975539200, grad norm: 74.5409
[iter 48440]loss: 3.2841, tokens/sec: 20553.96 ± 94.43, tokens seen: 2976153600, grad norm: 70.4455
[iter 48450]loss: 2.8530, tokens/sec: 20553.96 ± 94.42, tokens seen: 2976768000, grad norm: 71.2403
[iter 48460]loss: 2.8903, tokens/sec: 20553.96 ± 94.41, tokens seen: 2977382400, grad norm: 67.5418
[iter 48470]loss: 2.8937, tokens/sec: 20553.96 ± 94.40, tokens seen: 2977996800, grad norm: 83.8116
[iter 48480]loss: 3.0536, tokens/sec: 20553.97 ± 94.39, tokens seen: 2978611200, grad norm: 58.9202
[iter 48490]loss: 2.9736, tokens/sec: 20553.97 ± 94.38, tokens seen: 2979225600, grad norm: 66.7010
[step 48500]train loss: 2.9488, val loss: 2.9675, (avg train loss: 0.5879 ± 0.0317), (avg grad norm: 74.8312 ± 45.6889)
[iter 48500]loss: 2.8757, tokens/sec: 20553.97 ± 94.37, tokens seen: 2979840000, grad norm: 102.1963
[iter 48510]loss: 3.0563, tokens/sec: 20553.97 ± 94.37, tokens seen: 2980454400, grad norm: 64.3269
[iter 48520]loss: 2.9377, tokens/sec: 20553.97 ± 94.36, tokens seen: 2981068800, grad norm: 58.4176
[iter 48530]loss: 2.9028, tokens/sec: 20553.97 ± 94.35, tokens seen: 2981683200, grad norm: 73.1581
[iter 48540]loss: 2.8569, tokens/sec: 20553.97 ± 94.34, tokens seen: 2982297600, grad norm: 75.8830
[iter 48550]loss: 2.9543, tokens/sec: 20553.97 ± 94.33, tokens seen: 2982912000, grad norm: 87.7440
[iter 48560]loss: 2.7820, tokens/sec: 20553.97 ± 94.32, tokens seen: 2983526400, grad norm: 53.3645
[iter 48570]loss: 3.1082, tokens/sec: 20553.97 ± 94.31, tokens seen: 2984140800, grad norm: 56.9103
[iter 48580]loss: 3.1065, tokens/sec: 20553.97 ± 94.30, tokens seen: 2984755200, grad norm: 53.7533
[iter 48590]loss: 2.8784, tokens/sec: 20553.97 ± 94.29, tokens seen: 2985369600, grad norm: 60.8607
[iter 48600]loss: 3.3570, tokens/sec: 20553.97 ± 94.28, tokens seen: 2985984000, grad norm: 107.6541
[iter 48610]loss: 3.0142, tokens/sec: 20553.97 ± 94.28, tokens seen: 2986598400, grad norm: 51.8370
[iter 48620]loss: 2.9944, tokens/sec: 20553.97 ± 94.27, tokens seen: 2987212800, grad norm: 58.0137
[iter 48630]loss: 2.9826, tokens/sec: 20553.97 ± 94.26, tokens seen: 2987827200, grad norm: 67.5560
[iter 48640]loss: 2.9526, tokens/sec: 20553.97 ± 94.25, tokens seen: 2988441600, grad norm: 48.6952
[iter 48650]loss: 2.9898, tokens/sec: 20553.97 ± 94.24, tokens seen: 2989056000, grad norm: 54.9295
[iter 48660]loss: 3.1265, tokens/sec: 20553.96 ± 94.23, tokens seen: 2989670400, grad norm: 52.6048
[iter 48670]loss: 2.9262, tokens/sec: 20553.96 ± 94.22, tokens seen: 2990284800, grad norm: 56.5201
[iter 48680]loss: 2.8781, tokens/sec: 20553.96 ± 94.21, tokens seen: 2990899200, grad norm: 84.3926
[iter 48690]loss: 2.8667, tokens/sec: 20553.96 ± 94.21, tokens seen: 2991513600, grad norm: 47.5426
[iter 48700]loss: 3.1988, tokens/sec: 20553.96 ± 94.20, tokens seen: 2992128000, grad norm: 73.5071
[iter 48710]loss: 2.9175, tokens/sec: 20553.96 ± 94.19, tokens seen: 2992742400, grad norm: 56.3213
[iter 48720]loss: 2.8093, tokens/sec: 20553.96 ± 94.18, tokens seen: 2993356800, grad norm: 121.7635
[iter 48730]loss: 2.9559, tokens/sec: 20553.96 ± 94.17, tokens seen: 2993971200, grad norm: 66.1909
[iter 48740]loss: 3.0613, tokens/sec: 20553.96 ± 94.16, tokens seen: 2994585600, grad norm: 56.9023
[iter 48750]loss: 2.7283, tokens/sec: 20553.96 ± 94.15, tokens seen: 2995200000, grad norm: 70.9321
[iter 48760]loss: 2.9537, tokens/sec: 20553.96 ± 94.14, tokens seen: 2995814400, grad norm: 98.5165
[iter 48770]loss: 3.1195, tokens/sec: 20553.96 ± 94.13, tokens seen: 2996428800, grad norm: 64.7121
[iter 48780]loss: 3.1070, tokens/sec: 20553.97 ± 94.12, tokens seen: 2997043200, grad norm: 77.2327
[iter 48790]loss: 2.9854, tokens/sec: 20553.97 ± 94.11, tokens seen: 2997657600, grad norm: 59.6487
[iter 48800]loss: 2.8913, tokens/sec: 20553.97 ± 94.10, tokens seen: 2998272000, grad norm: 57.0079
[iter 48810]loss: 2.8956, tokens/sec: 20553.97 ± 94.10, tokens seen: 2998886400, grad norm: 73.8771
[iter 48820]loss: 2.8235, tokens/sec: 20553.97 ± 94.09, tokens seen: 2999500800, grad norm: 51.8978
[iter 48830]loss: 3.1022, tokens/sec: 20553.97 ± 94.08, tokens seen: 3000115200, grad norm: 99.1000
[iter 48840]loss: 2.7650, tokens/sec: 20553.97 ± 94.07, tokens seen: 3000729600, grad norm: 128.8304
[iter 48850]loss: 2.8612, tokens/sec: 20553.97 ± 94.06, tokens seen: 3001344000, grad norm: 55.1785
[iter 48860]loss: 2.9149, tokens/sec: 20553.98 ± 94.05, tokens seen: 3001958400, grad norm: 64.1764
[iter 48870]loss: 3.4249, tokens/sec: 20553.98 ± 94.04, tokens seen: 3002572800, grad norm: 72.4997
[iter 48880]loss: 3.1057, tokens/sec: 20553.97 ± 94.03, tokens seen: 3003187200, grad norm: 57.7465
[iter 48890]loss: 2.8714, tokens/sec: 20553.97 ± 94.02, tokens seen: 3003801600, grad norm: 61.5032
[iter 48900]loss: 2.8919, tokens/sec: 20553.97 ± 94.01, tokens seen: 3004416000, grad norm: 103.9395
[iter 48910]loss: 3.0419, tokens/sec: 20553.97 ± 94.00, tokens seen: 3005030400, grad norm: 83.4478
[iter 48920]loss: 3.0548, tokens/sec: 20553.97 ± 93.99, tokens seen: 3005644800, grad norm: 62.2472
[iter 48930]loss: 2.7686, tokens/sec: 20553.97 ± 93.99, tokens seen: 3006259200, grad norm: 61.6156
[iter 48940]loss: 3.0411, tokens/sec: 20553.97 ± 93.98, tokens seen: 3006873600, grad norm: 75.2697
[iter 48950]loss: 3.0481, tokens/sec: 20553.98 ± 93.97, tokens seen: 3007488000, grad norm: 59.7627
[iter 48960]loss: 2.9254, tokens/sec: 20553.98 ± 93.96, tokens seen: 3008102400, grad norm: 91.1348
[iter 48970]loss: 3.0849, tokens/sec: 20553.98 ± 93.95, tokens seen: 3008716800, grad norm: 53.9819
[iter 48980]loss: 3.0432, tokens/sec: 20553.98 ± 93.94, tokens seen: 3009331200, grad norm: 69.4220
[iter 48990]loss: 2.8886, tokens/sec: 20553.98 ± 93.93, tokens seen: 3009945600, grad norm: 73.3783
[step 49000]train loss: 2.9469, val loss: 2.9623, (avg train loss: 0.5887 ± 0.0315), (avg grad norm: 71.1864 ± 19.5096)
[iter 49000]loss: 2.9481, tokens/sec: 20553.98 ± 93.92, tokens seen: 3010560000, grad norm: 58.8419
[iter 49010]loss: 2.8825, tokens/sec: 20553.98 ± 93.91, tokens seen: 3011174400, grad norm: 98.1983
[iter 49020]loss: 2.9732, tokens/sec: 20553.98 ± 93.90, tokens seen: 3011788800, grad norm: 54.8914
[iter 49030]loss: 3.0235, tokens/sec: 20553.98 ± 93.90, tokens seen: 3012403200, grad norm: 522.5176
[iter 49040]loss: 3.0159, tokens/sec: 20553.98 ± 93.89, tokens seen: 3013017600, grad norm: 42.8470
[iter 49050]loss: 3.1486, tokens/sec: 20553.98 ± 93.88, tokens seen: 3013632000, grad norm: 61.9900
[iter 49060]loss: 2.9149, tokens/sec: 20553.98 ± 93.87, tokens seen: 3014246400, grad norm: 65.3638
[iter 49070]loss: 2.8641, tokens/sec: 20553.99 ± 93.86, tokens seen: 3014860800, grad norm: 67.3205
[iter 49080]loss: 3.1836, tokens/sec: 20553.99 ± 93.85, tokens seen: 3015475200, grad norm: 77.7570
[iter 49090]loss: 2.8577, tokens/sec: 20553.98 ± 93.84, tokens seen: 3016089600, grad norm: 56.1325
[iter 49100]loss: 3.0088, tokens/sec: 20553.98 ± 93.83, tokens seen: 3016704000, grad norm: 54.5761
[iter 49110]loss: 3.0951, tokens/sec: 20553.99 ± 93.82, tokens seen: 3017318400, grad norm: 65.1041
[iter 49120]loss: 3.1409, tokens/sec: 20553.99 ± 93.81, tokens seen: 3017932800, grad norm: 67.8892
[iter 49130]loss: 2.7927, tokens/sec: 20553.99 ± 93.81, tokens seen: 3018547200, grad norm: 48.1105
[iter 49140]loss: 2.9864, tokens/sec: 20553.99 ± 93.80, tokens seen: 3019161600, grad norm: 101.9616
[iter 49150]loss: 2.9467, tokens/sec: 20553.99 ± 93.79, tokens seen: 3019776000, grad norm: 97.3980
[iter 49160]loss: 2.8484, tokens/sec: 20554.00 ± 93.78, tokens seen: 3020390400, grad norm: 74.1383
[iter 49170]loss: 3.1334, tokens/sec: 20554.00 ± 93.77, tokens seen: 3021004800, grad norm: 70.3579
[iter 49180]loss: 2.7112, tokens/sec: 20554.00 ± 93.76, tokens seen: 3021619200, grad norm: 80.3723
[iter 49190]loss: 3.0453, tokens/sec: 20554.00 ± 93.75, tokens seen: 3022233600, grad norm: 70.9425
[iter 49200]loss: 2.9547, tokens/sec: 20554.00 ± 93.74, tokens seen: 3022848000, grad norm: 67.8463
[iter 49210]loss: 3.3631, tokens/sec: 20554.00 ± 93.73, tokens seen: 3023462400, grad norm: 94.7207
[iter 49220]loss: 3.0045, tokens/sec: 20554.00 ± 93.72, tokens seen: 3024076800, grad norm: 61.2017
[iter 49230]loss: 2.8419, tokens/sec: 20554.00 ± 93.71, tokens seen: 3024691200, grad norm: 60.2236
[iter 49240]loss: 2.9847, tokens/sec: 20554.00 ± 93.70, tokens seen: 3025305600, grad norm: 69.6793
[iter 49250]loss: 3.0193, tokens/sec: 20554.00 ± 93.70, tokens seen: 3025920000, grad norm: 64.8458
[iter 49260]loss: 2.9027, tokens/sec: 20554.00 ± 93.69, tokens seen: 3026534400, grad norm: 90.0323
[iter 49270]loss: 2.8814, tokens/sec: 20554.00 ± 93.68, tokens seen: 3027148800, grad norm: 85.6143
[iter 49280]loss: 2.9695, tokens/sec: 20554.00 ± 93.67, tokens seen: 3027763200, grad norm: 46.2669
[iter 49290]loss: 3.4473, tokens/sec: 20554.01 ± 93.66, tokens seen: 3028377600, grad norm: 50.5104
[iter 49300]loss: 3.0544, tokens/sec: 20554.01 ± 93.65, tokens seen: 3028992000, grad norm: 63.0883
[iter 49310]loss: 3.0889, tokens/sec: 20554.01 ± 93.64, tokens seen: 3029606400, grad norm: 63.5297
[iter 49320]loss: 2.8696, tokens/sec: 20554.01 ± 93.63, tokens seen: 3030220800, grad norm: 50.6065
[iter 49330]loss: 2.7822, tokens/sec: 20554.01 ± 93.62, tokens seen: 3030835200, grad norm: 45.5806
[iter 49340]loss: 3.1225, tokens/sec: 20554.01 ± 93.61, tokens seen: 3031449600, grad norm: 102.0374
[iter 49350]loss: 3.2091, tokens/sec: 20554.02 ± 93.60, tokens seen: 3032064000, grad norm: 53.8660
[iter 49360]loss: 3.0079, tokens/sec: 20554.02 ± 93.60, tokens seen: 3032678400, grad norm: 55.8374
[iter 49370]loss: 2.8755, tokens/sec: 20554.02 ± 93.59, tokens seen: 3033292800, grad norm: 55.6911
[iter 49380]loss: 2.5783, tokens/sec: 20554.02 ± 93.58, tokens seen: 3033907200, grad norm: 89.3466
[iter 49390]loss: 2.9784, tokens/sec: 20554.02 ± 93.57, tokens seen: 3034521600, grad norm: 51.2587
[iter 49400]loss: 3.1040, tokens/sec: 20554.02 ± 93.56, tokens seen: 3035136000, grad norm: 70.9960
[iter 49410]loss: 3.0522, tokens/sec: 20554.02 ± 93.55, tokens seen: 3035750400, grad norm: 72.5786
[iter 49420]loss: 2.7460, tokens/sec: 20554.02 ± 93.54, tokens seen: 3036364800, grad norm: 68.8038
[iter 49430]loss: 2.7873, tokens/sec: 20554.02 ± 93.53, tokens seen: 3036979200, grad norm: 53.6423
[iter 49440]loss: 3.1296, tokens/sec: 20554.02 ± 93.52, tokens seen: 3037593600, grad norm: 74.6765
[iter 49450]loss: 2.7386, tokens/sec: 20554.02 ± 93.52, tokens seen: 3038208000, grad norm: 47.6976
[iter 49460]loss: 2.8501, tokens/sec: 20554.02 ± 93.51, tokens seen: 3038822400, grad norm: 62.1953
[iter 49470]loss: 2.8423, tokens/sec: 20554.03 ± 93.50, tokens seen: 3039436800, grad norm: 47.3779
[iter 49480]loss: 2.8103, tokens/sec: 20554.03 ± 93.49, tokens seen: 3040051200, grad norm: 106.5635
[iter 49490]loss: 3.0167, tokens/sec: 20554.03 ± 93.48, tokens seen: 3040665600, grad norm: 76.0084
[step 49500]train loss: 2.9515, val loss: 2.9621, (avg train loss: 0.5901 ± 0.0318), (avg grad norm: 72.1988 ± 48.4309)
[iter 49500]loss: 2.8843, tokens/sec: 20554.03 ± 93.47, tokens seen: 3041280000, grad norm: 122.2922
[iter 49510]loss: 2.9813, tokens/sec: 20554.03 ± 93.46, tokens seen: 3041894400, grad norm: 59.8926
[iter 49520]loss: 2.8872, tokens/sec: 20554.03 ± 93.45, tokens seen: 3042508800, grad norm: 59.2080
[iter 49530]loss: 2.8918, tokens/sec: 20554.03 ± 93.44, tokens seen: 3043123200, grad norm: 49.5811
[iter 49540]loss: 2.5992, tokens/sec: 20554.03 ± 93.44, tokens seen: 3043737600, grad norm: 47.3140
[iter 49550]loss: 3.0659, tokens/sec: 20554.03 ± 93.43, tokens seen: 3044352000, grad norm: 53.2822
[iter 49560]loss: 2.8212, tokens/sec: 20554.04 ± 93.42, tokens seen: 3044966400, grad norm: 84.5341
[iter 49570]loss: 2.8336, tokens/sec: 20554.04 ± 93.41, tokens seen: 3045580800, grad norm: 71.7965
[iter 49580]loss: 3.0854, tokens/sec: 20554.04 ± 93.40, tokens seen: 3046195200, grad norm: 64.4382
[iter 49590]loss: 2.9785, tokens/sec: 20554.03 ± 93.39, tokens seen: 3046809600, grad norm: 71.3209
[iter 49600]loss: 3.1967, tokens/sec: 20554.04 ± 93.38, tokens seen: 3047424000, grad norm: 70.9729
[iter 49610]loss: 3.0568, tokens/sec: 20554.04 ± 93.37, tokens seen: 3048038400, grad norm: 69.8456
[iter 49620]loss: 2.7346, tokens/sec: 20554.04 ± 93.36, tokens seen: 3048652800, grad norm: 59.5944
[iter 49630]loss: 2.8779, tokens/sec: 20554.04 ± 93.36, tokens seen: 3049267200, grad norm: 68.1750
[iter 49640]loss: 3.1216, tokens/sec: 20554.05 ± 93.35, tokens seen: 3049881600, grad norm: 84.9654
[iter 49650]loss: 2.8325, tokens/sec: 20554.05 ± 93.34, tokens seen: 3050496000, grad norm: 52.9417
[iter 49660]loss: 2.9990, tokens/sec: 20554.05 ± 93.33, tokens seen: 3051110400, grad norm: 104.3471
[iter 49670]loss: 3.1086, tokens/sec: 20554.05 ± 93.32, tokens seen: 3051724800, grad norm: 55.3452
[iter 49680]loss: 2.8231, tokens/sec: 20554.04 ± 93.31, tokens seen: 3052339200, grad norm: 60.0623
[iter 49690]loss: 2.8565, tokens/sec: 20554.04 ± 93.31, tokens seen: 3052953600, grad norm: 66.1345
[iter 49700]loss: 3.2384, tokens/sec: 20554.04 ± 93.30, tokens seen: 3053568000, grad norm: 60.9586
[iter 49710]loss: 3.0268, tokens/sec: 20554.04 ± 93.29, tokens seen: 3054182400, grad norm: 76.5578
[iter 49720]loss: 3.0623, tokens/sec: 20554.04 ± 93.28, tokens seen: 3054796800, grad norm: 104.6104
[iter 49730]loss: 2.8357, tokens/sec: 20554.04 ± 93.27, tokens seen: 3055411200, grad norm: 52.1511
[iter 49740]loss: 3.2090, tokens/sec: 20554.04 ± 93.26, tokens seen: 3056025600, grad norm: 42.3466
[iter 49750]loss: 2.4579, tokens/sec: 20554.05 ± 93.25, tokens seen: 3056640000, grad norm: 69.6949
[iter 49760]loss: 2.9460, tokens/sec: 20554.05 ± 93.24, tokens seen: 3057254400, grad norm: 44.1825
[iter 49770]loss: 3.0304, tokens/sec: 20554.05 ± 93.24, tokens seen: 3057868800, grad norm: 57.8091
[iter 49780]loss: 2.9461, tokens/sec: 20554.05 ± 93.23, tokens seen: 3058483200, grad norm: 54.3790
[iter 49790]loss: 3.0204, tokens/sec: 20554.06 ± 93.22, tokens seen: 3059097600, grad norm: 67.6415
[iter 49800]loss: 3.0064, tokens/sec: 20554.05 ± 93.21, tokens seen: 3059712000, grad norm: 66.6609
[iter 49810]loss: 2.9601, tokens/sec: 20554.05 ± 93.20, tokens seen: 3060326400, grad norm: 64.7189
[iter 49820]loss: 3.1566, tokens/sec: 20554.06 ± 93.19, tokens seen: 3060940800, grad norm: 54.3492
[iter 49830]loss: 2.6308, tokens/sec: 20554.06 ± 93.18, tokens seen: 3061555200, grad norm: 64.1906
[iter 49840]loss: 2.9319, tokens/sec: 20554.06 ± 93.17, tokens seen: 3062169600, grad norm: 69.5089
[iter 49850]loss: 2.9005, tokens/sec: 20554.06 ± 93.17, tokens seen: 3062784000, grad norm: 59.3122
[iter 49860]loss: 2.7333, tokens/sec: 20554.07 ± 93.16, tokens seen: 3063398400, grad norm: 81.4397
[iter 49870]loss: 2.5586, tokens/sec: 20554.07 ± 93.15, tokens seen: 3064012800, grad norm: 51.5833
[iter 49880]loss: 2.4659, tokens/sec: 20554.07 ± 93.14, tokens seen: 3064627200, grad norm: 70.1229
[iter 49890]loss: 3.4526, tokens/sec: 20554.07 ± 93.13, tokens seen: 3065241600, grad norm: 89.7221
[iter 49900]loss: 3.0739, tokens/sec: 20554.07 ± 93.12, tokens seen: 3065856000, grad norm: 157.1225
[iter 49910]loss: 2.8895, tokens/sec: 20554.08 ± 93.11, tokens seen: 3066470400, grad norm: 52.0377
[iter 49920]loss: 2.7606, tokens/sec: 20554.08 ± 93.10, tokens seen: 3067084800, grad norm: 102.9634
[iter 49930]loss: 3.2292, tokens/sec: 20554.08 ± 93.10, tokens seen: 3067699200, grad norm: 43.7298
[iter 49940]loss: 3.2695, tokens/sec: 20554.08 ± 93.09, tokens seen: 3068313600, grad norm: 52.0826
[iter 49950]loss: 2.9385, tokens/sec: 20554.08 ± 93.08, tokens seen: 3068928000, grad norm: 46.0646
[iter 49960]loss: 3.1499, tokens/sec: 20554.08 ± 93.07, tokens seen: 3069542400, grad norm: 39.8249
[iter 49970]loss: 3.0455, tokens/sec: 20554.08 ± 93.06, tokens seen: 3070156800, grad norm: 65.7304
[iter 49980]loss: 3.1713, tokens/sec: 20554.09 ± 93.05, tokens seen: 3070771200, grad norm: 55.3285
[iter 49990]loss: 2.9191, tokens/sec: 20554.09 ± 93.04, tokens seen: 3071385600, grad norm: 62.7844
[step 50000]train loss: 2.9449, val loss: 2.9669, (avg train loss: 0.5837 ± 0.0344), (avg grad norm: 65.3317 ± 28.3924)
[iter 50000]loss: 2.9410, tokens/sec: 20554.09 ± 93.03, tokens seen: 3072000000, grad norm: 56.7002
[iter 50010]loss: 2.9362, tokens/sec: 20554.09 ± 93.03, tokens seen: 3072614400, grad norm: 60.3509
[iter 50020]loss: 3.0049, tokens/sec: 20554.08 ± 93.02, tokens seen: 3073228800, grad norm: 62.4932
[iter 50030]loss: 3.1675, tokens/sec: 20554.08 ± 93.01, tokens seen: 3073843200, grad norm: 159.1175
[iter 50040]loss: 2.9195, tokens/sec: 20554.09 ± 93.00, tokens seen: 3074457600, grad norm: 62.9897
[iter 50050]loss: 2.3883, tokens/sec: 20554.09 ± 92.99, tokens seen: 3075072000, grad norm: 57.5394
[iter 50060]loss: 2.9420, tokens/sec: 20554.09 ± 92.99, tokens seen: 3075686400, grad norm: 49.2857
[iter 50070]loss: 2.8998, tokens/sec: 20554.09 ± 92.98, tokens seen: 3076300800, grad norm: 65.8361
[iter 50080]loss: 2.8312, tokens/sec: 20554.09 ± 92.97, tokens seen: 3076915200, grad norm: 49.1631
[iter 50090]loss: 3.0535, tokens/sec: 20554.10 ± 92.96, tokens seen: 3077529600, grad norm: 90.0108
[iter 50100]loss: 3.0519, tokens/sec: 20554.10 ± 92.95, tokens seen: 3078144000, grad norm: 52.2335
[iter 50110]loss: 3.0840, tokens/sec: 20554.10 ± 92.94, tokens seen: 3078758400, grad norm: 52.1468
[iter 50120]loss: 2.8249, tokens/sec: 20554.10 ± 92.93, tokens seen: 3079372800, grad norm: 52.5194
[iter 50130]loss: 2.6592, tokens/sec: 20554.10 ± 92.93, tokens seen: 3079987200, grad norm: 72.0084
[iter 50140]loss: 2.8397, tokens/sec: 20554.10 ± 92.92, tokens seen: 3080601600, grad norm: 76.8383
[iter 50150]loss: 2.8829, tokens/sec: 20554.10 ± 92.91, tokens seen: 3081216000, grad norm: 55.4568
[iter 50160]loss: 2.9224, tokens/sec: 20554.11 ± 92.90, tokens seen: 3081830400, grad norm: 51.6632
[iter 50170]loss: 3.1372, tokens/sec: 20554.11 ± 92.89, tokens seen: 3082444800, grad norm: 60.9988
[iter 50180]loss: 2.7663, tokens/sec: 20554.11 ± 92.88, tokens seen: 3083059200, grad norm: 50.0941
[iter 50190]loss: 2.8675, tokens/sec: 20554.12 ± 92.87, tokens seen: 3083673600, grad norm: 56.1212
[iter 50200]loss: 2.9295, tokens/sec: 20554.12 ± 92.86, tokens seen: 3084288000, grad norm: 73.3088
[iter 50210]loss: 2.8837, tokens/sec: 20554.12 ± 92.86, tokens seen: 3084902400, grad norm: 52.6616
[iter 50220]loss: 2.9435, tokens/sec: 20554.12 ± 92.85, tokens seen: 3085516800, grad norm: 69.8573
[iter 50230]loss: 3.0571, tokens/sec: 20554.12 ± 92.84, tokens seen: 3086131200, grad norm: 49.9389
[iter 50240]loss: 2.8312, tokens/sec: 20554.12 ± 92.83, tokens seen: 3086745600, grad norm: 54.8301
[iter 50250]loss: 2.9127, tokens/sec: 20554.12 ± 92.82, tokens seen: 3087360000, grad norm: 37.8631
[iter 50260]loss: 2.6490, tokens/sec: 20554.13 ± 92.81, tokens seen: 3087974400, grad norm: 55.7353
[iter 50270]loss: 2.8309, tokens/sec: 20554.13 ± 92.80, tokens seen: 3088588800, grad norm: 55.2605
[iter 50280]loss: 3.0146, tokens/sec: 20554.13 ± 92.79, tokens seen: 3089203200, grad norm: 68.0849
[iter 50290]loss: 2.8869, tokens/sec: 20554.13 ± 92.79, tokens seen: 3089817600, grad norm: 56.7261
[iter 50300]loss: 3.1009, tokens/sec: 20554.13 ± 92.78, tokens seen: 3090432000, grad norm: 41.4258
[iter 50310]loss: 3.0957, tokens/sec: 20554.13 ± 92.77, tokens seen: 3091046400, grad norm: 81.0997
[iter 50320]loss: 2.9266, tokens/sec: 20554.14 ± 92.76, tokens seen: 3091660800, grad norm: 40.1905
[iter 50330]loss: 2.9059, tokens/sec: 20554.14 ± 92.75, tokens seen: 3092275200, grad norm: 60.7291
[iter 50340]loss: 3.1901, tokens/sec: 20554.14 ± 92.74, tokens seen: 3092889600, grad norm: 77.6645
[iter 50350]loss: 2.9863, tokens/sec: 20554.14 ± 92.73, tokens seen: 3093504000, grad norm: 42.5340
[iter 50360]loss: 3.0781, tokens/sec: 20554.15 ± 92.72, tokens seen: 3094118400, grad norm: 41.6546
[iter 50370]loss: 2.8191, tokens/sec: 20554.15 ± 92.72, tokens seen: 3094732800, grad norm: 44.8744
[iter 50380]loss: 3.1525, tokens/sec: 20554.15 ± 92.71, tokens seen: 3095347200, grad norm: 53.9916
[iter 50390]loss: 2.9187, tokens/sec: 20554.14 ± 92.70, tokens seen: 3095961600, grad norm: 44.4706
[iter 50400]loss: 2.9401, tokens/sec: 20554.14 ± 92.69, tokens seen: 3096576000, grad norm: 59.7856
[iter 50410]loss: 3.0026, tokens/sec: 20554.15 ± 92.68, tokens seen: 3097190400, grad norm: 68.0838
[iter 50420]loss: 2.9680, tokens/sec: 20554.16 ± 92.68, tokens seen: 3097804800, grad norm: 48.2781
[iter 50430]loss: 3.0346, tokens/sec: 20554.16 ± 92.67, tokens seen: 3098419200, grad norm: 31.6208
[iter 50440]loss: 2.9519, tokens/sec: 20554.16 ± 92.66, tokens seen: 3099033600, grad norm: 46.1050
[iter 50450]loss: 3.0232, tokens/sec: 20554.16 ± 92.65, tokens seen: 3099648000, grad norm: 53.9997
[iter 50460]loss: 3.2272, tokens/sec: 20554.16 ± 92.64, tokens seen: 3100262400, grad norm: 62.2061
[iter 50470]loss: 2.8878, tokens/sec: 20554.16 ± 92.63, tokens seen: 3100876800, grad norm: 34.8958
[iter 50480]loss: 3.0581, tokens/sec: 20554.16 ± 92.62, tokens seen: 3101491200, grad norm: 55.3066
[iter 50490]loss: 2.8920, tokens/sec: 20554.17 ± 92.62, tokens seen: 3102105600, grad norm: 26.4515
[step 50500]train loss: 2.9355, val loss: 2.9609, (avg train loss: 0.5908 ± 0.0332), (avg grad norm: 53.0039 ± 19.3829)
[iter 50500]loss: 2.8407, tokens/sec: 20554.17 ± 92.61, tokens seen: 3102720000, grad norm: 41.1253
[iter 50510]loss: 3.0522, tokens/sec: 20554.17 ± 92.60, tokens seen: 3103334400, grad norm: 34.6479
[iter 50520]loss: 2.7816, tokens/sec: 20554.17 ± 92.59, tokens seen: 3103948800, grad norm: 36.5470
[iter 50530]loss: 2.9944, tokens/sec: 20554.17 ± 92.58, tokens seen: 3104563200, grad norm: 22.3523
[iter 50540]loss: 2.9909, tokens/sec: 20554.17 ± 92.57, tokens seen: 3105177600, grad norm: 47.4692
[iter 50550]loss: 2.9587, tokens/sec: 20554.17 ± 92.57, tokens seen: 3105792000, grad norm: 44.7514
[iter 50560]loss: 2.9749, tokens/sec: 20554.17 ± 92.56, tokens seen: 3106406400, grad norm: 36.7253
[iter 50570]loss: 2.9659, tokens/sec: 20554.17 ± 92.55, tokens seen: 3107020800, grad norm: 59.0687
[iter 50580]loss: 3.0405, tokens/sec: 20554.17 ± 92.54, tokens seen: 3107635200, grad norm: 62.3963
[iter 50590]loss: 2.8106, tokens/sec: 20554.17 ± 92.53, tokens seen: 3108249600, grad norm: 39.4326
[iter 50600]loss: 2.8380, tokens/sec: 20554.17 ± 92.52, tokens seen: 3108864000, grad norm: 34.6873
[iter 50610]loss: 3.1080, tokens/sec: 20554.17 ± 92.51, tokens seen: 3109478400, grad norm: 60.4781
[iter 50620]loss: 3.0827, tokens/sec: 20554.17 ± 92.51, tokens seen: 3110092800, grad norm: 35.1447
[iter 50630]loss: 3.0603, tokens/sec: 20554.18 ± 92.50, tokens seen: 3110707200, grad norm: 40.8217
[iter 50640]loss: 2.8788, tokens/sec: 20554.18 ± 92.49, tokens seen: 3111321600, grad norm: 148.9563
[iter 50650]loss: 2.9854, tokens/sec: 20554.18 ± 92.48, tokens seen: 3111936000, grad norm: 42.4362
[iter 50660]loss: 2.9451, tokens/sec: 20554.18 ± 92.47, tokens seen: 3112550400, grad norm: 46.6441
[iter 50670]loss: 3.0410, tokens/sec: 20554.18 ± 92.46, tokens seen: 3113164800, grad norm: 67.6791
[iter 50680]loss: 3.0432, tokens/sec: 20554.18 ± 92.46, tokens seen: 3113779200, grad norm: 33.9199
[iter 50690]loss: 2.8031, tokens/sec: 20554.18 ± 92.45, tokens seen: 3114393600, grad norm: 29.4409
[iter 50700]loss: 2.5982, tokens/sec: 20554.18 ± 92.44, tokens seen: 3115008000, grad norm: 44.6701
[iter 50710]loss: 3.0745, tokens/sec: 20554.18 ± 92.43, tokens seen: 3115622400, grad norm: 39.1014
[iter 50720]loss: 3.0436, tokens/sec: 20554.18 ± 92.42, tokens seen: 3116236800, grad norm: 53.4131
[iter 50730]loss: 3.0224, tokens/sec: 20554.18 ± 92.41, tokens seen: 3116851200, grad norm: 103.2784
[iter 50740]loss: 2.8556, tokens/sec: 20554.18 ± 92.40, tokens seen: 3117465600, grad norm: 42.7860
[iter 50750]loss: 3.0940, tokens/sec: 20554.18 ± 92.40, tokens seen: 3118080000, grad norm: 38.0919
[iter 50760]loss: 2.8227, tokens/sec: 20554.18 ± 92.39, tokens seen: 3118694400, grad norm: 48.6128
[iter 50770]loss: 2.9752, tokens/sec: 20554.18 ± 92.38, tokens seen: 3119308800, grad norm: 33.7092
[iter 50780]loss: 3.1638, tokens/sec: 20554.17 ± 92.37, tokens seen: 3119923200, grad norm: 49.3577
[iter 50790]loss: 3.0031, tokens/sec: 20554.17 ± 92.36, tokens seen: 3120537600, grad norm: 46.1163
[iter 50800]loss: 2.5900, tokens/sec: 20554.17 ± 92.36, tokens seen: 3121152000, grad norm: 128.7000
[iter 50810]loss: 3.1710, tokens/sec: 20554.17 ± 92.35, tokens seen: 3121766400, grad norm: 96.5885
[iter 50820]loss: 2.9149, tokens/sec: 20554.17 ± 92.34, tokens seen: 3122380800, grad norm: 36.4244
[iter 50830]loss: 2.7634, tokens/sec: 20554.18 ± 92.33, tokens seen: 3122995200, grad norm: 53.6452
[iter 50840]loss: 2.9819, tokens/sec: 20554.18 ± 92.32, tokens seen: 3123609600, grad norm: 43.9720
[iter 50850]loss: 3.0025, tokens/sec: 20554.18 ± 92.32, tokens seen: 3124224000, grad norm: 38.0798
[iter 50860]loss: 2.8168, tokens/sec: 20554.18 ± 92.31, tokens seen: 3124838400, grad norm: 39.4368
[iter 50870]loss: 3.1992, tokens/sec: 20554.18 ± 92.30, tokens seen: 3125452800, grad norm: 48.8744
[iter 50880]loss: 3.1307, tokens/sec: 20554.17 ± 92.29, tokens seen: 3126067200, grad norm: 30.3915
[iter 50890]loss: 2.9591, tokens/sec: 20554.17 ± 92.28, tokens seen: 3126681600, grad norm: 59.1965
[iter 50900]loss: 3.0651, tokens/sec: 20554.17 ± 92.27, tokens seen: 3127296000, grad norm: 43.7389
[iter 50910]loss: 3.0233, tokens/sec: 20554.17 ± 92.27, tokens seen: 3127910400, grad norm: 28.0930
[iter 50920]loss: 3.1632, tokens/sec: 20554.18 ± 92.26, tokens seen: 3128524800, grad norm: 21.8399
[iter 50930]loss: 2.5735, tokens/sec: 20554.18 ± 92.25, tokens seen: 3129139200, grad norm: 31.6888
[iter 50940]loss: 3.1292, tokens/sec: 20554.17 ± 92.24, tokens seen: 3129753600, grad norm: 48.6376
[iter 50950]loss: 2.6373, tokens/sec: 20554.17 ± 92.23, tokens seen: 3130368000, grad norm: 25.8942
[iter 50960]loss: 2.9083, tokens/sec: 20554.17 ± 92.22, tokens seen: 3130982400, grad norm: 291.3667
[iter 50970]loss: 3.0093, tokens/sec: 20554.17 ± 92.22, tokens seen: 3131596800, grad norm: 24.9573
[iter 50980]loss: 2.8921, tokens/sec: 20554.17 ± 92.21, tokens seen: 3132211200, grad norm: 26.3062
[iter 50990]loss: 2.7509, tokens/sec: 20554.17 ± 92.20, tokens seen: 3132825600, grad norm: 31.0163
[step 51000]train loss: 2.9377, val loss: 2.9702, (avg train loss: 0.5912 ± 0.0310), (avg grad norm: 46.5348 ± 28.2996)
[iter 51000]loss: 3.0541, tokens/sec: 20554.17 ± 92.19, tokens seen: 3133440000, grad norm: 17.1240
[iter 51010]loss: 2.8034, tokens/sec: 20554.18 ± 92.18, tokens seen: 3134054400, grad norm: 32.8980
[iter 51020]loss: 3.0929, tokens/sec: 20554.18 ± 92.18, tokens seen: 3134668800, grad norm: 55.6129
[iter 51030]loss: 3.0709, tokens/sec: 20554.18 ± 92.17, tokens seen: 3135283200, grad norm: 27.6527
[iter 51040]loss: 2.6618, tokens/sec: 20554.18 ± 92.16, tokens seen: 3135897600, grad norm: 20.0756
[iter 51050]loss: 3.1388, tokens/sec: 20554.18 ± 92.15, tokens seen: 3136512000, grad norm: 45.2889
[iter 51060]loss: 2.7128, tokens/sec: 20554.18 ± 92.14, tokens seen: 3137126400, grad norm: 29.7356
[iter 51070]loss: 2.9160, tokens/sec: 20554.18 ± 92.13, tokens seen: 3137740800, grad norm: 33.2514
[iter 51080]loss: 3.0577, tokens/sec: 20554.18 ± 92.12, tokens seen: 3138355200, grad norm: 29.1280
[iter 51090]loss: 2.8440, tokens/sec: 20554.18 ± 92.12, tokens seen: 3138969600, grad norm: 21.1146
[iter 51100]loss: 2.7504, tokens/sec: 20554.18 ± 92.11, tokens seen: 3139584000, grad norm: 68.2044
[iter 51110]loss: 2.9069, tokens/sec: 20554.18 ± 92.10, tokens seen: 3140198400, grad norm: 24.5320
[iter 51120]loss: 3.0501, tokens/sec: 20554.18 ± 92.09, tokens seen: 3140812800, grad norm: 79.0821
[iter 51130]loss: 2.8554, tokens/sec: 20554.18 ± 92.08, tokens seen: 3141427200, grad norm: 33.3005
[iter 51140]loss: 3.1780, tokens/sec: 20554.18 ± 92.07, tokens seen: 3142041600, grad norm: 39.2919
[iter 51150]loss: 2.9049, tokens/sec: 20554.18 ± 92.06, tokens seen: 3142656000, grad norm: 81.0192
[iter 51160]loss: 2.7657, tokens/sec: 20554.19 ± 92.06, tokens seen: 3143270400, grad norm: 31.2469
[iter 51170]loss: 2.8622, tokens/sec: 20554.19 ± 92.05, tokens seen: 3143884800, grad norm: 41.1204
[iter 51180]loss: 2.6576, tokens/sec: 20554.18 ± 92.04, tokens seen: 3144499200, grad norm: 20.7231
[iter 51190]loss: 3.0243, tokens/sec: 20554.18 ± 92.03, tokens seen: 3145113600, grad norm: 30.0933
[iter 51200]loss: 3.1966, tokens/sec: 20554.18 ± 92.02, tokens seen: 3145728000, grad norm: 23.8434
[iter 51210]loss: 2.9231, tokens/sec: 20554.18 ± 92.01, tokens seen: 3146342400, grad norm: 33.4198
[iter 51220]loss: 3.2166, tokens/sec: 20554.18 ± 92.01, tokens seen: 3146956800, grad norm: 25.4470
[iter 51230]loss: 2.8525, tokens/sec: 20554.18 ± 92.00, tokens seen: 3147571200, grad norm: 53.4209
[iter 51240]loss: 3.2545, tokens/sec: 20554.18 ± 91.99, tokens seen: 3148185600, grad norm: 36.1545
[iter 51250]loss: 2.7795, tokens/sec: 20554.18 ± 91.98, tokens seen: 3148800000, grad norm: 59.3440
[iter 51260]loss: 2.8063, tokens/sec: 20554.18 ± 91.97, tokens seen: 3149414400, grad norm: 22.8359
[iter 51270]loss: 2.8272, tokens/sec: 20554.18 ± 91.97, tokens seen: 3150028800, grad norm: 44.6456
[iter 51280]loss: 3.0911, tokens/sec: 20554.18 ± 91.96, tokens seen: 3150643200, grad norm: 28.5798
[iter 51290]loss: 2.8014, tokens/sec: 20554.18 ± 91.95, tokens seen: 3151257600, grad norm: 22.7891
[iter 51300]loss: 2.8534, tokens/sec: 20554.18 ± 91.94, tokens seen: 3151872000, grad norm: 22.0445
[iter 51310]loss: 2.9983, tokens/sec: 20554.18 ± 91.93, tokens seen: 3152486400, grad norm: 42.1723
[iter 51320]loss: 3.0214, tokens/sec: 20554.17 ± 91.92, tokens seen: 3153100800, grad norm: 41.6726
[iter 51330]loss: 3.1372, tokens/sec: 20554.17 ± 91.91, tokens seen: 3153715200, grad norm: 24.3452
[iter 51340]loss: 2.8906, tokens/sec: 20554.18 ± 91.91, tokens seen: 3154329600, grad norm: 39.9105
[iter 51350]loss: 2.9908, tokens/sec: 20554.17 ± 91.90, tokens seen: 3154944000, grad norm: 18.4709
[iter 51360]loss: 2.6577, tokens/sec: 20554.17 ± 91.89, tokens seen: 3155558400, grad norm: 18.4523
[iter 51370]loss: 2.7909, tokens/sec: 20554.17 ± 91.88, tokens seen: 3156172800, grad norm: 18.9059
[iter 51380]loss: 3.1320, tokens/sec: 20554.17 ± 91.87, tokens seen: 3156787200, grad norm: 33.0110
[iter 51390]loss: 2.8592, tokens/sec: 20554.17 ± 91.86, tokens seen: 3157401600, grad norm: 39.8752
[iter 51400]loss: 2.9083, tokens/sec: 20554.17 ± 91.86, tokens seen: 3158016000, grad norm: 32.1149
[iter 51410]loss: 2.8273, tokens/sec: 20554.17 ± 91.85, tokens seen: 3158630400, grad norm: 34.0876
[iter 51420]loss: 3.1066, tokens/sec: 20554.17 ± 91.84, tokens seen: 3159244800, grad norm: 49.5308
[iter 51430]loss: 3.0722, tokens/sec: 20554.17 ± 91.83, tokens seen: 3159859200, grad norm: 22.3363
[iter 51440]loss: 3.0664, tokens/sec: 20554.17 ± 91.82, tokens seen: 3160473600, grad norm: 32.5600
[iter 51450]loss: 2.5462, tokens/sec: 20554.17 ± 91.81, tokens seen: 3161088000, grad norm: 29.3924
[iter 51460]loss: 3.1358, tokens/sec: 20554.17 ± 91.81, tokens seen: 3161702400, grad norm: 15.2958
[iter 51470]loss: 2.9561, tokens/sec: 20554.17 ± 91.80, tokens seen: 3162316800, grad norm: 23.6467
[iter 51480]loss: 2.9561, tokens/sec: 20554.17 ± 91.79, tokens seen: 3162931200, grad norm: 25.3013
[iter 51490]loss: 3.0194, tokens/sec: 20554.17 ± 91.78, tokens seen: 3163545600, grad norm: 43.0753
[step 51500]train loss: 2.9215, val loss: 2.9701, (avg train loss: 0.5875 ± 0.0317), (avg grad norm: 30.7353 ± 12.3482)
[iter 51500]loss: 2.8229, tokens/sec: 20554.17 ± 91.77, tokens seen: 3164160000, grad norm: 17.6269
[iter 51510]loss: 2.6920, tokens/sec: 20554.18 ± 91.76, tokens seen: 3164774400, grad norm: 45.0414
[iter 51520]loss: 2.9871, tokens/sec: 20554.17 ± 91.76, tokens seen: 3165388800, grad norm: 68.1205
[iter 51530]loss: 2.7848, tokens/sec: 20554.17 ± 91.75, tokens seen: 3166003200, grad norm: 42.1476
[iter 51540]loss: 2.7511, tokens/sec: 20554.17 ± 91.74, tokens seen: 3166617600, grad norm: 15.9048
[iter 51550]loss: 2.8344, tokens/sec: 20554.16 ± 91.73, tokens seen: 3167232000, grad norm: 34.1513
[iter 51560]loss: 2.9418, tokens/sec: 20554.16 ± 91.72, tokens seen: 3167846400, grad norm: 23.9921
[iter 51570]loss: 2.9541, tokens/sec: 20554.16 ± 91.72, tokens seen: 3168460800, grad norm: 18.0167
[iter 51580]loss: 2.8881, tokens/sec: 20554.16 ± 91.71, tokens seen: 3169075200, grad norm: 33.5837
[iter 51590]loss: 2.7952, tokens/sec: 20554.16 ± 91.70, tokens seen: 3169689600, grad norm: 22.4917
[iter 51600]loss: 2.5030, tokens/sec: 20554.16 ± 91.69, tokens seen: 3170304000, grad norm: 54.6290
[iter 51610]loss: 2.8598, tokens/sec: 20554.16 ± 91.68, tokens seen: 3170918400, grad norm: 13.6486
[iter 51620]loss: 2.6959, tokens/sec: 20554.16 ± 91.67, tokens seen: 3171532800, grad norm: 12.9150
[iter 51630]loss: 3.0457, tokens/sec: 20554.16 ± 91.66, tokens seen: 3172147200, grad norm: 31.2992
[iter 51640]loss: 2.8018, tokens/sec: 20554.16 ± 91.66, tokens seen: 3172761600, grad norm: 33.1340
[iter 51650]loss: 3.0571, tokens/sec: 20554.16 ± 91.65, tokens seen: 3173376000, grad norm: 39.9217
[iter 51660]loss: 2.6938, tokens/sec: 20554.16 ± 91.64, tokens seen: 3173990400, grad norm: 47.5146
[iter 51670]loss: 3.0018, tokens/sec: 20554.16 ± 91.63, tokens seen: 3174604800, grad norm: 40.2661
[iter 51680]loss: 2.7089, tokens/sec: 20554.16 ± 91.62, tokens seen: 3175219200, grad norm: 27.9137
[iter 51690]loss: 2.9675, tokens/sec: 20554.16 ± 91.61, tokens seen: 3175833600, grad norm: 18.8165
[iter 51700]loss: 3.0963, tokens/sec: 20554.16 ± 91.61, tokens seen: 3176448000, grad norm: 17.4117
[iter 51710]loss: 3.0144, tokens/sec: 20554.16 ± 91.60, tokens seen: 3177062400, grad norm: 28.7673
[iter 51720]loss: 2.9404, tokens/sec: 20554.17 ± 91.59, tokens seen: 3177676800, grad norm: 73.2487
[iter 51730]loss: 2.8445, tokens/sec: 20554.16 ± 91.58, tokens seen: 3178291200, grad norm: 28.1052
[iter 51740]loss: 3.0576, tokens/sec: 20554.17 ± 91.57, tokens seen: 3178905600, grad norm: 17.9989
[iter 51750]loss: 3.1077, tokens/sec: 20554.17 ± 91.57, tokens seen: 3179520000, grad norm: 25.6565
[iter 51760]loss: 3.1529, tokens/sec: 20554.17 ± 91.56, tokens seen: 3180134400, grad norm: 21.1724
[iter 51770]loss: 2.8147, tokens/sec: 20554.17 ± 91.55, tokens seen: 3180748800, grad norm: 17.0631
[iter 51780]loss: 2.7981, tokens/sec: 20554.17 ± 91.54, tokens seen: 3181363200, grad norm: 18.4322
[iter 51790]loss: 2.8881, tokens/sec: 20554.17 ± 91.53, tokens seen: 3181977600, grad norm: 11.8973
[iter 51800]loss: 2.6614, tokens/sec: 20554.17 ± 91.52, tokens seen: 3182592000, grad norm: 19.2430
[iter 51810]loss: 3.0311, tokens/sec: 20554.17 ± 91.51, tokens seen: 3183206400, grad norm: 26.4378
[iter 51820]loss: 2.6868, tokens/sec: 20554.17 ± 91.51, tokens seen: 3183820800, grad norm: 35.9048
[iter 51830]loss: 2.8353, tokens/sec: 20554.17 ± 91.50, tokens seen: 3184435200, grad norm: 25.5300
[iter 51840]loss: 2.9813, tokens/sec: 20554.18 ± 91.49, tokens seen: 3185049600, grad norm: 15.7714
[iter 51850]loss: 2.6885, tokens/sec: 20554.17 ± 91.48, tokens seen: 3185664000, grad norm: 21.9830
[iter 51860]loss: 2.7808, tokens/sec: 20554.18 ± 91.47, tokens seen: 3186278400, grad norm: 22.8886
[iter 51870]loss: 2.9506, tokens/sec: 20554.18 ± 91.46, tokens seen: 3186892800, grad norm: 11.8425
[iter 51880]loss: 2.9465, tokens/sec: 20554.18 ± 91.46, tokens seen: 3187507200, grad norm: 11.0376
[iter 51890]loss: 3.1169, tokens/sec: 20554.18 ± 91.45, tokens seen: 3188121600, grad norm: 19.9439
[iter 51900]loss: 2.9198, tokens/sec: 20554.18 ± 91.44, tokens seen: 3188736000, grad norm: 28.5468
[iter 51910]loss: 2.9681, tokens/sec: 20554.18 ± 91.43, tokens seen: 3189350400, grad norm: 13.8740
[iter 51920]loss: 2.9812, tokens/sec: 20554.18 ± 91.42, tokens seen: 3189964800, grad norm: 21.4473
[iter 51930]loss: 3.1281, tokens/sec: 20554.18 ± 91.41, tokens seen: 3190579200, grad norm: 18.2374
[iter 51940]loss: 2.6359, tokens/sec: 20554.18 ± 91.41, tokens seen: 3191193600, grad norm: 12.4237
[iter 51950]loss: 2.9892, tokens/sec: 20554.18 ± 91.40, tokens seen: 3191808000, grad norm: 40.2754
[iter 51960]loss: 2.8318, tokens/sec: 20554.18 ± 91.39, tokens seen: 3192422400, grad norm: 41.1142
[iter 51970]loss: 3.1861, tokens/sec: 20554.19 ± 91.38, tokens seen: 3193036800, grad norm: 14.0421
[iter 51980]loss: 3.0263, tokens/sec: 20554.19 ± 91.37, tokens seen: 3193651200, grad norm: 16.8923
[iter 51990]loss: 2.9198, tokens/sec: 20554.19 ± 91.37, tokens seen: 3194265600, grad norm: 28.7049
[step 52000]train loss: 2.9409, val loss: 2.9732, (avg train loss: 0.5904 ± 0.0341), (avg grad norm: 25.8413 ± 13.8340)
[iter 52000]loss: 2.7415, tokens/sec: 20554.19 ± 91.36, tokens seen: 3194880000, grad norm: 21.4219
[iter 52010]loss: 2.9984, tokens/sec: 20554.19 ± 91.35, tokens seen: 3195494400, grad norm: 22.3809
[iter 52020]loss: 2.8974, tokens/sec: 20554.19 ± 91.34, tokens seen: 3196108800, grad norm: 14.2453
[iter 52030]loss: 2.9512, tokens/sec: 20554.19 ± 91.34, tokens seen: 3196723200, grad norm: 21.3195
[iter 52040]loss: 3.0583, tokens/sec: 20554.19 ± 91.33, tokens seen: 3197337600, grad norm: 13.7289
[iter 52050]loss: 2.9584, tokens/sec: 20554.19 ± 91.32, tokens seen: 3197952000, grad norm: 19.8659
[iter 52060]loss: 2.8904, tokens/sec: 20554.19 ± 91.31, tokens seen: 3198566400, grad norm: 26.9086
[iter 52070]loss: 2.7500, tokens/sec: 20554.19 ± 91.30, tokens seen: 3199180800, grad norm: 20.2496
[iter 52080]loss: 2.8610, tokens/sec: 20554.19 ± 91.29, tokens seen: 3199795200, grad norm: 47.3171
[iter 52090]loss: 2.9455, tokens/sec: 20554.19 ± 91.29, tokens seen: 3200409600, grad norm: 49.4470
[iter 52100]loss: 2.8668, tokens/sec: 20554.19 ± 91.28, tokens seen: 3201024000, grad norm: 16.6637
[iter 52110]loss: 2.8743, tokens/sec: 20554.19 ± 91.27, tokens seen: 3201638400, grad norm: 34.8622
[iter 52120]loss: 2.9684, tokens/sec: 20554.19 ± 91.26, tokens seen: 3202252800, grad norm: 19.6698
[iter 52130]loss: 3.0377, tokens/sec: 20554.19 ± 91.25, tokens seen: 3202867200, grad norm: 31.2592
[iter 52140]loss: 2.8724, tokens/sec: 20554.19 ± 91.25, tokens seen: 3203481600, grad norm: 26.1280
[iter 52150]loss: 3.2737, tokens/sec: 20554.19 ± 91.24, tokens seen: 3204096000, grad norm: 15.4337
[iter 52160]loss: 2.9788, tokens/sec: 20554.19 ± 91.23, tokens seen: 3204710400, grad norm: 30.3743
[iter 52170]loss: 2.8127, tokens/sec: 20554.20 ± 91.22, tokens seen: 3205324800, grad norm: 20.5525
[iter 52180]loss: 2.8618, tokens/sec: 20554.20 ± 91.21, tokens seen: 3205939200, grad norm: 32.0865
[iter 52190]loss: 2.9685, tokens/sec: 20554.20 ± 91.21, tokens seen: 3206553600, grad norm: 16.5730
[iter 52200]loss: 3.1863, tokens/sec: 20554.20 ± 91.20, tokens seen: 3207168000, grad norm: 48.7903
[iter 52210]loss: 3.1944, tokens/sec: 20554.20 ± 91.19, tokens seen: 3207782400, grad norm: 25.4166
[iter 52220]loss: 2.7372, tokens/sec: 20554.20 ± 91.18, tokens seen: 3208396800, grad norm: 19.5425
[iter 52230]loss: 2.8644, tokens/sec: 20554.20 ± 91.17, tokens seen: 3209011200, grad norm: 37.6724
[iter 52240]loss: 2.6116, tokens/sec: 20554.20 ± 91.16, tokens seen: 3209625600, grad norm: 38.6734
[iter 52250]loss: 3.1940, tokens/sec: 20554.20 ± 91.16, tokens seen: 3210240000, grad norm: 17.5066
[iter 52260]loss: 2.8399, tokens/sec: 20554.20 ± 91.15, tokens seen: 3210854400, grad norm: 16.4339
[iter 52270]loss: 2.8630, tokens/sec: 20554.20 ± 91.14, tokens seen: 3211468800, grad norm: 27.1922
[iter 52280]loss: 2.9908, tokens/sec: 20554.20 ± 91.13, tokens seen: 3212083200, grad norm: 22.6861
[iter 52290]loss: 2.9655, tokens/sec: 20554.20 ± 91.12, tokens seen: 3212697600, grad norm: 27.5263
[iter 52300]loss: 2.8836, tokens/sec: 20554.20 ± 91.12, tokens seen: 3213312000, grad norm: 20.5049
[iter 52310]loss: 2.6837, tokens/sec: 20554.20 ± 91.11, tokens seen: 3213926400, grad norm: 64.0611
[iter 52320]loss: 2.8927, tokens/sec: 20554.20 ± 91.10, tokens seen: 3214540800, grad norm: 19.1325
[iter 52330]loss: 2.8871, tokens/sec: 20554.20 ± 91.09, tokens seen: 3215155200, grad norm: 71.2733
[iter 52340]loss: 2.7044, tokens/sec: 20554.21 ± 91.08, tokens seen: 3215769600, grad norm: 16.0102
[iter 52350]loss: 2.6454, tokens/sec: 20554.21 ± 91.07, tokens seen: 3216384000, grad norm: 15.7798
[iter 52360]loss: 2.9484, tokens/sec: 20554.21 ± 91.07, tokens seen: 3216998400, grad norm: 43.2954
[iter 52370]loss: 3.1076, tokens/sec: 20554.21 ± 91.06, tokens seen: 3217612800, grad norm: 20.8292
[iter 52380]loss: 3.1038, tokens/sec: 20554.21 ± 91.05, tokens seen: 3218227200, grad norm: 50.1186
[iter 52390]loss: 2.7670, tokens/sec: 20554.21 ± 91.04, tokens seen: 3218841600, grad norm: 29.8661
[iter 52400]loss: 2.5536, tokens/sec: 20554.21 ± 91.03, tokens seen: 3219456000, grad norm: 16.5597
[iter 52410]loss: 3.2433, tokens/sec: 20554.21 ± 91.03, tokens seen: 3220070400, grad norm: 20.5903
[iter 52420]loss: 3.0058, tokens/sec: 20554.21 ± 91.02, tokens seen: 3220684800, grad norm: 61.6226
[iter 52430]loss: 3.0075, tokens/sec: 20554.21 ± 91.01, tokens seen: 3221299200, grad norm: 22.0688
[iter 52440]loss: 3.1799, tokens/sec: 20554.21 ± 91.00, tokens seen: 3221913600, grad norm: 19.2108
[iter 52450]loss: 2.8974, tokens/sec: 20554.21 ± 90.99, tokens seen: 3222528000, grad norm: 18.2371
[iter 52460]loss: 2.9136, tokens/sec: 20554.21 ± 90.98, tokens seen: 3223142400, grad norm: 17.7824
[iter 52470]loss: 2.9096, tokens/sec: 20554.21 ± 90.98, tokens seen: 3223756800, grad norm: 60.4171
[iter 52480]loss: 2.7595, tokens/sec: 20554.21 ± 90.97, tokens seen: 3224371200, grad norm: 63.5371
[iter 52490]loss: 3.0537, tokens/sec: 20554.21 ± 90.96, tokens seen: 3224985600, grad norm: 12.5130
[step 52500]train loss: 2.9465, val loss: 2.9642, (avg train loss: 0.5881 ± 0.0322), (avg grad norm: 28.9848 ± 15.5090)
[iter 52500]loss: 2.7542, tokens/sec: 20554.21 ± 90.95, tokens seen: 3225600000, grad norm: 30.1834
[iter 52510]loss: 2.8445, tokens/sec: 20554.22 ± 90.94, tokens seen: 3226214400, grad norm: 22.4724
[iter 52520]loss: 3.1184, tokens/sec: 20554.21 ± 90.94, tokens seen: 3226828800, grad norm: 39.6978
[iter 52530]loss: 2.6920, tokens/sec: 20554.21 ± 90.93, tokens seen: 3227443200, grad norm: 30.4615
[iter 52540]loss: 2.9762, tokens/sec: 20554.21 ± 90.92, tokens seen: 3228057600, grad norm: 14.1437
[iter 52550]loss: 2.8414, tokens/sec: 20554.22 ± 90.91, tokens seen: 3228672000, grad norm: 17.5959
[iter 52560]loss: 2.8399, tokens/sec: 20554.22 ± 90.90, tokens seen: 3229286400, grad norm: 34.5374
[iter 52570]loss: 2.8221, tokens/sec: 20554.22 ± 90.90, tokens seen: 3229900800, grad norm: 14.8973
[iter 52580]loss: 2.7806, tokens/sec: 20554.22 ± 90.89, tokens seen: 3230515200, grad norm: 22.9358
[iter 52590]loss: 3.0491, tokens/sec: 20554.22 ± 90.88, tokens seen: 3231129600, grad norm: 40.8939
[iter 52600]loss: 2.7721, tokens/sec: 20554.22 ± 90.87, tokens seen: 3231744000, grad norm: 19.3069
[iter 52610]loss: 2.8065, tokens/sec: 20554.22 ± 90.86, tokens seen: 3232358400, grad norm: 44.6097
[iter 52620]loss: 2.9690, tokens/sec: 20554.22 ± 90.86, tokens seen: 3232972800, grad norm: 20.5233
[iter 52630]loss: 2.5438, tokens/sec: 20554.22 ± 90.85, tokens seen: 3233587200, grad norm: 27.8853
[iter 52640]loss: 2.8768, tokens/sec: 20554.22 ± 90.84, tokens seen: 3234201600, grad norm: 23.9942
[iter 52650]loss: 3.1610, tokens/sec: 20554.22 ± 90.83, tokens seen: 3234816000, grad norm: 23.8542
[iter 52660]loss: 2.9217, tokens/sec: 20554.22 ± 90.82, tokens seen: 3235430400, grad norm: 37.8246
[iter 52670]loss: 3.0035, tokens/sec: 20554.22 ± 90.82, tokens seen: 3236044800, grad norm: 29.2138
[iter 52680]loss: 2.9916, tokens/sec: 20554.22 ± 90.81, tokens seen: 3236659200, grad norm: 33.2918
[iter 52690]loss: 2.8426, tokens/sec: 20554.22 ± 90.80, tokens seen: 3237273600, grad norm: 20.5822
[iter 52700]loss: 3.0909, tokens/sec: 20554.23 ± 90.79, tokens seen: 3237888000, grad norm: 22.8020
[iter 52710]loss: 2.8678, tokens/sec: 20554.23 ± 90.78, tokens seen: 3238502400, grad norm: 35.6220
[iter 52720]loss: 2.8032, tokens/sec: 20554.23 ± 90.78, tokens seen: 3239116800, grad norm: 26.8689
[iter 52730]loss: 2.8799, tokens/sec: 20554.23 ± 90.77, tokens seen: 3239731200, grad norm: 62.4646
[iter 52740]loss: 3.0094, tokens/sec: 20554.23 ± 90.76, tokens seen: 3240345600, grad norm: 23.4308
[iter 52750]loss: 3.0459, tokens/sec: 20554.23 ± 90.75, tokens seen: 3240960000, grad norm: 24.5132
[iter 52760]loss: 3.0181, tokens/sec: 20554.23 ± 90.74, tokens seen: 3241574400, grad norm: 37.5964
[iter 52770]loss: 2.5473, tokens/sec: 20554.23 ± 90.74, tokens seen: 3242188800, grad norm: 21.0919
[iter 52780]loss: 2.9607, tokens/sec: 20554.23 ± 90.73, tokens seen: 3242803200, grad norm: 24.6845
[iter 52790]loss: 2.5006, tokens/sec: 20554.23 ± 90.72, tokens seen: 3243417600, grad norm: 57.7928
[iter 52800]loss: 2.9987, tokens/sec: 20554.23 ± 90.71, tokens seen: 3244032000, grad norm: 44.8365
[iter 52810]loss: 2.9241, tokens/sec: 20554.23 ± 90.70, tokens seen: 3244646400, grad norm: 31.3221
[iter 52820]loss: 2.7029, tokens/sec: 20554.23 ± 90.70, tokens seen: 3245260800, grad norm: 19.6588
[iter 52830]loss: 3.1738, tokens/sec: 20554.23 ± 90.69, tokens seen: 3245875200, grad norm: 68.0561
[iter 52840]loss: 2.9394, tokens/sec: 20554.23 ± 90.68, tokens seen: 3246489600, grad norm: 18.3223
[iter 52850]loss: 3.2911, tokens/sec: 20554.23 ± 90.67, tokens seen: 3247104000, grad norm: 33.0577
[iter 52860]loss: 3.0275, tokens/sec: 20554.24 ± 90.66, tokens seen: 3247718400, grad norm: 20.0753
[iter 52870]loss: 3.0854, tokens/sec: 20554.24 ± 90.66, tokens seen: 3248332800, grad norm: 14.8013
[iter 52880]loss: 3.1603, tokens/sec: 20554.24 ± 90.65, tokens seen: 3248947200, grad norm: 18.4359
[iter 52890]loss: 2.6760, tokens/sec: 20554.24 ± 90.64, tokens seen: 3249561600, grad norm: 37.6588
[iter 52900]loss: 2.9215, tokens/sec: 20554.24 ± 90.63, tokens seen: 3250176000, grad norm: 29.9949
[iter 52910]loss: 2.7729, tokens/sec: 20554.25 ± 90.62, tokens seen: 3250790400, grad norm: 30.6981
[iter 52920]loss: 2.9651, tokens/sec: 20554.25 ± 90.62, tokens seen: 3251404800, grad norm: 22.7625
[iter 52930]loss: 3.1570, tokens/sec: 20554.25 ± 90.61, tokens seen: 3252019200, grad norm: 20.6584
[iter 52940]loss: 2.8236, tokens/sec: 20554.25 ± 90.60, tokens seen: 3252633600, grad norm: 38.9871
[iter 52950]loss: 2.9818, tokens/sec: 20554.25 ± 90.59, tokens seen: 3253248000, grad norm: 13.1841
[iter 52960]loss: 2.9714, tokens/sec: 20554.25 ± 90.58, tokens seen: 3253862400, grad norm: 23.3059
[iter 52970]loss: 2.8477, tokens/sec: 20554.25 ± 90.58, tokens seen: 3254476800, grad norm: 25.9976
[iter 52980]loss: 2.8449, tokens/sec: 20554.25 ± 90.57, tokens seen: 3255091200, grad norm: 27.8229
[iter 52990]loss: 3.0921, tokens/sec: 20554.25 ± 90.56, tokens seen: 3255705600, grad norm: 31.4145
[step 53000]train loss: 2.9344, val loss: 2.9542, (avg train loss: 0.5886 ± 0.0356), (avg grad norm: 33.6424 ± 18.4807)
saving checkpoint to ./out-owt-xl-mhc-bs6-80000step
[iter 53000]loss: 2.8248, tokens/sec: 20554.25 ± 90.55, tokens seen: 3256320000, grad norm: 13.5428
[iter 53010]loss: 3.0371, tokens/sec: 20554.26 ± 90.55, tokens seen: 3256934400, grad norm: 17.2636
[iter 53020]loss: 3.0083, tokens/sec: 20554.25 ± 90.54, tokens seen: 3257548800, grad norm: 20.2167
[iter 53030]loss: 3.0086, tokens/sec: 20554.25 ± 90.53, tokens seen: 3258163200, grad norm: 29.7845
[iter 53040]loss: 2.8251, tokens/sec: 20554.25 ± 90.52, tokens seen: 3258777600, grad norm: 31.4308
[iter 53050]loss: 2.8168, tokens/sec: 20554.25 ± 90.51, tokens seen: 3259392000, grad norm: 28.9104
[iter 53060]loss: 2.9195, tokens/sec: 20554.25 ± 90.51, tokens seen: 3260006400, grad norm: 45.4588
[iter 53070]loss: 3.0646, tokens/sec: 20554.25 ± 90.50, tokens seen: 3260620800, grad norm: 32.2656
[iter 53080]loss: 3.0293, tokens/sec: 20554.25 ± 90.49, tokens seen: 3261235200, grad norm: 14.6483
[iter 53090]loss: 2.9341, tokens/sec: 20554.25 ± 90.48, tokens seen: 3261849600, grad norm: 20.4469
[iter 53100]loss: 3.0502, tokens/sec: 20554.25 ± 90.47, tokens seen: 3262464000, grad norm: 18.9557
[iter 53110]loss: 2.7999, tokens/sec: 20554.25 ± 90.47, tokens seen: 3263078400, grad norm: 21.6007
[iter 53120]loss: 3.0332, tokens/sec: 20554.25 ± 90.46, tokens seen: 3263692800, grad norm: 11.9431
[iter 53130]loss: 2.9570, tokens/sec: 20554.26 ± 90.45, tokens seen: 3264307200, grad norm: 59.0726
[iter 53140]loss: 2.9168, tokens/sec: 20554.26 ± 90.44, tokens seen: 3264921600, grad norm: 20.9455
[iter 53150]loss: 2.8249, tokens/sec: 20554.26 ± 90.43, tokens seen: 3265536000, grad norm: 24.6485
[iter 53160]loss: 3.0444, tokens/sec: 20554.26 ± 90.43, tokens seen: 3266150400, grad norm: 51.8584
[iter 53170]loss: 3.0374, tokens/sec: 20554.26 ± 90.42, tokens seen: 3266764800, grad norm: 48.6375
[iter 53180]loss: 3.1894, tokens/sec: 20554.26 ± 90.41, tokens seen: 3267379200, grad norm: 11.5870
[iter 53190]loss: 2.9896, tokens/sec: 20554.27 ± 90.40, tokens seen: 3267993600, grad norm: 33.0845
[iter 53200]loss: 2.7939, tokens/sec: 20554.27 ± 90.39, tokens seen: 3268608000, grad norm: 13.2339
[iter 53210]loss: 2.7756, tokens/sec: 20554.27 ± 90.39, tokens seen: 3269222400, grad norm: 10.3722
[iter 53220]loss: 2.9710, tokens/sec: 20554.27 ± 90.38, tokens seen: 3269836800, grad norm: 17.0553
[iter 53230]loss: 2.9552, tokens/sec: 20554.28 ± 90.37, tokens seen: 3270451200, grad norm: 16.5233
[iter 53240]loss: 2.9082, tokens/sec: 20554.28 ± 90.36, tokens seen: 3271065600, grad norm: 13.0831
[iter 53250]loss: 2.9798, tokens/sec: 20554.28 ± 90.35, tokens seen: 3271680000, grad norm: 11.9580
[iter 53260]loss: 2.9924, tokens/sec: 20554.28 ± 90.35, tokens seen: 3272294400, grad norm: 15.9068
[iter 53270]loss: 3.1154, tokens/sec: 20554.28 ± 90.34, tokens seen: 3272908800, grad norm: 23.3665
[iter 53280]loss: 2.8494, tokens/sec: 20554.28 ± 90.33, tokens seen: 3273523200, grad norm: 16.2167
[iter 53290]loss: 2.9748, tokens/sec: 20554.28 ± 90.32, tokens seen: 3274137600, grad norm: 22.3743
[iter 53300]loss: 2.9488, tokens/sec: 20554.28 ± 90.31, tokens seen: 3274752000, grad norm: 11.9597
[iter 53310]loss: 2.9378, tokens/sec: 20554.28 ± 90.31, tokens seen: 3275366400, grad norm: 11.3133
[iter 53320]loss: 3.3050, tokens/sec: 20554.28 ± 90.30, tokens seen: 3275980800, grad norm: 19.3613
[iter 53330]loss: 2.7068, tokens/sec: 20554.28 ± 90.29, tokens seen: 3276595200, grad norm: 8.9298
[iter 53340]loss: 2.8901, tokens/sec: 20554.29 ± 90.28, tokens seen: 3277209600, grad norm: 8.5122
[iter 53350]loss: 2.7817, tokens/sec: 20554.29 ± 90.28, tokens seen: 3277824000, grad norm: 15.7272
[iter 53360]loss: 3.2513, tokens/sec: 20554.29 ± 90.27, tokens seen: 3278438400, grad norm: 19.7369
[iter 53370]loss: 2.8973, tokens/sec: 20554.29 ± 90.26, tokens seen: 3279052800, grad norm: 7.9148
[iter 53380]loss: 2.9535, tokens/sec: 20554.29 ± 90.25, tokens seen: 3279667200, grad norm: 150.0312
[iter 53390]loss: 2.9661, tokens/sec: 20554.29 ± 90.24, tokens seen: 3280281600, grad norm: 5.3207
[iter 53400]loss: 3.0124, tokens/sec: 20554.30 ± 90.24, tokens seen: 3280896000, grad norm: 7.8199
[iter 53410]loss: 2.8200, tokens/sec: 20554.30 ± 90.23, tokens seen: 3281510400, grad norm: 5.1303
[iter 53420]loss: 3.1206, tokens/sec: 20554.31 ± 90.22, tokens seen: 3282124800, grad norm: 26.7418
[iter 53430]loss: 2.8003, tokens/sec: 20554.31 ± 90.21, tokens seen: 3282739200, grad norm: 19.5933
[iter 53440]loss: 2.8783, tokens/sec: 20554.31 ± 90.20, tokens seen: 3283353600, grad norm: 25.0320
[iter 53450]loss: 3.3012, tokens/sec: 20554.31 ± 90.20, tokens seen: 3283968000, grad norm: 11.1989
[iter 53460]loss: 2.8990, tokens/sec: 20554.32 ± 90.19, tokens seen: 3284582400, grad norm: 10.6470
[iter 53470]loss: 2.6912, tokens/sec: 20554.32 ± 90.18, tokens seen: 3285196800, grad norm: 7.2414
[iter 53480]loss: 2.8709, tokens/sec: 20554.32 ± 90.17, tokens seen: 3285811200, grad norm: 14.4605
[iter 53490]loss: 2.7675, tokens/sec: 20554.32 ± 90.17, tokens seen: 3286425600, grad norm: 15.0915
[step 53500]train loss: 2.9439, val loss: 2.9546, (avg train loss: 0.5880 ± 0.0317), (avg grad norm: 15.9150 ± 15.2450)
[iter 53500]loss: 2.9336, tokens/sec: 20554.32 ± 90.16, tokens seen: 3287040000, grad norm: 11.0401
[iter 53510]loss: 3.0033, tokens/sec: 20554.33 ± 90.15, tokens seen: 3287654400, grad norm: 5.8068
[iter 53520]loss: 3.1518, tokens/sec: 20554.32 ± 90.14, tokens seen: 3288268800, grad norm: 13.5575
[iter 53530]loss: 2.9091, tokens/sec: 20554.33 ± 90.14, tokens seen: 3288883200, grad norm: 11.1561
[iter 53540]loss: 3.3809, tokens/sec: 20554.32 ± 90.13, tokens seen: 3289497600, grad norm: 9.3768
[iter 53550]loss: 2.7635, tokens/sec: 20554.33 ± 90.12, tokens seen: 3290112000, grad norm: 13.7914
[iter 53560]loss: 2.6182, tokens/sec: 20554.33 ± 90.11, tokens seen: 3290726400, grad norm: 17.7514
[iter 53570]loss: 2.6922, tokens/sec: 20554.33 ± 90.10, tokens seen: 3291340800, grad norm: 14.3294
[iter 53580]loss: 2.7936, tokens/sec: 20554.33 ± 90.10, tokens seen: 3291955200, grad norm: 14.5528
[iter 53590]loss: 3.1049, tokens/sec: 20554.33 ± 90.09, tokens seen: 3292569600, grad norm: 31.8307
[iter 53600]loss: 2.5767, tokens/sec: 20554.34 ± 90.08, tokens seen: 3293184000, grad norm: 7.1068
[iter 53610]loss: 2.9295, tokens/sec: 20554.34 ± 90.07, tokens seen: 3293798400, grad norm: 20.6430
[iter 53620]loss: 2.7793, tokens/sec: 20554.34 ± 90.06, tokens seen: 3294412800, grad norm: 5.2116
[iter 53630]loss: 2.9123, tokens/sec: 20554.34 ± 90.06, tokens seen: 3295027200, grad norm: 4.0970
[iter 53640]loss: 3.1005, tokens/sec: 20554.34 ± 90.05, tokens seen: 3295641600, grad norm: 7.6989
[iter 53650]loss: 3.0574, tokens/sec: 20554.34 ± 90.04, tokens seen: 3296256000, grad norm: 12.9319
[iter 53660]loss: 2.8982, tokens/sec: 20554.34 ± 90.03, tokens seen: 3296870400, grad norm: 80.8994
[iter 53670]loss: 3.1125, tokens/sec: 20554.34 ± 90.03, tokens seen: 3297484800, grad norm: 9.5702
[iter 53680]loss: 2.9757, tokens/sec: 20554.35 ± 90.02, tokens seen: 3298099200, grad norm: 28.6045
[iter 53690]loss: 2.8374, tokens/sec: 20554.35 ± 90.01, tokens seen: 3298713600, grad norm: 15.7702
[iter 53700]loss: 2.9494, tokens/sec: 20554.35 ± 90.00, tokens seen: 3299328000, grad norm: 12.5165
[iter 53710]loss: 3.2881, tokens/sec: 20554.36 ± 89.99, tokens seen: 3299942400, grad norm: 18.4203
[iter 53720]loss: 2.7502, tokens/sec: 20554.36 ± 89.99, tokens seen: 3300556800, grad norm: 4.8352
[iter 53730]loss: 2.9112, tokens/sec: 20554.36 ± 89.98, tokens seen: 3301171200, grad norm: 7.9237
[iter 53740]loss: 3.0403, tokens/sec: 20554.36 ± 89.97, tokens seen: 3301785600, grad norm: 9.1841
[iter 53750]loss: 2.8942, tokens/sec: 20554.36 ± 89.96, tokens seen: 3302400000, grad norm: 9.2801
[iter 53760]loss: 3.0408, tokens/sec: 20554.36 ± 89.96, tokens seen: 3303014400, grad norm: 5.6904
[iter 53770]loss: 2.9570, tokens/sec: 20554.37 ± 89.95, tokens seen: 3303628800, grad norm: 13.4895
[iter 53780]loss: 3.0697, tokens/sec: 20554.36 ± 89.94, tokens seen: 3304243200, grad norm: 9.6569
[iter 53790]loss: 2.9158, tokens/sec: 20554.36 ± 89.93, tokens seen: 3304857600, grad norm: 12.3058
[iter 53800]loss: 2.8992, tokens/sec: 20554.36 ± 89.93, tokens seen: 3305472000, grad norm: 43.2548
[iter 53810]loss: 3.3201, tokens/sec: 20554.36 ± 89.92, tokens seen: 3306086400, grad norm: 12.1724
[iter 53820]loss: 3.1256, tokens/sec: 20554.36 ± 89.91, tokens seen: 3306700800, grad norm: 12.9105
[iter 53830]loss: 3.0364, tokens/sec: 20554.36 ± 89.90, tokens seen: 3307315200, grad norm: 20.0219
[iter 53840]loss: 2.8152, tokens/sec: 20554.36 ± 89.90, tokens seen: 3307929600, grad norm: 33.9239
[iter 53850]loss: 2.9962, tokens/sec: 20554.36 ± 89.89, tokens seen: 3308544000, grad norm: 10.6360
[iter 53860]loss: 2.8038, tokens/sec: 20554.37 ± 89.88, tokens seen: 3309158400, grad norm: 7.3111
[iter 53870]loss: 2.2826, tokens/sec: 20554.36 ± 89.87, tokens seen: 3309772800, grad norm: 14.1751
[iter 53880]loss: 3.0369, tokens/sec: 20554.36 ± 89.86, tokens seen: 3310387200, grad norm: 7.2423
[iter 53890]loss: 2.8655, tokens/sec: 20554.37 ± 89.86, tokens seen: 3311001600, grad norm: 8.2654
[iter 53900]loss: 3.0564, tokens/sec: 20554.36 ± 89.85, tokens seen: 3311616000, grad norm: 47.9301
[iter 53910]loss: 2.8790, tokens/sec: 20554.36 ± 89.84, tokens seen: 3312230400, grad norm: 21.2234
[iter 53920]loss: 3.3586, tokens/sec: 20554.36 ± 89.83, tokens seen: 3312844800, grad norm: 24.5456
[iter 53930]loss: 3.0739, tokens/sec: 20554.36 ± 89.82, tokens seen: 3313459200, grad norm: 62.6479
[iter 53940]loss: 2.8696, tokens/sec: 20554.36 ± 89.82, tokens seen: 3314073600, grad norm: 12.5845
[iter 53950]loss: 2.8832, tokens/sec: 20554.36 ± 89.81, tokens seen: 3314688000, grad norm: 14.4570
[iter 53960]loss: 3.2359, tokens/sec: 20554.36 ± 89.80, tokens seen: 3315302400, grad norm: 24.2737
[iter 53970]loss: 2.6993, tokens/sec: 20554.37 ± 89.79, tokens seen: 3315916800, grad norm: 40.5291
[iter 53980]loss: 2.8955, tokens/sec: 20554.37 ± 89.79, tokens seen: 3316531200, grad norm: 13.4318
[iter 53990]loss: 2.7378, tokens/sec: 20554.36 ± 89.78, tokens seen: 3317145600, grad norm: 10.4726
[step 54000]train loss: 2.9525, val loss: 2.9566, (avg train loss: 0.5898 ± 0.0348), (avg grad norm: 20.2969 ± 11.7091)
[iter 54000]loss: 2.8529, tokens/sec: 20554.36 ± 89.77, tokens seen: 3317760000, grad norm: 29.1561
[iter 54010]loss: 3.0557, tokens/sec: 20554.36 ± 89.77, tokens seen: 3318374400, grad norm: 24.3631
[iter 54020]loss: 3.1375, tokens/sec: 20554.36 ± 89.76, tokens seen: 3318988800, grad norm: 12.0410
[iter 54030]loss: 2.9578, tokens/sec: 20554.35 ± 89.75, tokens seen: 3319603200, grad norm: 12.4470
[iter 54040]loss: 2.9235, tokens/sec: 20554.35 ± 89.74, tokens seen: 3320217600, grad norm: 10.9667
[iter 54050]loss: 2.8654, tokens/sec: 20554.35 ± 89.74, tokens seen: 3320832000, grad norm: 56.6368
[iter 54060]loss: 2.9830, tokens/sec: 20554.35 ± 89.73, tokens seen: 3321446400, grad norm: 30.1933
[iter 54070]loss: 3.0170, tokens/sec: 20554.35 ± 89.72, tokens seen: 3322060800, grad norm: 98.5840
[iter 54080]loss: 3.0066, tokens/sec: 20554.35 ± 89.71, tokens seen: 3322675200, grad norm: 8.6153
[iter 54090]loss: 3.0176, tokens/sec: 20554.35 ± 89.71, tokens seen: 3323289600, grad norm: 23.5870
[iter 54100]loss: 3.0019, tokens/sec: 20554.35 ± 89.70, tokens seen: 3323904000, grad norm: 35.9783
[iter 54110]loss: 3.0053, tokens/sec: 20554.34 ± 89.69, tokens seen: 3324518400, grad norm: 25.6158
[iter 54120]loss: 2.8134, tokens/sec: 20554.34 ± 89.68, tokens seen: 3325132800, grad norm: 19.3219
[iter 54130]loss: 3.0086, tokens/sec: 20554.34 ± 89.68, tokens seen: 3325747200, grad norm: 47.4364
[iter 54140]loss: 3.0943, tokens/sec: 20554.34 ± 89.67, tokens seen: 3326361600, grad norm: 13.6911
[iter 54150]loss: 3.0117, tokens/sec: 20554.34 ± 89.66, tokens seen: 3326976000, grad norm: 15.4470
[iter 54160]loss: 3.1122, tokens/sec: 20554.34 ± 89.65, tokens seen: 3327590400, grad norm: 27.8784
[iter 54170]loss: 2.9016, tokens/sec: 20554.34 ± 89.65, tokens seen: 3328204800, grad norm: 15.2248
[iter 54180]loss: 2.9346, tokens/sec: 20554.33 ± 89.64, tokens seen: 3328819200, grad norm: 31.7724
[iter 54190]loss: 2.6746, tokens/sec: 20554.33 ± 89.63, tokens seen: 3329433600, grad norm: 20.6918
[iter 54200]loss: 2.9017, tokens/sec: 20554.33 ± 89.62, tokens seen: 3330048000, grad norm: 19.0796
[iter 54210]loss: 2.8104, tokens/sec: 20554.33 ± 89.61, tokens seen: 3330662400, grad norm: 13.7480
[iter 54220]loss: 3.0035, tokens/sec: 20554.33 ± 89.61, tokens seen: 3331276800, grad norm: 17.2682
[iter 54230]loss: 2.8012, tokens/sec: 20554.32 ± 89.60, tokens seen: 3331891200, grad norm: 23.0035
[iter 54240]loss: 2.9214, tokens/sec: 20554.33 ± 89.59, tokens seen: 3332505600, grad norm: 28.7592
[iter 54250]loss: 3.1642, tokens/sec: 20554.33 ± 89.58, tokens seen: 3333120000, grad norm: 20.4967
[iter 54260]loss: 3.2280, tokens/sec: 20554.33 ± 89.58, tokens seen: 3333734400, grad norm: 21.7742
[iter 54270]loss: 3.1386, tokens/sec: 20554.33 ± 89.57, tokens seen: 3334348800, grad norm: 60.7722
[iter 54280]loss: 3.0692, tokens/sec: 20554.33 ± 89.56, tokens seen: 3334963200, grad norm: 39.3365
[iter 54290]loss: 3.0850, tokens/sec: 20554.33 ± 89.55, tokens seen: 3335577600, grad norm: 25.2868
[iter 54300]loss: 3.0943, tokens/sec: 20554.33 ± 89.55, tokens seen: 3336192000, grad norm: 33.1440
[iter 54310]loss: 2.9503, tokens/sec: 20554.33 ± 89.54, tokens seen: 3336806400, grad norm: 29.6891
[iter 54320]loss: 2.7271, tokens/sec: 20554.33 ± 89.53, tokens seen: 3337420800, grad norm: 27.5546
[iter 54330]loss: 3.2721, tokens/sec: 20554.33 ± 89.52, tokens seen: 3338035200, grad norm: 46.4412
[iter 54340]loss: 2.8756, tokens/sec: 20554.33 ± 89.51, tokens seen: 3338649600, grad norm: 20.5537
[iter 54350]loss: 2.9269, tokens/sec: 20554.32 ± 89.51, tokens seen: 3339264000, grad norm: 41.9514
[iter 54360]loss: 2.7463, tokens/sec: 20554.32 ± 89.50, tokens seen: 3339878400, grad norm: 44.0558
[iter 54370]loss: 3.0859, tokens/sec: 20554.33 ± 89.49, tokens seen: 3340492800, grad norm: 41.1898
[iter 54380]loss: 2.7766, tokens/sec: 20554.33 ± 89.48, tokens seen: 3341107200, grad norm: 39.2560
[iter 54390]loss: 2.9867, tokens/sec: 20554.33 ± 89.48, tokens seen: 3341721600, grad norm: 35.2035
[iter 54400]loss: 2.9065, tokens/sec: 20554.33 ± 89.47, tokens seen: 3342336000, grad norm: 67.0962
[iter 54410]loss: 2.8961, tokens/sec: 20554.32 ± 89.46, tokens seen: 3342950400, grad norm: 60.1603
[iter 54420]loss: 2.8859, tokens/sec: 20554.33 ± 89.45, tokens seen: 3343564800, grad norm: 55.2763
[iter 54430]loss: 2.9541, tokens/sec: 20554.33 ± 89.45, tokens seen: 3344179200, grad norm: 79.9359
[iter 54440]loss: 3.0390, tokens/sec: 20554.33 ± 89.44, tokens seen: 3344793600, grad norm: 35.3666
[iter 54450]loss: 2.9612, tokens/sec: 20554.33 ± 89.43, tokens seen: 3345408000, grad norm: 44.1327
[iter 54460]loss: 2.9437, tokens/sec: 20554.33 ± 89.42, tokens seen: 3346022400, grad norm: 22.5151
[iter 54470]loss: 2.7704, tokens/sec: 20554.33 ± 89.42, tokens seen: 3346636800, grad norm: 45.4162
[iter 54480]loss: 2.8303, tokens/sec: 20554.33 ± 89.41, tokens seen: 3347251200, grad norm: 74.8112
[iter 54490]loss: 3.1576, tokens/sec: 20554.32 ± 89.40, tokens seen: 3347865600, grad norm: 13.5136
[step 54500]train loss: 2.9499, val loss: 2.9475, (avg train loss: 0.5851 ± 0.0337), (avg grad norm: 40.5143 ± 22.2072)
saving checkpoint to ./out-owt-xl-mhc-bs6-80000step
[iter 54500]loss: 2.8385, tokens/sec: 20554.33 ± 89.39, tokens seen: 3348480000, grad norm: 31.4347
[iter 54510]loss: 2.8915, tokens/sec: 20554.33 ± 89.39, tokens seen: 3349094400, grad norm: 54.5702
[iter 54520]loss: 3.0909, tokens/sec: 20554.33 ± 89.38, tokens seen: 3349708800, grad norm: 23.1591
[iter 54530]loss: 2.8584, tokens/sec: 20554.33 ± 89.37, tokens seen: 3350323200, grad norm: 22.1094
[iter 54540]loss: 3.0003, tokens/sec: 20554.33 ± 89.36, tokens seen: 3350937600, grad norm: 37.5590
[iter 54550]loss: 2.8330, tokens/sec: 20554.33 ± 89.36, tokens seen: 3351552000, grad norm: 49.5224
[iter 54560]loss: 2.7763, tokens/sec: 20554.33 ± 89.35, tokens seen: 3352166400, grad norm: 19.6703
[iter 54570]loss: 2.8664, tokens/sec: 20554.33 ± 89.34, tokens seen: 3352780800, grad norm: 27.2324
[iter 54580]loss: 2.8592, tokens/sec: 20554.33 ± 89.33, tokens seen: 3353395200, grad norm: 16.5234
[iter 54590]loss: 2.9376, tokens/sec: 20554.33 ± 89.33, tokens seen: 3354009600, grad norm: 69.0513
[iter 54600]loss: 3.0800, tokens/sec: 20554.33 ± 89.32, tokens seen: 3354624000, grad norm: 72.7761
[iter 54610]loss: 2.9289, tokens/sec: 20554.33 ± 89.31, tokens seen: 3355238400, grad norm: 58.0647
[iter 54620]loss: 2.8933, tokens/sec: 20554.33 ± 89.30, tokens seen: 3355852800, grad norm: 22.5087
[iter 54630]loss: 3.0296, tokens/sec: 20554.33 ± 89.29, tokens seen: 3356467200, grad norm: 30.5864
[iter 54640]loss: 2.9157, tokens/sec: 20554.33 ± 89.29, tokens seen: 3357081600, grad norm: 54.1575
[iter 54650]loss: 3.1480, tokens/sec: 20554.34 ± 89.28, tokens seen: 3357696000, grad norm: 57.7398
[iter 54660]loss: 3.0952, tokens/sec: 20554.34 ± 89.27, tokens seen: 3358310400, grad norm: 44.0365
[iter 54670]loss: 2.9878, tokens/sec: 20554.34 ± 89.26, tokens seen: 3358924800, grad norm: 73.2646
[iter 54680]loss: 3.0944, tokens/sec: 20554.33 ± 89.26, tokens seen: 3359539200, grad norm: 40.7730
[iter 54690]loss: 2.9111, tokens/sec: 20554.33 ± 89.25, tokens seen: 3360153600, grad norm: 36.8456
[iter 54700]loss: 3.0429, tokens/sec: 20554.33 ± 89.24, tokens seen: 3360768000, grad norm: 51.7341
[iter 54710]loss: 2.7860, tokens/sec: 20554.33 ± 89.23, tokens seen: 3361382400, grad norm: 36.9682
[iter 54720]loss: 2.7777, tokens/sec: 20554.33 ± 89.23, tokens seen: 3361996800, grad norm: 40.7137
[iter 54730]loss: 2.8145, tokens/sec: 20554.34 ± 89.22, tokens seen: 3362611200, grad norm: 46.1873
[iter 54740]loss: 3.0415, tokens/sec: 20554.33 ± 89.21, tokens seen: 3363225600, grad norm: 48.9553
[iter 54750]loss: 3.0742, tokens/sec: 20554.33 ± 89.20, tokens seen: 3363840000, grad norm: 51.1534
[iter 54760]loss: 3.0211, tokens/sec: 20554.33 ± 89.20, tokens seen: 3364454400, grad norm: 36.0577
[iter 54770]loss: 2.7493, tokens/sec: 20554.33 ± 89.19, tokens seen: 3365068800, grad norm: 40.1382
[iter 54780]loss: 3.0126, tokens/sec: 20554.33 ± 89.18, tokens seen: 3365683200, grad norm: 48.6499
[iter 54790]loss: 2.8595, tokens/sec: 20554.33 ± 89.17, tokens seen: 3366297600, grad norm: 26.8201
[iter 54800]loss: 2.8810, tokens/sec: 20554.33 ± 89.17, tokens seen: 3366912000, grad norm: 90.8920
[iter 54810]loss: 2.8364, tokens/sec: 20554.33 ± 89.16, tokens seen: 3367526400, grad norm: 32.2464
[iter 54820]loss: 3.0372, tokens/sec: 20554.33 ± 89.15, tokens seen: 3368140800, grad norm: 22.2113
[iter 54830]loss: 2.9673, tokens/sec: 20554.33 ± 89.14, tokens seen: 3368755200, grad norm: 15.8336
[iter 54840]loss: 2.8616, tokens/sec: 20554.33 ± 89.14, tokens seen: 3369369600, grad norm: 116.6865
[iter 54850]loss: 2.8984, tokens/sec: 20554.33 ± 89.13, tokens seen: 3369984000, grad norm: 83.3789
[iter 54860]loss: 2.8332, tokens/sec: 20554.33 ± 89.12, tokens seen: 3370598400, grad norm: 36.8173
[iter 54870]loss: 2.9814, tokens/sec: 20554.33 ± 89.11, tokens seen: 3371212800, grad norm: 50.7132
[iter 54880]loss: 2.7337, tokens/sec: 20554.33 ± 89.11, tokens seen: 3371827200, grad norm: 35.3579
[iter 54890]loss: 3.0229, tokens/sec: 20554.33 ± 89.10, tokens seen: 3372441600, grad norm: 24.9406
[iter 54900]loss: 2.7713, tokens/sec: 20554.34 ± 89.09, tokens seen: 3373056000, grad norm: 25.1413
[iter 54910]loss: 2.5826, tokens/sec: 20554.33 ± 89.08, tokens seen: 3373670400, grad norm: 68.0344
[iter 54920]loss: 2.5547, tokens/sec: 20554.33 ± 89.07, tokens seen: 3374284800, grad norm: 47.0767
[iter 54930]loss: 2.9597, tokens/sec: 20554.34 ± 89.07, tokens seen: 3374899200, grad norm: 25.0236
[iter 54940]loss: 3.0851, tokens/sec: 20554.34 ± 89.06, tokens seen: 3375513600, grad norm: 29.3102
[iter 54950]loss: 2.5713, tokens/sec: 20554.34 ± 89.05, tokens seen: 3376128000, grad norm: 20.4996
[iter 54960]loss: 2.9322, tokens/sec: 20554.34 ± 89.04, tokens seen: 3376742400, grad norm: 72.6957
[iter 54970]loss: 2.9625, tokens/sec: 20554.33 ± 89.04, tokens seen: 3377356800, grad norm: 15.8498
[iter 54980]loss: 3.1275, tokens/sec: 20554.33 ± 89.03, tokens seen: 3377971200, grad norm: 73.5586
[iter 54990]loss: 2.9561, tokens/sec: 20554.33 ± 89.02, tokens seen: 3378585600, grad norm: 43.3542
[step 55000]train loss: 2.9495, val loss: 2.9569, (avg train loss: 0.5847 ± 0.0343), (avg grad norm: 42.9123 ± 25.3331)
[iter 55000]loss: 2.8206, tokens/sec: 20554.34 ± 89.01, tokens seen: 3379200000, grad norm: 28.3030
[iter 55010]loss: 2.7870, tokens/sec: 20554.34 ± 89.01, tokens seen: 3379814400, grad norm: 46.1008
[iter 55020]loss: 2.8654, tokens/sec: 20554.33 ± 89.00, tokens seen: 3380428800, grad norm: 21.0623
[iter 55030]loss: 3.2041, tokens/sec: 20554.33 ± 88.99, tokens seen: 3381043200, grad norm: 23.7979
[iter 55040]loss: 2.7999, tokens/sec: 20554.33 ± 88.99, tokens seen: 3381657600, grad norm: 45.7918
[iter 55050]loss: 2.9469, tokens/sec: 20554.33 ± 88.98, tokens seen: 3382272000, grad norm: 16.9347
[iter 55060]loss: 2.5894, tokens/sec: 20554.33 ± 88.97, tokens seen: 3382886400, grad norm: 35.8280
[iter 55070]loss: 2.6167, tokens/sec: 20554.33 ± 88.96, tokens seen: 3383500800, grad norm: 34.5483
[iter 55080]loss: 3.1218, tokens/sec: 20554.33 ± 88.96, tokens seen: 3384115200, grad norm: 52.4068
[iter 55090]loss: 3.1008, tokens/sec: 20554.33 ± 88.95, tokens seen: 3384729600, grad norm: 22.2872
[iter 55100]loss: 2.9176, tokens/sec: 20554.33 ± 88.94, tokens seen: 3385344000, grad norm: 70.5791
[iter 55110]loss: 2.7616, tokens/sec: 20554.32 ± 88.93, tokens seen: 3385958400, grad norm: 54.1562
[iter 55120]loss: 2.8074, tokens/sec: 20554.32 ± 88.93, tokens seen: 3386572800, grad norm: 45.1200
[iter 55130]loss: 2.8634, tokens/sec: 20554.32 ± 88.92, tokens seen: 3387187200, grad norm: 23.9608
[iter 55140]loss: 2.3793, tokens/sec: 20554.32 ± 88.91, tokens seen: 3387801600, grad norm: 66.0204
[iter 55150]loss: 2.7512, tokens/sec: 20554.32 ± 88.90, tokens seen: 3388416000, grad norm: 21.0926
[iter 55160]loss: 2.6790, tokens/sec: 20554.32 ± 88.90, tokens seen: 3389030400, grad norm: 28.9263
[iter 55170]loss: 3.0759, tokens/sec: 20554.32 ± 88.89, tokens seen: 3389644800, grad norm: 27.2075
[iter 55180]loss: 2.7845, tokens/sec: 20554.32 ± 88.88, tokens seen: 3390259200, grad norm: 26.1249
[iter 55190]loss: 2.8505, tokens/sec: 20554.32 ± 88.87, tokens seen: 3390873600, grad norm: 26.8717
[iter 55200]loss: 2.8959, tokens/sec: 20554.32 ± 88.87, tokens seen: 3391488000, grad norm: 62.1756
[iter 55210]loss: 2.9476, tokens/sec: 20554.32 ± 88.86, tokens seen: 3392102400, grad norm: 28.6802
[iter 55220]loss: 2.9244, tokens/sec: 20554.32 ± 88.85, tokens seen: 3392716800, grad norm: 23.8945
[iter 55230]loss: 2.6330, tokens/sec: 20554.32 ± 88.84, tokens seen: 3393331200, grad norm: 55.8783
[iter 55240]loss: 2.8891, tokens/sec: 20554.32 ± 88.84, tokens seen: 3393945600, grad norm: 25.0498
[iter 55250]loss: 2.9437, tokens/sec: 20554.32 ± 88.83, tokens seen: 3394560000, grad norm: 74.0411
[iter 55260]loss: 3.1031, tokens/sec: 20554.32 ± 88.82, tokens seen: 3395174400, grad norm: 27.2219
[iter 55270]loss: 2.8257, tokens/sec: 20554.32 ± 88.82, tokens seen: 3395788800, grad norm: 40.3605
[iter 55280]loss: 2.7433, tokens/sec: 20554.32 ± 88.81, tokens seen: 3396403200, grad norm: 42.2931
[iter 55290]loss: 2.8168, tokens/sec: 20554.32 ± 88.80, tokens seen: 3397017600, grad norm: 35.4174
[iter 55300]loss: 2.9994, tokens/sec: 20554.32 ± 88.79, tokens seen: 3397632000, grad norm: 31.7214
[iter 55310]loss: 3.0151, tokens/sec: 20554.32 ± 88.78, tokens seen: 3398246400, grad norm: 37.1096
[iter 55320]loss: 3.0965, tokens/sec: 20554.32 ± 88.78, tokens seen: 3398860800, grad norm: 37.6111
[iter 55330]loss: 2.8362, tokens/sec: 20554.32 ± 88.77, tokens seen: 3399475200, grad norm: 62.5404
[iter 55340]loss: 2.9793, tokens/sec: 20554.32 ± 88.76, tokens seen: 3400089600, grad norm: 24.7925
[iter 55350]loss: 2.8772, tokens/sec: 20554.32 ± 88.75, tokens seen: 3400704000, grad norm: 41.3626
[iter 55360]loss: 3.0502, tokens/sec: 20554.32 ± 88.75, tokens seen: 3401318400, grad norm: 22.0932
[iter 55370]loss: 2.7659, tokens/sec: 20554.32 ± 88.74, tokens seen: 3401932800, grad norm: 42.0620
[iter 55380]loss: 3.0978, tokens/sec: 20554.33 ± 88.73, tokens seen: 3402547200, grad norm: 35.6399
[iter 55390]loss: 2.9298, tokens/sec: 20554.33 ± 88.72, tokens seen: 3403161600, grad norm: 52.7232
[iter 55400]loss: 2.7957, tokens/sec: 20554.33 ± 88.72, tokens seen: 3403776000, grad norm: 59.6750
[iter 55410]loss: 2.9247, tokens/sec: 20554.32 ± 88.71, tokens seen: 3404390400, grad norm: 26.7997
[iter 55420]loss: 2.8606, tokens/sec: 20554.32 ± 88.70, tokens seen: 3405004800, grad norm: 55.4849
[iter 55430]loss: 3.0034, tokens/sec: 20554.32 ± 88.70, tokens seen: 3405619200, grad norm: 89.9412
[iter 55440]loss: 3.0813, tokens/sec: 20554.32 ± 88.69, tokens seen: 3406233600, grad norm: 56.3670
[iter 55450]loss: 3.0579, tokens/sec: 20554.32 ± 88.68, tokens seen: 3406848000, grad norm: 103.8187
[iter 55460]loss: 3.0810, tokens/sec: 20554.32 ± 88.67, tokens seen: 3407462400, grad norm: 24.9414
[iter 55470]loss: 2.9443, tokens/sec: 20554.32 ± 88.66, tokens seen: 3408076800, grad norm: 36.5213
[iter 55480]loss: 3.2889, tokens/sec: 20554.32 ± 88.66, tokens seen: 3408691200, grad norm: 33.6089
[iter 55490]loss: 2.7946, tokens/sec: 20554.33 ± 88.65, tokens seen: 3409305600, grad norm: 42.3899
[step 55500]train loss: 2.9349, val loss: 2.9532, (avg train loss: 0.5888 ± 0.0297), (avg grad norm: 45.4122 ± 22.4649)
[iter 55500]loss: 2.7315, tokens/sec: 20554.33 ± 88.64, tokens seen: 3409920000, grad norm: 63.6599
[iter 55510]loss: 3.1001, tokens/sec: 20554.33 ± 88.63, tokens seen: 3410534400, grad norm: 59.8331
[iter 55520]loss: 2.6984, tokens/sec: 20554.32 ± 88.63, tokens seen: 3411148800, grad norm: 56.8555
[iter 55530]loss: 3.0339, tokens/sec: 20554.31 ± 88.62, tokens seen: 3411763200, grad norm: 18.1282
[iter 55540]loss: 2.7034, tokens/sec: 20554.32 ± 88.62, tokens seen: 3412377600, grad norm: 112.1991
[iter 55550]loss: 2.9130, tokens/sec: 20554.32 ± 88.61, tokens seen: 3412992000, grad norm: 48.6119
[iter 55560]loss: 2.8808, tokens/sec: 20554.32 ± 88.60, tokens seen: 3413606400, grad norm: 93.3360
[iter 55570]loss: 2.7380, tokens/sec: 20554.32 ± 88.59, tokens seen: 3414220800, grad norm: 40.9063
[iter 55580]loss: 2.8307, tokens/sec: 20554.32 ± 88.59, tokens seen: 3414835200, grad norm: 45.9044
[iter 55590]loss: 2.8748, tokens/sec: 20554.32 ± 88.58, tokens seen: 3415449600, grad norm: 47.0212
[iter 55600]loss: 3.0094, tokens/sec: 20554.32 ± 88.57, tokens seen: 3416064000, grad norm: 30.8709
[iter 55610]loss: 2.9064, tokens/sec: 20554.32 ± 88.56, tokens seen: 3416678400, grad norm: 37.3635
[iter 55620]loss: 3.1272, tokens/sec: 20554.32 ± 88.56, tokens seen: 3417292800, grad norm: 50.8997
[iter 55630]loss: 3.0174, tokens/sec: 20554.32 ± 88.55, tokens seen: 3417907200, grad norm: 83.3145
[iter 55640]loss: 3.0034, tokens/sec: 20554.32 ± 88.54, tokens seen: 3418521600, grad norm: 25.1570
[iter 55650]loss: 3.0026, tokens/sec: 20554.32 ± 88.53, tokens seen: 3419136000, grad norm: 44.9366
[iter 55660]loss: 3.3963, tokens/sec: 20554.32 ± 88.53, tokens seen: 3419750400, grad norm: 38.6286
[iter 55670]loss: 2.9818, tokens/sec: 20554.32 ± 88.52, tokens seen: 3420364800, grad norm: 98.8525
[iter 55680]loss: 3.0739, tokens/sec: 20554.32 ± 88.51, tokens seen: 3420979200, grad norm: 63.9643
[iter 55690]loss: 2.9643, tokens/sec: 20554.32 ± 88.50, tokens seen: 3421593600, grad norm: 32.9714
[iter 55700]loss: 2.9877, tokens/sec: 20554.32 ± 88.50, tokens seen: 3422208000, grad norm: 46.0126
[iter 55710]loss: 3.1413, tokens/sec: 20554.32 ± 88.49, tokens seen: 3422822400, grad norm: 36.1986
[iter 55720]loss: 2.7119, tokens/sec: 20554.32 ± 88.48, tokens seen: 3423436800, grad norm: 34.6534
[iter 55730]loss: 3.0322, tokens/sec: 20554.32 ± 88.47, tokens seen: 3424051200, grad norm: 86.8268
[iter 55740]loss: 2.8537, tokens/sec: 20554.32 ± 88.47, tokens seen: 3424665600, grad norm: 38.0560
[iter 55750]loss: 2.9442, tokens/sec: 20554.32 ± 88.46, tokens seen: 3425280000, grad norm: 80.8247
[iter 55760]loss: 2.9473, tokens/sec: 20554.32 ± 88.45, tokens seen: 3425894400, grad norm: 25.5027
[iter 55770]loss: 2.8812, tokens/sec: 20554.32 ± 88.44, tokens seen: 3426508800, grad norm: 23.6822
[iter 55780]loss: 2.9615, tokens/sec: 20554.32 ± 88.44, tokens seen: 3427123200, grad norm: 55.3514
[iter 55790]loss: 2.8621, tokens/sec: 20554.32 ± 88.43, tokens seen: 3427737600, grad norm: 52.2258
[iter 55800]loss: 2.9002, tokens/sec: 20554.32 ± 88.42, tokens seen: 3428352000, grad norm: 51.0071
[iter 55810]loss: 3.0091, tokens/sec: 20554.33 ± 88.41, tokens seen: 3428966400, grad norm: 30.1232
[iter 55820]loss: 2.8772, tokens/sec: 20554.33 ± 88.41, tokens seen: 3429580800, grad norm: 23.9011
[iter 55830]loss: 2.8013, tokens/sec: 20554.33 ± 88.40, tokens seen: 3430195200, grad norm: 31.3063
[iter 55840]loss: 2.8413, tokens/sec: 20554.33 ± 88.39, tokens seen: 3430809600, grad norm: 19.4095
[iter 55850]loss: 3.2348, tokens/sec: 20554.33 ± 88.38, tokens seen: 3431424000, grad norm: 40.5805
[iter 55860]loss: 2.9412, tokens/sec: 20554.33 ± 88.38, tokens seen: 3432038400, grad norm: 75.1716
[iter 55870]loss: 2.8940, tokens/sec: 20554.33 ± 88.37, tokens seen: 3432652800, grad norm: 12.2186
[iter 55880]loss: 2.7638, tokens/sec: 20554.33 ± 88.36, tokens seen: 3433267200, grad norm: 57.5845
[iter 55890]loss: 3.0772, tokens/sec: 20554.33 ± 88.35, tokens seen: 3433881600, grad norm: 45.0794
[iter 55900]loss: 3.2849, tokens/sec: 20554.33 ± 88.35, tokens seen: 3434496000, grad norm: 27.6575
[iter 55910]loss: 2.6634, tokens/sec: 20554.33 ± 88.34, tokens seen: 3435110400, grad norm: 66.7135
[iter 55920]loss: 2.9875, tokens/sec: 20554.33 ± 88.33, tokens seen: 3435724800, grad norm: 21.7414
[iter 55930]loss: 2.9492, tokens/sec: 20554.33 ± 88.32, tokens seen: 3436339200, grad norm: 91.3987
[iter 55940]loss: 2.8041, tokens/sec: 20554.33 ± 88.32, tokens seen: 3436953600, grad norm: 26.0590
[iter 55950]loss: 2.7305, tokens/sec: 20554.33 ± 88.31, tokens seen: 3437568000, grad norm: 24.0203
[iter 55960]loss: 3.1090, tokens/sec: 20554.33 ± 88.30, tokens seen: 3438182400, grad norm: 43.2667
[iter 55970]loss: 3.1205, tokens/sec: 20554.33 ± 88.29, tokens seen: 3438796800, grad norm: 30.3055
[iter 55980]loss: 2.7034, tokens/sec: 20554.33 ± 88.29, tokens seen: 3439411200, grad norm: 34.5077
[iter 55990]loss: 3.1409, tokens/sec: 20554.33 ± 88.28, tokens seen: 3440025600, grad norm: 40.2883
[step 56000]train loss: 2.9429, val loss: 2.9358, (avg train loss: 0.5877 ± 0.0339), (avg grad norm: 43.5478 ± 24.8790)
saving checkpoint to ./out-owt-xl-mhc-bs6-80000step
[iter 56000]loss: 3.1447, tokens/sec: 20554.33 ± 88.27, tokens seen: 3440640000, grad norm: 61.2777
[iter 56010]loss: 2.9825, tokens/sec: 20554.34 ± 88.26, tokens seen: 3441254400, grad norm: 23.4662
[iter 56020]loss: 2.9075, tokens/sec: 20554.33 ± 88.26, tokens seen: 3441868800, grad norm: 34.1290
[iter 56030]loss: 3.0590, tokens/sec: 20554.33 ± 88.25, tokens seen: 3442483200, grad norm: 53.1208
[iter 56040]loss: 3.1065, tokens/sec: 20554.34 ± 88.24, tokens seen: 3443097600, grad norm: 407.0198
[iter 56050]loss: 3.2367, tokens/sec: 20554.34 ± 88.24, tokens seen: 3443712000, grad norm: 32.2029
[iter 56060]loss: 3.1039, tokens/sec: 20554.34 ± 88.23, tokens seen: 3444326400, grad norm: 46.3544
[iter 56070]loss: 3.1755, tokens/sec: 20554.34 ± 88.22, tokens seen: 3444940800, grad norm: 53.0876
[iter 56080]loss: 2.6419, tokens/sec: 20554.34 ± 88.21, tokens seen: 3445555200, grad norm: 18.8252
[iter 56090]loss: 2.8989, tokens/sec: 20554.34 ± 88.21, tokens seen: 3446169600, grad norm: 20.8206
[iter 56100]loss: 2.9591, tokens/sec: 20554.34 ± 88.20, tokens seen: 3446784000, grad norm: 37.2244
[iter 56110]loss: 3.0169, tokens/sec: 20554.34 ± 88.19, tokens seen: 3447398400, grad norm: 39.4769
[iter 56120]loss: 3.0959, tokens/sec: 20554.34 ± 88.19, tokens seen: 3448012800, grad norm: 38.4008
[iter 56130]loss: 2.8081, tokens/sec: 20554.34 ± 88.18, tokens seen: 3448627200, grad norm: 27.0667
[iter 56140]loss: 3.2326, tokens/sec: 20554.34 ± 88.17, tokens seen: 3449241600, grad norm: 21.5437
[iter 56150]loss: 2.9567, tokens/sec: 20554.34 ± 88.16, tokens seen: 3449856000, grad norm: 29.0824
[iter 56160]loss: 3.1390, tokens/sec: 20554.34 ± 88.16, tokens seen: 3450470400, grad norm: 20.8889
[iter 56170]loss: 2.9147, tokens/sec: 20554.35 ± 88.15, tokens seen: 3451084800, grad norm: 18.5319
[iter 56180]loss: 3.0461, tokens/sec: 20554.34 ± 88.14, tokens seen: 3451699200, grad norm: 22.0122
[iter 56190]loss: 2.9123, tokens/sec: 20554.35 ± 88.13, tokens seen: 3452313600, grad norm: 21.9888
[iter 56200]loss: 3.0047, tokens/sec: 20554.35 ± 88.13, tokens seen: 3452928000, grad norm: 23.4453
[iter 56210]loss: 2.9627, tokens/sec: 20554.34 ± 88.12, tokens seen: 3453542400, grad norm: 15.9258
[iter 56220]loss: 2.8826, tokens/sec: 20554.34 ± 88.11, tokens seen: 3454156800, grad norm: 22.2418
[iter 56230]loss: 2.8680, tokens/sec: 20554.34 ± 88.11, tokens seen: 3454771200, grad norm: 23.1439
[iter 56240]loss: 2.6345, tokens/sec: 20554.34 ± 88.10, tokens seen: 3455385600, grad norm: 37.1309
[iter 56250]loss: 2.9212, tokens/sec: 20554.34 ± 88.09, tokens seen: 3456000000, grad norm: 31.7880
[iter 56260]loss: 3.0428, tokens/sec: 20554.35 ± 88.09, tokens seen: 3456614400, grad norm: 33.6667
[iter 56270]loss: 2.8849, tokens/sec: 20554.34 ± 88.08, tokens seen: 3457228800, grad norm: 25.5978
[iter 56280]loss: 3.1922, tokens/sec: 20554.34 ± 88.07, tokens seen: 3457843200, grad norm: 56.7814
[iter 56290]loss: 2.8577, tokens/sec: 20554.35 ± 88.06, tokens seen: 3458457600, grad norm: 69.0476
[iter 56300]loss: 2.9119, tokens/sec: 20554.35 ± 88.06, tokens seen: 3459072000, grad norm: 76.2545
[iter 56310]loss: 3.0107, tokens/sec: 20554.35 ± 88.05, tokens seen: 3459686400, grad norm: 63.5845
[iter 56320]loss: 3.1485, tokens/sec: 20554.34 ± 88.04, tokens seen: 3460300800, grad norm: 26.3801
[iter 56330]loss: 2.9025, tokens/sec: 20554.34 ± 88.04, tokens seen: 3460915200, grad norm: 29.7650
[iter 56340]loss: 2.9269, tokens/sec: 20554.35 ± 88.03, tokens seen: 3461529600, grad norm: 38.5433
[iter 56350]loss: 2.8484, tokens/sec: 20554.35 ± 88.02, tokens seen: 3462144000, grad norm: 26.7582
[iter 56360]loss: 3.0100, tokens/sec: 20554.35 ± 88.01, tokens seen: 3462758400, grad norm: 20.9004
[iter 56370]loss: 2.7717, tokens/sec: 20554.34 ± 88.01, tokens seen: 3463372800, grad norm: 13.2473
[iter 56380]loss: 2.9065, tokens/sec: 20554.34 ± 88.00, tokens seen: 3463987200, grad norm: 117.4349
[iter 56390]loss: 3.1155, tokens/sec: 20554.35 ± 87.99, tokens seen: 3464601600, grad norm: 11.0433
[iter 56400]loss: 2.6027, tokens/sec: 20554.33 ± 88.01, tokens seen: 3465216000, grad norm: 9.9850
[iter 56410]loss: 3.0415, tokens/sec: 20554.33 ± 88.01, tokens seen: 3465830400, grad norm: 36.6955
[iter 56420]loss: 2.9915, tokens/sec: 20554.33 ± 88.00, tokens seen: 3466444800, grad norm: 17.4790
[iter 56430]loss: 3.0198, tokens/sec: 20554.33 ± 87.99, tokens seen: 3467059200, grad norm: 24.8397
[iter 56440]loss: 2.7489, tokens/sec: 20554.33 ± 87.98, tokens seen: 3467673600, grad norm: 17.8810
[iter 56450]loss: 2.8698, tokens/sec: 20554.33 ± 87.98, tokens seen: 3468288000, grad norm: 15.4019
[iter 56460]loss: 3.1222, tokens/sec: 20554.34 ± 87.97, tokens seen: 3468902400, grad norm: 14.1424
[iter 56470]loss: 2.7769, tokens/sec: 20554.33 ± 87.96, tokens seen: 3469516800, grad norm: 21.5166
[iter 56480]loss: 2.8100, tokens/sec: 20554.33 ± 87.96, tokens seen: 3470131200, grad norm: 35.9317
[iter 56490]loss: 2.9331, tokens/sec: 20554.34 ± 87.95, tokens seen: 3470745600, grad norm: 30.5180
[step 56500]train loss: 2.9468, val loss: 2.9630, (avg train loss: 0.5857 ± 0.0325), (avg grad norm: 35.5638 ± 23.1067)
[iter 56500]loss: 2.8237, tokens/sec: 20554.34 ± 87.94, tokens seen: 3471360000, grad norm: 36.9177
[iter 56510]loss: 2.9356, tokens/sec: 20554.34 ± 87.94, tokens seen: 3471974400, grad norm: 41.1706
[iter 56520]loss: 3.1333, tokens/sec: 20554.34 ± 87.93, tokens seen: 3472588800, grad norm: 22.7097
[iter 56530]loss: 2.8061, tokens/sec: 20554.35 ± 87.92, tokens seen: 3473203200, grad norm: 13.2568
[iter 56540]loss: 3.1253, tokens/sec: 20554.35 ± 87.91, tokens seen: 3473817600, grad norm: 30.9999
[iter 56550]loss: 2.7410, tokens/sec: 20554.35 ± 87.91, tokens seen: 3474432000, grad norm: 18.2712
[iter 56560]loss: 2.8317, tokens/sec: 20554.35 ± 87.90, tokens seen: 3475046400, grad norm: 20.3263
[iter 56570]loss: 2.9005, tokens/sec: 20554.35 ± 87.89, tokens seen: 3475660800, grad norm: 40.6419
[iter 56580]loss: 2.9346, tokens/sec: 20554.35 ± 87.88, tokens seen: 3476275200, grad norm: 24.1435
[iter 56590]loss: 3.2051, tokens/sec: 20554.35 ± 87.88, tokens seen: 3476889600, grad norm: 39.9082
[iter 56600]loss: 2.9168, tokens/sec: 20554.35 ± 87.87, tokens seen: 3477504000, grad norm: 32.5730
[iter 56610]loss: 2.7309, tokens/sec: 20554.35 ± 87.86, tokens seen: 3478118400, grad norm: 23.3804
[iter 56620]loss: 3.0009, tokens/sec: 20554.35 ± 87.86, tokens seen: 3478732800, grad norm: 22.3822
[iter 56630]loss: 2.9190, tokens/sec: 20554.35 ± 87.85, tokens seen: 3479347200, grad norm: 40.1503
[iter 56640]loss: 2.9679, tokens/sec: 20554.35 ± 87.84, tokens seen: 3479961600, grad norm: 28.6295
[iter 56650]loss: 3.0304, tokens/sec: 20554.35 ± 87.84, tokens seen: 3480576000, grad norm: 27.1689
[iter 56660]loss: 3.1447, tokens/sec: 20554.35 ± 87.83, tokens seen: 3481190400, grad norm: 35.6493
[iter 56670]loss: 2.7491, tokens/sec: 20554.35 ± 87.82, tokens seen: 3481804800, grad norm: 239.4615
[iter 56680]loss: 2.8458, tokens/sec: 20554.35 ± 87.81, tokens seen: 3482419200, grad norm: 69.2520
[iter 56690]loss: 2.9642, tokens/sec: 20554.35 ± 87.81, tokens seen: 3483033600, grad norm: 176.5062
[iter 56700]loss: 2.9190, tokens/sec: 20554.36 ± 87.80, tokens seen: 3483648000, grad norm: 109.3102
[iter 56710]loss: 2.9515, tokens/sec: 20554.35 ± 87.79, tokens seen: 3484262400, grad norm: 61.8737
[iter 56720]loss: 2.8362, tokens/sec: 20554.36 ± 87.79, tokens seen: 3484876800, grad norm: 32.2863
[iter 56730]loss: 2.9946, tokens/sec: 20554.36 ± 87.78, tokens seen: 3485491200, grad norm: 24.2552
[iter 56740]loss: 2.7976, tokens/sec: 20554.36 ± 87.77, tokens seen: 3486105600, grad norm: 34.2187
[iter 56750]loss: 2.7849, tokens/sec: 20554.36 ± 87.77, tokens seen: 3486720000, grad norm: 48.9217
[iter 56760]loss: 2.7627, tokens/sec: 20554.36 ± 87.76, tokens seen: 3487334400, grad norm: 32.2284
[iter 56770]loss: 2.6515, tokens/sec: 20554.37 ± 87.75, tokens seen: 3487948800, grad norm: 49.7666
[iter 56780]loss: 2.6827, tokens/sec: 20554.37 ± 87.75, tokens seen: 3488563200, grad norm: 101.2371
[iter 56790]loss: 3.0304, tokens/sec: 20554.37 ± 87.74, tokens seen: 3489177600, grad norm: 29.0309
[iter 56800]loss: 2.8799, tokens/sec: 20554.37 ± 87.73, tokens seen: 3489792000, grad norm: 32.3382
[iter 56810]loss: 2.8266, tokens/sec: 20554.37 ± 87.72, tokens seen: 3490406400, grad norm: 49.2314
[iter 56820]loss: 2.7870, tokens/sec: 20554.38 ± 87.72, tokens seen: 3491020800, grad norm: 30.7487
[iter 56830]loss: 2.9037, tokens/sec: 20554.38 ± 87.71, tokens seen: 3491635200, grad norm: 32.0840
[iter 56840]loss: 3.0532, tokens/sec: 20554.38 ± 87.70, tokens seen: 3492249600, grad norm: 105.3213
[iter 56850]loss: 2.8979, tokens/sec: 20554.38 ± 87.70, tokens seen: 3492864000, grad norm: 41.8727
[iter 56860]loss: 2.7745, tokens/sec: 20554.38 ± 87.69, tokens seen: 3493478400, grad norm: 34.5704
[iter 56870]loss: 2.8486, tokens/sec: 20554.38 ± 87.68, tokens seen: 3494092800, grad norm: 56.4228
[iter 56880]loss: 2.8615, tokens/sec: 20554.38 ± 87.67, tokens seen: 3494707200, grad norm: 29.8406
[iter 56890]loss: 3.0090, tokens/sec: 20554.38 ± 87.67, tokens seen: 3495321600, grad norm: 58.5518
[iter 56900]loss: 2.7163, tokens/sec: 20554.39 ± 87.66, tokens seen: 3495936000, grad norm: 70.2163
[iter 56910]loss: 2.8395, tokens/sec: 20554.39 ± 87.65, tokens seen: 3496550400, grad norm: 34.0139
[iter 56920]loss: 2.8924, tokens/sec: 20554.39 ± 87.65, tokens seen: 3497164800, grad norm: 53.0422
[iter 56930]loss: 3.0961, tokens/sec: 20554.39 ± 87.64, tokens seen: 3497779200, grad norm: 19.9608
[iter 56940]loss: 3.0620, tokens/sec: 20554.38 ± 87.63, tokens seen: 3498393600, grad norm: 35.1997
[iter 56950]loss: 3.2569, tokens/sec: 20554.39 ± 87.63, tokens seen: 3499008000, grad norm: 47.7383
[iter 56960]loss: 3.1192, tokens/sec: 20554.39 ± 87.62, tokens seen: 3499622400, grad norm: 66.0473
[iter 56970]loss: 2.7687, tokens/sec: 20554.39 ± 87.61, tokens seen: 3500236800, grad norm: 98.9595
[iter 56980]loss: 2.8026, tokens/sec: 20554.39 ± 87.60, tokens seen: 3500851200, grad norm: 48.2645
[iter 56990]loss: 2.9712, tokens/sec: 20554.39 ± 87.60, tokens seen: 3501465600, grad norm: 34.1152
[step 57000]train loss: 2.9537, val loss: 2.9397, (avg train loss: 0.5900 ± 0.0306), (avg grad norm: 44.5141 ± 38.8489)
[iter 57000]loss: 2.8043, tokens/sec: 20554.39 ± 87.59, tokens seen: 3502080000, grad norm: 24.0073
[iter 57010]loss: 2.9590, tokens/sec: 20554.39 ± 87.58, tokens seen: 3502694400, grad norm: 21.7042
[iter 57020]loss: 2.9291, tokens/sec: 20554.39 ± 87.58, tokens seen: 3503308800, grad norm: 18.3277
[iter 57030]loss: 2.8672, tokens/sec: 20554.39 ± 87.57, tokens seen: 3503923200, grad norm: 43.1337
[iter 57040]loss: 3.0947, tokens/sec: 20554.39 ± 87.56, tokens seen: 3504537600, grad norm: 55.6437
[iter 57050]loss: 2.9605, tokens/sec: 20554.39 ± 87.56, tokens seen: 3505152000, grad norm: 58.5654
[iter 57060]loss: 2.8963, tokens/sec: 20554.39 ± 87.55, tokens seen: 3505766400, grad norm: 56.2135
[iter 57070]loss: 2.8598, tokens/sec: 20554.39 ± 87.54, tokens seen: 3506380800, grad norm: 52.8624
[iter 57080]loss: 2.8017, tokens/sec: 20554.39 ± 87.53, tokens seen: 3506995200, grad norm: 33.4510
[iter 57090]loss: 3.0022, tokens/sec: 20554.39 ± 87.53, tokens seen: 3507609600, grad norm: 47.8407
[iter 57100]loss: 2.7927, tokens/sec: 20554.39 ± 87.52, tokens seen: 3508224000, grad norm: 50.9538
[iter 57110]loss: 2.9852, tokens/sec: 20554.39 ± 87.51, tokens seen: 3508838400, grad norm: 47.9387
[iter 57120]loss: 3.1579, tokens/sec: 20554.40 ± 87.51, tokens seen: 3509452800, grad norm: 24.9850
[iter 57130]loss: 2.8472, tokens/sec: 20554.40 ± 87.50, tokens seen: 3510067200, grad norm: 29.7755
[iter 57140]loss: 3.0576, tokens/sec: 20554.39 ± 87.49, tokens seen: 3510681600, grad norm: 34.9811
[iter 57150]loss: 2.8339, tokens/sec: 20554.40 ± 87.48, tokens seen: 3511296000, grad norm: 30.0833
[iter 57160]loss: 2.9534, tokens/sec: 20554.40 ± 87.48, tokens seen: 3511910400, grad norm: 29.2576
[iter 57170]loss: 3.0043, tokens/sec: 20554.40 ± 87.47, tokens seen: 3512524800, grad norm: 36.4580
[iter 57180]loss: 3.1245, tokens/sec: 20554.40 ± 87.46, tokens seen: 3513139200, grad norm: 76.7998
[iter 57190]loss: 2.8422, tokens/sec: 20554.40 ± 87.46, tokens seen: 3513753600, grad norm: 40.9652
[iter 57200]loss: 3.1965, tokens/sec: 20554.39 ± 87.45, tokens seen: 3514368000, grad norm: 40.9761
[iter 57210]loss: 3.0560, tokens/sec: 20554.39 ± 87.44, tokens seen: 3514982400, grad norm: 56.0884
[iter 57220]loss: 3.0252, tokens/sec: 20554.39 ± 87.44, tokens seen: 3515596800, grad norm: 58.6054
[iter 57230]loss: 3.1985, tokens/sec: 20554.39 ± 87.43, tokens seen: 3516211200, grad norm: 59.2164
[iter 57240]loss: 3.0961, tokens/sec: 20554.39 ± 87.42, tokens seen: 3516825600, grad norm: 97.8192
[iter 57250]loss: 2.9037, tokens/sec: 20554.38 ± 87.42, tokens seen: 3517440000, grad norm: 48.0714
[iter 57260]loss: 2.9551, tokens/sec: 20554.39 ± 87.41, tokens seen: 3518054400, grad norm: 61.5188
[iter 57270]loss: 3.1051, tokens/sec: 20554.38 ± 87.41, tokens seen: 3518668800, grad norm: 35.5256
[iter 57280]loss: 2.8711, tokens/sec: 20554.38 ± 87.40, tokens seen: 3519283200, grad norm: 48.1582
[iter 57290]loss: 3.1656, tokens/sec: 20554.38 ± 87.39, tokens seen: 3519897600, grad norm: 35.2508
[iter 57300]loss: 2.9703, tokens/sec: 20554.38 ± 87.39, tokens seen: 3520512000, grad norm: 45.0270
[iter 57310]loss: 3.0620, tokens/sec: 20554.38 ± 87.38, tokens seen: 3521126400, grad norm: 99.7298
[iter 57320]loss: 3.0762, tokens/sec: 20554.38 ± 87.37, tokens seen: 3521740800, grad norm: 62.5488
[iter 57330]loss: 3.2355, tokens/sec: 20554.38 ± 87.37, tokens seen: 3522355200, grad norm: 48.7612
[iter 57340]loss: 2.7730, tokens/sec: 20554.37 ± 87.37, tokens seen: 3522969600, grad norm: 31.1103
[iter 57350]loss: 2.8086, tokens/sec: 20554.38 ± 87.37, tokens seen: 3523584000, grad norm: 57.1730
[iter 57360]loss: 2.9709, tokens/sec: 20554.38 ± 87.36, tokens seen: 3524198400, grad norm: 44.2418
[iter 57370]loss: 3.0368, tokens/sec: 20554.38 ± 87.35, tokens seen: 3524812800, grad norm: 38.3652
[iter 57380]loss: 2.9448, tokens/sec: 20554.38 ± 87.34, tokens seen: 3525427200, grad norm: 84.2550
[iter 57390]loss: 2.9616, tokens/sec: 20554.38 ± 87.34, tokens seen: 3526041600, grad norm: 76.8400
[iter 57400]loss: 3.1320, tokens/sec: 20554.38 ± 87.33, tokens seen: 3526656000, grad norm: 58.9428
[iter 57410]loss: 2.8784, tokens/sec: 20554.38 ± 87.32, tokens seen: 3527270400, grad norm: 46.8836
[iter 57420]loss: 2.7659, tokens/sec: 20554.38 ± 87.32, tokens seen: 3527884800, grad norm: 31.9403
[iter 57430]loss: 2.3800, tokens/sec: 20554.38 ± 87.31, tokens seen: 3528499200, grad norm: 28.4484
[iter 57440]loss: 2.7517, tokens/sec: 20554.39 ± 87.30, tokens seen: 3529113600, grad norm: 62.4993
[iter 57450]loss: 3.1088, tokens/sec: 20554.39 ± 87.29, tokens seen: 3529728000, grad norm: 48.9544
[iter 57460]loss: 3.1918, tokens/sec: 20554.39 ± 87.29, tokens seen: 3530342400, grad norm: 46.9022
[iter 57470]loss: 2.6971, tokens/sec: 20554.39 ± 87.28, tokens seen: 3530956800, grad norm: 45.6660
[iter 57480]loss: 2.9358, tokens/sec: 20554.39 ± 87.27, tokens seen: 3531571200, grad norm: 61.9150
[iter 57490]loss: 2.7024, tokens/sec: 20554.39 ± 87.27, tokens seen: 3532185600, grad norm: 17.6260
[step 57500]train loss: 2.9333, val loss: 2.9597, (avg train loss: 0.5900 ± 0.0317), (avg grad norm: 53.4595 ± 31.6945)
[iter 57500]loss: 2.9011, tokens/sec: 20554.39 ± 87.26, tokens seen: 3532800000, grad norm: 33.6851
[iter 57510]loss: 2.9583, tokens/sec: 20554.39 ± 87.25, tokens seen: 3533414400, grad norm: 37.9635
[iter 57520]loss: 2.9210, tokens/sec: 20554.39 ± 87.25, tokens seen: 3534028800, grad norm: 34.8660
[iter 57530]loss: 2.9649, tokens/sec: 20554.39 ± 87.24, tokens seen: 3534643200, grad norm: 53.6048
[iter 57540]loss: 2.8121, tokens/sec: 20554.39 ± 87.23, tokens seen: 3535257600, grad norm: 43.5383
[iter 57550]loss: 2.9497, tokens/sec: 20554.39 ± 87.23, tokens seen: 3535872000, grad norm: 41.6142
[iter 57560]loss: 3.1634, tokens/sec: 20554.39 ± 87.23, tokens seen: 3536486400, grad norm: 35.7079
[iter 57570]loss: 3.1076, tokens/sec: 20554.39 ± 87.22, tokens seen: 3537100800, grad norm: 73.7716
[iter 57580]loss: 2.6827, tokens/sec: 20554.39 ± 87.22, tokens seen: 3537715200, grad norm: 24.1184
[iter 57590]loss: 3.1876, tokens/sec: 20554.39 ± 87.21, tokens seen: 3538329600, grad norm: 50.5776
[iter 57600]loss: 2.6315, tokens/sec: 20554.39 ± 87.20, tokens seen: 3538944000, grad norm: 38.5430
[iter 57610]loss: 2.9376, tokens/sec: 20554.39 ± 87.19, tokens seen: 3539558400, grad norm: 20.6612
[iter 57620]loss: 2.8977, tokens/sec: 20554.39 ± 87.19, tokens seen: 3540172800, grad norm: 55.1936
[iter 57630]loss: 2.9197, tokens/sec: 20554.39 ± 87.18, tokens seen: 3540787200, grad norm: 94.6044
[iter 57640]loss: 2.8843, tokens/sec: 20554.39 ± 87.17, tokens seen: 3541401600, grad norm: 20.9033
[iter 57650]loss: 3.0823, tokens/sec: 20554.39 ± 87.17, tokens seen: 3542016000, grad norm: 118.5114
[iter 57660]loss: 2.7308, tokens/sec: 20554.39 ± 87.16, tokens seen: 3542630400, grad norm: 32.2616
[iter 57670]loss: 2.7195, tokens/sec: 20554.39 ± 87.15, tokens seen: 3543244800, grad norm: 23.3659
[iter 57680]loss: 3.0328, tokens/sec: 20554.39 ± 87.15, tokens seen: 3543859200, grad norm: 34.1682
[iter 57690]loss: 2.9604, tokens/sec: 20554.39 ± 87.14, tokens seen: 3544473600, grad norm: 74.1518
[iter 57700]loss: 3.0767, tokens/sec: 20554.39 ± 87.13, tokens seen: 3545088000, grad norm: 19.7874
[iter 57710]loss: 2.8904, tokens/sec: 20554.39 ± 87.12, tokens seen: 3545702400, grad norm: 60.6986
[iter 57720]loss: 2.7032, tokens/sec: 20554.39 ± 87.12, tokens seen: 3546316800, grad norm: 25.5674
[iter 57730]loss: 2.9461, tokens/sec: 20554.39 ± 87.11, tokens seen: 3546931200, grad norm: 75.4086
[iter 57740]loss: 2.8705, tokens/sec: 20554.38 ± 87.10, tokens seen: 3547545600, grad norm: 18.1364
[iter 57750]loss: 2.7310, tokens/sec: 20554.38 ± 87.10, tokens seen: 3548160000, grad norm: 27.7707
[iter 57760]loss: 2.9585, tokens/sec: 20554.38 ± 87.09, tokens seen: 3548774400, grad norm: 57.8281
[iter 57770]loss: 2.9799, tokens/sec: 20554.37 ± 87.09, tokens seen: 3549388800, grad norm: 26.6970
[iter 57780]loss: 2.9393, tokens/sec: 20554.37 ± 87.08, tokens seen: 3550003200, grad norm: 42.0952
[iter 57790]loss: 2.9310, tokens/sec: 20554.37 ± 87.07, tokens seen: 3550617600, grad norm: 31.1810
[iter 57800]loss: 3.0537, tokens/sec: 20554.37 ± 87.07, tokens seen: 3551232000, grad norm: 20.8822
[iter 57810]loss: 2.7075, tokens/sec: 20554.37 ± 87.06, tokens seen: 3551846400, grad norm: 23.7932
[iter 57820]loss: 3.0078, tokens/sec: 20554.37 ± 87.05, tokens seen: 3552460800, grad norm: 51.1329
[iter 57830]loss: 2.9312, tokens/sec: 20554.37 ± 87.05, tokens seen: 3553075200, grad norm: 33.0745
[iter 57840]loss: 2.7556, tokens/sec: 20554.37 ± 87.04, tokens seen: 3553689600, grad norm: 25.5374
[iter 57850]loss: 2.8128, tokens/sec: 20554.37 ± 87.03, tokens seen: 3554304000, grad norm: 14.5526
[iter 57860]loss: 3.0100, tokens/sec: 20554.37 ± 87.03, tokens seen: 3554918400, grad norm: 50.5280
[iter 57870]loss: 3.1026, tokens/sec: 20554.37 ± 87.02, tokens seen: 3555532800, grad norm: 52.5934
[iter 57880]loss: 3.0779, tokens/sec: 20554.37 ± 87.01, tokens seen: 3556147200, grad norm: 47.3529
[iter 57890]loss: 3.2093, tokens/sec: 20554.37 ± 87.01, tokens seen: 3556761600, grad norm: 46.8466
[iter 57900]loss: 2.8377, tokens/sec: 20554.37 ± 87.00, tokens seen: 3557376000, grad norm: 44.3316
[iter 57910]loss: 2.6845, tokens/sec: 20554.37 ± 86.99, tokens seen: 3557990400, grad norm: 14.6000
[iter 57920]loss: 3.0310, tokens/sec: 20554.37 ± 86.98, tokens seen: 3558604800, grad norm: 19.7756
[iter 57930]loss: 2.7465, tokens/sec: 20554.37 ± 86.98, tokens seen: 3559219200, grad norm: 36.6060
[iter 57940]loss: 2.9712, tokens/sec: 20554.37 ± 86.97, tokens seen: 3559833600, grad norm: 15.6218
[iter 57950]loss: 3.0093, tokens/sec: 20554.37 ± 86.96, tokens seen: 3560448000, grad norm: 37.6737
[iter 57960]loss: 3.0010, tokens/sec: 20554.37 ± 86.96, tokens seen: 3561062400, grad norm: 36.5325
[iter 57970]loss: 2.8672, tokens/sec: 20554.37 ± 86.95, tokens seen: 3561676800, grad norm: 20.4975
[iter 57980]loss: 2.9980, tokens/sec: 20554.37 ± 86.94, tokens seen: 3562291200, grad norm: 23.3613
[iter 57990]loss: 3.0775, tokens/sec: 20554.37 ± 86.94, tokens seen: 3562905600, grad norm: 24.8767
[step 58000]train loss: 2.9405, val loss: 2.9589, (avg train loss: 0.5852 ± 0.0305), (avg grad norm: 45.3325 ± 36.3676)
[iter 58000]loss: 2.8929, tokens/sec: 20554.38 ± 86.93, tokens seen: 3563520000, grad norm: 17.1173
[iter 58010]loss: 2.9835, tokens/sec: 20554.38 ± 86.92, tokens seen: 3564134400, grad norm: 18.6618
[iter 58020]loss: 2.9959, tokens/sec: 20554.38 ± 86.92, tokens seen: 3564748800, grad norm: 44.2744
[iter 58030]loss: 2.9074, tokens/sec: 20554.38 ± 86.91, tokens seen: 3565363200, grad norm: 55.1451
[iter 58040]loss: 3.2635, tokens/sec: 20554.38 ± 86.90, tokens seen: 3565977600, grad norm: 30.2768
[iter 58050]loss: 2.9518, tokens/sec: 20554.38 ± 86.89, tokens seen: 3566592000, grad norm: 35.3082
[iter 58060]loss: 2.9118, tokens/sec: 20554.38 ± 86.89, tokens seen: 3567206400, grad norm: 22.1862
[iter 58070]loss: 3.0638, tokens/sec: 20554.38 ± 86.88, tokens seen: 3567820800, grad norm: 34.0217
[iter 58080]loss: 2.8841, tokens/sec: 20554.38 ± 86.87, tokens seen: 3568435200, grad norm: 37.5853
[iter 58090]loss: 3.0272, tokens/sec: 20554.38 ± 86.87, tokens seen: 3569049600, grad norm: 70.3067
[iter 58100]loss: 2.8784, tokens/sec: 20554.38 ± 86.86, tokens seen: 3569664000, grad norm: 134.3133
[iter 58110]loss: 3.0641, tokens/sec: 20554.38 ± 86.85, tokens seen: 3570278400, grad norm: 33.7335
[iter 58120]loss: 2.8930, tokens/sec: 20554.38 ± 86.85, tokens seen: 3570892800, grad norm: 56.2654
[iter 58130]loss: 2.3770, tokens/sec: 20554.38 ± 86.84, tokens seen: 3571507200, grad norm: 44.1508
[iter 58140]loss: 3.0609, tokens/sec: 20554.38 ± 86.83, tokens seen: 3572121600, grad norm: 18.8382
[iter 58150]loss: 2.7292, tokens/sec: 20554.38 ± 86.82, tokens seen: 3572736000, grad norm: 25.6415
[iter 58160]loss: 2.9913, tokens/sec: 20554.38 ± 86.82, tokens seen: 3573350400, grad norm: 55.1322
[iter 58170]loss: 3.2425, tokens/sec: 20554.38 ± 86.81, tokens seen: 3573964800, grad norm: 19.4604
[iter 58180]loss: 2.7147, tokens/sec: 20554.38 ± 86.80, tokens seen: 3574579200, grad norm: 91.6751
[iter 58190]loss: 3.1903, tokens/sec: 20554.38 ± 86.80, tokens seen: 3575193600, grad norm: 26.8054
[iter 58200]loss: 2.8725, tokens/sec: 20554.38 ± 86.79, tokens seen: 3575808000, grad norm: 42.8079
[iter 58210]loss: 2.8301, tokens/sec: 20554.38 ± 86.78, tokens seen: 3576422400, grad norm: 21.6923
[iter 58220]loss: 2.7633, tokens/sec: 20554.38 ± 86.78, tokens seen: 3577036800, grad norm: 27.2607
[iter 58230]loss: 2.8741, tokens/sec: 20554.38 ± 86.77, tokens seen: 3577651200, grad norm: 58.4116
[iter 58240]loss: 3.0784, tokens/sec: 20554.38 ± 86.76, tokens seen: 3578265600, grad norm: 30.3761
[iter 58250]loss: 2.8363, tokens/sec: 20554.38 ± 86.75, tokens seen: 3578880000, grad norm: 15.7084
[iter 58260]loss: 2.9727, tokens/sec: 20554.38 ± 86.75, tokens seen: 3579494400, grad norm: 55.1339
[iter 58270]loss: 3.1593, tokens/sec: 20554.38 ± 86.74, tokens seen: 3580108800, grad norm: 17.2481
[iter 58280]loss: 2.9162, tokens/sec: 20554.38 ± 86.73, tokens seen: 3580723200, grad norm: 65.7999
[iter 58290]loss: 2.8776, tokens/sec: 20554.38 ± 86.73, tokens seen: 3581337600, grad norm: 55.6491
[iter 58300]loss: 2.7965, tokens/sec: 20554.38 ± 86.72, tokens seen: 3581952000, grad norm: 27.0700
[iter 58310]loss: 2.7012, tokens/sec: 20554.38 ± 86.71, tokens seen: 3582566400, grad norm: 36.2567
[iter 58320]loss: 3.0673, tokens/sec: 20554.38 ± 86.71, tokens seen: 3583180800, grad norm: 22.7101
[iter 58330]loss: 3.0366, tokens/sec: 20554.38 ± 86.70, tokens seen: 3583795200, grad norm: 22.5454
[iter 58340]loss: 2.9403, tokens/sec: 20554.38 ± 86.69, tokens seen: 3584409600, grad norm: 33.6091
[iter 58350]loss: 2.8042, tokens/sec: 20554.38 ± 86.69, tokens seen: 3585024000, grad norm: 21.8034
[iter 58360]loss: 3.0582, tokens/sec: 20554.38 ± 86.68, tokens seen: 3585638400, grad norm: 93.2044
[iter 58370]loss: 2.9673, tokens/sec: 20554.38 ± 86.67, tokens seen: 3586252800, grad norm: 38.5692
[iter 58380]loss: 3.1897, tokens/sec: 20554.39 ± 86.66, tokens seen: 3586867200, grad norm: 33.0139
[iter 58390]loss: 2.8751, tokens/sec: 20554.38 ± 86.66, tokens seen: 3587481600, grad norm: 56.0468
[iter 58400]loss: 3.0653, tokens/sec: 20554.38 ± 86.65, tokens seen: 3588096000, grad norm: 116.3725
[iter 58410]loss: 2.7776, tokens/sec: 20554.38 ± 86.64, tokens seen: 3588710400, grad norm: 38.9163
[iter 58420]loss: 2.8817, tokens/sec: 20554.39 ± 86.64, tokens seen: 3589324800, grad norm: 57.6149
[iter 58430]loss: 3.0471, tokens/sec: 20554.39 ± 86.63, tokens seen: 3589939200, grad norm: 25.4617
[iter 58440]loss: 3.1691, tokens/sec: 20554.39 ± 86.62, tokens seen: 3590553600, grad norm: 107.6359
[iter 58450]loss: 3.0572, tokens/sec: 20554.39 ± 86.62, tokens seen: 3591168000, grad norm: 88.0366
[iter 58460]loss: 2.9608, tokens/sec: 20554.39 ± 86.61, tokens seen: 3591782400, grad norm: 50.6000
[iter 58470]loss: 2.6764, tokens/sec: 20554.38 ± 86.60, tokens seen: 3592396800, grad norm: 65.8504
[iter 58480]loss: 2.5460, tokens/sec: 20554.38 ± 86.60, tokens seen: 3593011200, grad norm: 89.4868
[iter 58490]loss: 2.8428, tokens/sec: 20554.38 ± 86.59, tokens seen: 3593625600, grad norm: 80.0213
[step 58500]train loss: 2.9355, val loss: 2.9487, (avg train loss: 0.5856 ± 0.0344), (avg grad norm: 54.0090 ± 55.3921)
[iter 58500]loss: 3.1964, tokens/sec: 20554.38 ± 86.58, tokens seen: 3594240000, grad norm: 38.7861
[iter 58510]loss: 3.6060, tokens/sec: 20554.38 ± 86.58, tokens seen: 3594854400, grad norm: 87.7821
[iter 58520]loss: 2.9860, tokens/sec: 20554.38 ± 86.57, tokens seen: 3595468800, grad norm: 31.7280
[iter 58530]loss: 2.8330, tokens/sec: 20554.38 ± 86.56, tokens seen: 3596083200, grad norm: 23.8281
[iter 58540]loss: 3.0692, tokens/sec: 20554.38 ± 86.56, tokens seen: 3596697600, grad norm: 58.0991
[iter 58550]loss: 3.0422, tokens/sec: 20554.38 ± 86.55, tokens seen: 3597312000, grad norm: 55.2746
[iter 58560]loss: 3.0784, tokens/sec: 20554.38 ± 86.54, tokens seen: 3597926400, grad norm: 52.2000
[iter 58570]loss: 3.1374, tokens/sec: 20554.38 ± 86.54, tokens seen: 3598540800, grad norm: 21.1383
[iter 58580]loss: 2.9026, tokens/sec: 20554.38 ± 86.53, tokens seen: 3599155200, grad norm: 99.1279
[iter 58590]loss: 2.8733, tokens/sec: 20554.38 ± 86.52, tokens seen: 3599769600, grad norm: 19.9513
[iter 58600]loss: 3.0081, tokens/sec: 20554.38 ± 86.51, tokens seen: 3600384000, grad norm: 111.9526
[iter 58610]loss: 2.7413, tokens/sec: 20554.39 ± 86.51, tokens seen: 3600998400, grad norm: 54.1903
[iter 58620]loss: 3.3022, tokens/sec: 20554.39 ± 86.50, tokens seen: 3601612800, grad norm: 77.6985
[iter 58630]loss: 2.8474, tokens/sec: 20554.39 ± 86.49, tokens seen: 3602227200, grad norm: 70.6725
[iter 58640]loss: 2.7569, tokens/sec: 20554.39 ± 86.49, tokens seen: 3602841600, grad norm: 92.6667
[iter 58650]loss: 2.8902, tokens/sec: 20554.39 ± 86.48, tokens seen: 3603456000, grad norm: 135.4325
[iter 58660]loss: 2.6360, tokens/sec: 20554.39 ± 86.47, tokens seen: 3604070400, grad norm: 34.7187
[iter 58670]loss: 2.9302, tokens/sec: 20554.39 ± 86.47, tokens seen: 3604684800, grad norm: 33.2229
[iter 58680]loss: 3.0063, tokens/sec: 20554.39 ± 86.46, tokens seen: 3605299200, grad norm: 38.7247
[iter 58690]loss: 2.9958, tokens/sec: 20554.39 ± 86.45, tokens seen: 3605913600, grad norm: 98.9464
[iter 58700]loss: 2.9973, tokens/sec: 20554.39 ± 86.44, tokens seen: 3606528000, grad norm: 45.4904
[iter 58710]loss: 2.8929, tokens/sec: 20554.39 ± 86.44, tokens seen: 3607142400, grad norm: 35.6125
[iter 58720]loss: 2.9200, tokens/sec: 20554.39 ± 86.43, tokens seen: 3607756800, grad norm: 41.6076
[iter 58730]loss: 3.0653, tokens/sec: 20554.39 ± 86.42, tokens seen: 3608371200, grad norm: 50.1193
[iter 58740]loss: 2.9679, tokens/sec: 20554.39 ± 86.42, tokens seen: 3608985600, grad norm: 70.3387
[iter 58750]loss: 2.9288, tokens/sec: 20554.39 ± 86.41, tokens seen: 3609600000, grad norm: 35.9258
[iter 58760]loss: 2.7952, tokens/sec: 20554.39 ± 86.40, tokens seen: 3610214400, grad norm: 56.2085
[iter 58770]loss: 3.0505, tokens/sec: 20554.40 ± 86.40, tokens seen: 3610828800, grad norm: 135.3553
[iter 58780]loss: 3.2597, tokens/sec: 20554.40 ± 86.39, tokens seen: 3611443200, grad norm: 53.4666
[iter 58790]loss: 2.9261, tokens/sec: 20554.40 ± 86.38, tokens seen: 3612057600, grad norm: 21.1697
[iter 58800]loss: 2.9625, tokens/sec: 20554.40 ± 86.38, tokens seen: 3612672000, grad norm: 18.9853
[iter 58810]loss: 3.1014, tokens/sec: 20554.40 ± 86.37, tokens seen: 3613286400, grad norm: 173.6498
[iter 58820]loss: 2.7810, tokens/sec: 20554.40 ± 86.36, tokens seen: 3613900800, grad norm: 37.3159
[iter 58830]loss: 3.1095, tokens/sec: 20554.40 ± 86.35, tokens seen: 3614515200, grad norm: 55.9139
[iter 58840]loss: 2.8667, tokens/sec: 20554.40 ± 86.35, tokens seen: 3615129600, grad norm: 50.8066
[iter 58850]loss: 2.8768, tokens/sec: 20554.40 ± 86.34, tokens seen: 3615744000, grad norm: 170.1418
[iter 58860]loss: 2.6146, tokens/sec: 20554.41 ± 86.33, tokens seen: 3616358400, grad norm: 62.6567
[iter 58870]loss: 3.0857, tokens/sec: 20554.41 ± 86.33, tokens seen: 3616972800, grad norm: 47.0706
[iter 58880]loss: 3.1315, tokens/sec: 20554.41 ± 86.32, tokens seen: 3617587200, grad norm: 129.8754
[iter 58890]loss: 3.1468, tokens/sec: 20554.41 ± 86.31, tokens seen: 3618201600, grad norm: 82.3293
[iter 58900]loss: 2.9358, tokens/sec: 20554.41 ± 86.31, tokens seen: 3618816000, grad norm: 110.5182
[iter 58910]loss: 2.7732, tokens/sec: 20554.41 ± 86.30, tokens seen: 3619430400, grad norm: 25.2892
[iter 58920]loss: 3.2269, tokens/sec: 20554.40 ± 86.29, tokens seen: 3620044800, grad norm: 49.1540
[iter 58930]loss: 2.8506, tokens/sec: 20554.40 ± 86.29, tokens seen: 3620659200, grad norm: 48.0411
[iter 58940]loss: 3.0011, tokens/sec: 20554.41 ± 86.28, tokens seen: 3621273600, grad norm: 31.1015
[iter 58950]loss: 3.1054, tokens/sec: 20554.40 ± 86.27, tokens seen: 3621888000, grad norm: 28.8472
[iter 58960]loss: 2.8616, tokens/sec: 20554.40 ± 86.27, tokens seen: 3622502400, grad norm: 63.3477
[iter 58970]loss: 3.1727, tokens/sec: 20554.41 ± 86.26, tokens seen: 3623116800, grad norm: 54.4301
[iter 58980]loss: 2.8418, tokens/sec: 20554.41 ± 86.25, tokens seen: 3623731200, grad norm: 51.4271
[iter 58990]loss: 2.9346, tokens/sec: 20554.41 ± 86.25, tokens seen: 3624345600, grad norm: 49.1518
[step 59000]train loss: 2.9368, val loss: 2.9484, (avg train loss: 0.5877 ± 0.0301), (avg grad norm: 69.9508 ± 42.9559)
[iter 59000]loss: 2.8311, tokens/sec: 20554.41 ± 86.24, tokens seen: 3624960000, grad norm: 79.6339
[iter 59010]loss: 2.9396, tokens/sec: 20554.41 ± 86.23, tokens seen: 3625574400, grad norm: 268.3660
[iter 59020]loss: 2.9549, tokens/sec: 20554.41 ± 86.23, tokens seen: 3626188800, grad norm: 73.4219
[iter 59030]loss: 2.7446, tokens/sec: 20554.41 ± 86.22, tokens seen: 3626803200, grad norm: 104.7153
[iter 59040]loss: 2.6611, tokens/sec: 20554.41 ± 86.21, tokens seen: 3627417600, grad norm: 33.3710
[iter 59050]loss: 2.9789, tokens/sec: 20554.41 ± 86.21, tokens seen: 3628032000, grad norm: 48.4048
[iter 59060]loss: 2.7731, tokens/sec: 20554.41 ± 86.20, tokens seen: 3628646400, grad norm: 151.1874
[iter 59070]loss: 2.8342, tokens/sec: 20554.41 ± 86.19, tokens seen: 3629260800, grad norm: 46.6438
[iter 59080]loss: 3.1551, tokens/sec: 20554.41 ± 86.18, tokens seen: 3629875200, grad norm: 161.6228
[iter 59090]loss: 2.9467, tokens/sec: 20554.42 ± 86.18, tokens seen: 3630489600, grad norm: 89.2398
[iter 59100]loss: 2.9904, tokens/sec: 20554.42 ± 86.17, tokens seen: 3631104000, grad norm: 58.6188
[iter 59110]loss: 2.9766, tokens/sec: 20554.42 ± 86.16, tokens seen: 3631718400, grad norm: 225.1585
[iter 59120]loss: 2.9775, tokens/sec: 20554.42 ± 86.16, tokens seen: 3632332800, grad norm: 114.0406
[iter 59130]loss: 2.7476, tokens/sec: 20554.42 ± 86.15, tokens seen: 3632947200, grad norm: 62.2117
[iter 59140]loss: 2.8077, tokens/sec: 20554.42 ± 86.14, tokens seen: 3633561600, grad norm: 54.5532
[iter 59150]loss: 3.0234, tokens/sec: 20554.43 ± 86.14, tokens seen: 3634176000, grad norm: 45.5159
[iter 59160]loss: 2.8025, tokens/sec: 20554.43 ± 86.13, tokens seen: 3634790400, grad norm: 65.8531
[iter 59170]loss: 2.9453, tokens/sec: 20554.43 ± 86.12, tokens seen: 3635404800, grad norm: 59.1421
[iter 59180]loss: 2.8205, tokens/sec: 20554.43 ± 86.12, tokens seen: 3636019200, grad norm: 93.9308
[iter 59190]loss: 2.9420, tokens/sec: 20554.43 ± 86.11, tokens seen: 3636633600, grad norm: 91.6067
[iter 59200]loss: 2.9793, tokens/sec: 20554.43 ± 86.10, tokens seen: 3637248000, grad norm: 75.3668
[iter 59210]loss: 2.6055, tokens/sec: 20554.43 ± 86.10, tokens seen: 3637862400, grad norm: 157.9489
[iter 59220]loss: 2.7948, tokens/sec: 20554.44 ± 86.09, tokens seen: 3638476800, grad norm: 133.9579
[iter 59230]loss: 3.0747, tokens/sec: 20554.43 ± 86.08, tokens seen: 3639091200, grad norm: 89.8463
[iter 59240]loss: 3.3313, tokens/sec: 20554.44 ± 86.08, tokens seen: 3639705600, grad norm: 69.5276
[iter 59250]loss: 3.0239, tokens/sec: 20554.44 ± 86.07, tokens seen: 3640320000, grad norm: 105.7065
[iter 59260]loss: 2.9476, tokens/sec: 20554.44 ± 86.06, tokens seen: 3640934400, grad norm: 53.9476
[iter 59270]loss: 3.0057, tokens/sec: 20554.44 ± 86.06, tokens seen: 3641548800, grad norm: 63.7340
[iter 59280]loss: 2.8367, tokens/sec: 20554.44 ± 86.05, tokens seen: 3642163200, grad norm: 45.5326
[iter 59290]loss: 2.9397, tokens/sec: 20554.43 ± 86.04, tokens seen: 3642777600, grad norm: 87.6601
[iter 59300]loss: 2.9594, tokens/sec: 20554.43 ± 86.04, tokens seen: 3643392000, grad norm: 124.9019
[iter 59310]loss: 2.9058, tokens/sec: 20554.43 ± 86.03, tokens seen: 3644006400, grad norm: 62.5546
[iter 59320]loss: 2.8096, tokens/sec: 20554.43 ± 86.02, tokens seen: 3644620800, grad norm: 55.7878
[iter 59330]loss: 3.0333, tokens/sec: 20554.44 ± 86.02, tokens seen: 3645235200, grad norm: 51.3898
[iter 59340]loss: 2.9150, tokens/sec: 20554.44 ± 86.01, tokens seen: 3645849600, grad norm: 43.0562
[iter 59350]loss: 2.9399, tokens/sec: 20554.44 ± 86.00, tokens seen: 3646464000, grad norm: 44.6232
[iter 59360]loss: 3.0348, tokens/sec: 20554.44 ± 86.00, tokens seen: 3647078400, grad norm: 105.7706
[iter 59370]loss: 2.7905, tokens/sec: 20554.44 ± 85.99, tokens seen: 3647692800, grad norm: 27.4281
[iter 59380]loss: 2.9670, tokens/sec: 20554.44 ± 85.98, tokens seen: 3648307200, grad norm: 70.9990
[iter 59390]loss: 2.7234, tokens/sec: 20554.44 ± 85.98, tokens seen: 3648921600, grad norm: 52.1941
[iter 59400]loss: 3.1788, tokens/sec: 20554.44 ± 85.97, tokens seen: 3649536000, grad norm: 67.1114
[iter 59410]loss: 2.9423, tokens/sec: 20554.44 ± 85.96, tokens seen: 3650150400, grad norm: 44.6122
[iter 59420]loss: 2.3835, tokens/sec: 20554.44 ± 85.96, tokens seen: 3650764800, grad norm: 91.7237
[iter 59430]loss: 3.0442, tokens/sec: 20554.44 ± 85.95, tokens seen: 3651379200, grad norm: 61.1780
[iter 59440]loss: 3.0190, tokens/sec: 20554.45 ± 85.94, tokens seen: 3651993600, grad norm: 63.3402
[iter 59450]loss: 3.0349, tokens/sec: 20554.45 ± 85.94, tokens seen: 3652608000, grad norm: 32.9099
[iter 59460]loss: 2.8343, tokens/sec: 20554.45 ± 85.93, tokens seen: 3653222400, grad norm: 108.1243
[iter 59470]loss: 2.8501, tokens/sec: 20554.45 ± 85.92, tokens seen: 3653836800, grad norm: 226.9832
[iter 59480]loss: 3.0701, tokens/sec: 20554.45 ± 85.92, tokens seen: 3654451200, grad norm: 52.5159
[iter 59490]loss: 2.4165, tokens/sec: 20554.45 ± 85.91, tokens seen: 3655065600, grad norm: 193.4108
[step 59500]train loss: 2.9336, val loss: 2.9400, (avg train loss: 0.5821 ± 0.0334), (avg grad norm: 72.1273 ± 45.0321)
[iter 59500]loss: 2.9500, tokens/sec: 20554.45 ± 85.90, tokens seen: 3655680000, grad norm: 41.8113
[iter 59510]loss: 2.9445, tokens/sec: 20554.45 ± 85.90, tokens seen: 3656294400, grad norm: 56.4654
[iter 59520]loss: 2.9522, tokens/sec: 20554.45 ± 85.89, tokens seen: 3656908800, grad norm: 126.3362
[iter 59530]loss: 2.9845, tokens/sec: 20554.44 ± 85.88, tokens seen: 3657523200, grad norm: 72.0407
[iter 59540]loss: 2.8458, tokens/sec: 20554.45 ± 85.88, tokens seen: 3658137600, grad norm: 44.6404
[iter 59550]loss: 2.9467, tokens/sec: 20554.45 ± 85.87, tokens seen: 3658752000, grad norm: 55.9489
[iter 59560]loss: 3.0616, tokens/sec: 20554.45 ± 85.86, tokens seen: 3659366400, grad norm: 70.9939
[iter 59570]loss: 3.0722, tokens/sec: 20554.45 ± 85.86, tokens seen: 3659980800, grad norm: 119.7802
[iter 59580]loss: 3.0216, tokens/sec: 20554.45 ± 85.85, tokens seen: 3660595200, grad norm: 58.3519
[iter 59590]loss: 2.9538, tokens/sec: 20554.45 ± 85.84, tokens seen: 3661209600, grad norm: 35.3790
[iter 59600]loss: 2.9570, tokens/sec: 20554.45 ± 85.84, tokens seen: 3661824000, grad norm: 67.0973
[iter 59610]loss: 3.0295, tokens/sec: 20554.45 ± 85.83, tokens seen: 3662438400, grad norm: 21.8478
[iter 59620]loss: 2.9383, tokens/sec: 20554.45 ± 85.82, tokens seen: 3663052800, grad norm: 70.8396
[iter 59630]loss: 2.8790, tokens/sec: 20554.45 ± 85.82, tokens seen: 3663667200, grad norm: 184.7418
[iter 59640]loss: 3.0847, tokens/sec: 20554.45 ± 85.81, tokens seen: 3664281600, grad norm: 114.7047
[iter 59650]loss: 2.9521, tokens/sec: 20554.45 ± 85.80, tokens seen: 3664896000, grad norm: 48.9557
[iter 59660]loss: 2.8129, tokens/sec: 20554.45 ± 85.80, tokens seen: 3665510400, grad norm: 101.6182
[iter 59670]loss: 2.9506, tokens/sec: 20554.46 ± 85.79, tokens seen: 3666124800, grad norm: 38.6910
[iter 59680]loss: 3.3262, tokens/sec: 20554.46 ± 85.78, tokens seen: 3666739200, grad norm: 44.4834
[iter 59690]loss: 3.1564, tokens/sec: 20554.45 ± 85.78, tokens seen: 3667353600, grad norm: 69.8088
[iter 59700]loss: 2.3882, tokens/sec: 20554.46 ± 85.77, tokens seen: 3667968000, grad norm: 86.0399
[iter 59710]loss: 2.7441, tokens/sec: 20554.46 ± 85.77, tokens seen: 3668582400, grad norm: 169.3647
[iter 59720]loss: 2.7786, tokens/sec: 20554.46 ± 85.76, tokens seen: 3669196800, grad norm: 47.2531
[iter 59730]loss: 2.9380, tokens/sec: 20554.46 ± 85.75, tokens seen: 3669811200, grad norm: 47.9431
[iter 59740]loss: 2.9645, tokens/sec: 20554.46 ± 85.75, tokens seen: 3670425600, grad norm: 43.8528
[iter 59750]loss: 3.0550, tokens/sec: 20554.46 ± 85.74, tokens seen: 3671040000, grad norm: 31.0944
[iter 59760]loss: 2.8980, tokens/sec: 20554.46 ± 85.73, tokens seen: 3671654400, grad norm: 66.7294
[iter 59770]loss: 3.1873, tokens/sec: 20554.46 ± 85.73, tokens seen: 3672268800, grad norm: 62.4164
[iter 59780]loss: 3.1984, tokens/sec: 20554.46 ± 85.72, tokens seen: 3672883200, grad norm: 87.4915
[iter 59790]loss: 3.0749, tokens/sec: 20554.46 ± 85.71, tokens seen: 3673497600, grad norm: 39.8856
[iter 59800]loss: 3.0343, tokens/sec: 20554.46 ± 85.71, tokens seen: 3674112000, grad norm: 98.8964
[iter 59810]loss: 3.0415, tokens/sec: 20554.46 ± 85.70, tokens seen: 3674726400, grad norm: 32.8488
[iter 59820]loss: 3.0135, tokens/sec: 20554.47 ± 85.69, tokens seen: 3675340800, grad norm: 81.2171
[iter 59830]loss: 3.3235, tokens/sec: 20554.47 ± 85.69, tokens seen: 3675955200, grad norm: 69.4854
[iter 59840]loss: 2.7156, tokens/sec: 20554.47 ± 85.68, tokens seen: 3676569600, grad norm: 145.5738
[iter 59850]loss: 3.0512, tokens/sec: 20554.47 ± 85.67, tokens seen: 3677184000, grad norm: 50.6634
[iter 59860]loss: 2.6633, tokens/sec: 20554.46 ± 85.67, tokens seen: 3677798400, grad norm: 49.9459
[iter 59870]loss: 3.2282, tokens/sec: 20554.46 ± 85.66, tokens seen: 3678412800, grad norm: 68.9738
[iter 59880]loss: 2.8535, tokens/sec: 20554.46 ± 85.66, tokens seen: 3679027200, grad norm: 44.4778
[iter 59890]loss: 3.0220, tokens/sec: 20554.47 ± 85.65, tokens seen: 3679641600, grad norm: 88.0741
[iter 59900]loss: 2.9200, tokens/sec: 20554.47 ± 85.64, tokens seen: 3680256000, grad norm: 42.7451
[iter 59910]loss: 2.9474, tokens/sec: 20554.47 ± 85.64, tokens seen: 3680870400, grad norm: 61.2142
[iter 59920]loss: 2.7847, tokens/sec: 20554.47 ± 85.63, tokens seen: 3681484800, grad norm: 24.3797
[iter 59930]loss: 2.8997, tokens/sec: 20554.47 ± 85.62, tokens seen: 3682099200, grad norm: 187.3344
[iter 59940]loss: 3.2176, tokens/sec: 20554.47 ± 85.62, tokens seen: 3682713600, grad norm: 82.9543
[iter 59950]loss: 2.8233, tokens/sec: 20554.47 ± 85.61, tokens seen: 3683328000, grad norm: 89.7181
[iter 59960]loss: 3.0647, tokens/sec: 20554.47 ± 85.60, tokens seen: 3683942400, grad norm: 53.3321
[iter 59970]loss: 2.8795, tokens/sec: 20554.47 ± 85.60, tokens seen: 3684556800, grad norm: 37.7890
[iter 59980]loss: 3.0934, tokens/sec: 20554.48 ± 85.59, tokens seen: 3685171200, grad norm: 50.4933
[iter 59990]loss: 2.8086, tokens/sec: 20554.48 ± 85.58, tokens seen: 3685785600, grad norm: 53.3822
[step 60000]train loss: 2.9344, val loss: 2.9386, (avg train loss: 0.5897 ± 0.0308), (avg grad norm: 77.7873 ± 50.2352)
[iter 60000]loss: 3.0929, tokens/sec: 20554.48 ± 85.58, tokens seen: 3686400000, grad norm: 183.7120
[iter 60010]loss: 3.2019, tokens/sec: 20554.48 ± 85.57, tokens seen: 3687014400, grad norm: 52.2329
[iter 60020]loss: 2.5673, tokens/sec: 20554.47 ± 85.57, tokens seen: 3687628800, grad norm: 65.6360
[iter 60030]loss: 2.9583, tokens/sec: 20554.48 ± 85.56, tokens seen: 3688243200, grad norm: 39.9025
[iter 60040]loss: 2.8826, tokens/sec: 20554.48 ± 85.55, tokens seen: 3688857600, grad norm: 41.9689
[iter 60050]loss: 3.0552, tokens/sec: 20554.48 ± 85.55, tokens seen: 3689472000, grad norm: 81.7113
[iter 60060]loss: 3.2434, tokens/sec: 20554.48 ± 85.54, tokens seen: 3690086400, grad norm: 34.5721
[iter 60070]loss: 3.0904, tokens/sec: 20554.48 ± 85.53, tokens seen: 3690700800, grad norm: 61.0648
[iter 60080]loss: 2.9326, tokens/sec: 20554.48 ± 85.53, tokens seen: 3691315200, grad norm: 55.5452
[iter 60090]loss: 3.0703, tokens/sec: 20554.49 ± 85.52, tokens seen: 3691929600, grad norm: 84.8897
[iter 60100]loss: 3.0366, tokens/sec: 20554.49 ± 85.51, tokens seen: 3692544000, grad norm: 38.4631
[iter 60110]loss: 2.7945, tokens/sec: 20554.49 ± 85.51, tokens seen: 3693158400, grad norm: 48.9201
[iter 60120]loss: 2.6090, tokens/sec: 20554.49 ± 85.50, tokens seen: 3693772800, grad norm: 42.4943
[iter 60130]loss: 2.9777, tokens/sec: 20554.49 ± 85.49, tokens seen: 3694387200, grad norm: 39.6968
[iter 60140]loss: 2.8368, tokens/sec: 20554.49 ± 85.49, tokens seen: 3695001600, grad norm: 78.1012
[iter 60150]loss: 3.1855, tokens/sec: 20554.49 ± 85.48, tokens seen: 3695616000, grad norm: 48.3312
[iter 60160]loss: 3.1175, tokens/sec: 20554.50 ± 85.47, tokens seen: 3696230400, grad norm: 57.5446
[iter 60170]loss: 3.1090, tokens/sec: 20554.49 ± 85.47, tokens seen: 3696844800, grad norm: 26.4554
[iter 60180]loss: 2.7376, tokens/sec: 20554.49 ± 85.46, tokens seen: 3697459200, grad norm: 45.1759
[iter 60190]loss: 2.6367, tokens/sec: 20554.49 ± 85.46, tokens seen: 3698073600, grad norm: 55.6313
[iter 60200]loss: 2.9527, tokens/sec: 20554.49 ± 85.45, tokens seen: 3698688000, grad norm: 49.9059
[iter 60210]loss: 2.7632, tokens/sec: 20554.49 ± 85.44, tokens seen: 3699302400, grad norm: 26.4512
[iter 60220]loss: 2.9335, tokens/sec: 20554.49 ± 85.44, tokens seen: 3699916800, grad norm: 90.9171
[iter 60230]loss: 2.7088, tokens/sec: 20554.50 ± 85.43, tokens seen: 3700531200, grad norm: 83.7597
[iter 60240]loss: 2.9834, tokens/sec: 20554.50 ± 85.42, tokens seen: 3701145600, grad norm: 106.0007
[iter 60250]loss: 2.9537, tokens/sec: 20554.50 ± 85.42, tokens seen: 3701760000, grad norm: 79.2802
[iter 60260]loss: 3.2603, tokens/sec: 20554.50 ± 85.41, tokens seen: 3702374400, grad norm: 35.8882
[iter 60270]loss: 2.7792, tokens/sec: 20554.50 ± 85.40, tokens seen: 3702988800, grad norm: 107.4159
[iter 60280]loss: 2.8455, tokens/sec: 20554.50 ± 85.40, tokens seen: 3703603200, grad norm: 69.6198
[iter 60290]loss: 3.0688, tokens/sec: 20554.50 ± 85.39, tokens seen: 3704217600, grad norm: 244.9928
[iter 60300]loss: 2.8663, tokens/sec: 20554.50 ± 85.39, tokens seen: 3704832000, grad norm: 151.3157
[iter 60310]loss: 2.8860, tokens/sec: 20554.50 ± 85.38, tokens seen: 3705446400, grad norm: 79.0905
[iter 60320]loss: 2.8055, tokens/sec: 20554.50 ± 85.37, tokens seen: 3706060800, grad norm: 76.0305
[iter 60330]loss: 2.9559, tokens/sec: 20554.50 ± 85.37, tokens seen: 3706675200, grad norm: 73.8690
[iter 60340]loss: 2.8778, tokens/sec: 20554.50 ± 85.36, tokens seen: 3707289600, grad norm: 27.7875
[iter 60350]loss: 3.3014, tokens/sec: 20554.50 ± 85.35, tokens seen: 3707904000, grad norm: 37.7902
[iter 60360]loss: 2.7466, tokens/sec: 20554.50 ± 85.35, tokens seen: 3708518400, grad norm: 92.7629
[iter 60370]loss: 2.7813, tokens/sec: 20554.50 ± 85.34, tokens seen: 3709132800, grad norm: 82.6932
[iter 60380]loss: 3.2149, tokens/sec: 20554.50 ± 85.33, tokens seen: 3709747200, grad norm: 64.0079
[iter 60390]loss: 2.9174, tokens/sec: 20554.50 ± 85.33, tokens seen: 3710361600, grad norm: 80.7342
[iter 60400]loss: 2.8654, tokens/sec: 20554.50 ± 85.32, tokens seen: 3710976000, grad norm: 136.3239
[iter 60410]loss: 2.9048, tokens/sec: 20554.50 ± 85.31, tokens seen: 3711590400, grad norm: 79.3112
[iter 60420]loss: 3.1088, tokens/sec: 20554.50 ± 85.31, tokens seen: 3712204800, grad norm: 62.7594
[iter 60430]loss: 3.1640, tokens/sec: 20554.49 ± 85.30, tokens seen: 3712819200, grad norm: 56.8037
[iter 60440]loss: 3.2382, tokens/sec: 20554.49 ± 85.29, tokens seen: 3713433600, grad norm: 72.6166
[iter 60450]loss: 2.9127, tokens/sec: 20554.49 ± 85.29, tokens seen: 3714048000, grad norm: 134.8986
[iter 60460]loss: 3.0912, tokens/sec: 20554.49 ± 85.28, tokens seen: 3714662400, grad norm: 57.1798
[iter 60470]loss: 2.8883, tokens/sec: 20554.49 ± 85.28, tokens seen: 3715276800, grad norm: 44.2742
[iter 60480]loss: 2.8003, tokens/sec: 20554.48 ± 85.27, tokens seen: 3715891200, grad norm: 65.0572
[iter 60490]loss: 2.9712, tokens/sec: 20554.48 ± 85.27, tokens seen: 3716505600, grad norm: 64.1427
[step 60500]train loss: 2.9390, val loss: 2.9374, (avg train loss: 0.5873 ± 0.0333), (avg grad norm: 82.0708 ± 55.2767)
[iter 60500]loss: 3.0075, tokens/sec: 20554.48 ± 85.26, tokens seen: 3717120000, grad norm: 256.1990
[iter 60510]loss: 3.0402, tokens/sec: 20554.48 ± 85.25, tokens seen: 3717734400, grad norm: 107.2671
[iter 60520]loss: 2.8875, tokens/sec: 20554.48 ± 85.25, tokens seen: 3718348800, grad norm: 56.8296
[iter 60530]loss: 2.9384, tokens/sec: 20554.48 ± 85.24, tokens seen: 3718963200, grad norm: 82.7427
[iter 60540]loss: 3.0493, tokens/sec: 20554.48 ± 85.23, tokens seen: 3719577600, grad norm: 89.2942
[iter 60550]loss: 3.1437, tokens/sec: 20554.48 ± 85.23, tokens seen: 3720192000, grad norm: 42.1981
[iter 60560]loss: 2.7468, tokens/sec: 20554.48 ± 85.22, tokens seen: 3720806400, grad norm: 62.4601
[iter 60570]loss: 2.8175, tokens/sec: 20554.48 ± 85.21, tokens seen: 3721420800, grad norm: 34.8287
[iter 60580]loss: 3.1112, tokens/sec: 20554.48 ± 85.21, tokens seen: 3722035200, grad norm: 34.9530
[iter 60590]loss: 2.7077, tokens/sec: 20554.48 ± 85.20, tokens seen: 3722649600, grad norm: 89.0628
[iter 60600]loss: 2.8491, tokens/sec: 20554.47 ± 85.20, tokens seen: 3723264000, grad norm: 127.5500
[iter 60610]loss: 2.8900, tokens/sec: 20554.48 ± 85.19, tokens seen: 3723878400, grad norm: 54.1855
[iter 60620]loss: 2.8449, tokens/sec: 20554.48 ± 85.18, tokens seen: 3724492800, grad norm: 77.0345
[iter 60630]loss: 3.0697, tokens/sec: 20554.47 ± 85.18, tokens seen: 3725107200, grad norm: 40.8197
[iter 60640]loss: 2.9396, tokens/sec: 20554.47 ± 85.17, tokens seen: 3725721600, grad norm: 116.6020
[iter 60650]loss: 3.0175, tokens/sec: 20554.47 ± 85.16, tokens seen: 3726336000, grad norm: 48.2703
[iter 60660]loss: 3.0360, tokens/sec: 20554.48 ± 85.16, tokens seen: 3726950400, grad norm: 155.6915
[iter 60670]loss: 2.7449, tokens/sec: 20554.48 ± 85.15, tokens seen: 3727564800, grad norm: 85.6203
[iter 60680]loss: 2.7969, tokens/sec: 20554.48 ± 85.14, tokens seen: 3728179200, grad norm: 42.6916
[iter 60690]loss: 2.8891, tokens/sec: 20554.47 ± 85.14, tokens seen: 3728793600, grad norm: 30.2423
[iter 60700]loss: 2.8371, tokens/sec: 20554.48 ± 85.13, tokens seen: 3729408000, grad norm: 50.1895
[iter 60710]loss: 3.1090, tokens/sec: 20554.48 ± 85.13, tokens seen: 3730022400, grad norm: 88.9434
[iter 60720]loss: 2.8126, tokens/sec: 20554.48 ± 85.12, tokens seen: 3730636800, grad norm: 47.6486
[iter 60730]loss: 2.8969, tokens/sec: 20554.47 ± 85.11, tokens seen: 3731251200, grad norm: 70.4874
[iter 60740]loss: 2.9036, tokens/sec: 20554.47 ± 85.11, tokens seen: 3731865600, grad norm: 151.9158
[iter 60750]loss: 2.9668, tokens/sec: 20554.47 ± 85.10, tokens seen: 3732480000, grad norm: 61.8848
[iter 60760]loss: 3.0631, tokens/sec: 20554.47 ± 85.09, tokens seen: 3733094400, grad norm: 76.8071
[iter 60770]loss: 2.9275, tokens/sec: 20554.47 ± 85.09, tokens seen: 3733708800, grad norm: 51.9757
[iter 60780]loss: 2.9294, tokens/sec: 20554.47 ± 85.08, tokens seen: 3734323200, grad norm: 125.0303
[iter 60790]loss: 3.0123, tokens/sec: 20554.47 ± 85.07, tokens seen: 3734937600, grad norm: 115.7965
[iter 60800]loss: 2.9723, tokens/sec: 20554.47 ± 85.07, tokens seen: 3735552000, grad norm: 91.6178
[iter 60810]loss: 2.8786, tokens/sec: 20554.47 ± 85.06, tokens seen: 3736166400, grad norm: 76.4553
[iter 60820]loss: 3.1528, tokens/sec: 20554.47 ± 85.06, tokens seen: 3736780800, grad norm: 64.8646
[iter 60830]loss: 3.1978, tokens/sec: 20554.47 ± 85.05, tokens seen: 3737395200, grad norm: 31.6674
[iter 60840]loss: 2.8107, tokens/sec: 20554.47 ± 85.04, tokens seen: 3738009600, grad norm: 53.3673
[iter 60850]loss: 2.6729, tokens/sec: 20554.47 ± 85.04, tokens seen: 3738624000, grad norm: 76.6193
[iter 60860]loss: 2.8476, tokens/sec: 20554.47 ± 85.03, tokens seen: 3739238400, grad norm: 81.3544
[iter 60870]loss: 3.0873, tokens/sec: 20554.47 ± 85.02, tokens seen: 3739852800, grad norm: 88.0725
[iter 60880]loss: 2.8489, tokens/sec: 20554.47 ± 85.02, tokens seen: 3740467200, grad norm: 20.2680
[iter 60890]loss: 3.0461, tokens/sec: 20554.47 ± 85.01, tokens seen: 3741081600, grad norm: 71.1775
[iter 60900]loss: 2.8991, tokens/sec: 20554.47 ± 85.00, tokens seen: 3741696000, grad norm: 60.1404
[iter 60910]loss: 2.8585, tokens/sec: 20554.47 ± 85.00, tokens seen: 3742310400, grad norm: 31.2291
[iter 60920]loss: 2.7355, tokens/sec: 20554.47 ± 84.99, tokens seen: 3742924800, grad norm: 58.9069
[iter 60930]loss: 2.8901, tokens/sec: 20554.47 ± 84.99, tokens seen: 3743539200, grad norm: 29.2993
[iter 60940]loss: 2.8294, tokens/sec: 20554.47 ± 84.98, tokens seen: 3744153600, grad norm: 100.3080
[iter 60950]loss: 3.0862, tokens/sec: 20554.47 ± 84.97, tokens seen: 3744768000, grad norm: 116.3246
[iter 60960]loss: 2.9985, tokens/sec: 20554.47 ± 84.97, tokens seen: 3745382400, grad norm: 58.9133
[iter 60970]loss: 2.7200, tokens/sec: 20554.47 ± 84.96, tokens seen: 3745996800, grad norm: 34.1655
[iter 60980]loss: 2.9673, tokens/sec: 20554.47 ± 84.95, tokens seen: 3746611200, grad norm: 36.9219
[iter 60990]loss: 2.8700, tokens/sec: 20554.47 ± 84.95, tokens seen: 3747225600, grad norm: 51.3820
[step 61000]train loss: 2.9513, val loss: 2.9544, (avg train loss: 0.5858 ± 0.0342), (avg grad norm: 73.2749 ± 55.4123)
[iter 61000]loss: 3.0491, tokens/sec: 20554.47 ± 84.94, tokens seen: 3747840000, grad norm: 68.5191
[iter 61010]loss: 2.9425, tokens/sec: 20554.48 ± 84.94, tokens seen: 3748454400, grad norm: 61.5522
[iter 61020]loss: 2.9668, tokens/sec: 20554.48 ± 84.93, tokens seen: 3749068800, grad norm: 145.8037
[iter 61030]loss: 2.8213, tokens/sec: 20554.48 ± 84.92, tokens seen: 3749683200, grad norm: 196.1387
[iter 61040]loss: 2.9126, tokens/sec: 20554.48 ± 84.92, tokens seen: 3750297600, grad norm: 168.4184
[iter 61050]loss: 2.5976, tokens/sec: 20554.48 ± 84.91, tokens seen: 3750912000, grad norm: 110.0107
[iter 61060]loss: 2.7928, tokens/sec: 20554.48 ± 84.90, tokens seen: 3751526400, grad norm: 90.9466
[iter 61070]loss: 2.8331, tokens/sec: 20554.48 ± 84.90, tokens seen: 3752140800, grad norm: 155.6406
[iter 61080]loss: 2.8384, tokens/sec: 20554.48 ± 84.89, tokens seen: 3752755200, grad norm: 94.5920
[iter 61090]loss: 3.0154, tokens/sec: 20554.48 ± 84.88, tokens seen: 3753369600, grad norm: 69.5012
[iter 61100]loss: 2.9665, tokens/sec: 20554.48 ± 84.88, tokens seen: 3753984000, grad norm: 91.6879
[iter 61110]loss: 2.8417, tokens/sec: 20554.48 ± 84.87, tokens seen: 3754598400, grad norm: 172.4036
[iter 61120]loss: 2.7645, tokens/sec: 20554.48 ± 84.87, tokens seen: 3755212800, grad norm: 84.9088
[iter 61130]loss: 2.6798, tokens/sec: 20554.48 ± 84.86, tokens seen: 3755827200, grad norm: 200.6643
[iter 61140]loss: 2.8385, tokens/sec: 20554.48 ± 84.85, tokens seen: 3756441600, grad norm: 102.5197
[iter 61150]loss: 3.0162, tokens/sec: 20554.48 ± 84.85, tokens seen: 3757056000, grad norm: 61.9827
[iter 61160]loss: 3.0742, tokens/sec: 20554.48 ± 84.84, tokens seen: 3757670400, grad norm: 40.4677
[iter 61170]loss: 2.7961, tokens/sec: 20554.48 ± 84.83, tokens seen: 3758284800, grad norm: 107.3991
[iter 61180]loss: 3.0284, tokens/sec: 20554.47 ± 84.83, tokens seen: 3758899200, grad norm: 37.1692
[iter 61190]loss: 3.0221, tokens/sec: 20554.47 ± 84.82, tokens seen: 3759513600, grad norm: 96.3416
[iter 61200]loss: 2.9434, tokens/sec: 20554.47 ± 84.81, tokens seen: 3760128000, grad norm: 122.2577
[iter 61210]loss: 2.8948, tokens/sec: 20554.47 ± 84.81, tokens seen: 3760742400, grad norm: 38.2268
[iter 61220]loss: 3.0170, tokens/sec: 20554.47 ± 84.80, tokens seen: 3761356800, grad norm: 82.0288
[iter 61230]loss: 3.0623, tokens/sec: 20554.47 ± 84.79, tokens seen: 3761971200, grad norm: 48.0004
[iter 61240]loss: 2.9775, tokens/sec: 20554.47 ± 84.79, tokens seen: 3762585600, grad norm: 124.5063
[iter 61250]loss: 2.9741, tokens/sec: 20554.47 ± 84.79, tokens seen: 3763200000, grad norm: 79.3567
[iter 61260]loss: 2.5642, tokens/sec: 20554.47 ± 84.78, tokens seen: 3763814400, grad norm: 88.2669
[iter 61270]loss: 2.7479, tokens/sec: 20554.47 ± 84.77, tokens seen: 3764428800, grad norm: 73.4128
[iter 61280]loss: 2.7181, tokens/sec: 20554.47 ± 84.77, tokens seen: 3765043200, grad norm: 71.4319
[iter 61290]loss: 3.0987, tokens/sec: 20554.47 ± 84.76, tokens seen: 3765657600, grad norm: 232.7166
[iter 61300]loss: 2.9328, tokens/sec: 20554.47 ± 84.76, tokens seen: 3766272000, grad norm: 93.1609
[iter 61310]loss: 2.9910, tokens/sec: 20554.47 ± 84.75, tokens seen: 3766886400, grad norm: 48.2651
[iter 61320]loss: 2.5330, tokens/sec: 20554.47 ± 84.74, tokens seen: 3767500800, grad norm: 84.4899
[iter 61330]loss: 2.8915, tokens/sec: 20554.47 ± 84.74, tokens seen: 3768115200, grad norm: 75.5777
[iter 61340]loss: 2.7565, tokens/sec: 20554.47 ± 84.73, tokens seen: 3768729600, grad norm: 122.7578
[iter 61350]loss: 2.9539, tokens/sec: 20554.47 ± 84.72, tokens seen: 3769344000, grad norm: 55.3828
[iter 61360]loss: 3.0836, tokens/sec: 20554.47 ± 84.72, tokens seen: 3769958400, grad norm: 87.0935
[iter 61370]loss: 3.0126, tokens/sec: 20554.47 ± 84.71, tokens seen: 3770572800, grad norm: 91.5158
[iter 61380]loss: 2.9008, tokens/sec: 20554.47 ± 84.70, tokens seen: 3771187200, grad norm: 56.3732
[iter 61390]loss: 2.7867, tokens/sec: 20554.47 ± 84.70, tokens seen: 3771801600, grad norm: 72.9800
[iter 61400]loss: 3.0267, tokens/sec: 20554.47 ± 84.69, tokens seen: 3772416000, grad norm: 100.0267
[iter 61410]loss: 3.1802, tokens/sec: 20554.47 ± 84.68, tokens seen: 3773030400, grad norm: 65.2965
[iter 61420]loss: 2.9219, tokens/sec: 20554.48 ± 84.68, tokens seen: 3773644800, grad norm: 98.3620
[iter 61430]loss: 2.7857, tokens/sec: 20554.48 ± 84.67, tokens seen: 3774259200, grad norm: 44.3868
[iter 61440]loss: 2.9128, tokens/sec: 20554.47 ± 84.66, tokens seen: 3774873600, grad norm: 54.3989
[iter 61450]loss: 2.8742, tokens/sec: 20554.47 ± 84.66, tokens seen: 3775488000, grad norm: 74.2705
[iter 61460]loss: 3.0336, tokens/sec: 20554.47 ± 84.65, tokens seen: 3776102400, grad norm: 51.3107
[iter 61470]loss: 2.9812, tokens/sec: 20554.47 ± 84.65, tokens seen: 3776716800, grad norm: 124.1749
[iter 61480]loss: 2.9165, tokens/sec: 20554.47 ± 84.64, tokens seen: 3777331200, grad norm: 84.7204
[iter 61490]loss: 3.0204, tokens/sec: 20554.47 ± 84.63, tokens seen: 3777945600, grad norm: 187.8499
[step 61500]train loss: 2.9230, val loss: 2.9351, (avg train loss: 0.5860 ± 0.0314), (avg grad norm: 87.4457 ± 48.3048)
saving checkpoint to ./out-owt-xl-mhc-bs6-80000step
[iter 61500]loss: 2.8354, tokens/sec: 20554.47 ± 84.63, tokens seen: 3778560000, grad norm: 126.4205
[iter 61510]loss: 2.8678, tokens/sec: 20554.47 ± 84.62, tokens seen: 3779174400, grad norm: 44.5580
[iter 61520]loss: 2.7706, tokens/sec: 20554.47 ± 84.62, tokens seen: 3779788800, grad norm: 163.9176
[iter 61530]loss: 2.5318, tokens/sec: 20554.47 ± 84.61, tokens seen: 3780403200, grad norm: 132.4706
[iter 61540]loss: 2.8585, tokens/sec: 20554.47 ± 84.60, tokens seen: 3781017600, grad norm: 301.4410
[iter 61550]loss: 3.1717, tokens/sec: 20554.47 ± 84.60, tokens seen: 3781632000, grad norm: 171.0068
[iter 61560]loss: 2.9683, tokens/sec: 20554.47 ± 84.59, tokens seen: 3782246400, grad norm: 309.0276
[iter 61570]loss: 2.7810, tokens/sec: 20554.47 ± 84.58, tokens seen: 3782860800, grad norm: 91.0808
[iter 61580]loss: 2.5867, tokens/sec: 20554.47 ± 84.58, tokens seen: 3783475200, grad norm: 76.5475
[iter 61590]loss: 2.9094, tokens/sec: 20554.47 ± 84.57, tokens seen: 3784089600, grad norm: 173.8702
[iter 61600]loss: 3.0869, tokens/sec: 20554.47 ± 84.56, tokens seen: 3784704000, grad norm: 103.6844
[iter 61610]loss: 2.8580, tokens/sec: 20554.47 ± 84.56, tokens seen: 3785318400, grad norm: 104.6069
[iter 61620]loss: 2.9276, tokens/sec: 20554.47 ± 84.55, tokens seen: 3785932800, grad norm: 56.1495
[iter 61630]loss: 2.9727, tokens/sec: 20554.47 ± 84.54, tokens seen: 3786547200, grad norm: 238.2442
[iter 61640]loss: 2.8162, tokens/sec: 20554.47 ± 84.54, tokens seen: 3787161600, grad norm: 51.5651
[iter 61650]loss: 2.8513, tokens/sec: 20554.47 ± 84.53, tokens seen: 3787776000, grad norm: 73.8290
[iter 61660]loss: 3.0883, tokens/sec: 20554.47 ± 84.53, tokens seen: 3788390400, grad norm: 307.1937
[iter 61670]loss: 2.6855, tokens/sec: 20554.47 ± 84.52, tokens seen: 3789004800, grad norm: 72.2749
[iter 61680]loss: 3.0336, tokens/sec: 20554.47 ± 84.51, tokens seen: 3789619200, grad norm: 72.0849
[iter 61690]loss: 2.9933, tokens/sec: 20554.47 ± 84.51, tokens seen: 3790233600, grad norm: 67.8601
[iter 61700]loss: 3.0245, tokens/sec: 20554.47 ± 84.50, tokens seen: 3790848000, grad norm: 192.0827
[iter 61710]loss: 2.9611, tokens/sec: 20554.47 ± 84.49, tokens seen: 3791462400, grad norm: 86.6357
[iter 61720]loss: 3.0231, tokens/sec: 20554.48 ± 84.49, tokens seen: 3792076800, grad norm: 91.3846
[iter 61730]loss: 2.7772, tokens/sec: 20554.48 ± 84.48, tokens seen: 3792691200, grad norm: 137.0972
[iter 61740]loss: 2.9692, tokens/sec: 20554.48 ± 84.47, tokens seen: 3793305600, grad norm: 107.2464
[iter 61750]loss: 3.0412, tokens/sec: 20554.48 ± 84.47, tokens seen: 3793920000, grad norm: 127.5307
[iter 61760]loss: 2.9741, tokens/sec: 20554.48 ± 84.46, tokens seen: 3794534400, grad norm: 74.9960
[iter 61770]loss: 2.8971, tokens/sec: 20554.48 ± 84.45, tokens seen: 3795148800, grad norm: 48.6042
[iter 61780]loss: 2.8246, tokens/sec: 20554.48 ± 84.45, tokens seen: 3795763200, grad norm: 158.7467
[iter 61790]loss: 2.9966, tokens/sec: 20554.48 ± 84.44, tokens seen: 3796377600, grad norm: 54.1010
[iter 61800]loss: 2.9350, tokens/sec: 20554.48 ± 84.43, tokens seen: 3796992000, grad norm: 53.7433
[iter 61810]loss: 3.0272, tokens/sec: 20554.48 ± 84.43, tokens seen: 3797606400, grad norm: 62.7684
[iter 61820]loss: 2.9349, tokens/sec: 20554.48 ± 84.42, tokens seen: 3798220800, grad norm: 73.7959
[iter 61830]loss: 3.1178, tokens/sec: 20554.48 ± 84.41, tokens seen: 3798835200, grad norm: 46.7296
[iter 61840]loss: 2.9503, tokens/sec: 20554.48 ± 84.41, tokens seen: 3799449600, grad norm: 42.4740
[iter 61850]loss: 2.8080, tokens/sec: 20554.49 ± 84.40, tokens seen: 3800064000, grad norm: 80.4351
[iter 61860]loss: 3.1054, tokens/sec: 20554.49 ± 84.40, tokens seen: 3800678400, grad norm: 41.8611
[iter 61870]loss: 2.7513, tokens/sec: 20554.48 ± 84.39, tokens seen: 3801292800, grad norm: 33.4735
[iter 61880]loss: 3.0056, tokens/sec: 20554.48 ± 84.38, tokens seen: 3801907200, grad norm: 43.4150
[iter 61890]loss: 2.8910, tokens/sec: 20554.48 ± 84.38, tokens seen: 3802521600, grad norm: 49.2619
[iter 61900]loss: 2.7581, tokens/sec: 20554.48 ± 84.37, tokens seen: 3803136000, grad norm: 48.7564
[iter 61910]loss: 2.8653, tokens/sec: 20554.49 ± 84.36, tokens seen: 3803750400, grad norm: 153.5910
[iter 61920]loss: 2.7409, tokens/sec: 20554.49 ± 84.36, tokens seen: 3804364800, grad norm: 91.9394
[iter 61930]loss: 2.9446, tokens/sec: 20554.48 ± 84.35, tokens seen: 3804979200, grad norm: 122.7579
[iter 61940]loss: 2.8261, tokens/sec: 20554.48 ± 84.34, tokens seen: 3805593600, grad norm: 96.8382
[iter 61950]loss: 2.9851, tokens/sec: 20554.49 ± 84.34, tokens seen: 3806208000, grad norm: 94.7555
[iter 61960]loss: 3.1700, tokens/sec: 20554.49 ± 84.33, tokens seen: 3806822400, grad norm: 191.9770
[iter 61970]loss: 3.1956, tokens/sec: 20554.49 ± 84.32, tokens seen: 3807436800, grad norm: 68.9223
[iter 61980]loss: 2.9555, tokens/sec: 20554.49 ± 84.32, tokens seen: 3808051200, grad norm: 74.3547
[iter 61990]loss: 2.8816, tokens/sec: 20554.49 ± 84.31, tokens seen: 3808665600, grad norm: 70.3346
[step 62000]train loss: 2.9464, val loss: 2.9376, (avg train loss: 0.5853 ± 0.0304), (avg grad norm: 85.3115 ± 58.4239)
[iter 62000]loss: 2.8742, tokens/sec: 20554.49 ± 84.31, tokens seen: 3809280000, grad norm: 51.4113
[iter 62010]loss: 2.8335, tokens/sec: 20554.49 ± 84.30, tokens seen: 3809894400, grad norm: 51.5045
[iter 62020]loss: 2.9062, tokens/sec: 20554.49 ± 84.29, tokens seen: 3810508800, grad norm: 60.5065
[iter 62030]loss: 2.8749, tokens/sec: 20554.49 ± 84.29, tokens seen: 3811123200, grad norm: 49.0977
[iter 62040]loss: 2.8563, tokens/sec: 20554.49 ± 84.28, tokens seen: 3811737600, grad norm: 70.5408
[iter 62050]loss: 2.9052, tokens/sec: 20554.49 ± 84.28, tokens seen: 3812352000, grad norm: 47.4065
[iter 62060]loss: 2.8913, tokens/sec: 20554.49 ± 84.27, tokens seen: 3812966400, grad norm: 56.1001
[iter 62070]loss: 3.0969, tokens/sec: 20554.49 ± 84.26, tokens seen: 3813580800, grad norm: 79.6555
[iter 62080]loss: 2.8862, tokens/sec: 20554.49 ± 84.26, tokens seen: 3814195200, grad norm: 75.3336
[iter 62090]loss: 2.8654, tokens/sec: 20554.49 ± 84.25, tokens seen: 3814809600, grad norm: 75.7756
[iter 62100]loss: 2.8593, tokens/sec: 20554.49 ± 84.24, tokens seen: 3815424000, grad norm: 177.6902
[iter 62110]loss: 3.0735, tokens/sec: 20554.49 ± 84.24, tokens seen: 3816038400, grad norm: 96.1075
[iter 62120]loss: 2.8935, tokens/sec: 20554.49 ± 84.23, tokens seen: 3816652800, grad norm: 176.9191
[iter 62130]loss: 3.1271, tokens/sec: 20554.49 ± 84.23, tokens seen: 3817267200, grad norm: 63.8376
[iter 62140]loss: 3.0696, tokens/sec: 20554.49 ± 84.22, tokens seen: 3817881600, grad norm: 61.7372
[iter 62150]loss: 3.0924, tokens/sec: 20554.49 ± 84.21, tokens seen: 3818496000, grad norm: 107.0456
[iter 62160]loss: 2.8720, tokens/sec: 20554.49 ± 84.21, tokens seen: 3819110400, grad norm: 62.6664
[iter 62170]loss: 2.7887, tokens/sec: 20554.49 ± 84.20, tokens seen: 3819724800, grad norm: 70.9373
[iter 62180]loss: 2.8677, tokens/sec: 20554.49 ± 84.19, tokens seen: 3820339200, grad norm: 145.7154
[iter 62190]loss: 2.8993, tokens/sec: 20554.49 ± 84.19, tokens seen: 3820953600, grad norm: 129.7343
[iter 62200]loss: 2.9131, tokens/sec: 20554.49 ± 84.18, tokens seen: 3821568000, grad norm: 74.1938
[iter 62210]loss: 2.9611, tokens/sec: 20554.50 ± 84.17, tokens seen: 3822182400, grad norm: 36.8355
[iter 62220]loss: 3.0462, tokens/sec: 20554.50 ± 84.17, tokens seen: 3822796800, grad norm: 69.9689
[iter 62230]loss: 2.9443, tokens/sec: 20554.49 ± 84.16, tokens seen: 3823411200, grad norm: 68.0355
[iter 62240]loss: 3.1090, tokens/sec: 20554.49 ± 84.15, tokens seen: 3824025600, grad norm: 51.8088
[iter 62250]loss: 2.8915, tokens/sec: 20554.49 ± 84.15, tokens seen: 3824640000, grad norm: 115.6007
[iter 62260]loss: 2.9190, tokens/sec: 20554.49 ± 84.14, tokens seen: 3825254400, grad norm: 48.0973
[iter 62270]loss: 2.9084, tokens/sec: 20554.50 ± 84.14, tokens seen: 3825868800, grad norm: 47.5770
[iter 62280]loss: 2.8465, tokens/sec: 20554.50 ± 84.13, tokens seen: 3826483200, grad norm: 58.3997
[iter 62290]loss: 2.9867, tokens/sec: 20554.50 ± 84.12, tokens seen: 3827097600, grad norm: 108.7231
[iter 62300]loss: 2.9017, tokens/sec: 20554.50 ± 84.12, tokens seen: 3827712000, grad norm: 144.7207
[iter 62310]loss: 2.6717, tokens/sec: 20554.50 ± 84.11, tokens seen: 3828326400, grad norm: 44.0682
[iter 62320]loss: 2.6899, tokens/sec: 20554.50 ± 84.10, tokens seen: 3828940800, grad norm: 21.5272
[iter 62330]loss: 3.0117, tokens/sec: 20554.50 ± 84.10, tokens seen: 3829555200, grad norm: 102.8462
[iter 62340]loss: 2.6844, tokens/sec: 20554.50 ± 84.09, tokens seen: 3830169600, grad norm: 34.8416
[iter 62350]loss: 3.2386, tokens/sec: 20554.50 ± 84.08, tokens seen: 3830784000, grad norm: 37.9896
[iter 62360]loss: 2.5289, tokens/sec: 20554.50 ± 84.08, tokens seen: 3831398400, grad norm: 49.0221
[iter 62370]loss: 3.1244, tokens/sec: 20554.50 ± 84.07, tokens seen: 3832012800, grad norm: 204.3470
[iter 62380]loss: 2.8380, tokens/sec: 20554.50 ± 84.07, tokens seen: 3832627200, grad norm: 90.8842
[iter 62390]loss: 2.8315, tokens/sec: 20554.50 ± 84.06, tokens seen: 3833241600, grad norm: 53.9693
[iter 62400]loss: 2.8968, tokens/sec: 20554.50 ± 84.05, tokens seen: 3833856000, grad norm: 52.4966
[iter 62410]loss: 2.9032, tokens/sec: 20554.50 ± 84.05, tokens seen: 3834470400, grad norm: 42.7470
[iter 62420]loss: 2.8011, tokens/sec: 20554.50 ± 84.04, tokens seen: 3835084800, grad norm: 27.8242
[iter 62430]loss: 3.0642, tokens/sec: 20554.50 ± 84.03, tokens seen: 3835699200, grad norm: 128.4358
[iter 62440]loss: 2.9722, tokens/sec: 20554.51 ± 84.03, tokens seen: 3836313600, grad norm: 29.4368
[iter 62450]loss: 3.1385, tokens/sec: 20554.50 ± 84.02, tokens seen: 3836928000, grad norm: 116.1844
[iter 62460]loss: 2.9950, tokens/sec: 20554.50 ± 84.02, tokens seen: 3837542400, grad norm: 35.0322
[iter 62470]loss: 3.0486, tokens/sec: 20554.50 ± 84.01, tokens seen: 3838156800, grad norm: 39.8078
[iter 62480]loss: 3.1684, tokens/sec: 20554.50 ± 84.00, tokens seen: 3838771200, grad norm: 286.8127
[iter 62490]loss: 3.0380, tokens/sec: 20554.50 ± 84.00, tokens seen: 3839385600, grad norm: 49.3769
[step 62500]train loss: 2.9461, val loss: 2.9357, (avg train loss: 0.5866 ± 0.0320), (avg grad norm: 72.7854 ± 41.6596)
[iter 62500]loss: 2.9275, tokens/sec: 20554.50 ± 83.99, tokens seen: 3840000000, grad norm: 74.8736
[iter 62510]loss: 2.7477, tokens/sec: 20554.50 ± 83.99, tokens seen: 3840614400, grad norm: 52.8854
[iter 62520]loss: 2.9373, tokens/sec: 20554.50 ± 83.98, tokens seen: 3841228800, grad norm: 56.0571
[iter 62530]loss: 2.8046, tokens/sec: 20554.50 ± 83.97, tokens seen: 3841843200, grad norm: 43.5834
[iter 62540]loss: 3.0254, tokens/sec: 20554.50 ± 83.97, tokens seen: 3842457600, grad norm: 55.9396
[iter 62550]loss: 2.7307, tokens/sec: 20554.50 ± 83.96, tokens seen: 3843072000, grad norm: 127.6809
[iter 62560]loss: 3.0198, tokens/sec: 20554.51 ± 83.95, tokens seen: 3843686400, grad norm: 58.7436
[iter 62570]loss: 2.8075, tokens/sec: 20554.51 ± 83.95, tokens seen: 3844300800, grad norm: 67.5200
[iter 62580]loss: 2.7857, tokens/sec: 20554.50 ± 83.94, tokens seen: 3844915200, grad norm: 62.4758
[iter 62590]loss: 2.7676, tokens/sec: 20554.50 ± 83.93, tokens seen: 3845529600, grad norm: 76.0020
[iter 62600]loss: 2.9283, tokens/sec: 20554.51 ± 83.93, tokens seen: 3846144000, grad norm: 95.8886
[iter 62610]loss: 2.9669, tokens/sec: 20554.51 ± 83.92, tokens seen: 3846758400, grad norm: 47.8202
[iter 62620]loss: 2.9070, tokens/sec: 20554.51 ± 83.92, tokens seen: 3847372800, grad norm: 122.4111
[iter 62630]loss: 2.9553, tokens/sec: 20554.51 ± 83.91, tokens seen: 3847987200, grad norm: 134.5015
[iter 62640]loss: 2.7241, tokens/sec: 20554.51 ± 83.90, tokens seen: 3848601600, grad norm: 15.0587
[iter 62650]loss: 3.0589, tokens/sec: 20554.51 ± 83.90, tokens seen: 3849216000, grad norm: 50.0093
[iter 62660]loss: 3.0100, tokens/sec: 20554.51 ± 83.89, tokens seen: 3849830400, grad norm: 36.2196
[iter 62670]loss: 2.8665, tokens/sec: 20554.51 ± 83.89, tokens seen: 3850444800, grad norm: 137.6761
[iter 62680]loss: 2.8957, tokens/sec: 20554.52 ± 83.88, tokens seen: 3851059200, grad norm: 49.9338
[iter 62690]loss: 2.8688, tokens/sec: 20554.52 ± 83.87, tokens seen: 3851673600, grad norm: 45.6307
[iter 62700]loss: 2.8851, tokens/sec: 20554.52 ± 83.87, tokens seen: 3852288000, grad norm: 23.4007
[iter 62710]loss: 3.2651, tokens/sec: 20554.52 ± 83.86, tokens seen: 3852902400, grad norm: 56.5547
[iter 62720]loss: 2.8752, tokens/sec: 20554.52 ± 83.85, tokens seen: 3853516800, grad norm: 69.2434
[iter 62730]loss: 2.9017, tokens/sec: 20554.52 ± 83.85, tokens seen: 3854131200, grad norm: 47.0888
[iter 62740]loss: 3.2331, tokens/sec: 20554.52 ± 83.84, tokens seen: 3854745600, grad norm: 112.2272
[iter 62750]loss: 2.8730, tokens/sec: 20554.52 ± 83.84, tokens seen: 3855360000, grad norm: 52.6535
[iter 62760]loss: 2.9307, tokens/sec: 20554.52 ± 83.83, tokens seen: 3855974400, grad norm: 88.8863
[iter 62770]loss: 3.1242, tokens/sec: 20554.52 ± 83.82, tokens seen: 3856588800, grad norm: 60.7194
[iter 62780]loss: 2.9424, tokens/sec: 20554.52 ± 83.82, tokens seen: 3857203200, grad norm: 23.8251
[iter 62790]loss: 3.0809, tokens/sec: 20554.52 ± 83.81, tokens seen: 3857817600, grad norm: 40.1464
[iter 62800]loss: 2.9518, tokens/sec: 20554.53 ± 83.81, tokens seen: 3858432000, grad norm: 31.4518
[iter 62810]loss: 2.7454, tokens/sec: 20554.53 ± 83.80, tokens seen: 3859046400, grad norm: 24.3083
[iter 62820]loss: 3.0071, tokens/sec: 20554.53 ± 83.79, tokens seen: 3859660800, grad norm: 121.5086
[iter 62830]loss: 2.7527, tokens/sec: 20554.53 ± 83.79, tokens seen: 3860275200, grad norm: 61.2014
[iter 62840]loss: 2.8298, tokens/sec: 20554.53 ± 83.78, tokens seen: 3860889600, grad norm: 88.3718
[iter 62850]loss: 3.0154, tokens/sec: 20554.53 ± 83.77, tokens seen: 3861504000, grad norm: 50.3842
[iter 62860]loss: 2.8201, tokens/sec: 20554.53 ± 83.77, tokens seen: 3862118400, grad norm: 81.9251
[iter 62870]loss: 2.8865, tokens/sec: 20554.53 ± 83.76, tokens seen: 3862732800, grad norm: 83.6238
[iter 62880]loss: 2.9464, tokens/sec: 20554.53 ± 83.76, tokens seen: 3863347200, grad norm: 157.3394
[iter 62890]loss: 2.8379, tokens/sec: 20554.53 ± 83.75, tokens seen: 3863961600, grad norm: 88.3867
[iter 62900]loss: 2.9221, tokens/sec: 20554.53 ± 83.74, tokens seen: 3864576000, grad norm: 63.2034
[iter 62910]loss: 3.3527, tokens/sec: 20554.53 ± 83.74, tokens seen: 3865190400, grad norm: 26.0042
[iter 62920]loss: 3.0612, tokens/sec: 20554.53 ± 83.73, tokens seen: 3865804800, grad norm: 87.5766
[iter 62930]loss: 3.0235, tokens/sec: 20554.53 ± 83.73, tokens seen: 3866419200, grad norm: 324.6293
[iter 62940]loss: 2.9923, tokens/sec: 20554.53 ± 83.72, tokens seen: 3867033600, grad norm: 55.2896
[iter 62950]loss: 3.0835, tokens/sec: 20554.53 ± 83.71, tokens seen: 3867648000, grad norm: 105.2214
[iter 62960]loss: 2.9143, tokens/sec: 20554.54 ± 83.71, tokens seen: 3868262400, grad norm: 41.5412
[iter 62970]loss: 2.7233, tokens/sec: 20554.53 ± 83.70, tokens seen: 3868876800, grad norm: 64.2607
[iter 62980]loss: 3.1362, tokens/sec: 20554.54 ± 83.70, tokens seen: 3869491200, grad norm: 77.7470
[iter 62990]loss: 2.8474, tokens/sec: 20554.54 ± 83.69, tokens seen: 3870105600, grad norm: 103.8000
[step 63000]train loss: 2.9337, val loss: 2.9642, (avg train loss: 0.5879 ± 0.0334), (avg grad norm: 79.1929 ± 64.4698)
[iter 63000]loss: 2.9479, tokens/sec: 20554.54 ± 83.68, tokens seen: 3870720000, grad norm: 74.7835
[iter 63010]loss: 2.7210, tokens/sec: 20554.54 ± 83.68, tokens seen: 3871334400, grad norm: 53.2063
[iter 63020]loss: 3.0294, tokens/sec: 20554.53 ± 83.67, tokens seen: 3871948800, grad norm: 116.7221
[iter 63030]loss: 2.9842, tokens/sec: 20554.54 ± 83.67, tokens seen: 3872563200, grad norm: 51.0996
[iter 63040]loss: 2.9915, tokens/sec: 20554.54 ± 83.66, tokens seen: 3873177600, grad norm: 45.0348
[iter 63050]loss: 3.0745, tokens/sec: 20554.54 ± 83.66, tokens seen: 3873792000, grad norm: 125.4466
[iter 63060]loss: 2.9871, tokens/sec: 20554.54 ± 83.65, tokens seen: 3874406400, grad norm: 45.6324
[iter 63070]loss: 2.7979, tokens/sec: 20554.54 ± 83.64, tokens seen: 3875020800, grad norm: 79.2422
[iter 63080]loss: 2.8514, tokens/sec: 20554.54 ± 83.64, tokens seen: 3875635200, grad norm: 54.2722
[iter 63090]loss: 2.7866, tokens/sec: 20554.54 ± 83.63, tokens seen: 3876249600, grad norm: 54.4974
[iter 63100]loss: 2.8538, tokens/sec: 20554.54 ± 83.62, tokens seen: 3876864000, grad norm: 47.2969
[iter 63110]loss: 2.8952, tokens/sec: 20554.54 ± 83.62, tokens seen: 3877478400, grad norm: 47.9207
[iter 63120]loss: 2.8575, tokens/sec: 20554.54 ± 83.61, tokens seen: 3878092800, grad norm: 55.4116
[iter 63130]loss: 2.9162, tokens/sec: 20554.54 ± 83.61, tokens seen: 3878707200, grad norm: 253.3631
[iter 63140]loss: 2.9196, tokens/sec: 20554.55 ± 83.60, tokens seen: 3879321600, grad norm: 49.4319
[iter 63150]loss: 2.8123, tokens/sec: 20554.55 ± 83.59, tokens seen: 3879936000, grad norm: 41.6006
[iter 63160]loss: 2.9794, tokens/sec: 20554.55 ± 83.59, tokens seen: 3880550400, grad norm: 75.9198
[iter 63170]loss: 3.0936, tokens/sec: 20554.55 ± 83.58, tokens seen: 3881164800, grad norm: 93.8321
[iter 63180]loss: 2.8450, tokens/sec: 20554.56 ± 83.58, tokens seen: 3881779200, grad norm: 43.0612
[iter 63190]loss: 3.0515, tokens/sec: 20554.56 ± 83.57, tokens seen: 3882393600, grad norm: 136.3336
[iter 63200]loss: 2.8977, tokens/sec: 20554.56 ± 83.56, tokens seen: 3883008000, grad norm: 46.1974
[iter 63210]loss: 3.0098, tokens/sec: 20554.56 ± 83.56, tokens seen: 3883622400, grad norm: 45.4584
[iter 63220]loss: 2.7852, tokens/sec: 20554.56 ± 83.55, tokens seen: 3884236800, grad norm: 65.5422
[iter 63230]loss: 2.9987, tokens/sec: 20554.57 ± 83.55, tokens seen: 3884851200, grad norm: 55.3382
[iter 63240]loss: 2.9318, tokens/sec: 20554.57 ± 83.54, tokens seen: 3885465600, grad norm: 206.9444
[iter 63250]loss: 2.7580, tokens/sec: 20554.57 ± 83.53, tokens seen: 3886080000, grad norm: 82.4265
[iter 63260]loss: 3.0428, tokens/sec: 20554.57 ± 83.53, tokens seen: 3886694400, grad norm: 78.5194
[iter 63270]loss: 3.1726, tokens/sec: 20554.57 ± 83.52, tokens seen: 3887308800, grad norm: 27.9705
[iter 63280]loss: 2.9755, tokens/sec: 20554.57 ± 83.52, tokens seen: 3887923200, grad norm: 34.4600
[iter 63290]loss: 2.4642, tokens/sec: 20554.57 ± 83.51, tokens seen: 3888537600, grad norm: 301.2030
[iter 63300]loss: 2.9045, tokens/sec: 20554.58 ± 83.50, tokens seen: 3889152000, grad norm: 56.2125
[iter 63310]loss: 3.0689, tokens/sec: 20554.58 ± 83.50, tokens seen: 3889766400, grad norm: 160.2832
[iter 63320]loss: 2.8822, tokens/sec: 20554.58 ± 83.49, tokens seen: 3890380800, grad norm: 60.2086
[iter 63330]loss: 3.0990, tokens/sec: 20554.58 ± 83.49, tokens seen: 3890995200, grad norm: 52.4101
[iter 63340]loss: 3.0946, tokens/sec: 20554.58 ± 83.48, tokens seen: 3891609600, grad norm: 38.0822
[iter 63350]loss: 2.8786, tokens/sec: 20554.59 ± 83.47, tokens seen: 3892224000, grad norm: 68.9486
[iter 63360]loss: 2.9514, tokens/sec: 20554.59 ± 83.47, tokens seen: 3892838400, grad norm: 32.4468
[iter 63370]loss: 3.0868, tokens/sec: 20554.59 ± 83.46, tokens seen: 3893452800, grad norm: 23.4392
[iter 63380]loss: 2.9379, tokens/sec: 20554.59 ± 83.46, tokens seen: 3894067200, grad norm: 23.4206
[iter 63390]loss: 3.1580, tokens/sec: 20554.59 ± 83.45, tokens seen: 3894681600, grad norm: 48.7824
[iter 63400]loss: 3.0129, tokens/sec: 20554.59 ± 83.44, tokens seen: 3895296000, grad norm: 38.4205
[iter 63410]loss: 3.0258, tokens/sec: 20554.59 ± 83.44, tokens seen: 3895910400, grad norm: 33.0857
[iter 63420]loss: 2.9495, tokens/sec: 20554.60 ± 83.43, tokens seen: 3896524800, grad norm: 49.3711
[iter 63430]loss: 2.9891, tokens/sec: 20554.60 ± 83.43, tokens seen: 3897139200, grad norm: 30.6042
[iter 63440]loss: 2.7985, tokens/sec: 20554.60 ± 83.42, tokens seen: 3897753600, grad norm: 23.9389
[iter 63450]loss: 3.0334, tokens/sec: 20554.60 ± 83.41, tokens seen: 3898368000, grad norm: 30.6152
[iter 63460]loss: 3.0376, tokens/sec: 20554.60 ± 83.41, tokens seen: 3898982400, grad norm: 80.7042
[iter 63470]loss: 2.7615, tokens/sec: 20554.60 ± 83.40, tokens seen: 3899596800, grad norm: 19.2127
[iter 63480]loss: 2.9056, tokens/sec: 20554.60 ± 83.40, tokens seen: 3900211200, grad norm: 60.4513
[iter 63490]loss: 2.7854, tokens/sec: 20554.61 ± 83.39, tokens seen: 3900825600, grad norm: 17.5119
[step 63500]train loss: 2.9126, val loss: 2.9477, (avg train loss: 0.5872 ± 0.0343), (avg grad norm: 72.0646 ± 50.2190)
[iter 63500]loss: 2.6843, tokens/sec: 20554.61 ± 83.38, tokens seen: 3901440000, grad norm: 37.7391
[iter 63510]loss: 3.0310, tokens/sec: 20554.61 ± 83.38, tokens seen: 3902054400, grad norm: 36.9781
[iter 63520]loss: 2.9483, tokens/sec: 20554.61 ± 83.37, tokens seen: 3902668800, grad norm: 32.8736
[iter 63530]loss: 3.1740, tokens/sec: 20554.61 ± 83.37, tokens seen: 3903283200, grad norm: 101.7725
[iter 63540]loss: 3.1031, tokens/sec: 20554.61 ± 83.36, tokens seen: 3903897600, grad norm: 22.0357
[iter 63550]loss: 2.9651, tokens/sec: 20554.61 ± 83.35, tokens seen: 3904512000, grad norm: 54.2399
[iter 63560]loss: 3.0194, tokens/sec: 20554.61 ± 83.35, tokens seen: 3905126400, grad norm: 100.0764
[iter 63570]loss: 2.9638, tokens/sec: 20554.61 ± 83.34, tokens seen: 3905740800, grad norm: 21.3667
[iter 63580]loss: 3.0958, tokens/sec: 20554.62 ± 83.34, tokens seen: 3906355200, grad norm: 36.2211
[iter 63590]loss: 2.9617, tokens/sec: 20554.62 ± 83.33, tokens seen: 3906969600, grad norm: 22.4615
[iter 63600]loss: 2.8172, tokens/sec: 20554.62 ± 83.32, tokens seen: 3907584000, grad norm: 46.3421
[iter 63610]loss: 2.9929, tokens/sec: 20554.61 ± 83.32, tokens seen: 3908198400, grad norm: 28.6356
[iter 63620]loss: 2.8562, tokens/sec: 20554.61 ± 83.31, tokens seen: 3908812800, grad norm: 76.7707
[iter 63630]loss: 2.9098, tokens/sec: 20554.62 ± 83.31, tokens seen: 3909427200, grad norm: 66.3708
[iter 63640]loss: 2.8311, tokens/sec: 20554.62 ± 83.30, tokens seen: 3910041600, grad norm: 90.9243
[iter 63650]loss: 3.1117, tokens/sec: 20554.62 ± 83.29, tokens seen: 3910656000, grad norm: 103.3721
[iter 63660]loss: 3.0162, tokens/sec: 20554.62 ± 83.29, tokens seen: 3911270400, grad norm: 48.2235
[iter 63670]loss: 3.1323, tokens/sec: 20554.62 ± 83.28, tokens seen: 3911884800, grad norm: 58.8072
[iter 63680]loss: 2.6396, tokens/sec: 20554.62 ± 83.28, tokens seen: 3912499200, grad norm: 54.7006
[iter 63690]loss: 3.1631, tokens/sec: 20554.62 ± 83.27, tokens seen: 3913113600, grad norm: 60.3094
[iter 63700]loss: 2.8485, tokens/sec: 20554.62 ± 83.26, tokens seen: 3913728000, grad norm: 32.7714
[iter 63710]loss: 3.0602, tokens/sec: 20554.62 ± 83.26, tokens seen: 3914342400, grad norm: 65.3449
[iter 63720]loss: 2.8861, tokens/sec: 20554.62 ± 83.25, tokens seen: 3914956800, grad norm: 57.5147
[iter 63730]loss: 2.8196, tokens/sec: 20554.62 ± 83.25, tokens seen: 3915571200, grad norm: 49.4265
[iter 63740]loss: 2.8845, tokens/sec: 20554.62 ± 83.24, tokens seen: 3916185600, grad norm: 84.1412
[iter 63750]loss: 2.8335, tokens/sec: 20554.62 ± 83.23, tokens seen: 3916800000, grad norm: 82.7766
[iter 63760]loss: 3.0526, tokens/sec: 20554.62 ± 83.23, tokens seen: 3917414400, grad norm: 34.3552
[iter 63770]loss: 2.9442, tokens/sec: 20554.63 ± 83.22, tokens seen: 3918028800, grad norm: 43.4635
[iter 63780]loss: 2.8403, tokens/sec: 20554.63 ± 83.22, tokens seen: 3918643200, grad norm: 20.3917
[iter 63790]loss: 2.7703, tokens/sec: 20554.63 ± 83.21, tokens seen: 3919257600, grad norm: 36.9033
[iter 63800]loss: 3.1147, tokens/sec: 20554.63 ± 83.20, tokens seen: 3919872000, grad norm: 104.7852
[iter 63810]loss: 3.1052, tokens/sec: 20554.63 ± 83.20, tokens seen: 3920486400, grad norm: 31.2200
[iter 63820]loss: 2.9941, tokens/sec: 20554.63 ± 83.19, tokens seen: 3921100800, grad norm: 155.0961
[iter 63830]loss: 3.0593, tokens/sec: 20554.63 ± 83.19, tokens seen: 3921715200, grad norm: 39.7118
[iter 63840]loss: 2.4598, tokens/sec: 20554.63 ± 83.18, tokens seen: 3922329600, grad norm: 48.5700
[iter 63850]loss: 3.0661, tokens/sec: 20554.63 ± 83.17, tokens seen: 3922944000, grad norm: 42.6058
[iter 63860]loss: 2.8122, tokens/sec: 20554.63 ± 83.17, tokens seen: 3923558400, grad norm: 29.4875
[iter 63870]loss: 2.9784, tokens/sec: 20554.63 ± 83.16, tokens seen: 3924172800, grad norm: 55.1695
[iter 63880]loss: 3.2252, tokens/sec: 20554.63 ± 83.16, tokens seen: 3924787200, grad norm: 63.5457
[iter 63890]loss: 3.0121, tokens/sec: 20554.62 ± 83.15, tokens seen: 3925401600, grad norm: 200.6750
[iter 63900]loss: 3.0595, tokens/sec: 20554.63 ± 83.15, tokens seen: 3926016000, grad norm: 24.3443
[iter 63910]loss: 2.8193, tokens/sec: 20554.63 ± 83.14, tokens seen: 3926630400, grad norm: 32.2752
[iter 63920]loss: 2.9177, tokens/sec: 20554.63 ± 83.13, tokens seen: 3927244800, grad norm: 13.7261
[iter 63930]loss: 3.2313, tokens/sec: 20554.63 ± 83.13, tokens seen: 3927859200, grad norm: 24.8087
[iter 63940]loss: 3.1377, tokens/sec: 20554.63 ± 83.12, tokens seen: 3928473600, grad norm: 64.4353
[iter 63950]loss: 2.8165, tokens/sec: 20554.63 ± 83.12, tokens seen: 3929088000, grad norm: 9.5857
[iter 63960]loss: 2.8253, tokens/sec: 20554.63 ± 83.11, tokens seen: 3929702400, grad norm: 51.2820
[iter 63970]loss: 2.9696, tokens/sec: 20554.64 ± 83.10, tokens seen: 3930316800, grad norm: 58.4874
[iter 63980]loss: 2.9915, tokens/sec: 20554.64 ± 83.10, tokens seen: 3930931200, grad norm: 66.7974
[iter 63990]loss: 3.4670, tokens/sec: 20554.64 ± 83.09, tokens seen: 3931545600, grad norm: 44.3440
[step 64000]train loss: 2.9346, val loss: 2.9359, (avg train loss: 0.5895 ± 0.0314), (avg grad norm: 52.1595 ± 34.9067)
[iter 64000]loss: 3.0295, tokens/sec: 20554.64 ± 83.08, tokens seen: 3932160000, grad norm: 69.2135
[iter 64010]loss: 2.8960, tokens/sec: 20554.64 ± 83.08, tokens seen: 3932774400, grad norm: 12.8323
[iter 64020]loss: 2.7476, tokens/sec: 20554.64 ± 83.07, tokens seen: 3933388800, grad norm: 75.8502
[iter 64030]loss: 2.6689, tokens/sec: 20554.64 ± 83.07, tokens seen: 3934003200, grad norm: 22.7470
[iter 64040]loss: 2.5784, tokens/sec: 20554.64 ± 83.06, tokens seen: 3934617600, grad norm: 18.2933
[iter 64050]loss: 2.8911, tokens/sec: 20554.64 ± 83.06, tokens seen: 3935232000, grad norm: 21.1686
[iter 64060]loss: 3.0441, tokens/sec: 20554.64 ± 83.05, tokens seen: 3935846400, grad norm: 32.0082
[iter 64070]loss: 3.1328, tokens/sec: 20554.63 ± 83.04, tokens seen: 3936460800, grad norm: 34.2645
[iter 64080]loss: 3.0019, tokens/sec: 20554.64 ± 83.04, tokens seen: 3937075200, grad norm: 11.9849
[iter 64090]loss: 3.1435, tokens/sec: 20554.64 ± 83.03, tokens seen: 3937689600, grad norm: 10.8693
[iter 64100]loss: 3.0210, tokens/sec: 20554.64 ± 83.03, tokens seen: 3938304000, grad norm: 16.1757
[iter 64110]loss: 2.7034, tokens/sec: 20554.64 ± 83.02, tokens seen: 3938918400, grad norm: 21.9996
[iter 64120]loss: 2.9343, tokens/sec: 20554.64 ± 83.01, tokens seen: 3939532800, grad norm: 44.0202
[iter 64130]loss: 2.8998, tokens/sec: 20554.64 ± 83.01, tokens seen: 3940147200, grad norm: 15.7571
[iter 64140]loss: 3.2504, tokens/sec: 20554.64 ± 83.00, tokens seen: 3940761600, grad norm: 31.6574
[iter 64150]loss: 3.2809, tokens/sec: 20554.64 ± 83.00, tokens seen: 3941376000, grad norm: 16.0730
[iter 64160]loss: 3.0535, tokens/sec: 20554.65 ± 82.99, tokens seen: 3941990400, grad norm: 5.1265
[iter 64170]loss: 3.2751, tokens/sec: 20554.65 ± 82.99, tokens seen: 3942604800, grad norm: 35.8939
[iter 64180]loss: 2.8249, tokens/sec: 20554.65 ± 82.98, tokens seen: 3943219200, grad norm: 7.2492
[iter 64190]loss: 3.1937, tokens/sec: 20554.65 ± 82.97, tokens seen: 3943833600, grad norm: 19.5844
[iter 64200]loss: 2.4524, tokens/sec: 20554.64 ± 82.97, tokens seen: 3944448000, grad norm: 16.2992
[iter 64210]loss: 2.9578, tokens/sec: 20554.65 ± 82.96, tokens seen: 3945062400, grad norm: 9.3477
[iter 64220]loss: 2.8741, tokens/sec: 20554.65 ± 82.96, tokens seen: 3945676800, grad norm: 7.2293
[iter 64230]loss: 2.7935, tokens/sec: 20554.65 ± 82.95, tokens seen: 3946291200, grad norm: 15.0904
[iter 64240]loss: 2.9833, tokens/sec: 20554.64 ± 82.94, tokens seen: 3946905600, grad norm: 14.3474
[iter 64250]loss: 2.8646, tokens/sec: 20554.65 ± 82.94, tokens seen: 3947520000, grad norm: 10.0725
[iter 64260]loss: 2.8053, tokens/sec: 20554.65 ± 82.93, tokens seen: 3948134400, grad norm: 7.6637
[iter 64270]loss: 2.8128, tokens/sec: 20554.65 ± 82.93, tokens seen: 3948748800, grad norm: 25.2473
[iter 64280]loss: 2.8161, tokens/sec: 20554.65 ± 82.92, tokens seen: 3949363200, grad norm: 50.6634
[iter 64290]loss: 2.9702, tokens/sec: 20554.65 ± 82.91, tokens seen: 3949977600, grad norm: 15.2009
[iter 64300]loss: 2.9151, tokens/sec: 20554.65 ± 82.91, tokens seen: 3950592000, grad norm: 21.8332
[iter 64310]loss: 2.9055, tokens/sec: 20554.65 ± 82.90, tokens seen: 3951206400, grad norm: 113.5696
[iter 64320]loss: 2.8235, tokens/sec: 20554.66 ± 82.90, tokens seen: 3951820800, grad norm: 23.6224
[iter 64330]loss: 3.0805, tokens/sec: 20554.66 ± 82.89, tokens seen: 3952435200, grad norm: 46.7806
[iter 64340]loss: 2.7466, tokens/sec: 20554.66 ± 82.89, tokens seen: 3953049600, grad norm: 20.9164
[iter 64350]loss: 2.9686, tokens/sec: 20554.66 ± 82.88, tokens seen: 3953664000, grad norm: 16.0618
[iter 64360]loss: 2.9560, tokens/sec: 20554.66 ± 82.87, tokens seen: 3954278400, grad norm: 14.0746
[iter 64370]loss: 2.6730, tokens/sec: 20554.66 ± 82.87, tokens seen: 3954892800, grad norm: 5.1419
[iter 64380]loss: 2.8483, tokens/sec: 20554.66 ± 82.86, tokens seen: 3955507200, grad norm: 17.9289
[iter 64390]loss: 2.9516, tokens/sec: 20554.67 ± 82.86, tokens seen: 3956121600, grad norm: 21.6018
[iter 64400]loss: 3.1258, tokens/sec: 20554.67 ± 82.85, tokens seen: 3956736000, grad norm: 36.8081
[iter 64410]loss: 2.8601, tokens/sec: 20554.67 ± 82.84, tokens seen: 3957350400, grad norm: 33.2090
[iter 64420]loss: 2.7177, tokens/sec: 20554.67 ± 82.84, tokens seen: 3957964800, grad norm: 10.0208
[iter 64430]loss: 2.6147, tokens/sec: 20554.67 ± 82.83, tokens seen: 3958579200, grad norm: 28.2640
[iter 64440]loss: 2.7664, tokens/sec: 20554.67 ± 82.83, tokens seen: 3959193600, grad norm: 19.0838
[iter 64450]loss: 3.1518, tokens/sec: 20554.67 ± 82.82, tokens seen: 3959808000, grad norm: 10.0026
[iter 64460]loss: 2.9638, tokens/sec: 20554.67 ± 82.81, tokens seen: 3960422400, grad norm: 33.8337
[iter 64470]loss: 2.8798, tokens/sec: 20554.67 ± 82.81, tokens seen: 3961036800, grad norm: 12.1035
[iter 64480]loss: 2.8942, tokens/sec: 20554.67 ± 82.80, tokens seen: 3961651200, grad norm: 10.9525
[iter 64490]loss: 2.8772, tokens/sec: 20554.67 ± 82.80, tokens seen: 3962265600, grad norm: 7.0952
[step 64500]train loss: 2.9570, val loss: 2.9250, (avg train loss: 0.5875 ± 0.0319), (avg grad norm: 31.2254 ± 67.1090)
saving checkpoint to ./out-owt-xl-mhc-bs6-80000step
[iter 64500]loss: 3.1630, tokens/sec: 20554.67 ± 82.79, tokens seen: 3962880000, grad norm: 12.1029
[iter 64510]loss: 3.0671, tokens/sec: 20554.68 ± 82.79, tokens seen: 3963494400, grad norm: 36.1463
[iter 64520]loss: 3.2277, tokens/sec: 20554.68 ± 82.78, tokens seen: 3964108800, grad norm: 30.0073
[iter 64530]loss: 2.8652, tokens/sec: 20554.68 ± 82.78, tokens seen: 3964723200, grad norm: 7.5823
[iter 64540]loss: 2.8537, tokens/sec: 20554.68 ± 82.77, tokens seen: 3965337600, grad norm: 35.9613
[iter 64550]loss: 2.9246, tokens/sec: 20554.68 ± 82.76, tokens seen: 3965952000, grad norm: 37.4703
[iter 64560]loss: 3.0020, tokens/sec: 20554.68 ± 82.76, tokens seen: 3966566400, grad norm: 8.3581
[iter 64570]loss: 2.8103, tokens/sec: 20554.68 ± 82.75, tokens seen: 3967180800, grad norm: 9.4104
[iter 64580]loss: 3.0305, tokens/sec: 20554.68 ± 82.75, tokens seen: 3967795200, grad norm: 6.6885
[iter 64590]loss: 3.2318, tokens/sec: 20554.68 ± 82.74, tokens seen: 3968409600, grad norm: 20.9871
[iter 64600]loss: 3.0462, tokens/sec: 20554.68 ± 82.73, tokens seen: 3969024000, grad norm: 22.3146
[iter 64610]loss: 3.0065, tokens/sec: 20554.68 ± 82.73, tokens seen: 3969638400, grad norm: 25.2797
[iter 64620]loss: 3.3154, tokens/sec: 20554.68 ± 82.72, tokens seen: 3970252800, grad norm: 25.4445
[iter 64630]loss: 2.4303, tokens/sec: 20554.68 ± 82.72, tokens seen: 3970867200, grad norm: 9.3557
[iter 64640]loss: 3.1086, tokens/sec: 20554.68 ± 82.71, tokens seen: 3971481600, grad norm: 8.9668
[iter 64650]loss: 3.0914, tokens/sec: 20554.68 ± 82.71, tokens seen: 3972096000, grad norm: 6.5407
[iter 64660]loss: 2.9610, tokens/sec: 20554.68 ± 82.70, tokens seen: 3972710400, grad norm: 28.7230
[iter 64670]loss: 3.0355, tokens/sec: 20554.68 ± 82.69, tokens seen: 3973324800, grad norm: 3.1414
[iter 64680]loss: 2.8910, tokens/sec: 20554.69 ± 82.69, tokens seen: 3973939200, grad norm: 14.5152
[iter 64690]loss: 2.7609, tokens/sec: 20554.69 ± 82.68, tokens seen: 3974553600, grad norm: 47.8591
[iter 64700]loss: 2.9006, tokens/sec: 20554.69 ± 82.68, tokens seen: 3975168000, grad norm: 52.6795
[iter 64710]loss: 3.0429, tokens/sec: 20554.69 ± 82.67, tokens seen: 3975782400, grad norm: 6.1149
[iter 64720]loss: 2.7048, tokens/sec: 20554.69 ± 82.66, tokens seen: 3976396800, grad norm: 30.4113
[iter 64730]loss: 2.9945, tokens/sec: 20554.69 ± 82.66, tokens seen: 3977011200, grad norm: 34.9729
[iter 64740]loss: 3.1441, tokens/sec: 20554.70 ± 82.65, tokens seen: 3977625600, grad norm: 31.2432
[iter 64750]loss: 3.1538, tokens/sec: 20554.70 ± 82.65, tokens seen: 3978240000, grad norm: 24.4603
[iter 64760]loss: 2.9844, tokens/sec: 20554.70 ± 82.64, tokens seen: 3978854400, grad norm: 10.5867
[iter 64770]loss: 2.9571, tokens/sec: 20554.70 ± 82.63, tokens seen: 3979468800, grad norm: 6.3777
[iter 64780]loss: 2.8981, tokens/sec: 20554.70 ± 82.63, tokens seen: 3980083200, grad norm: 10.8653
[iter 64790]loss: 3.0278, tokens/sec: 20554.70 ± 82.62, tokens seen: 3980697600, grad norm: 30.7008
[iter 64800]loss: 2.9765, tokens/sec: 20554.70 ± 82.62, tokens seen: 3981312000, grad norm: 40.3549
[iter 64810]loss: 2.9569, tokens/sec: 20554.70 ± 82.61, tokens seen: 3981926400, grad norm: 21.6859
[iter 64820]loss: 3.0071, tokens/sec: 20554.70 ± 82.60, tokens seen: 3982540800, grad norm: 18.8643
[iter 64830]loss: 2.8858, tokens/sec: 20554.70 ± 82.60, tokens seen: 3983155200, grad norm: 3.2201
[iter 64840]loss: 3.1131, tokens/sec: 20554.70 ± 82.59, tokens seen: 3983769600, grad norm: 11.3261
[iter 64850]loss: 2.7695, tokens/sec: 20554.70 ± 82.59, tokens seen: 3984384000, grad norm: 14.1640
[iter 64860]loss: 3.0591, tokens/sec: 20554.70 ± 82.58, tokens seen: 3984998400, grad norm: 4.8808
[iter 64870]loss: 3.0499, tokens/sec: 20554.70 ± 82.57, tokens seen: 3985612800, grad norm: 5.1968
[iter 64880]loss: 2.5915, tokens/sec: 20554.70 ± 82.57, tokens seen: 3986227200, grad norm: 10.9836
[iter 64890]loss: 3.0836, tokens/sec: 20554.70 ± 82.56, tokens seen: 3986841600, grad norm: 11.2134
[iter 64900]loss: 3.3290, tokens/sec: 20554.70 ± 82.56, tokens seen: 3987456000, grad norm: 9.7783
[iter 64910]loss: 2.5510, tokens/sec: 20554.70 ± 82.55, tokens seen: 3988070400, grad norm: 4.6012
[iter 64920]loss: 2.8483, tokens/sec: 20554.70 ± 82.55, tokens seen: 3988684800, grad norm: 8.2978
[iter 64930]loss: 3.0046, tokens/sec: 20554.70 ± 82.54, tokens seen: 3989299200, grad norm: 14.3682
[iter 64940]loss: 2.8903, tokens/sec: 20554.70 ± 82.53, tokens seen: 3989913600, grad norm: 32.8518
[iter 64950]loss: 2.9526, tokens/sec: 20554.70 ± 82.53, tokens seen: 3990528000, grad norm: 19.1737
[iter 64960]loss: 2.9580, tokens/sec: 20554.70 ± 82.52, tokens seen: 3991142400, grad norm: 13.9723
[iter 64970]loss: 2.8787, tokens/sec: 20554.71 ± 82.52, tokens seen: 3991756800, grad norm: 3.7942
[iter 64980]loss: 2.8861, tokens/sec: 20554.71 ± 82.51, tokens seen: 3992371200, grad norm: 33.5014
[iter 64990]loss: 3.0580, tokens/sec: 20554.71 ± 82.50, tokens seen: 3992985600, grad norm: 11.6998
[step 65000]train loss: 2.9324, val loss: 2.9710, (avg train loss: 0.5894 ± 0.0295), (avg grad norm: 16.8123 ± 26.7398)
[iter 65000]loss: 2.9763, tokens/sec: 20554.71 ± 82.50, tokens seen: 3993600000, grad norm: 30.3259
[iter 65010]loss: 3.0322, tokens/sec: 20554.71 ± 82.49, tokens seen: 3994214400, grad norm: 4.2832
[iter 65020]loss: 2.8735, tokens/sec: 20554.71 ± 82.49, tokens seen: 3994828800, grad norm: 15.6695
[iter 65030]loss: 2.8893, tokens/sec: 20554.71 ± 82.48, tokens seen: 3995443200, grad norm: 3.3870
[iter 65040]loss: 3.0370, tokens/sec: 20554.71 ± 82.48, tokens seen: 3996057600, grad norm: 11.1226
[iter 65050]loss: 2.9282, tokens/sec: 20554.71 ± 82.47, tokens seen: 3996672000, grad norm: 22.9659
[iter 65060]loss: 2.6548, tokens/sec: 20554.70 ± 82.47, tokens seen: 3997286400, grad norm: 12.9989
[iter 65070]loss: 3.0416, tokens/sec: 20554.70 ± 82.46, tokens seen: 3997900800, grad norm: 9.5267
[iter 65080]loss: 3.1544, tokens/sec: 20554.70 ± 82.45, tokens seen: 3998515200, grad norm: 25.5154
[iter 65090]loss: 2.8138, tokens/sec: 20554.70 ± 82.45, tokens seen: 3999129600, grad norm: 6.2603
[iter 65100]loss: 3.0052, tokens/sec: 20554.70 ± 82.44, tokens seen: 3999744000, grad norm: 71.7346
[iter 65110]loss: 2.7990, tokens/sec: 20554.70 ± 82.44, tokens seen: 4000358400, grad norm: 14.6117
[iter 65120]loss: 2.9001, tokens/sec: 20554.70 ± 82.43, tokens seen: 4000972800, grad norm: 11.6160
[iter 65130]loss: 2.8726, tokens/sec: 20554.70 ± 82.43, tokens seen: 4001587200, grad norm: 41.0927
[iter 65140]loss: 2.7610, tokens/sec: 20554.70 ± 82.42, tokens seen: 4002201600, grad norm: 18.2331
[iter 65150]loss: 2.8992, tokens/sec: 20554.71 ± 82.41, tokens seen: 4002816000, grad norm: 13.4333
[iter 65160]loss: 2.6873, tokens/sec: 20554.71 ± 82.41, tokens seen: 4003430400, grad norm: 11.5874
[iter 65170]loss: 3.0387, tokens/sec: 20554.71 ± 82.40, tokens seen: 4004044800, grad norm: 11.8463
[iter 65180]loss: 2.9923, tokens/sec: 20554.71 ± 82.40, tokens seen: 4004659200, grad norm: 18.5387
[iter 65190]loss: 2.8649, tokens/sec: 20554.71 ± 82.39, tokens seen: 4005273600, grad norm: 446.9286
[iter 65200]loss: 2.9765, tokens/sec: 20554.71 ± 82.38, tokens seen: 4005888000, grad norm: 19.4404
[iter 65210]loss: 2.9816, tokens/sec: 20554.71 ± 82.38, tokens seen: 4006502400, grad norm: 9.0164
[iter 65220]loss: 3.1310, tokens/sec: 20554.71 ± 82.37, tokens seen: 4007116800, grad norm: 4.2500
[iter 65230]loss: 2.7206, tokens/sec: 20554.71 ± 82.37, tokens seen: 4007731200, grad norm: 229.1851
[iter 65240]loss: 3.0180, tokens/sec: 20554.71 ± 82.36, tokens seen: 4008345600, grad norm: 8.3249
[iter 65250]loss: 2.9829, tokens/sec: 20554.71 ± 82.35, tokens seen: 4008960000, grad norm: 3.0666
[iter 65260]loss: 2.8999, tokens/sec: 20554.71 ± 82.35, tokens seen: 4009574400, grad norm: 2.0158
[iter 65270]loss: 2.7196, tokens/sec: 20554.71 ± 82.34, tokens seen: 4010188800, grad norm: 4.2294
[iter 65280]loss: 2.9297, tokens/sec: 20554.71 ± 82.34, tokens seen: 4010803200, grad norm: 30.7800
[iter 65290]loss: 2.7340, tokens/sec: 20554.71 ± 82.33, tokens seen: 4011417600, grad norm: 2.1642
[iter 65300]loss: 3.0503, tokens/sec: 20554.71 ± 82.33, tokens seen: 4012032000, grad norm: 38.0621
[iter 65310]loss: 2.8802, tokens/sec: 20554.71 ± 82.32, tokens seen: 4012646400, grad norm: 12.3888
[iter 65320]loss: 2.8444, tokens/sec: 20554.71 ± 82.32, tokens seen: 4013260800, grad norm: 46.3607
[iter 65330]loss: 3.0582, tokens/sec: 20554.71 ± 82.31, tokens seen: 4013875200, grad norm: 14.6473
[iter 65340]loss: 2.6250, tokens/sec: 20554.71 ± 82.30, tokens seen: 4014489600, grad norm: 3.7447
[iter 65350]loss: 3.0455, tokens/sec: 20554.71 ± 82.30, tokens seen: 4015104000, grad norm: 3.2360
[iter 65360]loss: 3.1463, tokens/sec: 20554.71 ± 82.29, tokens seen: 4015718400, grad norm: 7.0386
[iter 65370]loss: 2.9508, tokens/sec: 20554.71 ± 82.29, tokens seen: 4016332800, grad norm: 6.3452
[iter 65380]loss: 3.0009, tokens/sec: 20554.72 ± 82.28, tokens seen: 4016947200, grad norm: 7.3769
[iter 65390]loss: 2.7835, tokens/sec: 20554.71 ± 82.27, tokens seen: 4017561600, grad norm: 44.1408
[iter 65400]loss: 2.9543, tokens/sec: 20554.71 ± 82.27, tokens seen: 4018176000, grad norm: 8.2348
[iter 65410]loss: 2.7372, tokens/sec: 20554.72 ± 82.26, tokens seen: 4018790400, grad norm: 16.6201
[iter 65420]loss: 2.8745, tokens/sec: 20554.72 ± 82.26, tokens seen: 4019404800, grad norm: 5.6736
[iter 65430]loss: 2.8100, tokens/sec: 20554.72 ± 82.25, tokens seen: 4020019200, grad norm: 1.5719
[iter 65440]loss: 3.1324, tokens/sec: 20554.72 ± 82.24, tokens seen: 4020633600, grad norm: 193.2110
[iter 65450]loss: 2.9586, tokens/sec: 20554.72 ± 82.24, tokens seen: 4021248000, grad norm: 17.8683
[iter 65460]loss: 3.0241, tokens/sec: 20554.72 ± 82.23, tokens seen: 4021862400, grad norm: 19.8860
[iter 65470]loss: 3.0135, tokens/sec: 20554.72 ± 82.23, tokens seen: 4022476800, grad norm: 27.7206
[iter 65480]loss: 2.9375, tokens/sec: 20554.72 ± 82.22, tokens seen: 4023091200, grad norm: 16.9191
[iter 65490]loss: 2.9464, tokens/sec: 20554.72 ± 82.22, tokens seen: 4023705600, grad norm: 3.3124
[step 65500]train loss: 2.9311, val loss: 2.9614, (avg train loss: 0.5915 ± 0.0289), (avg grad norm: 22.7460 ± 101.9121)
[iter 65500]loss: 2.7261, tokens/sec: 20554.72 ± 82.21, tokens seen: 4024320000, grad norm: 76.9708
[iter 65510]loss: 3.0475, tokens/sec: 20554.72 ± 82.20, tokens seen: 4024934400, grad norm: 17.2822
[iter 65520]loss: 2.9971, tokens/sec: 20554.72 ± 82.20, tokens seen: 4025548800, grad norm: 22.2209
[iter 65530]loss: 2.6479, tokens/sec: 20554.72 ± 82.19, tokens seen: 4026163200, grad norm: 1.7228
[iter 65540]loss: 3.0592, tokens/sec: 20554.72 ± 82.19, tokens seen: 4026777600, grad norm: 10.3153
[iter 65550]loss: 2.7004, tokens/sec: 20554.72 ± 82.18, tokens seen: 4027392000, grad norm: 13.5001
[iter 65560]loss: 2.6607, tokens/sec: 20554.72 ± 82.17, tokens seen: 4028006400, grad norm: 3.3128
[iter 65570]loss: 3.0221, tokens/sec: 20554.72 ± 82.17, tokens seen: 4028620800, grad norm: 30.8367
[iter 65580]loss: 2.8816, tokens/sec: 20554.73 ± 82.16, tokens seen: 4029235200, grad norm: 1.8038
[iter 65590]loss: 2.6148, tokens/sec: 20554.73 ± 82.16, tokens seen: 4029849600, grad norm: 2.7321
[iter 65600]loss: 2.6689, tokens/sec: 20554.73 ± 82.15, tokens seen: 4030464000, grad norm: 12.5039
[iter 65610]loss: 3.0930, tokens/sec: 20554.72 ± 82.14, tokens seen: 4031078400, grad norm: 2.3004
[iter 65620]loss: 3.0080, tokens/sec: 20554.72 ± 82.14, tokens seen: 4031692800, grad norm: 8.7626
[iter 65630]loss: 2.9007, tokens/sec: 20554.72 ± 82.13, tokens seen: 4032307200, grad norm: 1.9017
[iter 65640]loss: 2.9513, tokens/sec: 20554.73 ± 82.13, tokens seen: 4032921600, grad norm: 2.6820
[iter 65650]loss: 3.1813, tokens/sec: 20554.73 ± 82.12, tokens seen: 4033536000, grad norm: 4.1407
[iter 65660]loss: 3.1763, tokens/sec: 20554.73 ± 82.12, tokens seen: 4034150400, grad norm: 3.7237
[iter 65670]loss: 2.6936, tokens/sec: 20554.73 ± 82.11, tokens seen: 4034764800, grad norm: 9.1089
[iter 65680]loss: 2.9058, tokens/sec: 20554.73 ± 82.10, tokens seen: 4035379200, grad norm: 2.6136
[iter 65690]loss: 2.6763, tokens/sec: 20554.73 ± 82.10, tokens seen: 4035993600, grad norm: 7.0271
[iter 65700]loss: 2.9380, tokens/sec: 20554.73 ± 82.09, tokens seen: 4036608000, grad norm: 2.8335
[iter 65710]loss: 3.2138, tokens/sec: 20554.73 ± 82.09, tokens seen: 4037222400, grad norm: 4.2882
[iter 65720]loss: 2.9707, tokens/sec: 20554.73 ± 82.08, tokens seen: 4037836800, grad norm: 2.6551
[iter 65730]loss: 3.2157, tokens/sec: 20554.73 ± 82.07, tokens seen: 4038451200, grad norm: 10.9754
[iter 65740]loss: 2.7992, tokens/sec: 20554.73 ± 82.07, tokens seen: 4039065600, grad norm: 2.7984
[iter 65750]loss: 3.1112, tokens/sec: 20554.73 ± 82.06, tokens seen: 4039680000, grad norm: 8.8596
[iter 65760]loss: 2.4788, tokens/sec: 20554.73 ± 82.06, tokens seen: 4040294400, grad norm: 5.1424
[iter 65770]loss: 2.9241, tokens/sec: 20554.73 ± 82.05, tokens seen: 4040908800, grad norm: 16.7857
[iter 65780]loss: 2.9841, tokens/sec: 20554.74 ± 82.05, tokens seen: 4041523200, grad norm: 2.1752
[iter 65790]loss: 2.9848, tokens/sec: 20554.73 ± 82.04, tokens seen: 4042137600, grad norm: 2.3366
[iter 65800]loss: 3.0731, tokens/sec: 20554.73 ± 82.04, tokens seen: 4042752000, grad norm: 2.7147
[iter 65810]loss: 3.0634, tokens/sec: 20554.73 ± 82.03, tokens seen: 4043366400, grad norm: 4.6305
[iter 65820]loss: 2.7241, tokens/sec: 20554.74 ± 82.02, tokens seen: 4043980800, grad norm: 3.7012
[iter 65830]loss: 2.5450, tokens/sec: 20554.74 ± 82.02, tokens seen: 4044595200, grad norm: 17.7395
[iter 65840]loss: 3.0544, tokens/sec: 20554.74 ± 82.01, tokens seen: 4045209600, grad norm: 5.6418
[iter 65850]loss: 3.1618, tokens/sec: 20554.74 ± 82.01, tokens seen: 4045824000, grad norm: 3.1365
[iter 65860]loss: 3.2887, tokens/sec: 20554.74 ± 82.00, tokens seen: 4046438400, grad norm: 13.9754
[iter 65870]loss: 2.6186, tokens/sec: 20554.74 ± 82.00, tokens seen: 4047052800, grad norm: 2.0100
[iter 65880]loss: 2.9692, tokens/sec: 20554.74 ± 81.99, tokens seen: 4047667200, grad norm: 9.5229
[iter 65890]loss: 3.1273, tokens/sec: 20554.74 ± 81.98, tokens seen: 4048281600, grad norm: 5.4299
[iter 65900]loss: 2.9998, tokens/sec: 20554.74 ± 81.98, tokens seen: 4048896000, grad norm: 3.8741
[iter 65910]loss: 2.8064, tokens/sec: 20554.74 ± 81.97, tokens seen: 4049510400, grad norm: 3.7574
[iter 65920]loss: 2.7345, tokens/sec: 20554.74 ± 81.97, tokens seen: 4050124800, grad norm: 2.0393
[iter 65930]loss: 2.9686, tokens/sec: 20554.74 ± 81.96, tokens seen: 4050739200, grad norm: 6.2030
[iter 65940]loss: 2.9554, tokens/sec: 20554.74 ± 81.96, tokens seen: 4051353600, grad norm: 12.8268
[iter 65950]loss: 2.7840, tokens/sec: 20554.74 ± 81.95, tokens seen: 4051968000, grad norm: 6.3035
[iter 65960]loss: 2.9515, tokens/sec: 20554.74 ± 81.94, tokens seen: 4052582400, grad norm: 7.8317
[iter 65970]loss: 2.9967, tokens/sec: 20554.74 ± 81.94, tokens seen: 4053196800, grad norm: 46.0810
[iter 65980]loss: 2.9121, tokens/sec: 20554.74 ± 81.93, tokens seen: 4053811200, grad norm: 7.3125
[iter 65990]loss: 2.9632, tokens/sec: 20554.74 ± 81.93, tokens seen: 4054425600, grad norm: 2.2344
[step 66000]train loss: 2.9229, val loss: 2.9668, (avg train loss: 0.5901 ± 0.0290), (avg grad norm: 12.5836 ± 14.5110)
[iter 66000]loss: 2.7991, tokens/sec: 20554.74 ± 81.92, tokens seen: 4055040000, grad norm: 12.5251
[iter 66010]loss: 2.7824, tokens/sec: 20554.74 ± 81.92, tokens seen: 4055654400, grad norm: 34.1267
[iter 66020]loss: 2.7255, tokens/sec: 20554.74 ± 81.91, tokens seen: 4056268800, grad norm: 7.9705
[iter 66030]loss: 3.0405, tokens/sec: 20554.74 ± 81.91, tokens seen: 4056883200, grad norm: 4.7790
[iter 66040]loss: 2.9213, tokens/sec: 20554.74 ± 81.90, tokens seen: 4057497600, grad norm: 6.6546
[iter 66050]loss: 3.0730, tokens/sec: 20554.74 ± 81.89, tokens seen: 4058112000, grad norm: 2.8605
[iter 66060]loss: 3.1689, tokens/sec: 20554.74 ± 81.89, tokens seen: 4058726400, grad norm: 9.3965
[iter 66070]loss: 2.8698, tokens/sec: 20554.74 ± 81.88, tokens seen: 4059340800, grad norm: 11.1250
[iter 66080]loss: 2.5658, tokens/sec: 20554.74 ± 81.88, tokens seen: 4059955200, grad norm: 11.4046
[iter 66090]loss: 2.8372, tokens/sec: 20554.75 ± 81.87, tokens seen: 4060569600, grad norm: 15.8107
[iter 66100]loss: 2.8205, tokens/sec: 20554.75 ± 81.87, tokens seen: 4061184000, grad norm: 5.3803
[iter 66110]loss: 2.9901, tokens/sec: 20554.75 ± 81.86, tokens seen: 4061798400, grad norm: 12.3747
[iter 66120]loss: 2.5805, tokens/sec: 20554.75 ± 81.85, tokens seen: 4062412800, grad norm: 43.2935
[iter 66130]loss: 2.9916, tokens/sec: 20554.75 ± 81.85, tokens seen: 4063027200, grad norm: 9.2044
[iter 66140]loss: 3.0206, tokens/sec: 20554.75 ± 81.84, tokens seen: 4063641600, grad norm: 4.2197
[iter 66150]loss: 3.2008, tokens/sec: 20554.75 ± 81.84, tokens seen: 4064256000, grad norm: 3.6666
[iter 66160]loss: 2.7312, tokens/sec: 20554.75 ± 81.83, tokens seen: 4064870400, grad norm: 5.9910
[iter 66170]loss: 3.0558, tokens/sec: 20554.75 ± 81.83, tokens seen: 4065484800, grad norm: 13.2194
[iter 66180]loss: 2.9183, tokens/sec: 20554.75 ± 81.82, tokens seen: 4066099200, grad norm: 11.5633
[iter 66190]loss: 2.9601, tokens/sec: 20554.75 ± 81.81, tokens seen: 4066713600, grad norm: 227.8677
[iter 66200]loss: 3.0307, tokens/sec: 20554.75 ± 81.81, tokens seen: 4067328000, grad norm: 11.1545
[iter 66210]loss: 2.9183, tokens/sec: 20554.75 ± 81.80, tokens seen: 4067942400, grad norm: 141.9957
[iter 66220]loss: 2.7904, tokens/sec: 20554.75 ± 81.80, tokens seen: 4068556800, grad norm: 86.9307
[iter 66230]loss: 3.1497, tokens/sec: 20554.75 ± 81.79, tokens seen: 4069171200, grad norm: 78.3782
[iter 66240]loss: 2.9425, tokens/sec: 20554.75 ± 81.79, tokens seen: 4069785600, grad norm: 34.9825
[iter 66250]loss: 2.9615, tokens/sec: 20554.75 ± 81.78, tokens seen: 4070400000, grad norm: 14.4878
[iter 66260]loss: 2.9745, tokens/sec: 20554.75 ± 81.77, tokens seen: 4071014400, grad norm: 36.1040
[iter 66270]loss: 2.9909, tokens/sec: 20554.76 ± 81.77, tokens seen: 4071628800, grad norm: 7.9284
[iter 66280]loss: 2.9536, tokens/sec: 20554.76 ± 81.76, tokens seen: 4072243200, grad norm: 13.3546
[iter 66290]loss: 3.0580, tokens/sec: 20554.76 ± 81.76, tokens seen: 4072857600, grad norm: 60.6793
[iter 66300]loss: 3.0056, tokens/sec: 20554.76 ± 81.75, tokens seen: 4073472000, grad norm: 19.0666
[iter 66310]loss: 2.8187, tokens/sec: 20554.76 ± 81.75, tokens seen: 4074086400, grad norm: 4.3592
[iter 66320]loss: 2.9033, tokens/sec: 20554.76 ± 81.74, tokens seen: 4074700800, grad norm: 47.6088
[iter 66330]loss: 2.8599, tokens/sec: 20554.76 ± 81.73, tokens seen: 4075315200, grad norm: 4.8389
[iter 66340]loss: 3.1568, tokens/sec: 20554.76 ± 81.73, tokens seen: 4075929600, grad norm: 10.4394
[iter 66350]loss: 2.5019, tokens/sec: 20554.76 ± 81.72, tokens seen: 4076544000, grad norm: 3.9467
[iter 66360]loss: 2.9101, tokens/sec: 20554.76 ± 81.72, tokens seen: 4077158400, grad norm: 4.5816
[iter 66370]loss: 2.9168, tokens/sec: 20554.76 ± 81.71, tokens seen: 4077772800, grad norm: 20.8673
[iter 66380]loss: 2.7316, tokens/sec: 20554.76 ± 81.71, tokens seen: 4078387200, grad norm: 18.3880
[iter 66390]loss: 2.6872, tokens/sec: 20554.76 ± 81.70, tokens seen: 4079001600, grad norm: 7.2136
[iter 66400]loss: 3.0320, tokens/sec: 20554.76 ± 81.70, tokens seen: 4079616000, grad norm: 15.7139
[iter 66410]loss: 2.7220, tokens/sec: 20554.76 ± 81.69, tokens seen: 4080230400, grad norm: 4.4865
[iter 66420]loss: 3.0342, tokens/sec: 20554.76 ± 81.68, tokens seen: 4080844800, grad norm: 17.1696
[iter 66430]loss: 2.6336, tokens/sec: 20554.77 ± 81.68, tokens seen: 4081459200, grad norm: 7.1345
[iter 66440]loss: 2.8789, tokens/sec: 20554.77 ± 81.67, tokens seen: 4082073600, grad norm: 5.9609
[iter 66450]loss: 2.8167, tokens/sec: 20554.77 ± 81.67, tokens seen: 4082688000, grad norm: 20.0963
[iter 66460]loss: 3.1981, tokens/sec: 20554.76 ± 81.66, tokens seen: 4083302400, grad norm: 5.5277
[iter 66470]loss: 2.8749, tokens/sec: 20554.77 ± 81.66, tokens seen: 4083916800, grad norm: 17.1595
[iter 66480]loss: 2.7736, tokens/sec: 20554.77 ± 81.65, tokens seen: 4084531200, grad norm: 45.0535
[iter 66490]loss: 2.8135, tokens/sec: 20554.77 ± 81.65, tokens seen: 4085145600, grad norm: 21.5268
[step 66500]train loss: 2.9454, val loss: 2.9500, (avg train loss: 0.5843 ± 0.0305), (avg grad norm: 15.3237 ± 11.9537)
[iter 66500]loss: 2.6556, tokens/sec: 20554.77 ± 81.64, tokens seen: 4085760000, grad norm: 17.0096
[iter 66510]loss: 3.0096, tokens/sec: 20554.78 ± 81.63, tokens seen: 4086374400, grad norm: 33.6684
[iter 66520]loss: 3.0745, tokens/sec: 20554.77 ± 81.63, tokens seen: 4086988800, grad norm: 6.5629
[iter 66530]loss: 3.0961, tokens/sec: 20554.78 ± 81.62, tokens seen: 4087603200, grad norm: 10.8753
[iter 66540]loss: 3.0519, tokens/sec: 20554.78 ± 81.62, tokens seen: 4088217600, grad norm: 18.9672
[iter 66550]loss: 3.1189, tokens/sec: 20554.78 ± 81.61, tokens seen: 4088832000, grad norm: 14.8781
[iter 66560]loss: 3.0854, tokens/sec: 20554.78 ± 81.61, tokens seen: 4089446400, grad norm: 9.8867
[iter 66570]loss: 2.9518, tokens/sec: 20554.78 ± 81.60, tokens seen: 4090060800, grad norm: 6.4269
[iter 66580]loss: 2.9006, tokens/sec: 20554.78 ± 81.60, tokens seen: 4090675200, grad norm: 19.3524
[iter 66590]loss: 3.0413, tokens/sec: 20554.78 ± 81.59, tokens seen: 4091289600, grad norm: 17.5625
[iter 66600]loss: 2.7946, tokens/sec: 20554.79 ± 81.58, tokens seen: 4091904000, grad norm: 12.9050
[iter 66610]loss: 3.0815, tokens/sec: 20554.79 ± 81.58, tokens seen: 4092518400, grad norm: 15.6575
[iter 66620]loss: 2.9590, tokens/sec: 20554.79 ± 81.57, tokens seen: 4093132800, grad norm: 17.6710
[iter 66630]loss: 3.0827, tokens/sec: 20554.79 ± 81.57, tokens seen: 4093747200, grad norm: 9.9360
[iter 66640]loss: 2.8517, tokens/sec: 20554.79 ± 81.56, tokens seen: 4094361600, grad norm: 14.4932
[iter 66650]loss: 2.9456, tokens/sec: 20554.79 ± 81.56, tokens seen: 4094976000, grad norm: 42.0585
[iter 66660]loss: 2.9967, tokens/sec: 20554.79 ± 81.55, tokens seen: 4095590400, grad norm: 19.1339
[iter 66670]loss: 2.8503, tokens/sec: 20554.79 ± 81.54, tokens seen: 4096204800, grad norm: 31.0584
[iter 66680]loss: 2.7773, tokens/sec: 20554.79 ± 81.54, tokens seen: 4096819200, grad norm: 52.7916
[iter 66690]loss: 2.8832, tokens/sec: 20554.80 ± 81.53, tokens seen: 4097433600, grad norm: 52.7065
[iter 66700]loss: 2.7780, tokens/sec: 20554.80 ± 81.53, tokens seen: 4098048000, grad norm: 15.7005
[iter 66710]loss: 2.7344, tokens/sec: 20554.80 ± 81.52, tokens seen: 4098662400, grad norm: 40.7793
[iter 66720]loss: 2.9057, tokens/sec: 20554.80 ± 81.52, tokens seen: 4099276800, grad norm: 14.0451
[iter 66730]loss: 2.9886, tokens/sec: 20554.80 ± 81.51, tokens seen: 4099891200, grad norm: 35.3235
[iter 66740]loss: 3.1092, tokens/sec: 20554.80 ± 81.51, tokens seen: 4100505600, grad norm: 13.3570
[iter 66750]loss: 2.8873, tokens/sec: 20554.81 ± 81.50, tokens seen: 4101120000, grad norm: 29.5697
[iter 66760]loss: 2.6966, tokens/sec: 20554.81 ± 81.49, tokens seen: 4101734400, grad norm: 38.0966
[iter 66770]loss: 3.0776, tokens/sec: 20554.81 ± 81.49, tokens seen: 4102348800, grad norm: 20.0996
[iter 66780]loss: 3.2836, tokens/sec: 20554.81 ± 81.48, tokens seen: 4102963200, grad norm: 14.8927
[iter 66790]loss: 3.1339, tokens/sec: 20554.81 ± 81.48, tokens seen: 4103577600, grad norm: 76.2016
[iter 66800]loss: 3.1448, tokens/sec: 20554.81 ± 81.47, tokens seen: 4104192000, grad norm: 27.9247
[iter 66810]loss: 2.8410, tokens/sec: 20554.81 ± 81.47, tokens seen: 4104806400, grad norm: 40.9507
[iter 66820]loss: 2.7685, tokens/sec: 20554.82 ± 81.46, tokens seen: 4105420800, grad norm: 25.6277
[iter 66830]loss: 3.0674, tokens/sec: 20554.82 ± 81.45, tokens seen: 4106035200, grad norm: 50.2599
[iter 66840]loss: 3.0203, tokens/sec: 20554.82 ± 81.45, tokens seen: 4106649600, grad norm: 11.9271
[iter 66850]loss: 2.9545, tokens/sec: 20554.82 ± 81.44, tokens seen: 4107264000, grad norm: 39.9123
[iter 66860]loss: 2.7592, tokens/sec: 20554.82 ± 81.44, tokens seen: 4107878400, grad norm: 101.1722
[iter 66870]loss: 2.6811, tokens/sec: 20554.82 ± 81.43, tokens seen: 4108492800, grad norm: 18.8560
[iter 66880]loss: 2.8989, tokens/sec: 20554.83 ± 81.43, tokens seen: 4109107200, grad norm: 72.7148
[iter 66890]loss: 2.8004, tokens/sec: 20554.83 ± 81.42, tokens seen: 4109721600, grad norm: 92.7642
[iter 66900]loss: 3.0577, tokens/sec: 20554.83 ± 81.42, tokens seen: 4110336000, grad norm: 53.1969
[iter 66910]loss: 2.9427, tokens/sec: 20554.83 ± 81.41, tokens seen: 4110950400, grad norm: 44.2424
[iter 66920]loss: 3.1141, tokens/sec: 20554.83 ± 81.40, tokens seen: 4111564800, grad norm: 119.6182
[iter 66930]loss: 3.0719, tokens/sec: 20554.83 ± 81.40, tokens seen: 4112179200, grad norm: 88.7490
[iter 66940]loss: 2.7090, tokens/sec: 20554.83 ± 81.39, tokens seen: 4112793600, grad norm: 45.8043
[iter 66950]loss: 2.8115, tokens/sec: 20554.83 ± 81.39, tokens seen: 4113408000, grad norm: 76.5587
[iter 66960]loss: 3.1028, tokens/sec: 20554.83 ± 81.38, tokens seen: 4114022400, grad norm: 182.5253
[iter 66970]loss: 3.0850, tokens/sec: 20554.83 ± 81.38, tokens seen: 4114636800, grad norm: 49.4745
[iter 66980]loss: 2.8773, tokens/sec: 20554.83 ± 81.37, tokens seen: 4115251200, grad norm: 104.5535
[iter 66990]loss: 2.9906, tokens/sec: 20554.83 ± 81.37, tokens seen: 4115865600, grad norm: 59.6829
[step 67000]train loss: 2.9156, val loss: 2.9534, (avg train loss: 0.5885 ± 0.0277), (avg grad norm: 80.5119 ± 73.0169)
[iter 67000]loss: 2.8488, tokens/sec: 20554.83 ± 81.36, tokens seen: 4116480000, grad norm: 18.4667
[iter 67010]loss: 3.0946, tokens/sec: 20554.83 ± 81.35, tokens seen: 4117094400, grad norm: 44.0536
[iter 67020]loss: 3.0919, tokens/sec: 20554.83 ± 81.35, tokens seen: 4117708800, grad norm: 217.2495
[iter 67030]loss: 2.9847, tokens/sec: 20554.83 ± 81.34, tokens seen: 4118323200, grad norm: 27.1469
[iter 67040]loss: 3.1006, tokens/sec: 20554.83 ± 81.34, tokens seen: 4118937600, grad norm: 60.1286
[iter 67050]loss: 3.0279, tokens/sec: 20554.83 ± 81.33, tokens seen: 4119552000, grad norm: 82.2844
[iter 67060]loss: 2.8592, tokens/sec: 20554.83 ± 81.33, tokens seen: 4120166400, grad norm: 125.8999
[iter 67070]loss: 3.0578, tokens/sec: 20554.83 ± 81.32, tokens seen: 4120780800, grad norm: 71.7801
[iter 67080]loss: 3.0124, tokens/sec: 20554.83 ± 81.32, tokens seen: 4121395200, grad norm: 120.7959
[iter 67090]loss: 2.8314, tokens/sec: 20554.83 ± 81.31, tokens seen: 4122009600, grad norm: 22.1597
[iter 67100]loss: 2.6974, tokens/sec: 20554.83 ± 81.31, tokens seen: 4122624000, grad norm: 35.2611
[iter 67110]loss: 2.9014, tokens/sec: 20554.83 ± 81.30, tokens seen: 4123238400, grad norm: 51.8821
[iter 67120]loss: 2.9130, tokens/sec: 20554.83 ± 81.29, tokens seen: 4123852800, grad norm: 25.0064
[iter 67130]loss: 2.8556, tokens/sec: 20554.83 ± 81.29, tokens seen: 4124467200, grad norm: 32.4990
[iter 67140]loss: 3.1331, tokens/sec: 20554.83 ± 81.28, tokens seen: 4125081600, grad norm: 54.2969
[iter 67150]loss: 2.8777, tokens/sec: 20554.83 ± 81.28, tokens seen: 4125696000, grad norm: 52.2472
[iter 67160]loss: 2.8492, tokens/sec: 20554.83 ± 81.27, tokens seen: 4126310400, grad norm: 25.2036
[iter 67170]loss: 2.7781, tokens/sec: 20554.84 ± 81.27, tokens seen: 4126924800, grad norm: 43.9245
[iter 67180]loss: 2.7951, tokens/sec: 20554.84 ± 81.26, tokens seen: 4127539200, grad norm: 136.4102
[iter 67190]loss: 2.7236, tokens/sec: 20554.84 ± 81.26, tokens seen: 4128153600, grad norm: 73.1313
[iter 67200]loss: 2.9316, tokens/sec: 20554.84 ± 81.25, tokens seen: 4128768000, grad norm: 67.0231
[iter 67210]loss: 3.3081, tokens/sec: 20554.84 ± 81.24, tokens seen: 4129382400, grad norm: 60.5110
[iter 67220]loss: 3.0980, tokens/sec: 20554.84 ± 81.24, tokens seen: 4129996800, grad norm: 86.2844
[iter 67230]loss: 2.9058, tokens/sec: 20554.84 ± 81.23, tokens seen: 4130611200, grad norm: 104.2666
[iter 67240]loss: 3.0353, tokens/sec: 20554.84 ± 81.23, tokens seen: 4131225600, grad norm: 99.4767
[iter 67250]loss: 2.8887, tokens/sec: 20554.84 ± 81.22, tokens seen: 4131840000, grad norm: 49.0178
[iter 67260]loss: 2.9315, tokens/sec: 20554.84 ± 81.22, tokens seen: 4132454400, grad norm: 44.8937
[iter 67270]loss: 2.8462, tokens/sec: 20554.84 ± 81.21, tokens seen: 4133068800, grad norm: 148.6714
[iter 67280]loss: 3.1978, tokens/sec: 20554.85 ± 81.21, tokens seen: 4133683200, grad norm: 64.1609
[iter 67290]loss: 2.8588, tokens/sec: 20554.84 ± 81.20, tokens seen: 4134297600, grad norm: 39.9066
[iter 67300]loss: 2.7774, tokens/sec: 20554.84 ± 81.19, tokens seen: 4134912000, grad norm: 243.6379
[iter 67310]loss: 2.9066, tokens/sec: 20554.84 ± 81.19, tokens seen: 4135526400, grad norm: 44.3074
[iter 67320]loss: 2.9433, tokens/sec: 20554.84 ± 81.18, tokens seen: 4136140800, grad norm: 164.2547
[iter 67330]loss: 3.0798, tokens/sec: 20554.84 ± 81.18, tokens seen: 4136755200, grad norm: 23.8240
[iter 67340]loss: 2.9282, tokens/sec: 20554.84 ± 81.17, tokens seen: 4137369600, grad norm: 20.8698
[iter 67350]loss: 2.7637, tokens/sec: 20554.84 ± 81.17, tokens seen: 4137984000, grad norm: 40.9754
[iter 67360]loss: 3.0803, tokens/sec: 20554.84 ± 81.16, tokens seen: 4138598400, grad norm: 80.6430
[iter 67370]loss: 3.1215, tokens/sec: 20554.84 ± 81.16, tokens seen: 4139212800, grad norm: 26.6050
[iter 67380]loss: 2.9590, tokens/sec: 20554.84 ± 81.15, tokens seen: 4139827200, grad norm: 38.6189
[iter 67390]loss: 3.0316, tokens/sec: 20554.84 ± 81.15, tokens seen: 4140441600, grad norm: 33.0041
[iter 67400]loss: 2.8596, tokens/sec: 20554.84 ± 81.14, tokens seen: 4141056000, grad norm: 57.1530
[iter 67410]loss: 3.1145, tokens/sec: 20554.84 ± 81.14, tokens seen: 4141670400, grad norm: 25.5574
[iter 67420]loss: 2.8957, tokens/sec: 20554.84 ± 81.13, tokens seen: 4142284800, grad norm: 22.0676
[iter 67430]loss: 2.9597, tokens/sec: 20554.85 ± 81.12, tokens seen: 4142899200, grad norm: 55.4737
[iter 67440]loss: 2.8447, tokens/sec: 20554.85 ± 81.12, tokens seen: 4143513600, grad norm: 16.8042
[iter 67450]loss: 3.0307, tokens/sec: 20554.84 ± 81.11, tokens seen: 4144128000, grad norm: 120.1972
[iter 67460]loss: 3.2485, tokens/sec: 20554.85 ± 81.11, tokens seen: 4144742400, grad norm: 74.1686
[iter 67470]loss: 3.0955, tokens/sec: 20554.85 ± 81.10, tokens seen: 4145356800, grad norm: 18.9952
[iter 67480]loss: 3.0642, tokens/sec: 20554.85 ± 81.10, tokens seen: 4145971200, grad norm: 30.6692
[iter 67490]loss: 3.0312, tokens/sec: 20554.85 ± 81.09, tokens seen: 4146585600, grad norm: 44.9305
[step 67500]train loss: 2.9283, val loss: 2.9534, (avg train loss: 0.5866 ± 0.0333), (avg grad norm: 58.7917 ± 33.9020)
[iter 67500]loss: 2.7555, tokens/sec: 20554.84 ± 81.09, tokens seen: 4147200000, grad norm: 81.8942
[iter 67510]loss: 2.9836, tokens/sec: 20554.85 ± 81.08, tokens seen: 4147814400, grad norm: 22.8340
[iter 67520]loss: 2.9740, tokens/sec: 20554.85 ± 81.08, tokens seen: 4148428800, grad norm: 33.0299
[iter 67530]loss: 2.9315, tokens/sec: 20554.85 ± 81.07, tokens seen: 4149043200, grad norm: 20.7151
[iter 67540]loss: 3.0288, tokens/sec: 20554.85 ± 81.06, tokens seen: 4149657600, grad norm: 31.6000
[iter 67550]loss: 3.0881, tokens/sec: 20554.85 ± 81.06, tokens seen: 4150272000, grad norm: 54.7203
[iter 67560]loss: 2.7600, tokens/sec: 20554.85 ± 81.05, tokens seen: 4150886400, grad norm: 15.7830
[iter 67570]loss: 3.0058, tokens/sec: 20554.85 ± 81.05, tokens seen: 4151500800, grad norm: 9.8876
[iter 67580]loss: 3.1044, tokens/sec: 20554.85 ± 81.04, tokens seen: 4152115200, grad norm: 117.4169
[iter 67590]loss: 3.0802, tokens/sec: 20554.85 ± 81.04, tokens seen: 4152729600, grad norm: 26.4326
[iter 67600]loss: 2.8217, tokens/sec: 20554.85 ± 81.03, tokens seen: 4153344000, grad norm: 57.4375
[iter 67610]loss: 3.0895, tokens/sec: 20554.85 ± 81.02, tokens seen: 4153958400, grad norm: 36.5534
[iter 67620]loss: 2.8005, tokens/sec: 20554.85 ± 81.02, tokens seen: 4154572800, grad norm: 49.8581
[iter 67630]loss: 2.9337, tokens/sec: 20554.85 ± 81.01, tokens seen: 4155187200, grad norm: 35.3927
[iter 67640]loss: 3.1304, tokens/sec: 20554.85 ± 81.01, tokens seen: 4155801600, grad norm: 65.5829
[iter 67650]loss: 2.9337, tokens/sec: 20554.85 ± 81.00, tokens seen: 4156416000, grad norm: 28.6676
[iter 67660]loss: 2.8987, tokens/sec: 20554.86 ± 81.00, tokens seen: 4157030400, grad norm: 31.6431
[iter 67670]loss: 3.0559, tokens/sec: 20554.86 ± 80.99, tokens seen: 4157644800, grad norm: 27.8076
[iter 67680]loss: 2.5780, tokens/sec: 20554.86 ± 80.98, tokens seen: 4158259200, grad norm: 31.6567
[iter 67690]loss: 2.9039, tokens/sec: 20554.86 ± 80.98, tokens seen: 4158873600, grad norm: 84.6938
[iter 67700]loss: 3.0481, tokens/sec: 20554.86 ± 80.97, tokens seen: 4159488000, grad norm: 26.1053
[iter 67710]loss: 3.0774, tokens/sec: 20554.86 ± 80.97, tokens seen: 4160102400, grad norm: 42.2028
[iter 67720]loss: 3.1136, tokens/sec: 20554.86 ± 80.96, tokens seen: 4160716800, grad norm: 44.5911
[iter 67730]loss: 2.8873, tokens/sec: 20554.86 ± 80.96, tokens seen: 4161331200, grad norm: 56.0334
[iter 67740]loss: 3.0030, tokens/sec: 20554.86 ± 80.95, tokens seen: 4161945600, grad norm: 48.0521
[iter 67750]loss: 2.9341, tokens/sec: 20554.86 ± 80.95, tokens seen: 4162560000, grad norm: 16.7533
[iter 67760]loss: 2.7901, tokens/sec: 20554.87 ± 80.94, tokens seen: 4163174400, grad norm: 36.3570
[iter 67770]loss: 2.8508, tokens/sec: 20554.87 ± 80.93, tokens seen: 4163788800, grad norm: 48.1058
[iter 67780]loss: 3.2239, tokens/sec: 20554.86 ± 80.93, tokens seen: 4164403200, grad norm: 51.4294
[iter 67790]loss: 3.1057, tokens/sec: 20554.87 ± 80.92, tokens seen: 4165017600, grad norm: 62.1634
[iter 67800]loss: 3.0511, tokens/sec: 20554.87 ± 80.92, tokens seen: 4165632000, grad norm: 34.7529
[iter 67810]loss: 3.1718, tokens/sec: 20554.87 ± 80.91, tokens seen: 4166246400, grad norm: 64.3626
[iter 67820]loss: 2.9382, tokens/sec: 20554.87 ± 80.91, tokens seen: 4166860800, grad norm: 31.3707
[iter 67830]loss: 3.0581, tokens/sec: 20554.87 ± 80.90, tokens seen: 4167475200, grad norm: 29.3347
[iter 67840]loss: 2.9895, tokens/sec: 20554.87 ± 80.90, tokens seen: 4168089600, grad norm: 45.3947
[iter 67850]loss: 3.0176, tokens/sec: 20554.87 ± 80.89, tokens seen: 4168704000, grad norm: 54.4663
[iter 67860]loss: 2.9063, tokens/sec: 20554.87 ± 80.88, tokens seen: 4169318400, grad norm: 26.2791
[iter 67870]loss: 2.9210, tokens/sec: 20554.87 ± 80.88, tokens seen: 4169932800, grad norm: 40.7018
[iter 67880]loss: 2.8000, tokens/sec: 20554.87 ± 80.87, tokens seen: 4170547200, grad norm: 21.5697
[iter 67890]loss: 2.9307, tokens/sec: 20554.87 ± 80.87, tokens seen: 4171161600, grad norm: 49.3879
[iter 67900]loss: 3.0016, tokens/sec: 20554.87 ± 80.86, tokens seen: 4171776000, grad norm: 22.1391
[iter 67910]loss: 2.4631, tokens/sec: 20554.87 ± 80.86, tokens seen: 4172390400, grad norm: 52.2769
[iter 67920]loss: 2.8022, tokens/sec: 20554.87 ± 80.85, tokens seen: 4173004800, grad norm: 33.2481
[iter 67930]loss: 3.1479, tokens/sec: 20554.87 ± 80.85, tokens seen: 4173619200, grad norm: 134.8461
[iter 67940]loss: 3.0825, tokens/sec: 20554.87 ± 80.84, tokens seen: 4174233600, grad norm: 35.7751
[iter 67950]loss: 2.9150, tokens/sec: 20554.88 ± 80.83, tokens seen: 4174848000, grad norm: 52.2032
[iter 67960]loss: 2.7617, tokens/sec: 20554.88 ± 80.83, tokens seen: 4175462400, grad norm: 28.7803
[iter 67970]loss: 3.0200, tokens/sec: 20554.88 ± 80.82, tokens seen: 4176076800, grad norm: 69.3735
[iter 67980]loss: 3.3369, tokens/sec: 20554.87 ± 80.82, tokens seen: 4176691200, grad norm: 33.9740
[iter 67990]loss: 2.8352, tokens/sec: 20554.87 ± 80.81, tokens seen: 4177305600, grad norm: 85.2745
[step 68000]train loss: 2.9200, val loss: 2.9397, (avg train loss: 0.5838 ± 0.0293), (avg grad norm: 59.7486 ± 38.9111)
[iter 68000]loss: 3.0642, tokens/sec: 20554.87 ± 80.81, tokens seen: 4177920000, grad norm: 68.9070
[iter 68010]loss: 3.0236, tokens/sec: 20554.88 ± 80.80, tokens seen: 4178534400, grad norm: 56.6127
[iter 68020]loss: 2.9937, tokens/sec: 20554.87 ± 80.80, tokens seen: 4179148800, grad norm: 33.3154
[iter 68030]loss: 2.8749, tokens/sec: 20554.87 ± 80.79, tokens seen: 4179763200, grad norm: 45.9572
[iter 68040]loss: 3.0154, tokens/sec: 20554.87 ± 80.79, tokens seen: 4180377600, grad norm: 84.1674
[iter 68050]loss: 2.8327, tokens/sec: 20554.87 ± 80.78, tokens seen: 4180992000, grad norm: 37.4305
[iter 68060]loss: 2.8094, tokens/sec: 20554.87 ± 80.77, tokens seen: 4181606400, grad norm: 51.3652
[iter 68070]loss: 2.6469, tokens/sec: 20554.87 ± 80.77, tokens seen: 4182220800, grad norm: 26.0110
[iter 68080]loss: 2.9050, tokens/sec: 20554.87 ± 80.76, tokens seen: 4182835200, grad norm: 47.3516
[iter 68090]loss: 2.8558, tokens/sec: 20554.87 ± 80.76, tokens seen: 4183449600, grad norm: 57.5747
[iter 68100]loss: 3.0062, tokens/sec: 20554.87 ± 80.75, tokens seen: 4184064000, grad norm: 36.5300
[iter 68110]loss: 2.8382, tokens/sec: 20554.87 ± 80.75, tokens seen: 4184678400, grad norm: 28.8209
[iter 68120]loss: 3.0759, tokens/sec: 20554.88 ± 80.74, tokens seen: 4185292800, grad norm: 33.4057
[iter 68130]loss: 2.7349, tokens/sec: 20554.88 ± 80.74, tokens seen: 4185907200, grad norm: 594.6619
[iter 68140]loss: 3.1188, tokens/sec: 20554.88 ± 80.73, tokens seen: 4186521600, grad norm: 73.6353
[iter 68150]loss: 3.0256, tokens/sec: 20554.88 ± 80.72, tokens seen: 4187136000, grad norm: 27.7478
[iter 68160]loss: 2.7439, tokens/sec: 20554.88 ± 80.72, tokens seen: 4187750400, grad norm: 90.2288
[iter 68170]loss: 2.9400, tokens/sec: 20554.88 ± 80.71, tokens seen: 4188364800, grad norm: 50.6596
[iter 68180]loss: 2.8375, tokens/sec: 20554.88 ± 80.71, tokens seen: 4188979200, grad norm: 43.5638
[iter 68190]loss: 2.8771, tokens/sec: 20554.88 ± 80.70, tokens seen: 4189593600, grad norm: 34.6803
[iter 68200]loss: 3.0828, tokens/sec: 20554.88 ± 80.70, tokens seen: 4190208000, grad norm: 38.3950
[iter 68210]loss: 2.9039, tokens/sec: 20554.88 ± 80.69, tokens seen: 4190822400, grad norm: 80.4804
[iter 68220]loss: 3.0278, tokens/sec: 20554.88 ± 80.69, tokens seen: 4191436800, grad norm: 25.1543
[iter 68230]loss: 2.8673, tokens/sec: 20554.88 ± 80.68, tokens seen: 4192051200, grad norm: 41.9513
[iter 68240]loss: 3.0021, tokens/sec: 20554.88 ± 80.68, tokens seen: 4192665600, grad norm: 89.5477
[iter 68250]loss: 2.9537, tokens/sec: 20554.88 ± 80.67, tokens seen: 4193280000, grad norm: 19.2059
[iter 68260]loss: 2.9858, tokens/sec: 20554.88 ± 80.67, tokens seen: 4193894400, grad norm: 51.9358
[iter 68270]loss: 3.1058, tokens/sec: 20554.88 ± 80.66, tokens seen: 4194508800, grad norm: 39.5655
[iter 68280]loss: 2.7505, tokens/sec: 20554.89 ± 80.65, tokens seen: 4195123200, grad norm: 15.7062
[iter 68290]loss: 2.9156, tokens/sec: 20554.89 ± 80.65, tokens seen: 4195737600, grad norm: 30.1951
[iter 68300]loss: 2.8520, tokens/sec: 20554.89 ± 80.64, tokens seen: 4196352000, grad norm: 29.3937
[iter 68310]loss: 3.0743, tokens/sec: 20554.89 ± 80.64, tokens seen: 4196966400, grad norm: 31.5201
[iter 68320]loss: 2.8379, tokens/sec: 20554.89 ± 80.63, tokens seen: 4197580800, grad norm: 34.2423
[iter 68330]loss: 2.7280, tokens/sec: 20554.89 ± 80.63, tokens seen: 4198195200, grad norm: 16.6733
[iter 68340]loss: 2.6268, tokens/sec: 20554.89 ± 80.62, tokens seen: 4198809600, grad norm: 28.7363
[iter 68350]loss: 2.8878, tokens/sec: 20554.89 ± 80.62, tokens seen: 4199424000, grad norm: 14.7295
[iter 68360]loss: 3.0902, tokens/sec: 20554.89 ± 80.61, tokens seen: 4200038400, grad norm: 15.1140
[iter 68370]loss: 3.0140, tokens/sec: 20554.89 ± 80.60, tokens seen: 4200652800, grad norm: 30.4578
[iter 68380]loss: 2.9965, tokens/sec: 20554.89 ± 80.60, tokens seen: 4201267200, grad norm: 46.2989
[iter 68390]loss: 2.9189, tokens/sec: 20554.89 ± 80.59, tokens seen: 4201881600, grad norm: 7.1316
[iter 68400]loss: 3.0431, tokens/sec: 20554.90 ± 80.59, tokens seen: 4202496000, grad norm: 31.7934
[iter 68410]loss: 3.0136, tokens/sec: 20554.90 ± 80.58, tokens seen: 4203110400, grad norm: 77.6832
[iter 68420]loss: 3.0337, tokens/sec: 20554.90 ± 80.58, tokens seen: 4203724800, grad norm: 22.9228
[iter 68430]loss: 3.0913, tokens/sec: 20554.90 ± 80.57, tokens seen: 4204339200, grad norm: 17.3533
[iter 68440]loss: 3.1003, tokens/sec: 20554.90 ± 80.57, tokens seen: 4204953600, grad norm: 84.8993
[iter 68450]loss: 3.0803, tokens/sec: 20554.89 ± 80.56, tokens seen: 4205568000, grad norm: 14.5741
[iter 68460]loss: 3.1935, tokens/sec: 20554.90 ± 80.56, tokens seen: 4206182400, grad norm: 31.2927
[iter 68470]loss: 2.8544, tokens/sec: 20554.90 ± 80.55, tokens seen: 4206796800, grad norm: 66.1592
[iter 68480]loss: 3.0424, tokens/sec: 20554.90 ± 80.54, tokens seen: 4207411200, grad norm: 30.3339
[iter 68490]loss: 2.7668, tokens/sec: 20554.90 ± 80.54, tokens seen: 4208025600, grad norm: 25.8098
[step 68500]train loss: 2.9272, val loss: 2.9465, (avg train loss: 0.5909 ± 0.0310), (avg grad norm: 38.3906 ± 28.6703)
[iter 68500]loss: 2.9375, tokens/sec: 20554.90 ± 80.53, tokens seen: 4208640000, grad norm: 36.2667
[iter 68510]loss: 3.1071, tokens/sec: 20554.90 ± 80.53, tokens seen: 4209254400, grad norm: 8.7028
[iter 68520]loss: 2.7969, tokens/sec: 20554.90 ± 80.52, tokens seen: 4209868800, grad norm: 132.8911
[iter 68530]loss: 2.9914, tokens/sec: 20554.90 ± 80.52, tokens seen: 4210483200, grad norm: 13.4594
[iter 68540]loss: 2.7910, tokens/sec: 20554.90 ± 80.51, tokens seen: 4211097600, grad norm: 8.0812
[iter 68550]loss: 2.8865, tokens/sec: 20554.90 ± 80.51, tokens seen: 4211712000, grad norm: 34.2983
[iter 68560]loss: 2.8614, tokens/sec: 20554.90 ± 80.50, tokens seen: 4212326400, grad norm: 32.5962
[iter 68570]loss: 2.9817, tokens/sec: 20554.90 ± 80.50, tokens seen: 4212940800, grad norm: 14.4089
[iter 68580]loss: 2.9188, tokens/sec: 20554.90 ± 80.49, tokens seen: 4213555200, grad norm: 6.2831
[iter 68590]loss: 3.0097, tokens/sec: 20554.90 ± 80.49, tokens seen: 4214169600, grad norm: 140.1066
[iter 68600]loss: 3.1893, tokens/sec: 20554.90 ± 80.48, tokens seen: 4214784000, grad norm: 16.5107
[iter 68610]loss: 3.0712, tokens/sec: 20554.90 ± 80.47, tokens seen: 4215398400, grad norm: 15.3319
[iter 68620]loss: 3.2192, tokens/sec: 20554.90 ± 80.47, tokens seen: 4216012800, grad norm: 10.0792
[iter 68630]loss: 2.9888, tokens/sec: 20554.90 ± 80.46, tokens seen: 4216627200, grad norm: 24.5419
[iter 68640]loss: 2.9665, tokens/sec: 20554.90 ± 80.46, tokens seen: 4217241600, grad norm: 61.7279
[iter 68650]loss: 2.8021, tokens/sec: 20554.90 ± 80.45, tokens seen: 4217856000, grad norm: 27.9682
[iter 68660]loss: 2.7546, tokens/sec: 20554.91 ± 80.45, tokens seen: 4218470400, grad norm: 40.8923
[iter 68670]loss: 2.6502, tokens/sec: 20554.91 ± 80.44, tokens seen: 4219084800, grad norm: 5.3680
[iter 68680]loss: 2.9748, tokens/sec: 20554.91 ± 80.44, tokens seen: 4219699200, grad norm: 28.7240
[iter 68690]loss: 2.8908, tokens/sec: 20554.91 ± 80.43, tokens seen: 4220313600, grad norm: 18.0928
[iter 68700]loss: 3.0183, tokens/sec: 20554.90 ± 80.43, tokens seen: 4220928000, grad norm: 71.3367
[iter 68710]loss: 2.9579, tokens/sec: 20554.90 ± 80.42, tokens seen: 4221542400, grad norm: 26.9212
[iter 68720]loss: 2.4230, tokens/sec: 20554.90 ± 80.42, tokens seen: 4222156800, grad norm: 9.4845
[iter 68730]loss: 3.1228, tokens/sec: 20554.90 ± 80.41, tokens seen: 4222771200, grad norm: 104.2150
[iter 68740]loss: 2.7394, tokens/sec: 20554.90 ± 80.40, tokens seen: 4223385600, grad norm: 11.3064
[iter 68750]loss: 3.0455, tokens/sec: 20554.90 ± 80.40, tokens seen: 4224000000, grad norm: 22.8337
[iter 68760]loss: 2.7172, tokens/sec: 20554.90 ± 80.39, tokens seen: 4224614400, grad norm: 9.4156
[iter 68770]loss: 3.1443, tokens/sec: 20554.90 ± 80.39, tokens seen: 4225228800, grad norm: 30.5385
[iter 68780]loss: 2.9527, tokens/sec: 20554.90 ± 80.38, tokens seen: 4225843200, grad norm: 55.6395
[iter 68790]loss: 3.0341, tokens/sec: 20554.90 ± 80.38, tokens seen: 4226457600, grad norm: 6.0941
[iter 68800]loss: 2.9893, tokens/sec: 20554.90 ± 80.37, tokens seen: 4227072000, grad norm: 6.1543
[iter 68810]loss: 2.7176, tokens/sec: 20554.90 ± 80.37, tokens seen: 4227686400, grad norm: 17.1690
[iter 68820]loss: 2.9817, tokens/sec: 20554.90 ± 80.36, tokens seen: 4228300800, grad norm: 24.7228
[iter 68830]loss: 3.1300, tokens/sec: 20554.90 ± 80.36, tokens seen: 4228915200, grad norm: 32.8789
[iter 68840]loss: 3.4670, tokens/sec: 20554.90 ± 80.35, tokens seen: 4229529600, grad norm: 12.4677
[iter 68850]loss: 2.9499, tokens/sec: 20554.90 ± 80.35, tokens seen: 4230144000, grad norm: 14.2325
[iter 68860]loss: 3.2530, tokens/sec: 20554.90 ± 80.34, tokens seen: 4230758400, grad norm: 25.5630
[iter 68870]loss: 2.9733, tokens/sec: 20554.90 ± 80.33, tokens seen: 4231372800, grad norm: 11.1954
[iter 68880]loss: 2.9952, tokens/sec: 20554.90 ± 80.33, tokens seen: 4231987200, grad norm: 3.3910
[iter 68890]loss: 2.9789, tokens/sec: 20554.90 ± 80.32, tokens seen: 4232601600, grad norm: 51.6325
[iter 68900]loss: 2.7509, tokens/sec: 20554.90 ± 80.32, tokens seen: 4233216000, grad norm: 3.8286
[iter 68910]loss: 2.8372, tokens/sec: 20554.91 ± 80.31, tokens seen: 4233830400, grad norm: 11.4515
[iter 68920]loss: 3.1544, tokens/sec: 20554.91 ± 80.31, tokens seen: 4234444800, grad norm: 15.8085
[iter 68930]loss: 2.8690, tokens/sec: 20554.91 ± 80.30, tokens seen: 4235059200, grad norm: 12.7838
[iter 68940]loss: 2.7567, tokens/sec: 20554.91 ± 80.30, tokens seen: 4235673600, grad norm: 13.3723
[iter 68950]loss: 3.0670, tokens/sec: 20554.91 ± 80.29, tokens seen: 4236288000, grad norm: 72.3731
[iter 68960]loss: 2.6600, tokens/sec: 20554.91 ± 80.29, tokens seen: 4236902400, grad norm: 7.7315
[iter 68970]loss: 3.0534, tokens/sec: 20554.91 ± 80.28, tokens seen: 4237516800, grad norm: 35.6229
[iter 68980]loss: 2.8974, tokens/sec: 20554.91 ± 80.27, tokens seen: 4238131200, grad norm: 15.8538
[iter 68990]loss: 2.9444, tokens/sec: 20554.91 ± 80.27, tokens seen: 4238745600, grad norm: 3.9009
[step 69000]train loss: 2.9581, val loss: 2.9575, (avg train loss: 0.5901 ± 0.0339), (avg grad norm: 19.0196 ± 15.4119)
[iter 69000]loss: 2.8812, tokens/sec: 20554.91 ± 80.26, tokens seen: 4239360000, grad norm: 32.3568
[iter 69010]loss: 2.9729, tokens/sec: 20554.91 ± 80.26, tokens seen: 4239974400, grad norm: 38.5112
[iter 69020]loss: 3.1316, tokens/sec: 20554.91 ± 80.25, tokens seen: 4240588800, grad norm: 28.8228
[iter 69030]loss: 2.8316, tokens/sec: 20554.92 ± 80.25, tokens seen: 4241203200, grad norm: 19.3145
[iter 69040]loss: 3.0388, tokens/sec: 20554.92 ± 80.24, tokens seen: 4241817600, grad norm: 36.4718
[iter 69050]loss: 2.9281, tokens/sec: 20554.92 ± 80.24, tokens seen: 4242432000, grad norm: 26.8670
[iter 69060]loss: 2.9375, tokens/sec: 20554.92 ± 80.23, tokens seen: 4243046400, grad norm: 27.3025
[iter 69070]loss: 2.9527, tokens/sec: 20554.92 ± 80.23, tokens seen: 4243660800, grad norm: 47.2818
[iter 69080]loss: 3.0653, tokens/sec: 20554.92 ± 80.22, tokens seen: 4244275200, grad norm: 25.0024
[iter 69090]loss: 2.8700, tokens/sec: 20554.92 ± 80.22, tokens seen: 4244889600, grad norm: 9.2148
[iter 69100]loss: 3.0902, tokens/sec: 20554.92 ± 80.21, tokens seen: 4245504000, grad norm: 30.5654
[iter 69110]loss: 2.7615, tokens/sec: 20554.92 ± 80.21, tokens seen: 4246118400, grad norm: 65.7672
[iter 69120]loss: 3.1411, tokens/sec: 20554.92 ± 80.20, tokens seen: 4246732800, grad norm: 37.7064
[iter 69130]loss: 2.8401, tokens/sec: 20554.92 ± 80.19, tokens seen: 4247347200, grad norm: 17.5073
[iter 69140]loss: 2.7840, tokens/sec: 20554.92 ± 80.19, tokens seen: 4247961600, grad norm: 18.7432
[iter 69150]loss: 3.0967, tokens/sec: 20554.92 ± 80.18, tokens seen: 4248576000, grad norm: 52.3092
[iter 69160]loss: 2.9816, tokens/sec: 20554.92 ± 80.18, tokens seen: 4249190400, grad norm: 20.7361
[iter 69170]loss: 2.7720, tokens/sec: 20554.92 ± 80.17, tokens seen: 4249804800, grad norm: 31.9962
[iter 69180]loss: 2.7947, tokens/sec: 20554.92 ± 80.17, tokens seen: 4250419200, grad norm: 177.1430
[iter 69190]loss: 3.0785, tokens/sec: 20554.92 ± 80.16, tokens seen: 4251033600, grad norm: 43.1122
[iter 69200]loss: 3.0926, tokens/sec: 20554.93 ± 80.16, tokens seen: 4251648000, grad norm: 32.4559
[iter 69210]loss: 2.7568, tokens/sec: 20554.93 ± 80.15, tokens seen: 4252262400, grad norm: 66.3532
[iter 69220]loss: 2.6403, tokens/sec: 20554.93 ± 80.15, tokens seen: 4252876800, grad norm: 44.7871
[iter 69230]loss: 2.7280, tokens/sec: 20554.93 ± 80.14, tokens seen: 4253491200, grad norm: 48.2943
[iter 69240]loss: 2.9529, tokens/sec: 20554.93 ± 80.14, tokens seen: 4254105600, grad norm: 18.9131
[iter 69250]loss: 2.9343, tokens/sec: 20554.93 ± 80.13, tokens seen: 4254720000, grad norm: 19.3812
[iter 69260]loss: 3.2282, tokens/sec: 20554.93 ± 80.13, tokens seen: 4255334400, grad norm: 12.5579
[iter 69270]loss: 2.7660, tokens/sec: 20554.93 ± 80.12, tokens seen: 4255948800, grad norm: 19.6843
[iter 69280]loss: 3.1710, tokens/sec: 20554.93 ± 80.11, tokens seen: 4256563200, grad norm: 50.5951
[iter 69290]loss: 2.8836, tokens/sec: 20554.93 ± 80.11, tokens seen: 4257177600, grad norm: 19.9848
[iter 69300]loss: 2.8785, tokens/sec: 20554.93 ± 80.10, tokens seen: 4257792000, grad norm: 46.1086
[iter 69310]loss: 2.7939, tokens/sec: 20554.93 ± 80.10, tokens seen: 4258406400, grad norm: 113.9591
[iter 69320]loss: 2.7630, tokens/sec: 20554.94 ± 80.09, tokens seen: 4259020800, grad norm: 19.7002
[iter 69330]loss: 2.8552, tokens/sec: 20554.94 ± 80.09, tokens seen: 4259635200, grad norm: 32.5722
[iter 69340]loss: 2.7682, tokens/sec: 20554.94 ± 80.08, tokens seen: 4260249600, grad norm: 32.7899
[iter 69350]loss: 2.8249, tokens/sec: 20554.94 ± 80.08, tokens seen: 4260864000, grad norm: 14.2853
[iter 69360]loss: 2.7690, tokens/sec: 20554.94 ± 80.07, tokens seen: 4261478400, grad norm: 13.3181
[iter 69370]loss: 2.8538, tokens/sec: 20554.94 ± 80.07, tokens seen: 4262092800, grad norm: 65.7240
[iter 69380]loss: 2.7027, tokens/sec: 20554.94 ± 80.06, tokens seen: 4262707200, grad norm: 18.6170
[iter 69390]loss: 3.0596, tokens/sec: 20554.94 ± 80.06, tokens seen: 4263321600, grad norm: 63.0850
[iter 69400]loss: 3.0271, tokens/sec: 20554.94 ± 80.05, tokens seen: 4263936000, grad norm: 80.0864
[iter 69410]loss: 3.0899, tokens/sec: 20554.94 ± 80.05, tokens seen: 4264550400, grad norm: 36.6490
[iter 69420]loss: 2.6243, tokens/sec: 20554.95 ± 80.04, tokens seen: 4265164800, grad norm: 10.2054
[iter 69430]loss: 2.4709, tokens/sec: 20554.95 ± 80.04, tokens seen: 4265779200, grad norm: 10.2947
[iter 69440]loss: 3.0365, tokens/sec: 20554.95 ± 80.03, tokens seen: 4266393600, grad norm: 23.9409
[iter 69450]loss: 2.6069, tokens/sec: 20554.95 ± 80.03, tokens seen: 4267008000, grad norm: 7.8100
[iter 69460]loss: 2.9339, tokens/sec: 20554.95 ± 80.02, tokens seen: 4267622400, grad norm: 24.4037
[iter 69470]loss: 2.8152, tokens/sec: 20554.95 ± 80.02, tokens seen: 4268236800, grad norm: 12.8879
[iter 69480]loss: 2.4848, tokens/sec: 20554.95 ± 80.01, tokens seen: 4268851200, grad norm: 4.4213
[iter 69490]loss: 2.6825, tokens/sec: 20554.95 ± 80.00, tokens seen: 4269465600, grad norm: 53.4728
[step 69500]train loss: 2.9270, val loss: 2.9538, (avg train loss: 0.5881 ± 0.0305), (avg grad norm: 35.7911 ± 55.2648)
[iter 69500]loss: 2.7789, tokens/sec: 20554.95 ± 80.00, tokens seen: 4270080000, grad norm: 39.2269
[iter 69510]loss: 3.0844, tokens/sec: 20554.96 ± 79.99, tokens seen: 4270694400, grad norm: 12.1516
[iter 69520]loss: 3.0875, tokens/sec: 20554.95 ± 79.99, tokens seen: 4271308800, grad norm: 11.9984
[iter 69530]loss: 2.6413, tokens/sec: 20554.95 ± 79.98, tokens seen: 4271923200, grad norm: 63.5077
[iter 69540]loss: 2.9468, tokens/sec: 20554.95 ± 79.98, tokens seen: 4272537600, grad norm: 12.3331
[iter 69550]loss: 2.9884, tokens/sec: 20554.95 ± 79.97, tokens seen: 4273152000, grad norm: 11.5922
[iter 69560]loss: 2.8400, tokens/sec: 20554.95 ± 79.97, tokens seen: 4273766400, grad norm: 16.5954
[iter 69570]loss: 2.7816, tokens/sec: 20554.95 ± 79.96, tokens seen: 4274380800, grad norm: 7.1097
[iter 69580]loss: 3.2012, tokens/sec: 20554.95 ± 79.96, tokens seen: 4274995200, grad norm: 4.2167
[iter 69590]loss: 2.8756, tokens/sec: 20554.96 ± 79.95, tokens seen: 4275609600, grad norm: 5.4176
[iter 69600]loss: 2.8158, tokens/sec: 20554.96 ± 79.95, tokens seen: 4276224000, grad norm: 11.5848
[iter 69610]loss: 2.9908, tokens/sec: 20554.96 ± 79.94, tokens seen: 4276838400, grad norm: 21.9881
[iter 69620]loss: 3.2569, tokens/sec: 20554.96 ± 79.94, tokens seen: 4277452800, grad norm: 6.5627
[iter 69630]loss: 2.9793, tokens/sec: 20554.96 ± 79.93, tokens seen: 4278067200, grad norm: 13.0638
[iter 69640]loss: 2.8585, tokens/sec: 20554.96 ± 79.93, tokens seen: 4278681600, grad norm: 236.6409
[iter 69650]loss: 2.9565, tokens/sec: 20554.97 ± 79.92, tokens seen: 4279296000, grad norm: 10.5040
[iter 69660]loss: 2.9963, tokens/sec: 20554.97 ± 79.92, tokens seen: 4279910400, grad norm: 10.0931
[iter 69670]loss: 2.9297, tokens/sec: 20554.97 ± 79.91, tokens seen: 4280524800, grad norm: 21.9531
[iter 69680]loss: 2.9062, tokens/sec: 20554.97 ± 79.91, tokens seen: 4281139200, grad norm: 30.7630
[iter 69690]loss: 2.9194, tokens/sec: 20554.97 ± 79.90, tokens seen: 4281753600, grad norm: 24.0087
[iter 69700]loss: 2.7829, tokens/sec: 20554.98 ± 79.90, tokens seen: 4282368000, grad norm: 10.2476
[iter 69710]loss: 2.9296, tokens/sec: 20554.98 ± 79.89, tokens seen: 4282982400, grad norm: 32.4861
[iter 69720]loss: 3.0276, tokens/sec: 20554.98 ± 79.89, tokens seen: 4283596800, grad norm: 31.7416
[iter 69730]loss: 2.9915, tokens/sec: 20554.97 ± 79.88, tokens seen: 4284211200, grad norm: 4.6172
[iter 69740]loss: 2.9099, tokens/sec: 20554.97 ± 79.87, tokens seen: 4284825600, grad norm: 53.3770
[iter 69750]loss: 3.1772, tokens/sec: 20554.98 ± 79.87, tokens seen: 4285440000, grad norm: 17.2794
[iter 69760]loss: 2.9108, tokens/sec: 20554.98 ± 79.86, tokens seen: 4286054400, grad norm: 50.8997
[iter 69770]loss: 2.8931, tokens/sec: 20554.98 ± 79.86, tokens seen: 4286668800, grad norm: 4.7007
[iter 69780]loss: 3.0191, tokens/sec: 20554.98 ± 79.85, tokens seen: 4287283200, grad norm: 4.2592
[iter 69790]loss: 2.9550, tokens/sec: 20554.98 ± 79.85, tokens seen: 4287897600, grad norm: 16.6131
[iter 69800]loss: 2.6309, tokens/sec: 20554.98 ± 79.84, tokens seen: 4288512000, grad norm: 2.7320
[iter 69810]loss: 3.0535, tokens/sec: 20554.98 ± 79.84, tokens seen: 4289126400, grad norm: 10.4031
[iter 69820]loss: 2.7212, tokens/sec: 20554.99 ± 79.83, tokens seen: 4289740800, grad norm: 20.1387
[iter 69830]loss: 2.9491, tokens/sec: 20554.99 ± 79.83, tokens seen: 4290355200, grad norm: 8.0550
[iter 69840]loss: 3.2696, tokens/sec: 20554.99 ± 79.82, tokens seen: 4290969600, grad norm: 5.3931
[iter 69850]loss: 3.0234, tokens/sec: 20554.99 ± 79.82, tokens seen: 4291584000, grad norm: 9.8174
[iter 69860]loss: 2.8260, tokens/sec: 20554.99 ± 79.81, tokens seen: 4292198400, grad norm: 32.1395
[iter 69870]loss: 2.5985, tokens/sec: 20554.99 ± 79.81, tokens seen: 4292812800, grad norm: 10.9761
[iter 69880]loss: 2.9923, tokens/sec: 20555.00 ± 79.80, tokens seen: 4293427200, grad norm: 30.0246
[iter 69890]loss: 2.9560, tokens/sec: 20555.00 ± 79.80, tokens seen: 4294041600, grad norm: 16.0151
[iter 69900]loss: 2.8477, tokens/sec: 20555.00 ± 79.79, tokens seen: 4294656000, grad norm: 5.2474
[iter 69910]loss: 2.9196, tokens/sec: 20555.00 ± 79.79, tokens seen: 4295270400, grad norm: 12.9236
[iter 69920]loss: 2.7119, tokens/sec: 20555.00 ± 79.78, tokens seen: 4295884800, grad norm: 2.3927
[iter 69930]loss: 3.0991, tokens/sec: 20555.00 ± 79.77, tokens seen: 4296499200, grad norm: 14.0754
[iter 69940]loss: 2.8074, tokens/sec: 20555.00 ± 79.77, tokens seen: 4297113600, grad norm: 9.5424
[iter 69950]loss: 2.6715, tokens/sec: 20555.01 ± 79.76, tokens seen: 4297728000, grad norm: 14.8528
[iter 69960]loss: 3.0671, tokens/sec: 20555.01 ± 79.76, tokens seen: 4298342400, grad norm: 7.2090
[iter 69970]loss: 2.8442, tokens/sec: 20555.01 ± 79.75, tokens seen: 4298956800, grad norm: 6.9727
[iter 69980]loss: 3.0570, tokens/sec: 20555.01 ± 79.75, tokens seen: 4299571200, grad norm: 29.6080
[iter 69990]loss: 2.9224, tokens/sec: 20555.01 ± 79.74, tokens seen: 4300185600, grad norm: 9.5229
[step 70000]train loss: 2.9390, val loss: 2.9465, (avg train loss: 0.5852 ± 0.0326), (avg grad norm: 14.0774 ± 24.5317)
[iter 70000]loss: 3.0601, tokens/sec: 20555.01 ± 79.74, tokens seen: 4300800000, grad norm: 13.4715
[iter 70010]loss: 2.8208, tokens/sec: 20555.02 ± 79.73, tokens seen: 4301414400, grad norm: 8.2784
[iter 70020]loss: 2.9881, tokens/sec: 20555.01 ± 79.73, tokens seen: 4302028800, grad norm: 6.3364
[iter 70030]loss: 3.2428, tokens/sec: 20555.01 ± 79.72, tokens seen: 4302643200, grad norm: 30.8504
[iter 70040]loss: 2.7484, tokens/sec: 20555.01 ± 79.72, tokens seen: 4303257600, grad norm: 4.0003
[iter 70050]loss: 2.9087, tokens/sec: 20555.01 ± 79.71, tokens seen: 4303872000, grad norm: 10.9074
[iter 70060]loss: 2.7199, tokens/sec: 20555.01 ± 79.71, tokens seen: 4304486400, grad norm: 26.1121
[iter 70070]loss: 3.0462, tokens/sec: 20555.01 ± 79.70, tokens seen: 4305100800, grad norm: 9.8339
[iter 70080]loss: 2.9188, tokens/sec: 20555.01 ± 79.70, tokens seen: 4305715200, grad norm: 5.8818
[iter 70090]loss: 3.0684, tokens/sec: 20555.01 ± 79.69, tokens seen: 4306329600, grad norm: 10.2344
[iter 70100]loss: 3.0545, tokens/sec: 20555.01 ± 79.69, tokens seen: 4306944000, grad norm: 33.7818
[iter 70110]loss: 2.7281, tokens/sec: 20555.02 ± 79.68, tokens seen: 4307558400, grad norm: 14.6984
[iter 70120]loss: 2.9534, tokens/sec: 20555.02 ± 79.68, tokens seen: 4308172800, grad norm: 10.4374
[iter 70130]loss: 3.1410, tokens/sec: 20555.02 ± 79.67, tokens seen: 4308787200, grad norm: 4.1124
[iter 70140]loss: 2.9261, tokens/sec: 20555.02 ± 79.67, tokens seen: 4309401600, grad norm: 5.2076
[iter 70150]loss: 2.9973, tokens/sec: 20555.02 ± 79.66, tokens seen: 4310016000, grad norm: 11.5790
[iter 70160]loss: 2.9148, tokens/sec: 20555.02 ± 79.66, tokens seen: 4310630400, grad norm: 12.4863
[iter 70170]loss: 2.9376, tokens/sec: 20555.02 ± 79.65, tokens seen: 4311244800, grad norm: 54.6909
[iter 70180]loss: 2.6934, tokens/sec: 20555.02 ± 79.65, tokens seen: 4311859200, grad norm: 3.7044
[iter 70190]loss: 2.8345, tokens/sec: 20555.03 ± 79.64, tokens seen: 4312473600, grad norm: 4.1638
[iter 70200]loss: 2.7899, tokens/sec: 20555.03 ± 79.64, tokens seen: 4313088000, grad norm: 7.7411
[iter 70210]loss: 3.1376, tokens/sec: 20555.03 ± 79.63, tokens seen: 4313702400, grad norm: 44.6053
[iter 70220]loss: 2.8763, tokens/sec: 20555.03 ± 79.63, tokens seen: 4314316800, grad norm: 48.1185
[iter 70230]loss: 3.1585, tokens/sec: 20555.03 ± 79.62, tokens seen: 4314931200, grad norm: 4.8596
[iter 70240]loss: 2.9947, tokens/sec: 20555.03 ± 79.62, tokens seen: 4315545600, grad norm: 17.2609
[iter 70250]loss: 3.0085, tokens/sec: 20555.03 ± 79.61, tokens seen: 4316160000, grad norm: 19.3286
[iter 70260]loss: 2.8115, tokens/sec: 20555.03 ± 79.61, tokens seen: 4316774400, grad norm: 26.5242
[iter 70270]loss: 3.0062, tokens/sec: 20555.03 ± 79.60, tokens seen: 4317388800, grad norm: 17.4435
[iter 70280]loss: 3.1150, tokens/sec: 20555.04 ± 79.60, tokens seen: 4318003200, grad norm: 26.4795
[iter 70290]loss: 2.9887, tokens/sec: 20555.04 ± 79.59, tokens seen: 4318617600, grad norm: 25.1254
[iter 70300]loss: 3.0065, tokens/sec: 20555.04 ± 79.59, tokens seen: 4319232000, grad norm: 8.4134
[iter 70310]loss: 2.8959, tokens/sec: 20555.04 ± 79.58, tokens seen: 4319846400, grad norm: 3.9118
[iter 70320]loss: 2.9586, tokens/sec: 20555.04 ± 79.57, tokens seen: 4320460800, grad norm: 21.4556
[iter 70330]loss: 2.9762, tokens/sec: 20555.04 ± 79.57, tokens seen: 4321075200, grad norm: 39.8280
[iter 70340]loss: 3.1713, tokens/sec: 20555.05 ± 79.56, tokens seen: 4321689600, grad norm: 17.0350
[iter 70350]loss: 2.7772, tokens/sec: 20555.05 ± 79.56, tokens seen: 4322304000, grad norm: 45.5530
[iter 70360]loss: 3.1326, tokens/sec: 20555.05 ± 79.55, tokens seen: 4322918400, grad norm: 35.6290
[iter 70370]loss: 2.9612, tokens/sec: 20555.05 ± 79.55, tokens seen: 4323532800, grad norm: 28.4768
[iter 70380]loss: 2.8403, tokens/sec: 20555.05 ± 79.54, tokens seen: 4324147200, grad norm: 32.5125
[iter 70390]loss: 2.8392, tokens/sec: 20555.05 ± 79.54, tokens seen: 4324761600, grad norm: 67.5927
[iter 70400]loss: 3.1134, tokens/sec: 20555.05 ± 79.53, tokens seen: 4325376000, grad norm: 10.9806
[iter 70410]loss: 2.7879, tokens/sec: 20555.05 ± 79.53, tokens seen: 4325990400, grad norm: 19.9599
[iter 70420]loss: 2.9028, tokens/sec: 20555.05 ± 79.52, tokens seen: 4326604800, grad norm: 36.9618
[iter 70430]loss: 2.8997, tokens/sec: 20555.05 ± 79.52, tokens seen: 4327219200, grad norm: 5.9580
[iter 70440]loss: 3.1503, tokens/sec: 20555.05 ± 79.51, tokens seen: 4327833600, grad norm: 9.0595
[iter 70450]loss: 2.8149, tokens/sec: 20555.05 ± 79.51, tokens seen: 4328448000, grad norm: 4.4887
[iter 70460]loss: 2.9592, tokens/sec: 20555.05 ± 79.50, tokens seen: 4329062400, grad norm: 14.4946
[iter 70470]loss: 3.1583, tokens/sec: 20555.06 ± 79.50, tokens seen: 4329676800, grad norm: 17.0801
[iter 70480]loss: 3.1162, tokens/sec: 20555.06 ± 79.49, tokens seen: 4330291200, grad norm: 4.0045
[iter 70490]loss: 3.2454, tokens/sec: 20555.06 ± 79.49, tokens seen: 4330905600, grad norm: 3.9007
[step 70500]train loss: 2.9253, val loss: 2.9435, (avg train loss: 0.5933 ± 0.0317), (avg grad norm: 20.6423 ± 33.5000)
[iter 70500]loss: 3.1042, tokens/sec: 20555.06 ± 79.48, tokens seen: 4331520000, grad norm: 8.1445
[iter 70510]loss: 3.5314, tokens/sec: 20555.06 ± 79.48, tokens seen: 4332134400, grad norm: 5.7338
[iter 70520]loss: 2.9645, tokens/sec: 20555.06 ± 79.47, tokens seen: 4332748800, grad norm: 5.9725
[iter 70530]loss: 2.8119, tokens/sec: 20555.06 ± 79.47, tokens seen: 4333363200, grad norm: 7.9492
[iter 70540]loss: 2.9788, tokens/sec: 20555.06 ± 79.46, tokens seen: 4333977600, grad norm: 7.5042
[iter 70550]loss: 3.2295, tokens/sec: 20555.06 ± 79.46, tokens seen: 4334592000, grad norm: 41.0233
[iter 70560]loss: 3.0171, tokens/sec: 20555.06 ± 79.45, tokens seen: 4335206400, grad norm: 4.0011
[iter 70570]loss: 2.6022, tokens/sec: 20555.06 ± 79.45, tokens seen: 4335820800, grad norm: 9.3502
[iter 70580]loss: 2.8133, tokens/sec: 20555.06 ± 79.44, tokens seen: 4336435200, grad norm: 14.1607
[iter 70590]loss: 2.8329, tokens/sec: 20555.06 ± 79.44, tokens seen: 4337049600, grad norm: 11.5447
[iter 70600]loss: 2.9503, tokens/sec: 20555.06 ± 79.43, tokens seen: 4337664000, grad norm: 11.2964
[iter 70610]loss: 3.1721, tokens/sec: 20555.06 ± 79.43, tokens seen: 4338278400, grad norm: 4.8129
[iter 70620]loss: 2.8947, tokens/sec: 20555.06 ± 79.42, tokens seen: 4338892800, grad norm: 12.2448
[iter 70630]loss: 2.9756, tokens/sec: 20555.06 ± 79.42, tokens seen: 4339507200, grad norm: 8.2351
[iter 70640]loss: 2.9493, tokens/sec: 20555.06 ± 79.41, tokens seen: 4340121600, grad norm: 19.8405
[iter 70650]loss: 3.0434, tokens/sec: 20555.06 ± 79.41, tokens seen: 4340736000, grad norm: 9.6601
[iter 70660]loss: 2.8618, tokens/sec: 20555.06 ± 79.40, tokens seen: 4341350400, grad norm: 16.9710
[iter 70670]loss: 2.6096, tokens/sec: 20555.06 ± 79.40, tokens seen: 4341964800, grad norm: 12.2221
[iter 70680]loss: 2.8006, tokens/sec: 20555.06 ± 79.39, tokens seen: 4342579200, grad norm: 4.4570
[iter 70690]loss: 3.2298, tokens/sec: 20555.06 ± 79.38, tokens seen: 4343193600, grad norm: 24.2695
[iter 70700]loss: 3.0288, tokens/sec: 20555.06 ± 79.38, tokens seen: 4343808000, grad norm: 7.7430
[iter 70710]loss: 2.8414, tokens/sec: 20555.07 ± 79.37, tokens seen: 4344422400, grad norm: 4.2427
[iter 70720]loss: 3.1911, tokens/sec: 20555.07 ± 79.37, tokens seen: 4345036800, grad norm: 6.0330
[iter 70730]loss: 3.1445, tokens/sec: 20555.07 ± 79.36, tokens seen: 4345651200, grad norm: 2.5605
[iter 70740]loss: 3.1770, tokens/sec: 20555.07 ± 79.36, tokens seen: 4346265600, grad norm: 5.2743
[iter 70750]loss: 2.9189, tokens/sec: 20555.07 ± 79.35, tokens seen: 4346880000, grad norm: 7.8861
[iter 70760]loss: 2.8379, tokens/sec: 20555.07 ± 79.35, tokens seen: 4347494400, grad norm: 6.6148
[iter 70770]loss: 3.0328, tokens/sec: 20555.07 ± 79.34, tokens seen: 4348108800, grad norm: 7.1817
[iter 70780]loss: 2.9110, tokens/sec: 20555.07 ± 79.34, tokens seen: 4348723200, grad norm: 6.1311
[iter 70790]loss: 3.0949, tokens/sec: 20555.07 ± 79.33, tokens seen: 4349337600, grad norm: 7.5217
[iter 70800]loss: 3.1746, tokens/sec: 20555.07 ± 79.33, tokens seen: 4349952000, grad norm: 19.9933
[iter 70810]loss: 2.8697, tokens/sec: 20555.07 ± 79.32, tokens seen: 4350566400, grad norm: 9.3886
[iter 70820]loss: 2.7441, tokens/sec: 20555.07 ± 79.32, tokens seen: 4351180800, grad norm: 4.9097
[iter 70830]loss: 2.9259, tokens/sec: 20555.07 ± 79.31, tokens seen: 4351795200, grad norm: 3.7200
[iter 70840]loss: 3.0041, tokens/sec: 20555.07 ± 79.31, tokens seen: 4352409600, grad norm: 4.3761
[iter 70850]loss: 2.7931, tokens/sec: 20555.07 ± 79.30, tokens seen: 4353024000, grad norm: 8.0831
[iter 70860]loss: 2.9666, tokens/sec: 20555.07 ± 79.30, tokens seen: 4353638400, grad norm: 9.0657
[iter 70870]loss: 3.1874, tokens/sec: 20555.08 ± 79.29, tokens seen: 4354252800, grad norm: 3.3929
[iter 70880]loss: 3.1027, tokens/sec: 20555.08 ± 79.29, tokens seen: 4354867200, grad norm: 3.9489
[iter 70890]loss: 2.6609, tokens/sec: 20555.08 ± 79.28, tokens seen: 4355481600, grad norm: 4.4839
[iter 70900]loss: 2.8319, tokens/sec: 20555.08 ± 79.28, tokens seen: 4356096000, grad norm: 8.4383
[iter 70910]loss: 3.0259, tokens/sec: 20555.08 ± 79.27, tokens seen: 4356710400, grad norm: 4.0128
[iter 70920]loss: 3.2075, tokens/sec: 20555.08 ± 79.27, tokens seen: 4357324800, grad norm: 7.6474
[iter 70930]loss: 3.0437, tokens/sec: 20555.08 ± 79.26, tokens seen: 4357939200, grad norm: 3.5131
[iter 70940]loss: 3.0184, tokens/sec: 20555.08 ± 79.26, tokens seen: 4358553600, grad norm: 2.8088
[iter 70950]loss: 2.9531, tokens/sec: 20555.08 ± 79.25, tokens seen: 4359168000, grad norm: 3.0340
[iter 70960]loss: 3.1430, tokens/sec: 20555.08 ± 79.25, tokens seen: 4359782400, grad norm: 2.1467
[iter 70970]loss: 3.1641, tokens/sec: 20555.08 ± 79.24, tokens seen: 4360396800, grad norm: 3.5423
[iter 70980]loss: 3.0584, tokens/sec: 20555.08 ± 79.24, tokens seen: 4361011200, grad norm: 3.5481
[iter 70990]loss: 2.9969, tokens/sec: 20555.08 ± 79.23, tokens seen: 4361625600, grad norm: 3.1474
[step 71000]train loss: 2.9169, val loss: 2.9555, (avg train loss: 0.5909 ± 0.0305), (avg grad norm: 8.3006 ± 11.8200)
[iter 71000]loss: 2.9953, tokens/sec: 20555.08 ± 79.23, tokens seen: 4362240000, grad norm: 3.9087
[iter 71010]loss: 2.8418, tokens/sec: 20555.08 ± 79.22, tokens seen: 4362854400, grad norm: 5.6902
[iter 71020]loss: 3.0022, tokens/sec: 20555.08 ± 79.22, tokens seen: 4363468800, grad norm: 5.1494
[iter 71030]loss: 3.0070, tokens/sec: 20555.08 ± 79.21, tokens seen: 4364083200, grad norm: 4.9374
[iter 71040]loss: 2.9183, tokens/sec: 20555.08 ± 79.21, tokens seen: 4364697600, grad norm: 8.7782
[iter 71050]loss: 2.9835, tokens/sec: 20555.08 ± 79.20, tokens seen: 4365312000, grad norm: 4.8029
[iter 71060]loss: 2.8850, tokens/sec: 20555.08 ± 79.20, tokens seen: 4365926400, grad norm: 2.0723
[iter 71070]loss: 3.1234, tokens/sec: 20555.08 ± 79.19, tokens seen: 4366540800, grad norm: 5.4761
[iter 71080]loss: 2.8728, tokens/sec: 20555.08 ± 79.18, tokens seen: 4367155200, grad norm: 11.7467
[iter 71090]loss: 2.8230, tokens/sec: 20555.08 ± 79.18, tokens seen: 4367769600, grad norm: 15.2248
[iter 71100]loss: 2.7232, tokens/sec: 20555.08 ± 79.17, tokens seen: 4368384000, grad norm: 7.3875
[iter 71110]loss: 3.0591, tokens/sec: 20555.08 ± 79.17, tokens seen: 4368998400, grad norm: 3.6969
[iter 71120]loss: 3.0650, tokens/sec: 20555.08 ± 79.16, tokens seen: 4369612800, grad norm: 8.3040
[iter 71130]loss: 3.1022, tokens/sec: 20555.08 ± 79.16, tokens seen: 4370227200, grad norm: 20.7699
[iter 71140]loss: 2.9382, tokens/sec: 20555.08 ± 79.15, tokens seen: 4370841600, grad norm: 11.1752
[iter 71150]loss: 2.7617, tokens/sec: 20555.08 ± 79.15, tokens seen: 4371456000, grad norm: 26.5793
[iter 71160]loss: 3.1797, tokens/sec: 20555.09 ± 79.14, tokens seen: 4372070400, grad norm: 36.7658
[iter 71170]loss: 2.8342, tokens/sec: 20555.09 ± 79.14, tokens seen: 4372684800, grad norm: 9.0683
[iter 71180]loss: 3.0147, tokens/sec: 20555.09 ± 79.13, tokens seen: 4373299200, grad norm: 10.7826
[iter 71190]loss: 3.1601, tokens/sec: 20555.09 ± 79.13, tokens seen: 4373913600, grad norm: 22.4020
[iter 71200]loss: 3.0341, tokens/sec: 20555.09 ± 79.12, tokens seen: 4374528000, grad norm: 11.5546
[iter 71210]loss: 2.9412, tokens/sec: 20555.09 ± 79.12, tokens seen: 4375142400, grad norm: 15.7724
[iter 71220]loss: 2.9778, tokens/sec: 20555.09 ± 79.11, tokens seen: 4375756800, grad norm: 20.3710
[iter 71230]loss: 2.9858, tokens/sec: 20555.09 ± 79.11, tokens seen: 4376371200, grad norm: 176.8520
[iter 71240]loss: 2.7752, tokens/sec: 20555.09 ± 79.10, tokens seen: 4376985600, grad norm: 9.3935
[iter 71250]loss: 2.9822, tokens/sec: 20555.09 ± 79.10, tokens seen: 4377600000, grad norm: 15.3507
[iter 71260]loss: 2.9009, tokens/sec: 20555.09 ± 79.09, tokens seen: 4378214400, grad norm: 40.5346
[iter 71270]loss: 3.0953, tokens/sec: 20555.09 ± 79.09, tokens seen: 4378828800, grad norm: 10.0624
[iter 71280]loss: 3.1535, tokens/sec: 20555.09 ± 79.08, tokens seen: 4379443200, grad norm: 19.8132
[iter 71290]loss: 3.1367, tokens/sec: 20555.09 ± 79.08, tokens seen: 4380057600, grad norm: 17.3846
[iter 71300]loss: 2.9271, tokens/sec: 20555.09 ± 79.07, tokens seen: 4380672000, grad norm: 79.9389
[iter 71310]loss: 2.8687, tokens/sec: 20555.09 ± 79.07, tokens seen: 4381286400, grad norm: 131.1620
[iter 71320]loss: 2.9317, tokens/sec: 20555.09 ± 79.06, tokens seen: 4381900800, grad norm: 80.9725
[iter 71330]loss: 2.6612, tokens/sec: 20555.09 ± 79.06, tokens seen: 4382515200, grad norm: 30.6964
[iter 71340]loss: 2.8658, tokens/sec: 20555.09 ± 79.05, tokens seen: 4383129600, grad norm: 136.1854
[iter 71350]loss: 3.0286, tokens/sec: 20555.09 ± 79.05, tokens seen: 4383744000, grad norm: 43.8777
[iter 71360]loss: 2.9115, tokens/sec: 20555.09 ± 79.04, tokens seen: 4384358400, grad norm: 38.0899
[iter 71370]loss: 2.8632, tokens/sec: 20555.09 ± 79.03, tokens seen: 4384972800, grad norm: 107.9444
[iter 71380]loss: 2.9238, tokens/sec: 20555.09 ± 79.03, tokens seen: 4385587200, grad norm: 29.4107
[iter 71390]loss: 2.8201, tokens/sec: 20555.09 ± 79.02, tokens seen: 4386201600, grad norm: 58.0260
[iter 71400]loss: 2.9195, tokens/sec: 20555.09 ± 79.02, tokens seen: 4386816000, grad norm: 198.7600
[iter 71410]loss: 2.7545, tokens/sec: 20555.09 ± 79.01, tokens seen: 4387430400, grad norm: 239.1897
[iter 71420]loss: 3.0158, tokens/sec: 20555.10 ± 79.01, tokens seen: 4388044800, grad norm: 87.3112
[iter 71430]loss: 2.8189, tokens/sec: 20555.10 ± 79.00, tokens seen: 4388659200, grad norm: 64.7139
[iter 71440]loss: 2.9833, tokens/sec: 20555.10 ± 79.00, tokens seen: 4389273600, grad norm: 47.6367
[iter 71450]loss: 2.8534, tokens/sec: 20555.10 ± 78.99, tokens seen: 4389888000, grad norm: 105.9772
[iter 71460]loss: 2.8074, tokens/sec: 20555.10 ± 78.99, tokens seen: 4390502400, grad norm: 66.2993
[iter 71470]loss: 3.0097, tokens/sec: 20555.10 ± 78.98, tokens seen: 4391116800, grad norm: 29.3913
[iter 71480]loss: 2.9800, tokens/sec: 20555.10 ± 78.98, tokens seen: 4391731200, grad norm: 49.9332
[iter 71490]loss: 2.9741, tokens/sec: 20555.10 ± 78.97, tokens seen: 4392345600, grad norm: 22.1748
[step 71500]train loss: 2.9346, val loss: 2.9295, (avg train loss: 0.5831 ± 0.0327), (avg grad norm: 81.5501 ± 270.1244)
[iter 71500]loss: 3.0747, tokens/sec: 20555.10 ± 78.97, tokens seen: 4392960000, grad norm: 28.6032
[iter 71510]loss: 2.9960, tokens/sec: 20555.10 ± 78.96, tokens seen: 4393574400, grad norm: 18.3329
[iter 71520]loss: 2.9814, tokens/sec: 20555.10 ± 78.96, tokens seen: 4394188800, grad norm: 15.4834
[iter 71530]loss: 2.8203, tokens/sec: 20555.10 ± 78.95, tokens seen: 4394803200, grad norm: 16.6054
[iter 71540]loss: 2.9155, tokens/sec: 20555.10 ± 78.95, tokens seen: 4395417600, grad norm: 29.6002
[iter 71550]loss: 3.2711, tokens/sec: 20555.10 ± 78.94, tokens seen: 4396032000, grad norm: 54.2627
[iter 71560]loss: 3.3452, tokens/sec: 20555.10 ± 78.94, tokens seen: 4396646400, grad norm: 49.6295
[iter 71570]loss: 2.9073, tokens/sec: 20555.10 ± 78.93, tokens seen: 4397260800, grad norm: 28.1091
[iter 71580]loss: 2.9022, tokens/sec: 20555.11 ± 78.93, tokens seen: 4397875200, grad norm: 108.5681
[iter 71590]loss: 2.8758, tokens/sec: 20555.11 ± 78.92, tokens seen: 4398489600, grad norm: 31.9186
[iter 71600]loss: 2.9535, tokens/sec: 20555.11 ± 78.92, tokens seen: 4399104000, grad norm: 91.7351
[iter 71610]loss: 3.0126, tokens/sec: 20555.11 ± 78.91, tokens seen: 4399718400, grad norm: 506.0386
[iter 71620]loss: 2.8405, tokens/sec: 20555.11 ± 78.91, tokens seen: 4400332800, grad norm: 45.7220
[iter 71630]loss: 2.8663, tokens/sec: 20555.11 ± 78.90, tokens seen: 4400947200, grad norm: 83.5252
[iter 71640]loss: 2.9626, tokens/sec: 20555.11 ± 78.90, tokens seen: 4401561600, grad norm: 116.7085
[iter 71650]loss: 3.1943, tokens/sec: 20555.11 ± 78.89, tokens seen: 4402176000, grad norm: 29.5498
[iter 71660]loss: 2.9723, tokens/sec: 20555.11 ± 78.89, tokens seen: 4402790400, grad norm: 42.3146
[iter 71670]loss: 2.9797, tokens/sec: 20555.11 ± 78.88, tokens seen: 4403404800, grad norm: 21.1264
[iter 71680]loss: 3.0255, tokens/sec: 20555.11 ± 78.88, tokens seen: 4404019200, grad norm: 36.2048
[iter 71690]loss: 2.7568, tokens/sec: 20555.11 ± 78.87, tokens seen: 4404633600, grad norm: 49.2886
[iter 71700]loss: 2.7059, tokens/sec: 20555.11 ± 78.87, tokens seen: 4405248000, grad norm: 28.3563
[iter 71710]loss: 3.0061, tokens/sec: 20555.11 ± 78.86, tokens seen: 4405862400, grad norm: 16.3328
[iter 71720]loss: 2.9914, tokens/sec: 20555.11 ± 78.86, tokens seen: 4406476800, grad norm: 39.9136
[iter 71730]loss: 2.8710, tokens/sec: 20555.11 ± 78.85, tokens seen: 4407091200, grad norm: 17.9231
[iter 71740]loss: 2.6265, tokens/sec: 20555.11 ± 78.85, tokens seen: 4407705600, grad norm: 48.8147
[iter 71750]loss: 3.0201, tokens/sec: 20555.11 ± 78.84, tokens seen: 4408320000, grad norm: 31.2327
[iter 71760]loss: 2.8738, tokens/sec: 20555.11 ± 78.84, tokens seen: 4408934400, grad norm: 50.4193
[iter 71770]loss: 2.8347, tokens/sec: 20555.11 ± 78.83, tokens seen: 4409548800, grad norm: 12.9825
[iter 71780]loss: 3.0856, tokens/sec: 20555.11 ± 78.83, tokens seen: 4410163200, grad norm: 100.0317
[iter 71790]loss: 2.9131, tokens/sec: 20555.12 ± 78.82, tokens seen: 4410777600, grad norm: 83.5035
[iter 71800]loss: 2.9112, tokens/sec: 20555.11 ± 78.82, tokens seen: 4411392000, grad norm: 26.2032
[iter 71810]loss: 2.9509, tokens/sec: 20555.11 ± 78.81, tokens seen: 4412006400, grad norm: 105.3867
[iter 71820]loss: 3.0286, tokens/sec: 20555.11 ± 78.81, tokens seen: 4412620800, grad norm: 11.9096
[iter 71830]loss: 2.8999, tokens/sec: 20555.11 ± 78.80, tokens seen: 4413235200, grad norm: 16.5824
[iter 71840]loss: 2.9305, tokens/sec: 20555.12 ± 78.80, tokens seen: 4413849600, grad norm: 13.3779
[iter 71850]loss: 2.8427, tokens/sec: 20555.12 ± 78.79, tokens seen: 4414464000, grad norm: 63.0588
[iter 71860]loss: 3.0142, tokens/sec: 20555.12 ± 78.78, tokens seen: 4415078400, grad norm: 10.7047
[iter 71870]loss: 3.2702, tokens/sec: 20555.12 ± 78.78, tokens seen: 4415692800, grad norm: 66.5970
[iter 71880]loss: 3.0927, tokens/sec: 20555.12 ± 78.77, tokens seen: 4416307200, grad norm: 14.0089
[iter 71890]loss: 2.6899, tokens/sec: 20555.12 ± 78.77, tokens seen: 4416921600, grad norm: 66.4307
[iter 71900]loss: 2.9433, tokens/sec: 20555.12 ± 78.76, tokens seen: 4417536000, grad norm: 44.0070
[iter 71910]loss: 3.0972, tokens/sec: 20555.12 ± 78.76, tokens seen: 4418150400, grad norm: 41.3927
[iter 71920]loss: 2.7523, tokens/sec: 20555.12 ± 78.75, tokens seen: 4418764800, grad norm: 35.7316
[iter 71930]loss: 2.9195, tokens/sec: 20555.12 ± 78.75, tokens seen: 4419379200, grad norm: 26.8055
[iter 71940]loss: 2.9711, tokens/sec: 20555.12 ± 78.74, tokens seen: 4419993600, grad norm: 46.9432
[iter 71950]loss: 2.8974, tokens/sec: 20555.12 ± 78.74, tokens seen: 4420608000, grad norm: 118.1179
[iter 71960]loss: 2.4881, tokens/sec: 20555.12 ± 78.73, tokens seen: 4421222400, grad norm: 38.7337
[iter 71970]loss: 3.0132, tokens/sec: 20555.12 ± 78.73, tokens seen: 4421836800, grad norm: 24.5358
[iter 71980]loss: 2.9472, tokens/sec: 20555.12 ± 78.72, tokens seen: 4422451200, grad norm: 103.4552
[iter 71990]loss: 2.9020, tokens/sec: 20555.12 ± 78.72, tokens seen: 4423065600, grad norm: 93.6027
[step 72000]train loss: 2.9169, val loss: 2.9427, (avg train loss: 0.5851 ± 0.0324), (avg grad norm: 49.0811 ± 61.1547)
[iter 72000]loss: 2.8840, tokens/sec: 20555.12 ± 78.71, tokens seen: 4423680000, grad norm: 63.3357
[iter 72010]loss: 2.7447, tokens/sec: 20555.13 ± 78.71, tokens seen: 4424294400, grad norm: 90.2346
[iter 72020]loss: 2.9138, tokens/sec: 20555.12 ± 78.70, tokens seen: 4424908800, grad norm: 44.7133
[iter 72030]loss: 3.1232, tokens/sec: 20555.12 ± 78.70, tokens seen: 4425523200, grad norm: 138.4942
[iter 72040]loss: 2.9710, tokens/sec: 20555.12 ± 78.69, tokens seen: 4426137600, grad norm: 141.3851
[iter 72050]loss: 2.5721, tokens/sec: 20555.13 ± 78.69, tokens seen: 4426752000, grad norm: 96.2239
[iter 72060]loss: 2.7647, tokens/sec: 20555.12 ± 78.68, tokens seen: 4427366400, grad norm: 39.6710
[iter 72070]loss: 3.0312, tokens/sec: 20555.12 ± 78.68, tokens seen: 4427980800, grad norm: 22.7432
[iter 72080]loss: 3.0232, tokens/sec: 20555.12 ± 78.67, tokens seen: 4428595200, grad norm: 51.8962
[iter 72090]loss: 2.7922, tokens/sec: 20555.13 ± 78.67, tokens seen: 4429209600, grad norm: 92.3701
[iter 72100]loss: 3.0136, tokens/sec: 20555.13 ± 78.66, tokens seen: 4429824000, grad norm: 156.9916
[iter 72110]loss: 2.8372, tokens/sec: 20555.13 ± 78.66, tokens seen: 4430438400, grad norm: 57.4273
[iter 72120]loss: 2.6582, tokens/sec: 20555.13 ± 78.65, tokens seen: 4431052800, grad norm: 15.7331
[iter 72130]loss: 2.7966, tokens/sec: 20555.13 ± 78.65, tokens seen: 4431667200, grad norm: 41.3034
[iter 72140]loss: 2.8110, tokens/sec: 20555.13 ± 78.64, tokens seen: 4432281600, grad norm: 40.1045
[iter 72150]loss: 2.5977, tokens/sec: 20555.13 ± 78.64, tokens seen: 4432896000, grad norm: 27.4096
[iter 72160]loss: 2.6140, tokens/sec: 20555.13 ± 78.63, tokens seen: 4433510400, grad norm: 28.6238
[iter 72170]loss: 2.9951, tokens/sec: 20555.13 ± 78.63, tokens seen: 4434124800, grad norm: 77.5435
[iter 72180]loss: 2.9661, tokens/sec: 20555.13 ± 78.62, tokens seen: 4434739200, grad norm: 38.2195
[iter 72190]loss: 3.1425, tokens/sec: 20555.13 ± 78.62, tokens seen: 4435353600, grad norm: 150.7002
[iter 72200]loss: 2.7950, tokens/sec: 20555.13 ± 78.61, tokens seen: 4435968000, grad norm: 27.5112
[iter 72210]loss: 3.0403, tokens/sec: 20555.14 ± 78.61, tokens seen: 4436582400, grad norm: 49.8110
[iter 72220]loss: 3.0546, tokens/sec: 20555.14 ± 78.60, tokens seen: 4437196800, grad norm: 66.2728
[iter 72230]loss: 2.9084, tokens/sec: 20555.14 ± 78.60, tokens seen: 4437811200, grad norm: 99.6211
[iter 72240]loss: 2.8605, tokens/sec: 20555.14 ± 78.59, tokens seen: 4438425600, grad norm: 52.0867
[iter 72250]loss: 3.0096, tokens/sec: 20555.14 ± 78.59, tokens seen: 4439040000, grad norm: 46.8018
[iter 72260]loss: 2.8621, tokens/sec: 20555.14 ± 78.58, tokens seen: 4439654400, grad norm: 100.5300
[iter 72270]loss: 2.6913, tokens/sec: 20555.14 ± 78.58, tokens seen: 4440268800, grad norm: 60.3530
[iter 72280]loss: 2.7383, tokens/sec: 20555.14 ± 78.57, tokens seen: 4440883200, grad norm: 130.4520
[iter 72290]loss: 2.9193, tokens/sec: 20555.14 ± 78.57, tokens seen: 4441497600, grad norm: 128.2165
[iter 72300]loss: 3.1872, tokens/sec: 20555.15 ± 78.56, tokens seen: 4442112000, grad norm: 76.9988
[iter 72310]loss: 3.0850, tokens/sec: 20555.14 ± 78.56, tokens seen: 4442726400, grad norm: 95.5797
[iter 72320]loss: 3.1821, tokens/sec: 20555.15 ± 78.55, tokens seen: 4443340800, grad norm: 125.6588
[iter 72330]loss: 2.9305, tokens/sec: 20555.15 ± 78.55, tokens seen: 4443955200, grad norm: 56.7067
[iter 72340]loss: 3.0105, tokens/sec: 20555.15 ± 78.54, tokens seen: 4444569600, grad norm: 48.7294
[iter 72350]loss: 2.7210, tokens/sec: 20555.15 ± 78.54, tokens seen: 4445184000, grad norm: 63.8354
[iter 72360]loss: 2.8196, tokens/sec: 20555.15 ± 78.53, tokens seen: 4445798400, grad norm: 68.5644
[iter 72370]loss: 3.0317, tokens/sec: 20555.15 ± 78.53, tokens seen: 4446412800, grad norm: 99.5881
[iter 72380]loss: 3.0681, tokens/sec: 20555.15 ± 78.52, tokens seen: 4447027200, grad norm: 49.6476
[iter 72390]loss: 3.1080, tokens/sec: 20555.15 ± 78.52, tokens seen: 4447641600, grad norm: 93.0777
[iter 72400]loss: 2.9344, tokens/sec: 20555.15 ± 78.51, tokens seen: 4448256000, grad norm: 102.4005
[iter 72410]loss: 2.9303, tokens/sec: 20555.15 ± 78.51, tokens seen: 4448870400, grad norm: 171.3767
[iter 72420]loss: 3.1328, tokens/sec: 20555.15 ± 78.50, tokens seen: 4449484800, grad norm: 100.6736
[iter 72430]loss: 3.0738, tokens/sec: 20555.15 ± 78.50, tokens seen: 4450099200, grad norm: 101.4579
[iter 72440]loss: 2.5867, tokens/sec: 20555.15 ± 78.49, tokens seen: 4450713600, grad norm: 41.8612
[iter 72450]loss: 2.8918, tokens/sec: 20555.16 ± 78.49, tokens seen: 4451328000, grad norm: 129.5963
[iter 72460]loss: 2.8671, tokens/sec: 20555.16 ± 78.48, tokens seen: 4451942400, grad norm: 69.6258
[iter 72470]loss: 2.8643, tokens/sec: 20555.15 ± 78.48, tokens seen: 4452556800, grad norm: 130.9919
[iter 72480]loss: 3.1207, tokens/sec: 20555.15 ± 78.47, tokens seen: 4453171200, grad norm: 77.4512
[iter 72490]loss: 2.9611, tokens/sec: 20555.16 ± 78.47, tokens seen: 4453785600, grad norm: 41.0946
[step 72500]train loss: 2.9307, val loss: 2.9304, (avg train loss: 0.5871 ± 0.0300), (avg grad norm: 107.0163 ± 75.7698)
[iter 72500]loss: 3.2620, tokens/sec: 20555.16 ± 78.46, tokens seen: 4454400000, grad norm: 39.5952
[iter 72510]loss: 2.8591, tokens/sec: 20555.16 ± 78.46, tokens seen: 4455014400, grad norm: 147.4551
[iter 72520]loss: 2.9792, tokens/sec: 20555.16 ± 78.45, tokens seen: 4455628800, grad norm: 75.3008
[iter 72530]loss: 2.8506, tokens/sec: 20555.16 ± 78.45, tokens seen: 4456243200, grad norm: 55.1170
[iter 72540]loss: 2.7957, tokens/sec: 20555.17 ± 78.44, tokens seen: 4456857600, grad norm: 55.1395
[iter 72550]loss: 3.1220, tokens/sec: 20555.17 ± 78.44, tokens seen: 4457472000, grad norm: 57.8286
[iter 72560]loss: 2.5048, tokens/sec: 20555.17 ± 78.43, tokens seen: 4458086400, grad norm: 50.3184
[iter 72570]loss: 2.9597, tokens/sec: 20555.17 ± 78.43, tokens seen: 4458700800, grad norm: 39.3948
[iter 72580]loss: 2.9539, tokens/sec: 20555.17 ± 78.42, tokens seen: 4459315200, grad norm: 76.9006
[iter 72590]loss: 3.0112, tokens/sec: 20555.17 ± 78.42, tokens seen: 4459929600, grad norm: 26.1855
[iter 72600]loss: 2.9771, tokens/sec: 20555.17 ± 78.41, tokens seen: 4460544000, grad norm: 135.6423
[iter 72610]loss: 2.9904, tokens/sec: 20555.17 ± 78.41, tokens seen: 4461158400, grad norm: 120.4553
[iter 72620]loss: 2.7114, tokens/sec: 20555.17 ± 78.40, tokens seen: 4461772800, grad norm: 132.0930
[iter 72630]loss: 2.9299, tokens/sec: 20555.17 ± 78.40, tokens seen: 4462387200, grad norm: 107.9469
[iter 72640]loss: 2.9018, tokens/sec: 20555.18 ± 78.39, tokens seen: 4463001600, grad norm: 92.8556
[iter 72650]loss: 2.8377, tokens/sec: 20555.18 ± 78.39, tokens seen: 4463616000, grad norm: 130.2892
[iter 72660]loss: 2.9885, tokens/sec: 20555.18 ± 78.38, tokens seen: 4464230400, grad norm: 64.8912
[iter 72670]loss: 3.1841, tokens/sec: 20555.18 ± 78.38, tokens seen: 4464844800, grad norm: 105.2231
[iter 72680]loss: 3.0933, tokens/sec: 20555.18 ± 78.37, tokens seen: 4465459200, grad norm: 60.5340
[iter 72690]loss: 2.9870, tokens/sec: 20555.18 ± 78.37, tokens seen: 4466073600, grad norm: 67.3204
[iter 72700]loss: 2.8593, tokens/sec: 20555.18 ± 78.37, tokens seen: 4466688000, grad norm: 68.4026
[iter 72710]loss: 3.0078, tokens/sec: 20555.18 ± 78.36, tokens seen: 4467302400, grad norm: 58.9756
[iter 72720]loss: 2.9127, tokens/sec: 20555.18 ± 78.36, tokens seen: 4467916800, grad norm: 249.1300
[iter 72730]loss: 3.0091, tokens/sec: 20555.18 ± 78.35, tokens seen: 4468531200, grad norm: 30.8315
[iter 72740]loss: 3.0592, tokens/sec: 20555.19 ± 78.35, tokens seen: 4469145600, grad norm: 57.2773
[iter 72750]loss: 2.8857, tokens/sec: 20555.19 ± 78.34, tokens seen: 4469760000, grad norm: 117.8629
[iter 72760]loss: 2.8994, tokens/sec: 20555.19 ± 78.34, tokens seen: 4470374400, grad norm: 24.1360
[iter 72770]loss: 3.0910, tokens/sec: 20555.19 ± 78.33, tokens seen: 4470988800, grad norm: 147.3224
[iter 72780]loss: 2.9422, tokens/sec: 20555.19 ± 78.33, tokens seen: 4471603200, grad norm: 13.7153
[iter 72790]loss: 2.9979, tokens/sec: 20555.19 ± 78.32, tokens seen: 4472217600, grad norm: 42.5027
[iter 72800]loss: 2.9687, tokens/sec: 20555.20 ± 78.32, tokens seen: 4472832000, grad norm: 86.7307
[iter 72810]loss: 3.0632, tokens/sec: 20555.20 ± 78.31, tokens seen: 4473446400, grad norm: 43.5186
[iter 72820]loss: 2.9347, tokens/sec: 20555.20 ± 78.31, tokens seen: 4474060800, grad norm: 103.4885
[iter 72830]loss: 2.9384, tokens/sec: 20555.20 ± 78.30, tokens seen: 4474675200, grad norm: 83.5350
[iter 72840]loss: 2.7518, tokens/sec: 20555.20 ± 78.30, tokens seen: 4475289600, grad norm: 42.7053
[iter 72850]loss: 2.9823, tokens/sec: 20555.20 ± 78.29, tokens seen: 4475904000, grad norm: 45.2573
[iter 72860]loss: 2.9032, tokens/sec: 20555.21 ± 78.29, tokens seen: 4476518400, grad norm: 21.3928
[iter 72870]loss: 2.8706, tokens/sec: 20555.21 ± 78.28, tokens seen: 4477132800, grad norm: 152.9970
[iter 72880]loss: 2.9384, tokens/sec: 20555.21 ± 78.28, tokens seen: 4477747200, grad norm: 24.2464
[iter 72890]loss: 3.2668, tokens/sec: 20555.21 ± 78.27, tokens seen: 4478361600, grad norm: 48.1576
[iter 72900]loss: 3.1717, tokens/sec: 20555.21 ± 78.27, tokens seen: 4478976000, grad norm: 100.7325
[iter 72910]loss: 3.0844, tokens/sec: 20555.21 ± 78.26, tokens seen: 4479590400, grad norm: 56.8883
[iter 72920]loss: 2.9290, tokens/sec: 20555.21 ± 78.26, tokens seen: 4480204800, grad norm: 31.9006
[iter 72930]loss: 3.0479, tokens/sec: 20555.22 ± 78.25, tokens seen: 4480819200, grad norm: 36.1959
[iter 72940]loss: 2.6651, tokens/sec: 20555.22 ± 78.25, tokens seen: 4481433600, grad norm: 22.6428
[iter 72950]loss: 2.9008, tokens/sec: 20555.22 ± 78.24, tokens seen: 4482048000, grad norm: 178.1153
[iter 72960]loss: 2.8444, tokens/sec: 20555.22 ± 78.24, tokens seen: 4482662400, grad norm: 59.8952
[iter 72970]loss: 3.1013, tokens/sec: 20555.22 ± 78.23, tokens seen: 4483276800, grad norm: 62.2894
[iter 72980]loss: 2.8301, tokens/sec: 20555.22 ± 78.23, tokens seen: 4483891200, grad norm: 92.4669
[iter 72990]loss: 2.8185, tokens/sec: 20555.23 ± 78.22, tokens seen: 4484505600, grad norm: 75.4812
[step 73000]train loss: 2.9523, val loss: 2.9426, (avg train loss: 0.5849 ± 0.0302), (avg grad norm: 72.7273 ± 104.4729)
[iter 73000]loss: 2.9849, tokens/sec: 20555.23 ± 78.22, tokens seen: 4485120000, grad norm: 36.2645
[iter 73010]loss: 2.7223, tokens/sec: 20555.23 ± 78.21, tokens seen: 4485734400, grad norm: 31.4972
[iter 73020]loss: 2.8388, tokens/sec: 20555.23 ± 78.21, tokens seen: 4486348800, grad norm: 60.1820
[iter 73030]loss: 2.8009, tokens/sec: 20555.22 ± 78.21, tokens seen: 4486963200, grad norm: 45.3356
[iter 73040]loss: 2.8762, tokens/sec: 20555.23 ± 78.20, tokens seen: 4487577600, grad norm: 63.1247
[iter 73050]loss: 3.0662, tokens/sec: 20555.23 ± 78.20, tokens seen: 4488192000, grad norm: 1379.7522
[iter 73060]loss: 3.1756, tokens/sec: 20555.23 ± 78.19, tokens seen: 4488806400, grad norm: 246.3760
[iter 73070]loss: 3.0836, tokens/sec: 20555.23 ± 78.19, tokens seen: 4489420800, grad norm: 54.5753
[iter 73080]loss: 2.8294, tokens/sec: 20555.23 ± 78.18, tokens seen: 4490035200, grad norm: 33.9881
[iter 73090]loss: 2.8729, tokens/sec: 20555.24 ± 78.18, tokens seen: 4490649600, grad norm: 101.7631
[iter 73100]loss: 2.9223, tokens/sec: 20555.24 ± 78.17, tokens seen: 4491264000, grad norm: 6.5754
[iter 73110]loss: 3.0123, tokens/sec: 20555.24 ± 78.17, tokens seen: 4491878400, grad norm: 19.2477
[iter 73120]loss: 3.1331, tokens/sec: 20555.24 ± 78.16, tokens seen: 4492492800, grad norm: 24.2668
[iter 73130]loss: 2.7919, tokens/sec: 20555.24 ± 78.16, tokens seen: 4493107200, grad norm: 17.7590
[iter 73140]loss: 2.8281, tokens/sec: 20555.25 ± 78.15, tokens seen: 4493721600, grad norm: 6.1299
[iter 73150]loss: 3.0244, tokens/sec: 20555.25 ± 78.15, tokens seen: 4494336000, grad norm: 10.0901
[iter 73160]loss: 3.1283, tokens/sec: 20555.25 ± 78.14, tokens seen: 4494950400, grad norm: 2.8050
[iter 73170]loss: 2.8149, tokens/sec: 20555.25 ± 78.14, tokens seen: 4495564800, grad norm: 2.6989
[iter 73180]loss: 2.9477, tokens/sec: 20555.25 ± 78.13, tokens seen: 4496179200, grad norm: 27.4218
[iter 73190]loss: 2.8530, tokens/sec: 20555.25 ± 78.13, tokens seen: 4496793600, grad norm: 6.1347
[iter 73200]loss: 2.8147, tokens/sec: 20555.25 ± 78.12, tokens seen: 4497408000, grad norm: 41.4377
[iter 73210]loss: 2.9890, tokens/sec: 20555.26 ± 78.12, tokens seen: 4498022400, grad norm: 3.8386
[iter 73220]loss: 2.7326, tokens/sec: 20555.26 ± 78.11, tokens seen: 4498636800, grad norm: 18.4463
[iter 73230]loss: 2.9373, tokens/sec: 20555.26 ± 78.11, tokens seen: 4499251200, grad norm: 14.9891
[iter 73240]loss: 2.8106, tokens/sec: 20555.26 ± 78.10, tokens seen: 4499865600, grad norm: 26.5560
[iter 73250]loss: 2.7206, tokens/sec: 20555.26 ± 78.10, tokens seen: 4500480000, grad norm: 3.4382
[iter 73260]loss: 3.0550, tokens/sec: 20555.26 ± 78.09, tokens seen: 4501094400, grad norm: 22.7612
[iter 73270]loss: 2.7616, tokens/sec: 20555.26 ± 78.09, tokens seen: 4501708800, grad norm: 5.1300
[iter 73280]loss: 3.1289, tokens/sec: 20555.27 ± 78.08, tokens seen: 4502323200, grad norm: 4.0792
[iter 73290]loss: 2.9448, tokens/sec: 20555.27 ± 78.08, tokens seen: 4502937600, grad norm: 18.0798
[iter 73300]loss: 3.0800, tokens/sec: 20555.27 ± 78.08, tokens seen: 4503552000, grad norm: 6.7764
[iter 73310]loss: 2.8127, tokens/sec: 20555.27 ± 78.07, tokens seen: 4504166400, grad norm: 23.4116
[iter 73320]loss: 2.9482, tokens/sec: 20555.27 ± 78.07, tokens seen: 4504780800, grad norm: 9.1452
[iter 73330]loss: 2.7911, tokens/sec: 20555.28 ± 78.06, tokens seen: 4505395200, grad norm: 3.5142
[iter 73340]loss: 2.8098, tokens/sec: 20555.28 ± 78.06, tokens seen: 4506009600, grad norm: 3.0109
[iter 73350]loss: 2.9644, tokens/sec: 20555.28 ± 78.05, tokens seen: 4506624000, grad norm: 12.1572
[iter 73360]loss: 2.9496, tokens/sec: 20555.28 ± 78.05, tokens seen: 4507238400, grad norm: 3.8402
[iter 73370]loss: 2.8051, tokens/sec: 20555.28 ± 78.04, tokens seen: 4507852800, grad norm: 6.7127
[iter 73380]loss: 2.3342, tokens/sec: 20555.28 ± 78.04, tokens seen: 4508467200, grad norm: 3.0845
[iter 73390]loss: 3.0527, tokens/sec: 20555.28 ± 78.03, tokens seen: 4509081600, grad norm: 2.0509
[iter 73400]loss: 3.0076, tokens/sec: 20555.28 ± 78.03, tokens seen: 4509696000, grad norm: 43.3144
[iter 73410]loss: 2.8893, tokens/sec: 20555.29 ± 78.02, tokens seen: 4510310400, grad norm: 2.8036
[iter 73420]loss: 2.8585, tokens/sec: 20555.29 ± 78.02, tokens seen: 4510924800, grad norm: 10.9751
[iter 73430]loss: 2.5843, tokens/sec: 20555.29 ± 78.01, tokens seen: 4511539200, grad norm: 2.3807
[iter 73440]loss: 3.0034, tokens/sec: 20555.29 ± 78.01, tokens seen: 4512153600, grad norm: 38.1029
[iter 73450]loss: 2.5592, tokens/sec: 20555.29 ± 78.00, tokens seen: 4512768000, grad norm: 3.8396
[iter 73460]loss: 2.8013, tokens/sec: 20555.30 ± 78.00, tokens seen: 4513382400, grad norm: 20.4218
[iter 73470]loss: 2.9843, tokens/sec: 20555.30 ± 77.99, tokens seen: 4513996800, grad norm: 3.3803
[iter 73480]loss: 2.7705, tokens/sec: 20555.30 ± 77.99, tokens seen: 4514611200, grad norm: 2.3341
[iter 73490]loss: 2.8186, tokens/sec: 20555.30 ± 77.99, tokens seen: 4515225600, grad norm: 2.3200
[step 73500]train loss: 2.9236, val loss: 2.9375, (avg train loss: 0.5878 ± 0.0298), (avg grad norm: 8.9927 ± 10.8985)
[iter 73500]loss: 2.8829, tokens/sec: 20555.31 ± 77.98, tokens seen: 4515840000, grad norm: 2.5473
[iter 73510]loss: 2.9882, tokens/sec: 20555.31 ± 77.98, tokens seen: 4516454400, grad norm: 4.7277
[iter 73520]loss: 2.7157, tokens/sec: 20555.31 ± 77.97, tokens seen: 4517068800, grad norm: 4.9813
[iter 73530]loss: 2.9770, tokens/sec: 20555.31 ± 77.97, tokens seen: 4517683200, grad norm: 2.2379
[iter 73540]loss: 2.9115, tokens/sec: 20555.31 ± 77.96, tokens seen: 4518297600, grad norm: 4.4780
[iter 73550]loss: 3.0732, tokens/sec: 20555.31 ± 77.96, tokens seen: 4518912000, grad norm: 4.7893
[iter 73560]loss: 2.9106, tokens/sec: 20555.31 ± 77.95, tokens seen: 4519526400, grad norm: 31.7191
[iter 73570]loss: 2.8945, tokens/sec: 20555.31 ± 77.95, tokens seen: 4520140800, grad norm: 113.0374
[iter 73580]loss: 2.8300, tokens/sec: 20555.31 ± 77.94, tokens seen: 4520755200, grad norm: 15.7610
[iter 73590]loss: 2.9718, tokens/sec: 20555.31 ± 77.94, tokens seen: 4521369600, grad norm: 4.5136
[iter 73600]loss: 3.0434, tokens/sec: 20555.31 ± 77.93, tokens seen: 4521984000, grad norm: 3.0607
[iter 73610]loss: 2.7410, tokens/sec: 20555.31 ± 77.93, tokens seen: 4522598400, grad norm: 4.7666
[iter 73620]loss: 2.9327, tokens/sec: 20555.32 ± 77.92, tokens seen: 4523212800, grad norm: 3.0416
[iter 73630]loss: 3.0113, tokens/sec: 20555.32 ± 77.92, tokens seen: 4523827200, grad norm: 5.5117
[iter 73640]loss: 3.1573, tokens/sec: 20555.32 ± 77.91, tokens seen: 4524441600, grad norm: 15.3847
[iter 73650]loss: 3.1684, tokens/sec: 20555.32 ± 77.91, tokens seen: 4525056000, grad norm: 3.0401
[iter 73660]loss: 2.9418, tokens/sec: 20555.32 ± 77.91, tokens seen: 4525670400, grad norm: 5.6430
[iter 73670]loss: 3.0438, tokens/sec: 20555.32 ± 77.90, tokens seen: 4526284800, grad norm: 2.1787
[iter 73680]loss: 2.8268, tokens/sec: 20555.32 ± 77.90, tokens seen: 4526899200, grad norm: 28.6908
[iter 73690]loss: 2.8555, tokens/sec: 20555.32 ± 77.89, tokens seen: 4527513600, grad norm: 3.1766
[iter 73700]loss: 3.1894, tokens/sec: 20555.32 ± 77.89, tokens seen: 4528128000, grad norm: 20.0956
[iter 73710]loss: 3.1624, tokens/sec: 20555.32 ± 77.88, tokens seen: 4528742400, grad norm: 4.3283
[iter 73720]loss: 3.2464, tokens/sec: 20555.32 ± 77.88, tokens seen: 4529356800, grad norm: 24.7938
[iter 73730]loss: 3.0539, tokens/sec: 20555.32 ± 77.87, tokens seen: 4529971200, grad norm: 4.1575
[iter 73740]loss: 2.9242, tokens/sec: 20555.32 ± 77.87, tokens seen: 4530585600, grad norm: 2.8386
[iter 73750]loss: 2.8892, tokens/sec: 20555.32 ± 77.86, tokens seen: 4531200000, grad norm: 14.3483
[iter 73760]loss: 2.7953, tokens/sec: 20555.32 ± 77.86, tokens seen: 4531814400, grad norm: 12.7332
[iter 73770]loss: 2.9532, tokens/sec: 20555.32 ± 77.85, tokens seen: 4532428800, grad norm: 11.7711
[iter 73780]loss: 3.0262, tokens/sec: 20555.32 ± 77.85, tokens seen: 4533043200, grad norm: 3.2503
[iter 73790]loss: 3.0359, tokens/sec: 20555.32 ± 77.84, tokens seen: 4533657600, grad norm: 8.6257
[iter 73800]loss: 3.0046, tokens/sec: 20555.32 ± 77.84, tokens seen: 4534272000, grad norm: 6.8521
[iter 73810]loss: 3.4430, tokens/sec: 20555.32 ± 77.83, tokens seen: 4534886400, grad norm: 4.8872
[iter 73820]loss: 2.8204, tokens/sec: 20555.33 ± 77.83, tokens seen: 4535500800, grad norm: 8.6362
[iter 73830]loss: 3.1150, tokens/sec: 20555.33 ± 77.82, tokens seen: 4536115200, grad norm: 7.8749
[iter 73840]loss: 2.6610, tokens/sec: 20555.33 ± 77.82, tokens seen: 4536729600, grad norm: 5.9827
[iter 73850]loss: 2.9025, tokens/sec: 20555.33 ± 77.81, tokens seen: 4537344000, grad norm: 25.9334
[iter 73860]loss: 2.8334, tokens/sec: 20555.33 ± 77.81, tokens seen: 4537958400, grad norm: 4.6898
[iter 73870]loss: 3.0464, tokens/sec: 20555.33 ± 77.80, tokens seen: 4538572800, grad norm: 8.0496
[iter 73880]loss: 3.0302, tokens/sec: 20555.33 ± 77.80, tokens seen: 4539187200, grad norm: 30.1962
[iter 73890]loss: 3.0105, tokens/sec: 20555.33 ± 77.80, tokens seen: 4539801600, grad norm: 4.7926
[iter 73900]loss: 3.0048, tokens/sec: 20555.33 ± 77.79, tokens seen: 4540416000, grad norm: 21.0029
[iter 73910]loss: 2.9862, tokens/sec: 20555.33 ± 77.79, tokens seen: 4541030400, grad norm: 17.0134
[iter 73920]loss: 3.1340, tokens/sec: 20555.33 ± 77.78, tokens seen: 4541644800, grad norm: 11.7574
[iter 73930]loss: 2.8501, tokens/sec: 20555.33 ± 77.78, tokens seen: 4542259200, grad norm: 13.8425
[iter 73940]loss: 3.1230, tokens/sec: 20555.33 ± 77.77, tokens seen: 4542873600, grad norm: 32.9865
[iter 73950]loss: 2.6553, tokens/sec: 20555.33 ± 77.77, tokens seen: 4543488000, grad norm: 33.6919
[iter 73960]loss: 2.8671, tokens/sec: 20555.33 ± 77.76, tokens seen: 4544102400, grad norm: 6.6965
[iter 73970]loss: 2.9589, tokens/sec: 20555.33 ± 77.76, tokens seen: 4544716800, grad norm: 32.3422
[iter 73980]loss: 3.0745, tokens/sec: 20555.33 ± 77.75, tokens seen: 4545331200, grad norm: 17.6696
[iter 73990]loss: 2.9100, tokens/sec: 20555.33 ± 77.75, tokens seen: 4545945600, grad norm: 87.6292
[step 74000]train loss: 2.9228, val loss: 2.9276, (avg train loss: 0.5863 ± 0.0280), (avg grad norm: 21.4329 ± 32.3896)
[iter 74000]loss: 2.6947, tokens/sec: 20555.33 ± 77.74, tokens seen: 4546560000, grad norm: 6.7739
[iter 74010]loss: 3.0778, tokens/sec: 20555.33 ± 77.74, tokens seen: 4547174400, grad norm: 24.5358
[iter 74020]loss: 3.2373, tokens/sec: 20555.33 ± 77.74, tokens seen: 4547788800, grad norm: 14.0062
[iter 74030]loss: 2.9247, tokens/sec: 20555.33 ± 77.73, tokens seen: 4548403200, grad norm: 22.1979
[iter 74040]loss: 3.1003, tokens/sec: 20555.33 ± 77.73, tokens seen: 4549017600, grad norm: 103.1376
[iter 74050]loss: 2.8136, tokens/sec: 20555.33 ± 77.72, tokens seen: 4549632000, grad norm: 16.6603
[iter 74060]loss: 2.9371, tokens/sec: 20555.33 ± 77.72, tokens seen: 4550246400, grad norm: 64.2004
[iter 74070]loss: 2.7569, tokens/sec: 20555.33 ± 77.71, tokens seen: 4550860800, grad norm: 10.8680
[iter 74080]loss: 3.0029, tokens/sec: 20555.33 ± 77.71, tokens seen: 4551475200, grad norm: 21.1845
[iter 74090]loss: 2.9749, tokens/sec: 20555.33 ± 77.70, tokens seen: 4552089600, grad norm: 15.8245
[iter 74100]loss: 2.7328, tokens/sec: 20555.33 ± 77.70, tokens seen: 4552704000, grad norm: 14.7278
[iter 74110]loss: 2.8514, tokens/sec: 20555.33 ± 77.69, tokens seen: 4553318400, grad norm: 24.2503
[iter 74120]loss: 3.0737, tokens/sec: 20555.33 ± 77.69, tokens seen: 4553932800, grad norm: 57.3737
[iter 74130]loss: 2.9723, tokens/sec: 20555.33 ± 77.68, tokens seen: 4554547200, grad norm: 11.9127
[iter 74140]loss: 2.7996, tokens/sec: 20555.33 ± 77.68, tokens seen: 4555161600, grad norm: 57.4396
[iter 74150]loss: 3.1641, tokens/sec: 20555.33 ± 77.67, tokens seen: 4555776000, grad norm: 41.4789
[iter 74160]loss: 3.0789, tokens/sec: 20555.33 ± 77.67, tokens seen: 4556390400, grad norm: 21.0757
[iter 74170]loss: 2.8741, tokens/sec: 20555.33 ± 77.66, tokens seen: 4557004800, grad norm: 9.4719
[iter 74180]loss: 2.8778, tokens/sec: 20555.33 ± 77.66, tokens seen: 4557619200, grad norm: 7.5375
[iter 74190]loss: 3.2248, tokens/sec: 20555.33 ± 77.65, tokens seen: 4558233600, grad norm: 124.7704
[iter 74200]loss: 2.8446, tokens/sec: 20555.33 ± 77.65, tokens seen: 4558848000, grad norm: 6.9812
[iter 74210]loss: 2.6501, tokens/sec: 20555.33 ± 77.64, tokens seen: 4559462400, grad norm: 15.0058
[iter 74220]loss: 3.2817, tokens/sec: 20555.33 ± 77.64, tokens seen: 4560076800, grad norm: 23.1411
[iter 74230]loss: 2.9523, tokens/sec: 20555.33 ± 77.63, tokens seen: 4560691200, grad norm: 18.0057
[iter 74240]loss: 2.9725, tokens/sec: 20555.34 ± 77.63, tokens seen: 4561305600, grad norm: 18.5594
[iter 74250]loss: 2.6313, tokens/sec: 20555.34 ± 77.62, tokens seen: 4561920000, grad norm: 78.1641
[iter 74260]loss: 2.8989, tokens/sec: 20555.34 ± 77.62, tokens seen: 4562534400, grad norm: 12.9484
[iter 74270]loss: 3.2611, tokens/sec: 20555.34 ± 77.61, tokens seen: 4563148800, grad norm: 8.2963
[iter 74280]loss: 3.0142, tokens/sec: 20555.34 ± 77.61, tokens seen: 4563763200, grad norm: 53.6903
[iter 74290]loss: 2.7074, tokens/sec: 20555.34 ± 77.60, tokens seen: 4564377600, grad norm: 8.0025
[iter 74300]loss: 2.9544, tokens/sec: 20555.34 ± 77.60, tokens seen: 4564992000, grad norm: 5.8320
[iter 74310]loss: 2.9772, tokens/sec: 20555.34 ± 77.59, tokens seen: 4565606400, grad norm: 20.8617
[iter 74320]loss: 2.9361, tokens/sec: 20555.34 ± 77.59, tokens seen: 4566220800, grad norm: 15.7548
[iter 74330]loss: 2.7097, tokens/sec: 20555.35 ± 77.58, tokens seen: 4566835200, grad norm: 62.0608
[iter 74340]loss: 3.1033, tokens/sec: 20555.35 ± 77.58, tokens seen: 4567449600, grad norm: 13.4839
[iter 74350]loss: 3.0179, tokens/sec: 20555.35 ± 77.57, tokens seen: 4568064000, grad norm: 15.1415
[iter 74360]loss: 3.0085, tokens/sec: 20555.35 ± 77.57, tokens seen: 4568678400, grad norm: 13.1337
[iter 74370]loss: 2.7521, tokens/sec: 20555.35 ± 77.57, tokens seen: 4569292800, grad norm: 41.8052
[iter 74380]loss: 2.9926, tokens/sec: 20555.35 ± 77.56, tokens seen: 4569907200, grad norm: 21.6610
[iter 74390]loss: 3.0222, tokens/sec: 20555.35 ± 77.56, tokens seen: 4570521600, grad norm: 49.7740
[iter 74400]loss: 2.6747, tokens/sec: 20555.35 ± 77.55, tokens seen: 4571136000, grad norm: 15.7127
[iter 74410]loss: 3.0744, tokens/sec: 20555.35 ± 77.55, tokens seen: 4571750400, grad norm: 20.4017
[iter 74420]loss: 2.8216, tokens/sec: 20555.35 ± 77.54, tokens seen: 4572364800, grad norm: 35.9503
[iter 74430]loss: 2.8523, tokens/sec: 20555.35 ± 77.54, tokens seen: 4572979200, grad norm: 36.6766
[iter 74440]loss: 3.0744, tokens/sec: 20555.35 ± 77.53, tokens seen: 4573593600, grad norm: 35.8436
[iter 74450]loss: 3.0097, tokens/sec: 20555.35 ± 77.53, tokens seen: 4574208000, grad norm: 22.6850
[iter 74460]loss: 2.7882, tokens/sec: 20555.35 ± 77.52, tokens seen: 4574822400, grad norm: 13.7611
[iter 74470]loss: 2.4431, tokens/sec: 20555.35 ± 77.52, tokens seen: 4575436800, grad norm: 12.9470
[iter 74480]loss: 2.7660, tokens/sec: 20555.34 ± 77.51, tokens seen: 4576051200, grad norm: 38.6510
[iter 74490]loss: 2.8747, tokens/sec: 20555.34 ± 77.51, tokens seen: 4576665600, grad norm: 44.7000
[step 74500]train loss: 2.9216, val loss: 2.9573, (avg train loss: 0.5848 ± 0.0320), (avg grad norm: 28.8921 ± 23.3830)
[iter 74500]loss: 3.0859, tokens/sec: 20555.35 ± 77.50, tokens seen: 4577280000, grad norm: 29.0028
[iter 74510]loss: 2.9653, tokens/sec: 20555.35 ± 77.50, tokens seen: 4577894400, grad norm: 115.9282
[iter 74520]loss: 2.8112, tokens/sec: 20555.34 ± 77.50, tokens seen: 4578508800, grad norm: 50.4906
[iter 74530]loss: 2.8352, tokens/sec: 20555.34 ± 77.49, tokens seen: 4579123200, grad norm: 11.6092
[iter 74540]loss: 3.1420, tokens/sec: 20555.34 ± 77.49, tokens seen: 4579737600, grad norm: 91.1910
[iter 74550]loss: 2.7532, tokens/sec: 20555.34 ± 77.48, tokens seen: 4580352000, grad norm: 33.0469
[iter 74560]loss: 2.8572, tokens/sec: 20555.34 ± 77.48, tokens seen: 4580966400, grad norm: 22.9689
[iter 74570]loss: 2.8804, tokens/sec: 20555.34 ± 77.47, tokens seen: 4581580800, grad norm: 109.3804
[iter 74580]loss: 2.8088, tokens/sec: 20555.34 ± 77.47, tokens seen: 4582195200, grad norm: 60.1635
[iter 74590]loss: 2.7252, tokens/sec: 20555.34 ± 77.46, tokens seen: 4582809600, grad norm: 55.9392
[iter 74600]loss: 3.1000, tokens/sec: 20555.34 ± 77.46, tokens seen: 4583424000, grad norm: 84.9131
[iter 74610]loss: 2.9354, tokens/sec: 20555.34 ± 77.45, tokens seen: 4584038400, grad norm: 69.7089
[iter 74620]loss: 2.7227, tokens/sec: 20555.34 ± 77.45, tokens seen: 4584652800, grad norm: 15.4597
[iter 74630]loss: 2.8128, tokens/sec: 20555.34 ± 77.44, tokens seen: 4585267200, grad norm: 42.6809
[iter 74640]loss: 2.9465, tokens/sec: 20555.34 ± 77.44, tokens seen: 4585881600, grad norm: 49.1156
[iter 74650]loss: 3.0217, tokens/sec: 20555.34 ± 77.43, tokens seen: 4586496000, grad norm: 157.3185
[iter 74660]loss: 2.8762, tokens/sec: 20555.34 ± 77.43, tokens seen: 4587110400, grad norm: 272.3241
[iter 74670]loss: 2.9876, tokens/sec: 20555.34 ± 77.42, tokens seen: 4587724800, grad norm: 20.7106
[iter 74680]loss: 2.9751, tokens/sec: 20555.34 ± 77.42, tokens seen: 4588339200, grad norm: 55.1453
[iter 74690]loss: 2.9434, tokens/sec: 20555.34 ± 77.41, tokens seen: 4588953600, grad norm: 12.5255
[iter 74700]loss: 3.1800, tokens/sec: 20555.34 ± 77.41, tokens seen: 4589568000, grad norm: 93.6647
[iter 74710]loss: 2.4443, tokens/sec: 20555.34 ± 77.41, tokens seen: 4590182400, grad norm: 41.9018
[iter 74720]loss: 2.8258, tokens/sec: 20555.34 ± 77.40, tokens seen: 4590796800, grad norm: 25.9223
[iter 74730]loss: 2.9114, tokens/sec: 20555.34 ± 77.40, tokens seen: 4591411200, grad norm: 94.0642
[iter 74740]loss: 2.8093, tokens/sec: 20555.34 ± 77.39, tokens seen: 4592025600, grad norm: 61.9015
[iter 74750]loss: 2.9521, tokens/sec: 20555.34 ± 77.39, tokens seen: 4592640000, grad norm: 82.3916
[iter 74760]loss: 2.9879, tokens/sec: 20555.34 ± 77.38, tokens seen: 4593254400, grad norm: 38.3576
[iter 74770]loss: 3.2882, tokens/sec: 20555.34 ± 77.38, tokens seen: 4593868800, grad norm: 64.3259
[iter 74780]loss: 3.0962, tokens/sec: 20555.34 ± 77.37, tokens seen: 4594483200, grad norm: 65.9166
[iter 74790]loss: 2.9839, tokens/sec: 20555.34 ± 77.37, tokens seen: 4595097600, grad norm: 20.3940
[iter 74800]loss: 3.0425, tokens/sec: 20555.34 ± 77.36, tokens seen: 4595712000, grad norm: 18.0069
[iter 74810]loss: 2.4984, tokens/sec: 20555.34 ± 77.36, tokens seen: 4596326400, grad norm: 25.8953
[iter 74820]loss: 3.1019, tokens/sec: 20555.34 ± 77.35, tokens seen: 4596940800, grad norm: 11.6071
[iter 74830]loss: 2.8322, tokens/sec: 20555.34 ± 77.35, tokens seen: 4597555200, grad norm: 22.7335
[iter 74840]loss: 3.0795, tokens/sec: 20555.34 ± 77.34, tokens seen: 4598169600, grad norm: 31.1060
[iter 74850]loss: 2.7148, tokens/sec: 20555.34 ± 77.34, tokens seen: 4598784000, grad norm: 17.1740
[iter 74860]loss: 2.9259, tokens/sec: 20555.34 ± 77.33, tokens seen: 4599398400, grad norm: 36.6155
[iter 74870]loss: 2.8348, tokens/sec: 20555.34 ± 77.33, tokens seen: 4600012800, grad norm: 33.1870
[iter 74880]loss: 2.9918, tokens/sec: 20555.34 ± 77.32, tokens seen: 4600627200, grad norm: 14.3452
[iter 74890]loss: 2.8559, tokens/sec: 20555.34 ± 77.32, tokens seen: 4601241600, grad norm: 11.8753
[iter 74900]loss: 2.9768, tokens/sec: 20555.34 ± 77.32, tokens seen: 4601856000, grad norm: 84.3559
[iter 74910]loss: 2.9724, tokens/sec: 20555.34 ± 77.31, tokens seen: 4602470400, grad norm: 36.0353
[iter 74920]loss: 2.8307, tokens/sec: 20555.35 ± 77.31, tokens seen: 4603084800, grad norm: 34.9819
[iter 74930]loss: 3.0375, tokens/sec: 20555.35 ± 77.30, tokens seen: 4603699200, grad norm: 16.9252
[iter 74940]loss: 2.6826, tokens/sec: 20555.35 ± 77.30, tokens seen: 4604313600, grad norm: 89.8585
[iter 74950]loss: 2.9377, tokens/sec: 20555.35 ± 77.29, tokens seen: 4604928000, grad norm: 24.8299
[iter 74960]loss: 2.6913, tokens/sec: 20555.35 ± 77.29, tokens seen: 4605542400, grad norm: 49.1391
[iter 74970]loss: 2.8298, tokens/sec: 20555.35 ± 77.28, tokens seen: 4606156800, grad norm: 18.3523
[iter 74980]loss: 2.9618, tokens/sec: 20555.35 ± 77.28, tokens seen: 4606771200, grad norm: 39.2023
[iter 74990]loss: 3.0812, tokens/sec: 20555.35 ± 77.27, tokens seen: 4607385600, grad norm: 29.1202
[step 75000]train loss: 2.9168, val loss: 2.9366, (avg train loss: 0.5859 ± 0.0279), (avg grad norm: 40.9004 ± 67.1311)
[iter 75000]loss: 2.9906, tokens/sec: 20555.35 ± 77.27, tokens seen: 4608000000, grad norm: 23.4966
[iter 75010]loss: 2.7925, tokens/sec: 20555.35 ± 77.26, tokens seen: 4608614400, grad norm: 85.6287
[iter 75020]loss: 3.2639, tokens/sec: 20555.35 ± 77.26, tokens seen: 4609228800, grad norm: 14.3351
[iter 75030]loss: 2.9956, tokens/sec: 20555.35 ± 77.25, tokens seen: 4609843200, grad norm: 85.1583
[iter 75040]loss: 2.7336, tokens/sec: 20555.35 ± 77.25, tokens seen: 4610457600, grad norm: 16.3748
[iter 75050]loss: 2.8761, tokens/sec: 20555.35 ± 77.24, tokens seen: 4611072000, grad norm: 16.0876
[iter 75060]loss: 2.9554, tokens/sec: 20555.35 ± 77.24, tokens seen: 4611686400, grad norm: 14.3174
[iter 75070]loss: 2.7778, tokens/sec: 20555.35 ± 77.23, tokens seen: 4612300800, grad norm: 47.1016
[iter 75080]loss: 2.7749, tokens/sec: 20555.35 ± 77.23, tokens seen: 4612915200, grad norm: 61.4581
[iter 75090]loss: 2.7172, tokens/sec: 20555.36 ± 77.23, tokens seen: 4613529600, grad norm: 10.9768
[iter 75100]loss: 2.8291, tokens/sec: 20555.36 ± 77.22, tokens seen: 4614144000, grad norm: 96.9046
[iter 75110]loss: 2.8273, tokens/sec: 20555.36 ± 77.22, tokens seen: 4614758400, grad norm: 653.9327
[iter 75120]loss: 2.9376, tokens/sec: 20555.36 ± 77.21, tokens seen: 4615372800, grad norm: 25.3950
[iter 75130]loss: 3.1089, tokens/sec: 20555.36 ± 77.21, tokens seen: 4615987200, grad norm: 32.8507
[iter 75140]loss: 2.7426, tokens/sec: 20555.36 ± 77.20, tokens seen: 4616601600, grad norm: 52.8241
[iter 75150]loss: 2.9334, tokens/sec: 20555.36 ± 77.20, tokens seen: 4617216000, grad norm: 113.8076
[iter 75160]loss: 2.9466, tokens/sec: 20555.35 ± 77.19, tokens seen: 4617830400, grad norm: 60.6817
[iter 75170]loss: 3.0249, tokens/sec: 20555.35 ± 77.19, tokens seen: 4618444800, grad norm: 71.0085
[iter 75180]loss: 2.7748, tokens/sec: 20555.35 ± 77.18, tokens seen: 4619059200, grad norm: 17.1100
[iter 75190]loss: 2.7939, tokens/sec: 20555.35 ± 77.18, tokens seen: 4619673600, grad norm: 29.8556
[iter 75200]loss: 2.8635, tokens/sec: 20555.35 ± 77.17, tokens seen: 4620288000, grad norm: 72.2207
[iter 75210]loss: 3.0332, tokens/sec: 20555.35 ± 77.17, tokens seen: 4620902400, grad norm: 11.0715
[iter 75220]loss: 3.0490, tokens/sec: 20555.35 ± 77.17, tokens seen: 4621516800, grad norm: 33.2964
[iter 75230]loss: 3.0257, tokens/sec: 20555.35 ± 77.16, tokens seen: 4622131200, grad norm: 124.2263
[iter 75240]loss: 2.8763, tokens/sec: 20555.35 ± 77.16, tokens seen: 4622745600, grad norm: 28.6362
[iter 75250]loss: 2.8986, tokens/sec: 20555.35 ± 77.15, tokens seen: 4623360000, grad norm: 187.4323
[iter 75260]loss: 2.7709, tokens/sec: 20555.35 ± 77.15, tokens seen: 4623974400, grad norm: 60.4701
[iter 75270]loss: 3.0846, tokens/sec: 20555.35 ± 77.14, tokens seen: 4624588800, grad norm: 37.9141
[iter 75280]loss: 2.8137, tokens/sec: 20555.35 ± 77.14, tokens seen: 4625203200, grad norm: 49.0392
[iter 75290]loss: 3.0594, tokens/sec: 20555.35 ± 77.13, tokens seen: 4625817600, grad norm: 26.5583
[iter 75300]loss: 2.9297, tokens/sec: 20555.35 ± 77.13, tokens seen: 4626432000, grad norm: 19.2365
[iter 75310]loss: 3.0052, tokens/sec: 20555.35 ± 77.12, tokens seen: 4627046400, grad norm: 10.7041
[iter 75320]loss: 2.7923, tokens/sec: 20555.35 ± 77.12, tokens seen: 4627660800, grad norm: 28.3924
[iter 75330]loss: 2.8170, tokens/sec: 20555.35 ± 77.11, tokens seen: 4628275200, grad norm: 78.5126
[iter 75340]loss: 2.8991, tokens/sec: 20555.35 ± 77.11, tokens seen: 4628889600, grad norm: 22.1977
[iter 75350]loss: 3.1057, tokens/sec: 20555.35 ± 77.10, tokens seen: 4629504000, grad norm: 46.3944
[iter 75360]loss: 3.0798, tokens/sec: 20555.36 ± 77.10, tokens seen: 4630118400, grad norm: 12.7505
[iter 75370]loss: 2.9703, tokens/sec: 20555.36 ± 77.09, tokens seen: 4630732800, grad norm: 13.5872
[iter 75380]loss: 3.1636, tokens/sec: 20555.36 ± 77.09, tokens seen: 4631347200, grad norm: 19.7661
[iter 75390]loss: 2.8231, tokens/sec: 20555.36 ± 77.08, tokens seen: 4631961600, grad norm: 13.7507
[iter 75400]loss: 2.7283, tokens/sec: 20555.36 ± 77.08, tokens seen: 4632576000, grad norm: 108.4243
[iter 75410]loss: 3.0482, tokens/sec: 20555.36 ± 77.07, tokens seen: 4633190400, grad norm: 50.7619
[iter 75420]loss: 2.8571, tokens/sec: 20555.36 ± 77.07, tokens seen: 4633804800, grad norm: 55.0102
[iter 75430]loss: 2.9088, tokens/sec: 20555.36 ± 77.07, tokens seen: 4634419200, grad norm: 44.4518
[iter 75440]loss: 2.8269, tokens/sec: 20555.36 ± 77.06, tokens seen: 4635033600, grad norm: 34.3242
[iter 75450]loss: 2.7456, tokens/sec: 20555.36 ± 77.06, tokens seen: 4635648000, grad norm: 29.8929
[iter 75460]loss: 3.0489, tokens/sec: 20555.36 ± 77.05, tokens seen: 4636262400, grad norm: 26.6351
[iter 75470]loss: 3.1038, tokens/sec: 20555.36 ± 77.05, tokens seen: 4636876800, grad norm: 5.2187
[iter 75480]loss: 3.0394, tokens/sec: 20555.36 ± 77.04, tokens seen: 4637491200, grad norm: 105.1286
[iter 75490]loss: 2.8640, tokens/sec: 20555.36 ± 77.04, tokens seen: 4638105600, grad norm: 19.2867
[step 75500]train loss: 2.9380, val loss: 2.9624, (avg train loss: 0.5877 ± 0.0332), (avg grad norm: 42.0620 ± 40.2850)
[iter 75500]loss: 2.9230, tokens/sec: 20555.36 ± 77.03, tokens seen: 4638720000, grad norm: 19.5104
[iter 75510]loss: 2.7256, tokens/sec: 20555.36 ± 77.03, tokens seen: 4639334400, grad norm: 10.5756
[iter 75520]loss: 2.9516, tokens/sec: 20555.36 ± 77.02, tokens seen: 4639948800, grad norm: 26.2530
[iter 75530]loss: 2.9572, tokens/sec: 20555.36 ± 77.02, tokens seen: 4640563200, grad norm: 14.9818
[iter 75540]loss: 2.8565, tokens/sec: 20555.36 ± 77.02, tokens seen: 4641177600, grad norm: 13.2638
[iter 75550]loss: 2.9825, tokens/sec: 20555.36 ± 77.01, tokens seen: 4641792000, grad norm: 8.3374
[iter 75560]loss: 2.7506, tokens/sec: 20555.36 ± 77.01, tokens seen: 4642406400, grad norm: 70.0136
[iter 75570]loss: 2.8352, tokens/sec: 20555.36 ± 77.00, tokens seen: 4643020800, grad norm: 6.6895
[iter 75580]loss: 3.0775, tokens/sec: 20555.36 ± 77.00, tokens seen: 4643635200, grad norm: 10.4867
[iter 75590]loss: 2.7502, tokens/sec: 20555.36 ± 76.99, tokens seen: 4644249600, grad norm: 12.1175
[iter 75600]loss: 2.8883, tokens/sec: 20555.36 ± 76.99, tokens seen: 4644864000, grad norm: 4.8604
[iter 75610]loss: 2.7266, tokens/sec: 20555.36 ± 76.98, tokens seen: 4645478400, grad norm: 19.7208
[iter 75620]loss: 3.1243, tokens/sec: 20555.36 ± 76.98, tokens seen: 4646092800, grad norm: 30.8259
[iter 75630]loss: 2.9867, tokens/sec: 20555.36 ± 76.97, tokens seen: 4646707200, grad norm: 62.1193
[iter 75640]loss: 3.0657, tokens/sec: 20555.36 ± 76.97, tokens seen: 4647321600, grad norm: 24.4594
[iter 75650]loss: 2.8023, tokens/sec: 20555.36 ± 76.96, tokens seen: 4647936000, grad norm: 17.6268
[iter 75660]loss: 3.1201, tokens/sec: 20555.36 ± 76.96, tokens seen: 4648550400, grad norm: 34.0681
[iter 75670]loss: 2.7869, tokens/sec: 20555.36 ± 76.95, tokens seen: 4649164800, grad norm: 12.0904
[iter 75680]loss: 2.8558, tokens/sec: 20555.36 ± 76.95, tokens seen: 4649779200, grad norm: 6.5133
[iter 75690]loss: 3.0207, tokens/sec: 20555.37 ± 76.95, tokens seen: 4650393600, grad norm: 4.2362
[iter 75700]loss: 3.1392, tokens/sec: 20555.37 ± 76.94, tokens seen: 4651008000, grad norm: 9.4090
[iter 75710]loss: 2.8214, tokens/sec: 20555.37 ± 76.94, tokens seen: 4651622400, grad norm: 5.4891
[iter 75720]loss: 3.2143, tokens/sec: 20555.37 ± 76.93, tokens seen: 4652236800, grad norm: 26.6113
[iter 75730]loss: 3.0941, tokens/sec: 20555.37 ± 76.93, tokens seen: 4652851200, grad norm: 15.4159
[iter 75740]loss: 3.1013, tokens/sec: 20555.37 ± 76.92, tokens seen: 4653465600, grad norm: 13.9718
[iter 75750]loss: 2.9833, tokens/sec: 20555.37 ± 76.92, tokens seen: 4654080000, grad norm: 9.8078
[iter 75760]loss: 3.1198, tokens/sec: 20555.37 ± 76.91, tokens seen: 4654694400, grad norm: 31.6839
[iter 75770]loss: 3.3454, tokens/sec: 20555.37 ± 76.91, tokens seen: 4655308800, grad norm: 20.7672
[iter 75780]loss: 2.9446, tokens/sec: 20555.37 ± 76.90, tokens seen: 4655923200, grad norm: 84.9766
[iter 75790]loss: 2.9754, tokens/sec: 20555.37 ± 76.90, tokens seen: 4656537600, grad norm: 22.2589
[iter 75800]loss: 2.9133, tokens/sec: 20555.37 ± 76.90, tokens seen: 4657152000, grad norm: 11.9299
[iter 75810]loss: 3.1670, tokens/sec: 20555.37 ± 76.89, tokens seen: 4657766400, grad norm: 39.6378
[iter 75820]loss: 2.9549, tokens/sec: 20555.37 ± 76.89, tokens seen: 4658380800, grad norm: 16.0577
[iter 75830]loss: 2.8958, tokens/sec: 20555.37 ± 76.88, tokens seen: 4658995200, grad norm: 19.8407
[iter 75840]loss: 2.8288, tokens/sec: 20555.37 ± 76.88, tokens seen: 4659609600, grad norm: 4.9703
[iter 75850]loss: 2.6361, tokens/sec: 20555.37 ± 76.87, tokens seen: 4660224000, grad norm: 48.7854
[iter 75860]loss: 2.6918, tokens/sec: 20555.37 ± 76.87, tokens seen: 4660838400, grad norm: 69.6603
[iter 75870]loss: 3.1103, tokens/sec: 20555.37 ± 76.86, tokens seen: 4661452800, grad norm: 17.0232
[iter 75880]loss: 2.7877, tokens/sec: 20555.38 ± 76.86, tokens seen: 4662067200, grad norm: 8.7366
[iter 75890]loss: 2.7749, tokens/sec: 20555.38 ± 76.85, tokens seen: 4662681600, grad norm: 21.2659
[iter 75900]loss: 2.8506, tokens/sec: 20555.38 ± 76.85, tokens seen: 4663296000, grad norm: 19.8246
[iter 75910]loss: 3.0830, tokens/sec: 20555.38 ± 76.84, tokens seen: 4663910400, grad norm: 11.2224
[iter 75920]loss: 2.9507, tokens/sec: 20555.38 ± 76.84, tokens seen: 4664524800, grad norm: 28.4844
[iter 75930]loss: 2.8595, tokens/sec: 20555.38 ± 76.83, tokens seen: 4665139200, grad norm: 7.0406
[iter 75940]loss: 3.0343, tokens/sec: 20555.38 ± 76.83, tokens seen: 4665753600, grad norm: 87.4706
[iter 75950]loss: 2.3633, tokens/sec: 20555.38 ± 76.83, tokens seen: 4666368000, grad norm: 57.8112
[iter 75960]loss: 3.0713, tokens/sec: 20555.38 ± 76.82, tokens seen: 4666982400, grad norm: 60.0372
[iter 75970]loss: 2.7572, tokens/sec: 20555.38 ± 76.82, tokens seen: 4667596800, grad norm: 6.9273
[iter 75980]loss: 3.0772, tokens/sec: 20555.38 ± 76.81, tokens seen: 4668211200, grad norm: 20.5657
[iter 75990]loss: 3.0830, tokens/sec: 20555.38 ± 76.81, tokens seen: 4668825600, grad norm: 9.6814
[step 76000]train loss: 2.9313, val loss: 2.9479, (avg train loss: 0.5863 ± 0.0334), (avg grad norm: 27.1745 ± 22.2814)
[iter 76000]loss: 3.3838, tokens/sec: 20555.38 ± 76.80, tokens seen: 4669440000, grad norm: 5.6940
[iter 76010]loss: 3.0469, tokens/sec: 20555.38 ± 76.80, tokens seen: 4670054400, grad norm: 10.1065
[iter 76020]loss: 2.7906, tokens/sec: 20555.38 ± 76.79, tokens seen: 4670668800, grad norm: 10.8653
[iter 76030]loss: 2.7617, tokens/sec: 20555.38 ± 76.79, tokens seen: 4671283200, grad norm: 10.1614
[iter 76040]loss: 2.8588, tokens/sec: 20555.38 ± 76.79, tokens seen: 4671897600, grad norm: 35.6634
[iter 76050]loss: 2.9738, tokens/sec: 20555.38 ± 76.78, tokens seen: 4672512000, grad norm: 5.8597
[iter 76060]loss: 2.9565, tokens/sec: 20555.38 ± 76.78, tokens seen: 4673126400, grad norm: 4.8940
[iter 76070]loss: 2.8087, tokens/sec: 20555.38 ± 76.77, tokens seen: 4673740800, grad norm: 12.3577
[iter 76080]loss: 3.4221, tokens/sec: 20555.38 ± 76.77, tokens seen: 4674355200, grad norm: 47.4848
[iter 76090]loss: 2.7993, tokens/sec: 20555.39 ± 76.76, tokens seen: 4674969600, grad norm: 17.1817
[iter 76100]loss: 2.9161, tokens/sec: 20555.38 ± 76.76, tokens seen: 4675584000, grad norm: 41.4011
[iter 76110]loss: 2.8671, tokens/sec: 20555.38 ± 76.75, tokens seen: 4676198400, grad norm: 28.3957
[iter 76120]loss: 2.7623, tokens/sec: 20555.38 ± 76.75, tokens seen: 4676812800, grad norm: 4.6250
[iter 76130]loss: 2.7160, tokens/sec: 20555.39 ± 76.75, tokens seen: 4677427200, grad norm: 8.4639
[iter 76140]loss: 2.9271, tokens/sec: 20555.39 ± 76.74, tokens seen: 4678041600, grad norm: 43.0635
[iter 76150]loss: 3.0215, tokens/sec: 20555.39 ± 76.74, tokens seen: 4678656000, grad norm: 11.3474
[iter 76160]loss: 3.0875, tokens/sec: 20555.39 ± 76.73, tokens seen: 4679270400, grad norm: 9.3056
[iter 76170]loss: 2.6756, tokens/sec: 20555.39 ± 76.73, tokens seen: 4679884800, grad norm: 8.3048
[iter 76180]loss: 2.9446, tokens/sec: 20555.39 ± 76.72, tokens seen: 4680499200, grad norm: 33.0961
[iter 76190]loss: 2.8107, tokens/sec: 20555.39 ± 76.72, tokens seen: 4681113600, grad norm: 5.3744
[iter 76200]loss: 3.0145, tokens/sec: 20555.39 ± 76.71, tokens seen: 4681728000, grad norm: 24.4629
[iter 76210]loss: 2.8443, tokens/sec: 20555.40 ± 76.71, tokens seen: 4682342400, grad norm: 4.4698
[iter 76220]loss: 2.7595, tokens/sec: 20555.39 ± 76.70, tokens seen: 4682956800, grad norm: 12.8770
[iter 76230]loss: 2.6498, tokens/sec: 20555.39 ± 76.70, tokens seen: 4683571200, grad norm: 4.3052
[iter 76240]loss: 2.6760, tokens/sec: 20555.39 ± 76.70, tokens seen: 4684185600, grad norm: 23.2487
[iter 76250]loss: 2.8142, tokens/sec: 20555.39 ± 76.69, tokens seen: 4684800000, grad norm: 20.2210
[iter 76260]loss: 2.9001, tokens/sec: 20555.39 ± 76.69, tokens seen: 4685414400, grad norm: 9.5105
[iter 76270]loss: 2.7785, tokens/sec: 20555.39 ± 76.68, tokens seen: 4686028800, grad norm: 6.6574
[iter 76280]loss: 2.9761, tokens/sec: 20555.39 ± 76.68, tokens seen: 4686643200, grad norm: 32.6635
[iter 76290]loss: 3.0379, tokens/sec: 20555.39 ± 76.67, tokens seen: 4687257600, grad norm: 48.5563
[iter 76300]loss: 2.8985, tokens/sec: 20555.39 ± 76.67, tokens seen: 4687872000, grad norm: 46.0175
[iter 76310]loss: 2.9239, tokens/sec: 20555.39 ± 76.66, tokens seen: 4688486400, grad norm: 12.4640
[iter 76320]loss: 3.0584, tokens/sec: 20555.40 ± 76.66, tokens seen: 4689100800, grad norm: 29.8677
[iter 76330]loss: 2.8301, tokens/sec: 20555.40 ± 76.66, tokens seen: 4689715200, grad norm: 36.1884
[iter 76340]loss: 2.7727, tokens/sec: 20555.40 ± 76.65, tokens seen: 4690329600, grad norm: 9.3015
[iter 76350]loss: 3.1790, tokens/sec: 20555.40 ± 76.65, tokens seen: 4690944000, grad norm: 11.8427
[iter 76360]loss: 2.9211, tokens/sec: 20555.40 ± 76.64, tokens seen: 4691558400, grad norm: 14.7320
[iter 76370]loss: 2.8921, tokens/sec: 20555.40 ± 76.64, tokens seen: 4692172800, grad norm: 16.7254
[iter 76380]loss: 3.1899, tokens/sec: 20555.40 ± 76.63, tokens seen: 4692787200, grad norm: 11.7711
[iter 76390]loss: 3.0909, tokens/sec: 20555.40 ± 76.63, tokens seen: 4693401600, grad norm: 11.3048
[iter 76400]loss: 2.9366, tokens/sec: 20555.40 ± 76.62, tokens seen: 4694016000, grad norm: 126.2633
[iter 76410]loss: 3.0108, tokens/sec: 20555.40 ± 76.62, tokens seen: 4694630400, grad norm: 41.0856
[iter 76420]loss: 2.7327, tokens/sec: 20555.40 ± 76.62, tokens seen: 4695244800, grad norm: 21.9224
[iter 76430]loss: 2.8146, tokens/sec: 20555.41 ± 76.61, tokens seen: 4695859200, grad norm: 8.1352
[iter 76440]loss: 3.0409, tokens/sec: 20555.41 ± 76.61, tokens seen: 4696473600, grad norm: 70.6510
[iter 76450]loss: 3.1547, tokens/sec: 20555.41 ± 76.60, tokens seen: 4697088000, grad norm: 7.7389
[iter 76460]loss: 3.0099, tokens/sec: 20555.41 ± 76.60, tokens seen: 4697702400, grad norm: 10.3925
[iter 76470]loss: 2.5993, tokens/sec: 20555.41 ± 76.59, tokens seen: 4698316800, grad norm: 4.8789
[iter 76480]loss: 3.1924, tokens/sec: 20555.41 ± 76.59, tokens seen: 4698931200, grad norm: 13.1496
[iter 76490]loss: 2.9218, tokens/sec: 20555.41 ± 76.58, tokens seen: 4699545600, grad norm: 13.6197
[step 76500]train loss: 2.9366, val loss: 2.9272, (avg train loss: 0.5849 ± 0.0336), (avg grad norm: 27.4370 ± 44.1936)
[iter 76500]loss: 3.1850, tokens/sec: 20555.41 ± 76.58, tokens seen: 4700160000, grad norm: 5.8947
[iter 76510]loss: 2.9228, tokens/sec: 20555.42 ± 76.57, tokens seen: 4700774400, grad norm: 12.0249
[iter 76520]loss: 2.8147, tokens/sec: 20555.41 ± 76.57, tokens seen: 4701388800, grad norm: 30.6719
[iter 76530]loss: 3.0548, tokens/sec: 20555.41 ± 76.57, tokens seen: 4702003200, grad norm: 16.8114
[iter 76540]loss: 2.9278, tokens/sec: 20555.41 ± 76.56, tokens seen: 4702617600, grad norm: 11.5414
[iter 76550]loss: 2.6435, tokens/sec: 20555.41 ± 76.56, tokens seen: 4703232000, grad norm: 30.7084
[iter 76560]loss: 3.1344, tokens/sec: 20555.41 ± 76.55, tokens seen: 4703846400, grad norm: 37.3682
[iter 76570]loss: 3.0352, tokens/sec: 20555.41 ± 76.55, tokens seen: 4704460800, grad norm: 30.5869
[iter 76580]loss: 3.0649, tokens/sec: 20555.41 ± 76.54, tokens seen: 4705075200, grad norm: 30.9413
[iter 76590]loss: 2.7085, tokens/sec: 20555.41 ± 76.54, tokens seen: 4705689600, grad norm: 11.9972
[iter 76600]loss: 3.0753, tokens/sec: 20555.41 ± 76.54, tokens seen: 4706304000, grad norm: 9.1854
[iter 76610]loss: 2.8283, tokens/sec: 20555.41 ± 76.53, tokens seen: 4706918400, grad norm: 9.1628
[iter 76620]loss: 2.6780, tokens/sec: 20555.41 ± 76.53, tokens seen: 4707532800, grad norm: 18.5036
[iter 76630]loss: 2.9252, tokens/sec: 20555.41 ± 76.52, tokens seen: 4708147200, grad norm: 25.5564
[iter 76640]loss: 3.1386, tokens/sec: 20555.41 ± 76.52, tokens seen: 4708761600, grad norm: 10.4453
[iter 76650]loss: 3.0514, tokens/sec: 20555.41 ± 76.51, tokens seen: 4709376000, grad norm: 50.4081
[iter 76660]loss: 2.9456, tokens/sec: 20555.41 ± 76.51, tokens seen: 4709990400, grad norm: 4.6339
[iter 76670]loss: 2.9153, tokens/sec: 20555.41 ± 76.50, tokens seen: 4710604800, grad norm: 34.7187
[iter 76680]loss: 2.9867, tokens/sec: 20555.41 ± 76.50, tokens seen: 4711219200, grad norm: 29.0101
[iter 76690]loss: 3.0733, tokens/sec: 20555.41 ± 76.50, tokens seen: 4711833600, grad norm: 8.4883
[iter 76700]loss: 2.7347, tokens/sec: 20555.41 ± 76.49, tokens seen: 4712448000, grad norm: 6.9247
[iter 76710]loss: 3.0545, tokens/sec: 20555.40 ± 76.49, tokens seen: 4713062400, grad norm: 42.9421
[iter 76720]loss: 3.2080, tokens/sec: 20555.40 ± 76.48, tokens seen: 4713676800, grad norm: 27.9447
[iter 76730]loss: 2.9648, tokens/sec: 20555.40 ± 76.48, tokens seen: 4714291200, grad norm: 13.7420
[iter 76740]loss: 3.1117, tokens/sec: 20555.40 ± 76.48, tokens seen: 4714905600, grad norm: 5.1687
[iter 76750]loss: 2.8481, tokens/sec: 20555.41 ± 76.47, tokens seen: 4715520000, grad norm: 81.1699
[iter 76760]loss: 2.8456, tokens/sec: 20555.40 ± 76.47, tokens seen: 4716134400, grad norm: 34.7861
[iter 76770]loss: 2.9057, tokens/sec: 20555.41 ± 76.46, tokens seen: 4716748800, grad norm: 29.4201
[iter 76780]loss: 2.7604, tokens/sec: 20555.40 ± 76.46, tokens seen: 4717363200, grad norm: 15.0283
[iter 76790]loss: 3.1115, tokens/sec: 20555.41 ± 76.45, tokens seen: 4717977600, grad norm: 38.0000
[iter 76800]loss: 2.9534, tokens/sec: 20555.41 ± 76.45, tokens seen: 4718592000, grad norm: 112.2109
[iter 76810]loss: 2.9702, tokens/sec: 20555.41 ± 76.44, tokens seen: 4719206400, grad norm: 21.1281
[iter 76820]loss: 2.9235, tokens/sec: 20555.41 ± 76.44, tokens seen: 4719820800, grad norm: 20.7788
[iter 76830]loss: 3.0977, tokens/sec: 20555.41 ± 76.44, tokens seen: 4720435200, grad norm: 16.0958
[iter 76840]loss: 2.4869, tokens/sec: 20555.41 ± 76.43, tokens seen: 4721049600, grad norm: 30.4071
[iter 76850]loss: 2.6800, tokens/sec: 20555.41 ± 76.43, tokens seen: 4721664000, grad norm: 70.9165
[iter 76860]loss: 3.2917, tokens/sec: 20555.41 ± 76.42, tokens seen: 4722278400, grad norm: 23.1266
[iter 76870]loss: 3.1879, tokens/sec: 20555.42 ± 76.42, tokens seen: 4722892800, grad norm: 4.9255
[iter 76880]loss: 2.9004, tokens/sec: 20555.41 ± 76.41, tokens seen: 4723507200, grad norm: 16.2330
[iter 76890]loss: 2.7519, tokens/sec: 20555.42 ± 76.41, tokens seen: 4724121600, grad norm: 40.6071
[iter 76900]loss: 2.8874, tokens/sec: 20555.42 ± 76.40, tokens seen: 4724736000, grad norm: 33.7224
[iter 76910]loss: 2.9282, tokens/sec: 20555.42 ± 76.40, tokens seen: 4725350400, grad norm: 15.2624
[iter 76920]loss: 3.1640, tokens/sec: 20555.42 ± 76.40, tokens seen: 4725964800, grad norm: 23.0817
[iter 76930]loss: 2.8362, tokens/sec: 20555.42 ± 76.39, tokens seen: 4726579200, grad norm: 11.9985
[iter 76940]loss: 2.6232, tokens/sec: 20555.42 ± 76.39, tokens seen: 4727193600, grad norm: 17.7006
[iter 76950]loss: 3.0024, tokens/sec: 20555.42 ± 76.38, tokens seen: 4727808000, grad norm: 92.0737
[iter 76960]loss: 2.9805, tokens/sec: 20555.42 ± 76.38, tokens seen: 4728422400, grad norm: 14.7726
[iter 76970]loss: 2.9496, tokens/sec: 20555.42 ± 76.37, tokens seen: 4729036800, grad norm: 24.3633
[iter 76980]loss: 2.9381, tokens/sec: 20555.42 ± 76.37, tokens seen: 4729651200, grad norm: 8.5641
[iter 76990]loss: 3.0565, tokens/sec: 20555.43 ± 76.37, tokens seen: 4730265600, grad norm: 7.9873
[step 77000]train loss: 2.9196, val loss: 2.9470, (avg train loss: 0.5870 ± 0.0329), (avg grad norm: 26.5064 ± 27.5324)
[iter 77000]loss: 2.9179, tokens/sec: 20555.43 ± 76.36, tokens seen: 4730880000, grad norm: 30.1446
[iter 77010]loss: 2.8534, tokens/sec: 20555.43 ± 76.36, tokens seen: 4731494400, grad norm: 7.9445
[iter 77020]loss: 3.0043, tokens/sec: 20555.42 ± 76.36, tokens seen: 4732108800, grad norm: 35.3915
[iter 77030]loss: 2.6080, tokens/sec: 20555.42 ± 76.35, tokens seen: 4732723200, grad norm: 9.6456
[iter 77040]loss: 2.9890, tokens/sec: 20555.42 ± 76.35, tokens seen: 4733337600, grad norm: 6.1805
[iter 77050]loss: 2.9265, tokens/sec: 20555.43 ± 76.34, tokens seen: 4733952000, grad norm: 45.9894
[iter 77060]loss: 3.0301, tokens/sec: 20555.43 ± 76.34, tokens seen: 4734566400, grad norm: 7.4684
[iter 77070]loss: 3.0090, tokens/sec: 20555.43 ± 76.34, tokens seen: 4735180800, grad norm: 14.9234
[iter 77080]loss: 2.8591, tokens/sec: 20555.43 ± 76.33, tokens seen: 4735795200, grad norm: 16.6252
[iter 77090]loss: 2.6830, tokens/sec: 20555.42 ± 76.33, tokens seen: 4736409600, grad norm: 4.4872
[iter 77100]loss: 2.9054, tokens/sec: 20555.42 ± 76.32, tokens seen: 4737024000, grad norm: 5.7204
[iter 77110]loss: 3.2029, tokens/sec: 20555.43 ± 76.32, tokens seen: 4737638400, grad norm: 12.2675
[iter 77120]loss: 3.0237, tokens/sec: 20555.43 ± 76.31, tokens seen: 4738252800, grad norm: 62.4702
[iter 77130]loss: 2.7013, tokens/sec: 20555.43 ± 76.31, tokens seen: 4738867200, grad norm: 16.7032
[iter 77140]loss: 2.6670, tokens/sec: 20555.42 ± 76.31, tokens seen: 4739481600, grad norm: 8.4703
[iter 77150]loss: 2.7719, tokens/sec: 20555.43 ± 76.30, tokens seen: 4740096000, grad norm: 3.7989
[iter 77160]loss: 3.0938, tokens/sec: 20555.43 ± 76.30, tokens seen: 4740710400, grad norm: 3.0728
[iter 77170]loss: 2.8542, tokens/sec: 20555.43 ± 76.29, tokens seen: 4741324800, grad norm: 20.1014
[iter 77180]loss: 2.8603, tokens/sec: 20555.42 ± 76.29, tokens seen: 4741939200, grad norm: 5.6164
[iter 77190]loss: 2.9927, tokens/sec: 20555.42 ± 76.29, tokens seen: 4742553600, grad norm: 7.4959
[iter 77200]loss: 3.0378, tokens/sec: 20555.42 ± 76.28, tokens seen: 4743168000, grad norm: 4.6764
[iter 77210]loss: 2.9443, tokens/sec: 20555.42 ± 76.28, tokens seen: 4743782400, grad norm: 5.9928
[iter 77220]loss: 3.0285, tokens/sec: 20555.42 ± 76.27, tokens seen: 4744396800, grad norm: 5.0203
[iter 77230]loss: 2.8610, tokens/sec: 20555.42 ± 76.27, tokens seen: 4745011200, grad norm: 6.5247
[iter 77240]loss: 3.0948, tokens/sec: 20555.42 ± 76.26, tokens seen: 4745625600, grad norm: 5.3853
[iter 77250]loss: 3.0425, tokens/sec: 20555.42 ± 76.26, tokens seen: 4746240000, grad norm: 5.5211
[iter 77260]loss: 2.7573, tokens/sec: 20555.43 ± 76.25, tokens seen: 4746854400, grad norm: 12.1860
[iter 77270]loss: 2.9537, tokens/sec: 20555.43 ± 76.25, tokens seen: 4747468800, grad norm: 4.6490
[iter 77280]loss: 3.3019, tokens/sec: 20555.43 ± 76.25, tokens seen: 4748083200, grad norm: 4.1214
[iter 77290]loss: 2.9857, tokens/sec: 20555.43 ± 76.24, tokens seen: 4748697600, grad norm: 4.4905
[iter 77300]loss: 2.6009, tokens/sec: 20555.43 ± 76.24, tokens seen: 4749312000, grad norm: 9.0604
[iter 77310]loss: 2.8806, tokens/sec: 20555.43 ± 76.23, tokens seen: 4749926400, grad norm: 7.1300
[iter 77320]loss: 2.7818, tokens/sec: 20555.43 ± 76.23, tokens seen: 4750540800, grad norm: 12.1672
[iter 77330]loss: 2.9037, tokens/sec: 20555.43 ± 76.22, tokens seen: 4751155200, grad norm: 22.1801
[iter 77340]loss: 3.0371, tokens/sec: 20555.43 ± 76.22, tokens seen: 4751769600, grad norm: 4.4317
[iter 77350]loss: 3.0104, tokens/sec: 20555.43 ± 76.21, tokens seen: 4752384000, grad norm: 8.5308
[iter 77360]loss: 2.8758, tokens/sec: 20555.43 ± 76.21, tokens seen: 4752998400, grad norm: 6.9515
[iter 77370]loss: 3.2445, tokens/sec: 20555.44 ± 76.21, tokens seen: 4753612800, grad norm: 9.2834
[iter 77380]loss: 3.0709, tokens/sec: 20555.44 ± 76.20, tokens seen: 4754227200, grad norm: 7.2000
[iter 77390]loss: 2.6147, tokens/sec: 20555.44 ± 76.20, tokens seen: 4754841600, grad norm: 13.4687
[iter 77400]loss: 2.7485, tokens/sec: 20555.44 ± 76.19, tokens seen: 4755456000, grad norm: 51.3978
[iter 77410]loss: 2.7648, tokens/sec: 20555.44 ± 76.19, tokens seen: 4756070400, grad norm: 6.7943
[iter 77420]loss: 2.8749, tokens/sec: 20555.43 ± 76.18, tokens seen: 4756684800, grad norm: 23.3233
[iter 77430]loss: 2.6709, tokens/sec: 20555.43 ± 76.18, tokens seen: 4757299200, grad norm: 46.9091
[iter 77440]loss: 3.1142, tokens/sec: 20555.44 ± 76.17, tokens seen: 4757913600, grad norm: 13.4372
[iter 77450]loss: 3.1104, tokens/sec: 20555.44 ± 76.17, tokens seen: 4758528000, grad norm: 6.4063
[iter 77460]loss: 2.5287, tokens/sec: 20555.44 ± 76.17, tokens seen: 4759142400, grad norm: 4.0682
[iter 77470]loss: 2.8215, tokens/sec: 20555.44 ± 76.16, tokens seen: 4759756800, grad norm: 10.5678
[iter 77480]loss: 3.1947, tokens/sec: 20555.44 ± 76.16, tokens seen: 4760371200, grad norm: 12.1479
[iter 77490]loss: 3.0746, tokens/sec: 20555.44 ± 76.15, tokens seen: 4760985600, grad norm: 25.9793
[step 77500]train loss: 2.9424, val loss: 2.9345, (avg train loss: 0.5835 ± 0.0313), (avg grad norm: 11.2511 ± 9.9213)
[iter 77500]loss: 2.8724, tokens/sec: 20555.44 ± 76.15, tokens seen: 4761600000, grad norm: 8.5138
[iter 77510]loss: 3.2155, tokens/sec: 20555.44 ± 76.14, tokens seen: 4762214400, grad norm: 18.6178
[iter 77520]loss: 2.7750, tokens/sec: 20555.44 ± 76.14, tokens seen: 4762828800, grad norm: 14.1842
[iter 77530]loss: 3.1569, tokens/sec: 20555.44 ± 76.13, tokens seen: 4763443200, grad norm: 3.8569
[iter 77540]loss: 2.8180, tokens/sec: 20555.44 ± 76.13, tokens seen: 4764057600, grad norm: 6.6529
[iter 77550]loss: 3.1977, tokens/sec: 20555.44 ± 76.13, tokens seen: 4764672000, grad norm: 5.0852
[iter 77560]loss: 3.3889, tokens/sec: 20555.44 ± 76.12, tokens seen: 4765286400, grad norm: 5.8356
[iter 77570]loss: 2.9409, tokens/sec: 20555.44 ± 76.12, tokens seen: 4765900800, grad norm: 5.4221
[iter 77580]loss: 2.7895, tokens/sec: 20555.44 ± 76.11, tokens seen: 4766515200, grad norm: 41.2857
[iter 77590]loss: 3.0302, tokens/sec: 20555.44 ± 76.11, tokens seen: 4767129600, grad norm: 5.1177
[iter 77600]loss: 3.1200, tokens/sec: 20555.44 ± 76.10, tokens seen: 4767744000, grad norm: 34.1220
[iter 77610]loss: 2.7797, tokens/sec: 20555.45 ± 76.10, tokens seen: 4768358400, grad norm: 11.4947
[iter 77620]loss: 3.0409, tokens/sec: 20555.45 ± 76.09, tokens seen: 4768972800, grad norm: 4.1545
[iter 77630]loss: 2.8524, tokens/sec: 20555.45 ± 76.09, tokens seen: 4769587200, grad norm: 19.3022
[iter 77640]loss: 2.9407, tokens/sec: 20555.45 ± 76.08, tokens seen: 4770201600, grad norm: 10.5787
[iter 77650]loss: 2.9239, tokens/sec: 20555.45 ± 76.08, tokens seen: 4770816000, grad norm: 3.8428
[iter 77660]loss: 2.8647, tokens/sec: 20555.45 ± 76.08, tokens seen: 4771430400, grad norm: 7.9696
[iter 77670]loss: 2.8529, tokens/sec: 20555.45 ± 76.07, tokens seen: 4772044800, grad norm: 4.4911
[iter 77680]loss: 2.9380, tokens/sec: 20555.45 ± 76.07, tokens seen: 4772659200, grad norm: 7.8595
[iter 77690]loss: 2.8817, tokens/sec: 20555.45 ± 76.06, tokens seen: 4773273600, grad norm: 7.1637
[iter 77700]loss: 3.0008, tokens/sec: 20555.45 ± 76.06, tokens seen: 4773888000, grad norm: 3.9946
[iter 77710]loss: 3.0248, tokens/sec: 20555.45 ± 76.05, tokens seen: 4774502400, grad norm: 11.1404
[iter 77720]loss: 2.9089, tokens/sec: 20555.45 ± 76.05, tokens seen: 4775116800, grad norm: 37.7251
[iter 77730]loss: 3.2064, tokens/sec: 20555.45 ± 76.04, tokens seen: 4775731200, grad norm: 3.5600
[iter 77740]loss: 2.7364, tokens/sec: 20555.45 ± 76.04, tokens seen: 4776345600, grad norm: 3.0639
[iter 77750]loss: 3.0398, tokens/sec: 20555.45 ± 76.03, tokens seen: 4776960000, grad norm: 8.6397
[iter 77760]loss: 3.0356, tokens/sec: 20555.45 ± 76.03, tokens seen: 4777574400, grad norm: 4.0791
[iter 77770]loss: 2.8558, tokens/sec: 20555.46 ± 76.03, tokens seen: 4778188800, grad norm: 4.1765
[iter 77780]loss: 3.0651, tokens/sec: 20555.46 ± 76.02, tokens seen: 4778803200, grad norm: 6.9627
[iter 77790]loss: 2.7385, tokens/sec: 20555.45 ± 76.02, tokens seen: 4779417600, grad norm: 17.0201
[iter 77800]loss: 2.9538, tokens/sec: 20555.46 ± 76.01, tokens seen: 4780032000, grad norm: 8.5430
[iter 77810]loss: 2.8086, tokens/sec: 20555.46 ± 76.01, tokens seen: 4780646400, grad norm: 11.6230
[iter 77820]loss: 2.7954, tokens/sec: 20555.46 ± 76.00, tokens seen: 4781260800, grad norm: 25.7317
[iter 77830]loss: 2.8613, tokens/sec: 20555.46 ± 76.00, tokens seen: 4781875200, grad norm: 3.5446
[iter 77840]loss: 3.3002, tokens/sec: 20555.46 ± 76.00, tokens seen: 4782489600, grad norm: 11.3622
[iter 77850]loss: 2.9705, tokens/sec: 20555.46 ± 75.99, tokens seen: 4783104000, grad norm: 8.9206
[iter 77860]loss: 2.9260, tokens/sec: 20555.46 ± 75.99, tokens seen: 4783718400, grad norm: 4.2786
[iter 77870]loss: 2.9555, tokens/sec: 20555.46 ± 75.98, tokens seen: 4784332800, grad norm: 4.6966
[iter 77880]loss: 3.0610, tokens/sec: 20555.46 ± 75.98, tokens seen: 4784947200, grad norm: 4.7790
[iter 77890]loss: 2.7366, tokens/sec: 20555.46 ± 75.97, tokens seen: 4785561600, grad norm: 4.7032
[iter 77900]loss: 2.9095, tokens/sec: 20555.47 ± 75.97, tokens seen: 4786176000, grad norm: 4.1777
[iter 77910]loss: 3.1043, tokens/sec: 20555.47 ± 75.96, tokens seen: 4786790400, grad norm: 3.5698
[iter 77920]loss: 2.9402, tokens/sec: 20555.47 ± 75.96, tokens seen: 4787404800, grad norm: 4.8895
[iter 77930]loss: 2.8487, tokens/sec: 20555.47 ± 75.95, tokens seen: 4788019200, grad norm: 8.3173
[iter 77940]loss: 3.0740, tokens/sec: 20555.47 ± 75.95, tokens seen: 4788633600, grad norm: 3.5934
[iter 77950]loss: 2.8344, tokens/sec: 20555.47 ± 75.94, tokens seen: 4789248000, grad norm: 9.2296
[iter 77960]loss: 2.8747, tokens/sec: 20555.47 ± 75.94, tokens seen: 4789862400, grad norm: 4.1901
[iter 77970]loss: 2.9015, tokens/sec: 20555.47 ± 75.93, tokens seen: 4790476800, grad norm: 3.2367
[iter 77980]loss: 2.6959, tokens/sec: 20555.47 ± 75.93, tokens seen: 4791091200, grad norm: 5.0362
[iter 77990]loss: 3.0730, tokens/sec: 20555.47 ± 75.93, tokens seen: 4791705600, grad norm: 6.6267
[step 78000]train loss: 2.9116, val loss: 2.9331, (avg train loss: 0.5851 ± 0.0309), (avg grad norm: 7.7097 ± 6.1016)
[iter 78000]loss: 3.1813, tokens/sec: 20555.47 ± 75.92, tokens seen: 4792320000, grad norm: 3.0526
[iter 78010]loss: 3.0981, tokens/sec: 20555.47 ± 75.92, tokens seen: 4792934400, grad norm: 6.2521
[iter 78020]loss: 3.1762, tokens/sec: 20555.47 ± 75.91, tokens seen: 4793548800, grad norm: 6.3781
[iter 78030]loss: 3.0245, tokens/sec: 20555.47 ± 75.91, tokens seen: 4794163200, grad norm: 6.1672
[iter 78040]loss: 3.0215, tokens/sec: 20555.47 ± 75.90, tokens seen: 4794777600, grad norm: 3.1432
[iter 78050]loss: 3.1021, tokens/sec: 20555.47 ± 75.90, tokens seen: 4795392000, grad norm: 4.2918
[iter 78060]loss: 2.8587, tokens/sec: 20555.47 ± 75.90, tokens seen: 4796006400, grad norm: 3.3040
[iter 78070]loss: 2.6936, tokens/sec: 20555.47 ± 75.89, tokens seen: 4796620800, grad norm: 3.5824
[iter 78080]loss: 2.7777, tokens/sec: 20555.47 ± 75.89, tokens seen: 4797235200, grad norm: 3.9411
[iter 78090]loss: 3.0282, tokens/sec: 20555.47 ± 75.88, tokens seen: 4797849600, grad norm: 6.6848
[iter 78100]loss: 3.1427, tokens/sec: 20555.47 ± 75.88, tokens seen: 4798464000, grad norm: 6.3652
[iter 78110]loss: 2.8782, tokens/sec: 20555.47 ± 75.87, tokens seen: 4799078400, grad norm: 6.5222
[iter 78120]loss: 2.8923, tokens/sec: 20555.47 ± 75.87, tokens seen: 4799692800, grad norm: 3.5977
[iter 78130]loss: 3.1230, tokens/sec: 20555.47 ± 75.86, tokens seen: 4800307200, grad norm: 3.4656
[iter 78140]loss: 2.6857, tokens/sec: 20555.47 ± 75.86, tokens seen: 4800921600, grad norm: 3.2226
[iter 78150]loss: 2.9808, tokens/sec: 20555.47 ± 75.86, tokens seen: 4801536000, grad norm: 9.0157
[iter 78160]loss: 2.9386, tokens/sec: 20555.47 ± 75.85, tokens seen: 4802150400, grad norm: 4.6752
[iter 78170]loss: 2.8604, tokens/sec: 20555.47 ± 75.85, tokens seen: 4802764800, grad norm: 6.4977
[iter 78180]loss: 2.6894, tokens/sec: 20555.47 ± 75.84, tokens seen: 4803379200, grad norm: 3.5307
[iter 78190]loss: 2.8850, tokens/sec: 20555.47 ± 75.84, tokens seen: 4803993600, grad norm: 4.4998
[iter 78200]loss: 2.9766, tokens/sec: 20555.47 ± 75.83, tokens seen: 4804608000, grad norm: 2.4374
[iter 78210]loss: 3.2204, tokens/sec: 20555.47 ± 75.83, tokens seen: 4805222400, grad norm: 3.0470
[iter 78220]loss: 2.8471, tokens/sec: 20555.47 ± 75.83, tokens seen: 4805836800, grad norm: 3.6960
[iter 78230]loss: 2.8214, tokens/sec: 20555.47 ± 75.82, tokens seen: 4806451200, grad norm: 2.9347
[iter 78240]loss: 2.8272, tokens/sec: 20555.47 ± 75.82, tokens seen: 4807065600, grad norm: 4.0911
[iter 78250]loss: 2.8654, tokens/sec: 20555.47 ± 75.81, tokens seen: 4807680000, grad norm: 4.1541
[iter 78260]loss: 3.0183, tokens/sec: 20555.47 ± 75.81, tokens seen: 4808294400, grad norm: 2.9999
[iter 78270]loss: 2.7887, tokens/sec: 20555.48 ± 75.80, tokens seen: 4808908800, grad norm: 7.3583
[iter 78280]loss: 2.8365, tokens/sec: 20555.48 ± 75.80, tokens seen: 4809523200, grad norm: 3.3573
[iter 78290]loss: 2.9848, tokens/sec: 20555.48 ± 75.79, tokens seen: 4810137600, grad norm: 4.7668
[iter 78300]loss: 2.9460, tokens/sec: 20555.48 ± 75.79, tokens seen: 4810752000, grad norm: 4.3400
[iter 78310]loss: 2.8535, tokens/sec: 20555.48 ± 75.79, tokens seen: 4811366400, grad norm: 4.9047
[iter 78320]loss: 3.0419, tokens/sec: 20555.48 ± 75.78, tokens seen: 4811980800, grad norm: 3.4316
[iter 78330]loss: 2.8830, tokens/sec: 20555.48 ± 75.78, tokens seen: 4812595200, grad norm: 3.9723
[iter 78340]loss: 3.0049, tokens/sec: 20555.48 ± 75.77, tokens seen: 4813209600, grad norm: 3.2708
[iter 78350]loss: 2.8280, tokens/sec: 20555.48 ± 75.77, tokens seen: 4813824000, grad norm: 3.9064
[iter 78360]loss: 2.9264, tokens/sec: 20555.48 ± 75.76, tokens seen: 4814438400, grad norm: 5.0049
[iter 78370]loss: 2.8092, tokens/sec: 20555.48 ± 75.76, tokens seen: 4815052800, grad norm: 6.3608
[iter 78380]loss: 2.9582, tokens/sec: 20555.48 ± 75.75, tokens seen: 4815667200, grad norm: 8.4322
[iter 78390]loss: 2.9528, tokens/sec: 20555.48 ± 75.75, tokens seen: 4816281600, grad norm: 5.9445
[iter 78400]loss: 3.0388, tokens/sec: 20555.48 ± 75.75, tokens seen: 4816896000, grad norm: 6.1033
[iter 78410]loss: 2.8866, tokens/sec: 20555.48 ± 75.74, tokens seen: 4817510400, grad norm: 4.4601
[iter 78420]loss: 2.7037, tokens/sec: 20555.48 ± 75.74, tokens seen: 4818124800, grad norm: 4.6996
[iter 78430]loss: 2.9860, tokens/sec: 20555.48 ± 75.73, tokens seen: 4818739200, grad norm: 3.5882
[iter 78440]loss: 2.4671, tokens/sec: 20555.48 ± 75.73, tokens seen: 4819353600, grad norm: 5.3924
[iter 78450]loss: 2.8932, tokens/sec: 20555.48 ± 75.72, tokens seen: 4819968000, grad norm: 13.0245
[iter 78460]loss: 3.0181, tokens/sec: 20555.48 ± 75.72, tokens seen: 4820582400, grad norm: 24.0970
[iter 78470]loss: 2.9783, tokens/sec: 20555.48 ± 75.71, tokens seen: 4821196800, grad norm: 7.6462
[iter 78480]loss: 3.0163, tokens/sec: 20555.48 ± 75.71, tokens seen: 4821811200, grad norm: 7.9713
[iter 78490]loss: 3.1642, tokens/sec: 20555.49 ± 75.71, tokens seen: 4822425600, grad norm: 7.2833
[step 78500]train loss: 2.9258, val loss: 2.9478, (avg train loss: 0.5848 ± 0.0322), (avg grad norm: 9.0171 ± 8.5667)
[iter 78500]loss: 2.9088, tokens/sec: 20555.49 ± 75.70, tokens seen: 4823040000, grad norm: 3.4247
[iter 78510]loss: 2.9856, tokens/sec: 20555.49 ± 75.70, tokens seen: 4823654400, grad norm: 111.7804
[iter 78520]loss: 2.8396, tokens/sec: 20555.49 ± 75.69, tokens seen: 4824268800, grad norm: 5.0694
[iter 78530]loss: 2.9824, tokens/sec: 20555.49 ± 75.69, tokens seen: 4824883200, grad norm: 3.8365
[iter 78540]loss: 3.0565, tokens/sec: 20555.49 ± 75.68, tokens seen: 4825497600, grad norm: 41.5128
[iter 78550]loss: 2.8436, tokens/sec: 20555.49 ± 75.68, tokens seen: 4826112000, grad norm: 4.6070
[iter 78560]loss: 2.7999, tokens/sec: 20555.49 ± 75.68, tokens seen: 4826726400, grad norm: 6.6807
[iter 78570]loss: 2.8430, tokens/sec: 20555.49 ± 75.67, tokens seen: 4827340800, grad norm: 4.4205
[iter 78580]loss: 3.0194, tokens/sec: 20555.49 ± 75.67, tokens seen: 4827955200, grad norm: 4.9164
[iter 78590]loss: 2.9158, tokens/sec: 20555.49 ± 75.66, tokens seen: 4828569600, grad norm: 7.5438
[iter 78600]loss: 2.8933, tokens/sec: 20555.49 ± 75.66, tokens seen: 4829184000, grad norm: 7.6437
[iter 78610]loss: 2.6986, tokens/sec: 20555.49 ± 75.65, tokens seen: 4829798400, grad norm: 8.8778
[iter 78620]loss: 3.0565, tokens/sec: 20555.49 ± 75.65, tokens seen: 4830412800, grad norm: 8.3094
[iter 78630]loss: 2.7298, tokens/sec: 20555.49 ± 75.64, tokens seen: 4831027200, grad norm: 33.3594
[iter 78640]loss: 2.7853, tokens/sec: 20555.50 ± 75.64, tokens seen: 4831641600, grad norm: 8.9050
[iter 78650]loss: 2.9061, tokens/sec: 20555.50 ± 75.64, tokens seen: 4832256000, grad norm: 8.2470
[iter 78660]loss: 3.1290, tokens/sec: 20555.50 ± 75.63, tokens seen: 4832870400, grad norm: 6.7794
[iter 78670]loss: 2.8943, tokens/sec: 20555.50 ± 75.63, tokens seen: 4833484800, grad norm: 15.1627
[iter 78680]loss: 2.9657, tokens/sec: 20555.50 ± 75.62, tokens seen: 4834099200, grad norm: 7.2032
[iter 78690]loss: 3.0574, tokens/sec: 20555.50 ± 75.62, tokens seen: 4834713600, grad norm: 22.6438
[iter 78700]loss: 3.2157, tokens/sec: 20555.50 ± 75.61, tokens seen: 4835328000, grad norm: 3.4314
[iter 78710]loss: 2.8843, tokens/sec: 20555.50 ± 75.61, tokens seen: 4835942400, grad norm: 13.2679
[iter 78720]loss: 2.9992, tokens/sec: 20555.50 ± 75.60, tokens seen: 4836556800, grad norm: 6.1785
[iter 78730]loss: 2.7388, tokens/sec: 20555.50 ± 75.60, tokens seen: 4837171200, grad norm: 4.1764
[iter 78740]loss: 2.9503, tokens/sec: 20555.51 ± 75.60, tokens seen: 4837785600, grad norm: 5.3691
[iter 78750]loss: 2.9697, tokens/sec: 20555.51 ± 75.59, tokens seen: 4838400000, grad norm: 4.5718
[iter 78760]loss: 2.8190, tokens/sec: 20555.51 ± 75.59, tokens seen: 4839014400, grad norm: 3.8529
[iter 78770]loss: 2.9226, tokens/sec: 20555.51 ± 75.58, tokens seen: 4839628800, grad norm: 6.3528
[iter 78780]loss: 3.2125, tokens/sec: 20555.51 ± 75.58, tokens seen: 4840243200, grad norm: 6.0580
[iter 78790]loss: 2.9394, tokens/sec: 20555.51 ± 75.57, tokens seen: 4840857600, grad norm: 5.3581
[iter 78800]loss: 2.9697, tokens/sec: 20555.51 ± 75.57, tokens seen: 4841472000, grad norm: 4.8401
[iter 78810]loss: 3.0561, tokens/sec: 20555.51 ± 75.57, tokens seen: 4842086400, grad norm: 11.1486
[iter 78820]loss: 2.8681, tokens/sec: 20555.51 ± 75.56, tokens seen: 4842700800, grad norm: 8.2995
[iter 78830]loss: 2.9796, tokens/sec: 20555.51 ± 75.56, tokens seen: 4843315200, grad norm: 135.6964
[iter 78840]loss: 2.7968, tokens/sec: 20555.51 ± 75.55, tokens seen: 4843929600, grad norm: 6.0446
[iter 78850]loss: 3.2243, tokens/sec: 20555.51 ± 75.55, tokens seen: 4844544000, grad norm: 35.2644
[iter 78860]loss: 2.5728, tokens/sec: 20555.51 ± 75.54, tokens seen: 4845158400, grad norm: 5.2271
[iter 78870]loss: 2.8420, tokens/sec: 20555.52 ± 75.54, tokens seen: 4845772800, grad norm: 6.9811
[iter 78880]loss: 2.9133, tokens/sec: 20555.52 ± 75.53, tokens seen: 4846387200, grad norm: 12.3714
[iter 78890]loss: 2.7653, tokens/sec: 20555.52 ± 75.53, tokens seen: 4847001600, grad norm: 5.7141
[iter 78900]loss: 2.8474, tokens/sec: 20555.52 ± 75.53, tokens seen: 4847616000, grad norm: 6.7616
[iter 78910]loss: 3.0667, tokens/sec: 20555.52 ± 75.52, tokens seen: 4848230400, grad norm: 4.5835
[iter 78920]loss: 2.6866, tokens/sec: 20555.52 ± 75.52, tokens seen: 4848844800, grad norm: 6.2711
[iter 78930]loss: 2.8833, tokens/sec: 20555.52 ± 75.51, tokens seen: 4849459200, grad norm: 4.0545
[iter 78940]loss: 2.7963, tokens/sec: 20555.52 ± 75.51, tokens seen: 4850073600, grad norm: 7.2031
[iter 78950]loss: 2.7392, tokens/sec: 20555.52 ± 75.50, tokens seen: 4850688000, grad norm: 9.5887
[iter 78960]loss: 2.8959, tokens/sec: 20555.52 ± 75.50, tokens seen: 4851302400, grad norm: 5.0332
[iter 78970]loss: 2.8916, tokens/sec: 20555.52 ± 75.50, tokens seen: 4851916800, grad norm: 4.0917
[iter 78980]loss: 2.9222, tokens/sec: 20555.53 ± 75.49, tokens seen: 4852531200, grad norm: 7.8579
[iter 78990]loss: 2.9276, tokens/sec: 20555.53 ± 75.49, tokens seen: 4853145600, grad norm: 4.2269
[step 79000]train loss: 2.9084, val loss: 2.9220, (avg train loss: 0.5825 ± 0.0341), (avg grad norm: 10.4350 ± 12.7387)
saving checkpoint to ./out-owt-xl-mhc-bs6-80000step
[iter 79000]loss: 2.6864, tokens/sec: 20555.53 ± 75.48, tokens seen: 4853760000, grad norm: 5.7746
[iter 79010]loss: 2.6586, tokens/sec: 20555.53 ± 75.48, tokens seen: 4854374400, grad norm: 5.1891
[iter 79020]loss: 3.0686, tokens/sec: 20555.53 ± 75.48, tokens seen: 4854988800, grad norm: 4.3308
[iter 79030]loss: 3.0210, tokens/sec: 20555.52 ± 75.47, tokens seen: 4855603200, grad norm: 4.7446
[iter 79040]loss: 2.7914, tokens/sec: 20555.53 ± 75.47, tokens seen: 4856217600, grad norm: 15.1559
[iter 79050]loss: 2.4988, tokens/sec: 20555.53 ± 75.46, tokens seen: 4856832000, grad norm: 7.6516
[iter 79060]loss: 2.7662, tokens/sec: 20555.53 ± 75.46, tokens seen: 4857446400, grad norm: 21.5632
[iter 79070]loss: 2.8774, tokens/sec: 20555.53 ± 75.46, tokens seen: 4858060800, grad norm: 5.7567
[iter 79080]loss: 2.6410, tokens/sec: 20555.53 ± 75.45, tokens seen: 4858675200, grad norm: 14.6948
[iter 79090]loss: 3.1011, tokens/sec: 20555.53 ± 75.45, tokens seen: 4859289600, grad norm: 4.3995
[iter 79100]loss: 2.8930, tokens/sec: 20555.53 ± 75.44, tokens seen: 4859904000, grad norm: 3.6799
[iter 79110]loss: 2.6174, tokens/sec: 20555.53 ± 75.44, tokens seen: 4860518400, grad norm: 7.7350
[iter 79120]loss: 2.6985, tokens/sec: 20555.53 ± 75.43, tokens seen: 4861132800, grad norm: 8.9022
[iter 79130]loss: 3.0036, tokens/sec: 20555.53 ± 75.43, tokens seen: 4861747200, grad norm: 10.9540
[iter 79140]loss: 3.0925, tokens/sec: 20555.53 ± 75.42, tokens seen: 4862361600, grad norm: 22.1252
[iter 79150]loss: 2.7831, tokens/sec: 20555.53 ± 75.42, tokens seen: 4862976000, grad norm: 21.5696
[iter 79160]loss: 2.7768, tokens/sec: 20555.53 ± 75.42, tokens seen: 4863590400, grad norm: 5.3544
[iter 79170]loss: 2.9257, tokens/sec: 20555.53 ± 75.41, tokens seen: 4864204800, grad norm: 10.7320
[iter 79180]loss: 2.9209, tokens/sec: 20555.53 ± 75.41, tokens seen: 4864819200, grad norm: 19.8148
[iter 79190]loss: 2.7707, tokens/sec: 20555.53 ± 75.40, tokens seen: 4865433600, grad norm: 10.6194
[iter 79200]loss: 3.0990, tokens/sec: 20555.53 ± 75.40, tokens seen: 4866048000, grad norm: 39.5533
[iter 79210]loss: 2.7149, tokens/sec: 20555.53 ± 75.39, tokens seen: 4866662400, grad norm: 16.9854
[iter 79220]loss: 2.8817, tokens/sec: 20555.53 ± 75.39, tokens seen: 4867276800, grad norm: 41.6120
[iter 79230]loss: 2.7510, tokens/sec: 20555.54 ± 75.39, tokens seen: 4867891200, grad norm: 16.2698
[iter 79240]loss: 2.9655, tokens/sec: 20555.54 ± 75.38, tokens seen: 4868505600, grad norm: 16.2892
[iter 79250]loss: 2.9607, tokens/sec: 20555.53 ± 75.38, tokens seen: 4869120000, grad norm: 5.8930
[iter 79260]loss: 3.0938, tokens/sec: 20555.53 ± 75.38, tokens seen: 4869734400, grad norm: 8.6760
[iter 79270]loss: 2.9973, tokens/sec: 20555.53 ± 75.37, tokens seen: 4870348800, grad norm: 27.7573
[iter 79280]loss: 3.0452, tokens/sec: 20555.53 ± 75.37, tokens seen: 4870963200, grad norm: 9.9212
[iter 79290]loss: 2.8443, tokens/sec: 20555.54 ± 75.36, tokens seen: 4871577600, grad norm: 5.7135
[iter 79300]loss: 2.9553, tokens/sec: 20555.53 ± 75.36, tokens seen: 4872192000, grad norm: 27.9906
[iter 79310]loss: 2.6456, tokens/sec: 20555.54 ± 75.35, tokens seen: 4872806400, grad norm: 34.7898
[iter 79320]loss: 3.1379, tokens/sec: 20555.53 ± 75.35, tokens seen: 4873420800, grad norm: 4.5113
[iter 79330]loss: 2.7803, tokens/sec: 20555.53 ± 75.35, tokens seen: 4874035200, grad norm: 23.5642
[iter 79340]loss: 2.6149, tokens/sec: 20555.53 ± 75.34, tokens seen: 4874649600, grad norm: 49.5573
[iter 79350]loss: 2.8298, tokens/sec: 20555.53 ± 75.34, tokens seen: 4875264000, grad norm: 19.3987
[iter 79360]loss: 2.9118, tokens/sec: 20555.53 ± 75.33, tokens seen: 4875878400, grad norm: 35.8359
[iter 79370]loss: 2.8295, tokens/sec: 20555.53 ± 75.33, tokens seen: 4876492800, grad norm: 9.8824
[iter 79380]loss: 2.8152, tokens/sec: 20555.53 ± 75.33, tokens seen: 4877107200, grad norm: 6.0994
[iter 79390]loss: 2.7732, tokens/sec: 20555.53 ± 75.32, tokens seen: 4877721600, grad norm: 28.6462
[iter 79400]loss: 2.8805, tokens/sec: 20555.53 ± 75.32, tokens seen: 4878336000, grad norm: 9.8814
[iter 79410]loss: 2.4340, tokens/sec: 20555.54 ± 75.31, tokens seen: 4878950400, grad norm: 10.5087
[iter 79420]loss: 2.8950, tokens/sec: 20555.54 ± 75.31, tokens seen: 4879564800, grad norm: 10.4315
[iter 79430]loss: 3.0061, tokens/sec: 20555.54 ± 75.31, tokens seen: 4880179200, grad norm: 31.8259
[iter 79440]loss: 2.8213, tokens/sec: 20555.54 ± 75.30, tokens seen: 4880793600, grad norm: 35.2426
[iter 79450]loss: 2.9332, tokens/sec: 20555.54 ± 75.30, tokens seen: 4881408000, grad norm: 76.9825
[iter 79460]loss: 3.2119, tokens/sec: 20555.54 ± 75.29, tokens seen: 4882022400, grad norm: 15.9620
[iter 79470]loss: 2.8808, tokens/sec: 20555.54 ± 75.29, tokens seen: 4882636800, grad norm: 69.1066
[iter 79480]loss: 3.1724, tokens/sec: 20555.54 ± 75.28, tokens seen: 4883251200, grad norm: 208.6507
[iter 79490]loss: 2.8666, tokens/sec: 20555.54 ± 75.28, tokens seen: 4883865600, grad norm: 21.7404
[step 79500]train loss: 2.9342, val loss: 2.9308, (avg train loss: 0.5829 ± 0.0326), (avg grad norm: 56.5806 ± 381.1331)
[iter 79500]loss: 2.5806, tokens/sec: 20555.54 ± 75.28, tokens seen: 4884480000, grad norm: 28.9970
[iter 79510]loss: 2.9706, tokens/sec: 20555.55 ± 75.27, tokens seen: 4885094400, grad norm: 31.9651
[iter 79520]loss: 2.3168, tokens/sec: 20555.54 ± 75.27, tokens seen: 4885708800, grad norm: 6.2451
[iter 79530]loss: 3.2355, tokens/sec: 20555.54 ± 75.26, tokens seen: 4886323200, grad norm: 10.5205
[iter 79540]loss: 3.0206, tokens/sec: 20555.54 ± 75.26, tokens seen: 4886937600, grad norm: 6.2187
[iter 79550]loss: 3.0983, tokens/sec: 20555.54 ± 75.26, tokens seen: 4887552000, grad norm: 34.9770
[iter 79560]loss: 3.0596, tokens/sec: 20555.54 ± 75.25, tokens seen: 4888166400, grad norm: 15.7670
[iter 79570]loss: 3.0055, tokens/sec: 20555.54 ± 75.25, tokens seen: 4888780800, grad norm: 6.0888
[iter 79580]loss: 3.1310, tokens/sec: 20555.54 ± 75.24, tokens seen: 4889395200, grad norm: 5.2709
[iter 79590]loss: 2.8850, tokens/sec: 20555.54 ± 75.24, tokens seen: 4890009600, grad norm: 20.1560
[iter 79600]loss: 2.9326, tokens/sec: 20555.54 ± 75.23, tokens seen: 4890624000, grad norm: 46.7496
[iter 79610]loss: 3.1449, tokens/sec: 20555.54 ± 75.23, tokens seen: 4891238400, grad norm: 26.1028
[iter 79620]loss: 3.0636, tokens/sec: 20555.54 ± 75.23, tokens seen: 4891852800, grad norm: 21.6852
[iter 79630]loss: 3.0360, tokens/sec: 20555.55 ± 75.22, tokens seen: 4892467200, grad norm: 23.6309
[iter 79640]loss: 3.0548, tokens/sec: 20555.55 ± 75.22, tokens seen: 4893081600, grad norm: 23.1722
[iter 79650]loss: 2.8314, tokens/sec: 20555.55 ± 75.21, tokens seen: 4893696000, grad norm: 29.0995
[iter 79660]loss: 3.0647, tokens/sec: 20555.55 ± 75.21, tokens seen: 4894310400, grad norm: 8.4965
[iter 79670]loss: 3.2176, tokens/sec: 20555.55 ± 75.20, tokens seen: 4894924800, grad norm: 36.2064
[iter 79680]loss: 2.8297, tokens/sec: 20555.55 ± 75.20, tokens seen: 4895539200, grad norm: 25.8092
[iter 79690]loss: 2.9344, tokens/sec: 20555.55 ± 75.20, tokens seen: 4896153600, grad norm: 9.4518
[iter 79700]loss: 2.9763, tokens/sec: 20555.55 ± 75.19, tokens seen: 4896768000, grad norm: 9.5082
[iter 79710]loss: 3.0367, tokens/sec: 20555.56 ± 75.19, tokens seen: 4897382400, grad norm: 16.6083
[iter 79720]loss: 2.9145, tokens/sec: 20555.56 ± 75.18, tokens seen: 4897996800, grad norm: 38.4674
[iter 79730]loss: 2.9806, tokens/sec: 20555.56 ± 75.18, tokens seen: 4898611200, grad norm: 21.9725
[iter 79740]loss: 2.9964, tokens/sec: 20555.56 ± 75.18, tokens seen: 4899225600, grad norm: 77.2802
[iter 79750]loss: 2.8781, tokens/sec: 20555.56 ± 75.17, tokens seen: 4899840000, grad norm: 10.4760
[iter 79760]loss: 2.9184, tokens/sec: 20555.57 ± 75.17, tokens seen: 4900454400, grad norm: 30.6517
[iter 79770]loss: 3.0485, tokens/sec: 20555.57 ± 75.16, tokens seen: 4901068800, grad norm: 63.1292
[iter 79780]loss: 2.9017, tokens/sec: 20555.57 ± 75.16, tokens seen: 4901683200, grad norm: 4.8849
[iter 79790]loss: 3.1935, tokens/sec: 20555.57 ± 75.15, tokens seen: 4902297600, grad norm: 20.9654
[iter 79800]loss: 2.3434, tokens/sec: 20555.57 ± 75.15, tokens seen: 4902912000, grad norm: 10.9293
[iter 79810]loss: 2.8501, tokens/sec: 20555.57 ± 75.15, tokens seen: 4903526400, grad norm: 13.4311
[iter 79820]loss: 2.9990, tokens/sec: 20555.57 ± 75.14, tokens seen: 4904140800, grad norm: 18.0657
[iter 79830]loss: 2.7555, tokens/sec: 20555.58 ± 75.14, tokens seen: 4904755200, grad norm: 19.1880
[iter 79840]loss: 2.9215, tokens/sec: 20555.58 ± 75.13, tokens seen: 4905369600, grad norm: 28.3374
[iter 79850]loss: 3.0143, tokens/sec: 20555.57 ± 75.13, tokens seen: 4905984000, grad norm: 34.4684
[iter 79860]loss: 3.0533, tokens/sec: 20555.57 ± 75.12, tokens seen: 4906598400, grad norm: 17.7566
[iter 79870]loss: 2.8874, tokens/sec: 20555.58 ± 75.12, tokens seen: 4907212800, grad norm: 15.6112
[iter 79880]loss: 2.9391, tokens/sec: 20555.58 ± 75.12, tokens seen: 4907827200, grad norm: 18.2281
[iter 79890]loss: 2.8869, tokens/sec: 20555.58 ± 75.11, tokens seen: 4908441600, grad norm: 31.4668
[iter 79900]loss: 3.1290, tokens/sec: 20555.58 ± 75.11, tokens seen: 4909056000, grad norm: 4.6059
[iter 79910]loss: 2.9829, tokens/sec: 20555.58 ± 75.10, tokens seen: 4909670400, grad norm: 20.3759
[iter 79920]loss: 2.9323, tokens/sec: 20555.58 ± 75.10, tokens seen: 4910284800, grad norm: 4.7772
[iter 79930]loss: 2.8636, tokens/sec: 20555.58 ± 75.10, tokens seen: 4910899200, grad norm: 26.0292
[iter 79940]loss: 2.8868, tokens/sec: 20555.58 ± 75.09, tokens seen: 4911513600, grad norm: 25.7082
[iter 79950]loss: 2.6162, tokens/sec: 20555.58 ± 75.09, tokens seen: 4912128000, grad norm: 46.0548
[iter 79960]loss: 3.1316, tokens/sec: 20555.58 ± 75.08, tokens seen: 4912742400, grad norm: 22.6799
[iter 79970]loss: 3.0651, tokens/sec: 20555.59 ± 75.08, tokens seen: 4913356800, grad norm: 25.4526
[iter 79980]loss: 2.7194, tokens/sec: 20555.59 ± 75.07, tokens seen: 4913971200, grad norm: 66.8857
[iter 79990]loss: 3.0227, tokens/sec: 20555.59 ± 75.07, tokens seen: 4914585600, grad norm: 112.8459
[step 80000]train loss: 2.9155, val loss: 2.9577, (avg train loss: 0.5867 ± 0.0301), (avg grad norm: 27.4534 ± 27.6480)
[iter 80000]loss: 3.2485, tokens/sec: 20555.59 ± 75.06, tokens seen: 4915200000, grad norm: 37.2558
[1;34mwandb[0m: 
[1;34mwandb[0m: 🚀 View run [33mXL-mhc-owt-bs6ga10-80kstep-lr2e-4-9905[0m at: [34mhttps://wandb.ai/guotzzz-peking-university/mhc-lite/runs/gyjy711h[0m
[1;34mwandb[0m: Find logs at: [1;35mwandb/run-20260729_135612-gyjy711h/logs[0m
